date,open,high,low,close,volume
2003-01-27 00:00:00+05:30,7.6,7.6,5.25,5.35,38362440
2003-01-28 00:00:00+05:30,5.35,5.35,4.45,4.9,39029808
2003-01-29 00:00:00+05:30,5.1,5.3,4.6,4.95,20642364
2003-01-30 00:00:00+05:30,4.95,5.1,4.6,4.7,23708496
2003-01-31 00:00:00+05:30,4.7,4.8,4.2,4.7,16751952
2003-02-03 00:00:00+05:30,4.9,5.1,4.7,5.0,6609492
2003-02-04 00:00:00+05:30,5.1,5.2,4.85,5.05,11418804
2003-02-05 00:00:00+05:30,4.95,5.35,4.9,5.3,21656892
2003-02-06 00:00:00+05:30,5.3,5.5,5.1,5.35,12258144
2003-02-07 00:00:00+05:30,5.45,5.9,5.4,5.55,24255864
2003-02-10 00:00:00+05:30,5.75,5.75,5.55,5.65,16919064
2003-02-11 00:00:00+05:30,5.65,6.0,5.65,5.9,18839940
2003-02-12 00:00:00+05:30,5.9,6.15,5.85,6.0,19690728
2003-02-14 00:00:00+05:30,6.0,6.0,5.75,5.85,8813688
2003-02-17 00:00:00+05:30,6.1,6.45,5.9,6.3,23671320
2003-02-18 00:00:00+05:30,6.45,6.7,6.35,6.65,24046620
2003-02-19 00:00:00+05:30,6.7,6.9,6.55,6.55,23211432
2003-02-20 00:00:00+05:30,6.5,7.2,6.35,6.95,43632180
2003-02-21 00:00:00+05:30,7.0,7.2,6.8,7.0,17167644
2003-02-24 00:00:00+05:30,7.1,7.15,6.85,6.95,9614160
2003-02-25 00:00:00+05:30,6.95,7.0,6.65,6.8,8124552
2003-02-26 00:00:00+05:30,6.8,6.9,6.25,6.35,18783792
2003-02-27 00:00:00+05:30,6.3,7.1,6.25,6.9,17994564
2003-02-28 00:00:00+05:30,7.1,7.5,6.85,7.1,18427788
2003-03-03 00:00:00+05:30,7.3,7.3,7.0,7.2,11271216
2003-03-04 00:00:00+05:30,7.15,7.3,7.0,7.2,8102184
2003-03-05 00:00:00+05:30,7.0,7.2,6.65,6.9,14643900
2003-03-06 00:00:00+05:30,7.0,7.0,6.6,6.7,10911756
2003-03-07 00:00:00+05:30,6.55,6.55,6.25,6.45,10951800
2003-03-10 00:00:00+05:30,6.45,6.45,5.9,6.0,12377448
2003-03-11 00:00:00+05:30,5.8,6.4,5.8,6.3,7327128
2003-03-12 00:00:00+05:30,6.25,6.55,6.1,6.35,6798516
2003-03-13 00:00:00+05:30,6.25,6.25,5.9,6.0,11918976
2003-03-17 00:00:00+05:30,6.05,6.15,5.7,6.0,11224992
2003-03-19 00:00:00+05:30,6.2,6.6,6.1,6.55,12708816
2003-03-20 00:00:00+05:30,6.55,7.2,6.45,7.15,14597568
2003-03-21 00:00:00+05:30,7.1,7.2,6.95,7.2,6856332
2003-03-24 00:00:00+05:30,7.05,7.05,6.55,6.55,5563080
2003-03-25 00:00:00+05:30,6.1,7.1,6.1,7.1,14591496
2003-03-26 00:00:00+05:30,7.1,7.2,6.9,7.2,7495872
2003-03-27 00:00:00+05:30,7.1,7.4,7.05,7.2,11739324
2003-03-28 00:00:00+05:30,7.2,7.3,6.9,7.2,6376284
2003-03-31 00:00:00+05:30,7.0,7.1,6.8,6.95,6759852
2003-04-01 00:00:00+05:30,6.8,7.4,6.8,7.3,6239988
2003-04-02 00:00:00+05:30,7.5,7.55,7.2,7.3,5761344
2003-04-03 00:00:00+05:30,7.95,7.95,7.2,7.35,6545688
2003-04-04 00:00:00+05:30,7.4,7.85,7.3,7.75,10887384
2003-04-07 00:00:00+05:30,7.85,8.1,7.85,7.9,8084136
2003-04-08 00:00:00+05:30,7.85,8.15,7.6,8.05,9036936
2003-04-09 00:00:00+05:30,8.05,8.1,7.6,7.7,4167612
2003-04-10 00:00:00+05:30,7.6,7.85,7.4,7.8,6432672
2003-04-11 00:00:00+05:30,7.85,8.25,7.5,8.0,7022484
2003-04-15 00:00:00+05:30,7.4,7.6,7.0,7.5,4317384
2003-04-16 00:00:00+05:30,7.3,7.6,7.1,7.4,5334384
2003-04-17 00:00:00+05:30,7.1,7.8,7.1,7.7,6851124
2003-04-21 00:00:00+05:30,7.8,8.05,7.8,7.95,4523880
2003-04-22 00:00:00+05:30,7.95,8.05,7.8,7.85,1916856
2003-04-23 00:00:00+05:30,7.85,7.95,7.7,7.8,2080224
2003-04-24 00:00:00+05:30,7.85,7.85,7.6,7.8,7329648
2003-04-25 00:00:00+05:30,7.45,7.45,7.0,7.4,7127076
2003-04-28 00:00:00+05:30,7.4,7.7,7.2,7.6,4507620
2003-04-29 00:00:00+05:30,7.85,7.85,7.3,7.5,3525072
2003-04-30 00:00:00+05:30,7.3,7.8,7.3,7.7,4828272
2003-05-02 00:00:00+05:30,7.8,7.85,7.55,7.8,5021340
2003-05-05 00:00:00+05:30,8.05,8.1,7.85,7.95,5784180
2003-05-06 00:00:00+05:30,8.15,8.95,8.05,8.75,15048156
2003-05-07 00:00:00+05:30,8.75,9.35,8.75,9.15,18483120
2003-05-08 00:00:00+05:30,8.85,8.95,8.35,8.75,11482776
2003-05-09 00:00:00+05:30,8.45,8.85,8.35,8.45,7458300
2003-05-12 00:00:00+05:30,8.6,9.05,8.55,8.95,9985236
2003-05-13 00:00:00+05:30,8.95,9.05,8.6,8.75,4722072
2003-05-14 00:00:00+05:30,8.75,8.85,7.9,8.0,13632912
2003-05-15 00:00:00+05:30,8.15,8.45,8.05,8.35,8229612
2003-05-16 00:00:00+05:30,8.35,8.65,8.35,8.45,4850544
2003-05-19 00:00:00+05:30,8.15,8.25,7.2,8.0,4905432
2003-05-20 00:00:00+05:30,7.85,8.2,7.6,8.15,15438276
2003-05-21 00:00:00+05:30,8.15,8.6,8.1,8.35,6271404
2003-05-22 00:00:00+05:30,8.55,8.8,8.35,8.55,10204548
2003-05-23 00:00:00+05:30,8.85,9.35,8.75,9.2,13398468
2003-05-26 00:00:00+05:30,9.45,9.8,9.35,9.5,12285792
2003-05-27 00:00:00+05:30,9.6,9.6,8.95,9.05,4719744
2003-05-28 00:00:00+05:30,9.2,9.35,8.65,9.0,9916080
2003-05-29 00:00:00+05:30,9.15,9.6,8.95,9.45,14972832
2003-05-30 00:00:00+05:30,9.85,10.8,9.8,10.4,37118544
2003-06-02 00:00:00+05:30,10.7,11.0,10.2,10.3,9851856
2003-06-03 00:00:00+05:30,10.25,10.45,9.8,10.25,8890320
2003-06-04 00:00:00+05:30,10.45,10.7,10.15,10.25,14081136
2003-06-05 00:00:00+05:30,10.3,10.6,9.95,10.05,10920576
2003-06-06 00:00:00+05:30,10.25,10.4,10.0,10.2,8421456
2003-06-09 00:00:00+05:30,10.45,10.7,10.2,10.4,8760132
2003-06-10 00:00:00+05:30,10.25,10.55,9.9,10.15,11479548
2003-06-11 00:00:00+05:30,10.5,10.5,9.55,9.75,15187548
2003-06-12 00:00:00+05:30,9.85,10.0,9.6,9.65,12308052
2003-06-13 00:00:00+05:30,9.85,10.1,9.6,9.65,24977628
2003-06-16 00:00:00+05:30,9.85,9.9,9.65,9.65,16359312
2003-06-17 00:00:00+05:30,9.8,10.25,9.65,10.15,27769776
2003-06-18 00:00:00+05:30,10.45,10.7,10.05,10.4,24242952
2003-06-19 00:00:00+05:30,10.5,10.9,10.4,10.7,22553916
2003-06-20 00:00:00+05:30,10.7,11.3,10.5,11.2,32472936
2003-06-23 00:00:00+05:30,11.35,11.7,11.1,11.2,26521740
2003-06-24 00:00:00+05:30,11.15,11.35,11.0,11.3,11857524
2003-06-25 00:00:00+05:30,11.35,12.0,11.35,11.9,26242752
2003-06-26 00:00:00+05:30,12.1,12.5,11.4,12.3,45425916
2003-06-27 00:00:00+05:30,12.25,12.5,11.7,12.1,22760232
2003-06-30 00:00:00+05:30,12.25,12.25,11.5,11.6,15766776
2003-07-01 00:00:00+05:30,11.75,11.8,11.35,11.4,14536032
2003-07-02 00:00:00+05:30,11.5,11.8,11.4,11.5,12419028
2003-07-03 00:00:00+05:30,11.7,12.0,11.25,11.5,19490856
2003-07-04 00:00:00+05:30,11.7,12.3,11.6,12.15,26963856
2003-07-07 00:00:00+05:30,13.3,13.3,12.4,12.5,38409852
2003-07-08 00:00:00+05:30,12.65,12.7,12.3,12.4,14381052
2003-07-09 00:00:00+05:30,12.4,12.65,12.1,12.3,15795444
2003-07-10 00:00:00+05:30,12.35,12.6,12.1,12.4,11209248
2003-07-11 00:00:00+05:30,12.2,12.75,12.1,12.55,25607664
2003-07-14 00:00:00+05:30,12.65,12.75,12.5,12.6,14007636
2003-07-15 00:00:00+05:30,12.65,12.75,12.1,12.5,20161056
2003-07-16 00:00:00+05:30,11.4,11.5,11.1,11.25,24175440
2003-07-17 00:00:00+05:30,11.15,11.5,10.3,10.5,23885052
2003-07-18 00:00:00+05:30,10.15,10.45,9.5,9.75,21040344
2003-07-21 00:00:00+05:30,9.85,9.85,9.05,9.15,18384672
2003-07-22 00:00:00+05:30,8.25,9.6,8.25,9.45,17011140
2003-07-23 00:00:00+05:30,9.55,9.8,9.45,9.65,11717076
2003-07-24 00:00:00+05:30,9.8,10.25,9.75,10.15,23115756
2003-07-25 00:00:00+05:30,10.25,10.55,10.15,10.5,13499184
2003-07-28 00:00:00+05:30,10.2,10.35,9.8,10.25,11379624
2003-07-29 00:00:00+05:30,10.25,10.25,9.75,10.0,10725984
2003-07-30 00:00:00+05:30,10.2,10.45,9.75,10.35,9756120
2003-07-31 00:00:00+05:30,10.45,10.85,9.85,10.15,17008920
2003-08-01 00:00:00+05:30,10.5,11.5,10.3,10.85,14639616
2003-08-04 00:00:00+05:30,10.8,11.1,10.7,11.05,8385456
2003-08-05 00:00:00+05:30,11.25,11.3,10.5,10.6,6561384
2003-08-06 00:00:00+05:30,10.6,10.8,9.95,10.05,16576200
2003-08-07 00:00:00+05:30,10.15,11.15,10.15,11.1,19368132
2003-08-08 00:00:00+05:30,11.35,11.7,11.25,11.55,18446292
2003-08-11 00:00:00+05:30,11.6,11.95,11.35,11.7,13776204
2003-08-12 00:00:00+05:30,11.7,11.8,11.25,11.35,10364808
2003-08-13 00:00:00+05:30,11.5,11.9,11.5,11.8,16364052
2003-08-14 00:00:00+05:30,11.9,12.2,11.7,11.9,16016748
2003-08-18 00:00:00+05:30,12.1,12.2,11.65,11.8,7671276
2003-08-19 00:00:00+05:30,12.0,12.6,11.9,12.05,16087824
2003-08-20 00:00:00+05:30,12.3,12.65,12.2,12.35,9717228
2003-08-21 00:00:00+05:30,12.5,13.0,12.5,12.85,17318784
2003-08-22 00:00:00+05:30,13.1,13.95,13.0,13.75,37338132
2003-08-25 00:00:00+05:30,14.05,14.3,12.1,12.85,33314532
2003-08-26 00:00:00+05:30,12.65,13.55,12.4,13.55,21794076
2003-08-27 00:00:00+05:30,13.75,14.15,13.65,13.9,14480220
2003-08-28 00:00:00+05:30,14.15,14.95,13.65,14.8,23373384
2003-08-29 00:00:00+05:30,15.0,16.3,14.95,15.3,27916224
2003-09-01 00:00:00+05:30,16.45,16.45,14.85,14.95,21848808
2003-09-02 00:00:00+05:30,15.15,15.75,14.95,15.5,13778244
2003-09-03 00:00:00+05:30,15.75,16.2,15.0,15.15,17333172
2003-09-04 00:00:00+05:30,15.45,15.6,11.4,15.3,9873060
2003-09-05 00:00:00+05:30,15.5,16.2,11.35,15.3,29238744
2003-09-08 00:00:00+05:30,15.3,15.65,15.1,15.3,8749524
2003-09-09 00:00:00+05:30,15.4,15.5,15.1,15.15,9436092
2003-09-10 00:00:00+05:30,15.1,16.25,15.1,16.1,22081404
2003-09-11 00:00:00+05:30,16.15,17.9,16.15,17.25,47429376
2003-09-12 00:00:00+05:30,17.5,18.0,16.25,16.35,25194720
2003-09-15 00:00:00+05:30,16.6,16.6,14.85,15.15,18697992
2003-09-16 00:00:00+05:30,14.8,15.1,11.65,14.6,77845920
2003-09-17 00:00:00+05:30,13.65,15.4,13.45,14.15,49856904
2003-09-18 00:00:00+05:30,13.8,14.7,13.6,14.1,27352248
2003-09-19 00:00:00+05:30,14.15,14.55,13.6,14.2,20513172
2003-09-22 00:00:00+05:30,15.65,15.65,13.9,14.05,9658812
2003-09-23 00:00:00+05:30,13.95,14.7,13.75,14.5,7172340
2003-09-24 00:00:00+05:30,14.6,15.6,14.4,15.45,17903460
2003-09-25 00:00:00+05:30,17.7,17.7,15.55,16.35,32382156
2003-09-26 00:00:00+05:30,16.7,16.7,16.05,16.45,11120964
2003-09-29 00:00:00+05:30,16.35,18.45,16.3,18.15,22568112
2003-09-30 00:00:00+05:30,18.3,18.55,17.7,17.9,22456740
2003-10-01 00:00:00+05:30,17.9,18.15,17.25,17.45,7577796
2003-10-03 00:00:00+05:30,17.8,18.0,17.35,17.7,10261428
2003-10-06 00:00:00+05:30,17.15,19.2,16.25,19.0,30280764
2003-10-07 00:00:00+05:30,19.0,19.05,17.7,17.85,15960624
2003-10-08 00:00:00+05:30,17.9,18.35,17.0,17.5,10399920
2003-10-09 00:00:00+05:30,18.1,18.1,17.2,17.45,10011804
2003-10-10 00:00:00+05:30,17.0,17.1,16.45,16.7,8364756
2003-10-13 00:00:00+05:30,16.8,17.85,16.7,17.45,10719540
2003-10-14 00:00:00+05:30,17.5,17.65,16.05,16.25,13861800
2003-10-15 00:00:00+05:30,16.35,16.35,15.6,15.75,14543376
2003-10-16 00:00:00+05:30,16.15,16.15,14.65,15.05,20524128
2003-10-17 00:00:00+05:30,15.2,16.05,15.1,15.95,25496184
2003-10-20 00:00:00+05:30,15.95,15.95,13.9,14.3,30456912
2003-10-21 00:00:00+05:30,14.4,15.15,14.4,14.8,22432020
2003-10-22 00:00:00+05:30,15.15,15.15,14.25,14.4,10653900
2003-10-23 00:00:00+05:30,14.4,14.85,14.2,14.3,9239868
2003-10-24 00:00:00+05:30,14.4,14.85,14.1,14.7,9126612
2003-10-27 00:00:00+05:30,15.3,15.75,14.8,14.95,8828472
2003-10-28 00:00:00+05:30,15.1,15.1,13.85,14.15,13012140
2003-10-29 00:00:00+05:30,14.4,14.8,14.05,14.35,7431456
2003-10-30 00:00:00+05:30,14.3,15.3,14.3,15.15,17959080
2003-10-31 00:00:00+05:30,14.7,16.3,14.4,16.1,21224868
2003-11-03 00:00:00+05:30,16.6,17.25,16.25,16.45,9663804
2003-11-04 00:00:00+05:30,16.6,17.35,16.25,16.7,18283608
2003-11-05 00:00:00+05:30,16.9,17.5,16.65,16.95,11814864
2003-11-06 00:00:00+05:30,17.15,17.5,16.45,16.6,6987300
2003-11-07 00:00:00+05:30,16.7,17.9,16.35,17.35,21924948
2003-11-10 00:00:00+05:30,17.15,17.5,16.95,17.05,6894048
2003-11-11 00:00:00+05:30,17.45,18.45,17.35,17.8,14732064
2003-11-12 00:00:00+05:30,18.1,18.4,17.1,17.25,20537172
2003-11-13 00:00:00+05:30,17.6,17.6,16.65,17.0,14379720
2003-11-14 00:00:00+05:30,17.2,17.2,16.65,16.85,8333412
2003-11-17 00:00:00+05:30,17.15,17.6,16.65,17.25,8280816
2003-11-18 00:00:00+05:30,17.6,17.7,16.9,17.1,5835228
2003-11-19 00:00:00+05:30,16.9,17.05,16.35,16.45,4171308
2003-11-20 00:00:00+05:30,16.7,16.85,16.05,16.25,5557524
2003-11-21 00:00:00+05:30,16.25,16.35,15.65,16.15,7317516
2003-11-24 00:00:00+05:30,15.95,16.35,15.95,16.05,4461468
2003-11-25 00:00:00+05:30,16.2,17.05,15.95,16.8,9210384
2003-11-27 00:00:00+05:30,17.25,17.35,16.75,17.1,13148976
2003-11-28 00:00:00+05:30,17.35,17.35,16.8,17.15,6338364
2003-12-01 00:00:00+05:30,17.45,18.2,17.45,18.05,8549700
2003-12-02 00:00:00+05:30,18.35,18.4,17.35,17.7,6699696
2003-12-03 00:00:00+05:30,17.7,18.55,17.5,18.45,8325468
2003-12-04 00:00:00+05:30,18.6,19.0,18.1,18.6,11536200
2003-12-05 00:00:00+05:30,18.65,19.1,18.35,18.55,7113948
2003-12-08 00:00:00+05:30,18.65,19.3,18.35,19.05,10694640
2003-12-09 00:00:00+05:30,19.6,19.8,18.7,19.0,10698684
2003-12-10 00:00:00+05:30,19.1,19.3,18.55,18.7,8651772
2003-12-11 00:00:00+05:30,18.7,19.95,18.7,19.75,13939680
2003-12-12 00:00:00+05:30,20.05,20.15,19.2,19.9,9589644
2003-12-15 00:00:00+05:30,20.1,20.15,19.3,19.4,7505712
2003-12-16 00:00:00+05:30,20.2,20.2,19.2,19.7,10375560
2003-12-17 00:00:00+05:30,19.7,20.65,19.65,20.55,21796332
2003-12-18 00:00:00+05:30,20.95,25.35,20.75,24.8,89883012
2003-12-19 00:00:00+05:30,24.7,24.8,20.3,22.7,31875552
2003-12-22 00:00:00+05:30,22.8,23.15,21.8,22.05,34190112
2003-12-23 00:00:00+05:30,23.15,23.15,20.45,22.2,8901288
2003-12-24 00:00:00+05:30,22.25,23.05,21.95,22.7,10308036
2003-12-26 00:00:00+05:30,22.75,23.9,22.75,23.5,10164792
2003-12-29 00:00:00+05:30,23.55,25.3,23.35,24.85,15203292
2003-12-30 00:00:00+05:30,23.0,25.3,23.0,24.2,11153148
2003-12-31 00:00:00+05:30,24.4,24.7,23.95,24.1,8950944
2004-01-01 00:00:00+05:30,24.4,25.2,24.1,24.8,13436016
2004-01-02 00:00:00+05:30,25.2,26.55,25.0,26.3,18121188
2004-01-05 00:00:00+05:30,26.65,29.1,26.0,27.95,30717564
2004-01-06 00:00:00+05:30,25.95,29.85,25.95,28.85,48109308
2004-01-07 00:00:00+05:30,28.3,29.7,27.75,29.0,29557032
2004-01-08 00:00:00+05:30,29.8,30.35,29.05,29.5,14071776
2004-01-09 00:00:00+05:30,29.7,30.1,28.45,29.25,14702964
2004-01-12 00:00:00+05:30,29.4,30.2,27.1,28.55,15687036
2004-01-13 00:00:00+05:30,28.55,28.75,25.85,26.7,21243576
2004-01-14 00:00:00+05:30,27.5,28.85,26.6,28.45,32194104
2004-01-15 00:00:00+05:30,28.65,29.05,26.0,26.7,14568888
2004-01-16 00:00:00+05:30,26.9,27.05,23.95,25.25,18077136
2004-01-19 00:00:00+05:30,24.5,26.5,24.5,26.25,10729236
2004-01-20 00:00:00+05:30,26.2,26.9,25.3,26.0,8781948
2004-01-21 00:00:00+05:30,24.8,26.0,23.15,24.6,10507644
2004-01-22 00:00:00+05:30,25.0,25.0,22.45,23.55,8859408
2004-01-23 00:00:00+05:30,23.7,25.45,23.6,24.7,9558000
2004-01-27 00:00:00+05:30,29.05,29.05,24.6,26.6,10969464
2004-01-28 00:00:00+05:30,26.85,27.2,24.9,25.55,7236156
2004-01-29 00:00:00+05:30,25.9,26.1,24.15,24.65,13215912
2004-01-30 00:00:00+05:30,25.0,25.75,24.8,25.2,12886956
2004-02-03 00:00:00+05:30,25.4,25.4,22.5,22.9,8430096
2004-02-04 00:00:00+05:30,24.1,24.1,21.5,23.05,8733684
2004-02-05 00:00:00+05:30,23.15,24.8,22.75,23.1,12637404
2004-02-06 00:00:00+05:30,23.35,25.8,22.7,25.35,37122504
2004-02-09 00:00:00+05:30,26.3,26.3,25.05,25.95,11687868
2004-02-10 00:00:00+05:30,26.1,27.95,26.0,26.95,25319712
2004-02-11 00:00:00+05:30,27.1,27.5,26.4,26.75,7070268
2004-02-12 00:00:00+05:30,26.7,27.65,26.7,27.2,13257420
2004-02-13 00:00:00+05:30,27.4,27.45,26.1,26.7,21684192
2004-02-16 00:00:00+05:30,27.5,27.5,25.75,25.85,12564684
2004-02-17 00:00:00+05:30,25.95,26.75,25.85,26.6,14879748
2004-02-18 00:00:00+05:30,27.1,27.4,26.5,26.9,10018464
2004-02-19 00:00:00+05:30,26.95,27.1,25.3,25.95,11289732
2004-02-20 00:00:00+05:30,25.85,26.0,24.1,25.35,7539840
2004-02-23 00:00:00+05:30,25.55,25.55,23.6,23.8,5666256
2004-02-24 00:00:00+05:30,23.3,24.6,22.75,24.3,7817256
2004-02-25 00:00:00+05:30,24.35,24.4,23.25,23.45,6255192
2004-02-26 00:00:00+05:30,23.7,24.1,23.0,23.45,7453032
2004-02-27 00:00:00+05:30,23.95,25.2,23.95,24.8,12452628
2004-03-01 00:00:00+05:30,25.2,27.35,25.15,27.2,11366712
2004-03-03 00:00:00+05:30,27.1,27.45,26.35,27.05,7913292
2004-03-04 00:00:00+05:30,27.2,27.35,25.9,26.4,6258900
2004-03-05 00:00:00+05:30,26.7,28.05,26.5,27.9,14292144
2004-03-08 00:00:00+05:30,28.3,29.2,27.65,28.05,35625888
2004-03-09 00:00:00+05:30,28.25,28.25,26.55,27.1,14730780
2004-03-10 00:00:00+05:30,27.1,27.85,26.25,26.9,21148068
2004-03-11 00:00:00+05:30,26.6,26.75,25.0,25.3,15836436
2004-03-12 00:00:00+05:30,25.05,26.0,24.5,25.75,18582228
2004-03-15 00:00:00+05:30,26.25,26.6,24.6,24.9,14136528
2004-03-16 00:00:00+05:30,24.8,25.85,24.5,25.2,8950896
2004-03-17 00:00:00+05:30,25.35,25.45,24.55,25.1,9525588
2004-03-18 00:00:00+05:30,25.1,25.1,23.55,23.8,10365276
2004-03-19 00:00:00+05:30,24.0,24.2,23.35,23.6,10482732
2004-03-22 00:00:00+05:30,23.7,23.85,23.0,23.05,5455140
2004-03-23 00:00:00+05:30,22.65,24.4,22.65,23.85,7291584
2004-03-24 00:00:00+05:30,23.95,23.95,22.8,23.1,7997232
2004-03-25 00:00:00+05:30,23.35,23.6,22.8,23.15,14108148
2004-03-26 00:00:00+05:30,23.5,26.0,23.45,25.65,15551328
2004-03-29 00:00:00+05:30,25.75,26.3,25.35,25.85,3790560
2004-03-30 00:00:00+05:30,26.0,27.2,25.95,26.2,9819828
2004-03-31 00:00:00+05:30,26.0,26.65,25.75,26.3,10759272
2004-04-01 00:00:00+05:30,26.5,27.5,26.45,27.15,8894748
2004-04-02 00:00:00+05:30,27.5,27.85,26.7,27.4,16627980
2004-04-05 00:00:00+05:30,27.5,28.15,27.1,27.2,13249092
2004-04-06 00:00:00+05:30,27.45,27.55,26.35,26.7,6949584
2004-04-07 00:00:00+05:30,27.1,27.65,26.6,27.35,8750868
2004-04-08 00:00:00+05:30,27.5,27.85,27.2,27.6,10363596
2004-04-12 00:00:00+05:30,28.15,28.15,26.75,27.05,6007500
2004-04-13 00:00:00+05:30,27.1,27.95,26.1,27.85,8413164
2004-04-15 00:00:00+05:30,27.9,27.9,27.15,27.4,8444628
2004-04-16 00:00:00+05:30,27.5,27.55,26.75,27.05,6428928
2004-04-19 00:00:00+05:30,27.7,27.7,26.85,27.3,10808508
2004-04-20 00:00:00+05:30,27.3,27.7,26.95,27.55,8282592
2004-04-21 00:00:00+05:30,27.5,28.55,27.5,28.15,16716060
2004-04-22 00:00:00+05:30,28.65,28.65,27.75,28.0,15723408
2004-04-23 00:00:00+05:30,28.45,28.85,27.75,28.45,21680052
2004-04-27 00:00:00+05:30,27.75,27.75,25.15,25.75,20431620
2004-04-28 00:00:00+05:30,25.55,26.3,24.65,25.1,12287316
2004-04-29 00:00:00+05:30,25.45,26.0,24.75,25.7,20286732
2004-04-30 00:00:00+05:30,25.75,25.95,24.7,25.65,7830516
2004-05-03 00:00:00+05:30,25.5,25.9,24.2,24.55,7130148
2004-05-04 00:00:00+05:30,25.0,25.45,24.9,25.3,4542312
2004-05-05 00:00:00+05:30,25.55,25.55,24.7,25.1,7613184
2004-05-06 00:00:00+05:30,25.55,26.2,24.8,25.0,12467268
2004-05-07 00:00:00+05:30,24.9,25.8,24.5,25.55,11781696
2004-05-10 00:00:00+05:30,24.9,25.45,23.45,24.2,12728976
2004-05-11 00:00:00+05:30,23.95,27.85,20.85,21.8,15050760
2004-05-12 00:00:00+05:30,21.45,21.75,19.6,21.25,20681700
2004-05-13 00:00:00+05:30,15.45,21.8,15.45,21.05,37465140
2004-05-14 00:00:00+05:30,20.7,20.7,15.15,17.1,20354796
2004-05-17 00:00:00+05:30,16.25,17.25,7.6,16.05,26783148
2004-05-18 00:00:00+05:30,14.3,15.95,13.15,14.3,18904452
2004-05-19 00:00:00+05:30,14.5,16.15,14.5,15.6,18181188
2004-05-20 00:00:00+05:30,15.85,18.25,15.3,15.65,17696436
2004-05-21 00:00:00+05:30,15.5,16.2,14.3,16.0,10697760
2004-06-23 00:00:00+05:30,16.25,16.55,15.4,15.6,6343620
2004-06-24 00:00:00+05:30,15.65,15.85,15.05,15.5,12431796
2004-06-25 00:00:00+05:30,15.65,16.2,15.1,15.85,11734908
2004-06-28 00:00:00+05:30,15.85,16.55,15.85,16.15,5332908
2004-06-29 00:00:00+05:30,16.25,17.4,16.25,17.15,11950632
2004-06-30 00:00:00+05:30,17.1,17.7,16.8,17.0,6245556
2004-07-01 00:00:00+05:30,17.0,17.6,16.6,17.45,6163800
2004-07-02 00:00:00+05:30,17.0,17.45,16.25,16.9,5094168
2004-07-05 00:00:00+05:30,16.8,17.05,16.15,16.3,3042480
2004-07-06 00:00:00+05:30,15.95,17.0,15.8,16.7,6920340
2004-07-07 00:00:00+05:30,16.55,17.25,16.25,17.0,8528904
2004-07-08 00:00:00+05:30,17.05,17.7,14.75,15.15,10628760
2004-07-09 00:00:00+05:30,15.1,15.1,14.15,14.7,11414868
2004-07-12 00:00:00+05:30,14.3,14.95,14.3,14.7,8689452
2004-07-13 00:00:00+05:30,15.0,15.0,13.15,13.55,19794636
2004-07-14 00:00:00+05:30,13.75,13.95,13.15,13.4,8904540
2004-07-15 00:00:00+05:30,13.45,14.05,13.25,13.95,7073664
2004-07-16 00:00:00+05:30,14.15,14.3,13.75,14.15,6032844
2004-07-19 00:00:00+05:30,14.5,14.55,14.15,14.25,4076508
2004-07-20 00:00:00+05:30,14.05,14.7,13.65,14.5,8662572
2004-07-21 00:00:00+05:30,14.7,16.2,14.7,15.6,15192036
2004-07-22 00:00:00+05:30,15.8,15.95,15.15,15.5,10115580
2004-07-23 00:00:00+05:30,15.15,15.65,14.8,15.1,4490160
2004-07-26 00:00:00+05:30,15.15,16.8,15.0,16.35,12971904
2004-07-27 00:00:00+05:30,18.45,18.45,15.95,16.5,10041108
2004-07-28 00:00:00+05:30,11.0,15.8,11.0,15.6,6593844
2004-07-29 00:00:00+05:30,15.15,17.1,14.95,16.8,15611436
2004-07-30 00:00:00+05:30,16.9,16.9,15.95,16.35,8596800
2004-08-02 00:00:00+05:30,15.5,16.55,14.65,16.45,9421392
2004-08-03 00:00:00+05:30,16.45,17.05,16.25,16.7,13055112
2004-08-04 00:00:00+05:30,16.7,16.8,16.35,16.55,4459308
2004-08-05 00:00:00+05:30,16.6,16.9,16.05,16.35,5179224
2004-08-06 00:00:00+05:30,16.45,16.45,15.85,16.25,3729120
2004-08-09 00:00:00+05:30,15.1,16.3,15.1,16.25,3547896
2004-08-10 00:00:00+05:30,16.25,16.5,15.85,16.35,5916768
2004-08-11 00:00:00+05:30,16.45,16.6,15.15,15.4,6445116
2004-08-12 00:00:00+05:30,15.8,15.8,14.7,14.95,8276580
2004-08-13 00:00:00+05:30,14.95,15.1,14.4,14.5,6417336
2004-08-16 00:00:00+05:30,14.95,15.1,14.4,14.5,6417336
2004-08-17 00:00:00+05:30,14.95,14.95,14.2,14.2,9596028
2004-08-18 00:00:00+05:30,14.6,14.95,14.1,14.8,7798572
2004-08-19 00:00:00+05:30,15.0,16.15,14.8,16.05,14156448
2004-08-20 00:00:00+05:30,15.65,16.45,15.1,15.85,6265368
2004-08-23 00:00:00+05:30,15.85,16.05,15.55,15.75,4329084
2004-08-24 00:00:00+05:30,15.8,16.25,15.75,16.05,3505656
2004-08-25 00:00:00+05:30,15.1,16.6,15.1,15.95,1879536
2004-08-26 00:00:00+05:30,16.05,17.15,16.05,17.0,10901544
2004-08-27 00:00:00+05:30,17.1,17.5,17.0,17.1,5032596
2004-08-30 00:00:00+05:30,17.1,17.35,16.55,16.6,4497432
2004-08-31 00:00:00+05:30,16.9,17.1,16.55,16.7,5601348
2004-09-01 00:00:00+05:30,16.9,17.1,16.8,17.0,3936192
2004-09-02 00:00:00+05:30,16.95,17.15,16.35,16.45,5166480
2004-09-03 00:00:00+05:30,16.05,16.35,15.55,15.65,4891656
2004-09-06 00:00:00+05:30,15.75,15.95,15.6,15.65,3124128
2004-09-07 00:00:00+05:30,15.75,15.95,15.5,15.8,4657596
2004-09-08 00:00:00+05:30,15.95,16.5,15.95,16.15,6158664
2004-09-09 00:00:00+05:30,16.15,16.55,15.65,15.85,4448268
2004-09-10 00:00:00+05:30,15.85,16.0,15.15,15.85,2850216
2004-09-13 00:00:00+05:30,15.65,16.65,15.65,16.55,4015272
2004-09-14 00:00:00+05:30,16.6,17.5,16.6,17.45,13218564
2004-09-15 00:00:00+05:30,17.5,17.7,16.8,17.1,5313084
2004-09-16 00:00:00+05:30,17.0,18.4,16.9,18.2,9154908
2004-09-17 00:00:00+05:30,18.2,18.4,17.9,18.2,8033160
2004-09-20 00:00:00+05:30,18.2,18.35,17.55,17.9,4808556
2004-09-21 00:00:00+05:30,17.85,18.1,17.6,18.0,7220076
2004-09-22 00:00:00+05:30,17.9,18.25,17.5,17.7,5342688
2004-09-23 00:00:00+05:30,16.65,17.5,16.45,16.6,10637676
2004-09-24 00:00:00+05:30,16.6,16.8,15.7,16.6,12913632
2004-09-27 00:00:00+05:30,16.6,17.0,16.05,16.75,8290272
2004-09-28 00:00:00+05:30,16.7,16.7,16.35,16.55,5096064
2004-09-29 00:00:00+05:30,17.05,17.15,16.45,16.8,4732284
2004-09-30 00:00:00+05:30,16.7,17.05,16.45,16.7,6227724
2004-10-01 00:00:00+05:30,16.9,18.2,16.3,17.45,10446156
2004-10-04 00:00:00+05:30,17.6,17.85,16.9,17.0,9830628
2004-10-05 00:00:00+05:30,17.35,17.6,16.9,17.5,7680828
2004-10-06 00:00:00+05:30,17.5,18.15,16.8,17.0,11846040
2004-10-07 00:00:00+05:30,16.9,17.0,16.45,16.6,7814532
2004-10-08 00:00:00+05:30,16.25,16.8,16.1,16.25,9829764
2004-10-11 00:00:00+05:30,16.55,16.8,16.25,16.45,3502752
2004-10-12 00:00:00+05:30,16.6,17.15,16.15,16.25,5558184
2004-10-14 00:00:00+05:30,16.6,16.9,15.95,16.8,4882584
2004-10-15 00:00:00+05:30,16.6,17.1,16.6,17.0,5550348
2004-10-18 00:00:00+05:30,16.6,16.7,16.15,16.55,4597584
2004-10-19 00:00:00+05:30,16.8,17.45,16.65,17.25,5265276
2004-10-20 00:00:00+05:30,17.45,17.6,16.6,16.7,3261972
2004-10-21 00:00:00+05:30,16.45,16.7,16.45,16.55,3435132
2004-10-25 00:00:00+05:30,16.45,16.55,15.5,15.7,4448568
2004-10-26 00:00:00+05:30,15.8,15.85,15.5,15.75,4665504
2004-10-27 00:00:00+05:30,15.8,16.9,15.6,16.15,6394524
2004-10-28 00:00:00+05:30,15.95,16.9,15.95,16.6,8285772
2004-10-29 00:00:00+05:30,16.9,16.9,15.95,16.35,4192788
2004-11-01 00:00:00+05:30,16.2,16.5,15.45,16.35,4500288
2004-11-02 00:00:00+05:30,16.55,16.9,16.55,16.75,4950768
2004-11-03 00:00:00+05:30,16.9,17.1,16.65,16.8,4458516
2004-11-04 00:00:00+05:30,17.15,17.35,16.6,17.0,9704112
2004-11-05 00:00:00+05:30,17.7,20.25,17.7,20.1,36183468
2004-11-08 00:00:00+05:30,20.1,20.15,19.4,19.7,9987372
2004-11-09 00:00:00+05:30,19.6,20.1,19.2,19.9,14721432
2004-11-10 00:00:00+05:30,19.95,21.8,19.95,21.0,26696760
2004-11-11 00:00:00+05:30,21.05,21.55,20.5,20.95,15279924
2004-11-12 00:00:00+05:30,21.85,21.85,20.7,21.05,1827384
2004-11-16 00:00:00+05:30,20.7,22.15,19.9,21.35,13730136
2004-11-17 00:00:00+05:30,21.55,23.35,21.35,22.4,12916188
2004-11-18 00:00:00+05:30,22.5,23.1,21.95,22.2,13638960
2004-11-19 00:00:00+05:30,22.2,22.25,20.95,21.15,6338844
2004-11-22 00:00:00+05:30,20.45,20.7,18.8,20.15,9274344
2004-11-23 00:00:00+05:30,20.35,20.95,20.35,20.7,3932880
2004-11-24 00:00:00+05:30,20.25,21.0,20.25,20.65,3729612
2004-11-25 00:00:00+05:30,20.65,20.65,19.4,19.95,12935280
2004-11-29 00:00:00+05:30,19.6,21.45,19.6,21.05,10471620
2004-11-30 00:00:00+05:30,21.25,21.4,19.7,19.85,11694936
2004-12-01 00:00:00+05:30,20.25,20.7,20.1,20.25,13564884
2004-12-02 00:00:00+05:30,20.7,24.8,20.7,22.75,25762728
2004-12-03 00:00:00+05:30,22.75,24.3,22.15,22.4,12951204
2004-12-06 00:00:00+05:30,22.9,23.6,22.6,22.9,6388860
2004-12-07 00:00:00+05:30,21.25,22.6,21.25,22.3,11423832
2004-12-08 00:00:00+05:30,22.8,23.25,22.15,22.25,10390884
2004-12-09 00:00:00+05:30,22.6,23.05,21.7,22.85,13160616
2004-12-10 00:00:00+05:30,22.65,23.25,21.65,21.85,17204292
2004-12-13 00:00:00+05:30,22.05,22.5,22.05,22.15,4980660
2004-12-14 00:00:00+05:30,22.05,22.9,21.9,22.45,9958752
2004-12-15 00:00:00+05:30,22.65,22.95,22.2,22.7,8080176
2004-12-16 00:00:00+05:30,22.9,23.6,22.4,23.45,13505856
2004-12-17 00:00:00+05:30,23.1,23.8,23.05,23.35,8487672
2004-12-20 00:00:00+05:30,23.0,23.35,22.4,23.15,6620208
2004-12-21 00:00:00+05:30,23.15,23.6,23.05,23.45,6305700
2004-12-22 00:00:00+05:30,23.15,23.9,23.0,23.2,6837576
2004-12-23 00:00:00+05:30,23.1,23.75,23.1,23.45,4639200
2004-12-24 00:00:00+05:30,23.3,24.2,23.15,23.9,7161960
2004-12-27 00:00:00+05:30,24.2,24.3,23.55,24.0,4630104
2004-12-28 00:00:00+05:30,24.4,24.85,24.4,24.6,5654544
2004-12-29 00:00:00+05:30,24.8,25.05,24.5,24.7,4883892
2004-12-30 00:00:00+05:30,24.8,25.35,24.35,25.1,6828060
2004-12-31 00:00:00+05:30,25.3,25.3,24.6,24.75,2936292
2005-01-03 00:00:00+05:30,25.45,25.9,24.8,25.3,8648928
2005-01-04 00:00:00+05:30,25.65,25.95,25.35,25.45,9983088
2005-01-05 00:00:00+05:30,24.8,25.5,23.95,24.55,7213968
2005-01-06 00:00:00+05:30,24.2,24.8,23.8,24.4,4289616
2005-01-07 00:00:00+05:30,23.5,25.85,23.5,24.6,2970420
2005-01-10 00:00:00+05:30,24.65,25.05,23.65,23.8,2221824
2005-01-11 00:00:00+05:30,25.15,25.15,22.9,23.05,4257432
2005-01-12 00:00:00+05:30,23.35,23.35,22.05,22.35,4291944
2005-01-13 00:00:00+05:30,22.4,22.7,21.75,21.85,4381008
2005-01-14 00:00:00+05:30,21.7,21.7,20.45,20.65,7433376
2005-01-17 00:00:00+05:30,21.1,21.55,20.65,21.15,16038348
2005-01-18 00:00:00+05:30,21.35,22.6,21.35,21.85,19982448
2005-01-19 00:00:00+05:30,20.65,21.85,20.15,20.35,4420776
2005-01-20 00:00:00+05:30,20.55,21.0,19.8,20.0,7517400
2005-01-24 00:00:00+05:30,20.1,20.1,19.1,19.4,3848244
2005-01-25 00:00:00+05:30,19.1,19.85,19.05,19.6,7188288
2005-01-27 00:00:00+05:30,19.95,20.1,19.3,19.9,17973048
2005-01-28 00:00:00+05:30,20.05,22.2,19.95,21.45,10978716
2005-01-31 00:00:00+05:30,21.85,22.5,21.55,22.2,6021696
2005-02-01 00:00:00+05:30,22.3,22.8,21.45,22.5,7120848
2005-02-02 00:00:00+05:30,22.6,23.35,22.2,23.05,7330800
2005-02-03 00:00:00+05:30,23.1,24.4,23.05,24.1,9890460
2005-02-04 00:00:00+05:30,24.35,24.7,24.0,24.55,7909320
2005-02-07 00:00:00+05:30,24.55,24.8,23.35,23.55,5121696
2005-02-08 00:00:00+05:30,23.7,24.0,23.0,23.45,10787184
2005-02-09 00:00:00+05:30,23.5,24.5,23.5,24.3,9923232
2005-02-10 00:00:00+05:30,24.5,24.6,23.65,24.15,7083060
2005-02-11 00:00:00+05:30,24.0,24.5,24.0,24.3,3858120
2005-02-14 00:00:00+05:30,24.65,24.65,23.95,24.1,2025108
2005-02-15 00:00:00+05:30,24.35,24.35,23.5,23.6,4139292
2005-02-16 00:00:00+05:30,23.7,24.55,23.7,23.9,7170888
2005-02-17 00:00:00+05:30,23.35,23.85,23.05,23.45,5048748
2005-02-18 00:00:00+05:30,23.45,23.8,22.5,22.7,5765064
2005-02-21 00:00:00+05:30,22.9,23.0,22.3,22.4,6121716
2005-02-22 00:00:00+05:30,22.15,22.3,21.7,22.1,10001712
2005-02-23 00:00:00+05:30,21.85,22.15,21.5,21.8,7933272
2005-02-24 00:00:00+05:30,21.95,22.15,21.35,21.55,16228836
2005-02-25 00:00:00+05:30,21.1,21.85,21.1,21.35,7913628
2005-02-28 00:00:00+05:30,21.35,24.2,21.35,22.4,18804840
2005-03-01 00:00:00+05:30,23.0,23.0,20.1,20.95,20810688
2005-03-02 00:00:00+05:30,21.05,21.25,20.65,20.75,9388140
2005-03-03 00:00:00+05:30,20.7,21.15,20.3,21.05,9718548
2005-03-04 00:00:00+05:30,21.05,21.25,20.75,20.95,4947312
2005-03-07 00:00:00+05:30,21.05,21.1,20.65,20.8,5888508
2005-03-08 00:00:00+05:30,20.8,21.45,20.55,21.25,8837628
2005-03-09 00:00:00+05:30,21.1,21.45,20.35,20.5,8471832
2005-03-10 00:00:00+05:30,20.45,20.85,20.35,20.55,5433624
2005-03-11 00:00:00+05:30,20.85,21.1,20.15,20.25,6430788
2005-03-14 00:00:00+05:30,20.25,20.45,19.6,19.9,3727260
2005-03-15 00:00:00+05:30,21.5,21.5,19.4,19.55,6866532
2005-03-16 00:00:00+05:30,19.6,20.2,19.4,19.9,8055840
2005-03-17 00:00:00+05:30,19.45,19.8,19.15,19.35,6820860
2005-03-18 00:00:00+05:30,19.4,19.45,18.65,19.1,5832084
2005-03-21 00:00:00+05:30,19.8,19.95,19.2,19.4,3397488
2005-03-22 00:00:00+05:30,19.45,19.5,18.7,18.8,4293456
2005-03-23 00:00:00+05:30,18.9,19.1,18.1,18.3,8388396
2005-03-24 00:00:00+05:30,18.2,18.9,18.05,18.35,8970504
2005-03-28 00:00:00+05:30,18.6,18.65,17.25,17.7,4283508
2005-03-29 00:00:00+05:30,17.7,17.7,16.55,16.8,8969436
2005-03-30 00:00:00+05:30,17.0,17.0,15.8,16.7,5332920
2005-03-31 00:00:00+05:30,17.0,17.15,16.55,16.85,17622780
2005-04-01 00:00:00+05:30,16.9,18.3,16.35,17.9,8353728
2005-04-04 00:00:00+05:30,17.7,17.7,16.8,17.25,4963752
2005-04-05 00:00:00+05:30,17.25,17.8,16.8,17.5,5956404
2005-04-06 00:00:00+05:30,17.8,18.2,17.5,17.75,9929772
2005-04-07 00:00:00+05:30,17.85,18.3,17.65,17.8,7619784
2005-04-08 00:00:00+05:30,17.85,18.35,17.5,17.6,7035372
2005-04-11 00:00:00+05:30,17.7,17.9,17.35,17.45,5824068
2005-04-12 00:00:00+05:30,17.45,18.1,17.0,17.7,5007576
2005-04-13 00:00:00+05:30,17.9,18.25,17.6,17.8,5190072
2005-04-15 00:00:00+05:30,17.6,17.8,17.15,17.6,5827092
2005-04-18 00:00:00+05:30,17.1,18.7,17.1,18.4,9888216
2005-04-19 00:00:00+05:30,18.4,18.95,17.7,17.9,3158352
2005-04-20 00:00:00+05:30,18.35,18.35,17.5,17.9,2181216
2005-04-21 00:00:00+05:30,17.5,18.15,17.5,18.0,2592048
2005-04-22 00:00:00+05:30,18.1,18.35,17.5,17.6,3975708
2005-04-25 00:00:00+05:30,18.0,18.0,17.25,17.5,2458608
2005-04-26 00:00:00+05:30,17.5,17.85,17.35,17.45,1625604
2005-04-27 00:00:00+05:30,16.7,17.45,16.7,17.1,2144580
2005-04-28 00:00:00+05:30,17.1,17.25,16.6,16.9,5783604
2005-04-29 00:00:00+05:30,16.9,17.1,16.15,16.35,3597324
2005-05-02 00:00:00+05:30,16.75,17.7,16.65,17.6,2955684
2005-05-03 00:00:00+05:30,17.6,17.6,17.1,17.35,2692044
2005-05-04 00:00:00+05:30,17.5,17.9,17.45,17.65,1921128
2005-05-05 00:00:00+05:30,17.6,17.9,17.5,17.7,2020632
2005-05-06 00:00:00+05:30,17.7,18.8,17.55,18.7,8030448
2005-05-09 00:00:00+05:30,18.8,18.8,18.1,18.25,3389052
2005-05-10 00:00:00+05:30,18.2,18.45,17.45,17.5,5011920
2005-05-11 00:00:00+05:30,17.45,17.8,17.15,17.5,5034732
2005-05-12 00:00:00+05:30,17.7,18.55,17.7,18.35,6046320
2005-05-13 00:00:00+05:30,18.35,18.7,18.1,18.3,3162516
2005-05-16 00:00:00+05:30,18.45,18.6,18.0,18.55,3436260
2005-05-17 00:00:00+05:30,18.55,18.7,18.1,18.55,5397468
2005-05-18 00:00:00+05:30,18.45,18.65,17.9,18.4,4545312
2005-05-19 00:00:00+05:30,18.65,19.2,18.25,18.55,8406708
2005-05-20 00:00:00+05:30,18.6,19.1,18.45,18.8,6764028
2005-05-23 00:00:00+05:30,18.8,20.2,18.8,20.1,3497652
2005-05-24 00:00:00+05:30,20.1,20.45,19.7,20.1,4505004
2005-05-25 00:00:00+05:30,19.95,20.35,19.4,20.25,5100180
2005-05-26 00:00:00+05:30,20.2,20.35,19.05,19.4,11250012
2005-05-27 00:00:00+05:30,19.2,20.2,18.9,19.95,7679244
2005-05-30 00:00:00+05:30,19.3,20.25,19.3,20.15,5002128
2005-05-31 00:00:00+05:30,20.1,20.35,19.2,19.7,2814048
2005-06-01 00:00:00+05:30,19.7,20.15,19.55,19.75,2851188
2005-06-02 00:00:00+05:30,19.95,20.25,19.55,19.85,3490116
2005-06-03 00:00:00+05:30,19.8,20.1,19.3,19.6,4248396
2005-06-06 00:00:00+05:30,19.6,19.6,18.6,18.7,8183556
2005-06-07 00:00:00+05:30,18.55,18.7,18.2,18.45,3139584
2005-06-08 00:00:00+05:30,18.25,18.55,17.95,18.1,3176148
2005-06-09 00:00:00+05:30,18.8,18.8,17.9,18.35,2663328
2005-06-10 00:00:00+05:30,18.55,18.9,18.1,18.6,1708920
2005-06-13 00:00:00+05:30,18.9,18.9,18.35,18.35,1759836
2005-06-14 00:00:00+05:30,18.25,18.35,17.7,17.9,3407184
2005-06-15 00:00:00+05:30,17.9,18.45,17.7,18.2,5741304
2005-06-16 00:00:00+05:30,18.6,18.8,17.65,17.8,5568024
2005-06-17 00:00:00+05:30,17.8,18.1,17.55,17.95,5011860
2005-06-20 00:00:00+05:30,18.1,19.0,18.0,18.25,8463084
2005-06-21 00:00:00+05:30,18.35,18.55,17.6,17.7,5284596
2005-06-22 00:00:00+05:30,17.7,18.25,17.6,18.0,4150356
2005-06-23 00:00:00+05:30,18.1,18.2,17.6,17.65,3184128
2005-06-24 00:00:00+05:30,17.5,18.45,17.45,17.8,9295032
2005-06-27 00:00:00+05:30,17.85,18.6,17.6,18.4,4333788
2005-06-28 00:00:00+05:30,18.2,18.7,17.6,17.95,6218712
2005-06-29 00:00:00+05:30,18.05,18.5,17.8,17.9,1150056
2005-06-30 00:00:00+05:30,17.75,18.1,17.7,17.9,1844784
2005-07-01 00:00:00+05:30,18.1,18.35,17.7,18.2,1343520
2005-07-04 00:00:00+05:30,18.2,18.2,17.7,17.9,1107132
2005-07-05 00:00:00+05:30,17.9,18.0,17.7,17.7,998124
2005-07-06 00:00:00+05:30,17.7,18.45,17.3,18.3,2404356
2005-07-07 00:00:00+05:30,18.2,18.25,17.15,17.5,4544028
2005-07-08 00:00:00+05:30,17.5,18.0,17.15,17.35,1627428
2005-07-11 00:00:00+05:30,17.45,17.7,16.7,16.9,2149704
2005-07-12 00:00:00+05:30,16.9,17.35,16.3,16.55,2322012
2005-07-13 00:00:00+05:30,17.0,17.0,15.95,16.25,3551604
2005-07-14 00:00:00+05:30,16.25,16.55,15.8,15.85,3365664
2005-07-15 00:00:00+05:30,16.15,16.55,15.8,15.9,4100100
2005-07-18 00:00:00+05:30,16.25,16.25,15.75,16.05,1847280
2005-07-19 00:00:00+05:30,16.05,16.35,16.05,16.15,1594344
2005-07-20 00:00:00+05:30,16.25,16.35,15.75,16.15,2957292
2005-07-21 00:00:00+05:30,16.35,16.55,16.15,16.25,2182476
2005-07-22 00:00:00+05:30,16.25,17.0,16.25,16.7,5725980
2005-07-25 00:00:00+05:30,17.0,17.0,16.7,16.9,1317960
2005-07-26 00:00:00+05:30,17.0,17.0,16.55,16.95,3299268
2005-07-27 00:00:00+05:30,16.6,17.7,16.6,17.35,3980448
2005-07-29 00:00:00+05:30,17.7,18.35,16.3,17.8,8447904
2005-08-01 00:00:00+05:30,17.35,18.65,16.6,18.3,4675620
2005-08-02 00:00:00+05:30,18.5,19.9,18.35,19.4,8449368
2005-08-03 00:00:00+05:30,19.4,19.9,18.55,19.4,3923484
2005-08-04 00:00:00+05:30,19.4,19.4,18.2,18.35,2669388
2005-08-05 00:00:00+05:30,18.35,19.1,17.7,17.9,2421048
2005-08-08 00:00:00+05:30,18.0,18.1,17.05,17.35,2292792
2005-08-09 00:00:00+05:30,17.05,17.35,16.65,16.75,1486272
2005-08-10 00:00:00+05:30,16.8,17.9,15.8,17.5,8263620
2005-08-11 00:00:00+05:30,17.0,17.7,17.0,17.5,4174356
2005-08-12 00:00:00+05:30,17.35,18.1,17.05,17.35,3292212
2005-08-16 00:00:00+05:30,17.35,17.7,16.7,16.9,1296780
2005-08-17 00:00:00+05:30,16.85,17.55,16.8,17.45,2992524
2005-08-18 00:00:00+05:30,17.5,17.8,17.0,17.15,1194288
2005-08-19 00:00:00+05:30,17.25,17.45,17.0,17.25,1006524
2005-08-22 00:00:00+05:30,17.1,17.6,17.0,17.35,4281900
2005-08-23 00:00:00+05:30,17.45,17.5,17.25,17.35,6495312
2005-08-24 00:00:00+05:30,17.4,18.05,16.8,17.5,4738260
2005-08-25 00:00:00+05:30,17.5,17.65,16.8,17.1,3597576
2005-08-26 00:00:00+05:30,17.15,18.35,17.0,18.2,9959436
2005-08-29 00:00:00+05:30,18.1,18.25,16.95,17.15,2571768
2005-08-30 00:00:00+05:30,17.15,17.45,17.1,17.15,1281528
2005-08-31 00:00:00+05:30,17.15,17.45,16.7,17.3,2747100
2005-09-01 00:00:00+05:30,17.35,18.25,17.35,18.0,6535836
2005-09-02 00:00:00+05:30,18.1,19.8,18.0,19.15,18696744
2005-09-05 00:00:00+05:30,18.8,19.3,17.95,18.2,6837648
2005-09-06 00:00:00+05:30,18.1,18.8,17.7,17.8,8254248
2005-09-08 00:00:00+05:30,18.1,19.4,18.1,19.2,10588572
2005-09-09 00:00:00+05:30,19.3,19.45,18.3,18.45,4283892
2005-09-12 00:00:00+05:30,18.45,18.7,18.35,18.35,1418592
2005-09-13 00:00:00+05:30,18.45,19.0,18.45,18.9,3554988
2005-09-14 00:00:00+05:30,18.8,18.9,18.45,18.7,1208904
2005-09-15 00:00:00+05:30,18.7,19.2,18.55,19.0,2759820
2005-09-16 00:00:00+05:30,19.0,19.6,19.0,19.5,4206924
2005-09-19 00:00:00+05:30,19.6,21.5,19.6,21.15,7063980
2005-09-20 00:00:00+05:30,20.95,21.1,19.9,20.75,3317892
2005-09-21 00:00:00+05:30,20.05,20.75,19.9,20.55,5225076
2005-09-22 00:00:00+05:30,20.45,21.25,19.7,20.05,8358468
2005-09-23 00:00:00+05:30,20.15,20.4,19.6,20.2,3709908
2005-09-26 00:00:00+05:30,20.2,21.5,20.1,20.2,4208208
2005-09-27 00:00:00+05:30,21.5,21.5,20.15,20.35,1507464
2005-09-28 00:00:00+05:30,20.55,21.8,20.35,21.6,9804984
2005-09-29 00:00:00+05:30,21.55,21.95,20.95,21.25,8991108
2005-09-30 00:00:00+05:30,21.35,21.35,20.25,20.65,7522068
2005-10-03 00:00:00+05:30,20.35,21.25,20.35,21.15,1201200
2005-10-04 00:00:00+05:30,21.15,21.65,20.45,20.85,2886000
2005-10-05 00:00:00+05:30,20.95,21.7,20.95,21.35,4384068
2005-10-06 00:00:00+05:30,21.55,22.5,21.05,22.15,6365028
2005-10-07 00:00:00+05:30,22.15,22.25,21.35,21.6,4909488
2005-10-10 00:00:00+05:30,21.6,21.8,20.95,21.05,1405320
2005-10-11 00:00:00+05:30,21.35,21.55,20.65,21.25,1083816
2005-10-13 00:00:00+05:30,21.3,21.3,20.3,20.95,723432
2005-10-14 00:00:00+05:30,21.25,21.25,20.05,20.15,3281220
2005-10-17 00:00:00+05:30,20.1,20.55,20.1,20.35,2205048
2005-10-18 00:00:00+05:30,20.55,20.85,19.9,20.55,5937360
2005-10-19 00:00:00+05:30,20.15,20.6,18.45,19.8,6834960
2005-10-20 00:00:00+05:30,20.25,20.25,19.45,19.95,3477048
2005-10-21 00:00:00+05:30,20.1,20.45,19.9,20.05,5026428
2005-10-24 00:00:00+05:30,20.15,21.0,19.8,20.75,4150344
2005-10-25 00:00:00+05:30,21.0,21.5,20.4,20.65,1334064
2005-10-26 00:00:00+05:30,20.7,20.7,20.1,20.45,5031432
2005-10-27 00:00:00+05:30,20.25,20.55,18.8,19.2,10176576
2005-10-28 00:00:00+05:30,19.25,19.6,17.8,18.8,10755468
2005-10-31 00:00:00+05:30,18.6,18.6,17.5,17.9,7548900
2005-11-01 00:00:00+05:30,17.95,18.45,17.95,18.35,630540
2005-11-02 00:00:00+05:30,18.55,18.9,18.3,18.7,6154800
2005-11-07 00:00:00+05:30,18.6,19.7,18.55,19.5,6282540
2005-11-08 00:00:00+05:30,19.7,20.65,19.6,20.0,9886104
2005-11-09 00:00:00+05:30,20.1,20.6,19.95,20.25,4660080
2005-11-10 00:00:00+05:30,20.35,21.85,20.35,21.6,6034656
2005-11-11 00:00:00+05:30,21.85,23.2,21.85,23.0,8442156
2005-11-14 00:00:00+05:30,23.05,23.85,22.5,23.0,4856808
2005-11-16 00:00:00+05:30,23.1,23.85,22.75,23.35,2875236
2005-11-17 00:00:00+05:30,23.15,23.8,23.15,23.35,3806484
2005-11-18 00:00:00+05:30,23.45,23.9,22.9,23.15,7000824
2005-11-21 00:00:00+05:30,23.35,23.5,23.0,23.15,5469516
2005-11-22 00:00:00+05:30,23.0,23.0,21.95,22.45,2040924
2005-11-23 00:00:00+05:30,22.5,22.5,21.45,22.05,4276044
2005-11-24 00:00:00+05:30,22.4,22.7,22.0,22.2,2963100
2005-11-25 00:00:00+05:30,21.95,22.6,21.95,22.4,881772
2005-11-28 00:00:00+05:30,22.9,23.6,22.75,23.0,5588880
2005-11-29 00:00:00+05:30,23.0,23.55,22.85,23.0,3768768
2005-11-30 00:00:00+05:30,23.05,24.5,23.05,23.25,7963464
2005-12-01 00:00:00+05:30,23.35,23.65,22.9,23.6,2689800
2005-12-02 00:00:00+05:30,23.6,23.95,23.15,23.25,3677724
2005-12-05 00:00:00+05:30,23.25,23.35,21.8,21.85,3042900
2005-12-06 00:00:00+05:30,21.85,21.85,20.85,21.05,5079984
2005-12-07 00:00:00+05:30,21.15,21.45,20.5,20.65,7165248
2005-12-08 00:00:00+05:30,21.0,21.55,20.4,21.45,7805160
2005-12-09 00:00:00+05:30,21.1,21.5,20.75,21.0,2910288
2005-12-12 00:00:00+05:30,20.85,21.55,20.75,20.95,6768120
2005-12-13 00:00:00+05:30,20.9,21.35,20.7,21.1,5448636
2005-12-14 00:00:00+05:30,21.35,21.85,21.25,21.4,5123388
2005-12-15 00:00:00+05:30,21.6,21.85,20.85,21.0,2059956
2005-12-16 00:00:00+05:30,21.05,21.85,21.05,21.75,5423664
2005-12-19 00:00:00+05:30,21.5,22.5,21.5,21.85,4010928
2005-12-20 00:00:00+05:30,21.95,22.3,21.7,21.8,2488776
2005-12-21 00:00:00+05:30,22.15,22.25,21.8,21.95,4251264
2005-12-22 00:00:00+05:30,21.95,22.45,21.45,22.25,6157596
2005-12-23 00:00:00+05:30,22.45,23.15,21.85,21.9,3002604
2005-12-26 00:00:00+05:30,23.15,23.15,20.95,21.5,1354476
2005-12-27 00:00:00+05:30,21.5,22.4,21.15,22.3,2446812
2005-12-28 00:00:00+05:30,22.3,23.45,22.2,23.15,6988920
2005-12-29 00:00:00+05:30,22.6,23.5,22.2,23.25,7132992
2005-12-30 00:00:00+05:30,23.0,23.35,22.6,23.0,1272780
2006-01-02 00:00:00+05:30,23.0,23.55,22.25,23.25,1734660
2006-01-03 00:00:00+05:30,23.35,23.6,23.05,23.35,2084460
2006-01-04 00:00:00+05:30,23.35,24.5,23.35,24.3,9250944
2006-01-05 00:00:00+05:30,24.3,25.15,23.7,24.9,7807788
2006-01-06 00:00:00+05:30,24.4,25.35,23.8,25.25,5633712
2006-01-09 00:00:00+05:30,24.8,25.55,24.5,25.35,6222252
2006-01-10 00:00:00+05:30,25.3,25.3,24.5,24.8,1271100
2006-01-12 00:00:00+05:30,24.65,24.9,23.6,23.9,2544252
2006-01-13 00:00:00+05:30,24.1,24.35,23.6,23.7,1694304
2006-01-16 00:00:00+05:30,23.7,24.2,23.35,23.55,1746876
2006-01-17 00:00:00+05:30,23.6,23.6,22.75,22.9,713880
2006-01-18 00:00:00+05:30,22.75,25.65,22.2,23.2,1099248
2006-01-19 00:00:00+05:30,23.05,23.35,22.4,22.5,2121192
2006-01-20 00:00:00+05:30,23.0,23.55,22.4,23.3,5615568
2006-01-23 00:00:00+05:30,23.15,25.5,22.7,22.95,4279116
2006-01-24 00:00:00+05:30,23.15,23.15,22.75,22.8,1315644
2006-01-25 00:00:00+05:30,23.15,23.15,21.9,22.15,1820472
2006-01-27 00:00:00+05:30,22.6,23.3,21.7,22.6,2251860
2006-01-30 00:00:00+05:30,22.6,22.6,21.6,21.85,881916
2006-01-31 00:00:00+05:30,21.6,21.85,21.25,21.45,1293660
2006-02-01 00:00:00+05:30,21.45,21.55,20.25,21.45,4672536
2006-02-02 00:00:00+05:30,21.45,23.1,20.95,22.8,3894348
2006-02-03 00:00:00+05:30,23.15,23.8,22.3,23.0,7915344
2006-02-06 00:00:00+05:30,22.6,23.55,22.35,23.4,1088304
2006-02-07 00:00:00+05:30,23.5,23.55,22.65,23.25,2208348
2006-02-08 00:00:00+05:30,23.4,23.4,22.2,22.4,5286420
2006-02-10 00:00:00+05:30,22.3,23.35,22.2,22.9,3688896
2006-02-13 00:00:00+05:30,22.35,23.8,22.35,23.6,1530828
2006-02-14 00:00:00+05:30,23.7,24.2,23.35,23.65,4108956
2006-02-15 00:00:00+05:30,23.8,24.3,23.5,24.1,4991076
2006-02-16 00:00:00+05:30,24.35,24.8,24.2,24.5,9863124
2006-02-17 00:00:00+05:30,24.45,24.65,23.55,23.6,1540536
2006-02-20 00:00:00+05:30,23.6,24.4,22.8,23.35,3793992
2006-02-21 00:00:00+05:30,23.35,23.7,22.8,23.35,3437904
2006-02-22 00:00:00+05:30,23.05,24.0,23.05,23.75,7977468
2006-02-23 00:00:00+05:30,24.0,24.1,23.55,23.8,7374120
2006-02-24 00:00:00+05:30,24.1,24.2,23.6,24.05,4923228
2006-02-27 00:00:00+05:30,23.6,24.3,23.6,24.0,5366064
2006-02-28 00:00:00+05:30,24.3,24.7,21.7,23.0,9413928
2006-03-01 00:00:00+05:30,22.2,23.4,21.95,23.25,7246716
2006-03-02 00:00:00+05:30,23.25,23.25,22.15,22.3,2811828
2006-03-03 00:00:00+05:30,22.2,23.25,21.65,22.2,4048980
2006-03-06 00:00:00+05:30,22.2,22.65,22.15,22.2,1340244
2006-03-07 00:00:00+05:30,22.2,22.5,21.6,21.95,2879904
2006-03-08 00:00:00+05:30,22.2,22.4,21.7,21.85,5234004
2006-03-09 00:00:00+05:30,21.95,22.3,21.6,21.8,2266020
2006-03-10 00:00:00+05:30,21.95,21.95,21.35,21.5,1830708
2006-03-13 00:00:00+05:30,21.95,21.95,21.25,21.55,3783756
2006-03-14 00:00:00+05:30,21.6,21.6,20.95,21.25,3744420
2006-03-16 00:00:00+05:30,21.5,22.05,21.15,21.45,3711036
2006-03-17 00:00:00+05:30,21.25,21.55,21.1,21.25,2141184
2006-03-20 00:00:00+05:30,21.55,21.85,21.25,21.7,1204524
2006-03-21 00:00:00+05:30,21.85,22.05,21.6,21.7,827136
2006-03-22 00:00:00+05:30,21.75,22.45,21.55,22.3,1420884
2006-03-23 00:00:00+05:30,22.45,23.5,22.45,23.25,4685616
2006-03-24 00:00:00+05:30,23.0,23.45,22.75,23.0,1414932
2006-03-27 00:00:00+05:30,23.25,23.25,22.3,22.4,1505736
2006-03-28 00:00:00+05:30,22.65,22.8,21.6,21.85,4073616
2006-03-29 00:00:00+05:30,21.85,21.95,19.3,21.6,2349900
2006-03-30 00:00:00+05:30,21.8,22.15,21.35,21.8,2702712
2006-03-31 00:00:00+05:30,21.8,22.4,21.45,22.2,2021712
2006-04-03 00:00:00+05:30,22.3,23.25,22.2,23.15,877452
2006-04-04 00:00:00+05:30,23.05,25.2,23.05,24.7,5556864
2006-04-05 00:00:00+05:30,24.7,25.15,24.45,24.8,4247772
2006-04-07 00:00:00+05:30,24.35,25.9,24.2,24.55,2856228
2006-04-10 00:00:00+05:30,25.55,25.55,23.55,24.5,1100316
2006-04-12 00:00:00+05:30,23.55,25.5,23.05,24.8,3547116
2006-04-13 00:00:00+05:30,24.8,24.8,23.6,24.1,1101420
2006-04-17 00:00:00+05:30,23.95,24.8,23.55,24.6,859428
2006-04-18 00:00:00+05:30,24.5,24.55,23.7,24.0,639780
2006-04-19 00:00:00+05:30,24.1,24.35,22.45,22.7,4859064
2006-04-20 00:00:00+05:30,22.45,23.0,22.4,22.55,2547864
2006-04-21 00:00:00+05:30,23.0,23.35,22.2,22.3,5419836
2006-04-24 00:00:00+05:30,23.0,23.05,22.15,22.9,2091384
2006-04-25 00:00:00+05:30,23.0,25.65,22.2,22.4,2402004
2006-04-26 00:00:00+05:30,22.6,24.1,22.2,23.9,3356568
2006-04-27 00:00:00+05:30,22.8,24.8,21.15,23.05,3516672
2006-04-28 00:00:00+05:30,21.9,23.7,21.9,23.35,1396368
2006-05-02 00:00:00+05:30,23.35,24.7,22.2,23.45,9106488
2006-05-03 00:00:00+05:30,24.4,24.55,23.6,24.4,2060616
2006-05-04 00:00:00+05:30,24.55,27.3,24.2,26.5,6527496
2006-05-05 00:00:00+05:30,27.3,28.25,26.0,26.7,7524936
2006-05-08 00:00:00+05:30,27.5,27.5,26.35,26.6,2617836
2006-05-09 00:00:00+05:30,27.1,27.1,25.0,25.75,2427732
2006-05-10 00:00:00+05:30,25.85,25.85,24.85,25.15,5106372
2006-05-11 00:00:00+05:30,25.55,25.65,23.9,24.05,3879288
2006-05-12 00:00:00+05:30,24.1,24.4,22.25,22.6,7121100
2006-05-15 00:00:00+05:30,23.0,23.25,21.45,21.7,5537040
2006-05-16 00:00:00+05:30,21.5,22.2,20.85,21.55,3929364
2006-05-17 00:00:00+05:30,21.8,21.9,21.45,21.8,1834416
2006-05-18 00:00:00+05:30,21.5,21.8,20.55,20.9,1685400
2006-05-19 00:00:00+05:30,21.2,21.75,20.25,20.35,2298948
2006-05-22 00:00:00+05:30,21.05,21.05,16.6,19.9,2933160
2006-05-23 00:00:00+05:30,19.2,21.95,17.0,21.6,4071180
2006-05-24 00:00:00+05:30,21.85,22.2,19.6,20.35,6616284
2006-05-25 00:00:00+05:30,19.7,23.0,18.55,22.05,4619112
2006-05-26 00:00:00+05:30,21.7,23.0,21.5,21.85,1587300
2006-05-29 00:00:00+05:30,22.2,22.5,21.1,21.35,1334880
2006-05-30 00:00:00+05:30,21.1,21.65,20.45,21.3,2444724
2006-05-31 00:00:00+05:30,21.15,21.15,19.6,20.05,4455900
2006-06-01 00:00:00+05:30,19.95,20.65,17.7,18.3,1863576
2006-06-02 00:00:00+05:30,19.05,19.55,16.8,19.35,1974120
2006-06-05 00:00:00+05:30,19.35,19.6,17.35,18.35,1896684
2006-06-06 00:00:00+05:30,18.65,19.25,16.25,16.95,3952188
2006-06-07 00:00:00+05:30,17.0,17.0,15.15,15.7,3230376
2006-06-08 00:00:00+05:30,15.3,15.75,13.55,14.2,2952192
2006-06-09 00:00:00+05:30,14.85,14.85,13.15,14.6,2478852
2006-06-12 00:00:00+05:30,14.7,14.7,12.7,13.15,4470300
2006-06-13 00:00:00+05:30,13.05,14.1,12.2,12.65,3405408
2006-06-14 00:00:00+05:30,13.4,14.7,13.4,14.2,5748648
2006-06-15 00:00:00+05:30,14.3,15.75,14.2,14.85,2622576
2006-06-16 00:00:00+05:30,15.1,15.95,14.3,15.65,2142744
2006-06-19 00:00:00+05:30,15.65,15.8,14.8,15.45,1297296
2006-06-20 00:00:00+05:30,15.1,20.45,14.35,15.15,1869840
2006-06-21 00:00:00+05:30,14.4,15.05,14.3,14.75,6164076
2006-06-22 00:00:00+05:30,15.05,15.85,14.95,15.2,1699992
2006-06-23 00:00:00+05:30,15.2,15.95,14.95,15.6,1345428
2006-06-26 00:00:00+05:30,16.15,16.25,14.2,14.7,3417636
2006-06-27 00:00:00+05:30,14.75,15.4,14.15,15.15,1046244
2006-06-28 00:00:00+05:30,15.15,15.65,14.45,15.4,1056852
2006-06-29 00:00:00+05:30,15.45,16.35,15.3,15.8,5050164
2006-06-30 00:00:00+05:30,16.3,18.0,14.95,15.4,6137712
2006-07-03 00:00:00+05:30,15.8,16.05,15.3,15.5,4622460
2006-07-04 00:00:00+05:30,15.3,16.15,15.3,15.95,1929732
2006-07-05 00:00:00+05:30,15.3,16.45,15.1,16.2,4390476
2006-07-06 00:00:00+05:30,15.8,16.9,15.8,16.55,2092548
2006-07-07 00:00:00+05:30,16.9,17.35,15.45,15.65,2509548
2006-07-10 00:00:00+05:30,15.65,16.75,15.4,16.55,1582272
2006-07-11 00:00:00+05:30,16.55,16.9,16.15,16.85,1103520
2006-07-12 00:00:00+05:30,16.55,16.7,15.65,15.85,1893588
2006-07-13 00:00:00+05:30,15.8,15.95,14.85,14.95,1515108
2006-07-14 00:00:00+05:30,14.85,14.85,13.55,14.05,5317284
2006-07-17 00:00:00+05:30,14.05,14.05,12.9,13.1,1473768
2006-07-18 00:00:00+05:30,13.05,13.75,13.0,13.55,1355088
2006-07-19 00:00:00+05:30,13.75,14.2,12.9,13.05,654900
2006-07-20 00:00:00+05:30,13.85,14.25,13.35,13.95,1151232
2006-07-21 00:00:00+05:30,14.25,14.25,13.55,13.85,1272288
2006-07-24 00:00:00+05:30,13.85,14.05,12.7,13.95,1496136
2006-07-25 00:00:00+05:30,13.95,14.65,13.25,14.15,1277376
2006-07-26 00:00:00+05:30,14.3,14.4,13.95,14.3,2164140
2006-07-27 00:00:00+05:30,14.3,14.6,13.1,13.55,2912292
2006-07-28 00:00:00+05:30,13.75,13.9,13.15,13.55,1470852
2006-07-31 00:00:00+05:30,14.25,14.25,13.4,13.75,2101692
2006-08-01 00:00:00+05:30,13.75,13.8,13.25,13.55,1392756
2006-08-02 00:00:00+05:30,13.45,13.55,13.35,13.5,408252
2006-08-03 00:00:00+05:30,13.55,13.75,13.35,13.45,665544
2006-08-04 00:00:00+05:30,13.55,14.05,13.25,13.45,811788
2006-08-07 00:00:00+05:30,13.35,13.4,12.9,13.15,801768
2006-08-08 00:00:00+05:30,13.0,13.55,12.9,13.0,3559728
2006-08-09 00:00:00+05:30,13.1,13.45,13.05,13.35,3156552
2006-08-10 00:00:00+05:30,13.35,13.55,13.1,13.25,1107084
2006-08-11 00:00:00+05:30,13.45,13.75,13.1,13.2,662124
2006-08-14 00:00:00+05:30,13.55,15.05,13.4,14.75,4229292
2006-08-16 00:00:00+05:30,15.0,17.0,15.0,16.35,9994308
2006-08-17 00:00:00+05:30,17.0,17.1,16.05,16.4,6153816
2006-08-18 00:00:00+05:30,16.6,19.95,16.35,18.45,10163748
2006-08-21 00:00:00+05:30,18.6,19.3,17.6,18.2,11360988
2006-08-22 00:00:00+05:30,18.1,18.2,16.45,16.8,6787452
2006-08-23 00:00:00+05:30,16.7,17.6,16.35,16.55,10701792
2006-08-24 00:00:00+05:30,16.65,17.1,16.25,16.6,4981236
2006-08-25 00:00:00+05:30,16.9,17.0,15.95,16.4,5737740
2006-08-28 00:00:00+05:30,17.0,17.35,16.45,17.15,8483544
2006-08-29 00:00:00+05:30,17.35,18.0,16.7,16.8,20671320
2006-08-30 00:00:00+05:30,17.1,18.45,17.1,18.35,12442908
2006-08-31 00:00:00+05:30,18.45,18.7,17.2,17.45,10639104
2006-09-01 00:00:00+05:30,18.8,18.8,17.35,18.2,4944876
2006-09-04 00:00:00+05:30,18.35,19.2,18.2,19.05,8057568
2006-09-05 00:00:00+05:30,19.3,19.45,18.5,18.6,7572804
2006-09-06 00:00:00+05:30,18.65,19.6,18.55,19.4,13060500
2006-09-07 00:00:00+05:30,19.45,19.7,18.35,18.55,6572052
2006-09-08 00:00:00+05:30,18.8,19.5,18.55,19.45,9395976
2006-09-11 00:00:00+05:30,19.5,20.05,19.1,19.3,9963444
2006-09-12 00:00:00+05:30,19.45,19.75,18.5,18.8,13138368
2006-09-13 00:00:00+05:30,19.1,19.9,18.9,19.2,16099032
2006-09-14 00:00:00+05:30,19.6,19.6,19.0,19.4,4660884
2006-09-15 00:00:00+05:30,19.4,20.25,18.8,19.2,14303124
2006-09-18 00:00:00+05:30,19.2,19.7,19.1,19.3,5225940
2006-09-19 00:00:00+05:30,19.3,19.6,18.35,18.45,6735384
2006-09-20 00:00:00+05:30,18.35,19.1,17.9,18.35,10458744
2006-09-21 00:00:00+05:30,18.65,18.85,18.3,18.4,17661648
2006-09-22 00:00:00+05:30,18.45,18.55,17.8,17.95,9507240
2006-09-25 00:00:00+05:30,18.2,19.45,17.75,19.1,23889396
2006-09-26 00:00:00+05:30,19.4,19.45,18.5,18.7,15276228
2006-09-27 00:00:00+05:30,18.9,19.1,18.3,18.35,13680300
2006-09-28 00:00:00+05:30,18.6,18.6,17.8,18.0,10440672
2006-09-29 00:00:00+05:30,18.15,18.15,17.55,17.8,1887336
2006-10-03 00:00:00+05:30,18.0,18.3,17.9,18.0,7749756
2006-10-04 00:00:00+05:30,18.35,18.85,18.0,18.1,11917500
2006-10-05 00:00:00+05:30,18.45,18.65,18.25,18.55,14776032
2006-10-06 00:00:00+05:30,18.55,20.2,18.45,19.95,15127104
2006-10-09 00:00:00+05:30,19.9,20.1,19.05,19.8,5626416
2006-10-10 00:00:00+05:30,19.9,20.15,19.7,20.05,6572928
2006-10-11 00:00:00+05:30,20.25,20.7,20.1,20.45,13010676
2006-10-12 00:00:00+05:30,20.55,21.45,20.5,21.35,23033928
2006-10-13 00:00:00+05:30,21.5,21.85,20.45,20.75,17412492
2006-10-16 00:00:00+05:30,20.85,21.15,20.05,20.7,9927048
2006-10-17 00:00:00+05:30,21.0,21.0,19.8,20.1,8078880
2006-10-18 00:00:00+05:30,20.25,20.5,20.05,20.15,3419700
2006-10-19 00:00:00+05:30,20.5,21.15,20.3,20.55,4081884
2006-10-20 00:00:00+05:30,20.65,20.75,19.45,19.8,4509408
2006-10-23 00:00:00+05:30,20.65,20.75,20.1,20.35,3213168
2006-10-26 00:00:00+05:30,20.55,20.55,19.4,19.5,5137284
2006-10-27 00:00:00+05:30,19.95,20.05,19.4,19.8,2047860
2006-10-30 00:00:00+05:30,19.9,20.55,19.6,20.25,4565484
2006-10-31 00:00:00+05:30,20.45,21.45,20.05,20.35,9407964
2006-11-01 00:00:00+05:30,21.1,21.3,20.65,21.05,7637088
2006-11-02 00:00:00+05:30,21.15,21.7,21.05,21.4,14376708
2006-11-03 00:00:00+05:30,21.5,21.7,21.1,21.25,4019748
2006-11-06 00:00:00+05:30,21.25,21.25,20.35,20.55,3810684
2006-11-07 00:00:00+05:30,20.45,20.65,19.55,19.7,2876400
2006-11-08 00:00:00+05:30,19.7,20.05,18.2,18.65,15386508
2006-11-09 00:00:00+05:30,18.8,19.05,18.15,18.3,3075948
2006-11-10 00:00:00+05:30,18.3,18.35,17.35,17.6,5151108
2006-11-13 00:00:00+05:30,17.7,18.2,17.45,17.55,4547592
2006-11-14 00:00:00+05:30,18.0,18.2,17.7,18.0,13313352
2006-11-15 00:00:00+05:30,18.45,18.45,17.7,17.9,7641456
2006-11-16 00:00:00+05:30,18.0,18.05,17.35,17.45,2801124
2006-11-17 00:00:00+05:30,17.9,18.9,17.9,18.7,14768412
2006-11-20 00:00:00+05:30,18.8,18.8,17.85,18.15,11688624
2006-11-21 00:00:00+05:30,18.15,18.9,17.85,18.8,9925596
2006-11-22 00:00:00+05:30,18.9,18.9,17.95,18.0,4229940
2006-11-23 00:00:00+05:30,18.35,18.85,18.2,18.55,6125772
2006-11-24 00:00:00+05:30,18.35,18.7,18.35,18.55,4622136
2006-11-27 00:00:00+05:30,18.65,18.65,18.1,18.2,2748240
2006-11-28 00:00:00+05:30,18.1,18.1,17.25,17.35,7632192
2006-11-29 00:00:00+05:30,17.35,18.0,16.65,16.9,9238476
2006-11-30 00:00:00+05:30,16.65,16.9,16.0,16.15,10503612
2006-12-01 00:00:00+05:30,16.25,16.4,15.5,15.95,15145212
2006-12-04 00:00:00+05:30,15.95,16.3,15.6,15.75,10974012
2006-12-05 00:00:00+05:30,15.95,16.2,15.6,15.65,9116292
2006-12-06 00:00:00+05:30,16.05,16.05,15.45,15.5,4967316
2006-12-07 00:00:00+05:30,15.8,15.8,15.2,15.5,6074760
2006-12-08 00:00:00+05:30,15.75,15.75,15.15,15.2,4340580
2006-12-11 00:00:00+05:30,15.2,15.6,14.5,14.7,4795848
2006-12-12 00:00:00+05:30,14.7,14.8,13.9,14.2,9202308
2006-12-13 00:00:00+05:30,14.25,14.9,13.85,14.5,12457668
2006-12-14 00:00:00+05:30,14.6,14.95,14.4,14.55,11026296
2006-12-15 00:00:00+05:30,14.55,14.95,14.5,14.75,5907408
2006-12-18 00:00:00+05:30,14.95,15.0,14.3,14.9,6773688
2006-12-19 00:00:00+05:30,14.95,15.2,14.3,14.4,6672648
2006-12-20 00:00:00+05:30,14.85,14.85,14.3,14.4,9529644
2006-12-21 00:00:00+05:30,14.3,14.5,14.15,14.3,6137664
2006-12-22 00:00:00+05:30,14.3,14.6,14.25,14.4,6845820
2006-12-26 00:00:00+05:30,15.6,15.6,14.15,14.15,8793744
2006-12-27 00:00:00+05:30,14.5,14.9,14.5,14.7,7862784
2006-12-28 00:00:00+05:30,14.75,16.65,14.7,15.45,17122812
2006-12-29 00:00:00+05:30,15.75,15.95,15.45,15.65,3324072
2007-01-02 00:00:00+05:30,15.65,15.8,15.3,15.4,1122264
2007-01-03 00:00:00+05:30,15.5,15.75,15.2,15.65,3901812
2007-01-04 00:00:00+05:30,16.25,16.8,15.95,16.25,13925952
2007-01-05 00:00:00+05:30,16.65,17.25,16.45,16.75,8944152
2007-01-08 00:00:00+05:30,16.8,17.15,16.6,16.7,6332292
2007-01-09 00:00:00+05:30,16.65,17.1,16.05,16.25,2452248
2007-01-10 00:00:00+05:30,16.45,16.55,15.2,16.25,5682576
2007-01-11 00:00:00+05:30,16.55,17.05,16.25,16.95,5768652
2007-01-12 00:00:00+05:30,17.15,18.35,17.15,17.9,15455388
2007-01-15 00:00:00+05:30,18.1,18.1,16.6,16.7,6359520
2007-01-16 00:00:00+05:30,16.8,17.0,16.3,16.45,2606148
2007-01-17 00:00:00+05:30,16.7,17.45,16.6,17.35,6159456
2007-01-18 00:00:00+05:30,17.15,18.1,16.85,17.8,7479564
2007-01-19 00:00:00+05:30,17.9,18.45,17.6,17.75,9850464
2007-01-22 00:00:00+05:30,17.75,18.1,17.45,17.9,7026432
2007-01-23 00:00:00+05:30,17.5,17.8,16.9,17.15,5507340
2007-01-24 00:00:00+05:30,17.05,17.05,16.55,16.8,4631928
2007-01-25 00:00:00+05:30,16.6,17.5,16.6,17.25,7223964
2007-01-29 00:00:00+05:30,17.15,17.7,17.05,17.5,6816348
2007-01-31 00:00:00+05:30,17.7,17.7,17.05,17.35,3840216
2007-02-01 00:00:00+05:30,17.0,17.25,16.8,17.15,2420520
2007-02-02 00:00:00+05:30,17.35,17.35,16.65,16.8,6445656
2007-02-05 00:00:00+05:30,16.65,17.35,16.3,17.25,3301164
2007-02-06 00:00:00+05:30,17.25,17.25,16.7,17.0,3728904
2007-02-07 00:00:00+05:30,17.0,17.0,16.15,16.25,3997608
2007-02-08 00:00:00+05:30,16.55,16.6,16.0,16.55,4420656
2007-02-09 00:00:00+05:30,16.35,16.35,16.05,16.15,2300652
2007-02-12 00:00:00+05:30,15.9,16.35,14.95,15.2,2315700
2007-02-13 00:00:00+05:30,14.35,15.4,14.35,14.95,3413856
2007-02-14 00:00:00+05:30,14.4,14.95,14.25,14.7,1907364
2007-02-15 00:00:00+05:30,14.7,15.85,14.15,14.95,10672656
2007-02-19 00:00:00+05:30,14.7,15.6,14.3,15.5,2641212
2007-02-20 00:00:00+05:30,15.75,15.85,15.1,15.2,5410284
2007-02-21 00:00:00+05:30,15.15,15.8,15.15,15.5,3873684
2007-02-22 00:00:00+05:30,15.5,15.8,14.8,15.05,4636992
2007-02-23 00:00:00+05:30,16.6,16.6,14.05,14.15,4035024
2007-02-26 00:00:00+05:30,14.5,14.5,13.55,14.0,3140544
2007-02-27 00:00:00+05:30,14.15,14.15,13.4,13.5,5641740
2007-02-28 00:00:00+05:30,12.9,14.05,12.3,13.65,10165776
2007-03-01 00:00:00+05:30,13.95,13.95,13.0,13.55,4913376
2007-03-02 00:00:00+05:30,13.1,13.8,12.7,12.85,2788788
2007-03-05 00:00:00+05:30,12.3,12.85,11.7,12.0,5828076
2007-03-06 00:00:00+05:30,12.5,13.25,12.5,13.1,17445288
2007-03-07 00:00:00+05:30,13.35,13.45,12.5,12.85,15655644
2007-03-08 00:00:00+05:30,12.7,13.0,12.6,12.85,12932064
2007-03-09 00:00:00+05:30,13.0,13.0,12.4,12.65,2119524
2007-03-12 00:00:00+05:30,12.9,13.2,12.75,13.1,7333752
2007-03-13 00:00:00+05:30,13.35,13.35,12.9,13.1,1839816
2007-03-14 00:00:00+05:30,13.05,17.25,11.4,12.5,4037244
2007-03-15 00:00:00+05:30,12.75,12.9,12.1,12.5,2737884
2007-03-16 00:00:00+05:30,12.65,13.25,12.65,12.9,7399080
2007-03-19 00:00:00+05:30,13.1,13.65,13.0,13.35,6762900
2007-03-20 00:00:00+05:30,13.35,14.6,13.15,14.3,6783024
2007-03-21 00:00:00+05:30,14.05,14.25,13.6,13.75,2458368
2007-03-22 00:00:00+05:30,13.75,14.3,13.75,13.85,2051748
2007-03-23 00:00:00+05:30,13.45,14.05,13.15,13.35,4760220
2007-03-26 00:00:00+05:30,13.2,13.65,13.05,13.3,3497472
2007-03-28 00:00:00+05:30,12.45,13.1,12.45,12.85,2873244
2007-03-29 00:00:00+05:30,12.75,13.95,12.65,13.75,5213208
2007-03-30 00:00:00+05:30,14.35,14.35,12.9,13.0,5594640
2007-04-02 00:00:00+05:30,13.0,13.05,12.2,12.3,2579916
2007-04-03 00:00:00+05:30,12.5,12.75,12.2,12.65,1396500
2007-04-04 00:00:00+05:30,12.85,13.15,12.55,12.85,1939836
2007-04-05 00:00:00+05:30,12.75,13.15,12.65,13.1,2528580
2007-04-09 00:00:00+05:30,13.0,13.95,13.0,13.75,4143300
2007-04-10 00:00:00+05:30,14.3,15.2,13.75,15.05,5914164
2007-04-11 00:00:00+05:30,15.05,15.15,14.15,14.25,2047740
2007-04-12 00:00:00+05:30,14.3,14.5,13.65,13.85,2263584
2007-04-13 00:00:00+05:30,13.55,14.3,13.1,14.05,2052132
2007-04-16 00:00:00+05:30,14.0,14.7,13.65,14.5,6736104
2007-04-17 00:00:00+05:30,14.55,15.65,14.55,15.3,5599896
2007-04-18 00:00:00+05:30,15.2,15.75,14.3,14.4,4445988
2007-04-19 00:00:00+05:30,14.3,14.7,13.9,14.2,4311372
2007-04-20 00:00:00+05:30,14.25,14.95,14.15,14.6,2533392
2007-04-23 00:00:00+05:30,14.65,15.1,13.35,14.5,2869488
2007-04-24 00:00:00+05:30,14.3,14.8,13.95,14.6,1552404
2007-04-25 00:00:00+05:30,14.6,15.05,14.6,14.95,2035128
2007-04-26 00:00:00+05:30,15.3,16.15,14.85,15.75,6575448
2007-04-27 00:00:00+05:30,15.85,16.45,14.7,15.75,4681692
2007-04-30 00:00:00+05:30,15.45,15.75,15.1,15.3,4442904
2007-05-03 00:00:00+05:30,15.45,16.55,15.45,16.35,9404460
2007-05-04 00:00:00+05:30,16.35,16.6,15.25,15.45,5903712
2007-05-07 00:00:00+05:30,15.75,16.7,15.75,16.6,7022880
2007-05-08 00:00:00+05:30,16.6,17.0,15.95,16.05,2640168
2007-05-09 00:00:00+05:30,16.05,16.7,14.8,16.6,4739520
2007-05-10 00:00:00+05:30,16.6,17.35,16.55,17.0,5120412
2007-05-11 00:00:00+05:30,17.0,17.3,15.95,17.15,3420684
2007-05-14 00:00:00+05:30,17.35,18.2,17.0,17.75,4738464
2007-05-15 00:00:00+05:30,17.7,18.6,17.7,18.45,5748192
2007-05-16 00:00:00+05:30,18.55,18.65,17.6,17.9,10286556
2007-05-17 00:00:00+05:30,18.1,18.95,17.45,18.8,5966220
2007-05-18 00:00:00+05:30,18.8,18.8,17.7,18.5,2882376
2007-05-21 00:00:00+05:30,18.55,20.0,18.35,19.9,11016708
2007-05-22 00:00:00+05:30,19.7,19.9,18.8,19.6,4573920
2007-05-23 00:00:00+05:30,19.6,20.25,18.65,19.2,12097776
2007-05-24 00:00:00+05:30,19.1,19.3,18.1,18.2,3881676
2007-05-25 00:00:00+05:30,18.1,18.1,17.35,17.7,11132412
2007-05-28 00:00:00+05:30,18.1,18.1,17.45,17.5,4834164
2007-05-29 00:00:00+05:30,17.5,17.7,17.0,17.15,3424716
2007-05-30 00:00:00+05:30,17.35,17.35,16.6,16.8,4325532
2007-05-31 00:00:00+05:30,17.0,18.0,16.8,17.45,9377256
2007-06-01 00:00:00+05:30,17.5,17.7,16.45,17.4,3864180
2007-06-04 00:00:00+05:30,17.0,18.0,16.7,17.0,7487892
2007-06-05 00:00:00+05:30,17.0,17.05,16.25,16.6,7885800
2007-06-06 00:00:00+05:30,16.25,16.7,15.6,15.85,9005352
2007-06-07 00:00:00+05:30,15.2,16.25,15.2,16.15,6123012
2007-06-08 00:00:00+05:30,16.15,16.15,15.05,15.15,8638620
2007-06-11 00:00:00+05:30,15.3,16.05,15.15,15.65,7845540
2007-06-12 00:00:00+05:30,15.8,16.45,15.4,16.35,5294268
2007-06-13 00:00:00+05:30,16.05,16.55,15.3,15.4,1527564
2007-06-14 00:00:00+05:30,15.95,15.95,15.15,15.4,3267348
2007-06-15 00:00:00+05:30,15.45,15.6,15.15,15.4,2491428
2007-06-18 00:00:00+05:30,15.1,15.6,14.85,15.4,2231064
2007-06-19 00:00:00+05:30,15.3,15.6,14.85,15.2,3657504
2007-06-20 00:00:00+05:30,15.5,15.6,15.15,15.3,3095868
2007-06-21 00:00:00+05:30,15.6,16.7,15.15,16.4,5178420
2007-06-22 00:00:00+05:30,18.1,18.1,16.35,16.75,3681192
2007-06-25 00:00:00+05:30,16.8,16.95,15.65,16.05,1671768
2007-06-26 00:00:00+05:30,16.15,16.35,15.45,15.5,2928000
2007-06-27 00:00:00+05:30,15.85,15.85,14.95,15.05,5168196
2007-06-28 00:00:00+05:30,15.45,15.65,15.15,15.6,3849324
2007-06-29 00:00:00+05:30,15.45,15.95,15.2,15.85,3702972
2007-07-02 00:00:00+05:30,15.85,16.25,15.65,16.05,3952980
2007-07-03 00:00:00+05:30,15.75,16.6,15.75,15.8,4290840
2007-07-04 00:00:00+05:30,15.25,18.1,15.25,15.8,4497108
2007-07-05 00:00:00+05:30,15.75,16.0,15.4,15.8,3963720
2007-07-06 00:00:00+05:30,15.85,15.85,15.5,15.6,4607016
2007-07-09 00:00:00+05:30,15.45,15.8,15.2,15.65,2762244
2007-07-10 00:00:00+05:30,15.65,15.8,15.4,15.6,3123492
2007-07-11 00:00:00+05:30,15.5,16.55,15.2,15.5,3514992
2007-07-12 00:00:00+05:30,15.65,15.65,15.2,15.25,3415212
2007-07-13 00:00:00+05:30,15.3,15.8,15.3,15.65,2888820
2007-07-16 00:00:00+05:30,15.8,15.8,15.1,15.3,3572916
2007-07-17 00:00:00+05:30,15.25,15.5,15.15,15.25,2545200
2007-07-18 00:00:00+05:30,15.3,15.8,15.0,15.15,1398876
2007-07-19 00:00:00+05:30,15.3,15.4,15.15,15.2,1559544
2007-07-20 00:00:00+05:30,15.15,15.75,14.6,14.7,9550992
2007-07-23 00:00:00+05:30,14.4,14.6,14.1,14.15,5540976
2007-07-24 00:00:00+05:30,14.2,14.6,13.3,13.55,8554776
2007-07-25 00:00:00+05:30,13.55,14.1,13.55,13.95,2311656
2007-07-26 00:00:00+05:30,14.05,14.3,13.7,14.15,4604412
2007-07-27 00:00:00+05:30,13.6,14.3,13.4,13.65,4216320
2007-07-30 00:00:00+05:30,14.05,14.15,13.05,13.15,5316168
2007-07-31 00:00:00+05:30,13.15,14.6,13.1,14.4,5980032
2007-08-01 00:00:00+05:30,14.3,14.3,13.25,13.35,2978340
2007-08-02 00:00:00+05:30,13.2,13.7,13.0,13.25,3574956
2007-08-03 00:00:00+05:30,13.35,13.6,13.1,13.4,3804060
2007-08-06 00:00:00+05:30,13.25,14.2,12.9,13.65,2296224
2007-08-07 00:00:00+05:30,13.95,14.4,13.95,14.1,3398988
2007-08-08 00:00:00+05:30,13.85,14.7,13.65,14.6,2709204
2007-08-09 00:00:00+05:30,14.7,14.8,14.05,14.2,3685944
2007-08-10 00:00:00+05:30,13.75,14.1,13.15,13.95,2545392
2007-08-13 00:00:00+05:30,14.25,14.5,13.65,14.3,1541712
2007-08-14 00:00:00+05:30,14.3,14.8,14.05,14.7,4188336
2007-08-16 00:00:00+05:30,14.7,14.7,13.35,14.05,1663932
2007-08-17 00:00:00+05:30,14.25,14.5,13.0,13.35,3325692
2007-08-20 00:00:00+05:30,13.75,14.2,13.55,13.6,3972624
2007-08-21 00:00:00+05:30,13.85,13.85,12.85,12.9,1522416
2007-08-22 00:00:00+05:30,13.4,13.4,12.75,12.85,2919972
2007-08-23 00:00:00+05:30,13.35,13.55,12.7,12.85,4236588
2007-08-24 00:00:00+05:30,12.85,12.9,12.7,12.85,4981020
2007-08-27 00:00:00+05:30,13.1,13.2,12.85,12.9,4161456
2007-08-28 00:00:00+05:30,12.85,13.25,12.8,12.9,2911608
2007-08-29 00:00:00+05:30,12.85,13.75,12.65,13.65,7704732
2007-08-30 00:00:00+05:30,13.95,14.05,13.1,13.75,10785948
2007-08-31 00:00:00+05:30,13.9,14.05,13.55,13.65,2381856
2007-09-03 00:00:00+05:30,13.55,14.25,13.55,13.6,3538608
2007-09-04 00:00:00+05:30,13.1,13.35,12.7,13.25,4899600
2007-09-05 00:00:00+05:30,13.05,13.35,13.0,13.25,5478156
2007-09-06 00:00:00+05:30,13.15,13.35,13.1,13.25,3372972
2007-09-07 00:00:00+05:30,13.1,13.35,13.1,13.1,1182468
2007-09-10 00:00:00+05:30,13.0,14.05,13.0,13.95,2726916
2007-09-11 00:00:00+05:30,13.95,14.7,13.7,14.4,7802028
2007-09-12 00:00:00+05:30,13.95,14.7,13.35,13.55,2915004
2007-09-13 00:00:00+05:30,13.55,14.15,13.25,13.65,2670276
2007-09-14 00:00:00+05:30,13.9,14.1,13.15,13.25,3063996
2007-09-17 00:00:00+05:30,13.15,13.55,13.15,13.25,700704
2007-09-18 00:00:00+05:30,13.1,13.75,13.05,13.65,6007320
2007-09-19 00:00:00+05:30,13.25,14.05,13.25,13.65,2568768
2007-09-20 00:00:00+05:30,13.25,14.6,13.25,14.5,3653796
2007-09-21 00:00:00+05:30,14.5,14.65,14.3,14.5,3420576
2007-09-24 00:00:00+05:30,14.5,14.95,14.5,14.8,4705272
2007-09-25 00:00:00+05:30,15.3,20.2,15.3,16.55,42913248
2007-09-26 00:00:00+05:30,16.55,18.05,16.35,17.7,13187436
2007-09-27 00:00:00+05:30,17.7,18.1,16.7,17.55,8417784
2007-09-28 00:00:00+05:30,17.6,18.0,16.5,17.15,6696600
2007-10-01 00:00:00+05:30,17.45,18.75,16.35,18.6,7678968
2007-10-03 00:00:00+05:30,18.6,19.2,16.35,18.8,8833356
2007-10-04 00:00:00+05:30,18.8,19.5,17.7,18.45,4310676
2007-10-05 00:00:00+05:30,17.45,19.2,17.45,18.7,4413876
2007-10-08 00:00:00+05:30,18.6,18.8,17.95,18.35,3861636
2007-10-09 00:00:00+05:30,16.7,19.05,16.7,18.7,3216276
2007-10-10 00:00:00+05:30,18.6,19.2,17.9,18.3,5308104
2007-10-11 00:00:00+05:30,18.45,19.0,17.85,18.55,4968480
2007-10-12 00:00:00+05:30,18.8,18.8,17.9,18.55,4463916
2007-10-15 00:00:00+05:30,18.7,18.9,17.1,17.35,11131644
2007-10-16 00:00:00+05:30,17.25,17.45,16.55,16.7,4127448
2007-10-17 00:00:00+05:30,15.8,17.35,14.0,16.95,2693664
2007-10-18 00:00:00+05:30,16.45,17.45,16.25,16.6,1366476
2007-10-19 00:00:00+05:30,16.3,16.35,14.45,14.6,7139940
2007-10-22 00:00:00+05:30,14.25,16.15,14.25,15.95,3592368
2007-10-23 00:00:00+05:30,16.6,17.25,15.65,16.7,2023332
2007-10-24 00:00:00+05:30,17.25,17.25,16.05,16.15,1150260
2007-10-25 00:00:00+05:30,16.25,17.5,15.75,17.35,6540960
2007-10-26 00:00:00+05:30,17.05,17.8,16.55,17.45,2444604
2007-10-29 00:00:00+05:30,17.6,17.6,16.25,16.4,6705060
2007-10-30 00:00:00+05:30,16.6,16.6,15.65,15.75,4707924
2007-10-31 00:00:00+05:30,16.05,16.6,15.85,16.05,2068548
2007-11-01 00:00:00+05:30,16.45,16.6,15.75,16.05,3608964
2007-11-02 00:00:00+05:30,15.95,16.35,15.3,16.05,3821364
2007-11-05 00:00:00+05:30,16.3,16.7,15.95,16.25,6909912
2007-11-06 00:00:00+05:30,16.45,16.65,15.95,16.15,5034012
2007-11-07 00:00:00+05:30,16.25,16.65,15.95,16.45,15703224
2007-11-08 00:00:00+05:30,15.85,17.0,15.65,16.45,4448220
2007-11-09 00:00:00+05:30,16.8,17.15,16.35,16.95,1534128
2007-11-12 00:00:00+05:30,17.05,17.05,15.95,16.7,6432060
2007-11-13 00:00:00+05:30,16.6,17.75,16.55,17.45,8351040
2007-11-14 00:00:00+05:30,17.6,18.1,16.65,17.45,7580028
2007-11-15 00:00:00+05:30,17.35,23.35,17.1,22.3,31928292
2007-11-16 00:00:00+05:30,22.6,25.2,22.2,22.9,42997680
2007-11-19 00:00:00+05:30,23.15,24.5,20.85,21.6,12023244
2007-11-20 00:00:00+05:30,18.9,21.45,18.9,20.05,21886176
2007-11-21 00:00:00+05:30,19.2,20.05,17.5,18.8,15819564
2007-11-22 00:00:00+05:30,18.8,20.55,18.1,20.0,6766680
2007-11-23 00:00:00+05:30,20.2,20.5,19.1,20.05,6654708
2007-11-26 00:00:00+05:30,20.25,21.25,19.65,19.9,4673640
2007-11-27 00:00:00+05:30,19.9,21.15,19.45,20.85,3292560
2007-11-28 00:00:00+05:30,21.1,21.55,18.8,19.2,18341532
2007-11-29 00:00:00+05:30,20.15,20.7,18.45,19.0,10442520
2007-11-30 00:00:00+05:30,18.8,20.55,18.8,19.3,7968768
2007-12-03 00:00:00+05:30,19.9,20.95,19.6,20.55,5419512
2007-12-04 00:00:00+05:30,20.25,22.2,20.05,21.8,12595452
2007-12-05 00:00:00+05:30,21.95,23.0,21.95,22.5,20196528
2007-12-06 00:00:00+05:30,23.05,23.3,21.85,22.15,8108244
2007-12-07 00:00:00+05:30,22.15,22.65,21.1,21.9,9948600
2007-12-10 00:00:00+05:30,22.4,23.05,21.7,22.3,4431024
2007-12-11 00:00:00+05:30,22.65,24.4,22.05,23.25,12658524
2007-12-12 00:00:00+05:30,23.25,24.2,23.15,23.35,12318108
2007-12-13 00:00:00+05:30,23.45,24.15,22.05,22.45,13400280
2007-12-14 00:00:00+05:30,22.9,22.9,21.45,21.8,8609676
2007-12-17 00:00:00+05:30,21.85,21.85,19.9,20.15,10956564
2007-12-18 00:00:00+05:30,20.25,22.15,19.95,21.75,12960144
2007-12-19 00:00:00+05:30,22.4,22.75,21.25,22.05,7379016
2007-12-20 00:00:00+05:30,22.2,23.05,21.55,22.8,5525988
2007-12-24 00:00:00+05:30,23.45,24.5,22.9,24.2,7739136
2007-12-26 00:00:00+05:30,24.35,26.6,23.95,25.85,19965396
2007-12-27 00:00:00+05:30,26.75,26.75,24.9,25.95,20773128
2007-12-28 00:00:00+05:30,24.9,26.45,24.2,25.95,9943644
2007-12-31 00:00:00+05:30,25.95,31.3,25.6,29.6,27774060
2008-01-01 00:00:00+05:30,30.1,30.1,27.9,29.3,10891680
2008-01-02 00:00:00+05:30,29.3,30.0,27.85,29.4,11415636
2008-01-03 00:00:00+05:30,29.05,31.55,28.85,31.0,26473500
2008-01-04 00:00:00+05:30,32.1,32.1,30.3,30.6,17418792
2008-01-07 00:00:00+05:30,28.8,30.1,28.8,29.3,12633192
2008-01-08 00:00:00+05:30,29.3,29.9,26.6,27.1,8583000
2008-01-09 00:00:00+05:30,29.3,29.3,24.7,25.0,11131296
2008-01-10 00:00:00+05:30,24.65,25.75,23.0,23.15,12236916
2008-01-11 00:00:00+05:30,23.5,23.85,22.3,22.95,14959068
2008-01-14 00:00:00+05:30,22.65,25.6,22.65,25.35,11655288
2008-01-15 00:00:00+05:30,25.9,25.95,23.2,23.45,8205492
2008-01-16 00:00:00+05:30,23.6,24.8,21.55,23.65,7825776
2008-01-17 00:00:00+05:30,24.7,25.0,23.25,23.6,10135188
2008-01-18 00:00:00+05:30,24.8,24.8,21.9,23.25,5709732
2008-01-21 00:00:00+05:30,23.25,23.25,19.6,20.9,8138496
2008-01-22 00:00:00+05:30,19.6,21.1,17.5,19.85,6520716
2008-01-23 00:00:00+05:30,21.1,23.6,18.35,20.45,4197204
2008-01-24 00:00:00+05:30,23.5,23.5,19.05,20.15,6017028
2008-01-25 00:00:00+05:30,19.9,21.85,19.9,21.15,6604584
2008-01-28 00:00:00+05:30,21.1,21.25,18.8,19.8,1904460
2008-01-29 00:00:00+05:30,19.95,20.35,18.6,18.85,4045572
2008-01-30 00:00:00+05:30,19.0,19.0,16.65,17.25,3887772
2008-01-31 00:00:00+05:30,18.1,19.2,16.8,17.45,10293696
2008-02-01 00:00:00+05:30,18.1,20.1,16.9,19.3,3260988
2008-02-04 00:00:00+05:30,19.8,23.25,18.35,22.75,10311852
2008-02-05 00:00:00+05:30,22.6,23.7,22.2,22.65,5273508
2008-02-06 00:00:00+05:30,20.4,22.9,20.4,22.6,2757744
2008-02-07 00:00:00+05:30,22.3,23.35,21.85,22.3,5333880
2008-02-08 00:00:00+05:30,23.0,23.5,21.6,23.15,7731024
2008-02-11 00:00:00+05:30,22.15,23.55,21.2,22.05,4826808
2008-02-12 00:00:00+05:30,21.95,23.0,21.25,21.7,2531028
2008-02-13 00:00:00+05:30,22.2,22.75,21.15,21.8,3225456
2008-02-14 00:00:00+05:30,21.85,26.0,21.85,25.3,15932568
2008-02-15 00:00:00+05:30,24.5,26.3,24.2,25.55,14512884
2008-02-18 00:00:00+05:30,25.55,25.95,24.9,25.3,5261088
2008-02-19 00:00:00+05:30,25.9,26.6,23.8,24.3,6847512
2008-02-20 00:00:00+05:30,24.3,24.3,22.35,22.6,4393092
2008-02-21 00:00:00+05:30,23.05,23.35,21.15,21.6,3819924
2008-02-22 00:00:00+05:30,21.05,22.55,20.65,22.15,5806236
2008-02-25 00:00:00+05:30,22.6,23.35,21.95,22.9,4502472
2008-02-26 00:00:00+05:30,23.35,24.8,22.6,24.55,5735220
2008-02-27 00:00:00+05:30,25.2,25.55,24.1,24.3,5480736
2008-02-28 00:00:00+05:30,24.35,25.8,22.2,25.45,9672984
2008-02-29 00:00:00+05:30,25.5,25.65,22.75,25.2,12537948
2008-03-03 00:00:00+05:30,24.2,26.0,23.6,25.35,12769668
2008-03-04 00:00:00+05:30,24.8,25.55,22.8,23.05,6969564
2008-03-05 00:00:00+05:30,21.85,24.5,21.85,24.3,3845172
2008-03-07 00:00:00+05:30,23.7,23.7,22.4,23.05,5601852
2008-03-10 00:00:00+05:30,22.75,23.7,21.5,23.05,3882324
2008-03-11 00:00:00+05:30,22.9,24.1,22.2,23.8,4875216
2008-03-12 00:00:00+05:30,24.3,24.3,22.35,22.5,4673640
2008-03-13 00:00:00+05:30,22.15,23.0,20.2,20.95,8061336
2008-03-14 00:00:00+05:30,21.1,23.05,20.3,20.95,10550160
2008-03-17 00:00:00+05:30,20.7,21.6,19.5,19.7,10281936
2008-03-18 00:00:00+05:30,20.25,21.85,19.65,20.6,10696956
2008-03-19 00:00:00+05:30,21.1,21.7,18.35,19.3,8950332
2008-03-24 00:00:00+05:30,19.2,20.95,19.0,20.35,3883224
2008-03-25 00:00:00+05:30,20.55,21.7,20.15,20.85,7048116
2008-03-26 00:00:00+05:30,20.95,21.35,20.3,21.05,3809340
2008-03-27 00:00:00+05:30,20.65,21.65,20.35,21.25,7785672
2008-03-28 00:00:00+05:30,21.25,24.0,20.7,23.05,5161944
2008-03-31 00:00:00+05:30,21.85,23.15,20.35,20.95,4639800
2008-04-01 00:00:00+05:30,20.95,22.6,20.95,22.05,3153216
2008-04-02 00:00:00+05:30,22.6,23.35,21.5,21.8,1928532
2008-04-03 00:00:00+05:30,21.55,22.05,20.95,21.15,3389496
2008-04-04 00:00:00+05:30,22.15,22.15,20.35,20.75,2340096
2008-04-07 00:00:00+05:30,20.65,21.7,20.1,20.35,4185432
2008-04-08 00:00:00+05:30,20.55,21.0,19.55,19.95,4957356
2008-04-09 00:00:00+05:30,19.0,20.75,19.0,20.05,3875508
2008-04-10 00:00:00+05:30,20.25,21.3,19.2,19.5,9736896
2008-04-11 00:00:00+05:30,19.55,20.25,19.55,19.9,3990588
2008-04-15 00:00:00+05:30,19.95,21.4,19.0,21.15,3321120
2008-04-16 00:00:00+05:30,21.1,21.7,20.25,20.45,2085672
2008-04-17 00:00:00+05:30,20.55,21.1,20.0,20.45,2293740
2008-04-21 00:00:00+05:30,20.45,21.1,20.25,20.5,3010980
2008-04-22 00:00:00+05:30,20.7,20.95,20.05,20.1,1791360
2008-04-23 00:00:00+05:30,19.95,20.25,19.2,19.4,3711936
2008-04-24 00:00:00+05:30,19.4,20.1,18.55,19.0,6756444
2008-04-25 00:00:00+05:30,18.8,20.05,18.8,19.85,10232064
2008-04-28 00:00:00+05:30,19.6,20.15,19.45,19.7,7385880
2008-04-29 00:00:00+05:30,19.75,20.25,19.6,20.05,5068440
2008-04-30 00:00:00+05:30,19.95,21.15,19.95,21.05,3731640
2008-05-02 00:00:00+05:30,20.35,21.85,20.35,20.75,4227984
2008-05-05 00:00:00+05:30,20.95,21.25,20.35,20.55,1276236
2008-05-06 00:00:00+05:30,20.5,20.85,19.75,19.95,3549780
2008-05-07 00:00:00+05:30,19.9,19.9,18.9,19.1,9945612
2008-05-08 00:00:00+05:30,19.0,19.6,18.2,19.2,10049376
2008-05-09 00:00:00+05:30,19.4,19.55,18.3,18.45,2636220
2008-05-12 00:00:00+05:30,18.35,18.35,16.7,17.15,6279252
2008-05-13 00:00:00+05:30,17.35,17.7,16.25,16.55,5734500
2008-05-14 00:00:00+05:30,16.7,16.7,15.4,15.75,5724768
2008-05-15 00:00:00+05:30,17.05,17.05,15.15,15.75,4444680
2008-05-16 00:00:00+05:30,15.65,17.5,15.65,17.25,7128576
2008-05-20 00:00:00+05:30,17.25,17.35,15.9,16.55,5152680
2008-05-21 00:00:00+05:30,16.6,17.35,15.7,17.1,4029648
2008-05-22 00:00:00+05:30,16.6,16.9,15.75,16.35,7934256
2008-05-23 00:00:00+05:30,16.7,18.0,16.45,17.25,13424052
2008-05-26 00:00:00+05:30,16.6,17.45,16.0,16.45,8528556
2008-05-27 00:00:00+05:30,16.6,17.05,16.35,16.6,3559344
2008-05-28 00:00:00+05:30,17.1,17.3,16.65,17.2,2416440
2008-05-29 00:00:00+05:30,16.75,18.45,16.75,17.1,12214368
2008-05-30 00:00:00+05:30,17.25,17.85,16.8,17.1,4680876
2008-06-02 00:00:00+05:30,17.5,17.5,16.25,16.5,3585228
2008-06-03 00:00:00+05:30,16.45,17.0,16.05,16.7,6771444
2008-06-04 00:00:00+05:30,17.0,18.2,14.2,14.5,39042228
2008-06-05 00:00:00+05:30,14.6,15.2,12.75,12.95,29008980
2008-06-06 00:00:00+05:30,13.25,13.55,12.65,12.9,10889052
2008-06-09 00:00:00+05:30,12.1,12.1,10.35,11.25,12985224
2008-06-10 00:00:00+05:30,10.3,11.9,10.3,11.65,8149092
2008-06-11 00:00:00+05:30,11.9,12.2,10.6,10.8,9383508
2008-06-12 00:00:00+05:30,10.8,10.9,10.2,10.5,6820752
2008-06-13 00:00:00+05:30,10.35,10.7,9.85,10.35,7347036
2008-06-16 00:00:00+05:30,10.6,12.2,10.45,11.1,3203604
2008-06-17 00:00:00+05:30,11.05,11.4,10.85,11.35,8042568
2008-06-18 00:00:00+05:30,11.35,12.0,11.15,11.2,6845700
2008-06-19 00:00:00+05:30,11.05,11.05,10.25,10.45,9319392
2008-06-20 00:00:00+05:30,10.6,11.0,9.6,10.15,13543656
2008-06-23 00:00:00+05:30,10.15,10.5,9.1,10.25,9758532
2008-06-24 00:00:00+05:30,10.2,10.5,9.35,10.1,12072288
2008-06-25 00:00:00+05:30,9.55,11.15,9.55,10.55,9353616
2008-06-26 00:00:00+05:30,10.65,10.9,10.15,10.5,9315372
2008-06-27 00:00:00+05:30,10.5,10.5,8.45,8.9,6108912
2008-06-30 00:00:00+05:30,9.95,9.95,6.9,7.1,7217220
2008-07-01 00:00:00+05:30,7.8,7.8,6.1,6.55,4013988
2008-07-02 00:00:00+05:30,7.05,7.8,5.9,7.15,2184072
2008-07-03 00:00:00+05:30,6.8,7.8,5.8,7.25,4340616
2008-07-04 00:00:00+05:30,7.1,8.05,6.65,7.6,2757360
2008-07-07 00:00:00+05:30,7.45,8.35,7.45,8.15,2477352
2008-07-08 00:00:00+05:30,8.25,9.55,7.6,9.25,9032328
2008-07-09 00:00:00+05:30,9.6,11.0,9.6,10.7,7631364
2008-07-10 00:00:00+05:30,10.6,11.35,10.2,11.25,3010752
2008-07-11 00:00:00+05:30,11.0,11.15,9.35,9.55,10237776
2008-07-14 00:00:00+05:30,9.5,9.65,8.8,9.25,8301696
2008-07-15 00:00:00+05:30,9.4,9.4,7.95,8.65,2774088
2008-07-16 00:00:00+05:30,9.05,9.7,9.05,9.25,2999136
2008-07-17 00:00:00+05:30,9.8,11.1,9.65,11.0,5627664
2008-07-18 00:00:00+05:30,11.05,11.85,11.0,11.6,4267200
2008-07-21 00:00:00+05:30,11.8,12.1,10.9,11.15,3530820
2008-07-22 00:00:00+05:30,11.1,12.6,10.6,12.05,2903436
2008-07-23 00:00:00+05:30,12.85,13.8,12.85,13.45,6863136
2008-07-24 00:00:00+05:30,15.75,15.75,13.4,14.05,8292252
2008-07-25 00:00:00+05:30,14.05,14.7,13.25,14.3,4183548
2008-07-28 00:00:00+05:30,14.3,14.85,14.15,14.8,3976836
2008-07-29 00:00:00+05:30,14.3,14.3,13.1,13.6,7967904
2008-07-30 00:00:00+05:30,13.25,15.15,13.25,15.05,8877432
2008-07-31 00:00:00+05:30,15.05,15.4,14.05,14.95,4001016
2008-08-01 00:00:00+05:30,14.7,15.5,14.7,15.5,4284576
2008-08-04 00:00:00+05:30,15.3,15.3,14.65,14.85,15286272
2008-08-05 00:00:00+05:30,15.15,15.75,14.7,15.5,42149028
2008-08-06 00:00:00+05:30,16.3,17.8,15.15,15.4,18101376
2008-08-07 00:00:00+05:30,15.1,15.45,14.7,14.95,5372196
2008-08-08 00:00:00+05:30,14.65,15.1,13.75,14.1,7212744
2008-08-11 00:00:00+05:30,14.4,15.0,14.05,14.3,9371724
2008-08-12 00:00:00+05:30,14.6,15.15,14.35,14.85,8876328
2008-08-13 00:00:00+05:30,14.7,14.8,14.25,14.6,6178800
2008-08-14 00:00:00+05:30,14.3,14.95,13.9,14.15,2557548
2008-08-18 00:00:00+05:30,13.95,14.15,13.1,13.45,2906760
2008-08-19 00:00:00+05:30,13.35,14.1,12.85,13.9,1867980
2008-08-20 00:00:00+05:30,13.35,14.2,13.35,14.15,1489284
2008-08-21 00:00:00+05:30,13.95,13.95,12.75,12.85,1514484
2008-08-22 00:00:00+05:30,12.7,12.7,11.65,12.3,4827636
2008-08-25 00:00:00+05:30,13.15,13.35,12.5,12.7,1526640
2008-08-26 00:00:00+05:30,12.6,13.0,12.2,12.75,2647080
2008-08-27 00:00:00+05:30,12.85,12.9,12.35,12.75,2348736
2008-08-28 00:00:00+05:30,12.5,12.85,11.25,11.6,6046740
2008-08-29 00:00:00+05:30,12.1,13.15,12.1,13.0,3242940
2008-09-01 00:00:00+05:30,12.85,13.15,12.25,12.95,1364856
2008-09-02 00:00:00+05:30,13.35,14.7,13.15,14.15,19601112
2008-09-04 00:00:00+05:30,14.15,15.4,13.35,15.15,21638016
2008-09-05 00:00:00+05:30,14.5,18.45,14.35,17.25,27586704
2008-09-08 00:00:00+05:30,17.35,18.1,15.95,16.35,10606176
2008-09-09 00:00:00+05:30,16.55,17.35,16.35,16.9,12142716
2008-09-10 00:00:00+05:30,17.35,17.7,16.25,16.55,10688160
2008-09-11 00:00:00+05:30,16.55,16.55,15.75,16.45,5493648
2008-09-12 00:00:00+05:30,16.6,16.9,15.85,16.25,8826684
2008-09-15 00:00:00+05:30,16.15,17.0,15.25,16.45,7264368
2008-09-16 00:00:00+05:30,16.15,18.45,15.8,17.45,24445332
2008-09-17 00:00:00+05:30,17.35,17.7,15.15,15.55,13210884
2008-09-18 00:00:00+05:30,15.1,16.8,13.95,16.45,9639744
2008-09-19 00:00:00+05:30,16.45,17.0,15.15,16.25,12757452
2008-09-22 00:00:00+05:30,15.45,16.15,14.7,15.6,3240732
2008-09-23 00:00:00+05:30,15.1,16.55,14.0,16.25,7611252
2008-09-24 00:00:00+05:30,15.8,17.0,15.8,16.6,7534584
2008-09-25 00:00:00+05:30,16.6,16.85,15.5,15.9,20813880
2008-09-26 00:00:00+05:30,15.75,16.15,14.75,15.45,7650816
2008-09-29 00:00:00+05:30,15.75,16.15,15.1,15.9,13715772
2008-09-30 00:00:00+05:30,15.4,17.6,15.4,17.35,22641672
2008-10-01 00:00:00+05:30,17.15,17.9,16.3,17.5,15802764
2008-10-03 00:00:00+05:30,17.5,18.6,17.5,18.3,14352768
2008-10-06 00:00:00+05:30,18.65,19.05,18.2,18.8,15093396
2008-10-07 00:00:00+05:30,18.9,19.3,17.85,18.35,9680508
2008-10-08 00:00:00+05:30,18.35,18.35,15.3,15.95,13168764
2008-10-10 00:00:00+05:30,15.8,16.2,14.25,15.75,8486628
2008-10-13 00:00:00+05:30,15.75,17.1,14.95,16.7,9951900
2008-10-14 00:00:00+05:30,17.35,17.5,16.25,16.5,4452024
2008-10-15 00:00:00+05:30,16.45,17.25,16.4,16.7,6030240
2008-10-16 00:00:00+05:30,16.0,17.35,14.35,16.6,10580604
2008-10-17 00:00:00+05:30,16.6,18.65,16.4,16.9,17007336
2008-10-20 00:00:00+05:30,17.0,17.85,16.6,17.0,7445412
2008-10-21 00:00:00+05:30,17.1,17.1,16.1,16.8,7774848
2008-10-22 00:00:00+05:30,16.45,17.45,14.2,14.5,13384248
2008-10-23 00:00:00+05:30,14.4,17.35,10.35,13.0,19800312
2008-10-24 00:00:00+05:30,13.25,13.25,9.8,11.4,7448004
2008-10-27 00:00:00+05:30,15.05,15.05,7.3,10.8,6499272
2008-10-28 00:00:00+05:30,11.7,14.2,11.35,11.8,655944
2008-10-29 00:00:00+05:30,11.8,13.8,11.35,13.35,8472288
2008-10-31 00:00:00+05:30,12.9,13.65,11.5,11.85,11540808
2008-11-03 00:00:00+05:30,12.1,13.55,11.5,12.95,4989312
2008-11-04 00:00:00+05:30,13.55,14.85,13.45,14.7,4374060
2008-11-05 00:00:00+05:30,14.6,14.9,13.55,14.1,2943480
2008-11-06 00:00:00+05:30,13.85,14.15,12.65,13.65,7780896
2008-11-07 00:00:00+05:30,13.8,15.65,13.8,15.15,7945884
2008-11-10 00:00:00+05:30,15.2,15.65,13.95,14.35,5784468
2008-11-11 00:00:00+05:30,14.3,15.2,12.7,13.1,5985420
2008-11-12 00:00:00+05:30,13.15,14.5,12.85,13.75,9544152
2008-11-14 00:00:00+05:30,14.3,14.85,13.35,13.85,5792604
2008-11-17 00:00:00+05:30,13.95,14.85,13.85,14.7,11074992
2008-11-18 00:00:00+05:30,14.7,15.05,14.05,14.15,7593288
2008-11-19 00:00:00+05:30,14.7,14.7,13.85,14.05,5160900
2008-11-20 00:00:00+05:30,13.8,14.3,12.75,13.65,4634712
2008-11-21 00:00:00+05:30,13.55,15.1,13.55,14.9,5418156
2008-11-24 00:00:00+05:30,14.85,15.85,14.4,15.6,7923504
2008-11-25 00:00:00+05:30,15.3,16.25,14.85,15.3,4543776
2008-11-26 00:00:00+05:30,15.15,16.85,15.0,16.6,10539840
2008-11-28 00:00:00+05:30,16.15,18.1,14.3,17.0,14176680
2008-12-01 00:00:00+05:30,17.35,18.55,17.0,17.8,13442424
2008-12-02 00:00:00+05:30,17.45,18.0,17.0,17.5,11140884
2008-12-03 00:00:00+05:30,17.7,17.9,16.8,17.15,5847216
2008-12-04 00:00:00+05:30,17.35,17.9,17.1,17.6,5825256
2008-12-05 00:00:00+05:30,17.45,18.1,15.4,15.8,9894504
2008-12-08 00:00:00+05:30,15.85,17.35,14.7,14.8,9434592
2008-12-10 00:00:00+05:30,14.8,15.75,14.45,15.5,5955612
2008-12-11 00:00:00+05:30,15.2,15.75,14.4,14.6,6547572
2008-12-12 00:00:00+05:30,14.2,17.0,13.85,16.05,13610904
2008-12-15 00:00:00+05:30,16.6,17.0,16.05,16.45,6775524
2008-12-16 00:00:00+05:30,16.05,16.9,15.95,16.45,3254496
2008-12-17 00:00:00+05:30,16.6,17.0,16.15,16.55,6142332
2008-12-18 00:00:00+05:30,16.6,18.95,16.6,17.85,20231460
2008-12-19 00:00:00+05:30,18.1,19.5,18.1,19.25,12265992
2008-12-22 00:00:00+05:30,19.2,19.2,17.35,17.8,8275464
2008-12-23 00:00:00+05:30,18.1,20.25,17.1,17.8,10418868
2008-12-24 00:00:00+05:30,17.7,19.4,17.7,19.25,14714088
2008-12-26 00:00:00+05:30,19.0,20.05,18.3,18.4,7997448
2008-12-29 00:00:00+05:30,18.55,19.0,17.7,18.8,7818624
2008-12-30 00:00:00+05:30,18.65,19.45,17.95,19.2,8454504
2008-12-31 00:00:00+05:30,19.45,19.6,18.35,18.55,8087268
2009-01-01 00:00:00+05:30,18.6,18.6,17.15,17.35,11740452
2009-01-02 00:00:00+05:30,17.7,18.1,17.45,17.6,7310604
2009-01-05 00:00:00+05:30,17.7,17.8,16.65,17.25,11395680
2009-01-06 00:00:00+05:30,17.1,18.7,17.05,18.35,13015416
2009-01-07 00:00:00+05:30,18.45,18.55,17.15,17.9,6650412
2009-01-09 00:00:00+05:30,17.9,19.05,17.5,18.9,11009268
2009-01-12 00:00:00+05:30,18.9,19.2,17.25,17.7,10997604
2009-01-13 00:00:00+05:30,17.35,18.8,17.35,18.45,8223336
2009-01-14 00:00:00+05:30,18.45,18.8,18.1,18.4,5702652
2009-01-15 00:00:00+05:30,18.8,18.9,17.9,18.55,6710172
2009-01-16 00:00:00+05:30,18.8,19.45,18.6,19.2,7811820
2009-01-19 00:00:00+05:30,19.6,19.7,18.85,19.2,6649716
2009-01-20 00:00:00+05:30,18.8,20.05,18.35,19.85,13664460
2009-01-21 00:00:00+05:30,19.6,19.95,19.3,19.5,4355868
2009-01-22 00:00:00+05:30,19.3,19.5,18.8,19.2,2810508
2009-01-23 00:00:00+05:30,18.1,19.3,17.5,17.8,7475712
2009-01-27 00:00:00+05:30,19.6,19.6,17.6,19.2,6239424
2009-01-28 00:00:00+05:30,19.25,19.6,18.55,18.7,7256028
2009-01-29 00:00:00+05:30,18.7,19.8,17.45,19.6,14881404
2009-01-30 00:00:00+05:30,19.95,22.05,19.0,19.8,16362756
2009-02-02 00:00:00+05:30,19.2,19.7,18.75,18.95,8039796
2009-02-03 00:00:00+05:30,19.1,19.6,18.95,19.4,6316284
2009-02-04 00:00:00+05:30,19.4,19.8,19.4,19.55,8065476
2009-02-05 00:00:00+05:30,19.95,19.95,19.5,19.65,6084768
2009-02-06 00:00:00+05:30,19.9,19.9,19.3,19.65,7878720
2009-02-09 00:00:00+05:30,19.6,20.45,19.2,20.15,7832340
2009-02-10 00:00:00+05:30,20.25,20.65,19.8,20.35,4663008
2009-02-11 00:00:00+05:30,20.5,21.25,20.25,21.15,3363744
2009-02-12 00:00:00+05:30,21.3,21.7,20.7,20.85,6918564
2009-02-13 00:00:00+05:30,21.0,21.55,20.95,21.05,3925032
2009-02-16 00:00:00+05:30,21.05,21.05,20.05,20.1,1612680
2009-02-17 00:00:00+05:30,19.6,20.35,19.6,19.95,3703620
2009-02-18 00:00:00+05:30,20.1,21.95,20.05,21.55,8092152
2009-02-19 00:00:00+05:30,21.55,21.7,21.25,21.45,4810032
2009-02-20 00:00:00+05:30,21.25,21.5,20.65,21.35,3449592
2009-02-24 00:00:00+05:30,20.35,21.35,20.35,20.95,2539536
2009-02-25 00:00:00+05:30,21.1,21.1,20.1,20.45,3173844
2009-02-26 00:00:00+05:30,20.45,20.75,19.0,19.3,8169564
2009-02-27 00:00:00+05:30,19.6,19.9,17.9,19.05,7371600
2009-03-02 00:00:00+05:30,18.1,19.4,18.1,18.6,3718812
2009-03-03 00:00:00+05:30,18.45,19.8,18.45,19.2,6320280
2009-03-04 00:00:00+05:30,19.3,19.7,18.9,19.4,4496676
2009-03-05 00:00:00+05:30,19.1,19.1,18.45,18.6,2097240
2009-03-06 00:00:00+05:30,18.6,19.1,18.5,18.75,3911628
2009-03-09 00:00:00+05:30,18.6,18.6,16.6,16.9,4932000
2009-03-12 00:00:00+05:30,16.9,18.1,16.6,17.0,9832992
2009-03-13 00:00:00+05:30,17.05,17.05,15.95,16.25,5881548
2009-03-16 00:00:00+05:30,16.6,17.45,16.6,17.35,9210876
2009-03-17 00:00:00+05:30,17.35,17.4,16.3,16.95,10740504
2009-03-18 00:00:00+05:30,16.7,16.8,15.5,15.85,10494936
2009-03-19 00:00:00+05:30,15.75,16.05,15.2,15.75,5830620
2009-03-20 00:00:00+05:30,15.6,15.65,15.05,15.3,6379740
2009-03-23 00:00:00+05:30,15.95,15.95,15.15,15.8,6207276
2009-03-24 00:00:00+05:30,15.8,16.9,15.65,16.6,14225136
2009-03-25 00:00:00+05:30,16.55,17.25,16.35,16.6,6415884
2009-03-26 00:00:00+05:30,16.8,17.5,16.6,17.25,10716744
2009-03-27 00:00:00+05:30,17.15,18.0,17.05,17.6,7263048
2009-03-30 00:00:00+05:30,17.6,18.6,17.55,18.0,7159572
2009-03-31 00:00:00+05:30,18.1,18.8,17.95,18.55,17083056
2009-04-01 00:00:00+05:30,18.8,19.0,17.5,17.7,5145984
2009-04-02 00:00:00+05:30,18.1,18.55,17.8,18.3,4999704
2009-04-06 00:00:00+05:30,18.55,18.6,17.5,18.4,10195092
2009-04-08 00:00:00+05:30,18.1,19.4,18.1,19.2,11064720
2009-04-09 00:00:00+05:30,19.2,19.85,18.85,19.15,5248464
2009-04-13 00:00:00+05:30,18.8,19.3,17.7,18.1,13155528
2009-04-15 00:00:00+05:30,18.1,18.55,17.45,18.0,18048636
2009-04-16 00:00:00+05:30,18.1,19.9,17.7,19.1,11839572
2009-04-17 00:00:00+05:30,19.2,20.25,19.15,19.5,11248800
2009-04-20 00:00:00+05:30,19.45,20.1,18.7,19.4,5878668
2009-04-21 00:00:00+05:30,19.6,20.1,19.2,19.3,3644280
2009-04-22 00:00:00+05:30,19.6,19.6,18.6,19.15,4418664
2009-04-23 00:00:00+05:30,18.9,19.3,18.55,19.15,1253136
2009-04-24 00:00:00+05:30,18.8,19.45,18.65,19.1,2330496
2009-04-27 00:00:00+05:30,19.55,19.55,18.35,18.65,5774256
2009-04-28 00:00:00+05:30,18.65,19.3,18.2,19.1,8420340
2009-04-29 00:00:00+05:30,19.4,19.7,18.7,19.4,10690656
2009-05-04 00:00:00+05:30,19.15,19.55,18.8,19.2,3709944
2009-05-05 00:00:00+05:30,18.9,19.4,18.1,18.3,6723096
2009-05-06 00:00:00+05:30,18.0,18.2,17.7,17.8,7327728
2009-05-07 00:00:00+05:30,17.65,17.85,17.1,17.25,6994188
2009-05-08 00:00:00+05:30,17.1,17.5,17.0,17.15,7486608
2009-05-11 00:00:00+05:30,17.1,17.15,16.5,16.9,9203796
2009-05-12 00:00:00+05:30,17.15,17.85,17.05,17.35,7952460
2009-05-13 00:00:00+05:30,17.7,18.0,17.0,17.5,12316956
2009-05-14 00:00:00+05:30,17.5,18.2,17.35,17.7,3203892
2009-05-15 00:00:00+05:30,17.8,18.4,17.0,18.1,11486760
2009-05-18 00:00:00+05:30,21.8,23.6,19.2,22.25,47400
2009-05-19 00:00:00+05:30,23.25,23.25,19.1,21.25,17406180
2009-05-20 00:00:00+05:30,20.25,22.1,20.05,20.65,11530632
2009-05-21 00:00:00+05:30,20.45,24.3,20.35,23.7,34285008
2009-05-22 00:00:00+05:30,24.05,24.55,22.2,23.9,19991532
2009-05-25 00:00:00+05:30,22.6,25.9,22.6,25.25,22126956
2009-05-26 00:00:00+05:30,25.55,26.2,23.55,23.75,16327944
2009-05-27 00:00:00+05:30,24.1,25.2,23.6,24.7,9281172
2009-05-28 00:00:00+05:30,24.7,25.2,23.45,24.0,14434272
2009-05-29 00:00:00+05:30,23.95,29.05,23.45,25.2,73378032
2009-06-01 00:00:00+05:30,25.95,26.9,25.2,25.75,22473168
2009-06-02 00:00:00+05:30,25.75,26.3,24.1,25.65,15050856
2009-06-03 00:00:00+05:30,26.0,26.95,24.4,24.85,16560660
2009-06-04 00:00:00+05:30,24.8,25.75,24.5,24.85,13480320
2009-06-05 00:00:00+05:30,25.0,26.6,24.45,25.75,19554084
2009-06-08 00:00:00+05:30,26.7,27.2,24.1,25.1,15436380
2009-06-09 00:00:00+05:30,24.5,24.65,22.2,24.0,28205928
2009-06-10 00:00:00+05:30,25.2,25.2,22.7,23.9,20051832
2009-06-11 00:00:00+05:30,24.7,24.7,21.8,22.2,16705836
2009-06-12 00:00:00+05:30,22.8,23.25,21.45,21.6,11340948
2009-06-15 00:00:00+05:30,21.55,23.05,21.25,22.5,12485700
2009-06-16 00:00:00+05:30,22.9,24.3,22.3,23.9,10856604
2009-06-17 00:00:00+05:30,23.7,23.85,22.2,23.05,6879288
2009-06-18 00:00:00+05:30,22.9,24.1,20.95,22.2,11225616
2009-06-19 00:00:00+05:30,26.7,26.7,21.7,22.05,6951204
2009-06-22 00:00:00+05:30,22.2,23.05,21.25,21.85,8885280
2009-06-23 00:00:00+05:30,21.8,22.55,21.6,22.05,6810180
2009-06-24 00:00:00+05:30,22.2,22.6,21.85,22.45,4016304
2009-06-25 00:00:00+05:30,22.85,22.85,21.35,21.55,18158220
2009-06-26 00:00:00+05:30,21.7,22.15,21.15,21.95,5219964
2009-06-29 00:00:00+05:30,22.2,23.05,22.15,22.3,6461268
2009-06-30 00:00:00+05:30,22.4,23.05,21.95,22.6,8143080
2009-07-01 00:00:00+05:30,21.55,25.0,21.55,24.5,11813748
2009-07-02 00:00:00+05:30,24.9,25.85,24.1,24.45,18190488
2009-07-03 00:00:00+05:30,24.3,25.2,24.3,24.8,9828552
2009-07-06 00:00:00+05:30,24.8,25.4,23.2,23.7,11156256
2009-07-07 00:00:00+05:30,23.6,24.6,23.6,23.7,5108112
2009-07-08 00:00:00+05:30,23.55,25.9,23.35,25.25,9845556
2009-07-09 00:00:00+05:30,25.55,26.0,25.2,25.75,9475224
2009-07-10 00:00:00+05:30,26.1,26.35,23.1,24.3,6678300
2009-07-13 00:00:00+05:30,22.4,24.7,22.4,23.8,3845232
2009-07-14 00:00:00+05:30,23.7,24.5,22.75,24.2,6057540
2009-07-15 00:00:00+05:30,24.3,25.4,23.7,24.95,4483680
2009-07-16 00:00:00+05:30,25.45,25.45,24.4,24.75,2843328
2009-07-17 00:00:00+05:30,24.8,25.1,23.95,24.8,4553988
2009-07-20 00:00:00+05:30,24.55,25.15,23.8,24.55,6622716
2009-07-21 00:00:00+05:30,24.4,24.55,24.0,24.1,7276632
2009-07-22 00:00:00+05:30,24.35,24.35,23.0,23.4,14046876
2009-07-23 00:00:00+05:30,24.0,24.55,23.3,24.25,9760728
2009-07-24 00:00:00+05:30,24.1,24.55,23.7,24.3,3342372
2009-07-27 00:00:00+05:30,24.1,24.45,23.6,24.25,3845424
2009-07-28 00:00:00+05:30,25.2,25.35,24.25,25.0,5946816
2009-07-29 00:00:00+05:30,25.5,25.75,24.3,25.5,8706012
2009-07-30 00:00:00+05:30,25.75,27.75,25.75,26.9,15484452
2009-07-31 00:00:00+05:30,27.4,27.4,25.6,25.9,12250656
2009-08-03 00:00:00+05:30,26.0,26.2,24.8,25.2,7107096
2009-08-04 00:00:00+05:30,25.2,28.35,24.55,26.95,17101320
2009-08-05 00:00:00+05:30,27.4,28.4,26.8,27.9,16431000
2009-08-06 00:00:00+05:30,27.65,29.6,27.65,28.45,16852452
2009-08-07 00:00:00+05:30,28.15,30.35,26.95,29.5,12432936
2009-08-10 00:00:00+05:30,30.5,31.2,27.1,27.65,10147116
2009-08-11 00:00:00+05:30,27.5,28.45,26.35,27.5,4776336
2009-08-12 00:00:00+05:30,27.45,29.15,27.3,28.7,9757068
2009-08-13 00:00:00+05:30,28.8,29.05,28.1,28.8,5145912
2009-08-14 00:00:00+05:30,29.05,30.0,28.8,29.5,11117436
2009-08-17 00:00:00+05:30,29.45,30.5,27.6,28.35,10102200
2009-08-18 00:00:00+05:30,28.3,29.7,28.1,29.2,5356020
2009-08-19 00:00:00+05:30,29.15,29.5,28.4,29.2,7363524
2009-08-20 00:00:00+05:30,29.15,29.6,28.55,29.05,4387824
2009-08-21 00:00:00+05:30,29.1,30.4,28.45,30.15,5729556
2009-08-24 00:00:00+05:30,30.5,30.5,28.95,29.15,6016056
2009-08-25 00:00:00+05:30,29.0,29.4,27.75,28.05,9367152
2009-08-26 00:00:00+05:30,27.95,28.6,27.6,27.95,7366104
2009-08-27 00:00:00+05:30,28.25,28.35,27.1,27.4,10386180
2009-08-28 00:00:00+05:30,26.7,28.05,26.7,27.35,6816864
2009-08-31 00:00:00+05:30,26.95,28.65,26.35,28.45,6406248
2009-09-01 00:00:00+05:30,29.0,29.5,28.4,28.85,7146264
2009-09-02 00:00:00+05:30,28.95,31.55,28.95,30.9,15354432
2009-09-03 00:00:00+05:30,30.8,32.45,30.8,31.95,17368008
2009-09-04 00:00:00+05:30,33.05,33.45,31.5,32.3,8010528
2009-09-07 00:00:00+05:30,33.7,35.45,32.45,35.0,22352976
2009-09-08 00:00:00+05:30,35.15,35.15,33.5,34.45,9504120
2009-09-09 00:00:00+05:30,34.2,34.2,32.15,32.5,11415828
2009-09-10 00:00:00+05:30,32.5,33.8,32.5,33.45,7665648
2009-09-11 00:00:00+05:30,33.5,33.8,31.55,32.3,10052604
2009-09-14 00:00:00+05:30,32.75,33.45,32.55,32.85,10697292
2009-09-15 00:00:00+05:30,33.2,34.1,32.75,33.15,9011988
2009-09-16 00:00:00+05:30,33.5,34.2,32.1,32.6,7957608
2009-09-17 00:00:00+05:30,32.7,32.9,30.1,30.55,16660152
2009-09-18 00:00:00+05:30,30.5,31.55,30.35,31.1,11452740
2009-09-22 00:00:00+05:30,31.55,32.65,31.5,32.35,7985832
2009-09-23 00:00:00+05:30,32.3,32.7,31.85,32.1,4248264
2009-09-24 00:00:00+05:30,32.2,33.6,32.1,33.4,10779324
2009-09-25 00:00:00+05:30,33.9,34.95,33.65,33.95,5783304
2009-09-29 00:00:00+05:30,34.5,34.5,32.75,32.95,4645920
2009-09-30 00:00:00+05:30,33.35,34.1,32.3,33.45,7599768
2009-10-01 00:00:00+05:30,33.15,33.2,31.8,32.1,8207952
2009-10-05 00:00:00+05:30,31.95,32.8,31.95,32.55,3004440
2009-10-06 00:00:00+05:30,32.7,33.1,31.6,31.85,16229136
2009-10-07 00:00:00+05:30,33.45,33.45,31.6,31.9,3027720
2009-10-08 00:00:00+05:30,31.95,33.55,31.95,32.9,5781624
2009-10-09 00:00:00+05:30,32.65,32.9,32.05,32.55,5241444
2009-10-12 00:00:00+05:30,32.35,32.9,31.95,32.75,3393036
2009-10-14 00:00:00+05:30,32.65,32.65,31.1,31.35,9567588
2009-10-15 00:00:00+05:30,30.8,31.55,30.3,30.65,8210364
2009-10-16 00:00:00+05:30,29.7,30.5,29.4,29.7,7817724
2009-10-20 00:00:00+05:30,29.5,30.3,28.75,29.95,9509832
2009-10-21 00:00:00+05:30,30.2,30.7,29.05,29.5,7326144
2009-10-22 00:00:00+05:30,29.0,30.0,28.35,29.45,7213044
2009-10-23 00:00:00+05:30,29.4,30.4,29.05,29.2,5551332
2009-10-26 00:00:00+05:30,30.0,30.0,28.9,29.0,4115124
2009-10-27 00:00:00+05:30,29.05,29.45,27.95,28.85,8017080
2009-10-28 00:00:00+05:30,28.85,29.1,27.25,27.5,3169860
2009-10-29 00:00:00+05:30,27.1,29.05,26.5,28.25,7673076
2009-10-30 00:00:00+05:30,27.85,29.0,27.6,28.75,8218308
2009-11-03 00:00:00+05:30,28.55,29.45,27.85,28.15,5425068
2009-11-04 00:00:00+05:30,27.9,28.45,27.85,28.2,1637364
2009-11-05 00:00:00+05:30,28.55,28.55,27.65,28.25,2870628
2009-11-06 00:00:00+05:30,28.65,29.0,28.15,28.65,2219388
2009-11-09 00:00:00+05:30,28.9,29.3,28.4,29.2,3852624
2009-11-10 00:00:00+05:30,29.4,30.5,28.85,29.9,7479984
2009-11-11 00:00:00+05:30,30.3,30.9,29.0,29.2,8417136
2009-11-12 00:00:00+05:30,29.4,29.4,28.55,28.9,4437948
2009-11-13 00:00:00+05:30,29.45,29.8,28.75,29.5,10706064
2009-11-16 00:00:00+05:30,29.75,30.1,29.15,29.55,3926988
2009-11-17 00:00:00+05:30,29.95,30.1,28.8,29.3,4799172
2009-11-18 00:00:00+05:30,29.2,29.3,28.65,29.0,8600184
2009-11-19 00:00:00+05:30,28.65,29.15,28.25,28.45,6748164
2009-11-20 00:00:00+05:30,28.8,29.5,28.45,29.4,3696624
2009-11-23 00:00:00+05:30,29.4,30.2,29.1,29.9,4432788
2009-11-24 00:00:00+05:30,30.7,31.0,30.0,30.8,6859980
2009-11-25 00:00:00+05:30,31.0,34.1,31.0,33.6,17466636
2009-11-26 00:00:00+05:30,33.9,33.9,32.85,33.25,11532672
2009-11-27 00:00:00+05:30,33.2,34.8,32.45,33.95,9841416
2009-11-30 00:00:00+05:30,33.7,35.05,33.7,34.6,13846752
2009-12-01 00:00:00+05:30,34.8,36.6,33.95,35.8,11948580
2009-12-02 00:00:00+05:30,35.9,35.9,34.5,34.95,12481488
2009-12-03 00:00:00+05:30,35.75,36.1,34.6,35.65,6396972
2009-12-04 00:00:00+05:30,35.75,37.65,35.75,36.65,13699392
2009-12-07 00:00:00+05:30,36.9,37.3,36.4,37.1,6778488
2009-12-08 00:00:00+05:30,37.4,38.4,37.2,38.2,9292272
2009-12-09 00:00:00+05:30,38.1,38.75,37.6,37.95,6819348
2009-12-10 00:00:00+05:30,38.2,38.7,37.35,37.9,4757208
2009-12-11 00:00:00+05:30,38.2,38.3,36.8,37.0,5639424
2009-12-14 00:00:00+05:30,36.9,37.85,36.5,36.9,4204104
2009-12-15 00:00:00+05:30,36.6,37.1,36.2,36.45,5097108
2009-12-16 00:00:00+05:30,36.4,36.75,35.65,36.1,2702016
2009-12-17 00:00:00+05:30,36.2,36.2,34.95,35.25,5479500
2009-12-18 00:00:00+05:30,34.95,35.6,34.6,34.95,2807388
2009-12-21 00:00:00+05:30,34.95,35.2,34.35,34.9,5121168
2009-12-22 00:00:00+05:30,35.1,36.4,34.8,36.0,3389460
2009-12-23 00:00:00+05:30,36.4,36.6,35.8,36.2,9052080
2009-12-24 00:00:00+05:30,36.4,36.55,35.95,36.35,3596388
2009-12-29 00:00:00+05:30,36.2,37.3,36.0,36.4,3870672
2009-12-30 00:00:00+05:30,36.35,37.2,35.85,36.8,4043868
2009-12-31 00:00:00+05:30,36.85,38.3,36.7,38.0,15057468
2010-01-04 00:00:00+05:30,38.0,39.65,37.75,39.15,8574492
2010-01-05 00:00:00+05:30,39.55,39.55,38.3,38.4,9657744
2010-01-06 00:00:00+05:30,38.5,39.0,37.5,37.7,11658792
2010-01-07 00:00:00+05:30,37.65,38.15,36.4,36.75,11073504
2010-01-08 00:00:00+05:30,36.75,38.0,36.75,37.55,6865776
2010-01-11 00:00:00+05:30,37.85,38.5,37.2,37.5,5999220
2010-01-12 00:00:00+05:30,37.5,38.3,37.0,37.45,8602452
2010-01-13 00:00:00+05:30,37.75,38.55,36.95,37.55,9639408
2010-01-14 00:00:00+05:30,38.0,38.2,37.1,37.3,11102712
2010-01-15 00:00:00+05:30,37.4,37.8,36.4,36.6,5771340
2010-01-18 00:00:00+05:30,37.5,37.5,36.45,36.7,2665440
2010-01-19 00:00:00+05:30,36.7,37.55,35.6,35.8,5398272
2010-01-20 00:00:00+05:30,35.75,36.25,33.5,33.7,11995620
2010-01-21 00:00:00+05:30,34.15,34.3,32.85,33.35,5488200
2010-01-22 00:00:00+05:30,32.3,33.5,31.15,33.25,5595036
2010-01-25 00:00:00+05:30,33.5,33.5,32.05,33.1,2522016
2010-01-27 00:00:00+05:30,32.65,32.85,31.4,31.95,5549928
2010-01-28 00:00:00+05:30,32.7,32.85,30.4,31.0,10590636
2010-01-29 00:00:00+05:30,30.8,31.5,29.9,30.9,7842012
2010-02-01 00:00:00+05:30,31.45,34.6,31.2,34.1,11074560
2010-02-02 00:00:00+05:30,34.4,34.8,31.9,32.75,12864108
2010-02-03 00:00:00+05:30,33.15,34.15,32.45,33.9,7170024
2010-02-04 00:00:00+05:30,34.3,35.35,33.7,34.05,14772456
2010-02-05 00:00:00+05:30,33.9,34.05,32.35,32.95,7155552
2010-02-08 00:00:00+05:30,34.1,34.2,32.3,33.35,5056560
2010-02-09 00:00:00+05:30,32.9,33.45,32.15,32.35,4240596
2010-02-10 00:00:00+05:30,32.55,33.85,32.35,33.35,8534388
2010-02-11 00:00:00+05:30,33.9,34.2,32.4,32.8,9600300
2010-02-15 00:00:00+05:30,32.7,32.85,31.75,32.15,3930840
2010-02-16 00:00:00+05:30,32.3,33.45,32.0,33.1,2834892
2010-02-17 00:00:00+05:30,33.45,33.5,32.5,32.65,4306836
2010-02-18 00:00:00+05:30,33.05,36.35,32.35,34.7,26675052
2010-02-19 00:00:00+05:30,33.9,35.45,33.5,34.05,10731792
2010-02-22 00:00:00+05:30,34.2,35.1,33.6,34.8,8567760
2010-02-23 00:00:00+05:30,34.5,35.35,33.7,33.8,10161468
2010-02-24 00:00:00+05:30,33.5,34.35,33.5,33.95,3922152
2010-02-25 00:00:00+05:30,34.0,34.2,32.45,32.85,11466228
2010-02-26 00:00:00+05:30,33.3,35.05,32.2,32.65,18766668
2010-03-02 00:00:00+05:30,33.2,33.2,30.7,30.9,11484792
2010-03-03 00:00:00+05:30,31.0,31.55,30.7,31.0,5579676
2010-03-04 00:00:00+05:30,30.9,31.15,30.3,30.5,10751568
2010-03-05 00:00:00+05:30,30.6,31.0,30.6,30.85,9067116
2010-03-08 00:00:00+05:30,31.1,31.75,30.55,31.0,6785592
2010-03-09 00:00:00+05:30,31.3,31.55,30.5,30.55,9870636
2010-03-10 00:00:00+05:30,30.6,31.15,30.55,30.6,6288240
2010-03-11 00:00:00+05:30,30.55,30.7,29.7,30.1,7089336
2010-03-12 00:00:00+05:30,30.55,30.55,29.55,29.85,5192904
2010-03-15 00:00:00+05:30,30.6,30.75,29.3,30.0,4675008
2010-03-16 00:00:00+05:30,30.1,31.4,30.0,31.25,6379464
2010-03-17 00:00:00+05:30,31.4,31.55,30.55,30.7,5981856
2010-03-18 00:00:00+05:30,29.7,31.05,29.5,29.85,5885268
2010-03-19 00:00:00+05:30,30.1,30.2,29.3,29.5,6818124
2010-03-22 00:00:00+05:30,29.05,30.1,29.0,29.15,7041876
2010-03-23 00:00:00+05:30,30.1,30.5,28.55,28.75,12517188
2010-03-25 00:00:00+05:30,29.1,29.1,28.0,28.25,13769460
2010-03-26 00:00:00+05:30,28.25,29.0,28.05,28.65,9488352
2010-03-29 00:00:00+05:30,29.3,30.2,28.55,29.85,11004156
2010-03-30 00:00:00+05:30,30.1,30.3,29.4,29.5,4964256
2010-03-31 00:00:00+05:30,29.8,29.8,28.65,29.2,4819224
2010-04-01 00:00:00+05:30,29.2,29.3,28.75,28.75,2330928
2010-04-05 00:00:00+05:30,28.85,29.0,28.35,28.55,8340972
2010-04-06 00:00:00+05:30,28.55,29.15,28.3,28.35,10885488
2010-04-07 00:00:00+05:30,27.9,29.15,27.9,28.25,4475328
2010-04-08 00:00:00+05:30,28.55,28.9,27.95,28.55,7487208
2010-04-09 00:00:00+05:30,28.8,28.8,28.25,28.3,4152060
2010-04-12 00:00:00+05:30,28.4,28.75,27.3,27.85,10064340
2010-04-13 00:00:00+05:30,28.15,28.55,27.85,28.45,5900340
2010-04-15 00:00:00+05:30,28.45,28.7,28.05,28.45,10115280
2010-04-16 00:00:00+05:30,28.45,28.65,27.55,27.75,4469004
2010-04-19 00:00:00+05:30,27.5,28.45,27.5,27.75,4136664
2010-04-20 00:00:00+05:30,28.2,28.4,27.5,27.9,7092876
2010-04-21 00:00:00+05:30,27.9,28.05,27.55,27.8,3306456
2010-04-22 00:00:00+05:30,27.95,28.15,27.5,27.75,4043964
2010-04-23 00:00:00+05:30,27.85,28.25,27.5,27.75,3218508
2010-04-26 00:00:00+05:30,27.85,28.15,27.55,28.0,2837100
2010-04-27 00:00:00+05:30,28.15,28.65,27.95,28.1,4602564
2010-04-28 00:00:00+05:30,27.85,28.85,27.85,28.25,4370424
2010-04-29 00:00:00+05:30,28.35,28.65,26.95,27.2,6628092
2010-04-30 00:00:00+05:30,27.95,29.45,27.2,29.15,17011104
2010-05-03 00:00:00+05:30,29.4,29.95,29.0,29.2,7618512
2010-05-04 00:00:00+05:30,29.4,30.1,28.85,29.0,6286332
2010-05-05 00:00:00+05:30,28.65,30.3,28.55,29.8,9638256
2010-05-06 00:00:00+05:30,30.1,30.95,29.85,30.8,11643792
2010-05-07 00:00:00+05:30,30.55,32.65,30.5,31.55,14803548
2010-05-10 00:00:00+05:30,31.95,32.3,30.55,30.8,5403864
2010-05-11 00:00:00+05:30,31.2,31.3,30.55,30.95,3301656
2010-05-12 00:00:00+05:30,31.1,31.35,30.5,30.85,5028588
2010-05-13 00:00:00+05:30,31.0,31.5,30.25,30.6,6577200
2010-05-14 00:00:00+05:30,30.9,31.95,30.7,31.55,10100400
2010-05-17 00:00:00+05:30,31.85,32.0,30.8,31.05,6134172
2010-05-18 00:00:00+05:30,31.3,31.35,30.6,31.2,1961868
2010-05-19 00:00:00+05:30,31.2,31.55,30.75,31.2,4840140
2010-05-20 00:00:00+05:30,31.95,32.55,31.2,32.2,14468172
2010-05-21 00:00:00+05:30,31.75,32.35,31.0,32.25,14817180
2010-05-24 00:00:00+05:30,32.7,32.95,31.85,32.3,5967804
2010-05-25 00:00:00+05:30,32.65,32.65,31.3,31.55,5609100
2010-05-26 00:00:00+05:30,31.55,32.65,31.2,32.0,13837488
2010-05-27 00:00:00+05:30,31.95,33.5,31.85,33.35,13621692
2010-05-28 00:00:00+05:30,33.7,33.7,32.3,32.6,11655708
2010-05-31 00:00:00+05:30,32.7,34.55,32.45,33.95,14212080
2010-06-01 00:00:00+05:30,34.05,35.05,32.75,33.6,9745644
2010-06-02 00:00:00+05:30,34.1,34.15,33.25,33.5,3612828
2010-06-03 00:00:00+05:30,33.7,34.55,33.7,33.9,9746724
2010-06-04 00:00:00+05:30,34.05,34.6,32.9,33.9,18561948
2010-06-07 00:00:00+05:30,33.5,34.5,32.1,32.55,15933156
2010-06-08 00:00:00+05:30,32.1,32.1,30.55,31.1,15256248
2010-06-09 00:00:00+05:30,31.5,32.7,31.5,31.8,9906708
2010-06-10 00:00:00+05:30,32.15,32.2,31.3,31.65,3973032
2010-06-11 00:00:00+05:30,31.95,32.0,30.7,30.9,8574324
2010-06-14 00:00:00+05:30,31.35,32.85,31.1,32.55,9961452
2010-06-15 00:00:00+05:30,32.65,32.65,29.95,30.15,9503376
2010-06-16 00:00:00+05:30,30.15,30.75,29.0,30.45,16474272
2010-06-17 00:00:00+05:30,30.75,31.1,30.4,30.5,5569716
2010-06-18 00:00:00+05:30,30.8,30.8,29.2,29.4,10787220
2010-06-21 00:00:00+05:30,29.85,30.1,29.6,29.8,5392980
2010-06-22 00:00:00+05:30,29.8,32.0,29.8,31.6,15744840
2010-06-23 00:00:00+05:30,31.85,32.4,31.65,32.25,11620596
2010-06-24 00:00:00+05:30,32.45,32.7,31.5,31.65,8627820
2010-06-25 00:00:00+05:30,32.0,37.9,31.15,36.9,122441808
2010-06-28 00:00:00+05:30,37.15,39.35,35.75,38.55,122643036
2010-06-29 00:00:00+05:30,38.35,38.85,37.2,38.0,51177960
2010-06-30 00:00:00+05:30,37.55,40.85,37.3,40.05,71319864
2010-07-01 00:00:00+05:30,40.05,41.1,39.45,39.85,54190380
2010-07-02 00:00:00+05:30,40.25,40.9,39.95,40.35,29322864
2010-07-05 00:00:00+05:30,40.55,41.1,39.35,39.75,9839400
2010-07-06 00:00:00+05:30,39.85,40.55,39.2,40.15,16723944
2010-07-07 00:00:00+05:30,40.25,40.25,39.55,39.75,6611280
2010-07-08 00:00:00+05:30,40.35,43.05,39.95,42.75,49917492
2010-07-09 00:00:00+05:30,43.1,43.95,42.75,43.65,41452512
2010-07-12 00:00:00+05:30,43.65,44.0,41.9,42.1,17851320
2010-07-13 00:00:00+05:30,42.3,43.55,42.0,42.9,17108508
2010-07-14 00:00:00+05:30,43.35,44.3,42.3,42.9,24668928
2010-07-15 00:00:00+05:30,43.2,43.2,38.95,39.55,56752680
2010-07-16 00:00:00+05:30,37.3,40.6,37.3,39.95,36552804
2010-07-19 00:00:00+05:30,39.85,40.6,39.3,39.45,12208344
2010-07-20 00:00:00+05:30,39.45,40.15,38.1,38.45,18337944
2010-07-21 00:00:00+05:30,38.55,39.3,37.9,38.8,21111600
2010-07-22 00:00:00+05:30,38.75,39.3,38.2,38.45,21076944
2010-07-23 00:00:00+05:30,38.5,38.75,37.6,37.75,15784704
2010-07-26 00:00:00+05:30,37.25,37.9,36.95,37.2,12519888
2010-07-27 00:00:00+05:30,37.55,38.1,37.15,37.6,10000956
2010-07-28 00:00:00+05:30,37.9,38.95,37.85,38.6,17961084
2010-07-29 00:00:00+05:30,37.95,38.9,37.95,38.3,6451668
2010-07-30 00:00:00+05:30,38.1,39.45,37.65,38.5,26580516
2010-08-02 00:00:00+05:30,38.5,38.9,38.15,38.6,5874924
2010-08-03 00:00:00+05:30,38.5,39.65,38.25,39.35,16633752
2010-08-04 00:00:00+05:30,39.6,39.85,38.9,39.15,8515536
2010-08-05 00:00:00+05:30,39.05,39.95,38.55,39.25,10579164
2010-08-06 00:00:00+05:30,39.25,39.85,38.85,39.15,11416776
2010-08-09 00:00:00+05:30,39.25,39.55,38.75,38.9,8493600
2010-08-10 00:00:00+05:30,38.95,39.35,38.65,38.85,10059240
2010-08-11 00:00:00+05:30,39.1,40.55,38.95,39.85,26468460
2010-08-12 00:00:00+05:30,39.75,41.6,39.75,40.95,26375388
2010-08-13 00:00:00+05:30,41.1,42.3,40.55,40.75,8684808
2010-08-16 00:00:00+05:30,41.1,41.3,39.25,39.7,6551652
2010-08-17 00:00:00+05:30,39.75,41.3,39.65,40.9,14585244
2010-08-18 00:00:00+05:30,41.4,41.9,40.85,41.3,13980120
2010-08-19 00:00:00+05:30,41.4,41.7,40.85,41.05,4133268
2010-08-20 00:00:00+05:30,41.9,43.25,41.05,42.75,21284544
2010-08-23 00:00:00+05:30,43.0,49.0,42.85,48.5,103530612
2010-08-24 00:00:00+05:30,48.85,50.2,47.0,47.35,44172444
2010-08-25 00:00:00+05:30,47.35,48.4,46.45,46.75,26994204
2010-08-26 00:00:00+05:30,46.85,48.05,46.7,47.65,24156252
2010-08-27 00:00:00+05:30,47.5,50.45,46.8,48.55,50255268
2010-08-30 00:00:00+05:30,49.8,53.3,47.8,48.15,19951368
2010-08-31 00:00:00+05:30,48.05,48.6,46.05,47.45,18647100
2010-09-01 00:00:00+05:30,47.9,49.3,47.65,48.75,17319744
2010-09-02 00:00:00+05:30,49.0,49.6,48.45,48.8,12452268
2010-09-03 00:00:00+05:30,48.9,49.1,47.75,47.9,11076456
2010-09-06 00:00:00+05:30,48.0,48.3,47.35,47.65,12007068
2010-09-07 00:00:00+05:30,45.85,48.3,45.85,47.25,8995188
2010-09-08 00:00:00+05:30,46.95,47.9,46.3,47.15,18585756
2010-09-09 00:00:00+05:30,47.15,47.55,46.45,46.7,8749704
2010-09-13 00:00:00+05:30,46.8,47.1,45.95,46.8,16727376
2010-09-14 00:00:00+05:30,46.8,48.6,46.25,48.05,26795844
2010-09-15 00:00:00+05:30,48.0,48.8,47.65,47.9,15763260
2010-09-16 00:00:00+05:30,48.05,48.4,46.5,46.95,14493240
2010-09-17 00:00:00+05:30,47.55,48.15,46.9,47.85,11654868
2010-09-20 00:00:00+05:30,47.45,51.05,47.25,50.5,25724124
2010-09-21 00:00:00+05:30,51.65,51.65,49.6,49.9,18368616
2010-09-22 00:00:00+05:30,50.35,50.85,49.1,49.5,10633440
2010-09-23 00:00:00+05:30,49.65,49.9,48.3,49.1,8004840
2010-09-24 00:00:00+05:30,49.6,50.2,48.9,49.6,9418152
2010-09-27 00:00:00+05:30,50.0,50.4,49.25,49.5,11269188
2010-09-28 00:00:00+05:30,49.65,49.8,48.3,49.0,9348408
2010-09-29 00:00:00+05:30,49.0,49.3,47.25,47.8,10312728
2010-09-30 00:00:00+05:30,47.7,48.05,46.25,46.6,17448396
2010-10-01 00:00:00+05:30,46.6,47.55,46.3,47.0,9014604
2010-10-04 00:00:00+05:30,47.0,47.45,46.0,47.1,14108340
2010-10-05 00:00:00+05:30,47.15,48.15,46.8,47.75,11473944
2010-10-06 00:00:00+05:30,48.0,48.3,47.15,47.35,12150300
2010-10-07 00:00:00+05:30,47.35,48.5,46.3,46.8,16914000
2010-10-08 00:00:00+05:30,47.2,47.35,46.05,46.4,6902724
2010-10-11 00:00:00+05:30,46.8,46.85,45.85,46.15,8419896
2010-10-12 00:00:00+05:30,46.5,46.7,45.95,46.15,4382796
2010-10-13 00:00:00+05:30,45.85,47.6,45.85,47.45,7965072
2010-10-14 00:00:00+05:30,47.45,47.7,44.3,44.55,25038012
2010-10-15 00:00:00+05:30,44.95,44.95,42.0,42.5,33763860
2010-10-18 00:00:00+05:30,43.2,43.55,42.5,42.8,14592600
2010-10-19 00:00:00+05:30,43.2,44.1,42.45,43.45,14934108
2010-10-20 00:00:00+05:30,43.45,44.7,43.35,43.9,12183900
2010-10-21 00:00:00+05:30,44.05,44.75,43.65,44.45,10987872
2010-10-22 00:00:00+05:30,44.45,44.85,44.05,44.3,4517520
2010-10-25 00:00:00+05:30,44.4,45.05,44.2,44.55,5038788
2010-10-26 00:00:00+05:30,44.75,44.75,43.2,43.55,5551608
2010-10-27 00:00:00+05:30,43.85,43.85,42.85,43.0,5197272
2010-10-28 00:00:00+05:30,43.0,45.95,43.0,44.4,38685216
2010-10-29 00:00:00+05:30,44.3,45.75,43.85,45.15,15415428
2010-11-01 00:00:00+05:30,45.75,47.35,45.5,46.95,14228388
2010-11-02 00:00:00+05:30,47.05,48.45,46.7,48.3,17937768
2010-11-03 00:00:00+05:30,48.65,48.65,47.35,47.85,6285144
2010-11-04 00:00:00+05:30,47.85,47.95,47.15,47.4,3165096
2010-11-05 00:00:00+05:30,47.45,47.85,47.15,47.55,388488
2010-11-08 00:00:00+05:30,47.65,47.65,45.55,45.95,8978052
2010-11-09 00:00:00+05:30,46.15,46.7,46.0,46.15,4471272
2010-11-10 00:00:00+05:30,46.35,48.05,45.75,47.05,7653960
2010-11-11 00:00:00+05:30,48.45,49.25,46.05,46.4,19114080
2010-11-12 00:00:00+05:30,46.25,46.7,44.85,45.15,5057004
2010-11-15 00:00:00+05:30,45.85,46.05,44.65,45.65,6457116
2010-11-16 00:00:00+05:30,45.85,45.85,43.35,44.75,12384540
2010-11-18 00:00:00+05:30,45.3,46.25,43.75,45.75,8728176
2010-11-19 00:00:00+05:30,45.85,45.85,43.1,43.85,7765440
2010-11-22 00:00:00+05:30,44.4,44.5,43.15,44.1,4532424
2010-11-23 00:00:00+05:30,43.7,44.45,42.45,43.25,7123908
2010-11-24 00:00:00+05:30,43.25,44.3,42.3,42.9,4300260
2010-11-25 00:00:00+05:30,43.2,43.35,39.05,40.85,13981008
2010-11-26 00:00:00+05:30,40.85,41.7,39.45,40.45,6310656
2010-11-29 00:00:00+05:30,40.9,41.7,40.15,41.3,6116148
2010-11-30 00:00:00+05:30,41.5,41.5,40.05,40.95,4779912
2010-12-01 00:00:00+05:30,41.3,43.75,40.9,42.75,10293036
2010-12-02 00:00:00+05:30,43.0,43.35,41.5,41.8,9066936
2010-12-03 00:00:00+05:30,42.1,42.2,40.75,40.9,7749936
2010-12-06 00:00:00+05:30,40.55,42.45,40.05,40.55,13574964
2010-12-07 00:00:00+05:30,40.6,40.9,39.6,39.95,6235248
2010-12-08 00:00:00+05:30,39.6,41.9,39.55,41.1,14707728
2010-12-09 00:00:00+05:30,41.7,42.75,39.15,40.9,14514036
2010-12-10 00:00:00+05:30,40.65,41.8,40.55,41.4,3203700
2010-12-13 00:00:00+05:30,41.7,42.1,39.95,41.2,5729736
2010-12-14 00:00:00+05:30,42.0,42.4,40.9,41.05,5767188
2010-12-15 00:00:00+05:30,42.4,44.5,42.3,43.1,28592052
2010-12-16 00:00:00+05:30,43.35,43.6,41.85,42.8,7925784
2010-12-20 00:00:00+05:30,42.8,42.8,41.9,42.25,2344812
2010-12-21 00:00:00+05:30,42.45,42.45,41.3,41.6,3368712
2010-12-22 00:00:00+05:30,41.9,43.1,41.05,42.55,6463860
2010-12-23 00:00:00+05:30,43.0,43.0,41.65,42.0,4294800
2010-12-24 00:00:00+05:30,41.2,41.7,40.65,40.85,5384244
2010-12-27 00:00:00+05:30,40.85,40.95,40.0,40.35,5000244
2010-12-28 00:00:00+05:30,40.1,40.35,39.85,40.15,2888544
2010-12-29 00:00:00+05:30,40.35,40.9,40.35,40.55,4375236
2010-12-30 00:00:00+05:30,40.0,40.4,39.3,39.75,12254076
2010-12-31 00:00:00+05:30,39.95,40.3,39.35,39.7,7244556
2011-01-03 00:00:00+05:30,40.0,40.65,39.5,39.85,8791392
2011-01-04 00:00:00+05:30,39.95,40.15,39.15,39.35,8159904
2011-01-05 00:00:00+05:30,39.45,40.0,37.65,37.8,11458320
2011-01-06 00:00:00+05:30,38.0,38.1,36.35,36.7,12815940
2011-01-07 00:00:00+05:30,36.75,37.45,36.4,36.6,5143368
2011-01-10 00:00:00+05:30,36.75,37.0,35.45,35.8,5393448
2011-01-11 00:00:00+05:30,35.65,36.7,34.8,36.1,6438888
2011-01-12 00:00:00+05:30,35.95,37.3,34.9,36.75,9444288
2011-01-13 00:00:00+05:30,36.75,36.75,34.95,35.15,9584808
2011-01-14 00:00:00+05:30,34.95,35.8,34.4,34.9,7704864
2011-01-17 00:00:00+05:30,36.35,36.55,34.05,34.2,11899416
2011-01-18 00:00:00+05:30,34.5,34.95,34.05,34.55,2522496
2011-01-19 00:00:00+05:30,34.55,35.25,33.95,34.1,4375968
2011-01-20 00:00:00+05:30,34.0,34.0,33.3,33.5,4479600
2011-01-21 00:00:00+05:30,33.35,34.9,32.75,34.7,7943124
2011-01-24 00:00:00+05:30,34.8,35.75,34.7,35.45,6525744
2011-01-25 00:00:00+05:30,35.8,38.0,35.55,37.65,18835044
2011-01-27 00:00:00+05:30,37.85,38.75,36.55,38.1,13893564
2011-01-28 00:00:00+05:30,38.35,38.35,36.85,37.8,3713088
2011-01-31 00:00:00+05:30,37.1,37.45,35.6,36.35,7639488
2011-02-01 00:00:00+05:30,35.75,37.85,33.55,33.9,9925200
2011-02-02 00:00:00+05:30,34.1,35.9,33.2,34.9,13946676
2011-02-03 00:00:00+05:30,34.6,38.65,34.0,35.0,4761456
2011-02-04 00:00:00+05:30,34.8,35.9,34.2,34.5,4016592
2011-02-07 00:00:00+05:30,34.95,35.6,34.2,34.95,12792816
2011-02-08 00:00:00+05:30,35.55,36.45,34.95,35.3,7476000
2011-02-09 00:00:00+05:30,35.3,35.5,33.55,34.2,7269864
2011-02-10 00:00:00+05:30,34.2,34.8,33.7,34.2,4283952
2011-02-11 00:00:00+05:30,34.2,34.8,31.4,34.05,10144164
2011-02-14 00:00:00+05:30,33.9,36.2,33.9,35.65,5326872
2011-02-15 00:00:00+05:30,36.0,36.9,35.35,35.65,8941092
2011-02-16 00:00:00+05:30,35.8,36.4,35.45,35.65,4667268
2011-02-17 00:00:00+05:30,35.8,36.65,34.75,36.45,8947344
2011-02-18 00:00:00+05:30,36.4,36.5,34.6,34.7,4875288
2011-02-21 00:00:00+05:30,34.6,34.75,33.6,34.55,4032468
2011-02-22 00:00:00+05:30,33.6,33.6,32.35,33.15,6893976
2011-02-23 00:00:00+05:30,32.35,32.95,32.1,32.55,6310188
2011-02-24 00:00:00+05:30,31.95,32.2,30.05,30.8,15265032
2011-02-25 00:00:00+05:30,31.4,31.95,30.15,30.75,10438728
2011-02-28 00:00:00+05:30,30.95,32.7,30.7,31.85,8595396
2011-03-01 00:00:00+05:30,32.2,34.35,32.2,34.1,8550156
2011-03-03 00:00:00+05:30,33.05,34.8,32.4,33.15,9244464
2011-03-04 00:00:00+05:30,34.05,34.5,32.85,33.9,8464404
2011-03-07 00:00:00+05:30,32.3,33.15,31.85,32.1,4743768
2011-03-08 00:00:00+05:30,32.3,32.75,32.0,32.45,6228528
2011-03-09 00:00:00+05:30,33.1,33.35,31.1,31.7,13454172
2011-03-10 00:00:00+05:30,31.2,31.5,30.7,31.1,8909148
2011-03-11 00:00:00+05:30,31.5,31.95,30.7,31.3,10975932
2011-03-14 00:00:00+05:30,31.7,33.35,31.65,33.15,9542208
2011-03-15 00:00:00+05:30,32.85,33.7,32.15,33.15,10274472
2011-03-16 00:00:00+05:30,33.9,34.6,33.35,33.6,8792640
2011-03-17 00:00:00+05:30,32.85,33.8,32.85,33.45,2235528
2011-03-18 00:00:00+05:30,32.5,32.95,31.95,32.25,4374720
2011-03-21 00:00:00+05:30,32.25,33.2,31.85,32.65,5206440
2011-03-22 00:00:00+05:30,32.55,32.95,32.2,32.75,2813328
2011-03-23 00:00:00+05:30,32.55,33.45,32.1,33.3,4281072
2011-03-24 00:00:00+05:30,33.3,33.95,32.85,33.65,3059364
2011-03-25 00:00:00+05:30,33.6,35.15,33.25,34.8,4624428
2011-03-28 00:00:00+05:30,34.9,35.35,34.05,34.5,4141320
2011-03-29 00:00:00+05:30,34.75,36.7,34.6,36.25,7720512
2011-03-30 00:00:00+05:30,36.4,36.8,35.8,36.35,6947760
2011-03-31 00:00:00+05:30,36.2,37.1,35.6,36.25,7872432
2011-04-01 00:00:00+05:30,35.45,36.0,35.15,35.8,3307476
2011-04-04 00:00:00+05:30,35.2,35.8,34.95,35.2,4598544
2011-04-05 00:00:00+05:30,34.95,35.55,34.8,34.95,4069308
2011-04-06 00:00:00+05:30,35.2,36.35,35.1,35.6,9978252
2011-04-07 00:00:00+05:30,35.75,36.6,35.6,36.35,6648780
2011-04-08 00:00:00+05:30,36.0,36.1,35.05,35.55,5733900
2011-04-11 00:00:00+05:30,34.55,34.8,34.3,34.4,3837780
2011-04-13 00:00:00+05:30,34.7,35.8,34.7,35.45,9014256
2011-04-15 00:00:00+05:30,35.0,35.65,34.6,35.3,4083600
2011-04-18 00:00:00+05:30,35.25,35.6,34.2,34.5,4117788
2011-04-19 00:00:00+05:30,34.75,35.95,34.2,35.75,7810164
2011-04-20 00:00:00+05:30,35.8,36.8,35.3,36.65,7614732
2011-04-21 00:00:00+05:30,36.1,37.0,36.0,36.8,3243720
2011-04-25 00:00:00+05:30,36.25,37.05,36.25,36.7,2073096
2011-04-26 00:00:00+05:30,37.4,37.9,37.0,37.6,6069876
2011-04-27 00:00:00+05:30,37.55,38.1,37.4,37.75,5874900
2011-04-28 00:00:00+05:30,37.95,38.1,37.4,37.9,3315720
2011-04-29 00:00:00+05:30,38.1,38.2,37.3,37.55,2544600
2011-05-02 00:00:00+05:30,37.6,38.65,37.3,37.85,6782832
2011-05-03 00:00:00+05:30,38.0,38.4,37.25,37.55,6924324
2011-05-04 00:00:00+05:30,37.9,40.15,37.7,39.35,20545044
2011-05-05 00:00:00+05:30,39.85,40.25,38.45,38.55,7895916
2011-05-06 00:00:00+05:30,39.7,40.95,39.45,40.35,19342896
2011-05-09 00:00:00+05:30,40.55,40.65,39.15,39.45,7160580
2011-05-10 00:00:00+05:30,39.85,40.25,38.15,39.25,12260436
2011-05-11 00:00:00+05:30,39.05,40.0,38.35,39.75,11227716
2011-05-12 00:00:00+05:30,39.65,40.4,39.6,39.85,6567288
2011-05-13 00:00:00+05:30,40.4,40.4,39.05,39.85,12418308
2011-05-16 00:00:00+05:30,40.95,41.35,38.7,39.3,16660236
2011-05-17 00:00:00+05:30,39.75,39.95,38.55,38.75,6333924
2011-05-18 00:00:00+05:30,38.95,38.95,36.15,36.7,7296840
2011-05-19 00:00:00+05:30,37.25,37.4,36.4,36.65,3804756
2011-05-20 00:00:00+05:30,36.9,37.65,36.6,37.3,4695228
2011-05-23 00:00:00+05:30,37.3,37.8,36.25,37.55,6887700
2011-05-24 00:00:00+05:30,37.5,37.6,36.7,36.8,2623092
2011-05-25 00:00:00+05:30,36.8,36.8,35.35,35.65,2682924
2011-05-26 00:00:00+05:30,35.75,37.1,34.95,36.5,7809264
2011-05-27 00:00:00+05:30,36.7,37.85,36.6,37.5,11641164
2011-05-30 00:00:00+05:30,37.9,38.05,37.15,37.4,11195124
2011-05-31 00:00:00+05:30,37.85,37.95,37.45,37.85,5649756
2011-06-01 00:00:00+05:30,37.5,38.2,37.3,37.8,8063820
2011-06-02 00:00:00+05:30,37.55,38.25,37.3,37.5,6592296
2011-06-03 00:00:00+05:30,37.6,37.75,36.6,36.9,3670764
2011-06-06 00:00:00+05:30,37.0,37.0,36.1,36.25,3677616
2011-06-07 00:00:00+05:30,36.35,36.6,36.0,36.4,5986536
2011-06-08 00:00:00+05:30,36.25,37.3,36.1,37.2,6635964
2011-06-09 00:00:00+05:30,36.8,36.8,36.2,36.3,2213736
2011-06-10 00:00:00+05:30,36.1,36.25,35.65,35.8,2490024
2011-06-13 00:00:00+05:30,36.2,36.65,35.9,36.4,3217284
2011-06-14 00:00:00+05:30,36.8,37.1,36.5,36.6,2634168
2011-06-15 00:00:00+05:30,36.8,37.15,36.35,36.75,2567628
2011-06-16 00:00:00+05:30,37.0,37.85,36.9,37.55,6774108
2011-06-17 00:00:00+05:30,37.6,38.2,36.85,37.65,9795648
2011-06-20 00:00:00+05:30,37.95,38.1,35.2,37.45,7298196
2011-06-21 00:00:00+05:30,37.05,37.55,36.5,36.7,3452508
2011-06-22 00:00:00+05:30,36.8,37.25,36.2,36.5,1905048
2011-06-23 00:00:00+05:30,36.55,37.9,35.85,36.6,9985932
2011-06-24 00:00:00+05:30,37.6,38.5,37.3,37.9,20225388
2011-06-27 00:00:00+05:30,39.55,41.85,39.45,40.15,38747868
2011-06-28 00:00:00+05:30,40.4,40.65,39.05,39.25,6141744
2011-06-29 00:00:00+05:30,39.2,39.35,38.1,38.65,6063468
2011-06-30 00:00:00+05:30,38.35,39.6,37.65,39.15,12807000
2011-07-01 00:00:00+05:30,39.2,39.2,38.45,38.75,3037308
2011-07-04 00:00:00+05:30,38.95,39.25,38.1,38.85,3513300
2011-07-05 00:00:00+05:30,38.45,40.05,38.45,39.75,9257184
2011-07-06 00:00:00+05:30,39.35,39.35,38.5,39.2,3976176
2011-07-07 00:00:00+05:30,38.95,40.25,38.95,40.15,4552680
2011-07-08 00:00:00+05:30,39.75,50.1,38.95,40.55,15248868
2011-07-11 00:00:00+05:30,40.25,40.95,39.95,40.45,3306936
2011-07-12 00:00:00+05:30,40.55,41.15,40.05,40.5,5049984
2011-07-13 00:00:00+05:30,40.65,40.9,40.25,40.55,7410312
2011-07-14 00:00:00+05:30,39.95,40.9,39.95,40.4,3460140
2011-07-15 00:00:00+05:30,40.9,41.05,40.45,40.85,5282136
2011-07-18 00:00:00+05:30,40.35,40.95,40.35,40.85,3815004
2011-07-19 00:00:00+05:30,40.95,41.05,40.55,40.85,3886116
2011-07-20 00:00:00+05:30,40.65,40.8,40.15,40.45,2998272
2011-07-21 00:00:00+05:30,39.85,40.35,39.65,39.9,2296992
2011-07-22 00:00:00+05:30,39.95,40.75,39.35,40.55,4663788
2011-07-25 00:00:00+05:30,40.35,41.05,40.35,40.75,2466732
2011-07-26 00:00:00+05:30,40.55,40.95,39.65,40.05,4688808
2011-07-27 00:00:00+05:30,40.35,40.35,39.45,39.75,1589856
2011-07-28 00:00:00+05:30,39.75,40.15,39.25,39.35,3122052
2011-07-29 00:00:00+05:30,39.85,39.95,39.2,39.65,2414688
2011-08-01 00:00:00+05:30,39.95,40.25,39.25,39.45,1885260
2011-08-02 00:00:00+05:30,39.25,40.0,39.25,39.65,4067244
2011-08-03 00:00:00+05:30,39.65,40.65,39.6,40.3,4402320
2011-08-04 00:00:00+05:30,40.75,42.45,40.7,42.0,9832236
2011-08-05 00:00:00+05:30,42.0,43.55,41.8,43.0,17918388
2011-08-08 00:00:00+05:30,43.2,43.9,42.75,43.1,8454816
2011-08-09 00:00:00+05:30,43.15,43.85,41.85,42.3,11940060
2011-08-10 00:00:00+05:30,42.4,42.8,41.3,42.4,6560628
2011-08-11 00:00:00+05:30,42.1,42.6,41.85,42.1,5418456
2011-08-12 00:00:00+05:30,42.1,42.45,41.5,42.2,11588160
2011-08-16 00:00:00+05:30,41.6,42.4,41.45,41.95,3944436
2011-08-17 00:00:00+05:30,41.95,42.8,41.45,41.75,6166488
2011-08-18 00:00:00+05:30,41.65,41.95,40.9,41.25,1417488
2011-08-19 00:00:00+05:30,41.7,42.4,41.25,41.45,7281372
2011-08-22 00:00:00+05:30,41.6,42.45,41.6,42.2,5035296
2011-08-23 00:00:00+05:30,42.55,42.65,41.6,42.0,3634656
2011-08-24 00:00:00+05:30,41.4,42.4,41.4,41.8,2843244
2011-08-25 00:00:00+05:30,41.95,42.4,41.4,42.0,6343992
2011-08-26 00:00:00+05:30,41.8,42.35,39.7,40.75,3320760
2011-08-29 00:00:00+05:30,41.2,41.9,40.9,41.2,2184600
2011-08-30 00:00:00+05:30,41.7,41.7,40.5,40.95,5699100
2011-09-02 00:00:00+05:30,41.05,41.9,40.35,41.5,6190608
2011-09-05 00:00:00+05:30,41.1,41.4,40.05,40.25,3143556
2011-09-06 00:00:00+05:30,40.95,41.1,40.45,40.75,4046628
2011-09-07 00:00:00+05:30,40.75,41.1,40.25,40.85,3013284
2011-09-08 00:00:00+05:30,40.45,41.1,40.25,40.9,3864888
2011-09-09 00:00:00+05:30,40.5,40.85,39.35,40.05,5857788
2011-09-12 00:00:00+05:30,40.25,40.75,39.05,39.8,3923148
2011-09-13 00:00:00+05:30,39.95,40.05,39.3,39.55,1731996
2011-09-14 00:00:00+05:30,39.85,40.55,39.25,39.85,4316424
2011-09-15 00:00:00+05:30,40.65,41.05,40.25,40.9,3242136
2011-09-16 00:00:00+05:30,41.8,42.1,39.55,39.8,9074616
2011-09-19 00:00:00+05:30,40.25,40.35,39.15,40.15,3257196
2011-09-20 00:00:00+05:30,40.25,40.55,39.65,40.25,2077764
2011-09-21 00:00:00+05:30,40.45,40.45,39.75,40.1,2453364
2011-09-22 00:00:00+05:30,40.15,40.9,39.5,39.75,4531440
2011-09-23 00:00:00+05:30,40.4,40.55,39.35,39.65,5058048
2011-09-26 00:00:00+05:30,39.85,39.95,38.95,39.75,6781560
2011-09-27 00:00:00+05:30,39.85,40.0,39.35,39.65,3423504
2011-09-28 00:00:00+05:30,39.75,39.75,38.15,38.35,3087756
2011-09-29 00:00:00+05:30,38.75,40.4,37.75,39.55,5609184
2011-09-30 00:00:00+05:30,39.0,39.95,38.35,38.95,2928660
2011-10-03 00:00:00+05:30,38.95,42.4,38.45,41.3,6380532
2011-10-04 00:00:00+05:30,41.25,41.7,40.15,40.9,5598456
2011-10-05 00:00:00+05:30,40.8,41.1,40.05,40.65,3965700
2011-10-07 00:00:00+05:30,40.65,40.9,40.25,40.55,2326908
2011-10-10 00:00:00+05:30,39.55,41.1,39.55,40.85,2263884
2011-10-11 00:00:00+05:30,40.4,41.2,40.4,40.95,3245544
2011-10-12 00:00:00+05:30,40.65,41.3,40.4,40.8,2950584
2011-10-13 00:00:00+05:30,40.65,40.9,39.3,39.35,2746524
2011-10-14 00:00:00+05:30,39.45,40.0,39.05,39.45,4750656
2011-10-17 00:00:00+05:30,39.35,39.65,37.55,37.8,4730112
2011-10-18 00:00:00+05:30,37.75,38.85,37.65,38.5,1763832
2011-10-19 00:00:00+05:30,38.55,39.15,38.15,38.95,1522260
2011-10-20 00:00:00+05:30,38.9,39.05,37.65,38.55,1815372
2011-10-21 00:00:00+05:30,38.4,39.25,38.0,38.65,1753080
2011-10-24 00:00:00+05:30,38.4,38.95,38.4,38.65,1041276
2011-10-25 00:00:00+05:30,38.4,40.25,38.0,39.65,6065604
2011-10-28 00:00:00+05:30,39.95,40.55,37.95,38.1,10678332
2011-10-31 00:00:00+05:30,38.65,38.65,36.5,37.05,10144260
2011-11-01 00:00:00+05:30,36.8,37.75,36.4,37.55,5341560
2011-11-02 00:00:00+05:30,37.9,38.2,37.35,37.55,3562044
2011-11-03 00:00:00+05:30,38.1,38.1,37.25,37.65,2835660
2011-11-04 00:00:00+05:30,38.45,38.5,36.9,37.2,4403004
2011-11-08 00:00:00+05:30,37.3,37.3,35.45,35.65,5906604
2011-11-09 00:00:00+05:30,35.9,35.9,32.85,33.05,11795220
2011-11-11 00:00:00+05:30,32.55,32.7,31.2,32.25,11793528
2011-11-14 00:00:00+05:30,32.5,32.5,31.45,31.55,3850404
2011-11-15 00:00:00+05:30,31.3,31.4,30.1,30.7,5981532
2011-11-16 00:00:00+05:30,29.8,30.1,28.25,29.05,8200392
2011-11-17 00:00:00+05:30,29.05,29.15,27.95,28.55,5497116
2011-11-18 00:00:00+05:30,28.65,30.1,28.45,29.4,11165928
2011-11-21 00:00:00+05:30,29.45,29.9,27.55,28.25,6019068
2011-11-22 00:00:00+05:30,28.05,29.85,27.3,29.45,7909584
2011-11-23 00:00:00+05:30,29.05,29.05,27.35,27.85,7593168
2011-11-24 00:00:00+05:30,28.05,28.65,26.9,28.05,10753368
2011-11-25 00:00:00+05:30,27.85,29.45,27.15,29.2,6137136
2011-11-28 00:00:00+05:30,29.15,31.0,28.75,30.5,7592196
2011-11-29 00:00:00+05:30,30.1,30.8,29.7,29.95,4543932
2011-11-30 00:00:00+05:30,29.2,31.0,29.1,30.65,6941184
2011-12-01 00:00:00+05:30,31.05,31.55,29.55,29.8,6037608
2011-12-02 00:00:00+05:30,29.75,32.85,29.2,32.15,13316040
2011-12-05 00:00:00+05:30,31.95,32.45,31.3,32.0,4809612
2011-12-07 00:00:00+05:30,31.85,32.3,30.9,31.55,8928084
2011-12-08 00:00:00+05:30,31.1,32.2,30.8,31.6,5737548
2011-12-09 00:00:00+05:30,31.2,32.3,31.2,31.95,6718452
2011-12-12 00:00:00+05:30,31.95,32.0,30.9,31.1,2690664
2011-12-13 00:00:00+05:30,30.55,31.45,30.35,30.9,4505484
2011-12-14 00:00:00+05:30,30.8,31.35,28.35,29.0,10171020
2011-12-15 00:00:00+05:30,29.3,30.5,29.2,30.1,9140232
2011-12-16 00:00:00+05:30,30.5,31.0,29.3,29.9,9103464
2011-12-19 00:00:00+05:30,29.7,30.6,29.3,29.7,3829320
2011-12-20 00:00:00+05:30,29.7,30.9,27.55,27.85,9321504
2011-12-21 00:00:00+05:30,28.25,29.7,27.75,29.0,5518248
2011-12-22 00:00:00+05:30,28.65,29.85,28.6,29.4,4942344
2011-12-23 00:00:00+05:30,29.2,29.9,27.95,28.35,7793460
2011-12-26 00:00:00+05:30,28.85,28.95,27.75,27.9,7465860
2011-12-27 00:00:00+05:30,28.05,28.65,27.75,28.15,3665520
2011-12-28 00:00:00+05:30,28.15,28.15,27.2,27.5,4704492
2011-12-29 00:00:00+05:30,27.5,27.9,26.0,26.2,10170492
2011-12-30 00:00:00+05:30,26.4,26.7,25.45,26.2,7945116
2012-01-02 00:00:00+05:30,26.75,26.9,26.05,26.4,6699072
2012-01-03 00:00:00+05:30,26.05,26.05,25.25,25.8,10187040
2012-01-04 00:00:00+05:30,25.5,25.95,24.9,25.65,13378752
2012-01-05 00:00:00+05:30,25.75,25.9,24.65,24.8,7216740
2012-01-06 00:00:00+05:30,24.95,26.3,24.9,26.05,12715560
2012-01-09 00:00:00+05:30,25.6,26.0,25.2,25.5,4425360
2012-01-10 00:00:00+05:30,25.75,26.9,25.65,26.6,4258644
2012-01-11 00:00:00+05:30,26.9,28.65,26.8,28.45,9241932
2012-01-12 00:00:00+05:30,28.55,29.05,27.85,28.85,9295872
2012-01-13 00:00:00+05:30,29.15,29.2,28.35,28.55,3024948
2012-01-16 00:00:00+05:30,28.45,28.75,27.65,28.25,2094984
2012-01-17 00:00:00+05:30,28.25,30.0,28.25,29.7,4256952
2012-01-18 00:00:00+05:30,29.4,31.75,29.4,30.55,7782396
2012-01-19 00:00:00+05:30,30.7,31.5,30.25,31.0,5500800
2012-01-20 00:00:00+05:30,30.7,32.75,30.7,32.3,5670048
2012-01-23 00:00:00+05:30,32.0,32.45,30.95,31.3,3884472
2012-01-24 00:00:00+05:30,31.2,32.6,30.9,32.05,6721680
2012-01-25 00:00:00+05:30,32.3,34.6,32.2,33.85,17195592
2012-01-27 00:00:00+05:30,34.4,34.4,33.25,33.65,5051976
2012-01-30 00:00:00+05:30,33.45,33.8,31.75,32.65,5680692
2012-01-31 00:00:00+05:30,33.4,33.95,32.4,33.3,6877584
2012-02-01 00:00:00+05:30,33.15,33.55,32.1,32.3,6496032
2012-02-02 00:00:00+05:30,32.95,33.8,32.65,33.5,6731640
2012-02-03 00:00:00+05:30,33.9,34.45,33.35,33.55,5099892
2012-02-06 00:00:00+05:30,33.85,33.9,33.2,33.45,5693556
2012-02-07 00:00:00+05:30,33.15,34.3,32.75,32.95,6242964
2012-02-08 00:00:00+05:30,33.1,33.85,32.65,33.7,4568436
2012-02-09 00:00:00+05:30,33.7,35.75,33.45,35.25,6130620
2012-02-10 00:00:00+05:30,36.2,37.5,34.65,35.2,18599412
2012-02-13 00:00:00+05:30,35.25,35.5,34.3,34.6,2565204
2012-02-14 00:00:00+05:30,34.9,35.65,34.6,35.25,3913932
2012-02-15 00:00:00+05:30,35.35,35.9,34.85,35.65,3288252
2012-02-16 00:00:00+05:30,35.1,37.25,34.8,37.1,6851724
2012-02-17 00:00:00+05:30,37.1,37.1,35.8,36.8,7667856
2012-02-21 00:00:00+05:30,36.25,37.15,35.7,36.4,7151544
2012-02-22 00:00:00+05:30,36.4,38.3,36.15,37.1,18407352
2012-02-23 00:00:00+05:30,36.9,40.2,36.85,39.55,29799228
2012-02-24 00:00:00+05:30,40.25,40.55,38.85,39.55,13183464
2012-02-27 00:00:00+05:30,40.25,41.7,39.25,39.8,14985924
2012-02-28 00:00:00+05:30,40.1,40.65,38.95,39.3,7920168
2012-02-29 00:00:00+05:30,39.65,40.65,39.45,40.05,13011576
2012-03-01 00:00:00+05:30,40.05,40.55,37.0,39.75,3402144
2012-03-02 00:00:00+05:30,40.25,40.55,39.65,40.15,3299400
2012-03-05 00:00:00+05:30,41.4,41.5,40.05,40.35,7430328
2012-03-06 00:00:00+05:30,40.25,41.3,39.95,40.55,6643356
2012-03-07 00:00:00+05:30,40.05,40.35,39.05,39.75,7477308
2012-03-09 00:00:00+05:30,39.3,40.35,39.05,40.15,8670564
2012-03-12 00:00:00+05:30,40.75,40.75,39.55,40.05,3632592
2012-03-13 00:00:00+05:30,40.1,41.05,40.05,40.45,3620292
2012-03-14 00:00:00+05:30,40.45,42.05,40.45,41.45,6494100
2012-03-15 00:00:00+05:30,41.3,41.6,40.05,40.45,3738864
2012-03-16 00:00:00+05:30,40.45,41.5,39.9,40.15,7384632
2012-03-19 00:00:00+05:30,40.25,40.65,39.45,40.25,3540192
2012-03-20 00:00:00+05:30,40.75,42.3,40.35,41.75,7534476
2012-03-21 00:00:00+05:30,41.65,43.05,41.05,42.55,9558036
2012-03-22 00:00:00+05:30,42.85,42.85,40.85,41.3,4877292
2012-03-23 00:00:00+05:30,41.15,41.95,40.35,41.4,4063704
2012-03-26 00:00:00+05:30,41.5,41.8,39.95,40.25,2666004
2012-03-27 00:00:00+05:30,41.3,41.3,39.95,40.45,2914500
2012-03-28 00:00:00+05:30,40.4,40.65,40.15,40.45,3291312
2012-03-29 00:00:00+05:30,40.35,42.45,39.95,41.95,7200996
2012-03-30 00:00:00+05:30,42.2,43.15,41.7,42.85,8674692
2012-04-02 00:00:00+05:30,42.4,42.75,41.4,41.9,4183836
2012-04-03 00:00:00+05:30,42.2,43.5,41.5,43.25,5814000
2012-04-04 00:00:00+05:30,42.75,43.15,42.4,42.8,1716792
2012-04-09 00:00:00+05:30,42.4,42.4,41.05,41.35,2705412
2012-04-10 00:00:00+05:30,41.55,41.55,38.75,40.45,2118648
2012-04-11 00:00:00+05:30,39.9,41.8,39.85,40.7,2373324
2012-04-12 00:00:00+05:30,41.05,41.5,40.6,41.3,2372400
2012-04-13 00:00:00+05:30,40.95,42.3,40.9,41.1,4049016
2012-04-16 00:00:00+05:30,41.4,41.6,40.8,41.2,1594332
2012-04-17 00:00:00+05:30,41.15,42.1,40.9,41.9,3943464
2012-04-18 00:00:00+05:30,42.1,42.9,42.1,42.75,3319332
2012-04-19 00:00:00+05:30,42.8,43.0,42.3,42.45,2164296
2012-04-20 00:00:00+05:30,42.25,43.5,41.8,42.55,6367116
2012-04-23 00:00:00+05:30,42.55,42.8,40.85,40.95,1981404
2012-04-24 00:00:00+05:30,40.95,42.9,40.8,41.9,6905460
2012-04-25 00:00:00+05:30,42.4,42.75,41.55,41.8,5145468
2012-04-26 00:00:00+05:30,41.5,42.0,39.6,39.95,8391684
2012-04-27 00:00:00+05:30,39.95,40.8,39.85,40.05,3311712
2012-04-30 00:00:00+05:30,40.8,41.2,40.45,40.7,3213612
2012-05-02 00:00:00+05:30,40.55,40.95,39.45,39.65,5200836
2012-05-03 00:00:00+05:30,39.65,40.15,38.8,39.95,2497716
2012-05-04 00:00:00+05:30,39.65,40.55,38.9,39.3,5044692
2012-05-07 00:00:00+05:30,39.45,42.8,39.45,41.8,12501036
2012-05-08 00:00:00+05:30,42.1,42.55,40.9,41.35,8074932
2012-05-09 00:00:00+05:30,41.2,42.55,40.65,42.0,6719184
2012-05-10 00:00:00+05:30,41.85,43.4,41.8,43.2,7956720
2012-05-11 00:00:00+05:30,43.55,43.85,42.2,42.9,7561188
2012-05-14 00:00:00+05:30,43.2,44.0,43.1,43.9,10368432
2012-05-15 00:00:00+05:30,43.95,45.8,43.9,45.05,16448112
2012-05-16 00:00:00+05:30,45.15,48.05,45.05,46.8,20430132
2012-05-17 00:00:00+05:30,47.15,47.25,45.35,45.55,7850772
2012-05-18 00:00:00+05:30,44.75,46.05,44.5,44.75,5891304
2012-05-21 00:00:00+05:30,45.35,45.65,44.5,44.75,4848996
2012-05-22 00:00:00+05:30,45.6,46.0,44.65,44.95,6602496
2012-05-23 00:00:00+05:30,45.5,45.55,44.2,44.55,5934216
2012-05-24 00:00:00+05:30,46.95,47.35,44.5,44.85,21698712
2012-05-25 00:00:00+05:30,44.5,45.95,44.0,45.2,26260584
2012-05-28 00:00:00+05:30,45.6,45.6,43.75,44.05,7422444
2012-05-29 00:00:00+05:30,44.1,44.2,42.45,42.9,9903084
2012-05-30 00:00:00+05:30,42.4,42.45,41.3,42.2,6429480
2012-05-31 00:00:00+05:30,42.2,43.2,41.5,42.7,10384068
2012-06-01 00:00:00+05:30,42.65,42.9,41.7,42.45,3749844
2012-06-04 00:00:00+05:30,42.0,44.4,41.7,44.1,7835520
2012-06-05 00:00:00+05:30,44.2,44.5,42.9,43.2,3704040
2012-06-06 00:00:00+05:30,42.75,43.65,42.55,43.25,5238600
2012-06-07 00:00:00+05:30,43.25,43.35,42.65,42.85,2354652
2012-06-08 00:00:00+05:30,42.55,43.45,42.3,43.0,4245888
2012-06-11 00:00:00+05:30,43.85,44.95,43.35,43.7,9245220
2012-06-12 00:00:00+05:30,43.95,45.55,43.85,45.3,7283448
2012-06-13 00:00:00+05:30,45.5,45.65,44.95,45.35,4305300
2012-06-14 00:00:00+05:30,45.15,46.05,44.65,45.8,6376776
2012-06-15 00:00:00+05:30,45.35,46.7,45.35,46.05,7240776
2012-06-18 00:00:00+05:30,46.6,46.6,45.35,45.75,3413616
2012-06-19 00:00:00+05:30,45.75,47.2,45.5,46.7,7255944
2012-06-20 00:00:00+05:30,47.05,47.65,46.85,47.35,5142900
2012-06-21 00:00:00+05:30,47.65,48.45,47.4,47.65,10604124
2012-06-22 00:00:00+05:30,47.75,48.25,47.2,47.65,3646152
2012-06-25 00:00:00+05:30,47.35,48.0,46.15,46.5,5177892
2012-06-26 00:00:00+05:30,46.3,46.95,45.75,46.55,6568764
2012-06-27 00:00:00+05:30,46.7,46.85,46.15,46.6,2950176
2012-06-28 00:00:00+05:30,46.6,47.15,45.95,46.7,6871008
2012-06-29 00:00:00+05:30,46.8,46.85,45.95,46.15,7791612
2012-07-02 00:00:00+05:30,45.95,46.6,45.35,46.4,3428904
2012-07-03 00:00:00+05:30,46.4,47.55,46.15,47.35,6467136
2012-07-04 00:00:00+05:30,47.05,47.25,46.45,46.85,2754804
2012-07-05 00:00:00+05:30,46.8,47.75,46.7,47.25,3117000
2012-07-06 00:00:00+05:30,47.55,48.4,47.15,47.65,8504220
2012-07-09 00:00:00+05:30,47.9,48.05,47.3,47.6,5020656
2012-07-10 00:00:00+05:30,47.65,48.4,47.65,48.05,6444204
2012-07-11 00:00:00+05:30,48.05,49.5,47.65,48.6,9355188
2012-07-12 00:00:00+05:30,48.45,49.6,48.4,49.3,10643676
2012-07-13 00:00:00+05:30,48.8,49.4,48.05,48.3,4019418
2012-07-16 00:00:00+05:30,49.2,49.4,47.75,48.6,5355384
2012-07-17 00:00:00+05:30,48.1,48.25,46.65,46.85,9361830
2012-07-18 00:00:00+05:30,46.95,47.65,46.6,46.85,4145640
2012-07-19 00:00:00+05:30,47.35,49.1,47.25,48.6,7299714
2012-07-20 00:00:00+05:30,48.15,48.5,47.55,47.85,1693584
2012-07-23 00:00:00+05:30,47.45,47.55,46.15,46.4,3220386
2012-07-24 00:00:00+05:30,46.6,47.2,45.85,46.15,5072682
2012-07-25 00:00:00+05:30,45.85,46.3,44.85,45.35,3160116
2012-07-26 00:00:00+05:30,45.3,45.5,43.95,44.4,3757254
2012-07-27 00:00:00+05:30,44.85,45.9,43.2,43.65,1946214
2012-07-30 00:00:00+05:30,43.85,45.85,43.1,45.35,2900334
2012-07-31 00:00:00+05:30,45.4,45.4,43.45,44.85,9006810
2012-08-01 00:00:00+05:30,44.55,44.65,43.65,44.4,6487542
2012-08-02 00:00:00+05:30,43.9,44.55,43.25,43.55,3844530
2012-08-03 00:00:00+05:30,43.1,43.9,42.2,43.25,5613192
2012-08-06 00:00:00+05:30,43.05,43.25,41.65,42.0,6033408
2012-08-07 00:00:00+05:30,42.3,42.3,40.95,41.5,5482584
2012-08-08 00:00:00+05:30,41.3,43.25,41.25,43.1,5727450
2012-08-09 00:00:00+05:30,43.35,43.55,41.15,41.35,3205218
2012-08-10 00:00:00+05:30,41.3,43.6,40.35,43.2,12046248
2012-08-13 00:00:00+05:30,42.65,44.1,40.75,42.95,5824530
2012-08-14 00:00:00+05:30,43.3,43.4,42.15,42.35,2413614
2012-08-16 00:00:00+05:30,41.85,42.45,41.75,41.95,3141192
2012-08-17 00:00:00+05:30,42.0,42.4,41.05,41.4,5788482
2012-08-21 00:00:00+05:30,42.0,42.05,40.8,41.1,4954374
2012-08-22 00:00:00+05:30,41.05,43.0,40.55,42.7,9773550
2012-08-23 00:00:00+05:30,43.05,43.2,42.1,43.0,5180670
2012-08-24 00:00:00+05:30,43.2,44.05,42.55,43.55,5010948
2012-08-27 00:00:00+05:30,43.55,43.95,42.85,43.45,4064118
2012-08-28 00:00:00+05:30,43.2,44.0,43.15,43.45,2096268
2012-08-29 00:00:00+05:30,44.05,44.05,42.55,43.2,2759532
2012-08-30 00:00:00+05:30,43.25,43.85,42.2,42.55,6980508
2012-08-31 00:00:00+05:30,42.75,42.75,40.15,40.65,4404846
2012-09-03 00:00:00+05:30,40.65,41.7,39.7,41.45,3674772
2012-09-04 00:00:00+05:30,41.8,42.8,41.2,42.4,4208160
2012-09-05 00:00:00+05:30,43.0,43.35,41.7,42.2,6438894
2012-09-06 00:00:00+05:30,42.8,42.8,41.8,42.45,3791868
2012-09-07 00:00:00+05:30,43.65,43.65,40.75,42.15,16545090
2012-09-10 00:00:00+05:30,42.1,42.1,41.3,41.7,4560906
2012-09-11 00:00:00+05:30,41.8,43.3,41.8,42.75,10183632
2012-09-12 00:00:00+05:30,42.4,42.85,42.0,42.5,3235884
2012-09-13 00:00:00+05:30,42.85,43.85,42.85,43.55,6704550
2012-09-14 00:00:00+05:30,46.65,46.85,42.35,42.9,25693068
2012-09-17 00:00:00+05:30,43.65,43.9,41.05,41.1,13999770
2012-09-18 00:00:00+05:30,41.3,41.9,40.65,40.95,7382556
2012-09-20 00:00:00+05:30,40.45,42.55,40.4,42.2,10931208
2012-09-21 00:00:00+05:30,41.8,43.0,41.45,42.45,15343278
2012-09-24 00:00:00+05:30,42.85,43.25,41.75,42.1,7460748
2012-09-25 00:00:00+05:30,42.4,43.0,41.9,42.75,6758022
2012-09-26 00:00:00+05:30,42.8,43.35,42.45,43.15,5781564
2012-09-27 00:00:00+05:30,43.35,43.45,42.15,42.4,7866978
2012-09-28 00:00:00+05:30,42.55,44.1,42.1,42.65,3959946
2012-10-01 00:00:00+05:30,43.55,43.55,42.9,43.1,4603776
2012-10-03 00:00:00+05:30,43.0,43.65,42.45,42.55,3952686
2012-10-04 00:00:00+05:30,43.5,45.65,43.2,44.35,13878894
2012-10-05 00:00:00+05:30,44.5,44.75,40.9,43.85,6055464
2012-10-08 00:00:00+05:30,44.2,44.75,43.45,43.65,3466182
2012-10-09 00:00:00+05:30,43.8,44.45,43.1,43.95,8758032
2012-10-10 00:00:00+05:30,43.95,43.95,42.85,43.1,5927832
2012-10-11 00:00:00+05:30,43.0,43.85,43.0,43.25,5151858
2012-10-12 00:00:00+05:30,43.6,44.1,42.9,43.0,3427524
2012-10-15 00:00:00+05:30,42.6,43.3,42.6,42.8,3256770
2012-10-16 00:00:00+05:30,42.85,43.1,41.9,42.2,6059436
2012-10-17 00:00:00+05:30,42.45,42.45,41.7,42.0,2628576
2012-10-18 00:00:00+05:30,42.3,42.55,41.7,42.4,4546776
2012-10-19 00:00:00+05:30,42.4,42.5,40.9,41.25,4297650
2012-10-22 00:00:00+05:30,40.9,41.8,40.75,41.7,4520448
2012-10-23 00:00:00+05:30,42.3,42.9,41.8,42.65,4756776
2012-10-25 00:00:00+05:30,43.1,43.2,42.4,42.9,4674012
2012-10-26 00:00:00+05:30,42.8,43.1,42.4,42.55,1333086
2012-10-29 00:00:00+05:30,42.15,42.7,41.6,41.7,1019166
2012-10-30 00:00:00+05:30,41.7,41.8,40.9,41.05,2778330
2012-10-31 00:00:00+05:30,40.75,41.4,40.75,40.95,2509638
2012-11-01 00:00:00+05:30,41.05,41.35,40.85,41.05,5275008
2012-11-02 00:00:00+05:30,41.15,41.65,40.65,40.85,5458242
2012-11-05 00:00:00+05:30,41.2,41.5,40.9,41.3,2778558
2012-11-06 00:00:00+05:30,41.3,41.7,41.05,41.55,3596610
2012-11-07 00:00:00+05:30,41.3,41.6,41.2,41.3,4050252
2012-11-08 00:00:00+05:30,41.45,41.95,41.05,41.2,5958858
2012-11-09 00:00:00+05:30,41.7,41.7,40.75,41.05,5512890
2012-11-12 00:00:00+05:30,41.15,41.5,40.05,40.35,2536662
2012-11-13 00:00:00+05:30,40.65,40.65,39.95,40.35,417384
2012-11-15 00:00:00+05:30,40.45,40.65,39.55,39.95,5125008
2012-11-16 00:00:00+05:30,40.25,40.25,39.35,39.65,2855886
2012-11-19 00:00:00+05:30,39.35,40.2,38.85,39.55,3740328
2012-11-20 00:00:00+05:30,39.5,40.0,38.95,39.3,2036064
2012-11-21 00:00:00+05:30,39.35,39.75,38.95,39.65,3437652
2012-11-22 00:00:00+05:30,39.35,39.65,39.05,39.25,3441078
2012-11-23 00:00:00+05:30,39.25,39.45,38.25,38.55,4687434
2012-11-26 00:00:00+05:30,38.4,38.75,37.6,37.65,5741610
2012-11-27 00:00:00+05:30,37.8,39.95,37.8,39.55,9379686
2012-11-29 00:00:00+05:30,39.75,41.2,39.35,40.9,5130690
2012-11-30 00:00:00+05:30,41.3,42.8,40.9,42.45,5457618
2012-12-03 00:00:00+05:30,42.1,42.4,41.5,41.95,4961178
2012-12-04 00:00:00+05:30,42.1,43.2,42.0,42.8,4772844
2012-12-05 00:00:00+05:30,42.8,44.5,42.75,44.15,3984264
2012-12-06 00:00:00+05:30,43.85,44.75,43.45,44.5,8422410
2012-12-07 00:00:00+05:30,44.65,45.25,44.0,44.1,5449632
2012-12-10 00:00:00+05:30,44.2,44.5,43.0,43.85,2405874
2012-12-11 00:00:00+05:30,44.0,44.8,43.55,44.3,2881488
2012-12-12 00:00:00+05:30,44.65,44.7,43.25,43.45,1935984
2012-12-13 00:00:00+05:30,43.55,44.1,42.9,43.1,1317414
2012-12-14 00:00:00+05:30,43.1,43.85,42.65,43.0,4615008
2012-12-17 00:00:00+05:30,43.2,43.6,41.85,42.1,4490808
2012-12-18 00:00:00+05:30,42.2,43.1,41.65,42.9,3290208
2012-12-19 00:00:00+05:30,42.8,44.35,42.5,44.0,6714198
2012-12-20 00:00:00+05:30,43.9,44.2,42.4,42.8,4505316
2012-12-21 00:00:00+05:30,42.8,42.8,41.65,41.9,3430446
2012-12-24 00:00:00+05:30,42.2,43.15,41.4,42.4,3527286
2012-12-26 00:00:00+05:30,42.4,42.85,42.1,42.65,3045234
2012-12-27 00:00:00+05:30,42.8,42.9,41.75,42.0,7829202
2012-12-28 00:00:00+05:30,42.45,44.65,42.15,43.2,11804472
2012-12-31 00:00:00+05:30,43.35,43.9,42.75,43.85,5589210
2013-01-01 00:00:00+05:30,43.95,44.1,43.35,43.85,3134094
2013-01-02 00:00:00+05:30,44.25,45.65,43.85,45.35,5924406
2013-01-03 00:00:00+05:30,45.5,46.0,44.85,45.35,3592554
2013-01-04 00:00:00+05:30,45.15,47.35,45.15,46.45,10694964
2013-01-07 00:00:00+05:30,46.85,49.4,46.8,48.15,12833436
2013-01-08 00:00:00+05:30,48.5,48.8,46.95,47.5,8416686
2013-01-09 00:00:00+05:30,47.7,49.3,46.55,48.2,10268136
2013-01-10 00:00:00+05:30,48.85,49.8,47.25,47.5,19261848
2013-01-11 00:00:00+05:30,47.7,47.85,45.65,45.95,7385700
2013-01-14 00:00:00+05:30,46.3,46.8,45.5,46.3,6698568
2013-01-15 00:00:00+05:30,46.45,48.3,46.05,48.15,8638002
2013-01-16 00:00:00+05:30,48.6,48.65,47.05,47.75,6631530
2013-01-17 00:00:00+05:30,48.05,51.55,47.65,49.8,39735360
2013-01-18 00:00:00+05:30,51.3,56.05,51.15,55.6,54611460
2013-01-21 00:00:00+05:30,56.4,57.7,54.9,56.5,19793598
2013-01-22 00:00:00+05:30,56.4,56.95,54.9,55.45,10802844
2013-01-23 00:00:00+05:30,55.45,55.65,52.05,54.1,12683658
2013-01-24 00:00:00+05:30,54.2,54.55,52.3,52.75,4931478
2013-01-25 00:00:00+05:30,52.55,54.35,52.15,53.3,6778632
2013-01-28 00:00:00+05:30,53.4,53.85,52.15,52.7,5403480
2013-01-29 00:00:00+05:30,52.35,53.05,51.3,51.75,5213730
2013-01-30 00:00:00+05:30,51.95,53.3,51.15,51.75,7766466
2013-01-31 00:00:00+05:30,51.75,53.6,51.5,51.95,9905052
2013-02-01 00:00:00+05:30,52.15,54.25,51.95,53.75,6523680
2013-02-04 00:00:00+05:30,54.4,54.75,52.75,53.15,6018024
2013-02-05 00:00:00+05:30,53.3,53.3,51.4,52.15,5809608
2013-02-06 00:00:00+05:30,52.6,53.75,51.85,53.1,6463020
2013-02-07 00:00:00+05:30,52.55,53.4,51.55,51.95,4225542
2013-02-08 00:00:00+05:30,52.1,52.15,50.35,50.55,4434096
2013-02-11 00:00:00+05:30,50.65,51.05,49.5,50.75,5581800
2013-02-12 00:00:00+05:30,50.65,52.25,50.25,51.9,4291362
2013-02-13 00:00:00+05:30,52.15,52.35,50.2,50.55,5279826
2013-02-14 00:00:00+05:30,51.15,51.65,48.0,48.4,10744224
2013-02-15 00:00:00+05:30,48.5,49.55,46.15,47.25,12565236
2013-02-18 00:00:00+05:30,48.75,49.0,46.85,47.25,9797484
2013-02-19 00:00:00+05:30,47.35,47.9,46.4,47.65,4026966
2013-02-20 00:00:00+05:30,47.65,49.5,47.55,49.3,9150120
2013-02-21 00:00:00+05:30,49.3,50.2,48.4,48.9,10447020
2013-02-22 00:00:00+05:30,49.0,49.4,48.15,48.7,6378330
2013-02-25 00:00:00+05:30,48.9,49.0,46.7,47.85,5465262
2013-02-26 00:00:00+05:30,47.65,48.2,46.05,46.8,8341722
2013-02-27 00:00:00+05:30,46.95,48.05,46.2,47.35,8809578
2013-02-28 00:00:00+05:30,47.9,48.05,45.6,46.15,16710564
2013-03-01 00:00:00+05:30,46.3,48.65,46.3,48.15,8986242
2013-03-04 00:00:00+05:30,48.5,49.65,48.1,48.4,9225384
2013-03-05 00:00:00+05:30,48.5,49.1,47.75,48.6,5790462
2013-03-06 00:00:00+05:30,49.45,49.45,47.9,48.0,6052704
2013-03-07 00:00:00+05:30,48.3,49.3,47.85,48.95,5832984
2013-03-08 00:00:00+05:30,49.2,51.6,49.0,51.2,9891312
2013-03-11 00:00:00+05:30,51.5,51.95,50.1,50.3,5421996
2013-03-12 00:00:00+05:30,50.35,51.1,49.6,49.85,3784284
2013-03-13 00:00:00+05:30,49.9,50.2,48.7,48.9,3100086
2013-03-14 00:00:00+05:30,48.95,50.45,48.6,49.9,3882630
2013-03-15 00:00:00+05:30,50.35,51.5,50.0,50.35,7459068
2013-03-18 00:00:00+05:30,49.5,49.8,48.6,49.2,4379352
2013-03-19 00:00:00+05:30,49.5,49.9,46.2,47.75,8004990
2013-03-20 00:00:00+05:30,47.05,47.9,46.8,47.45,4253784
2013-03-21 00:00:00+05:30,47.05,47.9,45.4,45.65,4810464
2013-03-22 00:00:00+05:30,45.65,46.2,44.55,45.3,6681426
2013-03-25 00:00:00+05:30,46.85,47.25,45.65,46.2,7629390
2013-03-26 00:00:00+05:30,46.05,46.75,45.55,46.55,4981668
2013-03-28 00:00:00+05:30,46.4,47.9,46.15,47.0,8850438
2013-04-01 00:00:00+05:30,46.85,47.3,46.35,46.85,1699896
2013-04-02 00:00:00+05:30,46.45,47.75,46.15,47.0,4195404
2013-04-03 00:00:00+05:30,46.45,47.25,46.3,46.6,4001844
2013-04-04 00:00:00+05:30,46.7,46.95,45.5,45.75,3302088
2013-04-05 00:00:00+05:30,45.75,47.5,45.75,46.8,4347108
2013-04-08 00:00:00+05:30,46.8,47.7,46.5,47.45,1895394
2013-04-09 00:00:00+05:30,47.75,48.15,46.05,46.25,4880304
2013-04-10 00:00:00+05:30,46.85,46.85,45.3,45.75,4404636
2013-04-11 00:00:00+05:30,46.4,46.4,45.15,45.35,4679934
2013-04-12 00:00:00+05:30,45.4,46.7,45.4,46.5,3390996
2013-04-15 00:00:00+05:30,47.05,51.3,47.05,49.6,15817716
2013-04-16 00:00:00+05:30,49.8,51.65,49.8,51.35,10868310
2013-04-17 00:00:00+05:30,51.65,51.65,49.9,50.55,4846542
2013-04-18 00:00:00+05:30,50.7,52.05,50.7,51.2,5922588
2013-04-22 00:00:00+05:30,51.45,53.7,51.3,52.6,7399998
2013-04-23 00:00:00+05:30,52.2,52.6,51.15,52.35,3202530
2013-04-25 00:00:00+05:30,52.05,53.3,51.85,52.85,5440020
2013-04-26 00:00:00+05:30,52.15,53.25,51.85,52.35,2262666
2013-04-29 00:00:00+05:30,52.05,52.85,52.05,52.55,3409308
2013-04-30 00:00:00+05:30,52.55,53.05,50.1,52.55,5461140
2013-05-02 00:00:00+05:30,52.75,53.65,52.6,52.85,3868398
2013-05-03 00:00:00+05:30,52.35,52.6,50.55,50.85,3641244
2013-05-06 00:00:00+05:30,51.1,51.75,50.15,51.6,3148416
2013-05-07 00:00:00+05:30,51.7,52.05,50.9,51.4,3362454
2013-05-08 00:00:00+05:30,51.55,52.35,51.4,51.75,2997360
2013-05-09 00:00:00+05:30,52.35,52.35,51.3,51.85,4056204
2013-05-10 00:00:00+05:30,51.95,52.9,51.95,52.6,10247400
2013-05-13 00:00:00+05:30,53.2,53.5,51.3,51.75,3931236
2013-05-14 00:00:00+05:30,52.1,52.6,51.55,51.8,4681062
2013-05-15 00:00:00+05:30,52.0,53.25,51.9,52.75,5957592
2013-05-16 00:00:00+05:30,52.8,54.65,52.25,53.6,6074976
2013-05-17 00:00:00+05:30,53.6,54.25,52.6,53.1,3900696
2013-05-20 00:00:00+05:30,53.25,53.3,51.4,51.8,4365612
2013-05-21 00:00:00+05:30,52.0,52.25,50.45,50.7,4369458
2013-05-22 00:00:00+05:30,50.95,51.15,47.1,48.8,17432802
2013-05-23 00:00:00+05:30,48.95,49.0,46.35,47.35,18219108
2013-05-24 00:00:00+05:30,47.75,49.0,47.55,47.75,6878490
2013-05-27 00:00:00+05:30,48.4,48.6,46.8,46.95,8471316
2013-05-28 00:00:00+05:30,47.35,48.0,47.05,47.45,5519850
2013-05-29 00:00:00+05:30,47.85,48.3,46.95,47.15,4561608
2013-05-30 00:00:00+05:30,48.05,48.05,46.3,47.9,7588122
2013-05-31 00:00:00+05:30,48.15,48.35,46.6,46.85,4944264
2013-06-03 00:00:00+05:30,47.35,47.55,45.2,45.55,9184224
2013-06-04 00:00:00+05:30,45.75,46.55,45.4,46.05,5793606
2013-06-05 00:00:00+05:30,45.95,46.7,45.85,46.4,4300278
2013-06-06 00:00:00+05:30,46.5,46.5,45.65,46.3,2803212
2013-06-07 00:00:00+05:30,46.15,47.45,46.15,46.8,4617864
2013-06-10 00:00:00+05:30,47.35,47.35,44.95,45.35,4693254
2013-06-11 00:00:00+05:30,45.3,45.75,43.2,44.2,11963790
2013-06-12 00:00:00+05:30,44.35,45.5,43.75,44.75,3340914
2013-06-13 00:00:00+05:30,44.4,44.65,43.4,43.9,5081082
2013-06-14 00:00:00+05:30,44.55,46.15,44.4,45.65,5464110
2013-06-17 00:00:00+05:30,46.25,46.25,44.6,45.4,5620086
2013-06-18 00:00:00+05:30,45.15,45.3,44.65,45.1,4628076
2013-06-19 00:00:00+05:30,44.65,45.4,44.1,45.1,4458438
2013-06-20 00:00:00+05:30,44.2,44.35,42.9,43.05,5331042
2013-06-21 00:00:00+05:30,42.85,43.75,42.0,42.65,3291474
2013-06-24 00:00:00+05:30,42.85,43.1,40.65,41.15,5785620
2013-06-25 00:00:00+05:30,41.05,43.25,41.05,42.1,6566046
2013-06-26 00:00:00+05:30,42.5,43.3,42.3,42.65,5036970
2013-06-27 00:00:00+05:30,43.55,43.55,41.75,42.2,7713090
2013-06-28 00:00:00+05:30,43.2,45.75,42.9,45.4,9664824
2013-07-01 00:00:00+05:30,45.85,46.7,44.5,46.5,6935214
2013-07-02 00:00:00+05:30,46.8,47.15,45.85,46.1,5272596
2013-07-03 00:00:00+05:30,45.4,45.55,43.35,43.95,4719666
2013-07-04 00:00:00+05:30,44.4,47.35,43.85,45.35,3858606
2013-07-05 00:00:00+05:30,46.0,46.15,44.5,45.2,3100614
2013-07-08 00:00:00+05:30,44.65,44.65,42.05,42.25,8082120
2013-07-09 00:00:00+05:30,42.85,43.45,42.05,42.2,4045914
2013-07-10 00:00:00+05:30,42.3,42.3,40.45,40.65,4420080
2013-07-11 00:00:00+05:30,41.6,42.1,41.05,41.2,5166516
2013-07-12 00:00:00+05:30,41.5,42.1,40.8,41.95,2971194
2013-07-15 00:00:00+05:30,42.4,42.45,41.1,41.4,4476006
2013-07-16 00:00:00+05:30,40.8,42.9,40.8,42.4,5982888
2013-07-17 00:00:00+05:30,42.1,42.65,40.65,41.7,7051560
2013-07-18 00:00:00+05:30,41.8,42.4,41.3,41.9,4004406
2013-07-19 00:00:00+05:30,41.65,42.8,41.5,42.4,3777972
2013-07-22 00:00:00+05:30,42.1,43.25,41.45,42.3,6417972
2013-07-23 00:00:00+05:30,42.5,43.95,42.45,43.25,8577672
2013-07-24 00:00:00+05:30,43.0,43.9,42.25,42.55,6907116
2013-07-25 00:00:00+05:30,42.85,44.95,41.9,42.9,11431242
2013-07-26 00:00:00+05:30,43.25,44.1,42.4,42.9,7201812
2013-07-29 00:00:00+05:30,42.85,42.9,40.9,41.4,6435198
2013-07-30 00:00:00+05:30,41.5,41.6,36.4,37.05,15023274
2013-07-31 00:00:00+05:30,36.7,39.15,33.7,38.95,13281558
2013-08-01 00:00:00+05:30,39.45,39.45,35.05,36.05,12357882
2013-08-02 00:00:00+05:30,35.35,35.65,32.65,33.85,8653662
2013-08-05 00:00:00+05:30,34.75,34.75,32.2,32.6,10875852
2013-08-06 00:00:00+05:30,32.3,33.25,28.8,29.5,14497224
2013-08-07 00:00:00+05:30,29.6,32.3,29.3,31.4,19404390
2013-08-08 00:00:00+05:30,31.55,32.8,30.3,31.75,8079654
2013-08-12 00:00:00+05:30,31.95,33.25,31.2,32.95,6901284
2013-08-13 00:00:00+05:30,32.3,33.6,31.65,33.25,9527664
2013-08-14 00:00:00+05:30,34.4,36.2,33.9,36.0,15142986
2013-08-16 00:00:00+05:30,35.35,36.0,33.5,33.9,9352428
2013-08-19 00:00:00+05:30,33.05,34.25,31.85,33.6,5524134
2013-08-20 00:00:00+05:30,33.15,35.65,32.35,34.95,9379182
2013-08-21 00:00:00+05:30,35.6,35.9,32.3,33.05,9719454
2013-08-22 00:00:00+05:30,32.8,35.15,32.35,34.65,8002008
2013-08-23 00:00:00+05:30,34.8,35.9,34.15,35.55,11301348
2013-08-26 00:00:00+05:30,36.0,37.15,35.05,36.2,7485792
2013-08-27 00:00:00+05:30,35.6,36.1,33.6,33.9,8385126
2013-08-28 00:00:00+05:30,31.75,32.3,28.85,30.4,27202758
2013-08-29 00:00:00+05:30,31.55,31.9,30.15,30.85,24621858
2013-08-30 00:00:00+05:30,31.55,31.65,29.95,31.3,21660060
2013-09-02 00:00:00+05:30,32.0,32.3,30.9,31.85,12525702
2013-09-03 00:00:00+05:30,32.3,32.3,29.55,30.4,11250162
2013-09-04 00:00:00+05:30,30.35,31.4,30.0,31.0,10263102
2013-09-05 00:00:00+05:30,31.45,33.7,31.3,33.45,13341936
2013-09-06 00:00:00+05:30,32.55,35.9,31.65,35.3,16131576
2013-09-10 00:00:00+05:30,35.8,35.9,34.5,35.1,8872500
2013-09-11 00:00:00+05:30,34.9,37.6,34.85,37.2,10541934
2013-09-12 00:00:00+05:30,37.25,37.9,35.75,35.9,8628870
2013-09-13 00:00:00+05:30,35.55,36.4,34.75,36.15,6749034
2013-09-16 00:00:00+05:30,37.15,38.65,36.3,38.0,9172170
2013-09-17 00:00:00+05:30,38.2,38.55,37.1,37.4,6340200
2013-09-18 00:00:00+05:30,37.5,38.3,37.45,37.75,7490538
2013-09-19 00:00:00+05:30,38.55,41.7,38.05,40.85,20351928
2013-09-20 00:00:00+05:30,40.65,42.4,38.75,41.05,12199572
2013-09-23 00:00:00+05:30,40.35,41.4,38.4,38.85,9344748
2013-09-24 00:00:00+05:30,38.6,38.8,37.25,37.65,8560134
2013-09-25 00:00:00+05:30,36.8,37.0,34.95,36.2,17887980
2013-09-26 00:00:00+05:30,36.25,37.1,36.0,36.7,9627438
2013-09-27 00:00:00+05:30,37.55,41.3,37.55,39.6,47210010
2013-09-30 00:00:00+05:30,39.85,40.9,39.35,40.05,18153786
2013-10-01 00:00:00+05:30,39.6,39.6,38.4,39.3,8148858
2013-10-03 00:00:00+05:30,39.15,40.95,38.9,40.7,8336538
2013-10-04 00:00:00+05:30,40.5,43.0,40.4,41.55,16336194
2013-10-07 00:00:00+05:30,41.55,43.75,40.8,43.25,14831244
2013-10-08 00:00:00+05:30,43.25,43.85,41.4,41.6,8423508
2013-10-09 00:00:00+05:30,41.3,42.45,41.1,41.35,9498840
2013-10-10 00:00:00+05:30,41.85,42.3,41.2,41.8,3366900
2013-10-11 00:00:00+05:30,42.4,42.4,40.75,41.15,3489072
2013-10-14 00:00:00+05:30,41.15,42.05,40.9,41.75,4130400
2013-10-15 00:00:00+05:30,42.1,42.2,40.45,41.8,4865748
2013-10-17 00:00:00+05:30,41.9,43.25,41.6,42.55,6348342
2013-10-18 00:00:00+05:30,43.0,45.15,42.8,44.65,10630740
2013-10-21 00:00:00+05:30,44.95,45.95,44.0,44.75,12946866
2013-10-22 00:00:00+05:30,44.7,46.1,44.2,44.5,10798422
2013-10-23 00:00:00+05:30,45.05,45.5,42.9,43.75,6637608
2013-10-24 00:00:00+05:30,43.95,44.95,43.35,43.9,4992996
2013-10-25 00:00:00+05:30,43.9,44.2,42.05,42.7,6431550
2013-10-28 00:00:00+05:30,43.05,43.2,42.2,42.4,5387454
2013-10-29 00:00:00+05:30,42.55,43.85,42.55,43.05,7569204
2013-10-30 00:00:00+05:30,43.6,44.75,42.75,44.55,5518344
2013-10-31 00:00:00+05:30,45.05,45.5,43.65,44.3,7152750
2013-11-01 00:00:00+05:30,44.35,44.65,43.35,43.75,4385460
2013-11-05 00:00:00+05:30,45.15,47.15,43.85,46.3,15162480
2013-11-06 00:00:00+05:30,46.55,47.6,45.55,45.85,7848828
2013-11-07 00:00:00+05:30,45.6,46.05,42.9,44.0,8289948
2013-11-08 00:00:00+05:30,43.65,44.1,42.9,43.15,7118514
2013-11-11 00:00:00+05:30,42.8,42.8,41.05,41.2,6774732
2013-11-12 00:00:00+05:30,41.35,42.0,40.8,41.3,5575758
2013-11-13 00:00:00+05:30,41.05,41.8,39.65,40.35,9561048
2013-11-14 00:00:00+05:30,41.3,42.7,41.1,42.0,6797190
2013-11-18 00:00:00+05:30,42.75,43.4,41.7,43.2,6562134
2013-11-19 00:00:00+05:30,43.0,43.7,41.5,42.2,10188618
2013-11-20 00:00:00+05:30,42.1,42.3,40.5,40.75,14412102
2013-11-21 00:00:00+05:30,40.65,41.2,39.85,40.05,6038574
2013-11-22 00:00:00+05:30,40.15,40.75,39.45,40.3,4316862
2013-11-25 00:00:00+05:30,41.5,43.1,41.1,42.45,11169258
2013-11-26 00:00:00+05:30,42.4,42.45,38.55,39.1,15360792
2013-11-27 00:00:00+05:30,39.15,40.05,38.95,39.85,6390306
2013-11-28 00:00:00+05:30,40.15,40.95,40.15,40.45,7421814
2013-11-29 00:00:00+05:30,40.95,41.7,40.6,41.3,10309908
2013-12-02 00:00:00+05:30,41.6,42.35,41.3,42.2,5464824
2013-12-03 00:00:00+05:30,41.8,43.05,41.5,42.85,6919554
2013-12-04 00:00:00+05:30,42.5,43.35,41.7,42.95,7651152
2013-12-05 00:00:00+05:30,43.6,44.75,43.35,44.1,6527136
2013-12-06 00:00:00+05:30,44.2,45.25,44.0,45.05,5145468
2013-12-09 00:00:00+05:30,46.6,46.6,44.95,45.2,7443138
2013-12-10 00:00:00+05:30,45.35,45.55,43.85,44.0,4699356
2013-12-11 00:00:00+05:30,43.65,44.0,42.2,42.85,8038110
2013-12-12 00:00:00+05:30,42.7,43.35,42.3,42.85,4813740
2013-12-13 00:00:00+05:30,42.5,42.8,41.2,41.65,6697626
2013-12-16 00:00:00+05:30,41.4,41.95,40.45,41.15,6654402
2013-12-17 00:00:00+05:30,41.3,42.0,40.8,41.65,6071064
2013-12-18 00:00:00+05:30,41.3,42.65,41.1,42.3,6929424
2013-12-19 00:00:00+05:30,42.55,42.9,40.2,41.05,11727372
2013-12-20 00:00:00+05:30,40.85,42.2,40.45,42.0,8705640
2013-12-23 00:00:00+05:30,42.2,43.25,42.2,42.45,6548760
2013-12-24 00:00:00+05:30,42.75,43.75,42.4,42.55,8806656
2013-12-26 00:00:00+05:30,42.85,44.5,42.8,43.55,10993716
2013-12-27 00:00:00+05:30,43.6,44.45,43.0,43.1,4329528
2013-12-30 00:00:00+05:30,43.25,43.4,42.4,42.65,3497844
2013-12-31 00:00:00+05:30,42.85,43.5,42.4,42.55,5177616
2014-01-01 00:00:00+05:30,42.85,43.2,42.3,42.75,3811662
2014-01-02 00:00:00+05:30,43.55,43.55,41.1,41.2,5679786
2014-01-03 00:00:00+05:30,41.1,41.5,39.5,39.75,6387210
2014-01-06 00:00:00+05:30,40.75,40.9,39.55,39.8,5477658
2014-01-07 00:00:00+05:30,39.95,40.15,38.65,38.85,5782632
2014-01-08 00:00:00+05:30,38.95,39.35,37.8,37.95,7563474
2014-01-09 00:00:00+05:30,38.0,39.4,37.75,39.15,9882426
2014-01-10 00:00:00+05:30,39.25,40.05,38.75,39.3,7194876
2014-01-13 00:00:00+05:30,39.55,40.35,39.45,40.05,6502374
2014-01-14 00:00:00+05:30,39.7,40.4,39.35,39.55,3028518
2014-01-15 00:00:00+05:30,39.3,40.0,39.3,39.4,6011028
2014-01-16 00:00:00+05:30,39.65,40.45,39.15,39.9,4482000
2014-01-17 00:00:00+05:30,40.15,41.8,40.15,41.3,10439388
2014-01-20 00:00:00+05:30,41.15,42.05,40.35,41.7,6983874
2014-01-21 00:00:00+05:30,41.8,42.1,40.5,40.95,5761176
2014-01-22 00:00:00+05:30,40.9,42.3,40.55,41.95,3082014
2014-01-23 00:00:00+05:30,41.8,42.8,41.5,42.45,6180630
2014-01-24 00:00:00+05:30,42.0,42.7,41.3,41.8,6313872
2014-01-27 00:00:00+05:30,41.1,41.5,40.15,40.95,6206490
2014-01-28 00:00:00+05:30,40.95,42.0,40.45,41.7,16153470
2014-01-29 00:00:00+05:30,42.2,44.6,41.85,43.55,11116836
2014-01-30 00:00:00+05:30,43.0,43.7,41.25,43.2,12404136
2014-01-31 00:00:00+05:30,43.25,45.15,42.3,44.75,8542596
2014-02-03 00:00:00+05:30,45.3,45.3,43.45,43.85,5411214
2014-02-04 00:00:00+05:30,43.25,44.65,42.9,43.65,5165778
2014-02-05 00:00:00+05:30,43.2,44.0,43.2,43.55,4547946
2014-02-06 00:00:00+05:30,43.65,44.3,42.3,43.25,6201480
2014-02-07 00:00:00+05:30,43.55,43.75,42.8,43.2,6422898
2014-02-10 00:00:00+05:30,42.9,43.85,42.9,43.55,2174532
2014-02-11 00:00:00+05:30,43.8,44.6,43.25,44.3,3928212
2014-02-12 00:00:00+05:30,44.65,45.95,43.85,45.1,16490322
2014-02-13 00:00:00+05:30,45.1,45.1,43.35,43.6,4701402
2014-02-14 00:00:00+05:30,43.95,43.95,42.8,43.75,2595438
2014-02-17 00:00:00+05:30,43.75,44.3,43.1,43.95,1322922
2014-02-18 00:00:00+05:30,43.6,44.3,43.2,43.6,3998040
2014-02-19 00:00:00+05:30,43.65,43.9,42.55,43.1,2601030
2014-02-20 00:00:00+05:30,42.9,42.9,41.7,42.4,3385602
2014-02-21 00:00:00+05:30,42.3,44.75,42.3,44.55,7908132
2014-02-24 00:00:00+05:30,44.4,45.6,44.25,44.95,5172486
2014-02-25 00:00:00+05:30,45.15,46.6,45.15,46.15,5048892
2014-02-26 00:00:00+05:30,46.3,47.85,45.55,46.95,11284344
2014-02-28 00:00:00+05:30,47.05,48.05,46.15,47.05,9688374
2014-03-03 00:00:00+05:30,46.85,47.65,46.2,46.85,6199740
2014-03-04 00:00:00+05:30,46.75,47.9,46.5,47.4,4705032
2014-03-05 00:00:00+05:30,47.7,48.7,47.15,48.4,8738040
2014-03-06 00:00:00+05:30,48.7,50.95,48.2,50.5,8615376
2014-03-07 00:00:00+05:30,51.05,53.3,50.75,53.05,10474584
2014-03-10 00:00:00+05:30,52.65,53.9,51.4,53.15,9217992
2014-03-11 00:00:00+05:30,53.35,53.9,52.35,52.55,6451350
2014-03-12 00:00:00+05:30,52.55,52.6,51.7,52.35,5730618
2014-03-13 00:00:00+05:30,52.35,59.2,52.35,56.95,36419730
2014-03-14 00:00:00+05:30,57.15,58.8,56.5,57.1,23358216
2014-03-18 00:00:00+05:30,57.2,58.95,57.15,57.75,12680454
2014-03-19 00:00:00+05:30,57.7,59.35,57.2,57.55,7061094
2014-03-20 00:00:00+05:30,55.9,56.65,54.75,55.05,14370120
2014-03-21 00:00:00+05:30,55.05,55.45,54.25,54.6,7736328
2014-03-24 00:00:00+05:30,55.3,56.3,54.9,55.45,7369764
2014-03-25 00:00:00+05:30,55.45,57.85,55.05,57.2,10169790
2014-03-26 00:00:00+05:30,57.25,58.15,56.8,57.15,6528270
2014-03-27 00:00:00+05:30,56.75,60.1,56.5,58.55,14669880
2014-03-28 00:00:00+05:30,58.75,59.65,58.25,59.1,8202048
2014-03-31 00:00:00+05:30,59.55,60.75,58.25,59.4,7880052
2014-04-01 00:00:00+05:30,59.25,59.95,57.15,57.35,11983386
2014-04-02 00:00:00+05:30,57.2,59.55,57.2,57.65,11234430
2014-04-03 00:00:00+05:30,58.05,58.05,55.95,56.3,14182242
2014-04-04 00:00:00+05:30,55.9,59.0,55.05,56.95,17728080
2014-04-07 00:00:00+05:30,57.2,58.6,55.75,56.1,8117334
2014-04-09 00:00:00+05:30,56.7,57.15,55.65,56.4,11608662
2014-04-10 00:00:00+05:30,56.7,58.35,55.8,58.15,8125722
2014-04-11 00:00:00+05:30,58.15,59.0,56.7,57.05,7454532
2014-04-15 00:00:00+05:30,57.15,57.95,55.8,57.2,8212584
2014-04-16 00:00:00+05:30,56.6,56.95,55.25,55.8,10377132
2014-04-17 00:00:00+05:30,55.9,58.15,55.55,57.85,7032708
2014-04-21 00:00:00+05:30,57.7,60.6,57.2,59.95,11811264
2014-04-22 00:00:00+05:30,59.95,63.4,59.45,62.8,13965432
2014-04-23 00:00:00+05:30,63.15,64.4,61.0,61.7,14017668
2014-04-25 00:00:00+05:30,62.25,62.25,58.9,59.5,9436782
2014-04-28 00:00:00+05:30,58.75,60.7,58.3,58.8,10168944
2014-04-29 00:00:00+05:30,59.15,59.9,58.05,59.45,5707266
2014-04-30 00:00:00+05:30,59.8,61.3,56.75,58.6,11533734
2014-05-02 00:00:00+05:30,58.9,60.4,58.7,59.75,6271536
2014-05-05 00:00:00+05:30,60.0,61.7,60.0,60.5,7778094
2014-05-06 00:00:00+05:30,60.85,61.5,60.3,60.45,6745632
2014-05-07 00:00:00+05:30,61.65,62.45,60.8,61.25,10309272
2014-05-08 00:00:00+05:30,61.3,61.5,59.55,59.7,8933028
2014-05-09 00:00:00+05:30,59.65,63.85,59.15,63.2,8032110
2014-05-12 00:00:00+05:30,63.4,66.15,62.5,65.75,10808316
2014-05-13 00:00:00+05:30,66.95,69.35,66.3,66.8,11534622
2014-05-14 00:00:00+05:30,66.8,68.7,66.15,68.2,4846716
2014-05-15 00:00:00+05:30,68.4,69.1,66.05,67.8,6402576
2014-05-16 00:00:00+05:30,69.85,77.25,69.15,73.2,15020892
2014-05-19 00:00:00+05:30,74.25,78.7,74.25,76.75,12917886
2014-05-20 00:00:00+05:30,77.35,78.65,73.5,74.2,8145462
2014-05-21 00:00:00+05:30,74.25,75.1,72.9,74.4,9222096
2014-05-22 00:00:00+05:30,75.25,75.25,73.2,74.3,9634314
2014-05-23 00:00:00+05:30,74.55,75.7,73.3,73.8,12715854
2014-05-26 00:00:00+05:30,74.25,77.35,72.35,74.05,11649984
2014-05-27 00:00:00+05:30,74.35,74.45,70.75,73.55,7767228
2014-05-28 00:00:00+05:30,73.4,73.9,70.85,71.7,13044684
2014-05-29 00:00:00+05:30,73.0,73.6,70.2,70.75,8295654
2014-05-30 00:00:00+05:30,70.95,72.8,67.9,68.7,9754146
2014-06-02 00:00:00+05:30,69.1,73.9,68.95,73.7,7093182
2014-06-03 00:00:00+05:30,73.8,77.05,73.6,76.4,9265230
2014-06-04 00:00:00+05:30,76.6,77.55,75.35,76.7,6657216
2014-06-05 00:00:00+05:30,76.55,84.55,76.55,83.3,20417142
2014-06-06 00:00:00+05:30,83.9,87.9,82.9,84.65,23704032
2014-06-09 00:00:00+05:30,85.5,85.6,81.75,82.65,9418644
2014-06-10 00:00:00+05:30,83.0,84.5,81.2,82.55,9740598
2014-06-11 00:00:00+05:30,83.3,84.05,80.75,81.4,9055368
2014-06-12 00:00:00+05:30,81.55,83.5,79.5,80.25,9335814
2014-06-13 00:00:00+05:30,79.75,79.8,73.6,75.9,15733314
2014-06-16 00:00:00+05:30,75.05,79.5,73.6,79.0,14948244
2014-06-17 00:00:00+05:30,78.4,82.95,77.05,81.95,12379632
2014-06-18 00:00:00+05:30,81.0,83.25,77.55,79.15,18291042
2014-06-19 00:00:00+05:30,78.4,81.25,74.35,75.05,23785062
2014-06-20 00:00:00+05:30,74.25,75.8,72.6,73.3,25713792
2014-06-23 00:00:00+05:30,73.0,74.35,71.25,73.85,16866888
2014-06-24 00:00:00+05:30,75.05,78.7,74.65,77.8,19763022
2014-06-25 00:00:00+05:30,78.15,78.4,76.4,77.65,14465664
2014-06-26 00:00:00+05:30,74.6,77.05,73.6,75.6,17009274
2014-06-27 00:00:00+05:30,76.15,76.95,74.85,75.9,5610174
2014-06-30 00:00:00+05:30,75.5,81.0,75.5,80.5,14885190
2014-07-01 00:00:00+05:30,81.9,81.95,78.4,78.8,11534376
2014-07-02 00:00:00+05:30,79.9,81.0,79.2,80.65,6307212
2014-07-03 00:00:00+05:30,81.15,81.55,79.9,80.35,8491284
2014-07-04 00:00:00+05:30,80.4,82.25,79.75,80.4,12548298
2014-07-07 00:00:00+05:30,80.4,80.6,78.15,79.4,10536630
2014-07-08 00:00:00+05:30,79.4,80.8,75.4,76.05,11648718
2014-07-09 00:00:00+05:30,77.05,78.95,75.95,77.8,11950950
2014-07-10 00:00:00+05:30,78.05,81.1,74.35,77.55,16219518
2014-07-11 00:00:00+05:30,76.95,77.9,73.8,74.55,9497004
2014-07-14 00:00:00+05:30,75.7,76.85,75.1,75.8,7861002
2014-07-15 00:00:00+05:30,76.55,78.05,75.85,77.75,6810138
2014-07-16 00:00:00+05:30,78.05,79.5,77.8,79.0,5370300
2014-07-17 00:00:00+05:30,78.1,79.35,77.5,79.1,5799540
2014-07-18 00:00:00+05:30,77.65,78.25,76.7,77.85,6601500
2014-07-21 00:00:00+05:30,78.1,78.75,76.95,77.65,4620168
2014-07-22 00:00:00+05:30,78.0,79.0,77.55,77.8,4334322
2014-07-23 00:00:00+05:30,78.1,81.4,78.0,80.45,7260366
2014-07-24 00:00:00+05:30,81.25,81.85,80.3,80.85,6659238
2014-07-25 00:00:00+05:30,81.0,82.35,78.55,79.1,8252478
2014-07-28 00:00:00+05:30,79.4,79.4,75.8,76.55,7535166
2014-07-30 00:00:00+05:30,76.9,77.55,75.9,76.4,7622454
2014-07-31 00:00:00+05:30,76.9,78.4,76.75,77.45,9784938
2014-08-01 00:00:00+05:30,77.8,79.15,76.55,76.95,7980528
2014-08-04 00:00:00+05:30,78.05,81.1,78.0,80.5,8319396
2014-08-05 00:00:00+05:30,81.2,81.55,78.4,79.35,6196242
2014-08-06 00:00:00+05:30,79.35,80.75,76.9,77.65,4763022
2014-08-07 00:00:00+05:30,78.15,79.3,77.8,78.1,6416226
2014-08-08 00:00:00+05:30,76.3,76.55,74.45,75.4,7453038
2014-08-11 00:00:00+05:30,76.2,77.55,76.1,76.4,4377432
2014-08-12 00:00:00+05:30,77.2,79.3,76.75,79.0,10202178
2014-08-13 00:00:00+05:30,79.85,82.25,79.5,80.95,11804214
2014-08-14 00:00:00+05:30,81.35,82.7,80.75,82.45,8788320
2014-08-18 00:00:00+05:30,82.95,89.05,82.8,87.65,15301728
2014-08-19 00:00:00+05:30,89.25,92.55,88.65,91.5,26929548
2014-08-20 00:00:00+05:30,92.0,92.1,90.1,90.4,13365744
2014-08-21 00:00:00+05:30,90.4,93.85,90.0,93.2,15308316
2014-08-22 00:00:00+05:30,93.85,94.4,90.9,91.2,11941020
2014-08-25 00:00:00+05:30,91.5,92.35,89.85,90.0,7093836
2014-08-26 00:00:00+05:30,89.75,91.4,87.6,90.0,7760268
2014-08-27 00:00:00+05:30,90.55,92.7,90.2,92.05,8091000
2014-08-28 00:00:00+05:30,92.4,95.3,92.35,94.55,20323512
2014-09-01 00:00:00+05:30,95.55,96.8,93.7,96.15,10414926
2014-09-02 00:00:00+05:30,96.15,97.15,94.65,95.95,9518622
2014-09-03 00:00:00+05:30,98.6,98.85,95.55,96.05,9642096
2014-09-04 00:00:00+05:30,95.8,96.15,94.5,95.5,8112240
2014-09-05 00:00:00+05:30,93.55,95.5,92.95,93.7,6827166
2014-09-08 00:00:00+05:30,94.85,95.9,93.55,95.4,11267076
2014-09-09 00:00:00+05:30,96.15,96.45,93.65,94.35,6325902
2014-09-10 00:00:00+05:30,93.55,94.35,91.65,91.9,5851686
2014-09-11 00:00:00+05:30,92.0,94.15,91.9,92.6,7718454
2014-09-12 00:00:00+05:30,92.4,94.05,92.4,92.85,8216670
2014-09-15 00:00:00+05:30,92.25,94.2,92.25,92.9,6804804
2014-09-16 00:00:00+05:30,92.7,93.55,87.4,87.9,10380300
2014-09-17 00:00:00+05:30,88.25,88.8,84.65,86.25,12280302
2014-09-18 00:00:00+05:30,85.35,89.95,85.35,89.8,7685136
2014-09-19 00:00:00+05:30,90.1,91.0,88.3,88.95,4791246
2014-09-22 00:00:00+05:30,88.6,91.55,88.25,90.95,5406630
2014-09-23 00:00:00+05:30,91.55,91.7,87.5,88.05,5529936
2014-09-24 00:00:00+05:30,88.0,88.45,84.75,86.75,6280770
2014-09-25 00:00:00+05:30,86.15,88.05,81.85,83.4,9209670
2014-09-26 00:00:00+05:30,82.8,87.0,80.0,86.3,10273296
2014-09-29 00:00:00+05:30,85.7,88.75,85.25,86.0,7123392
2014-09-30 00:00:00+05:30,85.9,89.4,85.05,88.65,10994658
2014-10-01 00:00:00+05:30,89.45,90.05,87.95,88.3,5219934
2014-10-07 00:00:00+05:30,88.45,89.55,87.0,87.95,7505598
2014-10-08 00:00:00+05:30,88.05,92.1,87.95,91.65,12987936
2014-10-09 00:00:00+05:30,91.85,93.0,90.7,91.2,6440190
2014-10-10 00:00:00+05:30,91.9,92.7,90.6,90.9,7807674
2014-10-13 00:00:00+05:30,91.1,92.25,89.95,91.2,8954280
2014-10-14 00:00:00+05:30,91.0,91.0,88.35,88.85,7199514
2014-10-16 00:00:00+05:30,88.85,92.65,88.85,90.3,13594230
2014-10-17 00:00:00+05:30,90.6,91.65,89.35,90.4,4384488
2014-10-20 00:00:00+05:30,97.35,97.6,93.75,94.95,21812712
2014-10-21 00:00:00+05:30,95.3,95.3,93.1,93.55,5947722
2014-10-22 00:00:00+05:30,94.25,94.75,92.9,93.7,4487274
2014-10-23 00:00:00+05:30,94.3,94.35,93.9,94.05,498912
2014-10-27 00:00:00+05:30,94.35,94.75,92.2,93.3,5010000
2014-10-28 00:00:00+05:30,93.75,95.95,93.55,95.7,10099908
2014-10-29 00:00:00+05:30,96.15,98.1,95.3,96.05,10133724
2014-10-30 00:00:00+05:30,96.15,96.55,94.25,95.7,9686604
2014-10-31 00:00:00+05:30,95.95,99.75,95.4,99.1,9917442
2014-11-03 00:00:00+05:30,100.0,100.35,98.0,99.0,5985426
2014-11-05 00:00:00+05:30,99.85,102.2,99.75,101.45,14223966
2014-11-07 00:00:00+05:30,101.55,105.3,101.25,104.25,13713732
2014-11-10 00:00:00+05:30,104.9,106.95,104.55,105.3,10316172
2014-11-11 00:00:00+05:30,106.3,106.35,104.75,105.45,11291280
2014-11-12 00:00:00+05:30,106.05,106.8,104.55,105.2,9465678
2014-11-13 00:00:00+05:30,103.1,103.6,99.15,99.95,13405242
2014-11-14 00:00:00+05:30,99.95,101.7,98.6,100.6,15496140
2014-11-17 00:00:00+05:30,100.45,101.55,97.35,99.3,6940470
2014-11-18 00:00:00+05:30,99.0,100.15,98.2,98.4,6857886
2014-11-19 00:00:00+05:30,99.1,101.25,98.05,98.7,8041464
2014-11-20 00:00:00+05:30,99.55,99.75,97.6,98.4,6292680
2014-11-21 00:00:00+05:30,98.4,100.4,98.0,99.05,4127580
2014-11-24 00:00:00+05:30,98.4,100.25,98.1,98.3,6241938
2014-11-25 00:00:00+05:30,98.4,99.85,96.45,96.95,8815746
2014-11-26 00:00:00+05:30,97.6,98.4,96.15,96.55,8961696
2014-11-27 00:00:00+05:30,96.95,100.25,96.95,98.5,19753296
2014-11-28 00:00:00+05:30,102.6,108.15,101.05,102.3,41002374
2014-12-01 00:00:00+05:30,104.4,104.65,101.25,102.05,19348464
2014-12-02 00:00:00+05:30,101.1,101.1,96.95,97.25,8981166
2014-12-03 00:00:00+05:30,97.8,98.85,96.15,97.0,7207140
2014-12-04 00:00:00+05:30,97.45,99.9,96.35,99.35,8130864
2014-12-05 00:00:00+05:30,99.9,100.2,96.55,96.95,4380198
2014-12-08 00:00:00+05:30,97.05,97.8,93.5,93.85,9795948
2014-12-09 00:00:00+05:30,94.4,94.95,90.4,91.45,15507990
2014-12-10 00:00:00+05:30,90.9,91.75,89.65,90.7,10305672
2014-12-11 00:00:00+05:30,91.65,92.35,89.1,89.95,10196532
2014-12-12 00:00:00+05:30,90.5,91.3,89.9,90.5,9711924
2014-12-15 00:00:00+05:30,89.75,90.6,84.15,85.8,13501092
2014-12-16 00:00:00+05:30,84.9,88.3,84.9,87.5,12427308
2014-12-17 00:00:00+05:30,87.2,88.25,85.6,87.6,9781386
2014-12-18 00:00:00+05:30,87.9,89.25,86.35,88.4,7510710
2014-12-19 00:00:00+05:30,88.75,90.4,87.65,88.45,7790622
2014-12-22 00:00:00+05:30,88.15,89.15,87.15,88.65,2968716
2014-12-23 00:00:00+05:30,88.25,89.85,87.65,88.05,3476418
2014-12-24 00:00:00+05:30,87.6,88.4,85.7,86.4,15322326
2014-12-26 00:00:00+05:30,86.25,87.75,84.85,87.25,3959976
2014-12-29 00:00:00+05:30,86.95,89.7,86.75,87.5,5237058
2014-12-30 00:00:00+05:30,87.95,89.0,87.1,87.65,3856524
2014-12-31 00:00:00+05:30,87.45,88.3,86.4,87.3,3326514
2015-01-01 00:00:00+05:30,90.05,91.45,89.05,90.9,2893002
2015-01-02 00:00:00+05:30,90.4,91.2,89.15,89.45,6142290
2015-01-05 00:00:00+05:30,89.55,90.15,88.95,89.65,6566232
2015-01-06 00:00:00+05:30,90.6,91.1,87.2,88.55,13121010
2015-01-07 00:00:00+05:30,88.3,90.1,88.3,89.55,7856364
2015-01-08 00:00:00+05:30,90.1,95.2,90.1,94.5,16840194
2015-01-09 00:00:00+05:30,95.5,96.15,93.75,94.75,10079154
2015-01-12 00:00:00+05:30,95.7,95.7,93.7,94.35,3867444
2015-01-13 00:00:00+05:30,94.95,96.65,92.35,93.3,5972538
2015-01-14 00:00:00+05:30,94.3,94.3,90.05,90.5,7112274
2015-01-15 00:00:00+05:30,91.1,93.1,90.1,92.25,11808276
2015-01-16 00:00:00+05:30,92.3,93.8,91.2,91.75,7147248
2015-01-19 00:00:00+05:30,91.75,92.0,89.15,89.55,6617304
2015-01-20 00:00:00+05:30,89.75,90.9,89.25,89.95,4653270
2015-01-21 00:00:00+05:30,89.95,91.45,89.35,90.9,5534538
2015-01-22 00:00:00+05:30,91.1,91.8,89.55,91.4,4936338
2015-01-23 00:00:00+05:30,92.35,95.25,91.45,94.1,8706078
2015-01-27 00:00:00+05:30,94.7,97.15,91.9,96.8,11605284
2015-01-28 00:00:00+05:30,96.25,99.45,95.7,98.9,11438976
2015-01-29 00:00:00+05:30,99.7,103.8,99.1,103.2,19402494
2015-01-30 00:00:00+05:30,103.75,107.7,102.7,105.5,14754744
2015-02-02 00:00:00+05:30,105.0,108.35,103.4,105.5,10153596
2015-02-03 00:00:00+05:30,105.5,106.65,101.7,102.15,9786834
2015-02-04 00:00:00+05:30,101.8,103.55,100.45,101.25,10960314
2015-02-05 00:00:00+05:30,101.8,109.2,101.55,105.7,18653808
2015-02-06 00:00:00+05:30,103.55,105.5,102.05,102.7,9303972
2015-02-09 00:00:00+05:30,101.25,101.95,98.95,99.75,8207352
2015-02-10 00:00:00+05:30,98.75,100.4,96.25,97.7,14683530
2015-02-11 00:00:00+05:30,98.4,100.45,97.1,99.95,4827102
2015-02-12 00:00:00+05:30,100.65,101.35,98.15,98.85,4276554
2015-02-13 00:00:00+05:30,98.85,103.2,96.95,101.8,22005114
2015-02-16 00:00:00+05:30,102.9,106.75,101.25,101.95,11987340
2015-02-18 00:00:00+05:30,102.2,103.35,101.25,102.5,4127406
2015-02-19 00:00:00+05:30,103.2,105.3,102.9,104.45,7744434
2015-02-20 00:00:00+05:30,104.35,105.0,103.85,104.35,4395330
2015-02-23 00:00:00+05:30,104.9,106.3,103.3,104.05,4430634
2015-02-24 00:00:00+05:30,104.55,107.2,104.4,106.75,7384584
2015-02-25 00:00:00+05:30,106.85,109.1,105.2,105.95,9594054
2015-02-26 00:00:00+05:30,105.95,107.0,104.35,105.0,8611818
2015-02-27 00:00:00+05:30,105.5,105.7,102.6,104.8,5141580
2015-03-02 00:00:00+05:30,107.2,111.15,106.9,110.2,18558558
2015-03-03 00:00:00+05:30,110.2,111.25,108.45,110.4,9442494
2015-03-04 00:00:00+05:30,110.85,111.75,107.75,108.8,10777344
2015-03-05 00:00:00+05:30,108.7,110.45,108.45,109.7,7745406
2015-03-09 00:00:00+05:30,109.5,110.4,106.3,107.75,10691736
2015-03-10 00:00:00+05:30,108.55,109.9,107.45,107.85,8797860
2015-03-11 00:00:00+05:30,107.85,109.0,105.2,105.8,3598278
2015-03-12 00:00:00+05:30,106.05,106.95,105.35,105.6,3971940
2015-03-13 00:00:00+05:30,106.3,106.35,102.15,102.8,5221908
2015-03-16 00:00:00+05:30,104.05,104.9,103.1,103.65,2856366
2015-03-17 00:00:00+05:30,104.55,106.55,104.05,105.75,6329616
2015-03-18 00:00:00+05:30,105.6,110.6,104.9,109.15,8524572
2015-03-19 00:00:00+05:30,109.8,110.3,105.55,106.25,4517646
2015-03-20 00:00:00+05:30,106.25,106.25,101.55,102.15,5789646
2015-03-23 00:00:00+05:30,102.2,103.55,100.0,100.35,4267110
2015-03-24 00:00:00+05:30,101.05,104.8,100.65,104.25,12425196
2015-03-25 00:00:00+05:30,104.05,106.55,102.9,105.5,8616528
2015-03-26 00:00:00+05:30,104.55,109.3,104.05,107.55,16437222
2015-03-27 00:00:00+05:30,106.35,108.85,104.5,105.6,10540140
2015-03-30 00:00:00+05:30,106.15,109.45,105.85,108.65,7203846
2015-03-31 00:00:00+05:30,108.7,115.8,108.65,115.0,15727752
2015-04-01 00:00:00+05:30,115.05,116.1,112.8,113.95,6395814
2015-04-06 00:00:00+05:30,114.45,115.75,113.3,113.7,5115972
2015-04-07 00:00:00+05:30,114.25,114.25,111.95,112.7,5338818
2015-04-08 00:00:00+05:30,112.3,118.25,111.95,116.35,13900224
2015-04-09 00:00:00+05:30,117.7,118.75,114.7,115.2,6251700
2015-04-10 00:00:00+05:30,115.65,117.95,114.5,116.45,8098518
2015-04-13 00:00:00+05:30,116.1,117.85,115.2,116.2,5826048
2015-04-15 00:00:00+05:30,115.55,117.0,112.7,113.7,7068102
2015-04-16 00:00:00+05:30,113.5,114.45,112.05,113.5,8001768
2015-04-17 00:00:00+05:30,113.3,115.65,112.4,113.05,6567684
2015-04-20 00:00:00+05:30,114.15,115.35,112.6,113.85,7801080
2015-04-21 00:00:00+05:30,114.6,116.2,112.5,113.25,9105102
2015-04-22 00:00:00+05:30,113.85,115.7,113.7,114.15,11554200
2015-04-23 00:00:00+05:30,115.2,115.65,113.25,113.7,5109906
2015-04-24 00:00:00+05:30,114.05,114.05,109.45,110.4,4140084
2015-04-27 00:00:00+05:30,110.5,110.6,101.15,102.95,7453998
2015-04-28 00:00:00+05:30,103.65,109.5,103.2,107.95,10898772
2015-04-29 00:00:00+05:30,107.7,107.95,105.25,106.55,6079548
2015-04-30 00:00:00+05:30,106.55,110.8,105.9,107.9,12239616
2015-05-04 00:00:00+05:30,109.5,112.25,107.75,110.85,6247296
2015-05-05 00:00:00+05:30,110.95,111.35,108.45,109.85,5669406
2015-05-06 00:00:00+05:30,108.8,108.9,103.95,105.4,9049056
2015-05-07 00:00:00+05:30,104.15,106.65,101.1,102.55,7835052
2015-05-08 00:00:00+05:30,104.85,106.95,103.75,105.4,6661260
2015-05-11 00:00:00+05:30,106.15,106.3,104.9,105.75,4596036
2015-05-12 00:00:00+05:30,105.9,105.95,101.55,101.95,6562188
2015-05-13 00:00:00+05:30,102.55,103.9,98.6,103.5,5709978
2015-05-14 00:00:00+05:30,103.75,107.15,102.6,106.65,8644740
2015-05-15 00:00:00+05:30,107.15,108.7,106.85,108.3,5713560
2015-05-18 00:00:00+05:30,110.25,112.6,109.1,112.25,9579510
2015-05-19 00:00:00+05:30,111.8,112.75,109.7,110.95,4082520
2015-05-20 00:00:00+05:30,111.85,112.75,110.85,111.3,3304956
2015-05-21 00:00:00+05:30,111.65,111.65,109.25,109.8,3487548
2015-05-22 00:00:00+05:30,109.5,110.95,108.8,110.7,3380910
2015-05-25 00:00:00+05:30,110.95,114.25,110.8,112.15,5917968
2015-05-26 00:00:00+05:30,112.3,112.85,109.5,110.6,3009906
2015-05-27 00:00:00+05:30,110.8,113.65,109.6,112.85,5004018
2015-05-28 00:00:00+05:30,113.3,117.0,112.7,116.1,17573184
2015-05-29 00:00:00+05:30,117.4,121.8,117.4,121.1,14055870
2015-06-01 00:00:00+05:30,121.2,124.3,119.45,122.65,7888962
2015-06-02 00:00:00+05:30,123.0,123.95,120.15,120.5,6693198
2015-06-03 00:00:00+05:30,120.6,121.15,118.35,119.45,6242430
2015-06-04 00:00:00+05:30,120.25,124.05,119.3,123.6,9076686
2015-06-05 00:00:00+05:30,123.65,125.05,121.6,121.9,6505038
2015-06-08 00:00:00+05:30,122.05,122.6,119.55,119.95,5678730
2015-06-09 00:00:00+05:30,119.25,121.65,119.05,121.0,6719184
2015-06-10 00:00:00+05:30,120.75,121.9,119.75,120.1,6214632
2015-06-11 00:00:00+05:30,121.0,122.9,119.3,119.85,7230666
2015-06-12 00:00:00+05:30,119.85,121.7,118.0,119.15,6596406
2015-06-15 00:00:00+05:30,119.25,120.4,118.15,118.45,4985322
2015-06-16 00:00:00+05:30,118.55,121.0,114.65,116.5,13739532
2015-06-17 00:00:00+05:30,116.45,116.7,113.75,115.0,8158962
2015-06-18 00:00:00+05:30,116.2,119.05,115.65,118.55,8334918
2015-06-19 00:00:00+05:30,119.35,120.55,117.8,118.85,10627728
2015-06-22 00:00:00+05:30,119.95,121.25,119.4,120.4,8893092
2015-06-23 00:00:00+05:30,121.35,123.35,120.4,122.7,7067238
2015-06-24 00:00:00+05:30,122.9,123.95,120.25,120.8,8124672
2015-06-25 00:00:00+05:30,120.8,123.6,120.8,122.35,8971212
2015-06-26 00:00:00+05:30,122.3,124.6,122.0,122.9,6327366
2015-06-29 00:00:00+05:30,121.6,125.95,121.5,124.4,10065324
2015-06-30 00:00:00+05:30,125.7,126.25,124.5,125.55,12221166
2015-07-01 00:00:00+05:30,126.45,128.15,125.75,126.9,10567200
2015-07-02 00:00:00+05:30,127.55,129.95,127.55,128.7,11362380
2015-07-03 00:00:00+05:30,129.4,131.05,128.2,129.2,9642438
2015-07-06 00:00:00+05:30,129.2,134.2,129.2,133.5,14890800
2015-07-07 00:00:00+05:30,134.5,135.4,132.9,133.7,10308678
2015-07-08 00:00:00+05:30,133.7,136.85,130.1,131.25,21047976
2015-07-09 00:00:00+05:30,130.65,131.35,123.1,123.6,22729302
2015-07-10 00:00:00+05:30,123.35,126.6,123.1,125.9,13542372
2015-07-13 00:00:00+05:30,126.45,130.85,125.65,130.15,11457930
2015-07-14 00:00:00+05:30,131.0,133.8,130.15,132.9,12379488
2015-07-15 00:00:00+05:30,133.15,133.15,130.55,131.5,6911448
2015-07-16 00:00:00+05:30,132.2,135.0,132.2,134.5,9387990
2015-07-17 00:00:00+05:30,135.2,136.5,134.15,134.8,6695742
2015-07-20 00:00:00+05:30,136.2,139.2,135.3,138.55,12488844
2015-07-21 00:00:00+05:30,138.75,139.4,136.4,136.75,6307188
2015-07-22 00:00:00+05:30,136.6,140.7,136.2,139.8,6997932
2015-07-23 00:00:00+05:30,140.2,142.1,138.85,139.5,8923296
2015-07-24 00:00:00+05:30,140.3,141.7,137.5,138.85,9778230
2015-07-27 00:00:00+05:30,138.7,140.1,136.6,137.15,6139320
2015-07-28 00:00:00+05:30,137.5,138.75,135.2,135.65,8393730
2015-07-29 00:00:00+05:30,136.3,137.85,134.5,136.3,6921432
2015-07-30 00:00:00+05:30,136.95,137.2,135.4,136.05,9763290
2015-07-31 00:00:00+05:30,136.4,136.7,131.55,132.85,7913964
2015-08-03 00:00:00+05:30,134.0,135.0,129.45,130.1,10713894
2015-08-04 00:00:00+05:30,131.55,134.4,130.95,133.9,13755924
2015-08-05 00:00:00+05:30,134.8,136.6,133.0,133.45,7028724
2015-08-06 00:00:00+05:30,134.1,136.05,133.65,134.6,8748198
2015-08-07 00:00:00+05:30,135.3,138.45,133.0,137.25,11210442
2015-08-10 00:00:00+05:30,137.95,140.95,135.05,135.95,9969234
2015-08-11 00:00:00+05:30,136.4,136.4,130.95,132.6,8983368
2015-08-12 00:00:00+05:30,133.15,133.55,123.25,124.15,15764058
2015-08-13 00:00:00+05:30,124.8,127.75,122.3,126.5,12599136
2015-08-14 00:00:00+05:30,127.15,129.95,124.15,124.7,14301696
2015-08-17 00:00:00+05:30,125.5,126.9,122.65,123.35,9525816
2015-08-18 00:00:00+05:30,124.7,129.0,123.4,128.2,11988600
2015-08-19 00:00:00+05:30,129.2,131.2,126.25,126.75,9754836
2015-08-20 00:00:00+05:30,128.55,131.65,126.45,129.05,16790154
2015-08-21 00:00:00+05:30,126.65,128.0,123.8,127.15,12428550
2015-08-24 00:00:00+05:30,122.9,124.4,113.75,116.2,14335530
2015-08-25 00:00:00+05:30,118.0,124.05,116.0,123.0,15342618
2015-08-26 00:00:00+05:30,123.35,125.1,118.25,119.15,11131890
2015-08-27 00:00:00+05:30,122.6,126.35,120.75,125.65,10730940
2015-08-28 00:00:00+05:30,123.65,123.75,120.35,122.7,12107526
2015-08-31 00:00:00+05:30,123.1,126.7,121.25,126.15,15147240
2015-09-01 00:00:00+05:30,124.3,125.45,121.25,123.1,6153930
2015-09-02 00:00:00+05:30,124.9,125.0,120.3,120.9,10897218
2015-09-03 00:00:00+05:30,121.6,122.7,118.25,119.2,7986282
2015-09-04 00:00:00+05:30,119.55,121.8,116.45,121.15,8178066
2015-09-07 00:00:00+05:30,120.3,122.5,117.0,118.0,5877948
2015-09-08 00:00:00+05:30,118.75,119.35,115.2,116.65,6657216
2015-09-09 00:00:00+05:30,118.55,120.25,116.1,116.45,9907272
2015-09-10 00:00:00+05:30,116.45,119.95,116.1,119.5,15361362
2015-09-11 00:00:00+05:30,120.25,122.3,119.95,121.15,6733848
2015-09-14 00:00:00+05:30,122.6,126.6,122.2,125.65,9196044
2015-09-15 00:00:00+05:30,126.45,127.5,124.3,125.6,6176136
2015-09-16 00:00:00+05:30,125.85,126.8,121.5,122.9,8430468
2015-09-18 00:00:00+05:30,124.9,126.8,123.15,124.05,7152396
2015-09-21 00:00:00+05:30,123.85,125.85,123.2,124.3,5070582
2015-09-22 00:00:00+05:30,125.2,125.75,121.65,122.8,5933388
2015-09-23 00:00:00+05:30,122.7,126.35,122.05,125.1,3956502
2015-09-24 00:00:00+05:30,126.55,127.5,125.25,125.75,5856360
2015-09-28 00:00:00+05:30,125.75,128.55,125.0,126.2,5234808
2015-09-29 00:00:00+05:30,125.65,125.65,119.95,120.7,9199632
2015-09-30 00:00:00+05:30,121.1,122.6,120.35,121.15,9221190
2015-10-01 00:00:00+05:30,122.2,123.25,120.25,121.8,7917072
2015-10-05 00:00:00+05:30,122.6,123.75,121.1,122.65,6550182
2015-10-06 00:00:00+05:30,123.2,126.25,122.5,124.95,8022018
2015-10-07 00:00:00+05:30,124.9,125.8,121.8,123.1,9349692
2015-10-08 00:00:00+05:30,123.45,123.6,120.55,121.8,6175332
2015-10-09 00:00:00+05:30,122.5,123.0,119.1,120.8,6165072
2015-10-12 00:00:00+05:30,121.1,121.5,119.4,120.9,4355766
2015-10-13 00:00:00+05:30,122.2,124.15,122.0,123.1,8031192
2015-10-14 00:00:00+05:30,123.95,124.3,122.65,122.9,4512738
2015-10-15 00:00:00+05:30,123.95,128.45,123.55,127.65,9365970
2015-10-16 00:00:00+05:30,129.0,131.0,128.45,130.45,10406160
2015-10-19 00:00:00+05:30,129.65,132.3,129.65,131.6,6140070
2015-10-20 00:00:00+05:30,131.25,132.7,130.25,130.65,5368296
2015-10-21 00:00:00+05:30,130.55,130.95,128.3,128.8,4277856
2015-10-23 00:00:00+05:30,129.6,131.55,129.6,130.25,4399380
2015-10-26 00:00:00+05:30,130.25,131.6,129.0,129.3,5264628
2015-10-27 00:00:00+05:30,128.7,131.35,128.1,131.0,11420244
2015-10-28 00:00:00+05:30,131.7,132.0,128.9,130.15,6413472
2015-10-29 00:00:00+05:30,129.85,130.1,124.95,125.5,12440094
2015-10-30 00:00:00+05:30,125.6,127.1,123.4,124.3,10099650
2015-11-02 00:00:00+05:30,124.6,125.5,122.8,124.4,6053736
2015-11-03 00:00:00+05:30,125.2,126.25,123.55,125.1,4376820
2015-11-04 00:00:00+05:30,125.4,127.3,124.95,126.65,3822780
2015-11-05 00:00:00+05:30,126.7,127.95,125.85,127.1,4922694
2015-11-06 00:00:00+05:30,127.4,128.6,126.9,128.15,4208082
2015-11-09 00:00:00+05:30,126.9,130.35,125.4,129.2,12706644
2015-11-10 00:00:00+05:30,128.7,130.45,124.4,125.15,7105122
2015-11-11 00:00:00+05:30,126.45,128.1,125.5,127.1,667698
2015-11-13 00:00:00+05:30,128.55,129.9,127.1,129.65,6901326
2015-11-16 00:00:00+05:30,129.95,130.65,128.2,128.55,7344072
2015-11-17 00:00:00+05:30,128.55,129.3,124.45,125.05,7002486
2015-11-18 00:00:00+05:30,125.0,126.9,124.6,126.25,3192474
2015-11-19 00:00:00+05:30,127.15,130.25,126.55,129.85,6606444
2015-11-20 00:00:00+05:30,129.5,132.4,128.75,131.25,5102562
2015-11-23 00:00:00+05:30,131.05,132.05,129.4,129.65,5525520
2015-11-24 00:00:00+05:30,129.6,131.1,128.1,129.85,5177028
2015-11-26 00:00:00+05:30,129.95,131.1,128.9,129.5,4895076
2015-11-27 00:00:00+05:30,130.1,130.2,127.25,128.9,3201420
2015-11-30 00:00:00+05:30,129.1,131.55,128.4,129.0,8882058
2015-12-01 00:00:00+05:30,129.1,133.95,129.1,133.75,9238092
2015-12-02 00:00:00+05:30,134.1,135.95,132.8,133.65,8326290
2015-12-03 00:00:00+05:30,134.1,134.3,131.4,131.8,5015892
2015-12-04 00:00:00+05:30,130.85,131.7,129.4,129.75,3626358
2015-12-07 00:00:00+05:30,131.35,132.2,129.95,130.35,5565606
2015-12-08 00:00:00+05:30,131.55,132.7,130.1,130.55,8616162
2015-12-09 00:00:00+05:30,130.55,131.15,125.2,126.0,6665106
2015-12-10 00:00:00+05:30,125.75,129.9,123.7,129.4,5594490
2015-12-11 00:00:00+05:30,129.55,130.45,126.65,127.6,5120418
2015-12-14 00:00:00+05:30,127.95,129.0,126.15,127.2,3884490
2015-12-15 00:00:00+05:30,127.5,128.1,125.85,127.15,2252190
2015-12-16 00:00:00+05:30,128.7,131.35,128.7,129.3,4870278
2015-12-17 00:00:00+05:30,130.7,131.25,128.6,129.35,5187336
2015-12-18 00:00:00+05:30,129.5,131.05,128.45,128.8,4418478
2015-12-21 00:00:00+05:30,129.6,130.2,127.5,128.4,3409950
2015-12-22 00:00:00+05:30,128.75,129.95,128.45,129.15,3324306
2015-12-23 00:00:00+05:30,129.5,129.95,128.45,128.8,5128014
2015-12-24 00:00:00+05:30,128.9,130.05,128.8,129.4,3247686
2015-12-28 00:00:00+05:30,129.35,129.95,128.85,129.25,2211558
2015-12-29 00:00:00+05:30,130.1,131.2,128.7,129.1,4788678
2015-12-30 00:00:00+05:30,129.1,129.85,127.0,127.4,3117588
2015-12-31 00:00:00+05:30,127.5,129.0,126.35,127.5,18646938
2016-01-01 00:00:00+05:30,127.6,129.1,127.3,128.15,1657350
2016-01-04 00:00:00+05:30,127.05,128.2,124.9,127.4,3606078
2016-01-05 00:00:00+05:30,127.6,129.95,125.65,129.15,5962272
2016-01-06 00:00:00+05:30,129.85,131.75,128.1,130.6,9086724
2016-01-07 00:00:00+05:30,131.2,131.75,125.6,126.35,5033250
2016-01-08 00:00:00+05:30,127.5,129.9,127.25,129.3,4050576
2016-01-11 00:00:00+05:30,129.1,129.1,126.55,126.9,4601892
2016-01-12 00:00:00+05:30,126.9,128.6,126.0,127.2,7515132
2016-01-13 00:00:00+05:30,128.3,129.1,123.85,128.1,9316644
2016-01-14 00:00:00+05:30,125.75,131.8,125.4,130.15,6475314
2016-01-15 00:00:00+05:30,130.35,135.95,130.15,133.7,17947962
2016-01-18 00:00:00+05:30,133.45,134.75,127.1,128.2,8199276
2016-01-19 00:00:00+05:30,128.45,129.7,125.95,128.1,5754630
2016-01-20 00:00:00+05:30,127.6,129.0,124.95,126.55,12644868
2016-01-21 00:00:00+05:30,127.5,128.55,123.4,124.95,6498924
2016-01-22 00:00:00+05:30,125.5,126.95,124.4,126.15,4724358
2016-01-25 00:00:00+05:30,126.2,126.7,123.85,125.3,5743554
2016-01-27 00:00:00+05:30,125.5,127.0,123.95,124.2,10432572
2016-01-28 00:00:00+05:30,124.35,125.25,122.7,123.95,13622442
2016-01-29 00:00:00+05:30,123.95,129.75,123.45,127.65,9394056
2016-02-01 00:00:00+05:30,127.3,127.7,124.4,125.65,5548908
2016-02-02 00:00:00+05:30,124.6,124.8,120.3,121.1,5678850
2016-02-03 00:00:00+05:30,120.35,122.2,117.3,117.95,8508744
2016-02-04 00:00:00+05:30,118.75,121.35,117.1,118.15,10128570
2016-02-05 00:00:00+05:30,119.05,120.5,117.5,119.95,4834668
2016-02-08 00:00:00+05:30,119.95,121.5,116.9,117.2,3625992
2016-02-09 00:00:00+05:30,116.7,119.45,115.9,117.2,10934466
2016-02-10 00:00:00+05:30,117.8,119.75,115.35,119.15,4740144
2016-02-11 00:00:00+05:30,118.65,119.15,115.2,116.1,6531510
2016-02-12 00:00:00+05:30,116.7,116.8,107.55,109.2,14008980
2016-02-15 00:00:00+05:30,113.3,114.7,109.75,110.25,9162588
2016-02-16 00:00:00+05:30,110.85,110.85,102.9,105.85,12028806
2016-02-17 00:00:00+05:30,107.05,111.05,106.35,110.45,12109608
2016-02-18 00:00:00+05:30,112.0,113.3,110.45,111.75,12523590
2016-02-19 00:00:00+05:30,111.85,111.85,107.45,108.1,10177932
2016-02-22 00:00:00+05:30,107.95,108.7,105.6,107.15,8374212
2016-02-23 00:00:00+05:30,107.25,107.5,102.75,103.55,7897014
2016-02-24 00:00:00+05:30,104.35,109.2,103.95,108.6,13869816
2016-02-25 00:00:00+05:30,108.55,108.7,104.95,107.8,12691176
2016-02-26 00:00:00+05:30,109.8,109.8,105.7,107.9,7388796
2016-02-29 00:00:00+05:30,107.4,111.45,104.05,108.65,58759392
2016-03-01 00:00:00+05:30,108.65,113.3,108.65,112.4,5870094
2016-03-02 00:00:00+05:30,113.25,115.65,110.8,111.25,6927816
2016-03-03 00:00:00+05:30,111.35,112.25,108.95,111.8,7814532
2016-03-04 00:00:00+05:30,112.25,116.1,111.3,115.7,10276464
2016-03-08 00:00:00+05:30,116.35,118.7,114.5,116.55,9000768
2016-03-09 00:00:00+05:30,115.45,116.7,112.85,113.25,11601114
2016-03-10 00:00:00+05:30,114.7,114.7,111.55,112.45,9329226
2016-03-11 00:00:00+05:30,113.05,115.65,112.6,113.9,8007786
2016-03-14 00:00:00+05:30,114.45,115.35,112.85,114.05,6063630
2016-03-15 00:00:00+05:30,114.25,116.4,114.2,115.05,6480744
2016-03-16 00:00:00+05:30,116.7,116.9,115.65,116.2,9897174
2016-03-17 00:00:00+05:30,117.65,124.05,117.2,123.3,24451710
2016-03-18 00:00:00+05:30,122.6,123.2,121.4,122.1,10210908
2016-03-21 00:00:00+05:30,123.25,125.6,122.65,124.15,10117392
2016-03-22 00:00:00+05:30,123.4,126.9,122.65,124.2,8979450
2016-03-23 00:00:00+05:30,124.9,125.65,123.2,123.9,6985866
2016-03-28 00:00:00+05:30,124.35,126.8,123.1,124.7,10564908
2016-03-29 00:00:00+05:30,125.25,127.1,124.1,124.8,9620322
2016-03-30 00:00:00+05:30,125.4,129.9,124.45,128.9,14510682
2016-03-31 00:00:00+05:30,129.35,132.05,128.55,129.4,16855632
2016-04-01 00:00:00+05:30,128.7,128.7,126.45,126.8,5694990
2016-04-04 00:00:00+05:30,128.0,128.4,125.75,126.7,5617644
2016-04-05 00:00:00+05:30,128.55,130.2,126.25,127.25,9844548
2016-04-06 00:00:00+05:30,128.3,128.45,125.4,127.2,10679808
2016-04-07 00:00:00+05:30,128.4,129.3,126.15,126.45,9557472
2016-04-08 00:00:00+05:30,126.7,128.95,125.65,128.65,3622740
2016-04-11 00:00:00+05:30,127.65,131.8,127.65,131.45,6454800
2016-04-12 00:00:00+05:30,133.15,134.8,131.55,131.95,9046572
2016-04-13 00:00:00+05:30,132.6,133.8,131.25,132.7,6253500
2016-04-18 00:00:00+05:30,132.6,141.0,132.6,139.45,12232620
2016-04-20 00:00:00+05:30,139.15,139.4,136.6,137.1,7911024
2016-04-21 00:00:00+05:30,137.1,141.8,137.1,139.6,6417180
2016-04-22 00:00:00+05:30,138.25,140.7,138.0,138.9,3955446
2016-04-25 00:00:00+05:30,137.95,141.35,137.75,140.75,3926892
2016-04-26 00:00:00+05:30,139.8,141.65,139.6,140.4,5958750
2016-04-27 00:00:00+05:30,139.6,143.35,139.6,141.35,4711896
2016-04-28 00:00:00+05:30,141.35,142.45,137.65,138.4,7211784
2016-04-29 00:00:00+05:30,137.95,141.3,137.95,140.7,3448788
2016-05-02 00:00:00+05:30,141.35,142.1,138.9,139.4,2469942
2016-05-03 00:00:00+05:30,140.3,140.5,136.6,137.05,5230200
2016-05-04 00:00:00+05:30,136.05,138.25,135.4,136.0,4202982
2016-05-05 00:00:00+05:30,136.3,136.6,133.2,134.7,4213530
2016-05-06 00:00:00+05:30,133.8,135.65,133.0,134.7,7279452
2016-05-09 00:00:00+05:30,135.4,136.4,133.7,134.45,5622882
2016-05-10 00:00:00+05:30,135.1,135.35,132.6,132.95,6334680
2016-05-11 00:00:00+05:30,131.6,133.0,130.05,131.75,6297276
2016-05-12 00:00:00+05:30,131.4,133.85,131.4,132.8,4013010
2016-05-13 00:00:00+05:30,132.45,134.1,131.75,133.0,3274212
2016-05-16 00:00:00+05:30,133.05,133.5,131.15,132.2,4096440
2016-05-17 00:00:00+05:30,133.35,136.2,133.35,135.7,6148596
2016-05-18 00:00:00+05:30,135.2,137.65,133.45,133.8,8779230
2016-05-19 00:00:00+05:30,133.65,136.35,133.55,135.4,6125832
2016-05-20 00:00:00+05:30,135.55,136.05,131.55,131.9,4772916
2016-05-23 00:00:00+05:30,132.9,133.65,130.35,132.05,4392420
2016-05-24 00:00:00+05:30,131.25,132.6,127.25,128.1,6197946
2016-05-25 00:00:00+05:30,129.45,135.0,125.8,131.45,4737294
2016-05-26 00:00:00+05:30,131.95,133.55,129.85,132.9,7243644
2016-05-27 00:00:00+05:30,136.6,147.9,136.05,146.0,35309520
2016-05-30 00:00:00+05:30,147.2,147.8,143.15,144.05,7861158
2016-05-31 00:00:00+05:30,144.05,145.35,140.1,141.1,13993596
2016-06-01 00:00:00+05:30,143.35,143.5,141.35,142.1,6444396
2016-06-02 00:00:00+05:30,142.05,145.1,140.8,144.6,8659596
2016-06-03 00:00:00+05:30,146.0,149.35,144.7,146.0,11162388
2016-06-06 00:00:00+05:30,145.05,145.55,142.55,143.25,7691856
2016-06-07 00:00:00+05:30,144.4,144.45,140.0,140.5,7041228
2016-06-08 00:00:00+05:30,139.85,141.85,139.3,141.05,6137646
2016-06-09 00:00:00+05:30,142.6,144.95,142.1,143.7,7902216
2016-06-10 00:00:00+05:30,143.95,144.8,141.75,142.1,5078658
2016-06-13 00:00:00+05:30,141.35,146.05,141.0,145.45,7468200
2016-06-14 00:00:00+05:30,146.5,146.7,142.3,142.75,6453570
2016-06-15 00:00:00+05:30,143.45,146.25,143.45,145.85,5033340
2016-06-16 00:00:00+05:30,146.25,147.2,144.2,145.9,6597216
2016-06-17 00:00:00+05:30,146.65,147.15,144.2,144.9,5262264
2016-06-20 00:00:00+05:30,144.1,146.0,143.25,144.9,3727578
2016-06-21 00:00:00+05:30,144.9,146.0,143.95,145.45,4405194
2016-06-22 00:00:00+05:30,145.35,146.15,144.6,145.55,4655760
2016-06-23 00:00:00+05:30,145.85,148.8,144.6,147.8,4479852
2016-06-24 00:00:00+05:30,146.0,147.85,143.5,146.15,6516624
2016-06-27 00:00:00+05:30,147.2,151.3,146.6,149.95,8603070
2016-06-28 00:00:00+05:30,150.55,152.45,150.35,152.1,7127814
2016-06-29 00:00:00+05:30,152.55,153.45,150.8,152.45,4994928
2016-06-30 00:00:00+05:30,153.65,156.15,152.0,155.25,14095068
2016-07-01 00:00:00+05:30,155.65,159.85,154.4,158.25,6395178
2016-07-04 00:00:00+05:30,158.7,161.05,158.7,160.4,10156236
2016-07-05 00:00:00+05:30,160.65,162.25,158.3,159.2,11752260
2016-07-07 00:00:00+05:30,159.4,162.7,157.9,161.65,15105402
2016-07-08 00:00:00+05:30,162.75,163.15,160.15,161.75,17025198
2016-07-11 00:00:00+05:30,163.6,167.2,162.6,164.65,18865734
2016-07-12 00:00:00+05:30,164.45,168.15,161.5,162.65,22119798
2016-07-13 00:00:00+05:30,162.5,163.5,157.55,158.15,11222686
2016-07-14 00:00:00+05:30,158.3,161.5,158.3,160.55,4710904
2016-07-15 00:00:00+05:30,160.75,161.95,158.5,160.95,7296570
2016-07-18 00:00:00+05:30,161.3,163.4,160.0,161.4,5087848
2016-07-19 00:00:00+05:30,161.25,166.85,160.75,166.3,8744866
2016-07-20 00:00:00+05:30,165.65,169.6,165.65,167.0,6950838
2016-07-21 00:00:00+05:30,169.4,172.0,166.7,167.55,8300904
2016-07-22 00:00:00+05:30,168.05,170.25,165.15,169.7,5877606
2016-07-25 00:00:00+05:30,170.9,175.45,170.35,172.85,9220002
2016-07-26 00:00:00+05:30,173.2,175.15,170.4,171.3,6438094
2016-07-27 00:00:00+05:30,171.4,173.8,169.45,171.4,6539758
2016-07-28 00:00:00+05:30,171.7,172.65,167.2,169.9,12794370
2016-07-29 00:00:00+05:30,171.1,173.95,169.5,172.6,5296830
2016-08-01 00:00:00+05:30,173.95,176.0,171.85,173.2,6665086
2016-08-02 00:00:00+05:30,173.85,174.75,167.85,168.55,8036002
2016-08-03 00:00:00+05:30,168.7,169.65,164.95,166.6,8537020
2016-08-04 00:00:00+05:30,166.95,168.15,161.95,165.45,7452468
2016-08-05 00:00:00+05:30,167.35,171.1,166.8,170.7,8297040
2016-08-08 00:00:00+05:30,172.75,180.35,171.5,176.95,24490668
2016-08-09 00:00:00+05:30,177.65,179.1,172.55,173.55,14751804
2016-08-10 00:00:00+05:30,174.1,176.25,168.25,169.8,12475206
2016-08-11 00:00:00+05:30,171.5,174.85,169.05,173.9,12648322
2016-08-12 00:00:00+05:30,171.6,173.2,167.15,168.7,9017328
2016-08-16 00:00:00+05:30,168.7,175.6,168.15,173.8,9808144
2016-08-17 00:00:00+05:30,173.7,174.5,169.8,171.0,5871178
2016-08-18 00:00:00+05:30,171.2,173.95,170.25,170.9,7606128
2016-08-19 00:00:00+05:30,171.5,173.4,169.15,172.75,7811124
2016-08-22 00:00:00+05:30,173.3,176.5,172.95,174.1,9868462
2016-08-23 00:00:00+05:30,175.15,175.55,166.1,167.45,11280070
2016-08-24 00:00:00+05:30,168.7,170.5,167.2,169.25,10981716
2016-08-25 00:00:00+05:30,170.9,174.85,169.05,174.3,16940338
2016-08-26 00:00:00+05:30,174.2,175.5,172.75,173.6,9223408
2016-08-29 00:00:00+05:30,173.95,175.45,173.05,174.5,7354326
2016-08-30 00:00:00+05:30,175.7,178.4,175.35,177.4,8935186
2016-08-31 00:00:00+05:30,177.65,177.9,174.1,175.7,29762542
2016-09-01 00:00:00+05:30,174.95,177.0,169.8,170.8,11173824
2016-09-02 00:00:00+05:30,171.8,172.1,169.15,170.8,7794672
2016-09-06 00:00:00+05:30,172.55,174.85,171.45,174.4,6827254
2016-09-07 00:00:00+05:30,174.85,174.85,170.9,171.7,4939660
2016-09-08 00:00:00+05:30,171.8,172.75,170.1,170.9,6330264
2016-09-09 00:00:00+05:30,170.9,173.3,170.25,171.4,5477118
2016-09-12 00:00:00+05:30,168.8,170.4,163.5,164.35,8236624
2016-09-14 00:00:00+05:30,166.1,168.25,164.55,167.25,7191990
2016-09-15 00:00:00+05:30,168.7,168.7,164.3,165.1,5802084
2016-09-16 00:00:00+05:30,167.2,169.35,165.35,168.1,34517982
2016-09-19 00:00:00+05:30,169.05,171.1,168.7,170.35,6450138
2016-09-20 00:00:00+05:30,170.9,171.75,169.6,170.45,6279582
2016-09-21 00:00:00+05:30,171.8,173.5,168.75,170.8,5321154
2016-09-22 00:00:00+05:30,172.75,175.05,171.4,174.5,7755264
2016-09-23 00:00:00+05:30,175.25,177.35,175.05,176.3,6251616
2016-09-26 00:00:00+05:30,176.4,182.55,173.4,181.8,9488160
2016-09-27 00:00:00+05:30,183.55,183.6,177.45,178.2,8364234
2016-09-28 00:00:00+05:30,178.6,180.95,177.75,179.85,4161454
2016-09-29 00:00:00+05:30,179.65,181.9,174.95,178.0,13435798
2016-09-30 00:00:00+05:30,176.4,180.65,176.1,178.75,5275098
2016-10-03 00:00:00+05:30,179.75,184.3,179.45,183.4,5511670
2016-10-04 00:00:00+05:30,183.55,186.85,183.5,186.4,4858818
2016-10-05 00:00:00+05:30,186.5,190.9,183.2,190.2,5038164
2016-10-06 00:00:00+05:30,191.35,200.6,190.85,196.65,10077342
2016-10-07 00:00:00+05:30,197.95,199.45,192.15,194.45,5750160
2016-10-10 00:00:00+05:30,194.55,195.45,191.3,192.7,4705734
2016-10-13 00:00:00+05:30,191.2,196.55,189.0,192.45,9780994
2016-10-14 00:00:00+05:30,193.6,197.1,193.05,195.45,5224342
2016-10-17 00:00:00+05:30,197.55,197.85,192.15,193.05,6081094
2016-10-18 00:00:00+05:30,193.6,194.45,189.0,192.35,5267634
2016-10-19 00:00:00+05:30,192.75,196.3,192.05,193.5,5475876
2016-10-20 00:00:00+05:30,193.6,194.9,191.45,194.0,4646502
2016-10-21 00:00:00+05:30,194.9,196.85,193.9,195.85,3965844
2016-10-24 00:00:00+05:30,196.3,201.9,195.45,201.4,5641780
2016-10-25 00:00:00+05:30,199.8,201.8,197.4,201.2,5356072
2016-10-26 00:00:00+05:30,200.5,201.45,196.65,198.3,5726604
2016-10-27 00:00:00+05:30,196.1,199.6,194.9,198.4,6855798
2016-10-28 00:00:00+05:30,197.3,198.4,195.25,196.1,5632266
2016-11-01 00:00:00+05:30,196.75,199.45,195.5,198.3,4520814
2016-11-02 00:00:00+05:30,196.4,196.4,191.75,193.35,4199952
2016-11-03 00:00:00+05:30,194.45,194.55,187.45,188.4,5728524
2016-11-04 00:00:00+05:30,188.05,190.1,184.75,188.2,5656078
2016-11-07 00:00:00+05:30,189.6,195.35,189.2,193.3,4872916
2016-11-08 00:00:00+05:30,192.45,195.7,191.55,193.5,4135614
2016-11-09 00:00:00+05:30,185.7,196.1,183.1,193.3,5701092
2016-11-10 00:00:00+05:30,192.85,197.3,192.85,194.75,6838788
2016-11-11 00:00:00+05:30,190.3,193.5,188.7,190.1,8564676
2016-11-15 00:00:00+05:30,189.1,191.75,181.5,188.2,19785118
2016-11-16 00:00:00+05:30,190.3,193.65,183.8,185.4,10973214
2016-11-17 00:00:00+05:30,185.7,188.3,181.35,185.75,13619668
2016-11-18 00:00:00+05:30,186.0,189.3,185.3,188.0,10984684
2016-11-21 00:00:00+05:30,189.3,189.5,184.1,185.3,9408088
2016-11-22 00:00:00+05:30,185.5,188.6,185.3,187.45,8587330
2016-11-23 00:00:00+05:30,187.15,188.05,182.35,185.3,9209448
2016-11-24 00:00:00+05:30,183.55,188.3,183.05,186.55,8038728
2016-11-25 00:00:00+05:30,187.55,189.5,185.7,186.95,4451608
2016-11-28 00:00:00+05:30,187.55,194.5,187.2,190.65,12447964
2016-11-29 00:00:00+05:30,191.2,192.6,187.85,188.3,7684374
2016-11-30 00:00:00+05:30,188.9,190.55,185.85,188.35,76838898
2016-12-01 00:00:00+05:30,186.2,187.15,180.65,183.7,9648664
2016-12-02 00:00:00+05:30,181.05,182.45,176.5,177.35,14752566
2016-12-05 00:00:00+05:30,176.35,180.1,174.3,176.15,8166354
2016-12-06 00:00:00+05:30,177.35,179.75,176.4,178.85,6772570
2016-12-07 00:00:00+05:30,179.75,185.3,179.55,184.75,8027164
2016-12-08 00:00:00+05:30,187.55,187.8,184.75,186.55,5348128
2016-12-09 00:00:00+05:30,186.5,186.55,182.6,185.55,6470070
2016-12-12 00:00:00+05:30,183.45,184.65,177.9,178.55,6398668
2016-12-13 00:00:00+05:30,178.6,184.35,177.8,183.65,4686300
2016-12-14 00:00:00+05:30,183.2,185.05,180.5,181.2,4862082
2016-12-15 00:00:00+05:30,180.95,184.35,177.45,179.65,8331282
2016-12-16 00:00:00+05:30,177.9,180.05,176.1,178.3,6771280
2016-12-19 00:00:00+05:30,180.7,182.0,178.0,178.55,5986500
2016-12-20 00:00:00+05:30,179.25,180.45,177.65,178.6,5768442
2016-12-21 00:00:00+05:30,178.5,179.9,175.6,179.1,6451360
2016-12-22 00:00:00+05:30,179.35,179.65,176.7,178.2,2523850
2016-12-23 00:00:00+05:30,177.85,179.85,177.1,178.2,2547054
2016-12-26 00:00:00+05:30,178.3,178.3,174.95,175.6,2446068
2016-12-27 00:00:00+05:30,175.8,180.1,175.25,179.65,3327190
2016-12-28 00:00:00+05:30,179.75,180.85,178.05,179.5,7007838
2016-12-29 00:00:00+05:30,179.65,188.7,179.15,187.05,14972490
2016-12-30 00:00:00+05:30,185.8,186.65,184.1,185.75,4676346
2017-01-02 00:00:00+05:30,187.15,188.6,186.4,187.35,3380304
2017-01-03 00:00:00+05:30,188.4,192.7,186.1,190.4,9472156
2017-01-04 00:00:00+05:30,190.2,193.6,187.8,191.95,8356224
2017-01-05 00:00:00+05:30,191.65,197.75,191.2,197.2,7441498
2017-01-06 00:00:00+05:30,196.75,199.8,193.8,194.8,4953354
2017-01-09 00:00:00+05:30,194.65,195.65,190.55,191.2,3520716
2017-01-10 00:00:00+05:30,193.2,198.25,192.75,193.4,5889748
2017-01-11 00:00:00+05:30,194.0,195.15,191.65,193.6,5018716
2017-01-12 00:00:00+05:30,194.0,196.0,192.5,193.1,3147280
2017-01-13 00:00:00+05:30,194.8,194.8,190.55,192.6,3556450
2017-01-16 00:00:00+05:30,194.15,196.75,191.95,195.8,3933180
2017-01-17 00:00:00+05:30,196.4,197.15,194.0,194.85,2637174
2017-01-18 00:00:00+05:30,194.65,194.65,190.4,191.95,6318378
2017-01-19 00:00:00+05:30,192.45,198.45,191.45,197.55,5453530
2017-01-20 00:00:00+05:30,197.0,198.25,194.0,194.8,4089552
2017-01-23 00:00:00+05:30,194.0,200.05,193.8,198.55,5101446
2017-01-24 00:00:00+05:30,198.55,202.0,197.55,200.2,5566492
2017-01-25 00:00:00+05:30,201.4,211.25,198.75,209.05,10893220
2017-01-27 00:00:00+05:30,209.65,213.9,202.9,207.05,5733754
2017-01-30 00:00:00+05:30,207.6,208.1,204.05,207.05,2928624
2017-01-31 00:00:00+05:30,207.35,207.35,198.55,199.95,6823654
2017-02-01 00:00:00+05:30,200.05,204.75,197.4,203.4,5528706
2017-02-02 00:00:00+05:30,204.15,209.65,203.95,206.25,4782462
2017-02-03 00:00:00+05:30,205.95,206.15,202.15,205.25,4896420
2017-02-06 00:00:00+05:30,206.75,209.05,205.3,207.25,3632686
2017-02-07 00:00:00+05:30,208.0,212.7,206.9,210.75,6836934
2017-02-08 00:00:00+05:30,211.4,213.9,209.95,211.95,7005252
2017-02-09 00:00:00+05:30,213.35,214.55,212.1,213.9,5934868
2017-02-10 00:00:00+05:30,215.8,215.8,209.25,210.4,7534048
2017-02-13 00:00:00+05:30,210.25,211.4,208.8,210.15,2897596
2017-02-14 00:00:00+05:30,210.75,210.75,201.55,203.2,5446900
2017-02-15 00:00:00+05:30,203.2,205.6,195.8,197.85,9680544
2017-02-16 00:00:00+05:30,196.55,198.55,194.0,196.2,10280532
2017-02-17 00:00:00+05:30,196.55,200.5,194.9,199.15,5836984
2017-02-20 00:00:00+05:30,200.2,206.25,199.55,205.7,5841244
2017-02-21 00:00:00+05:30,207.15,210.85,205.95,206.85,4876872
2017-02-22 00:00:00+05:30,207.15,211.15,206.75,210.05,7402582
2017-02-23 00:00:00+05:30,210.25,212.3,207.65,211.05,9037396
2017-02-27 00:00:00+05:30,209.95,213.3,205.9,208.0,6559228
2017-02-28 00:00:00+05:30,202.55,204.05,195.8,196.45,15042586
2017-03-01 00:00:00+05:30,197.95,198.45,191.3,193.1,10965874
2017-03-02 00:00:00+05:30,193.95,195.0,184.35,185.7,17818512
2017-03-03 00:00:00+05:30,185.3,185.75,179.55,184.95,23674240
2017-03-06 00:00:00+05:30,186.3,188.2,184.85,186.4,9895818
2017-03-07 00:00:00+05:30,187.55,189.8,186.75,189.0,6908280
2017-03-08 00:00:00+05:30,188.9,190.4,184.1,186.85,6447222
2017-03-09 00:00:00+05:30,188.4,188.5,184.25,184.75,6311064
2017-03-10 00:00:00+05:30,185.95,186.2,181.05,182.1,7306420
2017-03-14 00:00:00+05:30,185.95,187.55,183.8,186.1,9366018
2017-03-15 00:00:00+05:30,185.75,188.3,185.0,186.1,4512816
2017-03-16 00:00:00+05:30,186.85,190.1,186.25,189.55,5624442
2017-03-17 00:00:00+05:30,190.3,190.3,186.55,187.85,6703974
2017-03-20 00:00:00+05:30,187.15,189.6,185.75,188.2,3582736
2017-03-21 00:00:00+05:30,187.85,189.9,185.3,187.85,5581120
2017-03-22 00:00:00+05:30,186.1,189.8,183.5,188.7,5892472
2017-03-23 00:00:00+05:30,191.75,193.3,189.6,191.8,11486508
2017-03-24 00:00:00+05:30,190.3,190.85,188.7,190.2,5505504
2017-03-27 00:00:00+05:30,190.2,191.45,187.5,188.1,5589924
2017-03-28 00:00:00+05:30,187.65,189.7,187.15,189.0,3425302
2017-03-29 00:00:00+05:30,189.5,190.4,187.55,188.1,4163748
2017-03-30 00:00:00+05:30,188.1,189.2,186.65,187.4,9312888
2017-03-31 00:00:00+05:30,188.4,192.7,187.85,190.2,7375138
2017-04-03 00:00:00+05:30,189.9,190.1,186.1,186.65,3026668
2017-04-05 00:00:00+05:30,188.1,188.1,184.45,186.5,10093318
2017-04-06 00:00:00+05:30,186.5,189.55,184.85,189.1,5526772
2017-04-07 00:00:00+05:30,188.05,199.35,188.0,198.05,15781054
2017-04-10 00:00:00+05:30,199.55,207.1,199.55,205.7,15483084
2017-04-11 00:00:00+05:30,206.8,209.85,205.7,208.85,10697776
2017-04-12 00:00:00+05:30,209.75,212.3,205.1,210.95,6569680
2017-04-13 00:00:00+05:30,212.05,218.5,209.0,215.2,9633930
2017-04-17 00:00:00+05:30,214.55,217.35,211.4,212.95,4634016
2017-04-18 00:00:00+05:30,213.45,216.85,212.4,213.1,5230546
2017-04-19 00:00:00+05:30,212.8,215.4,209.15,212.7,5492082
2017-04-20 00:00:00+05:30,213.4,214.8,211.8,212.15,3699786
2017-04-21 00:00:00+05:30,213.2,214.05,209.65,210.5,3636798
2017-04-24 00:00:00+05:30,210.55,211.8,207.45,210.25,4247748
2017-04-25 00:00:00+05:30,210.85,218.5,210.85,217.75,7337698
2017-04-26 00:00:00+05:30,218.5,219.4,212.5,215.4,3972912
2017-04-27 00:00:00+05:30,215.4,217.5,212.95,216.65,3351436
2017-04-28 00:00:00+05:30,217.6,217.85,210.75,211.55,4010134
2017-05-02 00:00:00+05:30,213.9,218.9,212.15,217.85,6627814
2017-05-03 00:00:00+05:30,219.2,222.15,214.35,216.75,7422234
2017-05-04 00:00:00+05:30,218.25,218.25,211.7,215.3,5293186
2017-05-05 00:00:00+05:30,216.35,219.4,211.8,213.3,7678390
2017-05-08 00:00:00+05:30,213.65,214.75,208.8,210.4,5539540
2017-05-09 00:00:00+05:30,211.05,212.7,208.85,212.25,3841134
2017-05-10 00:00:00+05:30,214.15,214.8,211.9,214.3,4519720
2017-05-11 00:00:00+05:30,215.6,216.45,213.35,215.05,4014562
2017-05-12 00:00:00+05:30,215.0,216.65,213.35,215.85,3019362
2017-05-15 00:00:00+05:30,216.25,216.65,212.7,214.15,2519026
2017-05-16 00:00:00+05:30,213.9,216.35,212.7,215.85,2614564
2017-05-17 00:00:00+05:30,215.8,216.1,212.9,214.05,3423088
2017-05-18 00:00:00+05:30,212.4,214.05,209.0,210.25,3143224
2017-05-19 00:00:00+05:30,210.35,212.5,205.6,206.4,3208638
2017-05-22 00:00:00+05:30,205.95,205.95,201.5,204.35,4520812
2017-05-23 00:00:00+05:30,203.85,207.4,202.05,205.5,5377980
2017-05-24 00:00:00+05:30,206.55,210.75,202.9,209.25,7050066
2017-05-25 00:00:00+05:30,210.15,215.8,207.8,213.9,10675392
2017-05-26 00:00:00+05:30,212.4,222.25,206.55,220.9,11422914
2017-05-29 00:00:00+05:30,222.25,226.9,220.1,222.5,12864804
2017-05-30 00:00:00+05:30,219.1,219.4,213.55,217.55,7421124
2017-05-31 00:00:00+05:30,217.95,220.5,217.35,218.75,6592494
2017-06-01 00:00:00+05:30,217.8,220.0,214.55,217.6,4509996
2017-06-02 00:00:00+05:30,217.6,217.95,212.65,213.3,3975358
2017-06-05 00:00:00+05:30,213.35,217.25,212.9,214.4,4039432
2017-06-06 00:00:00+05:30,215.2,216.65,212.9,213.5,4600956
2017-06-07 00:00:00+05:30,213.9,214.05,209.0,210.95,8595088
2017-06-08 00:00:00+05:30,213.3,214.35,207.25,207.7,6691548
2017-06-09 00:00:00+05:30,208.5,209.05,204.25,206.8,5840328
2017-06-12 00:00:00+05:30,207.15,207.7,205.3,206.15,5218104
2017-06-13 00:00:00+05:30,207.7,208.3,204.8,205.3,2471296
2017-06-14 00:00:00+05:30,205.3,205.7,202.35,203.2,5689032
2017-06-15 00:00:00+05:30,203.2,204.15,194.45,196.55,13449646
2017-06-16 00:00:00+05:30,198.55,200.6,196.55,197.55,14039070
2017-06-19 00:00:00+05:30,198.55,199.05,195.15,195.5,6110038
2017-06-20 00:00:00+05:30,195.8,196.95,194.0,194.8,6585136
2017-06-21 00:00:00+05:30,195.45,195.45,190.6,191.55,8037780
2017-06-22 00:00:00+05:30,190.95,191.65,186.2,187.75,10208172
2017-06-23 00:00:00+05:30,188.7,189.05,183.6,184.35,5273572
2017-06-27 00:00:00+05:30,183.8,183.8,174.6,178.6,28287252
2017-06-28 00:00:00+05:30,177.9,182.45,177.55,180.05,10596600
2017-06-29 00:00:00+05:30,180.25,185.1,180.15,182.9,15832566
2017-06-30 00:00:00+05:30,182.25,187.65,181.75,186.95,12922402
2017-07-03 00:00:00+05:30,187.25,190.65,187.25,190.05,10764760
2017-07-04 00:00:00+05:30,189.55,194.9,189.0,192.55,22330908
2017-07-05 00:00:00+05:30,192.7,194.5,192.25,194.0,5161158
2017-07-06 00:00:00+05:30,194.55,194.55,192.6,193.3,7229722
2017-07-07 00:00:00+05:30,193.6,196.35,193.05,194.55,10959354
2017-07-10 00:00:00+05:30,188.8,202.9,188.8,194.8,1468620
2017-07-11 00:00:00+05:30,196.1,199.75,194.65,198.95,11229114
2017-07-12 00:00:00+05:30,200.7,201.65,198.95,200.6,9404598
2017-07-13 00:00:00+05:30,201.65,205.25,199.95,201.9,7751906
2017-07-14 00:00:00+05:30,203.9,204.55,200.75,202.9,5322378
2017-07-17 00:00:00+05:30,203.0,206.75,202.55,205.95,4081512
2017-07-18 00:00:00+05:30,205.95,209.45,204.55,206.55,5595054
2017-07-19 00:00:00+05:30,207.15,208.6,205.15,207.05,5090296
2017-07-20 00:00:00+05:30,206.65,207.85,204.15,205.9,3599056
2017-07-21 00:00:00+05:30,205.9,206.7,203.2,205.9,4011048
2017-07-24 00:00:00+05:30,205.35,208.5,204.8,205.4,5182362
2017-07-25 00:00:00+05:30,205.4,206.55,204.35,205.75,8360884
2017-07-26 00:00:00+05:30,205.55,208.4,205.55,207.8,6456672
2017-07-27 00:00:00+05:30,207.8,211.8,207.6,210.5,7113370
2017-07-28 00:00:00+05:30,209.0,212.0,206.9,209.75,7454950
2017-07-31 00:00:00+05:30,208.4,210.9,206.55,207.7,6001224
2017-08-01 00:00:00+05:30,208.15,215.0,208.1,214.35,6984958
2017-08-02 00:00:00+05:30,214.35,216.15,213.95,214.7,7148256
2017-08-03 00:00:00+05:30,216.1,220.45,214.1,216.35,12424750
2017-08-04 00:00:00+05:30,217.05,232.75,216.85,229.3,10812720
2017-08-07 00:00:00+05:30,230.2,234.4,227.8,233.8,9363506
2017-08-08 00:00:00+05:30,233.8,234.2,222.3,223.3,8597082
2017-08-09 00:00:00+05:30,221.7,226.65,217.8,219.2,6241150
2017-08-10 00:00:00+05:30,218.2,218.7,207.9,212.45,9696100
2017-08-11 00:00:00+05:30,209.55,217.35,208.1,213.8,8423938
2017-08-14 00:00:00+05:30,213.4,213.4,205.0,211.05,9685338
2017-08-16 00:00:00+05:30,211.7,215.6,209.0,213.65,6404160
2017-08-17 00:00:00+05:30,214.05,223.0,211.85,218.1,9280626
2017-08-18 00:00:00+05:30,217.8,226.35,215.5,222.55,11946308
2017-08-21 00:00:00+05:30,223.9,228.25,218.75,220.0,8719356
2017-08-22 00:00:00+05:30,218.0,227.0,218.0,225.8,9180118
2017-08-23 00:00:00+05:30,227.95,227.95,223.8,225.45,6142666
2017-08-24 00:00:00+05:30,225.8,227.75,222.95,224.8,5855832
2017-08-28 00:00:00+05:30,224.85,225.5,221.2,224.7,6220854
2017-08-29 00:00:00+05:30,224.7,229.55,221.65,222.9,7745342
2017-08-30 00:00:00+05:30,226.05,232.25,224.7,230.7,8234412
2017-08-31 00:00:00+05:30,230.45,236.9,228.8,234.4,11927368
2017-09-01 00:00:00+05:30,235.75,239.4,232.6,238.3,7310390
2017-09-04 00:00:00+05:30,238.3,242.25,233.7,235.4,8962268
2017-09-05 00:00:00+05:30,234.9,240.15,233.7,239.1,4018344
2017-09-06 00:00:00+05:30,238.25,238.25,234.8,237.1,3691782
2017-09-07 00:00:00+05:30,238.55,238.9,231.2,232.15,6529362
2017-09-08 00:00:00+05:30,232.55,233.8,226.2,227.2,6425078
2017-09-11 00:00:00+05:30,229.75,232.0,225.85,226.65,6053096
2017-09-12 00:00:00+05:30,228.3,237.2,226.8,236.65,7914244
2017-09-13 00:00:00+05:30,237.6,239.65,215.95,221.05,17962048
2017-09-14 00:00:00+05:30,230.2,232.5,215.0,221.2,31656128
2017-09-15 00:00:00+05:30,221.0,222.4,216.95,219.7,10685170
2017-09-18 00:00:00+05:30,222.85,224.15,217.95,220.1,5703140
2017-09-19 00:00:00+05:30,220.55,224.8,218.05,224.2,7939846
2017-09-20 00:00:00+05:30,224.25,224.25,217.55,218.4,12619394
2017-09-21 00:00:00+05:30,218.7,221.0,216.75,219.3,10910736
2017-09-22 00:00:00+05:30,218.25,219.7,213.25,217.35,9620876
2017-09-25 00:00:00+05:30,215.35,217.55,210.95,215.1,7274742
2017-09-26 00:00:00+05:30,213.2,214.35,202.55,206.8,18420112
2017-09-27 00:00:00+05:30,208.1,210.2,203.75,205.15,11097560
2017-09-28 00:00:00+05:30,204.1,205.05,197.65,203.85,13692558
2017-09-29 00:00:00+05:30,205.3,209.95,203.55,207.75,12056308
2017-10-03 00:00:00+05:30,210.4,212.55,205.8,211.25,6540366
2017-10-04 00:00:00+05:30,217.85,217.95,210.15,214.65,9858378
2017-10-05 00:00:00+05:30,212.75,214.0,209.55,211.85,5856194
2017-10-06 00:00:00+05:30,211.8,217.7,210.95,216.2,4993610
2017-10-09 00:00:00+05:30,214.55,217.35,211.6,212.3,6073230
2017-10-10 00:00:00+05:30,212.7,213.75,210.0,212.85,6351158
2017-10-11 00:00:00+05:30,212.25,219.2,211.45,216.1,12012196
2017-10-12 00:00:00+05:30,216.45,218.35,214.8,217.15,4643356
2017-10-13 00:00:00+05:30,217.55,218.25,213.65,215.8,6494000
2017-10-16 00:00:00+05:30,216.35,221.45,215.95,220.3,8298660
2017-10-17 00:00:00+05:30,220.1,227.75,218.25,226.9,8898506
2017-10-18 00:00:00+05:30,227.4,229.95,224.7,227.3,5375658
2017-10-23 00:00:00+05:30,225.6,230.05,224.75,226.25,4281146
2017-10-24 00:00:00+05:30,227.25,228.55,223.45,225.45,4140328
2017-10-25 00:00:00+05:30,227.95,227.95,223.3,225.5,6380212
2017-10-26 00:00:00+05:30,225.6,239.4,225.35,237.8,14973218
2017-10-27 00:00:00+05:30,240.1,243.55,231.8,233.95,18156626
2017-10-30 00:00:00+05:30,233.25,244.8,232.4,237.7,6843452
2017-10-31 00:00:00+05:30,237.4,241.55,233.45,240.2,6390978
2017-11-01 00:00:00+05:30,240.35,241.75,236.75,239.4,4928758
2017-11-02 00:00:00+05:30,241.75,242.5,237.35,240.75,4972752
2017-11-03 00:00:00+05:30,239.55,241.1,235.4,236.3,4452146
2017-11-06 00:00:00+05:30,236.35,236.35,230.7,232.2,6772472
2017-11-07 00:00:00+05:30,232.55,232.55,224.9,230.9,8327804
2017-11-08 00:00:00+05:30,232.55,233.55,226.2,230.3,4610162
2017-11-09 00:00:00+05:30,230.5,233.0,227.95,231.25,4520122
2017-11-10 00:00:00+05:30,228.35,228.5,224.7,226.6,5373388
2017-11-13 00:00:00+05:30,228.95,229.25,217.95,221.25,8779378
2017-11-14 00:00:00+05:30,219.1,221.0,215.2,217.8,6297226
2017-11-15 00:00:00+05:30,218.7,225.1,218.7,223.15,8235204
2017-11-16 00:00:00+05:30,224.25,225.5,217.7,220.8,5210196
2017-11-17 00:00:00+05:30,223.1,224.25,218.9,222.85,5960372
2017-11-20 00:00:00+05:30,222.25,224.6,219.35,223.05,3580888
2017-11-21 00:00:00+05:30,223.75,227.75,220.7,226.3,8089018
2017-11-22 00:00:00+05:30,227.65,227.7,222.7,224.55,4000474
2017-11-23 00:00:00+05:30,224.25,227.0,221.55,223.4,6902686
2017-11-24 00:00:00+05:30,222.4,226.45,222.4,226.1,3523990
2017-11-27 00:00:00+05:30,224.25,225.9,221.7,224.9,5464612
2017-11-28 00:00:00+05:30,223.3,225.1,221.1,224.5,8132930
2017-11-29 00:00:00+05:30,224.45,228.6,222.4,224.6,5519554
2017-11-30 00:00:00+05:30,223.7,227.3,221.6,222.8,12166956
2017-12-01 00:00:00+05:30,223.2,224.5,218.05,219.3,3303010
2017-12-04 00:00:00+05:30,219.6,221.0,216.55,219.3,3124760
2017-12-05 00:00:00+05:30,218.95,223.3,218.7,221.4,4796400
2017-12-06 00:00:00+05:30,221.55,222.35,216.1,216.85,5856060
2017-12-07 00:00:00+05:30,216.85,221.0,216.85,220.65,2700558
2017-12-08 00:00:00+05:30,220.35,228.3,220.3,227.7,5633376
2017-12-11 00:00:00+05:30,230.1,231.0,226.65,227.6,5134186
2017-12-12 00:00:00+05:30,228.85,229.3,219.65,220.6,3953284
2017-12-13 00:00:00+05:30,221.0,226.75,218.7,223.9,6012970
2017-12-14 00:00:00+05:30,225.6,228.2,223.5,227.3,7816630
2017-12-15 00:00:00+05:30,232.1,232.55,228.45,231.6,7770128
2017-12-18 00:00:00+05:30,231.35,234.8,223.5,233.2,9972622
2017-12-19 00:00:00+05:30,234.4,236.75,233.0,236.25,7799112
2017-12-20 00:00:00+05:30,236.75,237.1,233.45,235.75,5450164
2017-12-21 00:00:00+05:30,235.3,239.7,234.05,237.15,5495720
2017-12-22 00:00:00+05:30,236.3,237.9,234.55,237.2,3773180
2017-12-26 00:00:00+05:30,237.1,240.6,235.2,238.95,4046770
2017-12-27 00:00:00+05:30,237.1,240.05,235.4,236.45,3567206
2017-12-28 00:00:00+05:30,235.6,238.5,231.2,233.1,9984850
2017-12-29 00:00:00+05:30,231.7,234.8,228.1,229.2,3208434
2018-01-01 00:00:00+05:30,229.35,231.6,224.35,225.0,3880586
2018-01-02 00:00:00+05:30,226.25,227.0,219.7,220.9,5073166
2018-01-03 00:00:00+05:30,221.05,223.25,217.95,218.65,7741628
2018-01-04 00:00:00+05:30,218.7,218.95,216.6,217.1,5440616
2018-01-05 00:00:00+05:30,216.85,218.25,213.5,215.35,5878478
2018-01-08 00:00:00+05:30,216.35,221.7,216.35,219.7,9981252
2018-01-09 00:00:00+05:30,220.6,221.35,216.95,219.25,7307420
2018-01-10 00:00:00+05:30,218.5,220.2,218.0,218.4,6242816
2018-01-11 00:00:00+05:30,218.7,218.7,215.85,217.55,5917304
2018-01-12 00:00:00+05:30,216.6,217.8,215.3,216.3,5617420
2018-01-15 00:00:00+05:30,216.45,218.2,214.45,215.1,8156456
2018-01-16 00:00:00+05:30,215.5,215.6,209.65,211.5,9323778
2018-01-17 00:00:00+05:30,211.35,213.65,209.35,211.7,6795488
2018-01-18 00:00:00+05:30,211.85,213.1,206.25,207.25,7342492
2018-01-19 00:00:00+05:30,208.05,211.1,205.05,210.55,7816330
2018-01-22 00:00:00+05:30,211.8,211.8,204.95,206.8,4336230
2018-01-23 00:00:00+05:30,208.55,213.2,206.75,212.3,7558880
2018-01-24 00:00:00+05:30,212.25,212.95,208.7,212.0,5081584
2018-01-25 00:00:00+05:30,214.55,214.8,208.85,212.05,8033530
2018-01-29 00:00:00+05:30,212.0,212.05,206.35,207.05,5294232
2018-01-30 00:00:00+05:30,206.8,217.6,206.75,214.35,13185108
2018-01-31 00:00:00+05:30,214.55,218.05,213.35,217.5,12222654
2018-02-01 00:00:00+05:30,216.9,218.2,212.4,216.55,7298886
2018-02-02 00:00:00+05:30,213.2,217.6,208.3,210.5,5980182
2018-02-05 00:00:00+05:30,207.15,215.85,205.3,209.95,6870184
2018-02-06 00:00:00+05:30,204.85,210.8,204.85,205.9,6296186
2018-02-07 00:00:00+05:30,208.6,212.5,206.55,210.05,7262940
2018-02-08 00:00:00+05:30,213.35,218.25,210.35,210.95,12077668
2018-02-09 00:00:00+05:30,209.95,211.75,206.6,209.65,5724900
2018-02-12 00:00:00+05:30,212.25,212.6,203.7,206.05,9138866
2018-02-14 00:00:00+05:30,206.75,207.1,202.1,202.6,8902568
2018-02-15 00:00:00+05:30,203.0,210.25,203.0,209.45,9447478
2018-02-16 00:00:00+05:30,210.4,210.75,204.85,205.2,4826418
2018-02-19 00:00:00+05:30,206.25,206.35,199.55,201.1,3685810
2018-02-20 00:00:00+05:30,201.3,202.35,198.75,199.35,4500020
2018-02-21 00:00:00+05:30,201.75,201.75,193.35,196.85,18326086
2018-02-22 00:00:00+05:30,189.3,191.35,186.55,187.55,17814722
2018-02-23 00:00:00+05:30,188.2,190.1,185.35,188.65,6836098
2018-02-26 00:00:00+05:30,190.55,194.75,189.25,190.1,11794172
2018-02-27 00:00:00+05:30,191.25,191.65,186.1,187.35,13629606
2018-02-28 00:00:00+05:30,186.4,189.1,186.05,188.5,12142648
2018-03-01 00:00:00+05:30,189.6,195.1,188.8,194.2,12444394
2018-03-05 00:00:00+05:30,194.05,194.15,190.1,190.7,5686010
2018-03-06 00:00:00+05:30,193.8,200.2,191.25,195.7,15708338
2018-03-07 00:00:00+05:30,195.65,197.3,192.75,194.9,6948874
2018-03-08 00:00:00+05:30,196.1,196.55,189.5,194.35,7891378
2018-03-09 00:00:00+05:30,194.8,195.55,192.45,193.05,7425564
2018-03-12 00:00:00+05:30,193.3,197.0,192.45,196.5,5083992
2018-03-13 00:00:00+05:30,196.55,206.45,195.9,205.6,8341074
2018-03-14 00:00:00+05:30,204.4,204.55,201.4,203.85,5703778
2018-03-15 00:00:00+05:30,203.5,205.1,200.75,203.5,3657142
2018-03-16 00:00:00+05:30,200.95,201.85,194.75,196.85,12294654
2018-03-19 00:00:00+05:30,196.1,196.1,188.2,189.1,9910680
2018-03-20 00:00:00+05:30,188.2,192.75,185.25,186.35,5625596
2018-03-21 00:00:00+05:30,187.2,190.8,186.3,189.0,5800674
2018-03-22 00:00:00+05:30,189.85,189.85,181.1,181.65,9497264
2018-03-23 00:00:00+05:30,179.4,183.0,177.7,181.05,7327480
2018-03-26 00:00:00+05:30,180.65,185.4,176.05,183.9,7459884
2018-03-27 00:00:00+05:30,185.4,186.85,181.9,184.45,9496436
2018-03-28 00:00:00+05:30,183.6,188.7,182.1,187.55,11726684
2018-04-02 00:00:00+05:30,188.1,190.35,185.1,185.7,4584294
2018-04-03 00:00:00+05:30,185.8,188.6,185.8,186.95,7140288
2018-04-04 00:00:00+05:30,188.2,188.2,181.2,181.8,4902828
2018-04-05 00:00:00+05:30,183.0,185.75,182.55,185.2,3673050
2018-04-06 00:00:00+05:30,185.5,191.1,185.5,190.55,7060242
2018-04-09 00:00:00+05:30,192.4,199.75,191.05,198.15,12496028
2018-04-10 00:00:00+05:30,199.8,200.0,192.95,198.45,10069126
2018-04-11 00:00:00+05:30,196.55,198.4,181.85,182.85,36976826
2018-04-12 00:00:00+05:30,181.3,185.6,176.0,183.45,38695926
2018-04-13 00:00:00+05:30,184.55,185.05,176.45,177.35,17621388
2018-04-16 00:00:00+05:30,177.2,179.85,174.85,178.7,11015550
2018-04-17 00:00:00+05:30,179.45,180.65,176.4,179.75,12778496
2018-04-18 00:00:00+05:30,178.2,179.05,176.1,177.3,10324696
2018-04-19 00:00:00+05:30,173.05,173.85,163.5,164.1,31872834
2018-04-20 00:00:00+05:30,161.85,166.55,160.95,161.65,23408106
2018-04-23 00:00:00+05:30,163.8,168.05,162.7,166.3,17368914
2018-04-24 00:00:00+05:30,163.85,169.5,163.8,167.3,12783140
2018-04-25 00:00:00+05:30,168.1,170.7,166.7,168.35,13352822
2018-04-26 00:00:00+05:30,169.45,169.45,164.35,168.2,7893284
2018-04-27 00:00:00+05:30,169.25,172.45,167.1,170.35,8893008
2018-04-30 00:00:00+05:30,172.55,173.2,167.5,169.05,7924314
2018-05-02 00:00:00+05:30,170.5,170.8,165.65,166.1,4594832
2018-05-03 00:00:00+05:30,165.75,165.9,162.85,164.6,5778062
2018-05-04 00:00:00+05:30,163.35,167.25,162.0,165.75,7335112
2018-05-07 00:00:00+05:30,163.55,169.45,162.85,168.35,7618908
2018-05-08 00:00:00+05:30,166.1,172.75,166.1,171.5,11944494
2018-05-09 00:00:00+05:30,166.2,169.1,164.45,168.15,21715226
2018-05-10 00:00:00+05:30,168.4,170.9,166.0,170.35,8393668
2018-05-11 00:00:00+05:30,169.9,175.1,169.9,174.55,9051198
2018-05-14 00:00:00+05:30,175.8,179.65,174.6,176.8,8090792
2018-05-15 00:00:00+05:30,175.8,180.85,174.65,177.55,10351852
2018-05-16 00:00:00+05:30,177.55,177.55,173.1,174.1,9717354
2018-05-17 00:00:00+05:30,172.55,172.55,168.05,170.5,12898592
2018-05-18 00:00:00+05:30,169.8,171.6,166.9,168.6,13183142
2018-05-21 00:00:00+05:30,169.35,172.4,168.2,172.0,8663050
2018-05-22 00:00:00+05:30,172.8,175.05,169.5,173.8,11578438
2018-05-23 00:00:00+05:30,172.0,172.3,161.05,162.85,19965306
2018-05-24 00:00:00+05:30,163.8,164.2,156.25,161.65,17467898
2018-05-25 00:00:00+05:30,161.5,167.0,159.8,165.9,16436392
2018-05-28 00:00:00+05:30,172.55,177.35,171.7,175.8,14322672
2018-05-29 00:00:00+05:30,175.85,179.75,175.0,177.35,9805644
2018-05-30 00:00:00+05:30,178.35,179.05,173.05,174.95,12205548
2018-05-31 00:00:00+05:30,174.95,178.45,171.7,176.7,17614886
2018-06-01 00:00:00+05:30,177.2,180.2,176.5,179.1,10370104
2018-06-04 00:00:00+05:30,180.0,182.7,171.7,178.8,15724670
2018-06-05 00:00:00+05:30,179.4,179.65,176.25,177.35,7023232
2018-06-06 00:00:00+05:30,178.6,180.45,177.25,179.45,5862606
2018-06-07 00:00:00+05:30,179.95,183.1,179.55,182.25,6087188
2018-06-08 00:00:00+05:30,180.5,180.8,177.15,179.35,6484074
2018-06-11 00:00:00+05:30,179.45,183.2,178.85,181.5,12667834
2018-06-12 00:00:00+05:30,183.2,184.35,181.65,181.85,6865952
2018-06-13 00:00:00+05:30,182.95,184.75,181.1,184.05,10363704
2018-06-14 00:00:00+05:30,184.05,184.05,181.15,182.45,7497040
2018-06-15 00:00:00+05:30,182.5,182.55,179.1,180.55,12401856
2018-06-18 00:00:00+05:30,183.85,188.3,182.15,185.55,12946848
2018-06-19 00:00:00+05:30,183.55,184.1,178.75,181.1,8598042
2018-06-20 00:00:00+05:30,181.8,183.2,177.2,179.8,6025038
2018-06-21 00:00:00+05:30,181.75,187.05,178.2,185.05,8592666
2018-06-22 00:00:00+05:30,185.5,188.2,184.2,187.05,14595152
2018-06-25 00:00:00+05:30,185.95,186.4,179.1,180.45,10733728
2018-06-26 00:00:00+05:30,178.4,183.1,178.35,181.9,8421460
2018-06-27 00:00:00+05:30,178.6,178.9,164.9,166.95,17001328
2018-06-28 00:00:00+05:30,161.95,168.05,158.05,159.7,26701926
2018-06-29 00:00:00+05:30,161.05,165.1,157.25,162.55,13846402
2018-07-02 00:00:00+05:30,163.35,164.7,159.8,160.65,9069732
2018-07-03 00:00:00+05:30,160.0,164.2,158.3,162.8,7993666
2018-07-04 00:00:00+05:30,162.4,163.5,158.5,160.0,6720446
2018-07-05 00:00:00+05:30,161.8,163.55,160.6,161.75,8423950
2018-07-06 00:00:00+05:30,163.35,166.3,162.25,163.15,13842516
2018-07-09 00:00:00+05:30,163.8,165.0,161.55,163.95,4580944
2018-07-10 00:00:00+05:30,164.0,164.65,162.7,163.4,3375712
2018-07-11 00:00:00+05:30,163.75,165.15,158.15,159.45,8323782
2018-07-12 00:00:00+05:30,168.45,168.45,163.8,164.45,12074942
2018-07-13 00:00:00+05:30,166.15,169.8,163.45,168.7,11727122
2018-07-16 00:00:00+05:30,167.95,171.2,165.6,166.7,7070272
2018-07-17 00:00:00+05:30,170.25,172.8,167.75,171.5,14043960
2018-07-18 00:00:00+05:30,173.05,177.1,172.05,176.0,13400542
2018-07-19 00:00:00+05:30,174.8,176.25,170.9,174.05,5890524
2018-07-20 00:00:00+05:30,172.1,172.55,167.55,169.7,8501230
2018-07-23 00:00:00+05:30,170.95,175.1,167.75,170.15,7558568
2018-07-24 00:00:00+05:30,171.55,173.95,170.1,173.5,5659434
2018-07-25 00:00:00+05:30,170.9,174.55,169.6,172.85,5498132
2018-07-26 00:00:00+05:30,170.6,173.2,169.2,169.75,11744230
2018-07-27 00:00:00+05:30,170.25,174.4,167.45,173.6,6981856
2018-07-30 00:00:00+05:30,174.4,178.35,171.55,172.95,8310826
2018-07-31 00:00:00+05:30,170.75,171.65,168.25,170.2,7792336
2018-08-01 00:00:00+05:30,172.55,174.8,171.7,173.05,8792976
2018-08-02 00:00:00+05:30,175.55,176.7,173.75,175.7,8384800
2018-08-03 00:00:00+05:30,173.95,177.2,173.05,175.35,5823858
2018-08-06 00:00:00+05:30,174.85,176.7,174.6,175.35,3482306
2018-08-07 00:00:00+05:30,175.35,175.95,171.5,172.1,3810902
2018-08-08 00:00:00+05:30,172.55,173.85,167.1,169.0,8469624
2018-08-09 00:00:00+05:30,173.75,173.75,168.4,169.8,10836354
2018-08-10 00:00:00+05:30,170.9,176.7,169.15,175.6,11106596
2018-08-13 00:00:00+05:30,175.05,175.05,164.05,165.5,8766994
2018-08-14 00:00:00+05:30,166.85,167.2,163.7,164.1,8609654
2018-08-16 00:00:00+05:30,165.65,167.45,163.4,164.85,7820138
2018-08-17 00:00:00+05:30,166.1,166.1,163.35,164.55,5434214
2018-08-20 00:00:00+05:30,164.75,166.7,163.05,163.8,6797042
2018-08-21 00:00:00+05:30,164.95,164.95,160.1,160.45,11132910
2018-08-23 00:00:00+05:30,160.7,160.85,155.05,155.35,14180494
2018-08-24 00:00:00+05:30,155.55,157.35,153.4,155.05,9731858
2018-08-27 00:00:00+05:30,155.7,157.55,155.05,157.15,6347096
2018-08-28 00:00:00+05:30,157.15,158.65,155.15,155.75,7747378
2018-08-29 00:00:00+05:30,155.7,157.95,155.05,157.2,6736818
2018-08-30 00:00:00+05:30,156.4,158.45,155.35,158.0,8130098
2018-08-31 00:00:00+05:30,154.6,159.35,154.6,157.4,12008646
2018-09-03 00:00:00+05:30,158.95,158.95,155.75,156.45,4359234
2018-09-04 00:00:00+05:30,155.7,156.35,151.8,152.4,7254520
2018-09-05 00:00:00+05:30,151.55,154.5,149.7,151.35,7872604
2018-09-06 00:00:00+05:30,152.4,154.1,151.6,153.45,0
2018-09-07 00:00:00+05:30,154.3,156.2,153.15,155.05,6979302
2018-09-10 00:00:00+05:30,155.05,155.05,148.8,149.1,9668840
2018-09-11 00:00:00+05:30,149.85,151.3,145.9,146.25,9776294
2018-09-12 00:00:00+05:30,145.7,145.7,139.9,144.5,12442422
2018-09-14 00:00:00+05:30,147.3,154.85,147.2,153.85,18661472
2018-09-17 00:00:00+05:30,153.15,159.8,150.9,158.25,17953744
2018-09-18 00:00:00+05:30,158.7,160.65,152.85,154.15,12373420
2018-09-19 00:00:00+05:30,155.3,159.5,153.45,158.7,9421832
2018-09-21 00:00:00+05:30,161.15,165.15,157.15,164.05,16295730
2018-09-24 00:00:00+05:30,163.4,167.2,159.0,159.85,13131362
2018-09-25 00:00:00+05:30,155.45,158.9,154.15,158.3,7893402
2018-09-26 00:00:00+05:30,161.4,161.4,157.05,160.35,6304634
2018-09-27 00:00:00+05:30,160.05,163.25,158.85,162.05,6862024
2018-09-28 00:00:00+05:30,162.55,164.45,159.0,162.95,7629776
2018-10-01 00:00:00+05:30,161.95,162.35,156.5,160.25,6316314
2018-10-03 00:00:00+05:30,157.75,166.5,156.15,164.65,9743764
2018-10-04 00:00:00+05:30,161.95,167.35,130.45,143.15,19841194
2018-10-05 00:00:00+05:30,127.8,127.8,100.4,112.7,111440754
2018-10-08 00:00:00+05:30,116.25,119.55,108.9,112.55,51461200
2018-10-09 00:00:00+05:30,113.5,114.0,108.05,109.0,24359252
2018-10-10 00:00:00+05:30,109.75,116.55,108.45,112.75,18048794
2018-10-11 00:00:00+05:30,111.15,121.55,109.9,118.65,43975840
2018-10-12 00:00:00+05:30,123.65,126.75,119.6,123.6,22536196
2018-10-15 00:00:00+05:30,124.55,129.05,118.3,127.1,18292836
2018-10-16 00:00:00+05:30,127.1,131.3,124.95,129.7,15744782
2018-10-17 00:00:00+05:30,130.1,130.75,121.0,121.9,13039636
2018-10-19 00:00:00+05:30,124.15,124.95,119.7,121.15,22938928
2018-10-22 00:00:00+05:30,122.0,122.7,114.95,115.45,9585342
2018-10-23 00:00:00+05:30,113.95,116.6,110.55,114.7,17512914
2018-10-24 00:00:00+05:30,119.05,122.3,116.9,120.25,27791198
2018-10-25 00:00:00+05:30,118.85,120.55,116.8,118.1,18119966
2018-10-26 00:00:00+05:30,118.15,119.7,113.3,117.3,14583372
2018-10-29 00:00:00+05:30,118.5,119.95,115.15,118.25,9988492
2018-10-30 00:00:00+05:30,115.35,116.6,112.15,113.25,20999664
2018-10-31 00:00:00+05:30,113.25,117.9,112.2,117.25,11628440
2018-11-01 00:00:00+05:30,118.65,122.7,117.25,121.1,15030068
2018-11-02 00:00:00+05:30,126.45,132.4,125.1,129.85,34265322
2018-11-05 00:00:00+05:30,129.65,129.85,124.15,124.95,7889190
2018-11-06 00:00:00+05:30,124.9,126.15,121.35,121.85,6516560
2018-11-09 00:00:00+05:30,125.9,127.75,124.25,127.25,13115928
2018-11-12 00:00:00+05:30,126.2,129.3,124.15,124.7,12029462
2018-11-13 00:00:00+05:30,126.55,130.85,126.55,130.15,15427542
2018-11-14 00:00:00+05:30,134.7,142.3,134.6,136.1,29661262
2018-11-15 00:00:00+05:30,135.9,139.5,132.65,138.85,11734218
2018-11-16 00:00:00+05:30,137.75,140.4,136.05,138.9,9942196
2018-11-19 00:00:00+05:30,138.35,140.1,136.55,139.3,5482956
2018-11-20 00:00:00+05:30,140.4,142.55,138.5,139.25,8885146
2018-11-21 00:00:00+05:30,145.85,148.45,140.45,141.0,15524294
2018-11-22 00:00:00+05:30,141.1,141.65,136.85,138.0,7144756
2018-11-26 00:00:00+05:30,142.6,143.9,139.5,141.35,14290304
2018-11-27 00:00:00+05:30,140.55,145.6,139.0,145.1,10291628
2018-11-28 00:00:00+05:30,144.75,145.0,137.3,138.05,10244930
2018-11-29 00:00:00+05:30,141.35,143.5,140.4,141.9,17783444
2018-11-30 00:00:00+05:30,142.15,143.45,138.15,140.0,18242294
2018-12-03 00:00:00+05:30,138.9,141.2,136.85,139.8,9158842
2018-12-04 00:00:00+05:30,138.9,144.85,138.2,144.25,10470422
2018-12-05 00:00:00+05:30,143.6,146.4,141.65,142.3,9539930
2018-12-06 00:00:00+05:30,141.65,143.35,139.3,140.25,7213812
2018-12-07 00:00:00+05:30,141.85,143.05,138.65,140.5,10294418
2018-12-10 00:00:00+05:30,137.05,143.7,136.7,142.65,11618054
2018-12-11 00:00:00+05:30,140.7,142.55,138.75,141.1,10861812
2018-12-12 00:00:00+05:30,141.05,142.65,140.0,142.3,6257126
2018-12-13 00:00:00+05:30,142.45,145.95,142.45,144.85,5970876
2018-12-14 00:00:00+05:30,144.7,151.5,142.95,149.6,7198212
2018-12-17 00:00:00+05:30,149.45,152.75,147.85,152.0,7454414
2018-12-18 00:00:00+05:30,153.2,155.35,151.15,153.25,8987630
2018-12-19 00:00:00+05:30,155.65,157.8,154.15,157.25,7350428
2018-12-20 00:00:00+05:30,155.05,161.9,154.65,161.55,7217516
2018-12-21 00:00:00+05:30,163.2,163.85,160.1,163.15,10465642
2018-12-24 00:00:00+05:30,162.9,164.05,158.15,158.7,6491252
2018-12-26 00:00:00+05:30,160.45,161.6,155.55,159.4,12955862
2018-12-27 00:00:00+05:30,156.85,160.45,154.05,158.5,14625538
2018-12-28 00:00:00+05:30,157.25,160.95,156.5,157.3,9355426
2018-12-31 00:00:00+05:30,157.3,158.6,155.85,157.7,6782002
2019-01-01 00:00:00+05:30,156.85,160.7,156.4,159.8,3105422
2019-01-02 00:00:00+05:30,159.2,159.2,150.35,155.45,19725590
2019-01-03 00:00:00+05:30,152.75,154.0,150.95,152.95,9972260
2019-01-04 00:00:00+05:30,152.65,157.2,152.5,156.15,7717220
2019-01-07 00:00:00+05:30,156.4,157.7,153.65,154.4,5790820
2019-01-08 00:00:00+05:30,154.15,154.55,151.8,152.75,4342090
2019-01-09 00:00:00+05:30,152.3,152.5,146.25,147.2,9131732
2019-01-10 00:00:00+05:30,145.8,146.6,143.95,145.15,9773604
2019-01-11 00:00:00+05:30,145.35,147.05,144.7,145.95,4669620
2019-01-14 00:00:00+05:30,146.65,147.1,143.35,144.9,7516622
2019-01-15 00:00:00+05:30,145.8,148.75,145.45,147.95,6913912
2019-01-16 00:00:00+05:30,149.65,151.3,148.3,150.55,9562002
2019-01-17 00:00:00+05:30,150.5,155.05,149.95,154.2,7898996
2019-01-18 00:00:00+05:30,153.6,155.35,152.4,153.75,5008314
2019-01-21 00:00:00+05:30,152.35,154.45,151.0,152.55,3885636
2019-01-22 00:00:00+05:30,152.5,155.35,152.3,153.55,4687940
2019-01-23 00:00:00+05:30,153.85,155.75,153.85,155.15,3973026
2019-01-24 00:00:00+05:30,155.15,156.5,152.85,153.65,3294118
2019-01-25 00:00:00+05:30,154.1,156.6,154.1,155.25,3868832
2019-01-28 00:00:00+05:30,155.05,155.4,150.05,151.15,2902748
2019-01-29 00:00:00+05:30,150.9,153.35,147.55,149.4,6198614
2019-01-30 00:00:00+05:30,149.3,149.4,145.6,148.4,5565262
2019-01-31 00:00:00+05:30,147.6,152.3,146.3,149.65,15638906
2019-02-01 00:00:00+05:30,150.55,151.15,146.4,147.65,5444740
2019-02-04 00:00:00+05:30,147.2,148.1,145.35,146.5,4309536
2019-02-05 00:00:00+05:30,146.45,147.35,145.65,146.25,2584132
2019-02-06 00:00:00+05:30,146.25,147.85,145.7,146.85,4190822
2019-02-07 00:00:00+05:30,147.1,148.1,146.2,146.9,3048046
2019-02-08 00:00:00+05:30,147.35,150.35,144.9,146.0,6682742
2019-02-11 00:00:00+05:30,143.95,146.0,141.65,144.2,6629896
2019-02-12 00:00:00+05:30,144.4,148.8,144.4,146.85,6080496
2019-02-13 00:00:00+05:30,147.2,147.85,140.85,142.3,9718464
2019-02-14 00:00:00+05:30,140.75,141.75,134.3,135.95,21289140
2019-02-15 00:00:00+05:30,137.05,142.1,137.05,141.55,13414256
2019-02-18 00:00:00+05:30,139.1,142.6,139.1,141.55,7905264
2019-02-19 00:00:00+05:30,140.7,146.6,140.55,144.95,7666336
2019-02-20 00:00:00+05:30,146.25,149.4,145.4,147.7,12565482
2019-02-21 00:00:00+05:30,141.65,146.05,140.8,145.0,9353768
2019-02-22 00:00:00+05:30,145.85,150.45,145.2,149.15,9709800
2019-02-25 00:00:00+05:30,149.45,149.55,144.5,145.35,14031192
2019-02-26 00:00:00+05:30,145.35,146.25,142.2,145.65,9058794
2019-02-27 00:00:00+05:30,146.25,147.9,142.45,142.9,9000098
2019-02-28 00:00:00+05:30,144.4,147.2,142.55,146.05,17938838
2019-03-01 00:00:00+05:30,146.35,150.7,145.9,149.95,5744496
2019-03-05 00:00:00+05:30,149.95,158.9,149.65,157.6,12761902
2019-03-06 00:00:00+05:30,158.6,162.75,158.0,162.3,12197224
2019-03-07 00:00:00+05:30,162.7,164.3,160.55,161.35,11389848
2019-03-08 00:00:00+05:30,161.45,161.65,158.5,159.85,5625148
2019-03-11 00:00:00+05:30,160.75,169.55,160.45,168.85,18973830
2019-03-12 00:00:00+05:30,169.5,172.25,167.6,170.35,12191846
2019-03-13 00:00:00+05:30,170.25,171.45,166.85,169.8,9568180
2019-03-14 00:00:00+05:30,169.8,170.9,166.85,170.35,4095730
2019-03-15 00:00:00+05:30,170.7,174.05,170.0,173.2,17258182
2019-03-18 00:00:00+05:30,173.95,179.0,173.95,177.45,14786442
2019-03-19 00:00:00+05:30,178.6,179.4,176.1,178.5,8445352
2019-03-20 00:00:00+05:30,178.2,178.35,168.65,169.9,10572670
2019-03-22 00:00:00+05:30,170.05,172.4,164.0,165.15,11837696
2019-03-25 00:00:00+05:30,165.1,168.05,163.35,167.3,8329530
2019-03-26 00:00:00+05:30,167.55,169.5,164.05,167.4,8515642
2019-03-27 00:00:00+05:30,167.65,168.45,164.4,165.15,6621912
2019-03-28 00:00:00+05:30,165.45,169.8,164.9,168.35,11169948
2019-03-29 00:00:00+05:30,169.3,174.35,168.85,173.8,9103312
2019-04-01 00:00:00+05:30,173.95,174.65,170.45,171.15,5260852
2019-04-02 00:00:00+05:30,169.3,170.9,164.7,165.85,10816790
2019-04-03 00:00:00+05:30,166.6,166.6,157.45,157.9,16579908
2019-04-04 00:00:00+05:30,157.8,157.8,153.4,153.8,20399592
2019-04-05 00:00:00+05:30,153.45,156.2,153.45,155.5,9088048
2019-04-08 00:00:00+05:30,154.0,154.0,151.3,152.3,7918214
2019-04-09 00:00:00+05:30,150.2,155.25,149.45,154.7,9893784
2019-04-10 00:00:00+05:30,154.6,156.4,153.2,155.35,8233760
2019-04-11 00:00:00+05:30,155.7,158.25,154.6,157.2,12602810
2019-04-12 00:00:00+05:30,158.2,160.0,155.55,156.95,10236092
2019-04-15 00:00:00+05:30,157.3,157.8,154.9,155.65,4478062
2019-04-16 00:00:00+05:30,156.45,157.35,154.2,155.3,8531892
2019-04-18 00:00:00+05:30,155.45,158.7,153.55,157.75,9575132
2019-04-22 00:00:00+05:30,153.55,153.85,146.7,147.25,13842844
2019-04-23 00:00:00+05:30,146.25,148.3,144.15,145.55,16697164
2019-04-24 00:00:00+05:30,147.25,151.75,147.25,151.3,13873428
2019-04-25 00:00:00+05:30,151.3,156.15,150.7,155.55,19560314
2019-04-26 00:00:00+05:30,155.35,162.1,155.35,161.5,18568212
2019-04-30 00:00:00+05:30,162.6,167.35,160.85,165.55,19629858
2019-05-02 00:00:00+05:30,165.7,167.0,163.8,164.9,7697948
2019-05-03 00:00:00+05:30,167.95,168.65,165.0,166.0,10739028
2019-05-06 00:00:00+05:30,165.85,171.2,165.7,170.4,18541980
2019-05-07 00:00:00+05:30,169.5,169.5,162.0,165.1,14994644
2019-05-08 00:00:00+05:30,164.7,167.2,162.45,165.55,7602616
2019-05-09 00:00:00+05:30,165.45,165.45,159.5,160.05,9027084
2019-05-10 00:00:00+05:30,159.7,159.9,156.35,157.8,8232720
2019-05-13 00:00:00+05:30,157.35,160.05,153.05,154.15,7620290
2019-05-14 00:00:00+05:30,153.7,156.8,150.9,155.75,9998950
2019-05-15 00:00:00+05:30,155.95,160.15,154.95,156.25,12644948
2019-05-16 00:00:00+05:30,154.6,165.1,152.5,163.6,13210048
2019-05-17 00:00:00+05:30,161.95,165.1,159.5,163.9,12851786
2019-05-20 00:00:00+05:30,170.25,173.3,167.2,171.1,10395734
2019-05-21 00:00:00+05:30,172.8,173.7,160.2,163.05,16756886
2019-05-22 00:00:00+05:30,164.7,169.75,163.8,167.55,15525660
2019-05-23 00:00:00+05:30,170.25,180.15,166.6,167.65,25917602
2019-05-24 00:00:00+05:30,172.55,174.35,168.75,172.75,19806268
2019-05-27 00:00:00+05:30,171.7,176.6,169.7,175.8,10222742
2019-05-28 00:00:00+05:30,175.8,179.15,173.55,175.8,39821192
2019-05-29 00:00:00+05:30,175.8,176.25,171.9,174.5,8503056
2019-05-30 00:00:00+05:30,175.35,179.3,174.85,178.4,14101926
2019-05-31 00:00:00+05:30,181.4,184.9,177.7,179.15,27635592
2019-06-03 00:00:00+05:30,182.95,184.05,180.05,182.75,14043966
2019-06-04 00:00:00+05:30,182.0,182.2,178.0,178.75,7454624
2019-06-06 00:00:00+05:30,181.3,181.4,172.8,173.5,15270900
2019-06-07 00:00:00+05:30,172.1,177.0,170.1,176.25,11055246
2019-06-10 00:00:00+05:30,174.5,175.7,168.6,170.1,10884088
2019-06-11 00:00:00+05:30,169.6,171.85,165.25,168.85,12654378
2019-06-12 00:00:00+05:30,169.35,170.45,165.35,166.1,10407070
2019-06-13 00:00:00+05:30,167.9,170.45,167.0,169.7,13827442
2019-06-14 00:00:00+05:30,168.55,170.5,167.55,168.65,6075586
2019-06-17 00:00:00+05:30,168.05,168.2,163.9,164.8,7936522
2019-06-18 00:00:00+05:30,165.15,168.8,163.95,168.25,6221722
2019-06-19 00:00:00+05:30,168.25,168.75,163.85,165.35,8241572
2019-06-20 00:00:00+05:30,164.75,168.6,164.3,168.05,8612672
2019-06-21 00:00:00+05:30,164.3,169.05,164.3,165.65,10787948
2019-06-24 00:00:00+05:30,165.15,166.85,162.45,166.0,6543204
2019-06-25 00:00:00+05:30,165.15,172.35,165.15,171.7,12409938
2019-06-26 00:00:00+05:30,169.1,171.9,168.5,170.9,6532534
2019-06-27 00:00:00+05:30,169.35,173.95,168.7,171.3,14063226
2019-06-28 00:00:00+05:30,170.5,173.3,170.45,171.4,6986386
2019-07-01 00:00:00+05:30,170.7,171.6,163.1,163.9,10267468
2019-07-02 00:00:00+05:30,165.45,166.6,164.2,164.95,10836020
2019-07-03 00:00:00+05:30,167.0,168.15,165.15,166.2,10199616
2019-07-04 00:00:00+05:30,167.45,167.45,164.9,165.65,4168848
2019-07-05 00:00:00+05:30,165.75,165.8,156.8,161.05,17903966
2019-07-08 00:00:00+05:30,159.6,159.9,154.65,156.8,7431476
2019-07-09 00:00:00+05:30,157.35,160.0,155.75,156.45,7555928
2019-07-10 00:00:00+05:30,156.5,158.0,149.95,151.6,7914012
2019-07-11 00:00:00+05:30,151.25,154.35,150.45,152.1,12277678
2019-07-12 00:00:00+05:30,153.05,154.0,149.45,149.85,9083694
2019-07-15 00:00:00+05:30,150.05,151.0,148.4,150.65,6301116
2019-07-16 00:00:00+05:30,151.3,154.7,151.15,153.85,10593218
2019-07-17 00:00:00+05:30,155.95,155.95,152.0,153.05,9661402
2019-07-18 00:00:00+05:30,153.65,154.3,150.8,151.4,9032900
2019-07-19 00:00:00+05:30,152.4,153.35,150.3,152.3,7205646
2019-07-22 00:00:00+05:30,151.5,154.05,147.3,153.4,7729488
2019-07-23 00:00:00+05:30,153.4,156.4,152.55,155.95,7010734
2019-07-24 00:00:00+05:30,155.5,155.55,149.4,151.35,8405494
2019-07-25 00:00:00+05:30,152.3,152.5,146.9,147.35,7031300
2019-07-26 00:00:00+05:30,146.9,149.7,144.9,148.95,9319712
2019-07-29 00:00:00+05:30,148.55,150.55,146.6,148.2,4835106
2019-07-30 00:00:00+05:30,148.8,148.8,144.6,145.1,4263936
2019-07-31 00:00:00+05:30,143.3,150.25,141.75,149.7,8266802
2019-08-01 00:00:00+05:30,149.45,150.05,146.8,148.85,6126716
2019-08-02 00:00:00+05:30,149.45,150.45,146.0,148.3,7131364
2019-08-05 00:00:00+05:30,147.2,149.65,143.35,146.7,5443194
2019-08-06 00:00:00+05:30,147.2,150.7,145.65,149.6,6630268
2019-08-07 00:00:00+05:30,150.45,150.45,142.2,143.1,7087110
2019-08-08 00:00:00+05:30,144.05,149.45,142.7,148.8,8306696
2019-08-09 00:00:00+05:30,148.8,152.25,147.65,150.15,7708548
2019-08-13 00:00:00+05:30,149.95,155.35,148.1,148.6,11053004
2019-08-14 00:00:00+05:30,147.65,154.95,147.65,153.85,6025432
2019-08-16 00:00:00+05:30,154.35,154.55,150.15,152.4,5180670
2019-08-19 00:00:00+05:30,152.75,153.7,149.95,150.45,3454752
2019-08-20 00:00:00+05:30,151.25,151.25,146.75,148.2,4697534
2019-08-21 00:00:00+05:30,145.25,146.9,140.9,141.55,8004410
2019-08-22 00:00:00+05:30,141.65,142.45,133.15,134.7,11576938
2019-08-23 00:00:00+05:30,134.3,142.95,132.6,142.3,9339236
2019-08-26 00:00:00+05:30,143.1,145.7,138.5,145.05,7892084
2019-08-27 00:00:00+05:30,145.85,149.95,144.5,148.25,8821812
2019-08-28 00:00:00+05:30,148.1,152.95,146.0,152.1,10035400
2019-08-29 00:00:00+05:30,152.2,155.25,150.2,153.65,9832932
2019-08-30 00:00:00+05:30,153.55,154.95,149.55,154.2,8897562
2019-09-03 00:00:00+05:30,154.1,157.9,148.25,154.65,15730198
2019-09-04 00:00:00+05:30,153.4,159.4,151.3,158.1,14584568
2019-09-05 00:00:00+05:30,157.8,167.95,156.85,166.0,29854604
2019-09-06 00:00:00+05:30,164.3,166.8,162.65,165.15,14843534
2019-09-09 00:00:00+05:30,163.8,167.45,163.15,166.6,7140042
2019-09-11 00:00:00+05:30,165.65,169.3,164.95,168.5,9387752
2019-09-12 00:00:00+05:30,168.85,172.25,166.4,167.55,11277332
2019-09-13 00:00:00+05:30,168.2,180.45,164.45,178.85,25553156
2019-09-16 00:00:00+05:30,169.35,170.9,164.95,165.65,49680268
2019-09-17 00:00:00+05:30,165.6,165.6,159.9,160.45,30489784
2019-09-18 00:00:00+05:30,165.5,169.7,160.55,166.65,48256504
2019-09-19 00:00:00+05:30,167.0,168.65,163.6,165.55,25760746
2019-09-20 00:00:00+05:30,164.55,200.6,162.15,176.6,57665806
2019-09-23 00:00:00+05:30,180.85,203.95,180.45,198.3,62012634
2019-09-24 00:00:00+05:30,199.8,209.35,194.25,203.15,62666152
2019-09-25 00:00:00+05:30,201.65,208.8,197.2,204.95,66318294
2019-09-26 00:00:00+05:30,204.95,212.7,204.1,211.8,41339080
2019-09-27 00:00:00+05:30,209.45,212.6,205.1,207.05,21898254
2019-09-30 00:00:00+05:30,208.5,211.55,205.3,207.2,26279222
2019-10-01 00:00:00+05:30,220.1,226.35,211.25,218.2,68201818
2019-10-03 00:00:00+05:30,219.3,239.45,218.45,235.6,51969202
2019-10-04 00:00:00+05:30,241.8,241.8,226.35,228.15,55031842
2019-10-07 00:00:00+05:30,221.95,224.45,209.65,216.65,54898474
2019-10-09 00:00:00+05:30,216.35,219.1,212.5,217.7,21716066
2019-10-10 00:00:00+05:30,216.35,218.25,213.7,216.3,9259080
2019-10-11 00:00:00+05:30,215.6,217.6,211.15,215.5,14742088
2019-10-14 00:00:00+05:30,216.65,220.6,213.3,214.55,23112252
2019-10-15 00:00:00+05:30,216.35,218.45,215.5,216.5,11684324
2019-10-16 00:00:00+05:30,223.25,230.2,221.6,226.7,40761516
2019-10-17 00:00:00+05:30,226.7,228.05,222.9,227.15,16703674
2019-10-18 00:00:00+05:30,225.6,237.1,224.15,230.35,28373482
2019-10-22 00:00:00+05:30,235.75,238.8,231.35,236.75,27148144
2019-10-23 00:00:00+05:30,235.55,238.0,232.4,233.5,10594102
2019-10-24 00:00:00+05:30,232.95,232.95,221.25,227.0,28158152
2019-10-25 00:00:00+05:30,228.75,236.35,225.5,232.2,26762366
2019-10-27 00:00:00+05:30,234.35,234.4,230.7,233.35,2076366
2019-10-29 00:00:00+05:30,236.75,236.75,229.35,231.55,16633944
2019-10-30 00:00:00+05:30,233.45,237.0,229.55,232.6,15046050
2019-10-31 00:00:00+05:30,233.45,235.2,230.5,233.25,14271838
2019-11-01 00:00:00+05:30,230.2,232.9,228.35,229.95,10122286
2019-11-04 00:00:00+05:30,230.2,233.65,227.65,231.25,9362690
2019-11-05 00:00:00+05:30,229.75,231.25,227.2,229.1,6563058
2019-11-06 00:00:00+05:30,229.35,232.65,228.4,232.05,7611862
2019-11-07 00:00:00+05:30,232.25,233.25,225.75,227.1,8203706
2019-11-08 00:00:00+05:30,227.95,228.2,221.2,222.3,19724600
2019-11-11 00:00:00+05:30,224.05,230.0,220.6,229.15,17530142
2019-11-13 00:00:00+05:30,227.5,231.6,224.45,225.65,14465586
2019-11-14 00:00:00+05:30,224.25,230.2,222.8,227.8,10832162
2019-11-15 00:00:00+05:30,227.5,227.5,222.85,224.05,8330994
2019-11-18 00:00:00+05:30,230.2,233.95,228.95,231.1,34144672
2019-11-19 00:00:00+05:30,230.5,231.15,227.25,229.75,7099862
2019-11-20 00:00:00+05:30,234.35,243.15,231.2,241.6,37688996
2019-11-21 00:00:00+05:30,243.65,243.65,226.1,227.55,44625320
2019-11-22 00:00:00+05:30,227.4,228.1,223.55,225.35,23624890
2019-11-25 00:00:00+05:30,224.7,227.85,222.55,224.45,15397928
2019-11-26 00:00:00+05:30,225.2,225.8,218.45,219.4,24838188
2019-11-27 00:00:00+05:30,217.8,225.25,215.5,223.7,24415850
2019-11-28 00:00:00+05:30,224.0,227.6,222.0,225.6,15665952
2019-11-29 00:00:00+05:30,226.1,229.55,223.4,226.35,15058900
2019-12-02 00:00:00+05:30,224.7,225.4,220.5,221.0,8820042
2019-12-03 00:00:00+05:30,221.95,222.15,217.9,218.45,7580674
2019-12-04 00:00:00+05:30,218.25,222.95,217.45,221.55,8570876
2019-12-05 00:00:00+05:30,218.7,220.95,216.5,217.25,6266430
2019-12-06 00:00:00+05:30,216.85,219.35,213.4,215.75,9387226
2019-12-09 00:00:00+05:30,215.2,221.85,214.35,220.8,10948226
2019-12-10 00:00:00+05:30,219.15,222.75,213.75,214.7,14342168
2019-12-11 00:00:00+05:30,214.05,217.25,210.05,213.0,13760958
2019-12-12 00:00:00+05:30,214.9,220.25,214.55,217.25,12828956
2019-12-13 00:00:00+05:30,217.55,221.35,214.65,219.5,15259514
2019-12-16 00:00:00+05:30,218.7,220.8,216.9,217.35,6012620
2019-12-17 00:00:00+05:30,217.35,222.65,216.9,219.2,12287138
2019-12-18 00:00:00+05:30,219.35,220.2,215.55,216.05,9314170
2019-12-19 00:00:00+05:30,215.95,217.55,214.35,216.35,9325412
2019-12-20 00:00:00+05:30,216.35,217.55,214.8,215.4,7468454
2019-12-23 00:00:00+05:30,215.5,220.8,215.5,217.8,14857646
2019-12-24 00:00:00+05:30,217.35,218.45,207.9,210.75,14856636
2019-12-26 00:00:00+05:30,209.95,213.9,209.05,210.5,20743272
2019-12-27 00:00:00+05:30,211.55,217.4,210.4,216.85,16908756
2019-12-30 00:00:00+05:30,216.85,218.6,212.5,217.8,16373046
2019-12-31 00:00:00+05:30,217.35,219.2,214.75,217.15,11589904
2020-01-01 00:00:00+05:30,217.35,218.2,215.75,217.15,4766592
2020-01-02 00:00:00+05:30,216.95,217.2,214.75,215.3,6424966
2020-01-03 00:00:00+05:30,213.6,214.9,208.5,213.4,22655540
2020-01-06 00:00:00+05:30,209.45,211.8,204.95,206.8,15332634
2020-01-07 00:00:00+05:30,206.2,209.35,202.45,203.0,23454588
2020-01-08 00:00:00+05:30,197.95,204.55,197.3,202.5,24743076
2020-01-09 00:00:00+05:30,208.2,209.15,205.05,207.4,12999312
2020-01-10 00:00:00+05:30,208.9,209.3,205.5,207.25,8708498
2020-01-13 00:00:00+05:30,207.6,210.05,206.75,207.5,7338838
2020-01-14 00:00:00+05:30,208.95,211.25,208.15,208.8,7216716
2020-01-15 00:00:00+05:30,208.35,208.6,204.05,206.25,9956518
2020-01-16 00:00:00+05:30,206.25,206.95,202.65,203.4,6370550
2020-01-17 00:00:00+05:30,203.5,204.95,198.85,199.75,11132598
2020-01-20 00:00:00+05:30,200.2,205.65,198.65,201.3,11681302
2020-01-21 00:00:00+05:30,201.45,205.55,200.2,204.35,8398840
2020-01-22 00:00:00+05:30,204.95,205.5,199.85,200.4,7460864
2020-01-23 00:00:00+05:30,202.3,208.0,201.2,206.75,11131352
2020-01-24 00:00:00+05:30,206.8,208.7,204.7,205.35,7871260
2020-01-27 00:00:00+05:30,205.55,208.0,203.95,206.15,8828966
2020-01-28 00:00:00+05:30,206.75,212.8,206.05,212.25,15217662
2020-01-29 00:00:00+05:30,213.65,214.95,210.25,211.35,14264654
2020-01-30 00:00:00+05:30,211.8,213.85,204.95,207.0,10891876
2020-01-31 00:00:00+05:30,207.15,208.4,200.7,201.2,13892950
2020-02-01 00:00:00+05:30,200.95,204.55,192.1,194.95,9155930
2020-02-03 00:00:00+05:30,196.2,204.2,194.45,202.7,18802900
2020-02-04 00:00:00+05:30,204.85,212.3,203.5,211.1,15683820
2020-02-05 00:00:00+05:30,211.8,224.7,210.85,221.8,30234094
2020-02-06 00:00:00+05:30,222.55,225.6,217.45,218.7,22467954
2020-02-07 00:00:00+05:30,218.6,219.0,214.55,217.05,9022030
2020-02-10 00:00:00+05:30,217.35,219.0,213.35,214.25,8848392
2020-02-11 00:00:00+05:30,216.75,218.25,211.8,212.25,7943310
2020-02-12 00:00:00+05:30,213.2,214.4,208.95,209.35,7549204
2020-02-13 00:00:00+05:30,210.7,211.1,206.25,206.75,8083000
2020-02-14 00:00:00+05:30,207.6,213.85,207.1,210.15,23043576
2020-02-17 00:00:00+05:30,211.05,211.05,202.55,203.3,9025984
2020-02-18 00:00:00+05:30,203.4,208.35,200.7,207.5,11940592
2020-02-19 00:00:00+05:30,208.8,212.25,206.95,209.75,10786834
2020-02-20 00:00:00+05:30,209.35,211.8,207.4,208.0,8752120
2020-02-24 00:00:00+05:30,207.6,209.8,203.95,204.65,12382886
2020-02-25 00:00:00+05:30,207.05,207.4,200.15,201.1,11044046
2020-02-26 00:00:00+05:30,201.45,202.35,194.8,197.4,14491090
2020-02-27 00:00:00+05:30,196.5,197.75,192.65,195.15,12178324
2020-02-28 00:00:00+05:30,192.8,192.8,184.35,187.05,12199026
2020-03-02 00:00:00+05:30,189.6,194.15,177.85,180.65,15624380
2020-03-03 00:00:00+05:30,181.85,187.45,181.05,186.4,11415592
2020-03-04 00:00:00+05:30,185.1,188.05,177.35,183.5,15457514
2020-03-05 00:00:00+05:30,183.45,188.3,182.7,183.4,11450828
2020-03-06 00:00:00+05:30,174.95,179.35,173.95,176.3,15762914
2020-03-09 00:00:00+05:30,181.25,199.95,177.55,185.85,79590794
2020-03-11 00:00:00+05:30,185.7,185.7,175.35,176.9,29496216
2020-03-12 00:00:00+05:30,170.85,171.5,142.85,149.2,35196480
2020-03-13 00:00:00+05:30,146.15,173.35,117.4,163.8,50824264
2020-03-16 00:00:00+05:30,151.8,168.95,151.65,158.5,33314980
2020-03-17 00:00:00+05:30,158.7,168.25,153.65,155.15,19649944
2020-03-18 00:00:00+05:30,158.25,159.2,141.75,143.75,20418652
2020-03-19 00:00:00+05:30,133.8,137.95,122.0,128.8,27435084
2020-03-20 00:00:00+05:30,131.05,139.3,128.1,136.95,20393324
2020-03-23 00:00:00+05:30,121.8,127.8,111.3,114.6,18697446
2020-03-24 00:00:00+05:30,118.4,120.9,106.55,111.55,19534452
2020-03-25 00:00:00+05:30,106.85,118.1,106.85,116.65,14919844
2020-03-26 00:00:00+05:30,117.2,122.5,114.2,120.55,12628284
2020-03-27 00:00:00+05:30,124.15,130.55,116.8,118.95,12155888
2020-03-30 00:00:00+05:30,114.45,123.9,114.45,117.1,13666176
2020-03-31 00:00:00+05:30,121.35,142.4,119.55,136.55,33091204
2020-04-01 00:00:00+05:30,134.3,136.05,125.7,130.1,25197652
2020-04-03 00:00:00+05:30,129.2,140.7,122.8,136.7,28641904
2020-04-07 00:00:00+05:30,141.2,156.1,137.7,152.35,21185190
2020-04-08 00:00:00+05:30,151.8,158.3,147.3,148.25,18356526
2020-04-09 00:00:00+05:30,149.55,154.85,146.8,149.4,15854190
2020-04-13 00:00:00+05:30,149.45,153.9,145.45,151.85,9908824
2020-04-15 00:00:00+05:30,153.85,161.25,152.35,153.55,12598964
2020-04-16 00:00:00+05:30,153.85,158.7,151.6,154.3,11831756
2020-04-17 00:00:00+05:30,159.2,159.2,153.75,156.45,8841038
2020-04-20 00:00:00+05:30,157.45,162.35,156.95,160.25,12420984
2020-04-21 00:00:00+05:30,159.6,160.75,153.2,154.2,10283406
2020-04-22 00:00:00+05:30,155.15,156.4,145.9,154.9,14252248
2020-04-23 00:00:00+05:30,154.95,157.75,152.95,154.2,8342258
2020-04-24 00:00:00+05:30,152.75,154.85,150.45,152.0,6912420
2020-04-27 00:00:00+05:30,153.25,159.0,152.9,154.3,9902596
2020-04-28 00:00:00+05:30,156.35,163.25,153.75,156.0,22200454
2020-04-29 00:00:00+05:30,156.4,158.7,154.1,156.8,11648760
2020-04-30 00:00:00+05:30,158.3,162.6,155.45,161.05,16016858
2020-05-04 00:00:00+05:30,157.35,157.35,147.9,150.85,14510430
2020-05-05 00:00:00+05:30,153.65,158.3,149.55,150.45,26357320
2020-05-06 00:00:00+05:30,138.55,150.15,134.45,148.95,41361302
2020-05-07 00:00:00+05:30,148.1,148.1,141.75,142.4,17101468
2020-05-08 00:00:00+05:30,143.95,145.5,138.55,140.2,16999406
2020-05-11 00:00:00+05:30,140.7,142.75,133.95,135.55,21376034
2020-05-12 00:00:00+05:30,133.6,137.85,132.7,134.5,16623240
2020-05-13 00:00:00+05:30,139.8,140.0,134.6,136.4,15241974
2020-05-14 00:00:00+05:30,134.9,136.3,132.0,133.2,9664372
2020-05-15 00:00:00+05:30,134.7,140.0,133.85,137.15,27767334
2020-05-18 00:00:00+05:30,138.25,138.7,124.95,125.95,20378900
2020-05-19 00:00:00+05:30,129.45,130.75,124.95,125.6,12045900
2020-05-20 00:00:00+05:30,125.95,134.0,125.0,132.85,17342228
2020-05-21 00:00:00+05:30,133.35,136.1,129.5,134.8,14931316
2020-05-22 00:00:00+05:30,133.8,139.8,132.0,135.75,17078150
2020-05-26 00:00:00+05:30,135.65,138.4,134.3,134.8,12213122
2020-05-27 00:00:00+05:30,136.5,143.25,134.6,142.3,18130676
2020-05-28 00:00:00+05:30,144.35,144.6,138.1,140.9,18553546
2020-05-29 00:00:00+05:30,141.65,150.55,140.7,148.45,26722722
2020-06-01 00:00:00+05:30,149.2,154.9,147.25,150.1,20423526
2020-06-02 00:00:00+05:30,150.9,150.9,145.95,147.9,12639484
2020-06-03 00:00:00+05:30,149.05,153.65,146.8,151.3,20168184
2020-06-04 00:00:00+05:30,148.1,156.15,146.7,155.15,32780972
2020-06-05 00:00:00+05:30,154.85,162.2,152.85,160.85,21970582
2020-06-08 00:00:00+05:30,165.45,174.15,164.1,172.1,29583896
2020-06-09 00:00:00+05:30,174.85,175.8,165.35,166.35,19644118
2020-06-10 00:00:00+05:30,167.65,167.65,162.4,165.15,14983394
2020-06-11 00:00:00+05:30,164.7,168.65,160.05,161.05,16965894
2020-06-12 00:00:00+05:30,154.2,164.25,154.2,162.8,15638194
2020-06-15 00:00:00+05:30,162.8,162.85,154.8,156.85,13054612
2020-06-16 00:00:00+05:30,160.95,162.05,154.85,156.35,11470416
2020-06-17 00:00:00+05:30,156.35,159.45,154.95,158.5,10041846
2020-06-18 00:00:00+05:30,158.3,164.0,156.35,161.15,12301976
2020-06-19 00:00:00+05:30,161.95,167.7,161.5,165.9,13271552
2020-06-22 00:00:00+05:30,167.0,170.0,165.45,168.05,20793844
2020-06-23 00:00:00+05:30,168.45,171.65,166.7,171.2,8346518
2020-06-24 00:00:00+05:30,171.2,172.25,163.35,165.0,8118732
2020-06-25 00:00:00+05:30,164.7,167.6,159.85,161.15,13394304
2020-06-26 00:00:00+05:30,164.0,173.5,162.4,171.9,24376174
2020-06-29 00:00:00+05:30,171.65,172.85,164.9,167.2,12024802
2020-06-30 00:00:00+05:30,168.8,169.9,162.05,162.85,9018244
2020-07-01 00:00:00+05:30,164.3,167.2,162.9,165.75,10365788
2020-07-02 00:00:00+05:30,167.0,170.9,165.1,167.2,13185606
2020-07-03 00:00:00+05:30,168.85,170.5,167.15,168.15,6962106
2020-07-06 00:00:00+05:30,169.35,173.4,168.15,170.35,9926878
2020-07-07 00:00:00+05:30,170.35,170.8,164.65,165.55,9854118
2020-07-08 00:00:00+05:30,166.8,169.05,163.9,164.8,8446840
2020-07-09 00:00:00+05:30,166.35,166.5,162.45,164.2,5702054
2020-07-10 00:00:00+05:30,164.65,165.85,161.25,164.0,11766114
2020-07-13 00:00:00+05:30,164.7,167.55,163.5,165.65,10278856
2020-07-14 00:00:00+05:30,165.4,168.4,162.0,162.75,9482688
2020-07-15 00:00:00+05:30,164.65,166.8,160.15,160.85,9807872
2020-07-16 00:00:00+05:30,162.35,173.15,156.55,172.05,26616036
2020-07-17 00:00:00+05:30,176.95,196.75,171.2,195.05,107684648
2020-07-20 00:00:00+05:30,193.8,197.0,191.05,192.1,28746148
2020-07-21 00:00:00+05:30,191.95,212.25,191.2,204.45,98290946
2020-07-22 00:00:00+05:30,204.75,204.85,196.9,198.25,25364752
2020-07-23 00:00:00+05:30,196.1,210.55,194.75,201.45,72916004
2020-07-24 00:00:00+05:30,198.85,204.2,195.75,197.2,22295164
2020-07-27 00:00:00+05:30,199.8,205.6,195.15,201.5,40099818
2020-07-28 00:00:00+05:30,203.05,208.85,201.2,203.25,30188614
2020-07-29 00:00:00+05:30,204.4,206.05,196.5,199.75,20080072
2020-07-30 00:00:00+05:30,191.35,193.25,182.35,183.65,49057710
2020-07-31 00:00:00+05:30,184.6,187.85,179.9,181.2,22379810
2020-08-03 00:00:00+05:30,181.3,187.9,178.7,183.1,28467376
2020-08-04 00:00:00+05:30,183.2,185.5,170.7,178.85,51231810
2020-08-05 00:00:00+05:30,179.4,181.8,177.25,179.65,22069614
2020-08-06 00:00:00+05:30,180.45,185.75,177.7,179.25,25134620
2020-08-07 00:00:00+05:30,180.65,184.75,179.95,184.0,18238292
2020-08-10 00:00:00+05:30,184.55,186.1,181.05,181.9,16506042
2020-08-11 00:00:00+05:30,182.7,190.1,182.1,188.3,25534594
2020-08-12 00:00:00+05:30,188.7,190.6,184.3,184.95,18101040
2020-08-13 00:00:00+05:30,184.1,186.95,182.5,184.65,11681734
2020-08-14 00:00:00+05:30,186.85,186.85,178.85,180.95,28445478
2020-08-17 00:00:00+05:30,183.55,183.55,176.3,178.55,22849734
2020-08-18 00:00:00+05:30,179.45,180.15,175.35,175.95,27095030
2020-08-19 00:00:00+05:30,177.15,179.95,173.8,176.55,33242868
2020-08-20 00:00:00+05:30,176.55,184.0,174.9,180.65,36900182
2020-08-21 00:00:00+05:30,183.6,183.6,178.7,179.5,17128134
2020-08-24 00:00:00+05:30,181.05,182.4,178.85,179.35,13086154
2020-08-25 00:00:00+05:30,179.45,183.85,178.75,180.85,25018912
2020-08-26 00:00:00+05:30,181.3,182.15,179.05,179.5,10814532
2020-08-27 00:00:00+05:30,180.25,183.4,179.2,180.85,15646796
2020-08-28 00:00:00+05:30,181.55,185.05,181.05,181.8,17488682
2020-08-31 00:00:00+05:30,182.95,187.05,176.35,178.5,37997924
2020-09-01 00:00:00+05:30,178.6,180.35,175.1,178.2,12040414
2020-09-02 00:00:00+05:30,178.95,182.05,177.8,181.3,10307630
2020-09-03 00:00:00+05:30,182.25,183.45,179.6,181.05,8794744
2020-09-04 00:00:00+05:30,179.05,179.95,175.15,176.4,9733000
2020-09-07 00:00:00+05:30,179.95,179.95,173.15,174.95,16617690
2020-09-08 00:00:00+05:30,175.1,184.1,174.65,180.5,37282924
2020-09-09 00:00:00+05:30,177.65,179.2,174.4,177.65,13471172
2020-09-10 00:00:00+05:30,178.8,190.35,177.4,188.85,50835164
2020-09-11 00:00:00+05:30,189.2,191.45,185.2,188.1,25168862
2020-09-14 00:00:00+05:30,186.8,188.45,181.4,182.8,12050862
2020-09-15 00:00:00+05:30,182.95,186.6,180.65,181.5,16668042
2020-09-16 00:00:00+05:30,181.8,184.35,180.15,180.85,10001996
2020-09-17 00:00:00+05:30,180.85,183.6,180.25,182.1,13709668
2020-09-18 00:00:00+05:30,184.1,185.45,179.25,180.45,19111038
2020-09-21 00:00:00+05:30,181.05,182.1,174.4,175.55,11706576
2020-09-22 00:00:00+05:30,176.25,176.6,166.7,171.3,15913180
2020-09-23 00:00:00+05:30,173.45,173.6,166.2,169.15,11588706
2020-09-24 00:00:00+05:30,164.8,168.55,163.5,164.35,9255312
2020-09-25 00:00:00+05:30,165.15,166.35,158.85,163.7,26544602
2020-09-28 00:00:00+05:30,164.3,170.5,163.65,168.05,14260844
2020-09-29 00:00:00+05:30,172.1,172.1,164.8,168.7,17534932
2020-09-30 00:00:00+05:30,169.1,172.3,151.2,153.15,87193330
2020-10-01 00:00:00+05:30,155.45,157.15,150.7,153.3,32425130
2020-10-05 00:00:00+05:30,153.3,155.65,152.3,153.75,13178032
2020-10-06 00:00:00+05:30,154.9,156.6,151.9,152.75,13773836
2020-10-07 00:00:00+05:30,153.15,153.5,147.65,148.2,20552046
2020-10-08 00:00:00+05:30,149.4,149.45,146.05,147.2,19179294
2020-10-09 00:00:00+05:30,147.45,151.9,147.0,149.45,26861570
2020-10-12 00:00:00+05:30,150.45,151.7,147.4,147.9,9594218
2020-10-13 00:00:00+05:30,148.3,148.9,146.25,146.75,10559110
2020-10-14 00:00:00+05:30,146.15,146.65,141.9,143.9,16179024
2020-10-15 00:00:00+05:30,144.4,146.55,140.3,141.0,10822682
2020-10-16 00:00:00+05:30,142.05,148.75,141.4,147.2,26906370
2020-10-19 00:00:00+05:30,149.05,150.8,147.65,150.25,14750574
2020-10-20 00:00:00+05:30,149.95,151.7,147.9,148.75,10486256
2020-10-21 00:00:00+05:30,156.65,157.8,149.5,151.6,34114466
2020-10-22 00:00:00+05:30,151.15,152.2,149.05,151.5,11659006
2020-10-23 00:00:00+05:30,151.75,154.3,151.55,152.55,10096246
2020-10-26 00:00:00+05:30,152.55,153.5,148.35,150.0,10164838
2020-10-27 00:00:00+05:30,149.95,151.75,148.1,151.15,8717446
2020-10-28 00:00:00+05:30,150.95,151.6,148.3,149.65,7743900
2020-10-29 00:00:00+05:30,149.05,150.7,146.35,148.0,14724236
2020-10-30 00:00:00+05:30,149.4,156.15,148.8,153.85,33648860
2020-11-02 00:00:00+05:30,153.55,153.9,149.4,150.15,8690720
2020-11-03 00:00:00+05:30,151.1,154.8,151.1,152.2,13322292
2020-11-04 00:00:00+05:30,152.05,153.15,149.15,151.2,8101954
2020-11-05 00:00:00+05:30,153.95,160.45,152.15,159.35,27315846
2020-11-06 00:00:00+05:30,160.05,161.05,157.0,157.55,11623324
2020-11-09 00:00:00+05:30,160.15,165.65,158.95,163.6,23414854
2020-11-10 00:00:00+05:30,163.8,167.95,162.05,166.95,16074814
2020-11-11 00:00:00+05:30,166.95,174.1,166.4,172.1,22991936
2020-11-12 00:00:00+05:30,172.55,173.0,168.9,172.35,13222638
2020-11-13 00:00:00+05:30,171.1,175.05,167.1,172.1,19115708
2020-11-14 00:00:00+05:30,173.8,181.8,172.65,180.8,16811038
2020-11-17 00:00:00+05:30,181.8,181.8,171.25,172.35,44296492
2020-11-18 00:00:00+05:30,172.25,172.25,164.45,167.0,42174930
2020-11-19 00:00:00+05:30,167.0,172.8,166.6,167.3,33181436
2020-11-20 00:00:00+05:30,169.2,170.25,165.0,167.15,18928924
2020-11-23 00:00:00+05:30,168.45,172.85,167.0,172.25,18370378
2020-11-24 00:00:00+05:30,173.95,174.65,169.5,170.2,14237058
2020-11-25 00:00:00+05:30,170.7,171.8,166.2,166.6,14976356
2020-11-26 00:00:00+05:30,167.3,167.85,163.35,164.7,16774012
2020-11-27 00:00:00+05:30,165.8,167.4,161.5,162.4,27707056
2020-12-01 00:00:00+05:30,163.3,166.3,161.5,165.3,9807172
2020-12-02 00:00:00+05:30,166.25,170.25,164.65,167.7,19302512
2020-12-03 00:00:00+05:30,168.85,173.85,166.85,172.05,37347498
2020-12-04 00:00:00+05:30,173.2,174.3,169.7,171.35,14825638
2020-12-07 00:00:00+05:30,171.3,177.2,170.9,172.55,20185302
2020-12-08 00:00:00+05:30,174.4,174.4,169.8,170.4,11461924
2020-12-09 00:00:00+05:30,171.3,174.3,170.7,172.65,16825160
2020-12-10 00:00:00+05:30,172.6,175.6,168.9,174.55,14788112
2020-12-11 00:00:00+05:30,175.35,178.3,171.2,173.7,29170228
2020-12-14 00:00:00+05:30,175.6,177.65,174.2,177.35,22254470
2020-12-15 00:00:00+05:30,178.75,179.1,173.55,174.2,17578662
2020-12-16 00:00:00+05:30,176.15,177.65,174.05,174.65,14206982
2020-12-17 00:00:00+05:30,176.05,176.1,172.2,172.75,12233988
2020-12-18 00:00:00+05:30,173.95,174.4,169.9,172.0,13147766
2020-12-21 00:00:00+05:30,171.7,171.7,155.35,159.85,25446600
2020-12-22 00:00:00+05:30,159.85,163.15,155.05,162.2,20183368
2020-12-23 00:00:00+05:30,162.4,164.35,160.75,163.05,11965506
2020-12-24 00:00:00+05:30,164.0,166.2,163.6,164.55,12131772
2020-12-28 00:00:00+05:30,165.65,167.7,164.95,166.95,9806128
2020-12-29 00:00:00+05:30,167.7,168.25,164.55,166.35,8034014
2020-12-30 00:00:00+05:30,166.6,167.55,165.1,166.95,6183434
2020-12-31 00:00:00+05:30,166.6,167.75,165.45,166.15,8594440
2021-01-01 00:00:00+05:30,166.15,167.45,165.8,166.6,5723498
2021-01-04 00:00:00+05:30,167.9,173.45,167.7,172.75,16477784
2021-01-05 00:00:00+05:30,172.4,172.45,169.8,171.2,9064136
2021-01-06 00:00:00+05:30,171.5,173.5,166.85,169.0,16144720
2021-01-07 00:00:00+05:30,170.7,172.55,169.15,171.3,13121606
2021-01-08 00:00:00+05:30,172.55,177.65,172.15,174.95,24755912
2021-01-11 00:00:00+05:30,176.7,177.1,172.75,175.7,13668006
2021-01-12 00:00:00+05:30,175.6,179.05,173.7,176.1,16662142
2021-01-13 00:00:00+05:30,177.65,186.4,177.0,180.4,42362294
2021-01-14 00:00:00+05:30,180.45,188.7,179.95,187.2,25200192
2021-01-15 00:00:00+05:30,188.4,188.45,180.1,181.6,17655902
2021-01-18 00:00:00+05:30,181.3,182.65,175.8,179.25,16787164
2021-01-19 00:00:00+05:30,180.85,183.2,178.7,181.05,11094214
2021-01-20 00:00:00+05:30,181.8,182.65,179.1,181.2,9874786
2021-01-21 00:00:00+05:30,181.8,185.5,177.25,178.75,17536476
2021-01-22 00:00:00+05:30,179.05,180.85,172.55,173.05,15404838
2021-01-25 00:00:00+05:30,174.85,176.15,167.8,169.0,12060426
2021-01-27 00:00:00+05:30,168.25,170.35,165.55,165.9,12066876
2021-01-28 00:00:00+05:30,164.3,170.15,163.9,167.6,16311766
2021-01-29 00:00:00+05:30,170.25,173.3,166.3,167.25,16517910
2021-02-01 00:00:00+05:30,169.35,173.9,165.9,171.7,27876736
2021-02-02 00:00:00+05:30,173.4,179.95,171.7,178.6,17753676
2021-02-03 00:00:00+05:30,177.2,182.7,176.0,181.75,17018506
2021-02-04 00:00:00+05:30,181.1,185.25,179.75,183.45,15198682
2021-02-05 00:00:00+05:30,184.35,185.15,180.9,181.8,7722568
2021-02-08 00:00:00+05:30,184.1,186.1,182.25,184.1,12645654
2021-02-09 00:00:00+05:30,189.2,192.45,182.55,183.8,45154044
2021-02-10 00:00:00+05:30,185.1,186.4,179.05,182.15,19160592
2021-02-11 00:00:00+05:30,181.8,185.4,181.45,185.05,11459318
2021-02-12 00:00:00+05:30,185.5,186.75,181.6,183.25,10941890
2021-02-15 00:00:00+05:30,185.4,186.35,182.7,183.6,11037552
2021-02-16 00:00:00+05:30,183.1,185.3,182.35,183.2,10795324
2021-02-17 00:00:00+05:30,176.95,181.25,175.6,180.3,17178862
2021-02-18 00:00:00+05:30,182.0,190.75,179.8,189.7,41510988
2021-02-19 00:00:00+05:30,191.95,195.5,185.75,188.7,48892610
2021-02-22 00:00:00+05:30,188.35,191.1,183.2,185.3,19380682
2021-02-23 00:00:00+05:30,187.85,194.6,186.75,191.1,28795656
2021-02-24 00:00:00+05:30,193.3,195.6,191.5,192.75,11981366
2021-02-25 00:00:00+05:30,194.25,206.15,194.15,203.3,37621658
2021-02-26 00:00:00+05:30,200.2,205.5,193.4,197.85,36883078
2021-03-01 00:00:00+05:30,200.7,204.35,198.0,200.3,12185500
2021-03-02 00:00:00+05:30,209.2,212.9,203.5,206.75,53200666
2021-03-03 00:00:00+05:30,211.8,211.8,203.6,205.5,17675284
2021-03-04 00:00:00+05:30,203.5,208.4,202.15,204.4,12556622
2021-03-05 00:00:00+05:30,203.95,209.15,201.7,203.4,17793026
2021-03-08 00:00:00+05:30,203.5,208.6,203.4,205.65,11349538
2021-03-09 00:00:00+05:30,196.2,199.8,192.15,196.05,399581906
2021-03-10 00:00:00+05:30,198.4,198.8,194.25,195.85,23491604
2021-03-12 00:00:00+05:30,201.2,204.4,198.4,201.45,52792772
2021-03-15 00:00:00+05:30,204.55,204.85,198.5,202.85,33842230
2021-03-16 00:00:00+05:30,204.65,205.15,198.85,199.75,30782874
2021-03-17 00:00:00+05:30,194.25,196.45,188.75,189.6,57699598
2021-03-18 00:00:00+05:30,191.05,192.65,185.85,187.3,26361962
2021-03-19 00:00:00+05:30,186.85,192.6,183.7,190.1,26622950
2021-03-22 00:00:00+05:30,192.55,194.25,190.75,193.05,27343862
2021-03-23 00:00:00+05:30,194.2,194.35,191.05,191.7,17089478
2021-03-24 00:00:00+05:30,191.05,191.7,188.05,188.7,10317086
2021-03-25 00:00:00+05:30,187.05,187.45,181.85,183.6,20898974
2021-03-26 00:00:00+05:30,186.8,189.55,184.75,186.05,19204862
2021-03-30 00:00:00+05:30,188.15,190.5,184.8,189.1,17153808
2021-03-31 00:00:00+05:30,188.95,189.3,186.6,187.85,10018670
2021-04-01 00:00:00+05:30,189.0,193.3,187.85,192.15,9156394
2021-04-05 00:00:00+05:30,190.6,191.95,184.6,187.85,11510442
2021-04-06 00:00:00+05:30,188.7,190.4,186.1,187.85,9190874
2021-04-07 00:00:00+05:30,188.2,189.45,187.6,187.9,7430944
2021-04-08 00:00:00+05:30,188.5,191.45,188.35,189.0,6708234
2021-04-09 00:00:00+05:30,188.7,189.7,186.15,186.65,8179184
2021-04-12 00:00:00+05:30,183.2,183.8,175.8,176.7,12368094
2021-04-13 00:00:00+05:30,177.2,180.65,175.9,179.15,8064312
2021-04-15 00:00:00+05:30,179.05,182.45,176.4,177.1,14440358
2021-04-16 00:00:00+05:30,177.2,185.5,176.85,181.2,22292626
2021-04-19 00:00:00+05:30,177.2,180.65,174.85,178.95,11256462
2021-04-20 00:00:00+05:30,180.4,181.5,177.65,178.65,7026888
2021-04-22 00:00:00+05:30,177.2,184.7,176.45,183.4,15611348
2021-04-23 00:00:00+05:30,182.85,186.4,182.25,185.5,47680532
2021-04-26 00:00:00+05:30,186.85,188.0,183.0,183.6,12888196
2021-04-27 00:00:00+05:30,182.95,185.55,182.55,184.3,10816330
2021-04-28 00:00:00+05:30,185.05,186.1,181.75,182.95,19805066
2021-04-29 00:00:00+05:30,185.05,185.5,182.7,183.9,13265608
2021-04-30 00:00:00+05:30,182.95,192.2,181.6,184.95,33702940
2021-05-03 00:00:00+05:30,183.6,188.2,182.0,182.25,16118782
2021-05-04 00:00:00+05:30,184.5,188.4,183.4,184.75,19987878
2021-05-05 00:00:00+05:30,185.05,189.5,184.55,186.3,13778662
2021-05-06 00:00:00+05:30,187.85,191.05,186.05,190.55,12787288
2021-05-07 00:00:00+05:30,191.05,196.55,187.85,194.8,24054728
2021-05-10 00:00:00+05:30,197.45,200.2,195.6,199.7,19405820
2021-05-11 00:00:00+05:30,197.75,204.4,196.55,203.55,21695878
2021-05-12 00:00:00+05:30,204.4,206.25,196.35,197.55,15235594
2021-05-14 00:00:00+05:30,199.6,199.6,192.9,194.35,9799430
2021-05-17 00:00:00+05:30,195.6,196.4,192.5,195.0,6063462
2021-05-18 00:00:00+05:30,196.65,199.05,194.6,197.2,9934246
2021-05-19 00:00:00+05:30,197.95,199.95,194.35,196.3,16215214
2021-05-20 00:00:00+05:30,197.0,201.55,194.0,200.1,18799814
2021-05-21 00:00:00+05:30,203.95,206.25,202.05,203.0,23987738
2021-05-24 00:00:00+05:30,205.8,209.25,202.85,208.5,22941220
2021-05-25 00:00:00+05:30,210.35,211.35,206.75,209.15,21199352
2021-05-26 00:00:00+05:30,211.15,212.1,206.5,208.2,25944614
2021-05-27 00:00:00+05:30,214.05,215.5,205.3,206.15,102988808
2021-05-28 00:00:00+05:30,209.45,211.75,206.5,207.85,29313704
2021-05-31 00:00:00+05:30,208.8,208.8,206.4,208.1,13495562
2021-06-01 00:00:00+05:30,208.8,210.3,207.2,207.5,8869530
2021-06-02 00:00:00+05:30,207.15,209.65,206.75,209.25,12676710
2021-06-03 00:00:00+05:30,209.2,211.05,208.65,208.95,12184524
2021-06-04 00:00:00+05:30,209.35,213.1,209.0,210.95,17759466
2021-06-07 00:00:00+05:30,212.15,214.25,211.25,212.4,12523390
2021-06-08 00:00:00+05:30,213.55,216.25,210.05,215.2,15198964
2021-06-09 00:00:00+05:30,217.35,218.2,212.45,214.05,18980362
2021-06-10 00:00:00+05:30,214.65,215.25,213.1,213.45,7388634
2021-06-11 00:00:00+05:30,214.4,216.15,212.55,213.45,7438508
2021-06-14 00:00:00+05:30,213.65,214.05,209.95,213.5,7237652
2021-06-15 00:00:00+05:30,214.05,215.1,212.15,212.65,6507360
2021-06-16 00:00:00+05:30,213.35,214.05,211.35,212.3,7994924
2021-06-17 00:00:00+05:30,210.85,213.15,210.1,210.35,6651076
2021-06-18 00:00:00+05:30,211.8,211.85,205.7,208.3,10583776
2021-06-21 00:00:00+05:30,207.95,209.85,206.5,209.45,5397088
2021-06-22 00:00:00+05:30,210.6,211.25,208.5,208.85,5553420
2021-06-23 00:00:00+05:30,209.0,209.45,206.8,207.0,4927558
2021-06-24 00:00:00+05:30,206.95,207.35,204.9,205.35,8462210
2021-06-25 00:00:00+05:30,206.45,208.15,205.4,207.15,5904240
2021-06-28 00:00:00+05:30,207.6,208.1,205.6,205.9,4334320
2021-06-29 00:00:00+05:30,206.75,206.95,204.85,205.4,5921594
2021-06-30 00:00:00+05:30,205.8,207.4,205.3,206.3,5924634
2021-07-01 00:00:00+05:30,206.3,206.7,203.5,203.85,5757026
2021-07-02 00:00:00+05:30,203.95,205.15,203.0,203.85,4769492
2021-07-05 00:00:00+05:30,204.85,206.0,201.85,202.4,11190174
2021-07-06 00:00:00+05:30,202.55,203.95,201.45,201.65,7749392
2021-07-07 00:00:00+05:30,201.65,203.2,199.05,202.8,6000580
2021-07-08 00:00:00+05:30,202.65,205.05,201.0,201.75,6426778
2021-07-09 00:00:00+05:30,200.75,201.85,199.5,201.15,7058662
2021-07-12 00:00:00+05:30,201.45,202.2,197.95,198.4,7393710
2021-07-13 00:00:00+05:30,199.25,200.2,197.85,198.05,7409874
2021-07-14 00:00:00+05:30,198.4,199.4,197.1,197.35,4936524
2021-07-15 00:00:00+05:30,197.6,198.3,195.6,196.55,6617550
2021-07-16 00:00:00+05:30,197.45,198.4,196.0,197.0,6726604
2021-07-19 00:00:00+05:30,196.1,202.05,195.7,199.75,14737948
2021-07-20 00:00:00+05:30,201.1,201.65,197.45,199.75,7689016
2021-07-22 00:00:00+05:30,200.2,204.4,199.35,202.95,13532496
2021-07-23 00:00:00+05:30,204.75,205.25,202.2,203.2,6954808
2021-07-26 00:00:00+05:30,203.45,203.75,200.25,200.7,5177476
2021-07-27 00:00:00+05:30,200.7,202.75,198.95,199.5,4635256
2021-07-28 00:00:00+05:30,199.65,200.45,198.1,199.55,4411220
2021-07-29 00:00:00+05:30,198.85,199.9,197.25,197.5,5979220
2021-07-30 00:00:00+05:30,197.55,199.9,195.55,195.85,13531870
2021-08-02 00:00:00+05:30,197.0,202.5,196.35,201.55,9965680
2021-08-03 00:00:00+05:30,202.9,204.85,200.95,204.15,7855132
2021-08-04 00:00:00+05:30,203.95,204.85,200.75,201.3,5192276
2021-08-05 00:00:00+05:30,200.75,201.9,198.45,199.6,7099910
2021-08-06 00:00:00+05:30,199.8,203.95,199.8,200.5,8118604
2021-08-09 00:00:00+05:30,201.45,202.05,198.3,199.1,4555246
2021-08-10 00:00:00+05:30,200.0,200.15,194.65,195.45,7098198
2021-08-11 00:00:00+05:30,196.1,198.65,193.6,197.95,10635072
2021-08-12 00:00:00+05:30,198.85,200.4,194.3,197.1,12567714
2021-08-13 00:00:00+05:30,197.95,202.0,197.15,200.15,14232032
2021-08-16 00:00:00+05:30,201.85,206.05,200.2,204.4,17964436
2021-08-17 00:00:00+05:30,205.25,207.05,203.0,204.85,14363500
2021-08-18 00:00:00+05:30,205.8,205.8,203.0,204.2,7947234
2021-08-20 00:00:00+05:30,203.4,205.1,199.35,200.3,12114818
2021-08-23 00:00:00+05:30,201.95,202.35,197.05,198.7,7925892
2021-08-24 00:00:00+05:30,199.35,202.15,199.25,200.9,7248688
2021-08-25 00:00:00+05:30,201.65,204.55,201.3,202.9,9704266
2021-08-26 00:00:00+05:30,202.85,207.8,201.9,205.7,14847298
2021-08-27 00:00:00+05:30,206.75,208.85,205.4,207.75,12536762
2021-08-30 00:00:00+05:30,209.4,209.4,207.9,208.4,9029840
2021-08-31 00:00:00+05:30,208.6,209.85,206.45,207.9,18002472
2021-09-01 00:00:00+05:30,208.7,211.5,208.2,210.4,10439002
2021-09-02 00:00:00+05:30,210.85,212.5,210.4,211.7,8362628
2021-09-03 00:00:00+05:30,213.2,218.25,211.85,217.0,16372070
2021-09-06 00:00:00+05:30,219.2,219.35,216.35,216.75,13979558
2021-09-07 00:00:00+05:30,216.7,218.0,212.25,212.7,13420280
2021-09-08 00:00:00+05:30,213.65,217.8,212.65,216.2,13609662
2021-09-09 00:00:00+05:30,216.3,217.35,215.4,216.95,9084984
2021-09-13 00:00:00+05:30,218.25,220.7,217.1,220.15,21460684
2021-09-14 00:00:00+05:30,221.45,222.4,216.6,217.8,24182782
2021-09-15 00:00:00+05:30,218.25,218.7,215.55,216.35,22748506
2021-09-16 00:00:00+05:30,192.2,194.25,191.3,192.85,34750954
2021-09-17 00:00:00+05:30,193.8,194.25,189.65,191.55,24016408
2021-09-20 00:00:00+05:30,189.2,190.4,183.6,184.3,14744276
2021-09-21 00:00:00+05:30,184.05,185.9,180.8,181.2,22963476
2021-09-22 00:00:00+05:30,181.55,184.8,181.55,184.2,9640070
2021-09-23 00:00:00+05:30,185.6,186.1,182.8,184.1,11769116
2021-09-24 00:00:00+05:30,184.55,185.6,180.45,181.7,12674828
2021-09-27 00:00:00+05:30,183.4,185.25,182.55,184.35,9778866
2021-09-28 00:00:00+05:30,186.1,188.8,185.5,188.5,18266942
2021-09-29 00:00:00+05:30,188.45,192.45,186.85,191.9,15251714
2021-09-30 00:00:00+05:30,193.2,193.5,189.2,189.7,8934732
2021-10-01 00:00:00+05:30,189.6,192.25,188.2,190.1,5489980
2021-10-04 00:00:00+05:30,190.55,192.45,190.35,191.35,5362228
2021-10-05 00:00:00+05:30,191.35,195.85,191.35,195.05,18020292
2021-10-06 00:00:00+05:30,196.55,198.85,195.7,196.65,16248822
2021-10-07 00:00:00+05:30,198.6,198.85,197.0,197.55,7445114
2021-10-08 00:00:00+05:30,198.6,198.85,195.45,197.65,6019304
2021-10-11 00:00:00+05:30,197.95,200.3,197.7,199.95,11833332
2021-10-12 00:00:00+05:30,199.95,201.3,198.45,200.3,10923204
2021-10-13 00:00:00+05:30,201.2,202.75,199.5,201.9,14072722
2021-10-14 00:00:00+05:30,202.55,203.55,201.65,202.2,7894780
2021-10-18 00:00:00+05:30,207.15,207.15,203.0,203.7,8784646
2021-10-19 00:00:00+05:30,204.4,204.85,197.95,199.35,10805314
2021-10-20 00:00:00+05:30,198.85,199.3,191.65,193.85,13086926
2021-10-21 00:00:00+05:30,195.7,199.8,194.75,198.4,19775152
2021-10-22 00:00:00+05:30,198.4,199.35,194.5,196.65,7829992
2021-10-25 00:00:00+05:30,196.55,197.2,188.6,189.55,14550354
2021-10-26 00:00:00+05:30,189.2,191.95,187.85,189.2,9945226
2021-10-27 00:00:00+05:30,190.3,190.8,187.35,187.7,6737796
2021-10-28 00:00:00+05:30,188.2,189.2,183.6,184.45,7242482
2021-10-29 00:00:00+05:30,183.6,186.4,181.1,183.05,12075018
2021-11-01 00:00:00+05:30,187.85,187.85,184.05,184.85,11652400
2021-11-02 00:00:00+05:30,185.5,185.9,182.1,182.35,8099346
2021-11-03 00:00:00+05:30,183.2,184.85,181.4,181.75,10516486
2021-11-04 00:00:00+05:30,184.0,184.2,183.25,184.0,1975024
2021-11-08 00:00:00+05:30,185.95,190.0,184.75,189.55,11870418
2021-11-09 00:00:00+05:30,189.95,190.0,187.35,188.95,5867180
2021-11-10 00:00:00+05:30,189.6,190.55,188.8,189.3,6565108
2021-11-11 00:00:00+05:30,186.85,187.45,185.05,186.55,6633538
2021-11-12 00:00:00+05:30,187.85,188.7,187.05,187.7,4288924
2021-11-15 00:00:00+05:30,187.8,188.7,186.2,187.05,3839888
2021-11-16 00:00:00+05:30,186.85,187.15,183.3,184.05,5533442
2021-11-17 00:00:00+05:30,184.35,184.45,180.55,181.2,7538798
2021-11-18 00:00:00+05:30,181.05,182.1,177.2,177.35,9990796
2021-11-22 00:00:00+05:30,177.65,178.55,171.7,172.85,10565788
2021-11-23 00:00:00+05:30,172.55,175.5,172.1,173.8,6765412
2021-11-24 00:00:00+05:30,175.4,179.1,174.3,176.4,8482816
2021-11-25 00:00:00+05:30,176.7,176.9,173.95,174.9,6323818
2021-11-26 00:00:00+05:30,173.6,173.6,163.35,164.2,20046662
2021-11-29 00:00:00+05:30,165.15,165.65,159.7,159.85,15037552
2021-11-30 00:00:00+05:30,161.05,165.4,160.05,161.05,18393470
2021-12-01 00:00:00+05:30,162.35,163.8,159.1,160.45,13057566
2021-12-02 00:00:00+05:30,161.05,165.65,160.55,165.1,12449776
2021-12-03 00:00:00+05:30,166.85,169.5,166.25,168.4,17313246
2021-12-06 00:00:00+05:30,169.05,170.0,166.1,167.2,8919812
2021-12-07 00:00:00+05:30,168.4,169.7,168.05,169.25,7275406
2021-12-08 00:00:00+05:30,170.05,171.3,169.9,170.8,7187328
2021-12-09 00:00:00+05:30,172.15,175.6,171.35,172.0,12970082
2021-12-10 00:00:00+05:30,171.85,173.9,170.7,173.5,4565918
2021-12-13 00:00:00+05:30,174.4,175.1,170.7,171.4,5199416
2021-12-14 00:00:00+05:30,171.7,171.7,169.85,171.0,6582798
2021-12-15 00:00:00+05:30,170.7,171.4,167.05,167.6,11115184
2021-12-16 00:00:00+05:30,168.65,171.2,167.65,170.7,7909366
2021-12-17 00:00:00+05:30,171.7,172.35,166.65,167.8,16049722
2021-12-20 00:00:00+05:30,166.0,166.0,155.95,156.4,22510560
2021-12-21 00:00:00+05:30,158.4,159.15,155.25,158.3,12855558
2021-12-22 00:00:00+05:30,159.2,162.75,158.8,162.15,10045244
2021-12-23 00:00:00+05:30,163.25,164.8,161.95,164.45,10693866
2021-12-24 00:00:00+05:30,165.25,165.25,161.2,162.05,6287570
2021-12-27 00:00:00+05:30,161.5,163.4,159.9,163.05,4632660
2021-12-28 00:00:00+05:30,163.7,166.3,163.35,165.8,6449486
2021-12-29 00:00:00+05:30,166.1,166.95,164.35,166.15,8260658
2021-12-30 00:00:00+05:30,167.45,168.1,163.8,164.7,12171414
2021-12-31 00:00:00+05:30,164.05,169.05,164.05,168.15,7780656
2022-01-03 00:00:00+05:30,167.45,168.85,167.45,168.5,6468384
2022-01-04 00:00:00+05:30,169.35,172.0,167.85,168.45,11799296
2022-01-05 00:00:00+05:30,167.95,173.25,167.2,172.4,13483996
2022-01-06 00:00:00+05:30,173.05,173.3,170.5,172.95,8237148
2022-01-07 00:00:00+05:30,173.95,176.2,172.55,173.15,11914426
2022-01-10 00:00:00+05:30,174.4,174.7,172.85,173.8,4179728
2022-01-11 00:00:00+05:30,174.3,174.3,170.35,170.8,6854016
2022-01-12 00:00:00+05:30,172.3,173.05,168.7,169.65,9246820
2022-01-13 00:00:00+05:30,170.35,173.8,168.95,172.3,8491424
2022-01-14 00:00:00+05:30,172.55,174.85,171.45,174.1,6915504
2022-01-17 00:00:00+05:30,175.35,176.9,174.2,175.15,9671610
2022-01-18 00:00:00+05:30,175.7,178.05,173.2,174.0,13220496
2022-01-19 00:00:00+05:30,173.05,175.6,171.7,172.25,10347976
2022-01-20 00:00:00+05:30,172.55,173.8,170.35,171.7,6495234
2022-01-21 00:00:00+05:30,172.0,173.05,165.65,166.45,10310538
2022-01-24 00:00:00+05:30,166.3,167.35,161.1,162.45,10668074
2022-01-25 00:00:00+05:30,162.0,167.35,160.05,166.85,9905300
2022-01-27 00:00:00+05:30,167.95,168.05,163.35,166.7,11474790
2022-01-28 00:00:00+05:30,167.95,171.85,166.3,166.85,8089918
2022-01-31 00:00:00+05:30,170.25,174.75,169.35,173.5,13928184
2022-02-01 00:00:00+05:30,172.55,172.55,163.8,165.1,25515398
2022-02-02 00:00:00+05:30,167.95,168.25,165.35,166.65,11701576
2022-02-03 00:00:00+05:30,167.45,167.9,164.05,164.3,10658294
2022-02-04 00:00:00+05:30,164.35,165.65,162.85,163.6,8957710
2022-02-07 00:00:00+05:30,164.7,164.9,161.1,162.15,8189026
2022-02-08 00:00:00+05:30,163.05,164.95,161.3,164.45,6909612
2022-02-09 00:00:00+05:30,165.65,166.6,163.2,163.6,9292356
2022-02-10 00:00:00+05:30,162.3,162.65,160.3,160.85,12283058
2022-02-11 00:00:00+05:30,160.85,163.1,158.7,160.85,11262552
2022-02-14 00:00:00+05:30,158.7,159.1,156.7,157.2,10196386
2022-02-15 00:00:00+05:30,157.35,160.95,154.85,160.5,11049572
2022-02-16 00:00:00+05:30,161.5,164.9,161.2,162.9,10889816
2022-02-17 00:00:00+05:30,163.8,164.35,161.5,162.4,5224320
2022-02-18 00:00:00+05:30,161.65,163.8,161.65,162.5,4420434
2022-02-21 00:00:00+05:30,162.4,162.4,158.7,160.45,6207542
2022-02-22 00:00:00+05:30,156.4,158.4,151.45,154.25,14106162
2022-02-23 00:00:00+05:30,155.7,156.8,154.65,155.1,5636142
2022-02-24 00:00:00+05:30,151.3,152.75,143.1,143.95,14094970
2022-02-25 00:00:00+05:30,147.2,147.9,143.6,145.55,11679020
2022-02-28 00:00:00+05:30,145.05,152.4,143.5,151.7,19146282
2022-03-02 00:00:00+05:30,150.2,154.9,147.1,148.15,15469204
2022-03-03 00:00:00+05:30,150.65,153.65,148.75,150.15,12825706
2022-03-04 00:00:00+05:30,150.9,152.5,148.55,151.05,15557860
2022-03-07 00:00:00+05:30,150.45,150.45,143.45,146.25,19936000
2022-03-08 00:00:00+05:30,146.15,148.55,143.8,147.9,12880560
2022-03-09 00:00:00+05:30,149.3,150.7,146.1,148.35,13563906
2022-03-10 00:00:00+05:30,152.75,153.65,149.7,151.3,18109208
2022-03-11 00:00:00+05:30,152.3,158.15,151.9,157.35,16557604
2022-03-14 00:00:00+05:30,156.35,156.85,152.9,156.25,16449824
2022-03-15 00:00:00+05:30,156.85,157.1,150.9,151.95,12130866
2022-03-16 00:00:00+05:30,153.4,155.35,151.9,154.7,9444984
2022-03-17 00:00:00+05:30,156.25,159.3,155.35,158.3,22827672
2022-03-21 00:00:00+05:30,156.4,159.85,154.7,155.15,12369650
2022-03-22 00:00:00+05:30,155.85,160.9,154.9,160.25,14934378
2022-03-23 00:00:00+05:30,161.45,161.75,158.7,159.5,12475458
2022-03-24 00:00:00+05:30,159.2,160.0,156.8,157.65,9696758
2022-03-25 00:00:00+05:30,157.35,158.5,155.5,156.55,7259104
2022-03-28 00:00:00+05:30,156.4,157.7,154.7,156.3,11624382
2022-03-29 00:00:00+05:30,157.35,157.55,155.45,155.65,11417328
2022-03-30 00:00:00+05:30,156.65,157.55,156.05,156.4,8247132
2022-03-31 00:00:00+05:30,156.85,158.45,155.85,156.15,11007364
2022-04-01 00:00:00+05:30,157.15,163.35,157.15,163.05,12772330
2022-04-04 00:00:00+05:30,163.05,166.2,162.05,165.75,14714720
2022-04-05 00:00:00+05:30,166.1,166.6,164.1,165.65,6622344
2022-04-06 00:00:00+05:30,165.15,168.6,164.45,168.35,11686350
2022-04-07 00:00:00+05:30,167.85,169.0,165.4,166.0,6693770
2022-04-08 00:00:00+05:30,166.95,168.75,166.15,167.75,8380548
2022-04-11 00:00:00+05:30,168.05,170.35,167.85,169.5,4778320
2022-04-12 00:00:00+05:30,168.85,169.15,164.35,165.9,4891948
2022-04-13 00:00:00+05:30,165.65,167.45,164.6,165.15,6523924
2022-04-18 00:00:00+05:30,165.15,165.15,161.5,161.85,5585346
2022-04-19 00:00:00+05:30,162.8,167.35,162.4,163.7,11592654
2022-04-20 00:00:00+05:30,165.55,171.35,164.0,170.25,17136378
2022-04-21 00:00:00+05:30,172.55,174.3,170.25,173.85,15955692
2022-04-22 00:00:00+05:30,172.55,173.6,170.95,171.8,8821478
2022-04-25 00:00:00+05:30,167.95,168.45,160.45,160.9,20815928
2022-04-26 00:00:00+05:30,162.6,163.5,160.65,162.35,6278956
2022-04-27 00:00:00+05:30,160.05,161.75,158.35,159.45,6163612
2022-04-28 00:00:00+05:30,161.8,161.8,158.8,160.75,6573278
2022-04-29 00:00:00+05:30,161.05,162.3,156.95,157.65,6718850
2022-05-02 00:00:00+05:30,156.45,160.05,155.35,159.4,6400476
2022-05-04 00:00:00+05:30,159.4,161.65,156.2,158.0,5737094
2022-05-05 00:00:00+05:30,159.2,160.45,156.45,156.85,3695092
2022-05-06 00:00:00+05:30,155.05,156.35,153.15,155.2,4697742
2022-05-09 00:00:00+05:30,154.45,155.6,151.7,153.35,5048780
2022-05-10 00:00:00+05:30,153.4,155.45,152.45,153.35,5909904
2022-05-11 00:00:00+05:30,154.1,156.15,149.4,150.5,7774130
2022-05-12 00:00:00+05:30,149.45,150.15,145.45,147.2,7716626
2022-05-13 00:00:00+05:30,147.85,149.6,145.35,145.85,4515592
2022-05-16 00:00:00+05:30,146.8,147.0,144.25,145.4,3884304
2022-05-17 00:00:00+05:30,145.35,148.55,144.5,148.3,9596420
2022-05-18 00:00:00+05:30,145.55,150.55,143.05,143.5,15314616
2022-05-19 00:00:00+05:30,142.45,142.55,139.8,141.0,10187938
2022-05-20 00:00:00+05:30,143.5,144.8,141.65,143.85,6393394
2022-05-23 00:00:00+05:30,143.85,145.45,141.2,143.55,8792862
2022-05-24 00:00:00+05:30,143.55,144.7,141.9,142.6,5891438
2022-05-25 00:00:00+05:30,143.7,144.15,140.4,140.8,8163646
2022-05-26 00:00:00+05:30,140.3,140.5,134.35,140.0,16061314
2022-05-27 00:00:00+05:30,140.1,142.1,137.15,139.0,9751704
2022-05-30 00:00:00+05:30,140.05,142.95,138.9,142.2,7101016
2022-05-31 00:00:00+05:30,142.55,142.9,140.3,140.8,20841502
2022-06-01 00:00:00+05:30,141.65,143.45,139.85,140.7,13381064
2022-06-02 00:00:00+05:30,141.2,144.5,139.1,142.3,16113808
2022-06-03 00:00:00+05:30,142.85,143.5,141.25,141.75,9938986
2022-06-06 00:00:00+05:30,141.4,141.6,137.15,137.65,9345428
2022-06-07 00:00:00+05:30,136.85,139.1,136.6,138.05,7910152
2022-06-08 00:00:00+05:30,138.45,140.25,137.55,139.75,5381610
2022-06-09 00:00:00+05:30,139.3,144.7,137.7,143.85,13918892
2022-06-10 00:00:00+05:30,142.95,143.6,141.0,143.05,5453434
2022-06-13 00:00:00+05:30,141.6,141.6,136.7,137.05,7503680
2022-06-14 00:00:00+05:30,136.7,138.35,134.1,135.35,10098392
2022-06-15 00:00:00+05:30,136.5,136.5,132.4,135.2,9987308
2022-06-16 00:00:00+05:30,137.05,137.85,133.5,134.1,8720718
2022-06-17 00:00:00+05:30,132.9,134.05,128.6,129.2,13905510
2022-06-20 00:00:00+05:30,130.55,130.8,125.95,126.9,7456818
2022-06-21 00:00:00+05:30,127.15,129.85,125.65,129.3,5603658
2022-06-22 00:00:00+05:30,130.15,132.1,127.25,131.5,13204868
2022-06-23 00:00:00+05:30,132.6,133.6,130.35,132.35,8697024
2022-06-24 00:00:00+05:30,132.5,133.55,131.25,132.2,6549900
2022-06-27 00:00:00+05:30,133.35,135.95,132.6,135.65,5569614
2022-06-28 00:00:00+05:30,134.3,137.7,134.3,137.3,6481036
2022-06-29 00:00:00+05:30,135.0,137.85,135.0,136.3,4503176
2022-06-30 00:00:00+05:30,136.1,136.95,132.0,132.6,9158568
2022-07-01 00:00:00+05:30,132.65,137.55,131.4,137.2,8833390
2022-07-04 00:00:00+05:30,136.15,137.2,134.5,136.3,4431040
2022-07-05 00:00:00+05:30,136.95,138.65,134.35,134.75,6138608
2022-07-06 00:00:00+05:30,136.4,138.9,135.9,138.6,8353864
2022-07-07 00:00:00+05:30,140.25,142.55,139.35,142.3,9279814
2022-07-08 00:00:00+05:30,142.55,143.6,140.05,140.45,5034654
2022-07-11 00:00:00+05:30,140.9,140.9,135.9,136.05,11830842
2022-07-12 00:00:00+05:30,135.65,135.9,132.4,132.7,10690702
2022-07-13 00:00:00+05:30,134.3,135.85,133.1,133.6,9645842
2022-07-14 00:00:00+05:30,133.8,134.55,130.65,131.6,11835382
2022-07-15 00:00:00+05:30,132.4,134.8,131.6,134.3,10024354
2022-07-18 00:00:00+05:30,134.95,136.2,133.15,136.05,7029760
2022-07-19 00:00:00+05:30,135.6,136.95,134.5,136.4,5009030
2022-07-20 00:00:00+05:30,137.65,138.35,136.2,136.65,6723570
2022-07-21 00:00:00+05:30,137.05,139.8,136.1,139.15,7298344
2022-07-22 00:00:00+05:30,140.4,140.5,137.3,138.1,6293178
2022-07-25 00:00:00+05:30,138.1,138.4,135.95,136.7,6529228
2022-07-26 00:00:00+05:30,136.5,137.55,135.3,137.2,4397264
2022-07-27 00:00:00+05:30,137.05,140.3,136.85,140.1,6514864
2022-07-28 00:00:00+05:30,138.85,142.05,138.85,140.7,6933530
2022-07-29 00:00:00+05:30,141.2,143.15,140.4,142.7,9605766
2022-08-01 00:00:00+05:30,143.05,144.95,141.55,144.5,6221584
2022-08-02 00:00:00+05:30,145.1,147.9,143.65,144.95,7663472
2022-08-03 00:00:00+05:30,144.95,146.0,142.7,144.35,4079330
2022-08-04 00:00:00+05:30,145.8,146.15,142.4,144.4,5023836
2022-08-05 00:00:00+05:30,144.9,145.9,143.6,145.55,5115246
2022-08-08 00:00:00+05:30,142.35,142.55,138.05,140.55,18945812
2022-08-10 00:00:00+05:30,141.35,142.65,140.7,141.8,5743378
2022-08-11 00:00:00+05:30,142.55,143.35,141.3,141.85,3377190
2022-08-12 00:00:00+05:30,141.85,144.6,141.55,144.35,5285940
2022-08-16 00:00:00+05:30,144.6,150.55,143.95,149.9,10721280
2022-08-17 00:00:00+05:30,150.7,154.2,150.45,153.25,14146800
2022-08-18 00:00:00+05:30,153.45,153.45,149.65,150.45,7118970
2022-08-19 00:00:00+05:30,148.3,148.65,145.85,146.35,7463376
2022-08-22 00:00:00+05:30,145.9,146.0,143.45,144.2,4227956
2022-08-23 00:00:00+05:30,143.05,144.9,142.85,144.25,3118316
2022-08-24 00:00:00+05:30,143.95,144.5,141.65,142.4,5188148
2022-08-25 00:00:00+05:30,142.55,144.9,141.8,142.45,6420988
2022-08-26 00:00:00+05:30,144.35,144.35,141.8,142.15,4127464
2022-08-29 00:00:00+05:30,140.3,141.5,139.3,140.8,3250026
2022-08-30 00:00:00+05:30,140.8,142.5,140.8,141.95,6339262
2022-09-01 00:00:00+05:30,140.5,143.95,139.9,143.25,6741662
2022-09-02 00:00:00+05:30,143.7,144.45,138.2,138.9,9679250
2022-09-05 00:00:00+05:30,138.9,140.35,138.55,140.2,4784578
2022-09-06 00:00:00+05:30,140.7,140.9,138.45,139.9,5099528
2022-09-07 00:00:00+05:30,139.5,141.65,138.85,141.1,5529460
2022-09-08 00:00:00+05:30,142.55,147.6,142.4,147.1,17335416
2022-09-09 00:00:00+05:30,147.9,147.9,145.35,146.45,6934262
2022-09-12 00:00:00+05:30,146.45,149.45,146.35,148.35,5406378
2022-09-13 00:00:00+05:30,148.55,149.75,147.2,147.65,10351084
2022-09-14 00:00:00+05:30,145.2,147.6,145.05,145.45,6863114
2022-09-15 00:00:00+05:30,145.75,146.7,142.75,143.25,4993238
2022-09-16 00:00:00+05:30,143.25,143.35,138.05,138.6,11937446
2022-09-19 00:00:00+05:30,139.3,140.15,137.5,138.4,5473706
2022-09-20 00:00:00+05:30,139.1,141.15,138.85,139.25,5591400
2022-09-21 00:00:00+05:30,139.55,139.8,137.15,137.95,4507332
2022-09-22 00:00:00+05:30,137.5,137.95,134.8,136.05,5353540
2022-09-23 00:00:00+05:30,135.9,136.5,133.8,134.3,5516760
2022-09-26 00:00:00+05:30,134.3,136.1,130.1,131.0,10934478
2022-09-27 00:00:00+05:30,131.95,134.3,131.2,133.65,6266672
2022-09-28 00:00:00+05:30,133.35,133.35,131.15,131.55,4451088
2022-09-29 00:00:00+05:30,132.2,132.8,129.9,130.15,6532502
2022-09-30 00:00:00+05:30,130.35,132.85,129.1,130.95,11182546
2022-10-03 00:00:00+05:30,131.7,133.9,130.95,132.8,7084402
2022-10-04 00:00:00+05:30,133.8,135.3,133.45,134.0,4266520
2022-10-06 00:00:00+05:30,134.7,135.55,133.05,134.35,6973606
2022-10-07 00:00:00+05:30,133.45,133.75,131.6,132.1,6436838
2022-10-10 00:00:00+05:30,131.55,131.8,129.7,130.85,4731232
2022-10-11 00:00:00+05:30,131.6,131.6,128.4,128.6,5305338
2022-10-12 00:00:00+05:30,129.2,133.0,128.45,129.9,14791710
2022-10-13 00:00:00+05:30,130.55,131.15,128.5,128.85,6058154
2022-10-14 00:00:00+05:30,130.1,131.05,127.35,127.7,5155460
2022-10-17 00:00:00+05:30,127.75,128.45,124.9,127.15,5344642
2022-10-18 00:00:00+05:30,127.8,127.95,125.95,126.8,6574926
2022-10-19 00:00:00+05:30,127.4,128.3,124.95,125.1,6029504
2022-10-20 00:00:00+05:30,125.05,128.3,123.2,127.35,10261122
2022-10-21 00:00:00+05:30,128.1,129.0,127.5,128.0,4378164
2022-10-24 00:00:00+05:30,128.7,129.6,128.55,129.1,785990
2022-10-25 00:00:00+05:30,129.55,131.05,127.5,129.95,5684662
2022-10-27 00:00:00+05:30,129.95,131.8,129.95,131.35,6769606
2022-10-28 00:00:00+05:30,131.75,132.65,129.7,130.2,4980844
2022-10-31 00:00:00+05:30,130.95,131.55,129.4,130.35,8168120
2022-11-01 00:00:00+05:30,130.35,131.45,129.75,130.75,6729148
2022-11-02 00:00:00+05:30,130.8,131.5,130.3,131.15,4907332
2022-11-03 00:00:00+05:30,131.15,132.25,130.3,131.1,4588148
2022-11-04 00:00:00+05:30,131.35,131.35,128.2,129.4,7678230
2022-11-07 00:00:00+05:30,129.9,133.45,129.65,133.25,7732442
2022-11-09 00:00:00+05:30,133.85,134.2,131.55,131.9,5580594
2022-11-10 00:00:00+05:30,131.55,132.4,130.65,131.3,2795742
2022-11-11 00:00:00+05:30,131.95,133.65,131.25,132.85,4580064
2022-11-14 00:00:00+05:30,133.1,133.35,131.95,132.2,2600014
2022-11-15 00:00:00+05:30,132.3,133.15,131.4,132.85,4035358
2022-11-16 00:00:00+05:30,132.85,133.2,131.45,131.7,2926810
2022-11-17 00:00:00+05:30,131.95,132.3,130.85,131.15,3816246
2022-11-18 00:00:00+05:30,131.9,131.9,129.85,130.6,4065720
2022-11-21 00:00:00+05:30,131.35,133.8,130.7,133.5,7671706
2022-11-22 00:00:00+05:30,133.45,134.0,131.45,131.9,7471030
2022-11-23 00:00:00+05:30,131.6,133.7,131.6,133.45,5713460
2022-11-24 00:00:00+05:30,134.0,138.9,133.65,138.45,16914922
2022-11-25 00:00:00+05:30,138.45,140.8,136.3,140.0,8593556
2022-11-28 00:00:00+05:30,141.2,148.05,141.2,147.6,26418498
2022-11-29 00:00:00+05:30,147.9,148.3,145.45,146.7,10055668
2022-11-30 00:00:00+05:30,146.7,148.95,145.25,147.75,10029732
2022-12-01 00:00:00+05:30,148.1,148.95,145.85,146.5,4289334
2022-12-02 00:00:00+05:30,146.95,148.75,146.4,147.7,5595618
2022-12-05 00:00:00+05:30,147.65,148.0,146.0,146.4,4976546
2022-12-06 00:00:00+05:30,147.15,147.7,141.7,141.95,10051146
2022-12-07 00:00:00+05:30,142.95,145.85,142.8,144.6,14328596
2022-12-08 00:00:00+05:30,145.75,145.95,143.75,145.25,5220452
2022-12-09 00:00:00+05:30,147.2,147.2,144.8,146.4,10392346
2022-12-12 00:00:00+05:30,146.25,151.7,144.7,151.3,13477930
2022-12-13 00:00:00+05:30,151.3,151.3,149.5,150.05,7750970
2022-12-14 00:00:00+05:30,150.3,152.2,149.8,151.2,9635850
2022-12-15 00:00:00+05:30,151.2,152.45,149.95,151.4,5908812
2022-12-16 00:00:00+05:30,151.4,152.3,147.6,148.0,9481326
2022-12-19 00:00:00+05:30,148.3,149.05,145.2,147.8,5444230
2022-12-20 00:00:00+05:30,147.9,148.15,144.5,147.3,5614312
2022-12-21 00:00:00+05:30,147.65,148.55,143.55,144.45,5170900
2022-12-22 00:00:00+05:30,144.4,145.3,140.15,141.6,6135896
2022-12-23 00:00:00+05:30,140.3,142.05,139.0,140.35,5802076
2022-12-26 00:00:00+05:30,139.3,141.85,139.0,140.35,3377562
2022-12-27 00:00:00+05:30,140.5,141.8,139.15,140.7,2819074
2022-12-28 00:00:00+05:30,140.7,141.0,139.0,139.85,9481554
2022-12-29 00:00:00+05:30,139.85,141.65,138.05,141.3,6195112
2022-12-30 00:00:00+05:30,141.65,143.95,141.45,142.8,4199128
2023-01-02 00:00:00+05:30,142.55,144.75,141.45,144.3,4405586
2023-01-03 00:00:00+05:30,144.3,146.25,143.35,145.75,5264652
2023-01-04 00:00:00+05:30,146.5,147.6,144.5,145.5,5848474
2023-01-05 00:00:00+05:30,145.85,148.55,145.15,148.3,7428290
2023-01-06 00:00:00+05:30,148.1,150.25,147.3,149.4,7364410
2023-01-09 00:00:00+05:30,150.8,151.5,149.5,150.35,4519436
2023-01-10 00:00:00+05:30,150.9,151.3,148.65,150.65,4762962
2023-01-11 00:00:00+05:30,151.2,155.45,149.85,152.95,14348024
2023-01-12 00:00:00+05:30,153.65,153.65,148.75,149.45,5863672
2023-01-13 00:00:00+05:30,149.65,152.4,148.1,151.85,5433700
2023-01-16 00:00:00+05:30,152.75,152.9,149.1,151.3,5698298
2023-01-17 00:00:00+05:30,152.15,152.45,149.65,151.05,3477566
2023-01-18 00:00:00+05:30,151.2,151.45,148.5,149.95,4099580
2023-01-19 00:00:00+05:30,149.95,151.75,149.05,151.6,3279112
2023-01-20 00:00:00+05:30,151.4,152.3,149.75,150.15,3993550
2023-01-23 00:00:00+05:30,150.45,151.8,149.95,151.6,3362750
2023-01-24 00:00:00+05:30,151.8,152.9,150.8,151.3,4752342
2023-01-25 00:00:00+05:30,151.15,152.05,149.8,150.35,3866394
2023-01-27 00:00:00+05:30,150.4,151.6,143.3,145.65,5251902
2023-01-30 00:00:00+05:30,145.8,146.8,143.65,144.95,6395210
2023-01-31 00:00:00+05:30,148.55,152.5,147.75,148.65,17988324
2023-02-01 00:00:00+05:30,148.65,149.4,142.55,144.75,8358226
2023-02-02 00:00:00+05:30,144.65,145.35,142.35,143.6,9029328
2023-02-03 00:00:00+05:30,143.5,143.85,139.0,141.05,5653818
2023-02-06 00:00:00+05:30,139.8,144.7,139.8,144.3,6611800
2023-02-07 00:00:00+05:30,144.4,145.45,143.35,143.6,3480708
2023-02-08 00:00:00+05:30,143.45,145.25,142.1,144.5,2499180
2023-02-09 00:00:00+05:30,143.55,146.1,143.25,144.25,4275406
2023-02-10 00:00:00+05:30,144.45,145.25,143.35,144.4,2551682
2023-02-13 00:00:00+05:30,144.4,146.1,143.5,144.85,3587566
2023-02-14 00:00:00+05:30,143.95,144.8,142.8,143.15,2385346
2023-02-15 00:00:00+05:30,143.15,143.75,141.9,143.15,3529300
2023-02-16 00:00:00+05:30,143.15,144.05,139.7,140.6,7507670
2023-02-17 00:00:00+05:30,140.6,143.95,140.55,143.4,6702378
2023-02-20 00:00:00+05:30,143.85,144.15,140.7,140.8,3546252
2023-02-21 00:00:00+05:30,141.2,141.95,139.0,139.4,2962498
2023-02-22 00:00:00+05:30,139.05,139.3,136.2,138.15,8178548
2023-02-23 00:00:00+05:30,138.9,139.6,137.05,138.25,5490782
2023-02-24 00:00:00+05:30,138.35,139.0,136.4,136.85,3794754
2023-02-27 00:00:00+05:30,137.15,138.55,135.45,138.15,3962002
2023-02-28 00:00:00+05:30,136.7,138.75,135.2,136.75,7852658
2023-03-01 00:00:00+05:30,136.5,138.45,135.95,136.05,6991434
2023-03-02 00:00:00+05:30,136.45,138.85,135.4,138.45,6768720
2023-03-03 00:00:00+05:30,139.15,139.75,138.05,138.65,4226202
2023-03-06 00:00:00+05:30,139.0,140.95,138.55,140.1,3629924
2023-03-08 00:00:00+05:30,139.8,141.35,139.2,140.75,4785062
2023-03-09 00:00:00+05:30,140.75,141.15,139.6,140.2,3895532
2023-03-10 00:00:00+05:30,140.3,141.6,138.25,140.7,3517038
2023-03-13 00:00:00+05:30,140.7,141.0,138.55,139.1,3910894
2023-03-14 00:00:00+05:30,139.9,142.05,138.85,140.8,5894652
2023-03-15 00:00:00+05:30,142.1,144.15,141.35,142.7,5511946
2023-03-16 00:00:00+05:30,144.9,153.05,144.5,152.25,36574630
2023-03-17 00:00:00+05:30,152.3,154.1,149.65,152.45,23389012
2023-03-20 00:00:00+05:30,154.0,156.85,152.05,156.25,18492346
2023-03-21 00:00:00+05:30,156.5,157.15,154.5,155.75,10250562
2023-03-22 00:00:00+05:30,155.6,155.95,152.2,152.65,11934054
2023-03-23 00:00:00+05:30,151.8,152.55,150.7,151.05,5146176
2023-03-24 00:00:00+05:30,150.85,151.7,149.05,149.65,5875488
2023-03-27 00:00:00+05:30,149.1,150.4,148.4,149.4,4245926
2023-03-28 00:00:00+05:30,148.1,148.5,145.05,147.1,6854316
2023-03-29 00:00:00+05:30,147.2,148.3,145.5,147.1,5971840
2023-03-31 00:00:00+05:30,149.4,150.15,147.65,149.2,10137510
2023-04-03 00:00:00+05:30,146.25,146.25,142.2,142.55,18864744
2023-04-05 00:00:00+05:30,143.5,143.9,141.2,141.65,8249158
2023-04-06 00:00:00+05:30,142.25,144.15,142.1,143.5,4767830
2023-04-10 00:00:00+05:30,143.5,145.75,143.35,145.25,4930618
2023-04-11 00:00:00+05:30,145.45,146.95,144.95,146.75,2729894
2023-04-12 00:00:00+05:30,146.75,146.8,144.95,145.95,4260174
2023-04-13 00:00:00+05:30,146.65,146.65,142.85,143.6,8347294
2023-04-17 00:00:00+05:30,143.6,145.35,142.7,145.2,2905562
2023-04-18 00:00:00+05:30,145.2,146.25,143.85,144.8,5806422
2023-04-19 00:00:00+05:30,144.9,148.7,144.25,148.1,9852864
2023-04-20 00:00:00+05:30,149.05,149.45,147.85,148.9,4865018
2023-04-21 00:00:00+05:30,148.95,151.25,148.35,150.05,6552688
2023-04-24 00:00:00+05:30,150.05,150.8,148.45,150.55,4245824
2023-04-25 00:00:00+05:30,149.55,151.15,149.55,150.7,3084392
2023-04-26 00:00:00+05:30,150.35,151.55,149.5,151.3,2639794
2023-04-27 00:00:00+05:30,151.8,154.8,151.2,154.4,7271052
2023-04-28 00:00:00+05:30,154.6,155.6,152.9,155.35,6742936
2023-05-02 00:00:00+05:30,155.6,158.65,155.45,156.9,6425960
2023-05-03 00:00:00+05:30,157.9,160.0,156.35,156.8,8712958
2023-05-04 00:00:00+05:30,158.15,160.65,156.95,160.25,8282286
2023-05-05 00:00:00+05:30,159.75,160.85,158.25,158.9,3300230
2023-05-08 00:00:00+05:30,158.9,160.4,157.55,159.95,2400728
2023-05-09 00:00:00+05:30,159.1,161.05,158.55,159.7,4179678
2023-05-10 00:00:00+05:30,160.05,162.4,158.9,162.05,5561956
2023-05-11 00:00:00+05:30,162.5,163.3,161.7,162.25,3387368
2023-05-12 00:00:00+05:30,161.9,161.9,155.95,157.3,7791814
2023-05-15 00:00:00+05:30,157.35,158.15,154.75,155.05,4809530
2023-05-16 00:00:00+05:30,155.55,159.35,155.05,157.5,7572742
2023-05-17 00:00:00+05:30,159.6,160.8,158.25,158.6,7759756
2023-05-18 00:00:00+05:30,159.2,159.2,156.45,156.75,3426890
2023-05-19 00:00:00+05:30,156.45,157.6,155.35,156.55,2315526
2023-05-22 00:00:00+05:30,157.35,157.7,155.75,157.15,3206888
2023-05-23 00:00:00+05:30,159.7,161.5,158.7,159.5,11943178
2023-05-24 00:00:00+05:30,159.5,160.6,157.25,157.95,3750960
2023-05-25 00:00:00+05:30,157.8,158.3,156.6,157.95,3352570
2023-05-26 00:00:00+05:30,158.7,159.7,157.85,158.35,2185592
2023-05-29 00:00:00+05:30,158.35,159.85,156.85,157.2,2341038
2023-05-30 00:00:00+05:30,157.8,158.25,156.4,156.6,2722688
2023-05-31 00:00:00+05:30,156.6,159.4,156.5,158.05,23214480
2023-06-01 00:00:00+05:30,158.85,160.5,158.3,158.5,3537282
2023-06-02 00:00:00+05:30,158.5,159.6,156.0,156.4,6932474
2023-06-05 00:00:00+05:30,156.45,157.35,154.1,154.95,5858136
2023-06-06 00:00:00+05:30,155.05,155.95,153.9,154.65,4213074
2023-06-07 00:00:00+05:30,155.05,160.8,154.95,160.1,12830856
2023-06-08 00:00:00+05:30,159.9,159.9,156.55,156.9,7164382
2023-06-09 00:00:00+05:30,156.9,158.25,155.85,156.15,3085970
2023-06-12 00:00:00+05:30,156.65,162.2,156.5,161.75,9434298
2023-06-13 00:00:00+05:30,163.1,164.25,162.15,162.7,7974634
2023-06-14 00:00:00+05:30,162.65,164.95,161.45,162.7,6714368
2023-06-15 00:00:00+05:30,163.35,165.8,162.4,165.1,12210880
2023-06-16 00:00:00+05:30,164.3,165.05,163.05,164.2,4278588
2023-06-19 00:00:00+05:30,164.3,165.05,162.95,163.25,3034770
2023-06-20 00:00:00+05:30,163.35,163.35,161.7,162.15,2415876
2023-06-21 00:00:00+05:30,162.15,163.25,161.65,162.35,2680298
2023-06-22 00:00:00+05:30,161.65,165.05,161.6,162.6,4024128
2023-06-23 00:00:00+05:30,161.15,161.5,155.6,156.25,10934896
2023-06-26 00:00:00+05:30,157.25,157.7,154.4,155.6,5281280
2023-06-27 00:00:00+05:30,156.85,158.15,155.45,156.6,6784532
2023-06-28 00:00:00+05:30,156.7,159.6,156.05,158.9,7166772
2023-06-30 00:00:00+05:30,159.1,160.45,156.95,158.55,8391660
2023-07-03 00:00:00+05:30,158.8,165.65,158.0,163.45,12429962
2023-07-04 00:00:00+05:30,163.45,164.9,162.5,164.1,5390328
2023-07-05 00:00:00+05:30,164.1,168.9,163.35,168.7,12565366
2023-07-06 00:00:00+05:30,168.7,173.6,167.95,171.75,13080534
2023-07-07 00:00:00+05:30,171.7,173.9,169.95,171.0,6527978
2023-07-10 00:00:00+05:30,171.2,171.7,167.5,168.55,7264538
2023-07-11 00:00:00+05:30,169.35,171.1,168.15,170.65,6249314
2023-07-12 00:00:00+05:30,170.45,171.6,167.95,168.55,3379704
2023-07-13 00:00:00+05:30,168.7,169.15,165.0,165.45,4556112
2023-07-14 00:00:00+05:30,165.65,166.5,163.6,165.45,6358916
2023-07-17 00:00:00+05:30,165.65,167.35,165.15,166.5,3944706
2023-07-18 00:00:00+05:30,167.45,169.2,164.9,165.15,4545860
2023-07-19 00:00:00+05:30,165.65,168.2,165.0,167.75,4894862
2023-07-20 00:00:00+05:30,168.45,169.85,167.1,169.35,5790108
2023-07-21 00:00:00+05:30,169.35,171.7,168.45,170.5,4677570
2023-07-24 00:00:00+05:30,170.4,171.15,169.15,170.1,2997768
2023-07-25 00:00:00+05:30,169.25,170.65,167.6,168.6,4256186
2023-07-26 00:00:00+05:30,169.3,172.55,167.35,168.95,12787834
2023-07-27 00:00:00+05:30,170.25,171.0,157.9,165.25,16459384
2023-07-28 00:00:00+05:30,165.55,165.55,162.0,162.6,7259444
2023-07-31 00:00:00+05:30,162.75,164.9,161.75,164.5,10035348
2023-08-01 00:00:00+05:30,164.5,165.55,162.95,164.5,9122844
2023-08-02 00:00:00+05:30,164.65,165.05,159.9,160.6,9528240
2023-08-03 00:00:00+05:30,160.75,161.85,158.35,160.05,6404888
2023-08-04 00:00:00+05:30,160.15,161.4,156.4,156.6,6557502
2023-08-07 00:00:00+05:30,157.8,158.0,155.5,156.7,4002256
2023-08-08 00:00:00+05:30,157.6,158.15,154.75,155.35,6307980
2023-08-09 00:00:00+05:30,156.4,157.2,155.45,156.6,6443716
2023-08-10 00:00:00+05:30,157.25,158.7,156.25,157.65,8137376
2023-08-11 00:00:00+05:30,156.1,157.1,155.0,155.35,5578802
2023-08-14 00:00:00+05:30,155.45,155.9,152.4,154.85,5111068
2023-08-16 00:00:00+05:30,154.95,157.1,153.75,155.4,3864088
2023-08-17 00:00:00+05:30,155.95,156.55,153.85,155.05,4778606
2023-08-18 00:00:00+05:30,155.05,155.65,152.75,153.1,4777304
2023-08-21 00:00:00+05:30,153.1,154.05,152.1,152.75,5180764
2023-08-22 00:00:00+05:30,152.8,153.95,150.2,150.4,8015338
2023-08-23 00:00:00+05:30,151.4,151.5,149.15,149.4,6414210
2023-08-24 00:00:00+05:30,150.65,153.05,150.05,152.4,8741756
2023-08-25 00:00:00+05:30,152.4,153.75,151.3,151.9,5113762
2023-08-28 00:00:00+05:30,154.2,155.4,152.9,154.25,10985570
2023-08-29 00:00:00+05:30,154.6,155.75,154.0,154.95,6253738
2023-08-30 00:00:00+05:30,153.25,154.0,151.9,152.75,9709432
2023-08-31 00:00:00+05:30,152.3,152.75,146.75,147.5,13575650
2023-09-01 00:00:00+05:30,147.65,149.4,147.5,149.15,9980752
2023-09-04 00:00:00+05:30,149.35,151.2,148.45,149.4,6898572
2023-09-05 00:00:00+05:30,149.9,153.0,149.55,151.9,8363178
2023-09-06 00:00:00+05:30,151.8,153.55,150.9,153.25,6751054
2023-09-07 00:00:00+05:30,153.65,154.65,153.25,153.9,7249346
2023-09-08 00:00:00+05:30,154.0,158.45,153.65,157.35,10344130
2023-09-11 00:00:00+05:30,158.8,160.45,156.75,158.15,10452850
2023-09-12 00:00:00+05:30,158.7,158.95,150.45,151.05,18168222
2023-09-13 00:00:00+05:30,152.1,154.65,150.55,154.4,9713718
2023-09-14 00:00:00+05:30,155.45,157.45,154.65,155.85,10116738
2023-09-15 00:00:00+05:30,155.45,155.75,152.4,152.85,12383408
2023-09-18 00:00:00+05:30,152.85,156.9,152.1,156.6,10007488
2023-09-20 00:00:00+05:30,153.65,154.95,152.4,153.0,18292152
2023-09-21 00:00:00+05:30,153.15,155.7,152.65,154.2,9879542
2023-09-22 00:00:00+05:30,154.35,155.3,152.45,152.75,3982102
2023-09-25 00:00:00+05:30,153.35,153.4,150.9,152.7,4959752
2023-09-26 00:00:00+05:30,152.7,154.0,152.25,152.55,3788360
2023-09-27 00:00:00+05:30,152.55,153.25,150.25,151.3,5969046
2023-09-28 00:00:00+05:30,150.45,151.8,148.1,149.05,9701978
2023-09-29 00:00:00+05:30,149.85,150.95,149.45,150.25,2669870
2023-10-03 00:00:00+05:30,151.1,151.4,147.6,147.85,10514554
2023-10-04 00:00:00+05:30,147.85,149.45,147.0,147.85,6049760
2023-10-05 00:00:00+05:30,149.7,150.8,148.45,149.25,7115506
2023-10-06 00:00:00+05:30,149.45,151.3,149.05,150.55,3717076
2023-10-09 00:00:00+05:30,147.65,147.9,145.45,147.2,8740080
2023-10-10 00:00:00+05:30,147.2,148.35,146.8,147.4,3572978
2023-10-11 00:00:00+05:30,148.2,149.6,147.9,148.35,4799512
2023-10-12 00:00:00+05:30,149.4,152.0,149.05,151.15,7703802
2023-10-13 00:00:00+05:30,150.5,152.1,150.45,150.75,3981804
2023-10-16 00:00:00+05:30,149.45,151.05,148.1,150.55,3262470
2023-10-17 00:00:00+05:30,151.25,155.35,150.3,153.95,10443728
2023-10-18 00:00:00+05:30,154.1,154.8,151.2,151.9,9162228
2023-10-19 00:00:00+05:30,151.55,153.9,151.4,153.5,5743188
2023-10-20 00:00:00+05:30,152.1,153.05,149.35,150.15,4400690
2023-10-23 00:00:00+05:30,149.75,150.6,147.9,148.45,7813800
2023-10-25 00:00:00+05:30,148.35,150.2,146.45,147.2,5429774
2023-10-26 00:00:00+05:30,146.05,146.7,143.25,144.9,7743878
2023-10-27 00:00:00+05:30,144.9,146.35,144.4,144.9,2996088
2023-10-30 00:00:00+05:30,146.25,151.25,145.9,150.4,21873188
2023-10-31 00:00:00+05:30,151.05,153.65,149.35,151.4,10673186
2023-11-01 00:00:00+05:30,152.1,155.85,152.1,155.0,13929780
2023-11-02 00:00:00+05:30,156.85,157.35,155.15,156.7,10130432
2023-11-03 00:00:00+05:30,156.95,158.15,156.5,157.1,5627900
2023-11-06 00:00:00+05:30,157.7,160.65,157.05,159.3,9072020
2023-11-07 00:00:00+05:30,159.6,162.7,159.3,162.35,10702176
2023-11-08 00:00:00+05:30,163.5,169.3,162.85,167.55,24020912
2023-11-09 00:00:00+05:30,168.0,170.5,166.95,167.25,12843896
2023-11-10 00:00:00+05:30,166.5,168.5,165.85,167.45,4932486
2023-11-12 00:00:00+05:30,167.95,169.35,167.1,167.5,776810
2023-11-13 00:00:00+05:30,167.2,169.65,167.2,168.9,4838906
2023-11-15 00:00:00+05:30,169.35,171.8,168.95,171.5,11266250
2023-11-16 00:00:00+05:30,172.1,175.5,171.7,174.2,15416172
2023-11-17 00:00:00+05:30,174.85,178.15,169.9,170.35,16380696
2023-11-20 00:00:00+05:30,170.5,171.8,169.05,171.2,4506882
2023-11-21 00:00:00+05:30,171.2,171.7,168.7,169.35,4477214
2023-11-22 00:00:00+05:30,171.2,176.15,170.75,175.85,25730664
2023-11-23 00:00:00+05:30,176.5,181.05,175.15,180.1,16239092
2023-11-24 00:00:00+05:30,180.85,180.85,178.1,179.75,10975546
2023-11-28 00:00:00+05:30,181.3,186.8,180.9,186.15,23186856
2023-11-29 00:00:00+05:30,186.85,190.75,183.5,188.05,25208812
2023-11-30 00:00:00+05:30,190.8,192.75,188.2,191.35,32721308
2023-12-01 00:00:00+05:30,193.3,194.45,190.3,192.45,19278842
2023-12-04 00:00:00+05:30,195.6,204.75,195.15,203.25,41482794
2023-12-05 00:00:00+05:30,207.15,210.15,204.85,208.2,38376064
2023-12-06 00:00:00+05:30,212.25,212.95,206.4,208.5,27408826
2023-12-07 00:00:00+05:30,210.4,211.35,207.85,209.3,23850564
2023-12-08 00:00:00+05:30,210.35,210.55,205.25,207.35,18940478
2023-12-11 00:00:00+05:30,209.35,209.35,201.0,205.1,27693108
2023-12-12 00:00:00+05:30,205.55,208.3,205.55,206.55,19940320
2023-12-13 00:00:00+05:30,207.35,209.65,205.8,206.5,26664018
2023-12-14 00:00:00+05:30,207.6,207.6,203.95,205.65,12555568
2023-12-15 00:00:00+05:30,205.3,209.15,204.05,207.15,22079148
2023-12-18 00:00:00+05:30,207.15,207.7,204.9,206.35,16831064
2023-12-19 00:00:00+05:30,206.35,208.35,205.3,207.5,12644672
2023-12-20 00:00:00+05:30,209.15,210.15,202.25,202.75,17347978
2023-12-21 00:00:00+05:30,200.65,207.8,199.55,207.4,18554414
2023-12-22 00:00:00+05:30,207.45,209.15,205.3,206.05,11559264
2023-12-26 00:00:00+05:30,206.75,210.6,205.1,208.4,22976450
2023-12-27 00:00:00+05:30,209.45,210.55,206.85,209.8,12398088
2023-12-28 00:00:00+05:30,210.4,217.25,209.85,214.9,45183336
2023-12-29 00:00:00+05:30,209.7,211.35,207.0,207.9,17088440
2024-01-01 00:00:00+05:30,211.95,211.95,207.95,208.6,7006288
2024-01-02 00:00:00+05:30,208.6,211.95,206.75,210.5,9458818
2024-01-03 00:00:00+05:30,212.25,214.7,209.95,212.7,15058884
2024-01-04 00:00:00+05:30,210.75,211.1,208.1,208.85,17904916
2024-01-05 00:00:00+05:30,210.35,212.05,208.2,209.05,8080468
2024-01-08 00:00:00+05:30,210.85,214.2,208.3,209.95,18232610
2024-01-09 00:00:00+05:30,212.25,214.0,210.25,212.25,12301290
2024-01-10 00:00:00+05:30,210.05,210.5,205.35,208.2,15261992
2024-01-11 00:00:00+05:30,209.4,212.8,209.05,211.65,15751252
2024-01-12 00:00:00+05:30,211.8,212.75,210.0,211.4,11990812
2024-01-15 00:00:00+05:30,212.25,213.85,210.25,212.25,10408382
2024-01-16 00:00:00+05:30,212.7,221.35,212.45,218.15,42369500
2024-01-17 00:00:00+05:30,217.8,220.2,215.1,217.6,22429284
2024-01-18 00:00:00+05:30,215.5,221.9,212.7,218.35,19802302
2024-01-19 00:00:00+05:30,219.6,223.75,218.7,221.95,12973856
2024-01-20 00:00:00+05:30,223.3,224.25,221.45,222.9,7622276
2024-01-23 00:00:00+05:30,225.4,225.4,212.3,213.65,18419550
2024-01-24 00:00:00+05:30,214.55,220.8,213.8,220.2,15161312
2024-01-25 00:00:00+05:30,220.2,225.35,217.35,218.9,21346674
2024-01-29 00:00:00+05:30,218.7,231.35,216.55,227.3,27869484
2024-01-30 00:00:00+05:30,229.25,238.9,227.6,232.65,44271876
2024-01-31 00:00:00+05:30,233.45,236.55,230.05,231.8,20707736
2024-02-01 00:00:00+05:30,232.8,237.75,230.25,234.6,14008198
2024-02-02 00:00:00+05:30,238.7,264.1,238.1,257.7,77556082
2024-02-05 00:00:00+05:30,261.15,271.7,257.0,265.2,45025890
2024-02-06 00:00:00+05:30,267.6,283.65,263.3,281.15,45260656
2024-02-07 00:00:00+05:30,284.6,286.1,276.55,277.75,28791718
2024-02-08 00:00:00+05:30,280.5,293.2,279.8,286.25,37522588
2024-02-09 00:00:00+05:30,287.45,287.75,273.3,283.45,29524266
2024-02-12 00:00:00+05:30,283.7,285.45,269.4,272.4,17042236
2024-02-13 00:00:00+05:30,273.15,275.25,267.8,269.65,12659942
2024-02-14 00:00:00+05:30,268.5,290.45,268.5,287.7,47987362
2024-02-15 00:00:00+05:30,290.7,303.15,287.5,301.2,51245018
2024-02-16 00:00:00+05:30,307.25,317.4,300.8,302.05,55744810
2024-02-19 00:00:00+05:30,304.5,307.6,300.25,301.1,24997270
2024-02-20 00:00:00+05:30,301.1,306.4,294.0,303.4,20913510
2024-02-21 00:00:00+05:30,306.2,308.15,290.7,292.15,17722264
2024-02-22 00:00:00+05:30,290.25,291.0,281.8,288.8,27653580
2024-02-23 00:00:00+05:30,287.0,290.5,283.85,285.15,12564690
2024-02-26 00:00:00+05:30,284.65,292.35,278.75,289.35,23264196
2024-02-27 00:00:00+05:30,289.3,291.95,284.35,288.4,14881202
2024-02-28 00:00:00+05:30,288.3,288.65,279.65,281.15,12645922
2024-02-29 00:00:00+05:30,281.0,282.25,274.3,278.65,20515464
2024-03-01 00:00:00+05:30,281.9,289.35,281.0,287.6,15763236
2024-03-02 00:00:00+05:30,288.4,290.7,285.35,288.5,625526
2024-03-04 00:00:00+05:30,288.5,296.75,286.4,295.5,14804172
2024-03-05 00:00:00+05:30,295.75,299.65,291.65,297.7,12317936
2024-03-06 00:00:00+05:30,296.65,301.3,288.5,294.55,18258188
2024-03-07 00:00:00+05:30,293.9,295.85,287.0,288.25,11968574
2024-03-11 00:00:00+05:30,284.65,294.7,282.35,289.05,15353008
2024-03-12 00:00:00+05:30,289.25,293.2,284.5,288.55,14074364
2024-03-13 00:00:00+05:30,289.75,289.75,274.2,275.8,14910184
2024-03-14 00:00:00+05:30,275.8,283.3,273.35,280.9,19372474
2024-03-15 00:00:00+05:30,271.4,276.85,257.9,270.55,57039318
2024-03-18 00:00:00+05:30,270.55,273.5,267.75,268.65,10980494
2024-03-19 00:00:00+05:30,267.6,268.0,256.7,257.35,21665634
2024-03-20 00:00:00+05:30,258.85,264.1,258.5,261.4,17528566
2024-03-21 00:00:00+05:30,264.85,272.1,264.2,271.25,16625332
2024-03-22 00:00:00+05:30,271.75,278.85,269.8,273.5,21445540
2024-03-26 00:00:00+05:30,270.55,278.65,270.05,276.8,13567050
2024-03-27 00:00:00+05:30,279.15,282.25,273.75,274.6,10893576
2024-03-28 00:00:00+05:30,277.2,282.0,275.75,277.95,12168632
2024-04-01 00:00:00+05:30,278.25,281.0,276.0,277.15,6260114
2024-04-02 00:00:00+05:30,279.15,286.15,276.85,284.1,18944588
2024-04-03 00:00:00+05:30,282.85,285.8,280.9,281.9,12456516
2024-04-04 00:00:00+05:30,283.3,284.25,274.7,276.15,15187270
2024-04-05 00:00:00+05:30,273.9,274.25,267.7,272.4,17546990
2024-04-08 00:00:00+05:30,275.0,278.55,272.5,273.15,11628512
2024-04-09 00:00:00+05:30,275.55,275.55,269.25,270.25,9089852
2024-04-10 00:00:00+05:30,271.9,280.85,269.9,279.05,22286674
2024-04-12 00:00:00+05:30,279.05,282.75,276.4,277.35,13419366
2024-04-15 00:00:00+05:30,272.3,276.8,265.05,272.05,16619074
2024-04-16 00:00:00+05:30,269.9,276.85,266.95,273.3,11546770
2024-04-18 00:00:00+05:30,278.9,284.95,270.15,272.05,25834400
2024-04-19 00:00:00+05:30,266.7,272.15,260.35,270.25,20996084
2024-04-22 00:00:00+05:30,274.45,280.9,273.6,278.45,17525618
2024-04-23 00:00:00+05:30,280.65,281.25,273.05,273.6,11440602
2024-04-24 00:00:00+05:30,275.9,276.3,273.15,273.8,9778936
2024-04-25 00:00:00+05:30,273.8,279.5,271.3,278.45,14346756
2024-04-26 00:00:00+05:30,277.9,283.65,276.45,281.2,9905056
2024-04-29 00:00:00+05:30,283.8,288.15,280.2,285.55,15908852
2024-04-30 00:00:00+05:30,287.9,288.2,278.45,280.25,12520696
2024-05-02 00:00:00+05:30,285.15,293.9,283.55,292.8,31766132
2024-05-03 00:00:00+05:30,295.3,296.1,288.45,290.65,8997336
2024-05-06 00:00:00+05:30,293.0,293.1,279.7,281.55,9472036
2024-05-07 00:00:00+05:30,287.25,289.95,277.75,278.8,19902238
2024-05-08 00:00:00+05:30,280.5,288.05,278.45,286.15,13939168
2024-05-09 00:00:00+05:30,288.4,288.4,272.2,273.25,19938848
2024-05-10 00:00:00+05:30,283.8,287.0,277.55,285.45,44164342
2024-05-13 00:00:00+05:30,288.4,288.4,273.05,280.05,22898652
2024-05-14 00:00:00+05:30,282.55,285.0,277.85,279.6,12813314
2024-05-15 00:00:00+05:30,281.0,289.75,280.1,288.4,18835012
2024-05-16 00:00:00+05:30,291.6,292.25,281.9,285.55,26886936
2024-05-17 00:00:00+05:30,285.95,290.5,285.35,289.9,10203386
2024-05-18 00:00:00+05:30,290.25,290.9,289.25,290.25,1036698
2024-05-21 00:00:00+05:30,290.7,299.5,288.4,297.15,21247760
2024-05-22 00:00:00+05:30,299.85,300.2,291.1,295.55,14673810
2024-05-23 00:00:00+05:30,297.65,301.8,295.55,298.7,14982550
2024-05-24 00:00:00+05:30,298.5,306.1,296.05,301.8,16208524
2024-05-27 00:00:00+05:30,303.05,305.35,298.25,302.65,12493582
2024-05-28 00:00:00+05:30,303.6,304.05,296.5,298.25,8950082
2024-05-29 00:00:00+05:30,295.3,296.65,291.8,292.35,10753416
2024-05-30 00:00:00+05:30,292.55,293.8,287.65,288.75,9645688
2024-05-31 00:00:00+05:30,290.7,292.7,284.95,289.65,18484104
2024-06-03 00:00:00+05:30,306.85,317.0,300.7,307.35,33828234
2024-06-04 00:00:00+05:30,309.15,309.15,261.45,267.7,45748526
2024-06-05 00:00:00+05:30,277.75,277.75,246.45,268.15,47388174
2024-06-06 00:00:00+05:30,272.7,280.25,267.7,269.6,37934232
2024-06-07 00:00:00+05:30,269.9,277.75,268.2,276.8,21620630
2024-06-10 00:00:00+05:30,279.25,281.4,276.95,278.05,14828594
2024-06-11 00:00:00+05:30,279.75,282.7,273.9,280.2,27027544
2024-06-12 00:00:00+05:30,286.75,287.8,282.55,283.05,23479388
2024-06-13 00:00:00+05:30,285.65,286.75,283.1,285.8,12050324
2024-06-14 00:00:00+05:30,287.15,290.4,285.25,289.15,14628644
2024-06-18 00:00:00+05:30,293.0,293.0,289.05,291.05,15884950
2024-06-19 00:00:00+05:30,292.65,292.65,283.8,284.1,19648006
2024-06-20 00:00:00+05:30,286.1,290.15,282.75,288.95,18076646
2024-06-21 00:00:00+05:30,293.45,294.4,281.55,283.85,30004484
2024-06-24 00:00:00+05:30,285.8,285.8,279.9,281.7,7557297
2024-06-25 00:00:00+05:30,281.7,282.8,272.05,273.45,15630568
2024-06-26 00:00:00+05:30,275.0,277.6,273.4,275.35,7973173
2024-06-27 00:00:00+05:30,275.75,283.3,273.2,281.35,12487595
2024-06-28 00:00:00+05:30,282.2,282.95,278.3,280.45,9077880
2024-07-01 00:00:00+05:30,282.1,283.2,279.9,281.05,4793023
2024-07-02 00:00:00+05:30,280.5,284.45,278.85,280.9,5553786
2024-07-03 00:00:00+05:30,281.9,283.75,279.6,282.95,4355165
2024-07-04 00:00:00+05:30,282.95,284.65,278.7,279.6,6607472
2024-07-05 00:00:00+05:30,279.6,283.5,278.7,283.0,7684768
2024-07-08 00:00:00+05:30,281.1,284.15,275.75,276.4,11488688
2024-07-09 00:00:00+05:30,278.0,278.8,273.5,277.0,18094862
2024-07-10 00:00:00+05:30,277.55,278.55,270.75,277.15,12134270
2024-07-11 00:00:00+05:30,278.7,284.2,276.5,282.95,19246022
2024-07-12 00:00:00+05:30,285.8,286.95,280.3,281.05,10426157
2024-07-15 00:00:00+05:30,282.35,285.15,280.65,283.95,8687357
2024-07-16 00:00:00+05:30,284.2,294.6,284.2,291.55,28132502
2024-07-18 00:00:00+05:30,293.9,294.4,288.55,293.6,19588548
2024-07-19 00:00:00+05:30,293.6,293.6,278.55,280.35,19823046
2024-07-22 00:00:00+05:30,281.05,292.65,276.95,284.45,27102699
2024-07-23 00:00:00+05:30,287.45,288.2,273.25,282.35,24287234
2024-07-24 00:00:00+05:30,282.75,291.45,281.35,290.65,16934157
2024-07-25 00:00:00+05:30,288.8,301.9,286.8,301.0,30554549
2024-07-26 00:00:00+05:30,302.6,304.0,298.4,303.4,21839106
2024-07-29 00:00:00+05:30,307.65,312.8,305.45,311.85,20234464
2024-07-30 00:00:00+05:30,312.4,331.3,311.3,321.3,45785745
2024-07-31 00:00:00+05:30,324.8,326.75,319.4,323.05,17224023
2024-08-01 00:00:00+05:30,323.9,324.75,318.0,322.15,16959971
2024-08-02 00:00:00+05:30,320.15,323.85,313.8,320.35,15120989
2024-08-05 00:00:00+05:30,315.6,320.2,308.55,315.35,23868328
2024-08-06 00:00:00+05:30,316.55,322.65,307.65,308.85,13702018
2024-08-07 00:00:00+05:30,314.85,320.9,311.4,317.15,14250381
2024-08-08 00:00:00+05:30,317.35,317.35,307.1,312.15,15378854
2024-08-09 00:00:00+05:30,317.25,320.65,314.1,317.5,11351617
2024-08-12 00:00:00+05:30,316.0,320.75,314.45,317.5,12253716
2024-08-13 00:00:00+05:30,316.15,316.9,305.7,306.4,9757429
2024-08-14 00:00:00+05:30,306.4,311.9,305.35,309.55,8457477
2024-08-16 00:00:00+05:30,310.5,317.9,310.5,316.65,8214443
2024-08-19 00:00:00+05:30,321.7,329.1,320.35,327.45,17875728
2024-08-20 00:00:00+05:30,332.35,337.25,330.85,332.8,22888866
2024-08-21 00:00:00+05:30,332.75,338.65,331.55,334.5,14795459
2024-08-22 00:00:00+05:30,337.7,338.15,331.95,333.4,10244576
2024-08-23 00:00:00+05:30,333.1,340.95,332.9,335.4,15872017
2024-08-26 00:00:00+05:30,338.5,338.95,332.4,334.45,6672007
2024-08-27 00:00:00+05:30,331.4,334.05,327.15,332.45,9683173
2024-08-28 00:00:00+05:30,331.9,338.8,330.15,331.55,7295981
2024-08-29 00:00:00+05:30,333.1,340.5,330.6,339.5,13054801
2024-08-30 00:00:00+05:30,342.8,348.1,337.85,340.6,20312502
2024-09-02 00:00:00+05:30,343.8,349.7,340.45,341.4,14344785
2024-09-03 00:00:00+05:30,342.35,342.55,336.65,338.45,9289259
2024-09-04 00:00:00+05:30,338.45,346.65,337.75,340.2,19416507
2024-09-05 00:00:00+05:30,342.35,346.95,338.8,343.5,15927510
2024-09-06 00:00:00+05:30,345.1,347.85,334.35,335.35,19044553
2024-09-09 00:00:00+05:30,335.3,336.7,330.6,331.2,9200270
2024-09-10 00:00:00+05:30,332.4,334.75,328.25,329.45,8137710
2024-09-11 00:00:00+05:30,333.25,336.0,322.4,324.05,12194591
2024-09-12 00:00:00+05:30,327.1,329.7,324.15,327.9,15970391
2024-09-13 00:00:00+05:30,329.5,333.05,325.4,325.95,11006109
2024-09-16 00:00:00+05:30,328.45,328.45,323.8,324.4,4850244
2024-09-17 00:00:00+05:30,323.75,324.6,319.05,322.3,7237522
2024-09-18 00:00:00+05:30,322.85,323.7,318.55,320.1,4111826
2024-09-19 00:00:00+05:30,321.85,321.85,307.55,309.0,12549677
2024-09-20 00:00:00+05:30,310.9,317.2,309.0,315.4,14642546
2024-09-23 00:00:00+05:30,317.15,323.35,315.5,322.0,6110287
2024-09-24 00:00:00+05:30,322.4,326.85,320.65,323.0,7068491
2024-09-25 00:00:00+05:30,324.75,325.55,319.15,323.6,6087353
2024-09-26 00:00:00+05:30,323.8,330.45,319.15,328.65,9517367
2024-09-27 00:00:00+05:30,330.5,352.85,329.85,349.8,40756678
2024-09-30 00:00:00+05:30,349.65,358.1,343.0,352.3,23860696
2024-10-01 00:00:00+05:30,352.35,355.55,346.85,350.7,9440793
2024-10-03 00:00:00+05:30,336.9,344.4,330.5,332.25,20754875
2024-10-04 00:00:00+05:30,326.15,331.35,318.45,324.05,18185208
2024-10-07 00:00:00+05:30,325.75,326.95,316.95,319.0,7847806
2024-10-08 00:00:00+05:30,315.7,323.3,312.6,321.9,9565667
2024-10-09 00:00:00+05:30,328.55,333.3,321.65,322.7,13523561
2024-10-10 00:00:00+05:30,325.75,326.95,318.65,319.45,5706365
2024-10-11 00:00:00+05:30,319.45,323.25,318.1,321.55,4046559
2024-10-14 00:00:00+05:30,323.8,328.2,321.2,324.5,7967181
2024-10-15 00:00:00+05:30,327.8,334.75,327.55,332.15,17183945
2024-10-16 00:00:00+05:30,335.25,338.95,331.45,334.05,17073700
2024-10-17 00:00:00+05:30,332.55,333.9,325.6,326.35,11023063
2024-10-18 00:00:00+05:30,326.35,327.55,318.4,326.15,7328694
2024-10-21 00:00:00+05:30,326.2,329.05,314.45,315.85,8609636
2024-10-22 00:00:00+05:30,316.2,316.7,306.65,307.5,6372285
2024-10-23 00:00:00+05:30,306.65,310.3,301.45,307.65,6639274
2024-10-24 00:00:00+05:30,307.6,309.9,304.8,306.15,5706821
2024-10-25 00:00:00+05:30,308.05,308.2,288.65,291.7,11583887
2024-10-28 00:00:00+05:30,292.65,300.45,290.8,295.6,13299872
2024-10-29 00:00:00+05:30,297.15,298.0,287.85,296.6,8437903
2024-10-30 00:00:00+05:30,294.3,299.9,292.7,296.45,6248318
2024-10-31 00:00:00+05:30,295.7,301.15,293.15,295.95,11375689
2024-11-01 00:00:00+05:30,297.1,298.9,296.95,298.05,710149
2024-11-04 00:00:00+05:30,298.05,298.55,283.9,289.0,14063318
2024-11-05 00:00:00+05:30,286.65,294.35,285.9,293.25,9542018
2024-11-06 00:00:00+05:30,296.95,303.8,292.65,301.9,10787602
2024-11-07 00:00:00+05:30,301.3,302.55,296.25,300.0,7387875
2024-11-08 00:00:00+05:30,300.0,300.1,292.2,295.65,9304376
2024-11-11 00:00:00+05:30,293.3,299.05,289.55,297.7,5277147
2024-11-12 00:00:00+05:30,299.15,303.35,294.35,295.05,7192998
2024-11-13 00:00:00+05:30,293.25,294.3,287.6,291.25,7306795
2024-11-14 00:00:00+05:30,291.2,291.4,282.25,283.95,11061057
2024-11-18 00:00:00+05:30,283.95,285.4,274.55,275.4,7940666
2024-11-19 00:00:00+05:30,278.7,283.75,272.85,273.8,9912544
2024-11-21 00:00:00+05:30,273.75,273.75,266.05,268.95,8273120
2024-11-22 00:00:00+05:30,269.15,273.35,267.65,272.2,6539977
2024-11-25 00:00:00+05:30,278.15,289.9,278.1,282.4,16903527
2024-11-26 00:00:00+05:30,283.8,286.65,279.35,279.85,5160007
2024-11-27 00:00:00+05:30,282.8,282.85,277.15,279.45,5995425
2024-11-28 00:00:00+05:30,280.45,284.5,275.7,277.05,13130411
2024-11-29 00:00:00+05:30,278.5,280.25,275.6,278.2,8125467
2024-12-02 00:00:00+05:30,278.7,281.8,276.7,280.15,5193026
2024-12-03 00:00:00+05:30,283.35,283.65,278.15,280.25,9198285
2024-12-04 00:00:00+05:30,280.2,285.3,278.9,279.65,9840659
2024-12-05 00:00:00+05:30,281.05,284.0,277.4,282.85,9287638
2024-12-06 00:00:00+05:30,283.75,289.4,282.25,286.05,9586531
2024-12-09 00:00:00+05:30,286.6,289.7,284.85,289.0,11637358
2024-12-10 00:00:00+05:30,287.9,292.1,286.5,289.05,8649367
2024-12-11 00:00:00+05:30,289.0,294.25,287.7,292.8,10867782
2024-12-12 00:00:00+05:30,292.45,292.8,286.95,287.75,7454904
2024-12-13 00:00:00+05:30,287.6,290.65,281.9,287.35,7726611
2024-12-16 00:00:00+05:30,286.6,287.35,281.7,283.8,8696443
2024-12-17 00:00:00+05:30,285.6,285.6,278.2,279.05,8415828
2024-12-18 00:00:00+05:30,277.85,279.05,273.95,274.55,6535229
2024-12-19 00:00:00+05:30,268.6,281.75,268.6,280.5,11822064
2024-12-20 00:00:00+05:30,279.55,284.95,273.35,275.25,9979749
2024-12-23 00:00:00+05:30,278.1,280.85,274.3,275.3,6819725
2024-12-24 00:00:00+05:30,276.15,281.4,273.65,278.1,7937629
2024-12-26 00:00:00+05:30,280.8,285.05,278.65,281.5,11310555
2024-12-27 00:00:00+05:30,281.0,283.25,278.6,279.55,3708404
2024-12-30 00:00:00+05:30,279.55,281.2,275.95,279.3,8236910
2024-12-31 00:00:00+05:30,277.55,280.4,276.95,278.55,4161509
2025-01-01 00:00:00+05:30,278.4,281.8,276.5,281.25,3545200
2025-01-02 00:00:00+05:30,281.25,283.55,277.9,282.75,6846413
2025-01-03 00:00:00+05:30,281.9,284.9,280.35,282.25,4806469
2025-01-06 00:00:00+05:30,282.25,283.1,270.55,271.3,7361716
2025-01-07 00:00:00+05:30,273.45,276.7,267.35,269.35,8306436
2025-01-08 00:00:00+05:30,269.35,274.2,267.15,273.15,6037032
2025-01-09 00:00:00+05:30,273.35,274.15,265.75,266.65,6215902
2025-01-10 00:00:00+05:30,267.15,269.95,262.5,264.45,9073218
2025-01-13 00:00:00+05:30,258.3,261.6,251.65,252.65,10488655
2025-01-14 00:00:00+05:30,254.35,258.55,253.35,257.35,6710730
2025-01-15 00:00:00+05:30,260.85,262.8,252.6,254.25,13448052
2025-01-16 00:00:00+05:30,254.6,256.1,250.95,254.2,13754046
2025-01-17 00:00:00+05:30,256.0,262.1,254.5,260.55,9300647
2025-01-20 00:00:00+05:30,261.9,265.15,256.0,264.1,9623368
2025-01-21 00:00:00+05:30,265.25,273.35,264.9,266.85,15304149
2025-01-22 00:00:00+05:30,268.55,270.0,261.0,264.4,6301894
2025-01-23 00:00:00+05:30,269.55,271.45,257.45,258.3,18806324
2025-01-24 00:00:00+05:30,260.95,266.1,250.5,251.2,18480516
2025-01-27 00:00:00+05:30,251.15,251.15,246.05,248.85,10083126
2025-01-28 00:00:00+05:30,249.75,251.3,242.15,245.75,13321189
2025-01-29 00:00:00+05:30,244.7,245.65,239.5,244.75,9435973
2025-01-30 00:00:00+05:30,247.5,248.5,244.25,244.9,9410974
2025-01-31 00:00:00+05:30,245.6,249.5,242.1,248.7,8790578
2025-02-01 00:00:00+05:30,249.25,249.55,236.2,243.5,11464565
2025-02-03 00:00:00+05:30,239.0,239.8,230.65,237.65,21517136
2025-02-04 00:00:00+05:30,238.7,244.4,238.3,243.75,7000612
2025-02-05 00:00:00+05:30,247.85,253.0,247.85,248.8,10088345
2025-02-06 00:00:00+05:30,250.5,254.45,249.15,250.05,14058587
2025-02-07 00:00:00+05:30,249.6,252.3,247.65,251.7,6557480
2025-02-10 00:00:00+05:30,251.95,253.15,245.25,247.5,8052376
2025-02-11 00:00:00+05:30,247.15,247.35,241.7,243.0,6819100
2025-02-12 00:00:00+05:30,243.0,244.55,237.15,243.45,6568833
2025-02-13 00:00:00+05:30,244.0,247.7,242.85,243.6,5514711
2025-02-14 00:00:00+05:30,244.15,246.3,235.65,239.05,5205573
2025-02-17 00:00:00+05:30,239.05,241.5,234.65,240.25,5899597
2025-02-18 00:00:00+05:30,240.25,241.5,235.05,240.7,5534272
2025-02-19 00:00:00+05:30,239.05,244.2,237.65,243.45,6887175
2025-02-20 00:00:00+05:30,241.9,247.25,241.15,246.3,8155780
2025-02-21 00:00:00+05:30,245.7,247.05,238.7,239.35,9845416
2025-02-24 00:00:00+05:30,239.3,241.45,236.9,239.05,6773845
2025-02-25 00:00:00+05:30,239.9,240.85,235.9,236.65,4172676
2025-02-27 00:00:00+05:30,236.65,237.5,230.55,233.1,7376510
2025-02-28 00:00:00+05:30,232.45,232.45,224.9,226.0,14066882
2025-03-03 00:00:00+05:30,227.65,232.0,222.85,230.85,6864635
2025-03-04 00:00:00+05:30,229.55,239.0,224.85,238.05,7201075
2025-03-05 00:00:00+05:30,238.0,244.7,238.0,243.7,7802519
2025-03-06 00:00:00+05:30,247.6,253.3,246.65,252.45,12828381
2025-03-07 00:00:00+05:30,252.35,253.1,247.6,248.85,7057204
2025-03-10 00:00:00+05:30,248.85,253.3,243.85,244.7,8487911
2025-03-11 00:00:00+05:30,243.75,252.35,242.2,252.0,12306539
2025-03-12 00:00:00+05:30,253.8,259.05,250.85,253.65,10648004
2025-03-13 00:00:00+05:30,253.65,254.0,249.5,251.8,4545159
2025-03-17 00:00:00+05:30,248.7,251.1,246.0,249.0,6482585
2025-03-18 00:00:00+05:30,249.65,250.75,247.15,249.7,5548862
2025-03-19 00:00:00+05:30,250.95,253.8,250.5,252.6,4955027
2025-03-20 00:00:00+05:30,253.9,259.9,252.15,259.2,10789615
2025-03-21 00:00:00+05:30,259.25,272.2,258.15,266.35,26173451
2025-03-24 00:00:00+05:30,268.55,271.7,266.65,267.05,11376607
2025-03-25 00:00:00+05:30,267.2,270.4,264.0,265.8,12143699
2025-03-26 00:00:00+05:30,264.75,269.85,259.2,260.0,9475308
2025-03-27 00:00:00+05:30,260.35,266.5,259.25,262.95,107524873
2025-03-28 00:00:00+05:30,263.8,270.8,263.1,265.2,12687883
2025-04-01 00:00:00+05:30,261.9,273.35,261.9,271.05,20780255
2025-04-02 00:00:00+05:30,269.6,274.35,264.5,273.15,12058406
2025-04-03 00:00:00+05:30,269.55,277.5,269.55,273.15,6663148
2025-04-04 00:00:00+05:30,278.25,281.6,263.85,266.15,18852567
2025-04-07 00:00:00+05:30,249.5,265.8,249.5,260.65,15010047
2025-04-08 00:00:00+05:30,266.2,273.8,262.0,272.25,18994276
2025-04-09 00:00:00+05:30,274.95,276.85,266.3,274.25,14519066
2025-04-11 00:00:00+05:30,282.3,282.3,272.85,279.2,14955235
2025-04-15 00:00:00+05:30,282.65,282.65,277.2,280.4,8516322
2025-04-16 00:00:00+05:30,280.0,286.2,278.65,284.5,9064723
2025-04-17 00:00:00+05:30,283.85,287.4,281.4,284.1,7510897
2025-04-21 00:00:00+05:30,285.6,290.95,283.85,289.55,6455955
2025-04-22 00:00:00+05:30,290.5,293.8,288.25,291.5,7096150
2025-04-23 00:00:00+05:30,291.5,292.05,284.05,286.15,7400827
2025-04-24 00:00:00+05:30,288.55,290.9,286.0,287.6,5773985
2025-04-25 00:00:00+05:30,287.95,290.45,279.3,281.6,7773037
2025-04-28 00:00:00+05:30,279.15,296.15,279.15,295.25,14414879
2025-04-29 00:00:00+05:30,296.7,300.55,295.05,296.85,9522966
2025-04-30 00:00:00+05:30,303.8,307.1,294.3,295.3,21424437
2025-05-02 00:00:00+05:30,295.75,302.4,295.15,296.3,7751559
2025-05-05 00:00:00+05:30,301.9,310.3,300.95,305.75,16037327
2025-05-06 00:00:00+05:30,305.8,306.85,295.75,296.6,5444873
2025-05-07 00:00:00+05:30,292.4,302.4,292.4,301.8,7970668
2025-05-08 00:00:00+05:30,300.45,304.9,291.1,293.25,5918739
2025-05-09 00:00:00+05:30,288.15,292.7,287.0,292.25,4955934
2025-05-12 00:00:00+05:30,300.0,300.9,292.55,294.35,6844271
2025-05-13 00:00:00+05:30,294.35,295.8,290.0,292.3,7241358
2025-05-14 00:00:00+05:30,294.0,298.6,293.7,297.65,7733320
2025-05-15 00:00:00+05:30,299.05,304.9,298.55,301.9,7055032
2025-05-16 00:00:00+05:30,300.95,305.7,300.75,304.9,6861786
2025-05-19 00:00:00+05:30,303.35,304.35,301.1,302.1,2956007
2025-05-20 00:00:00+05:30,301.9,304.45,296.9,297.95,5016433
2025-05-21 00:00:00+05:30,297.45,301.65,294.6,300.8,5232094
2025-05-22 00:00:00+05:30,299.9,303.7,294.0,298.1,4876801
2025-05-23 00:00:00+05:30,297.15,304.8,297.15,303.7,4257721
2025-05-26 00:00:00+05:30,303.8,308.5,303.8,307.55,5050848
2025-05-27 00:00:00+05:30,307.5,307.5,300.45,301.9,4716473
2025-05-28 00:00:00+05:30,301.9,307.2,298.8,306.4,7112876
2025-05-29 00:00:00+05:30,305.9,307.2,302.5,303.95,4000772
2025-05-30 00:00:00+05:30,302.45,307.05,301.9,303.2,9148638
2025-06-02 00:00:00+05:30,303.2,304.3,300.6,301.5,3086437
2025-06-03 00:00:00+05:30,300.05,305.65,294.3,295.0,7853488
2025-06-04 00:00:00+05:30,295.0,297.8,293.9,296.7,5925942
2025-06-05 00:00:00+05:30,296.25,300.35,293.55,295.05,5900170
2025-06-06 00:00:00+05:30,294.3,302.7,294.3,301.6,5825337
2025-06-09 00:00:00+05:30,302.65,306.15,300.0,305.1,3787426
2025-06-10 00:00:00+05:30,305.9,309.25,304.2,304.9,6489933
2025-06-11 00:00:00+05:30,305.0,318.6,305.0,317.95,21739121
2025-06-12 00:00:00+05:30,314.75,315.25,302.6,303.45,13568848
2025-06-13 00:00:00+05:30,290.5,299.45,285.05,297.45,13958229
2025-06-16 00:00:00+05:30,295.2,301.75,293.8,301.35,6893567
2025-06-17 00:00:00+05:30,299.05,305.15,296.85,297.9,7219608
2025-06-18 00:00:00+05:30,297.15,301.75,294.95,300.8,10011198
2025-06-19 00:00:00+05:30,301.9,301.9,295.35,298.5,5399948
2025-06-20 00:00:00+05:30,296.1,300.85,295.25,298.55,8522458
2025-06-23 00:00:00+05:30,295.25,300.45,293.5,298.5,6848410
2025-06-24 00:00:00+05:30,310.0,312.15,301.9,304.05,11172373
2025-06-25 00:00:00+05:30,307.15,307.6,301.5,304.4,6658747
2025-06-26 00:00:00+05:30,303.65,315.25,303.65,314.05,15528180
2025-06-27 00:00:00+05:30,314.25,318.3,311.85,317.15,9911738
2025-06-30 00:00:00+05:30,318.1,321.6,314.6,316.15,5840638
2025-07-01 00:00:00+05:30,315.75,319.5,315.15,316.25,3921773
2025-07-02 00:00:00+05:30,317.8,318.95,313.15,316.0,3799017
2025-07-03 00:00:00+05:30,317.15,319.55,314.8,315.7,5049883
2025-07-04 00:00:00+05:30,318.1,331.1,316.1,329.7,13743465
2025-07-07 00:00:00+05:30,329.35,334.8,327.1,333.8,8603937
2025-07-08 00:00:00+05:30,333.3,341.6,332.1,338.65,12905482
2025-07-09 00:00:00+05:30,338.65,339.4,331.1,331.9,8039090
2025-07-10 00:00:00+05:30,335.05,336.05,331.45,334.25,6580919
2025-07-11 00:00:00+05:30,335.05,335.85,326.95,328.4,4803470
2025-07-14 00:00:00+05:30,329.35,331.6,326.5,328.0,5372218
2025-07-15 00:00:00+05:30,331.1,333.8,329.65,331.45,6270256
2025-07-16 00:00:00+05:30,333.35,334.95,330.85,331.25,8426412
2025-07-17 00:00:00+05:30,332.9,333.2,327.85,330.25,4026086
2025-07-18 00:00:00+05:30,330.95,334.7,325.85,327.15,5631392
2025-07-21 00:00:00+05:30,327.15,328.25,323.3,326.25,5051058
2025-07-22 00:00:00+05:30,326.25,327.95,323.75,324.1,4447293
2025-07-23 00:00:00+05:30,325.6,328.55,320.75,328.05,5089227
2025-07-24 00:00:00+05:30,328.05,328.45,323.55,325.15,3270996
2025-07-25 00:00:00+05:30,323.9,325.15,315.3,317.05,3514659
2025-07-28 00:00:00+05:30,316.55,322.25,315.25,317.5,5630809
2025-07-29 00:00:00+05:30,320.0,321.2,317.3,318.95,7809814
2025-07-30 00:00:00+05:30,318.1,327.2,314.25,321.0,11366010
2025-07-31 00:00:00+05:30,314.25,315.45,307.7,313.65,6867024
2025-08-01 00:00:00+05:30,313.35,313.65,301.45,302.7,4105518
2025-08-04 00:00:00+05:30,304.9,305.45,299.9,302.7,3536322
2025-08-05 00:00:00+05:30,301.9,302.85,294.8,300.1,6730701
2025-08-06 00:00:00+05:30,300.45,303.0,299.45,300.7,3601019
2025-08-07 00:00:00+05:30,298.35,299.1,292.55,295.55,5018154
2025-08-08 00:00:00+05:30,295.7,305.95,293.9,304.25,10028343
2025-08-11 00:00:00+05:30,306.9,314.25,302.1,305.65,7957794
2025-08-12 00:00:00+05:30,305.7,310.95,305.4,308.3,4392686
2025-08-13 00:00:00+05:30,309.55,310.75,305.75,307.15,2707971
2025-08-14 00:00:00+05:30,311.45,315.6,302.05,302.9,10549386
2025-08-18 00:00:00+05:30,305.7,305.75,297.6,299.05,8091527
2025-08-19 00:00:00+05:30,300.2,306.85,297.85,306.15,4343312
2025-08-20 00:00:00+05:30,304.8,307.15,303.8,304.75,3670375
2025-08-21 00:00:00+05:30,305.75,308.4,303.55,304.75,3790333
2025-08-22 00:00:00+05:30,304.9,305.05,299.7,301.4,3007303
2025-08-25 00:00:00+05:30,303.75,303.75,299.55,300.75,2841339
2025-08-26 00:00:00+05:30,302.2,303.15,296.2,297.25,10819770
2025-08-28 00:00:00+05:30,300.55,300.55,295.25,295.9,8888325
2025-08-29 00:00:00+05:30,295.9,297.45,292.4,293.5,4334416
2025-09-01 00:00:00+05:30,293.8,300.5,292.2,299.75,3672180
2025-09-02 00:00:00+05:30,300.85,302.2,297.9,299.95,3405312
2025-09-03 00:00:00+05:30,299.95,305.2,299.1,299.85,6616690
2025-09-04 00:00:00+05:30,304.65,304.65,297.65,297.95,5225640
2025-09-05 00:00:00+05:30,298.05,301.4,296.65,297.65,6159420
2025-09-08 00:00:00+05:30,298.95,303.0,298.6,301.4,2002604
2025-09-09 00:00:00+05:30,302.65,304.9,298.6,299.0,6476251
2025-09-10 00:00:00+05:30,300.45,303.1,299.75,302.8,5214899
2025-09-11 00:00:00+05:30,303.05,311.05,302.4,304.8,7529271
2025-09-12 00:00:00+05:30,305.75,307.8,301.95,302.85,4705998
2025-09-15 00:00:00+05:30,303.15,305.4,300.65,302.6,4653626
2025-09-16 00:00:00+05:30,304.15,305.8,301.4,303.1,5381837
2025-09-17 00:00:00+05:30,304.65,309.3,304.05,308.15,7035565
2025-09-18 00:00:00+05:30,309.45,310.6,305.7,310.15,5615664
2025-09-19 00:00:00+05:30,310.1,318.1,309.35,313.85,10022009
2025-09-22 00:00:00+05:30,313.35,316.5,307.1,309.9,4768219
2025-09-23 00:00:00+05:30,313.05,319.2,311.3,314.65,7992615
2025-09-24 00:00:00+05:30,314.7,316.55,311.45,314.6,5489995
2025-09-25 00:00:00+05:30,313.45,316.65,311.45,313.95,5798602
2025-09-26 00:00:00+05:30,314.1,314.25,307.55,308.9,5692665
2025-09-29 00:00:00+05:30,311.1,322.85,310.0,322.0,12616059
2025-09-30 00:00:00+05:30,323.55,325.95,321.1,323.5,6762730
2025-10-01 00:00:00+05:30,324.75,331.1,322.45,323.55,9814406
2025-10-03 00:00:00+05:30,327.6,328.45,321.5,325.3,5833883
2025-10-06 00:00:00+05:30,325.75,329.05,322.4,327.25,5914399
2025-10-07 00:00:00+05:30,327.25,329.75,324.8,325.65,5934834
2025-10-08 00:00:00+05:30,325.0,333.3,323.35,328.65,7955678
2025-10-09 00:00:00+05:30,330.7,334.3,326.75,327.6,7028656
2025-10-10 00:00:00+05:30,329.05,330.75,321.15,322.55,5737637
2025-10-13 00:00:00+05:30,324.25,325.75,319.15,321.85,6785828
2025-10-14 00:00:00+05:30,322.05,324.1,314.9,316.6,4343927
2025-10-15 00:00:00+05:30,318.95,324.5,316.25,321.8,16271995
2025-10-16 00:00:00+05:30,322.8,322.8,317.65,319.9,6279302
2025-10-17 00:00:00+05:30,320.1,322.2,316.85,319.85,7824777
2025-10-20 00:00:00+05:30,320.25,323.85,319.5,321.6,6134873
2025-10-21 00:00:00+05:30,323.25,324.05,321.6,322.9,404063
2025-10-23 00:00:00+05:30,323.8,323.95,314.3,315.5,8457356
2025-10-24 00:00:00+05:30,314.4,318.5,311.65,314.7,8260920
2025-10-27 00:00:00+05:30,316.85,327.15,315.45,326.65,11767585
2025-10-28 00:00:00+05:30,327.6,329.05,323.45,324.4,6156249
2025-10-29 00:00:00+05:30,325.65,332.4,324.6,331.5,9756868
2025-10-30 00:00:00+05:30,333.3,342.65,328.85,340.55,14807100
2025-10-31 00:00:00+05:30,340.95,343.35,338.15,339.85,7532962
2025-11-03 00:00:00+05:30,344.7,351.9,339.3,349.8,20107281
2025-11-04 00:00:00+05:30,352.2,356.15,350.6,355.2,12649509
2025-11-06 00:00:00+05:30,361.9,361.9,349.75,350.4,11803637
2025-11-07 00:00:00+05:30,350.0,357.6,349.75,356.95,11711108
2025-11-10 00:00:00+05:30,356.1,359.5,353.55,355.0,6934285
2025-11-11 00:00:00+05:30,354.85,364.4,350.05,363.75,10689646
2025-11-12 00:00:00+05:30,364.75,368.55,363.2,365.0,9316462
2025-11-13 00:00:00+05:30,366.6,368.2,361.75,364.5,9719258
2025-11-14 00:00:00+05:30,363.6,369.2,359.15,360.8,6848609
2025-11-17 00:00:00+05:30,362.25,370.95,361.65,363.85,9063998
2025-11-18 00:00:00+05:30,365.4,366.4,360.35,361.5,7729409
2025-11-19 00:00:00+05:30,361.5,362.55,354.7,355.5,7056032
2025-11-20 00:00:00+05:30,356.8,358.55,353.2,354.9,9025414
2025-11-21 00:00:00+05:30,354.9,357.6,353.3,354.4,7177944
2025-11-24 00:00:00+05:30,354.4,357.05,347.85,349.65,13807356
2025-11-25 00:00:00+05:30,348.95,348.95,343.85,345.95,4113590
2025-11-26 00:00:00+05:30,346.85,357.75,346.2,357.4,7651793
2025-11-27 00:00:00+05:30,358.7,358.7,351.45,354.55,5180488
2025-11-28 00:00:00+05:30,355.6,356.8,348.6,349.1,3459790
2025-12-01 00:00:00+05:30,351.45,351.45,342.6,344.15,4470807
2025-12-02 00:00:00+05:30,345.85,351.1,344.4,348.75,9468149
2025-12-03 00:00:00+05:30,349.0,350.95,345.9,348.45,6169622
2025-12-04 00:00:00+05:30,350.0,351.55,343.65,346.1,5798181
2025-12-05 00:00:00+05:30,346.1,351.55,343.45,350.3,3479044
2025-12-08 00:00:00+05:30,352.9,352.9,345.25,347.6,6762135
2025-12-09 00:00:00+05:30,347.6,348.75,343.15,345.15,5612269
2025-12-10 00:00:00+05:30,345.15,349.95,342.95,345.25,8521964
2025-12-11 00:00:00+05:30,345.25,346.45,339.4,341.55,4491115
2025-12-12 00:00:00+05:30,342.7,356.45,342.7,354.9,6101145
2025-12-15 00:00:00+05:30,354.95,359.15,351.05,356.8,6128925
2025-12-16 00:00:00+05:30,356.55,358.8,351.65,357.9,4332510
2025-12-17 00:00:00+05:30,359.7,362.5,355.8,358.1,6872112
2025-12-18 00:00:00+05:30,357.75,358.95,351.45,353.25,3880069
2025-12-19 00:00:00+05:30,353.8,357.25,352.05,355.75,6515994
2025-12-22 00:00:00+05:30,355.75,360.4,354.4,359.6,3949754
2025-12-23 00:00:00+05:30,359.6,363.1,358.3,359.7,3379297
2025-12-24 00:00:00+05:30,359.6,361.1,354.65,355.7,2339154
2025-12-26 00:00:00+05:30,355.3,357.95,351.65,355.8,2997958
2025-12-29 00:00:00+05:30,355.8,361.65,354.65,361.25,4666863
2025-12-30 00:00:00+05:30,361.45,365.7,357.95,359.2,8567519
2025-12-31 00:00:00+05:30,359.2,375.25,358.75,373.3,12051156
2026-01-01 00:00:00+05:30,375.65,377.35,368.6,370.9,6554899
2026-01-02 00:00:00+05:30,371.35,374.85,367.4,370.85,3614573
2026-01-05 00:00:00+05:30,369.45,374.75,364.0,367.4,5243413
2026-01-06 00:00:00+05:30,367.25,367.3,353.85,360.5,6881934
2026-01-07 00:00:00+05:30,361.2,363.0,356.3,357.95,6613161
2026-01-08 00:00:00+05:30,356.0,356.35,342.4,344.7,7714421
2026-01-09 00:00:00+05:30,343.2,349.65,342.4,344.3,5252007
2026-01-12 00:00:00+05:30,343.75,349.1,339.85,348.75,4474234
2026-01-13 00:00:00+05:30,350.0,350.15,342.25,345.2,3681627
2026-01-14 00:00:00+05:30,344.65,348.55,341.4,346.95,7777436
2026-01-16 00:00:00+05:30,348.05,357.5,348.05,353.1,6243090
2026-01-19 00:00:00+05:30,353.85,356.8,348.95,351.2,4545354
2026-01-20 00:00:00+05:30,350.95,350.95,343.2,345.3,6408732
2026-01-21 00:00:00+05:30,344.15,348.75,335.9,342.15,6076732
2026-01-22 00:00:00+05:30,345.1,351.15,343.95,344.3,4615713
2026-01-23 00:00:00+05:30,346.1,351.85,338.5,339.45,5338663
2026-01-27 00:00:00+05:30,348.05,349.9,340.8,347.45,11887552
2026-01-28 00:00:00+05:30,350.45,355.7,347.45,352.25,12428097
2026-01-29 00:00:00+05:30,352.25,357.65,347.3,356.75,14186586
2026-01-30 00:00:00+05:30,356.5,357.75,349.5,354.35,12639803
2026-02-01 00:00:00+05:30,354.35,357.3,338.3,349.45,7229752
2026-02-02 00:00:00+05:30,353.0,367.6,351.0,366.7,12038292
2026-02-03 00:00:00+05:30,372.0,374.7,358.3,373.45,12411365
2026-02-04 00:00:00+05:30,373.0,383.2,370.35,382.45,8138573
2026-02-05 00:00:00+05:30,386.0,391.65,378.35,382.05,8446290
2026-02-06 00:00:00+05:30,382.5,386.9,381.35,386.35,7988984
2026-02-09 00:00:00+05:30,386.5,389.5,382.9,388.3,5171617
2026-02-10 00:00:00+05:30,386.0,388.0,381.9,386.35,3114005
2026-02-11 00:00:00+05:30,388.0,390.9,386.0,387.6,5156493
2026-02-12 00:00:00+05:30,387.05,389.5,373.55,377.7,6352805
2026-02-13 00:00:00+05:30,377.45,378.4,372.95,374.1,2696607
2026-02-16 00:00:00+05:30,372.65,375.3,369.05,374.35,1709180
2026-02-17 00:00:00+05:30,374.35,375.8,366.55,374.95,2646518
2026-02-18 00:00:00+05:30,377.0,381.4,375.75,380.9,2527223
2026-02-19 00:00:00+05:30,377.45,378.85,365.0,367.65,5506935
2026-02-20 00:00:00+05:30,364.85,367.9,362.3,366.3,6928709
2026-02-23 00:00:00+05:30,370.0,376.7,366.65,372.1,7760029
2026-02-24 00:00:00+05:30,370.0,376.0,369.0,374.45,7718539
2026-02-25 00:00:00+05:30,376.1,381.9,374.0,381.05,7003584
2026-02-26 00:00:00+05:30,380.0,387.0,378.55,386.0,4800186
2026-02-27 00:00:00+05:30,386.65,389.9,382.5,385.4,9020770
2026-03-02 00:00:00+05:30,368.0,376.95,367.1,374.8,14939455
2026-03-04 00:00:00+05:30,365.0,367.85,352.7,356.4,13534628
2026-03-05 00:00:00+05:30,356.65,362.5,351.1,360.35,12170764
2026-03-06 00:00:00+05:30,362.05,362.05,351.2,352.75,10536915
2026-03-09 00:00:00+05:30,341.35,341.45,322.8,331.15,34756111
2026-03-10 00:00:00+05:30,336.5,342.2,324.35,325.9,15916729
2026-03-11 00:00:00+05:30,326.0,328.9,322.75,325.05,13909498
2026-03-12 00:00:00+05:30,318.7,330.35,314.0,326.35,11176171
2026-03-13 00:00:00+05:30,323.65,325.35,318.15,319.3,7556076
2026-03-16 00:00:00+05:30,314.9,318.45,301.1,304.95,18589204
2026-03-17 00:00:00+05:30,305.3,305.9,298.15,300.05,16467622
2026-03-18 00:00:00+05:30,300.8,307.45,299.6,303.7,9223774
2026-03-19 00:00:00+05:30,298.0,298.0,284.4,286.0,15494502
2026-03-20 00:00:00+05:30,288.5,295.85,286.95,287.8,16601274
2026-03-23 00:00:00+05:30,280.05,281.0,270.0,271.3,14357554
2026-03-24 00:00:00+05:30,280.0,283.0,270.7,282.25,19542984
2026-03-25 00:00:00+05:30,288.2,289.75,281.8,284.55,18451485
2026-03-27 00:00:00+05:30,290.0,298.5,280.8,282.7,29524543
2026-03-30 00:00:00+05:30,274.95,285.25,273.1,281.0,14757987
2026-04-01 00:00:00+05:30,292.0,292.0,280.1,281.25,16919233
2026-04-02 00:00:00+05:30,275.3,281.15,266.6,278.15,13404373
2026-04-06 00:00:00+05:30,277.75,279.95,272.15,278.7,11923889
2026-04-07 00:00:00+05:30,273.2,278.25,271.0,277.45,14410706
2026-04-08 00:00:00+05:30,293.5,301.5,292.15,298.1,26646510
2026-04-09 00:00:00+05:30,296.0,299.7,293.0,297.35,17580272
2026-04-10 00:00:00+05:30,297.4,303.2,296.2,299.35,13853270
2026-04-13 00:00:00+05:30,284.25,294.0,284.25,292.95,13454302
2026-04-15 00:00:00+05:30,300.6,311.45,299.0,310.45,26146547
2026-04-16 00:00:00+05:30,314.9,314.9,307.25,307.95,14067180
2026-04-17 00:00:00+05:30,308.8,313.7,306.25,312.1,10758881
2026-04-20 00:00:00+05:30,312.1,319.0,307.0,316.05,14504057
2026-04-21 00:00:00+05:30,316.05,320.1,315.1,318.05,9935289
2026-04-22 00:00:00+05:30,317.0,317.0,313.0,314.4,7456858
2026-04-23 00:00:00+05:30,312.0,313.75,308.4,309.8,8518111
2026-04-24 00:00:00+05:30,309.0,310.75,300.15,308.1,10531252
2026-04-27 00:00:00+05:30,308.3,315.1,306.7,312.65,5296412
2026-04-28 00:00:00+05:30,308.7,313.1,305.15,307.75,14434171
2026-04-29 00:00:00+05:30,308.4,310.9,303.15,303.9,16918034
2026-04-30 00:00:00+05:30,300.05,302.35,295.55,300.45,13025294
