date,open,high,low,close,volume
2007-08-16 00:00:00+05:30,28.52,31.72,26.93,31.08,552672
2007-08-17 00:00:00+05:30,30.66,31.83,30.36,31.18,356784
2007-08-20 00:00:00+05:30,31.48,31.96,30.95,31.24,60856
2007-08-21 00:00:00+05:30,30.41,30.89,29.74,30.08,70736
2007-08-22 00:00:00+05:30,30.0,30.54,28.63,30.35,65320
2007-08-23 00:00:00+05:30,30.54,30.66,29.47,29.61,119016
2007-08-24 00:00:00+05:30,30.18,30.25,29.59,29.82,89880
2007-08-27 00:00:00+05:30,29.94,30.29,26.38,30.01,95480
2007-08-28 00:00:00+05:30,30.3,31.37,30.14,31.16,90704
2007-08-29 00:00:00+05:30,29.7,31.12,29.7,30.93,44240
2007-08-30 00:00:00+05:30,30.89,31.37,30.89,30.91,34448
2007-08-31 00:00:00+05:30,31.12,31.47,30.55,30.96,41528
2007-09-03 00:00:00+05:30,31.48,31.48,29.94,31.05,71112
2007-09-04 00:00:00+05:30,31.13,31.4,31.04,31.07,44568
2007-09-05 00:00:00+05:30,30.41,32.3,30.41,31.62,117320
2007-09-06 00:00:00+05:30,31.48,31.48,30.89,31.04,60968
2007-09-07 00:00:00+05:30,31.48,31.94,30.41,30.65,66472
2007-09-10 00:00:00+05:30,30.33,30.89,30.33,30.68,36840
2007-09-11 00:00:00+05:30,30.77,31.02,30.3,30.55,108640
2007-09-12 00:00:00+05:30,30.47,30.89,29.94,30.01,105160
2007-09-13 00:00:00+05:30,29.85,30.41,29.85,30.03,102800
2007-09-14 00:00:00+05:30,30.07,30.54,30.07,30.31,59848
2007-09-17 00:00:00+05:30,30.18,30.85,30.08,30.74,99904
2007-09-18 00:00:00+05:30,30.89,31.37,30.47,30.78,118928
2007-09-19 00:00:00+05:30,31.01,31.42,30.67,31.37,130416
2007-09-20 00:00:00+05:30,31.42,31.47,30.86,31.13,98824
2007-09-21 00:00:00+05:30,31.13,31.23,30.73,31.02,2017432
2007-09-24 00:00:00+05:30,31.25,31.25,30.69,31.02,504344
2007-09-25 00:00:00+05:30,31.03,32.55,30.84,31.73,220512
2007-09-26 00:00:00+05:30,32.08,33.27,31.61,32.74,4930856
2007-09-27 00:00:00+05:30,32.83,33.94,31.02,31.35,649296
2007-09-28 00:00:00+05:30,31.49,32.08,31.37,31.93,117832
2007-10-01 00:00:00+05:30,31.95,31.95,31.42,31.45,99248
2007-10-03 00:00:00+05:30,31.48,31.95,31.13,31.47,251616
2007-10-04 00:00:00+05:30,31.96,31.96,30.89,31.13,42232
2007-10-05 00:00:00+05:30,31.84,32.2,30.97,31.93,134248
2007-10-08 00:00:00+05:30,32.08,33.62,30.7,30.84,333680
2007-10-09 00:00:00+05:30,31.34,31.34,30.54,31.24,69736
2007-10-10 00:00:00+05:30,31.94,31.94,30.89,30.96,76392
2007-10-11 00:00:00+05:30,31.14,31.31,30.54,30.98,236576
2007-10-12 00:00:00+05:30,31.47,31.47,30.66,30.89,221520
2007-10-15 00:00:00+05:30,30.89,31.24,30.08,30.76,88760
2007-10-16 00:00:00+05:30,30.77,33.36,30.66,33.11,1680912
2007-10-17 00:00:00+05:30,32.68,32.68,31.14,32.12,218776
2007-10-18 00:00:00+05:30,32.9,33.75,30.41,31.18,245032
2007-10-19 00:00:00+05:30,32.04,32.04,30.41,30.88,106528
2007-10-22 00:00:00+05:30,30.89,31.84,30.89,31.19,44784
2007-10-23 00:00:00+05:30,31.37,32.43,31.26,31.98,100584
2007-10-24 00:00:00+05:30,33.15,34.46,32.42,34.09,837088
2007-10-25 00:00:00+05:30,32.87,34.51,32.62,32.74,193912
2007-10-26 00:00:00+05:30,32.91,33.73,32.91,33.14,286808
2007-10-29 00:00:00+05:30,34.45,34.45,32.2,32.35,123544
2007-10-30 00:00:00+05:30,32.79,32.79,31.48,31.79,116480
2007-10-31 00:00:00+05:30,31.48,33.26,31.48,32.95,138736
2007-11-01 00:00:00+05:30,32.68,33.39,31.48,31.64,149472
2007-11-02 00:00:00+05:30,31.96,32.08,31.49,31.63,78808
2007-11-05 00:00:00+05:30,32.07,32.25,30.89,31.07,1127976
2007-11-06 00:00:00+05:30,31.13,31.94,31.13,31.61,133392
2007-11-07 00:00:00+05:30,31.73,31.95,31.48,31.56,109608
2007-11-08 00:00:00+05:30,31.73,32.32,31.13,31.48,59344
2007-11-09 00:00:00+05:30,31.62,31.89,30.89,31.54,22144
2007-11-12 00:00:00+05:30,31.37,31.37,30.95,31.24,68768
2007-11-13 00:00:00+05:30,31.25,31.61,31.13,31.39,38328
2007-11-14 00:00:00+05:30,31.84,31.96,31.49,31.64,68488
2007-11-15 00:00:00+05:30,31.78,34.07,31.62,33.59,551848
2007-11-16 00:00:00+05:30,33.11,34.6,32.91,33.16,400248
2007-11-19 00:00:00+05:30,34.84,35.41,33.03,33.37,183088
2007-11-20 00:00:00+05:30,33.39,33.5,32.25,32.5,73040
2007-11-21 00:00:00+05:30,32.68,33.13,32.08,32.27,181392
2007-11-22 00:00:00+05:30,32.43,32.43,31.16,31.5,77592
2007-11-23 00:00:00+05:30,31.93,31.93,31.48,31.54,53560
2007-11-26 00:00:00+05:30,31.96,31.96,31.51,31.77,47352
2007-11-27 00:00:00+05:30,31.55,32.49,31.48,32.11,46368
2007-11-28 00:00:00+05:30,31.61,32.55,31.61,32.11,59392
2007-11-29 00:00:00+05:30,32.08,32.37,31.88,32.23,80168
2007-11-30 00:00:00+05:30,31.84,32.43,31.61,32.33,82768
2007-12-03 00:00:00+05:30,32.43,32.68,31.97,32.58,98520
2007-12-04 00:00:00+05:30,32.68,35.41,32.68,34.16,698016
2007-12-05 00:00:00+05:30,34.82,34.98,33.32,33.53,182392
2007-12-06 00:00:00+05:30,35.41,35.41,33.08,33.24,116432
2007-12-07 00:00:00+05:30,32.68,33.98,32.68,33.27,444176
2007-12-10 00:00:00+05:30,33.39,33.98,33.16,33.3,511048
2007-12-11 00:00:00+05:30,33.85,33.85,33.21,33.35,192496
2007-12-12 00:00:00+05:30,33.27,33.75,33.15,33.27,190264
2007-12-13 00:00:00+05:30,33.39,33.7,33.05,33.14,80168
2007-12-14 00:00:00+05:30,33.5,33.69,32.91,33.04,96848
2007-12-17 00:00:00+05:30,33.15,33.62,32.68,32.73,192912
2007-12-18 00:00:00+05:30,33.03,33.03,32.55,32.67,135312
2007-12-19 00:00:00+05:30,33.23,33.47,32.68,32.68,51848
2007-12-20 00:00:00+05:30,33.23,33.23,32.68,32.69,52464
2007-12-24 00:00:00+05:30,33.03,33.75,33.03,33.57,382320
2007-12-26 00:00:00+05:30,34.04,35.41,33.85,34.45,309704
2007-12-27 00:00:00+05:30,34.93,37.43,34.46,36.6,1397888
2007-12-28 00:00:00+05:30,36.0,40.02,36.0,39.18,2404704
2007-12-31 00:00:00+05:30,44.61,44.61,39.81,42.89,4487224
2008-01-01 00:00:00+05:30,44.2,44.2,41.5,41.68,689232
2008-01-02 00:00:00+05:30,43.37,44.55,33.35,41.23,498008
2008-01-03 00:00:00+05:30,41.35,41.46,38.85,39.12,675144
2008-01-04 00:00:00+05:30,39.27,40.97,38.73,39.11,395776
2008-01-07 00:00:00+05:30,38.97,39.91,37.79,38.19,296312
2008-01-08 00:00:00+05:30,39.02,39.02,37.22,37.49,471912
2008-01-09 00:00:00+05:30,37.06,37.39,35.7,36.08,486680
2008-01-10 00:00:00+05:30,36.59,37.07,34.51,34.87,210416
2008-01-11 00:00:00+05:30,36.0,36.0,34.46,34.92,181480
2008-01-14 00:00:00+05:30,34.99,35.21,34.04,34.16,435688
2008-01-15 00:00:00+05:30,35.94,35.94,33.09,33.44,653352
2008-01-16 00:00:00+05:30,33.15,34.09,33.03,33.58,316656
2008-01-17 00:00:00+05:30,33.75,34.34,33.15,33.42,407560
2008-01-18 00:00:00+05:30,32.95,33.67,32.55,32.68,148928
2008-01-21 00:00:00+05:30,32.55,32.86,30.02,31.05,316168
2008-01-22 00:00:00+05:30,24.85,30.83,22.58,29.69,255336
2008-01-23 00:00:00+05:30,32.08,33.75,29.82,33.3,265512
2008-01-24 00:00:00+05:30,33.39,33.98,31.37,31.83,142808
2008-01-25 00:00:00+05:30,32.68,33.04,32.43,32.75,70192
2008-01-28 00:00:00+05:30,33.03,33.03,30.89,32.76,125392
2008-01-29 00:00:00+05:30,34.28,34.28,32.08,32.12,58256
2008-01-30 00:00:00+05:30,31.96,34.31,31.39,32.57,85872
2008-01-31 00:00:00+05:30,31.02,33.43,30.89,32.79,134728
2008-02-01 00:00:00+05:30,33.62,33.62,31.14,32.92,78168
2008-02-04 00:00:00+05:30,33.39,33.86,32.91,33.13,261528
2008-02-05 00:00:00+05:30,32.68,33.5,32.68,33.06,58576
2008-02-06 00:00:00+05:30,32.08,33.24,32.08,32.89,41016
2008-02-07 00:00:00+05:30,33.13,33.39,32.09,32.25,1067488
2008-02-08 00:00:00+05:30,32.08,32.79,32.08,32.57,86272
2008-02-11 00:00:00+05:30,33.03,33.03,32.08,32.46,166496
2008-02-12 00:00:00+05:30,32.2,32.33,31.25,32.03,307640
2008-02-13 00:00:00+05:30,31.02,32.55,31.02,32.09,75832
2008-02-14 00:00:00+05:30,32.68,33.78,32.2,33.19,99640
2008-02-15 00:00:00+05:30,32.43,33.26,32.43,32.82,60520
2008-02-18 00:00:00+05:30,33.0,33.59,32.69,33.01,84600
2008-02-19 00:00:00+05:30,33.27,34.45,33.27,33.46,222952
2008-02-20 00:00:00+05:30,34.03,34.34,33.3,33.41,130776
2008-02-21 00:00:00+05:30,33.56,33.86,33.1,33.22,101896
2008-02-22 00:00:00+05:30,33.44,33.62,32.91,33.2,34528
2008-02-25 00:00:00+05:30,32.91,33.55,31.07,32.93,52104
2008-02-26 00:00:00+05:30,33.27,33.49,32.91,33.14,83240
2008-02-27 00:00:00+05:30,33.86,33.86,33.16,33.28,485352
2008-02-28 00:00:00+05:30,33.5,33.5,32.84,32.94,62488
2008-02-29 00:00:00+05:30,33.46,33.46,31.61,32.88,130912
2008-03-03 00:00:00+05:30,32.08,32.84,32.08,32.68,270736
2008-03-04 00:00:00+05:30,32.68,32.85,32.43,32.52,249960
2008-03-05 00:00:00+05:30,31.02,32.66,31.02,31.59,94048
2008-03-07 00:00:00+05:30,31.48,32.08,29.7,29.98,122944
2008-03-10 00:00:00+05:30,29.54,30.41,28.52,29.51,99888
2008-03-11 00:00:00+05:30,28.87,30.3,28.87,30.05,86720
2008-03-12 00:00:00+05:30,30.41,30.41,29.7,29.82,82832
2008-03-13 00:00:00+05:30,29.23,29.7,27.33,27.51,536608
2008-03-14 00:00:00+05:30,28.39,28.52,27.92,28.44,68408
2008-03-17 00:00:00+05:30,27.34,28.27,27.13,27.66,78512
2008-03-18 00:00:00+05:30,28.15,28.52,27.33,27.89,164048
2008-03-19 00:00:00+05:30,28.27,29.23,27.46,27.59,98608
2008-03-24 00:00:00+05:30,27.8,28.38,26.76,26.96,148016
2008-03-25 00:00:00+05:30,27.52,28.39,27.33,28.06,84048
2008-03-26 00:00:00+05:30,28.38,28.75,28.05,28.58,123552
2008-03-27 00:00:00+05:30,27.92,29.11,27.92,28.88,90584
2008-03-28 00:00:00+05:30,29.34,29.34,28.52,28.94,158048
2008-03-31 00:00:00+05:30,29.34,29.59,28.52,28.72,124856
2008-04-01 00:00:00+05:30,29.34,29.34,28.87,29.18,52296
2008-04-02 00:00:00+05:30,29.55,30.41,29.14,30.04,202448
2008-04-03 00:00:00+05:30,30.23,31.25,30.23,30.95,131856
2008-04-04 00:00:00+05:30,31.02,31.73,30.95,31.0,151712
2008-04-07 00:00:00+05:30,30.18,30.18,29.65,29.78,97104
2008-04-08 00:00:00+05:30,29.34,30.18,29.34,29.81,54392
2008-04-09 00:00:00+05:30,29.47,29.89,28.99,29.14,71024
2008-04-10 00:00:00+05:30,29.49,29.49,28.75,28.87,41968
2008-04-11 00:00:00+05:30,29.46,29.46,28.96,29.03,19568
2008-04-15 00:00:00+05:30,29.19,29.19,28.75,29.04,29720
2008-04-16 00:00:00+05:30,28.75,29.58,28.75,29.31,33880
2008-04-17 00:00:00+05:30,30.06,30.06,28.8,28.87,167288
2008-04-21 00:00:00+05:30,29.82,29.82,29.05,29.19,941624
2008-04-22 00:00:00+05:30,29.7,29.7,29.23,29.45,356824
2008-04-23 00:00:00+05:30,29.65,35.33,28.97,34.57,7327392
2008-04-24 00:00:00+05:30,34.69,35.64,32.08,32.97,2838888
2008-04-25 00:00:00+05:30,33.06,33.27,31.58,32.15,773520
2008-04-28 00:00:00+05:30,31.61,33.62,31.61,32.89,813160
2008-04-29 00:00:00+05:30,33.03,35.02,32.79,34.51,3022344
2008-04-30 00:00:00+05:30,35.27,37.18,34.71,36.15,2944344
2008-05-02 00:00:00+05:30,37.17,37.3,35.29,35.62,1521104
2008-05-05 00:00:00+05:30,34.82,36.22,34.51,34.69,379152
2008-05-06 00:00:00+05:30,35.29,35.4,33.86,34.07,469808
2008-05-07 00:00:00+05:30,33.62,33.92,32.83,33.51,568488
2008-05-08 00:00:00+05:30,33.28,35.05,33.28,33.87,339832
2008-05-09 00:00:00+05:30,33.5,34.18,33.5,33.86,270632
2008-05-12 00:00:00+05:30,33.5,34.93,32.83,33.15,230520
2008-05-13 00:00:00+05:30,33.39,33.72,32.83,33.14,131456
2008-05-14 00:00:00+05:30,32.91,34.39,32.83,34.05,226776
2008-05-15 00:00:00+05:30,33.29,36.64,33.29,35.94,889960
2008-05-16 00:00:00+05:30,36.24,36.53,34.82,35.27,285744
2008-05-20 00:00:00+05:30,34.57,35.52,34.46,35.02,151424
2008-05-21 00:00:00+05:30,33.98,35.4,33.98,35.02,107776
2008-05-22 00:00:00+05:30,34.82,37.6,34.46,36.15,1223224
2008-05-23 00:00:00+05:30,36.36,36.59,34.46,34.6,251592
2008-05-26 00:00:00+05:30,34.02,34.76,33.62,33.8,130312
2008-05-27 00:00:00+05:30,33.99,34.82,33.98,34.54,302424
2008-05-28 00:00:00+05:30,34.55,35.63,34.22,35.29,212736
2008-05-29 00:00:00+05:30,35.29,35.89,35.05,35.65,179960
2008-05-30 00:00:00+05:30,35.18,35.89,35.18,35.65,323440
2008-06-02 00:00:00+05:30,35.3,36.17,33.99,34.94,153608
2008-06-03 00:00:00+05:30,33.62,34.69,33.27,34.28,144792
2008-06-04 00:00:00+05:30,34.93,34.93,33.27,33.43,106312
2008-06-05 00:00:00+05:30,33.5,33.75,32.94,33.64,60928
2008-06-06 00:00:00+05:30,35.64,35.64,33.03,33.29,42248
2008-06-09 00:00:00+05:30,32.62,32.91,31.73,31.88,72928
2008-06-10 00:00:00+05:30,32.08,32.2,30.69,31.35,351536
2008-06-11 00:00:00+05:30,31.61,31.79,31.0,31.27,157456
2008-06-12 00:00:00+05:30,31.38,31.81,31.04,31.53,46216
2008-06-13 00:00:00+05:30,31.21,31.88,31.21,31.61,30128
2008-06-16 00:00:00+05:30,31.74,32.67,31.74,32.11,40712
2008-06-17 00:00:00+05:30,31.97,32.91,31.87,32.7,33624
2008-06-18 00:00:00+05:30,32.62,33.27,32.2,32.29,38672
2008-06-19 00:00:00+05:30,32.42,32.42,31.73,32.02,42240
2008-06-20 00:00:00+05:30,31.7,32.32,31.7,32.02,113480
2008-06-23 00:00:00+05:30,31.5,32.2,30.89,31.02,28960
2008-06-24 00:00:00+05:30,30.36,31.13,30.19,30.57,45520
2008-06-25 00:00:00+05:30,30.78,30.89,30.43,30.81,31304
2008-06-26 00:00:00+05:30,31.2,31.2,30.54,30.65,21400
2008-06-27 00:00:00+05:30,30.31,30.53,29.71,30.23,79976
2008-06-30 00:00:00+05:30,29.82,30.89,29.34,30.78,171648
2008-07-01 00:00:00+05:30,30.34,30.89,29.19,30.05,945456
2008-07-02 00:00:00+05:30,29.47,30.11,28.99,29.51,246304
2008-07-03 00:00:00+05:30,29.71,29.71,28.63,28.79,2445208
2008-07-04 00:00:00+05:30,29.11,29.11,27.8,28.11,138528
2008-07-07 00:00:00+05:30,28.52,29.58,28.52,29.06,278224
2008-07-08 00:00:00+05:30,28.52,29.17,28.04,28.96,107704
2008-07-09 00:00:00+05:30,29.34,29.69,28.99,29.07,332792
2008-07-10 00:00:00+05:30,29.35,29.69,29.11,29.26,158896
2008-07-11 00:00:00+05:30,29.39,29.44,29.01,29.17,42832
2008-07-14 00:00:00+05:30,28.19,30.3,28.19,29.71,205736
2008-07-15 00:00:00+05:30,29.12,29.59,28.27,28.6,86944
2008-07-16 00:00:00+05:30,28.59,29.11,28.27,28.65,22816
2008-07-17 00:00:00+05:30,28.94,29.94,28.75,29.74,45192
2008-07-18 00:00:00+05:30,28.94,29.7,28.94,29.3,28768
2008-07-21 00:00:00+05:30,29.47,29.67,28.75,28.83,27832
2008-07-22 00:00:00+05:30,29.34,29.68,28.88,29.56,11408
2008-07-23 00:00:00+05:30,30.3,30.87,30.06,30.47,47968
2008-07-24 00:00:00+05:30,30.89,31.25,30.42,30.91,87352
2008-07-25 00:00:00+05:30,30.88,31.13,29.8,30.87,40848
2008-07-28 00:00:00+05:30,31.25,31.96,30.89,31.41,39552
2008-07-29 00:00:00+05:30,31.84,33.5,30.89,32.88,888512
2008-07-30 00:00:00+05:30,32.68,33.89,32.68,33.77,130048
2008-07-31 00:00:00+05:30,34.33,34.46,33.5,34.01,285816
2008-08-01 00:00:00+05:30,34.1,34.67,33.62,34.5,136800
2008-08-04 00:00:00+05:30,34.5,35.62,34.5,35.35,125288
2008-08-05 00:00:00+05:30,35.64,37.07,35.63,36.76,283344
2008-08-06 00:00:00+05:30,37.19,38.15,36.86,37.86,649064
2008-08-07 00:00:00+05:30,37.43,38.14,37.43,38.01,284936
2008-08-08 00:00:00+05:30,37.43,37.49,36.4,37.36,225280
2008-08-11 00:00:00+05:30,37.07,37.43,36.24,36.4,169192
2008-08-12 00:00:00+05:30,36.36,36.83,35.78,36.59,142240
2008-08-13 00:00:00+05:30,36.24,37.78,36.24,37.54,469280
2008-08-14 00:00:00+05:30,37.43,38.62,36.95,37.43,759520
2008-08-18 00:00:00+05:30,37.13,38.68,37.11,37.92,382200
2008-08-19 00:00:00+05:30,37.88,37.9,36.83,36.98,66096
2008-08-20 00:00:00+05:30,37.43,38.13,37.01,37.23,56464
2008-08-21 00:00:00+05:30,37.19,37.66,37.01,37.28,180096
2008-08-22 00:00:00+05:30,36.6,36.94,35.78,36.12,289288
2008-08-25 00:00:00+05:30,36.25,37.06,35.93,36.89,285280
2008-08-26 00:00:00+05:30,36.95,37.3,36.48,37.24,52128
2008-08-27 00:00:00+05:30,37.3,39.33,36.87,38.67,630480
2008-08-28 00:00:00+05:30,38.74,41.23,38.27,38.95,1594144
2008-08-29 00:00:00+05:30,39.09,40.87,39.09,40.4,442112
2008-09-01 00:00:00+05:30,39.15,40.38,38.86,39.2,171752
2008-09-02 00:00:00+05:30,39.16,40.62,39.14,39.88,161904
2008-09-04 00:00:00+05:30,39.64,41.46,39.33,41.28,248848
2008-09-05 00:00:00+05:30,40.86,42.17,40.4,41.0,492624
2008-09-08 00:00:00+05:30,41.26,41.82,40.37,40.41,221608
2008-09-09 00:00:00+05:30,40.4,41.69,39.92,40.82,310888
2008-09-10 00:00:00+05:30,40.75,41.46,40.64,41.1,207320
2008-09-11 00:00:00+05:30,40.42,41.95,40.42,41.6,189976
2008-09-12 00:00:00+05:30,42.3,42.3,40.87,41.14,351952
2008-09-15 00:00:00+05:30,40.16,41.35,39.49,40.64,276632
2008-09-16 00:00:00+05:30,39.49,40.87,39.49,40.57,174696
2008-09-17 00:00:00+05:30,40.64,40.93,38.77,39.37,108400
2008-09-18 00:00:00+05:30,37.43,38.37,36.64,37.64,294024
2008-09-19 00:00:00+05:30,38.27,40.4,38.21,39.93,319368
2008-09-22 00:00:00+05:30,40.28,40.38,39.46,39.84,49504
2008-09-23 00:00:00+05:30,39.44,39.68,38.15,38.48,55416
2008-09-24 00:00:00+05:30,37.67,39.8,37.67,39.7,84696
2008-09-25 00:00:00+05:30,39.69,40.28,39.28,39.82,142120
2008-09-26 00:00:00+05:30,39.81,39.81,38.86,39.47,3389584
2008-09-29 00:00:00+05:30,39.66,39.78,38.91,39.49,623952
2008-09-30 00:00:00+05:30,36.91,40.99,36.86,40.68,318544
2008-10-01 00:00:00+05:30,41.35,41.46,39.58,40.78,198624
2008-10-03 00:00:00+05:30,40.99,40.99,39.82,40.3,133840
2008-10-06 00:00:00+05:30,40.16,40.16,38.15,38.74,412576
2008-10-07 00:00:00+05:30,39.1,40.22,38.67,39.09,533232
2008-10-08 00:00:00+05:30,38.5,38.73,37.3,38.42,316192
2008-10-10 00:00:00+05:30,37.55,39.21,33.98,35.14,152096
2008-10-13 00:00:00+05:30,35.05,36.22,33.86,35.24,166800
2008-10-14 00:00:00+05:30,36.36,36.95,36.04,36.24,66752
2008-10-15 00:00:00+05:30,36.0,36.0,34.47,34.96,71240
2008-10-16 00:00:00+05:30,33.65,37.05,33.27,35.75,341936
2008-10-17 00:00:00+05:30,37.19,37.78,36.0,36.74,224416
2008-10-20 00:00:00+05:30,37.07,37.9,36.74,37.25,200904
2008-10-21 00:00:00+05:30,37.9,37.97,36.83,36.91,61120
2008-10-22 00:00:00+05:30,36.17,37.07,36.1,36.5,42880
2008-10-23 00:00:00+05:30,35.65,36.24,35.18,35.73,135184
2008-10-24 00:00:00+05:30,35.53,35.53,33.28,34.01,151832
2008-10-27 00:00:00+05:30,33.86,33.86,31.03,32.6,160576
2008-10-28 00:00:00+05:30,32.8,33.85,32.69,33.57,21936
2008-10-29 00:00:00+05:30,33.86,34.22,33.03,33.88,45712
2008-10-31 00:00:00+05:30,34.92,35.41,33.64,35.04,144448
2008-11-03 00:00:00+05:30,35.62,36.0,34.84,35.67,54088
2008-11-04 00:00:00+05:30,35.64,35.89,34.97,35.53,55264
2008-11-05 00:00:00+05:30,37.55,37.55,33.87,34.1,51992
2008-11-06 00:00:00+05:30,33.28,34.21,31.48,32.25,269960
2008-11-07 00:00:00+05:30,32.32,33.86,32.2,32.87,236144
2008-11-10 00:00:00+05:30,32.68,34.28,32.68,33.28,157272
2008-11-11 00:00:00+05:30,33.03,35.17,33.03,34.71,256536
2008-11-12 00:00:00+05:30,35.05,35.89,34.46,35.64,156560
2008-11-14 00:00:00+05:30,36.12,36.12,35.41,35.65,203744
2008-11-17 00:00:00+05:30,35.65,36.04,34.82,35.88,191320
2008-11-18 00:00:00+05:30,35.29,36.0,35.12,35.81,94496
2008-11-19 00:00:00+05:30,36.21,36.21,35.05,35.63,62928
2008-11-20 00:00:00+05:30,35.06,36.11,34.93,35.87,259232
2008-11-21 00:00:00+05:30,35.19,36.0,35.19,35.77,209840
2008-11-24 00:00:00+05:30,36.24,36.46,36.02,36.12,138544
2008-11-25 00:00:00+05:30,36.71,36.82,36.03,36.24,84136
2008-11-26 00:00:00+05:30,36.57,37.65,35.78,36.82,142032
2008-11-28 00:00:00+05:30,36.93,36.93,35.66,36.31,104960
2008-12-01 00:00:00+05:30,36.36,36.59,35.64,35.67,104632
2008-12-02 00:00:00+05:30,36.22,37.03,35.65,36.29,112432
2008-12-03 00:00:00+05:30,36.77,37.36,36.36,37.13,275496
2008-12-04 00:00:00+05:30,37.21,37.49,37.1,37.24,253776
2008-12-05 00:00:00+05:30,36.49,37.78,36.24,36.98,111736
2008-12-08 00:00:00+05:30,37.55,37.55,35.6,35.67,523480
2008-12-10 00:00:00+05:30,36.12,36.12,35.19,35.84,505184
2008-12-11 00:00:00+05:30,36.02,36.02,35.29,35.32,143352
2008-12-12 00:00:00+05:30,35.05,35.88,34.82,34.95,89120
2008-12-15 00:00:00+05:30,34.82,36.04,34.82,35.75,42552
2008-12-16 00:00:00+05:30,35.65,36.0,35.05,35.68,82416
2008-12-17 00:00:00+05:30,35.68,36.04,35.29,35.64,560392
2008-12-18 00:00:00+05:30,35.27,36.89,35.27,36.18,180024
2008-12-19 00:00:00+05:30,36.02,36.59,36.0,36.25,57256
2008-12-22 00:00:00+05:30,36.64,38.73,36.42,38.21,1229456
2008-12-23 00:00:00+05:30,38.97,39.79,36.98,37.41,364648
2008-12-24 00:00:00+05:30,36.4,38.26,36.4,38.02,82296
2008-12-26 00:00:00+05:30,37.5,39.78,37.5,38.7,304144
2008-12-29 00:00:00+05:30,41.23,42.78,40.06,40.5,1173456
2008-12-30 00:00:00+05:30,41.32,41.32,39.8,40.2,194632
2008-12-31 00:00:00+05:30,40.29,40.64,39.57,39.98,141304
2009-01-01 00:00:00+05:30,39.44,40.16,39.33,39.5,32472
2009-01-02 00:00:00+05:30,39.45,40.22,38.85,39.54,62608
2009-01-05 00:00:00+05:30,39.9,40.16,39.03,39.9,83960
2009-01-06 00:00:00+05:30,39.34,40.28,38.78,39.16,69248
2009-01-07 00:00:00+05:30,38.92,39.89,37.86,38.33,65768
2009-01-09 00:00:00+05:30,37.78,38.3,36.83,37.38,72744
2009-01-12 00:00:00+05:30,38.02,38.02,36.4,36.84,136608
2009-01-13 00:00:00+05:30,36.83,37.76,36.71,37.33,45440
2009-01-14 00:00:00+05:30,37.78,39.44,37.0,38.61,106424
2009-01-15 00:00:00+05:30,38.49,39.44,37.55,38.51,572664
2009-01-16 00:00:00+05:30,38.38,39.03,37.9,38.16,31688
2009-01-19 00:00:00+05:30,38.2,38.2,37.55,37.79,54208
2009-01-20 00:00:00+05:30,37.3,39.09,37.3,38.86,214336
2009-01-21 00:00:00+05:30,38.27,39.44,38.14,38.37,44488
2009-01-22 00:00:00+05:30,37.19,38.97,37.19,37.91,10352
2009-01-23 00:00:00+05:30,37.55,39.21,37.32,38.51,61072
2009-01-27 00:00:00+05:30,38.62,39.44,37.92,39.19,77192
2009-01-28 00:00:00+05:30,38.97,39.8,38.26,39.26,1655640
2009-01-29 00:00:00+05:30,39.21,39.69,38.73,39.31,113408
2009-01-30 00:00:00+05:30,39.21,40.16,38.69,39.37,107592
2009-02-02 00:00:00+05:30,39.69,39.8,38.62,39.21,158256
2009-02-03 00:00:00+05:30,39.36,39.65,38.2,38.67,221936
2009-02-04 00:00:00+05:30,38.62,38.62,38.02,38.08,33976
2009-02-05 00:00:00+05:30,37.49,38.02,37.3,37.68,64352
2009-02-06 00:00:00+05:30,36.48,39.91,36.48,38.13,350856
2009-02-09 00:00:00+05:30,38.84,38.85,37.46,37.69,144088
2009-02-10 00:00:00+05:30,37.97,37.97,37.3,37.4,59448
2009-02-11 00:00:00+05:30,37.3,38.13,36.83,37.94,451800
2009-02-12 00:00:00+05:30,37.55,38.58,37.55,38.07,105600
2009-02-13 00:00:00+05:30,38.08,39.41,37.9,38.02,361984
2009-02-16 00:00:00+05:30,41.43,41.43,37.62,37.8,76272
2009-02-17 00:00:00+05:30,37.19,38.29,36.95,37.88,34584
2009-02-18 00:00:00+05:30,37.19,37.72,36.85,37.15,129800
2009-02-19 00:00:00+05:30,37.19,37.36,36.54,36.71,37488
2009-02-20 00:00:00+05:30,36.24,36.99,36.19,36.8,28136
2009-02-24 00:00:00+05:30,36.59,36.83,35.89,36.24,322816
2009-02-25 00:00:00+05:30,36.77,36.77,35.9,36.13,114576
2009-02-26 00:00:00+05:30,36.48,36.62,36.06,36.42,283296
2009-02-27 00:00:00+05:30,36.47,36.69,36.29,36.48,64632
2009-03-02 00:00:00+05:30,36.59,36.77,35.96,36.51,27128
2009-03-03 00:00:00+05:30,36.24,36.42,36.01,36.16,22688
2009-03-04 00:00:00+05:30,36.02,36.31,35.62,35.67,203072
2009-03-05 00:00:00+05:30,35.76,35.99,34.57,35.23,73552
2009-03-06 00:00:00+05:30,34.1,35.64,34.1,35.19,32088
2009-03-09 00:00:00+05:30,34.58,35.64,34.58,35.2,28416
2009-03-12 00:00:00+05:30,34.64,36.12,34.64,35.4,618128
2009-03-13 00:00:00+05:30,35.54,35.93,35.29,35.5,87368
2009-03-16 00:00:00+05:30,35.64,35.84,35.3,35.54,120608
2009-03-17 00:00:00+05:30,36.24,38.02,35.64,36.24,112088
2009-03-18 00:00:00+05:30,36.8,37.07,36.0,36.28,1920112
2009-03-19 00:00:00+05:30,36.8,36.81,36.13,36.25,19816
2009-03-20 00:00:00+05:30,36.71,36.71,36.0,36.19,164320
2009-03-23 00:00:00+05:30,35.89,37.66,35.89,37.33,101912
2009-03-24 00:00:00+05:30,37.43,37.78,37.19,37.37,180256
2009-03-25 00:00:00+05:30,37.43,38.14,37.3,37.86,87072
2009-03-26 00:00:00+05:30,37.6,38.73,37.43,38.32,65576
2009-03-27 00:00:00+05:30,37.66,38.5,37.66,38.04,125336
2009-03-30 00:00:00+05:30,38.02,38.67,37.62,38.16,292992
2009-03-31 00:00:00+05:30,37.72,39.21,37.72,38.96,50656
2009-04-01 00:00:00+05:30,38.2,39.33,38.2,38.84,29224
2009-04-02 00:00:00+05:30,39.66,40.86,38.8,40.68,180904
2009-04-06 00:00:00+05:30,40.28,41.23,38.73,39.84,204896
2009-04-08 00:00:00+05:30,38.88,40.67,38.88,40.32,1466296
2009-04-09 00:00:00+05:30,39.49,41.35,39.49,40.32,246256
2009-04-13 00:00:00+05:30,39.7,39.81,39.21,39.54,728136
2009-04-15 00:00:00+05:30,39.24,39.56,38.5,38.87,296792
2009-04-16 00:00:00+05:30,38.97,39.14,38.02,38.61,117864
2009-04-17 00:00:00+05:30,39.14,39.24,38.37,38.88,168576
2009-04-20 00:00:00+05:30,39.21,39.44,38.37,38.58,286664
2009-04-21 00:00:00+05:30,38.26,39.21,38.15,38.93,439056
2009-04-22 00:00:00+05:30,38.31,38.79,37.43,37.45,125968
2009-04-23 00:00:00+05:30,38.02,38.36,36.4,36.95,119264
2009-04-24 00:00:00+05:30,36.83,39.09,36.82,38.16,444936
2009-04-27 00:00:00+05:30,36.95,38.56,36.95,37.86,157184
2009-04-28 00:00:00+05:30,38.14,39.04,38.14,38.86,384232
2009-04-29 00:00:00+05:30,38.63,41.57,38.63,40.7,476480
2009-05-04 00:00:00+05:30,41.35,42.17,40.04,40.54,1450824
2009-05-05 00:00:00+05:30,40.54,41.23,38.94,39.37,270680
2009-05-06 00:00:00+05:30,39.21,39.78,38.97,39.27,304592
2009-05-07 00:00:00+05:30,39.79,40.63,38.99,39.11,141008
2009-05-08 00:00:00+05:30,39.03,40.4,38.85,40.0,154456
2009-05-11 00:00:00+05:30,39.21,39.8,38.99,39.06,79888
2009-05-12 00:00:00+05:30,39.21,39.21,38.74,39.03,1332080
2009-05-13 00:00:00+05:30,38.99,39.38,38.99,38.99,25056
2009-05-14 00:00:00+05:30,38.99,39.33,38.85,39.09,239224
2009-05-15 00:00:00+05:30,38.99,39.73,38.74,39.41,189048
2009-05-18 00:00:00+05:30,41.35,41.35,41.35,41.35,1600
2009-05-19 00:00:00+05:30,41.94,41.94,38.65,38.97,1292224
2009-05-20 00:00:00+05:30,38.99,39.8,38.94,39.08,778464
2009-05-21 00:00:00+05:30,39.0,42.71,38.99,41.21,2559912
2009-05-22 00:00:00+05:30,41.35,42.53,39.33,40.54,318320
2009-05-25 00:00:00+05:30,41.08,41.21,40.04,40.76,302728
2009-05-26 00:00:00+05:30,41.23,41.23,39.21,39.93,323280
2009-05-27 00:00:00+05:30,40.04,40.99,38.88,39.1,2258736
2009-05-28 00:00:00+05:30,39.69,40.16,38.99,39.86,203976
2009-05-29 00:00:00+05:30,40.28,40.87,39.69,39.97,409000
2009-06-01 00:00:00+05:30,39.77,40.99,39.77,40.36,1447096
2009-06-02 00:00:00+05:30,39.93,40.4,38.99,39.62,116528
2009-06-03 00:00:00+05:30,39.8,40.38,39.38,39.59,212176
2009-06-04 00:00:00+05:30,39.27,40.21,38.99,39.38,1634248
2009-06-05 00:00:00+05:30,40.08,40.36,39.12,39.54,395976
2009-06-08 00:00:00+05:30,38.71,40.16,38.71,39.0,1928192
2009-06-09 00:00:00+05:30,39.38,39.44,38.74,39.11,228648
2009-06-10 00:00:00+05:30,39.13,39.96,39.0,39.45,210200
2009-06-11 00:00:00+05:30,39.01,39.79,39.01,39.68,360232
2009-06-12 00:00:00+05:30,40.13,41.42,39.8,40.3,1473736
2009-06-15 00:00:00+05:30,40.42,41.23,40.22,40.36,173248
2009-06-16 00:00:00+05:30,40.28,41.41,39.8,41.2,244328
2009-06-17 00:00:00+05:30,41.0,47.4,41.0,43.52,3065928
2009-06-18 00:00:00+05:30,43.49,45.39,42.06,44.35,1309568
2009-06-19 00:00:00+05:30,45.71,45.71,42.89,44.33,495192
2009-06-22 00:00:00+05:30,45.11,45.11,43.05,43.63,355856
2009-06-23 00:00:00+05:30,42.34,43.96,41.82,42.59,141784
2009-06-24 00:00:00+05:30,42.18,43.37,42.18,42.92,79304
2009-06-25 00:00:00+05:30,42.89,43.46,42.2,43.0,547568
2009-06-26 00:00:00+05:30,43.37,45.96,43.37,44.47,599504
2009-06-29 00:00:00+05:30,44.28,45.11,44.25,44.36,223008
2009-06-30 00:00:00+05:30,44.79,44.89,44.08,44.28,424256
2009-07-01 00:00:00+05:30,44.86,44.9,44.22,44.29,174008
2009-07-02 00:00:00+05:30,44.56,44.79,43.97,44.3,807064
2009-07-03 00:00:00+05:30,44.44,45.51,44.31,45.07,1098704
2009-07-06 00:00:00+05:30,45.16,45.61,43.37,43.78,212576
2009-07-07 00:00:00+05:30,43.85,47.98,43.13,43.56,2845832
2009-07-08 00:00:00+05:30,43.72,44.12,42.32,42.47,701784
2009-07-09 00:00:00+05:30,42.98,45.09,42.42,44.73,397632
2009-07-10 00:00:00+05:30,44.79,45.74,44.5,44.92,265528
2009-07-13 00:00:00+05:30,44.44,44.97,43.5,43.93,128016
2009-07-14 00:00:00+05:30,43.97,45.03,43.97,44.63,84880
2009-07-15 00:00:00+05:30,44.91,45.39,44.7,44.9,101312
2009-07-16 00:00:00+05:30,44.79,46.81,44.73,45.96,208104
2009-07-17 00:00:00+05:30,47.4,47.4,45.3,45.74,1054224
2009-07-20 00:00:00+05:30,45.98,46.93,45.8,46.6,179104
2009-07-21 00:00:00+05:30,46.81,47.05,46.12,46.28,110720
2009-07-22 00:00:00+05:30,46.52,46.81,45.74,46.35,83432
2009-07-23 00:00:00+05:30,46.33,48.83,46.1,48.56,887104
2009-07-24 00:00:00+05:30,48.72,49.71,47.59,47.92,339528
2009-07-27 00:00:00+05:30,48.44,53.27,48.44,52.32,2775464
2009-07-28 00:00:00+05:30,52.27,55.13,50.18,54.24,1381768
2009-07-29 00:00:00+05:30,54.06,56.08,53.62,54.84,645272
2009-07-30 00:00:00+05:30,54.41,55.59,52.88,53.55,1293352
2009-07-31 00:00:00+05:30,53.71,56.32,53.0,53.41,484520
2009-08-03 00:00:00+05:30,53.24,54.03,51.73,52.17,398048
2009-08-04 00:00:00+05:30,52.93,56.06,52.34,55.61,1118296
2009-08-05 00:00:00+05:30,55.96,58.2,55.96,56.95,966712
2009-08-06 00:00:00+05:30,57.03,58.81,54.54,55.33,766840
2009-08-07 00:00:00+05:30,55.61,55.61,53.96,54.31,211592
2009-08-10 00:00:00+05:30,54.37,56.32,53.71,54.29,184248
2009-08-11 00:00:00+05:30,54.64,54.65,53.23,54.0,342312
2009-08-12 00:00:00+05:30,53.48,54.18,52.66,52.96,1196128
2009-08-13 00:00:00+05:30,53.46,55.13,53.41,54.25,216864
2009-08-14 00:00:00+05:30,54.65,55.24,53.47,54.84,967480
2009-08-17 00:00:00+05:30,54.64,55.72,54.63,54.86,1891416
2009-08-18 00:00:00+05:30,54.67,58.34,54.67,57.61,1183360
2009-08-19 00:00:00+05:30,58.15,59.29,56.57,57.4,490176
2009-08-20 00:00:00+05:30,57.62,58.57,57.03,57.65,233096
2009-08-21 00:00:00+05:30,58.44,58.44,56.35,56.86,411456
2009-08-24 00:00:00+05:30,58.09,58.09,56.55,56.84,262752
2009-08-25 00:00:00+05:30,57.21,57.21,56.36,56.75,358136
2009-08-26 00:00:00+05:30,56.75,57.75,56.36,56.4,1177568
2009-08-27 00:00:00+05:30,55.96,59.93,55.85,57.88,1609160
2009-08-28 00:00:00+05:30,57.9,59.41,57.62,58.12,737440
2009-08-31 00:00:00+05:30,57.97,58.81,57.62,58.2,225232
2009-09-01 00:00:00+05:30,58.5,60.39,57.69,57.95,1195096
2009-09-02 00:00:00+05:30,57.05,58.81,56.43,57.81,181544
2009-09-03 00:00:00+05:30,58.22,58.62,57.16,57.44,215456
2009-09-04 00:00:00+05:30,57.24,58.45,57.23,57.53,100112
2009-09-07 00:00:00+05:30,58.22,59.88,57.79,59.39,439664
2009-09-08 00:00:00+05:30,58.23,59.81,58.0,58.18,309864
2009-09-09 00:00:00+05:30,58.18,58.81,57.26,57.47,210496
2009-09-10 00:00:00+05:30,58.8,58.8,56.36,57.07,285872
2009-09-11 00:00:00+05:30,57.03,57.8,55.01,55.91,624736
2009-09-14 00:00:00+05:30,56.08,56.65,56.08,56.33,767104
2009-09-15 00:00:00+05:30,57.5,57.61,56.32,56.37,209784
2009-09-16 00:00:00+05:30,56.32,56.91,56.32,56.36,352912
2009-09-17 00:00:00+05:30,55.96,57.0,55.96,56.41,217496
2009-09-18 00:00:00+05:30,55.44,58.46,55.44,57.56,983432
2009-09-22 00:00:00+05:30,56.68,58.16,56.68,56.99,211480
2009-09-23 00:00:00+05:30,57.49,58.45,56.36,56.48,335448
2009-09-24 00:00:00+05:30,56.36,56.91,56.31,56.44,281976
2009-09-25 00:00:00+05:30,57.3,57.59,56.22,57.2,288912
2009-09-29 00:00:00+05:30,57.86,60.48,57.75,58.77,1018512
2009-09-30 00:00:00+05:30,57.64,61.05,57.64,59.5,1283464
2009-10-01 00:00:00+05:30,60.59,62.71,59.05,62.12,3262392
2009-10-05 00:00:00+05:30,62.02,63.68,61.87,62.43,1251928
2009-10-06 00:00:00+05:30,62.97,63.32,60.23,61.49,461112
2009-10-07 00:00:00+05:30,62.85,65.23,61.91,63.49,1770056
2009-10-08 00:00:00+05:30,64.69,69.14,63.8,66.55,4294056
2009-10-09 00:00:00+05:30,67.06,68.44,66.08,66.67,1249504
2009-10-12 00:00:00+05:30,66.65,67.6,64.75,65.36,748744
2009-10-14 00:00:00+05:30,66.1,67.12,65.65,65.82,641656
2009-10-15 00:00:00+05:30,66.53,66.64,64.91,65.1,492904
2009-10-16 00:00:00+05:30,65.11,67.31,64.76,66.44,1058888
2009-10-20 00:00:00+05:30,68.91,70.46,67.44,67.77,1008040
2009-10-21 00:00:00+05:30,67.37,68.44,66.31,66.63,684496
2009-10-22 00:00:00+05:30,67.11,67.95,66.06,66.58,297504
2009-10-23 00:00:00+05:30,67.12,68.89,67.04,68.36,816320
2009-10-26 00:00:00+05:30,68.32,69.86,64.76,65.22,2121928
2009-10-27 00:00:00+05:30,65.46,65.46,62.79,63.14,640840
2009-10-28 00:00:00+05:30,63.57,64.78,62.4,64.58,469816
2009-10-29 00:00:00+05:30,64.51,65.35,63.0,63.88,292736
2009-10-30 00:00:00+05:30,64.51,65.82,62.61,63.03,324568
2009-11-03 00:00:00+05:30,63.32,63.57,62.37,62.45,296632
2009-11-04 00:00:00+05:30,62.61,64.01,61.32,62.02,401552
2009-11-05 00:00:00+05:30,62.29,63.2,61.67,62.87,188056
2009-11-06 00:00:00+05:30,63.09,64.28,62.26,62.8,254296
2009-11-09 00:00:00+05:30,62.97,63.92,62.41,62.97,638432
2009-11-10 00:00:00+05:30,63.45,64.51,62.15,63.18,543112
2009-11-11 00:00:00+05:30,63.68,64.39,62.97,64.11,242568
2009-11-12 00:00:00+05:30,63.68,64.64,63.12,63.54,313032
2009-11-13 00:00:00+05:30,63.22,63.86,62.4,62.96,527768
2009-11-16 00:00:00+05:30,62.53,63.44,62.5,62.95,1187952
2009-11-17 00:00:00+05:30,62.74,63.3,61.78,61.95,936776
2009-11-18 00:00:00+05:30,61.91,62.6,61.78,62.27,135864
2009-11-19 00:00:00+05:30,62.39,62.82,61.43,61.8,411360
2009-11-20 00:00:00+05:30,61.78,63.32,61.66,62.66,127776
2009-11-23 00:00:00+05:30,62.97,65.11,62.14,63.22,370024
2009-11-24 00:00:00+05:30,64.12,64.58,63.09,63.44,174200
2009-11-25 00:00:00+05:30,63.74,64.16,62.74,63.05,97120
2009-11-26 00:00:00+05:30,63.92,63.92,62.5,62.94,113448
2009-11-27 00:00:00+05:30,62.26,63.31,61.91,62.98,145456
2009-11-30 00:00:00+05:30,63.1,64.28,62.48,63.95,152168
2009-12-01 00:00:00+05:30,64.45,67.05,63.01,64.37,559344
2009-12-02 00:00:00+05:30,65.29,65.82,64.77,65.6,739816
2009-12-03 00:00:00+05:30,66.18,67.12,65.82,66.56,304640
2009-12-04 00:00:00+05:30,66.3,67.01,66.13,66.33,179464
2009-12-07 00:00:00+05:30,66.65,67.25,66.3,66.4,105888
2009-12-08 00:00:00+05:30,66.3,67.74,66.3,66.32,457584
2009-12-09 00:00:00+05:30,66.3,67.48,66.3,66.6,146744
2009-12-10 00:00:00+05:30,66.88,66.89,66.22,66.35,228496
2009-12-11 00:00:00+05:30,67.12,67.23,66.3,66.36,303080
2009-12-14 00:00:00+05:30,66.3,66.72,65.94,66.35,418064
2009-12-15 00:00:00+05:30,66.53,67.11,66.3,66.3,233128
2009-12-16 00:00:00+05:30,66.42,66.89,66.3,66.38,96720
2009-12-17 00:00:00+05:30,66.77,66.77,65.92,66.33,271768
2009-12-18 00:00:00+05:30,66.07,68.67,65.94,66.3,923496
2009-12-21 00:00:00+05:30,66.53,67.84,66.24,66.43,257992
2009-12-22 00:00:00+05:30,67.12,68.44,66.69,67.91,351344
2009-12-23 00:00:00+05:30,67.96,69.03,67.48,67.69,305720
2009-12-24 00:00:00+05:30,68.08,68.55,67.79,68.18,162480
2009-12-29 00:00:00+05:30,68.21,74.47,68.19,72.26,3013456
2009-12-30 00:00:00+05:30,72.12,73.36,71.28,71.44,703696
2009-12-31 00:00:00+05:30,71.88,72.79,71.17,71.86,331416
2010-01-04 00:00:00+05:30,72.71,72.71,70.23,70.87,441584
2010-01-05 00:00:00+05:30,71.28,71.96,70.69,71.3,213520
2010-01-06 00:00:00+05:30,72.47,72.47,70.23,70.41,243944
2010-01-07 00:00:00+05:30,70.84,72.12,70.14,70.68,886552
2010-01-08 00:00:00+05:30,71.88,71.88,70.22,70.83,260792
2010-01-11 00:00:00+05:30,70.69,73.36,70.69,73.22,1094120
2010-01-12 00:00:00+05:30,73.67,74.38,72.6,73.5,943360
2010-01-13 00:00:00+05:30,72.83,75.21,72.83,74.09,496128
2010-01-14 00:00:00+05:30,74.85,76.15,74.06,74.77,726784
2010-01-15 00:00:00+05:30,75.33,75.36,73.25,73.72,190520
2010-01-18 00:00:00+05:30,73.67,74.49,73.19,73.69,406080
2010-01-19 00:00:00+05:30,73.9,75.44,73.43,73.77,444856
2010-01-20 00:00:00+05:30,73.19,74.73,72.47,73.48,709976
2010-01-21 00:00:00+05:30,72.71,74.26,72.71,73.08,511136
2010-01-22 00:00:00+05:30,72.95,75.09,71.35,74.08,515424
2010-01-25 00:00:00+05:30,74.26,74.84,71.88,72.49,256224
2010-01-27 00:00:00+05:30,72.35,72.35,70.69,71.56,263272
2010-01-28 00:00:00+05:30,72.71,73.13,70.93,71.43,230184
2010-01-29 00:00:00+05:30,71.28,72.24,70.1,71.86,206440
2010-02-01 00:00:00+05:30,72.24,74.02,71.79,73.8,264256
2010-02-02 00:00:00+05:30,75.68,75.68,73.77,73.88,455736
2010-02-03 00:00:00+05:30,74.49,77.7,74.02,76.71,831456
2010-02-04 00:00:00+05:30,76.87,80.64,76.4,76.82,1346280
2010-02-05 00:00:00+05:30,74.14,76.51,73.9,75.49,433544
2010-02-08 00:00:00+05:30,79.72,80.19,76.64,77.71,373784
2010-02-09 00:00:00+05:30,77.82,78.98,76.28,77.44,278792
2010-02-10 00:00:00+05:30,78.42,80.56,77.82,78.81,998800
2010-02-11 00:00:00+05:30,79.84,82.44,78.91,80.78,1642136
2010-02-15 00:00:00+05:30,81.55,86.02,80.57,83.55,4347864
2010-02-16 00:00:00+05:30,85.55,85.55,83.3,83.65,1233568
2010-02-17 00:00:00+05:30,83.82,85.93,83.77,84.45,1567960
2010-02-18 00:00:00+05:30,85.42,85.66,77.22,77.78,10127096
2010-02-19 00:00:00+05:30,78.86,79.49,77.22,78.4,3937256
2010-02-22 00:00:00+05:30,78.91,79.49,77.7,77.88,1015176
2010-02-23 00:00:00+05:30,77.35,78.74,76.57,78.17,762640
2010-02-24 00:00:00+05:30,77.52,78.18,76.17,77.04,595392
2010-02-25 00:00:00+05:30,77.22,77.82,76.4,76.88,306504
2010-02-26 00:00:00+05:30,76.76,78.05,76.2,77.09,456424
2010-03-02 00:00:00+05:30,77.81,78.76,76.28,78.35,408600
2010-03-03 00:00:00+05:30,78.42,79.41,77.97,78.91,431160
2010-03-04 00:00:00+05:30,79.21,79.36,78.42,78.6,203520
2010-03-05 00:00:00+05:30,79.01,80.79,78.42,80.49,866160
2010-03-08 00:00:00+05:30,81.02,82.98,81.02,82.77,876328
2010-03-09 00:00:00+05:30,83.09,83.85,81.04,82.42,1412112
2010-03-10 00:00:00+05:30,82.56,83.99,81.87,82.81,1677056
2010-03-11 00:00:00+05:30,73.39,83.64,73.39,82.52,413424
2010-03-12 00:00:00+05:30,83.04,83.04,81.02,81.28,224672
2010-03-15 00:00:00+05:30,81.98,81.98,80.2,81.09,263760
2010-03-16 00:00:00+05:30,81.59,81.98,80.67,81.61,230120
2010-03-17 00:00:00+05:30,81.98,83.41,81.98,82.92,2936192
2010-03-18 00:00:00+05:30,83.16,83.4,81.06,81.29,730760
2010-03-19 00:00:00+05:30,81.97,82.45,80.62,81.02,2024784
2010-03-22 00:00:00+05:30,81.02,82.09,80.43,81.28,174624
2010-03-23 00:00:00+05:30,81.44,82.19,80.31,80.73,637728
2010-03-25 00:00:00+05:30,81.48,81.48,80.67,80.83,120376
2010-03-26 00:00:00+05:30,81.37,81.38,80.67,80.85,690328
2010-03-29 00:00:00+05:30,80.82,81.86,80.82,81.42,160000
2010-03-30 00:00:00+05:30,81.63,83.09,80.91,81.76,451584
2010-03-31 00:00:00+05:30,82.57,83.05,81.98,82.34,443248
2010-04-01 00:00:00+05:30,82.57,82.99,82.46,82.88,905352
2010-04-05 00:00:00+05:30,83.16,84.51,82.81,83.14,1380280
2010-04-06 00:00:00+05:30,83.64,87.31,83.36,86.55,2317136
2010-04-07 00:00:00+05:30,87.54,87.54,84.53,85.25,771024
2010-04-08 00:00:00+05:30,85.19,86.57,85.19,86.11,1030312
2010-04-09 00:00:00+05:30,89.11,89.11,85.54,86.56,577328
2010-04-12 00:00:00+05:30,86.97,88.27,86.73,87.94,303156
2010-04-13 00:00:00+05:30,87.94,88.27,85.07,87.45,190648
2010-04-15 00:00:00+05:30,88.63,91.86,87.45,90.42,1411732
2010-04-16 00:00:00+05:30,91.01,93.39,90.53,92.69,813448
2010-04-19 00:00:00+05:30,94.31,94.31,89.16,90.44,437352
2010-04-20 00:00:00+05:30,90.53,90.88,87.94,88.66,2030416
2010-04-21 00:00:00+05:30,89.11,89.11,86.73,86.88,319128
2010-04-22 00:00:00+05:30,87.66,87.66,85.56,86.46,605968
2010-04-23 00:00:00+05:30,86.73,87.85,86.06,86.47,213616
2010-04-26 00:00:00+05:30,86.73,87.68,86.04,86.31,417996
2010-04-27 00:00:00+05:30,86.01,87.83,86.01,87.11,230644
2010-04-28 00:00:00+05:30,85.56,89.34,84.59,87.78,345444
2010-04-29 00:00:00+05:30,88.87,90.44,87.7,89.24,216276
2010-04-30 00:00:00+05:30,89.59,90.27,86.84,87.16,245956
2010-05-03 00:00:00+05:30,86.25,88.52,86.25,88.12,343580
2010-05-04 00:00:00+05:30,88.16,88.63,85.34,86.22,325080
2010-05-05 00:00:00+05:30,86.02,88.59,83.27,86.82,338848
2010-05-06 00:00:00+05:30,87.68,87.92,86.02,86.88,282976
2010-05-07 00:00:00+05:30,88.63,88.75,84.36,88.21,344844
2010-05-10 00:00:00+05:30,88.63,90.18,87.51,89.77,260448
2010-05-11 00:00:00+05:30,90.53,91.8,90.3,91.2,237596
2010-05-12 00:00:00+05:30,91.46,92.55,87.4,89.82,259900
2010-05-13 00:00:00+05:30,90.74,90.74,89.34,90.34,289696
2010-05-14 00:00:00+05:30,89.34,91.0,89.34,90.31,140704
2010-05-17 00:00:00+05:30,89.82,90.77,83.41,90.39,179652
2010-05-18 00:00:00+05:30,90.05,90.53,89.34,89.84,64372
2010-05-19 00:00:00+05:30,89.11,89.69,88.16,88.65,127444
2010-05-20 00:00:00+05:30,89.34,89.34,87.45,88.02,92040
2010-05-21 00:00:00+05:30,87.21,88.02,86.44,87.23,102164
2010-05-24 00:00:00+05:30,87.47,89.84,87.47,89.61,154976
2010-05-25 00:00:00+05:30,90.01,90.01,87.99,88.61,167244
2010-05-26 00:00:00+05:30,89.11,89.3,88.52,88.75,88396
2010-05-27 00:00:00+05:30,88.63,90.3,88.41,89.48,111376
2010-05-28 00:00:00+05:30,89.82,90.74,88.39,89.12,90980
2010-05-31 00:00:00+05:30,90.03,90.37,88.16,90.1,449484
2010-06-01 00:00:00+05:30,89.59,89.59,88.22,88.54,49828
2010-06-02 00:00:00+05:30,89.11,91.19,88.39,90.82,227176
2010-06-03 00:00:00+05:30,91.48,96.68,91.48,93.45,725828
2010-06-04 00:00:00+05:30,94.1,97.19,93.86,94.56,570272
2010-06-07 00:00:00+05:30,92.67,94.54,91.51,93.3,125428
2010-06-08 00:00:00+05:30,93.84,95.5,93.14,95.07,206536
2010-06-09 00:00:00+05:30,95.91,95.91,94.88,95.08,112384
2010-06-10 00:00:00+05:30,95.76,100.52,95.28,99.87,625616
2010-06-11 00:00:00+05:30,98.85,104.98,98.63,99.53,1573172
2010-06-14 00:00:00+05:30,100.28,102.15,99.23,99.83,276148
2010-06-15 00:00:00+05:30,100.51,101.7,98.47,99.0,185368
2010-06-16 00:00:00+05:30,99.56,101.7,99.08,100.93,449480
2010-06-17 00:00:00+05:30,101.91,101.91,99.8,100.05,117520
2010-06-18 00:00:00+05:30,100.73,101.46,99.38,100.17,129004
2010-06-21 00:00:00+05:30,100.63,102.17,99.33,100.9,256680
2010-06-22 00:00:00+05:30,99.8,103.72,97.68,102.04,583444
2010-06-23 00:00:00+05:30,102.42,103.83,102.17,103.52,186544
2010-06-24 00:00:00+05:30,104.24,104.53,102.72,103.81,299164
2010-06-25 00:00:00+05:30,103.81,104.56,100.76,102.06,163908
2010-06-28 00:00:00+05:30,102.65,106.29,100.71,104.51,976612
2010-06-29 00:00:00+05:30,105.26,106.69,104.08,105.67,586848
2010-06-30 00:00:00+05:30,104.56,106.16,104.14,104.99,192684
2010-07-01 00:00:00+05:30,104.56,105.26,98.01,102.87,309424
2010-07-02 00:00:00+05:30,102.87,104.53,101.94,102.49,102524
2010-07-05 00:00:00+05:30,102.17,103.32,101.7,102.28,75368
2010-07-06 00:00:00+05:30,102.6,103.3,100.63,101.51,178568
2010-07-07 00:00:00+05:30,101.51,102.42,100.4,101.03,186424
2010-07-08 00:00:00+05:30,101.0,103.59,101.0,102.36,200164
2010-07-09 00:00:00+05:30,102.84,103.72,102.54,102.87,130540
2010-07-12 00:00:00+05:30,103.56,103.77,101.61,101.94,150548
2010-07-13 00:00:00+05:30,102.17,103.33,102.17,102.52,124044
2010-07-14 00:00:00+05:30,103.36,109.76,102.65,106.35,1139748
2010-07-15 00:00:00+05:30,107.64,110.68,106.93,107.83,1418172
2010-07-16 00:00:00+05:30,108.36,109.32,107.68,108.28,411168
2010-07-19 00:00:00+05:30,108.4,109.77,107.64,108.68,270096
2010-07-20 00:00:00+05:30,108.38,110.63,107.17,108.89,664892
2010-07-21 00:00:00+05:30,108.95,113.23,108.83,111.36,629312
2010-07-22 00:00:00+05:30,110.84,112.34,109.56,111.63,356972
2010-07-23 00:00:00+05:30,112.16,113.59,110.73,111.11,332336
2010-07-26 00:00:00+05:30,111.68,113.22,111.29,112.23,295752
2010-07-27 00:00:00+05:30,112.3,112.87,111.68,112.06,86160
2010-07-28 00:00:00+05:30,111.94,112.52,109.77,110.12,157644
2010-07-29 00:00:00+05:30,109.85,111.19,109.8,110.68,406556
2010-07-30 00:00:00+05:30,111.2,112.39,109.54,110.45,409272
2010-08-02 00:00:00+05:30,110.97,111.45,109.31,109.7,102108
2010-08-03 00:00:00+05:30,110.02,110.49,108.15,108.46,124008
2010-08-04 00:00:00+05:30,108.11,109.91,106.99,109.58,247472
2010-08-05 00:00:00+05:30,109.77,112.8,109.77,110.1,412692
2010-08-06 00:00:00+05:30,110.92,112.87,110.49,111.58,371612
2010-08-09 00:00:00+05:30,112.48,112.52,110.99,111.8,205508
2010-08-10 00:00:00+05:30,111.68,112.16,110.84,111.69,175960
2010-08-11 00:00:00+05:30,112.39,112.39,111.45,111.75,128708
2010-08-12 00:00:00+05:30,111.23,112.87,110.49,111.73,136184
2010-08-13 00:00:00+05:30,112.63,112.63,109.58,110.04,308072
2010-08-16 00:00:00+05:30,109.77,111.91,109.31,110.04,208728
2010-08-17 00:00:00+05:30,110.94,111.67,110.5,111.36,209412
2010-08-18 00:00:00+05:30,111.68,114.94,111.23,114.13,358552
2010-08-19 00:00:00+05:30,115.1,117.72,115.1,115.48,417696
2010-08-20 00:00:00+05:30,114.41,117.5,114.08,115.38,168608
2010-08-23 00:00:00+05:30,115.48,117.14,114.4,115.06,149644
2010-08-24 00:00:00+05:30,115.94,132.5,114.65,119.87,4340060
2010-08-25 00:00:00+05:30,118.42,126.22,115.72,116.37,3803280
2010-08-26 00:00:00+05:30,117.48,119.63,114.33,114.98,722776
2010-08-27 00:00:00+05:30,115.36,115.96,110.51,111.51,830412
2010-08-30 00:00:00+05:30,114.31,117.75,111.69,112.64,1116252
2010-08-31 00:00:00+05:30,112.68,114.29,110.77,113.33,1169020
2010-09-01 00:00:00+05:30,113.59,116.67,112.9,115.88,470368
2010-09-02 00:00:00+05:30,116.67,118.8,114.77,118.32,840372
2010-09-03 00:00:00+05:30,119.48,120.94,117.62,119.81,697104
2010-09-06 00:00:00+05:30,120.87,124.03,120.87,123.21,1160832
2010-09-07 00:00:00+05:30,123.8,124.51,122.61,123.68,735452
2010-09-08 00:00:00+05:30,124.03,125.39,122.16,122.78,496672
2010-09-09 00:00:00+05:30,122.68,124.3,121.52,122.0,282388
2010-09-13 00:00:00+05:30,122.14,127.12,122.14,125.38,1586452
2010-09-14 00:00:00+05:30,125.7,127.37,123.8,124.66,720576
2010-09-15 00:00:00+05:30,125.32,127.8,124.7,125.54,1046312
2010-09-16 00:00:00+05:30,124.79,125.69,122.37,123.0,289600
2010-09-17 00:00:00+05:30,123.56,125.22,121.66,124.01,759136
2010-09-20 00:00:00+05:30,122.61,124.72,121.3,122.12,245556
2010-09-21 00:00:00+05:30,122.48,125.93,119.41,119.79,810424
2010-09-22 00:00:00+05:30,120.02,123.21,116.67,117.68,835204
2010-09-23 00:00:00+05:30,118.12,119.68,116.5,117.04,278108
2010-09-24 00:00:00+05:30,117.5,119.04,117.16,117.71,299660
2010-09-27 00:00:00+05:30,119.51,119.57,115.0,115.3,518712
2010-09-28 00:00:00+05:30,115.48,121.8,115.25,120.4,931400
2010-09-29 00:00:00+05:30,120.48,122.14,118.03,118.66,342760
2010-09-30 00:00:00+05:30,109.86,122.14,109.86,120.97,629908
2010-10-01 00:00:00+05:30,121.19,121.41,119.63,120.01,560176
2010-10-04 00:00:00+05:30,121.16,122.85,118.8,119.52,478788
2010-10-05 00:00:00+05:30,120.55,121.66,119.31,119.91,306096
2010-10-06 00:00:00+05:30,121.16,121.2,119.28,119.96,410668
2010-10-07 00:00:00+05:30,120.77,122.37,119.52,120.27,422780
2010-10-08 00:00:00+05:30,119.53,120.83,117.4,118.21,612976
2010-10-11 00:00:00+05:30,115.27,120.9,115.27,120.18,323408
2010-10-12 00:00:00+05:30,140.22,140.22,118.34,119.01,621948
2010-10-13 00:00:00+05:30,120.92,127.12,118.12,118.44,793360
2010-10-14 00:00:00+05:30,119.69,120.0,115.79,116.22,695056
2010-10-15 00:00:00+05:30,116.43,116.43,109.54,110.48,1744724
2010-10-18 00:00:00+05:30,111.91,111.91,108.14,109.07,432008
2010-10-19 00:00:00+05:30,109.33,112.39,109.07,111.78,454064
2010-10-20 00:00:00+05:30,111.69,116.38,111.23,115.11,817648
2010-10-21 00:00:00+05:30,114.53,115.25,113.82,114.29,181324
2010-10-22 00:00:00+05:30,114.3,114.63,112.63,113.01,153868
2010-10-25 00:00:00+05:30,113.35,115.22,111.9,112.94,294728
2010-10-26 00:00:00+05:30,113.11,114.53,111.99,112.73,781076
2010-10-27 00:00:00+05:30,112.46,114.07,110.88,111.32,143904
2010-10-28 00:00:00+05:30,111.77,112.76,110.57,110.82,109080
2010-10-29 00:00:00+05:30,110.97,113.46,109.58,112.52,872604
2010-11-01 00:00:00+05:30,113.18,114.57,111.96,112.84,277992
2010-11-02 00:00:00+05:30,113.82,114.28,110.73,112.53,267136
2010-11-03 00:00:00+05:30,112.53,114.06,112.53,113.12,433864
2010-11-04 00:00:00+05:30,112.52,117.03,111.69,116.02,599528
2010-11-05 00:00:00+05:30,116.84,116.92,114.77,115.05,50060
2010-11-08 00:00:00+05:30,115.04,116.91,114.61,115.2,254032
2010-11-09 00:00:00+05:30,115.67,115.67,114.57,115.04,655144
2010-11-10 00:00:00+05:30,114.57,117.25,114.57,114.93,167152
2010-11-11 00:00:00+05:30,115.26,116.7,113.23,113.64,118568
2010-11-12 00:00:00+05:30,113.75,114.77,112.31,113.91,624588
2010-11-15 00:00:00+05:30,115.1,115.1,110.73,111.43,93136
2010-11-16 00:00:00+05:30,110.97,111.63,107.42,110.49,199468
2010-11-18 00:00:00+05:30,111.8,112.33,107.42,109.31,318592
2010-11-19 00:00:00+05:30,110.73,111.09,107.17,107.62,95724
2010-11-22 00:00:00+05:30,104.56,110.95,104.56,108.37,73004
2010-11-23 00:00:00+05:30,107.64,110.02,105.55,107.95,213968
2010-11-24 00:00:00+05:30,107.41,109.07,105.74,106.56,111744
2010-11-25 00:00:00+05:30,107.4,107.64,105.05,105.28,88152
2010-11-26 00:00:00+05:30,107.4,107.88,98.61,106.01,608256
2010-11-29 00:00:00+05:30,106.53,106.85,104.31,104.82,158804
2010-11-30 00:00:00+05:30,104.56,106.22,102.33,103.6,735532
2010-12-01 00:00:00+05:30,105.2,106.57,103.62,105.95,355344
2010-12-02 00:00:00+05:30,106.93,113.34,106.49,109.93,382696
2010-12-03 00:00:00+05:30,109.45,110.24,107.17,107.84,76940
2010-12-06 00:00:00+05:30,108.39,109.9,106.94,107.44,86108
2010-12-07 00:00:00+05:30,107.64,109.07,106.48,107.18,854644
2010-12-08 00:00:00+05:30,107.76,111.63,106.93,110.39,286828
2010-12-09 00:00:00+05:30,110.25,112.63,108.14,110.91,267392
2010-12-10 00:00:00+05:30,110.51,110.73,107.53,110.14,80492
2010-12-13 00:00:00+05:30,110.49,112.22,109.07,111.35,76512
2010-12-14 00:00:00+05:30,110.5,115.1,110.25,113.44,2154156
2010-12-15 00:00:00+05:30,113.59,114.87,110.74,111.26,436232
2010-12-16 00:00:00+05:30,111.68,113.61,109.59,110.38,112024
2010-12-20 00:00:00+05:30,110.84,112.94,109.31,112.3,168460
2010-12-21 00:00:00+05:30,111.45,112.87,110.97,111.16,56356
2010-12-22 00:00:00+05:30,111.69,111.93,108.14,109.88,203848
2010-12-23 00:00:00+05:30,109.35,109.39,107.4,107.78,140060
2010-12-24 00:00:00+05:30,109.05,109.05,106.62,106.87,145332
2010-12-27 00:00:00+05:30,106.93,108.13,106.71,107.0,154780
2010-12-28 00:00:00+05:30,107.0,107.88,105.89,107.15,44276
2010-12-29 00:00:00+05:30,107.88,107.98,106.24,107.5,89724
2010-12-30 00:00:00+05:30,106.97,108.06,106.71,107.53,44404
2010-12-31 00:00:00+05:30,107.04,109.66,106.69,108.89,95012
2011-01-03 00:00:00+05:30,108.38,110.47,108.38,109.22,85628
2011-01-04 00:00:00+05:30,108.85,110.12,107.88,108.41,59452
2011-01-05 00:00:00+05:30,109.31,109.54,108.13,108.46,275940
2011-01-06 00:00:00+05:30,108.59,109.29,106.1,106.87,216876
2011-01-07 00:00:00+05:30,104.56,109.74,104.56,106.98,385620
2011-01-10 00:00:00+05:30,106.93,107.85,105.74,105.99,71112
2011-01-11 00:00:00+05:30,104.56,106.78,100.68,101.78,173284
2011-01-12 00:00:00+05:30,101.46,105.03,100.99,103.34,275184
2011-01-13 00:00:00+05:30,103.32,106.69,102.68,104.99,302528
2011-01-14 00:00:00+05:30,104.6,105.67,101.22,102.87,114940
2011-01-17 00:00:00+05:30,99.8,106.83,99.8,105.38,632876
2011-01-18 00:00:00+05:30,107.88,107.88,104.56,106.86,453248
2011-01-19 00:00:00+05:30,106.91,106.91,104.62,105.0,49688
2011-01-20 00:00:00+05:30,104.58,105.92,103.66,104.9,57404
2011-01-21 00:00:00+05:30,105.73,105.73,104.56,104.85,20268
2011-01-24 00:00:00+05:30,104.57,105.92,104.35,105.37,89404
2011-01-25 00:00:00+05:30,104.8,105.5,104.08,104.4,56160
2011-01-27 00:00:00+05:30,105.38,105.38,102.58,103.0,37000
2011-01-28 00:00:00+05:30,103.57,103.57,98.85,99.26,127228
2011-01-31 00:00:00+05:30,100.87,100.87,95.53,98.41,290344
2011-02-01 00:00:00+05:30,99.33,101.22,96.35,96.7,86208
2011-02-02 00:00:00+05:30,97.9,99.8,95.06,95.57,173392
2011-02-03 00:00:00+05:30,95.57,97.86,95.53,96.73,104268
2011-02-04 00:00:00+05:30,97.07,97.07,95.55,96.22,438208
2011-02-07 00:00:00+05:30,96.47,96.47,93.45,95.33,110392
2011-02-08 00:00:00+05:30,94.83,98.81,94.1,95.81,317376
2011-02-09 00:00:00+05:30,95.05,97.9,93.1,94.17,244740
2011-02-10 00:00:00+05:30,101.22,109.86,87.73,94.68,106156
2011-02-11 00:00:00+05:30,94.68,97.19,93.86,95.76,505128
2011-02-14 00:00:00+05:30,96.93,99.77,96.0,98.97,278364
2011-02-15 00:00:00+05:30,98.14,99.55,96.28,97.39,183472
2011-02-16 00:00:00+05:30,96.94,101.91,96.94,100.49,78648
2011-02-17 00:00:00+05:30,106.42,106.42,100.4,101.76,343892
2011-02-18 00:00:00+05:30,102.17,103.36,99.33,101.08,157516
2011-02-21 00:00:00+05:30,102.64,102.64,99.6,100.09,191764
2011-02-22 00:00:00+05:30,100.61,100.94,97.59,98.33,90060
2011-02-23 00:00:00+05:30,99.56,101.22,96.27,96.96,278640
2011-02-24 00:00:00+05:30,97.9,98.54,91.96,94.86,487736
2011-02-25 00:00:00+05:30,96.24,96.24,91.01,92.03,292872
2011-02-28 00:00:00+05:30,90.3,94.03,90.07,92.81,127504
2011-03-01 00:00:00+05:30,94.93,98.33,91.96,96.92,179764
2011-03-03 00:00:00+05:30,96.94,97.66,95.76,97.04,72088
2011-03-04 00:00:00+05:30,97.63,97.66,95.16,95.49,57532
2011-03-07 00:00:00+05:30,95.05,96.12,94.59,95.69,78580
2011-03-08 00:00:00+05:30,97.62,97.62,95.64,96.71,41652
2011-03-09 00:00:00+05:30,97.19,97.88,96.9,97.43,149032
2011-03-10 00:00:00+05:30,96.73,99.49,96.47,97.96,318732
2011-03-11 00:00:00+05:30,97.19,98.61,97.19,98.16,99728
2011-03-14 00:00:00+05:30,98.59,98.61,97.21,98.25,67968
2011-03-15 00:00:00+05:30,99.08,102.96,95.28,100.41,361508
2011-03-16 00:00:00+05:30,101.7,101.7,99.56,99.97,110808
2011-03-17 00:00:00+05:30,100.97,101.68,98.65,100.54,75712
2011-03-18 00:00:00+05:30,102.17,102.17,98.61,100.15,65596
2011-03-21 00:00:00+05:30,96.25,101.22,96.25,100.26,90216
2011-03-22 00:00:00+05:30,99.8,100.94,98.97,99.61,145668
2011-03-23 00:00:00+05:30,99.56,100.45,99.56,99.9,141568
2011-03-24 00:00:00+05:30,99.8,108.47,98.61,105.73,988696
2011-03-25 00:00:00+05:30,107.17,107.17,102.17,104.26,267548
2011-03-28 00:00:00+05:30,102.43,104.53,100.99,102.95,83508
2011-03-29 00:00:00+05:30,102.2,104.53,101.48,102.23,194204
2011-03-30 00:00:00+05:30,103.13,106.69,101.7,105.49,288936
2011-03-31 00:00:00+05:30,105.49,106.78,104.14,104.9,71144
2011-04-01 00:00:00+05:30,104.92,105.74,103.86,104.29,111692
2011-04-04 00:00:00+05:30,104.57,105.97,104.57,105.76,68608
2011-04-05 00:00:00+05:30,105.5,106.93,105.26,106.67,343408
2011-04-06 00:00:00+05:30,108.09,108.09,104.79,107.47,126720
2011-04-07 00:00:00+05:30,107.64,109.9,106.93,109.63,181696
2011-04-08 00:00:00+05:30,109.31,115.25,109.31,112.34,1342472
2011-04-11 00:00:00+05:30,112.39,114.98,111.68,112.49,152000
2011-04-13 00:00:00+05:30,111.2,113.76,111.2,113.59,145260
2011-04-15 00:00:00+05:30,113.34,115.96,111.91,115.06,304896
2011-04-18 00:00:00+05:30,115.06,115.97,113.7,114.07,155756
2011-04-19 00:00:00+05:30,113.7,115.0,110.63,111.84,88260
2011-04-20 00:00:00+05:30,112.86,114.49,111.73,112.52,136540
2011-04-21 00:00:00+05:30,114.39,114.39,110.61,111.3,84132
2011-04-25 00:00:00+05:30,111.68,113.5,110.73,111.56,115432
2011-04-26 00:00:00+05:30,112.6,114.98,110.73,113.98,206232
2011-04-27 00:00:00+05:30,115.22,116.88,113.42,114.45,981500
2011-04-28 00:00:00+05:30,114.61,115.96,113.38,114.25,272828
2011-04-29 00:00:00+05:30,113.59,114.06,110.09,111.06,93912
2011-05-02 00:00:00+05:30,111.91,112.16,109.6,110.55,82512
2011-05-03 00:00:00+05:30,110.97,110.97,109.08,110.31,98304
2011-05-04 00:00:00+05:30,110.02,111.98,109.31,110.24,79436
2011-05-05 00:00:00+05:30,111.4,111.4,107.41,108.46,62200
2011-05-06 00:00:00+05:30,108.36,111.91,108.36,111.57,116968
2011-05-09 00:00:00+05:30,107.19,112.82,107.19,112.06,77352
2011-05-10 00:00:00+05:30,111.68,113.1,111.49,111.94,115136
2011-05-11 00:00:00+05:30,112.62,113.59,111.2,111.57,87844
2011-05-12 00:00:00+05:30,112.63,112.63,109.77,110.04,736784
2011-05-13 00:00:00+05:30,110.27,132.05,110.27,122.62,5244300
2011-05-16 00:00:00+05:30,121.66,129.01,119.12,122.03,5610108
2011-05-17 00:00:00+05:30,122.01,124.03,117.39,117.95,1375940
2011-05-18 00:00:00+05:30,117.95,119.75,114.77,117.07,802808
2011-05-19 00:00:00+05:30,126.65,126.65,115.0,115.41,230836
2011-05-20 00:00:00+05:30,116.04,118.08,114.83,116.99,351816
2011-05-23 00:00:00+05:30,116.04,116.67,114.19,114.65,184548
2011-05-24 00:00:00+05:30,115.42,117.14,113.0,115.92,269308
2011-05-25 00:00:00+05:30,114.82,115.45,113.5,114.55,126808
2011-05-26 00:00:00+05:30,115.0,116.43,114.14,115.05,173248
2011-05-27 00:00:00+05:30,125.96,131.88,112.9,116.06,137560
2011-05-30 00:00:00+05:30,116.91,119.8,114.99,117.52,359100
2011-05-31 00:00:00+05:30,118.21,118.32,115.99,117.92,189884
2011-06-01 00:00:00+05:30,118.21,119.76,116.42,116.97,154460
2011-06-02 00:00:00+05:30,117.14,119.31,115.25,117.18,203436
2011-06-03 00:00:00+05:30,118.34,119.05,117.14,118.06,139480
2011-06-06 00:00:00+05:30,118.06,118.45,115.96,117.91,96636
2011-06-07 00:00:00+05:30,117.65,122.78,117.03,120.19,875888
2011-06-08 00:00:00+05:30,120.71,122.14,120.0,121.42,392540
2011-06-09 00:00:00+05:30,122.14,122.14,119.28,119.74,144056
2011-06-10 00:00:00+05:30,118.83,122.37,116.71,119.87,138944
2011-06-13 00:00:00+05:30,118.79,118.79,116.91,117.66,108484
2011-06-14 00:00:00+05:30,118.79,123.29,116.74,121.23,684244
2011-06-15 00:00:00+05:30,120.96,121.19,119.68,120.23,175016
2011-06-16 00:00:00+05:30,120.01,122.37,117.07,118.79,287788
2011-06-17 00:00:00+05:30,118.85,120.18,116.45,117.09,93552
2011-06-20 00:00:00+05:30,116.71,119.28,109.35,117.03,365728
2011-06-21 00:00:00+05:30,118.09,118.09,115.26,116.17,112344
2011-06-22 00:00:00+05:30,117.86,117.86,113.0,114.94,184712
2011-06-23 00:00:00+05:30,114.55,115.15,113.19,113.99,67148
2011-06-24 00:00:00+05:30,114.2,117.57,108.86,116.2,92004
2011-06-27 00:00:00+05:30,116.43,119.71,114.12,118.91,185292
2011-06-28 00:00:00+05:30,118.91,121.42,116.67,120.35,165724
2011-06-29 00:00:00+05:30,121.84,122.61,119.28,120.78,278224
2011-06-30 00:00:00+05:30,120.78,127.06,120.71,125.52,1113328
2011-07-01 00:00:00+05:30,126.42,130.9,125.96,129.15,1798384
2011-07-04 00:00:00+05:30,129.51,133.65,127.62,131.81,2339720
2011-07-05 00:00:00+05:30,133.06,139.82,131.97,137.17,5021088
2011-07-06 00:00:00+05:30,137.11,137.16,131.23,131.86,720120
2011-07-07 00:00:00+05:30,131.89,136.86,130.93,134.39,968884
2011-07-08 00:00:00+05:30,134.66,135.61,131.41,131.87,229864
2011-07-11 00:00:00+05:30,133.01,135.89,130.96,132.47,472896
2011-07-12 00:00:00+05:30,132.03,133.54,128.82,129.58,485820
2011-07-13 00:00:00+05:30,130.43,133.63,130.22,132.89,564568
2011-07-14 00:00:00+05:30,133.06,133.85,131.88,132.43,249364
2011-07-15 00:00:00+05:30,132.83,137.51,131.4,136.56,1420428
2011-07-18 00:00:00+05:30,137.51,138.77,135.17,135.57,708076
2011-07-19 00:00:00+05:30,136.63,136.63,132.86,135.64,471168
2011-07-20 00:00:00+05:30,135.9,136.6,130.11,130.83,512120
2011-07-21 00:00:00+05:30,131.06,132.59,127.6,128.15,268112
2011-07-22 00:00:00+05:30,129.03,132.19,128.79,129.41,376164
2011-07-25 00:00:00+05:30,129.51,130.93,128.5,129.54,1486352
2011-07-26 00:00:00+05:30,129.97,131.09,128.89,129.36,647488
2011-07-27 00:00:00+05:30,130.22,130.23,128.79,129.17,105432
2011-07-28 00:00:00+05:30,128.34,129.49,127.08,127.43,115528
2011-07-29 00:00:00+05:30,127.9,130.22,126.02,127.6,196820
2011-08-01 00:00:00+05:30,128.79,129.97,128.1,129.0,109944
2011-08-02 00:00:00+05:30,129.97,135.09,129.74,134.25,818656
2011-08-03 00:00:00+05:30,133.06,134.02,131.0,132.99,392472
2011-08-04 00:00:00+05:30,133.31,135.18,128.44,128.85,346600
2011-08-05 00:00:00+05:30,127.96,131.88,127.26,130.1,514876
2011-08-08 00:00:00+05:30,128.31,129.48,124.75,126.78,447276
2011-08-09 00:00:00+05:30,124.77,131.88,122.4,128.45,575324
2011-08-10 00:00:00+05:30,130.21,131.38,127.6,128.3,240728
2011-08-11 00:00:00+05:30,128.31,128.79,127.65,128.14,291484
2011-08-12 00:00:00+05:30,128.79,128.79,123.08,123.92,537792
2011-08-16 00:00:00+05:30,124.57,124.76,122.91,123.51,140988
2011-08-17 00:00:00+05:30,122.37,124.28,122.01,122.35,208092
2011-08-18 00:00:00+05:30,122.36,122.85,120.23,120.9,211864
2011-08-19 00:00:00+05:30,119.05,122.85,119.05,120.72,419496
2011-08-22 00:00:00+05:30,121.18,121.66,116.45,121.12,143228
2011-08-23 00:00:00+05:30,121.66,122.19,120.48,121.31,78632
2011-08-24 00:00:00+05:30,120.71,126.89,120.71,123.24,216308
2011-08-25 00:00:00+05:30,123.56,124.78,121.42,123.37,115620
2011-08-26 00:00:00+05:30,122.37,123.37,119.52,120.01,96512
2011-08-29 00:00:00+05:30,119.76,124.03,119.76,123.19,143600
2011-08-30 00:00:00+05:30,124.63,124.63,121.62,122.37,106564
2011-09-02 00:00:00+05:30,122.48,124.75,121.9,123.24,331352
2011-09-05 00:00:00+05:30,124.26,124.26,120.02,121.08,189708
2011-09-06 00:00:00+05:30,120.24,122.01,119.41,120.97,239780
2011-09-07 00:00:00+05:30,121.2,125.7,121.2,122.16,894692
2011-09-08 00:00:00+05:30,123.05,126.17,121.19,124.66,501488
2011-09-09 00:00:00+05:30,124.75,125.46,122.61,122.95,222892
2011-09-12 00:00:00+05:30,124.01,124.01,119.27,121.94,124300
2011-09-13 00:00:00+05:30,122.37,123.32,120.84,121.46,174892
2011-09-14 00:00:00+05:30,122.11,122.11,120.0,120.39,82508
2011-09-15 00:00:00+05:30,121.87,122.01,120.01,121.05,128220
2011-09-16 00:00:00+05:30,122.25,122.83,119.64,120.09,108092
2011-09-19 00:00:00+05:30,120.0,121.16,119.64,120.44,79720
2011-09-20 00:00:00+05:30,119.8,124.28,119.8,122.61,152692
2011-09-21 00:00:00+05:30,123.56,125.35,122.36,123.85,155632
2011-09-22 00:00:00+05:30,119.28,122.37,119.28,121.22,142484
2011-09-23 00:00:00+05:30,119.05,125.19,119.05,121.39,277640
2011-09-26 00:00:00+05:30,121.66,121.66,116.67,117.52,296832
2011-09-27 00:00:00+05:30,118.58,119.27,116.45,116.79,208296
2011-09-28 00:00:00+05:30,118.14,118.14,115.25,115.36,227604
2011-09-29 00:00:00+05:30,115.25,116.2,112.87,113.14,173204
2011-09-30 00:00:00+05:30,113.59,115.0,111.75,113.43,427216
2011-10-03 00:00:00+05:30,112.87,112.87,109.54,110.36,112332
2011-10-04 00:00:00+05:30,109.72,111.52,108.83,109.09,149656
2011-10-05 00:00:00+05:30,110.49,110.49,106.03,106.49,125920
2011-10-07 00:00:00+05:30,106.93,110.46,106.93,108.99,474636
2011-10-10 00:00:00+05:30,108.26,114.01,107.29,113.01,248756
2011-10-11 00:00:00+05:30,114.01,115.26,111.91,112.38,84444
2011-10-12 00:00:00+05:30,107.19,113.85,91.98,112.62,147392
2011-10-13 00:00:00+05:30,107.3,113.34,101.38,111.2,75616
2011-10-14 00:00:00+05:30,110.02,112.9,110.02,111.14,161724
2011-10-17 00:00:00+05:30,112.13,113.67,111.14,112.55,97944
2011-10-18 00:00:00+05:30,111.91,113.31,111.21,112.56,92360
2011-10-19 00:00:00+05:30,111.68,114.44,111.68,113.72,194224
2011-10-20 00:00:00+05:30,112.39,114.77,112.27,113.91,73136
2011-10-21 00:00:00+05:30,107.19,117.86,107.19,114.61,205324
2011-10-24 00:00:00+05:30,115.94,115.94,111.72,113.06,149388
2011-10-25 00:00:00+05:30,113.82,113.82,110.76,112.53,121936
2011-10-28 00:00:00+05:30,115.96,118.1,114.96,117.5,449560
2011-10-31 00:00:00+05:30,118.32,118.57,116.32,117.06,111680
2011-11-01 00:00:00+05:30,114.06,119.28,111.43,114.46,1196992
2011-11-02 00:00:00+05:30,114.47,115.8,112.87,113.1,164348
2011-11-03 00:00:00+05:30,114.53,114.53,111.63,113.01,203540
2011-11-04 00:00:00+05:30,114.04,114.29,111.94,112.11,170472
2011-11-08 00:00:00+05:30,112.11,113.24,111.09,112.59,203272
2011-11-09 00:00:00+05:30,112.27,113.29,111.23,111.57,53128
2011-11-11 00:00:00+05:30,111.2,112.16,109.56,109.95,91224
2011-11-14 00:00:00+05:30,111.2,111.2,108.11,108.58,127956
2011-11-15 00:00:00+05:30,108.73,109.53,106.93,107.28,87344
2011-11-16 00:00:00+05:30,107.83,107.84,103.66,103.92,108388
2011-11-17 00:00:00+05:30,103.6,106.31,103.36,104.58,181840
2011-11-18 00:00:00+05:30,102.53,106.69,102.53,104.94,257984
2011-11-21 00:00:00+05:30,104.42,105.14,102.2,103.73,138408
2011-11-22 00:00:00+05:30,104.31,104.56,102.65,103.34,313056
2011-11-23 00:00:00+05:30,102.89,102.89,99.35,100.03,128012
2011-11-24 00:00:00+05:30,100.05,101.21,97.42,100.41,194524
2011-11-25 00:00:00+05:30,100.41,102.65,98.89,101.82,404100
2011-11-28 00:00:00+05:30,101.46,103.01,98.65,100.02,319744
2011-11-29 00:00:00+05:30,100.28,101.84,98.14,99.88,365876
2011-11-30 00:00:00+05:30,99.88,105.15,98.38,104.24,551304
2011-12-01 00:00:00+05:30,105.74,107.38,101.46,102.05,224908
2011-12-02 00:00:00+05:30,102.17,103.96,98.85,100.57,749224
2011-12-05 00:00:00+05:30,100.57,102.44,100.51,101.03,281148
2011-12-07 00:00:00+05:30,100.99,102.21,97.47,97.78,549720
2011-12-08 00:00:00+05:30,97.57,99.33,95.05,95.97,517352
2011-12-09 00:00:00+05:30,95.28,96.71,93.62,95.6,242828
2011-12-12 00:00:00+05:30,95.79,96.94,93.62,94.76,363396
2011-12-13 00:00:00+05:30,95.05,95.53,92.43,94.29,90820
2011-12-14 00:00:00+05:30,93.39,94.33,92.43,92.87,98748
2011-12-15 00:00:00+05:30,92.67,94.72,90.32,92.99,290732
2011-12-16 00:00:00+05:30,93.86,96.45,92.93,93.54,274608
2011-12-19 00:00:00+05:30,92.92,95.76,91.96,94.65,281092
2011-12-20 00:00:00+05:30,95.5,95.5,92.22,93.05,128916
2011-12-21 00:00:00+05:30,94.1,95.53,92.93,94.54,152568
2011-12-22 00:00:00+05:30,94.51,100.37,93.22,98.27,563816
2011-12-23 00:00:00+05:30,98.27,99.65,97.19,97.48,329148
2011-12-26 00:00:00+05:30,97.66,99.05,96.97,97.75,82144
2011-12-27 00:00:00+05:30,97.47,98.54,95.05,95.55,134436
2011-12-28 00:00:00+05:30,95.55,98.01,94.7,96.46,81864
2011-12-29 00:00:00+05:30,95.55,96.7,94.83,95.6,141308
2011-12-30 00:00:00+05:30,96.46,100.09,95.76,99.05,301988
2012-01-02 00:00:00+05:30,99.8,103.36,99.33,100.01,376452
2012-01-03 00:00:00+05:30,100.99,100.99,99.56,99.94,113184
2012-01-04 00:00:00+05:30,99.8,100.28,98.47,99.81,581168
2012-01-05 00:00:00+05:30,100.29,100.29,97.91,98.39,40148
2012-01-06 00:00:00+05:30,99.56,99.56,97.66,97.95,54212
2012-01-09 00:00:00+05:30,96.47,99.4,95.28,96.93,126528
2012-01-10 00:00:00+05:30,98.05,100.98,96.94,99.67,160240
2012-01-11 00:00:00+05:30,99.56,105.48,98.61,100.93,648312
2012-01-12 00:00:00+05:30,100.93,101.94,98.85,99.88,138024
2012-01-13 00:00:00+05:30,100.72,102.04,100.3,101.08,139500
2012-01-16 00:00:00+05:30,98.85,100.73,97.43,98.0,150040
2012-01-17 00:00:00+05:30,98.35,100.47,96.98,99.5,295180
2012-01-18 00:00:00+05:30,99.8,101.7,99.22,100.76,228068
2012-01-19 00:00:00+05:30,101.94,102.17,100.83,101.53,217720
2012-01-20 00:00:00+05:30,102.17,103.72,96.35,102.65,514880
2012-01-23 00:00:00+05:30,102.42,107.14,102.42,104.48,700104
2012-01-24 00:00:00+05:30,105.6,106.17,101.67,104.84,270172
2012-01-25 00:00:00+05:30,105.26,110.73,105.26,108.74,404848
2012-01-27 00:00:00+05:30,109.32,113.91,109.07,112.5,586388
2012-01-30 00:00:00+05:30,112.16,113.59,110.49,112.89,208004
2012-01-31 00:00:00+05:30,112.89,117.14,112.06,116.82,437652
2012-02-01 00:00:00+05:30,117.14,118.57,115.48,115.9,372768
2012-02-02 00:00:00+05:30,117.46,118.1,115.51,116.45,119364
2012-02-03 00:00:00+05:30,116.91,119.26,115.62,117.41,695444
2012-02-06 00:00:00+05:30,118.57,118.8,113.24,113.78,422944
2012-02-07 00:00:00+05:30,114.06,115.2,109.08,110.24,241936
2012-02-08 00:00:00+05:30,110.49,111.68,108.83,109.56,178572
2012-02-09 00:00:00+05:30,107.23,111.52,107.23,110.81,432824
2012-02-10 00:00:00+05:30,109.77,112.87,109.61,110.78,341268
2012-02-13 00:00:00+05:30,110.97,113.99,110.55,112.69,184352
2012-02-14 00:00:00+05:30,110.97,114.98,110.97,113.74,171780
2012-02-15 00:00:00+05:30,115.0,116.43,113.59,114.38,345588
2012-02-16 00:00:00+05:30,116.2,116.2,111.91,112.53,141724
2012-02-17 00:00:00+05:30,112.3,114.04,111.09,112.13,846776
2012-02-21 00:00:00+05:30,111.93,115.96,111.91,114.73,851820
2012-02-22 00:00:00+05:30,116.43,117.83,114.62,114.95,520456
2012-02-23 00:00:00+05:30,115.0,115.67,111.56,113.08,330812
2012-02-24 00:00:00+05:30,113.11,115.96,112.33,114.57,193708
2012-02-27 00:00:00+05:30,115.0,115.94,110.49,111.81,136016
2012-02-28 00:00:00+05:30,112.39,112.87,112.04,112.42,337400
2012-02-29 00:00:00+05:30,113.37,114.74,112.69,113.97,326344
2012-03-01 00:00:00+05:30,113.34,114.98,112.87,114.29,73484
2012-03-02 00:00:00+05:30,113.86,118.36,113.83,116.65,266624
2012-03-05 00:00:00+05:30,118.1,122.26,115.96,120.73,1257744
2012-03-06 00:00:00+05:30,122.25,123.08,119.37,120.18,640856
2012-03-07 00:00:00+05:30,120.0,121.14,117.39,120.0,989544
2012-03-09 00:00:00+05:30,120.23,122.52,120.0,120.7,200900
2012-03-12 00:00:00+05:30,120.71,121.41,118.57,119.6,79612
2012-03-13 00:00:00+05:30,119.76,120.4,118.56,118.75,214332
2012-03-14 00:00:00+05:30,119.85,122.61,118.57,121.4,317840
2012-03-15 00:00:00+05:30,122.3,124.24,119.52,123.55,419236
2012-03-16 00:00:00+05:30,121.9,124.51,120.0,121.25,356040
2012-03-19 00:00:00+05:30,120.71,123.32,119.52,120.18,74564
2012-03-20 00:00:00+05:30,120.0,122.21,118.8,119.84,84964
2012-03-21 00:00:00+05:30,120.69,121.83,119.82,120.26,132340
2012-03-22 00:00:00+05:30,122.36,124.03,120.02,123.47,307456
2012-03-23 00:00:00+05:30,123.8,124.7,121.21,121.83,108100
2012-03-26 00:00:00+05:30,121.69,123.07,121.66,122.58,219804
2012-03-27 00:00:00+05:30,122.72,123.33,122.46,122.73,142160
2012-03-28 00:00:00+05:30,122.73,124.04,122.37,123.58,168176
2012-03-29 00:00:00+05:30,123.08,125.22,122.85,124.13,358100
2012-03-30 00:00:00+05:30,122.86,128.3,122.47,127.47,484976
2012-04-02 00:00:00+05:30,127.73,130.11,127.24,128.52,646604
2012-04-03 00:00:00+05:30,128.31,130.31,127.96,128.94,795704
2012-04-04 00:00:00+05:30,127.49,128.78,127.49,128.34,76828
2012-04-09 00:00:00+05:30,127.65,129.08,127.37,128.36,99408
2012-04-10 00:00:00+05:30,129.17,129.95,125.58,127.18,317340
2012-04-11 00:00:00+05:30,126.65,128.54,125.94,126.94,218352
2012-04-12 00:00:00+05:30,126.65,127.71,125.7,126.54,182380
2012-04-13 00:00:00+05:30,126.91,128.31,124.02,127.87,267116
2012-04-16 00:00:00+05:30,127.87,129.72,126.07,128.29,1279076
2012-04-17 00:00:00+05:30,127.83,128.31,124.11,126.76,480236
2012-04-18 00:00:00+05:30,128.07,129.38,126.17,126.51,81928
2012-04-19 00:00:00+05:30,126.65,127.11,125.14,125.45,99264
2012-04-20 00:00:00+05:30,125.24,127.06,123.79,124.31,136704
2012-04-23 00:00:00+05:30,124.31,125.69,121.42,121.78,128024
2012-04-24 00:00:00+05:30,123.32,123.45,119.52,120.19,79208
2012-04-25 00:00:00+05:30,120.19,121.45,117.04,117.44,86876
2012-04-26 00:00:00+05:30,117.62,119.74,116.91,117.83,149544
2012-04-27 00:00:00+05:30,117.86,118.8,115.7,116.12,107236
2012-04-30 00:00:00+05:30,117.62,121.88,115.96,118.75,277076
2012-05-02 00:00:00+05:30,120.0,121.13,118.8,120.0,313404
2012-05-03 00:00:00+05:30,120.0,121.16,118.57,119.25,245612
2012-05-04 00:00:00+05:30,119.76,119.76,117.54,118.26,51096
2012-05-07 00:00:00+05:30,117.86,121.82,116.2,121.33,239616
2012-05-08 00:00:00+05:30,122.37,123.3,121.25,121.56,172532
2012-05-09 00:00:00+05:30,121.66,122.61,120.51,122.3,81032
2012-05-10 00:00:00+05:30,123.29,123.32,121.66,123.23,113656
2012-05-11 00:00:00+05:30,122.96,124.49,121.93,122.32,138540
2012-05-14 00:00:00+05:30,122.3,125.22,121.66,124.68,188272
2012-05-15 00:00:00+05:30,123.44,126.77,123.44,126.04,123432
2012-05-16 00:00:00+05:30,124.75,127.37,124.72,127.12,216356
2012-05-17 00:00:00+05:30,126.19,128.31,126.19,126.74,412268
2012-05-18 00:00:00+05:30,126.74,127.6,123.56,124.75,924216
2012-05-21 00:00:00+05:30,124.03,124.99,123.28,123.81,197396
2012-05-22 00:00:00+05:30,125.22,125.22,121.66,122.19,131572
2012-05-23 00:00:00+05:30,122.19,125.22,120.43,120.75,93524
2012-05-24 00:00:00+05:30,120.97,122.37,120.05,120.61,176756
2012-05-25 00:00:00+05:30,122.12,122.14,119.26,119.51,107248
2012-05-28 00:00:00+05:30,120.05,120.54,118.12,118.82,153960
2012-05-29 00:00:00+05:30,119.98,119.98,118.21,118.46,44512
2012-05-30 00:00:00+05:30,118.57,118.57,116.67,116.92,39704
2012-05-31 00:00:00+05:30,118.8,118.8,115.81,116.31,45384
2012-06-01 00:00:00+05:30,117.36,117.36,112.42,114.13,113420
2012-06-04 00:00:00+05:30,114.13,115.48,112.63,114.03,35268
2012-06-05 00:00:00+05:30,114.34,115.41,113.59,114.02,36344
2012-06-06 00:00:00+05:30,115.25,118.2,113.59,117.7,122488
2012-06-07 00:00:00+05:30,117.86,118.8,116.49,117.98,66208
2012-06-08 00:00:00+05:30,117.28,120.48,116.5,119.8,123540
2012-06-11 00:00:00+05:30,121.19,121.66,116.91,117.73,82840
2012-06-12 00:00:00+05:30,116.44,118.52,116.38,118.25,54600
2012-06-13 00:00:00+05:30,121.19,121.19,116.47,117.89,502248
2012-06-14 00:00:00+05:30,118.32,119.11,116.98,117.93,320868
2012-06-15 00:00:00+05:30,116.96,118.57,116.2,117.83,100768
2012-06-18 00:00:00+05:30,117.83,117.86,116.43,116.61,37220
2012-06-19 00:00:00+05:30,116.7,119.89,115.72,118.19,874336
2012-06-20 00:00:00+05:30,118.8,122.37,118.27,120.35,170052
2012-06-21 00:00:00+05:30,121.19,122.01,120.48,121.18,374988
2012-06-22 00:00:00+05:30,121.19,122.37,120.97,121.44,101788
2012-06-25 00:00:00+05:30,122.37,122.37,120.02,120.49,201764
2012-06-26 00:00:00+05:30,121.19,121.77,120.49,120.97,358428
2012-06-27 00:00:00+05:30,121.19,122.92,120.55,121.82,865716
2012-06-28 00:00:00+05:30,121.9,125.22,121.9,124.63,236784
2012-06-29 00:00:00+05:30,124.3,130.65,124.3,130.07,769524
2012-07-02 00:00:00+05:30,130.69,131.51,127.12,128.24,222412
2012-07-03 00:00:00+05:30,128.62,128.79,124.51,125.37,145640
2012-07-04 00:00:00+05:30,126.17,127.83,125.27,125.95,55324
2012-07-05 00:00:00+05:30,125.31,128.17,124.03,125.86,98540
2012-07-06 00:00:00+05:30,124.99,127.37,124.99,125.85,81160
2012-07-09 00:00:00+05:30,125.94,128.74,124.99,126.12,195504
2012-07-10 00:00:00+05:30,126.8,132.45,126.3,128.24,1272256
2012-07-11 00:00:00+05:30,129.31,136.79,128.79,130.24,3915968
2012-07-12 00:00:00+05:30,130.24,134.11,130.24,131.6,1203076
2012-07-13 00:00:00+05:30,132.75,134.17,131.49,131.77,767100
2012-07-16 00:00:00+05:30,133.98,134.92,130.86,131.35,3193912
2012-07-17 00:00:00+05:30,131.41,132.77,127.73,128.23,667972
2012-07-18 00:00:00+05:30,129.03,130.33,127.73,129.59,445288
2012-07-19 00:00:00+05:30,130.93,131.86,129.97,130.9,446960
2012-07-20 00:00:00+05:30,131.88,131.89,127.65,128.08,279364
2012-07-23 00:00:00+05:30,128.44,128.44,126.53,127.23,211384
2012-07-24 00:00:00+05:30,128.23,129.22,126.06,126.55,272752
2012-07-25 00:00:00+05:30,127.81,127.81,125.7,126.14,372736
2012-07-26 00:00:00+05:30,127.7,127.7,125.83,126.04,232112
2012-07-27 00:00:00+05:30,128.31,128.31,126.42,127.53,180580
2012-07-30 00:00:00+05:30,128.26,129.74,127.6,129.41,176392
2012-07-31 00:00:00+05:30,130.53,131.86,130.06,131.3,412972
2012-08-01 00:00:00+05:30,131.88,133.04,131.32,132.32,226536
2012-08-02 00:00:00+05:30,132.84,140.31,132.84,139.38,1897660
2012-08-03 00:00:00+05:30,139.93,144.33,138.9,143.56,1533372
2012-08-06 00:00:00+05:30,144.47,150.81,144.47,148.62,1820592
2012-08-07 00:00:00+05:30,149.61,150.17,142.1,142.9,905740
2012-08-08 00:00:00+05:30,143.75,144.47,141.86,142.56,275388
2012-08-09 00:00:00+05:30,142.34,145.63,141.94,142.42,392104
2012-08-10 00:00:00+05:30,143.3,143.45,139.0,139.88,307936
2012-08-13 00:00:00+05:30,140.2,142.87,139.03,139.99,394696
2012-08-14 00:00:00+05:30,140.67,144.81,140.07,141.29,553628
2012-08-16 00:00:00+05:30,141.38,142.53,140.36,140.85,225744
2012-08-17 00:00:00+05:30,141.27,142.93,140.2,140.61,376240
2012-08-21 00:00:00+05:30,141.14,142.81,140.93,141.5,229040
2012-08-22 00:00:00+05:30,141.62,142.81,141.14,142.24,280396
2012-08-23 00:00:00+05:30,142.57,142.81,140.96,141.17,163016
2012-08-24 00:00:00+05:30,141.34,142.17,140.67,141.34,139100
2012-08-27 00:00:00+05:30,142.09,143.03,141.86,142.3,382256
2012-08-28 00:00:00+05:30,142.56,142.81,140.8,141.14,330000
2012-08-29 00:00:00+05:30,141.78,142.35,140.75,141.25,641532
2012-08-30 00:00:00+05:30,141.86,142.03,139.37,139.89,460308
2012-08-31 00:00:00+05:30,140.67,142.57,140.09,141.48,464188
2012-09-03 00:00:00+05:30,143.05,143.3,139.25,139.67,544332
2012-09-04 00:00:00+05:30,141.6,141.6,133.82,134.97,549242
2012-09-05 00:00:00+05:30,135.89,135.89,129.31,130.02,403748
2012-09-06 00:00:00+05:30,130.02,131.62,129.51,129.84,225626
2012-09-07 00:00:00+05:30,131.38,132.04,129.97,130.83,405820
2012-09-10 00:00:00+05:30,133.54,135.15,132.32,134.21,517790
2012-09-11 00:00:00+05:30,132.32,139.72,132.32,136.63,1302598
2012-09-12 00:00:00+05:30,136.86,141.88,136.86,139.82,1090508
2012-09-13 00:00:00+05:30,140.58,144.47,139.95,143.67,1201102
2012-09-14 00:00:00+05:30,145.33,146.88,143.52,144.33,350240
2012-09-17 00:00:00+05:30,144.9,147.8,133.82,140.71,430356
2012-09-18 00:00:00+05:30,140.48,142.98,139.25,139.89,505074
2012-09-20 00:00:00+05:30,138.49,142.55,135.18,139.69,330250
2012-09-21 00:00:00+05:30,141.12,143.52,139.72,142.62,781736
2012-09-24 00:00:00+05:30,143.0,144.8,141.86,142.76,442792
2012-09-25 00:00:00+05:30,142.85,144.0,141.98,143.45,279934
2012-09-26 00:00:00+05:30,143.47,145.28,142.62,144.49,299282
2012-09-27 00:00:00+05:30,146.19,149.63,144.66,147.49,1051052
2012-09-28 00:00:00+05:30,148.65,151.53,146.94,147.92,507308
2012-10-01 00:00:00+05:30,148.97,149.84,148.01,149.36,299258
2012-10-03 00:00:00+05:30,149.69,150.01,148.51,149.05,207024
2012-10-04 00:00:00+05:30,149.27,150.38,148.87,149.77,182308
2012-10-05 00:00:00+05:30,146.88,157.19,146.88,155.5,758584
2012-10-08 00:00:00+05:30,155.9,160.4,154.45,155.56,694414
2012-10-09 00:00:00+05:30,156.4,157.7,154.76,156.45,284470
2012-10-10 00:00:00+05:30,156.16,159.92,155.38,157.65,900492
2012-10-11 00:00:00+05:30,157.65,158.7,155.43,155.9,180554
2012-10-12 00:00:00+05:30,156.14,157.95,154.66,155.43,144660
2012-10-15 00:00:00+05:30,156.33,156.35,154.05,154.64,100636
2012-10-16 00:00:00+05:30,156.12,157.32,154.69,156.28,420404
2012-10-17 00:00:00+05:30,156.93,158.61,154.79,157.7,635012
2012-10-18 00:00:00+05:30,158.06,158.26,155.56,156.09,119092
2012-10-19 00:00:00+05:30,156.93,157.75,155.88,156.5,198844
2012-10-22 00:00:00+05:30,155.92,158.34,153.19,154.62,445788
2012-10-23 00:00:00+05:30,152.08,157.59,152.08,153.64,740862
2012-10-25 00:00:00+05:30,152.57,154.92,150.17,151.19,1407930
2012-10-26 00:00:00+05:30,151.39,153.36,146.06,146.85,445686
2012-10-29 00:00:00+05:30,146.89,148.01,144.61,145.28,249856
2012-10-30 00:00:00+05:30,146.3,146.78,142.42,143.74,126378
2012-10-31 00:00:00+05:30,143.62,145.25,143.05,144.28,224096
2012-11-01 00:00:00+05:30,143.54,145.4,143.49,144.9,221280
2012-11-02 00:00:00+05:30,144.95,145.89,144.71,144.97,188730
2012-11-05 00:00:00+05:30,145.78,145.78,142.81,143.57,193832
2012-11-06 00:00:00+05:30,143.74,144.9,143.07,144.21,169416
2012-11-07 00:00:00+05:30,144.85,145.07,143.83,144.56,123194
2012-11-08 00:00:00+05:30,146.23,147.85,144.43,147.01,751804
2012-11-09 00:00:00+05:30,148.18,148.23,146.61,147.16,299674
2012-11-12 00:00:00+05:30,146.61,147.09,144.0,144.82,90068
2012-11-13 00:00:00+05:30,145.66,147.6,144.64,146.7,59646
2012-11-15 00:00:00+05:30,145.02,145.18,144.0,144.54,68014
2012-11-16 00:00:00+05:30,143.74,145.54,143.71,145.02,221080
2012-11-19 00:00:00+05:30,144.43,145.42,141.67,141.83,119026
2012-11-20 00:00:00+05:30,142.55,142.81,139.48,140.05,108984
2012-11-21 00:00:00+05:30,140.27,142.57,139.53,141.93,180186
2012-11-22 00:00:00+05:30,144.47,144.47,139.25,139.64,134206
2012-11-23 00:00:00+05:30,140.25,141.53,138.53,139.36,80864
2012-11-26 00:00:00+05:30,138.98,142.21,138.95,140.53,128510
2012-11-27 00:00:00+05:30,141.07,142.73,140.96,142.29,452574
2012-11-29 00:00:00+05:30,142.4,142.73,141.02,141.78,208782
2012-11-30 00:00:00+05:30,142.57,142.78,139.58,140.25,320540
2012-12-03 00:00:00+05:30,140.67,142.21,138.29,139.91,278338
2012-12-04 00:00:00+05:30,140.89,141.05,136.99,137.91,353074
2012-12-05 00:00:00+05:30,138.29,139.41,135.53,136.25,569516
2012-12-06 00:00:00+05:30,136.82,138.87,135.92,136.8,261958
2012-12-07 00:00:00+05:30,137.53,139.13,136.89,137.32,268362
2012-12-10 00:00:00+05:30,137.8,138.77,136.09,136.75,279094
2012-12-11 00:00:00+05:30,137.32,138.74,135.96,136.89,204656
2012-12-12 00:00:00+05:30,136.91,140.1,136.91,138.98,246320
2012-12-13 00:00:00+05:30,139.69,141.38,138.34,139.13,223272
2012-12-14 00:00:00+05:30,139.31,140.2,137.82,138.13,114058
2012-12-17 00:00:00+05:30,139.62,139.86,137.34,138.01,211716
2012-12-18 00:00:00+05:30,138.06,138.77,135.2,136.3,256180
2012-12-19 00:00:00+05:30,137.13,138.95,136.65,137.39,460828
2012-12-20 00:00:00+05:30,137.06,139.67,136.89,139.34,402710
2012-12-21 00:00:00+05:30,139.31,143.05,137.85,141.22,749402
2012-12-24 00:00:00+05:30,142.29,143.52,141.22,142.03,271790
2012-12-26 00:00:00+05:30,142.09,144.45,141.88,142.72,311884
2012-12-27 00:00:00+05:30,143.92,143.92,140.1,140.41,409202
2012-12-28 00:00:00+05:30,141.62,142.34,140.36,141.91,352304
2012-12-31 00:00:00+05:30,141.27,143.05,141.27,142.34,258304
2013-01-01 00:00:00+05:30,142.47,144.02,141.91,143.14,205566
2013-01-02 00:00:00+05:30,144.0,147.25,143.05,143.54,623924
2013-01-03 00:00:00+05:30,143.54,144.95,142.09,143.41,392872
2013-01-04 00:00:00+05:30,143.05,145.89,143.05,145.68,349912
2013-01-07 00:00:00+05:30,147.01,149.89,145.84,148.77,765110
2013-01-08 00:00:00+05:30,148.72,150.89,147.58,148.11,394126
2013-01-09 00:00:00+05:30,148.54,149.94,148.2,148.51,344864
2013-01-10 00:00:00+05:30,148.8,151.32,148.77,149.94,918956
2013-01-11 00:00:00+05:30,150.08,150.17,148.72,149.25,301120
2013-01-14 00:00:00+05:30,148.8,150.89,148.27,150.17,497204
2013-01-15 00:00:00+05:30,149.99,150.89,148.32,148.75,209704
2013-01-16 00:00:00+05:30,148.27,149.13,145.81,146.83,334070
2013-01-17 00:00:00+05:30,146.88,147.32,145.51,146.35,1624960
2013-01-18 00:00:00+05:30,146.35,148.18,144.16,144.78,145474
2013-01-21 00:00:00+05:30,147.75,147.77,143.05,143.31,155446
2013-01-22 00:00:00+05:30,144.0,144.87,142.26,142.95,1278032
2013-01-23 00:00:00+05:30,144.26,145.35,142.83,143.42,140692
2013-01-24 00:00:00+05:30,143.36,144.26,139.95,141.71,254380
2013-01-25 00:00:00+05:30,141.71,143.76,140.67,141.45,111520
2013-01-28 00:00:00+05:30,142.09,142.98,141.0,141.4,72504
2013-01-29 00:00:00+05:30,141.91,143.31,140.22,140.91,116934
2013-01-30 00:00:00+05:30,140.36,141.5,139.72,140.33,244556
2013-01-31 00:00:00+05:30,141.62,144.95,139.48,144.16,174034
2013-02-01 00:00:00+05:30,144.18,148.03,143.62,147.32,574112
2013-02-04 00:00:00+05:30,147.6,152.45,147.6,150.79,737006
2013-02-05 00:00:00+05:30,150.58,151.1,148.03,149.34,364782
2013-02-06 00:00:00+05:30,150.15,151.12,146.85,149.08,825850
2013-02-07 00:00:00+05:30,149.67,151.81,147.58,150.46,602406
2013-02-08 00:00:00+05:30,150.55,151.05,149.87,150.22,228534
2013-02-11 00:00:00+05:30,150.55,150.55,146.85,148.89,344628
2013-02-12 00:00:00+05:30,149.44,149.51,147.37,148.27,343994
2013-02-13 00:00:00+05:30,148.72,148.72,144.52,144.97,69934
2013-02-14 00:00:00+05:30,145.28,145.89,144.87,145.47,321042
2013-02-15 00:00:00+05:30,145.63,147.32,144.64,146.56,96282
2013-02-18 00:00:00+05:30,146.52,147.8,145.59,147.54,100042
2013-02-19 00:00:00+05:30,147.82,148.41,147.56,147.85,81444
2013-02-20 00:00:00+05:30,147.98,148.98,147.82,148.29,81862
2013-02-21 00:00:00+05:30,148.29,150.17,147.56,149.66,222000
2013-02-22 00:00:00+05:30,151.55,151.83,150.01,151.29,266402
2013-02-25 00:00:00+05:30,151.6,152.08,151.05,151.62,273388
2013-02-26 00:00:00+05:30,151.62,152.01,151.17,151.6,485120
2013-02-27 00:00:00+05:30,151.6,153.19,149.27,151.79,244502
2013-02-28 00:00:00+05:30,152.22,153.81,150.65,152.08,537302
2013-03-01 00:00:00+05:30,152.78,154.45,152.57,153.21,283588
2013-03-04 00:00:00+05:30,152.9,154.05,150.17,150.89,223970
2013-03-05 00:00:00+05:30,150.81,152.31,149.84,151.15,920710
2013-03-06 00:00:00+05:30,149.84,152.6,149.84,152.19,139568
2013-03-07 00:00:00+05:30,150.98,152.41,150.17,151.15,198934
2013-03-08 00:00:00+05:30,151.1,156.83,150.96,156.35,652550
2013-03-11 00:00:00+05:30,157.3,161.11,156.42,157.75,368776
2013-03-12 00:00:00+05:30,157.75,158.72,154.95,157.09,174648
2013-03-13 00:00:00+05:30,156.85,158.16,155.92,156.8,182152
2013-03-14 00:00:00+05:30,157.09,157.54,154.17,156.63,201676
2013-03-15 00:00:00+05:30,156.25,161.27,151.76,158.54,625990
2013-03-18 00:00:00+05:30,156.94,159.11,155.88,156.99,1165254
2013-03-19 00:00:00+05:30,157.65,157.83,152.12,152.43,106290
2013-03-20 00:00:00+05:30,153.36,153.38,146.66,147.37,105036
2013-03-21 00:00:00+05:30,148.37,150.15,145.23,145.54,97882
2013-03-22 00:00:00+05:30,145.28,145.84,142.62,142.98,127974
2013-03-25 00:00:00+05:30,144.69,144.95,140.71,141.35,218434
2013-03-26 00:00:00+05:30,141.86,144.71,141.22,144.33,96488
2013-03-28 00:00:00+05:30,144.47,151.96,143.28,150.74,238316
2013-04-01 00:00:00+05:30,150.08,156.35,148.11,153.77,396980
2013-04-02 00:00:00+05:30,154.45,154.86,151.76,152.14,106386
2013-04-03 00:00:00+05:30,152.14,153.43,149.39,150.38,81298
2013-04-04 00:00:00+05:30,149.87,151.1,146.91,147.34,66598
2013-04-05 00:00:00+05:30,146.37,149.13,146.37,147.18,57060
2013-04-08 00:00:00+05:30,147.94,148.13,145.12,145.42,74460
2013-04-09 00:00:00+05:30,146.32,148.94,146.32,148.29,111560
2013-04-10 00:00:00+05:30,148.27,149.44,146.88,147.27,71280
2013-04-11 00:00:00+05:30,146.63,148.16,145.89,146.58,80414
2013-04-12 00:00:00+05:30,145.94,145.94,144.16,145.04,68384
2013-04-15 00:00:00+05:30,144.95,145.73,144.47,145.28,98580
2013-04-16 00:00:00+05:30,146.25,147.23,144.95,146.14,121166
2013-04-17 00:00:00+05:30,147.25,148.61,146.37,147.54,182086
2013-04-18 00:00:00+05:30,148.11,154.41,147.9,152.08,422018
2013-04-22 00:00:00+05:30,153.34,153.38,148.46,149.27,123086
2013-04-23 00:00:00+05:30,149.46,150.17,147.65,148.25,77620
2013-04-25 00:00:00+05:30,148.75,149.66,146.89,147.77,532094
2013-04-26 00:00:00+05:30,148.75,156.76,148.75,153.59,1115592
2013-04-29 00:00:00+05:30,154.57,158.21,154.48,155.4,492574
2013-04-30 00:00:00+05:30,156.83,156.94,155.17,156.37,259228
2013-05-02 00:00:00+05:30,156.8,158.26,155.21,156.59,337358
2013-05-03 00:00:00+05:30,156.83,156.83,154.97,156.4,85020
2013-05-06 00:00:00+05:30,155.56,156.59,153.9,156.35,86776
2013-05-07 00:00:00+05:30,155.56,158.47,155.35,156.93,180118
2013-05-08 00:00:00+05:30,157.78,157.78,155.94,156.59,78286
2013-05-09 00:00:00+05:30,156.37,157.47,156.35,156.83,287844
2013-05-10 00:00:00+05:30,156.35,158.21,155.97,156.78,77844
2013-05-13 00:00:00+05:30,156.42,157.01,155.92,156.66,97022
2013-05-14 00:00:00+05:30,156.35,162.49,156.35,159.82,558140
2013-05-15 00:00:00+05:30,160.43,161.96,158.3,159.13,306540
2013-05-16 00:00:00+05:30,159.13,159.68,156.52,157.44,168970
2013-05-17 00:00:00+05:30,156.85,158.72,156.35,156.85,278788
2013-05-20 00:00:00+05:30,156.85,160.08,156.85,158.18,100868
2013-05-21 00:00:00+05:30,157.3,158.72,156.83,156.94,47680
2013-05-22 00:00:00+05:30,156.97,163.88,156.97,163.43,644018
2013-05-23 00:00:00+05:30,163.9,164.91,158.72,161.8,441412
2013-05-24 00:00:00+05:30,163.79,165.83,161.77,163.95,352050
2013-05-27 00:00:00+05:30,163.48,164.5,161.11,161.6,106048
2013-05-28 00:00:00+05:30,161.58,163.95,160.4,162.08,551376
2013-05-29 00:00:00+05:30,162.96,163.41,161.29,161.48,61306
2013-05-30 00:00:00+05:30,160.79,162.91,160.79,162.34,68566
2013-05-31 00:00:00+05:30,162.36,170.99,161.46,164.33,698478
2013-06-03 00:00:00+05:30,163.29,173.46,163.29,171.56,646344
2013-06-04 00:00:00+05:30,172.11,176.78,170.61,171.94,553202
2013-06-05 00:00:00+05:30,172.51,173.87,171.09,172.03,169814
2013-06-06 00:00:00+05:30,172.89,172.89,170.3,171.11,89904
2013-06-07 00:00:00+05:30,170.32,174.64,170.32,171.25,160424
2013-06-10 00:00:00+05:30,159.2,171.09,159.2,166.93,127196
2013-06-11 00:00:00+05:30,165.38,167.95,162.17,162.46,77854
2013-06-12 00:00:00+05:30,162.17,166.24,162.17,164.07,141134
2013-06-13 00:00:00+05:30,162.72,163.62,159.25,159.72,241148
2013-06-14 00:00:00+05:30,159.79,163.43,159.79,161.15,240330
2013-06-17 00:00:00+05:30,161.11,161.91,159.92,160.79,355680
2013-06-18 00:00:00+05:30,161.44,161.44,158.75,159.08,105094
2013-06-19 00:00:00+05:30,159.56,161.81,158.8,160.56,112128
2013-06-20 00:00:00+05:30,159.2,159.2,157.01,157.35,91132
2013-06-21 00:00:00+05:30,157.47,158.26,156.33,156.71,92116
2013-06-24 00:00:00+05:30,156.71,158.68,153.57,154.43,110748
2013-06-25 00:00:00+05:30,153.19,156.57,153.19,155.45,639618
2013-06-26 00:00:00+05:30,156.68,156.71,153.98,154.87,337302
2013-06-27 00:00:00+05:30,156.83,156.83,152.6,153.64,54972
2013-06-28 00:00:00+05:30,155.23,158.18,154.05,156.97,306968
2013-07-01 00:00:00+05:30,157.7,158.66,155.92,156.61,376838
2013-07-02 00:00:00+05:30,156.61,157.26,154.74,155.17,70778
2013-07-03 00:00:00+05:30,154.45,156.24,154.38,155.19,928190
2013-07-04 00:00:00+05:30,155.21,155.97,153.72,155.02,121506
2013-07-05 00:00:00+05:30,155.4,159.75,153.85,154.21,296842
2013-07-08 00:00:00+05:30,153.74,155.33,152.08,152.81,92770
2013-07-09 00:00:00+05:30,153.74,155.4,152.31,153.05,94266
2013-07-10 00:00:00+05:30,153.12,156.35,153.12,154.15,180066
2013-07-11 00:00:00+05:30,154.45,157.78,153.98,157.3,166898
2013-07-12 00:00:00+05:30,156.35,160.37,156.35,159.23,120634
2013-07-15 00:00:00+05:30,158.97,160.15,158.3,159.37,201004
2013-07-16 00:00:00+05:30,158.72,163.95,157.78,163.24,296378
2013-07-17 00:00:00+05:30,163.48,168.14,159.72,162.11,383952
2013-07-18 00:00:00+05:30,163.48,164.2,159.46,159.84,363684
2013-07-19 00:00:00+05:30,158.75,159.49,157.09,157.62,125658
2013-07-22 00:00:00+05:30,157.04,160.08,156.71,157.62,112246
2013-07-23 00:00:00+05:30,157.26,158.42,156.04,156.76,99034
2013-07-24 00:00:00+05:30,156.35,156.83,154.26,155.26,200448
2013-07-25 00:00:00+05:30,155.19,156.99,154.31,154.69,72756
2013-07-26 00:00:00+05:30,154.79,156.55,153.21,153.62,111414
2013-07-29 00:00:00+05:30,153.19,154.69,150.65,151.07,95588
2013-07-30 00:00:00+05:30,151.81,153.9,150.81,151.74,90074
2013-07-31 00:00:00+05:30,151.74,152.55,148.46,149.69,125956
2013-08-01 00:00:00+05:30,153.03,157.42,148.25,151.98,471304
2013-08-02 00:00:00+05:30,153.62,155.88,151.12,152.45,191038
2013-08-05 00:00:00+05:30,152.78,155.14,151.55,151.98,140566
2013-08-06 00:00:00+05:30,151.6,152.08,146.52,148.34,110874
2013-08-07 00:00:00+05:30,148.75,150.17,146.02,149.39,59442
2013-08-08 00:00:00+05:30,149.67,150.79,147.49,149.99,74822
2013-08-12 00:00:00+05:30,149.77,154.17,149.74,153.62,93548
2013-08-13 00:00:00+05:30,152.12,154.45,150.65,151.74,91476
2013-08-14 00:00:00+05:30,151.19,152.55,150.65,151.45,57324
2013-08-16 00:00:00+05:30,151.15,152.6,149.69,150.58,77980
2013-08-19 00:00:00+05:30,150.81,150.81,145.07,146.11,127162
2013-08-20 00:00:00+05:30,146.75,149.67,144.95,149.08,781072
2013-08-21 00:00:00+05:30,149.67,152.47,149.67,151.17,455060
2013-08-22 00:00:00+05:30,152.45,152.45,149.82,150.94,202950
2013-08-23 00:00:00+05:30,151.88,151.88,149.69,150.43,64828
2013-08-26 00:00:00+05:30,150.65,152.08,150.41,150.68,53032
2013-08-27 00:00:00+05:30,151.86,151.86,149.77,150.58,151432
2013-08-28 00:00:00+05:30,150.17,150.17,145.94,147.8,463174
2013-08-29 00:00:00+05:30,146.91,149.13,146.06,148.34,107144
2013-08-30 00:00:00+05:30,148.34,154.41,148.34,153.74,237612
2013-09-02 00:00:00+05:30,154.64,161.11,153.55,158.99,383834
2013-09-03 00:00:00+05:30,159.68,162.93,152.69,153.34,148710
2013-09-04 00:00:00+05:30,151.27,154.86,149.46,149.94,105452
2013-09-05 00:00:00+05:30,151.45,152.5,150.65,150.98,59388
2013-09-06 00:00:00+05:30,151.7,152.08,149.69,150.08,124742
2013-09-10 00:00:00+05:30,151.17,152.95,149.1,150.36,407356
2013-09-11 00:00:00+05:30,150.65,154.45,150.65,152.12,176766
2013-09-12 00:00:00+05:30,153.43,154.31,151.27,151.5,107626
2013-09-13 00:00:00+05:30,153.98,158.7,153.52,155.99,422876
2013-09-16 00:00:00+05:30,157.78,158.26,154.84,155.61,100818
2013-09-17 00:00:00+05:30,153.55,155.86,153.1,154.15,72764
2013-09-18 00:00:00+05:30,153.5,156.04,153.05,153.48,56076
2013-09-19 00:00:00+05:30,154.26,155.88,153.26,153.64,219018
2013-09-20 00:00:00+05:30,156.28,157.7,152.31,152.69,346722
2013-09-23 00:00:00+05:30,153.03,153.98,149.69,150.03,211848
2013-09-24 00:00:00+05:30,149.77,151.98,148.16,148.51,371978
2013-09-25 00:00:00+05:30,148.29,148.75,147.32,147.58,197894
2013-09-26 00:00:00+05:30,147.58,148.98,146.37,146.75,277220
2013-09-27 00:00:00+05:30,147.75,148.46,146.06,147.47,221464
2013-09-30 00:00:00+05:30,148.65,149.08,146.37,147.13,264056
2013-10-01 00:00:00+05:30,148.27,148.27,140.91,142.29,642498
2013-10-03 00:00:00+05:30,141.14,143.05,140.67,142.29,559194
2013-10-04 00:00:00+05:30,141.69,145.4,141.69,144.66,492332
2013-10-07 00:00:00+05:30,145.25,145.89,144.13,145.38,163040
2013-10-08 00:00:00+05:30,146.85,147.52,145.84,146.23,201430
2013-10-09 00:00:00+05:30,146.37,147.23,145.07,145.81,218016
2013-10-10 00:00:00+05:30,145.78,148.75,145.78,148.08,591732
2013-10-11 00:00:00+05:30,150.17,151.03,146.96,147.63,509444
2013-10-14 00:00:00+05:30,148.41,149.15,147.37,147.7,148624
2013-10-15 00:00:00+05:30,148.27,148.97,145.42,145.78,256392
2013-10-17 00:00:00+05:30,147.21,148.27,145.78,147.49,309228
2013-10-18 00:00:00+05:30,147.32,147.8,145.73,146.54,258148
2013-10-21 00:00:00+05:30,147.04,147.73,146.04,146.75,151776
2013-10-22 00:00:00+05:30,146.45,149.56,146.16,148.8,300294
2013-10-23 00:00:00+05:30,149.69,150.12,147.42,148.08,166330
2013-10-24 00:00:00+05:30,148.75,148.75,147.32,147.6,124202
2013-10-25 00:00:00+05:30,146.91,147.54,145.14,145.45,181806
2013-10-28 00:00:00+05:30,147.25,147.25,144.95,144.99,112880
2013-10-29 00:00:00+05:30,144.95,147.65,143.92,147.13,227604
2013-10-30 00:00:00+05:30,147.32,148.16,145.71,146.2,80538
2013-10-31 00:00:00+05:30,145.89,146.56,143.78,145.54,322602
2013-11-01 00:00:00+05:30,145.02,147.7,145.02,146.75,194640
2013-11-05 00:00:00+05:30,147.87,147.92,145.94,146.3,95842
2013-11-06 00:00:00+05:30,145.89,147.8,145.89,146.96,170746
2013-11-07 00:00:00+05:30,146.85,147.32,144.49,144.71,132144
2013-11-08 00:00:00+05:30,145.68,145.84,143.28,143.67,153128
2013-11-11 00:00:00+05:30,143.54,144.26,142.62,142.78,158348
2013-11-12 00:00:00+05:30,142.69,143.95,141.62,141.98,145330
2013-11-13 00:00:00+05:30,141.65,142.57,141.65,142.26,101420
2013-11-14 00:00:00+05:30,142.5,143.36,141.22,141.81,180310
2013-11-18 00:00:00+05:30,142.55,143.83,141.71,142.14,305042
2013-11-19 00:00:00+05:30,142.12,143.03,141.0,141.22,194068
2013-11-20 00:00:00+05:30,141.83,142.69,140.05,140.86,257690
2013-11-21 00:00:00+05:30,141.34,141.34,137.8,138.22,360702
2013-11-22 00:00:00+05:30,137.82,139.56,137.39,138.41,197984
2013-11-25 00:00:00+05:30,138.53,139.94,136.39,136.89,363722
2013-11-26 00:00:00+05:30,137.67,141.22,136.86,140.67,374994
2013-11-27 00:00:00+05:30,142.03,142.03,139.25,140.2,329712
2013-11-28 00:00:00+05:30,140.67,144.35,139.89,142.72,372020
2013-11-29 00:00:00+05:30,143.03,146.09,143.03,145.33,423060
2013-12-02 00:00:00+05:30,145.89,147.8,145.5,147.39,336104
2013-12-03 00:00:00+05:30,148.13,148.13,145.42,145.71,131048
2013-12-04 00:00:00+05:30,145.84,147.32,143.69,145.09,190098
2013-12-05 00:00:00+05:30,145.89,146.68,143.09,143.52,131198
2013-12-06 00:00:00+05:30,143.95,146.32,143.36,144.56,158680
2013-12-09 00:00:00+05:30,146.37,146.37,143.52,143.85,234660
2013-12-10 00:00:00+05:30,144.45,146.75,143.09,144.4,136370
2013-12-11 00:00:00+05:30,144.4,144.4,142.81,143.57,378756
2013-12-12 00:00:00+05:30,143.07,143.54,142.09,142.26,222916
2013-12-13 00:00:00+05:30,142.09,142.38,141.27,141.98,208080
2013-12-16 00:00:00+05:30,141.98,142.57,140.27,141.19,101992
2013-12-17 00:00:00+05:30,141.76,142.81,140.43,140.84,404116
2013-12-18 00:00:00+05:30,140.67,142.09,140.22,140.91,519460
2013-12-19 00:00:00+05:30,140.91,144.47,140.5,142.03,181318
2013-12-20 00:00:00+05:30,142.78,145.89,142.21,144.07,286872
2013-12-23 00:00:00+05:30,144.47,146.23,144.18,145.07,271350
2013-12-24 00:00:00+05:30,145.38,145.94,144.47,145.38,392312
2013-12-26 00:00:00+05:30,146.11,149.36,144.33,147.65,626336
2013-12-27 00:00:00+05:30,147.8,150.53,147.8,150.08,546854
2013-12-30 00:00:00+05:30,150.17,151.45,149.69,150.05,354840
2013-12-31 00:00:00+05:30,149.82,150.94,147.85,149.13,234804
2014-01-01 00:00:00+05:30,149.23,149.69,148.06,148.62,112046
2014-01-02 00:00:00+05:30,149.23,152.31,148.03,149.1,610594
2014-01-03 00:00:00+05:30,148.75,150.1,144.05,144.43,524362
2014-01-06 00:00:00+05:30,145.3,146.49,143.83,144.16,194120
2014-01-07 00:00:00+05:30,144.56,144.8,141.62,141.98,410710
2014-01-08 00:00:00+05:30,142.57,144.87,141.71,142.14,277344
2014-01-09 00:00:00+05:30,143.36,143.36,141.14,141.6,185210
2014-01-10 00:00:00+05:30,142.09,142.9,140.36,140.74,215980
2014-01-13 00:00:00+05:30,142.09,142.09,140.76,141.02,92452
2014-01-14 00:00:00+05:30,141.02,143.49,140.81,141.86,155696
2014-01-15 00:00:00+05:30,141.62,144.82,141.14,144.13,348756
2014-01-16 00:00:00+05:30,144.47,145.3,142.38,143.52,267256
2014-01-17 00:00:00+05:30,142.17,143.47,141.19,141.45,263028
2014-01-20 00:00:00+05:30,141.14,142.5,140.41,141.05,87064
2014-01-21 00:00:00+05:30,140.84,142.52,140.84,142.12,569012
2014-01-22 00:00:00+05:30,141.69,142.36,141.19,141.57,246540
2014-01-23 00:00:00+05:30,141.22,141.91,141.19,141.48,256766
2014-01-24 00:00:00+05:30,141.38,141.62,138.56,139.05,379102
2014-01-27 00:00:00+05:30,137.82,138.77,137.11,137.49,818116
2014-01-28 00:00:00+05:30,137.53,138.77,137.03,137.93,380718
2014-01-29 00:00:00+05:30,138.53,140.43,138.29,139.74,489272
2014-01-30 00:00:00+05:30,139.0,139.25,135.73,138.79,736756
2014-01-31 00:00:00+05:30,139.46,140.15,138.84,139.79,132212
2014-02-03 00:00:00+05:30,140.43,143.9,139.26,142.17,251660
2014-02-04 00:00:00+05:30,141.83,142.09,139.03,141.0,1018066
2014-02-05 00:00:00+05:30,142.29,142.29,140.43,141.02,881796
2014-02-06 00:00:00+05:30,141.38,142.34,140.31,141.62,837380
2014-02-07 00:00:00+05:30,142.5,142.81,141.34,142.17,640222
2014-02-10 00:00:00+05:30,141.32,144.85,141.32,142.67,159102
2014-02-11 00:00:00+05:30,142.83,143.14,140.84,142.62,77988
2014-02-12 00:00:00+05:30,142.98,143.45,141.78,142.6,137610
2014-02-13 00:00:00+05:30,142.81,143.05,140.67,141.0,54166
2014-02-14 00:00:00+05:30,142.03,142.12,139.26,139.89,97146
2014-02-17 00:00:00+05:30,141.07,142.24,140.53,141.1,86160
2014-02-18 00:00:00+05:30,142.31,143.52,140.69,140.86,172958
2014-02-19 00:00:00+05:30,141.78,142.42,140.96,141.29,80706
2014-02-20 00:00:00+05:30,141.14,141.48,140.03,140.31,91582
2014-02-21 00:00:00+05:30,140.43,141.34,138.36,138.57,187572
2014-02-24 00:00:00+05:30,138.57,139.91,137.2,137.6,213526
2014-02-25 00:00:00+05:30,137.34,138.34,136.22,136.58,254296
2014-02-26 00:00:00+05:30,136.86,137.82,135.73,136.73,322602
2014-02-28 00:00:00+05:30,136.86,137.82,135.73,136.73,0
2014-03-03 00:00:00+05:30,136.86,137.82,135.73,136.73,0
2014-03-04 00:00:00+05:30,136.86,137.82,135.73,136.73,0
2014-03-05 00:00:00+05:30,136.86,137.82,135.73,136.73,0
2014-03-06 00:00:00+05:30,136.86,137.82,135.73,136.73,0
2014-03-07 00:00:00+05:30,136.86,137.82,135.73,136.73,0
2014-03-10 00:00:00+05:30,136.86,137.82,135.73,136.73,0
2014-03-11 00:00:00+05:30,136.86,137.82,135.73,136.73,0
2014-03-12 00:00:00+05:30,136.86,137.82,135.73,136.73,0
2014-03-13 00:00:00+05:30,136.86,137.82,135.73,136.73,0
2014-03-14 00:00:00+05:30,145.1,150.05,138.81,144.8,54416
2014-03-18 00:00:00+05:30,145.57,146.52,141.0,143.04,105366
2014-03-19 00:00:00+05:30,143.1,143.1,139.33,140.69,86420
2014-03-20 00:00:00+05:30,140.26,140.74,138.86,139.96,95148
2014-03-21 00:00:00+05:30,139.28,140.74,138.22,138.88,155082
2014-03-24 00:00:00+05:30,141.39,141.39,139.1,139.75,240480
2014-03-25 00:00:00+05:30,139.53,141.68,137.84,138.92,94544
2014-03-26 00:00:00+05:30,140.26,141.68,139.31,141.05,80674
2014-03-27 00:00:00+05:30,141.22,144.24,140.4,143.98,109406
2014-03-28 00:00:00+05:30,146.3,151.86,146.3,151.0,417330
2014-03-31 00:00:00+05:30,151.52,153.31,149.62,150.38,183028
2014-04-01 00:00:00+05:30,151.0,151.0,147.51,148.02,396906
2014-04-02 00:00:00+05:30,147.99,151.13,147.51,148.98,338334
2014-04-03 00:00:00+05:30,148.5,150.41,146.59,147.46,509456
2014-04-04 00:00:00+05:30,147.6,149.91,147.36,149.15,106638
2014-04-07 00:00:00+05:30,148.07,149.83,146.79,147.05,198874
2014-04-09 00:00:00+05:30,147.05,149.44,146.54,147.05,489402
2014-04-10 00:00:00+05:30,147.51,148.19,146.98,147.12,200912
2014-04-11 00:00:00+05:30,147.51,149.88,147.03,147.46,218678
2014-04-15 00:00:00+05:30,148.64,148.64,146.13,146.37,127222
2014-04-16 00:00:00+05:30,146.79,147.26,145.1,145.26,138910
2014-04-17 00:00:00+05:30,145.1,147.03,145.1,145.77,52940
2014-04-21 00:00:00+05:30,146.06,147.51,145.1,145.18,217478
2014-04-22 00:00:00+05:30,145.5,146.54,145.16,146.2,97236
2014-04-23 00:00:00+05:30,147.26,147.26,145.7,146.18,108262
2014-04-25 00:00:00+05:30,145.57,146.06,143.64,143.86,135320
2014-04-28 00:00:00+05:30,143.72,144.56,143.15,143.86,102328
2014-04-29 00:00:00+05:30,148.35,148.35,141.73,142.29,199568
2014-04-30 00:00:00+05:30,142.65,147.26,141.7,143.2,206906
2014-05-02 00:00:00+05:30,144.12,144.61,142.0,143.3,100140
2014-05-05 00:00:00+05:30,143.3,143.64,140.99,141.7,113290
2014-05-06 00:00:00+05:30,142.19,142.43,140.74,141.2,100830
2014-05-07 00:00:00+05:30,140.86,141.66,139.96,140.4,302640
2014-05-08 00:00:00+05:30,140.42,141.39,138.34,138.76,231716
2014-05-09 00:00:00+05:30,138.47,140.74,138.32,138.68,250632
2014-05-12 00:00:00+05:30,139.77,140.99,139.28,140.26,145264
2014-05-13 00:00:00+05:30,142.92,144.32,140.28,141.7,357168
2014-05-14 00:00:00+05:30,141.7,141.7,138.37,139.31,289798
2014-05-15 00:00:00+05:30,140.64,140.64,138.63,139.1,258322
2014-05-16 00:00:00+05:30,140.28,140.81,136.92,137.72,306448
2014-05-19 00:00:00+05:30,137.84,139.7,137.84,138.42,490382
2014-05-20 00:00:00+05:30,139.28,139.43,137.16,137.72,631436
2014-05-21 00:00:00+05:30,137.88,141.25,137.12,140.11,1005324
2014-05-22 00:00:00+05:30,140.74,144.37,140.3,141.7,1779426
2014-05-23 00:00:00+05:30,143.07,144.71,141.7,142.6,908944
2014-05-26 00:00:00+05:30,143.88,149.3,141.78,144.48,1513722
2014-05-27 00:00:00+05:30,145.52,145.86,141.7,141.95,371252
2014-05-28 00:00:00+05:30,142.0,144.37,140.26,141.03,514946
2014-05-29 00:00:00+05:30,141.56,142.68,140.64,141.17,167148
2014-05-30 00:00:00+05:30,140.52,144.8,140.52,142.31,270822
2014-06-02 00:00:00+05:30,142.68,143.98,142.19,142.58,172248
2014-06-03 00:00:00+05:30,142.68,143.3,142.24,142.68,311112
2014-06-04 00:00:00+05:30,142.21,146.06,142.19,144.37,897660
2014-06-05 00:00:00+05:30,146.54,152.35,146.54,151.33,2176922
2014-06-06 00:00:00+05:30,153.07,160.38,153.07,158.0,2682652
2014-06-09 00:00:00+05:30,160.28,169.22,160.2,168.33,2532880
2014-06-10 00:00:00+05:30,169.27,170.14,161.9,165.11,958508
2014-06-11 00:00:00+05:30,165.4,168.79,160.42,162.18,655332
2014-06-12 00:00:00+05:30,162.5,164.68,160.28,161.46,337544
2014-06-13 00:00:00+05:30,161.61,162.43,152.88,153.63,940730
2014-06-16 00:00:00+05:30,152.42,156.07,150.53,152.37,811334
2014-06-17 00:00:00+05:30,152.2,156.22,152.2,154.52,1058244
2014-06-18 00:00:00+05:30,155.24,156.22,150.72,151.52,439606
2014-06-19 00:00:00+05:30,152.78,153.21,149.15,149.81,498918
2014-06-20 00:00:00+05:30,149.66,155.9,149.64,154.09,852514
2014-06-23 00:00:00+05:30,154.38,155.73,151.18,152.15,306824
2014-06-24 00:00:00+05:30,152.83,155.73,152.1,154.38,444608
2014-06-25 00:00:00+05:30,153.92,154.77,152.4,153.24,163518
2014-06-26 00:00:00+05:30,152.83,153.73,151.0,152.01,231298
2014-06-27 00:00:00+05:30,152.46,158.64,152.35,157.42,988540
2014-06-30 00:00:00+05:30,158.25,159.11,155.58,157.04,364328
2014-07-01 00:00:00+05:30,157.89,161.51,155.73,160.42,687912
2014-07-02 00:00:00+05:30,163.52,176.53,161.56,174.86,7458554
2014-07-03 00:00:00+05:30,171.57,171.69,165.67,168.18,2683992
2014-07-04 00:00:00+05:30,169.03,169.95,165.53,166.25,805206
2014-07-07 00:00:00+05:30,165.96,166.34,161.9,163.11,759628
2014-07-08 00:00:00+05:30,164.36,167.29,162.55,164.44,2424468
2014-07-09 00:00:00+05:30,163.42,166.37,160.13,163.32,1623172
2014-07-10 00:00:00+05:30,163.95,163.95,156.22,159.53,517882
2014-07-11 00:00:00+05:30,159.6,160.72,153.44,154.14,318882
2014-07-14 00:00:00+05:30,152.93,157.04,152.93,155.71,225566
2014-07-15 00:00:00+05:30,155.29,160.57,154.35,159.63,383006
2014-07-16 00:00:00+05:30,159.72,162.02,159.68,160.74,354560
2014-07-17 00:00:00+05:30,160.18,163.27,158.39,161.03,344794
2014-07-18 00:00:00+05:30,161.78,161.78,159.26,160.18,202402
2014-07-21 00:00:00+05:30,160.18,164.15,160.18,161.08,356936
2014-07-22 00:00:00+05:30,161.87,162.02,158.05,158.85,372880
2014-07-23 00:00:00+05:30,159.6,163.59,156.92,162.86,1122502
2014-07-24 00:00:00+05:30,163.47,165.16,161.58,162.43,578846
2014-07-25 00:00:00+05:30,162.26,163.47,159.16,160.52,987808
2014-07-28 00:00:00+05:30,160.08,161.03,158.66,159.6,935262
2014-07-30 00:00:00+05:30,159.11,161.51,158.8,159.97,1393362
2014-07-31 00:00:00+05:30,161.29,163.81,159.97,162.52,902544
2014-08-01 00:00:00+05:30,158.64,162.0,157.35,161.27,616248
2014-08-04 00:00:00+05:30,160.08,161.05,158.7,159.58,192114
2014-08-05 00:00:00+05:30,159.11,166.86,158.88,165.11,683226
2014-08-06 00:00:00+05:30,165.11,166.47,163.08,163.52,443518
2014-08-07 00:00:00+05:30,162.99,165.4,162.02,164.22,201716
2014-08-08 00:00:00+05:30,162.7,163.18,161.08,162.55,223814
2014-08-11 00:00:00+05:30,164.07,168.16,162.26,166.76,639062
2014-08-12 00:00:00+05:30,167.7,169.25,166.15,168.55,557266
2014-08-13 00:00:00+05:30,168.21,168.21,165.28,167.04,476044
2014-08-14 00:00:00+05:30,166.86,171.5,165.45,169.64,516018
2014-08-18 00:00:00+05:30,169.64,174.01,168.38,170.6,431020
2014-08-19 00:00:00+05:30,170.24,173.96,170.24,173.07,923604
2014-08-20 00:00:00+05:30,174.11,176.02,168.55,168.94,629334
2014-08-21 00:00:00+05:30,168.31,173.58,168.31,172.81,492724
2014-08-22 00:00:00+05:30,173.14,176.0,172.66,173.19,530772
2014-08-25 00:00:00+05:30,173.62,174.94,169.32,169.93,196620
2014-08-26 00:00:00+05:30,171.02,172.15,166.39,168.79,184108
2014-08-27 00:00:00+05:30,169.76,170.36,167.0,167.7,139942
2014-08-28 00:00:00+05:30,168.94,171.2,167.51,169.25,319934
2014-09-01 00:00:00+05:30,169.27,171.2,169.27,170.55,252098
2014-09-02 00:00:00+05:30,170.55,178.95,170.36,175.49,1046098
2014-09-03 00:00:00+05:30,176.94,187.02,176.77,185.13,2258630
2014-09-04 00:00:00+05:30,183.78,187.41,178.95,184.14,698314
2014-09-05 00:00:00+05:30,184.61,185.21,181.36,182.11,276620
2014-09-08 00:00:00+05:30,181.63,191.86,181.63,190.26,954144
2014-09-09 00:00:00+05:30,190.07,190.41,186.2,189.56,338582
2014-09-10 00:00:00+05:30,189.92,192.41,184.75,186.74,432894
2014-09-11 00:00:00+05:30,188.33,191.03,187.19,188.01,254988
2014-09-12 00:00:00+05:30,188.43,195.73,187.16,194.28,899638
2014-09-15 00:00:00+05:30,193.31,204.1,193.01,203.27,1479872
2014-09-16 00:00:00+05:30,204.1,215.21,204.1,212.22,2276634
2014-09-17 00:00:00+05:30,212.32,218.51,205.57,207.41,1218228
2014-09-18 00:00:00+05:30,207.19,212.71,204.82,206.22,449530
2014-09-19 00:00:00+05:30,207.67,216.38,207.48,212.63,946828
2014-09-22 00:00:00+05:30,211.59,215.21,210.38,213.62,374898
2014-09-23 00:00:00+05:30,214.74,216.11,205.84,208.11,402344
2014-09-24 00:00:00+05:30,209.3,211.74,203.12,205.91,390300
2014-09-25 00:00:00+05:30,206.66,207.92,204.1,206.71,346584
2014-09-26 00:00:00+05:30,205.06,207.8,200.73,205.33,202506
2014-09-29 00:00:00+05:30,206.63,212.24,204.1,208.23,231942
2014-09-30 00:00:00+05:30,208.93,214.74,204.16,207.62,605548
2014-10-01 00:00:00+05:30,208.86,213.18,207.22,209.05,265434
2014-10-07 00:00:00+05:30,209.9,211.57,208.45,209.0,163606
2014-10-08 00:00:00+05:30,208.52,210.38,207.17,208.13,205368
2014-10-09 00:00:00+05:30,208.13,211.35,207.53,210.04,288764
2014-10-10 00:00:00+05:30,210.58,217.59,208.11,210.99,547220
2014-10-13 00:00:00+05:30,210.79,210.79,208.21,209.56,664668
2014-10-14 00:00:00+05:30,209.41,210.87,207.96,208.06,384006
2014-10-16 00:00:00+05:30,209.83,209.83,202.89,203.2,361946
2014-10-17 00:00:00+05:30,203.12,203.12,196.55,198.24,473190
2014-10-20 00:00:00+05:30,199.45,201.51,198.49,199.04,359488
2014-10-21 00:00:00+05:30,201.02,201.19,197.37,199.58,183616
2014-10-22 00:00:00+05:30,200.71,203.74,198.05,201.87,284864
2014-10-23 00:00:00+05:30,202.4,208.47,202.16,207.33,192804
2014-10-27 00:00:00+05:30,207.82,208.42,202.28,203.01,370160
2014-10-28 00:00:00+05:30,202.18,204.11,199.26,201.46,343174
2014-10-29 00:00:00+05:30,201.75,204.68,198.34,199.95,634162
2014-10-30 00:00:00+05:30,200.28,202.65,197.86,199.09,1467678
2014-10-31 00:00:00+05:30,200.64,201.12,198.29,199.84,1329930
2014-11-03 00:00:00+05:30,203.12,205.4,201.17,202.11,354286
2014-11-05 00:00:00+05:30,201.38,204.1,198.54,199.55,307048
2014-11-07 00:00:00+05:30,200.71,200.71,197.81,198.68,197602
2014-11-10 00:00:00+05:30,198.78,202.76,198.78,201.7,425992
2014-11-11 00:00:00+05:30,201.56,203.85,200.23,201.43,378612
2014-11-12 00:00:00+05:30,202.16,203.83,201.24,201.63,300806
2014-11-13 00:00:00+05:30,202.93,208.76,202.16,205.82,2997384
2014-11-14 00:00:00+05:30,206.99,216.91,206.27,213.8,2480956
2014-11-17 00:00:00+05:30,214.2,219.86,212.03,216.33,1079232
2014-11-18 00:00:00+05:30,217.32,218.12,211.83,214.01,636178
2014-11-19 00:00:00+05:30,214.92,222.9,212.39,213.75,2370834
2014-11-20 00:00:00+05:30,213.38,219.74,213.38,218.85,1995752
2014-11-21 00:00:00+05:30,220.06,221.94,216.62,219.26,2096916
2014-11-24 00:00:00+05:30,223.19,225.66,221.63,223.99,980272
2014-11-25 00:00:00+05:30,223.19,228.83,218.32,226.61,1215994
2014-11-26 00:00:00+05:30,226.36,231.5,223.92,229.68,1088756
2014-11-27 00:00:00+05:30,229.71,235.04,229.68,233.64,761272
2014-11-28 00:00:00+05:30,236.98,247.13,236.98,242.71,2055446
2014-12-01 00:00:00+05:30,244.09,253.18,242.61,247.46,1260118
2014-12-02 00:00:00+05:30,244.26,247.6,242.37,244.79,522042
2014-12-03 00:00:00+05:30,245.08,255.36,245.08,253.33,921702
2014-12-04 00:00:00+05:30,254.97,259.11,251.13,256.83,578638
2014-12-05 00:00:00+05:30,256.64,260.17,256.49,257.85,383874
2014-12-08 00:00:00+05:30,258.65,263.09,251.66,258.57,768566
2014-12-09 00:00:00+05:30,260.39,261.16,247.38,248.3,1136572
2014-12-10 00:00:00+05:30,247.21,253.08,247.09,248.17,327754
2014-12-11 00:00:00+05:30,249.75,249.75,242.3,243.0,442678
2014-12-12 00:00:00+05:30,244.24,245.2,238.91,239.64,340610
2014-12-15 00:00:00+05:30,239.4,239.4,235.33,237.44,452104
2014-12-16 00:00:00+05:30,236.98,236.98,227.29,233.55,1062268
2014-12-17 00:00:00+05:30,232.15,234.42,222.86,232.6,974646
2014-12-18 00:00:00+05:30,234.57,238.82,232.17,237.17,839446
2014-12-19 00:00:00+05:30,238.82,247.16,236.16,245.38,1407752
2014-12-22 00:00:00+05:30,246.14,248.08,241.75,246.03,312412
2014-12-23 00:00:00+05:30,246.66,248.11,242.57,245.78,361290
2014-12-24 00:00:00+05:30,247.09,247.09,241.82,242.4,262614
2014-12-26 00:00:00+05:30,243.97,246.37,243.27,243.51,174712
2014-12-29 00:00:00+05:30,244.72,247.12,241.82,242.4,200926
2014-12-30 00:00:00+05:30,246.17,246.17,238.44,238.8,354676
2014-12-31 00:00:00+05:30,239.59,245.3,238.44,242.79,416166
2015-01-01 00:00:00+05:30,243.97,246.74,242.07,242.95,199108
2015-01-02 00:00:00+05:30,242.97,245.42,242.63,243.53,661112
2015-01-05 00:00:00+05:30,247.37,247.37,243.48,244.14,784742
2015-01-06 00:00:00+05:30,242.99,255.63,242.07,250.19,1762930
2015-01-07 00:00:00+05:30,252.18,255.53,252.16,253.33,1420262
2015-01-08 00:00:00+05:30,256.36,257.55,252.71,254.22,1300908
2015-01-09 00:00:00+05:30,255.24,256.12,246.96,247.66,880756
2015-01-12 00:00:00+05:30,248.56,249.63,243.95,245.06,338840
2015-01-13 00:00:00+05:30,245.47,252.08,244.24,248.1,2657092
2015-01-14 00:00:00+05:30,247.95,249.73,245.02,245.62,547702
2015-01-15 00:00:00+05:30,245.42,246.86,240.08,241.15,567462
2015-01-16 00:00:00+05:30,241.81,248.34,241.18,246.64,857148
2015-01-19 00:00:00+05:30,247.85,249.92,245.94,246.43,368338
2015-01-20 00:00:00+05:30,245.47,247.01,242.41,242.75,422166
2015-01-21 00:00:00+05:30,243.48,246.43,242.51,242.95,331742
2015-01-22 00:00:00+05:30,242.02,244.94,241.29,242.05,509546
2015-01-23 00:00:00+05:30,244.94,244.94,237.97,238.36,500586
2015-01-27 00:00:00+05:30,239.84,241.29,236.19,237.77,964712
2015-01-28 00:00:00+05:30,238.62,239.33,233.32,234.28,885472
2015-01-29 00:00:00+05:30,236.19,237.65,232.3,233.5,784136
2015-01-30 00:00:00+05:30,235.7,236.09,229.39,230.48,473146
2015-02-02 00:00:00+05:30,231.55,234.2,227.93,228.66,376940
2015-02-03 00:00:00+05:30,230.6,232.21,227.03,230.8,549982
2015-02-04 00:00:00+05:30,232.23,232.23,227.52,228.3,335236
2015-02-05 00:00:00+05:30,230.12,231.31,225.26,225.77,319458
2015-02-06 00:00:00+05:30,225.98,235.17,224.85,234.23,609866
2015-02-09 00:00:00+05:30,234.44,234.44,229.85,232.38,274492
2015-02-10 00:00:00+05:30,231.82,235.51,230.36,231.89,823712
2015-02-11 00:00:00+05:30,231.57,241.66,231.57,239.04,590870
2015-02-12 00:00:00+05:30,240.47,243.9,239.59,241.27,609252
2015-02-13 00:00:00+05:30,241.97,242.73,239.11,241.37,223528
2015-02-16 00:00:00+05:30,242.02,242.02,234.32,234.91,289884
2015-02-18 00:00:00+05:30,235.34,237.16,233.57,234.15,281964
2015-02-19 00:00:00+05:30,234.28,235.95,231.82,232.84,188210
2015-02-20 00:00:00+05:30,234.2,234.49,230.44,231.18,178750
2015-02-23 00:00:00+05:30,231.82,235.22,230.84,231.67,242924
2015-02-24 00:00:00+05:30,232.55,232.79,229.43,231.02,213462
2015-02-25 00:00:00+05:30,232.01,232.3,227.98,228.37,255036
2015-02-26 00:00:00+05:30,228.03,228.9,225.01,225.98,392624
2015-02-27 00:00:00+05:30,226.06,226.21,223.55,224.7,413516
2015-03-02 00:00:00+05:30,227.93,234.15,227.25,231.8,376916
2015-03-03 00:00:00+05:30,233.76,235.95,233.27,235.61,376838
2015-03-04 00:00:00+05:30,237.65,247.37,236.19,242.83,1490754
2015-03-05 00:00:00+05:30,242.99,251.92,241.73,243.07,1241254
2015-03-09 00:00:00+05:30,243.07,245.42,238.21,240.5,367074
2015-03-10 00:00:00+05:30,240.56,241.24,234.59,235.7,170856
2015-03-11 00:00:00+05:30,235.3,238.13,234.03,236.63,349312
2015-03-12 00:00:00+05:30,236.17,237.14,234.13,234.88,375086
2015-03-13 00:00:00+05:30,234.73,240.08,228.98,230.53,449636
2015-03-16 00:00:00+05:30,231.82,231.85,228.41,228.8,246462
2015-03-17 00:00:00+05:30,230.84,238.55,230.36,237.48,551344
2015-03-18 00:00:00+05:30,238.13,240.81,234.25,235.8,989332
2015-03-19 00:00:00+05:30,235.83,239.2,229.48,231.48,581616
2015-03-20 00:00:00+05:30,232.53,236.14,228.9,233.55,296822
2015-03-23 00:00:00+05:30,234.25,234.25,230.0,231.96,200726
2015-03-24 00:00:00+05:30,231.04,234.0,228.59,229.63,231386
2015-03-25 00:00:00+05:30,230.26,230.65,228.17,229.19,111746
2015-03-26 00:00:00+05:30,228.71,228.71,224.53,224.96,211618
2015-03-27 00:00:00+05:30,224.6,227.13,223.24,225.53,368550
2015-03-30 00:00:00+05:30,226.45,229.87,224.58,225.79,315104
2015-03-31 00:00:00+05:30,227.67,234.23,225.19,230.19,1307694
2015-04-01 00:00:00+05:30,231.33,231.46,226.03,227.1,371700
2015-04-06 00:00:00+05:30,228.8,230.29,226.08,227.93,257388
2015-04-07 00:00:00+05:30,228.9,228.9,224.62,225.94,224548
2015-04-08 00:00:00+05:30,226.96,230.31,225.5,228.59,378928
2015-04-09 00:00:00+05:30,229.61,229.82,226.71,228.37,249176
2015-04-10 00:00:00+05:30,228.41,231.86,227.1,228.05,355248
2015-04-13 00:00:00+05:30,229.32,230.12,227.0,228.17,342442
2015-04-15 00:00:00+05:30,229.14,231.33,227.15,227.71,426222
2015-04-16 00:00:00+05:30,228.41,236.56,228.41,232.48,708654
2015-04-17 00:00:00+05:30,233.47,237.65,230.36,231.46,887776
2015-04-20 00:00:00+05:30,232.06,233.01,228.3,229.63,333668
2015-04-21 00:00:00+05:30,228.41,229.63,226.01,228.85,170620
2015-04-22 00:00:00+05:30,229.14,230.75,226.47,227.47,484916
2015-04-23 00:00:00+05:30,228.41,229.85,226.52,227.44,216390
2015-04-24 00:00:00+05:30,227.93,228.61,223.41,223.89,124602
2015-04-27 00:00:00+05:30,225.38,225.69,218.99,220.59,134690
2015-04-28 00:00:00+05:30,220.28,227.42,219.67,222.66,313152
2015-04-29 00:00:00+05:30,222.58,223.0,217.72,218.6,227630
2015-04-30 00:00:00+05:30,217.72,218.58,213.35,215.32,323576
2015-05-04 00:00:00+05:30,216.15,221.54,216.12,220.59,123304
2015-05-05 00:00:00+05:30,221.11,232.01,220.38,229.76,335396
2015-05-06 00:00:00+05:30,228.9,229.82,219.5,220.28,477878
2015-05-07 00:00:00+05:30,220.4,222.29,213.69,215.97,240610
2015-05-08 00:00:00+05:30,218.45,220.64,217.48,219.36,229630
2015-05-11 00:00:00+05:30,219.91,224.46,219.91,223.24,117490
2015-05-12 00:00:00+05:30,224.38,234.13,223.68,232.79,555914
2015-05-13 00:00:00+05:30,234.73,237.97,228.59,232.45,496572
2015-05-14 00:00:00+05:30,232.3,239.01,229.9,234.28,1434280
2015-05-15 00:00:00+05:30,235.2,235.2,223.85,225.35,438334
2015-05-18 00:00:00+05:30,225.35,227.37,224.19,226.31,120266
2015-05-19 00:00:00+05:30,226.37,228.41,223.02,223.39,150948
2015-05-20 00:00:00+05:30,223.92,225.35,222.1,222.61,89672
2015-05-21 00:00:00+05:30,222.83,224.94,221.64,222.53,108654
2015-05-22 00:00:00+05:30,223.54,224.92,219.67,220.18,153644
2015-05-25 00:00:00+05:30,221.12,223.51,219.67,220.83,113606
2015-05-26 00:00:00+05:30,221.61,222.97,219.36,221.69,103028
2015-05-27 00:00:00+05:30,220.47,228.41,220.3,227.81,282570
2015-05-28 00:00:00+05:30,229.34,230.84,227.08,229.12,292038
2015-05-29 00:00:00+05:30,229.9,238.86,229.9,234.23,871976
2015-06-01 00:00:00+05:30,233.76,234.23,228.71,229.46,280102
2015-06-02 00:00:00+05:30,229.14,230.48,221.8,223.68,251022
2015-06-03 00:00:00+05:30,223.99,223.99,214.81,216.7,383246
2015-06-04 00:00:00+05:30,218.14,219.11,211.89,214.03,256646
2015-06-05 00:00:00+05:30,213.79,215.54,212.62,213.43,188248
2015-06-08 00:00:00+05:30,213.43,214.79,207.52,208.34,246648
2015-06-09 00:00:00+05:30,208.25,213.59,206.77,211.73,205220
2015-06-10 00:00:00+05:30,211.5,216.15,211.4,212.94,236416
2015-06-11 00:00:00+05:30,214.22,214.76,206.91,207.66,298140
2015-06-12 00:00:00+05:30,207.55,209.95,205.62,207.45,234698
2015-06-15 00:00:00+05:30,207.4,210.92,206.96,210.0,258956
2015-06-16 00:00:00+05:30,209.88,210.0,207.57,209.46,620870
2015-06-17 00:00:00+05:30,211.31,215.78,209.49,214.22,257718
2015-06-18 00:00:00+05:30,214.11,220.62,214.11,219.06,325582
2015-06-19 00:00:00+05:30,220.33,220.54,214.98,216.17,267180
2015-06-22 00:00:00+05:30,216.26,219.5,216.26,218.33,228430
2015-06-23 00:00:00+05:30,218.33,222.34,218.21,218.53,519944
2015-06-24 00:00:00+05:30,219.11,219.11,212.43,215.0,1012670
2015-06-25 00:00:00+05:30,214.32,216.88,213.57,214.98,1139310
2015-06-26 00:00:00+05:30,215.22,215.22,210.19,210.87,258752
2015-06-29 00:00:00+05:30,208.68,208.68,201.86,208.0,197070
2015-06-30 00:00:00+05:30,208.42,212.31,205.99,210.75,465910
2015-07-01 00:00:00+05:30,212.26,212.52,208.97,211.4,457178
2015-07-02 00:00:00+05:30,211.87,213.83,209.02,210.04,430030
2015-07-03 00:00:00+05:30,209.95,213.35,209.95,211.16,215040
2015-07-06 00:00:00+05:30,211.31,216.17,207.59,214.76,596980
2015-07-07 00:00:00+05:30,215.44,225.16,215.44,222.19,880314
2015-07-08 00:00:00+05:30,222.05,227.15,219.4,223.41,814152
2015-07-09 00:00:00+05:30,224.46,225.43,219.33,219.99,343336
2015-07-10 00:00:00+05:30,221.46,222.05,217.61,221.45,272278
2015-07-13 00:00:00+05:30,223.0,226.47,221.64,225.09,480022
2015-07-14 00:00:00+05:30,227.37,230.07,225.77,227.49,632856
2015-07-15 00:00:00+05:30,227.15,231.8,227.15,229.32,376404
2015-07-16 00:00:00+05:30,230.8,238.09,230.7,233.94,1398022
2015-07-17 00:00:00+05:30,235.9,237.16,233.27,233.91,410330
2015-07-20 00:00:00+05:30,235.1,240.52,232.91,236.58,786544
2015-07-21 00:00:00+05:30,237.11,242.51,235.73,236.82,845058
2015-07-22 00:00:00+05:30,237.65,242.99,236.19,241.24,1063482
2015-07-23 00:00:00+05:30,242.22,246.64,240.9,242.07,1324176
2015-07-24 00:00:00+05:30,243.41,244.94,237.89,238.6,606198
2015-07-27 00:00:00+05:30,238.11,240.81,231.99,236.22,427026
2015-07-28 00:00:00+05:30,237.06,240.59,236.68,238.36,487834
2015-07-29 00:00:00+05:30,240.52,246.64,238.41,245.55,2147350
2015-07-30 00:00:00+05:30,247.83,249.7,241.91,243.72,1289642
2015-07-31 00:00:00+05:30,245.84,247.01,238.13,238.7,663948
2015-08-03 00:00:00+05:30,239.59,242.99,238.62,241.61,618262
2015-08-04 00:00:00+05:30,241.18,244.45,239.11,240.18,842720
2015-08-05 00:00:00+05:30,241.1,243.77,240.08,240.88,527574
2015-08-06 00:00:00+05:30,240.56,241.68,236.07,238.18,343584
2015-08-07 00:00:00+05:30,240.35,242.93,238.16,240.03,563002
2015-08-10 00:00:00+05:30,240.03,247.2,237.77,239.88,1521384
2015-08-11 00:00:00+05:30,241.86,242.97,236.77,238.57,473996
2015-08-12 00:00:00+05:30,238.13,239.01,230.63,231.26,692122
2015-08-13 00:00:00+05:30,232.96,235.22,229.0,233.11,569166
2015-08-14 00:00:00+05:30,234.25,237.89,233.27,236.9,472816
2015-08-17 00:00:00+05:30,238.55,239.98,235.22,238.43,285728
2015-08-18 00:00:00+05:30,238.7,239.98,231.09,232.16,423812
2015-08-19 00:00:00+05:30,232.64,234.73,229.9,233.11,204100
2015-08-20 00:00:00+05:30,234.49,238.07,229.24,229.82,508054
2015-08-21 00:00:00+05:30,229.0,231.33,225.96,230.73,549322
2015-08-24 00:00:00+05:30,225.69,227.44,208.97,212.75,763678
2015-08-25 00:00:00+05:30,214.08,223.07,211.4,221.4,1058092
2015-08-26 00:00:00+05:30,219.18,221.56,214.52,215.39,383696
2015-08-27 00:00:00+05:30,218.6,220.06,214.93,216.8,1036952
2015-08-28 00:00:00+05:30,218.21,218.69,213.35,214.9,542958
2015-08-31 00:00:00+05:30,217.43,217.43,208.57,209.12,569236
2015-09-01 00:00:00+05:30,208.97,208.97,201.69,202.69,558892
2015-09-02 00:00:00+05:30,205.33,206.82,201.98,203.14,513874
2015-09-03 00:00:00+05:30,204.48,209.36,203.42,208.37,438008
2015-09-04 00:00:00+05:30,210.38,210.48,204.14,206.82,455526
2015-09-07 00:00:00+05:30,208.0,208.68,203.97,205.5,297126
2015-09-08 00:00:00+05:30,205.5,208.49,203.53,206.98,396632
2015-09-09 00:00:00+05:30,208.0,214.81,207.59,212.81,572754
2015-09-10 00:00:00+05:30,212.62,212.62,206.98,211.43,378818
2015-09-11 00:00:00+05:30,213.54,213.54,210.82,212.31,202840
2015-09-14 00:00:00+05:30,212.57,213.83,211.4,212.47,118340
2015-09-15 00:00:00+05:30,213.77,213.77,210.53,211.43,375270
2015-09-16 00:00:00+05:30,212.38,213.09,209.12,210.12,355978
2015-09-18 00:00:00+05:30,210.38,214.27,210.27,212.99,328380
2015-09-21 00:00:00+05:30,211.4,213.09,209.98,212.41,230748
2015-09-22 00:00:00+05:30,213.35,216.17,211.6,214.42,590354
2015-09-23 00:00:00+05:30,212.13,216.68,212.13,214.95,266410
2015-09-24 00:00:00+05:30,215.71,216.17,211.4,212.99,607486
2015-09-28 00:00:00+05:30,212.81,213.35,209.7,212.77,236658
2015-09-29 00:00:00+05:30,211.89,212.13,209.46,211.55,248250
2015-09-30 00:00:00+05:30,212.31,217.36,211.99,215.08,408742
2015-10-01 00:00:00+05:30,215.34,220.15,215.34,218.72,231014
2015-10-05 00:00:00+05:30,219.31,220.86,217.97,218.74,190676
2015-10-06 00:00:00+05:30,219.31,220.62,217.48,219.13,161074
2015-10-07 00:00:00+05:30,218.94,222.49,217.87,221.42,270960
2015-10-08 00:00:00+05:30,221.12,222.49,217.53,218.72,185628
2015-10-09 00:00:00+05:30,219.76,220.88,214.54,216.0,307850
2015-10-12 00:00:00+05:30,218.14,218.21,211.92,212.94,237354
2015-10-13 00:00:00+05:30,213.18,213.4,210.51,211.14,361658
2015-10-14 00:00:00+05:30,210.66,212.86,210.19,211.21,191378
2015-10-15 00:00:00+05:30,212.31,213.77,210.87,211.92,292762
2015-10-16 00:00:00+05:30,212.84,213.11,210.53,212.67,273616
2015-10-19 00:00:00+05:30,212.77,213.59,210.97,212.57,225884
2015-10-20 00:00:00+05:30,213.06,219.13,213.06,217.17,672640
2015-10-21 00:00:00+05:30,217.24,229.63,216.85,228.51,1654296
2015-10-23 00:00:00+05:30,230.26,230.53,224.07,225.53,608390
2015-10-26 00:00:00+05:30,227.83,229.73,222.34,226.66,505750
2015-10-27 00:00:00+05:30,225.98,228.2,224.17,224.96,262928
2015-10-28 00:00:00+05:30,225.01,227.44,221.95,223.54,290770
2015-10-29 00:00:00+05:30,223.19,225.26,222.34,223.19,360898
2015-10-30 00:00:00+05:30,222.63,229.87,222.22,225.01,600754
2015-11-02 00:00:00+05:30,225.16,225.67,219.18,220.15,499024
2015-11-03 00:00:00+05:30,218.65,223.17,216.9,221.71,434470
2015-11-04 00:00:00+05:30,221.76,224.53,219.86,220.52,266134
2015-11-05 00:00:00+05:30,219.76,223.02,219.06,220.67,255912
2015-11-06 00:00:00+05:30,219.67,220.64,214.88,216.31,392960
2015-11-09 00:00:00+05:30,213.62,215.66,211.63,214.61,415568
2015-11-10 00:00:00+05:30,213.86,217.22,213.11,213.83,359904
2015-11-11 00:00:00+05:30,214.35,216.26,214.35,215.63,28672
2015-11-13 00:00:00+05:30,214.81,215.39,211.5,212.09,579374
2015-11-16 00:00:00+05:30,211.4,213.11,210.02,211.55,308370
2015-11-17 00:00:00+05:30,211.55,215.24,211.55,214.54,330268
2015-11-18 00:00:00+05:30,214.81,215.44,213.01,213.62,211772
2015-11-19 00:00:00+05:30,213.91,216.99,213.62,215.68,205164
2015-11-20 00:00:00+05:30,215.58,217.72,213.54,214.74,951290
2015-11-23 00:00:00+05:30,215.05,216.26,213.49,213.79,194824
2015-11-24 00:00:00+05:30,213.79,214.9,211.16,211.65,338970
2015-11-26 00:00:00+05:30,212.21,213.79,207.16,208.59,1756440
2015-11-27 00:00:00+05:30,208.52,212.81,207.3,212.16,1060088
2015-11-30 00:00:00+05:30,213.25,215.88,212.18,214.98,381464
2015-12-01 00:00:00+05:30,214.56,217.9,213.83,216.75,470558
2015-12-02 00:00:00+05:30,216.97,216.97,214.01,215.52,321216
2015-12-03 00:00:00+05:30,215.24,221.59,214.86,219.02,1131892
2015-12-04 00:00:00+05:30,218.38,220.91,214.76,215.27,447932
2015-12-07 00:00:00+05:30,215.95,217.67,213.11,213.59,253698
2015-12-08 00:00:00+05:30,213.09,215.22,209.61,210.46,338716
2015-12-09 00:00:00+05:30,210.92,211.68,202.1,203.97,424190
2015-12-10 00:00:00+05:30,204.11,206.79,203.29,206.11,261578
2015-12-11 00:00:00+05:30,206.54,207.25,201.69,202.2,263678
2015-12-14 00:00:00+05:30,202.17,208.39,201.71,207.74,374964
2015-12-15 00:00:00+05:30,207.08,210.68,206.59,209.56,214126
2015-12-16 00:00:00+05:30,210.0,210.92,207.52,207.93,194340
2015-12-17 00:00:00+05:30,208.96,211.63,207.95,211.06,210072
2015-12-18 00:00:00+05:30,210.92,211.43,207.98,208.86,406920
2015-12-21 00:00:00+05:30,208.49,213.48,208.28,212.43,383798
2015-12-22 00:00:00+05:30,212.91,215.15,211.11,214.45,742862
2015-12-23 00:00:00+05:30,215.24,215.78,212.57,213.79,463546
2015-12-24 00:00:00+05:30,214.81,216.49,213.88,215.24,326008
2015-12-28 00:00:00+05:30,215.78,215.78,213.01,213.98,294914
2015-12-29 00:00:00+05:30,213.86,215.18,213.35,213.96,168298
2015-12-30 00:00:00+05:30,215.03,219.67,214.37,215.63,772750
2015-12-31 00:00:00+05:30,215.76,217.85,213.86,214.5,583600
2016-01-01 00:00:00+05:30,214.32,218.84,214.32,218.06,347444
2016-01-04 00:00:00+05:30,216.99,219.03,211.65,214.01,629360
2016-01-05 00:00:00+05:30,215.27,218.35,212.7,217.14,636080
2016-01-06 00:00:00+05:30,217.61,218.43,213.45,214.5,219404
2016-01-07 00:00:00+05:30,212.91,213.62,209.22,211.31,428966
2016-01-08 00:00:00+05:30,211.55,213.83,211.36,212.57,302956
2016-01-11 00:00:00+05:30,211.26,214.11,210.14,212.65,260472
2016-01-12 00:00:00+05:30,213.82,215.71,212.62,214.61,448020
2016-01-13 00:00:00+05:30,216.17,217.72,207.61,211.45,953214
2016-01-14 00:00:00+05:30,210.92,211.21,208.25,210.63,520002
2016-01-15 00:00:00+05:30,210.7,212.38,207.42,208.97,587908
2016-01-18 00:00:00+05:30,208.49,208.49,202.35,203.29,415024
2016-01-19 00:00:00+05:30,203.63,204.53,198.22,203.68,647412
2016-01-20 00:00:00+05:30,203.14,203.14,195.37,198.62,874430
2016-01-21 00:00:00+05:30,200.32,201.93,198.28,198.82,208530
2016-01-22 00:00:00+05:30,200.23,205.96,199.28,203.09,324876
2016-01-25 00:00:00+05:30,204.1,206.87,203.17,205.07,192126
2016-01-27 00:00:00+05:30,204.8,208.62,203.24,207.16,453772
2016-01-28 00:00:00+05:30,206.93,207.81,201.3,202.66,565428
2016-01-29 00:00:00+05:30,202.17,204.89,201.57,204.19,253950
2016-02-01 00:00:00+05:30,205.57,205.8,200.74,201.93,384636
2016-02-02 00:00:00+05:30,202.37,204.02,198.8,199.35,276472
2016-02-03 00:00:00+05:30,199.35,199.35,196.66,198.41,204286
2016-02-04 00:00:00+05:30,198.77,200.91,197.17,199.19,136384
2016-02-05 00:00:00+05:30,199.74,201.03,197.8,200.35,190284
2016-02-08 00:00:00+05:30,200.13,201.33,198.17,199.09,158598
2016-02-09 00:00:00+05:30,198.77,200.42,195.93,198.7,297240
2016-02-10 00:00:00+05:30,198.41,200.18,196.0,198.17,276012
2016-02-11 00:00:00+05:30,199.21,199.21,184.75,187.86,467064
2016-02-12 00:00:00+05:30,189.05,193.21,179.82,189.1,517110
2016-02-15 00:00:00+05:30,191.97,197.44,191.04,194.01,229234
2016-02-16 00:00:00+05:30,194.4,196.14,189.61,190.49,131504
2016-02-17 00:00:00+05:30,190.75,193.28,186.36,192.69,174194
2016-02-18 00:00:00+05:30,193.28,195.76,190.51,191.8,203582
2016-02-19 00:00:00+05:30,192.45,192.45,187.77,189.32,273364
2016-02-22 00:00:00+05:30,190.51,198.77,189.1,197.75,461320
2016-02-23 00:00:00+05:30,199.24,200.03,195.66,197.24,338562
2016-02-24 00:00:00+05:30,198.65,199.67,196.39,198.38,427452
2016-02-25 00:00:00+05:30,197.89,197.89,181.84,182.88,1664478
2016-02-26 00:00:00+05:30,183.78,185.84,178.6,180.4,687706
2016-02-29 00:00:00+05:30,179.82,181.3,176.27,178.55,539788
2016-03-01 00:00:00+05:30,179.57,181.27,175.37,177.17,874882
2016-03-02 00:00:00+05:30,177.48,183.22,177.46,178.78,1016532
2016-03-03 00:00:00+05:30,179.52,181.3,177.87,178.75,561510
2016-03-04 00:00:00+05:30,179.28,181.27,176.71,177.48,1030250
2016-03-08 00:00:00+05:30,177.82,179.75,176.46,177.9,372052
2016-03-09 00:00:00+05:30,177.82,179.65,175.67,178.89,287738
2016-03-10 00:00:00+05:30,178.11,183.88,177.68,183.12,999124
2016-03-11 00:00:00+05:30,183.83,185.63,181.95,182.39,596048
2016-03-14 00:00:00+05:30,183.22,183.7,180.3,180.91,293774
2016-03-15 00:00:00+05:30,181.71,181.71,179.82,180.62,199926
2016-03-16 00:00:00+05:30,180.79,182.88,179.55,181.89,376700
2016-03-17 00:00:00+05:30,183.65,184.17,180.04,180.33,1089106
2016-03-18 00:00:00+05:30,180.54,181.27,179.14,180.87,409048
2016-03-21 00:00:00+05:30,181.22,186.13,179.43,184.34,548696
2016-03-22 00:00:00+05:30,184.53,187.3,182.54,183.27,640438
2016-03-23 00:00:00+05:30,183.12,185.02,181.27,182.18,320484
2016-03-28 00:00:00+05:30,182.25,182.29,176.56,177.34,1114772
2016-03-29 00:00:00+05:30,177.87,183.46,176.22,180.69,672638
2016-03-30 00:00:00+05:30,181.25,186.33,181.25,185.45,621856
2016-03-31 00:00:00+05:30,185.6,188.27,180.79,181.84,1014540
2016-04-01 00:00:00+05:30,182.2,185.36,181.57,183.07,508950
2016-04-04 00:00:00+05:30,183.22,185.58,182.83,183.22,329992
2016-04-05 00:00:00+05:30,183.07,184.58,181.52,182.2,221262
2016-04-06 00:00:00+05:30,182.68,183.31,181.45,182.71,193660
2016-04-07 00:00:00+05:30,182.71,183.2,181.76,182.37,153640
2016-04-08 00:00:00+05:30,182.63,184.68,181.27,183.27,159200
2016-04-11 00:00:00+05:30,183.22,184.68,182.81,184.24,125814
2016-04-12 00:00:00+05:30,184.95,187.11,184.68,185.77,282726
2016-04-13 00:00:00+05:30,187.11,188.51,184.36,184.85,612972
2016-04-18 00:00:00+05:30,184.68,186.13,183.46,183.65,526924
2016-04-20 00:00:00+05:30,183.65,184.66,182.83,183.2,1018584
2016-04-21 00:00:00+05:30,183.22,187.15,183.22,186.21,1314350
2016-04-22 00:00:00+05:30,186.62,192.77,185.55,190.88,2594348
2016-04-25 00:00:00+05:30,192.69,194.83,190.97,192.4,1350564
2016-04-26 00:00:00+05:30,192.4,193.55,190.46,191.92,759316
2016-04-27 00:00:00+05:30,189.73,193.33,188.61,189.34,672560
2016-04-28 00:00:00+05:30,188.85,190.94,187.64,189.22,645772
2016-04-29 00:00:00+05:30,189.05,193.57,188.45,192.6,801830
2016-05-02 00:00:00+05:30,191.97,193.89,190.29,191.92,363120
2016-05-03 00:00:00+05:30,193.62,195.12,191.77,193.06,775964
2016-05-04 00:00:00+05:30,194.4,194.57,187.59,188.54,413386
2016-05-05 00:00:00+05:30,189.24,201.34,187.64,200.11,6031236
2016-05-06 00:00:00+05:30,201.2,203.77,196.83,200.89,3206570
2016-05-09 00:00:00+05:30,202.46,204.99,199.72,204.29,1272170
2016-05-10 00:00:00+05:30,204.29,208.91,203.43,206.43,1229714
2016-05-11 00:00:00+05:30,206.01,208.73,203.42,206.11,806106
2016-05-12 00:00:00+05:30,207.01,208.93,206.19,208.25,553084
2016-05-13 00:00:00+05:30,206.77,210.29,204.65,205.52,291688
2016-05-16 00:00:00+05:30,205.55,206.25,200.28,201.91,553488
2016-05-17 00:00:00+05:30,201.96,203.37,191.97,192.69,1998986
2016-05-18 00:00:00+05:30,191.97,194.78,186.38,187.23,2880488
2016-05-19 00:00:00+05:30,180.79,186.28,178.48,182.39,17233954
2016-05-20 00:00:00+05:30,183.93,185.55,180.93,181.89,2008254
2016-05-23 00:00:00+05:30,181.89,183.02,179.36,179.96,1523204
2016-05-24 00:00:00+05:30,180.3,180.67,176.75,177.68,1491610
2016-05-25 00:00:00+05:30,178.41,182.1,178.05,180.98,1308204
2016-05-26 00:00:00+05:30,181.76,184.43,179.36,182.59,11720744
2016-05-27 00:00:00+05:30,182.81,186.07,182.25,183.1,2751022
2016-05-30 00:00:00+05:30,182.76,184.41,181.18,182.88,1515868
2016-05-31 00:00:00+05:30,182.27,184.51,181.59,182.23,842018
2016-06-01 00:00:00+05:30,182.32,183.27,180.62,181.86,1340782
2016-06-02 00:00:00+05:30,182.25,182.83,180.33,181.25,853710
2016-06-03 00:00:00+05:30,183.15,187.01,182.25,184.22,2751422
2016-06-06 00:00:00+05:30,185.4,188.74,184.24,187.47,2284720
2016-06-07 00:00:00+05:30,189.44,189.83,186.08,187.11,1920854
2016-06-08 00:00:00+05:30,186.42,189.39,185.16,188.51,1302592
2016-06-09 00:00:00+05:30,188.69,190.26,186.55,188.81,860636
2016-06-10 00:00:00+05:30,189.34,189.68,186.38,186.84,1158582
2016-06-13 00:00:00+05:30,185.89,186.62,184.8,186.08,665626
2016-06-14 00:00:00+05:30,186.18,186.79,181.86,182.32,1642318
2016-06-15 00:00:00+05:30,181.81,183.9,181.08,182.29,2306016
2016-06-16 00:00:00+05:30,183.12,183.12,180.06,181.57,749994
2016-06-17 00:00:00+05:30,181.91,184.27,181.21,181.37,804956
2016-06-20 00:00:00+05:30,181.37,182.78,180.33,181.84,832152
2016-06-21 00:00:00+05:30,181.71,183.46,181.52,183.02,378916
2016-06-22 00:00:00+05:30,183.34,185.4,181.84,182.13,844158
2016-06-23 00:00:00+05:30,182.73,183.95,181.52,181.84,579490
2016-06-24 00:00:00+05:30,179.72,180.54,175.62,179.65,2279270
2016-06-27 00:00:00+05:30,179.67,182.52,179.33,180.91,1075286
2016-06-28 00:00:00+05:30,181.71,183.44,181.25,182.05,834930
2016-06-29 00:00:00+05:30,182.63,184.58,181.89,183.88,796486
2016-06-30 00:00:00+05:30,185.16,186.52,183.36,184.19,2079876
2016-07-01 00:00:00+05:30,184.19,192.94,184.19,191.31,1914096
2016-07-04 00:00:00+05:30,192.16,195.66,191.97,193.84,1412894
2016-07-05 00:00:00+05:30,193.23,197.31,191.97,195.98,1594472
2016-07-07 00:00:00+05:30,196.34,199.5,196.34,197.0,1974852
2016-07-08 00:00:00+05:30,197.26,197.26,193.47,194.62,652956
2016-07-11 00:00:00+05:30,196.68,196.81,194.98,195.76,968238
2016-07-12 00:00:00+05:30,195.85,198.28,195.85,196.78,770460
2016-07-13 00:00:00+05:30,198.28,199.19,194.4,195.3,985144
2016-07-14 00:00:00+05:30,195.37,197.73,194.96,195.49,385682
2016-07-15 00:00:00+05:30,196.27,197.63,194.4,195.49,586980
2016-07-18 00:00:00+05:30,196.27,201.0,195.1,196.85,1180204
2016-07-19 00:00:00+05:30,198.77,200.69,197.1,198.41,1132552
2016-07-20 00:00:00+05:30,198.77,202.39,198.77,201.18,1232808
2016-07-21 00:00:00+05:30,202.66,204.07,199.26,199.82,932570
2016-07-22 00:00:00+05:30,201.69,202.85,200.21,201.08,1649068
2016-07-25 00:00:00+05:30,201.69,202.2,199.48,200.42,1346330
2016-07-26 00:00:00+05:30,201.62,203.24,198.57,199.62,1308956
2016-07-27 00:00:00+05:30,200.23,205.91,200.23,203.61,2400124
2016-07-28 00:00:00+05:30,205.57,220.59,202.66,211.87,7746266
2016-07-29 00:00:00+05:30,212.38,217.07,211.4,215.0,2376030
2016-08-01 00:00:00+05:30,217.72,218.65,212.21,214.76,3810466
2016-08-02 00:00:00+05:30,214.76,214.81,206.77,208.52,2250906
2016-08-03 00:00:00+05:30,208.97,212.94,207.03,208.23,1702766
2016-08-04 00:00:00+05:30,209.46,210.34,204.65,206.2,2303248
2016-08-05 00:00:00+05:30,204.11,208.25,201.59,204.92,3297866
2016-08-08 00:00:00+05:30,205.6,206.2,202.03,202.85,2367978
2016-08-09 00:00:00+05:30,204.73,205.04,201.81,203.24,1673058
2016-08-10 00:00:00+05:30,204.89,205.57,194.44,196.85,3996930
2016-08-11 00:00:00+05:30,197.31,199.11,194.4,197.17,1851928
2016-08-12 00:00:00+05:30,197.55,199.5,196.42,198.43,1470270
2016-08-16 00:00:00+05:30,198.28,203.03,196.42,200.94,1933164
2016-08-17 00:00:00+05:30,201.59,203.0,199.79,200.4,1182486
2016-08-18 00:00:00+05:30,201.2,202.78,195.85,196.87,2770826
2016-08-19 00:00:00+05:30,193.91,199.67,192.65,197.36,3670262
2016-08-22 00:00:00+05:30,196.83,206.45,196.81,202.61,4727030
2016-08-23 00:00:00+05:30,201.2,203.97,199.74,202.56,2533962
2016-08-24 00:00:00+05:30,196.44,208.25,196.44,206.87,10528470
2016-08-25 00:00:00+05:30,208.2,211.73,205.99,206.91,5330712
2016-08-26 00:00:00+05:30,207.71,212.16,204.87,207.3,2612716
2016-08-29 00:00:00+05:30,208.68,208.97,206.16,206.91,849470
2016-08-30 00:00:00+05:30,207.74,208.97,207.03,207.37,1029648
2016-08-31 00:00:00+05:30,207.69,219.33,207.69,217.27,4781978
2016-09-01 00:00:00+05:30,217.72,230.55,217.72,225.26,6128020
2016-09-02 00:00:00+05:30,226.45,228.75,222.19,223.54,2078870
2016-09-06 00:00:00+05:30,224.96,230.8,224.96,229.95,2003832
2016-09-07 00:00:00+05:30,230.12,230.12,226.74,227.15,1721226
2016-09-08 00:00:00+05:30,227.93,229.14,225.26,228.25,1523464
2016-09-09 00:00:00+05:30,229.14,232.62,225.5,229.0,2260692
2016-09-12 00:00:00+05:30,228.88,229.63,221.69,225.74,2937688
2016-09-14 00:00:00+05:30,225.35,225.6,213.86,216.1,2219924
2016-09-15 00:00:00+05:30,214.81,217.56,212.18,213.69,1175104
2016-09-16 00:00:00+05:30,216.75,217.8,212.86,214.9,1427568
2016-09-19 00:00:00+05:30,214.81,214.81,204.14,205.36,5545490
2016-09-20 00:00:00+05:30,210.66,236.14,210.66,224.75,41130892
2016-09-21 00:00:00+05:30,225.21,225.94,221.08,222.73,6488464
2016-09-22 00:00:00+05:30,225.98,231.33,223.19,228.64,5670214
2016-09-23 00:00:00+05:30,228.66,232.35,226.47,229.43,3285000
2016-09-26 00:00:00+05:30,228.9,235.2,226.03,226.91,4862394
2016-09-27 00:00:00+05:30,228.37,232.69,227.47,229.03,2942372
2016-09-28 00:00:00+05:30,230.36,233.03,229.51,230.44,3188804
2016-09-29 00:00:00+05:30,230.84,233.13,220.57,221.74,9648796
2016-09-30 00:00:00+05:30,223.55,231.62,221.74,230.82,3644816
2016-10-03 00:00:00+05:30,232.64,238.31,231.86,236.56,4860564
2016-10-04 00:00:00+05:30,237.84,237.84,233.86,235.68,1836144
2016-10-05 00:00:00+05:30,236.66,240.71,234.64,236.34,3251866
2016-10-06 00:00:00+05:30,236.63,238.5,228.41,230.36,2082456
2016-10-07 00:00:00+05:30,233.76,236.14,229.97,234.08,2551240
2016-10-10 00:00:00+05:30,234.28,235.54,229.66,230.63,1310372
2016-10-13 00:00:00+05:30,230.84,231.28,225.01,226.55,2476920
2016-10-14 00:00:00+05:30,226.99,229.27,225.26,227.25,1306848
2016-10-17 00:00:00+05:30,228.35,228.35,223.97,224.8,1080900
2016-10-18 00:00:00+05:30,226.47,231.28,225.55,230.1,1282696
2016-10-19 00:00:00+05:30,230.36,230.68,227.71,228.15,1151520
2016-10-20 00:00:00+05:30,228.85,232.3,228.44,229.53,2065682
2016-10-21 00:00:00+05:30,229.82,230.21,225.4,227.13,920478
2016-10-24 00:00:00+05:30,227.05,229.87,226.57,227.15,1756392
2016-10-25 00:00:00+05:30,228.17,228.9,226.21,227.62,813866
2016-10-26 00:00:00+05:30,227.93,229.68,225.96,228.41,1070944
2016-10-27 00:00:00+05:30,228.51,229.22,221.61,222.42,3781232
2016-10-28 00:00:00+05:30,217.27,225.01,215.42,222.78,4552740
2016-11-01 00:00:00+05:30,222.58,223.97,218.72,219.74,955068
2016-11-02 00:00:00+05:30,218.6,218.6,210.19,211.31,2529246
2016-11-03 00:00:00+05:30,211.84,214.32,209.7,210.68,892448
2016-11-04 00:00:00+05:30,210.87,212.28,204.39,208.97,3246740
2016-11-07 00:00:00+05:30,210.43,213.77,209.7,211.09,1737544
2016-11-08 00:00:00+05:30,212.18,213.28,208.97,211.11,751732
2016-11-09 00:00:00+05:30,203.8,212.86,190.29,211.24,3120922
2016-11-10 00:00:00+05:30,213.33,216.63,209.46,210.29,2154620
2016-11-11 00:00:00+05:30,208.83,209.25,202.66,203.97,1504588
2016-11-15 00:00:00+05:30,204.11,204.63,191.09,197.1,3513446
2016-11-16 00:00:00+05:30,198.77,199.01,191.97,193.57,3121460
2016-11-17 00:00:00+05:30,193.33,196.51,190.7,194.91,1078358
2016-11-18 00:00:00+05:30,193.6,195.15,188.66,190.02,2508370
2016-11-21 00:00:00+05:30,190.78,191.92,185.68,187.4,1686812
2016-11-22 00:00:00+05:30,188.56,190.68,186.18,187.74,1730624
2016-11-23 00:00:00+05:30,189.47,191.97,187.91,191.12,787706
2016-11-24 00:00:00+05:30,190.99,191.09,185.84,186.96,2972852
2016-11-25 00:00:00+05:30,188.32,194.67,187.2,193.31,2582898
2016-11-28 00:00:00+05:30,193.08,194.06,191.17,192.16,2356252
2016-11-29 00:00:00+05:30,192.45,197.19,191.75,195.3,2585988
2016-11-30 00:00:00+05:30,196.76,199.79,195.42,198.12,3131764
2016-12-01 00:00:00+05:30,197.8,198.43,192.63,193.28,959346
2016-12-02 00:00:00+05:30,192.58,192.84,189.68,191.14,737932
2016-12-05 00:00:00+05:30,191.19,194.86,190.17,193.37,1238716
2016-12-06 00:00:00+05:30,192.94,195.42,192.29,193.42,709664
2016-12-07 00:00:00+05:30,194.4,195.12,192.35,193.47,577596
2016-12-08 00:00:00+05:30,193.76,197.44,193.76,196.17,522826
2016-12-09 00:00:00+05:30,197.07,198.75,194.49,194.86,685842
2016-12-12 00:00:00+05:30,196.34,196.34,190.63,191.07,612120
2016-12-13 00:00:00+05:30,191.51,193.62,188.37,188.93,873100
2016-12-14 00:00:00+05:30,189.49,190.26,185.7,186.18,2130014
2016-12-15 00:00:00+05:30,184.68,186.81,182.25,182.76,2623952
2016-12-16 00:00:00+05:30,182.39,183.0,179.84,180.38,2386984
2016-12-19 00:00:00+05:30,181.03,183.12,180.3,182.2,1028640
2016-12-20 00:00:00+05:30,182.93,183.22,179.89,180.25,661418
2016-12-21 00:00:00+05:30,180.96,182.03,180.11,180.69,547764
2016-12-22 00:00:00+05:30,180.72,180.72,176.01,176.37,1228392
2016-12-23 00:00:00+05:30,176.46,179.62,176.02,178.14,1031532
2016-12-26 00:00:00+05:30,177.87,177.9,173.09,173.98,1160808
2016-12-27 00:00:00+05:30,174.66,179.23,171.65,178.36,1737476
2016-12-28 00:00:00+05:30,179.77,182.57,179.09,181.89,3090742
2016-12-29 00:00:00+05:30,182.25,184.32,181.74,183.51,2240664
2016-12-30 00:00:00+05:30,183.8,187.11,183.8,185.0,1010386
2017-01-02 00:00:00+05:30,184.9,188.08,184.19,187.35,518176
2017-01-03 00:00:00+05:30,188.03,189.05,186.84,187.45,736548
2017-01-04 00:00:00+05:30,188.03,188.56,185.79,187.62,714548
2017-01-05 00:00:00+05:30,188.3,192.19,187.81,190.26,1289592
2017-01-06 00:00:00+05:30,190.94,191.51,189.13,189.63,708438
2017-01-09 00:00:00+05:30,189.76,190.31,187.28,189.15,524478
2017-01-10 00:00:00+05:30,189.2,190.15,188.11,189.08,676768
2017-01-11 00:00:00+05:30,189.34,190.94,189.24,190.56,789872
2017-01-12 00:00:00+05:30,190.93,193.55,189.58,192.89,2111220
2017-01-13 00:00:00+05:30,193.65,194.78,191.24,192.29,786994
2017-01-16 00:00:00+05:30,192.6,194.42,191.09,193.6,1220772
2017-01-17 00:00:00+05:30,192.97,195.2,191.41,192.35,620854
2017-01-18 00:00:00+05:30,192.43,192.94,190.75,191.99,1345896
2017-01-19 00:00:00+05:30,191.36,198.14,191.36,197.58,1378422
2017-01-20 00:00:00+05:30,197.8,198.56,190.07,191.07,1058244
2017-01-23 00:00:00+05:30,190.99,194.28,190.99,192.35,631330
2017-01-24 00:00:00+05:30,193.76,196.56,192.82,195.35,1453112
2017-01-25 00:00:00+05:30,196.44,197.26,193.18,194.23,1411754
2017-01-27 00:00:00+05:30,194.93,197.26,193.65,194.47,953982
2017-01-30 00:00:00+05:30,195.27,201.44,194.88,200.79,1789030
2017-01-31 00:00:00+05:30,202.1,203.03,196.1,196.95,2093914
2017-02-01 00:00:00+05:30,197.24,200.23,196.9,198.36,1242292
2017-02-02 00:00:00+05:30,198.77,202.88,198.28,202.1,1552968
2017-02-03 00:00:00+05:30,202.32,204.31,200.35,203.32,1428450
2017-02-06 00:00:00+05:30,203.27,207.5,201.86,205.33,1707952
2017-02-07 00:00:00+05:30,204.6,206.45,201.2,201.93,661820
2017-02-08 00:00:00+05:30,202.59,205.48,200.16,203.92,1209890
2017-02-09 00:00:00+05:30,204.89,205.89,202.35,203.32,683676
2017-02-10 00:00:00+05:30,204.02,204.53,202.3,203.03,498198
2017-02-13 00:00:00+05:30,203.85,204.53,200.52,201.78,1036920
2017-02-14 00:00:00+05:30,201.33,203.0,199.3,202.25,744790
2017-02-15 00:00:00+05:30,202.41,204.05,199.79,200.91,1536794
2017-02-16 00:00:00+05:30,200.42,203.09,197.99,202.35,1088070
2017-02-17 00:00:00+05:30,204.1,211.31,203.14,210.24,2887356
2017-02-20 00:00:00+05:30,210.92,213.25,208.97,209.66,1897904
2017-02-21 00:00:00+05:30,210.43,211.82,209.02,210.46,3182364
2017-02-22 00:00:00+05:30,208.97,210.92,204.73,206.09,3588840
2017-02-23 00:00:00+05:30,206.79,207.37,202.1,202.71,3045296
2017-02-27 00:00:00+05:30,203.14,205.26,201.2,201.96,1378650
2017-02-28 00:00:00+05:30,203.09,203.53,197.31,197.8,1632454
2017-03-01 00:00:00+05:30,199.11,201.93,198.28,199.33,1668086
2017-03-02 00:00:00+05:30,200.71,201.83,196.13,196.81,1097260
2017-03-03 00:00:00+05:30,197.05,199.14,195.66,198.38,507742
2017-03-06 00:00:00+05:30,198.46,202.1,197.85,200.42,1671854
2017-03-07 00:00:00+05:30,200.45,201.59,198.02,198.96,794896
2017-03-08 00:00:00+05:30,199.94,200.13,197.83,198.51,585610
2017-03-09 00:00:00+05:30,198.28,200.13,197.7,199.09,413002
2017-03-10 00:00:00+05:30,199.82,200.42,197.1,197.58,391700
2017-03-14 00:00:00+05:30,199.74,200.26,196.58,198.43,1411202
2017-03-15 00:00:00+05:30,198.77,205.62,198.53,202.15,3176330
2017-03-16 00:00:00+05:30,203.19,205.57,203.0,205.09,1274108
2017-03-17 00:00:00+05:30,205.8,208.0,202.69,207.52,1834978
2017-03-20 00:00:00+05:30,207.98,207.98,204.53,204.94,783372
2017-03-21 00:00:00+05:30,205.94,206.54,203.37,204.02,609524
2017-03-22 00:00:00+05:30,203.37,203.37,200.74,201.44,691486
2017-03-23 00:00:00+05:30,201.83,203.92,201.67,203.39,1079214
2017-03-24 00:00:00+05:30,204.02,206.04,203.27,203.87,1082664
2017-03-27 00:00:00+05:30,203.63,204.73,201.78,202.32,476174
2017-03-28 00:00:00+05:30,202.78,204.75,201.15,202.05,1121162
2017-03-29 00:00:00+05:30,202.17,206.43,202.17,205.36,2117228
2017-03-30 00:00:00+05:30,205.75,210.34,205.48,208.52,3674412
2017-03-31 00:00:00+05:30,209.95,211.87,209.51,210.14,2328518
2017-04-03 00:00:00+05:30,210.17,212.86,207.76,210.53,2098496
2017-04-05 00:00:00+05:30,209.95,211.63,207.52,207.95,1589318
2017-04-06 00:00:00+05:30,207.52,209.12,206.01,207.32,739612
2017-04-07 00:00:00+05:30,205.85,208.0,205.21,205.72,1982582
2017-04-10 00:00:00+05:30,206.06,214.01,205.57,210.36,5973926
2017-04-11 00:00:00+05:30,211.19,212.57,210.19,211.24,1077130
2017-04-12 00:00:00+05:30,212.26,212.26,205.26,207.89,2769438
2017-04-13 00:00:00+05:30,208.03,211.09,208.03,210.07,1164012
2017-04-17 00:00:00+05:30,210.09,210.09,207.32,208.23,898728
2017-04-18 00:00:00+05:30,209.17,210.36,207.52,208.54,1239172
2017-04-19 00:00:00+05:30,209.85,212.81,209.15,211.36,2187400
2017-04-20 00:00:00+05:30,211.89,211.94,208.97,209.39,1387550
2017-04-21 00:00:00+05:30,209.49,211.34,207.42,208.28,908344
2017-04-24 00:00:00+05:30,208.97,217.97,208.39,217.19,2534260
2017-04-25 00:00:00+05:30,218.69,220.06,214.54,215.15,1980080
2017-04-26 00:00:00+05:30,216.75,217.12,211.7,212.99,1175206
2017-04-27 00:00:00+05:30,214.27,214.56,211.53,212.57,1385736
2017-04-28 00:00:00+05:30,212.91,216.22,212.02,212.86,1849100
2017-05-02 00:00:00+05:30,213.35,215.76,211.09,211.94,1544310
2017-05-03 00:00:00+05:30,212.77,213.3,210.48,211.5,954324
2017-05-04 00:00:00+05:30,211.84,212.67,209.22,210.92,1134010
2017-05-05 00:00:00+05:30,211.36,216.22,210.95,212.04,1753362
2017-05-08 00:00:00+05:30,212.33,216.07,211.21,214.84,1365324
2017-05-09 00:00:00+05:30,217.7,217.7,213.15,213.67,891216
2017-05-10 00:00:00+05:30,214.25,216.0,213.28,214.32,1553774
2017-05-11 00:00:00+05:30,214.42,215.76,212.86,213.79,775248
2017-05-12 00:00:00+05:30,214.27,214.27,211.58,212.72,953498
2017-05-15 00:00:00+05:30,212.86,219.67,211.65,218.63,4036812
2017-05-16 00:00:00+05:30,219.62,219.67,214.93,215.29,1069648
2017-05-17 00:00:00+05:30,215.58,216.02,213.04,213.62,754450
2017-05-18 00:00:00+05:30,212.84,213.83,210.07,210.9,797438
2017-05-19 00:00:00+05:30,212.21,217.17,210.92,212.43,1772932
2017-05-22 00:00:00+05:30,211.4,212.13,204.73,206.53,981376
2017-05-23 00:00:00+05:30,206.54,208.13,199.28,200.18,921006
2017-05-24 00:00:00+05:30,199.26,204.31,198.33,203.53,2401712
2017-05-25 00:00:00+05:30,204.02,205.67,199.77,201.42,1543076
2017-05-26 00:00:00+05:30,201.42,206.43,201.42,204.36,1246668
2017-05-29 00:00:00+05:30,204.84,205.55,201.44,202.61,634264
2017-05-30 00:00:00+05:30,202.46,206.74,201.81,205.23,1659652
2017-05-31 00:00:00+05:30,206.54,208.93,204.21,206.14,3419872
2017-06-01 00:00:00+05:30,205.57,206.91,202.07,205.67,2054832
2017-06-02 00:00:00+05:30,206.54,207.03,201.93,203.34,1062648
2017-06-05 00:00:00+05:30,203.63,204.78,199.98,200.57,938328
2017-06-06 00:00:00+05:30,199.74,201.96,198.41,199.6,1057426
2017-06-07 00:00:00+05:30,199.96,201.69,199.74,201.13,680168
2017-06-08 00:00:00+05:30,203.14,203.51,200.35,200.69,457552
2017-06-09 00:00:00+05:30,200.69,201.69,197.36,198.33,846358
2017-06-12 00:00:00+05:30,198.04,198.22,195.27,195.8,1206836
2017-06-13 00:00:00+05:30,195.85,198.62,194.4,194.96,1591716
2017-06-14 00:00:00+05:30,195.06,196.22,192.77,193.21,1130054
2017-06-15 00:00:00+05:30,192.65,200.96,192.5,199.01,3845570
2017-06-16 00:00:00+05:30,199.26,200.94,197.83,199.89,1874682
2017-06-19 00:00:00+05:30,200.23,203.14,199.3,200.4,1707508
2017-06-20 00:00:00+05:30,201.2,202.27,199.48,201.2,2402042
2017-06-21 00:00:00+05:30,201.15,203.8,200.28,201.88,1676490
2017-06-22 00:00:00+05:30,202.17,204.11,199.55,200.23,1224396
2017-06-23 00:00:00+05:30,200.66,201.2,197.31,199.09,1240560
2017-06-27 00:00:00+05:30,199.5,200.01,195.46,197.49,988760
2017-06-28 00:00:00+05:30,197.78,197.8,195.61,196.13,1180072
2017-06-29 00:00:00+05:30,196.39,198.09,194.15,194.78,2313742
2017-06-30 00:00:00+05:30,195.12,197.26,193.65,196.68,1372944
2017-07-03 00:00:00+05:30,197.68,198.12,194.74,195.15,616412
2017-07-04 00:00:00+05:30,195.49,196.76,193.52,194.54,985870
2017-07-05 00:00:00+05:30,194.52,195.51,193.91,194.38,881232
2017-07-06 00:00:00+05:30,194.78,196.08,193.91,194.38,1638684
2017-07-07 00:00:00+05:30,194.01,195.69,193.55,194.44,2022070
2017-07-10 00:00:00+05:30,194.04,196.47,194.04,195.85,235866
2017-07-11 00:00:00+05:30,196.08,196.47,193.67,194.08,1933204
2017-07-12 00:00:00+05:30,194.08,199.01,192.53,198.48,2050056
2017-07-13 00:00:00+05:30,199.26,200.42,196.83,197.44,1653738
2017-07-14 00:00:00+05:30,197.75,198.96,195.22,197.46,883820
2017-07-17 00:00:00+05:30,199.21,200.23,197.8,198.65,1101682
2017-07-18 00:00:00+05:30,198.53,198.91,196.34,197.58,1017892
2017-07-19 00:00:00+05:30,197.8,199.6,197.34,198.56,742984
2017-07-20 00:00:00+05:30,198.87,200.4,195.98,196.56,1846694
2017-07-21 00:00:00+05:30,197.31,200.23,197.12,199.26,1749020
2017-07-24 00:00:00+05:30,199.26,199.77,198.23,199.09,532236
2017-07-25 00:00:00+05:30,199.14,202.1,197.8,200.16,2308860
2017-07-26 00:00:00+05:30,200.23,200.32,197.99,198.28,1102558
2017-07-27 00:00:00+05:30,198.31,200.11,195.56,196.58,6613162
2017-07-28 00:00:00+05:30,196.95,197.73,194.4,195.66,997538
2017-07-31 00:00:00+05:30,196.83,196.92,194.4,194.72,1352642
2017-08-01 00:00:00+05:30,194.52,196.32,194.04,194.38,720782
2017-08-02 00:00:00+05:30,195.27,195.76,191.53,192.65,945680
2017-08-03 00:00:00+05:30,192.45,192.45,189.71,190.39,1563900
2017-08-04 00:00:00+05:30,189.54,193.11,187.62,192.5,1575246
2017-08-07 00:00:00+05:30,193.11,194.4,190.34,193.74,1047664
2017-08-08 00:00:00+05:30,193.81,194.04,189.83,190.75,957830
2017-08-09 00:00:00+05:30,190.94,191.09,188.42,188.74,538280
2017-08-10 00:00:00+05:30,188.56,188.56,182.25,183.7,980174
2017-08-11 00:00:00+05:30,182.29,185.48,180.79,182.0,1212058
2017-08-14 00:00:00+05:30,183.22,185.97,182.73,184.0,634248
2017-08-16 00:00:00+05:30,184.9,188.56,184.02,188.01,588744
2017-08-17 00:00:00+05:30,188.47,190.22,185.65,186.13,579688
2017-08-18 00:00:00+05:30,185.58,188.81,184.92,188.4,1221850
2017-08-21 00:00:00+05:30,188.16,188.95,186.08,187.77,1135618
2017-08-22 00:00:00+05:30,187.81,189.13,185.34,188.47,778908
2017-08-23 00:00:00+05:30,189.29,189.97,186.38,189.27,1162906
2017-08-24 00:00:00+05:30,184.85,191.72,181.95,189.88,4772690
2017-08-28 00:00:00+05:30,189.15,190.17,185.16,186.55,2347896
2017-08-29 00:00:00+05:30,186.75,187.11,185.6,186.77,1869586
2017-08-30 00:00:00+05:30,187.43,190.07,187.09,189.52,1232964
2017-08-31 00:00:00+05:30,189.54,190.63,186.89,188.95,2399886
2017-09-01 00:00:00+05:30,188.98,191.7,188.25,189.49,1403130
2017-09-04 00:00:00+05:30,189.78,194.3,188.84,193.45,1452096
2017-09-05 00:00:00+05:30,191.92,192.21,189.52,189.95,960562
2017-09-06 00:00:00+05:30,189.49,192.79,187.93,190.49,904858
2017-09-07 00:00:00+05:30,191.24,192.67,189.42,190.51,698274
2017-09-08 00:00:00+05:30,190.51,193.52,190.26,190.68,889880
2017-09-11 00:00:00+05:30,191.97,191.97,189.58,190.07,382602
2017-09-12 00:00:00+05:30,190.75,190.78,188.64,189.49,578240
2017-09-13 00:00:00+05:30,189.49,191.43,188.32,189.61,535142
2017-09-14 00:00:00+05:30,189.39,190.31,187.11,188.45,618224
2017-09-15 00:00:00+05:30,188.11,188.98,186.65,188.45,675678
2017-09-18 00:00:00+05:30,188.56,188.95,186.33,186.79,946086
2017-09-19 00:00:00+05:30,186.62,187.52,185.65,186.13,720602
2017-09-20 00:00:00+05:30,186.86,187.45,185.45,186.04,657688
2017-09-21 00:00:00+05:30,186.23,186.81,184.66,184.82,548636
2017-09-22 00:00:00+05:30,185.16,185.16,181.66,182.52,875462
2017-09-25 00:00:00+05:30,183.2,183.3,176.9,177.53,1612908
2017-09-26 00:00:00+05:30,177.66,179.65,176.02,176.3,1780418
2017-09-27 00:00:00+05:30,176.8,177.61,171.99,174.91,1868026
2017-09-28 00:00:00+05:30,174.47,176.88,171.07,174.62,3900778
2017-09-29 00:00:00+05:30,175.54,178.79,172.41,173.3,1014170
2017-10-03 00:00:00+05:30,174.96,177.19,173.62,173.96,878344
2017-10-04 00:00:00+05:30,174.47,175.03,173.06,173.48,885856
2017-10-05 00:00:00+05:30,174.01,174.89,171.75,172.51,644186
2017-10-06 00:00:00+05:30,173.16,177.39,172.21,175.71,1871046
2017-10-09 00:00:00+05:30,175.93,176.37,174.21,175.25,1362576
2017-10-10 00:00:00+05:30,175.39,179.82,174.64,178.82,2831364
2017-10-11 00:00:00+05:30,179.04,182.2,178.63,179.09,2440804
2017-10-12 00:00:00+05:30,179.52,180.79,177.29,180.33,909020
2017-10-13 00:00:00+05:30,179.84,180.64,178.24,178.79,873614
2017-10-16 00:00:00+05:30,178.84,181.91,177.87,181.64,1286918
2017-10-17 00:00:00+05:30,182.73,184.68,182.25,184.09,1701054
2017-10-18 00:00:00+05:30,184.85,186.62,183.1,184.36,1763072
2017-10-23 00:00:00+05:30,182.97,185.77,182.29,183.12,1618548
2017-10-24 00:00:00+05:30,182.68,183.83,182.0,182.59,1535824
2017-10-25 00:00:00+05:30,182.86,189.88,182.32,187.57,4359324
2017-10-26 00:00:00+05:30,188.56,200.23,187.59,194.13,9555742
2017-10-27 00:00:00+05:30,196.71,196.73,193.55,194.93,5031160
2017-10-30 00:00:00+05:30,196.34,197.7,194.86,195.2,1720492
2017-10-31 00:00:00+05:30,195.76,196.53,193.67,194.35,1538392
2017-11-01 00:00:00+05:30,195.37,199.26,194.49,196.71,2311994
2017-11-02 00:00:00+05:30,197.31,200.23,196.39,199.38,4977520
2017-11-03 00:00:00+05:30,200.23,203.05,199.26,201.71,3615304
2017-11-06 00:00:00+05:30,201.71,205.48,201.33,203.92,4603122
2017-11-07 00:00:00+05:30,206.06,208.47,196.56,200.35,10980296
2017-11-08 00:00:00+05:30,199.6,199.87,190.02,191.67,6304580
2017-11-09 00:00:00+05:30,192.69,194.28,190.6,192.33,1818334
2017-11-10 00:00:00+05:30,192.43,195.37,190.65,192.92,1882714
2017-11-13 00:00:00+05:30,193.89,194.4,190.78,191.82,1503152
2017-11-14 00:00:00+05:30,191.72,194.13,191.27,193.36,1352896
2017-11-15 00:00:00+05:30,192.89,194.15,187.74,189.0,2180276
2017-11-16 00:00:00+05:30,189.54,192.04,189.27,191.36,1111928
2017-11-17 00:00:00+05:30,192.11,193.84,192.01,192.74,2497410
2017-11-20 00:00:00+05:30,192.5,193.36,190.46,190.88,1286956
2017-11-21 00:00:00+05:30,191.17,192.69,188.95,189.24,2883470
2017-11-22 00:00:00+05:30,190.02,190.75,188.13,188.61,1298580
2017-11-23 00:00:00+05:30,189.54,190.49,187.35,189.47,1893258
2017-11-24 00:00:00+05:30,189.18,193.42,189.08,191.38,2224542
2017-11-27 00:00:00+05:30,191.36,192.43,190.65,191.07,1282188
2017-11-28 00:00:00+05:30,190.99,197.0,190.83,195.12,3977218
2017-11-29 00:00:00+05:30,195.42,197.78,194.44,195.49,2139128
2017-11-30 00:00:00+05:30,195.44,196.68,192.24,194.25,5075046
2017-12-01 00:00:00+05:30,194.35,197.99,193.91,194.64,1695904
2017-12-04 00:00:00+05:30,195.12,196.13,191.27,192.24,2095388
2017-12-05 00:00:00+05:30,192.4,194.1,190.63,191.12,2648156
2017-12-06 00:00:00+05:30,191.46,193.33,190.51,190.78,1888236
2017-12-07 00:00:00+05:30,191.67,191.97,190.1,190.88,1662148
2017-12-08 00:00:00+05:30,191.9,194.3,191.41,192.87,2155160
2017-12-11 00:00:00+05:30,194.83,196.58,194.15,196.1,2935368
2017-12-12 00:00:00+05:30,197.31,198.51,196.14,196.83,3455988
2017-12-13 00:00:00+05:30,197.68,201.2,196.83,197.44,4973266
2017-12-14 00:00:00+05:30,199.19,199.21,195.74,198.46,3589846
2017-12-15 00:00:00+05:30,200.94,202.9,199.01,202.27,5852098
2017-12-18 00:00:00+05:30,202.85,206.54,197.94,205.26,6832028
2017-12-19 00:00:00+05:30,206.4,206.74,201.96,205.7,9618970
2017-12-20 00:00:00+05:30,205.75,206.54,203.14,203.68,8146586
2017-12-21 00:00:00+05:30,201.2,201.69,196.53,197.07,5183584
2017-12-22 00:00:00+05:30,198.87,198.96,195.17,195.66,1741048
2017-12-26 00:00:00+05:30,196.34,197.36,191.67,192.69,3571481
2017-12-27 00:00:00+05:30,193.33,194.25,188.27,189.2,2647231
2017-12-28 00:00:00+05:30,190.17,190.17,187.15,187.69,2752362
2017-12-29 00:00:00+05:30,187.59,189.68,187.49,187.79,928184
2018-01-01 00:00:00+05:30,188.56,189.0,186.13,186.38,1062521
2018-01-02 00:00:00+05:30,187.01,188.27,184.72,185.89,1017574
2018-01-03 00:00:00+05:30,186.86,187.64,185.45,185.89,1145436
2018-01-04 00:00:00+05:30,186.13,187.2,185.26,186.08,784557
2018-01-05 00:00:00+05:30,186.96,190.99,184.19,189.54,4128764
2018-01-08 00:00:00+05:30,190.36,190.36,186.13,187.45,1778089
2018-01-09 00:00:00+05:30,187.93,188.32,186.13,186.52,1184873
2018-01-10 00:00:00+05:30,186.62,187.35,185.06,185.55,945474
2018-01-11 00:00:00+05:30,185.7,188.81,184.72,186.96,1332381
2018-01-12 00:00:00+05:30,187.11,188.08,183.85,184.87,1445067
2018-01-15 00:00:00+05:30,185.79,187.54,185.36,186.72,1228805
2018-01-16 00:00:00+05:30,186.91,188.71,183.46,183.95,1557078
2018-01-17 00:00:00+05:30,184.19,185.06,181.32,184.63,795601
2018-01-18 00:00:00+05:30,184.68,185.99,180.3,181.22,1368563
2018-01-19 00:00:00+05:30,181.57,183.22,180.79,182.49,996986
2018-01-22 00:00:00+05:30,182.44,184.48,181.76,182.63,1762408
2018-01-23 00:00:00+05:30,182.73,185.55,182.73,183.56,2626243
2018-01-24 00:00:00+05:30,183.56,184.29,179.86,181.76,2049784
2018-01-25 00:00:00+05:30,182.39,182.54,176.95,177.77,3168677
2018-01-29 00:00:00+05:30,177.97,181.86,177.97,180.2,1673756
2018-01-30 00:00:00+05:30,181.52,181.57,178.31,178.99,1273527
2018-01-31 00:00:00+05:30,177.97,181.91,176.9,180.2,2949770
2018-02-01 00:00:00+05:30,179.33,181.76,175.59,178.6,1937262
2018-02-02 00:00:00+05:30,177.68,178.55,171.07,174.66,2530727
2018-02-05 00:00:00+05:30,172.04,176.46,168.44,175.68,1767506
2018-02-06 00:00:00+05:30,173.01,180.59,166.69,174.42,6116257
2018-02-07 00:00:00+05:30,179.82,184.04,177.29,182.49,4537728
2018-02-08 00:00:00+05:30,184.19,189.78,182.97,189.2,3913982
2018-02-09 00:00:00+05:30,185.65,191.48,184.29,190.7,2295290
2018-02-12 00:00:00+05:30,192.45,194.4,190.02,192.65,1967195
2018-02-14 00:00:00+05:30,193.42,194.15,190.51,192.26,1232984
2018-02-15 00:00:00+05:30,192.16,193.28,190.51,192.35,1433888
2018-02-16 00:00:00+05:30,191.53,192.65,188.51,189.58,767006
2018-02-19 00:00:00+05:30,189.24,190.02,184.0,186.33,648649
2018-02-20 00:00:00+05:30,186.18,188.47,184.29,184.77,564719
2018-02-21 00:00:00+05:30,185.65,188.56,184.68,188.37,716724
2018-02-22 00:00:00+05:30,188.27,188.27,182.15,182.97,2065324
2018-02-23 00:00:00+05:30,183.07,189.1,182.97,188.22,1036125
2018-02-26 00:00:00+05:30,187.69,193.23,187.69,192.65,1490460
2018-02-27 00:00:00+05:30,193.13,196.24,191.28,195.76,2798832
2018-02-28 00:00:00+05:30,194.4,197.12,193.47,196.29,1432856
2018-03-01 00:00:00+05:30,195.37,198.19,194.4,196.14,1833770
2018-03-05 00:00:00+05:30,194.35,196.05,191.48,195.17,2793744
2018-03-06 00:00:00+05:30,194.64,199.11,194.4,196.1,2524304
2018-03-07 00:00:00+05:30,195.46,195.66,192.69,194.3,1517182
2018-03-08 00:00:00+05:30,194.4,198.19,192.21,197.07,1647358
2018-03-09 00:00:00+05:30,199.26,200.23,196.68,198.67,1980084
2018-03-12 00:00:00+05:30,199.94,202.32,197.89,201.2,3706009
2018-03-13 00:00:00+05:30,202.61,202.85,199.21,199.98,1822015
2018-03-14 00:00:00+05:30,199.4,203.14,198.28,200.57,1559367
2018-03-15 00:00:00+05:30,201.15,202.17,198.77,199.35,2128631
2018-03-16 00:00:00+05:30,199.26,200.96,198.53,199.4,2126149
2018-03-19 00:00:00+05:30,200.13,200.57,193.42,195.03,1950392
2018-03-20 00:00:00+05:30,194.49,197.8,193.52,196.58,1300793
2018-03-21 00:00:00+05:30,197.36,200.96,195.76,197.6,2277823
2018-03-22 00:00:00+05:30,196.78,197.85,193.81,194.69,727003
2018-03-23 00:00:00+05:30,193.03,194.64,190.65,193.71,821167
2018-03-26 00:00:00+05:30,192.55,197.26,190.65,195.32,1299795
2018-03-27 00:00:00+05:30,196.34,198.77,195.12,196.92,966503
2018-03-28 00:00:00+05:30,196.14,200.23,195.8,199.16,1293738
2018-04-02 00:00:00+05:30,199.94,201.73,198.28,199.26,908818
2018-04-03 00:00:00+05:30,199.06,200.91,198.04,199.6,549951
2018-04-04 00:00:00+05:30,200.18,207.95,200.18,201.93,2927928
2018-04-05 00:00:00+05:30,205.48,205.48,200.76,202.12,1055919
2018-04-06 00:00:00+05:30,201.88,203.73,199.79,200.91,559129
2018-04-09 00:00:00+05:30,201.88,203.0,200.86,201.78,325713
2018-04-10 00:00:00+05:30,201.98,203.68,199.94,201.93,588169
2018-04-11 00:00:00+05:30,202.56,202.56,199.26,200.52,1129042
2018-04-12 00:00:00+05:30,200.96,200.96,196.53,199.45,903371
2018-04-13 00:00:00+05:30,198.82,201.0,198.82,200.18,512018
2018-04-16 00:00:00+05:30,198.19,200.13,197.8,198.87,874527
2018-04-17 00:00:00+05:30,198.28,205.57,197.94,204.94,1138013
2018-04-18 00:00:00+05:30,206.98,207.37,201.34,201.98,1699905
2018-04-19 00:00:00+05:30,202.17,202.37,197.8,198.48,2373563
2018-04-20 00:00:00+05:30,198.67,198.82,195.8,196.53,1304138
2018-04-23 00:00:00+05:30,196.92,197.55,194.4,195.12,1000263
2018-04-24 00:00:00+05:30,195.37,195.66,192.45,193.37,1178671
2018-04-25 00:00:00+05:30,191.67,193.23,189.63,190.6,814454
2018-04-26 00:00:00+05:30,190.02,190.17,186.23,187.01,1879381
2018-04-27 00:00:00+05:30,187.83,191.19,187.2,190.41,911540
2018-04-30 00:00:00+05:30,190.51,190.94,188.56,189.39,446398
2018-05-02 00:00:00+05:30,189.34,197.26,189.05,194.69,2707155
2018-05-03 00:00:00+05:30,194.4,194.59,188.56,189.34,1512519
2018-05-04 00:00:00+05:30,187.69,187.69,176.07,179.48,7333014
2018-05-07 00:00:00+05:30,180.3,180.79,175.2,176.51,2639627
2018-05-08 00:00:00+05:30,176.9,178.84,175.59,177.53,1245340
2018-05-09 00:00:00+05:30,178.16,178.31,174.96,176.17,893367
2018-05-10 00:00:00+05:30,177.63,177.63,172.04,172.67,1414324
2018-05-11 00:00:00+05:30,173.01,174.57,171.7,173.01,1775220
2018-05-14 00:00:00+05:30,173.5,175.64,172.48,174.76,384815
2018-05-15 00:00:00+05:30,174.57,174.62,172.04,172.91,1321907
2018-05-16 00:00:00+05:30,171.12,171.75,168.78,169.42,1253247
2018-05-17 00:00:00+05:30,168.74,170.0,166.74,167.47,1409777
2018-05-18 00:00:00+05:30,167.47,169.51,166.84,167.81,508268
2018-05-21 00:00:00+05:30,167.81,168.39,161.35,161.93,953891
2018-05-22 00:00:00+05:30,161.35,163.63,160.91,162.66,489831
2018-05-23 00:00:00+05:30,162.71,165.58,161.83,162.13,567558
2018-05-24 00:00:00+05:30,162.32,164.02,157.07,158.19,1009600
2018-05-25 00:00:00+05:30,159.6,171.07,158.43,170.39,1997695
2018-05-28 00:00:00+05:30,171.07,176.9,170.68,175.54,2972569
2018-05-29 00:00:00+05:30,175.2,176.61,169.12,170.1,1182769
2018-05-30 00:00:00+05:30,170.78,172.28,167.71,168.2,786492
2018-05-31 00:00:00+05:30,168.78,170.0,164.26,166.11,1439862
2018-06-01 00:00:00+05:30,166.99,167.76,164.7,165.72,779779
2018-06-04 00:00:00+05:30,166.21,168.64,162.22,167.33,1367342
2018-06-05 00:00:00+05:30,167.18,168.25,163.44,166.74,826300
2018-06-06 00:00:00+05:30,165.62,170.53,164.85,169.08,927653
2018-06-07 00:00:00+05:30,169.03,178.7,168.05,177.73,2683114
2018-06-08 00:00:00+05:30,176.9,177.29,167.67,168.64,4901689
2018-06-11 00:00:00+05:30,168.93,169.12,163.19,163.83,5163729
2018-06-12 00:00:00+05:30,163.78,166.69,161.11,165.96,2025692
2018-06-13 00:00:00+05:30,164.8,167.57,164.8,166.21,951920
2018-06-14 00:00:00+05:30,165.24,167.57,164.26,166.26,574202
2018-06-15 00:00:00+05:30,166.6,169.03,164.85,165.53,1709302
2018-06-18 00:00:00+05:30,165.82,168.44,165.53,166.16,1045563
2018-06-19 00:00:00+05:30,164.65,165.62,162.42,164.12,1059715
2018-06-20 00:00:00+05:30,165.14,165.28,163.39,164.7,523443
2018-06-21 00:00:00+05:30,164.9,166.01,163.29,165.33,844853
2018-06-22 00:00:00+05:30,164.36,165.82,163.49,165.28,825543
2018-06-25 00:00:00+05:30,165.87,166.16,162.71,163.78,494975
2018-06-26 00:00:00+05:30,162.08,165.24,161.45,164.65,647946
2018-06-27 00:00:00+05:30,164.26,165.24,162.85,163.97,744149
2018-06-28 00:00:00+05:30,163.05,165.92,157.51,160.57,4552550
2018-06-29 00:00:00+05:30,162.22,162.56,156.54,159.11,2076372
2018-07-02 00:00:00+05:30,160.38,160.38,154.11,155.76,1040589
2018-07-03 00:00:00+05:30,155.52,155.52,151.63,152.6,1665099
2018-07-04 00:00:00+05:30,152.79,157.61,150.41,156.34,2767782
2018-07-05 00:00:00+05:30,156.25,156.68,152.75,156.1,1553044
2018-07-06 00:00:00+05:30,155.52,158.82,154.64,157.9,1407991
2018-07-09 00:00:00+05:30,157.9,159.99,157.75,158.92,1073113
2018-07-10 00:00:00+05:30,158.92,160.13,156.68,157.61,772317
2018-07-11 00:00:00+05:30,157.36,157.36,154.45,155.42,868123
2018-07-12 00:00:00+05:30,157.46,159.65,154.25,156.29,3175796
2018-07-13 00:00:00+05:30,156.49,157.41,152.6,154.74,1103118
2018-07-16 00:00:00+05:30,156.25,156.25,149.39,151.0,825117
2018-07-17 00:00:00+05:30,151.39,155.81,151.39,155.03,999970
2018-07-18 00:00:00+05:30,156.0,157.02,151.24,154.59,750069
2018-07-19 00:00:00+05:30,155.95,155.95,151.43,152.07,614031
2018-07-20 00:00:00+05:30,152.5,155.03,150.95,154.35,702824
2018-07-23 00:00:00+05:30,153.77,163.78,153.77,162.13,1775285
2018-07-24 00:00:00+05:30,162.32,163.73,159.7,161.2,1084822
2018-07-25 00:00:00+05:30,161.64,161.64,157.85,159.06,1098692
2018-07-26 00:00:00+05:30,159.4,162.47,157.7,159.84,4873540
2018-07-27 00:00:00+05:30,161.2,170.39,160.47,169.32,3337979
2018-07-30 00:00:00+05:30,169.46,169.71,165.33,167.18,1777883
2018-07-31 00:00:00+05:30,168.35,171.26,165.58,169.46,2096005
2018-08-01 00:00:00+05:30,172.04,172.82,161.83,162.9,3951677
2018-08-02 00:00:00+05:30,163.29,163.29,159.4,161.35,1273100
2018-08-03 00:00:00+05:30,161.83,163.24,158.63,159.94,1353020
2018-08-06 00:00:00+05:30,160.38,160.38,156.54,157.07,1661843
2018-08-07 00:00:00+05:30,157.85,158.72,155.22,156.1,1276616
2018-08-08 00:00:00+05:30,156.44,156.97,154.11,154.69,1443326
2018-08-09 00:00:00+05:30,154.54,154.84,151.39,152.02,2920436
2018-08-10 00:00:00+05:30,152.6,154.35,152.07,153.62,1611962
2018-08-13 00:00:00+05:30,153.33,153.33,150.02,150.85,1011780
2018-08-14 00:00:00+05:30,151.63,151.63,148.42,150.61,2900275
2018-08-16 00:00:00+05:30,151.34,151.92,148.71,149.44,2146601
2018-08-17 00:00:00+05:30,149.68,152.79,149.54,151.68,1120139
2018-08-20 00:00:00+05:30,152.41,154.93,151.77,154.45,1584323
2018-08-21 00:00:00+05:30,154.54,157.17,154.54,155.81,1640357
2018-08-23 00:00:00+05:30,156.88,156.88,153.91,155.32,1153410
2018-08-24 00:00:00+05:30,155.52,156.15,153.09,153.52,911827
2018-08-27 00:00:00+05:30,155.13,155.76,154.11,154.69,698560
2018-08-28 00:00:00+05:30,155.03,157.7,152.6,152.94,2389781
2018-08-29 00:00:00+05:30,153.96,156.0,152.36,154.79,1082208
2018-08-30 00:00:00+05:30,154.54,155.9,152.94,153.52,1089277
2018-08-31 00:00:00+05:30,152.7,156.73,152.7,154.35,1377063
2018-09-03 00:00:00+05:30,155.52,155.71,153.82,154.4,1054840
2018-09-04 00:00:00+05:30,154.3,154.79,147.45,148.13,2235933
2018-09-05 00:00:00+05:30,147.5,150.66,146.77,150.02,1851399
2018-09-06 00:00:00+05:30,149.78,151.97,149.0,149.98,928673
2018-09-07 00:00:00+05:30,150.02,151.48,149.73,150.9,869135
2018-09-10 00:00:00+05:30,150.9,151.43,148.18,148.81,814771
2018-09-11 00:00:00+05:30,147.74,149.64,147.3,147.98,1342228
2018-09-12 00:00:00+05:30,147.98,151.82,146.14,150.9,1882431
2018-09-14 00:00:00+05:30,150.9,153.82,150.8,152.11,1327461
2018-09-17 00:00:00+05:30,151.48,154.25,150.66,151.97,987825
2018-09-18 00:00:00+05:30,151.77,152.75,148.27,148.71,1193200
2018-09-19 00:00:00+05:30,148.96,151.0,148.96,149.88,666857
2018-09-21 00:00:00+05:30,150.46,151.34,145.8,149.59,1241411
2018-09-24 00:00:00+05:30,149.2,149.88,145.46,146.33,1100478
2018-09-25 00:00:00+05:30,146.23,147.93,144.87,146.96,895517
2018-09-26 00:00:00+05:30,146.77,147.98,145.02,145.36,653889
2018-09-27 00:00:00+05:30,145.21,145.55,141.23,143.03,4168865
2018-09-28 00:00:00+05:30,143.22,143.22,136.32,138.85,1746215
2018-10-01 00:00:00+05:30,138.12,142.35,135.1,141.47,1156003
2018-10-03 00:00:00+05:30,142.01,142.05,138.21,139.53,1607092
2018-10-04 00:00:00+05:30,138.36,138.6,136.32,137.58,829793
2018-10-05 00:00:00+05:30,138.8,138.8,131.22,132.97,2214518
2018-10-08 00:00:00+05:30,132.29,136.37,131.75,133.99,1982167
2018-10-09 00:00:00+05:30,134.96,134.96,131.22,133.65,905100
2018-10-10 00:00:00+05:30,133.5,135.79,132.48,134.81,1271603
2018-10-11 00:00:00+05:30,133.11,140.45,131.17,137.24,3379516
2018-10-12 00:00:00+05:30,138.99,142.15,137.58,140.3,1497021
2018-10-15 00:00:00+05:30,140.64,141.67,139.24,139.87,874297
2018-10-16 00:00:00+05:30,139.96,141.18,137.49,138.31,907055
2018-10-17 00:00:00+05:30,139.09,139.82,135.1,135.4,626999
2018-10-19 00:00:00+05:30,136.32,137.73,134.81,136.76,1732413
2018-10-22 00:00:00+05:30,137.97,137.97,135.15,136.27,1314786
2018-10-23 00:00:00+05:30,135.79,135.79,131.9,134.08,3146123
2018-10-24 00:00:00+05:30,135.06,140.45,135.06,139.77,883223
2018-10-25 00:00:00+05:30,137.15,144.73,137.15,142.78,3190626
2018-10-26 00:00:00+05:30,140.94,144.82,138.26,141.18,1012026
2018-10-29 00:00:00+05:30,140.99,142.88,139.24,142.54,631868
2018-10-30 00:00:00+05:30,141.28,144.63,141.28,142.39,727667
2018-10-31 00:00:00+05:30,142.39,145.8,139.58,144.53,777259
2018-11-01 00:00:00+05:30,143.42,143.76,139.96,140.4,919006
2018-11-02 00:00:00+05:30,140.94,146.91,140.94,142.25,1802083
2018-11-05 00:00:00+05:30,143.12,144.58,141.71,143.71,515355
2018-11-06 00:00:00+05:30,142.93,143.8,139.58,141.18,454549
2018-11-09 00:00:00+05:30,142.78,146.67,141.23,145.84,831495
2018-11-12 00:00:00+05:30,145.84,147.06,142.01,142.2,831061
2018-11-13 00:00:00+05:30,142.49,144.39,140.94,144.1,751101
2018-11-14 00:00:00+05:30,146.77,152.11,145.8,146.77,2256108
2018-11-15 00:00:00+05:30,146.62,146.77,144.1,145.55,439766
2018-11-16 00:00:00+05:30,145.8,148.52,144.29,146.77,873917
2018-11-19 00:00:00+05:30,146.82,147.55,142.88,144.63,736288
2018-11-20 00:00:00+05:30,144.82,149.78,144.19,148.91,1215660
2018-11-21 00:00:00+05:30,151.73,151.73,147.84,150.17,1499132
2018-11-22 00:00:00+05:30,149.2,150.36,143.51,145.16,986397
2018-11-26 00:00:00+05:30,146.43,150.12,145.5,149.15,1108131
2018-11-27 00:00:00+05:30,148.08,151.63,148.08,150.61,946383
2018-11-28 00:00:00+05:30,150.07,152.07,148.96,151.73,1248519
2018-11-29 00:00:00+05:30,151.97,155.52,150.9,151.87,7085532
2018-11-30 00:00:00+05:30,151.14,152.02,146.19,146.77,1081315
2018-12-03 00:00:00+05:30,147.74,149.98,145.8,149.15,928686
2018-12-04 00:00:00+05:30,148.27,149.88,147.21,147.45,327430
2018-12-05 00:00:00+05:30,147.45,147.45,143.17,144.53,930769
2018-12-06 00:00:00+05:30,143.85,146.33,141.28,142.83,946186
2018-12-07 00:00:00+05:30,143.61,144.58,140.3,140.69,797133
2018-12-10 00:00:00+05:30,139.09,140.69,137.87,139.67,560871
2018-12-11 00:00:00+05:30,138.02,142.35,137.53,141.62,302062
2018-12-12 00:00:00+05:30,142.59,145.26,141.52,144.97,404525
2018-12-13 00:00:00+05:30,144.82,145.94,142.25,142.88,745227
2018-12-14 00:00:00+05:30,142.73,145.5,142.05,144.97,273158
2018-12-17 00:00:00+05:30,144.97,147.69,141.37,142.01,1563311
2018-12-18 00:00:00+05:30,142.05,144.73,141.81,144.19,601173
2018-12-19 00:00:00+05:30,145.46,150.12,144.29,149.93,1274843
2018-12-20 00:00:00+05:30,150.85,152.41,148.08,151.48,851967
2018-12-21 00:00:00+05:30,151.29,152.26,148.03,148.52,756301
2018-12-24 00:00:00+05:30,147.74,148.96,145.94,146.53,659132
2018-12-26 00:00:00+05:30,145.8,149.49,145.8,148.08,1317088
2018-12-27 00:00:00+05:30,148.42,151.14,146.43,149.34,2317548
2018-12-28 00:00:00+05:30,148.81,150.27,147.16,147.59,980651
2018-12-31 00:00:00+05:30,148.03,149.0,146.53,147.01,872578
2019-01-01 00:00:00+05:30,147.74,147.74,146.48,146.91,293473
2019-01-02 00:00:00+05:30,146.77,147.35,142.78,143.22,861100
2019-01-03 00:00:00+05:30,144.1,144.58,141.96,142.78,691547
2019-01-04 00:00:00+05:30,142.78,145.21,142.1,144.1,590499
2019-01-07 00:00:00+05:30,144.73,147.3,144.19,146.33,1665037
2019-01-08 00:00:00+05:30,146.38,147.74,145.8,147.35,867775
2019-01-09 00:00:00+05:30,147.45,148.13,145.99,146.96,672625
2019-01-10 00:00:00+05:30,146.77,147.3,145.07,146.77,479720
2019-01-11 00:00:00+05:30,147.06,148.42,146.57,147.69,592572
2019-01-14 00:00:00+05:30,148.18,155.52,146.77,154.06,2350559
2019-01-15 00:00:00+05:30,154.74,164.75,154.54,163.19,8588498
2019-01-16 00:00:00+05:30,162.9,163.68,159.16,160.91,2005949
2019-01-17 00:00:00+05:30,160.86,164.17,159.4,161.79,1608356
2019-01-18 00:00:00+05:30,162.76,162.76,159.84,161.01,737706
2019-01-21 00:00:00+05:30,160.81,163.19,160.08,161.4,1051563
2019-01-22 00:00:00+05:30,160.62,162.51,159.21,161.35,943400
2019-01-23 00:00:00+05:30,161.35,164.02,158.43,159.45,1819735
2019-01-24 00:00:00+05:30,159.45,160.18,157.46,158.33,769103
2019-01-25 00:00:00+05:30,158.58,162.32,156.63,159.65,1577961
2019-01-28 00:00:00+05:30,158.77,159.26,154.06,155.47,1028085
2019-01-29 00:00:00+05:30,154.11,157.95,153.91,156.88,907347
2019-01-30 00:00:00+05:30,156.49,161.4,156.49,158.58,1636676
2019-01-31 00:00:00+05:30,161.35,161.74,152.26,154.2,5151093
2019-02-01 00:00:00+05:30,155.32,157.56,154.06,156.29,1136674
2019-02-04 00:00:00+05:30,156.49,156.49,150.51,151.53,913018
2019-02-05 00:00:00+05:30,150.9,152.45,147.5,148.71,571718
2019-02-06 00:00:00+05:30,148.71,149.39,143.85,145.75,1232166
2019-02-07 00:00:00+05:30,145.36,149.64,144.87,148.08,949318
2019-02-08 00:00:00+05:30,148.08,148.62,144.39,145.84,777105
2019-02-11 00:00:00+05:30,144.92,145.26,140.99,141.96,778080
2019-02-12 00:00:00+05:30,142.59,149.25,141.67,148.47,1733889
2019-02-13 00:00:00+05:30,149.2,150.12,146.09,146.82,1420037
2019-02-14 00:00:00+05:30,146.77,147.93,142.98,143.9,1431268
2019-02-15 00:00:00+05:30,143.9,145.8,142.44,142.98,1412717
2019-02-18 00:00:00+05:30,143.07,144.82,142.98,144.05,1026622
2019-02-19 00:00:00+05:30,143.76,146.67,143.03,143.76,908147
2019-02-20 00:00:00+05:30,145.41,146.72,143.66,145.99,1404441
2019-02-21 00:00:00+05:30,146.77,149.44,145.99,147.5,989976
2019-02-22 00:00:00+05:30,147.45,152.6,147.45,150.22,1338145
2019-02-25 00:00:00+05:30,151.14,152.5,147.93,148.37,1032035
2019-02-26 00:00:00+05:30,147.59,148.71,144.34,146.91,1870882
2019-02-27 00:00:00+05:30,147.74,150.66,146.87,149.25,1178918
2019-02-28 00:00:00+05:30,149.98,151.77,148.91,150.32,1555060
2019-03-01 00:00:00+05:30,149.93,156.93,149.93,156.05,1806531
2019-03-05 00:00:00+05:30,156.15,159.55,153.91,155.08,2734566
2019-03-06 00:00:00+05:30,154.79,160.38,154.79,159.45,1386658
2019-03-07 00:00:00+05:30,161.35,161.35,156.63,157.31,1097875
2019-03-08 00:00:00+05:30,157.46,159.4,156.59,157.27,871135
2019-03-11 00:00:00+05:30,157.27,160.38,157.27,160.28,1155259
2019-03-12 00:00:00+05:30,161.35,164.22,160.38,162.42,1392595
2019-03-13 00:00:00+05:30,162.42,164.46,160.86,161.93,1044442
2019-03-14 00:00:00+05:30,161.69,165.77,161.15,161.79,1870539
2019-03-15 00:00:00+05:30,162.27,164.75,155.18,160.72,9678010
2019-03-18 00:00:00+05:30,161.01,163.68,154.88,156.0,4267412
2019-03-19 00:00:00+05:30,156.97,157.85,152.84,153.18,2287930
2019-03-20 00:00:00+05:30,153.18,153.57,150.9,152.02,3251858
2019-03-22 00:00:00+05:30,152.6,157.22,152.02,156.05,5397307
2019-03-25 00:00:00+05:30,155.52,156.63,154.54,156.05,911546
2019-03-26 00:00:00+05:30,157.36,159.74,156.0,159.11,5060108
2019-03-27 00:00:00+05:30,159.6,161.59,158.04,159.99,1427343
2019-03-28 00:00:00+05:30,159.45,161.06,157.56,160.13,1340702
2019-03-29 00:00:00+05:30,160.42,162.81,159.89,161.74,765721
2019-04-01 00:00:00+05:30,162.61,163.19,160.86,161.25,2537244
2019-04-02 00:00:00+05:30,161.54,161.88,160.04,160.96,808802
2019-04-03 00:00:00+05:30,161.3,168.05,160.91,162.76,4746469
2019-04-04 00:00:00+05:30,162.32,165.19,160.38,161.64,2669889
2019-04-05 00:00:00+05:30,162.32,167.81,162.27,166.69,2035787
2019-04-08 00:00:00+05:30,167.67,167.67,163.34,165.33,1173766
2019-04-09 00:00:00+05:30,165.24,165.24,161.45,161.83,657712
2019-04-10 00:00:00+05:30,161.83,163.0,159.94,160.52,861566
2019-04-11 00:00:00+05:30,160.47,162.03,159.94,161.15,604805
2019-04-12 00:00:00+05:30,161.4,163.29,160.81,162.03,436784
2019-04-15 00:00:00+05:30,162.32,162.76,160.62,161.45,284905
2019-04-16 00:00:00+05:30,162.32,162.95,160.47,162.32,572869
2019-04-18 00:00:00+05:30,163.05,163.19,158.43,159.4,860686
2019-04-22 00:00:00+05:30,159.4,159.4,153.13,153.77,795688
2019-04-23 00:00:00+05:30,152.79,156.44,152.65,152.94,648338
2019-04-24 00:00:00+05:30,153.91,155.9,151.0,152.36,1039690
2019-04-25 00:00:00+05:30,152.36,153.96,149.88,150.85,1439221
2019-04-26 00:00:00+05:30,151.0,151.82,148.08,149.68,766960
2019-04-30 00:00:00+05:30,149.68,152.94,146.38,148.32,1445126
2019-05-02 00:00:00+05:30,148.32,149.25,144.82,145.84,910756
2019-05-03 00:00:00+05:30,146.57,147.11,145.6,146.23,915109
2019-05-06 00:00:00+05:30,145.8,145.8,143.9,144.78,1171009
2019-05-07 00:00:00+05:30,144.87,146.77,144.05,144.53,739402
2019-05-08 00:00:00+05:30,144.68,146.43,142.83,145.7,1036074
2019-05-09 00:00:00+05:30,143.9,145.36,141.52,142.64,1779372
2019-05-10 00:00:00+05:30,143.76,144.63,141.96,142.39,1072966
2019-05-13 00:00:00+05:30,142.39,143.61,139.48,140.35,691712
2019-05-14 00:00:00+05:30,140.11,140.4,138.17,138.75,390371
2019-05-15 00:00:00+05:30,140.11,140.79,136.76,137.19,589263
2019-05-16 00:00:00+05:30,137.63,138.75,135.64,137.97,656631
2019-05-17 00:00:00+05:30,138.99,139.82,136.95,139.43,1149926
2019-05-20 00:00:00+05:30,140.94,142.88,139.77,142.49,1261298
2019-05-21 00:00:00+05:30,142.49,143.85,140.79,141.67,1506564
2019-05-22 00:00:00+05:30,141.76,142.73,139.96,140.64,684707
2019-05-23 00:00:00+05:30,141.52,143.22,139.96,140.69,1119656
2019-05-24 00:00:00+05:30,141.08,143.32,140.26,142.49,676860
2019-05-27 00:00:00+05:30,141.91,146.67,141.91,145.07,1276811
2019-05-28 00:00:00+05:30,145.16,146.28,143.37,144.14,713097
2019-05-29 00:00:00+05:30,144.14,145.12,142.98,143.22,497811
2019-05-30 00:00:00+05:30,142.98,143.85,141.81,143.17,938545
2019-05-31 00:00:00+05:30,143.9,145.41,142.35,143.07,1249797
2019-06-03 00:00:00+05:30,143.61,145.94,143.07,145.46,1585460
2019-06-04 00:00:00+05:30,145.55,147.25,144.34,145.7,867290
2019-06-06 00:00:00+05:30,146.28,146.77,139.96,141.33,1534035
2019-06-07 00:00:00+05:30,141.13,143.17,137.87,138.75,1401963
2019-06-10 00:00:00+05:30,138.99,141.18,137.63,140.55,1158090
2019-06-11 00:00:00+05:30,139.96,142.88,139.33,142.3,1019375
2019-06-12 00:00:00+05:30,141.91,142.78,140.5,141.57,437454
2019-06-13 00:00:00+05:30,140.3,142.39,138.46,140.01,520108
2019-06-14 00:00:00+05:30,140.21,140.69,137.68,138.07,603553
2019-06-17 00:00:00+05:30,138.12,138.7,136.08,136.22,461489
2019-06-18 00:00:00+05:30,136.22,137.39,136.22,136.9,397641
2019-06-19 00:00:00+05:30,137.39,138.21,133.79,134.33,660366
2019-06-20 00:00:00+05:30,135.1,136.08,133.26,135.69,626340
2019-06-21 00:00:00+05:30,134.62,137.24,134.62,136.51,924292
2019-06-24 00:00:00+05:30,136.17,137.05,132.72,133.21,773420
2019-06-25 00:00:00+05:30,132.67,134.52,132.38,133.7,788134
2019-06-26 00:00:00+05:30,133.7,134.28,132.67,133.21,939195
2019-06-27 00:00:00+05:30,133.31,133.65,131.46,132.09,875290
2019-06-28 00:00:00+05:30,132.58,133.16,128.54,128.84,1818459
2019-07-01 00:00:00+05:30,129.32,129.66,125.87,126.36,3010973
2019-07-02 00:00:00+05:30,127.33,128.35,126.84,127.81,1487610
2019-07-03 00:00:00+05:30,127.81,129.81,127.77,128.25,1041982
2019-07-04 00:00:00+05:30,128.54,129.27,126.84,128.3,1659820
2019-07-05 00:00:00+05:30,128.3,129.13,124.66,125.34,959918
2019-07-08 00:00:00+05:30,124.9,125.14,121.01,122.13,1795135
2019-07-09 00:00:00+05:30,122.37,123.3,120.77,122.61,1345073
2019-07-10 00:00:00+05:30,122.61,123.83,121.69,122.13,708113
2019-07-11 00:00:00+05:30,122.47,123.34,121.74,122.32,624684
2019-07-12 00:00:00+05:30,122.47,123.93,121.55,123.25,658682
2019-07-15 00:00:00+05:30,123.2,123.93,119.8,120.53,894928
2019-07-16 00:00:00+05:30,120.57,126.02,120.18,125.04,1901332
2019-07-17 00:00:00+05:30,125.04,127.77,124.56,127.33,1473322
2019-07-18 00:00:00+05:30,127.28,129.37,126.07,126.41,1402837
2019-07-19 00:00:00+05:30,126.36,126.89,121.5,121.84,893042
2019-07-22 00:00:00+05:30,121.55,125.77,120.62,125.24,1258059
2019-07-23 00:00:00+05:30,125.58,125.97,122.08,123.44,1206486
2019-07-24 00:00:00+05:30,122.91,123.64,117.61,119.31,981534
2019-07-25 00:00:00+05:30,119.6,123.15,118.58,121.3,1075232
2019-07-26 00:00:00+05:30,121.3,123.68,120.53,122.57,938375
2019-07-29 00:00:00+05:30,122.47,125.77,120.28,123.54,3269297
2019-07-30 00:00:00+05:30,124.66,124.75,120.43,121.16,1435980
2019-07-31 00:00:00+05:30,120.18,120.38,116.44,117.9,3402534
2019-08-01 00:00:00+05:30,118.58,119.75,114.5,114.94,1393721
2019-08-02 00:00:00+05:30,114.11,114.98,111.49,113.24,1374700
2019-08-05 00:00:00+05:30,112.26,112.6,109.88,111.34,1630498
2019-08-06 00:00:00+05:30,110.81,112.99,110.66,112.55,1370198
2019-08-07 00:00:00+05:30,113.53,117.51,112.31,115.62,1694173
2019-08-08 00:00:00+05:30,114.16,115.67,112.94,114.35,863648
2019-08-09 00:00:00+05:30,114.6,117.12,114.6,115.52,767746
2019-08-13 00:00:00+05:30,115.52,116.05,111.58,111.92,776784
2019-08-14 00:00:00+05:30,112.7,114.45,111.97,114.16,854884
2019-08-16 00:00:00+05:30,112.85,116.88,112.02,115.76,1008549
2019-08-19 00:00:00+05:30,116.39,116.44,113.43,114.21,866490
2019-08-20 00:00:00+05:30,113.77,115.67,113.72,115.13,685420
2019-08-21 00:00:00+05:30,115.23,115.23,111.1,112.6,813791
2019-08-22 00:00:00+05:30,112.75,113.33,109.59,110.85,957430
2019-08-23 00:00:00+05:30,110.32,117.85,110.32,116.3,1431862
2019-08-26 00:00:00+05:30,118.58,119.41,115.03,118.53,884464
2019-08-27 00:00:00+05:30,118.63,124.27,118.34,123.59,2401245
2019-08-28 00:00:00+05:30,123.59,124.32,118.73,120.33,1053407
2019-08-29 00:00:00+05:30,120.28,121.25,116.88,118.24,1066243
2019-08-30 00:00:00+05:30,117.66,120.33,117.66,119.41,589330
2019-09-03 00:00:00+05:30,119.5,119.5,116.64,116.73,358926
2019-09-04 00:00:00+05:30,117.46,117.8,115.76,116.83,746296
2019-09-05 00:00:00+05:30,116.88,120.04,116.78,117.12,966065
2019-09-06 00:00:00+05:30,117.71,118.19,116.64,116.98,648238
2019-09-09 00:00:00+05:30,117.37,119.7,116.64,119.26,803773
2019-09-11 00:00:00+05:30,119.36,121.89,119.16,121.16,1623827
2019-09-12 00:00:00+05:30,121.5,126.36,118.78,125.58,3033987
2019-09-13 00:00:00+05:30,126.6,127.67,125.38,127.28,3585152
2019-09-16 00:00:00+05:30,125.38,126.55,122.27,122.61,1374541
2019-09-17 00:00:00+05:30,123.44,124.51,121.06,121.5,1089867
2019-09-18 00:00:00+05:30,121.64,122.71,120.72,121.79,585267
2019-09-19 00:00:00+05:30,121.5,122.08,117.95,119.16,978440
2019-09-20 00:00:00+05:30,119.55,127.13,117.75,126.41,1982255
2019-09-23 00:00:00+05:30,127.72,132.63,127.72,130.73,2158131
2019-09-24 00:00:00+05:30,130.34,132.04,127.81,129.71,1254486
2019-09-25 00:00:00+05:30,130.83,130.93,127.43,128.35,1399381
2019-09-26 00:00:00+05:30,128.35,130.24,127.33,128.4,1195448
2019-09-27 00:00:00+05:30,128.4,131.7,128.3,128.69,832159
2019-09-30 00:00:00+05:30,129.27,133.16,125.92,132.24,2509972
2019-10-01 00:00:00+05:30,133.16,134.13,129.71,131.56,2691400
2019-10-03 00:00:00+05:30,132.19,133.84,129.61,130.1,1207858
2019-10-04 00:00:00+05:30,130.68,130.97,128.16,128.5,660751
2019-10-07 00:00:00+05:30,128.5,129.22,126.07,126.41,777242
2019-10-09 00:00:00+05:30,126.45,129.27,126.45,128.98,2461170
2019-10-10 00:00:00+05:30,129.08,130.73,127.91,128.35,913094
2019-10-11 00:00:00+05:30,128.79,131.41,128.01,129.32,1250504
2019-10-14 00:00:00+05:30,129.27,131.31,129.22,129.76,971356
2019-10-15 00:00:00+05:30,129.81,131.07,129.42,130.05,3011640
2019-10-16 00:00:00+05:30,130.68,132.72,124.95,126.5,4564449
2019-10-17 00:00:00+05:30,127.18,129.22,126.16,128.69,2113586
2019-10-18 00:00:00+05:30,128.69,132.63,127.81,130.05,2359828
2019-10-22 00:00:00+05:30,130.05,131.22,128.88,130.73,1605263
2019-10-23 00:00:00+05:30,131.07,131.56,129.27,130.24,1212908
2019-10-24 00:00:00+05:30,131.7,141.57,131.22,140.55,9153508
2019-10-25 00:00:00+05:30,140.55,150.66,139.09,149.78,6813343
2019-10-27 00:00:00+05:30,149.88,151.0,146.77,147.55,417488
2019-10-29 00:00:00+05:30,147.74,149.64,145.89,146.33,1294497
2019-10-30 00:00:00+05:30,147.06,154.93,146.38,149.0,4523284
2019-10-31 00:00:00+05:30,149.0,150.51,145.99,147.89,2071502
2019-11-01 00:00:00+05:30,147.89,152.6,147.25,150.7,1567869
2019-11-04 00:00:00+05:30,150.17,153.04,145.7,146.33,3225877
2019-11-05 00:00:00+05:30,145.84,147.98,144.1,146.53,1034058
2019-11-06 00:00:00+05:30,147.4,150.66,146.53,149.59,1005213
2019-11-07 00:00:00+05:30,150.66,151.19,147.55,148.71,877152
2019-11-08 00:00:00+05:30,147.74,148.13,141.67,142.05,1344378
2019-11-11 00:00:00+05:30,141.33,144.53,140.84,142.78,842746
2019-11-13 00:00:00+05:30,142.78,143.76,140.16,140.6,600304
2019-11-14 00:00:00+05:30,141.28,142.35,139.33,140.69,667539
2019-11-15 00:00:00+05:30,140.69,143.22,140.11,140.84,852931
2019-11-18 00:00:00+05:30,140.84,141.62,138.94,140.5,688092
2019-11-19 00:00:00+05:30,141.18,150.56,141.18,149.25,4500339
2019-11-20 00:00:00+05:30,150.17,150.66,147.11,148.32,2244106
2019-11-21 00:00:00+05:30,148.37,156.29,146.77,147.74,10080391
2019-11-22 00:00:00+05:30,148.47,150.22,140.35,141.37,3934479
2019-11-25 00:00:00+05:30,142.83,145.7,142.15,144.63,2450727
2019-11-26 00:00:00+05:30,144.58,145.8,138.02,140.16,3393086
2019-11-27 00:00:00+05:30,140.99,142.59,137.68,140.45,1604380
2019-11-28 00:00:00+05:30,141.13,141.71,137.78,138.31,1858572
2019-11-29 00:00:00+05:30,139.14,139.62,136.08,136.81,1814766
2019-12-02 00:00:00+05:30,137.58,137.63,132.63,134.57,1169743
2019-12-03 00:00:00+05:30,135.59,135.59,131.27,131.9,1041860
2019-12-04 00:00:00+05:30,132.19,134.18,130.63,133.36,1362968
2019-12-05 00:00:00+05:30,134.13,135.83,132.29,133.31,1182455
2019-12-06 00:00:00+05:30,133.65,134.04,130.24,131.02,707405
2019-12-09 00:00:00+05:30,130.58,131.99,128.64,129.66,833658
2019-12-10 00:00:00+05:30,130.29,130.39,125.87,126.6,824034
2019-12-11 00:00:00+05:30,126.16,127.18,123.44,124.17,1418554
2019-12-12 00:00:00+05:30,124.46,126.75,124.41,126.11,1272617
2019-12-13 00:00:00+05:30,126.65,128.06,125.48,127.28,1290007
2019-12-16 00:00:00+05:30,127.86,128.59,125.82,126.6,1249796
2019-12-17 00:00:00+05:30,127.47,132.43,127.04,128.3,2705725
2019-12-18 00:00:00+05:30,128.79,128.79,124.9,126.07,1481215
2019-12-19 00:00:00+05:30,126.45,129.13,125.63,126.55,1645195
2019-12-20 00:00:00+05:30,126.75,126.99,124.12,124.95,1880023
2019-12-23 00:00:00+05:30,125.53,128.25,125.14,127.77,1762538
2019-12-24 00:00:00+05:30,128.4,128.69,126.21,126.65,1395269
2019-12-26 00:00:00+05:30,126.99,127.62,124.9,125.43,2581917
2019-12-27 00:00:00+05:30,126.16,126.94,123.68,124.36,1749060
2019-12-30 00:00:00+05:30,123.98,126.55,123.98,125.63,999599
2019-12-31 00:00:00+05:30,125.68,126.5,124.66,125.68,666478
2020-01-01 00:00:00+05:30,126.07,126.5,125.09,125.38,413634
2020-01-02 00:00:00+05:30,125.68,127.23,124.95,126.6,2744539
2020-01-03 00:00:00+05:30,126.6,128.06,124.75,125.38,1393412
2020-01-06 00:00:00+05:30,125.38,125.38,121.5,122.13,1056442
2020-01-07 00:00:00+05:30,122.86,124.36,122.03,123.39,662653
2020-01-08 00:00:00+05:30,121.4,123.39,120.09,121.59,1049864
2020-01-09 00:00:00+05:30,123.44,125.24,122.66,123.05,1614831
2020-01-10 00:00:00+05:30,123.05,125.77,122.86,123.25,1383157
2020-01-13 00:00:00+05:30,123.83,124.95,123.05,123.44,1561000
2020-01-14 00:00:00+05:30,124.17,125.38,122.86,124.66,1488115
2020-01-15 00:00:00+05:30,125.38,130.24,124.17,129.66,9123314
2020-01-16 00:00:00+05:30,130.34,131.36,128.79,129.42,2167749
2020-01-17 00:00:00+05:30,129.42,135.3,129.03,134.08,4336769
2020-01-20 00:00:00+05:30,135.88,136.08,131.22,131.9,4159752
2020-01-21 00:00:00+05:30,131.31,132.09,127.91,128.5,1881947
2020-01-22 00:00:00+05:30,129.56,129.76,125.97,126.75,1606933
2020-01-23 00:00:00+05:30,127.33,128.54,125.19,126.99,2243169
2020-01-24 00:00:00+05:30,127.67,128.79,124.8,126.02,2094055
2020-01-27 00:00:00+05:30,125.87,127.81,123.98,125.43,2191439
2020-01-28 00:00:00+05:30,126.16,130.1,124.8,129.18,4269054
2020-01-29 00:00:00+05:30,130.1,132.82,129.81,131.8,3651882
2020-01-30 00:00:00+05:30,130.24,131.8,125.43,126.26,4264872
2020-01-31 00:00:00+05:30,127.23,132.09,126.6,131.27,3461075
2020-02-01 00:00:00+05:30,131.46,140.94,131.12,135.79,5940194
2020-02-03 00:00:00+05:30,136.81,144.82,136.81,143.03,3162306
2020-02-04 00:00:00+05:30,145.8,150.61,145.12,149.88,3745632
2020-02-05 00:00:00+05:30,149.59,149.59,141.71,143.42,2045172
2020-02-06 00:00:00+05:30,143.42,145.6,142.2,143.8,1012689
2020-02-07 00:00:00+05:30,143.8,147.45,140.21,141.23,1799989
2020-02-10 00:00:00+05:30,141.13,141.42,137.73,139.24,713371
2020-02-11 00:00:00+05:30,139.77,143.27,138.51,142.39,1529443
2020-02-12 00:00:00+05:30,144.14,150.56,142.88,149.83,3561729
2020-02-13 00:00:00+05:30,150.07,153.57,149.2,152.36,2572913
2020-02-14 00:00:00+05:30,152.7,157.65,152.36,153.82,3308404
2020-02-17 00:00:00+05:30,154.3,154.3,147.84,150.51,1054095
2020-02-18 00:00:00+05:30,150.51,153.43,145.99,151.14,1664696
2020-02-19 00:00:00+05:30,152.55,155.52,152.07,155.03,2211591
2020-02-20 00:00:00+05:30,154.3,154.5,149.2,150.02,1115389
2020-02-24 00:00:00+05:30,149.64,152.21,146.87,150.75,799908
2020-02-25 00:00:00+05:30,150.8,152.55,148.23,149.49,461247
2020-02-26 00:00:00+05:30,149.49,153.09,147.11,149.2,1249868
2020-02-27 00:00:00+05:30,149.59,149.59,143.61,144.24,1215863
2020-02-28 00:00:00+05:30,140.21,148.42,136.37,142.59,2265579
2020-03-02 00:00:00+05:30,142.88,146.48,142.83,145.46,1909566
2020-03-03 00:00:00+05:30,145.55,149.2,139.96,142.73,2776589
2020-03-04 00:00:00+05:30,143.37,144.78,135.1,137.1,1380457
2020-03-05 00:00:00+05:30,136.76,140.26,134.13,134.38,849830
2020-03-06 00:00:00+05:30,131.17,136.56,128.74,133.84,1306985
2020-03-09 00:00:00+05:30,133.01,135.01,128.54,129.86,2047635
2020-03-11 00:00:00+05:30,130.63,133.55,129.27,132.09,1086830
2020-03-12 00:00:00+05:30,128.3,128.3,122.47,124.75,1890115
2020-03-13 00:00:00+05:30,116.98,126.99,116.69,120.14,2533704
2020-03-16 00:00:00+05:30,117.51,119.55,111.68,113.77,1530878
2020-03-17 00:00:00+05:30,113.82,115.76,109.83,111.1,1214440
2020-03-18 00:00:00+05:30,111.15,116.59,103.03,111.15,2489016
2020-03-19 00:00:00+05:30,107.89,116.35,104.0,112.51,1435142
2020-03-20 00:00:00+05:30,113.28,115.67,107.89,110.9,1587436
2020-03-23 00:00:00+05:30,106.92,109.35,88.74,92.0,2092662
2020-03-24 00:00:00+05:30,93.26,102.84,87.04,87.58,3940410
2020-03-25 00:00:00+05:30,88.11,101.72,87.72,99.82,1944052
2020-03-26 00:00:00+05:30,100.5,104.88,96.95,102.06,1288820
2020-03-27 00:00:00+05:30,101.62,106.04,95.25,96.08,1269520
2020-03-30 00:00:00+05:30,94.28,96.71,90.64,92.73,1194558
2020-03-31 00:00:00+05:30,93.46,98.66,93.46,96.66,990450
2020-04-01 00:00:00+05:30,97.2,100.94,95.4,98.12,1147180
2020-04-03 00:00:00+05:30,97.2,100.45,96.08,99.34,1607438
2020-04-07 00:00:00+05:30,103.52,104.97,100.31,103.66,1100002
2020-04-08 00:00:00+05:30,102.64,111.78,102.11,109.78,1518037
2020-04-09 00:00:00+05:30,112.41,113.72,109.2,112.8,1109188
2020-04-13 00:00:00+05:30,114.21,114.21,105.51,106.72,2041387
2020-04-15 00:00:00+05:30,108.86,113.48,108.18,110.03,1730120
2020-04-16 00:00:00+05:30,110.27,113.92,108.67,112.9,842283
2020-04-17 00:00:00+05:30,114.06,115.71,111.87,112.21,779401
2020-04-20 00:00:00+05:30,113.82,115.37,112.26,114.69,556484
2020-04-21 00:00:00+05:30,114.69,115.23,110.81,114.5,963814
2020-04-22 00:00:00+05:30,111.78,115.18,110.32,113.77,964536
2020-04-23 00:00:00+05:30,113.77,122.23,113.33,121.25,2588753
2020-04-24 00:00:00+05:30,120.67,123.44,115.96,117.32,981944
2020-04-27 00:00:00+05:30,119.55,123.44,116.64,118.53,1340441
2020-04-28 00:00:00+05:30,119.26,120.53,116.83,118.63,801701
2020-04-29 00:00:00+05:30,119.99,125.29,117.8,124.56,1636558
2020-04-30 00:00:00+05:30,124.85,129.08,122.61,126.07,1462098
2020-05-04 00:00:00+05:30,123.15,124.22,118.87,121.45,1052285
2020-05-05 00:00:00+05:30,123.44,124.8,114.79,116.2,1310249
2020-05-06 00:00:00+05:30,117.32,118.24,113.72,115.57,547454
2020-05-07 00:00:00+05:30,116.59,120.33,116.2,119.8,1499396
2020-05-08 00:00:00+05:30,120.14,127.13,119.6,122.13,3018506
2020-05-11 00:00:00+05:30,123.1,123.88,115.18,116.3,1125022
2020-05-12 00:00:00+05:30,115.71,119.6,115.23,117.95,888105
2020-05-13 00:00:00+05:30,120.91,120.91,114.89,118.24,1567673
2020-05-14 00:00:00+05:30,118.1,118.34,116.2,117.17,287390
2020-05-15 00:00:00+05:30,117.17,118.05,114.89,115.42,530393
2020-05-18 00:00:00+05:30,115.57,116.1,104.15,106.87,1943477
2020-05-19 00:00:00+05:30,108.76,109.69,104.24,105.51,1041818
2020-05-20 00:00:00+05:30,104.97,106.33,103.03,104.63,2015091
2020-05-21 00:00:00+05:30,105.22,108.86,104.97,106.92,1558422
2020-05-22 00:00:00+05:30,107.31,109.06,106.29,108.33,565157
2020-05-26 00:00:00+05:30,108.33,115.67,107.99,111.53,2431829
2020-05-27 00:00:00+05:30,112.07,112.65,108.86,109.83,1413094
2020-05-28 00:00:00+05:30,110.42,112.51,109.83,110.71,590269
2020-05-29 00:00:00+05:30,110.71,113.48,110.08,112.31,653573
2020-06-01 00:00:00+05:30,114.11,114.98,113.04,114.6,1337656
2020-06-02 00:00:00+05:30,115.18,121.5,115.18,120.96,2139022
2020-06-03 00:00:00+05:30,121.55,122.27,118.78,120.57,837854
2020-06-04 00:00:00+05:30,120.57,121.06,117.85,119.36,624992
2020-06-05 00:00:00+05:30,120.43,121.25,119.36,119.6,512959
2020-06-08 00:00:00+05:30,120.72,123.44,119.26,121.59,1511103
2020-06-09 00:00:00+05:30,124.22,124.41,121.01,122.47,1275290
2020-06-10 00:00:00+05:30,122.47,124.36,121.89,123.05,751612
2020-06-11 00:00:00+05:30,123.73,123.93,119.65,120.62,665069
2020-06-12 00:00:00+05:30,117.61,120.04,116.73,118.48,559012
2020-06-15 00:00:00+05:30,114.16,119.36,113.04,114.98,1106847
2020-06-16 00:00:00+05:30,116.64,117.41,113.04,113.92,947419
2020-06-17 00:00:00+05:30,115.52,118.05,113.72,114.64,1100971
2020-06-18 00:00:00+05:30,115.32,116.93,114.69,115.28,837735
2020-06-19 00:00:00+05:30,116.44,117.12,114.94,115.57,2847903
2020-06-22 00:00:00+05:30,116.39,122.91,116.15,122.52,2140896
2020-06-23 00:00:00+05:30,123.15,127.13,121.98,123.49,2806225
2020-06-24 00:00:00+05:30,125.14,125.14,122.03,122.91,1518086
2020-06-25 00:00:00+05:30,121.55,125.87,121.16,125.43,1557887
2020-06-26 00:00:00+05:30,125.38,127.72,123.83,124.7,2381617
2020-06-29 00:00:00+05:30,125.14,125.14,118.73,119.5,891375
2020-06-30 00:00:00+05:30,120.28,123.25,119.94,122.18,1277993
2020-07-01 00:00:00+05:30,123.1,123.1,119.55,119.84,540881
2020-07-02 00:00:00+05:30,120.67,120.96,119.89,120.38,583779
2020-07-03 00:00:00+05:30,120.53,122.18,117.12,117.75,1520877
2020-07-06 00:00:00+05:30,118.58,121.74,118.58,120.87,1310263
2020-07-07 00:00:00+05:30,121.5,122.91,119.99,122.13,871535
2020-07-08 00:00:00+05:30,122.47,123.39,120.57,121.55,1427792
2020-07-09 00:00:00+05:30,121.74,122.27,118.19,118.53,858275
2020-07-10 00:00:00+05:30,121.55,123.25,118.58,119.21,2750668
2020-07-13 00:00:00+05:30,119.94,120.53,118.29,118.53,678797
2020-07-14 00:00:00+05:30,118.34,120.28,117.37,119.16,1472415
2020-07-15 00:00:00+05:30,119.94,119.99,116.88,117.22,1626174
2020-07-16 00:00:00+05:30,117.85,118.34,115.28,116.59,503145
2020-07-17 00:00:00+05:30,116.64,117.56,114.21,114.6,1507103
2020-07-20 00:00:00+05:30,114.6,115.76,113.82,114.01,832777
2020-07-21 00:00:00+05:30,115.67,115.67,113.24,114.01,1536045
2020-07-22 00:00:00+05:30,114.16,114.21,111.29,111.92,1547030
2020-07-23 00:00:00+05:30,112.46,114.01,112.26,112.7,1008059
2020-07-24 00:00:00+05:30,112.75,113.72,111.1,111.49,1271384
2020-07-27 00:00:00+05:30,112.07,112.17,108.38,108.76,1462951
2020-07-28 00:00:00+05:30,109.74,111.1,106.72,109.78,2184948
2020-07-29 00:00:00+05:30,111.58,115.57,111.29,112.7,2644405
2020-07-30 00:00:00+05:30,113.67,114.01,111.73,112.46,604835
2020-07-31 00:00:00+05:30,112.94,112.94,109.93,110.27,1357316
2020-08-03 00:00:00+05:30,110.32,111.78,109.93,110.27,600883
2020-08-04 00:00:00+05:30,111.05,113.72,110.81,111.68,1332790
2020-08-05 00:00:00+05:30,112.36,114.21,111.53,113.38,2016878
2020-08-06 00:00:00+05:30,114.6,115.96,113.48,115.62,1626668
2020-08-07 00:00:00+05:30,116.49,119.26,116.15,118.05,1615286
2020-08-10 00:00:00+05:30,119.21,119.8,118.19,118.63,1201974
2020-08-11 00:00:00+05:30,119.07,119.55,117.17,117.71,763716
2020-08-12 00:00:00+05:30,117.61,118.48,116.44,116.98,856243
2020-08-13 00:00:00+05:30,117.37,118.68,117.32,118.34,644018
2020-08-14 00:00:00+05:30,118.58,119.75,117.85,118.63,892073
2020-08-17 00:00:00+05:30,119.5,119.5,117.17,118.63,566906
2020-08-18 00:00:00+05:30,118.63,119.8,118.1,119.41,930654
2020-08-19 00:00:00+05:30,119.55,122.37,118.97,119.75,2893972
2020-08-20 00:00:00+05:30,119.55,121.11,119.16,119.6,694236
2020-08-21 00:00:00+05:30,120.09,121.01,119.55,119.75,597543
2020-08-24 00:00:00+05:30,120.67,122.18,119.89,121.06,1160807
2020-08-25 00:00:00+05:30,121.98,121.98,119.16,119.46,1023478
2020-08-26 00:00:00+05:30,119.8,120.96,118.34,119.26,765651
2020-08-27 00:00:00+05:30,118.82,120.53,118.82,119.16,545677
2020-08-28 00:00:00+05:30,119.55,119.94,118.78,118.97,554660
2020-08-31 00:00:00+05:30,119.55,120.53,116.05,116.54,852804
2020-09-01 00:00:00+05:30,116.64,116.64,112.75,113.58,1303880
2020-09-02 00:00:00+05:30,115.13,117.32,114.69,116.93,544182
2020-09-03 00:00:00+05:30,117.61,118.73,117.17,117.95,473208
2020-09-04 00:00:00+05:30,117.12,117.61,115.71,116.88,461341
2020-09-07 00:00:00+05:30,117.12,118.34,114.5,115.32,1160979
2020-09-08 00:00:00+05:30,115.32,117.46,114.79,116.3,588715
2020-09-09 00:00:00+05:30,114.79,117.9,114.21,116.49,721350
2020-09-10 00:00:00+05:30,117.03,117.12,115.08,115.52,1115936
2020-09-11 00:00:00+05:30,115.81,117.46,115.18,116.49,635860
2020-09-14 00:00:00+05:30,117.12,121.01,116.2,116.83,1410543
2020-09-15 00:00:00+05:30,117.51,118.1,116.35,116.78,418928
2020-09-16 00:00:00+05:30,115.67,116.93,113.72,114.4,1950850
2020-09-17 00:00:00+05:30,114.69,116.1,114.45,115.28,884803
2020-09-18 00:00:00+05:30,116.25,116.98,113.33,115.81,1624302
2020-09-21 00:00:00+05:30,116.49,116.49,111.34,111.87,1311810
2020-09-22 00:00:00+05:30,112.75,112.75,107.89,108.76,2069566
2020-09-23 00:00:00+05:30,109.59,110.95,107.45,108.33,619418
2020-09-24 00:00:00+05:30,108.33,108.86,103.22,104.83,968400
2020-09-25 00:00:00+05:30,106.33,108.62,105.36,106.77,1044870
2020-09-28 00:00:00+05:30,107.89,109.74,106.14,106.43,1159860
2020-09-29 00:00:00+05:30,107.79,107.79,106.24,106.77,1299206
2020-09-30 00:00:00+05:30,106.92,107.4,106.04,106.29,424329
2020-10-01 00:00:00+05:30,106.72,107.6,106.29,106.82,651777
2020-10-05 00:00:00+05:30,107.79,110.12,106.92,107.35,868371
2020-10-06 00:00:00+05:30,107.79,109.15,107.4,108.72,1014009
2020-10-07 00:00:00+05:30,108.76,110.03,107.4,107.55,1095359
2020-10-08 00:00:00+05:30,108.28,109.25,106.97,107.65,1288839
2020-10-09 00:00:00+05:30,108.23,108.72,106.92,107.55,579263
2020-10-12 00:00:00+05:30,108.13,108.18,105.95,106.14,1074767
2020-10-13 00:00:00+05:30,105.95,107.01,104.0,104.2,1151214
2020-10-14 00:00:00+05:30,104.0,104.58,102.45,102.84,888713
2020-10-15 00:00:00+05:30,103.71,104.63,101.09,101.38,1355115
2020-10-16 00:00:00+05:30,101.81,104.24,101.81,104.05,617259
2020-10-19 00:00:00+05:30,105.12,109.1,104.63,108.47,836908
2020-10-20 00:00:00+05:30,108.42,109.35,107.6,108.47,972877
2020-10-21 00:00:00+05:30,109.15,109.69,108.33,108.81,554926
2020-10-22 00:00:00+05:30,108.91,110.47,107.6,108.47,1482111
2020-10-23 00:00:00+05:30,109.15,110.17,105.75,106.77,1500155
2020-10-26 00:00:00+05:30,107.5,109.15,106.04,106.53,711749
2020-10-27 00:00:00+05:30,106.82,108.18,104.97,105.65,1226382
2020-10-28 00:00:00+05:30,110.81,117.03,110.81,112.8,10743139
2020-10-29 00:00:00+05:30,111.39,112.75,110.27,111.53,1051288
2020-10-30 00:00:00+05:30,111.83,113.24,110.17,110.81,777013
2020-11-02 00:00:00+05:30,111.78,112.85,107.94,108.23,1241168
2020-11-03 00:00:00+05:30,109.15,109.74,107.89,108.81,769757
2020-11-04 00:00:00+05:30,109.88,112.26,108.52,109.78,950244
2020-11-05 00:00:00+05:30,108.86,109.49,107.31,107.79,1350029
2020-11-06 00:00:00+05:30,108.13,109.35,107.89,109.1,1080856
2020-11-09 00:00:00+05:30,110.17,110.56,108.86,109.88,1081397
2020-11-10 00:00:00+05:30,110.32,110.71,108.86,109.74,752421
2020-11-11 00:00:00+05:30,109.83,111.63,109.78,110.66,1002286
2020-11-12 00:00:00+05:30,110.81,111.44,109.83,110.08,1186789
2020-11-13 00:00:00+05:30,109.64,112.36,109.49,111.83,2442617
2020-11-14 00:00:00+05:30,112.94,113.53,112.41,112.7,329097
2020-11-17 00:00:00+05:30,114.21,114.5,112.17,112.75,1718747
2020-11-18 00:00:00+05:30,113.19,114.21,112.75,113.77,2218679
2020-11-19 00:00:00+05:30,113.58,117.61,112.55,115.18,2572877
2020-11-20 00:00:00+05:30,116.15,120.43,115.67,119.6,2999332
2020-11-23 00:00:00+05:30,120.23,122.37,119.75,120.53,1749055
2020-11-24 00:00:00+05:30,120.62,126.84,120.62,125.68,3698476
2020-11-25 00:00:00+05:30,126.94,127.13,121.64,122.27,1820823
2020-11-26 00:00:00+05:30,121.98,122.91,119.75,121.93,1147403
2020-11-27 00:00:00+05:30,121.98,126.31,120.43,121.89,5512195
2020-12-01 00:00:00+05:30,124.36,126.36,123.0,124.95,1261386
2020-12-02 00:00:00+05:30,125.68,128.16,125.34,127.09,1457706
2020-12-03 00:00:00+05:30,125.82,127.09,124.75,124.95,1504939
2020-12-04 00:00:00+05:30,125.97,128.59,125.38,127.13,1619497
2020-12-07 00:00:00+05:30,128.16,131.75,127.81,130.88,2116580
2020-12-08 00:00:00+05:30,131.12,133.36,129.52,131.31,1867844
2020-12-09 00:00:00+05:30,131.51,133.4,130.68,131.41,1413824
2020-12-10 00:00:00+05:30,131.22,131.22,126.84,128.25,3057465
2020-12-11 00:00:00+05:30,128.59,128.79,125.97,126.6,1394015
2020-12-14 00:00:00+05:30,126.94,128.01,123.98,124.27,1118600
2020-12-15 00:00:00+05:30,125.09,125.09,121.98,122.32,1117443
2020-12-16 00:00:00+05:30,123.34,124.41,122.37,122.76,1281397
2020-12-17 00:00:00+05:30,123.25,125.19,122.81,123.68,1361346
2020-12-18 00:00:00+05:30,124.61,124.61,121.89,122.27,769035
2020-12-21 00:00:00+05:30,121.5,123.34,116.73,118.58,2049781
2020-12-22 00:00:00+05:30,117.61,120.53,116.01,117.41,1587420
2020-12-23 00:00:00+05:30,117.95,120.82,117.61,120.23,1016358
2020-12-24 00:00:00+05:30,121.3,122.37,120.53,120.91,838046
2020-12-28 00:00:00+05:30,121.35,122.32,118.34,118.53,2030970
2020-12-29 00:00:00+05:30,119.46,119.84,118.14,118.53,885907
2020-12-30 00:00:00+05:30,119.46,122.23,118.0,120.09,3167185
2020-12-31 00:00:00+05:30,120.04,121.64,118.87,119.6,1084815
2021-01-01 00:00:00+05:30,119.84,120.91,118.39,118.58,2217829
2021-01-04 00:00:00+05:30,119.26,120.53,118.78,119.6,2238367
2021-01-05 00:00:00+05:30,120.38,121.59,119.16,120.87,1794026
2021-01-06 00:00:00+05:30,121.45,123.73,121.45,122.32,2909512
2021-01-07 00:00:00+05:30,123.0,125.04,122.61,124.51,2261978
2021-01-08 00:00:00+05:30,125.87,126.36,123.73,125.14,1661310
2021-01-11 00:00:00+05:30,125.38,125.73,122.86,123.98,2809813
2021-01-12 00:00:00+05:30,123.98,126.79,123.73,124.46,3861716
2021-01-13 00:00:00+05:30,125.87,126.99,124.41,125.63,1830352
2021-01-14 00:00:00+05:30,126.26,127.57,124.8,127.38,1592694
2021-01-15 00:00:00+05:30,128.11,128.11,125.0,126.16,1108864
2021-01-18 00:00:00+05:30,126.07,126.31,121.16,125.14,1215276
2021-01-19 00:00:00+05:30,125.38,125.77,123.98,124.9,1173668
2021-01-20 00:00:00+05:30,124.41,125.58,123.98,124.75,713424
2021-01-21 00:00:00+05:30,125.0,125.77,121.5,122.03,2739880
2021-01-22 00:00:00+05:30,121.5,124.75,121.3,124.46,1811404
2021-01-25 00:00:00+05:30,125.29,125.82,121.98,124.46,1090551
2021-01-27 00:00:00+05:30,124.12,124.12,119.6,120.33,1932800
2021-01-28 00:00:00+05:30,119.55,122.91,119.16,122.37,808187
2021-01-29 00:00:00+05:30,123.54,125.14,122.76,124.61,1360412
2021-02-01 00:00:00+05:30,125.19,125.38,122.57,123.05,1635312
2021-02-02 00:00:00+05:30,126.36,130.58,122.18,123.25,5817800
2021-02-03 00:00:00+05:30,123.44,126.21,122.52,125.48,2118457
2021-02-04 00:00:00+05:30,125.87,128.5,125.38,127.23,1669919
2021-02-05 00:00:00+05:30,128.88,128.88,125.09,125.97,2026880
2021-02-08 00:00:00+05:30,126.16,130.15,125.97,129.81,2169408
2021-02-09 00:00:00+05:30,129.32,131.7,125.68,126.75,2714084
2021-02-10 00:00:00+05:30,126.75,128.79,125.87,126.41,824615
2021-02-11 00:00:00+05:30,127.04,128.01,126.02,126.99,1192665
2021-02-12 00:00:00+05:30,126.99,127.04,124.61,125.29,754413
2021-02-15 00:00:00+05:30,125.38,125.38,123.05,123.25,1267349
2021-02-16 00:00:00+05:30,123.49,124.61,121.64,123.1,1100161
2021-02-17 00:00:00+05:30,124.22,124.22,121.64,122.18,839832
2021-02-18 00:00:00+05:30,122.47,126.6,122.47,126.11,1489539
2021-02-19 00:00:00+05:30,126.02,129.47,124.36,125.19,1789885
2021-02-22 00:00:00+05:30,125.29,126.99,121.5,122.37,896974
2021-02-23 00:00:00+05:30,122.86,123.3,119.75,120.43,1693781
2021-02-24 00:00:00+05:30,120.91,122.27,120.38,121.55,679958
2021-02-25 00:00:00+05:30,121.98,124.9,121.98,124.66,1442915
2021-02-26 00:00:00+05:30,122.47,126.36,122.32,126.07,1839041
2021-03-01 00:00:00+05:30,127.72,133.06,126.7,131.85,4986242
2021-03-02 00:00:00+05:30,133.36,135.88,131.7,134.13,2983733
2021-03-03 00:00:00+05:30,135.98,136.37,130.83,131.22,3590821
2021-03-04 00:00:00+05:30,129.37,134.33,129.32,132.24,2143968
2021-03-05 00:00:00+05:30,132.19,135.49,130.24,131.51,2180426
2021-03-08 00:00:00+05:30,131.95,133.94,131.22,131.75,869092
2021-03-09 00:00:00+05:30,132.04,132.58,130.97,131.51,772813
2021-03-10 00:00:00+05:30,132.19,132.38,130.0,130.73,911705
2021-03-12 00:00:00+05:30,131.9,131.9,125.29,126.21,2216554
2021-03-15 00:00:00+05:30,126.6,126.75,122.47,123.25,1061298
2021-03-16 00:00:00+05:30,123.73,125.63,123.05,123.68,744082
2021-03-17 00:00:00+05:30,123.1,123.93,120.53,120.87,1146845
2021-03-18 00:00:00+05:30,121.74,122.76,117.8,119.12,1109118
2021-03-19 00:00:00+05:30,118.92,118.97,114.4,115.23,2933740
2021-03-22 00:00:00+05:30,115.23,116.25,114.5,115.47,1438280
2021-03-23 00:00:00+05:30,116.05,119.07,116.05,117.75,1321899
2021-03-24 00:00:00+05:30,118.1,119.26,117.03,118.05,904072
2021-03-25 00:00:00+05:30,118.05,119.99,117.12,119.26,1327877
2021-03-26 00:00:00+05:30,120.82,120.87,119.16,119.55,798993
2021-03-30 00:00:00+05:30,119.8,121.84,119.5,121.3,661055
2021-03-31 00:00:00+05:30,121.3,122.47,118.82,121.79,800098
2021-04-01 00:00:00+05:30,121.89,122.86,120.53,121.3,889567
2021-04-05 00:00:00+05:30,121.89,122.37,119.07,121.84,765288
2021-04-06 00:00:00+05:30,122.27,122.27,119.94,120.09,553060
2021-04-07 00:00:00+05:30,120.33,121.5,119.55,119.99,584415
2021-04-08 00:00:00+05:30,120.77,121.55,120.48,120.82,373525
2021-04-09 00:00:00+05:30,121.01,122.47,120.43,121.5,486927
2021-04-12 00:00:00+05:30,121.3,125.29,115.08,119.26,1490922
2021-04-13 00:00:00+05:30,120.14,120.14,117.8,119.02,522188
2021-04-15 00:00:00+05:30,118.87,119.5,116.2,118.63,931156
2021-04-16 00:00:00+05:30,118.97,119.99,117.85,119.55,606544
2021-04-19 00:00:00+05:30,119.12,119.16,117.12,118.1,936737
2021-04-20 00:00:00+05:30,118.58,119.41,117.27,117.46,1193130
2021-04-22 00:00:00+05:30,115.42,117.22,114.4,115.96,1277509
2021-04-23 00:00:00+05:30,114.89,120.53,114.89,119.21,2575866
2021-04-26 00:00:00+05:30,120.23,123.44,117.8,121.79,2082375
2021-04-27 00:00:00+05:30,128.06,130.63,123.54,124.51,11158935
2021-04-28 00:00:00+05:30,125.38,126.21,122.03,122.91,1838160
2021-04-29 00:00:00+05:30,123.54,124.12,122.47,123.05,1631143
2021-04-30 00:00:00+05:30,122.47,122.76,121.5,122.23,1107112
2021-05-03 00:00:00+05:30,121.5,122.27,120.53,121.69,744406
2021-05-04 00:00:00+05:30,122.18,123.39,121.01,121.5,842704
2021-05-05 00:00:00+05:30,121.5,121.59,119.41,120.43,909787
2021-05-06 00:00:00+05:30,120.14,123.83,120.14,121.89,1835307
2021-05-07 00:00:00+05:30,121.98,124.27,121.21,122.18,1889751
2021-05-10 00:00:00+05:30,122.66,124.27,122.18,122.52,1446931
2021-05-11 00:00:00+05:30,121.84,123.83,121.45,123.0,743906
2021-05-12 00:00:00+05:30,122.66,130.78,122.66,126.65,4715693
2021-05-14 00:00:00+05:30,128.01,129.95,123.54,126.75,2237018
2021-05-17 00:00:00+05:30,127.33,128.79,125.77,126.31,1428774
2021-05-18 00:00:00+05:30,126.55,127.38,125.48,125.77,998793
2021-05-19 00:00:00+05:30,125.48,126.79,124.12,124.75,944945
2021-05-20 00:00:00+05:30,124.75,125.58,123.3,123.98,888585
2021-05-21 00:00:00+05:30,125.29,127.28,124.17,125.92,1778266
2021-05-24 00:00:00+05:30,125.92,132.43,125.77,131.27,3920203
2021-05-25 00:00:00+05:30,131.95,133.84,128.35,128.93,2949750
2021-05-26 00:00:00+05:30,129.27,130.88,128.93,129.9,1138092
2021-05-27 00:00:00+05:30,130.05,134.38,128.79,133.01,3031154
2021-05-28 00:00:00+05:30,132.97,134.23,130.34,130.88,1552609
2021-05-31 00:00:00+05:30,130.73,132.48,130.24,130.54,983488
2021-06-01 00:00:00+05:30,130.93,132.09,128.35,128.69,900115
2021-06-02 00:00:00+05:30,129.27,130.2,127.57,128.2,1242173
2021-06-03 00:00:00+05:30,128.98,131.12,127.72,130.2,1713148
2021-06-04 00:00:00+05:30,135.4,140.45,134.13,137.1,16985452
2021-06-07 00:00:00+05:30,139.38,150.56,138.99,149.0,13284232
2021-06-08 00:00:00+05:30,148.52,148.52,143.95,146.14,4146775
2021-06-09 00:00:00+05:30,146.57,147.69,141.57,143.03,2870108
2021-06-10 00:00:00+05:30,143.76,145.41,142.98,144.05,1184819
2021-06-11 00:00:00+05:30,144.53,146.91,143.42,145.21,1624025
2021-06-14 00:00:00+05:30,144.78,147.21,140.16,145.6,2053961
2021-06-15 00:00:00+05:30,145.55,146.62,142.88,143.71,1057470
2021-06-16 00:00:00+05:30,143.85,148.23,143.17,145.84,2840403
2021-06-17 00:00:00+05:30,145.31,147.45,142.05,143.66,1480415
2021-06-18 00:00:00+05:30,145.02,145.26,137.05,143.07,1614190
2021-06-21 00:00:00+05:30,142.35,146.09,140.64,142.83,1048318
2021-06-22 00:00:00+05:30,143.56,145.6,141.96,142.88,699824
2021-06-23 00:00:00+05:30,143.61,143.61,141.42,141.67,750920
2021-06-24 00:00:00+05:30,141.96,143.12,139.96,140.3,564073
2021-06-25 00:00:00+05:30,140.64,142.25,140.26,141.52,391108
2021-06-28 00:00:00+05:30,142.1,143.17,139.53,139.96,710756
2021-06-29 00:00:00+05:30,140.3,141.13,139.24,139.82,495514
2021-06-30 00:00:00+05:30,140.16,141.52,138.85,139.09,600584
2021-07-01 00:00:00+05:30,139.62,140.35,138.12,138.26,512019
2021-07-02 00:00:00+05:30,138.7,140.3,138.31,138.9,866585
2021-07-05 00:00:00+05:30,139.43,144.1,139.24,142.49,1582023
2021-07-06 00:00:00+05:30,143.07,145.8,142.15,143.27,1461088
2021-07-07 00:00:00+05:30,143.07,144.1,141.62,142.44,828778
2021-07-08 00:00:00+05:30,142.59,144.14,140.35,141.57,734976
2021-07-09 00:00:00+05:30,140.99,141.52,139.96,140.26,584454
2021-07-12 00:00:00+05:30,140.21,140.94,138.02,138.41,1051720
2021-07-13 00:00:00+05:30,139.19,140.26,138.17,139.82,743490
2021-07-14 00:00:00+05:30,139.96,140.94,139.48,140.3,430447
2021-07-15 00:00:00+05:30,140.3,140.6,138.99,139.24,407575
2021-07-16 00:00:00+05:30,139.48,140.16,138.8,139.33,454923
2021-07-19 00:00:00+05:30,139.33,140.06,138.6,139.43,361680
2021-07-20 00:00:00+05:30,139.62,139.77,136.61,137.49,652592
2021-07-22 00:00:00+05:30,138.02,139.19,137.39,138.75,516518
2021-07-23 00:00:00+05:30,139.48,140.5,138.8,139.72,399026
2021-07-26 00:00:00+05:30,139.92,141.62,138.8,139.43,774142
2021-07-27 00:00:00+05:30,139.67,140.4,136.9,137.53,579075
2021-07-28 00:00:00+05:30,137.73,137.73,133.84,136.47,750195
2021-07-29 00:00:00+05:30,137.0,137.58,135.98,136.81,685430
2021-07-30 00:00:00+05:30,137.19,137.19,134.23,134.52,840487
2021-08-02 00:00:00+05:30,135.4,136.27,134.13,134.28,1082877
2021-08-03 00:00:00+05:30,137.05,138.7,134.96,135.79,3047578
2021-08-04 00:00:00+05:30,137.34,137.92,135.69,136.03,1203718
2021-08-05 00:00:00+05:30,136.27,136.27,134.23,135.93,597923
2021-08-06 00:00:00+05:30,135.98,137.73,135.79,137.05,782276
2021-08-09 00:00:00+05:30,137.34,138.21,136.08,136.66,652171
2021-08-10 00:00:00+05:30,136.08,137.05,134.08,134.86,791194
2021-08-11 00:00:00+05:30,132.67,133.55,128.79,132.43,980564
2021-08-12 00:00:00+05:30,132.58,133.16,131.61,132.53,434397
2021-08-13 00:00:00+05:30,132.72,133.79,131.02,131.27,477570
2021-08-16 00:00:00+05:30,130.73,134.08,129.86,132.14,554331
2021-08-17 00:00:00+05:30,131.56,132.19,128.69,129.71,702646
2021-08-18 00:00:00+05:30,129.66,130.93,127.77,128.2,535327
2021-08-20 00:00:00+05:30,127.38,128.35,126.41,126.7,681364
2021-08-23 00:00:00+05:30,126.89,127.52,123.54,124.07,484247
2021-08-24 00:00:00+05:30,123.93,127.04,123.78,126.5,375403
2021-08-25 00:00:00+05:30,126.84,130.05,125.09,129.56,769848
2021-08-26 00:00:00+05:30,129.76,132.38,129.18,131.36,762156
2021-08-27 00:00:00+05:30,131.51,131.51,129.42,129.9,432591
2021-08-30 00:00:00+05:30,130.2,130.68,128.4,129.37,746024
2021-08-31 00:00:00+05:30,130.05,131.02,129.32,130.24,447418
2021-09-01 00:00:00+05:30,130.24,131.22,129.76,130.2,312826
2021-09-02 00:00:00+05:30,130.24,132.19,129.86,130.83,742819
2021-09-03 00:00:00+05:30,131.22,133.36,129.81,132.24,661275
2021-09-06 00:00:00+05:30,132.87,134.62,131.22,131.95,1038598
2021-09-07 00:00:00+05:30,132.38,132.38,130.88,131.17,492732
2021-09-08 00:00:00+05:30,131.27,132.63,130.73,131.95,395473
2021-09-09 00:00:00+05:30,133.21,135.06,131.7,133.79,743893
2021-09-13 00:00:00+05:30,133.84,135.59,132.97,135.01,579593
2021-09-14 00:00:00+05:30,135.59,136.47,134.23,134.57,613027
2021-09-15 00:00:00+05:30,134.67,135.2,132.97,134.08,587617
2021-09-16 00:00:00+05:30,134.76,139.87,134.33,137.68,2325497
2021-09-17 00:00:00+05:30,138.94,138.99,131.61,132.63,1376835
2021-09-20 00:00:00+05:30,132.67,135.93,131.99,133.89,964880
2021-09-21 00:00:00+05:30,134.08,134.91,131.99,133.6,515563
2021-09-22 00:00:00+05:30,134.13,135.83,133.94,135.3,587978
2021-09-23 00:00:00+05:30,136.08,138.51,135.98,137.19,780709
2021-09-24 00:00:00+05:30,138.36,138.36,134.38,135.2,452806
2021-09-27 00:00:00+05:30,136.56,136.85,132.29,133.31,999036
2021-09-28 00:00:00+05:30,134.13,135.93,133.36,135.2,557702
2021-09-29 00:00:00+05:30,134.62,136.17,134.18,135.54,464232
2021-09-30 00:00:00+05:30,135.88,137.53,135.15,136.27,565862
2021-10-01 00:00:00+05:30,136.51,138.26,134.86,136.17,742984
2021-10-04 00:00:00+05:30,136.47,137.58,134.91,136.66,712624
2021-10-05 00:00:00+05:30,136.66,137.97,135.4,137.24,736401
2021-10-06 00:00:00+05:30,138.02,143.85,137.68,140.5,3830581
2021-10-07 00:00:00+05:30,141.91,143.66,138.99,140.3,1226197
2021-10-08 00:00:00+05:30,140.94,141.52,137.83,138.7,720884
2021-10-11 00:00:00+05:30,138.7,140.94,136.66,138.26,853168
2021-10-12 00:00:00+05:30,139.96,145.31,139.96,143.76,5386610
2021-10-13 00:00:00+05:30,144.24,145.41,141.42,142.39,1249322
2021-10-14 00:00:00+05:30,142.3,144.05,140.99,142.64,1018175
2021-10-18 00:00:00+05:30,143.07,145.31,139.96,141.03,1888084
2021-10-19 00:00:00+05:30,141.42,142.05,137.63,138.07,855203
2021-10-20 00:00:00+05:30,138.46,138.6,135.2,135.64,674843
2021-10-21 00:00:00+05:30,136.32,140.74,135.4,139.77,2183411
2021-10-22 00:00:00+05:30,139.96,139.96,135.49,136.22,649833
2021-10-25 00:00:00+05:30,136.08,136.66,132.48,134.28,571014
2021-10-26 00:00:00+05:30,135.1,137.92,134.42,136.81,456392
2021-10-27 00:00:00+05:30,136.81,138.36,136.22,136.9,435686
2021-10-28 00:00:00+05:30,136.81,138.02,134.28,135.83,534592
2021-10-29 00:00:00+05:30,135.35,136.47,133.4,134.28,472902
2021-11-01 00:00:00+05:30,134.96,137.53,133.16,136.27,1140635
2021-11-02 00:00:00+05:30,136.76,138.51,134.62,137.53,989734
2021-11-03 00:00:00+05:30,137.53,138.02,135.1,136.51,703912
2021-11-04 00:00:00+05:30,136.81,137.68,136.56,137.05,162042
2021-11-08 00:00:00+05:30,137.05,137.19,133.55,134.08,765740
2021-11-09 00:00:00+05:30,134.38,136.66,133.94,135.64,769851
2021-11-10 00:00:00+05:30,135.93,135.93,134.62,135.35,558602
2021-11-11 00:00:00+05:30,135.64,135.64,133.16,133.84,580634
2021-11-12 00:00:00+05:30,134.72,134.72,132.19,132.48,486617
2021-11-15 00:00:00+05:30,132.72,132.92,131.31,131.95,431425
2021-11-16 00:00:00+05:30,131.95,132.19,129.76,130.24,802657
2021-11-17 00:00:00+05:30,130.24,130.58,129.32,129.76,487174
2021-11-18 00:00:00+05:30,129.81,131.9,128.3,130.63,1012658
2021-11-22 00:00:00+05:30,130.78,130.78,125.38,126.41,782699
2021-11-23 00:00:00+05:30,126.41,127.62,125.09,126.7,644263
2021-11-24 00:00:00+05:30,126.94,127.52,125.68,125.97,622159
2021-11-25 00:00:00+05:30,126.36,126.36,124.9,125.73,352984
2021-11-26 00:00:00+05:30,124.51,125.24,123.49,124.07,570184
2021-11-29 00:00:00+05:30,123.39,123.44,119.6,121.06,654500
2021-11-30 00:00:00+05:30,120.53,127.28,120.53,125.63,1525053
2021-12-01 00:00:00+05:30,125.38,126.16,122.03,125.09,570463
2021-12-02 00:00:00+05:30,124.41,125.09,122.61,122.91,715622
2021-12-03 00:00:00+05:30,122.76,124.46,122.76,123.34,462287
2021-12-06 00:00:00+05:30,123.25,123.98,121.89,122.27,379029
2021-12-07 00:00:00+05:30,122.91,124.07,121.74,123.39,458441
2021-12-08 00:00:00+05:30,123.64,124.85,122.71,123.0,869665
2021-12-09 00:00:00+05:30,123.39,123.88,121.89,122.03,1025339
2021-12-10 00:00:00+05:30,122.42,123.15,122.08,122.57,564616
2021-12-13 00:00:00+05:30,123.15,123.34,121.55,121.74,743024
2021-12-14 00:00:00+05:30,122.23,123.0,120.91,121.16,771278
2021-12-15 00:00:00+05:30,121.5,122.37,121.16,121.69,461179
2021-12-16 00:00:00+05:30,121.93,122.81,121.01,121.98,1103727
2021-12-17 00:00:00+05:30,121.98,122.47,121.16,122.13,1215373
2021-12-20 00:00:00+05:30,121.98,121.98,116.35,118.87,1050233
2021-12-21 00:00:00+05:30,119.26,120.09,117.37,117.9,686936
2021-12-22 00:00:00+05:30,118.1,118.58,117.61,118.24,372715
2021-12-23 00:00:00+05:30,118.58,120.67,118.19,119.65,697523
2021-12-24 00:00:00+05:30,120.04,120.14,118.1,118.24,295015
2021-12-27 00:00:00+05:30,118.24,119.94,117.17,119.21,367576
2021-12-28 00:00:00+05:30,119.26,119.8,118.97,119.5,273985
2021-12-29 00:00:00+05:30,119.36,119.94,118.68,118.78,224932
2021-12-30 00:00:00+05:30,118.68,119.21,118.19,118.53,255395
2021-12-31 00:00:00+05:30,118.53,121.11,118.53,119.36,497426
2022-01-03 00:00:00+05:30,118.97,121.01,118.92,120.57,456456
2022-01-04 00:00:00+05:30,120.57,122.03,120.57,121.35,502136
2022-01-05 00:00:00+05:30,121.59,122.27,119.65,120.67,964103
2022-01-06 00:00:00+05:30,120.53,120.53,118.39,118.53,1551200
2022-01-07 00:00:00+05:30,118.78,120.04,117.95,118.68,1350505
2022-01-10 00:00:00+05:30,119.26,119.8,118.34,119.12,1138358
2022-01-11 00:00:00+05:30,119.21,121.01,118.68,120.23,744677
2022-01-12 00:00:00+05:30,120.72,121.45,120.09,121.3,684560
2022-01-13 00:00:00+05:30,121.93,121.93,120.18,120.62,587486
2022-01-14 00:00:00+05:30,120.72,121.98,120.14,121.79,617802
2022-01-17 00:00:00+05:30,122.47,124.7,122.42,124.46,1473114
2022-01-18 00:00:00+05:30,124.85,125.48,122.37,122.61,989381
2022-01-19 00:00:00+05:30,122.95,123.83,120.33,121.3,979098
2022-01-20 00:00:00+05:30,121.98,121.98,119.16,119.7,896023
2022-01-21 00:00:00+05:30,119.7,121.45,119.55,119.99,697292
2022-01-24 00:00:00+05:30,120.23,120.72,112.17,114.55,1675739
2022-01-25 00:00:00+05:30,111.53,118.39,109.78,116.98,1292932
2022-01-27 00:00:00+05:30,117.12,117.95,114.94,116.49,850228
2022-01-28 00:00:00+05:30,117.17,122.66,117.12,122.08,1483160
2022-01-31 00:00:00+05:30,123.15,123.64,120.72,121.21,459183
2022-02-01 00:00:00+05:30,121.98,121.98,119.89,120.57,376372
2022-02-02 00:00:00+05:30,121.5,121.74,119.55,119.94,622318
2022-02-03 00:00:00+05:30,120.72,120.72,118.87,119.12,539312
2022-02-04 00:00:00+05:30,119.55,119.55,118.39,119.07,434189
2022-02-07 00:00:00+05:30,119.55,121.25,119.36,120.96,725080
2022-02-08 00:00:00+05:30,122.47,122.91,117.66,119.65,1568494
2022-02-09 00:00:00+05:30,120.53,120.72,118.05,118.19,1011638
2022-02-10 00:00:00+05:30,118.29,119.5,116.64,116.73,1376217
2022-02-11 00:00:00+05:30,116.73,117.27,116.2,116.88,522809
2022-02-14 00:00:00+05:30,116.3,116.49,113.19,114.06,2017830
2022-02-15 00:00:00+05:30,113.77,114.6,112.12,114.3,698677
2022-02-16 00:00:00+05:30,114.69,116.1,113.72,114.01,575376
2022-02-17 00:00:00+05:30,114.06,114.45,112.75,113.19,517782
2022-02-18 00:00:00+05:30,112.55,113.14,111.68,111.92,635420
2022-02-21 00:00:00+05:30,111.92,112.02,110.32,110.47,539526
2022-02-22 00:00:00+05:30,109.44,109.64,108.08,109.06,712732
2022-02-23 00:00:00+05:30,109.4,110.61,107.99,108.23,861182
2022-02-24 00:00:00+05:30,106.92,107.01,101.57,102.93,1801153
2022-02-25 00:00:00+05:30,104.24,105.65,103.37,104.44,956997
2022-02-28 00:00:00+05:30,104.49,105.31,102.35,104.97,977371
2022-03-02 00:00:00+05:30,104.78,105.95,104.05,105.41,817903
2022-03-03 00:00:00+05:30,106.24,107.99,105.99,107.31,918854
2022-03-04 00:00:00+05:30,106.92,107.31,104.97,105.31,441405
2022-03-07 00:00:00+05:30,104.97,104.97,103.08,104.24,693840
2022-03-08 00:00:00+05:30,104.0,105.85,103.81,105.46,397309
2022-03-09 00:00:00+05:30,105.61,105.7,104.78,105.02,647857
2022-03-10 00:00:00+05:30,106.87,107.4,105.8,105.99,706330
2022-03-11 00:00:00+05:30,106.48,106.48,105.61,105.99,653703
2022-03-14 00:00:00+05:30,105.99,106.72,103.9,104.15,861247
2022-03-15 00:00:00+05:30,104.88,104.97,102.84,103.08,740483
2022-03-16 00:00:00+05:30,103.27,103.81,102.79,102.93,914840
2022-03-17 00:00:00+05:30,103.81,104.49,102.2,102.98,2518323
2022-03-21 00:00:00+05:30,103.9,103.9,102.06,102.35,1462311
2022-03-22 00:00:00+05:30,102.4,102.59,100.16,100.84,1732166
2022-03-23 00:00:00+05:30,101.43,102.25,100.5,101.86,7453572
2022-03-24 00:00:00+05:30,102.01,102.69,100.45,100.7,1328803
2022-03-25 00:00:00+05:30,100.99,101.28,99.53,100.02,1392922
2022-03-28 00:00:00+05:30,100.11,100.6,96.95,97.49,2082946
2022-03-29 00:00:00+05:30,98.12,98.95,97.1,97.29,1667393
2022-03-30 00:00:00+05:30,98.32,98.9,96.27,97.2,2279446
2022-03-31 00:00:00+05:30,98.17,99.09,97.78,98.12,1210956
2022-04-01 00:00:00+05:30,99.14,101.33,99.14,100.41,2164846
2022-04-04 00:00:00+05:30,101.77,101.96,100.45,100.6,2029346
2022-04-05 00:00:00+05:30,101.38,102.06,101.13,101.33,1962404
2022-04-06 00:00:00+05:30,101.33,101.96,101.33,101.67,1456436
2022-04-07 00:00:00+05:30,101.43,104.29,101.43,102.59,2303089
2022-04-08 00:00:00+05:30,103.56,103.81,102.35,102.74,1245894
2022-04-11 00:00:00+05:30,103.27,103.86,102.88,103.56,1232035
2022-04-12 00:00:00+05:30,104.0,104.0,101.47,101.81,1357452
2022-04-13 00:00:00+05:30,102.49,102.93,102.25,102.54,781489
2022-04-18 00:00:00+05:30,102.84,102.84,101.43,101.62,824535
2022-04-19 00:00:00+05:30,102.45,102.79,101.47,101.86,1258378
2022-04-20 00:00:00+05:30,102.4,102.74,101.67,101.96,888283
2022-04-21 00:00:00+05:30,102.45,105.17,102.2,104.05,1755539
2022-04-22 00:00:00+05:30,103.95,106.77,103.52,105.46,2529438
2022-04-25 00:00:00+05:30,105.46,105.46,103.22,103.47,1005771
2022-04-26 00:00:00+05:30,102.64,104.49,102.54,103.42,906044
2022-04-27 00:00:00+05:30,103.03,103.81,101.86,102.45,1006457
2022-04-28 00:00:00+05:30,103.03,104.68,102.64,104.1,1334258
2022-04-29 00:00:00+05:30,104.39,106.29,104.24,105.07,1752247
2022-05-02 00:00:00+05:30,104.97,105.95,103.66,105.46,1019753
2022-05-04 00:00:00+05:30,105.95,105.95,103.22,103.95,955057
2022-05-05 00:00:00+05:30,103.71,104.1,102.84,103.27,515195
2022-05-06 00:00:00+05:30,102.06,102.88,101.43,102.59,871429
2022-05-09 00:00:00+05:30,102.93,103.37,101.62,102.11,585339
2022-05-10 00:00:00+05:30,102.64,102.93,100.21,100.89,1242446
2022-05-11 00:00:00+05:30,100.94,102.45,99.14,100.55,1491400
2022-05-12 00:00:00+05:30,100.55,100.55,97.44,97.78,848789
2022-05-13 00:00:00+05:30,99.43,99.63,98.22,98.46,481603
2022-05-16 00:00:00+05:30,99.58,103.22,99.38,102.35,1227343
2022-05-17 00:00:00+05:30,103.32,104.78,102.69,104.49,848381
2022-05-18 00:00:00+05:30,105.17,108.86,104.1,106.09,3067693
2022-05-19 00:00:00+05:30,104.44,105.36,102.11,102.45,711364
2022-05-20 00:00:00+05:30,103.13,105.41,103.13,104.83,712781
2022-05-23 00:00:00+05:30,104.83,104.83,103.27,103.81,611616
2022-05-24 00:00:00+05:30,104.29,104.58,103.13,103.9,363464
2022-05-25 00:00:00+05:30,104.1,104.39,102.35,103.66,759852
2022-05-26 00:00:00+05:30,103.03,103.61,101.28,102.74,386948
2022-05-27 00:00:00+05:30,103.52,106.72,103.08,104.54,1460680
2022-05-30 00:00:00+05:30,105.95,106.19,104.63,105.46,421399
2022-05-31 00:00:00+05:30,106.19,106.19,104.97,105.65,558955
2022-06-01 00:00:00+05:30,105.85,107.31,105.65,106.14,810305
2022-06-02 00:00:00+05:30,103.52,104.34,102.45,103.95,531265
2022-06-03 00:00:00+05:30,106.19,107.6,104.0,105.17,1679630
2022-06-06 00:00:00+05:30,104.54,105.7,103.71,104.97,564350
2022-06-07 00:00:00+05:30,104.97,104.97,103.32,103.56,286199
2022-06-08 00:00:00+05:30,104.49,104.49,102.59,103.32,437604
2022-06-09 00:00:00+05:30,103.42,103.71,102.11,102.59,318514
2022-06-10 00:00:00+05:30,101.57,102.49,101.47,102.06,305035
2022-06-13 00:00:00+05:30,102.06,102.06,99.63,100.11,515042
2022-06-14 00:00:00+05:30,100.06,100.89,98.36,99.63,630658
2022-06-15 00:00:00+05:30,100.6,101.09,99.43,100.55,289177
2022-06-16 00:00:00+05:30,100.55,101.52,98.66,99.24,573901
2022-06-17 00:00:00+05:30,99.24,101.28,98.27,99.58,1520054
2022-06-20 00:00:00+05:30,99.58,100.06,98.41,99.38,649408
2022-06-21 00:00:00+05:30,100.11,100.75,99.43,99.82,391522
2022-06-22 00:00:00+05:30,99.82,101.28,99.48,100.65,369313
2022-06-23 00:00:00+05:30,100.65,101.33,99.72,100.21,236025
2022-06-24 00:00:00+05:30,100.89,101.23,99.38,99.53,496968
2022-06-27 00:00:00+05:30,100.11,100.65,99.63,100.16,339064
2022-06-28 00:00:00+05:30,99.92,101.33,99.77,101.04,265018
2022-06-29 00:00:00+05:30,100.84,102.06,99.24,99.53,1033520
2022-06-30 00:00:00+05:30,99.87,100.75,99.53,100.41,383977
2022-07-01 00:00:00+05:30,100.41,101.23,99.87,100.99,228227
2022-07-04 00:00:00+05:30,101.67,102.15,100.6,101.96,269056
2022-07-05 00:00:00+05:30,102.06,102.98,101.77,102.59,299202
2022-07-06 00:00:00+05:30,102.74,104.15,102.54,103.9,557031
2022-07-07 00:00:00+05:30,104.49,105.95,104.15,104.97,494152
2022-07-08 00:00:00+05:30,105.46,105.46,104.1,104.73,319201
2022-07-11 00:00:00+05:30,105.22,106.33,104.73,105.95,1157536
2022-07-12 00:00:00+05:30,106.09,106.72,105.22,106.43,1103954
2022-07-13 00:00:00+05:30,106.92,111.05,106.77,109.88,2532660
2022-07-14 00:00:00+05:30,110.56,111.15,107.89,109.3,777562
2022-07-15 00:00:00+05:30,109.3,110.81,107.21,109.93,975214
2022-07-18 00:00:00+05:30,110.95,110.95,107.89,108.28,506382
2022-07-19 00:00:00+05:30,108.62,109.64,107.94,108.67,344301
2022-07-20 00:00:00+05:30,109.01,109.4,107.94,108.18,402404
2022-07-21 00:00:00+05:30,107.94,109.01,107.4,107.94,348928
2022-07-22 00:00:00+05:30,108.08,108.47,106.53,106.87,429886
2022-07-25 00:00:00+05:30,106.82,107.4,105.95,107.06,485937
2022-07-26 00:00:00+05:30,107.4,111.63,106.97,110.37,1104654
2022-07-27 00:00:00+05:30,110.37,112.41,110.37,110.9,1146412
2022-07-28 00:00:00+05:30,111.53,111.97,109.83,110.32,834249
2022-07-29 00:00:00+05:30,110.81,111.29,109.88,110.61,454318
2022-08-01 00:00:00+05:30,111.39,112.07,110.08,110.42,635589
2022-08-02 00:00:00+05:30,112.7,115.37,111.58,112.02,3375369
2022-08-03 00:00:00+05:30,111.78,112.55,110.9,111.68,849206
2022-08-04 00:00:00+05:30,111.15,112.41,110.47,111.83,621757
2022-08-05 00:00:00+05:30,112.36,113.72,111.78,113.28,924292
2022-08-08 00:00:00+05:30,111.15,111.97,110.32,110.9,763641
2022-08-10 00:00:00+05:30,111.44,111.78,110.85,111.49,640550
2022-08-11 00:00:00+05:30,111.58,111.78,110.32,110.71,529487
2022-08-12 00:00:00+05:30,110.37,111.44,108.42,110.81,679066
2022-08-16 00:00:00+05:30,111.0,112.36,110.71,111.92,921235
2022-08-17 00:00:00+05:30,112.65,113.72,112.26,113.14,1014958
2022-08-18 00:00:00+05:30,112.75,114.6,112.26,113.87,804791
2022-08-19 00:00:00+05:30,114.26,114.5,111.58,112.02,1391033
2022-08-22 00:00:00+05:30,112.41,112.65,110.32,110.71,1471619
2022-08-23 00:00:00+05:30,110.76,111.15,109.54,110.12,577218
2022-08-24 00:00:00+05:30,110.32,111.24,110.12,110.51,245571
2022-08-25 00:00:00+05:30,111.49,113.87,110.12,110.76,1712305
2022-08-26 00:00:00+05:30,110.81,112.12,110.71,111.39,632876
2022-08-29 00:00:00+05:30,109.83,110.71,108.96,110.37,532388
2022-08-30 00:00:00+05:30,110.81,111.97,109.59,110.81,764373
2022-09-01 00:00:00+05:30,110.81,111.15,110.17,110.37,588296
2022-09-02 00:00:00+05:30,111.0,111.68,110.56,110.81,579741
2022-09-05 00:00:00+05:30,111.19,111.44,110.12,110.37,589110
2022-09-06 00:00:00+05:30,111.1,111.1,109.98,110.61,688608
2022-09-07 00:00:00+05:30,110.81,111.19,110.56,110.85,487598
2022-09-08 00:00:00+05:30,112.02,114.5,111.87,112.99,2135322
2022-09-09 00:00:00+05:30,113.62,114.06,111.39,111.87,1013793
2022-09-12 00:00:00+05:30,112.46,117.61,112.21,115.67,4483074
2022-09-13 00:00:00+05:30,116.3,116.44,113.82,114.84,1746923
2022-09-14 00:00:00+05:30,114.16,118.58,113.33,114.94,3581832
2022-09-15 00:00:00+05:30,114.98,117.22,114.21,114.6,2061811
2022-09-16 00:00:00+05:30,114.45,115.28,109.69,110.27,1740371
2022-09-19 00:00:00+05:30,110.27,111.24,108.47,110.37,1401823
2022-09-20 00:00:00+05:30,110.85,111.97,110.66,111.73,765962
2022-09-21 00:00:00+05:30,113.09,113.09,110.47,111.63,807678
2022-09-22 00:00:00+05:30,111.39,113.43,109.83,110.51,2590059
2022-09-23 00:00:00+05:30,110.81,111.53,109.44,110.08,1608844
2022-09-26 00:00:00+05:30,110.56,111.1,106.92,107.55,1303564
2022-09-27 00:00:00+05:30,107.99,109.35,107.21,108.23,692345
2022-09-28 00:00:00+05:30,107.5,109.88,107.26,108.28,1249984
2022-09-29 00:00:00+05:30,108.86,109.25,107.5,108.23,367194
2022-09-30 00:00:00+05:30,108.57,110.61,108.28,109.54,1555495
2022-10-03 00:00:00+05:30,109.44,109.93,108.33,108.86,564377
2022-10-04 00:00:00+05:30,109.83,109.98,108.52,108.67,1038288
2022-10-06 00:00:00+05:30,109.54,110.71,108.76,109.25,1333695
2022-10-07 00:00:00+05:30,109.35,109.59,108.38,108.76,369821
2022-10-10 00:00:00+05:30,106.87,112.7,106.87,112.26,5612112
2022-10-11 00:00:00+05:30,111.78,116.44,111.39,113.33,3957013
2022-10-12 00:00:00+05:30,113.72,117.75,113.19,116.73,4012296
2022-10-13 00:00:00+05:30,116.64,120.14,116.25,119.7,3005592
2022-10-14 00:00:00+05:30,121.4,121.64,117.61,118.24,1959881
2022-10-17 00:00:00+05:30,118.19,121.35,117.75,120.48,2027499
2022-10-18 00:00:00+05:30,121.11,122.86,120.62,122.03,2593049
2022-10-19 00:00:00+05:30,122.86,122.91,119.75,121.79,840504
2022-10-20 00:00:00+05:30,120.91,124.22,120.62,123.39,2271047
2022-10-21 00:00:00+05:30,122.47,123.2,119.7,120.87,639995
2022-10-24 00:00:00+05:30,120.53,121.5,119.26,119.84,282988
2022-10-25 00:00:00+05:30,120.23,122.32,118.97,121.45,864221
2022-10-27 00:00:00+05:30,120.87,123.93,119.55,121.25,1209372
2022-10-28 00:00:00+05:30,121.4,122.86,119.84,120.96,973584
2022-10-31 00:00:00+05:30,122.47,123.3,120.04,120.82,848932
2022-11-01 00:00:00+05:30,118.48,120.04,116.25,116.73,1722865
2022-11-02 00:00:00+05:30,117.32,119.07,117.12,118.63,657530
2022-11-03 00:00:00+05:30,118.97,119.99,116.98,119.07,834835
2022-11-04 00:00:00+05:30,120.53,123.3,119.55,122.47,1411957
2022-11-07 00:00:00+05:30,123.1,124.22,122.57,123.2,876306
2022-11-09 00:00:00+05:30,123.44,123.44,120.53,121.84,768757
2022-11-10 00:00:00+05:30,122.23,122.23,119.8,120.67,728025
2022-11-11 00:00:00+05:30,121.3,122.32,119.99,120.23,416226
2022-11-14 00:00:00+05:30,120.53,121.84,120.33,121.5,584331
2022-11-15 00:00:00+05:30,121.59,122.81,121.25,122.32,538718
2022-11-16 00:00:00+05:30,122.95,127.81,122.52,126.16,5190407
2022-11-17 00:00:00+05:30,127.43,129.95,126.36,127.38,2801106
2022-11-18 00:00:00+05:30,127.57,127.72,125.48,126.55,785833
2022-11-21 00:00:00+05:30,126.5,127.33,125.77,126.41,713385
2022-11-22 00:00:00+05:30,126.55,131.61,125.92,130.78,3301788
2022-11-23 00:00:00+05:30,131.22,132.09,126.45,127.57,1226754
2022-11-24 00:00:00+05:30,127.57,128.4,126.07,126.55,525616
2022-11-25 00:00:00+05:30,126.45,130.24,126.45,126.89,899867
2022-11-28 00:00:00+05:30,128.59,128.74,126.02,126.31,637459
2022-11-29 00:00:00+05:30,126.94,127.28,124.66,125.14,578262
2022-11-30 00:00:00+05:30,125.77,128.69,125.43,127.81,956920
2022-12-01 00:00:00+05:30,128.25,128.64,126.26,126.55,531559
2022-12-02 00:00:00+05:30,127.72,127.72,125.58,125.97,439033
2022-12-05 00:00:00+05:30,126.65,127.81,125.87,126.36,535333
2022-12-06 00:00:00+05:30,126.94,127.09,124.8,125.0,376154
2022-12-07 00:00:00+05:30,125.0,126.7,123.93,124.8,599312
2022-12-08 00:00:00+05:30,125.77,128.3,124.66,127.52,878736
2022-12-09 00:00:00+05:30,129.08,132.97,113.24,127.04,3128487
2022-12-12 00:00:00+05:30,127.43,128.69,125.87,128.25,615921
2022-12-13 00:00:00+05:30,128.25,131.22,127.77,130.34,1182629
2022-12-14 00:00:00+05:30,130.34,131.7,128.16,129.18,794284
2022-12-15 00:00:00+05:30,129.22,129.71,126.41,126.89,687542
2022-12-16 00:00:00+05:30,126.41,128.11,125.0,125.73,528931
2022-12-19 00:00:00+05:30,125.92,126.65,124.7,125.0,279211
2022-12-20 00:00:00+05:30,125.34,126.11,123.78,125.09,362478
2022-12-21 00:00:00+05:30,126.55,126.55,120.14,121.11,779574
2022-12-22 00:00:00+05:30,121.5,122.37,116.54,117.95,789024
2022-12-23 00:00:00+05:30,117.66,117.95,112.55,113.48,703699
2022-12-26 00:00:00+05:30,113.48,117.22,112.75,116.54,527280
2022-12-27 00:00:00+05:30,117.71,119.46,116.83,118.48,421925
2022-12-28 00:00:00+05:30,119.31,121.3,117.71,120.77,511372
2022-12-29 00:00:00+05:30,121.01,121.5,119.07,120.67,388120
2022-12-30 00:00:00+05:30,121.5,121.89,119.31,119.7,422299
2023-01-02 00:00:00+05:30,119.46,122.91,118.53,121.64,739450
2023-01-03 00:00:00+05:30,122.71,122.95,121.25,122.18,305585
2023-01-04 00:00:00+05:30,122.71,124.36,119.16,123.44,1081226
2023-01-05 00:00:00+05:30,124.41,125.0,122.66,124.41,966917
2023-01-06 00:00:00+05:30,124.8,125.92,121.5,122.08,802721
2023-01-09 00:00:00+05:30,123.1,123.1,120.04,120.62,654300
2023-01-10 00:00:00+05:30,121.64,122.61,120.57,122.32,403128
2023-01-11 00:00:00+05:30,122.47,122.76,121.06,121.93,286397
2023-01-12 00:00:00+05:30,122.47,122.47,120.04,120.96,297838
2023-01-13 00:00:00+05:30,121.21,121.25,120.04,120.18,235582
2023-01-16 00:00:00+05:30,120.48,121.69,119.16,119.41,321983
2023-01-17 00:00:00+05:30,120.62,120.87,119.46,120.43,212160
2023-01-18 00:00:00+05:30,120.82,120.91,118.34,118.73,353549
2023-01-19 00:00:00+05:30,118.68,119.02,117.46,117.71,415622
2023-01-20 00:00:00+05:30,118.1,118.19,116.73,116.88,253042
2023-01-23 00:00:00+05:30,117.51,117.56,115.91,116.25,357642
2023-01-24 00:00:00+05:30,116.25,116.88,114.89,115.13,422792
2023-01-25 00:00:00+05:30,115.67,121.98,113.77,117.8,1127147
2023-01-27 00:00:00+05:30,117.8,119.07,115.86,116.1,540614
2023-01-30 00:00:00+05:30,116.2,116.83,114.45,115.08,350941
2023-01-31 00:00:00+05:30,114.74,115.62,114.26,114.55,696236
2023-02-01 00:00:00+05:30,115.18,117.03,113.48,114.84,725434
2023-02-02 00:00:00+05:30,115.18,116.3,114.21,115.03,438600
2023-02-03 00:00:00+05:30,115.57,116.15,112.75,113.24,568172
2023-02-06 00:00:00+05:30,113.92,115.52,111.0,114.94,384181
2023-02-07 00:00:00+05:30,115.47,116.35,113.53,116.05,548549
2023-02-08 00:00:00+05:30,116.64,117.56,115.13,116.59,341757
2023-02-09 00:00:00+05:30,116.59,116.93,115.91,116.35,212310
2023-02-10 00:00:00+05:30,116.05,117.37,115.67,115.91,351814
2023-02-13 00:00:00+05:30,116.54,117.12,115.86,116.64,211905
2023-02-14 00:00:00+05:30,116.64,117.85,113.72,115.57,407792
2023-02-15 00:00:00+05:30,116.15,117.32,115.08,116.01,323856
2023-02-16 00:00:00+05:30,117.07,118.1,116.05,116.93,654861
2023-02-17 00:00:00+05:30,116.88,118.34,115.71,117.66,1188293
2023-02-20 00:00:00+05:30,118.05,118.58,116.2,116.73,487683
2023-02-21 00:00:00+05:30,116.39,116.93,115.18,116.59,277799
2023-02-22 00:00:00+05:30,116.83,116.83,114.94,115.32,358255
2023-02-23 00:00:00+05:30,115.37,116.83,115.23,116.2,417829
2023-02-24 00:00:00+05:30,116.83,116.83,114.79,115.23,251825
2023-02-27 00:00:00+05:30,115.67,115.67,113.28,113.77,247057
2023-02-28 00:00:00+05:30,113.77,114.06,111.05,111.53,544764
2023-03-01 00:00:00+05:30,111.87,113.24,111.29,111.92,477108
2023-03-02 00:00:00+05:30,112.26,112.75,111.78,112.26,290905
2023-03-03 00:00:00+05:30,112.26,112.94,112.02,112.46,256300
2023-03-06 00:00:00+05:30,113.33,113.72,112.46,112.85,1614725
2023-03-08 00:00:00+05:30,112.75,113.04,112.26,112.85,403389
2023-03-09 00:00:00+05:30,112.9,113.58,111.87,112.36,345256
2023-03-10 00:00:00+05:30,112.55,112.65,110.47,110.81,574352
2023-03-13 00:00:00+05:30,110.9,111.39,108.57,109.25,570637
2023-03-14 00:00:00+05:30,109.44,109.64,107.5,108.08,393609
2023-03-15 00:00:00+05:30,108.86,109.1,107.89,107.99,291261
2023-03-16 00:00:00+05:30,107.99,109.74,107.99,108.57,729245
2023-03-17 00:00:00+05:30,109.78,109.78,106.43,107.11,1003324
2023-03-20 00:00:00+05:30,107.11,108.18,104.68,105.41,863314
2023-03-21 00:00:00+05:30,105.95,107.45,105.41,106.97,558558
2023-03-22 00:00:00+05:30,106.33,107.55,106.14,106.63,407279
2023-03-23 00:00:00+05:30,106.87,107.89,106.14,107.35,630912
2023-03-24 00:00:00+05:30,106.92,107.89,105.26,105.56,598264
2023-03-27 00:00:00+05:30,104.68,106.72,104.39,104.97,622339
2023-03-28 00:00:00+05:30,105.56,107.84,105.26,106.33,779098
2023-03-29 00:00:00+05:30,106.67,109.44,106.29,108.13,639951
2023-03-31 00:00:00+05:30,107.89,109.3,107.4,107.84,773212
2023-04-03 00:00:00+05:30,108.72,109.98,108.38,109.3,467945
2023-04-05 00:00:00+05:30,109.83,110.95,109.3,110.61,594931
2023-04-06 00:00:00+05:30,111.29,111.29,109.88,110.66,241293
2023-04-10 00:00:00+05:30,111.63,111.78,110.81,111.29,202171
2023-04-11 00:00:00+05:30,111.49,111.78,109.74,110.71,315788
2023-04-12 00:00:00+05:30,110.71,111.68,110.61,111.34,408130
2023-04-13 00:00:00+05:30,111.34,111.92,109.69,110.32,570927
2023-04-17 00:00:00+05:30,110.37,111.29,110.32,111.1,322784
2023-04-18 00:00:00+05:30,111.68,113.14,108.67,111.78,1631752
2023-04-19 00:00:00+05:30,112.07,114.06,111.78,113.62,1002757
2023-04-20 00:00:00+05:30,114.55,114.55,112.26,112.55,508240
2023-04-21 00:00:00+05:30,112.94,113.24,111.83,112.8,278723
2023-04-24 00:00:00+05:30,113.04,113.87,112.8,113.14,285501
2023-04-25 00:00:00+05:30,113.62,113.92,113.33,113.67,283197
2023-04-26 00:00:00+05:30,113.72,114.69,113.33,114.45,467977
2023-04-27 00:00:00+05:30,114.01,115.37,114.01,114.79,414360
2023-04-28 00:00:00+05:30,115.52,116.64,115.28,116.49,609417
2023-05-02 00:00:00+05:30,117.71,118.68,117.03,118.34,917056
2023-05-03 00:00:00+05:30,118.78,119.46,118.24,118.87,963929
2023-05-04 00:00:00+05:30,116.05,117.03,115.47,116.54,777549
2023-05-05 00:00:00+05:30,115.67,116.01,114.21,114.69,621401
2023-05-08 00:00:00+05:30,114.94,115.32,113.38,113.67,516416
2023-05-09 00:00:00+05:30,113.82,114.64,113.24,113.87,466434
2023-05-10 00:00:00+05:30,112.75,113.19,110.32,111.53,1029047
2023-05-11 00:00:00+05:30,111.68,113.04,111.63,112.46,522616
2023-05-12 00:00:00+05:30,113.24,113.24,111.39,111.68,507098
2023-05-15 00:00:00+05:30,111.78,111.92,110.32,111.1,417087
2023-05-16 00:00:00+05:30,111.1,111.78,110.9,111.19,385367
2023-05-17 00:00:00+05:30,111.73,111.73,110.32,110.71,444245
2023-05-18 00:00:00+05:30,111.19,111.39,109.35,109.78,545153
2023-05-19 00:00:00+05:30,110.42,110.42,108.67,109.49,502483
2023-05-22 00:00:00+05:30,109.83,109.98,109.15,109.74,325971
2023-05-23 00:00:00+05:30,109.83,110.03,109.15,109.78,381343
2023-05-24 00:00:00+05:30,109.78,110.61,109.44,109.78,375342
2023-05-25 00:00:00+05:30,110.47,110.47,109.35,109.74,454041
2023-05-26 00:00:00+05:30,110.32,111.29,110.03,110.66,755672
2023-05-29 00:00:00+05:30,110.81,111.49,110.81,110.95,386691
2023-05-30 00:00:00+05:30,110.95,111.53,110.37,110.51,354476
2023-05-31 00:00:00+05:30,109.98,110.71,108.86,109.15,684921
2023-06-01 00:00:00+05:30,109.35,110.81,109.35,110.61,406422
2023-06-02 00:00:00+05:30,110.61,111.78,110.42,111.49,733891
2023-06-05 00:00:00+05:30,111.78,112.75,110.9,111.34,602261
2023-06-06 00:00:00+05:30,111.34,111.78,110.37,110.66,321428
2023-06-07 00:00:00+05:30,111.29,111.63,110.27,110.42,695661
2023-06-08 00:00:00+05:30,111.05,111.05,109.88,110.27,758143
2023-06-09 00:00:00+05:30,110.61,110.76,109.35,109.69,717310
2023-06-12 00:00:00+05:30,110.81,113.72,110.42,112.85,2469578
2023-06-13 00:00:00+05:30,113.72,116.39,113.72,115.13,3666240
2023-06-14 00:00:00+05:30,115.18,116.44,114.6,115.91,981915
2023-06-15 00:00:00+05:30,115.42,117.75,115.42,116.3,1367086
2023-06-16 00:00:00+05:30,116.64,117.71,116.35,116.93,1363763
2023-06-19 00:00:00+05:30,118.48,119.07,116.64,118.44,1991006
2023-06-20 00:00:00+05:30,118.0,120.53,117.95,120.14,1913754
2023-06-21 00:00:00+05:30,121.89,122.95,120.82,122.08,2957290
2023-06-22 00:00:00+05:30,122.47,122.91,118.14,118.44,1214567
2023-06-23 00:00:00+05:30,119.07,119.46,116.15,116.98,752355
2023-06-26 00:00:00+05:30,117.75,118.34,115.96,117.51,530055
2023-06-27 00:00:00+05:30,117.61,118.82,117.46,118.19,396888
2023-06-28 00:00:00+05:30,118.82,119.16,117.46,118.53,445196
2023-06-30 00:00:00+05:30,118.58,119.12,116.64,117.41,919075
2023-07-03 00:00:00+05:30,118.53,120.09,117.75,119.07,782444
2023-07-04 00:00:00+05:30,118.97,121.21,117.32,120.09,1373836
2023-07-05 00:00:00+05:30,120.09,121.5,119.84,121.01,931051
2023-07-06 00:00:00+05:30,121.89,122.32,120.82,121.4,592252
2023-07-07 00:00:00+05:30,121.4,125.04,121.4,124.46,2408431
2023-07-10 00:00:00+05:30,125.19,126.45,121.55,122.61,1286560
2023-07-11 00:00:00+05:30,123.2,131.9,122.27,129.47,7497171
2023-07-12 00:00:00+05:30,130.63,133.79,129.66,130.34,2627408
2023-07-13 00:00:00+05:30,131.12,131.27,126.16,127.77,1405974
2023-07-14 00:00:00+05:30,129.32,129.56,127.47,128.25,518759
2023-07-17 00:00:00+05:30,128.88,130.05,127.13,127.72,643351
2023-07-18 00:00:00+05:30,127.72,128.35,125.34,126.26,857394
2023-07-19 00:00:00+05:30,126.94,131.12,125.38,128.3,1742736
2023-07-20 00:00:00+05:30,129.27,129.27,126.84,127.38,687295
2023-07-21 00:00:00+05:30,127.04,131.7,126.02,130.68,2128791
2023-07-24 00:00:00+05:30,132.14,133.11,130.78,131.22,1075759
2023-07-25 00:00:00+05:30,131.22,134.33,130.49,133.31,1672681
2023-07-26 00:00:00+05:30,134.13,142.3,132.48,140.94,6131045
2023-07-27 00:00:00+05:30,142.98,144.34,139.58,141.42,2809135
2023-07-28 00:00:00+05:30,141.91,148.23,139.58,143.27,4810264
2023-07-31 00:00:00+05:30,144.78,148.13,139.72,140.69,4426778
2023-08-01 00:00:00+05:30,140.94,143.46,139.96,140.35,2177439
2023-08-02 00:00:00+05:30,140.35,141.71,135.25,136.61,1991937
2023-08-03 00:00:00+05:30,136.08,138.75,135.59,137.24,1025194
2023-08-04 00:00:00+05:30,138.17,148.71,138.17,147.59,7241711
2023-08-07 00:00:00+05:30,149.39,150.27,145.6,148.08,2833018
2023-08-08 00:00:00+05:30,146.77,146.77,142.88,143.46,1938241
2023-08-09 00:00:00+05:30,143.76,151.43,142.2,148.27,6101471
2023-08-10 00:00:00+05:30,149.44,153.57,146.09,150.95,3472865
2023-08-11 00:00:00+05:30,151.58,151.58,146.77,147.35,1428278
2023-08-14 00:00:00+05:30,147.4,147.4,142.05,144.97,1241043
2023-08-16 00:00:00+05:30,143.37,146.72,142.3,143.61,1437021
2023-08-17 00:00:00+05:30,143.37,144.44,139.58,140.06,1417121
2023-08-18 00:00:00+05:30,140.5,143.85,140.3,142.44,1724238
2023-08-21 00:00:00+05:30,143.66,144.05,141.37,142.49,712090
2023-08-22 00:00:00+05:30,143.07,143.42,140.45,140.94,820356
2023-08-23 00:00:00+05:30,141.67,142.88,139.96,140.26,1218698
2023-08-24 00:00:00+05:30,140.55,141.47,137.53,137.83,1193370
2023-08-25 00:00:00+05:30,137.83,144.1,137.73,140.89,4445094
2023-08-28 00:00:00+05:30,142.1,142.83,139.67,140.01,867366
2023-08-29 00:00:00+05:30,140.89,140.94,138.46,139.14,1008873
2023-08-30 00:00:00+05:30,139.82,141.91,138.85,139.48,1198773
2023-08-31 00:00:00+05:30,139.92,142.39,138.41,140.69,1467236
2023-09-01 00:00:00+05:30,141.62,141.71,138.41,138.94,1114299
2023-09-04 00:00:00+05:30,138.99,140.79,138.85,139.33,1193267
2023-09-05 00:00:00+05:30,139.92,146.04,139.87,144.82,5464847
2023-09-06 00:00:00+05:30,146.38,155.61,145.8,150.85,13979258
2023-09-07 00:00:00+05:30,152.11,156.44,151.87,155.66,7006615
2023-09-08 00:00:00+05:30,157.46,157.46,151.14,152.07,3799940
2023-09-11 00:00:00+05:30,154.2,154.2,149.2,149.68,1945663
2023-09-12 00:00:00+05:30,150.66,150.95,141.76,143.42,3277337
2023-09-13 00:00:00+05:30,143.42,147.35,141.42,144.1,1797087
2023-09-14 00:00:00+05:30,147.21,147.21,142.54,143.51,1360659
2023-09-15 00:00:00+05:30,144.34,146.28,140.35,141.23,2717129
2023-09-18 00:00:00+05:30,142.25,143.71,140.64,143.27,1218162
2023-09-20 00:00:00+05:30,143.85,145.21,139.24,139.67,1892546
2023-09-21 00:00:00+05:30,139.77,141.57,135.59,136.76,1542167
2023-09-22 00:00:00+05:30,137.34,138.51,135.69,136.03,1334611
2023-09-25 00:00:00+05:30,136.08,138.12,133.55,134.04,1744462
2023-09-26 00:00:00+05:30,134.72,135.79,132.53,133.31,1609992
2023-09-27 00:00:00+05:30,134.57,134.76,132.67,134.47,1149382
2023-09-28 00:00:00+05:30,135.49,135.49,132.24,132.77,833052
2023-09-29 00:00:00+05:30,133.4,135.3,132.38,134.67,748082
2023-10-03 00:00:00+05:30,134.91,136.56,133.45,133.94,1968823
2023-10-04 00:00:00+05:30,134.33,135.93,132.38,133.16,1644145
2023-10-05 00:00:00+05:30,134.18,134.57,132.24,132.92,1018258
2023-10-06 00:00:00+05:30,133.16,136.47,132.77,134.04,2090412
2023-10-09 00:00:00+05:30,133.16,133.55,130.24,131.17,1144508
2023-10-10 00:00:00+05:30,131.51,134.72,131.51,134.04,803469
2023-10-11 00:00:00+05:30,135.1,137.24,134.18,134.52,1669848
2023-10-12 00:00:00+05:30,136.56,139.72,134.62,139.19,2362505
2023-10-13 00:00:00+05:30,139.19,145.99,138.6,143.17,7495602
2023-10-16 00:00:00+05:30,142.88,144.44,141.03,141.86,2014775
2023-10-17 00:00:00+05:30,142.64,144.39,140.45,140.74,1406194
2023-10-18 00:00:00+05:30,141.86,141.91,137.68,140.55,1557039
2023-10-19 00:00:00+05:30,138.99,140.94,138.99,140.6,617941
2023-10-20 00:00:00+05:30,140.6,141.71,138.51,138.9,545423
2023-10-23 00:00:00+05:30,138.9,139.58,133.26,134.08,1156659
2023-10-25 00:00:00+05:30,134.81,135.01,130.54,132.77,1322270
2023-10-26 00:00:00+05:30,131.22,132.19,129.95,131.46,939971
2023-10-27 00:00:00+05:30,132.19,134.28,131.95,133.4,461588
2023-10-30 00:00:00+05:30,133.36,136.85,133.16,135.3,970323
2023-10-31 00:00:00+05:30,135.1,136.66,131.65,132.33,907368
2023-11-01 00:00:00+05:30,133.65,134.08,130.49,130.93,805770
2023-11-02 00:00:00+05:30,131.51,132.87,130.73,131.12,645234
2023-11-03 00:00:00+05:30,131.8,132.24,129.76,130.15,1493962
2023-11-06 00:00:00+05:30,131.12,131.56,129.76,130.49,796520
2023-11-07 00:00:00+05:30,131.22,131.22,128.69,129.22,1305855
2023-11-08 00:00:00+05:30,130.24,133.36,129.86,132.04,1257369
2023-11-09 00:00:00+05:30,132.19,135.2,131.85,133.16,1130691
2023-11-10 00:00:00+05:30,132.38,134.28,132.19,132.82,711821
2023-11-12 00:00:00+05:30,133.94,134.62,131.7,133.55,272285
2023-11-13 00:00:00+05:30,133.5,133.5,130.34,130.49,1136973
2023-11-15 00:00:00+05:30,132.04,132.09,130.24,130.93,1062994
2023-11-16 00:00:00+05:30,131.65,131.8,129.52,130.2,1573181
2023-11-17 00:00:00+05:30,130.93,131.7,129.81,129.95,1641253
2023-11-20 00:00:00+05:30,130.63,131.22,129.47,130.68,1058612
2023-11-21 00:00:00+05:30,131.17,131.61,130.1,130.39,911011
2023-11-22 00:00:00+05:30,130.54,131.7,130.44,130.58,1112025
2023-11-23 00:00:00+05:30,131.22,135.49,130.83,132.82,2933590
2023-11-24 00:00:00+05:30,133.74,138.51,132.43,136.56,4865918
2023-11-28 00:00:00+05:30,137.92,139.53,136.08,136.71,3661271
2023-11-29 00:00:00+05:30,138.02,138.26,135.69,135.93,1341165
2023-11-30 00:00:00+05:30,136.08,137.05,133.89,134.33,1647992
2023-12-01 00:00:00+05:30,135.59,137.97,134.72,136.17,1913617
2023-12-04 00:00:00+05:30,138.8,139.43,137.19,138.02,1821626
2023-12-05 00:00:00+05:30,138.99,140.45,135.1,136.47,2586063
2023-12-06 00:00:00+05:30,137.1,138.46,136.13,136.47,1325350
2023-12-07 00:00:00+05:30,136.47,137.87,135.06,135.54,1603564
2023-12-08 00:00:00+05:30,136.22,137.24,135.1,136.51,1151168
2023-12-11 00:00:00+05:30,137.24,138.46,136.17,136.61,1479794
2023-12-12 00:00:00+05:30,138.07,138.07,134.42,134.91,1478309
2023-12-13 00:00:00+05:30,134.91,135.25,134.08,134.67,959505
2023-12-14 00:00:00+05:30,135.3,146.72,135.25,144.1,16472187
2023-12-15 00:00:00+05:30,145.55,148.03,140.99,141.96,6278155
2023-12-18 00:00:00+05:30,142.39,146.72,141.13,143.46,5110099
2023-12-19 00:00:00+05:30,144.63,150.27,143.85,148.18,12011999
2023-12-20 00:00:00+05:30,149.25,151.63,140.06,141.42,8394395
2023-12-21 00:00:00+05:30,140.94,147.89,139.48,147.45,5551321
2023-12-22 00:00:00+05:30,148.62,162.47,147.79,157.99,39554895
2023-12-26 00:00:00+05:30,160.28,180.79,159.6,177.43,49755772
2023-12-27 00:00:00+05:30,179.82,182.44,171.65,172.28,23457074
2023-12-28 00:00:00+05:30,173.98,183.51,173.21,174.91,21997511
2023-12-29 00:00:00+05:30,175.73,177.29,171.65,174.71,7607037
2024-01-01 00:00:00+05:30,174.71,190.9,173.64,186.33,28004549
2024-01-02 00:00:00+05:30,186.33,188.95,178.99,183.7,13613043
2024-01-03 00:00:00+05:30,184.58,187.2,181.52,184.0,7466454
2024-01-04 00:00:00+05:30,183.7,190.12,183.7,187.83,8817370
2024-01-05 00:00:00+05:30,188.66,188.66,181.27,182.97,6203212
2024-01-08 00:00:00+05:30,183.65,183.7,174.03,175.64,5227546
2024-01-09 00:00:00+05:30,178.11,180.25,172.53,175.1,6810193
2024-01-10 00:00:00+05:30,174.81,176.85,172.09,175.39,3726489
2024-01-11 00:00:00+05:30,176.66,178.11,174.08,174.96,2669205
2024-01-12 00:00:00+05:30,175.44,175.88,172.04,172.77,2078937
2024-01-15 00:00:00+05:30,173.84,174.96,171.21,172.62,2337026
2024-01-16 00:00:00+05:30,172.62,173.4,166.16,168.2,3749230
2024-01-17 00:00:00+05:30,166.21,167.62,162.56,163.24,4783019
2024-01-18 00:00:00+05:30,162.95,174.96,161.4,172.48,17216182
2024-01-19 00:00:00+05:30,173.98,177.14,172.57,173.79,5416799
2024-01-20 00:00:00+05:30,174.96,178.16,172.96,173.74,3625303
2024-01-23 00:00:00+05:30,174.03,174.76,165.04,167.03,3935730
2024-01-24 00:00:00+05:30,167.18,172.04,165.04,171.55,1945438
2024-01-25 00:00:00+05:30,173.45,173.45,169.61,170.19,1775150
2024-01-29 00:00:00+05:30,170.39,185.65,168.39,183.95,16622108
2024-01-30 00:00:00+05:30,186.38,192.26,184.0,186.23,14430295
2024-01-31 00:00:00+05:30,187.59,192.35,185.26,191.19,7640591
2024-02-01 00:00:00+05:30,192.11,193.81,181.76,184.24,5036128
2024-02-02 00:00:00+05:30,191.24,202.27,190.02,192.84,28691987
2024-02-05 00:00:00+05:30,198.77,201.64,189.83,192.55,9370696
2024-02-06 00:00:00+05:30,194.1,200.23,190.46,196.83,8433036
2024-02-07 00:00:00+05:30,197.31,197.94,192.01,192.79,3466562
2024-02-08 00:00:00+05:30,193.76,195.8,190.51,191.58,3180026
2024-02-09 00:00:00+05:30,192.79,200.23,186.23,195.95,11761656
2024-02-12 00:00:00+05:30,197.31,199.55,186.77,188.27,5478947
2024-02-13 00:00:00+05:30,189.34,189.78,181.32,185.65,4723642
2024-02-14 00:00:00+05:30,183.7,192.45,181.91,191.58,2809365
2024-02-15 00:00:00+05:30,192.94,198.09,192.01,193.18,4679723
2024-02-16 00:00:00+05:30,194.4,207.52,194.06,201.88,22037786
2024-02-19 00:00:00+05:30,202.95,207.81,200.32,206.74,8254641
2024-02-20 00:00:00+05:30,206.5,206.5,200.32,201.3,4258958
2024-02-21 00:00:00+05:30,202.61,204.02,195.08,196.29,3977613
2024-02-22 00:00:00+05:30,197.36,200.42,193.42,198.96,4750319
2024-02-23 00:00:00+05:30,198.19,199.64,195.95,198.57,3359438
2024-02-26 00:00:00+05:30,198.28,198.77,192.21,192.89,2870523
2024-02-27 00:00:00+05:30,193.67,202.41,193.67,199.45,6921855
2024-02-28 00:00:00+05:30,200.86,202.66,189.58,191.58,5015855
2024-02-29 00:00:00+05:30,191.82,205.09,189.44,202.56,8294116
2024-03-01 00:00:00+05:30,204.89,210.72,204.07,207.66,11655383
2024-03-02 00:00:00+05:30,208.0,209.66,207.71,208.25,540832
2024-03-04 00:00:00+05:30,209.27,209.36,203.34,205.82,4950508
2024-03-05 00:00:00+05:30,206.06,213.45,205.91,209.17,6598657
2024-03-06 00:00:00+05:30,208.88,208.97,201.2,204.26,4204409
2024-03-07 00:00:00+05:30,204.36,205.52,202.32,203.63,1879889
2024-03-11 00:00:00+05:30,203.63,204.31,195.37,196.29,3482834
2024-03-12 00:00:00+05:30,200.13,207.91,195.56,198.28,9987949
2024-03-13 00:00:00+05:30,199.26,201.78,183.95,186.18,6531109
2024-03-14 00:00:00+05:30,186.13,197.02,180.84,194.1,5909761
2024-03-15 00:00:00+05:30,193.37,197.02,187.64,191.63,3891138
2024-03-18 00:00:00+05:30,193.52,196.53,192.31,195.27,3219055
2024-03-19 00:00:00+05:30,194.88,195.27,190.12,190.9,2776015
2024-03-20 00:00:00+05:30,191.48,192.6,187.11,190.22,3000847
2024-03-21 00:00:00+05:30,190.51,190.51,186.72,188.22,2739059
2024-03-22 00:00:00+05:30,187.59,188.08,185.65,186.13,2228299
2024-03-26 00:00:00+05:30,186.04,186.04,180.88,181.52,2769845
2024-03-27 00:00:00+05:30,181.76,187.2,181.76,184.43,3802696
2024-03-28 00:00:00+05:30,184.92,185.74,180.01,180.74,2970499
2024-04-01 00:00:00+05:30,181.76,197.94,181.76,195.76,7353370
2024-04-02 00:00:00+05:30,197.31,206.01,195.37,205.33,10615824
2024-04-03 00:00:00+05:30,204.07,208.93,201.98,203.34,5122127
2024-04-04 00:00:00+05:30,204.6,206.64,200.47,203.19,2473877
2024-04-05 00:00:00+05:30,203.58,206.89,201.0,203.29,3501076
2024-04-08 00:00:00+05:30,204.5,206.01,200.23,201.69,2274752
2024-04-09 00:00:00+05:30,202.71,220.44,201.73,217.14,31474190
2024-04-10 00:00:00+05:30,217.63,223.94,212.86,214.27,10091680
2024-04-12 00:00:00+05:30,213.3,222.83,211.4,217.19,9096371
2024-04-15 00:00:00+05:30,211.4,211.99,204.11,204.89,6493823
2024-04-16 00:00:00+05:30,205.09,211.99,204.89,205.33,5022275
2024-04-18 00:00:00+05:30,207.03,209.66,200.86,202.56,3492157
2024-04-19 00:00:00+05:30,199.26,206.01,194.49,201.73,4393356
2024-04-22 00:00:00+05:30,203.73,207.86,201.1,202.32,2627366
2024-04-23 00:00:00+05:30,204.11,205.82,201.54,202.51,2558580
2024-04-24 00:00:00+05:30,204.5,209.95,203.58,206.45,4081667
2024-04-25 00:00:00+05:30,207.03,207.81,204.11,205.43,2129055
2024-04-26 00:00:00+05:30,207.61,209.56,204.7,206.74,2897471
2024-04-29 00:00:00+05:30,208.78,209.66,204.36,206.16,2298540
2024-04-30 00:00:00+05:30,207.71,207.71,203.53,204.99,2149125
2024-05-02 00:00:00+05:30,202.27,205.28,195.9,196.44,6076118
2024-05-03 00:00:00+05:30,198.28,198.33,189.15,190.9,6275448
2024-05-06 00:00:00+05:30,192.84,195.37,185.65,194.35,4327056
2024-05-07 00:00:00+05:30,195.17,195.22,187.11,188.13,3432644
2024-05-08 00:00:00+05:30,188.51,190.99,187.11,189.39,1668632
2024-05-09 00:00:00+05:30,189.34,190.02,180.93,182.1,2523744
2024-05-10 00:00:00+05:30,183.22,194.3,182.93,186.04,10979522
2024-05-13 00:00:00+05:30,186.33,187.2,180.79,184.09,2994520
2024-05-14 00:00:00+05:30,185.65,186.77,182.44,184.34,2627299
2024-05-15 00:00:00+05:30,185.6,188.42,183.27,183.85,1979587
2024-05-16 00:00:00+05:30,185.6,188.37,184.19,184.97,1962630
2024-05-17 00:00:00+05:30,186.04,189.92,184.92,188.27,2328866
2024-05-18 00:00:00+05:30,188.76,190.51,188.27,189.58,509534
2024-05-21 00:00:00+05:30,189.97,191.53,187.59,188.37,1849805
2024-05-22 00:00:00+05:30,188.81,189.73,185.74,187.2,1435445
2024-05-23 00:00:00+05:30,187.79,190.22,186.42,188.32,1918987
2024-05-24 00:00:00+05:30,189.0,192.45,186.52,187.64,2854183
2024-05-27 00:00:00+05:30,188.08,188.56,184.19,184.38,2170344
2024-05-28 00:00:00+05:30,185.21,186.28,181.66,181.95,1589723
2024-05-29 00:00:00+05:30,181.91,185.02,180.88,182.05,1333060
2024-05-30 00:00:00+05:30,182.0,183.7,180.25,182.49,1367208
2024-05-31 00:00:00+05:30,182.93,191.53,181.76,189.58,4047297
2024-06-03 00:00:00+05:30,194.4,195.03,185.89,186.67,3738087
2024-06-04 00:00:00+05:30,187.35,187.59,162.37,175.59,3817455
2024-06-05 00:00:00+05:30,176.9,183.7,173.59,181.42,2016510
2024-06-06 00:00:00+05:30,183.27,186.62,181.81,182.78,2767627
2024-06-07 00:00:00+05:30,184.14,191.77,183.17,189.49,3914877
2024-06-10 00:00:00+05:30,191.47,199.73,190.13,196.37,7817870
2024-06-11 00:00:00+05:30,196.37,198.57,193.53,194.44,2555176
2024-06-12 00:00:00+05:30,196.0,203.3,195.38,199.26,7229667
2024-06-13 00:00:00+05:30,201.1,201.2,196.34,196.83,2466847
2024-06-14 00:00:00+05:30,198.09,200.86,196.45,198.22,3189203
2024-06-18 00:00:00+05:30,199.74,200.12,196.34,197.03,2481319
2024-06-19 00:00:00+05:30,197.79,202.74,197.32,199.13,5634105
2024-06-20 00:00:00+05:30,200.1,206.06,199.26,204.8,8841830
2024-06-21 00:00:00+05:30,206.74,208.29,202.57,204.74,5644052
2024-06-24 00:00:00+05:30,203.74,208.59,201.69,206.31,5115276
2024-06-25 00:00:00+05:30,207.71,208.29,200.71,201.61,2521710
2024-06-26 00:00:00+05:30,201.64,205.08,197.98,199.71,3014187
2024-06-27 00:00:00+05:30,198.96,203.87,195.37,196.73,3449767
2024-06-28 00:00:00+05:30,196.97,201.56,194.2,194.99,3039711
2024-07-01 00:00:00+05:30,196.83,211.89,196.35,210.9,19816582
2024-07-02 00:00:00+05:30,211.89,214.9,205.87,208.18,9958129
2024-07-03 00:00:00+05:30,210.24,244.94,208.62,236.36,111269271
2024-07-04 00:00:00+05:30,236.19,248.29,234.49,244.21,58488893
2024-07-05 00:00:00+05:30,242.99,252.71,240.12,246.9,33053968
2024-07-08 00:00:00+05:30,246.9,250.77,242.47,244.74,8528643
2024-07-09 00:00:00+05:30,246.4,252.91,241.1,243.38,11414474
2024-07-10 00:00:00+05:30,244.74,248.73,232.79,244.56,12478875
2024-07-11 00:00:00+05:30,245.91,250.58,241.24,242.63,10909258
2024-07-12 00:00:00+05:30,243.82,249.7,242.36,244.53,7780198
2024-07-15 00:00:00+05:30,245.88,262.38,242.35,259.83,24782327
2024-07-16 00:00:00+05:30,263.41,269.91,259.04,263.03,21064502
2024-07-18 00:00:00+05:30,262.43,263.21,251.96,253.51,9879482
2024-07-19 00:00:00+05:30,252.52,252.52,238.52,240.02,8389677
2024-07-22 00:00:00+05:30,238.03,247.12,234.65,243.21,5891371
2024-07-23 00:00:00+05:30,244.74,245.18,225.12,239.69,5840912
2024-07-24 00:00:00+05:30,239.68,267.1,238.4,262.97,28575793
2024-07-25 00:00:00+05:30,259.52,268.75,257.94,263.35,15764572
2024-07-26 00:00:00+05:30,264.86,271.04,257.14,258.56,7873436
2024-07-29 00:00:00+05:30,260.73,264.38,257.97,260.78,8663689
2024-07-30 00:00:00+05:30,261.46,271.96,259.04,263.59,12742347
2024-07-31 00:00:00+05:30,262.43,262.43,253.69,254.79,7506607
2024-08-01 00:00:00+05:30,255.73,259.23,247.85,248.53,4433011
2024-08-02 00:00:00+05:30,243.19,259.37,243.19,252.81,10874067
2024-08-05 00:00:00+05:30,245.28,249.7,238.04,240.18,7783133
2024-08-06 00:00:00+05:30,243.72,249.75,233.27,235.07,6972431
2024-08-07 00:00:00+05:30,239.11,251.26,239.06,248.68,10279918
2024-08-08 00:00:00+05:30,247.66,252.23,244.35,248.39,6078049
2024-08-09 00:00:00+05:30,250.77,255.48,248.39,249.07,4229738
2024-08-12 00:00:00+05:30,247.95,255.63,245.91,247.95,4997906
2024-08-13 00:00:00+05:30,249.65,251.16,242.07,243.29,2685964
2024-08-14 00:00:00+05:30,243.92,245.42,237.16,238.57,2831378
2024-08-16 00:00:00+05:30,241.05,246.49,240.37,245.23,4276339
2024-08-19 00:00:00+05:30,245.62,249.51,245.04,246.3,2731528
2024-08-20 00:00:00+05:30,246.88,248.83,242.85,243.67,2183472
2024-08-21 00:00:00+05:30,243.72,266.71,243.72,260.98,31273856
2024-08-22 00:00:00+05:30,261.46,267.63,258.84,263.26,8979363
2024-08-23 00:00:00+05:30,263.7,268.27,258.11,258.84,5324870
2024-08-26 00:00:00+05:30,260.1,260.73,254.9,256.02,2968353
2024-08-27 00:00:00+05:30,256.02,276.43,255.68,267.15,36546855
2024-08-28 00:00:00+05:30,268.75,273.95,263.89,266.56,11116922
2024-08-29 00:00:00+05:30,266.32,266.52,257.91,258.74,5201565
2024-08-30 00:00:00+05:30,260.0,260.98,255.14,257.33,5114577
2024-09-02 00:00:00+05:30,257.87,258.06,253.25,255.39,3910841
2024-09-03 00:00:00+05:30,255.58,266.81,255.58,260.98,12445079
2024-09-04 00:00:00+05:30,259.52,270.99,258.01,264.33,15590515
2024-09-05 00:00:00+05:30,265.64,268.56,258.64,260.25,4950588
2024-09-06 00:00:00+05:30,261.46,269.04,255.58,256.6,5561011
2024-09-09 00:00:00+05:30,257.28,257.57,243.97,249.02,5097619
2024-09-10 00:00:00+05:30,251.94,259.18,250.19,252.62,5343526
2024-09-11 00:00:00+05:30,253.44,255.14,246.83,248.78,2759029
2024-09-12 00:00:00+05:30,251.5,256.07,249.51,253.2,4147117
2024-09-13 00:00:00+05:30,254.66,255.14,250.77,251.69,2226476
2024-09-16 00:00:00+05:30,252.71,253.44,248.34,250.24,1973359
2024-09-17 00:00:00+05:30,249.26,252.57,245.72,247.51,2512508
2024-09-18 00:00:00+05:30,246.88,249.51,244.45,245.04,1794350
2024-09-19 00:00:00+05:30,246.88,249.17,235.8,239.93,4026963
2024-09-20 00:00:00+05:30,241.92,246.88,241.15,243.04,3168566
2024-09-23 00:00:00+05:30,244.94,247.47,243.04,244.99,2019395
2024-09-24 00:00:00+05:30,244.89,249.6,242.12,242.95,3133536
2024-09-25 00:00:00+05:30,241.73,244.79,239.11,240.13,1744279
2024-09-26 00:00:00+05:30,240.08,244.74,236.72,238.18,2901510
2024-09-27 00:00:00+05:30,238.43,243.77,236.68,237.41,2615274
2024-09-30 00:00:00+05:30,235.95,239.54,234.59,238.91,2070271
2024-10-01 00:00:00+05:30,239.11,240.54,236.67,237.72,1416524
2024-10-03 00:00:00+05:30,234.9,237.04,226.87,229.17,3837420
2024-10-04 00:00:00+05:30,228.51,231.43,221.19,222.07,5309170
2024-10-07 00:00:00+05:30,223.94,225.96,213.36,214.59,3360226
2024-10-08 00:00:00+05:30,214.55,219.86,212.25,217.58,7153258
2024-10-09 00:00:00+05:30,221.03,225.69,220.14,223.76,3198838
2024-10-10 00:00:00+05:30,225.26,226.07,220.15,221.72,2163826
2024-10-11 00:00:00+05:30,221.66,224.92,218.94,221.44,2092533
2024-10-14 00:00:00+05:30,221.99,226.06,220.4,221.0,2404882
2024-10-15 00:00:00+05:30,222.58,224.41,221.14,223.6,1290775
2024-10-16 00:00:00+05:30,222.58,223.35,216.03,217.44,6269207
2024-10-17 00:00:00+05:30,218.58,219.42,213.79,214.64,1790643
2024-10-18 00:00:00+05:30,213.83,217.48,210.2,216.0,2168930
2024-10-21 00:00:00+05:30,217.41,217.41,209.95,210.91,1982519
2024-10-22 00:00:00+05:30,210.88,211.44,199.79,200.87,3196745
2024-10-23 00:00:00+05:30,199.26,207.8,196.34,205.33,2975045
2024-10-24 00:00:00+05:30,206.52,206.52,200.08,201.64,1889574
2024-10-25 00:00:00+05:30,201.2,203.14,196.39,198.8,2864924
2024-10-28 00:00:00+05:30,200.71,204.19,194.83,201.01,2351996
2024-10-29 00:00:00+05:30,201.42,206.06,199.64,203.64,2489588
2024-10-30 00:00:00+05:30,205.09,208.97,202.97,207.69,2353160
2024-10-31 00:00:00+05:30,205.09,206.72,202.85,204.43,2058316
2024-11-01 00:00:00+05:30,206.06,209.26,206.06,208.18,498580
2024-11-04 00:00:00+05:30,209.81,209.92,200.37,200.85,2206672
2024-11-05 00:00:00+05:30,198.73,201.98,195.76,200.74,3510652
2024-11-06 00:00:00+05:30,202.14,212.28,201.61,211.58,3739743
2024-11-07 00:00:00+05:30,212.37,213.3,204.36,205.22,3322235
2024-11-08 00:00:00+05:30,206.01,206.3,199.98,201.01,1958614
2024-11-11 00:00:00+05:30,200.25,202.81,197.6,198.9,1638494
2024-11-12 00:00:00+05:30,199.45,200.12,193.06,194.25,2111211
2024-11-13 00:00:00+05:30,191.49,193.85,184.29,184.95,3191152
2024-11-14 00:00:00+05:30,185.79,190.4,183.64,185.07,3337322
2024-11-18 00:00:00+05:30,186.09,187.92,182.01,184.22,2518456
2024-11-19 00:00:00+05:30,186.08,188.82,183.67,184.8,1841083
2024-11-21 00:00:00+05:30,184.8,185.39,179.88,181.02,2077432
2024-11-22 00:00:00+05:30,182.95,195.17,181.76,193.11,12043485
2024-11-25 00:00:00+05:30,196.24,198.29,186.63,187.69,4245312
2024-11-26 00:00:00+05:30,189.44,192.84,188.38,191.37,2221968
2024-11-27 00:00:00+05:30,191.97,193.42,190.19,192.93,1641177
2024-11-28 00:00:00+05:30,194.3,198.28,192.06,193.09,2181430
2024-11-29 00:00:00+05:30,194.2,196.56,191.28,195.1,1844038
2024-12-02 00:00:00+05:30,194.37,210.92,193.62,209.22,19439025
2024-12-03 00:00:00+05:30,209.85,212.09,204.7,206.36,7580891
2024-12-04 00:00:00+05:30,206.54,206.73,201.0,201.73,5651286
2024-12-05 00:00:00+05:30,202.85,215.49,202.54,213.51,22643514
2024-12-06 00:00:00+05:30,212.77,217.43,210.63,216.14,6463426
2024-12-09 00:00:00+05:30,216.36,218.6,214.03,216.54,3905028
2024-12-10 00:00:00+05:30,217.33,217.33,210.04,211.16,3016929
2024-12-11 00:00:00+05:30,211.16,212.86,208.01,208.51,3007589
2024-12-12 00:00:00+05:30,208.97,208.98,203.01,203.76,2251257
2024-12-13 00:00:00+05:30,203.13,207.4,199.79,205.07,3897730
2024-12-16 00:00:00+05:30,205.24,207.02,202.17,202.6,1757899
2024-12-17 00:00:00+05:30,203.13,204.38,200.39,200.99,1804304
2024-12-18 00:00:00+05:30,200.71,200.99,195.85,196.35,2125891
2024-12-19 00:00:00+05:30,192.45,199.94,192.26,197.43,2722263
2024-12-20 00:00:00+05:30,198.28,199.25,193.42,195.02,2456339
2024-12-23 00:00:00+05:30,196.34,197.18,189.39,190.61,2103064
2024-12-24 00:00:00+05:30,192.34,196.71,191.49,192.73,1908859
2024-12-26 00:00:00+05:30,194.01,194.01,190.7,191.27,936739
2024-12-27 00:00:00+05:30,192.45,194.1,189.35,190.16,1232841
2024-12-30 00:00:00+05:30,190.47,192.15,184.82,187.39,1636235
2024-12-31 00:00:00+05:30,186.61,192.89,185.79,191.89,1811039
2025-01-01 00:00:00+05:30,193.18,200.98,191.35,198.01,6197651
2025-01-02 00:00:00+05:30,198.77,198.91,194.67,197.55,1421923
2025-01-03 00:00:00+05:30,197.6,199.64,195.66,196.49,2614425
2025-01-06 00:00:00+05:30,196.34,197.12,188.05,189.44,2969943
2025-01-07 00:00:00+05:30,189.54,191.33,188.74,190.34,1491021
2025-01-08 00:00:00+05:30,192.55,198.77,191.07,195.4,7076250
2025-01-09 00:00:00+05:30,195.32,197.26,191.72,192.78,1804622
2025-01-10 00:00:00+05:30,192.94,192.94,182.93,184.92,2621364
2025-01-13 00:00:00+05:30,179.82,181.85,173.06,174.66,3171386
2025-01-14 00:00:00+05:30,174.14,179.63,174.14,177.65,2028486
2025-01-15 00:00:00+05:30,178.84,179.91,175.06,177.59,1611879
2025-01-16 00:00:00+05:30,178.92,181.28,178.46,178.83,1750818
2025-01-17 00:00:00+05:30,178.75,182.78,177.48,179.69,2034064
2025-01-20 00:00:00+05:30,181.27,182.14,178.99,180.98,1793910
2025-01-21 00:00:00+05:30,181.27,184.66,176.9,177.51,1928557
2025-01-22 00:00:00+05:30,178.06,178.68,170.78,173.43,1901642
2025-01-23 00:00:00+05:30,174.35,177.38,173.06,174.22,1501691
2025-01-24 00:00:00+05:30,174.96,177.0,169.12,169.99,1603263
2025-01-27 00:00:00+05:30,169.12,169.12,162.42,164.79,2707018
2025-01-28 00:00:00+05:30,167.18,167.75,158.04,164.57,3056887
2025-01-29 00:00:00+05:30,166.11,171.31,165.24,170.57,1712653
2025-01-30 00:00:00+05:30,170.99,172.82,169.2,170.03,1256544
2025-01-31 00:00:00+05:30,170.48,174.23,169.46,172.41,2593673
2025-02-01 00:00:00+05:30,171.06,177.06,164.82,172.65,1677748
2025-02-03 00:00:00+05:30,172.04,174.18,167.89,171.52,1935454
2025-02-04 00:00:00+05:30,183.9,188.26,178.6,182.62,24281393
2025-02-05 00:00:00+05:30,182.59,195.36,182.15,188.6,18059415
2025-02-06 00:00:00+05:30,190.22,208.97,188.51,204.21,41149277
2025-02-07 00:00:00+05:30,205.67,207.76,200.47,203.92,17731571
2025-02-10 00:00:00+05:30,202.88,209.46,201.12,204.56,17945555
2025-02-11 00:00:00+05:30,204.6,207.75,200.32,201.62,8737980
2025-02-12 00:00:00+05:30,202.66,205.09,198.14,201.34,9610000
2025-02-13 00:00:00+05:30,202.95,207.45,200.29,201.02,11161485
2025-02-14 00:00:00+05:30,202.56,202.85,189.24,191.09,5229498
2025-02-17 00:00:00+05:30,189.62,203.63,188.56,202.29,9074421
2025-02-18 00:00:00+05:30,202.29,203.51,199.26,201.73,4846491
2025-02-19 00:00:00+05:30,201.0,205.82,199.75,201.86,4088339
2025-02-20 00:00:00+05:30,201.4,209.94,201.11,207.96,8971646
2025-02-21 00:00:00+05:30,207.91,212.27,206.64,209.38,6079188
2025-02-24 00:00:00+05:30,207.95,209.24,204.99,208.46,2951632
2025-02-25 00:00:00+05:30,208.97,212.45,208.54,211.23,4201668
2025-02-27 00:00:00+05:30,213.83,215.68,210.73,212.35,5889216
2025-02-28 00:00:00+05:30,211.89,212.75,204.71,206.67,7794409
2025-03-03 00:00:00+05:30,207.52,212.86,205.1,211.25,5459323
2025-03-04 00:00:00+05:30,209.95,217.82,208.1,215.82,8329827
2025-03-05 00:00:00+05:30,215.81,217.76,214.53,216.1,4543643
2025-03-06 00:00:00+05:30,225.5,244.89,221.93,238.99,73958588
2025-03-07 00:00:00+05:30,238.13,240.64,231.91,233.93,12884050
2025-03-10 00:00:00+05:30,233.25,235.85,220.89,228.23,10701261
2025-03-11 00:00:00+05:30,224.53,236.04,223.55,234.61,11450565
2025-03-12 00:00:00+05:30,237.14,237.31,229.55,233.2,7181341
2025-03-13 00:00:00+05:30,234.25,234.88,222.63,224.6,8016854
2025-03-17 00:00:00+05:30,227.35,230.36,222.78,229.41,6810728
2025-03-18 00:00:00+05:30,222.59,223.44,214.0,215.81,10765125
2025-03-19 00:00:00+05:30,215.95,217.89,211.89,212.65,6622485
2025-03-20 00:00:00+05:30,213.83,217.92,209.07,210.33,7033802
2025-03-21 00:00:00+05:30,210.92,213.74,209.36,211.38,4533876
2025-03-24 00:00:00+05:30,211.89,215.58,211.71,213.14,3668627
2025-03-25 00:00:00+05:30,214.22,214.51,201.64,202.65,5807126
2025-03-26 00:00:00+05:30,204.11,204.3,199.09,199.92,3227539
2025-03-27 00:00:00+05:30,199.74,204.17,199.16,203.11,4774883
2025-03-28 00:00:00+05:30,204.93,206.74,194.59,197.27,3506121
2025-04-01 00:00:00+05:30,197.12,202.66,195.87,201.06,3596394
2025-04-02 00:00:00+05:30,201.88,202.56,193.62,197.11,5188203
2025-04-03 00:00:00+05:30,194.85,196.72,191.87,195.31,5253480
2025-04-04 00:00:00+05:30,195.37,202.95,194.85,197.58,23667233
2025-04-07 00:00:00+05:30,183.95,197.31,181.04,193.01,7135995
2025-04-08 00:00:00+05:30,196.98,198.13,186.4,188.1,7747778
2025-04-09 00:00:00+05:30,188.16,192.84,186.62,190.66,5642328
2025-04-11 00:00:00+05:30,195.35,195.35,192.12,193.74,2613958
2025-04-15 00:00:00+05:30,195.68,198.99,194.87,198.19,3447736
2025-04-16 00:00:00+05:30,198.19,201.59,197.69,200.26,2769769
2025-04-17 00:00:00+05:30,198.48,199.65,195.32,196.46,3511484
2025-04-21 00:00:00+05:30,197.55,200.74,196.5,200.27,2231562
2025-04-22 00:00:00+05:30,200.98,204.89,198.65,202.43,3737014
2025-04-23 00:00:00+05:30,203.14,204.27,199.35,202.61,2188028
2025-04-24 00:00:00+05:30,202.17,205.23,201.0,202.82,3024173
2025-04-25 00:00:00+05:30,202.82,203.68,195.37,197.29,2695544
2025-04-28 00:00:00+05:30,197.21,204.89,194.4,203.64,5147491
2025-04-29 00:00:00+05:30,203.06,203.06,196.95,197.52,4227532
2025-04-30 00:00:00+05:30,198.28,198.28,190.99,192.19,2452075
2025-05-02 00:00:00+05:30,192.01,195.11,190.52,193.57,2727446
2025-05-05 00:00:00+05:30,194.47,200.01,193.91,198.24,3016667
2025-05-06 00:00:00+05:30,199.21,199.21,192.74,194.19,3697222
2025-05-07 00:00:00+05:30,191.48,193.89,190.83,193.16,1654920
2025-05-08 00:00:00+05:30,195.12,197.02,192.65,193.38,1899031
2025-05-09 00:00:00+05:30,187.73,194.69,187.73,194.24,2517845
2025-05-12 00:00:00+05:30,198.28,199.84,197.31,198.56,2271941
2025-05-13 00:00:00+05:30,198.95,200.81,197.66,199.39,1745977
2025-05-14 00:00:00+05:30,199.84,201.98,199.84,200.52,1331554
2025-05-15 00:00:00+05:30,200.52,204.6,198.62,202.12,3455793
2025-05-16 00:00:00+05:30,202.65,207.51,201.94,205.38,3220424
2025-05-19 00:00:00+05:30,205.57,208.1,204.36,204.92,1876959
2025-05-20 00:00:00+05:30,205.23,206.54,200.32,201.57,1637928
2025-05-21 00:00:00+05:30,201.57,204.55,199.75,202.86,1355845
2025-05-22 00:00:00+05:30,203.05,205.07,201.2,203.44,1770658
2025-05-23 00:00:00+05:30,204.47,204.84,201.69,202.33,819776
2025-05-26 00:00:00+05:30,202.17,204.06,201.3,202.12,1128206
2025-05-27 00:00:00+05:30,202.12,203.6,200.72,201.16,995880
2025-05-28 00:00:00+05:30,201.69,202.31,200.38,200.75,842226
2025-05-29 00:00:00+05:30,202.85,214.21,202.66,212.12,25739720
2025-05-30 00:00:00+05:30,213.06,213.74,208.61,210.16,3478039
2025-06-02 00:00:00+05:30,211.31,212.86,208.6,210.09,2698925
2025-06-03 00:00:00+05:30,210.09,217.24,209.95,211.38,6920488
2025-06-04 00:00:00+05:30,211.87,213.35,210.04,211.29,1895090
2025-06-05 00:00:00+05:30,212.03,215.78,210.92,212.77,3188664
2025-06-06 00:00:00+05:30,213.15,213.35,209.67,210.77,1407422
2025-06-09 00:00:00+05:30,211.89,215.39,210.54,214.25,2303916
2025-06-10 00:00:00+05:30,215.77,219.53,215.0,216.88,4872224
2025-06-11 00:00:00+05:30,217.19,217.4,210.05,213.5,3105195
2025-06-12 00:00:00+05:30,212.49,215.8,207.77,208.92,1706058
2025-06-13 00:00:00+05:30,203.14,207.7,202.25,205.78,2177561
2025-06-16 00:00:00+05:30,205.72,208.44,201.29,206.69,1797111
2025-06-17 00:00:00+05:30,207.98,208.39,203.58,204.87,1010450
2025-06-18 00:00:00+05:30,203.74,205.92,201.59,202.19,1171409
2025-06-19 00:00:00+05:30,202.18,203.53,198.43,199.8,1349642
2025-06-20 00:00:00+05:30,199.22,202.23,198.72,201.47,845251
2025-06-23 00:00:00+05:30,198.67,203.59,197.46,201.81,1257730
2025-06-24 00:00:00+05:30,204.83,207.22,203.59,204.03,1277556
2025-06-25 00:00:00+05:30,204.6,206.94,204.6,205.38,791078
2025-06-26 00:00:00+05:30,208.05,209.9,206.31,208.19,2060482
2025-06-27 00:00:00+05:30,208.97,212.28,207.51,210.94,2659256
2025-06-30 00:00:00+05:30,213.01,217.82,210.58,215.52,4224659
2025-07-01 00:00:00+05:30,215.89,222.83,215.35,218.41,10016228
2025-07-02 00:00:00+05:30,219.37,220.83,214.22,219.41,3822002
2025-07-03 00:00:00+05:30,219.67,219.67,214.82,215.74,2086815
2025-07-04 00:00:00+05:30,215.78,217.82,212.86,214.67,1606114
2025-07-07 00:00:00+05:30,214.35,217.92,213.77,216.05,1618976
2025-07-08 00:00:00+05:30,216.05,219.17,211.03,211.87,2066355
2025-07-09 00:00:00+05:30,212.86,217.33,212.38,216.99,2517357
2025-07-10 00:00:00+05:30,217.12,217.46,213.45,214.73,1220577
2025-07-11 00:00:00+05:30,214.54,217.02,212.91,213.73,1310320
2025-07-14 00:00:00+05:30,218.21,225.92,215.78,216.55,24882915
2025-07-15 00:00:00+05:30,217.67,220.0,217.37,219.23,2057654
2025-07-16 00:00:00+05:30,219.23,220.03,215.21,217.2,1584599
2025-07-17 00:00:00+05:30,216.75,219.07,216.57,217.4,1199328
2025-07-18 00:00:00+05:30,217.24,218.09,212.84,215.29,1578061
2025-07-21 00:00:00+05:30,214.81,215.54,212.78,213.67,989567
2025-07-22 00:00:00+05:30,213.67,216.64,213.35,214.07,1101671
2025-07-23 00:00:00+05:30,213.93,223.26,213.93,222.25,5079873
2025-07-24 00:00:00+05:30,222.87,224.53,219.63,221.61,2824023
2025-07-25 00:00:00+05:30,221.22,223.17,215.1,216.01,1884426
2025-07-28 00:00:00+05:30,215.45,219.18,211.53,212.44,1503170
2025-07-29 00:00:00+05:30,212.44,216.7,212.0,216.22,1166531
2025-07-30 00:00:00+05:30,214.81,217.19,213.19,214.11,962958
2025-07-31 00:00:00+05:30,212.77,214.27,210.69,212.0,1050613
2025-08-01 00:00:00+05:30,212.8,216.92,211.21,212.29,1389042
2025-08-04 00:00:00+05:30,212.01,214.42,211.03,213.41,1080791
2025-08-05 00:00:00+05:30,213.83,218.5,213.65,215.8,2886762
2025-08-06 00:00:00+05:30,215.8,217.03,206.35,207.29,2295228
2025-08-07 00:00:00+05:30,207.29,209.27,203.92,208.68,1698710
2025-08-08 00:00:00+05:30,208.78,209.7,206.54,207.06,1366926
2025-08-11 00:00:00+05:30,204.89,205.49,202.28,204.69,1036056
2025-08-12 00:00:00+05:30,204.11,205.51,203.53,203.93,596894
2025-08-13 00:00:00+05:30,203.98,206.45,201.98,202.28,1018523
2025-08-14 00:00:00+05:30,202.95,203.39,199.26,199.53,1051219
2025-08-18 00:00:00+05:30,202.16,202.16,199.87,200.33,1048222
2025-08-19 00:00:00+05:30,200.23,201.34,199.74,200.96,940769
2025-08-20 00:00:00+05:30,201.15,203.86,200.59,203.02,1248427
2025-08-21 00:00:00+05:30,203.24,205.48,202.46,202.83,1406699
2025-08-22 00:00:00+05:30,202.17,203.04,200.23,200.46,709653
2025-08-25 00:00:00+05:30,200.47,204.36,200.23,201.6,950167
2025-08-26 00:00:00+05:30,201.2,201.97,194.89,195.25,2069298
2025-08-28 00:00:00+05:30,195.37,197.31,193.42,195.9,935810
2025-08-29 00:00:00+05:30,196.0,196.51,191.17,191.7,1451760
2025-09-01 00:00:00+05:30,191.87,194.46,191.04,193.74,1055963
2025-09-02 00:00:00+05:30,194.08,196.53,192.32,194.88,1149654
2025-09-03 00:00:00+05:30,193.42,194.4,191.59,192.97,2545651
2025-09-04 00:00:00+05:30,194.15,195.43,192.66,193.78,1214607
2025-09-05 00:00:00+05:30,193.81,194.39,191.59,192.23,940857
2025-09-08 00:00:00+05:30,192.45,193.06,190.51,191.9,965625
2025-09-09 00:00:00+05:30,191.9,192.29,191.29,191.86,761940
2025-09-10 00:00:00+05:30,192.06,193.54,191.72,193.3,1521848
2025-09-11 00:00:00+05:30,194.01,195.91,193.42,194.24,1345569
2025-09-12 00:00:00+05:30,194.34,195.32,191.5,191.81,1810732
2025-09-15 00:00:00+05:30,192.45,194.49,191.87,193.87,1516364
2025-09-16 00:00:00+05:30,194.3,198.37,192.94,197.21,3038052
2025-09-17 00:00:00+05:30,198.77,204.84,198.28,199.26,3760776
2025-09-18 00:00:00+05:30,200.23,200.23,197.21,197.8,1092314
2025-09-19 00:00:00+05:30,197.08,198.19,196.59,196.93,907218
2025-09-22 00:00:00+05:30,197.02,199.58,196.12,197.11,1481029
2025-09-23 00:00:00+05:30,197.09,199.16,196.35,197.48,1021736
2025-09-24 00:00:00+05:30,197.49,198.04,194.92,197.06,1050643
2025-09-25 00:00:00+05:30,197.06,197.06,194.4,194.65,601390
2025-09-26 00:00:00+05:30,194.4,194.64,189.93,190.2,1124619
2025-09-29 00:00:00+05:30,190.51,193.13,189.63,190.09,1184349
2025-09-30 00:00:00+05:30,191.19,194.4,190.94,194.05,1014781
2025-10-01 00:00:00+05:30,194.49,196.83,192.21,195.4,1887376
2025-10-03 00:00:00+05:30,195.85,197.41,194.99,196.97,878565
2025-10-06 00:00:00+05:30,197.31,197.64,195.76,197.18,863246
2025-10-07 00:00:00+05:30,197.18,197.79,195.75,196.61,941590
2025-10-08 00:00:00+05:30,196.61,198.04,194.4,195.03,1184544
2025-10-09 00:00:00+05:30,195.08,196.57,193.55,194.23,1104895
2025-10-10 00:00:00+05:30,194.2,196.16,193.79,194.89,1145617
2025-10-13 00:00:00+05:30,194.3,195.65,193.54,194.39,929252
2025-10-14 00:00:00+05:30,194.4,195.02,192.47,192.97,771818
2025-10-15 00:00:00+05:30,193.42,201.39,193.24,198.19,3345221
2025-10-16 00:00:00+05:30,199.26,199.54,194.1,194.31,1396825
2025-10-17 00:00:00+05:30,194.4,194.78,192.26,193.38,1004025
2025-10-20 00:00:00+05:30,194.4,195.39,192.95,194.45,870631
2025-10-21 00:00:00+05:30,194.59,195.95,194.59,194.84,209545
2025-10-23 00:00:00+05:30,195.74,195.75,193.96,194.69,564208
2025-10-24 00:00:00+05:30,194.69,195.01,193.09,193.9,810550
2025-10-27 00:00:00+05:30,195.17,195.17,191.79,192.15,1059578
2025-10-28 00:00:00+05:30,193.11,193.68,192.17,192.52,696061
2025-10-29 00:00:00+05:30,192.93,193.41,191.09,192.35,1390471
2025-10-30 00:00:00+05:30,192.34,192.98,190.39,190.73,1299470
2025-10-31 00:00:00+05:30,190.93,191.77,189.31,189.55,1176926
2025-11-03 00:00:00+05:30,189.55,191.04,187.91,190.71,1147536
2025-11-04 00:00:00+05:30,190.51,191.97,187.82,188.28,2875251
2025-11-06 00:00:00+05:30,188.85,189.04,184.68,185.03,1631177
2025-11-07 00:00:00+05:30,184.68,186.52,182.73,185.74,1302338
2025-11-10 00:00:00+05:30,185.65,186.92,185.18,185.76,759672
2025-11-11 00:00:00+05:30,186.13,186.62,184.24,186.2,990820
2025-11-12 00:00:00+05:30,186.13,187.01,184.63,184.88,1545460
2025-11-13 00:00:00+05:30,184.88,189.38,184.88,186.86,1836360
2025-11-14 00:00:00+05:30,186.23,187.48,186.08,187.11,625514
2025-11-17 00:00:00+05:30,187.11,188.79,186.87,188.05,944308
2025-11-18 00:00:00+05:30,187.61,188.03,185.72,185.87,840921
2025-11-19 00:00:00+05:30,185.82,186.29,185.04,185.52,681592
2025-11-20 00:00:00+05:30,185.89,187.01,184.87,185.34,691357
2025-11-21 00:00:00+05:30,184.72,185.12,182.74,183.72,1249233
2025-11-24 00:00:00+05:30,183.41,189.54,182.93,188.57,2372635
2025-11-25 00:00:00+05:30,188.57,188.81,184.93,186.27,1153660
2025-11-26 00:00:00+05:30,186.28,187.42,185.0,186.62,817981
2025-11-27 00:00:00+05:30,186.13,187.59,185.4,185.91,691591
2025-11-28 00:00:00+05:30,185.39,187.11,184.34,186.86,982132
2025-12-01 00:00:00+05:30,187.59,187.98,185.36,185.77,915914
2025-12-02 00:00:00+05:30,185.77,187.12,184.58,186.13,921676
2025-12-03 00:00:00+05:30,186.42,188.51,185.17,186.62,1342220
2025-12-04 00:00:00+05:30,186.62,186.62,185.18,185.92,824820
2025-12-05 00:00:00+05:30,185.92,186.13,185.35,185.87,572695
2025-12-08 00:00:00+05:30,185.8,187.4,182.26,183.8,1300261
2025-12-09 00:00:00+05:30,182.34,184.68,180.02,183.42,1345969
2025-12-10 00:00:00+05:30,183.42,183.7,180.69,181.4,925754
2025-12-11 00:00:00+05:30,182.25,182.25,178.36,178.71,1370381
2025-12-12 00:00:00+05:30,179.24,179.38,178.5,178.82,834461
2025-12-15 00:00:00+05:30,178.16,179.11,176.96,178.48,890233
2025-12-16 00:00:00+05:30,178.48,178.48,176.85,177.54,808261
2025-12-17 00:00:00+05:30,177.77,178.86,176.91,177.74,877137
2025-12-18 00:00:00+05:30,177.74,179.08,176.2,178.2,790011
2025-12-19 00:00:00+05:30,178.38,178.45,176.61,177.7,888709
2025-12-22 00:00:00+05:30,177.97,179.82,177.3,178.79,1263592
2025-12-23 00:00:00+05:30,179.82,185.22,178.9,180.72,2824376
2025-12-24 00:00:00+05:30,180.72,196.73,178.66,184.08,46447634
2025-12-26 00:00:00+05:30,188.46,192.58,185.99,188.06,16924568
2025-12-29 00:00:00+05:30,187.2,188.03,183.71,184.85,5054408
2025-12-30 00:00:00+05:30,184.83,185.08,182.83,183.36,2094995
2025-12-31 00:00:00+05:30,184.33,188.81,182.67,187.15,4479975
2026-01-01 00:00:00+05:30,187.88,188.03,184.69,185.44,1116643
2026-01-02 00:00:00+05:30,185.65,188.8,184.77,186.13,2680126
2026-01-05 00:00:00+05:30,187.93,190.24,185.94,186.27,1937214
2026-01-06 00:00:00+05:30,186.62,186.62,184.48,185.05,1366909
2026-01-07 00:00:00+05:30,184.69,185.48,183.21,184.79,1638920
2026-01-08 00:00:00+05:30,184.8,185.46,183.22,183.43,2080464
2026-01-09 00:00:00+05:30,183.43,185.04,181.9,183.36,1699403
2026-01-12 00:00:00+05:30,183.64,184.09,180.3,181.92,3302774
2026-01-13 00:00:00+05:30,182.26,182.71,181.66,182.22,1012946
2026-01-14 00:00:00+05:30,182.22,183.41,181.7,182.31,1021528
2026-01-16 00:00:00+05:30,182.31,182.39,179.92,180.09,2525284
2026-01-19 00:00:00+05:30,179.99,180.2,177.97,178.61,2481135
2026-01-20 00:00:00+05:30,178.65,178.79,177.54,177.63,2993156
2026-01-21 00:00:00+05:30,177.68,181.22,175.6,180.59,4252638
2026-01-22 00:00:00+05:30,181.26,181.86,179.81,180.83,1938104
2026-01-23 00:00:00+05:30,181.27,181.27,177.97,178.53,1082808
2026-01-27 00:00:00+05:30,178.84,179.72,176.9,178.24,1594944
2026-01-28 00:00:00+05:30,179.32,181.17,178.38,180.11,1476317
2026-01-29 00:00:00+05:30,180.59,180.78,178.8,179.4,1427789
2026-01-30 00:00:00+05:30,179.46,180.08,177.98,178.99,1213892
2026-02-01 00:00:00+05:30,178.85,179.82,177.43,177.69,814705
2026-02-02 00:00:00+05:30,177.39,180.55,176.92,179.92,1553763
2026-02-03 00:00:00+05:30,181.76,182.67,179.21,179.62,2540664
2026-02-04 00:00:00+05:30,179.86,184.34,178.49,182.14,6298856
2026-02-05 00:00:00+05:30,181.81,181.86,179.72,180.41,2570246
2026-02-06 00:00:00+05:30,180.41,181.24,178.94,180.04,2745718
2026-02-09 00:00:00+05:30,180.35,184.29,180.35,183.75,2990451
2026-02-10 00:00:00+05:30,184.19,184.19,181.86,182.57,1502958
2026-02-11 00:00:00+05:30,182.73,182.83,179.86,181.64,1875117
2026-02-12 00:00:00+05:30,181.64,182.63,180.31,181.48,1487736
2026-02-13 00:00:00+05:30,180.8,181.75,179.82,180.01,1622832
2026-02-16 00:00:00+05:30,180.01,181.64,179.91,181.07,891106
2026-02-17 00:00:00+05:30,181.66,182.71,181.2,182.46,878739
2026-02-18 00:00:00+05:30,182.73,183.69,182.46,182.96,1119865
2026-02-19 00:00:00+05:30,182.96,184.77,182.25,182.39,2122989
2026-02-20 00:00:00+05:30,182.73,183.39,181.09,182.48,1059246
2026-02-23 00:00:00+05:30,182.48,183.1,181.57,182.05,960996
2026-02-24 00:00:00+05:30,182.05,182.15,180.84,181.7,1100461
2026-02-25 00:00:00+05:30,181.89,182.48,181.03,181.59,996108
2026-02-26 00:00:00+05:30,181.76,182.96,181.61,182.39,966283
2026-02-27 00:00:00+05:30,182.63,183.56,181.27,181.67,981088
2026-03-02 00:00:00+05:30,180.01,181.7,178.94,180.61,2091159
2026-03-04 00:00:00+05:30,179.91,180.54,179.33,179.98,1820623
2026-03-05 00:00:00+05:30,180.3,181.93,180.3,181.25,1272727
2026-03-06 00:00:00+05:30,180.79,182.51,180.79,181.58,1145757
2026-03-09 00:00:00+05:30,180.4,181.25,179.33,180.26,1891984
2026-03-10 00:00:00+05:30,181.57,181.63,180.3,180.75,1320549
2026-03-11 00:00:00+05:30,181.52,181.52,180.48,180.58,952210
2026-03-12 00:00:00+05:30,180.88,181.07,179.82,180.39,1465064
2026-03-13 00:00:00+05:30,180.2,181.38,180.2,181.0,2156127
2026-03-16 00:00:00+05:30,181.0,181.37,179.86,181.12,2607795
2026-03-17 00:00:00+05:30,181.86,181.86,180.3,181.25,1297171
2026-03-18 00:00:00+05:30,181.75,182.2,180.99,181.96,2314352
2026-03-19 00:00:00+05:30,181.27,182.79,180.88,181.52,2847636
2026-03-20 00:00:00+05:30,182.49,183.22,181.03,182.09,4664754
2026-03-23 00:00:00+05:30,182.5,183.7,177.1,177.29,3759032
2026-03-24 00:00:00+05:30,178.01,179.09,170.1,173.78,5430058
2026-03-25 00:00:00+05:30,175.0,178.61,173.78,178.04,1948013
2026-03-27 00:00:00+05:30,178.04,178.2,175.0,175.08,2157681
2026-03-30 00:00:00+05:30,174.99,175.21,173.3,173.52,2330191
2026-04-01 00:00:00+05:30,176.1,178.4,174.9,176.32,1568599
2026-04-02 00:00:00+05:30,174.97,178.4,173.52,177.92,1160615
2026-04-06 00:00:00+05:30,177.92,179.55,175.79,179.14,989066
2026-04-07 00:00:00+05:30,178.26,179.0,176.94,178.45,645351
2026-04-08 00:00:00+05:30,180.5,182.3,179.0,179.25,2156614
2026-04-09 00:00:00+05:30,179.25,181.05,178.2,179.42,1737421
2026-04-10 00:00:00+05:30,180.6,180.7,178.65,179.42,1308423
2026-04-13 00:00:00+05:30,178.0,179.79,176.11,178.57,1150509
2026-04-15 00:00:00+05:30,180.0,181.0,179.25,180.01,1337282
2026-04-16 00:00:00+05:30,180.74,180.95,178.0,180.58,1622721
2026-04-17 00:00:00+05:30,180.9,183.4,180.35,182.27,1705913
2026-04-20 00:00:00+05:30,182.29,184.0,181.0,182.17,1519493
2026-04-21 00:00:00+05:30,182.2,183.0,180.93,182.4,1199677
2026-04-22 00:00:00+05:30,182.4,184.14,180.92,183.34,1784986
2026-04-23 00:00:00+05:30,183.34,185.76,182.51,183.85,2480767
2026-04-24 00:00:00+05:30,183.95,185.21,182.5,182.79,943394
2026-04-27 00:00:00+05:30,182.79,185.0,182.41,184.51,1159841
2026-04-28 00:00:00+05:30,184.5,185.1,182.82,183.81,2809325
2026-04-29 00:00:00+05:30,183.81,185.3,182.85,184.64,1679259
2026-04-30 00:00:00+05:30,184.0,185.39,182.85,184.82,1555390
2026-05-04 00:00:00+05:30,185.19,188.2,184.21,185.79,1872381
