date,open,high,low,close,volume
2007-12-31 00:00:00+05:30,61.7,77.9,56.7,75.0,55901268
2008-01-01 00:00:00+05:30,79.2,85.8,73.6,79.6,24040600
2008-01-02 00:00:00+05:30,79.8,81.2,74.4,75.0,6772440
2008-01-03 00:00:00+05:30,77.5,77.5,67.8,68.8,3564994
2008-01-04 00:00:00+05:30,71.2,74.2,68.8,70.1,3420550
2008-01-07 00:00:00+05:30,69.3,72.5,67.7,70.2,1990246
2008-01-08 00:00:00+05:30,71.0,71.6,66.5,67.2,1389010
2008-01-09 00:00:00+05:30,66.6,67.7,63.4,65.7,1334278
2008-01-10 00:00:00+05:30,68.0,68.1,59.2,60.6,589846
2008-01-11 00:00:00+05:30,61.8,62.1,56.8,58.9,752662
2008-01-14 00:00:00+05:30,59.5,60.5,58.3,59.0,443980
2008-01-15 00:00:00+05:30,59.5,60.7,56.8,57.8,358246
2008-01-16 00:00:00+05:30,58.7,60.0,52.5,54.4,267580
2008-01-17 00:00:00+05:30,54.8,65.3,53.7,64.4,2346142
2008-01-18 00:00:00+05:30,65.0,74.0,62.7,63.8,9323292
2008-01-21 00:00:00+05:30,63.3,64.8,51.7,53.0,1373326
2008-01-22 00:00:00+05:30,50.6,55.5,42.5,54.2,415312
2008-01-23 00:00:00+05:30,56.0,61.7,50.0,58.6,421822
2008-01-24 00:00:00+05:30,59.2,61.5,52.7,56.9,422236
2008-01-25 00:00:00+05:30,59.0,60.7,53.8,57.0,180400
2008-01-28 00:00:00+05:30,55.0,61.3,54.2,58.7,345682
2008-01-29 00:00:00+05:30,58.5,60.3,55.0,56.1,221626
2008-01-30 00:00:00+05:30,55.0,56.7,54.5,55.7,326380
2008-01-31 00:00:00+05:30,56.3,58.1,53.7,56.4,240544
2008-02-01 00:00:00+05:30,55.0,57.5,53.0,53.8,100312
2008-02-04 00:00:00+05:30,55.3,59.8,55.2,58.5,458566
2008-02-05 00:00:00+05:30,57.5,59.3,57.0,57.3,141142
2008-02-06 00:00:00+05:30,56.0,57.5,52.8,56.8,146734
2008-02-07 00:00:00+05:30,56.7,59.5,56.4,57.1,193534
2008-02-08 00:00:00+05:30,57.0,57.5,56.2,56.7,106540
2008-02-11 00:00:00+05:30,55.2,56.5,49.2,52.4,162430
2008-02-12 00:00:00+05:30,56.3,56.3,50.2,51.3,94234
2008-02-13 00:00:00+05:30,52.0,53.6,51.2,51.4,107314
2008-02-14 00:00:00+05:30,53.3,53.3,51.7,52.2,65548
2008-02-15 00:00:00+05:30,52.2,54.1,50.0,52.9,77056
2008-02-18 00:00:00+05:30,54.0,59.8,52.4,57.0,275800
2008-02-19 00:00:00+05:30,57.0,57.0,55.0,55.7,114322
2008-02-20 00:00:00+05:30,51.7,55.0,51.7,53.0,40552
2008-02-21 00:00:00+05:30,54.2,54.5,53.3,54.2,83116
2008-02-22 00:00:00+05:30,52.0,53.8,51.8,53.4,35374
2008-02-25 00:00:00+05:30,53.7,53.8,52.0,53.0,37120
2008-02-26 00:00:00+05:30,52.7,54.5,52.7,54.0,85600
2008-02-27 00:00:00+05:30,54.3,55.8,53.1,53.5,41026
2008-02-28 00:00:00+05:30,53.0,55.0,52.8,54.6,45874
2008-02-29 00:00:00+05:30,52.7,55.0,52.7,53.4,47362
2008-03-03 00:00:00+05:30,52.5,56.7,50.0,53.2,160978
2008-03-04 00:00:00+05:30,51.7,54.3,48.3,48.8,74134
2008-03-05 00:00:00+05:30,49.8,50.7,48.4,50.0,60280
2008-03-07 00:00:00+05:30,48.2,50.8,47.7,50.2,203146
2008-03-10 00:00:00+05:30,47.8,48.7,47.0,47.6,48904
2008-03-11 00:00:00+05:30,48.8,49.5,47.2,48.4,25156
2008-03-12 00:00:00+05:30,49.3,51.6,46.7,47.8,51628
2008-03-13 00:00:00+05:30,48.8,48.8,41.7,43.0,49846
2008-03-14 00:00:00+05:30,44.6,48.3,42.8,44.7,86860
2008-03-17 00:00:00+05:30,42.5,43.3,40.4,41.7,162856
2008-03-18 00:00:00+05:30,41.8,42.5,33.8,41.7,68038
2008-03-19 00:00:00+05:30,42.5,42.8,37.5,38.6,32404
2008-03-24 00:00:00+05:30,38.7,38.7,34.2,37.6,63154
2008-03-25 00:00:00+05:30,35.6,42.0,35.6,40.3,67882
2008-03-26 00:00:00+05:30,40.0,41.4,40.0,40.4,25756
2008-03-27 00:00:00+05:30,37.4,41.5,37.4,40.1,48814
2008-03-28 00:00:00+05:30,39.9,45.5,39.9,44.2,86626
2008-03-31 00:00:00+05:30,44.8,44.8,40.4,41.1,37696
2008-04-01 00:00:00+05:30,41.5,42.0,40.7,40.9,26980
2008-04-02 00:00:00+05:30,42.8,43.3,40.5,41.6,48412
2008-04-03 00:00:00+05:30,40.8,45.0,40.7,43.6,72622
2008-04-04 00:00:00+05:30,42.0,43.2,40.0,40.5,47242
2008-04-07 00:00:00+05:30,41.5,42.5,40.5,42.3,36154
2008-04-08 00:00:00+05:30,41.3,42.7,41.3,42.4,16120
2008-04-09 00:00:00+05:30,43.8,49.5,43.3,47.2,722428
2008-04-10 00:00:00+05:30,48.3,48.3,45.7,46.7,130042
2008-04-11 00:00:00+05:30,45.8,47.5,45.8,46.9,44944
2008-04-15 00:00:00+05:30,45.5,48.7,45.5,47.0,36544
2008-04-16 00:00:00+05:30,47.8,48.3,46.9,47.2,47800
2008-04-17 00:00:00+05:30,48.1,48.8,47.0,47.7,86914
2008-04-21 00:00:00+05:30,48.5,49.8,48.1,49.2,49372
2008-04-22 00:00:00+05:30,49.2,50.7,48.3,48.5,15904
2008-04-23 00:00:00+05:30,48.2,49.2,47.0,47.6,7600
2008-04-24 00:00:00+05:30,47.7,48.8,46.5,46.8,23620
2008-04-25 00:00:00+05:30,46.3,47.8,46.2,46.9,319672
2008-04-28 00:00:00+05:30,47.4,47.7,46.2,47.2,10846
2008-04-29 00:00:00+05:30,47.0,51.6,47.0,50.4,59788
2008-04-30 00:00:00+05:30,50.8,54.2,50.0,51.8,134416
2008-05-02 00:00:00+05:30,53.3,54.2,52.5,53.2,194752
2008-05-05 00:00:00+05:30,54.2,54.6,52.8,53.1,41746
2008-05-06 00:00:00+05:30,47.5,52.6,47.5,51.8,28534
2008-05-07 00:00:00+05:30,52.0,52.5,46.9,51.1,22822
2008-05-08 00:00:00+05:30,47.5,50.8,47.5,50.2,30832
2008-05-09 00:00:00+05:30,50.0,50.3,49.8,50.0,45880
2008-05-12 00:00:00+05:30,41.8,48.6,41.8,48.4,23470
2008-05-13 00:00:00+05:30,55.7,55.7,47.5,48.6,15544
2008-05-14 00:00:00+05:30,47.7,49.7,47.7,49.0,35620
2008-05-15 00:00:00+05:30,48.0,49.8,47.6,48.2,14932
2008-05-16 00:00:00+05:30,47.6,49.6,47.6,48.5,13300
2008-05-20 00:00:00+05:30,48.0,49.7,47.3,48.4,19816
2008-05-21 00:00:00+05:30,49.3,49.3,47.5,48.4,13264
2008-05-22 00:00:00+05:30,47.8,48.6,47.4,48.3,9304
2008-05-23 00:00:00+05:30,49.2,49.2,46.7,47.0,12994
2008-05-26 00:00:00+05:30,44.2,49.8,44.2,46.8,26488
2008-05-27 00:00:00+05:30,47.5,48.6,47.0,47.8,52516
2008-05-28 00:00:00+05:30,47.5,48.0,47.4,47.8,18424
2008-05-29 00:00:00+05:30,47.3,47.7,45.8,47.0,10864
2008-05-30 00:00:00+05:30,47.5,47.5,45.4,46.8,40900
2008-06-02 00:00:00+05:30,46.2,48.3,45.2,45.3,12070
2008-06-03 00:00:00+05:30,44.3,44.3,41.9,42.9,19006
2008-06-04 00:00:00+05:30,42.5,44.6,40.3,41.1,14038
2008-06-05 00:00:00+05:30,40.8,41.2,39.4,39.7,14194
2008-06-06 00:00:00+05:30,40.2,41.8,40.2,41.4,22660
2008-06-09 00:00:00+05:30,39.8,41.6,39.2,39.8,35746
2008-06-10 00:00:00+05:30,39.4,41.4,39.4,41.0,38158
2008-06-11 00:00:00+05:30,40.9,41.2,39.9,40.2,4414
2008-06-12 00:00:00+05:30,39.3,40.7,39.2,40.4,10486
2008-06-13 00:00:00+05:30,40.5,44.2,40.0,40.7,6790
2008-06-16 00:00:00+05:30,40.9,42.8,40.9,41.9,14884
2008-06-17 00:00:00+05:30,41.8,42.7,41.7,42.1,7432
2008-06-18 00:00:00+05:30,42.2,42.7,40.6,40.9,6244
2008-06-19 00:00:00+05:30,40.7,40.8,40.1,40.4,4678
2008-06-20 00:00:00+05:30,39.1,40.8,38.7,40.0,18376
2008-06-23 00:00:00+05:30,38.3,48.0,37.0,41.6,39076
2008-06-24 00:00:00+05:30,40.9,41.2,38.6,40.4,25450
2008-06-25 00:00:00+05:30,37.8,41.7,37.6,38.5,14416
2008-06-26 00:00:00+05:30,39.7,39.8,37.2,37.9,8506
2008-06-27 00:00:00+05:30,37.2,38.1,37.0,37.5,15052
2008-06-30 00:00:00+05:30,36.8,40.0,35.0,37.4,15508
2008-07-01 00:00:00+05:30,35.7,36.7,33.3,33.5,10924
2008-07-02 00:00:00+05:30,33.3,34.5,32.1,34.2,23986
2008-07-03 00:00:00+05:30,33.8,33.8,32.0,32.4,7246
2008-07-04 00:00:00+05:30,32.5,33.8,32.5,33.4,12298
2008-07-07 00:00:00+05:30,33.5,35.0,33.4,33.9,7270
2008-07-08 00:00:00+05:30,31.7,33.3,31.7,32.4,9478
2008-07-09 00:00:00+05:30,34.0,34.1,33.0,33.6,10714
2008-07-10 00:00:00+05:30,33.3,34.0,33.2,33.6,7648
2008-07-11 00:00:00+05:30,33.8,33.9,32.1,32.9,15130
2008-07-14 00:00:00+05:30,32.8,32.8,31.8,32.4,6850
2008-07-15 00:00:00+05:30,32.6,32.6,29.3,29.9,13978
2008-07-16 00:00:00+05:30,28.8,31.8,28.8,30.4,21454
2008-07-17 00:00:00+05:30,30.6,30.6,29.8,30.6,2818
2008-07-18 00:00:00+05:30,31.2,31.7,30.3,31.0,11086
2008-07-21 00:00:00+05:30,31.6,31.6,30.0,30.2,4900
2008-07-22 00:00:00+05:30,30.7,32.3,30.7,31.5,6592
2008-07-23 00:00:00+05:30,32.2,34.6,31.6,33.6,26344
2008-07-24 00:00:00+05:30,33.7,35.8,33.5,34.0,24694
2008-07-25 00:00:00+05:30,34.0,35.0,32.7,34.6,72388
2008-07-28 00:00:00+05:30,33.7,34.1,33.7,33.8,7312
2008-07-29 00:00:00+05:30,34.1,34.1,32.1,32.4,5128
2008-07-30 00:00:00+05:30,32.0,33.3,31.8,32.4,8716
2008-07-31 00:00:00+05:30,32.0,33.3,31.9,33.1,6688
2008-08-01 00:00:00+05:30,32.7,33.3,32.0,32.6,4570
2008-08-04 00:00:00+05:30,33.8,34.0,33.0,33.4,11020
2008-08-05 00:00:00+05:30,34.0,35.0,32.7,33.1,10684
2008-08-06 00:00:00+05:30,34.2,39.6,33.8,34.3,23458
2008-08-07 00:00:00+05:30,34.2,35.7,33.8,34.2,7804
2008-08-08 00:00:00+05:30,33.5,34.8,32.7,33.1,18706
2008-08-11 00:00:00+05:30,33.6,35.6,33.6,34.0,7330
2008-08-12 00:00:00+05:30,33.8,34.3,33.1,33.6,7114
2008-08-13 00:00:00+05:30,33.4,33.4,31.7,32.9,144970
2008-08-14 00:00:00+05:30,32.5,33.1,32.5,32.7,8230
2008-08-18 00:00:00+05:30,32.2,33.7,32.2,33.2,5278
2008-08-19 00:00:00+05:30,32.7,34.1,32.5,33.1,10072
2008-08-20 00:00:00+05:30,33.0,33.7,32.8,33.3,11932
2008-08-21 00:00:00+05:30,33.4,36.2,32.7,32.9,10096
2008-08-22 00:00:00+05:30,33.0,33.2,32.1,32.8,7030
2008-08-25 00:00:00+05:30,32.7,33.5,32.6,32.9,2410
2008-08-26 00:00:00+05:30,32.2,32.7,31.7,32.6,4834
2008-08-27 00:00:00+05:30,32.5,32.8,31.8,32.0,4516
2008-08-28 00:00:00+05:30,32.2,32.5,30.8,30.9,11122
2008-08-29 00:00:00+05:30,32.3,33.5,31.6,32.6,19360
2008-09-01 00:00:00+05:30,32.6,33.3,31.8,32.8,14212
2008-09-02 00:00:00+05:30,33.2,33.5,32.5,33.3,15046
2008-09-04 00:00:00+05:30,34.0,34.0,32.5,32.8,5014
2008-09-05 00:00:00+05:30,32.2,33.3,32.2,32.6,3622
2008-09-08 00:00:00+05:30,32.7,33.3,32.5,32.7,3886
2008-09-09 00:00:00+05:30,32.4,33.3,32.4,32.8,7702
2008-09-10 00:00:00+05:30,32.7,33.3,32.0,32.5,7522
2008-09-11 00:00:00+05:30,32.2,33.0,31.8,32.2,7222
2008-09-12 00:00:00+05:30,32.0,32.0,30.0,30.4,22006
2008-09-15 00:00:00+05:30,28.3,31.4,26.3,27.9,19042
2008-09-16 00:00:00+05:30,26.7,27.3,26.4,27.2,8758
2008-09-17 00:00:00+05:30,27.0,28.0,26.2,26.4,11956
2008-09-18 00:00:00+05:30,26.3,26.3,24.2,25.7,12628
2008-09-19 00:00:00+05:30,25.8,27.5,25.0,25.3,21064
2008-09-22 00:00:00+05:30,25.8,26.1,23.4,25.1,99034
2008-09-23 00:00:00+05:30,24.2,24.5,23.7,23.9,36598
2008-09-24 00:00:00+05:30,24.5,26.0,23.0,25.1,21640
2008-09-25 00:00:00+05:30,25.0,25.0,24.0,24.2,6424
2008-09-26 00:00:00+05:30,24.0,24.7,22.6,22.9,7828
2008-09-29 00:00:00+05:30,22.0,22.8,19.7,20.2,20734
2008-09-30 00:00:00+05:30,17.0,21.7,17.0,19.9,32242
2008-10-01 00:00:00+05:30,19.7,20.8,19.5,20.0,7312
2008-10-03 00:00:00+05:30,20.0,20.1,18.7,18.9,8014
2008-10-06 00:00:00+05:30,18.2,18.7,16.7,17.2,11632
2008-10-07 00:00:00+05:30,17.3,17.6,16.0,16.8,11104
2008-10-08 00:00:00+05:30,14.3,16.1,14.3,15.4,10618
2008-10-10 00:00:00+05:30,15.0,15.8,13.7,14.5,10294
2008-10-13 00:00:00+05:30,14.3,16.2,14.2,14.7,13294
2008-10-14 00:00:00+05:30,16.2,17.2,15.8,16.7,18244
2008-10-15 00:00:00+05:30,15.8,15.8,14.8,15.0,4972
2008-10-16 00:00:00+05:30,14.4,15.6,13.4,15.0,10744
2008-10-17 00:00:00+05:30,14.5,15.0,14.2,14.6,14350
2008-10-20 00:00:00+05:30,15.0,16.2,15.0,15.5,7780
2008-10-21 00:00:00+05:30,15.1,17.5,15.1,17.0,14830
2008-10-22 00:00:00+05:30,17.1,17.5,15.8,16.7,278950
2008-10-23 00:00:00+05:30,16.0,17.5,15.6,16.7,5212
2008-10-24 00:00:00+05:30,15.5,16.2,14.7,15.1,12364
2008-10-27 00:00:00+05:30,15.2,15.2,12.2,13.2,18526
2008-10-28 00:00:00+05:30,13.4,15.0,13.4,14.6,6304
2008-10-29 00:00:00+05:30,15.2,16.0,13.6,15.4,10084
2008-10-31 00:00:00+05:30,14.7,16.5,14.7,16.3,10312
2008-11-03 00:00:00+05:30,16.7,17.2,16.5,16.8,5524
2008-11-04 00:00:00+05:30,16.0,19.2,16.0,17.3,14152
2008-11-05 00:00:00+05:30,16.7,18.3,16.7,16.7,310120
2008-11-06 00:00:00+05:30,16.5,16.5,15.4,15.9,5764
2008-11-07 00:00:00+05:30,15.3,18.2,15.2,17.4,516112
2008-11-10 00:00:00+05:30,17.5,19.2,17.3,18.6,26668
2008-11-11 00:00:00+05:30,17.4,18.3,17.4,17.8,5242
2008-11-12 00:00:00+05:30,17.5,18.8,16.9,18.2,9832
2008-11-14 00:00:00+05:30,18.8,18.8,17.7,18.0,7498
2008-11-17 00:00:00+05:30,17.3,18.3,17.0,17.9,5386
2008-11-18 00:00:00+05:30,17.7,17.9,16.9,16.9,3820
2008-11-19 00:00:00+05:30,16.8,17.8,16.8,17.4,7276
2008-11-20 00:00:00+05:30,16.8,17.0,15.9,16.0,29080
2008-11-21 00:00:00+05:30,15.3,16.2,15.0,16.2,9226
2008-11-24 00:00:00+05:30,16.2,16.8,15.5,16.2,11404
2008-11-25 00:00:00+05:30,16.2,16.6,16.2,16.2,5740
2008-11-26 00:00:00+05:30,15.8,16.8,15.8,16.6,4468
2008-11-28 00:00:00+05:30,17.5,17.5,15.8,16.4,5116
2008-12-01 00:00:00+05:30,15.8,16.3,15.8,16.2,2122
2008-12-02 00:00:00+05:30,15.8,15.8,15.8,15.8,2446
2008-12-03 00:00:00+05:30,16.0,16.5,16.0,16.2,2404
2008-12-04 00:00:00+05:30,15.9,15.9,15.9,15.9,454
2008-12-05 00:00:00+05:30,15.8,16.6,15.5,15.9,1246
2008-12-08 00:00:00+05:30,15.4,16.7,15.4,15.8,250
2008-12-10 00:00:00+05:30,15.5,16.5,15.5,15.8,1408
2008-12-11 00:00:00+05:30,16.5,16.5,16.5,16.5,538
2008-12-12 00:00:00+05:30,16.2,17.2,15.8,16.5,2452
2008-12-15 00:00:00+05:30,16.5,17.3,16.5,16.5,3100
2008-12-16 00:00:00+05:30,16.7,17.3,16.7,17.0,4666
2008-12-17 00:00:00+05:30,17.2,17.9,17.0,17.1,10918
2008-12-18 00:00:00+05:30,16.8,17.5,16.7,17.5,2266
2008-12-19 00:00:00+05:30,16.8,17.7,16.8,17.7,3922
2008-12-22 00:00:00+05:30,17.8,17.8,16.8,16.9,1150
2008-12-23 00:00:00+05:30,17.3,17.3,16.2,16.3,1666
2008-12-24 00:00:00+05:30,15.7,15.8,15.7,15.8,1234
2008-12-26 00:00:00+05:30,15.4,16.5,15.4,15.5,1282
2008-12-29 00:00:00+05:30,15.8,16.0,15.3,16.0,1588
2008-12-30 00:00:00+05:30,16.0,16.3,15.4,15.7,2044
2008-12-31 00:00:00+05:30,15.5,16.2,15.3,15.5,3574
2009-01-01 00:00:00+05:30,15.8,16.2,15.6,15.8,18886
2009-01-02 00:00:00+05:30,15.8,16.5,15.5,16.3,3466
2009-01-05 00:00:00+05:30,16.5,16.5,16.0,16.0,1258
2009-01-06 00:00:00+05:30,16.3,16.3,15.4,16.2,1990
2009-01-07 00:00:00+05:30,16.4,16.4,15.5,16.4,2296
2009-01-09 00:00:00+05:30,16.2,16.2,15.6,16.1,2428
2009-01-12 00:00:00+05:30,15.3,16.0,15.3,15.3,1054
2009-01-13 00:00:00+05:30,15.3,15.3,15.1,15.1,1804
2009-01-14 00:00:00+05:30,15.8,15.8,14.4,15.7,1204
2009-01-15 00:00:00+05:30,15.6,15.6,14.9,15.3,1684
2009-01-16 00:00:00+05:30,16.0,16.0,14.6,15.8,4372
2009-01-19 00:00:00+05:30,15.0,16.1,15.0,16.0,1510
2009-01-20 00:00:00+05:30,15.8,15.8,15.2,15.3,3808
2009-01-21 00:00:00+05:30,16.0,16.0,15.8,15.8,6478
2009-01-22 00:00:00+05:30,16.5,16.6,15.2,15.3,2374
2009-01-23 00:00:00+05:30,15.5,15.8,15.0,15.2,1708
2009-01-27 00:00:00+05:30,15.2,15.9,15.2,15.8,1792
2009-01-28 00:00:00+05:30,15.8,16.0,15.3,15.4,4048
2009-01-29 00:00:00+05:30,15.8,16.1,15.8,16.1,8314
2009-01-30 00:00:00+05:30,15.8,16.2,15.8,16.0,1456
2009-02-02 00:00:00+05:30,15.7,16.6,15.7,15.8,3184
2009-02-03 00:00:00+05:30,16.5,16.6,15.4,16.6,2788
2009-02-04 00:00:00+05:30,15.8,16.0,15.8,16.0,388
2009-02-05 00:00:00+05:30,16.5,16.7,15.8,16.2,3238
2009-02-06 00:00:00+05:30,16.2,16.2,15.9,16.0,2620
2009-02-09 00:00:00+05:30,16.7,16.7,16.0,16.6,2122
2009-02-10 00:00:00+05:30,15.8,16.5,15.8,16.5,5008
2009-02-11 00:00:00+05:30,16.5,16.6,16.0,16.4,1366
2009-02-12 00:00:00+05:30,16.5,16.8,16.3,16.7,3538
2009-02-13 00:00:00+05:30,16.7,17.0,16.3,16.6,7084
2009-02-16 00:00:00+05:30,16.6,16.6,16.4,16.4,394
2009-02-17 00:00:00+05:30,15.8,15.8,15.8,15.8,478
2009-02-18 00:00:00+05:30,16.2,16.2,15.8,15.8,874
2009-02-19 00:00:00+05:30,15.7,16.5,15.5,15.5,982
2009-02-20 00:00:00+05:30,15.5,15.7,15.5,15.6,2008
2009-02-24 00:00:00+05:30,15.6,15.8,15.5,15.6,10342
2009-02-25 00:00:00+05:30,15.8,16.3,15.7,15.7,7852
2009-02-26 00:00:00+05:30,15.7,15.8,15.7,15.7,664
2009-02-27 00:00:00+05:30,15.4,16.1,15.3,16.1,556
2009-03-02 00:00:00+05:30,15.5,16.1,15.5,15.8,3136
2009-03-03 00:00:00+05:30,15.3,15.9,15.3,15.5,152674
2009-03-04 00:00:00+05:30,15.0,16.1,15.0,15.4,3424
2009-03-05 00:00:00+05:30,15.5,16.1,15.4,15.4,3220
2009-03-06 00:00:00+05:30,15.0,15.5,15.0,15.4,1528
2009-03-09 00:00:00+05:30,15.2,15.3,15.0,15.2,2200
2009-03-12 00:00:00+05:30,14.8,16.5,14.8,15.2,3778
2009-03-13 00:00:00+05:30,15.0,16.5,15.0,16.2,33616
2009-03-16 00:00:00+05:30,17.5,17.8,16.5,17.6,14200
2009-03-17 00:00:00+05:30,18.1,19.4,18.1,19.4,12790
2009-03-18 00:00:00+05:30,19.7,20.4,19.7,19.9,31648
2009-03-19 00:00:00+05:30,19.2,20.4,19.2,20.1,16348
2009-03-20 00:00:00+05:30,20.0,20.6,19.7,20.1,20974
2009-03-23 00:00:00+05:30,19.7,20.8,19.2,20.2,7846
2009-03-24 00:00:00+05:30,20.8,20.8,19.7,20.0,9748
2009-03-25 00:00:00+05:30,19.0,20.5,19.0,19.8,3976
2009-03-26 00:00:00+05:30,19.9,20.6,19.8,20.0,6334
2009-03-27 00:00:00+05:30,19.0,20.3,19.0,20.0,2956
2009-03-30 00:00:00+05:30,19.2,20.4,19.0,19.1,6832
2009-03-31 00:00:00+05:30,19.2,20.0,19.2,19.7,2374
2009-04-01 00:00:00+05:30,20.3,20.6,18.7,20.6,6346
2009-04-02 00:00:00+05:30,20.8,21.3,19.7,20.0,10030
2009-04-06 00:00:00+05:30,20.5,21.0,20.4,21.0,13000
2009-04-08 00:00:00+05:30,21.0,22.0,21.0,22.0,4222
2009-04-09 00:00:00+05:30,22.2,23.2,22.2,23.2,5206
2009-04-13 00:00:00+05:30,23.2,24.3,23.2,24.3,8188
2009-04-15 00:00:00+05:30,25.5,25.5,25.0,25.5,4006
2009-04-16 00:00:00+05:30,26.8,26.8,26.8,26.8,9388
2009-04-17 00:00:00+05:30,28.2,28.2,28.2,28.2,2644
2009-04-20 00:00:00+05:30,29.6,29.6,29.6,29.6,1222
2009-04-21 00:00:00+05:30,31.0,31.0,31.0,31.0,2530
2009-04-22 00:00:00+05:30,32.6,32.6,29.5,29.5,35344
2009-04-23 00:00:00+05:30,29.2,29.2,28.0,28.0,5824
2009-04-24 00:00:00+05:30,26.7,29.4,26.7,29.4,16594
2009-04-27 00:00:00+05:30,30.3,30.3,29.0,29.2,3778
2009-04-28 00:00:00+05:30,30.0,30.4,28.4,28.6,11008
2009-04-29 00:00:00+05:30,29.8,29.8,27.8,28.4,5122
2009-05-04 00:00:00+05:30,29.0,29.3,27.1,27.1,6976
2009-05-05 00:00:00+05:30,28.2,28.5,27.2,27.6,4210
2009-05-06 00:00:00+05:30,26.7,28.7,26.3,26.7,14452
2009-05-07 00:00:00+05:30,26.7,27.0,25.5,26.8,6358
2009-05-08 00:00:00+05:30,26.5,28.2,25.9,26.7,9040
2009-05-11 00:00:00+05:30,27.6,27.7,25.4,25.6,4774
2009-05-12 00:00:00+05:30,25.2,25.8,24.7,25.0,16156
2009-05-13 00:00:00+05:30,26.2,26.3,25.0,25.5,11104
2009-05-14 00:00:00+05:30,25.0,26.8,25.0,26.8,22492
2009-05-15 00:00:00+05:30,26.7,28.2,26.7,28.2,8446
2009-05-18 00:00:00+05:30,26.7,28.2,26.7,28.2,0
2009-05-19 00:00:00+05:30,29.6,29.6,29.6,29.6,10894
2009-05-20 00:00:00+05:30,30.9,31.0,30.9,31.0,3910
2009-05-21 00:00:00+05:30,32.6,32.6,31.7,31.8,13606
2009-05-22 00:00:00+05:30,33.3,33.4,30.4,32.8,93784
2009-05-25 00:00:00+05:30,31.2,34.4,31.2,34.2,25246
2009-05-26 00:00:00+05:30,35.0,35.8,33.5,33.9,8698
2009-05-27 00:00:00+05:30,34.0,35.3,34.0,34.8,9724
2009-05-28 00:00:00+05:30,34.0,34.0,33.0,33.6,16732
2009-05-29 00:00:00+05:30,33.3,35.2,32.3,34.6,22318
2009-06-01 00:00:00+05:30,36.3,36.3,35.4,36.2,20956
2009-06-02 00:00:00+05:30,37.0,37.7,35.0,36.5,12436
2009-06-03 00:00:00+05:30,37.5,37.5,35.4,36.8,11812
2009-06-04 00:00:00+05:30,37.2,37.3,35.8,36.8,11158
2009-06-05 00:00:00+05:30,36.8,38.7,36.8,37.4,42298
2009-06-08 00:00:00+05:30,36.8,39.3,35.7,39.3,42034
2009-06-09 00:00:00+05:30,40.3,41.2,40.0,41.2,12580
2009-06-10 00:00:00+05:30,43.3,43.3,43.3,43.3,11716
2009-06-11 00:00:00+05:30,45.5,45.5,41.8,44.6,81892
2009-06-12 00:00:00+05:30,44.7,46.2,44.2,45.8,28960
2009-06-15 00:00:00+05:30,45.2,46.5,43.5,43.6,22270
2009-06-16 00:00:00+05:30,43.5,45.7,43.5,45.5,16540
2009-06-17 00:00:00+05:30,44.2,47.3,43.8,44.4,9724
2009-06-18 00:00:00+05:30,43.2,46.3,42.2,42.9,24580
2009-06-19 00:00:00+05:30,44.8,44.8,42.4,42.6,29698
2009-06-22 00:00:00+05:30,44.3,44.6,41.8,42.9,363022
2009-06-23 00:00:00+05:30,42.5,42.5,41.4,42.2,9886
2009-06-24 00:00:00+05:30,44.0,44.0,41.7,42.3,6856
2009-06-25 00:00:00+05:30,43.8,43.8,42.2,42.2,3610
2009-06-26 00:00:00+05:30,42.2,43.8,40.8,43.4,829852
2009-06-29 00:00:00+05:30,45.5,45.5,45.5,45.5,6826
2009-06-30 00:00:00+05:30,46.7,47.8,45.2,45.5,35200
2009-07-01 00:00:00+05:30,45.0,47.5,43.2,46.4,22492
2009-07-02 00:00:00+05:30,46.0,47.8,45.0,45.4,3958
2009-07-03 00:00:00+05:30,45.0,45.8,43.6,43.9,17716
2009-07-06 00:00:00+05:30,43.8,44.7,41.9,42.7,4456
2009-07-07 00:00:00+05:30,42.7,43.7,42.0,43.0,8476
2009-07-08 00:00:00+05:30,43.3,43.3,40.0,40.6,10810
2009-07-09 00:00:00+05:30,40.2,41.4,39.2,40.9,20488
2009-07-10 00:00:00+05:30,40.0,41.0,39.5,40.7,10648
2009-07-13 00:00:00+05:30,37.5,39.1,36.7,36.7,13006
2009-07-14 00:00:00+05:30,38.3,40.4,37.5,39.5,8230
2009-07-15 00:00:00+05:30,42.5,42.5,38.4,40.7,9634
2009-07-16 00:00:00+05:30,41.0,43.7,41.0,41.7,5836
2009-07-17 00:00:00+05:30,40.4,42.5,40.4,41.6,10702
2009-07-20 00:00:00+05:30,40.5,42.8,40.5,42.1,9472
2009-07-21 00:00:00+05:30,41.2,42.5,41.2,42.0,7606
2009-07-22 00:00:00+05:30,44.7,44.7,41.2,42.8,8038
2009-07-23 00:00:00+05:30,42.5,44.2,42.5,43.5,5026
2009-07-24 00:00:00+05:30,44.0,47.8,43.7,47.8,44758
2009-07-27 00:00:00+05:30,48.5,52.6,45.8,51.2,204484
2009-07-28 00:00:00+05:30,48.4,52.4,47.0,48.7,31834
2009-07-29 00:00:00+05:30,47.2,49.8,45.6,45.9,22876
2009-07-30 00:00:00+05:30,46.8,48.0,46.2,46.8,16876
2009-07-31 00:00:00+05:30,47.3,49.0,46.2,47.1,24832
2009-08-03 00:00:00+05:30,50.0,51.8,46.7,50.1,93394
2009-08-04 00:00:00+05:30,51.7,53.3,48.5,51.5,61858
2009-08-05 00:00:00+05:30,52.4,55.8,50.6,54.5,124324
2009-08-06 00:00:00+05:30,54.3,55.0,50.0,51.0,71482
2009-08-07 00:00:00+05:30,55.5,55.5,48.4,49.6,54250
2009-08-10 00:00:00+05:30,52.3,52.5,48.6,49.4,22186
2009-08-11 00:00:00+05:30,48.8,53.0,47.8,52.0,45142
2009-08-12 00:00:00+05:30,52.5,57.2,52.5,55.4,4419706
2009-08-13 00:00:00+05:30,55.8,57.5,53.4,54.3,88054
2009-08-14 00:00:00+05:30,55.3,56.2,54.2,54.4,49372
2009-08-17 00:00:00+05:30,53.7,55.8,52.6,53.1,96352
2009-08-18 00:00:00+05:30,52.5,55.0,52.5,54.7,32764
2009-08-19 00:00:00+05:30,54.7,55.3,53.8,54.3,23416
2009-08-20 00:00:00+05:30,54.4,54.4,52.6,53.0,33340
2009-08-21 00:00:00+05:30,52.7,53.1,51.7,52.2,17200
2009-08-24 00:00:00+05:30,51.7,53.2,51.7,52.4,32218
2009-08-25 00:00:00+05:30,50.0,57.7,50.0,57.6,140848
2009-08-26 00:00:00+05:30,58.3,61.3,55.7,57.6,210766
2009-08-27 00:00:00+05:30,58.3,58.7,55.8,57.7,117784
2009-08-28 00:00:00+05:30,60.0,60.0,56.0,58.9,65062
2009-08-31 00:00:00+05:30,58.2,63.9,56.2,60.2,277696
2009-09-01 00:00:00+05:30,61.0,62.8,60.0,60.8,115438
2009-09-02 00:00:00+05:30,60.0,61.6,58.8,59.2,59812
2009-09-03 00:00:00+05:30,60.0,60.8,58.8,59.5,16324
2009-09-04 00:00:00+05:30,59.2,60.3,58.6,59.3,21850
2009-09-07 00:00:00+05:30,59.5,60.8,58.3,58.8,43594
2009-09-08 00:00:00+05:30,58.7,61.0,57.7,58.2,62104
2009-09-09 00:00:00+05:30,59.8,59.8,57.5,58.1,24790
2009-09-10 00:00:00+05:30,58.4,59.0,55.8,57.2,32752
2009-09-11 00:00:00+05:30,57.5,62.5,55.3,60.5,149914
2009-09-14 00:00:00+05:30,61.7,61.7,57.8,58.0,75136
2009-09-15 00:00:00+05:30,59.2,59.3,58.0,58.4,38062
2009-09-16 00:00:00+05:30,58.3,60.2,58.3,59.4,38698
2009-09-17 00:00:00+05:30,59.5,60.0,56.8,57.6,56428
2009-09-18 00:00:00+05:30,57.6,60.7,57.0,58.2,84322
2009-09-22 00:00:00+05:30,58.1,61.3,57.2,60.7,188278
2009-09-23 00:00:00+05:30,60.2,61.7,60.2,60.8,126406
2009-09-24 00:00:00+05:30,60.2,63.6,57.5,61.8,257704
2009-09-25 00:00:00+05:30,60.7,64.8,60.7,61.7,220732
2009-09-29 00:00:00+05:30,62.0,63.0,59.2,60.0,61786
2009-09-30 00:00:00+05:30,60.0,64.2,60.0,62.7,274258
2009-10-01 00:00:00+05:30,62.0,63.0,61.4,62.2,33676
2009-10-05 00:00:00+05:30,61.4,61.7,60.7,60.8,40678
2009-10-06 00:00:00+05:30,60.2,63.7,60.2,63.2,93268
2009-10-07 00:00:00+05:30,61.9,68.2,61.9,65.3,145714
2009-10-08 00:00:00+05:30,64.8,66.4,63.7,64.7,36982
2009-10-09 00:00:00+05:30,66.7,68.0,63.7,64.5,95614
2009-10-12 00:00:00+05:30,64.2,66.2,62.9,63.6,26116
2009-10-14 00:00:00+05:30,65.0,65.0,64.2,64.2,20632
2009-10-15 00:00:00+05:30,64.3,65.0,64.3,64.4,17398
2009-10-16 00:00:00+05:30,64.3,65.0,64.1,64.2,33322
2009-10-20 00:00:00+05:30,64.2,65.8,63.0,64.3,21466
2009-10-21 00:00:00+05:30,64.2,65.2,64.2,64.2,9520
2009-10-22 00:00:00+05:30,64.7,64.7,63.6,63.9,20584
2009-10-23 00:00:00+05:30,64.3,65.0,64.1,64.2,11026
2009-10-26 00:00:00+05:30,62.0,67.0,60.0,64.7,84370
2009-10-27 00:00:00+05:30,63.5,65.0,62.5,64.2,155200
2009-10-28 00:00:00+05:30,64.2,66.7,61.3,65.7,86380
2009-10-29 00:00:00+05:30,64.3,66.7,63.5,64.4,46906
2009-10-30 00:00:00+05:30,65.8,66.7,63.5,64.2,44578
2009-11-03 00:00:00+05:30,64.2,64.8,62.7,63.3,104608
2009-11-04 00:00:00+05:30,62.7,65.0,62.7,63.6,23818
2009-11-05 00:00:00+05:30,66.5,66.5,62.7,65.2,31594
2009-11-06 00:00:00+05:30,66.5,71.5,64.5,69.5,284542
2009-11-09 00:00:00+05:30,69.8,72.2,69.8,70.5,93796
2009-11-10 00:00:00+05:30,70.8,71.7,68.8,69.0,46852
2009-11-11 00:00:00+05:30,68.3,69.3,66.9,68.8,15034
2009-11-12 00:00:00+05:30,70.0,70.0,67.5,67.6,10264
2009-11-13 00:00:00+05:30,67.7,67.7,65.0,66.0,19762
2009-11-16 00:00:00+05:30,66.8,67.8,65.3,66.0,19324
2009-11-17 00:00:00+05:30,65.0,68.2,65.0,66.4,33268
2009-11-18 00:00:00+05:30,67.4,68.0,66.2,67.2,28132
2009-11-19 00:00:00+05:30,67.2,67.3,65.1,65.5,14110
2009-11-20 00:00:00+05:30,65.1,65.6,64.6,65.2,9766
2009-11-23 00:00:00+05:30,65.0,65.6,64.4,64.9,12094
2009-11-24 00:00:00+05:30,65.0,66.0,64.8,65.4,8506
2009-11-25 00:00:00+05:30,68.3,68.3,63.4,64.6,16498
2009-11-26 00:00:00+05:30,66.4,67.5,63.5,63.8,14098
2009-11-27 00:00:00+05:30,60.4,63.5,60.4,62.8,20398
2009-11-30 00:00:00+05:30,63.3,65.7,63.3,64.6,13666
2009-12-01 00:00:00+05:30,65.4,67.3,63.8,65.9,64888
2009-12-02 00:00:00+05:30,66.4,68.1,65.0,65.7,102478
2009-12-03 00:00:00+05:30,66.5,66.5,64.3,65.0,30064
2009-12-04 00:00:00+05:30,64.3,66.4,64.3,65.4,54586
2009-12-07 00:00:00+05:30,64.7,66.4,64.7,65.6,98278
2009-12-08 00:00:00+05:30,65.8,65.8,65.0,65.6,42454
2009-12-09 00:00:00+05:30,65.0,65.8,65.0,65.6,6622
2009-12-10 00:00:00+05:30,66.3,66.3,65.3,65.6,103486
2009-12-11 00:00:00+05:30,66.1,67.5,65.5,66.8,41308
2009-12-14 00:00:00+05:30,65.8,68.0,65.8,66.1,18628
2009-12-15 00:00:00+05:30,65.7,66.6,62.7,63.6,85840
2009-12-16 00:00:00+05:30,63.7,68.1,63.0,67.5,39958
2009-12-17 00:00:00+05:30,65.3,67.7,65.2,66.7,10624
2009-12-18 00:00:00+05:30,66.1,68.3,66.0,67.0,33400
2009-12-21 00:00:00+05:30,67.0,68.1,66.4,66.6,45538
2009-12-22 00:00:00+05:30,67.5,67.6,66.5,66.7,24790
2009-12-23 00:00:00+05:30,67.5,69.8,66.7,68.4,49402
2009-12-24 00:00:00+05:30,67.5,71.2,67.5,68.5,41098
2009-12-29 00:00:00+05:30,69.2,71.2,68.5,69.8,53050
2009-12-30 00:00:00+05:30,69.8,70.0,68.9,69.1,58852
2009-12-31 00:00:00+05:30,68.8,70.5,68.8,69.4,54868
2010-01-04 00:00:00+05:30,68.6,71.2,68.5,70.8,28606
2010-01-05 00:00:00+05:30,71.5,80.0,70.3,74.5,291574
2010-01-06 00:00:00+05:30,75.7,77.6,73.6,74.6,67528
2010-01-07 00:00:00+05:30,74.3,75.5,74.2,74.6,27730
2010-01-08 00:00:00+05:30,75.0,79.0,74.3,78.5,149404
2010-01-11 00:00:00+05:30,78.5,80.0,76.2,76.6,41038
2010-01-12 00:00:00+05:30,79.9,79.9,75.0,75.2,20350
2010-01-13 00:00:00+05:30,78.2,78.2,74.3,75.3,24988
2010-01-14 00:00:00+05:30,76.5,78.7,75.5,76.8,91690
2010-01-15 00:00:00+05:30,76.0,78.3,76.0,77.8,54340
2010-01-18 00:00:00+05:30,78.3,79.7,76.8,79.2,66832
2010-01-19 00:00:00+05:30,80.0,85.0,78.4,81.5,306124
2010-01-20 00:00:00+05:30,83.2,84.8,81.7,82.6,84364
2010-01-21 00:00:00+05:30,79.7,83.9,78.5,79.6,35044
2010-01-22 00:00:00+05:30,77.5,80.0,73.5,78.2,226150
2010-01-25 00:00:00+05:30,78.3,78.8,76.7,77.5,52096
2010-01-27 00:00:00+05:30,78.2,78.2,70.1,72.5,81472
2010-01-28 00:00:00+05:30,76.0,84.2,69.2,73.0,65548
2010-01-29 00:00:00+05:30,73.0,76.3,70.0,75.2,73120
2010-02-01 00:00:00+05:30,75.7,80.3,74.2,79.8,123574
2010-02-02 00:00:00+05:30,80.3,81.3,77.0,78.3,56002
2010-02-03 00:00:00+05:30,78.3,79.2,76.8,78.3,19996
2010-02-04 00:00:00+05:30,76.7,79.0,76.7,78.1,21754
2010-02-05 00:00:00+05:30,77.5,78.0,73.7,76.0,32320
2010-02-08 00:00:00+05:30,75.8,76.6,74.2,76.2,13786
2010-02-09 00:00:00+05:30,76.6,76.6,75.0,76.3,8386
2010-02-10 00:00:00+05:30,75.9,76.4,74.0,75.0,6484
2010-02-11 00:00:00+05:30,74.7,76.6,74.0,75.4,9196
2010-02-15 00:00:00+05:30,75.8,76.2,70.8,74.2,8680
2010-02-16 00:00:00+05:30,73.3,74.8,73.3,74.3,19138
2010-02-17 00:00:00+05:30,74.5,75.8,74.5,75.6,8062
2010-02-18 00:00:00+05:30,75.8,75.8,73.3,75.6,7876
2010-02-19 00:00:00+05:30,75.0,75.0,73.5,73.8,7318
2010-02-22 00:00:00+05:30,76.3,76.3,73.3,73.8,19390
2010-02-23 00:00:00+05:30,74.2,74.2,72.2,72.5,22486
2010-02-24 00:00:00+05:30,72.5,73.5,72.5,73.0,4552
2010-02-25 00:00:00+05:30,72.1,75.2,72.1,73.6,32590
2010-02-26 00:00:00+05:30,72.7,74.8,71.4,72.0,20092
2010-03-02 00:00:00+05:30,72.7,78.5,71.3,76.1,22768
2010-03-03 00:00:00+05:30,75.0,77.5,75.0,76.0,10840
2010-03-04 00:00:00+05:30,74.8,76.7,74.8,75.2,8296
2010-03-05 00:00:00+05:30,78.0,87.7,77.3,83.1,1078414
2010-03-08 00:00:00+05:30,84.2,85.8,81.7,82.4,173812
2010-03-09 00:00:00+05:30,82.5,83.8,79.8,80.6,40264
2010-03-10 00:00:00+05:30,80.8,82.4,78.6,79.0,38470
2010-03-11 00:00:00+05:30,79.0,80.5,78.4,79.2,22906
2010-03-12 00:00:00+05:30,77.5,80.0,77.5,79.2,15160
2010-03-15 00:00:00+05:30,80.2,80.8,76.7,79.2,349798
2010-03-16 00:00:00+05:30,79.0,88.0,78.5,85.5,322804
2010-03-17 00:00:00+05:30,84.0,87.2,83.8,85.2,93712
2010-03-18 00:00:00+05:30,84.7,90.0,83.9,89.3,215704
2010-03-19 00:00:00+05:30,89.3,92.3,85.0,86.8,244660
2010-03-22 00:00:00+05:30,86.7,90.0,85.8,88.8,90508
2010-03-23 00:00:00+05:30,91.2,91.7,88.2,90.0,67588
2010-03-25 00:00:00+05:30,91.5,91.5,88.7,89.3,24640
2010-03-26 00:00:00+05:30,89.8,91.2,88.4,88.8,18658
2010-03-29 00:00:00+05:30,89.2,89.2,86.0,86.2,21130
2010-03-30 00:00:00+05:30,88.3,89.2,85.2,85.8,19372
2010-03-31 00:00:00+05:30,87.4,87.5,82.8,83.3,30334
2010-04-01 00:00:00+05:30,84.2,86.3,83.0,84.0,52204
2010-04-05 00:00:00+05:30,84.0,86.2,84.0,85.2,58066
2010-04-06 00:00:00+05:30,85.3,86.8,84.4,86.0,18262
2010-04-07 00:00:00+05:30,86.0,86.7,85.5,86.2,27208
2010-04-08 00:00:00+05:30,85.3,86.4,82.8,84.2,53974
2010-04-09 00:00:00+05:30,84.5,85.7,84.2,85.0,48370
2010-04-12 00:00:00+05:30,83.3,85.8,83.3,83.7,23452
2010-04-13 00:00:00+05:30,83.8,84.6,83.0,83.3,50044
2010-04-15 00:00:00+05:30,83.4,85.0,83.4,84.0,20152
2010-04-16 00:00:00+05:30,83.3,85.3,83.3,84.7,14740
2010-04-19 00:00:00+05:30,81.8,83.8,81.8,82.8,7846
2010-04-20 00:00:00+05:30,83.2,86.0,82.8,84.6,24340
2010-04-21 00:00:00+05:30,85.0,95.8,83.8,90.6,1033786
2010-04-22 00:00:00+05:30,91.0,98.1,89.5,94.2,1046152
2010-04-23 00:00:00+05:30,94.7,96.4,93.3,95.3,186856
2010-04-26 00:00:00+05:30,96.2,98.2,95.3,96.9,101326
2010-04-27 00:00:00+05:30,94.3,97.1,93.5,94.3,23872
2010-04-28 00:00:00+05:30,93.7,93.7,91.0,91.6,26692
2010-04-29 00:00:00+05:30,90.8,94.2,90.7,92.5,29728
2010-04-30 00:00:00+05:30,93.3,94.8,90.2,90.9,19714
2010-05-03 00:00:00+05:30,90.9,92.5,90.2,92.0,22726
2010-05-04 00:00:00+05:30,92.5,92.8,88.3,89.0,25462
2010-05-05 00:00:00+05:30,88.3,90.7,83.5,89.7,28090
2010-05-06 00:00:00+05:30,90.5,90.7,87.5,89.5,15916
2010-05-07 00:00:00+05:30,86.7,88.0,83.5,87.2,14944
2010-05-10 00:00:00+05:30,88.5,90.0,88.5,88.8,8026
2010-05-11 00:00:00+05:30,89.5,93.7,88.3,89.6,32014
2010-05-12 00:00:00+05:30,90.6,90.8,87.1,87.9,7312
2010-05-13 00:00:00+05:30,87.0,89.8,87.0,87.7,7522
2010-05-14 00:00:00+05:30,86.8,89.8,86.0,87.0,6214
2010-05-17 00:00:00+05:30,84.3,87.3,84.3,85.6,17032
2010-05-18 00:00:00+05:30,87.5,87.5,84.2,84.9,196894
2010-05-19 00:00:00+05:30,84.2,84.8,81.3,82.7,13624
2010-05-20 00:00:00+05:30,83.3,85.0,82.7,83.2,13222
2010-05-21 00:00:00+05:30,80.1,83.3,76.7,82.2,14740
2010-05-24 00:00:00+05:30,81.3,86.5,81.3,85.0,26092
2010-05-25 00:00:00+05:30,84.2,85.5,80.2,81.4,11536
2010-05-26 00:00:00+05:30,80.5,85.2,80.5,85.0,25408
2010-05-27 00:00:00+05:30,85.5,85.8,83.4,84.7,9064
2010-05-28 00:00:00+05:30,84.8,86.0,84.7,85.0,31864
2010-05-31 00:00:00+05:30,80.8,86.5,80.8,84.2,5314
2010-06-01 00:00:00+05:30,85.6,85.7,83.4,84.1,192508
2010-06-02 00:00:00+05:30,84.2,85.0,83.3,84.4,4348
2010-06-03 00:00:00+05:30,92.5,97.4,90.0,93.2,1548472
2010-06-04 00:00:00+05:30,92.8,94.0,91.0,92.7,295876
2010-06-07 00:00:00+05:30,92.3,95.0,91.3,92.2,185452
2010-06-08 00:00:00+05:30,93.7,98.3,88.1,88.8,176044
2010-06-09 00:00:00+05:30,89.2,91.2,87.7,88.6,85678
2010-06-10 00:00:00+05:30,87.0,89.9,87.0,89.1,28294
2010-06-11 00:00:00+05:30,90.0,91.3,89.5,90.1,26752
2010-06-14 00:00:00+05:30,90.5,91.8,89.2,91.4,41896
2010-06-15 00:00:00+05:30,92.5,92.5,90.7,91.9,33832
2010-06-16 00:00:00+05:30,91.0,97.7,90.9,92.8,1286470
2010-06-17 00:00:00+05:30,95.8,110.8,93.3,106.8,3076594
2010-06-18 00:00:00+05:30,108.2,109.8,101.2,102.4,851692
2010-06-21 00:00:00+05:30,104.0,107.1,101.0,104.2,281932
2010-06-22 00:00:00+05:30,103.3,103.7,101.6,102.0,85348
2010-06-23 00:00:00+05:30,101.7,106.3,100.8,105.5,206038
2010-06-24 00:00:00+05:30,104.8,105.5,103.0,103.8,44662
2010-06-25 00:00:00+05:30,103.3,103.8,100.2,100.9,44818
2010-06-28 00:00:00+05:30,101.0,104.3,100.0,102.0,37708
2010-06-29 00:00:00+05:30,101.7,104.3,101.7,102.6,50914
2010-06-30 00:00:00+05:30,101.7,103.3,101.0,101.4,33754
2010-07-01 00:00:00+05:30,101.3,103.0,100.8,102.8,16960
2010-07-02 00:00:00+05:30,101.8,107.1,101.8,106.0,145726
2010-07-05 00:00:00+05:30,104.2,119.7,104.2,113.4,2634862
2010-07-06 00:00:00+05:30,113.3,114.8,110.3,111.0,427612
2010-07-07 00:00:00+05:30,111.6,117.4,108.6,111.4,611194
2010-07-08 00:00:00+05:30,114.1,114.1,110.2,110.5,120946
2010-07-09 00:00:00+05:30,111.6,113.0,109.0,110.2,81412
2010-07-12 00:00:00+05:30,110.5,112.3,108.5,109.3,76822
2010-07-13 00:00:00+05:30,109.0,114.2,109.0,111.8,228172
2010-07-14 00:00:00+05:30,112.3,112.8,109.7,110.0,76192
2010-07-15 00:00:00+05:30,111.3,118.6,110.5,114.1,916834
2010-07-16 00:00:00+05:30,115.0,115.8,113.4,114.6,133288
2010-07-19 00:00:00+05:30,113.7,120.8,113.7,117.0,820078
2010-07-20 00:00:00+05:30,118.1,119.7,116.3,117.0,161080
2010-07-21 00:00:00+05:30,118.2,118.3,114.0,115.0,109822
2010-07-22 00:00:00+05:30,115.2,117.3,114.2,115.4,145582
2010-07-23 00:00:00+05:30,124.5,125.0,115.2,116.8,67672
2010-07-26 00:00:00+05:30,115.5,118.0,112.5,115.7,33514
2010-07-27 00:00:00+05:30,112.5,116.0,111.0,112.1,30166
2010-07-28 00:00:00+05:30,111.5,112.4,110.0,110.7,32302
2010-07-29 00:00:00+05:30,112.1,112.1,110.0,110.8,20898
2010-07-30 00:00:00+05:30,108.8,111.8,108.8,111.6,107058
2010-08-02 00:00:00+05:30,112.5,118.0,111.3,116.8,218130
2010-08-03 00:00:00+05:30,116.8,117.8,114.6,115.5,57544
2010-08-04 00:00:00+05:30,115.5,117.6,114.8,115.8,78718
2010-08-05 00:00:00+05:30,115.9,121.0,115.8,119.4,135616
2010-08-06 00:00:00+05:30,118.8,133.7,117.5,130.5,1478344
2010-08-09 00:00:00+05:30,131.8,138.5,129.2,131.0,950116
2010-08-10 00:00:00+05:30,131.0,135.5,127.5,129.4,528814
2010-08-11 00:00:00+05:30,127.5,135.0,127.5,132.2,486622
2010-08-12 00:00:00+05:30,130.5,132.4,127.9,130.3,103450
2010-08-13 00:00:00+05:30,129.6,135.6,128.9,131.8,153810
2010-08-16 00:00:00+05:30,132.0,138.5,131.8,136.2,361588
2010-08-17 00:00:00+05:30,136.0,142.2,136.0,141.4,350104
2010-08-18 00:00:00+05:30,142.0,145.8,135.0,138.5,218290
2010-08-19 00:00:00+05:30,138.8,141.0,136.4,138.6,177702
2010-08-20 00:00:00+05:30,138.6,138.7,136.4,137.5,60646
2010-08-23 00:00:00+05:30,138.5,139.8,135.6,136.1,45322
2010-08-24 00:00:00+05:30,137.5,137.5,131.8,133.8,78282
2010-08-25 00:00:00+05:30,136.0,136.0,129.5,133.3,61348
2010-08-26 00:00:00+05:30,133.8,135.5,132.1,133.9,26758
2010-08-27 00:00:00+05:30,132.5,135.2,132.0,133.5,60798
2010-08-30 00:00:00+05:30,129.5,141.2,129.5,137.3,181846
2010-08-31 00:00:00+05:30,137.3,137.3,131.6,135.0,103348
2010-09-01 00:00:00+05:30,133.8,138.2,133.8,135.7,28090
2010-09-02 00:00:00+05:30,132.8,138.3,132.8,137.0,27916
2010-09-03 00:00:00+05:30,135.8,141.2,135.8,137.7,110014
2010-09-06 00:00:00+05:30,136.5,138.7,133.0,137.8,83926
2010-09-07 00:00:00+05:30,137.5,139.5,135.5,136.5,26946
2010-09-08 00:00:00+05:30,135.5,138.8,132.0,133.5,96382
2010-09-09 00:00:00+05:30,134.2,139.0,132.8,137.7,120070
2010-09-13 00:00:00+05:30,137.7,141.5,135.5,136.5,110530
2010-09-14 00:00:00+05:30,137.0,139.8,134.5,138.0,75106
2010-09-15 00:00:00+05:30,138.8,139.8,136.2,137.1,21118
2010-09-16 00:00:00+05:30,133.0,137.1,132.5,132.8,87414
2010-09-17 00:00:00+05:30,134.7,136.2,130.8,132.4,52354
2010-09-20 00:00:00+05:30,134.2,134.5,128.2,129.2,41910
2010-09-21 00:00:00+05:30,131.2,131.5,124.8,125.6,867616
2010-09-22 00:00:00+05:30,128.0,134.4,127.5,128.8,180010
2010-09-23 00:00:00+05:30,130.0,130.0,127.5,127.8,19042
2010-09-24 00:00:00+05:30,126.8,129.8,126.8,127.3,40218
2010-09-27 00:00:00+05:30,129.2,129.2,126.5,126.7,49282
2010-09-28 00:00:00+05:30,127.2,127.5,124.5,126.8,70258
2010-09-29 00:00:00+05:30,129.0,139.2,129.0,132.7,1325608
2010-09-30 00:00:00+05:30,133.8,146.0,133.8,144.7,1679598
2010-10-01 00:00:00+05:30,145.2,148.3,143.2,146.3,847036
2010-10-04 00:00:00+05:30,147.0,157.7,143.8,154.4,1285614
2010-10-05 00:00:00+05:30,155.8,159.5,149.5,154.9,401742
2010-10-06 00:00:00+05:30,156.2,159.0,155.0,155.9,151756
2010-10-07 00:00:00+05:30,156.8,157.0,149.5,151.4,123976
2010-10-08 00:00:00+05:30,150.8,153.8,149.5,150.7,99898
2010-10-11 00:00:00+05:30,152.8,154.9,150.5,151.5,36436
2010-10-12 00:00:00+05:30,151.9,153.8,147.9,152.4,55446
2010-10-13 00:00:00+05:30,153.7,154.0,151.4,152.5,37768
2010-10-14 00:00:00+05:30,152.8,154.2,150.0,150.5,37294
2010-10-15 00:00:00+05:30,153.5,153.5,148.8,149.1,19266
2010-10-18 00:00:00+05:30,154.8,154.8,147.5,150.6,15214
2010-10-19 00:00:00+05:30,151.5,152.0,148.5,149.5,25966
2010-10-20 00:00:00+05:30,143.1,151.2,143.1,149.8,146584
2010-10-21 00:00:00+05:30,150.0,158.2,148.8,154.3,572218
2010-10-22 00:00:00+05:30,156.1,157.5,152.5,153.4,142120
2010-10-25 00:00:00+05:30,154.7,154.7,151.2,151.6,18964
2010-10-26 00:00:00+05:30,151.0,153.1,149.5,151.0,35470
2010-10-27 00:00:00+05:30,150.0,154.0,148.0,148.6,146850
2010-10-28 00:00:00+05:30,150.8,153.7,149.5,152.1,46086
2010-10-29 00:00:00+05:30,150.2,153.8,150.1,151.3,38692
2010-11-01 00:00:00+05:30,147.5,153.2,145.4,152.2,31146
2010-11-02 00:00:00+05:30,152.5,153.0,146.7,152.3,27028
2010-11-03 00:00:00+05:30,153.0,154.6,149.0,152.1,21018
2010-11-04 00:00:00+05:30,152.5,155.2,152.5,154.2,39028
2010-11-05 00:00:00+05:30,155.0,155.5,151.2,153.4,6226
2010-11-08 00:00:00+05:30,155.2,155.2,152.8,153.8,232234
2010-11-09 00:00:00+05:30,155.0,155.0,151.3,151.9,17818
2010-11-10 00:00:00+05:30,151.8,153.4,150.5,151.7,18304
2010-11-11 00:00:00+05:30,153.2,161.2,151.3,157.6,208786
2010-11-12 00:00:00+05:30,157.7,171.5,157.5,165.4,761220
2010-11-15 00:00:00+05:30,166.2,174.5,165.8,170.9,595734
2010-11-16 00:00:00+05:30,172.0,173.2,165.3,168.9,163948
2010-11-18 00:00:00+05:30,170.4,174.5,165.3,168.4,333616
2010-11-19 00:00:00+05:30,168.8,173.7,167.5,169.8,402486
2010-11-22 00:00:00+05:30,171.1,183.0,170.0,178.6,433854
2010-11-23 00:00:00+05:30,178.8,199.7,176.1,187.4,1120764
2010-11-24 00:00:00+05:30,188.8,192.5,169.1,171.4,255586
2010-11-25 00:00:00+05:30,172.5,179.6,168.5,170.6,134200
2010-11-26 00:00:00+05:30,172.2,175.0,165.0,170.6,335194
2010-11-29 00:00:00+05:30,170.5,176.2,167.5,172.2,182818
2010-11-30 00:00:00+05:30,172.5,175.2,170.5,174.2,85858
2010-12-01 00:00:00+05:30,174.2,177.5,172.5,173.8,28966
2010-12-02 00:00:00+05:30,173.8,187.2,173.8,180.4,148474
2010-12-03 00:00:00+05:30,181.2,187.5,175.2,182.5,133054
2010-12-06 00:00:00+05:30,180.3,190.5,180.3,187.7,182838
2010-12-07 00:00:00+05:30,185.3,188.7,178.8,183.3,47266
2010-12-08 00:00:00+05:30,185.0,186.2,181.5,183.0,80914
2010-12-09 00:00:00+05:30,178.9,185.8,170.8,174.0,56082
2010-12-10 00:00:00+05:30,169.2,185.5,167.6,182.1,38860
2010-12-13 00:00:00+05:30,183.8,186.7,175.0,181.4,78196
2010-12-14 00:00:00+05:30,185.0,185.0,179.3,180.3,37018
2010-12-15 00:00:00+05:30,181.2,181.2,176.0,177.7,37902
2010-12-16 00:00:00+05:30,179.0,181.2,174.2,175.3,21004
2010-12-20 00:00:00+05:30,177.5,178.7,172.8,173.4,41854
2010-12-21 00:00:00+05:30,173.8,178.8,172.8,175.0,33796
2010-12-22 00:00:00+05:30,177.5,177.5,173.2,174.2,17130
2010-12-23 00:00:00+05:30,172.5,179.8,172.5,173.6,11236
2010-12-24 00:00:00+05:30,173.0,175.5,172.0,173.5,10660
2010-12-27 00:00:00+05:30,175.0,178.5,172.5,174.1,9268
2010-12-28 00:00:00+05:30,171.0,176.2,169.0,170.9,22978
2010-12-29 00:00:00+05:30,170.9,173.8,170.7,171.9,8310
2010-12-30 00:00:00+05:30,172.5,182.5,172.5,180.1,339532
2010-12-31 00:00:00+05:30,180.1,182.5,177.0,180.0,131014
2011-01-03 00:00:00+05:30,183.5,183.7,177.8,179.0,12340
2011-01-04 00:00:00+05:30,180.0,180.0,173.8,174.5,31482
2011-01-05 00:00:00+05:30,177.2,179.5,170.0,174.7,197236
2011-01-06 00:00:00+05:30,176.6,176.6,172.0,172.8,14956
2011-01-07 00:00:00+05:30,171.3,175.0,170.1,171.6,29680
2011-01-10 00:00:00+05:30,174.7,174.8,161.2,162.5,90378
2011-01-11 00:00:00+05:30,167.5,167.5,157.2,163.2,550392
2011-01-12 00:00:00+05:30,166.0,166.0,158.8,159.5,47152
2011-01-13 00:00:00+05:30,160.5,161.5,156.8,158.1,34474
2011-01-14 00:00:00+05:30,157.8,159.7,154.2,155.6,29250
2011-01-17 00:00:00+05:30,157.5,157.5,151.6,153.8,92694
2011-01-18 00:00:00+05:30,155.0,156.2,153.2,154.1,31926
2011-01-19 00:00:00+05:30,154.9,157.2,153.0,155.2,29410
2011-01-20 00:00:00+05:30,153.1,154.2,151.5,152.7,83974
2011-01-21 00:00:00+05:30,154.6,154.6,149.3,151.0,167218
2011-01-24 00:00:00+05:30,153.2,155.5,150.3,154.2,93030
2011-01-25 00:00:00+05:30,156.5,168.0,156.0,164.2,376576
2011-01-27 00:00:00+05:30,166.1,177.8,160.4,171.1,525702
2011-01-28 00:00:00+05:30,168.8,170.9,158.8,168.4,171988
2011-01-31 00:00:00+05:30,167.2,175.0,160.8,170.6,77622
2011-02-01 00:00:00+05:30,171.2,171.2,162.8,164.1,25146
2011-02-02 00:00:00+05:30,167.5,168.8,162.0,164.2,302314
2011-02-03 00:00:00+05:30,163.0,168.8,162.8,163.5,36184
2011-02-04 00:00:00+05:30,166.2,166.2,158.8,162.1,56886
2011-02-07 00:00:00+05:30,161.0,162.9,155.3,157.0,47482
2011-02-08 00:00:00+05:30,155.2,157.0,150.8,152.7,23800
2011-02-09 00:00:00+05:30,150.2,157.2,143.8,152.6,48160
2011-02-10 00:00:00+05:30,155.2,155.7,148.9,152.0,31206
2011-02-11 00:00:00+05:30,151.3,162.4,150.0,161.1,39052
2011-02-14 00:00:00+05:30,163.0,165.0,158.1,162.7,68020
2011-02-15 00:00:00+05:30,161.0,169.2,158.0,168.0,68584
2011-02-16 00:00:00+05:30,165.7,167.0,160.9,164.4,62334
2011-02-17 00:00:00+05:30,166.5,166.5,159.4,164.9,44886
2011-02-18 00:00:00+05:30,165.0,172.8,164.1,167.3,336004
2011-02-21 00:00:00+05:30,164.3,166.0,162.0,166.0,56038
2011-02-22 00:00:00+05:30,163.2,166.0,160.6,165.8,57292
2011-02-23 00:00:00+05:30,163.8,164.5,160.6,162.0,20238
2011-02-24 00:00:00+05:30,160.5,164.2,158.0,159.9,34858
2011-02-25 00:00:00+05:30,160.0,160.5,156.8,157.5,12798
2011-02-28 00:00:00+05:30,160.5,164.7,156.2,162.5,335056
2011-03-01 00:00:00+05:30,160.8,168.8,160.8,165.0,471438
2011-03-03 00:00:00+05:30,166.2,167.5,163.0,164.1,414202
2011-03-04 00:00:00+05:30,162.8,166.3,162.0,163.0,140500
2011-03-07 00:00:00+05:30,158.2,165.6,158.2,163.6,34480
2011-03-08 00:00:00+05:30,163.5,163.5,160.5,161.3,11226
2011-03-09 00:00:00+05:30,164.8,164.8,160.8,162.9,45802
2011-03-10 00:00:00+05:30,160.0,165.0,160.0,163.4,36370
2011-03-11 00:00:00+05:30,160.6,170.4,159.5,160.4,67038
2011-03-14 00:00:00+05:30,161.2,162.5,158.8,162.2,15208
2011-03-15 00:00:00+05:30,156.7,162.5,156.5,160.8,18346
2011-03-16 00:00:00+05:30,161.0,163.0,156.2,157.8,46890
2011-03-17 00:00:00+05:30,157.5,158.5,154.1,154.8,24354
2011-03-18 00:00:00+05:30,159.7,161.2,155.8,156.8,30654
2011-03-21 00:00:00+05:30,159.5,161.0,156.8,157.4,31314
2011-03-22 00:00:00+05:30,160.4,160.4,155.5,155.9,29302
2011-03-23 00:00:00+05:30,160.0,162.5,155.6,162.2,36958
2011-03-24 00:00:00+05:30,162.8,162.8,158.0,160.4,110704
2011-03-25 00:00:00+05:30,161.5,161.8,159.4,160.2,11506
2011-03-28 00:00:00+05:30,161.2,161.2,158.0,158.2,48330
2011-03-29 00:00:00+05:30,156.8,161.7,156.8,159.8,251632
2011-03-30 00:00:00+05:30,161.5,162.5,160.0,161.5,111570
2011-03-31 00:00:00+05:30,165.0,165.0,159.3,161.2,31834
2011-04-01 00:00:00+05:30,162.2,162.8,158.8,161.5,24466
2011-04-04 00:00:00+05:30,161.5,162.5,160.8,161.6,30892
2011-04-05 00:00:00+05:30,162.5,176.2,160.2,172.7,86368
2011-04-06 00:00:00+05:30,174.0,183.8,174.0,179.1,121050
2011-04-07 00:00:00+05:30,179.2,189.7,179.0,187.3,235426
2011-04-08 00:00:00+05:30,178.2,191.2,178.2,187.9,173742
2011-04-11 00:00:00+05:30,191.7,193.2,179.7,180.6,55756
2011-04-13 00:00:00+05:30,182.1,191.8,179.7,188.8,123258
2011-04-15 00:00:00+05:30,190.0,190.0,183.8,186.4,21112
2011-04-18 00:00:00+05:30,188.7,188.7,179.1,180.3,20920
2011-04-19 00:00:00+05:30,178.8,181.8,177.8,179.5,19614
2011-04-20 00:00:00+05:30,181.9,189.2,180.6,181.5,59110
2011-04-21 00:00:00+05:30,183.6,186.0,178.2,180.0,21412
2011-04-25 00:00:00+05:30,178.8,180.9,176.8,177.4,20382
2011-04-26 00:00:00+05:30,177.8,179.0,176.3,177.0,15306
2011-04-27 00:00:00+05:30,179.5,179.5,176.8,178.2,10102
2011-04-28 00:00:00+05:30,180.2,180.2,175.9,178.1,7254
2011-04-29 00:00:00+05:30,176.2,178.6,172.6,175.1,16960
2011-05-02 00:00:00+05:30,175.2,175.2,170.8,171.4,10738
2011-05-03 00:00:00+05:30,169.2,175.0,168.8,173.0,6340
2011-05-04 00:00:00+05:30,175.0,175.5,171.3,172.0,7672
2011-05-05 00:00:00+05:30,171.8,174.8,165.0,167.0,10822
2011-05-06 00:00:00+05:30,165.5,172.2,164.2,166.1,27298
2011-05-09 00:00:00+05:30,170.9,173.7,164.2,171.0,40000
2011-05-10 00:00:00+05:30,172.8,178.8,172.5,176.8,88638
2011-05-11 00:00:00+05:30,177.0,177.9,176.0,176.3,21654
2011-05-12 00:00:00+05:30,176.5,178.8,172.8,177.2,28372
2011-05-13 00:00:00+05:30,171.2,177.3,171.2,175.9,6004
2011-05-16 00:00:00+05:30,177.8,178.4,173.8,177.1,8092
2011-05-17 00:00:00+05:30,177.8,177.8,171.6,175.5,9142
2011-05-18 00:00:00+05:30,175.0,194.9,167.5,184.5,1851318
2011-05-19 00:00:00+05:30,185.0,189.7,173.1,184.5,994342
2011-05-20 00:00:00+05:30,184.2,190.0,181.4,188.6,382282
2011-05-23 00:00:00+05:30,180.0,196.2,180.0,192.8,217612
2011-05-24 00:00:00+05:30,194.0,207.0,190.4,200.3,974074
2011-05-25 00:00:00+05:30,197.5,206.1,196.6,198.8,228594
2011-05-26 00:00:00+05:30,199.7,208.8,198.8,206.4,224554
2011-05-27 00:00:00+05:30,209.5,210.0,198.1,200.3,141754
2011-05-30 00:00:00+05:30,200.5,203.8,195.5,196.6,114028
2011-05-31 00:00:00+05:30,197.0,199.8,191.0,191.9,72162
2011-06-01 00:00:00+05:30,196.2,198.6,192.0,194.6,102954
2011-06-02 00:00:00+05:30,192.5,198.2,192.5,194.4,60318
2011-06-03 00:00:00+05:30,197.4,212.2,194.1,207.5,4786104
2011-06-06 00:00:00+05:30,207.5,213.5,201.2,203.6,353044
2011-06-07 00:00:00+05:30,204.8,210.4,204.8,207.9,180652
2011-06-08 00:00:00+05:30,207.5,214.4,207.5,210.4,279594
2011-06-09 00:00:00+05:30,210.6,215.2,209.0,209.9,133924
2011-06-10 00:00:00+05:30,212.0,212.0,202.2,204.7,132964
2011-06-13 00:00:00+05:30,204.8,208.0,202.5,202.9,88378
2011-06-14 00:00:00+05:30,203.8,206.1,198.1,199.7,692328
2011-06-15 00:00:00+05:30,200.0,205.5,199.5,200.2,596010
2011-06-16 00:00:00+05:30,198.5,201.6,196.5,197.2,29644
2011-06-17 00:00:00+05:30,198.0,201.2,194.8,199.6,179790
2011-06-20 00:00:00+05:30,202.5,202.5,190.0,195.2,62788
2011-06-21 00:00:00+05:30,195.2,198.8,193.2,198.2,26910
2011-06-22 00:00:00+05:30,197.5,198.5,193.8,197.5,37168
2011-06-23 00:00:00+05:30,195.0,199.8,193.3,198.9,26908
2011-06-24 00:00:00+05:30,205.0,207.0,197.6,198.7,313722
2011-06-27 00:00:00+05:30,198.2,204.0,198.2,201.6,253266
2011-06-28 00:00:00+05:30,202.5,208.7,201.6,203.8,833926
2011-06-29 00:00:00+05:30,206.8,209.7,205.6,208.2,244510
2011-06-30 00:00:00+05:30,209.8,215.0,208.0,211.1,224334
2011-07-01 00:00:00+05:30,211.8,216.2,206.3,208.0,241002
2011-07-04 00:00:00+05:30,209.8,211.3,206.6,210.0,29346
2011-07-05 00:00:00+05:30,210.5,212.4,209.5,210.9,203838
2011-07-06 00:00:00+05:30,211.2,211.8,208.1,209.0,10816
2011-07-07 00:00:00+05:30,210.9,213.7,208.2,212.5,30424
2011-07-08 00:00:00+05:30,213.5,218.8,208.1,210.1,207718
2011-07-11 00:00:00+05:30,217.5,217.5,208.3,213.0,186138
2011-07-12 00:00:00+05:30,211.2,214.2,208.0,209.3,21712
2011-07-13 00:00:00+05:30,212.1,217.5,210.6,211.7,37530
2011-07-14 00:00:00+05:30,213.4,213.5,210.6,212.4,10156
2011-07-15 00:00:00+05:30,211.4,213.2,207.8,208.9,17974
2011-07-18 00:00:00+05:30,210.2,212.0,207.5,208.0,10146
2011-07-19 00:00:00+05:30,212.4,212.4,206.2,210.1,21724
2011-07-20 00:00:00+05:30,212.4,217.5,208.1,210.1,229890
2011-07-21 00:00:00+05:30,208.8,214.4,208.8,210.0,29584
2011-07-22 00:00:00+05:30,211.5,212.4,209.5,210.2,18148
2011-07-25 00:00:00+05:30,209.0,211.2,208.2,210.1,19408
2011-07-26 00:00:00+05:30,211.2,211.2,206.2,210.4,18954
2011-07-27 00:00:00+05:30,211.0,212.2,208.3,210.0,8152
2011-07-28 00:00:00+05:30,210.0,213.8,203.4,205.0,88162
2011-07-29 00:00:00+05:30,203.8,207.0,201.0,202.4,514374
2011-08-01 00:00:00+05:30,200.0,204.2,198.8,201.5,253762
2011-08-02 00:00:00+05:30,203.9,203.9,196.4,200.0,598032
2011-08-03 00:00:00+05:30,197.5,199.5,194.0,196.7,36250
2011-08-04 00:00:00+05:30,199.5,203.0,198.8,201.0,27954
2011-08-05 00:00:00+05:30,192.5,198.0,188.1,196.4,45978
2011-08-08 00:00:00+05:30,181.9,193.2,181.9,191.3,38800
2011-08-09 00:00:00+05:30,192.5,192.5,185.8,190.0,67234
2011-08-10 00:00:00+05:30,198.0,198.5,193.1,197.2,22630
2011-08-11 00:00:00+05:30,196.2,200.0,194.0,198.8,11212
2011-08-12 00:00:00+05:30,198.5,201.2,195.2,197.4,143266
2011-08-16 00:00:00+05:30,200.0,212.1,193.2,197.1,404746
2011-08-17 00:00:00+05:30,195.2,199.7,194.5,197.7,20262
2011-08-18 00:00:00+05:30,195.8,197.0,191.1,192.6,165664
2011-08-19 00:00:00+05:30,191.5,191.6,185.3,186.7,169876
2011-08-22 00:00:00+05:30,179.2,187.2,176.6,180.3,168130
2011-08-23 00:00:00+05:30,194.8,194.8,176.5,179.9,142518
2011-08-24 00:00:00+05:30,179.2,182.5,177.5,179.9,73504
2011-08-25 00:00:00+05:30,177.8,182.7,177.2,180.8,36226
2011-08-26 00:00:00+05:30,182.5,186.0,174.0,176.0,80886
2011-08-29 00:00:00+05:30,176.8,182.1,175.2,176.6,31714
2011-08-30 00:00:00+05:30,179.4,183.7,177.5,181.0,35530
2011-09-02 00:00:00+05:30,181.2,184.9,177.8,182.5,66046
2011-09-05 00:00:00+05:30,185.0,185.6,179.8,180.6,37494
2011-09-06 00:00:00+05:30,181.0,182.5,178.2,179.7,10194
2011-09-07 00:00:00+05:30,179.9,183.2,178.8,180.9,31252
2011-09-08 00:00:00+05:30,178.1,182.5,178.1,180.5,101680
2011-09-09 00:00:00+05:30,181.0,181.0,177.8,178.8,22342
2011-09-12 00:00:00+05:30,179.2,179.9,176.2,178.2,90460
2011-09-13 00:00:00+05:30,179.0,179.0,176.6,177.6,55774
2011-09-14 00:00:00+05:30,176.3,181.2,176.2,178.8,47668
2011-09-15 00:00:00+05:30,180.0,181.2,178.5,180.1,15016
2011-09-16 00:00:00+05:30,180.2,181.2,178.8,179.7,10326
2011-09-19 00:00:00+05:30,178.8,179.6,176.6,179.2,5776
2011-09-20 00:00:00+05:30,176.6,182.0,176.6,181.4,16050
2011-09-21 00:00:00+05:30,180.2,191.8,180.2,184.2,665808
2011-09-22 00:00:00+05:30,184.5,185.0,180.6,182.4,19726
2011-09-23 00:00:00+05:30,175.6,182.8,173.2,179.8,145042
2011-09-26 00:00:00+05:30,171.2,180.0,171.2,177.0,28786
2011-09-27 00:00:00+05:30,175.2,181.8,175.2,178.7,10648
2011-09-28 00:00:00+05:30,177.0,187.2,177.0,184.4,27894
2011-09-29 00:00:00+05:30,180.0,186.2,180.0,181.8,36990
2011-09-30 00:00:00+05:30,180.3,185.7,178.8,182.4,9880
2011-10-03 00:00:00+05:30,179.0,181.2,177.5,180.1,17466
2011-10-04 00:00:00+05:30,178.2,183.7,178.2,181.9,74008
2011-10-05 00:00:00+05:30,180.0,182.5,178.1,180.4,7378
2011-10-07 00:00:00+05:30,182.5,182.5,178.8,181.0,6940
2011-10-10 00:00:00+05:30,183.7,183.7,180.4,182.5,9466
2011-10-11 00:00:00+05:30,181.5,186.0,181.5,183.1,3412
2011-10-12 00:00:00+05:30,183.5,186.2,178.8,183.9,17152
2011-10-13 00:00:00+05:30,183.1,186.2,183.1,184.2,11218
2011-10-14 00:00:00+05:30,183.8,185.8,183.2,184.3,6126
2011-10-17 00:00:00+05:30,197.5,197.5,185.0,187.9,5946
2011-10-18 00:00:00+05:30,187.6,187.6,180.1,184.3,3574
2011-10-19 00:00:00+05:30,185.0,192.2,181.4,184.0,316578
2011-10-20 00:00:00+05:30,182.5,187.4,181.6,184.0,245230
2011-10-21 00:00:00+05:30,183.2,185.0,178.8,181.8,18690
2011-10-24 00:00:00+05:30,181.8,185.0,181.8,183.3,10570
2011-10-25 00:00:00+05:30,182.5,184.8,181.4,181.7,5338
2011-10-28 00:00:00+05:30,182.8,185.5,178.8,183.9,13072
2011-10-31 00:00:00+05:30,183.8,187.4,182.5,186.8,17782
2011-11-01 00:00:00+05:30,187.2,187.4,185.0,186.0,8062
2011-11-02 00:00:00+05:30,187.5,190.0,185.2,186.8,17766
2011-11-03 00:00:00+05:30,187.5,187.5,185.2,186.6,6196
2011-11-04 00:00:00+05:30,211.1,211.1,186.5,193.7,17218
2011-11-08 00:00:00+05:30,195.0,198.8,193.2,198.2,24430
2011-11-09 00:00:00+05:30,198.2,198.8,191.5,192.5,21160
2011-11-11 00:00:00+05:30,191.2,195.0,190.2,192.7,9174
2011-11-14 00:00:00+05:30,195.0,195.0,190.3,192.2,7540
2011-11-15 00:00:00+05:30,193.5,193.5,184.6,189.2,24976
2011-11-16 00:00:00+05:30,180.6,188.0,180.6,186.1,11380
2011-11-17 00:00:00+05:30,185.5,188.2,182.9,184.6,7438
2011-11-18 00:00:00+05:30,182.5,184.9,180.8,183.4,6550
2011-11-21 00:00:00+05:30,184.9,184.9,178.0,179.5,14614
2011-11-22 00:00:00+05:30,177.8,184.7,177.8,183.2,7054
2011-11-23 00:00:00+05:30,179.1,183.7,179.1,182.5,24484
2011-11-24 00:00:00+05:30,182.8,182.8,179.2,181.2,25192
2011-11-25 00:00:00+05:30,181.5,184.4,181.2,181.4,9822
2011-11-28 00:00:00+05:30,183.0,188.5,154.2,186.1,56848
2011-11-29 00:00:00+05:30,186.2,187.5,183.8,185.2,3508
2011-11-30 00:00:00+05:30,184.8,184.8,181.0,181.7,7734
2011-12-01 00:00:00+05:30,182.5,186.9,182.5,183.0,8338
2011-12-02 00:00:00+05:30,184.7,187.5,181.7,186.3,7318
2011-12-05 00:00:00+05:30,182.5,188.7,182.5,186.4,5956
2011-12-07 00:00:00+05:30,193.8,193.8,190.0,193.0,35944
2011-12-08 00:00:00+05:30,195.0,195.0,188.8,190.2,10578
2011-12-09 00:00:00+05:30,189.8,192.2,187.3,189.1,13086
2011-12-12 00:00:00+05:30,190.5,192.2,182.8,183.8,20656
2011-12-13 00:00:00+05:30,184.2,187.8,183.1,184.8,34420
2011-12-14 00:00:00+05:30,186.2,188.7,183.4,184.2,12066
2011-12-15 00:00:00+05:30,183.8,185.0,178.8,179.9,27766
2011-12-16 00:00:00+05:30,180.0,182.4,174.4,175.2,26370
2011-12-19 00:00:00+05:30,175.0,177.5,164.5,172.8,32974
2011-12-20 00:00:00+05:30,173.8,175.0,170.2,171.1,216810
2011-12-21 00:00:00+05:30,173.5,173.5,169.0,171.6,46626
2011-12-22 00:00:00+05:30,168.8,169.2,166.3,167.4,65596
2011-12-23 00:00:00+05:30,172.0,172.2,169.5,170.5,5032
2011-12-26 00:00:00+05:30,174.8,177.4,170.0,176.1,19744
2011-12-27 00:00:00+05:30,175.0,177.8,173.0,174.8,15640
2011-12-28 00:00:00+05:30,173.0,178.5,173.0,175.1,8142
2011-12-29 00:00:00+05:30,175.1,175.5,173.8,174.4,5182
2011-12-30 00:00:00+05:30,174.3,176.5,170.2,172.5,19276
2012-01-02 00:00:00+05:30,175.0,179.5,173.8,174.3,8674
2012-01-03 00:00:00+05:30,178.2,178.2,175.0,176.4,6028
2012-01-04 00:00:00+05:30,175.3,181.4,175.3,179.5,14272
2012-01-05 00:00:00+05:30,182.5,182.5,177.5,178.8,44302
2012-01-06 00:00:00+05:30,180.0,180.0,178.8,178.8,9690
2012-01-09 00:00:00+05:30,178.8,182.5,177.5,179.7,4038
2012-01-10 00:00:00+05:30,179.2,182.0,178.7,179.6,45126
2012-01-11 00:00:00+05:30,180.0,181.2,178.8,179.7,10002
2012-01-12 00:00:00+05:30,178.8,180.6,175.1,176.0,182298
2012-01-13 00:00:00+05:30,176.5,181.2,170.0,172.1,28498
2012-01-16 00:00:00+05:30,172.5,175.0,171.2,173.4,32562
2012-01-17 00:00:00+05:30,176.7,179.7,174.9,177.6,24838
2012-01-18 00:00:00+05:30,179.8,179.9,176.5,177.6,286900
2012-01-19 00:00:00+05:30,180.4,180.4,176.2,177.5,14670
2012-01-20 00:00:00+05:30,177.5,180.0,176.5,177.2,216076
2012-01-23 00:00:00+05:30,178.8,181.2,177.5,179.5,9526
2012-01-24 00:00:00+05:30,180.0,180.5,177.5,179.1,197590
2012-01-25 00:00:00+05:30,180.5,181.8,177.8,178.4,411006
2012-01-27 00:00:00+05:30,179.3,181.2,178.0,178.7,319554
2012-01-30 00:00:00+05:30,170.6,181.2,167.1,178.8,426192
2012-01-31 00:00:00+05:30,178.8,183.5,178.8,179.9,18064
2012-02-01 00:00:00+05:30,181.0,181.0,177.5,179.0,17980
2012-02-02 00:00:00+05:30,179.8,180.0,177.8,179.7,25278
2012-02-03 00:00:00+05:30,178.0,180.5,177.5,179.8,55030
2012-02-06 00:00:00+05:30,182.5,187.5,178.8,183.2,115786
2012-02-07 00:00:00+05:30,184.5,185.2,181.2,184.1,17758
2012-02-08 00:00:00+05:30,181.5,184.7,181.5,182.6,6556
2012-02-09 00:00:00+05:30,182.5,183.5,180.3,181.6,20986
2012-02-10 00:00:00+05:30,184.5,184.7,181.3,182.1,4570
2012-02-13 00:00:00+05:30,182.0,185.0,181.2,183.8,16050
2012-02-14 00:00:00+05:30,181.5,190.0,179.8,185.1,227914
2012-02-15 00:00:00+05:30,189.2,191.8,182.5,186.8,544224
2012-02-16 00:00:00+05:30,188.8,196.2,186.3,193.3,55516
2012-02-17 00:00:00+05:30,196.2,199.8,192.5,194.2,43036
2012-02-21 00:00:00+05:30,194.0,197.5,191.8,196.4,32500
2012-02-22 00:00:00+05:30,195.5,197.1,188.8,190.5,21106
2012-02-23 00:00:00+05:30,189.2,192.5,186.4,192.2,10626
2012-02-24 00:00:00+05:30,193.6,195.5,190.2,191.3,10072
2012-02-27 00:00:00+05:30,188.8,192.0,186.4,189.7,24250
2012-02-28 00:00:00+05:30,191.0,193.0,189.5,192.3,10852
2012-02-29 00:00:00+05:30,191.8,194.2,188.0,189.4,24442
2012-03-01 00:00:00+05:30,192.0,192.0,188.5,190.2,6106
2012-03-02 00:00:00+05:30,192.5,192.5,188.2,190.1,6034
2012-03-05 00:00:00+05:30,190.0,192.5,184.3,187.4,35512
2012-03-06 00:00:00+05:30,187.5,188.8,184.2,185.6,39978
2012-03-07 00:00:00+05:30,187.5,188.7,185.5,186.8,275218
2012-03-09 00:00:00+05:30,185.0,193.5,185.0,192.4,48340
2012-03-12 00:00:00+05:30,193.4,193.4,191.0,192.5,41370
2012-03-13 00:00:00+05:30,192.7,193.0,189.8,192.5,70498
2012-03-14 00:00:00+05:30,193.4,193.7,188.8,190.7,416862
2012-03-15 00:00:00+05:30,190.8,193.3,190.0,191.0,120076
2012-03-16 00:00:00+05:30,191.5,192.8,187.5,189.9,7288
2012-03-19 00:00:00+05:30,188.2,191.5,186.5,187.3,5494
2012-03-20 00:00:00+05:30,186.8,189.7,181.3,185.4,452038
2012-03-21 00:00:00+05:30,186.2,187.2,183.1,183.9,26452
2012-03-22 00:00:00+05:30,184.8,184.9,178.8,179.8,156466
2012-03-23 00:00:00+05:30,181.5,184.5,180.3,182.0,180690
2012-03-26 00:00:00+05:30,192.5,192.5,181.2,184.0,115102
2012-03-27 00:00:00+05:30,182.5,185.8,181.4,183.4,386740
2012-03-28 00:00:00+05:30,182.5,183.5,182.0,183.2,20806
2012-03-29 00:00:00+05:30,180.5,183.6,180.0,182.0,20646
2012-03-30 00:00:00+05:30,180.1,185.0,180.1,183.6,63114
2012-04-02 00:00:00+05:30,185.0,185.0,182.0,183.7,69028
2012-04-03 00:00:00+05:30,184.0,185.0,182.6,183.2,126712
2012-04-04 00:00:00+05:30,184.0,184.5,182.8,183.8,77788
2012-04-09 00:00:00+05:30,180.0,183.8,180.0,182.3,11214
2012-04-10 00:00:00+05:30,183.7,183.7,180.4,182.9,22626
2012-04-11 00:00:00+05:30,182.5,183.7,181.2,181.5,141640
2012-04-12 00:00:00+05:30,183.8,183.8,181.2,183.0,166744
2012-04-13 00:00:00+05:30,188.8,188.8,181.5,183.6,107574
2012-04-16 00:00:00+05:30,185.0,190.0,181.9,187.5,97126
2012-04-17 00:00:00+05:30,188.8,188.8,182.8,184.8,33592
2012-04-18 00:00:00+05:30,187.2,187.2,182.0,182.7,118252
2012-04-19 00:00:00+05:30,184.2,184.2,177.6,181.3,96066
2012-04-20 00:00:00+05:30,181.7,182.9,179.1,181.0,34534
2012-04-23 00:00:00+05:30,176.6,181.2,176.6,179.9,55770
2012-04-24 00:00:00+05:30,179.9,180.0,177.1,179.0,87988
2012-04-25 00:00:00+05:30,184.0,184.0,177.7,180.0,156580
2012-04-26 00:00:00+05:30,180.2,185.0,178.8,184.5,29236
2012-04-27 00:00:00+05:30,182.8,185.6,181.8,184.7,14020
2012-04-30 00:00:00+05:30,183.7,184.7,183.2,183.6,8830
2012-05-02 00:00:00+05:30,185.0,185.0,181.3,182.7,50320
2012-05-03 00:00:00+05:30,181.0,184.8,180.3,181.9,39844
2012-05-04 00:00:00+05:30,181.5,187.5,181.5,184.3,19384
2012-05-07 00:00:00+05:30,185.5,185.5,181.6,182.7,11466
2012-05-08 00:00:00+05:30,181.0,185.0,181.0,182.5,5994
2012-05-09 00:00:00+05:30,184.8,184.8,181.2,182.6,14932
2012-05-10 00:00:00+05:30,184.8,184.8,181.9,182.7,22204
2012-05-11 00:00:00+05:30,182.4,184.2,181.5,183.9,10290
2012-05-14 00:00:00+05:30,188.8,188.8,182.0,183.8,18100
2012-05-15 00:00:00+05:30,183.8,185.5,183.8,184.6,14886
2012-05-16 00:00:00+05:30,181.3,188.2,181.3,183.6,20470
2012-05-17 00:00:00+05:30,183.6,189.9,183.5,188.2,47070
2012-05-18 00:00:00+05:30,186.2,193.6,175.6,179.6,339982
2012-05-21 00:00:00+05:30,181.2,181.5,175.0,175.6,71358
2012-05-22 00:00:00+05:30,175.2,180.8,165.8,172.3,228664
2012-05-23 00:00:00+05:30,171.6,172.5,171.1,171.4,96090
2012-05-24 00:00:00+05:30,171.4,174.2,168.8,170.0,39318
2012-05-25 00:00:00+05:30,172.3,172.3,165.3,166.9,143596
2012-05-28 00:00:00+05:30,167.2,167.5,165.2,165.6,20434
2012-05-29 00:00:00+05:30,165.5,165.5,156.6,157.7,86574
2012-05-30 00:00:00+05:30,157.7,157.8,153.6,156.2,90918
2012-05-31 00:00:00+05:30,156.0,157.4,154.8,155.2,86034
2012-06-01 00:00:00+05:30,154.8,155.2,154.2,154.8,42220
2012-06-04 00:00:00+05:30,154.2,158.8,153.2,156.1,153148
2012-06-05 00:00:00+05:30,154.5,156.2,153.8,154.8,106618
2012-06-06 00:00:00+05:30,155.0,159.2,155.0,157.7,26860
2012-06-07 00:00:00+05:30,155.9,159.2,155.8,158.7,58588
2012-06-08 00:00:00+05:30,156.8,159.4,155.6,157.8,24682
2012-06-11 00:00:00+05:30,158.0,159.0,156.8,158.2,15694
2012-06-12 00:00:00+05:30,159.1,160.0,156.0,157.3,15550
2012-06-13 00:00:00+05:30,161.8,162.5,153.4,154.1,34914
2012-06-14 00:00:00+05:30,156.2,156.2,153.9,155.1,8674
2012-06-15 00:00:00+05:30,155.0,157.7,153.9,156.3,35794
2012-06-18 00:00:00+05:30,157.5,158.7,154.6,157.9,30016
2012-06-19 00:00:00+05:30,158.7,158.7,153.0,154.3,79012
2012-06-20 00:00:00+05:30,154.4,157.4,153.8,155.7,17668
2012-06-21 00:00:00+05:30,155.8,156.2,152.5,153.2,65046
2012-06-22 00:00:00+05:30,173.5,173.5,152.8,154.8,11098
2012-06-25 00:00:00+05:30,155.0,155.0,152.5,152.7,37086
2012-06-26 00:00:00+05:30,152.8,153.9,150.4,151.1,50230
2012-06-27 00:00:00+05:30,152.0,153.7,146.6,148.3,152266
2012-06-28 00:00:00+05:30,148.2,151.0,142.8,145.3,512268
2012-06-29 00:00:00+05:30,145.5,155.5,143.2,151.6,425722
2012-07-02 00:00:00+05:30,151.5,157.5,151.5,156.8,46954
2012-07-03 00:00:00+05:30,157.0,165.0,157.0,162.3,221802
2012-07-04 00:00:00+05:30,162.0,164.5,162.0,163.1,16660
2012-07-05 00:00:00+05:30,164.2,167.0,162.0,165.4,11266
2012-07-06 00:00:00+05:30,166.0,168.0,165.8,167.2,19918
2012-07-09 00:00:00+05:30,167.5,167.5,162.5,164.1,14824
2012-07-10 00:00:00+05:30,163.5,167.4,163.5,164.1,8602
2012-07-11 00:00:00+05:30,165.0,166.0,161.9,162.4,6652
2012-07-12 00:00:00+05:30,160.6,165.5,160.5,163.5,4422
2012-07-13 00:00:00+05:30,166.2,167.0,161.3,163.0,8202
2012-07-16 00:00:00+05:30,163.0,163.5,158.8,159.8,9054
2012-07-17 00:00:00+05:30,159.8,161.0,155.6,156.9,4504
2012-07-18 00:00:00+05:30,156.2,159.2,155.2,156.0,5538
2012-07-19 00:00:00+05:30,152.5,160.5,152.5,158.0,8092
2012-07-20 00:00:00+05:30,156.5,159.5,155.0,155.7,29224
2012-07-23 00:00:00+05:30,158.2,158.5,154.2,156.6,4602
2012-07-24 00:00:00+05:30,155.2,179.5,153.0,175.8,1500094
2012-07-25 00:00:00+05:30,180.0,183.7,172.5,180.1,1211298
2012-07-26 00:00:00+05:30,180.6,183.7,173.5,175.5,376936
2012-07-27 00:00:00+05:30,177.2,177.7,168.8,170.6,50506
2012-07-30 00:00:00+05:30,171.8,176.8,171.8,173.4,42610
2012-07-31 00:00:00+05:30,174.2,175.0,169.2,170.1,34474
2012-08-01 00:00:00+05:30,172.4,176.2,170.8,175.1,56440
2012-08-02 00:00:00+05:30,176.0,177.4,174.7,176.6,40506
2012-08-03 00:00:00+05:30,176.9,178.7,174.6,177.6,32560
2012-08-06 00:00:00+05:30,176.7,178.8,176.7,177.8,15378
2012-08-07 00:00:00+05:30,177.8,183.0,177.8,180.0,32694
2012-08-08 00:00:00+05:30,181.0,189.6,180.0,182.7,115374
2012-08-09 00:00:00+05:30,184.0,192.0,180.2,187.6,158482
2012-08-10 00:00:00+05:30,189.6,205.7,188.8,195.4,649584
2012-08-13 00:00:00+05:30,193.7,197.8,190.2,191.8,183886
2012-08-14 00:00:00+05:30,191.8,198.7,191.8,196.2,90742
2012-08-16 00:00:00+05:30,196.2,203.7,195.8,199.8,140070
2012-08-17 00:00:00+05:30,202.4,202.4,193.8,198.5,64816
2012-08-21 00:00:00+05:30,200.0,202.0,195.0,199.4,129886
2012-08-22 00:00:00+05:30,199.4,207.5,197.0,199.5,214902
2012-08-23 00:00:00+05:30,202.1,204.5,196.5,197.6,136786
2012-08-24 00:00:00+05:30,196.2,199.4,196.2,196.4,67734
2012-08-27 00:00:00+05:30,196.2,197.8,191.6,192.3,12316
2012-08-28 00:00:00+05:30,191.3,196.0,190.2,193.9,23134
2012-08-29 00:00:00+05:30,193.7,193.7,185.3,186.1,26494
2012-08-30 00:00:00+05:30,186.5,187.5,182.8,185.8,37006
2012-08-31 00:00:00+05:30,180.9,194.5,180.9,190.5,56554
2012-09-03 00:00:00+05:30,191.5,193.5,188.8,189.2,11830
2012-09-04 00:00:00+05:30,189.0,192.0,187.6,189.3,18922
2012-09-05 00:00:00+05:30,187.8,192.0,187.8,190.2,9268
2012-09-06 00:00:00+05:30,190.0,197.2,190.0,196.8,40372
2012-09-07 00:00:00+05:30,199.8,203.8,197.8,203.2,113638
2012-09-10 00:00:00+05:30,206.2,211.9,202.8,207.9,362350
2012-09-11 00:00:00+05:30,211.2,215.4,208.2,214.1,138586
2012-09-12 00:00:00+05:30,217.4,219.8,212.2,213.4,74886
2012-09-13 00:00:00+05:30,222.2,224.8,212.8,222.2,129076
2012-09-14 00:00:00+05:30,202.4,227.5,202.4,217.0,66402
2012-09-17 00:00:00+05:30,217.5,221.2,207.5,209.0,114718
2012-09-18 00:00:00+05:30,210.5,211.0,202.5,204.2,42358
2012-09-20 00:00:00+05:30,200.0,204.0,196.6,197.9,80430
2012-09-21 00:00:00+05:30,204.2,213.0,200.4,209.2,182320
2012-09-24 00:00:00+05:30,212.5,212.5,200.5,202.0,199198
2012-09-25 00:00:00+05:30,203.4,203.4,195.5,197.4,160738
2012-09-26 00:00:00+05:30,197.8,198.0,192.1,193.1,94000
2012-09-27 00:00:00+05:30,192.5,195.1,187.8,191.5,569058
2012-09-28 00:00:00+05:30,194.2,197.4,192.1,193.5,38122
2012-10-01 00:00:00+05:30,196.2,196.2,192.5,194.3,20974
2012-10-03 00:00:00+05:30,199.0,199.0,192.5,193.4,31522
2012-10-04 00:00:00+05:30,192.5,196.5,192.5,195.5,95442
2012-10-05 00:00:00+05:30,196.2,198.5,192.7,196.0,28378
2012-10-08 00:00:00+05:30,196.5,196.7,192.9,194.4,14418
2012-10-09 00:00:00+05:30,193.8,195.0,192.8,193.8,15088
2012-10-10 00:00:00+05:30,193.8,194.5,188.3,190.3,20694
2012-10-11 00:00:00+05:30,192.5,193.8,190.0,192.5,13990
2012-10-12 00:00:00+05:30,192.0,196.8,192.0,195.6,21774
2012-10-15 00:00:00+05:30,197.0,206.4,196.0,200.0,94254
2012-10-16 00:00:00+05:30,202.5,203.7,199.0,200.2,29254
2012-10-17 00:00:00+05:30,200.5,203.5,198.3,199.5,28414
2012-10-18 00:00:00+05:30,199.5,205.0,199.1,202.2,30862
2012-10-19 00:00:00+05:30,202.3,207.5,179.5,185.3,804574
2012-10-22 00:00:00+05:30,182.8,184.8,180.0,182.4,245538
2012-10-23 00:00:00+05:30,182.4,185.0,178.8,179.5,39052
2012-10-25 00:00:00+05:30,180.0,181.2,174.8,177.8,79086
2012-10-26 00:00:00+05:30,180.0,181.3,176.0,178.1,72846
2012-10-29 00:00:00+05:30,181.0,181.0,174.8,175.4,65910
2012-10-30 00:00:00+05:30,177.4,177.4,173.0,173.8,335574
2012-10-31 00:00:00+05:30,172.6,173.8,170.0,170.6,34330
2012-11-01 00:00:00+05:30,170.5,172.4,166.5,167.6,61882
2012-11-02 00:00:00+05:30,171.7,171.7,165.1,168.2,107934
2012-11-05 00:00:00+05:30,167.5,169.0,165.2,166.4,544426
2012-11-06 00:00:00+05:30,165.8,166.4,165.0,165.8,90100
2012-11-07 00:00:00+05:30,165.8,166.8,164.0,166.0,60466
2012-11-08 00:00:00+05:30,165.8,166.2,163.0,163.8,40126
2012-11-09 00:00:00+05:30,163.8,165.5,162.0,162.6,55264
2012-11-12 00:00:00+05:30,162.8,163.8,160.0,160.4,34006
2012-11-13 00:00:00+05:30,162.5,163.8,160.2,161.8,15414
2012-11-15 00:00:00+05:30,162.0,163.8,158.8,160.4,69136
2012-11-16 00:00:00+05:30,160.8,165.5,159.0,162.4,325126
2012-11-19 00:00:00+05:30,160.5,171.2,160.5,165.2,211012
2012-11-20 00:00:00+05:30,166.3,170.1,165.6,168.6,50514
2012-11-21 00:00:00+05:30,170.0,176.9,168.0,174.4,152826
2012-11-22 00:00:00+05:30,174.2,175.6,170.0,174.2,75078
2012-11-23 00:00:00+05:30,175.0,177.6,172.1,176.5,84238
2012-11-26 00:00:00+05:30,176.2,178.5,176.1,177.8,27604
2012-11-27 00:00:00+05:30,178.8,183.3,177.5,181.6,44770
2012-11-29 00:00:00+05:30,182.2,187.0,180.3,185.3,50536
2012-11-30 00:00:00+05:30,184.3,192.4,179.4,182.4,843748
2012-12-03 00:00:00+05:30,181.9,186.2,180.8,183.8,114006
2012-12-04 00:00:00+05:30,184.2,185.8,182.5,183.8,218734
2012-12-05 00:00:00+05:30,183.8,184.8,181.0,182.5,29710
2012-12-06 00:00:00+05:30,182.6,184.7,181.4,182.7,31734
2012-12-07 00:00:00+05:30,182.2,184.0,181.3,182.6,24430
2012-12-10 00:00:00+05:30,182.0,187.0,178.8,179.3,44644
2012-12-11 00:00:00+05:30,180.0,184.0,179.0,179.8,101550
2012-12-12 00:00:00+05:30,181.8,183.0,178.9,180.9,224614
2012-12-13 00:00:00+05:30,180.0,181.7,177.0,177.7,59970
2012-12-14 00:00:00+05:30,176.8,181.2,176.0,177.7,21934
2012-12-17 00:00:00+05:30,175.0,180.6,175.0,177.3,103158
2012-12-18 00:00:00+05:30,176.6,179.7,175.5,176.4,9088
2012-12-19 00:00:00+05:30,175.7,178.8,174.5,175.1,141390
2012-12-20 00:00:00+05:30,180.5,180.5,174.6,175.0,39148
2012-12-21 00:00:00+05:30,173.8,176.2,173.5,174.8,78562
2012-12-24 00:00:00+05:30,173.0,176.2,172.5,175.0,26206
2012-12-26 00:00:00+05:30,175.5,175.5,167.5,171.2,657390
2012-12-27 00:00:00+05:30,174.1,174.9,167.6,170.3,54760
2012-12-28 00:00:00+05:30,170.0,174.7,168.9,172.8,29262
2012-12-31 00:00:00+05:30,174.7,177.2,169.0,171.2,48942
2013-01-01 00:00:00+05:30,175.8,176.8,169.7,172.1,18850
2013-01-02 00:00:00+05:30,172.6,175.2,170.8,174.1,121918
2013-01-03 00:00:00+05:30,175.0,175.0,171.3,171.9,17104
2013-01-04 00:00:00+05:30,170.2,173.6,170.2,171.9,19912
2013-01-07 00:00:00+05:30,173.2,176.3,173.2,174.8,96498
2013-01-08 00:00:00+05:30,174.9,175.5,171.8,172.9,12106
2013-01-09 00:00:00+05:30,173.0,174.5,172.2,172.5,4846
2013-01-10 00:00:00+05:30,173.7,181.0,172.5,175.6,34662
2013-01-11 00:00:00+05:30,176.5,186.8,175.8,177.1,338098
2013-01-14 00:00:00+05:30,175.0,178.8,172.5,175.4,21462
2013-01-15 00:00:00+05:30,175.6,178.8,174.5,178.0,21414
2013-01-16 00:00:00+05:30,175.0,177.5,172.8,174.6,8238
2013-01-17 00:00:00+05:30,174.5,180.0,173.5,174.4,23590
2013-01-18 00:00:00+05:30,173.8,175.0,170.4,171.1,97474
2013-01-21 00:00:00+05:30,170.1,177.5,170.1,173.2,21736
2013-01-22 00:00:00+05:30,170.2,175.0,167.8,168.7,91354
2013-01-23 00:00:00+05:30,168.9,172.1,165.0,165.4,26536
2013-01-24 00:00:00+05:30,169.2,170.0,163.2,164.7,156202
2013-01-25 00:00:00+05:30,162.5,167.5,155.8,157.7,428808
2013-01-28 00:00:00+05:30,164.9,171.2,157.0,158.1,1390624
2013-01-29 00:00:00+05:30,158.4,161.0,158.4,159.6,77800
2013-01-30 00:00:00+05:30,162.2,162.2,152.6,156.0,163414
2013-01-31 00:00:00+05:30,157.0,160.0,155.0,156.4,44010
2013-02-01 00:00:00+05:30,155.5,160.0,155.4,156.2,30594
2013-02-04 00:00:00+05:30,157.5,158.5,155.8,156.3,33882
2013-02-05 00:00:00+05:30,158.1,160.0,156.2,157.6,37842
2013-02-06 00:00:00+05:30,157.5,160.2,157.5,159.4,27964
2013-02-07 00:00:00+05:30,158.8,159.9,155.5,157.6,28206
2013-02-08 00:00:00+05:30,158.0,158.7,155.8,156.4,29218
2013-02-11 00:00:00+05:30,156.3,157.5,155.9,156.2,25254
2013-02-12 00:00:00+05:30,156.4,157.5,154.5,155.1,26106
2013-02-13 00:00:00+05:30,157.5,157.5,155.0,156.2,77782
2013-02-14 00:00:00+05:30,155.6,157.5,155.6,156.4,32634
2013-02-15 00:00:00+05:30,155.3,158.0,155.2,156.2,35290
2013-02-18 00:00:00+05:30,157.5,157.5,156.2,156.4,23128
2013-02-19 00:00:00+05:30,156.5,158.2,156.2,157.3,33190
2013-02-20 00:00:00+05:30,157.2,159.0,156.2,158.5,27882
2013-02-21 00:00:00+05:30,158.1,164.5,157.5,161.4,72592
2013-02-22 00:00:00+05:30,161.5,163.1,154.1,155.8,47682
2013-02-25 00:00:00+05:30,155.8,159.7,155.8,158.8,43774
2013-02-26 00:00:00+05:30,157.6,159.0,156.0,157.5,35236
2013-02-27 00:00:00+05:30,157.5,158.2,152.0,152.7,25648
2013-02-28 00:00:00+05:30,153.2,156.4,150.0,151.7,28290
2013-03-01 00:00:00+05:30,151.2,156.2,150.0,155.0,37096
2013-03-04 00:00:00+05:30,155.0,156.2,151.2,151.7,72628
2013-03-05 00:00:00+05:30,155.0,156.2,150.3,154.4,31204
2013-03-06 00:00:00+05:30,159.0,159.0,153.6,157.6,40758
2013-03-07 00:00:00+05:30,157.5,160.5,157.0,159.6,61888
2013-03-08 00:00:00+05:30,160.0,163.0,158.0,162.2,36034
2013-03-11 00:00:00+05:30,160.0,163.7,159.8,162.1,99138
2013-03-12 00:00:00+05:30,162.2,162.4,160.2,161.7,40666
2013-03-13 00:00:00+05:30,162.0,163.8,158.2,162.5,55534
2013-03-14 00:00:00+05:30,162.8,162.8,161.2,161.5,8550
2013-03-15 00:00:00+05:30,162.5,163.1,160.1,162.2,66330
2013-03-18 00:00:00+05:30,162.0,163.8,161.2,163.5,28086
2013-03-19 00:00:00+05:30,164.5,166.8,161.2,162.6,87940
2013-03-20 00:00:00+05:30,164.4,164.8,161.2,161.8,57136
2013-03-21 00:00:00+05:30,162.5,162.5,150.1,153.2,135378
2013-03-22 00:00:00+05:30,155.0,157.2,151.0,153.0,28654
2013-03-25 00:00:00+05:30,152.5,156.0,149.2,151.3,86914
2013-03-26 00:00:00+05:30,153.6,154.2,149.5,151.2,73578
2013-03-28 00:00:00+05:30,151.8,153.7,150.0,150.7,67038
2013-04-01 00:00:00+05:30,150.8,156.6,150.8,155.8,7144
2013-04-02 00:00:00+05:30,153.8,158.2,152.5,157.0,6762
2013-04-03 00:00:00+05:30,157.0,158.8,156.0,157.2,12738
2013-04-04 00:00:00+05:30,157.2,158.5,157.0,157.5,141606
2013-04-05 00:00:00+05:30,158.5,160.0,157.2,158.2,187474
2013-04-08 00:00:00+05:30,158.5,162.0,156.8,157.6,13786
2013-04-09 00:00:00+05:30,157.8,158.2,157.5,157.5,4126
2013-04-10 00:00:00+05:30,162.0,174.5,160.2,165.1,1145304
2013-04-11 00:00:00+05:30,167.2,171.0,161.9,168.4,201462
2013-04-12 00:00:00+05:30,169.2,170.0,163.8,168.4,90640
2013-04-15 00:00:00+05:30,172.5,172.5,164.5,165.7,106930
2013-04-16 00:00:00+05:30,164.8,167.1,160.1,165.1,217386
2013-04-17 00:00:00+05:30,163.8,167.2,161.2,162.3,51088
2013-04-18 00:00:00+05:30,161.3,164.7,160.8,161.8,37312
2013-04-22 00:00:00+05:30,161.0,162.2,158.8,159.9,13882
2013-04-23 00:00:00+05:30,161.0,161.0,156.3,156.9,39958
2013-04-25 00:00:00+05:30,156.9,158.0,153.8,154.2,184840
2013-04-26 00:00:00+05:30,156.2,158.5,151.0,151.5,26826
2013-04-29 00:00:00+05:30,155.0,155.0,152.5,153.5,7888
2013-04-30 00:00:00+05:30,153.9,155.8,151.4,152.4,10966
2013-05-02 00:00:00+05:30,151.5,155.0,151.2,153.0,34866
2013-05-03 00:00:00+05:30,154.9,154.9,151.5,152.2,15390
2013-05-06 00:00:00+05:30,155.0,155.0,151.2,152.3,11370
2013-05-07 00:00:00+05:30,155.0,157.2,151.2,153.2,54418
2013-05-08 00:00:00+05:30,157.0,157.0,152.2,152.9,36838
2013-05-09 00:00:00+05:30,155.8,155.8,152.6,153.5,10624
2013-05-10 00:00:00+05:30,155.2,155.2,151.4,153.9,22638
2013-05-13 00:00:00+05:30,152.5,155.0,150.0,151.0,25804
2013-05-14 00:00:00+05:30,153.7,153.8,151.2,152.6,39664
2013-05-15 00:00:00+05:30,152.5,154.2,151.6,152.5,33364
2013-05-16 00:00:00+05:30,156.1,159.8,152.5,156.8,94300
2013-05-17 00:00:00+05:30,153.8,158.5,153.0,154.0,20022
2013-05-20 00:00:00+05:30,153.8,155.7,153.2,153.6,36478
2013-05-21 00:00:00+05:30,154.5,156.2,152.8,153.1,84066
2013-05-22 00:00:00+05:30,153.5,154.9,152.1,153.6,43912
2013-05-23 00:00:00+05:30,153.7,155.8,152.2,154.6,34624
2013-05-24 00:00:00+05:30,153.0,166.2,151.8,162.1,205318
2013-05-27 00:00:00+05:30,163.5,166.9,161.4,166.0,207568
2013-05-28 00:00:00+05:30,167.5,172.0,165.0,169.8,86272
2013-05-29 00:00:00+05:30,168.5,175.0,167.0,171.9,122418
2013-05-30 00:00:00+05:30,166.8,173.5,166.8,171.4,58108
2013-05-31 00:00:00+05:30,170.8,179.5,170.0,175.7,234982
2013-06-03 00:00:00+05:30,176.2,178.8,171.5,173.7,33520
2013-06-04 00:00:00+05:30,178.0,178.0,172.5,173.2,187552
2013-06-05 00:00:00+05:30,175.0,175.6,171.0,171.6,121360
2013-06-06 00:00:00+05:30,172.5,180.4,170.3,173.0,254370
2013-06-07 00:00:00+05:30,171.3,177.0,169.6,170.8,419220
2013-06-10 00:00:00+05:30,170.1,174.2,170.1,171.4,20254
2013-06-11 00:00:00+05:30,171.2,174.2,170.4,173.7,105754
2013-06-12 00:00:00+05:30,171.3,172.5,170.4,171.2,38166
2013-06-13 00:00:00+05:30,171.2,172.2,171.2,171.2,12018
2013-06-14 00:00:00+05:30,171.3,173.5,171.2,171.3,14140
2013-06-17 00:00:00+05:30,171.8,174.0,171.4,173.3,8538
2013-06-18 00:00:00+05:30,172.0,179.8,172.0,178.2,40240
2013-06-19 00:00:00+05:30,179.0,185.6,177.0,182.3,93018
2013-06-20 00:00:00+05:30,180.0,185.0,175.1,177.0,93892
2013-06-21 00:00:00+05:30,179.7,182.5,177.5,177.6,61960
2013-06-24 00:00:00+05:30,177.8,179.8,175.0,177.6,40420
2013-06-25 00:00:00+05:30,175.8,181.2,173.6,178.4,104790
2013-06-26 00:00:00+05:30,181.8,182.0,175.6,178.5,222664
2013-06-27 00:00:00+05:30,178.8,179.6,171.8,174.0,18762
2013-06-28 00:00:00+05:30,174.8,180.3,172.0,178.8,83850
2013-07-01 00:00:00+05:30,177.0,192.2,177.0,187.6,50380
2013-07-02 00:00:00+05:30,187.8,189.8,183.2,184.6,97492
2013-07-03 00:00:00+05:30,184.5,185.2,177.5,178.7,16870
2013-07-04 00:00:00+05:30,179.0,184.5,179.0,183.8,48154
2013-07-05 00:00:00+05:30,183.2,187.2,183.2,185.1,15916
2013-07-08 00:00:00+05:30,185.0,187.0,184.5,186.7,15186
2013-07-09 00:00:00+05:30,186.2,195.4,186.2,190.1,152920
2013-07-10 00:00:00+05:30,190.0,191.5,187.5,188.0,13720
2013-07-11 00:00:00+05:30,188.8,194.5,187.6,193.8,77626
2013-07-12 00:00:00+05:30,194.0,198.5,191.4,197.4,66712
2013-07-15 00:00:00+05:30,195.3,202.4,195.3,200.1,40722
2013-07-16 00:00:00+05:30,196.2,201.2,192.5,200.0,169798
2013-07-17 00:00:00+05:30,196.5,203.1,196.5,200.0,115768
2013-07-18 00:00:00+05:30,201.2,203.5,198.6,199.0,44914
2013-07-19 00:00:00+05:30,197.6,215.0,197.6,201.8,743676
2013-07-22 00:00:00+05:30,201.8,203.4,197.6,199.4,226038
2013-07-23 00:00:00+05:30,200.7,200.8,195.2,196.0,60330
2013-07-24 00:00:00+05:30,196.2,197.0,185.5,187.4,62094
2013-07-25 00:00:00+05:30,184.6,187.5,179.2,180.7,39136
2013-07-26 00:00:00+05:30,181.2,182.8,175.0,175.8,63046
2013-07-29 00:00:00+05:30,175.0,184.5,175.0,182.6,101430
2013-07-30 00:00:00+05:30,184.5,189.6,179.6,181.2,65008
2013-07-31 00:00:00+05:30,180.0,182.5,175.0,181.8,126346
2013-08-01 00:00:00+05:30,177.9,183.8,177.9,182.6,19470
2013-08-02 00:00:00+05:30,182.8,185.0,181.3,184.4,22402
2013-08-05 00:00:00+05:30,182.8,186.5,182.8,185.0,10398
2013-08-06 00:00:00+05:30,192.5,194.1,189.4,192.2,167296
2013-08-07 00:00:00+05:30,191.2,198.4,191.2,196.3,102028
2013-08-08 00:00:00+05:30,196.5,198.2,194.8,196.4,79362
2013-08-12 00:00:00+05:30,197.5,202.5,196.2,200.9,85678
2013-08-13 00:00:00+05:30,197.0,198.2,191.3,195.9,66702
2013-08-14 00:00:00+05:30,198.7,198.7,194.0,196.3,261436
2013-08-16 00:00:00+05:30,195.0,197.5,192.2,195.0,49288
2013-08-19 00:00:00+05:30,191.8,195.7,188.0,195.2,15598
2013-08-20 00:00:00+05:30,195.0,197.2,188.4,193.9,46254
2013-08-21 00:00:00+05:30,192.5,195.0,187.5,190.1,51010
2013-08-22 00:00:00+05:30,188.2,193.7,184.7,192.2,230418
2013-08-23 00:00:00+05:30,193.8,197.2,192.2,195.2,53938
2013-08-26 00:00:00+05:30,196.5,199.7,195.8,196.8,20346
2013-08-27 00:00:00+05:30,196.5,197.5,195.8,196.7,27226
2013-08-28 00:00:00+05:30,194.1,201.2,191.4,199.9,72976
2013-08-29 00:00:00+05:30,200.0,208.5,197.0,206.2,82660
2013-08-30 00:00:00+05:30,206.5,210.0,204.0,208.2,47950
2013-09-02 00:00:00+05:30,210.0,218.0,209.5,212.7,112314
2013-09-03 00:00:00+05:30,207.8,217.5,207.8,215.0,97302
2013-09-04 00:00:00+05:30,215.5,217.5,204.0,207.3,122650
2013-09-05 00:00:00+05:30,205.2,211.9,203.4,207.3,87774
2013-09-06 00:00:00+05:30,206.0,208.3,204.2,206.2,67282
2013-09-10 00:00:00+05:30,205.0,207.5,202.5,203.8,79702
2013-09-11 00:00:00+05:30,206.5,206.5,201.8,202.5,102558
2013-09-12 00:00:00+05:30,202.8,204.9,202.8,204.3,15112
2013-09-13 00:00:00+05:30,205.0,209.0,204.2,205.6,51292
2013-09-16 00:00:00+05:30,205.0,210.0,205.0,208.4,28222
2013-09-17 00:00:00+05:30,208.2,214.5,208.2,212.7,53070
2013-09-18 00:00:00+05:30,214.3,215.0,211.8,214.7,17752
2013-09-19 00:00:00+05:30,215.0,217.3,213.0,213.9,35778
2013-09-20 00:00:00+05:30,211.3,217.5,208.0,213.2,130690
2013-09-23 00:00:00+05:30,211.5,216.6,210.2,213.1,17932
2013-09-24 00:00:00+05:30,216.2,216.2,210.1,213.3,15370
2013-09-25 00:00:00+05:30,211.2,217.5,211.2,216.6,34462
2013-09-26 00:00:00+05:30,213.8,217.5,211.8,213.8,118222
2013-09-27 00:00:00+05:30,210.3,215.0,210.3,213.8,249166
2013-09-30 00:00:00+05:30,215.0,216.2,208.4,211.5,124174
2013-10-01 00:00:00+05:30,210.0,217.5,208.8,216.6,22834
2013-10-03 00:00:00+05:30,215.5,221.0,215.1,220.0,30546
2013-10-04 00:00:00+05:30,217.8,223.5,215.9,221.7,35842
2013-10-07 00:00:00+05:30,221.9,227.0,221.9,225.6,42088
2013-10-08 00:00:00+05:30,227.0,240.4,223.0,236.7,260632
2013-10-09 00:00:00+05:30,236.2,248.8,233.2,246.9,363112
2013-10-10 00:00:00+05:30,246.8,258.8,246.8,253.1,323478
2013-10-11 00:00:00+05:30,251.2,261.2,251.2,258.9,340354
2013-10-14 00:00:00+05:30,258.2,267.1,256.8,261.9,343414
2013-10-15 00:00:00+05:30,264.2,267.5,251.2,253.1,76570
2013-10-17 00:00:00+05:30,251.2,259.5,235.2,239.6,66898
2013-10-18 00:00:00+05:30,240.0,240.0,226.8,237.8,82180
2013-10-21 00:00:00+05:30,240.0,246.2,234.0,236.2,47320
2013-10-22 00:00:00+05:30,234.5,240.5,228.8,232.8,33186
2013-10-23 00:00:00+05:30,232.5,239.2,222.8,227.4,49120
2013-10-24 00:00:00+05:30,228.8,238.8,225.7,231.8,247498
2013-10-25 00:00:00+05:30,232.5,256.2,232.5,245.0,1212856
2013-10-28 00:00:00+05:30,245.3,267.8,245.3,262.3,669534
2013-10-29 00:00:00+05:30,261.0,262.2,250.0,253.3,110272
2013-10-30 00:00:00+05:30,256.6,260.0,248.8,252.7,81988
2013-10-31 00:00:00+05:30,258.2,258.2,247.5,250.6,48430
2013-11-01 00:00:00+05:30,251.7,255.5,248.8,252.1,43302
2013-11-05 00:00:00+05:30,256.2,261.7,250.6,257.4,245362
2013-11-06 00:00:00+05:30,257.2,293.8,253.9,281.6,951880
2013-11-07 00:00:00+05:30,282.8,292.0,281.5,285.8,446950
2013-11-08 00:00:00+05:30,286.1,292.5,281.0,285.8,308896
2013-11-11 00:00:00+05:30,283.6,284.5,271.8,276.2,87352
2013-11-12 00:00:00+05:30,272.8,287.4,272.8,278.5,60088
2013-11-13 00:00:00+05:30,281.2,285.5,270.0,283.1,502822
2013-11-14 00:00:00+05:30,283.2,305.0,283.2,300.6,1589134
2013-11-18 00:00:00+05:30,301.2,311.0,285.2,288.0,228316
2013-11-19 00:00:00+05:30,289.9,295.0,288.0,289.9,62608
2013-11-20 00:00:00+05:30,290.0,292.0,281.7,284.1,43324
2013-11-21 00:00:00+05:30,285.2,285.2,272.5,273.3,61198
2013-11-22 00:00:00+05:30,276.6,282.4,270.2,271.9,82456
2013-11-25 00:00:00+05:30,275.0,280.0,273.2,277.4,42040
2013-11-26 00:00:00+05:30,273.3,288.0,273.3,284.8,57304
2013-11-27 00:00:00+05:30,283.0,291.0,277.5,278.5,34486
2013-11-28 00:00:00+05:30,276.5,282.5,266.8,271.4,64614
2013-11-29 00:00:00+05:30,272.8,281.2,269.6,271.3,48670
2013-12-02 00:00:00+05:30,273.7,277.5,270.0,272.9,31426
2013-12-03 00:00:00+05:30,271.5,279.5,268.0,271.9,403356
2013-12-04 00:00:00+05:30,274.5,274.5,263.0,264.8,83958
2013-12-05 00:00:00+05:30,270.6,270.6,265.0,268.6,38886
2013-12-06 00:00:00+05:30,270.0,277.2,268.8,271.3,107022
2013-12-09 00:00:00+05:30,273.0,274.0,253.8,259.4,77922
2013-12-10 00:00:00+05:30,261.2,268.6,261.2,262.1,501948
2013-12-11 00:00:00+05:30,262.5,264.9,257.5,260.5,169542
2013-12-12 00:00:00+05:30,260.6,262.5,257.8,259.0,15928
2013-12-13 00:00:00+05:30,260.0,260.0,252.8,255.0,25422
2013-12-16 00:00:00+05:30,258.7,274.7,251.8,272.0,442956
2013-12-17 00:00:00+05:30,272.5,280.6,265.0,266.5,219354
2013-12-18 00:00:00+05:30,268.6,268.6,263.0,264.8,19230
2013-12-19 00:00:00+05:30,269.5,273.8,265.0,267.4,93718
2013-12-20 00:00:00+05:30,269.0,278.8,266.5,275.0,678678
2013-12-23 00:00:00+05:30,277.3,281.7,270.6,275.4,282966
2013-12-24 00:00:00+05:30,277.8,280.0,272.2,273.9,184974
2013-12-26 00:00:00+05:30,275.6,275.8,265.5,266.8,148732
2013-12-27 00:00:00+05:30,267.5,271.8,263.7,264.8,183130
2013-12-30 00:00:00+05:30,266.2,269.8,262.5,263.4,54066
2013-12-31 00:00:00+05:30,263.8,267.5,262.5,266.3,68914
2014-01-01 00:00:00+05:30,268.7,274.8,265.0,268.7,110404
2014-01-02 00:00:00+05:30,272.0,272.5,266.2,267.1,102934
2014-01-03 00:00:00+05:30,267.5,269.9,263.8,268.4,82624
2014-01-06 00:00:00+05:30,268.1,271.2,264.5,265.3,59824
2014-01-07 00:00:00+05:30,271.2,271.2,259.0,261.8,235974
2014-01-08 00:00:00+05:30,265.0,265.0,255.3,257.2,215080
2014-01-09 00:00:00+05:30,257.5,263.7,257.3,261.2,405562
2014-01-10 00:00:00+05:30,263.8,278.8,263.8,276.3,916824
2014-01-13 00:00:00+05:30,278.4,284.2,269.4,273.1,461190
2014-01-14 00:00:00+05:30,275.8,279.7,274.4,277.0,113068
2014-01-15 00:00:00+05:30,277.5,281.2,272.6,274.8,73738
2014-01-16 00:00:00+05:30,277.2,286.9,273.8,283.4,176752
2014-01-17 00:00:00+05:30,285.8,285.8,270.5,273.9,119800
2014-01-20 00:00:00+05:30,277.8,296.0,275.0,291.4,358542
2014-01-21 00:00:00+05:30,293.7,297.5,273.8,285.6,610714
2014-01-22 00:00:00+05:30,283.8,291.0,283.3,287.7,106060
2014-01-23 00:00:00+05:30,287.5,289.7,286.0,288.1,29236
2014-01-24 00:00:00+05:30,286.2,290.0,286.2,287.7,62032
2014-01-27 00:00:00+05:30,281.2,291.2,279.7,289.0,97900
2014-01-28 00:00:00+05:30,288.7,303.7,285.0,300.0,292978
2014-01-29 00:00:00+05:30,303.2,306.0,300.3,303.9,79938
2014-01-30 00:00:00+05:30,302.5,311.6,299.4,304.3,113914
2014-01-31 00:00:00+05:30,305.0,310.4,301.2,304.8,36676
2014-02-03 00:00:00+05:30,297.2,314.2,297.2,309.5,83458
2014-02-04 00:00:00+05:30,308.8,312.0,301.8,304.1,151434
2014-02-05 00:00:00+05:30,305.0,305.0,295.5,298.8,34312
2014-02-06 00:00:00+05:30,298.9,300.0,281.5,284.4,53014
2014-02-07 00:00:00+05:30,284.0,291.2,279.8,281.5,37402
2014-02-10 00:00:00+05:30,285.0,291.2,283.0,288.3,36606
2014-02-11 00:00:00+05:30,286.0,297.4,286.0,292.4,45562
2014-02-12 00:00:00+05:30,292.5,310.0,292.5,301.2,52864
2014-02-13 00:00:00+05:30,303.0,308.0,295.2,297.2,95502
2014-02-14 00:00:00+05:30,301.0,308.7,298.2,304.6,70566
2014-02-17 00:00:00+05:30,304.5,308.8,304.5,307.2,39006
2014-02-18 00:00:00+05:30,305.5,311.0,298.8,302.5,87846
2014-02-19 00:00:00+05:30,304.7,310.0,304.7,308.2,47620
2014-02-20 00:00:00+05:30,308.0,342.8,307.8,329.8,945454
2014-02-21 00:00:00+05:30,330.0,339.2,321.3,327.4,328134
2014-02-24 00:00:00+05:30,328.2,337.5,328.2,332.1,142072
2014-02-25 00:00:00+05:30,334.8,338.0,331.2,334.8,181854
2014-02-26 00:00:00+05:30,334.7,341.2,333.6,335.1,253630
2014-02-28 00:00:00+05:30,335.4,338.1,331.2,333.1,100326
2014-03-03 00:00:00+05:30,332.5,332.5,328.0,330.8,91890
2014-03-04 00:00:00+05:30,333.0,333.0,316.2,319.6,109402
2014-03-05 00:00:00+05:30,320.0,324.2,319.1,321.4,72322
2014-03-06 00:00:00+05:30,322.0,333.8,317.5,320.2,100354
2014-03-07 00:00:00+05:30,329.9,329.9,296.2,302.0,205114
2014-03-10 00:00:00+05:30,317.6,317.6,286.4,287.0,142830
2014-03-11 00:00:00+05:30,281.5,307.5,281.5,297.7,174748
2014-03-12 00:00:00+05:30,300.0,300.0,294.0,294.9,49216
2014-03-13 00:00:00+05:30,295.8,297.5,287.8,289.0,78466
2014-03-14 00:00:00+05:30,291.2,292.2,285.2,286.4,44452
2014-03-18 00:00:00+05:30,288.8,291.2,282.5,284.0,19986
2014-03-19 00:00:00+05:30,283.0,287.3,271.5,272.6,112012
2014-03-20 00:00:00+05:30,282.0,282.0,272.5,274.4,72930
2014-03-21 00:00:00+05:30,272.1,276.0,265.0,265.6,149860
2014-03-24 00:00:00+05:30,274.9,277.5,270.0,273.0,134034
2014-03-25 00:00:00+05:30,270.5,276.0,270.5,274.6,73012
2014-03-26 00:00:00+05:30,275.0,280.0,269.0,269.9,112746
2014-03-27 00:00:00+05:30,274.2,274.2,262.0,264.9,60574
2014-03-28 00:00:00+05:30,268.6,268.7,257.5,260.9,154138
2014-03-31 00:00:00+05:30,267.5,267.5,260.8,265.3,116008
2014-04-01 00:00:00+05:30,267.8,278.3,267.5,273.7,106372
2014-04-02 00:00:00+05:30,275.2,284.0,275.0,279.0,382084
2014-04-03 00:00:00+05:30,281.2,300.0,277.5,293.2,217126
2014-04-04 00:00:00+05:30,293.2,317.5,293.2,310.6,982954
2014-04-07 00:00:00+05:30,313.2,320.0,296.5,306.6,632082
2014-04-09 00:00:00+05:30,301.2,312.5,301.2,308.9,40518
2014-04-10 00:00:00+05:30,310.0,312.4,299.2,305.5,751668
2014-04-11 00:00:00+05:30,302.2,309.8,298.2,306.5,520570
2014-04-15 00:00:00+05:30,316.8,316.8,303.8,307.7,32140
2014-04-16 00:00:00+05:30,307.0,312.5,306.3,309.1,52626
2014-04-17 00:00:00+05:30,309.1,315.0,302.9,310.8,36582
2014-04-21 00:00:00+05:30,311.8,312.5,307.5,308.0,20980
2014-04-22 00:00:00+05:30,302.5,313.8,302.5,311.1,38350
2014-04-23 00:00:00+05:30,311.0,312.5,306.2,307.5,34806
2014-04-25 00:00:00+05:30,308.8,309.9,290.8,300.4,176512
2014-04-28 00:00:00+05:30,301.2,307.2,297.2,302.2,40494
2014-04-29 00:00:00+05:30,305.0,306.1,295.4,304.5,90310
2014-04-30 00:00:00+05:30,306.2,306.2,300.4,303.3,56704
2014-05-02 00:00:00+05:30,300.1,314.8,300.1,310.0,552924
2014-05-05 00:00:00+05:30,309.5,312.5,309.5,311.3,180382
2014-05-06 00:00:00+05:30,311.2,315.2,307.5,309.4,11962
2014-05-07 00:00:00+05:30,312.5,312.5,300.5,302.2,52108
2014-05-08 00:00:00+05:30,304.7,306.1,295.1,302.7,34090
2014-05-09 00:00:00+05:30,302.3,307.0,297.6,305.5,12138
2014-05-12 00:00:00+05:30,304.8,312.5,298.0,311.5,45364
2014-05-13 00:00:00+05:30,311.2,318.6,307.8,315.9,62410
2014-05-14 00:00:00+05:30,315.0,318.8,314.1,316.6,64174
2014-05-15 00:00:00+05:30,313.6,316.2,306.0,307.6,32778
2014-05-16 00:00:00+05:30,316.2,316.2,290.2,305.5,254274
2014-05-19 00:00:00+05:30,303.0,305.5,295.0,295.4,88522
2014-05-20 00:00:00+05:30,294.5,304.8,292.6,301.2,117748
2014-05-21 00:00:00+05:30,304.0,304.3,282.8,287.3,137634
2014-05-22 00:00:00+05:30,287.3,290.9,277.9,280.6,510274
2014-05-23 00:00:00+05:30,279.0,282.5,276.0,277.7,70594
2014-05-26 00:00:00+05:30,292.5,292.5,266.6,269.5,204358
2014-05-27 00:00:00+05:30,272.7,273.0,262.9,268.8,290442
2014-05-28 00:00:00+05:30,273.1,273.8,266.8,268.1,67516
2014-05-29 00:00:00+05:30,270.7,272.5,265.5,269.8,244410
2014-05-30 00:00:00+05:30,270.8,282.5,267.0,273.8,97282
2014-06-02 00:00:00+05:30,275.5,288.8,275.5,282.0,111354
2014-06-03 00:00:00+05:30,282.5,302.5,282.5,299.8,193624
2014-06-04 00:00:00+05:30,302.5,304.7,287.1,293.8,81322
2014-06-05 00:00:00+05:30,291.2,295.2,281.5,284.5,71188
2014-06-06 00:00:00+05:30,289.8,292.2,282.7,290.5,50536
2014-06-09 00:00:00+05:30,294.5,301.2,290.7,299.2,38878
2014-06-10 00:00:00+05:30,298.7,301.5,292.5,298.7,51088
2014-06-11 00:00:00+05:30,298.8,302.5,290.0,293.1,217516
2014-06-12 00:00:00+05:30,293.8,293.8,288.0,290.0,160138
2014-06-13 00:00:00+05:30,290.0,302.4,288.8,292.3,261268
2014-06-16 00:00:00+05:30,293.8,298.4,290.3,293.5,30174
2014-06-17 00:00:00+05:30,295.0,300.7,294.0,294.7,236236
2014-06-18 00:00:00+05:30,296.0,299.0,285.2,288.5,63550
2014-06-19 00:00:00+05:30,295.0,295.0,289.3,292.8,30918
2014-06-20 00:00:00+05:30,294.2,299.5,292.1,293.0,74500
2014-06-23 00:00:00+05:30,292.0,296.7,289.2,291.4,29778
2014-06-24 00:00:00+05:30,289.4,295.0,289.4,292.9,66580
2014-06-25 00:00:00+05:30,290.0,293.8,289.0,291.1,71838
2014-06-26 00:00:00+05:30,290.1,292.5,289.0,291.1,31828
2014-06-27 00:00:00+05:30,291.0,292.3,289.0,290.0,259914
2014-06-30 00:00:00+05:30,290.5,298.5,289.2,289.9,172276
2014-07-01 00:00:00+05:30,293.2,297.5,292.0,292.6,112002
2014-07-02 00:00:00+05:30,287.5,293.8,283.8,290.4,89458
2014-07-03 00:00:00+05:30,291.2,296.0,287.4,290.3,125566
2014-07-04 00:00:00+05:30,291.8,293.7,290.0,292.4,82120
2014-07-07 00:00:00+05:30,292.4,312.0,291.4,301.7,215586
2014-07-08 00:00:00+05:30,302.5,318.4,300.3,303.0,175998
2014-07-09 00:00:00+05:30,307.5,312.8,299.0,305.3,149686
2014-07-10 00:00:00+05:30,302.5,310.0,302.5,308.4,68992
2014-07-11 00:00:00+05:30,309.0,313.8,299.8,308.6,56694
2014-07-14 00:00:00+05:30,310.5,313.1,293.0,297.6,71910
2014-07-15 00:00:00+05:30,300.2,303.7,285.2,291.5,96298
2014-07-16 00:00:00+05:30,291.5,297.5,289.5,290.0,29802
2014-07-17 00:00:00+05:30,296.0,321.8,291.0,294.9,42172
2014-07-18 00:00:00+05:30,292.8,297.5,291.3,292.9,23862
2014-07-21 00:00:00+05:30,292.8,296.6,274.3,276.3,182662
2014-07-22 00:00:00+05:30,276.3,286.2,276.3,281.0,65104
2014-07-23 00:00:00+05:30,288.2,303.5,283.8,299.6,427102
2014-07-24 00:00:00+05:30,301.0,312.0,300.0,302.3,264430
2014-07-25 00:00:00+05:30,298.2,310.0,297.5,309.5,70830
2014-07-28 00:00:00+05:30,312.2,312.2,302.9,306.1,25182
2014-07-30 00:00:00+05:30,306.1,309.6,297.9,308.1,33910
2014-07-31 00:00:00+05:30,306.8,331.2,305.0,322.9,607402
2014-08-01 00:00:00+05:30,324.5,328.2,315.0,322.8,116836
2014-08-04 00:00:00+05:30,325.0,325.0,314.5,315.6,128500
2014-08-05 00:00:00+05:30,312.8,331.4,312.8,329.0,578638
2014-08-06 00:00:00+05:30,330.0,332.2,319.0,320.4,81700
2014-08-07 00:00:00+05:30,320.4,320.4,299.7,305.2,97794
2014-08-08 00:00:00+05:30,313.0,313.0,301.2,302.4,50706
2014-08-11 00:00:00+05:30,308.7,312.4,302.2,306.7,84520
2014-08-12 00:00:00+05:30,307.5,311.5,304.5,310.1,66436
2014-08-13 00:00:00+05:30,312.5,314.0,307.4,312.7,29488
2014-08-14 00:00:00+05:30,312.7,316.6,310.0,314.8,40590
2014-08-18 00:00:00+05:30,312.8,324.4,312.8,322.8,38158
2014-08-19 00:00:00+05:30,319.5,323.9,315.0,317.3,19636
2014-08-20 00:00:00+05:30,318.2,318.2,312.0,313.4,40242
2014-08-21 00:00:00+05:30,314.2,323.5,311.5,318.1,28768
2014-08-22 00:00:00+05:30,317.4,322.5,312.5,316.4,37444
2014-08-25 00:00:00+05:30,316.4,322.0,310.9,320.4,42954
2014-08-26 00:00:00+05:30,318.8,324.7,318.8,322.4,47146
2014-08-27 00:00:00+05:30,322.5,351.9,322.5,339.8,622846
2014-08-28 00:00:00+05:30,343.0,343.0,335.6,340.1,89890
2014-09-01 00:00:00+05:30,343.8,361.2,334.2,343.6,698242
2014-09-02 00:00:00+05:30,342.8,346.5,337.5,338.9,604980
2014-09-03 00:00:00+05:30,337.8,343.8,337.5,341.5,127300
2014-09-04 00:00:00+05:30,345.0,345.0,332.6,336.0,140562
2014-09-05 00:00:00+05:30,339.8,340.7,329.5,331.4,215274
2014-09-08 00:00:00+05:30,331.8,340.0,331.8,337.4,66418
2014-09-09 00:00:00+05:30,331.2,341.2,326.6,328.5,37318
2014-09-10 00:00:00+05:30,328.8,337.3,328.0,328.8,25534
2014-09-11 00:00:00+05:30,325.8,348.7,325.8,335.7,193494
2014-09-12 00:00:00+05:30,333.8,339.1,333.8,336.6,77370
2014-09-15 00:00:00+05:30,333.2,353.5,332.2,349.0,133342
2014-09-16 00:00:00+05:30,349.0,349.0,338.7,344.0,156472
2014-09-17 00:00:00+05:30,342.5,342.5,339.2,339.8,62706
2014-09-18 00:00:00+05:30,341.8,347.2,336.6,338.8,93010
2014-09-19 00:00:00+05:30,342.5,351.2,342.5,347.1,460210
2014-09-22 00:00:00+05:30,345.0,350.2,341.3,343.7,214654
2014-09-23 00:00:00+05:30,341.3,345.0,333.8,337.1,31074
2014-09-24 00:00:00+05:30,334.4,342.5,330.2,334.3,44094
2014-09-25 00:00:00+05:30,332.8,337.5,331.2,335.6,19138
2014-09-26 00:00:00+05:30,333.3,338.8,331.2,338.0,47938
2014-09-29 00:00:00+05:30,335.2,349.5,330.3,347.5,318868
2014-09-30 00:00:00+05:30,344.0,350.0,342.5,348.4,444816
2014-10-01 00:00:00+05:30,345.0,360.6,345.0,352.0,225078
2014-10-07 00:00:00+05:30,352.0,360.5,338.8,342.6,173298
2014-10-08 00:00:00+05:30,339.8,346.0,335.4,342.1,25894
2014-10-09 00:00:00+05:30,341.3,347.1,339.5,342.0,22522
2014-10-10 00:00:00+05:30,340.4,346.5,339.5,344.2,11530
2014-10-13 00:00:00+05:30,342.5,350.0,339.4,340.5,30634
2014-10-14 00:00:00+05:30,342.3,347.2,340.3,344.2,24558
2014-10-16 00:00:00+05:30,342.8,350.0,326.2,333.7,59680
2014-10-17 00:00:00+05:30,332.8,342.5,326.2,340.1,31714
2014-10-20 00:00:00+05:30,347.0,347.0,336.0,338.1,23548
2014-10-21 00:00:00+05:30,338.8,348.5,338.8,341.5,29650
2014-10-22 00:00:00+05:30,345.6,346.5,338.0,343.8,226086
2014-10-23 00:00:00+05:30,344.0,349.7,342.7,345.7,4648
2014-10-27 00:00:00+05:30,346.2,347.5,339.0,340.2,9658
2014-10-28 00:00:00+05:30,340.2,344.3,335.8,337.8,32022
2014-10-29 00:00:00+05:30,338.0,338.1,336.5,337.9,298018
2014-10-30 00:00:00+05:30,342.5,342.5,333.5,337.0,310470
2014-10-31 00:00:00+05:30,332.8,332.8,320.4,324.8,247162
2014-11-03 00:00:00+05:30,330.0,330.0,322.0,327.4,54850
2014-11-05 00:00:00+05:30,328.5,329.5,323.8,325.8,218098
2014-11-07 00:00:00+05:30,325.0,327.5,320.1,323.8,74620
2014-11-10 00:00:00+05:30,323.8,328.8,323.8,325.4,166264
2014-11-11 00:00:00+05:30,328.8,328.8,324.3,325.3,123304
2014-11-12 00:00:00+05:30,325.0,325.4,320.0,320.8,170068
2014-11-13 00:00:00+05:30,320.0,325.0,317.5,322.6,276234
2014-11-14 00:00:00+05:30,322.5,325.8,322.5,323.6,187180
2014-11-17 00:00:00+05:30,323.6,323.6,319.8,321.4,29662
2014-11-18 00:00:00+05:30,325.0,325.0,308.8,310.1,288450
2014-11-19 00:00:00+05:30,318.0,318.0,300.7,304.2,248310
2014-11-20 00:00:00+05:30,305.5,312.0,305.5,310.4,23458
2014-11-21 00:00:00+05:30,321.0,321.0,303.2,313.2,29164
2014-11-24 00:00:00+05:30,312.5,326.4,312.5,320.0,215968
2014-11-25 00:00:00+05:30,320.0,323.8,316.0,321.9,44566
2014-11-26 00:00:00+05:30,318.6,322.3,315.0,320.0,38794
2014-11-27 00:00:00+05:30,316.8,320.0,314.8,317.9,21094
2014-11-28 00:00:00+05:30,316.3,320.0,312.3,314.6,51162
2014-12-01 00:00:00+05:30,316.2,320.8,310.8,313.6,61942
2014-12-02 00:00:00+05:30,314.6,316.7,312.0,314.6,155938
2014-12-03 00:00:00+05:30,315.7,317.2,312.0,312.9,40110
2014-12-04 00:00:00+05:30,313.0,317.0,312.8,314.4,77260
2014-12-05 00:00:00+05:30,316.2,316.2,310.2,311.1,435420
2014-12-08 00:00:00+05:30,312.5,312.5,292.5,295.6,193362
2014-12-09 00:00:00+05:30,299.8,310.0,296.5,299.1,216630
2014-12-10 00:00:00+05:30,299.1,304.5,299.1,301.4,80674
2014-12-11 00:00:00+05:30,303.2,303.2,295.9,299.5,237118
2014-12-12 00:00:00+05:30,301.5,309.1,295.0,300.3,401436
2014-12-15 00:00:00+05:30,298.5,306.2,295.8,304.4,46060
2014-12-16 00:00:00+05:30,306.2,306.2,300.0,302.6,47958
2014-12-17 00:00:00+05:30,300.8,304.7,292.8,303.8,66028
2014-12-18 00:00:00+05:30,301.0,312.5,300.6,309.1,22114
2014-12-19 00:00:00+05:30,306.0,313.5,306.0,308.2,32898
2014-12-22 00:00:00+05:30,307.9,317.5,305.4,313.0,121210
2014-12-23 00:00:00+05:30,310.0,322.5,310.0,321.1,85600
2014-12-24 00:00:00+05:30,319.1,325.0,318.6,323.3,60826
2014-12-26 00:00:00+05:30,322.0,325.0,316.5,318.9,18532
2014-12-29 00:00:00+05:30,317.2,328.8,315.0,327.6,58266
2014-12-30 00:00:00+05:30,325.5,333.8,322.3,328.5,32704
2014-12-31 00:00:00+05:30,326.5,328.8,325.3,326.8,59860
2015-01-01 00:00:00+05:30,325.6,329.1,322.0,323.2,9430
2015-01-02 00:00:00+05:30,325.3,334.4,325.0,331.9,48144
2015-01-05 00:00:00+05:30,331.8,335.6,329.6,331.9,71158
2015-01-06 00:00:00+05:30,333.3,333.4,315.3,318.4,47916
2015-01-07 00:00:00+05:30,315.3,327.5,315.3,318.7,27300
2015-01-08 00:00:00+05:30,316.4,331.4,316.4,328.5,48948
2015-01-09 00:00:00+05:30,325.9,330.6,325.3,327.7,21136
2015-01-12 00:00:00+05:30,331.8,332.1,324.4,327.1,17154
2015-01-13 00:00:00+05:30,325.4,330.8,323.3,327.7,33334
2015-01-14 00:00:00+05:30,325.8,329.3,322.8,327.4,26272
2015-01-15 00:00:00+05:30,324.9,330.6,324.7,327.0,16126
2015-01-16 00:00:00+05:30,326.2,329.9,325.8,327.6,8452
2015-01-19 00:00:00+05:30,327.3,331.4,324.8,327.9,27328
2015-01-20 00:00:00+05:30,326.6,331.3,326.6,329.7,27774
2015-01-21 00:00:00+05:30,330.8,334.4,325.8,327.9,46402
2015-01-22 00:00:00+05:30,326.4,333.2,321.3,325.9,327532
2015-01-23 00:00:00+05:30,326.2,330.0,317.0,320.4,36468
2015-01-27 00:00:00+05:30,317.2,325.8,314.9,318.9,29890
2015-01-28 00:00:00+05:30,318.9,333.1,316.9,328.5,198690
2015-01-29 00:00:00+05:30,323.8,330.6,321.2,324.0,81322
2015-01-30 00:00:00+05:30,329.6,330.8,314.8,321.3,247740
2015-02-02 00:00:00+05:30,321.3,327.2,316.0,320.4,191304
2015-02-03 00:00:00+05:30,323.9,324.6,318.8,321.8,22086
2015-02-04 00:00:00+05:30,326.6,326.6,319.6,321.1,229378
2015-02-05 00:00:00+05:30,318.8,321.7,314.3,317.1,18682
2015-02-06 00:00:00+05:30,318.5,318.5,300.8,304.2,41884
2015-02-09 00:00:00+05:30,303.2,305.6,295.5,299.3,70312
2015-02-10 00:00:00+05:30,300.8,305.5,298.5,300.8,86842
2015-02-11 00:00:00+05:30,300.8,305.8,299.5,304.9,37662
2015-02-12 00:00:00+05:30,305.4,316.8,305.3,314.4,157846
2015-02-13 00:00:00+05:30,318.3,325.1,311.2,317.8,26404
2015-02-16 00:00:00+05:30,313.6,324.8,312.0,319.4,903832
2015-02-18 00:00:00+05:30,320.0,324.8,317.0,319.2,161920
2015-02-19 00:00:00+05:30,323.3,325.3,317.2,321.6,69406
2015-02-20 00:00:00+05:30,323.2,348.4,319.6,321.3,2392680
2015-02-23 00:00:00+05:30,323.0,326.8,312.0,313.4,102942
2015-02-24 00:00:00+05:30,315.8,318.3,309.0,311.9,646296
2015-02-25 00:00:00+05:30,314.5,317.6,309.7,311.4,23394
2015-02-26 00:00:00+05:30,314.1,315.8,311.2,314.1,31728
2015-02-27 00:00:00+05:30,317.5,325.5,309.0,322.4,65736
2015-03-02 00:00:00+05:30,333.3,350.6,328.8,347.5,328942
2015-03-03 00:00:00+05:30,350.6,354.5,342.4,351.8,298684
2015-03-04 00:00:00+05:30,352.1,363.4,351.7,356.4,147246
2015-03-05 00:00:00+05:30,351.2,414.8,351.2,393.3,1055910
2015-03-09 00:00:00+05:30,388.5,411.2,376.2,407.4,482328
2015-03-10 00:00:00+05:30,407.8,416.0,401.3,410.8,481924
2015-03-11 00:00:00+05:30,407.3,413.1,386.5,388.7,108060
2015-03-12 00:00:00+05:30,388.7,400.0,384.7,391.4,83112
2015-03-13 00:00:00+05:30,390.7,393.5,377.2,379.5,98968
2015-03-16 00:00:00+05:30,375.1,382.4,367.2,370.4,74706
2015-03-17 00:00:00+05:30,375.8,375.8,350.6,357.1,143518
2015-03-18 00:00:00+05:30,355.9,375.7,355.9,359.3,149302
2015-03-19 00:00:00+05:30,365.9,365.9,357.6,362.3,39360
2015-03-20 00:00:00+05:30,363.4,405.5,359.6,398.4,1122700
2015-03-23 00:00:00+05:30,393.2,394.7,374.5,386.4,85564
2015-03-24 00:00:00+05:30,386.5,386.5,379.7,382.6,63748
2015-03-25 00:00:00+05:30,384.7,403.3,379.7,393.6,212400
2015-03-26 00:00:00+05:30,397.2,401.7,385.0,397.3,159888
2015-03-27 00:00:00+05:30,399.5,399.5,391.0,394.1,61510
2015-03-30 00:00:00+05:30,394.8,433.6,394.7,400.0,180102
2015-03-31 00:00:00+05:30,404.0,411.7,395.5,397.4,125446
2015-04-01 00:00:00+05:30,402.0,425.3,399.8,401.2,492636
2015-04-06 00:00:00+05:30,401.2,411.0,393.6,403.1,90718
2015-04-07 00:00:00+05:30,401.0,402.5,391.0,394.2,120622
2015-04-08 00:00:00+05:30,394.7,408.3,393.8,403.9,97168
2015-04-09 00:00:00+05:30,401.0,406.0,396.5,398.4,52752
2015-04-10 00:00:00+05:30,397.5,403.0,393.6,395.7,44418
2015-04-13 00:00:00+05:30,396.9,400.5,390.6,393.2,34812
2015-04-15 00:00:00+05:30,394.6,396.0,379.8,383.4,43966
2015-04-16 00:00:00+05:30,387.2,406.0,382.2,395.6,136224
2015-04-17 00:00:00+05:30,395.4,399.8,388.5,395.6,41590
2015-04-20 00:00:00+05:30,397.6,397.6,376.0,378.9,58602
2015-04-21 00:00:00+05:30,387.1,397.8,381.2,395.7,92746
2015-04-22 00:00:00+05:30,397.8,400.8,383.4,392.0,117154
2015-04-23 00:00:00+05:30,396.8,401.5,383.2,396.3,60754
2015-04-24 00:00:00+05:30,392.7,400.2,386.5,396.9,50176
2015-04-27 00:00:00+05:30,398.5,398.5,367.2,391.6,100744
2015-04-28 00:00:00+05:30,387.4,400.0,377.2,396.6,89290
2015-04-29 00:00:00+05:30,387.5,407.3,387.5,401.4,44010
2015-04-30 00:00:00+05:30,397.1,404.8,391.0,399.6,73276
2015-05-04 00:00:00+05:30,400.8,408.3,394.5,398.0,36226
2015-05-05 00:00:00+05:30,398.0,400.5,397.3,397.7,17916
2015-05-06 00:00:00+05:30,399.8,400.8,384.4,390.2,28702
2015-05-07 00:00:00+05:30,393.5,400.1,385.0,395.5,84748
2015-05-08 00:00:00+05:30,397.8,398.5,391.5,394.3,17100
2015-05-11 00:00:00+05:30,394.3,400.4,392.2,394.7,7698
2015-05-12 00:00:00+05:30,396.0,408.0,389.5,398.1,47494
2015-05-13 00:00:00+05:30,397.1,404.8,389.7,395.8,21004
2015-05-14 00:00:00+05:30,395.8,404.0,393.7,401.2,13522
2015-05-15 00:00:00+05:30,404.8,409.7,397.2,403.2,28272
2015-05-18 00:00:00+05:30,400.0,409.8,400.0,406.0,21970
2015-05-19 00:00:00+05:30,408.5,408.5,395.4,397.4,20698
2015-05-20 00:00:00+05:30,406.8,407.3,391.0,393.1,12868
2015-05-21 00:00:00+05:30,398.8,404.2,392.2,402.6,20472
2015-05-22 00:00:00+05:30,403.0,406.0,396.0,399.8,16092
2015-05-25 00:00:00+05:30,405.5,405.5,377.4,384.6,83866
2015-05-26 00:00:00+05:30,384.0,408.0,380.4,402.1,187618
2015-05-27 00:00:00+05:30,399.0,399.8,389.9,395.6,90310
2015-05-28 00:00:00+05:30,401.0,401.0,384.0,397.2,83140
2015-05-29 00:00:00+05:30,395.5,400.2,392.2,396.0,160926
2015-06-01 00:00:00+05:30,397.2,397.2,391.6,393.1,113170
2015-06-02 00:00:00+05:30,393.5,393.5,381.4,384.1,74236
2015-06-03 00:00:00+05:30,388.4,388.4,368.5,378.5,101488
2015-06-04 00:00:00+05:30,368.7,398.9,368.7,395.2,49564
2015-06-05 00:00:00+05:30,395.2,407.3,395.2,403.7,75942
2015-06-08 00:00:00+05:30,397.5,405.4,396.7,399.0,15090
2015-06-09 00:00:00+05:30,394.0,399.6,390.6,392.9,12010
2015-06-10 00:00:00+05:30,393.5,401.0,393.5,397.6,21060
2015-06-11 00:00:00+05:30,400.4,400.4,386.7,389.8,19866
2015-06-12 00:00:00+05:30,394.1,397.5,383.7,386.8,13014
2015-06-15 00:00:00+05:30,395.2,396.0,387.2,394.6,11826
2015-06-16 00:00:00+05:30,397.2,397.2,388.5,390.9,14352
2015-06-17 00:00:00+05:30,393.5,396.6,393.2,394.5,11560
2015-06-18 00:00:00+05:30,398.5,398.5,391.0,393.0,15172
2015-06-19 00:00:00+05:30,395.8,395.8,388.7,393.0,60924
2015-06-22 00:00:00+05:30,397.0,397.0,389.0,392.6,88044
2015-06-23 00:00:00+05:30,393.5,397.5,390.3,391.8,49722
2015-06-24 00:00:00+05:30,395.2,396.4,388.7,389.6,27700
2015-06-25 00:00:00+05:30,392.4,395.4,383.7,389.6,68098
2015-06-26 00:00:00+05:30,386.0,394.0,386.0,389.6,31590
2015-06-29 00:00:00+05:30,392.8,392.8,382.7,383.8,19276
2015-06-30 00:00:00+05:30,391.0,391.0,370.9,373.0,72324
2015-07-01 00:00:00+05:30,374.7,391.0,374.7,382.8,68524
2015-07-02 00:00:00+05:30,385.2,391.1,379.2,381.5,29922
2015-07-03 00:00:00+05:30,382.7,385.2,378.7,379.8,42538
2015-07-06 00:00:00+05:30,378.2,384.7,376.6,380.7,42594
2015-07-07 00:00:00+05:30,383.4,385.8,379.7,381.2,27240
2015-07-08 00:00:00+05:30,384.1,384.1,371.8,373.2,93732
2015-07-09 00:00:00+05:30,368.7,377.2,368.7,373.6,33372
2015-07-10 00:00:00+05:30,373.9,374.4,365.7,368.3,17614
2015-07-13 00:00:00+05:30,375.4,375.4,363.6,366.0,69078
2015-07-14 00:00:00+05:30,370.0,380.3,367.0,371.6,37930
2015-07-15 00:00:00+05:30,373.9,375.4,367.7,371.3,43954
2015-07-16 00:00:00+05:30,372.8,373.2,364.5,369.6,42964
2015-07-17 00:00:00+05:30,368.4,379.7,367.5,369.3,39396
2015-07-20 00:00:00+05:30,367.4,373.2,367.4,368.8,19186
2015-07-21 00:00:00+05:30,373.0,373.0,352.1,358.7,101152
2015-07-22 00:00:00+05:30,362.2,362.2,352.6,360.0,68982
2015-07-23 00:00:00+05:30,362.9,367.1,359.4,365.4,157048
2015-07-24 00:00:00+05:30,362.4,370.9,357.7,360.3,78738
2015-07-27 00:00:00+05:30,363.4,363.4,357.6,358.9,124206
2015-07-28 00:00:00+05:30,359.5,370.6,351.4,355.8,33054
2015-07-29 00:00:00+05:30,358.4,387.4,355.9,380.4,114076
2015-07-30 00:00:00+05:30,381.2,385.7,373.7,376.6,48192
2015-07-31 00:00:00+05:30,378.6,383.8,369.7,372.2,20070
2015-08-03 00:00:00+05:30,380.8,380.8,368.7,376.3,19656
2015-08-04 00:00:00+05:30,376.6,383.0,368.4,370.0,24480
2015-08-05 00:00:00+05:30,373.4,378.7,365.4,366.9,24436
2015-08-06 00:00:00+05:30,370.9,394.7,370.9,382.2,93762
2015-08-07 00:00:00+05:30,383.0,385.6,373.4,378.4,28314
2015-08-10 00:00:00+05:30,380.9,406.0,376.2,400.0,244632
2015-08-11 00:00:00+05:30,411.4,445.4,409.8,423.2,950766
2015-08-12 00:00:00+05:30,428.0,437.1,413.6,424.9,221980
2015-08-13 00:00:00+05:30,424.9,426.8,411.8,414.9,152034
2015-08-14 00:00:00+05:30,414.8,426.1,404.0,423.9,104644
2015-08-17 00:00:00+05:30,422.0,429.1,422.0,425.4,105760
2015-08-18 00:00:00+05:30,421.6,452.9,421.6,442.8,287974
2015-08-19 00:00:00+05:30,437.4,442.7,431.4,433.6,90438
2015-08-20 00:00:00+05:30,433.6,441.1,411.7,419.4,56698
2015-08-21 00:00:00+05:30,419.4,433.6,414.2,423.6,63576
2015-08-24 00:00:00+05:30,421.0,426.0,392.1,403.8,100050
2015-08-25 00:00:00+05:30,405.3,426.1,399.2,415.3,112348
2015-08-26 00:00:00+05:30,409.8,425.8,407.5,411.2,44148
2015-08-27 00:00:00+05:30,421.0,447.1,417.1,431.1,140202
2015-08-28 00:00:00+05:30,436.1,443.6,423.6,430.2,54976
2015-08-31 00:00:00+05:30,423.6,438.6,416.3,419.2,45982
2015-09-01 00:00:00+05:30,419.0,423.8,403.5,413.5,58354
2015-09-02 00:00:00+05:30,421.0,425.8,407.3,420.7,48946
2015-09-03 00:00:00+05:30,421.0,447.1,421.0,441.6,160518
2015-09-04 00:00:00+05:30,444.1,444.1,416.3,427.2,50796
2015-09-07 00:00:00+05:30,426.1,433.1,404.8,407.9,32406
2015-09-08 00:00:00+05:30,408.5,420.6,404.8,408.8,33262
2015-09-09 00:00:00+05:30,416.8,443.1,407.3,436.7,184990
2015-09-10 00:00:00+05:30,430.8,439.6,422.3,435.8,47890
2015-09-11 00:00:00+05:30,438.0,458.3,436.4,443.1,222450
2015-09-14 00:00:00+05:30,438.8,451.1,428.7,433.7,57864
2015-09-15 00:00:00+05:30,436.6,439.7,427.1,428.8,32280
2015-09-16 00:00:00+05:30,429.8,434.8,408.8,425.2,48846
2015-09-18 00:00:00+05:30,419.9,433.6,413.8,419.7,76488
2015-09-21 00:00:00+05:30,419.8,421.6,412.2,413.9,33022
2015-09-22 00:00:00+05:30,418.5,419.9,403.8,407.2,64614
2015-09-23 00:00:00+05:30,407.2,407.2,395.2,397.0,180286
2015-09-24 00:00:00+05:30,394.6,408.5,393.0,398.5,54280
2015-09-28 00:00:00+05:30,398.0,404.8,395.0,399.0,17788
2015-09-29 00:00:00+05:30,400.8,403.2,388.5,394.3,54534
2015-09-30 00:00:00+05:30,395.5,403.5,394.7,397.7,38724
2015-10-01 00:00:00+05:30,402.1,403.5,394.8,397.4,46576
2015-10-05 00:00:00+05:30,407.0,440.8,403.5,428.9,316504
2015-10-06 00:00:00+05:30,435.8,447.4,431.8,436.7,164608
2015-10-07 00:00:00+05:30,436.6,438.1,425.1,427.3,38094
2015-10-08 00:00:00+05:30,428.1,429.8,418.8,427.6,45930
2015-10-09 00:00:00+05:30,429.7,431.3,408.5,417.0,114814
2015-10-12 00:00:00+05:30,417.3,423.6,417.3,421.3,60040
2015-10-13 00:00:00+05:30,419.0,426.6,419.0,425.8,36648
2015-10-14 00:00:00+05:30,422.4,433.1,420.6,426.0,31948
2015-10-15 00:00:00+05:30,427.4,450.6,427.3,449.2,155088
2015-10-16 00:00:00+05:30,444.4,455.9,444.3,449.5,105774
2015-10-19 00:00:00+05:30,455.5,455.6,447.2,451.2,55656
2015-10-20 00:00:00+05:30,450.9,451.4,446.6,449.4,36346
2015-10-21 00:00:00+05:30,450.2,456.2,442.4,451.6,90274
2015-10-23 00:00:00+05:30,458.6,498.5,454.2,459.1,235564
2015-10-26 00:00:00+05:30,464.9,474.1,461.0,469.3,102390
2015-10-27 00:00:00+05:30,469.9,474.9,467.4,470.5,61080
2015-10-28 00:00:00+05:30,473.3,474.9,466.2,472.0,50086
2015-10-29 00:00:00+05:30,471.9,475.7,461.8,465.0,31362
2015-10-30 00:00:00+05:30,472.2,472.2,456.2,458.0,28900
2015-11-02 00:00:00+05:30,460.4,472.4,450.8,454.6,57234
2015-11-03 00:00:00+05:30,464.6,483.7,464.6,470.6,497470
2015-11-04 00:00:00+05:30,472.4,481.0,466.8,468.0,157062
2015-11-05 00:00:00+05:30,466.2,472.4,441.1,447.1,436570
2015-11-06 00:00:00+05:30,448.6,457.1,441.7,446.2,56430
2015-11-09 00:00:00+05:30,440.8,455.0,431.3,433.8,108238
2015-11-10 00:00:00+05:30,438.4,443.5,427.3,430.6,56080
2015-11-11 00:00:00+05:30,431.1,438.4,431.1,437.5,9556
2015-11-13 00:00:00+05:30,436.1,447.4,427.4,444.9,36552
2015-11-16 00:00:00+05:30,444.9,457.6,428.9,456.5,68752
2015-11-17 00:00:00+05:30,454.9,467.4,444.6,463.9,91548
2015-11-18 00:00:00+05:30,463.9,463.9,451.6,454.2,21958
2015-11-19 00:00:00+05:30,459.6,467.9,457.4,461.6,56970
2015-11-20 00:00:00+05:30,462.2,466.4,460.4,463.0,22986
2015-11-23 00:00:00+05:30,464.9,464.9,453.6,456.9,21834
2015-11-24 00:00:00+05:30,462.2,463.4,452.4,457.9,21126
2015-11-26 00:00:00+05:30,458.6,459.9,448.6,451.3,14458
2015-11-27 00:00:00+05:30,455.6,459.2,448.9,456.4,22528
2015-11-30 00:00:00+05:30,458.6,464.2,454.9,459.5,52162
2015-12-01 00:00:00+05:30,459.9,474.7,451.4,470.2,123858
2015-12-02 00:00:00+05:30,469.6,472.4,461.2,466.0,33084
2015-12-03 00:00:00+05:30,465.9,466.4,455.6,462.7,72210
2015-12-04 00:00:00+05:30,466.6,467.7,459.4,464.5,108952
2015-12-07 00:00:00+05:30,466.0,468.7,462.1,464.4,44232
2015-12-08 00:00:00+05:30,464.4,464.4,457.4,459.0,22068
2015-12-09 00:00:00+05:30,459.9,463.6,446.7,451.5,75892
2015-12-10 00:00:00+05:30,452.4,461.1,441.1,445.0,195462
2015-12-11 00:00:00+05:30,448.6,456.1,446.1,448.8,128634
2015-12-14 00:00:00+05:30,449.6,452.6,446.6,448.7,128598
2015-12-15 00:00:00+05:30,451.1,455.7,449.9,452.3,195642
2015-12-16 00:00:00+05:30,454.6,469.8,452.4,466.9,329614
2015-12-17 00:00:00+05:30,526.7,526.7,470.0,475.6,248164
2015-12-18 00:00:00+05:30,479.7,498.4,470.3,488.6,77130
2015-12-21 00:00:00+05:30,488.6,491.7,462.7,468.8,184036
2015-12-22 00:00:00+05:30,476.6,476.6,459.0,465.0,258870
2015-12-23 00:00:00+05:30,472.7,484.9,455.0,483.7,135712
2015-12-24 00:00:00+05:30,481.7,497.3,469.0,494.6,183880
2015-12-28 00:00:00+05:30,494.8,506.7,479.4,481.2,71358
2015-12-29 00:00:00+05:30,488.0,488.0,478.3,479.3,54658
2015-12-30 00:00:00+05:30,480.0,483.3,466.0,469.5,89442
2015-12-31 00:00:00+05:30,478.0,478.0,470.0,474.0,60012
2016-01-01 00:00:00+05:30,476.6,480.4,472.7,476.5,35154
2016-01-04 00:00:00+05:30,477.3,479.6,461.7,467.0,49968
2016-01-05 00:00:00+05:30,470.0,473.5,463.6,464.0,23668
2016-01-06 00:00:00+05:30,465.6,471.7,462.9,464.1,58224
2016-01-07 00:00:00+05:30,465.0,479.7,459.9,470.3,92428
2016-01-08 00:00:00+05:30,479.3,479.3,461.7,466.0,154822
2016-01-11 00:00:00+05:30,468.8,474.2,456.0,459.7,52062
2016-01-12 00:00:00+05:30,462.6,463.3,453.7,455.5,38338
2016-01-13 00:00:00+05:30,463.3,463.3,436.5,446.3,88032
2016-01-14 00:00:00+05:30,441.7,453.3,438.0,448.4,46614
2016-01-15 00:00:00+05:30,447.3,452.0,425.0,428.2,44662
2016-01-18 00:00:00+05:30,428.4,436.2,406.7,434.0,93718
2016-01-19 00:00:00+05:30,434.0,438.3,418.5,433.5,257152
2016-01-20 00:00:00+05:30,425.5,443.0,424.0,433.0,173704
2016-01-21 00:00:00+05:30,432.2,453.3,422.7,450.6,107746
2016-01-22 00:00:00+05:30,445.4,460.0,440.0,458.1,28630
2016-01-25 00:00:00+05:30,454.8,462.7,451.7,456.8,61012
2016-01-27 00:00:00+05:30,460.3,471.7,451.0,469.2,50332
2016-01-28 00:00:00+05:30,462.3,477.0,462.0,473.9,27700
2016-01-29 00:00:00+05:30,474.6,477.3,461.7,470.0,62760
2016-02-01 00:00:00+05:30,469.7,473.0,443.7,447.2,235606
2016-02-02 00:00:00+05:30,452.2,456.7,446.8,450.0,238656
2016-02-03 00:00:00+05:30,450.0,453.3,427.7,444.2,132192
2016-02-04 00:00:00+05:30,444.3,450.7,440.0,443.8,48264
2016-02-05 00:00:00+05:30,448.1,450.0,446.7,448.1,251166
2016-02-08 00:00:00+05:30,448.4,449.3,443.0,447.2,185962
2016-02-09 00:00:00+05:30,447.4,447.7,440.0,442.8,76620
2016-02-10 00:00:00+05:30,441.3,450.0,435.7,442.2,167856
2016-02-11 00:00:00+05:30,442.2,447.3,436.6,440.2,92584
2016-02-12 00:00:00+05:30,437.7,443.4,418.4,441.1,251940
2016-02-15 00:00:00+05:30,440.8,451.7,436.3,443.5,20866
2016-02-16 00:00:00+05:30,440.0,443.3,422.4,438.2,72784
2016-02-17 00:00:00+05:30,439.3,446.3,427.7,439.6,71532
2016-02-18 00:00:00+05:30,441.7,444.0,438.3,441.3,129960
2016-02-19 00:00:00+05:30,433.7,445.2,430.5,443.0,130422
2016-02-22 00:00:00+05:30,443.1,453.7,443.0,449.3,18088
2016-02-23 00:00:00+05:30,450.0,450.0,368.4,445.7,215790
2016-02-24 00:00:00+05:30,440.5,445.5,439.0,441.7,23656
2016-02-25 00:00:00+05:30,441.7,446.8,440.0,445.6,46888
2016-02-26 00:00:00+05:30,443.7,446.8,441.0,443.2,59992
2016-02-29 00:00:00+05:30,443.3,443.3,436.0,441.0,68374
2016-03-01 00:00:00+05:30,437.7,450.0,437.7,450.0,388726
2016-03-02 00:00:00+05:30,451.9,453.3,441.9,444.9,36156
2016-03-03 00:00:00+05:30,444.4,451.7,438.4,448.6,68212
2016-03-04 00:00:00+05:30,450.0,451.7,431.7,443.1,342222
2016-03-08 00:00:00+05:30,450.0,450.0,435.0,440.0,134328
2016-03-09 00:00:00+05:30,441.7,443.4,435.0,438.3,103246
2016-03-10 00:00:00+05:30,439.3,442.7,436.3,439.2,8676
2016-03-11 00:00:00+05:30,439.4,443.3,435.1,438.2,54030
2016-03-14 00:00:00+05:30,440.6,440.7,435.2,438.3,45900
2016-03-15 00:00:00+05:30,438.3,440.0,426.7,433.0,68680
2016-03-16 00:00:00+05:30,426.0,433.3,426.0,429.8,76128
2016-03-17 00:00:00+05:30,436.3,436.3,425.2,427.2,65088
2016-03-18 00:00:00+05:30,427.0,427.3,421.7,423.5,49338
2016-03-21 00:00:00+05:30,425.0,430.3,420.8,422.0,44866
2016-03-22 00:00:00+05:30,421.0,424.8,418.5,420.2,78424
2016-03-23 00:00:00+05:30,420.3,420.3,400.0,405.8,198708
2016-03-28 00:00:00+05:30,412.7,412.7,396.7,399.8,81960
2016-03-29 00:00:00+05:30,401.0,411.0,397.7,409.8,673332
2016-03-30 00:00:00+05:30,406.6,430.0,406.6,426.5,116494
2016-03-31 00:00:00+05:30,426.3,433.7,418.7,433.0,100656
2016-04-01 00:00:00+05:30,428.1,441.1,426.6,433.9,22750
2016-04-04 00:00:00+05:30,440.5,444.0,433.3,440.8,19648
2016-04-05 00:00:00+05:30,433.4,448.0,433.4,441.6,43368
2016-04-06 00:00:00+05:30,441.7,445.2,438.3,442.7,11698
2016-04-07 00:00:00+05:30,441.3,446.7,441.3,443.5,13440
2016-04-08 00:00:00+05:30,441.6,448.3,441.6,447.2,28116
2016-04-11 00:00:00+05:30,441.7,447.3,438.3,441.2,247630
2016-04-12 00:00:00+05:30,441.0,443.3,435.0,442.2,9004
2016-04-13 00:00:00+05:30,445.0,455.7,436.1,441.1,101758
2016-04-18 00:00:00+05:30,446.5,454.0,440.7,449.6,101314
2016-04-20 00:00:00+05:30,456.0,458.3,446.0,453.2,23164
2016-04-21 00:00:00+05:30,460.0,460.0,451.6,453.0,37752
2016-04-22 00:00:00+05:30,452.7,452.7,441.7,446.4,15924
2016-04-25 00:00:00+05:30,446.4,455.0,437.1,451.0,25552
2016-04-26 00:00:00+05:30,445.4,450.9,437.0,441.5,103174
2016-04-27 00:00:00+05:30,441.5,445.6,438.0,439.7,21684
2016-04-28 00:00:00+05:30,438.5,443.3,428.7,430.5,44862
2016-04-29 00:00:00+05:30,430.3,441.3,430.3,439.9,26716
2016-05-02 00:00:00+05:30,439.3,448.0,433.7,442.6,16980
2016-05-03 00:00:00+05:30,438.3,442.3,435.2,440.4,25302
2016-05-04 00:00:00+05:30,438.4,447.3,435.1,443.5,39856
2016-05-05 00:00:00+05:30,441.7,445.0,432.5,436.4,40968
2016-05-06 00:00:00+05:30,437.5,443.3,430.0,438.3,24394
2016-05-09 00:00:00+05:30,440.5,445.0,437.8,443.7,18430
2016-05-10 00:00:00+05:30,447.3,447.3,440.0,444.6,10398
2016-05-11 00:00:00+05:30,440.7,444.2,436.7,438.8,49338
2016-05-12 00:00:00+05:30,440.0,468.3,436.0,462.5,116850
2016-05-13 00:00:00+05:30,464.8,476.3,458.2,463.9,74698
2016-05-16 00:00:00+05:30,470.0,470.0,454.1,463.3,53472
2016-05-17 00:00:00+05:30,468.3,468.3,457.4,463.5,31026
2016-05-18 00:00:00+05:30,466.7,487.3,459.5,474.2,106558
2016-05-19 00:00:00+05:30,476.7,486.7,469.0,483.4,53242
2016-05-20 00:00:00+05:30,483.3,510.8,460.4,470.0,447912
2016-05-23 00:00:00+05:30,467.0,477.7,461.4,465.8,188740
2016-05-24 00:00:00+05:30,469.6,470.0,458.3,466.6,43104
2016-05-25 00:00:00+05:30,467.2,471.3,457.9,467.0,61570
2016-05-26 00:00:00+05:30,462.7,470.6,456.8,458.3,52806
2016-05-27 00:00:00+05:30,463.0,463.0,449.1,451.5,83148
2016-05-30 00:00:00+05:30,453.3,463.3,448.3,458.7,45388
2016-05-31 00:00:00+05:30,455.0,486.3,454.2,475.2,112356
2016-06-01 00:00:00+05:30,475.0,481.3,467.1,477.2,45522
2016-06-02 00:00:00+05:30,473.7,481.0,470.5,479.9,57412
2016-06-03 00:00:00+05:30,475.7,479.4,464.6,465.9,21492
2016-06-06 00:00:00+05:30,472.5,491.6,465.2,472.8,111660
2016-06-07 00:00:00+05:30,475.2,480.0,472.0,478.4,32128
2016-06-08 00:00:00+05:30,474.0,489.2,474.0,487.1,88894
2016-06-09 00:00:00+05:30,491.0,519.7,482.8,507.7,1071186
2016-06-10 00:00:00+05:30,502.0,519.3,502.0,513.0,172524
2016-06-13 00:00:00+05:30,504.0,510.3,494.6,498.6,37338
2016-06-14 00:00:00+05:30,500.0,504.2,495.7,500.0,11884
2016-06-15 00:00:00+05:30,501.4,508.3,494.2,497.4,37948
2016-06-16 00:00:00+05:30,498.0,499.5,484.3,487.8,503982
2016-06-17 00:00:00+05:30,493.0,494.2,475.7,488.6,88764
2016-06-20 00:00:00+05:30,491.4,493.0,481.4,484.4,15160
2016-06-21 00:00:00+05:30,481.2,488.2,476.7,479.5,172708
2016-06-22 00:00:00+05:30,480.6,486.3,473.4,478.6,34792
2016-06-23 00:00:00+05:30,478.3,480.0,468.7,472.9,43306
2016-06-24 00:00:00+05:30,466.7,472.3,442.3,470.7,32454
2016-06-27 00:00:00+05:30,470.7,476.2,468.0,473.4,22096
2016-06-28 00:00:00+05:30,475.7,488.0,471.7,484.0,28564
2016-06-29 00:00:00+05:30,485.4,488.0,481.7,484.6,10032
2016-06-30 00:00:00+05:30,485.0,492.7,476.3,482.0,46632
2016-07-01 00:00:00+05:30,484.7,484.7,474.0,478.2,22710
2016-07-04 00:00:00+05:30,478.5,483.4,469.5,471.2,29214
2016-07-05 00:00:00+05:30,475.6,479.3,465.3,470.6,20380
2016-07-07 00:00:00+05:30,477.5,486.7,468.0,483.5,55314
2016-07-08 00:00:00+05:30,486.7,495.0,477.0,484.6,42258
2016-07-11 00:00:00+05:30,483.4,489.3,477.6,480.5,12636
2016-07-12 00:00:00+05:30,486.5,488.0,478.3,483.5,87052
2016-07-13 00:00:00+05:30,483.3,494.7,482.7,490.6,19164
2016-07-14 00:00:00+05:30,491.2,509.7,484.3,500.0,866266
2016-07-15 00:00:00+05:30,500.0,503.0,485.0,487.6,17356
2016-07-18 00:00:00+05:30,494.8,494.8,484.2,489.0,18880
2016-07-19 00:00:00+05:30,491.2,513.3,489.3,507.9,184606
2016-07-20 00:00:00+05:30,508.0,518.3,494.2,510.2,66600
2016-07-21 00:00:00+05:30,510.0,516.7,504.6,506.5,10456
2016-07-22 00:00:00+05:30,513.0,513.0,500.0,503.1,19990
2016-07-25 00:00:00+05:30,505.4,514.1,495.0,506.7,30316
2016-07-26 00:00:00+05:30,504.6,504.7,496.0,497.7,7156
2016-07-27 00:00:00+05:30,500.2,510.3,494.0,509.4,24118
2016-07-28 00:00:00+05:30,507.4,533.0,507.4,516.0,237766
2016-07-29 00:00:00+05:30,516.0,528.0,514.2,518.7,51508
2016-08-01 00:00:00+05:30,528.0,528.0,500.0,509.8,57184
2016-08-02 00:00:00+05:30,510.0,526.0,506.7,511.5,43558
2016-08-03 00:00:00+05:30,511.3,515.8,500.7,508.4,11946
2016-08-04 00:00:00+05:30,508.8,519.3,506.7,512.0,17208
2016-08-05 00:00:00+05:30,504.3,518.3,504.3,513.7,13890
2016-08-08 00:00:00+05:30,513.7,525.0,505.0,521.9,135736
2016-08-09 00:00:00+05:30,524.5,530.0,512.2,524.4,15330
2016-08-10 00:00:00+05:30,524.3,529.6,504.5,508.3,24040
2016-08-11 00:00:00+05:30,512.0,512.2,501.7,505.2,29200
2016-08-12 00:00:00+05:30,507.3,510.0,502.5,505.9,6372
2016-08-16 00:00:00+05:30,509.7,547.4,506.7,535.6,148384
2016-08-17 00:00:00+05:30,535.3,551.7,512.4,518.4,196648
2016-08-18 00:00:00+05:30,519.0,532.4,519.0,526.6,29788
2016-08-19 00:00:00+05:30,531.3,531.6,520.6,523.6,15126
2016-08-22 00:00:00+05:30,529.8,530.0,517.0,521.2,17212
2016-08-23 00:00:00+05:30,525.0,529.3,517.4,522.6,17700
2016-08-24 00:00:00+05:30,530.0,539.2,526.8,529.2,70834
2016-08-25 00:00:00+05:30,528.7,538.0,527.5,530.0,37408
2016-08-26 00:00:00+05:30,528.0,545.3,526.8,542.9,48784
2016-08-29 00:00:00+05:30,546.7,553.8,530.0,541.1,91170
2016-08-30 00:00:00+05:30,562.3,594.8,531.7,537.7,988840
2016-08-31 00:00:00+05:30,541.3,543.6,530.4,536.7,158086
2016-09-01 00:00:00+05:30,540.7,540.7,520.7,523.8,245650
2016-09-02 00:00:00+05:30,528.0,530.0,521.7,523.1,145462
2016-09-06 00:00:00+05:30,524.0,532.6,521.2,528.4,29302
2016-09-07 00:00:00+05:30,533.0,533.0,516.7,518.0,94224
2016-09-08 00:00:00+05:30,526.6,528.7,516.7,520.3,44922
2016-09-09 00:00:00+05:30,521.6,523.2,511.7,512.5,55350
2016-09-12 00:00:00+05:30,510.0,510.0,501.7,504.9,28008
2016-09-14 00:00:00+05:30,504.7,515.7,504.7,508.6,18174
2016-09-15 00:00:00+05:30,510.0,516.6,507.8,513.6,12160
2016-09-16 00:00:00+05:30,514.4,517.6,508.4,513.2,96870
2016-09-19 00:00:00+05:30,514.8,516.7,508.4,516.4,19098
2016-09-20 00:00:00+05:30,511.7,516.7,508.4,514.0,18658
2016-09-21 00:00:00+05:30,516.6,516.8,508.5,510.8,38328
2016-09-22 00:00:00+05:30,514.8,516.0,503.2,504.6,46404
2016-09-23 00:00:00+05:30,509.9,511.1,503.7,504.0,43110
2016-09-26 00:00:00+05:30,503.7,507.1,498.4,499.8,114894
2016-09-27 00:00:00+05:30,499.7,506.7,493.5,499.0,44464
2016-09-28 00:00:00+05:30,499.8,501.7,493.9,498.5,42268
2016-09-29 00:00:00+05:30,496.7,501.3,491.7,494.4,63558
2016-09-30 00:00:00+05:30,494.4,504.6,491.8,501.2,62694
2016-10-03 00:00:00+05:30,497.4,501.0,496.7,497.8,32344
2016-10-04 00:00:00+05:30,500.0,506.6,494.2,498.5,799216
2016-10-05 00:00:00+05:30,500.2,503.3,496.7,499.7,68046
2016-10-06 00:00:00+05:30,503.3,510.0,500.8,506.3,25476
2016-10-07 00:00:00+05:30,508.3,516.3,494.1,498.6,141000
2016-10-10 00:00:00+05:30,501.6,508.2,500.0,505.5,56886
2016-10-13 00:00:00+05:30,512.9,512.9,502.2,506.5,77176
2016-10-14 00:00:00+05:30,509.3,509.3,504.0,505.7,52564
2016-10-17 00:00:00+05:30,521.7,521.7,510.8,514.2,245754
2016-10-18 00:00:00+05:30,526.7,549.6,520.4,543.6,654754
2016-10-19 00:00:00+05:30,545.0,549.8,540.2,544.1,172900
2016-10-20 00:00:00+05:30,544.0,547.8,542.6,546.4,110088
2016-10-21 00:00:00+05:30,545.0,545.3,538.7,541.2,92922
2016-10-24 00:00:00+05:30,543.3,551.3,541.9,547.5,182676
2016-10-25 00:00:00+05:30,550.0,554.7,546.1,553.5,227790
2016-10-26 00:00:00+05:30,554.7,560.0,550.5,557.0,292038
2016-10-27 00:00:00+05:30,531.0,531.0,496.7,500.0,217678
2016-10-28 00:00:00+05:30,501.6,508.2,500.0,506.0,36358
2016-11-01 00:00:00+05:30,512.6,512.6,503.3,504.5,13194
2016-11-02 00:00:00+05:30,503.3,503.3,497.3,498.5,37852
2016-11-03 00:00:00+05:30,498.9,505.0,495.0,499.1,21528
2016-11-04 00:00:00+05:30,498.3,502.1,495.0,499.8,45946
2016-11-07 00:00:00+05:30,502.2,513.0,495.1,503.1,108954
2016-11-08 00:00:00+05:30,493.3,505.6,492.7,499.4,404994
2016-11-09 00:00:00+05:30,480.3,496.2,470.0,474.6,331266
2016-11-10 00:00:00+05:30,478.7,486.0,470.9,473.9,172828
2016-11-11 00:00:00+05:30,473.8,482.6,464.1,468.7,92790
2016-11-15 00:00:00+05:30,479.3,479.3,450.2,465.6,81720
2016-11-16 00:00:00+05:30,465.6,472.6,458.1,462.8,123072
2016-11-17 00:00:00+05:30,464.3,481.7,461.6,470.1,128046
2016-11-18 00:00:00+05:30,478.0,480.3,464.7,474.8,50370
2016-11-21 00:00:00+05:30,473.3,483.3,473.3,482.6,47188
2016-11-22 00:00:00+05:30,483.7,489.2,470.0,487.0,46588
2016-11-23 00:00:00+05:30,488.3,490.0,477.0,486.6,14968
2016-11-24 00:00:00+05:30,486.4,490.2,482.8,489.1,19084
2016-11-25 00:00:00+05:30,487.0,506.9,486.0,505.4,49624
2016-11-28 00:00:00+05:30,500.7,512.3,496.8,498.8,25564
2016-11-29 00:00:00+05:30,505.5,505.5,492.6,494.8,10134
2016-11-30 00:00:00+05:30,501.6,501.6,493.7,500.1,21268
2016-12-01 00:00:00+05:30,506.7,506.7,495.0,496.7,43792
2016-12-02 00:00:00+05:30,501.7,505.2,494.0,504.1,31722
2016-12-05 00:00:00+05:30,506.0,506.0,491.7,494.8,34962
2016-12-06 00:00:00+05:30,494.6,498.7,493.3,495.6,11014
2016-12-07 00:00:00+05:30,495.7,499.6,486.7,488.4,10774
2016-12-08 00:00:00+05:30,489.9,498.3,488.0,495.2,21132
2016-12-09 00:00:00+05:30,495.0,502.3,495.0,496.1,6370
2016-12-12 00:00:00+05:30,496.0,500.0,490.0,492.5,12234
2016-12-13 00:00:00+05:30,492.3,495.0,477.0,478.7,19632
2016-12-14 00:00:00+05:30,469.0,490.8,469.0,478.2,13656
2016-12-15 00:00:00+05:30,471.7,483.3,466.7,467.7,35122
2016-12-16 00:00:00+05:30,461.7,469.0,460.0,466.6,326962
2016-12-19 00:00:00+05:30,463.3,470.0,454.4,467.6,1363380
2016-12-20 00:00:00+05:30,465.0,469.6,463.7,464.8,823996
2016-12-21 00:00:00+05:30,464.5,466.3,458.3,459.3,23746
2016-12-22 00:00:00+05:30,460.7,461.6,447.1,450.8,83146
2016-12-23 00:00:00+05:30,453.3,453.6,446.7,448.4,90966
2016-12-26 00:00:00+05:30,454.7,458.3,446.7,450.7,19726
2016-12-27 00:00:00+05:30,458.3,458.3,449.7,452.8,47628
2016-12-28 00:00:00+05:30,457.1,460.6,452.0,454.9,19348
2016-12-29 00:00:00+05:30,457.2,466.3,455.0,465.4,15630
2016-12-30 00:00:00+05:30,466.7,474.7,465.0,466.7,30534
2017-01-02 00:00:00+05:30,471.3,474.7,466.3,472.2,25578
2017-01-03 00:00:00+05:30,473.3,473.3,464.2,465.8,70866
2017-01-04 00:00:00+05:30,473.0,473.3,466.3,472.0,92446
2017-01-05 00:00:00+05:30,473.3,478.7,473.3,475.5,66270
2017-01-06 00:00:00+05:30,474.3,483.3,468.5,471.7,45490
2017-01-09 00:00:00+05:30,473.4,476.3,468.7,473.0,12078
2017-01-10 00:00:00+05:30,476.4,479.5,472.7,474.2,13462
2017-01-11 00:00:00+05:30,472.3,481.7,472.3,480.6,34012
2017-01-12 00:00:00+05:30,480.7,480.7,476.3,477.4,23296
2017-01-13 00:00:00+05:30,475.1,480.7,472.7,475.8,19704
2017-01-16 00:00:00+05:30,475.5,480.2,475.5,478.2,13498
2017-01-17 00:00:00+05:30,479.5,483.3,476.5,477.2,23656
2017-01-18 00:00:00+05:30,477.0,488.0,476.7,485.6,39388
2017-01-19 00:00:00+05:30,486.2,494.8,485.0,493.8,141910
2017-01-20 00:00:00+05:30,497.3,497.7,493.8,496.5,127552
2017-01-23 00:00:00+05:30,496.7,501.6,493.4,499.8,47578
2017-01-24 00:00:00+05:30,501.1,502.1,499.2,500.1,20124
2017-01-25 00:00:00+05:30,501.6,504.7,498.4,502.9,19840
2017-01-27 00:00:00+05:30,502.9,503.0,498.4,500.9,15832
2017-01-30 00:00:00+05:30,501.7,506.7,493.4,506.0,33072
2017-01-31 00:00:00+05:30,495.0,506.3,495.0,503.8,25242
2017-02-01 00:00:00+05:30,506.7,506.7,497.2,500.1,76158
2017-02-02 00:00:00+05:30,500.2,516.3,500.0,506.6,27144
2017-02-03 00:00:00+05:30,512.7,512.7,496.0,496.7,123838
2017-02-06 00:00:00+05:30,503.3,503.3,497.0,501.7,22356
2017-02-07 00:00:00+05:30,501.7,501.7,493.3,495.5,77866
2017-02-08 00:00:00+05:30,503.3,503.3,486.7,489.8,73572
2017-02-09 00:00:00+05:30,486.0,490.9,466.7,471.1,157140
2017-02-10 00:00:00+05:30,475.0,476.4,466.7,470.8,47248
2017-02-13 00:00:00+05:30,471.7,473.6,465.0,469.7,78924
2017-02-14 00:00:00+05:30,471.3,471.3,460.5,464.6,115548
2017-02-15 00:00:00+05:30,466.3,468.0,461.7,466.5,56520
2017-02-16 00:00:00+05:30,466.5,467.4,453.5,454.9,53634
2017-02-17 00:00:00+05:30,458.3,459.6,456.8,458.1,36958
2017-02-20 00:00:00+05:30,461.0,462.9,451.7,461.3,18972
2017-02-21 00:00:00+05:30,458.7,465.0,458.7,462.3,9648
2017-02-22 00:00:00+05:30,459.1,463.5,453.4,455.0,42300
2017-02-23 00:00:00+05:30,451.7,456.0,446.7,450.0,159838
2017-02-27 00:00:00+05:30,450.0,458.0,450.0,453.9,46258
2017-02-28 00:00:00+05:30,454.8,457.9,447.7,449.4,56622
2017-03-01 00:00:00+05:30,448.8,454.4,448.3,450.2,36430
2017-03-02 00:00:00+05:30,452.0,453.7,436.7,441.3,106056
2017-03-03 00:00:00+05:30,441.3,443.4,438.7,442.1,46902
2017-03-06 00:00:00+05:30,444.2,444.2,437.0,441.5,172858
2017-03-07 00:00:00+05:30,445.3,449.4,440.7,443.0,87984
2017-03-08 00:00:00+05:30,446.6,453.7,439.3,448.8,162534
2017-03-09 00:00:00+05:30,446.1,471.3,446.1,462.4,153210
2017-03-10 00:00:00+05:30,462.7,464.7,458.7,460.1,52602
2017-03-14 00:00:00+05:30,463.0,464.7,450.3,464.6,83998
2017-03-15 00:00:00+05:30,464.3,466.3,450.6,460.0,183634
2017-03-16 00:00:00+05:30,463.3,465.0,457.8,463.5,149940
2017-03-17 00:00:00+05:30,463.3,469.2,461.6,468.0,96178
2017-03-20 00:00:00+05:30,462.7,469.4,461.7,464.1,22368
2017-03-21 00:00:00+05:30,467.6,468.0,462.9,467.5,34630
2017-03-22 00:00:00+05:30,465.7,466.7,456.8,458.2,346944
2017-03-23 00:00:00+05:30,462.4,467.5,458.4,466.7,15912
2017-03-24 00:00:00+05:30,468.0,468.0,456.8,458.0,35604
2017-03-27 00:00:00+05:30,453.0,461.7,453.0,455.0,63580
2017-03-28 00:00:00+05:30,457.8,461.5,457.3,458.8,12226
2017-03-29 00:00:00+05:30,464.0,464.0,456.8,461.5,35640
2017-03-30 00:00:00+05:30,462.0,463.2,457.8,459.1,83578
2017-03-31 00:00:00+05:30,466.0,476.2,459.2,470.2,75480
2017-04-03 00:00:00+05:30,468.0,473.0,467.0,469.2,9172
2017-04-05 00:00:00+05:30,473.3,473.4,462.0,465.2,25302
2017-04-06 00:00:00+05:30,462.9,465.4,460.0,464.0,7656
2017-04-07 00:00:00+05:30,472.7,472.7,460.0,465.3,17214
2017-04-10 00:00:00+05:30,466.7,466.7,458.4,459.8,12292
2017-04-11 00:00:00+05:30,459.9,467.6,450.0,465.6,37276
2017-04-12 00:00:00+05:30,465.6,468.2,454.0,458.5,10528
2017-04-13 00:00:00+05:30,455.3,460.0,453.2,456.9,16794
2017-04-17 00:00:00+05:30,454.0,459.6,450.3,451.6,16168
2017-04-18 00:00:00+05:30,452.7,457.2,439.3,441.6,71476
2017-04-19 00:00:00+05:30,443.4,446.0,435.3,443.1,47562
2017-04-20 00:00:00+05:30,444.8,444.8,436.0,440.8,51652
2017-04-21 00:00:00+05:30,440.8,443.0,436.0,438.0,172702
2017-04-24 00:00:00+05:30,442.0,442.3,435.0,437.7,329328
2017-04-25 00:00:00+05:30,441.3,441.8,435.3,440.2,39364
2017-04-26 00:00:00+05:30,437.4,439.0,431.0,434.6,71514
2017-04-27 00:00:00+05:30,435.0,437.7,431.5,432.5,561118
2017-04-28 00:00:00+05:30,433.3,439.6,430.3,433.4,86082
2017-05-02 00:00:00+05:30,435.0,440.0,425.0,429.1,54378
2017-05-03 00:00:00+05:30,431.7,435.0,425.0,433.5,42558
2017-05-04 00:00:00+05:30,436.0,441.6,429.4,439.4,24466
2017-05-05 00:00:00+05:30,442.3,442.3,433.3,434.3,18642
2017-05-08 00:00:00+05:30,436.7,443.0,429.0,437.5,24844
2017-05-09 00:00:00+05:30,443.3,445.5,439.3,443.6,26796
2017-05-10 00:00:00+05:30,446.7,452.9,445.3,449.1,21114
2017-05-11 00:00:00+05:30,453.3,453.3,441.3,444.6,12150
2017-05-12 00:00:00+05:30,444.6,444.6,439.2,439.7,11940
2017-05-15 00:00:00+05:30,443.3,449.2,439.0,445.6,22888
2017-05-16 00:00:00+05:30,448.2,448.2,440.0,441.7,15340
2017-05-17 00:00:00+05:30,441.8,443.6,438.7,441.1,20676
2017-05-18 00:00:00+05:30,441.0,443.8,432.3,433.7,28438
2017-05-19 00:00:00+05:30,436.7,438.0,431.0,433.0,16980
2017-05-22 00:00:00+05:30,443.0,443.0,433.0,433.7,9498
2017-05-23 00:00:00+05:30,441.0,441.0,429.0,431.2,14574
2017-05-24 00:00:00+05:30,432.8,434.0,425.0,426.2,9750
2017-05-25 00:00:00+05:30,429.7,431.5,418.3,424.2,24520
2017-05-26 00:00:00+05:30,426.6,448.0,426.6,441.3,26728
2017-05-29 00:00:00+05:30,433.8,440.6,426.6,431.3,19150
2017-05-30 00:00:00+05:30,433.3,446.0,427.1,442.6,47038
2017-05-31 00:00:00+05:30,442.7,443.6,431.7,434.8,62844
2017-06-01 00:00:00+05:30,440.0,440.0,426.7,428.8,18106
2017-06-02 00:00:00+05:30,435.0,435.0,426.0,429.8,28720
2017-06-05 00:00:00+05:30,430.0,448.6,425.7,427.1,45792
2017-06-06 00:00:00+05:30,433.2,443.3,426.6,438.9,34348
2017-06-07 00:00:00+05:30,440.0,445.2,433.4,437.4,23322
2017-06-08 00:00:00+05:30,437.7,447.6,436.0,446.0,28908
2017-06-09 00:00:00+05:30,447.2,447.3,440.7,442.7,14824
2017-06-12 00:00:00+05:30,447.0,447.0,439.6,439.9,15634
2017-06-13 00:00:00+05:30,440.6,444.9,440.0,443.8,22434
2017-06-14 00:00:00+05:30,439.2,444.2,439.2,441.9,14032
2017-06-15 00:00:00+05:30,445.4,445.4,438.3,439.2,19906
2017-06-16 00:00:00+05:30,439.4,452.6,433.7,447.2,58378
2017-06-19 00:00:00+05:30,447.2,452.9,442.7,444.2,23100
2017-06-20 00:00:00+05:30,447.2,447.8,443.4,444.7,15522
2017-06-21 00:00:00+05:30,440.4,444.2,435.0,436.8,16036
2017-06-22 00:00:00+05:30,439.3,440.8,433.3,435.0,18354
2017-06-23 00:00:00+05:30,436.9,437.8,433.8,436.4,13462
2017-06-27 00:00:00+05:30,431.7,442.6,431.7,439.2,17104
2017-06-28 00:00:00+05:30,440.0,440.0,431.7,433.7,16996
2017-06-29 00:00:00+05:30,436.0,436.3,428.7,433.3,26922
2017-06-30 00:00:00+05:30,434.4,443.2,426.7,440.6,23070
2017-07-03 00:00:00+05:30,433.4,436.7,428.8,435.5,52882
2017-07-04 00:00:00+05:30,433.4,441.6,432.0,435.7,327364
2017-07-05 00:00:00+05:30,435.7,440.0,433.0,435.8,11208
2017-07-06 00:00:00+05:30,433.3,435.7,433.3,434.1,9342
2017-07-07 00:00:00+05:30,430.7,435.0,430.7,433.0,19038
2017-07-10 00:00:00+05:30,433.4,446.7,432.0,436.1,3598
2017-07-11 00:00:00+05:30,439.6,441.6,435.7,438.2,10486
2017-07-12 00:00:00+05:30,438.4,445.9,432.7,442.4,40476
2017-07-13 00:00:00+05:30,440.1,442.0,437.0,441.5,30916
2017-07-14 00:00:00+05:30,441.3,464.6,433.4,456.6,125430
2017-07-17 00:00:00+05:30,462.7,462.7,446.7,447.4,18882
2017-07-18 00:00:00+05:30,440.8,447.3,437.1,439.8,12372
2017-07-19 00:00:00+05:30,444.9,445.7,436.0,443.3,19566
2017-07-20 00:00:00+05:30,440.7,442.1,436.7,439.6,46782
2017-07-21 00:00:00+05:30,441.0,441.6,436.0,437.6,9274
2017-07-24 00:00:00+05:30,436.7,437.3,431.7,432.5,36982
2017-07-25 00:00:00+05:30,437.6,437.6,430.3,432.1,22938
2017-07-26 00:00:00+05:30,431.3,433.8,428.3,429.1,23290
2017-07-27 00:00:00+05:30,431.4,433.2,427.1,431.4,21064
2017-07-28 00:00:00+05:30,436.3,436.3,425.0,427.6,13282
2017-07-31 00:00:00+05:30,431.7,435.0,423.7,432.7,97534
2017-08-01 00:00:00+05:30,432.3,434.5,425.0,426.8,20206
2017-08-02 00:00:00+05:30,431.1,431.1,426.0,427.4,11278
2017-08-03 00:00:00+05:30,428.6,428.6,421.7,423.7,12568
2017-08-04 00:00:00+05:30,420.7,425.6,420.0,421.3,11050
2017-08-07 00:00:00+05:30,421.7,431.0,421.7,429.4,19548
2017-08-08 00:00:00+05:30,432.3,432.4,426.7,429.6,17974
2017-08-09 00:00:00+05:30,427.4,430.0,423.7,428.4,10650
2017-08-10 00:00:00+05:30,431.7,431.7,415.3,416.3,14800
2017-08-11 00:00:00+05:30,413.3,425.0,406.7,417.4,33724
2017-08-14 00:00:00+05:30,423.3,428.6,419.7,426.5,17842
2017-08-16 00:00:00+05:30,427.0,430.0,419.3,427.0,58506
2017-08-17 00:00:00+05:30,421.0,426.7,421.0,426.2,21486
2017-08-18 00:00:00+05:30,426.0,426.7,421.8,425.0,14382
2017-08-21 00:00:00+05:30,425.1,426.7,413.4,426.0,25074
2017-08-22 00:00:00+05:30,425.3,425.3,416.6,418.1,15964
2017-08-23 00:00:00+05:30,420.3,428.7,420.0,426.1,38220
2017-08-24 00:00:00+05:30,428.7,428.7,417.1,420.4,9150
2017-08-28 00:00:00+05:30,420.7,425.6,420.3,422.8,35094
2017-08-29 00:00:00+05:30,421.0,424.1,418.3,421.4,17106
2017-08-30 00:00:00+05:30,420.7,427.0,420.7,421.6,39016
2017-08-31 00:00:00+05:30,422.0,425.0,417.0,421.4,50778
2017-09-01 00:00:00+05:30,420.1,425.1,419.0,420.9,17692
2017-09-04 00:00:00+05:30,421.0,422.7,416.7,418.0,26688
2017-09-05 00:00:00+05:30,423.0,423.0,413.3,415.1,72550
2017-09-06 00:00:00+05:30,415.0,421.3,406.7,413.0,31368
2017-09-07 00:00:00+05:30,415.0,422.0,415.0,417.7,21156
2017-09-08 00:00:00+05:30,417.4,420.2,414.0,415.6,28026
2017-09-11 00:00:00+05:30,416.3,417.0,411.7,413.2,31536
2017-09-12 00:00:00+05:30,416.3,416.7,412.3,414.2,56914
2017-09-13 00:00:00+05:30,413.4,417.3,407.3,409.2,29806
2017-09-14 00:00:00+05:30,410.1,411.7,397.0,400.1,363054
2017-09-15 00:00:00+05:30,395.0,402.6,387.0,390.5,360346
2017-09-18 00:00:00+05:30,390.4,394.7,387.3,389.3,103800
2017-09-19 00:00:00+05:30,391.6,401.2,389.4,400.7,164002
2017-09-20 00:00:00+05:30,401.6,403.3,396.0,397.8,39006
2017-09-21 00:00:00+05:30,399.8,406.3,392.0,403.6,68556
2017-09-22 00:00:00+05:30,405.7,406.0,392.3,398.0,126714
2017-09-25 00:00:00+05:30,395.3,405.0,387.0,399.7,49462
2017-09-26 00:00:00+05:30,400.0,408.6,394.0,407.8,33510
2017-09-27 00:00:00+05:30,411.0,414.3,400.2,408.9,57198
2017-09-28 00:00:00+05:30,410.0,410.0,394.0,404.6,93690
2017-09-29 00:00:00+05:30,405.0,422.0,400.4,415.8,111184
2017-10-03 00:00:00+05:30,421.7,433.2,412.4,419.4,106980
2017-10-04 00:00:00+05:30,426.0,426.0,413.7,417.9,18708
2017-10-05 00:00:00+05:30,422.3,428.3,410.4,413.8,13704
2017-10-06 00:00:00+05:30,422.7,422.7,410.2,412.2,15012
2017-10-09 00:00:00+05:30,412.3,416.0,401.1,406.5,131184
2017-10-10 00:00:00+05:30,409.3,413.2,404.1,405.3,103362
2017-10-11 00:00:00+05:30,406.3,419.7,405.0,411.6,147982
2017-10-12 00:00:00+05:30,412.2,414.2,403.7,408.5,48688
2017-10-13 00:00:00+05:30,408.7,421.7,405.8,418.7,120030
2017-10-16 00:00:00+05:30,418.7,422.3,413.0,419.3,70344
2017-10-17 00:00:00+05:30,419.6,440.0,413.7,433.2,175092
2017-10-18 00:00:00+05:30,425.6,439.8,421.7,434.7,79056
2017-10-23 00:00:00+05:30,426.6,433.0,417.2,420.6,21600
2017-10-24 00:00:00+05:30,420.1,420.1,416.2,417.6,13134
2017-10-25 00:00:00+05:30,423.8,423.8,410.1,415.5,45456
2017-10-26 00:00:00+05:30,415.5,417.0,410.4,411.9,9282
2017-10-27 00:00:00+05:30,410.0,417.0,408.3,414.6,17020
2017-10-30 00:00:00+05:30,420.0,424.0,413.3,421.8,77628
2017-10-31 00:00:00+05:30,421.8,432.3,417.0,426.7,111112
2017-11-01 00:00:00+05:30,431.6,431.6,421.4,427.0,59674
2017-11-02 00:00:00+05:30,420.3,433.3,411.0,430.0,98578
2017-11-03 00:00:00+05:30,421.8,433.0,419.3,427.3,78556
2017-11-06 00:00:00+05:30,429.7,429.7,420.0,424.7,24708
2017-11-07 00:00:00+05:30,425.0,429.3,421.1,424.8,39250
2017-11-08 00:00:00+05:30,424.0,428.3,421.9,426.8,26592
2017-11-09 00:00:00+05:30,423.7,433.7,423.3,430.4,76230
2017-11-10 00:00:00+05:30,425.5,435.9,424.0,428.2,53302
2017-11-13 00:00:00+05:30,433.0,433.0,421.8,423.2,54244
2017-11-14 00:00:00+05:30,423.2,427.0,421.7,424.5,1206676
2017-11-15 00:00:00+05:30,430.3,430.3,421.7,423.4,155430
2017-11-16 00:00:00+05:30,429.6,434.6,423.3,428.3,278886
2017-11-17 00:00:00+05:30,431.0,432.4,421.8,424.5,21864
2017-11-20 00:00:00+05:30,429.1,434.6,425.0,434.0,19768
2017-11-21 00:00:00+05:30,434.4,437.7,431.7,434.8,29386
2017-11-22 00:00:00+05:30,436.1,440.0,431.0,436.8,19212
2017-11-23 00:00:00+05:30,438.2,438.7,433.6,437.2,20650
2017-11-24 00:00:00+05:30,440.0,458.3,433.4,447.9,545676
2017-11-27 00:00:00+05:30,450.0,461.7,450.0,460.9,278580
2017-11-28 00:00:00+05:30,461.7,464.7,457.7,459.3,536466
2017-11-29 00:00:00+05:30,462.3,462.3,441.6,449.1,77404
2017-11-30 00:00:00+05:30,453.3,466.6,445.2,458.3,36376
2017-12-01 00:00:00+05:30,463.0,466.3,456.7,459.8,21892
2017-12-04 00:00:00+05:30,457.3,465.0,455.8,461.4,16872
2017-12-05 00:00:00+05:30,461.5,464.2,450.3,455.4,15580
2017-12-06 00:00:00+05:30,456.7,461.0,449.2,459.7,38094
2017-12-07 00:00:00+05:30,457.6,466.6,455.7,463.7,30516
2017-12-08 00:00:00+05:30,466.6,474.0,455.0,463.4,53448
2017-12-11 00:00:00+05:30,463.0,463.0,456.8,461.4,48526
2017-12-12 00:00:00+05:30,462.6,462.6,458.3,460.1,33526
2017-12-13 00:00:00+05:30,460.9,462.9,439.0,451.6,65584
2017-12-14 00:00:00+05:30,449.5,451.7,440.4,441.3,34144
2017-12-15 00:00:00+05:30,456.7,456.7,425.0,427.6,323020
2017-12-18 00:00:00+05:30,439.7,450.8,430.0,448.7,216658
2017-12-19 00:00:00+05:30,456.2,456.2,445.7,452.6,648720
2017-12-20 00:00:00+05:30,454.3,456.8,450.7,452.3,231570
2017-12-21 00:00:00+05:30,453.3,459.0,452.0,455.9,51208
2017-12-22 00:00:00+05:30,466.7,528.0,463.8,498.0,5431912
2017-12-26 00:00:00+05:30,502.0,517.7,500.0,510.8,1576404
2017-12-27 00:00:00+05:30,516.6,520.7,510.0,516.4,1106154
2017-12-28 00:00:00+05:30,519.8,521.6,513.7,520.0,386658
2017-12-29 00:00:00+05:30,523.0,525.8,517.0,523.9,142668
2018-01-01 00:00:00+05:30,526.3,531.8,522.0,524.0,217654
2018-01-02 00:00:00+05:30,526.2,526.7,520.4,521.6,127786
2018-01-03 00:00:00+05:30,526.6,528.3,516.0,517.4,168064
2018-01-04 00:00:00+05:30,521.3,521.3,515.0,516.6,127782
2018-01-05 00:00:00+05:30,519.7,519.7,511.3,512.6,163998
2018-01-08 00:00:00+05:30,514.0,515.3,507.3,508.2,181620
2018-01-09 00:00:00+05:30,507.4,510.0,505.0,506.2,95490
2018-01-10 00:00:00+05:30,507.0,521.6,506.7,508.7,310014
2018-01-11 00:00:00+05:30,510.7,516.3,509.4,511.7,115744
2018-01-12 00:00:00+05:30,514.0,515.0,508.0,509.0,83076
2018-01-15 00:00:00+05:30,514.7,516.6,510.3,511.6,84472
2018-01-16 00:00:00+05:30,514.3,514.8,510.0,510.8,78484
2018-01-17 00:00:00+05:30,511.7,513.3,508.0,508.4,98466
2018-01-18 00:00:00+05:30,511.3,513.2,508.7,509.5,47482
2018-01-19 00:00:00+05:30,510.3,516.7,508.8,513.4,147186
2018-01-22 00:00:00+05:30,513.3,519.3,513.3,517.6,62896
2018-01-23 00:00:00+05:30,520.0,523.3,518.3,519.8,80872
2018-01-24 00:00:00+05:30,526.7,536.3,525.0,527.7,443568
2018-01-25 00:00:00+05:30,530.0,533.3,528.4,529.9,154228
2018-01-29 00:00:00+05:30,533.3,535.0,528.4,529.3,175402
2018-01-30 00:00:00+05:30,530.0,533.3,507.0,510.4,448576
2018-01-31 00:00:00+05:30,500.3,508.2,495.4,503.1,484846
2018-02-01 00:00:00+05:30,503.7,521.2,500.0,519.5,361092
2018-02-02 00:00:00+05:30,488.3,496.3,483.3,493.8,154866
2018-02-05 00:00:00+05:30,471.7,493.3,471.7,478.2,41616
2018-02-06 00:00:00+05:30,462.7,465.7,450.0,460.8,110608
2018-02-07 00:00:00+05:30,466.7,467.8,439.0,442.3,92332
2018-02-08 00:00:00+05:30,442.8,456.7,440.2,446.7,59362
2018-02-09 00:00:00+05:30,440.0,455.2,437.0,448.8,31140
2018-02-12 00:00:00+05:30,448.8,456.3,440.3,441.5,46548
2018-02-14 00:00:00+05:30,449.6,459.3,442.9,453.5,85950
2018-02-15 00:00:00+05:30,456.7,456.7,444.7,447.5,28168
2018-02-16 00:00:00+05:30,450.7,451.6,440.0,442.2,17904
2018-02-19 00:00:00+05:30,440.3,448.3,433.2,435.4,347562
2018-02-20 00:00:00+05:30,440.0,441.6,435.0,439.2,23958
2018-02-21 00:00:00+05:30,440.3,441.6,436.1,439.1,17748
2018-02-22 00:00:00+05:30,440.3,453.3,437.7,451.2,32770
2018-02-23 00:00:00+05:30,452.3,460.0,442.0,445.6,59166
2018-02-26 00:00:00+05:30,446.7,452.8,445.4,449.3,33402
2018-02-27 00:00:00+05:30,450.0,455.0,447.5,450.2,34720
2018-02-28 00:00:00+05:30,448.3,465.0,447.9,456.2,57796
2018-03-01 00:00:00+05:30,459.0,460.0,455.6,457.8,21982
2018-03-05 00:00:00+05:30,462.0,466.6,452.9,462.9,37644
2018-03-06 00:00:00+05:30,463.3,471.0,453.4,460.0,38092
2018-03-07 00:00:00+05:30,453.3,457.3,451.0,453.1,17758
2018-03-08 00:00:00+05:30,458.2,458.2,435.7,452.4,72336
2018-03-09 00:00:00+05:30,448.0,465.0,447.0,461.5,31984
2018-03-12 00:00:00+05:30,460.0,464.6,446.0,452.0,62700
2018-03-13 00:00:00+05:30,440.5,453.3,440.3,446.0,43134
2018-03-14 00:00:00+05:30,442.0,446.0,440.3,440.7,52168
2018-03-15 00:00:00+05:30,440.0,441.7,434.0,435.2,81282
2018-03-16 00:00:00+05:30,435.0,438.3,425.4,426.6,97134
2018-03-19 00:00:00+05:30,426.3,428.3,408.3,411.2,49392
2018-03-20 00:00:00+05:30,410.0,415.0,403.7,405.2,80412
2018-03-21 00:00:00+05:30,405.3,411.3,400.0,400.2,92916
2018-03-22 00:00:00+05:30,400.0,404.3,398.5,399.5,174072
2018-03-23 00:00:00+05:30,396.7,418.4,391.7,404.9,146328
2018-03-26 00:00:00+05:30,412.0,412.0,387.5,390.0,76072
2018-03-27 00:00:00+05:30,390.0,405.0,388.7,401.4,116226
2018-03-28 00:00:00+05:30,399.3,403.0,395.3,400.5,48306
2018-04-02 00:00:00+05:30,406.7,406.7,400.4,401.8,11374
2018-04-03 00:00:00+05:30,401.7,406.7,401.7,404.5,53656
2018-04-04 00:00:00+05:30,404.5,409.3,401.7,402.7,16284
2018-04-05 00:00:00+05:30,405.6,414.3,405.0,413.6,27216
2018-04-06 00:00:00+05:30,414.6,416.3,411.4,414.0,19230
2018-04-09 00:00:00+05:30,422.3,422.3,414.7,415.4,20688
2018-04-10 00:00:00+05:30,416.0,417.5,413.0,415.1,17098
2018-04-11 00:00:00+05:30,414.0,416.7,411.7,414.6,15658
2018-04-12 00:00:00+05:30,415.3,420.0,414.0,416.2,65244
2018-04-13 00:00:00+05:30,416.6,424.6,415.3,419.4,32478
2018-04-16 00:00:00+05:30,419.0,425.0,416.6,424.8,12516
2018-04-17 00:00:00+05:30,425.8,428.0,421.7,426.1,10090
2018-04-18 00:00:00+05:30,421.1,424.1,418.4,422.1,21138
2018-04-19 00:00:00+05:30,421.5,429.9,419.3,426.6,41620
2018-04-20 00:00:00+05:30,426.6,452.8,421.7,450.2,112578
2018-04-23 00:00:00+05:30,453.3,465.7,439.5,447.7,312256
2018-04-24 00:00:00+05:30,450.0,452.8,443.4,446.0,30246
2018-04-25 00:00:00+05:30,443.4,451.7,436.3,440.4,48622
2018-04-26 00:00:00+05:30,446.0,446.0,437.8,442.5,80088
2018-04-27 00:00:00+05:30,445.7,446.3,431.9,442.6,33420
2018-04-30 00:00:00+05:30,443.0,451.5,441.3,444.8,15180
2018-05-02 00:00:00+05:30,445.4,449.8,441.0,442.3,76246
2018-05-03 00:00:00+05:30,443.3,445.0,437.1,440.9,185880
2018-05-04 00:00:00+05:30,436.7,448.0,436.7,444.4,18672
2018-05-07 00:00:00+05:30,446.7,446.7,431.0,441.9,35584
2018-05-08 00:00:00+05:30,445.0,448.0,442.0,445.5,251628
2018-05-09 00:00:00+05:30,445.3,449.8,442.7,448.0,105648
2018-05-10 00:00:00+05:30,448.2,451.3,444.2,450.4,28284
2018-05-11 00:00:00+05:30,446.1,462.2,446.1,458.5,98496
2018-05-14 00:00:00+05:30,458.7,459.7,450.0,451.5,16654
2018-05-15 00:00:00+05:30,450.0,450.9,438.7,442.7,30972
2018-05-16 00:00:00+05:30,440.4,446.7,436.7,442.4,24220
2018-05-17 00:00:00+05:30,442.3,451.3,440.4,448.5,15876
2018-05-18 00:00:00+05:30,446.0,449.0,441.7,441.9,24778
2018-05-21 00:00:00+05:30,441.9,445.0,439.7,442.7,48982
2018-05-22 00:00:00+05:30,440.0,445.6,435.2,440.3,33252
2018-05-23 00:00:00+05:30,441.7,446.6,438.3,442.4,19180
2018-05-24 00:00:00+05:30,441.3,441.3,417.0,428.3,140730
2018-05-25 00:00:00+05:30,425.4,433.3,423.3,425.0,60342
2018-05-28 00:00:00+05:30,424.0,428.3,424.0,425.1,180966
2018-05-29 00:00:00+05:30,425.2,429.0,425.0,426.5,29338
2018-05-30 00:00:00+05:30,426.6,442.9,425.7,435.6,55588
2018-05-31 00:00:00+05:30,435.3,441.3,432.9,440.6,56806
2018-06-01 00:00:00+05:30,440.1,442.5,433.7,436.1,27528
2018-06-04 00:00:00+05:30,435.8,439.8,431.8,433.7,16062
2018-06-05 00:00:00+05:30,432.5,433.3,425.7,426.9,23104
2018-06-06 00:00:00+05:30,430.7,437.0,425.7,433.7,40386
2018-06-07 00:00:00+05:30,427.0,443.8,425.3,428.1,51844
2018-06-08 00:00:00+05:30,431.6,433.7,426.0,432.4,21022
2018-06-11 00:00:00+05:30,430.0,437.7,427.2,428.5,301494
2018-06-12 00:00:00+05:30,434.8,437.0,426.7,434.0,76806
2018-06-13 00:00:00+05:30,433.7,437.5,428.5,435.3,37002
2018-06-14 00:00:00+05:30,435.2,435.2,425.1,432.0,63864
2018-06-15 00:00:00+05:30,427.1,436.8,427.1,434.3,47956
2018-06-18 00:00:00+05:30,431.0,435.0,425.3,427.2,43708
2018-06-19 00:00:00+05:30,425.0,434.3,420.2,431.8,39636
2018-06-20 00:00:00+05:30,430.0,441.6,426.7,438.7,86176
2018-06-21 00:00:00+05:30,431.5,449.0,431.5,447.0,63594
2018-06-22 00:00:00+05:30,447.3,455.8,427.7,437.2,122062
2018-06-25 00:00:00+05:30,437.0,444.8,433.3,442.1,20530
2018-06-26 00:00:00+05:30,441.2,444.0,437.7,439.4,17694
2018-06-27 00:00:00+05:30,436.8,441.4,430.0,431.2,18204
2018-06-28 00:00:00+05:30,430.0,432.6,420.0,426.6,38500
2018-06-29 00:00:00+05:30,432.9,438.3,421.5,433.4,68094
2018-07-02 00:00:00+05:30,430.7,431.0,425.7,427.2,9582
2018-07-03 00:00:00+05:30,426.0,436.3,423.3,433.5,22818
2018-07-04 00:00:00+05:30,432.6,432.6,426.0,429.3,15004
2018-07-05 00:00:00+05:30,426.7,439.8,426.4,434.9,50434
2018-07-06 00:00:00+05:30,433.7,434.4,427.4,433.3,87792
2018-07-09 00:00:00+05:30,438.7,438.7,428.7,432.4,53470
2018-07-10 00:00:00+05:30,430.3,436.5,429.5,433.2,81282
2018-07-11 00:00:00+05:30,434.1,434.7,428.4,433.3,120864
2018-07-12 00:00:00+05:30,434.7,434.7,429.3,433.3,97756
2018-07-13 00:00:00+05:30,433.3,436.7,431.0,433.8,67104
2018-07-16 00:00:00+05:30,433.8,433.8,408.3,414.5,67876
2018-07-17 00:00:00+05:30,415.3,433.3,414.4,431.5,53148
2018-07-18 00:00:00+05:30,430.0,430.0,420.4,421.6,21526
2018-07-19 00:00:00+05:30,421.3,429.3,416.7,420.0,67332
2018-07-20 00:00:00+05:30,420.0,432.7,417.7,430.1,65392
2018-07-23 00:00:00+05:30,432.3,434.7,424.7,433.3,36010
2018-07-24 00:00:00+05:30,432.1,434.8,432.0,433.4,50680
2018-07-25 00:00:00+05:30,435.0,435.0,427.9,431.9,9394
2018-07-26 00:00:00+05:30,433.3,433.3,426.1,428.5,13630
2018-07-27 00:00:00+05:30,430.0,430.0,425.0,426.4,9876
2018-07-30 00:00:00+05:30,427.3,433.3,425.0,430.0,23272
2018-07-31 00:00:00+05:30,431.7,431.8,426.3,430.9,12204
2018-08-01 00:00:00+05:30,431.6,433.0,422.5,423.4,13912
2018-08-02 00:00:00+05:30,426.3,429.7,417.3,417.7,13258
2018-08-03 00:00:00+05:30,417.7,429.8,412.7,417.6,28320
2018-08-06 00:00:00+05:30,419.0,424.2,418.3,421.8,9022
2018-08-07 00:00:00+05:30,426.0,430.0,406.4,420.0,99094
2018-08-08 00:00:00+05:30,414.2,416.7,408.0,408.8,34092
2018-08-09 00:00:00+05:30,408.8,413.2,405.7,409.1,8620
2018-08-10 00:00:00+05:30,413.0,413.0,393.3,399.7,166264
2018-08-13 00:00:00+05:30,399.7,399.9,383.0,383.9,196638
2018-08-14 00:00:00+05:30,389.3,389.3,381.0,382.0,170656
2018-08-16 00:00:00+05:30,382.4,383.3,368.3,368.7,50548
2018-08-17 00:00:00+05:30,368.7,373.3,367.3,370.5,49456
2018-08-20 00:00:00+05:30,373.3,378.5,370.2,372.3,26130
2018-08-21 00:00:00+05:30,374.0,376.3,369.0,370.1,20316
2018-08-23 00:00:00+05:30,373.2,376.3,365.2,370.9,84598
2018-08-24 00:00:00+05:30,367.5,373.3,365.2,366.3,40002
2018-08-27 00:00:00+05:30,366.7,372.9,366.3,367.5,22182
2018-08-28 00:00:00+05:30,369.9,369.9,361.7,363.0,22492
2018-08-29 00:00:00+05:30,363.3,366.6,357.3,360.1,33088
2018-08-30 00:00:00+05:30,360.0,365.5,355.4,359.9,35760
2018-08-31 00:00:00+05:30,359.9,365.4,353.7,357.4,120870
2018-09-03 00:00:00+05:30,357.3,359.7,349.2,351.5,532720
2018-09-04 00:00:00+05:30,351.8,352.9,347.2,348.4,33654
2018-09-05 00:00:00+05:30,348.4,352.8,345.0,347.0,23676
2018-09-06 00:00:00+05:30,347.0,354.2,346.3,348.2,217456
2018-09-07 00:00:00+05:30,348.3,354.9,344.4,351.2,341194
2018-09-10 00:00:00+05:30,354.9,373.3,346.7,363.8,1287862
2018-09-11 00:00:00+05:30,363.8,373.3,358.8,365.7,117864
2018-09-12 00:00:00+05:30,367.7,367.7,363.7,365.1,84574
2018-09-14 00:00:00+05:30,365.5,381.9,364.3,377.6,100422
2018-09-17 00:00:00+05:30,381.7,393.3,381.3,391.5,96144
2018-09-18 00:00:00+05:30,395.6,398.1,370.7,371.8,33964
2018-09-19 00:00:00+05:30,375.9,380.0,361.8,363.7,26604
2018-09-21 00:00:00+05:30,364.3,379.0,362.3,376.9,270594
2018-09-24 00:00:00+05:30,367.0,375.0,365.4,366.8,59976
2018-09-25 00:00:00+05:30,361.7,376.7,353.3,368.7,33862
2018-09-26 00:00:00+05:30,363.7,373.7,360.3,368.8,21604
2018-09-27 00:00:00+05:30,373.3,376.5,354.3,362.2,24292
2018-09-28 00:00:00+05:30,369.3,369.3,349.1,353.2,24298
2018-10-01 00:00:00+05:30,346.7,354.5,341.0,351.8,15966
2018-10-03 00:00:00+05:30,348.4,356.3,346.4,349.6,20548
2018-10-04 00:00:00+05:30,345.3,352.9,340.0,343.5,12070
2018-10-05 00:00:00+05:30,343.3,346.1,339.3,342.6,11218
2018-10-08 00:00:00+05:30,342.3,352.7,338.3,347.7,50466
2018-10-09 00:00:00+05:30,347.7,353.4,345.7,351.2,16900
2018-10-10 00:00:00+05:30,350.4,361.0,350.0,352.1,11944
2018-10-11 00:00:00+05:30,350.0,354.3,345.0,349.5,14788
2018-10-12 00:00:00+05:30,353.9,357.1,345.0,352.0,13782
2018-10-15 00:00:00+05:30,356.6,358.7,349.5,352.9,33942
2018-10-16 00:00:00+05:30,353.6,358.3,352.2,357.0,5704
2018-10-17 00:00:00+05:30,358.4,370.3,356.0,357.6,23800
2018-10-19 00:00:00+05:30,362.3,369.3,348.2,362.4,19288
2018-10-22 00:00:00+05:30,363.3,363.8,350.0,352.2,15840
2018-10-23 00:00:00+05:30,357.5,357.5,349.3,349.8,17692
2018-10-24 00:00:00+05:30,349.9,355.0,348.7,351.6,24466
2018-10-25 00:00:00+05:30,349.0,354.3,348.3,352.1,6888
2018-10-26 00:00:00+05:30,353.9,354.1,348.4,352.2,6376
2018-10-29 00:00:00+05:30,354.1,354.1,350.0,352.6,4444
2018-10-30 00:00:00+05:30,353.8,355.3,345.6,350.7,12342
2018-10-31 00:00:00+05:30,346.7,356.7,346.7,354.6,9372
2018-11-01 00:00:00+05:30,358.3,375.3,349.9,357.2,115378
2018-11-02 00:00:00+05:30,357.2,364.9,354.3,357.3,19810
2018-11-05 00:00:00+05:30,357.7,361.7,353.3,354.8,12672
2018-11-06 00:00:00+05:30,354.8,359.9,349.9,352.6,4842
2018-11-09 00:00:00+05:30,351.3,372.2,351.3,369.7,33300
2018-11-12 00:00:00+05:30,366.7,372.2,359.7,361.6,83380
2018-11-13 00:00:00+05:30,357.7,362.0,351.9,360.2,7852
2018-11-14 00:00:00+05:30,364.3,364.3,352.0,354.2,4620
2018-11-15 00:00:00+05:30,354.8,409.8,350.0,390.8,320514
2018-11-16 00:00:00+05:30,388.4,393.2,375.0,380.8,24412
2018-11-19 00:00:00+05:30,386.3,386.3,371.7,372.8,6238
2018-11-20 00:00:00+05:30,372.8,372.8,365.7,367.9,18508
2018-11-21 00:00:00+05:30,373.3,373.3,360.0,361.7,16554
2018-11-22 00:00:00+05:30,363.3,365.6,358.6,360.8,15976
2018-11-26 00:00:00+05:30,360.0,361.0,353.7,358.5,6378
2018-11-27 00:00:00+05:30,353.4,360.1,351.7,354.1,17370
2018-11-28 00:00:00+05:30,358.0,359.4,352.7,353.4,20224
2018-11-29 00:00:00+05:30,351.7,360.6,350.5,353.5,175308
2018-11-30 00:00:00+05:30,353.3,358.0,333.7,337.9,211236
2018-12-03 00:00:00+05:30,346.3,346.3,338.0,338.5,14568
2018-12-04 00:00:00+05:30,335.7,368.1,335.7,355.7,105118
2018-12-05 00:00:00+05:30,355.7,370.0,350.0,357.4,58978
2018-12-06 00:00:00+05:30,357.4,363.3,348.6,354.7,36034
2018-12-07 00:00:00+05:30,354.8,356.3,348.0,349.6,31866
2018-12-10 00:00:00+05:30,354.0,366.7,335.1,356.4,34194
2018-12-11 00:00:00+05:30,356.7,366.7,350.0,357.0,25894
2018-12-12 00:00:00+05:30,352.0,368.3,352.0,358.7,24898
2018-12-13 00:00:00+05:30,358.8,366.8,358.8,365.4,19840
2018-12-14 00:00:00+05:30,365.4,374.7,362.7,366.6,316066
2018-12-17 00:00:00+05:30,366.8,376.7,357.7,367.4,356214
2018-12-18 00:00:00+05:30,370.0,375.7,364.3,367.9,27648
2018-12-19 00:00:00+05:30,369.4,370.0,360.3,362.8,21970
2018-12-20 00:00:00+05:30,363.6,375.3,359.4,372.1,27750
2018-12-21 00:00:00+05:30,376.3,376.3,353.3,358.2,29812
2018-12-24 00:00:00+05:30,359.3,359.3,345.4,355.7,6252
2018-12-26 00:00:00+05:30,355.7,362.0,348.3,358.7,20428
2018-12-27 00:00:00+05:30,355.3,374.7,355.3,371.6,35814
2018-12-28 00:00:00+05:30,371.7,374.3,363.7,365.0,17908
2018-12-31 00:00:00+05:30,361.7,369.9,356.7,358.1,11040
2019-01-01 00:00:00+05:30,356.9,365.4,356.9,358.4,4056
2019-01-02 00:00:00+05:30,360.7,365.0,358.4,364.2,4228
2019-01-03 00:00:00+05:30,364.7,368.6,358.0,359.5,17286
2019-01-04 00:00:00+05:30,358.6,360.4,358.0,358.1,3642
2019-01-07 00:00:00+05:30,358.0,360.2,354.0,356.6,3340
2019-01-08 00:00:00+05:30,354.7,358.0,354.0,355.0,2100
2019-01-09 00:00:00+05:30,354.0,358.3,348.4,349.8,7464
2019-01-10 00:00:00+05:30,350.0,363.0,350.0,360.7,9444
2019-01-11 00:00:00+05:30,363.3,363.3,353.7,356.5,4558
2019-01-14 00:00:00+05:30,358.3,359.6,350.5,354.5,6438
2019-01-15 00:00:00+05:30,354.1,356.7,351.7,352.9,5772
2019-01-16 00:00:00+05:30,358.0,370.0,353.3,367.2,38164
2019-01-17 00:00:00+05:30,368.7,371.2,356.0,364.8,16276
2019-01-18 00:00:00+05:30,366.0,366.1,358.4,360.0,2308
2019-01-21 00:00:00+05:30,357.0,362.6,355.7,356.5,6616
2019-01-22 00:00:00+05:30,355.0,357.9,350.5,355.2,49126
2019-01-23 00:00:00+05:30,355.9,359.9,351.3,355.2,13632
2019-01-24 00:00:00+05:30,360.0,360.0,353.0,357.1,19284
2019-01-25 00:00:00+05:30,357.7,358.4,350.4,351.8,6826
2019-01-28 00:00:00+05:30,351.0,352.7,346.8,348.7,8650
2019-01-29 00:00:00+05:30,347.4,351.9,344.4,347.4,4020
2019-01-30 00:00:00+05:30,348.3,352.3,341.7,347.5,19930
2019-01-31 00:00:00+05:30,349.7,365.0,328.4,358.1,180558
2019-02-01 00:00:00+05:30,358.7,358.8,345.0,346.1,183720
2019-02-04 00:00:00+05:30,346.0,349.0,337.5,340.6,9078
2019-02-05 00:00:00+05:30,341.9,342.9,333.0,333.4,11424
2019-02-06 00:00:00+05:30,335.1,347.0,327.3,341.8,23880
2019-02-07 00:00:00+05:30,345.0,345.0,335.0,338.8,18120
2019-02-08 00:00:00+05:30,338.3,344.2,335.3,336.5,18348
2019-02-11 00:00:00+05:30,335.5,348.3,328.3,334.8,20260
2019-02-12 00:00:00+05:30,341.9,341.9,326.7,328.3,28330
2019-02-13 00:00:00+05:30,327.7,334.3,325.3,331.9,23826
2019-02-14 00:00:00+05:30,329.9,340.1,325.4,336.4,17364
2019-02-15 00:00:00+05:30,335.8,355.0,333.9,340.2,28788
2019-02-18 00:00:00+05:30,340.7,341.5,328.0,328.8,8604
2019-02-19 00:00:00+05:30,333.0,333.0,328.0,328.8,6166
2019-02-20 00:00:00+05:30,329.4,331.9,326.7,326.9,11770
2019-02-21 00:00:00+05:30,327.4,331.5,327.0,327.4,122010
2019-02-22 00:00:00+05:30,327.5,333.0,326.9,332.0,20778
2019-02-25 00:00:00+05:30,330.3,341.2,327.0,337.0,19696
2019-02-26 00:00:00+05:30,334.9,346.9,329.6,342.9,20634
2019-02-27 00:00:00+05:30,339.0,344.0,333.7,334.7,20068
2019-02-28 00:00:00+05:30,339.6,348.3,332.7,345.5,22492
2019-03-01 00:00:00+05:30,348.3,358.3,340.0,351.2,19218
2019-03-05 00:00:00+05:30,346.0,351.2,342.1,346.5,32352
2019-03-06 00:00:00+05:30,346.8,357.4,342.7,345.8,31134
2019-03-07 00:00:00+05:30,347.0,350.0,342.2,344.9,29550
2019-03-08 00:00:00+05:30,362.1,370.0,362.0,364.9,306144
2019-03-11 00:00:00+05:30,373.3,373.3,363.7,366.1,71340
2019-03-12 00:00:00+05:30,367.0,367.0,363.7,364.6,157078
2019-03-13 00:00:00+05:30,366.0,371.3,364.4,367.2,132772
2019-03-14 00:00:00+05:30,369.3,391.1,367.1,382.0,1033474
2019-03-15 00:00:00+05:30,386.3,386.3,371.0,372.1,322876
2019-03-18 00:00:00+05:30,373.0,376.4,371.0,374.3,76462
2019-03-19 00:00:00+05:30,376.7,381.0,376.5,378.7,117156
2019-03-20 00:00:00+05:30,380.3,380.7,376.8,378.0,82300
2019-03-22 00:00:00+05:30,388.3,391.6,383.3,384.5,742096
2019-03-25 00:00:00+05:30,385.0,385.7,381.8,383.1,194022
2019-03-26 00:00:00+05:30,385.6,386.0,379.2,379.6,156378
2019-03-27 00:00:00+05:30,380.3,383.2,378.5,379.4,83850
2019-03-28 00:00:00+05:30,379.3,384.6,378.4,383.0,91576
2019-03-29 00:00:00+05:30,380.8,385.0,380.8,382.6,128022
2019-04-01 00:00:00+05:30,383.9,385.3,381.2,381.5,96064
2019-04-02 00:00:00+05:30,381.7,382.5,378.7,379.5,76644
2019-04-03 00:00:00+05:30,380.6,382.7,378.1,379.0,60300
2019-04-04 00:00:00+05:30,380.0,380.2,377.4,377.9,40794
2019-04-05 00:00:00+05:30,377.9,379.0,376.6,377.1,38566
2019-04-08 00:00:00+05:30,378.3,378.4,375.7,376.2,48462
2019-04-09 00:00:00+05:30,376.4,377.6,375.5,376.1,26494
2019-04-10 00:00:00+05:30,376.4,376.8,375.0,375.4,54826
2019-04-11 00:00:00+05:30,375.3,375.4,374.3,374.6,27318
2019-04-12 00:00:00+05:30,374.5,375.1,372.4,372.9,50668
2019-04-15 00:00:00+05:30,373.0,376.6,371.7,374.5,40384
2019-04-16 00:00:00+05:30,375.1,378.3,375.1,376.4,57618
2019-04-18 00:00:00+05:30,376.4,381.0,375.1,376.7,83872
2019-04-22 00:00:00+05:30,381.3,384.6,377.8,378.6,108930
2019-04-23 00:00:00+05:30,378.6,380.4,377.2,377.8,66948
2019-04-24 00:00:00+05:30,378.0,380.3,378.0,379.2,37818
2019-04-25 00:00:00+05:30,379.4,381.0,375.4,375.9,98178
2019-04-26 00:00:00+05:30,378.0,380.0,376.7,377.6,77794
2019-04-30 00:00:00+05:30,382.7,385.0,380.7,381.9,282720
2019-05-02 00:00:00+05:30,380.7,383.3,380.7,382.3,228190
2019-05-03 00:00:00+05:30,382.3,382.7,379.0,380.7,137248
2019-05-06 00:00:00+05:30,381.0,382.8,380.0,380.7,147112
2019-05-07 00:00:00+05:30,381.0,381.5,377.7,378.0,249022
2019-05-08 00:00:00+05:30,378.0,379.6,362.3,366.6,329700
2019-05-09 00:00:00+05:30,338.0,343.3,331.7,332.8,273588
2019-05-10 00:00:00+05:30,331.7,334.4,328.3,331.8,69274
2019-05-13 00:00:00+05:30,325.6,328.0,312.7,313.4,92236
2019-05-14 00:00:00+05:30,310.4,323.3,305.5,317.2,63858
2019-05-15 00:00:00+05:30,322.7,323.0,314.6,315.4,23968
2019-05-16 00:00:00+05:30,316.0,316.4,310.3,310.8,14742
2019-05-17 00:00:00+05:30,310.4,312.0,307.3,310.0,17368
2019-05-20 00:00:00+05:30,312.7,312.7,307.7,309.0,18720
2019-05-21 00:00:00+05:30,309.7,318.3,309.0,313.9,26314
2019-05-22 00:00:00+05:30,312.0,313.7,308.7,309.7,15358
2019-05-23 00:00:00+05:30,313.7,316.4,301.0,302.5,29236
2019-05-24 00:00:00+05:30,308.3,315.8,306.7,308.4,102742
2019-05-27 00:00:00+05:30,310.0,311.3,307.3,309.8,71230
2019-05-28 00:00:00+05:30,308.7,311.3,308.3,309.4,31966
2019-05-29 00:00:00+05:30,311.6,311.6,308.3,308.9,15370
2019-05-30 00:00:00+05:30,309.0,314.3,309.0,312.6,22792
2019-05-31 00:00:00+05:30,313.3,313.4,310.2,311.1,27240
2019-06-03 00:00:00+05:30,310.7,311.7,309.6,311.2,17448
2019-06-04 00:00:00+05:30,310.7,313.0,310.0,312.4,25170
2019-06-06 00:00:00+05:30,316.6,316.6,310.4,311.7,26622
2019-06-07 00:00:00+05:30,311.0,313.1,310.3,312.1,18160
2019-06-10 00:00:00+05:30,314.5,316.3,309.0,314.6,34522
2019-06-11 00:00:00+05:30,314.6,315.9,308.4,308.6,17766
2019-06-12 00:00:00+05:30,308.7,308.7,302.0,304.0,28570
2019-06-13 00:00:00+05:30,304.0,304.3,299.7,300.8,16558
2019-06-14 00:00:00+05:30,299.7,301.3,296.0,297.0,12228
2019-06-17 00:00:00+05:30,296.0,299.6,292.2,293.0,9220
2019-06-18 00:00:00+05:30,292.2,295.0,292.2,292.9,6472
2019-06-19 00:00:00+05:30,293.3,293.3,285.0,287.8,10330
2019-06-20 00:00:00+05:30,288.3,288.3,280.0,280.9,14086
2019-06-21 00:00:00+05:30,279.4,279.4,256.7,262.5,206172
2019-06-24 00:00:00+05:30,262.5,264.5,258.3,261.9,64294
2019-06-25 00:00:00+05:30,260.7,260.7,250.8,256.7,100188
2019-06-26 00:00:00+05:30,256.7,262.0,253.3,256.9,163552
2019-06-27 00:00:00+05:30,256.9,261.1,256.7,257.3,23104
2019-06-28 00:00:00+05:30,256.7,258.4,253.3,255.6,22650
2019-07-01 00:00:00+05:30,256.3,257.3,253.3,256.8,36934
2019-07-02 00:00:00+05:30,254.7,257.4,254.7,256.7,88848
2019-07-03 00:00:00+05:30,258.0,258.0,252.0,252.4,21742
2019-07-04 00:00:00+05:30,251.7,254.0,250.7,252.9,29880
2019-07-05 00:00:00+05:30,253.4,253.4,236.0,243.4,165858
2019-07-08 00:00:00+05:30,243.7,243.7,231.7,233.2,44902
2019-07-09 00:00:00+05:30,230.0,230.0,224.4,226.1,152986
2019-07-10 00:00:00+05:30,226.1,227.3,224.0,224.4,21336
2019-07-11 00:00:00+05:30,223.7,226.6,223.3,223.5,31866
2019-07-12 00:00:00+05:30,223.0,225.0,221.0,221.6,75066
2019-07-15 00:00:00+05:30,220.4,233.3,211.2,228.2,91710
2019-07-16 00:00:00+05:30,227.8,234.6,220.9,230.0,130828
2019-07-17 00:00:00+05:30,230.0,230.3,225.3,226.6,79642
2019-07-18 00:00:00+05:30,223.3,226.7,221.0,222.7,45576
2019-07-19 00:00:00+05:30,220.0,222.6,210.0,211.3,31044
2019-07-22 00:00:00+05:30,212.0,212.0,200.7,204.1,30808
2019-07-23 00:00:00+05:30,204.0,209.5,201.0,202.8,35664
2019-07-24 00:00:00+05:30,204.7,204.7,200.7,201.5,26392
2019-07-25 00:00:00+05:30,198.3,207.0,198.3,200.2,32406
2019-07-26 00:00:00+05:30,200.1,200.1,193.3,194.9,25126
2019-07-29 00:00:00+05:30,193.3,201.5,191.4,199.6,28078
2019-07-30 00:00:00+05:30,199.6,202.0,189.3,193.6,153018
2019-07-31 00:00:00+05:30,193.3,200.7,185.3,198.9,82488
2019-08-01 00:00:00+05:30,194.0,206.6,194.0,198.6,43852
2019-08-02 00:00:00+05:30,198.6,198.6,192.3,193.5,11416
2019-08-05 00:00:00+05:30,185.0,187.0,168.8,171.6,170410
2019-08-06 00:00:00+05:30,166.7,173.0,166.6,170.8,99054
2019-08-07 00:00:00+05:30,170.8,176.2,169.3,173.8,59244
2019-08-08 00:00:00+05:30,170.7,177.0,170.7,176.2,36336
2019-08-09 00:00:00+05:30,176.2,197.4,176.0,185.4,65796
2019-08-13 00:00:00+05:30,185.0,185.0,170.8,172.1,34714
2019-08-14 00:00:00+05:30,173.0,176.3,170.0,171.1,18298
2019-08-16 00:00:00+05:30,167.7,177.6,160.4,163.9,135300
2019-08-19 00:00:00+05:30,165.3,167.3,164.0,166.4,62740
2019-08-20 00:00:00+05:30,164.0,169.3,164.0,166.9,25432
2019-08-21 00:00:00+05:30,166.7,169.0,160.6,161.6,30964
2019-08-22 00:00:00+05:30,162.7,162.7,150.7,157.2,70648
2019-08-23 00:00:00+05:30,151.8,157.0,150.8,154.8,27864
2019-08-26 00:00:00+05:30,158.7,158.7,147.7,150.4,113310
2019-08-27 00:00:00+05:30,150.2,158.3,148.0,150.0,86110
2019-08-28 00:00:00+05:30,149.7,155.9,149.7,152.0,51954
2019-08-29 00:00:00+05:30,150.0,153.3,149.7,150.1,13692
2019-08-30 00:00:00+05:30,149.1,151.1,149.0,150.1,13018
2019-09-03 00:00:00+05:30,153.3,153.4,151.0,151.8,778782
2019-09-04 00:00:00+05:30,152.2,163.3,152.2,159.6,98686
2019-09-05 00:00:00+05:30,157.4,163.3,153.3,156.0,19782
2019-09-06 00:00:00+05:30,155.0,158.8,153.2,154.4,88788
2019-09-09 00:00:00+05:30,155.6,156.3,153.3,154.0,545002
2019-09-11 00:00:00+05:30,156.6,163.4,154.0,157.2,75844
2019-09-12 00:00:00+05:30,158.1,158.3,155.7,156.0,20050
2019-09-13 00:00:00+05:30,156.3,158.1,155.8,156.2,479062
2019-09-16 00:00:00+05:30,156.7,184.4,156.0,177.5,1070520
2019-09-17 00:00:00+05:30,173.3,177.0,165.4,166.8,197410
2019-09-18 00:00:00+05:30,170.0,174.7,165.6,173.4,144142
2019-09-19 00:00:00+05:30,171.0,174.6,166.7,167.4,218824
2019-09-20 00:00:00+05:30,166.7,171.8,159.3,160.9,226836
2019-09-23 00:00:00+05:30,165.0,165.0,155.7,156.2,420660
2019-09-24 00:00:00+05:30,156.4,158.6,149.2,151.7,152124
2019-09-25 00:00:00+05:30,153.3,155.0,146.7,148.0,106530
2019-09-26 00:00:00+05:30,150.7,152.1,146.7,147.2,72852
2019-09-27 00:00:00+05:30,149.3,149.3,146.7,147.6,37464
2019-09-30 00:00:00+05:30,146.0,148.3,144.3,144.9,24364
2019-10-01 00:00:00+05:30,144.4,146.4,141.0,142.0,36064
2019-10-03 00:00:00+05:30,139.7,142.4,137.4,138.5,40210
2019-10-04 00:00:00+05:30,138.5,138.7,131.7,132.0,67006
2019-10-07 00:00:00+05:30,133.4,134.9,132.4,133.0,148624
2019-10-09 00:00:00+05:30,132.9,134.9,132.3,133.0,39036
2019-10-10 00:00:00+05:30,133.3,133.7,132.3,132.5,28512
2019-10-11 00:00:00+05:30,132.4,133.2,130.0,130.3,41974
2019-10-14 00:00:00+05:30,131.7,132.0,130.0,131.0,23074
2019-10-15 00:00:00+05:30,131.0,132.7,130.7,131.2,23106
2019-10-16 00:00:00+05:30,131.1,132.6,129.4,130.4,60546
2019-10-17 00:00:00+05:30,130.3,141.7,129.2,138.0,86040
2019-10-18 00:00:00+05:30,137.4,147.0,136.4,142.6,104322
2019-10-22 00:00:00+05:30,144.0,147.0,139.7,144.8,56838
2019-10-23 00:00:00+05:30,144.4,144.4,141.7,141.8,27574
2019-10-24 00:00:00+05:30,141.7,144.3,141.7,141.8,15898
2019-10-25 00:00:00+05:30,144.8,158.8,140.4,149.2,157920
2019-10-27 00:00:00+05:30,149.0,152.8,147.0,151.7,18600
2019-10-29 00:00:00+05:30,155.0,155.8,150.0,153.2,57558
2019-10-30 00:00:00+05:30,154.3,156.2,148.5,149.2,52788
2019-10-31 00:00:00+05:30,150.3,154.6,148.0,150.6,41680
2019-11-01 00:00:00+05:30,150.6,152.5,148.7,149.6,27016
2019-11-04 00:00:00+05:30,150.0,154.0,150.0,152.4,47670
2019-11-05 00:00:00+05:30,154.0,154.0,146.6,147.1,410856
2019-11-06 00:00:00+05:30,147.6,148.3,142.3,145.9,26250
2019-11-07 00:00:00+05:30,146.0,147.6,143.0,144.0,24246
2019-11-08 00:00:00+05:30,144.3,149.3,144.0,144.8,45868
2019-11-11 00:00:00+05:30,145.7,148.6,144.7,147.6,40434
2019-11-13 00:00:00+05:30,146.7,151.7,146.5,147.9,95394
2019-11-14 00:00:00+05:30,150.0,151.4,146.7,147.8,53274
2019-11-15 00:00:00+05:30,148.1,150.6,144.3,145.0,58968
2019-11-18 00:00:00+05:30,148.3,148.3,144.0,144.6,65578
2019-11-19 00:00:00+05:30,145.0,148.0,142.7,144.6,26838
2019-11-20 00:00:00+05:30,144.7,145.0,138.6,141.0,127926
2019-11-21 00:00:00+05:30,141.7,141.7,138.3,139.9,151456
2019-11-22 00:00:00+05:30,140.0,167.9,140.0,167.4,3123748
2019-11-25 00:00:00+05:30,170.0,193.3,170.0,184.4,4727118
2019-11-26 00:00:00+05:30,180.3,187.6,166.5,169.9,1212124
2019-11-27 00:00:00+05:30,170.6,181.3,165.5,177.9,1593406
2019-11-28 00:00:00+05:30,179.5,180.0,171.9,173.8,578454
2019-11-29 00:00:00+05:30,174.3,182.9,171.8,176.9,375216
2019-12-02 00:00:00+05:30,176.9,178.2,169.4,170.4,83758
2019-12-03 00:00:00+05:30,170.4,174.9,166.4,167.3,120768
2019-12-04 00:00:00+05:30,167.0,173.3,165.8,168.3,123316
2019-12-05 00:00:00+05:30,169.9,170.0,166.3,166.6,71422
2019-12-06 00:00:00+05:30,168.2,170.0,161.3,163.1,101496
2019-12-09 00:00:00+05:30,164.6,165.9,157.0,158.6,73362
2019-12-10 00:00:00+05:30,159.9,174.3,156.7,167.8,746796
2019-12-11 00:00:00+05:30,166.7,172.8,161.7,168.8,246810
2019-12-12 00:00:00+05:30,169.3,172.0,166.8,170.5,119002
2019-12-13 00:00:00+05:30,171.6,171.7,166.3,167.4,52828
2019-12-16 00:00:00+05:30,169.9,180.8,166.8,175.8,673632
2019-12-17 00:00:00+05:30,177.6,180.7,175.0,179.3,253288
2019-12-18 00:00:00+05:30,180.6,183.2,176.7,180.7,181216
2019-12-19 00:00:00+05:30,180.7,182.9,177.9,180.5,111144
2019-12-20 00:00:00+05:30,181.0,186.1,180.3,185.4,210118
2019-12-23 00:00:00+05:30,184.2,188.7,182.8,187.6,137736
2019-12-24 00:00:00+05:30,185.7,191.0,185.7,189.9,100444
2019-12-26 00:00:00+05:30,190.9,191.7,182.3,185.3,168456
2019-12-27 00:00:00+05:30,186.6,186.7,181.8,183.8,101322
2019-12-30 00:00:00+05:30,183.8,189.0,181.8,186.3,87364
2019-12-31 00:00:00+05:30,187.0,192.7,184.4,189.3,108592
2020-01-01 00:00:00+05:30,190.6,223.3,187.7,212.4,2619028
2020-01-02 00:00:00+05:30,213.3,218.3,209.5,214.1,702106
2020-01-03 00:00:00+05:30,213.7,236.6,211.3,222.4,1684158
2020-01-06 00:00:00+05:30,221.7,226.2,211.9,217.5,545248
2020-01-07 00:00:00+05:30,221.0,229.3,218.4,224.5,481714
2020-01-08 00:00:00+05:30,221.8,225.8,220.3,222.5,218278
2020-01-09 00:00:00+05:30,224.4,228.3,222.0,222.9,189286
2020-01-10 00:00:00+05:30,224.9,226.3,222.3,223.4,101560
2020-01-13 00:00:00+05:30,224.0,230.0,222.0,225.6,158922
2020-01-14 00:00:00+05:30,226.7,230.0,223.4,227.4,211774
2020-01-15 00:00:00+05:30,229.2,229.9,222.5,223.9,428806
2020-01-16 00:00:00+05:30,224.7,236.0,223.0,230.0,287442
2020-01-17 00:00:00+05:30,230.0,234.0,224.1,225.4,158952
2020-01-20 00:00:00+05:30,225.5,227.3,218.3,220.4,94924
2020-01-21 00:00:00+05:30,221.7,224.6,216.7,223.2,182710
2020-01-22 00:00:00+05:30,224.8,224.8,218.0,219.6,240822
2020-01-23 00:00:00+05:30,219.7,223.3,219.0,221.0,85132
2020-01-24 00:00:00+05:30,221.6,227.0,221.4,223.4,118494
2020-01-27 00:00:00+05:30,223.3,229.0,222.8,226.9,129850
2020-01-28 00:00:00+05:30,228.3,228.3,221.3,223.3,89982
2020-01-29 00:00:00+05:30,223.3,225.4,220.3,221.6,25296
2020-01-30 00:00:00+05:30,223.3,223.3,207.5,208.8,95842
2020-01-31 00:00:00+05:30,223.3,223.3,208.4,210.7,452854
2020-02-01 00:00:00+05:30,210.0,212.6,201.8,203.6,85984
2020-02-03 00:00:00+05:30,202.3,207.6,200.7,201.8,96738
2020-02-04 00:00:00+05:30,206.0,206.2,201.8,203.0,49126
2020-02-05 00:00:00+05:30,203.3,213.0,202.0,208.0,142044
2020-02-06 00:00:00+05:30,207.7,214.6,207.7,210.8,77104
2020-02-07 00:00:00+05:30,209.0,212.8,209.0,211.2,41500
2020-02-10 00:00:00+05:30,211.7,212.0,204.4,205.6,55516
2020-02-11 00:00:00+05:30,208.6,209.5,204.0,207.2,46878
2020-02-12 00:00:00+05:30,203.4,212.6,203.4,205.4,78108
2020-02-13 00:00:00+05:30,205.3,216.0,205.3,208.4,121398
2020-02-14 00:00:00+05:30,209.6,213.3,205.2,205.9,75552
2020-02-17 00:00:00+05:30,206.5,207.2,201.7,202.8,45258
2020-02-18 00:00:00+05:30,206.3,208.0,199.3,200.9,81498
2020-02-19 00:00:00+05:30,200.7,206.9,200.2,203.1,111690
2020-02-20 00:00:00+05:30,201.0,209.8,201.0,207.8,68398
2020-02-24 00:00:00+05:30,205.0,210.8,204.4,205.6,76980
2020-02-25 00:00:00+05:30,203.3,206.3,200.4,201.4,38782
2020-02-26 00:00:00+05:30,197.0,205.9,195.7,196.2,83088
2020-02-27 00:00:00+05:30,196.2,198.1,191.7,192.5,27192
2020-02-28 00:00:00+05:30,190.7,190.7,176.2,180.9,62556
2020-03-02 00:00:00+05:30,183.6,189.3,148.3,173.6,149434
2020-03-03 00:00:00+05:30,173.6,183.3,173.6,180.1,572572
2020-03-04 00:00:00+05:30,183.0,202.7,178.8,189.1,1103718
2020-03-05 00:00:00+05:30,191.7,195.0,185.6,191.0,490230
2020-03-06 00:00:00+05:30,188.0,201.7,178.4,194.2,677130
2020-03-09 00:00:00+05:30,190.0,193.3,161.9,167.6,436504
2020-03-11 00:00:00+05:30,164.1,170.0,162.1,165.1,68368
2020-03-12 00:00:00+05:30,160.0,160.0,152.2,154.4,78178
2020-03-13 00:00:00+05:30,146.7,155.0,123.6,153.4,66864
2020-03-16 00:00:00+05:30,150.5,150.5,136.7,138.3,70012
2020-03-17 00:00:00+05:30,138.0,140.2,130.2,130.9,50164
2020-03-18 00:00:00+05:30,134.0,134.0,127.8,128.9,99538
2020-03-19 00:00:00+05:30,123.3,126.6,115.0,117.8,80424
2020-03-20 00:00:00+05:30,117.3,135.0,117.3,125.4,93094
2020-03-23 00:00:00+05:30,120.0,125.5,110.0,123.2,55624
2020-03-24 00:00:00+05:30,120.5,147.8,106.7,127.3,127672
2020-03-25 00:00:00+05:30,124.4,128.1,124.4,125.0,46386
2020-03-26 00:00:00+05:30,125.0,131.7,122.3,127.9,75280
2020-03-27 00:00:00+05:30,126.7,129.6,124.2,124.6,67902
2020-03-30 00:00:00+05:30,123.3,130.3,121.4,123.5,125476
2020-03-31 00:00:00+05:30,124.7,126.3,120.7,121.8,44598
2020-04-01 00:00:00+05:30,121.7,122.3,119.4,120.6,19896
2020-04-03 00:00:00+05:30,121.3,125.0,120.0,124.6,24738
2020-04-07 00:00:00+05:30,126.7,126.7,122.7,123.6,84094
2020-04-08 00:00:00+05:30,123.6,125.3,120.0,120.2,74166
2020-04-09 00:00:00+05:30,121.6,127.3,121.6,124.8,58110
2020-04-13 00:00:00+05:30,124.0,139.3,123.4,135.5,232336
2020-04-15 00:00:00+05:30,141.2,156.0,136.7,148.8,471310
2020-04-16 00:00:00+05:30,147.0,170.7,145.4,154.8,1240510
2020-04-17 00:00:00+05:30,156.7,162.0,155.3,156.4,176662
2020-04-20 00:00:00+05:30,157.3,158.3,153.7,155.4,71796
2020-04-21 00:00:00+05:30,152.0,154.3,145.7,147.9,53140
2020-04-22 00:00:00+05:30,147.9,150.3,140.0,145.9,46332
2020-04-23 00:00:00+05:30,146.3,156.0,146.3,152.7,57690
2020-04-24 00:00:00+05:30,152.7,153.0,140.9,147.1,76732
2020-04-27 00:00:00+05:30,147.0,151.6,146.0,149.2,25642
2020-04-28 00:00:00+05:30,152.0,162.9,148.3,155.3,101902
2020-04-29 00:00:00+05:30,158.2,158.5,153.8,155.2,38268
2020-04-30 00:00:00+05:30,157.8,158.8,154.0,155.0,53158
2020-05-04 00:00:00+05:30,152.7,152.7,147.5,148.9,37692
2020-05-05 00:00:00+05:30,149.3,150.3,145.0,145.6,29344
2020-05-06 00:00:00+05:30,145.3,146.6,141.6,143.4,45192
2020-05-07 00:00:00+05:30,144.0,166.3,142.8,155.8,1021566
2020-05-08 00:00:00+05:30,156.0,158.3,146.9,147.6,123280
2020-05-11 00:00:00+05:30,148.3,149.1,143.4,143.8,65382
2020-05-12 00:00:00+05:30,143.7,145.2,142.0,144.2,67156
2020-05-13 00:00:00+05:30,146.0,151.7,145.3,147.5,81960
2020-05-14 00:00:00+05:30,146.2,147.0,143.4,144.1,31896
2020-05-15 00:00:00+05:30,144.7,146.8,140.0,142.1,129838
2020-05-18 00:00:00+05:30,140.7,141.7,127.8,128.5,148506
2020-05-19 00:00:00+05:30,128.8,134.3,128.3,130.2,94002
2020-05-20 00:00:00+05:30,130.0,132.3,129.7,130.9,56316
2020-05-21 00:00:00+05:30,131.3,131.6,128.4,128.8,125518
2020-05-22 00:00:00+05:30,129.6,135.0,128.0,130.7,74506
2020-05-26 00:00:00+05:30,129.7,138.3,129.7,134.8,145620
2020-05-27 00:00:00+05:30,134.8,137.5,132.7,135.3,339792
2020-05-28 00:00:00+05:30,137.1,139.9,135.7,138.9,86094
2020-05-29 00:00:00+05:30,138.9,139.9,130.7,132.2,457086
2020-06-01 00:00:00+05:30,132.7,137.0,132.6,135.4,126666
2020-06-02 00:00:00+05:30,136.0,139.6,134.3,136.8,197068
2020-06-03 00:00:00+05:30,138.3,143.4,137.0,140.0,658942
2020-06-04 00:00:00+05:30,141.3,143.3,137.7,138.3,237156
2020-06-05 00:00:00+05:30,138.7,141.7,137.2,138.9,263496
2020-06-08 00:00:00+05:30,142.3,145.3,141.2,143.7,505006
2020-06-09 00:00:00+05:30,145.6,148.2,142.3,143.0,541614
2020-06-10 00:00:00+05:30,141.7,141.7,134.7,136.0,470050
2020-06-11 00:00:00+05:30,136.7,139.4,132.8,133.6,215472
2020-06-12 00:00:00+05:30,131.3,134.9,130.0,133.3,163200
2020-06-15 00:00:00+05:30,134.6,136.2,133.4,135.0,90432
2020-06-16 00:00:00+05:30,135.4,143.2,135.0,141.8,450226
2020-06-17 00:00:00+05:30,142.3,145.0,140.0,142.0,5289114
2020-06-18 00:00:00+05:30,148.5,162.7,148.3,153.7,1858920
2020-06-19 00:00:00+05:30,153.4,157.9,148.4,149.4,281338
2020-06-22 00:00:00+05:30,151.3,153.9,145.3,150.9,327612
2020-06-23 00:00:00+05:30,150.9,153.3,148.7,151.5,140860
2020-06-24 00:00:00+05:30,153.3,153.3,148.0,150.4,217122
2020-06-25 00:00:00+05:30,145.7,149.7,145.7,146.6,99552
2020-06-26 00:00:00+05:30,148.3,152.0,147.2,148.4,237628
2020-06-29 00:00:00+05:30,150.0,150.3,145.5,148.4,95188
2020-06-30 00:00:00+05:30,148.3,152.3,146.8,148.8,116002
2020-07-01 00:00:00+05:30,148.8,151.8,146.7,150.7,113482
2020-07-02 00:00:00+05:30,151.7,165.0,151.3,157.2,1805982
2020-07-03 00:00:00+05:30,157.2,161.2,154.3,158.9,432766
2020-07-06 00:00:00+05:30,169.0,176.0,154.4,159.9,4699144
2020-07-07 00:00:00+05:30,156.6,160.0,156.0,158.3,691302
2020-07-08 00:00:00+05:30,159.6,159.6,153.3,154.5,522640
2020-07-09 00:00:00+05:30,155.0,161.3,153.3,159.8,1055944
2020-07-10 00:00:00+05:30,158.7,161.0,156.0,158.4,667746
2020-07-13 00:00:00+05:30,160.9,163.0,159.7,160.0,492220
2020-07-14 00:00:00+05:30,160.0,163.0,158.5,161.6,398200
2020-07-15 00:00:00+05:30,162.0,170.7,161.3,166.8,1114974
2020-07-16 00:00:00+05:30,167.7,176.2,167.4,174.7,5878384
2020-07-17 00:00:00+05:30,174.7,174.7,170.0,171.3,796848
2020-07-20 00:00:00+05:30,173.6,174.0,170.0,171.6,470688
2020-07-21 00:00:00+05:30,171.8,176.0,170.4,174.5,1107210
2020-07-22 00:00:00+05:30,174.3,178.3,164.3,165.7,1001724
2020-07-23 00:00:00+05:30,165.3,168.3,160.0,160.9,668260
2020-07-24 00:00:00+05:30,159.4,163.3,157.3,158.9,352338
2020-07-27 00:00:00+05:30,158.9,163.0,158.9,160.4,314494
2020-07-28 00:00:00+05:30,163.0,163.0,158.8,159.4,203628
2020-07-29 00:00:00+05:30,160.0,161.4,158.4,159.2,139530
2020-07-30 00:00:00+05:30,159.4,161.0,154.7,155.5,112770
2020-07-31 00:00:00+05:30,155.0,160.7,155.0,160.0,489466
2020-08-03 00:00:00+05:30,160.0,161.5,158.7,159.9,153670
2020-08-04 00:00:00+05:30,159.7,161.2,155.7,157.8,132648
2020-08-05 00:00:00+05:30,158.3,160.0,154.4,155.4,253540
2020-08-06 00:00:00+05:30,156.0,161.0,153.5,155.8,367366
2020-08-07 00:00:00+05:30,156.7,162.8,156.3,160.4,1079476
2020-08-10 00:00:00+05:30,161.5,166.3,160.4,163.3,417870
2020-08-11 00:00:00+05:30,164.9,173.6,164.9,170.7,647476
2020-08-12 00:00:00+05:30,171.6,179.0,170.7,173.1,558958
2020-08-13 00:00:00+05:30,181.5,207.7,181.5,207.7,2024640
2020-08-14 00:00:00+05:30,216.0,245.0,210.7,225.3,5353846
2020-08-17 00:00:00+05:30,225.4,242.3,219.0,238.4,1865446
2020-08-18 00:00:00+05:30,234.5,241.3,230.0,231.8,424414
2020-08-19 00:00:00+05:30,234.7,238.3,225.5,227.6,396258
2020-08-20 00:00:00+05:30,228.0,241.3,227.7,237.7,679192
2020-08-21 00:00:00+05:30,239.3,249.8,238.2,245.6,1093050
2020-08-24 00:00:00+05:30,260.0,269.7,256.0,265.2,1704586
2020-08-25 00:00:00+05:30,270.0,270.7,254.5,254.9,785844
2020-08-26 00:00:00+05:30,256.9,262.0,250.5,259.2,442126
2020-08-27 00:00:00+05:30,261.3,266.6,256.7,262.2,427456
2020-08-28 00:00:00+05:30,264.8,265.0,256.7,257.2,190144
2020-08-31 00:00:00+05:30,258.3,259.3,232.4,234.7,474556
2020-09-01 00:00:00+05:30,236.7,249.7,225.0,231.1,447832
2020-09-02 00:00:00+05:30,235.0,248.3,233.5,246.2,450522
2020-09-03 00:00:00+05:30,249.0,256.7,247.3,252.9,368704
2020-09-04 00:00:00+05:30,245.0,251.3,241.7,244.5,314622
2020-09-07 00:00:00+05:30,246.5,248.4,237.0,240.4,117792
2020-09-08 00:00:00+05:30,242.6,246.5,235.3,236.4,196236
2020-09-09 00:00:00+05:30,236.7,239.3,231.7,235.0,280324
2020-09-10 00:00:00+05:30,237.4,240.7,235.1,237.3,95094
2020-09-11 00:00:00+05:30,238.3,245.3,237.7,243.9,207010
2020-09-14 00:00:00+05:30,247.0,258.9,246.7,257.0,494772
2020-09-15 00:00:00+05:30,258.3,260.0,253.3,256.3,175882
2020-09-16 00:00:00+05:30,259.8,264.3,256.7,261.7,346698
2020-09-17 00:00:00+05:30,259.7,264.4,254.0,255.6,285094
2020-09-18 00:00:00+05:30,257.8,260.7,247.7,257.9,438052
2020-09-21 00:00:00+05:30,259.3,261.7,243.1,245.1,356134
2020-09-22 00:00:00+05:30,245.3,246.6,230.0,239.0,185800
2020-09-23 00:00:00+05:30,239.0,241.7,230.0,231.2,318832
2020-09-24 00:00:00+05:30,227.7,238.0,223.3,229.6,343852
2020-09-25 00:00:00+05:30,233.7,238.3,232.2,236.0,206650
2020-09-28 00:00:00+05:30,237.4,241.3,235.0,238.0,129822
2020-09-29 00:00:00+05:30,240.7,245.9,234.7,237.9,348934
2020-09-30 00:00:00+05:30,239.3,239.3,233.3,233.7,147850
2020-10-01 00:00:00+05:30,236.0,237.9,231.9,232.5,120546
2020-10-05 00:00:00+05:30,235.7,244.8,235.3,241.8,439464
2020-10-06 00:00:00+05:30,243.3,244.7,236.7,239.3,213034
2020-10-07 00:00:00+05:30,240.7,245.0,237.4,239.1,282670
2020-10-08 00:00:00+05:30,243.7,250.6,237.2,240.4,737484
2020-10-09 00:00:00+05:30,241.7,244.0,237.2,238.5,176436
2020-10-12 00:00:00+05:30,239.6,243.3,235.1,236.5,665316
2020-10-13 00:00:00+05:30,238.0,240.0,235.7,237.0,167280
2020-10-14 00:00:00+05:30,239.0,243.9,232.6,240.4,443478
2020-10-15 00:00:00+05:30,241.3,243.7,232.7,233.7,228658
2020-10-16 00:00:00+05:30,237.6,239.8,231.8,233.4,185538
2020-10-19 00:00:00+05:30,236.2,236.8,232.6,234.2,96012
2020-10-20 00:00:00+05:30,234.3,239.7,232.2,238.5,160614
2020-10-21 00:00:00+05:30,240.0,243.1,237.0,238.5,280248
2020-10-22 00:00:00+05:30,238.3,241.3,236.4,239.2,107962
2020-10-23 00:00:00+05:30,239.2,241.3,238.5,240.0,71394
2020-10-26 00:00:00+05:30,236.7,239.3,235.0,236.7,60988
2020-10-27 00:00:00+05:30,235.0,237.0,232.3,234.5,254854
2020-10-28 00:00:00+05:30,234.0,236.3,230.3,231.7,98512
2020-10-29 00:00:00+05:30,231.7,231.7,223.4,224.1,88650
2020-10-30 00:00:00+05:30,224.2,233.3,224.2,231.0,103636
2020-11-02 00:00:00+05:30,228.0,233.0,223.3,224.0,86238
2020-11-03 00:00:00+05:30,227.7,229.3,223.0,224.4,62902
2020-11-04 00:00:00+05:30,224.4,227.8,223.6,225.1,47814
2020-11-05 00:00:00+05:30,226.7,240.7,226.7,238.0,250800
2020-11-06 00:00:00+05:30,248.3,255.7,234.3,237.4,888352
2020-11-09 00:00:00+05:30,240.0,245.3,237.6,243.2,309054
2020-11-10 00:00:00+05:30,243.3,243.3,235.4,237.2,153858
2020-11-11 00:00:00+05:30,236.7,239.5,235.4,237.3,117186
2020-11-12 00:00:00+05:30,237.7,239.8,235.2,236.2,489744
2020-11-13 00:00:00+05:30,236.2,239.7,232.7,238.2,665032
2020-11-14 00:00:00+05:30,238.7,241.0,238.2,239.7,41710
2020-11-17 00:00:00+05:30,241.3,241.3,237.4,238.8,102114
2020-11-18 00:00:00+05:30,240.0,240.0,235.7,236.1,101110
2020-11-19 00:00:00+05:30,238.3,239.0,236.0,236.9,95856
2020-11-20 00:00:00+05:30,237.0,241.0,236.0,238.0,121798
2020-11-23 00:00:00+05:30,240.0,242.6,238.0,238.8,165660
2020-11-24 00:00:00+05:30,239.9,241.0,236.3,238.9,222046
2020-11-25 00:00:00+05:30,239.0,240.5,236.7,238.6,103594
2020-11-26 00:00:00+05:30,239.0,239.2,236.8,238.1,51256
2020-11-27 00:00:00+05:30,238.3,246.0,237.5,241.6,292944
2020-12-01 00:00:00+05:30,241.7,244.9,240.7,243.0,162060
2020-12-02 00:00:00+05:30,243.3,245.8,238.3,240.0,101266
2020-12-03 00:00:00+05:30,241.7,266.4,239.0,263.3,2099358
2020-12-04 00:00:00+05:30,266.7,276.5,260.0,261.7,1572040
2020-12-07 00:00:00+05:30,261.7,268.0,261.7,262.6,264730
2020-12-08 00:00:00+05:30,264.9,273.0,256.7,258.2,664126
2020-12-09 00:00:00+05:30,260.3,274.0,260.3,272.4,989682
2020-12-10 00:00:00+05:30,272.3,272.3,262.3,267.4,504168
2020-12-11 00:00:00+05:30,266.4,278.0,266.3,269.6,724852
2020-12-14 00:00:00+05:30,276.7,281.3,270.3,271.5,568828
2020-12-15 00:00:00+05:30,273.0,275.5,268.4,272.4,294600
2020-12-16 00:00:00+05:30,275.0,277.0,268.3,271.9,333168
2020-12-17 00:00:00+05:30,272.9,274.0,265.2,268.5,154986
2020-12-18 00:00:00+05:30,271.6,272.9,263.8,266.1,275640
2020-12-21 00:00:00+05:30,264.0,266.7,241.7,245.5,337584
2020-12-22 00:00:00+05:30,248.3,258.0,239.4,256.5,351016
2020-12-23 00:00:00+05:30,258.3,293.3,257.9,289.5,2451796
2020-12-24 00:00:00+05:30,296.7,301.7,283.7,292.7,1241820
2020-12-28 00:00:00+05:30,292.7,302.3,290.7,297.9,568786
2020-12-29 00:00:00+05:30,300.0,309.3,290.0,303.0,911242
2020-12-30 00:00:00+05:30,303.3,303.4,297.6,300.5,191178
2020-12-31 00:00:00+05:30,300.5,302.0,290.6,294.4,107796
2021-01-01 00:00:00+05:30,296.6,299.5,292.0,295.4,118828
2021-01-04 00:00:00+05:30,295.4,297.7,291.0,294.4,140104
2021-01-05 00:00:00+05:30,292.7,310.5,288.4,301.9,750636
2021-01-06 00:00:00+05:30,304.6,311.2,295.7,301.3,307594
2021-01-07 00:00:00+05:30,301.6,307.3,298.5,300.4,329604
2021-01-08 00:00:00+05:30,302.5,307.3,301.0,304.9,245998
2021-01-11 00:00:00+05:30,308.0,313.7,302.6,307.4,327744
2021-01-12 00:00:00+05:30,305.3,316.4,303.0,311.7,268980
2021-01-13 00:00:00+05:30,313.1,326.6,310.5,323.7,507702
2021-01-14 00:00:00+05:30,328.9,339.8,326.4,334.2,1196214
2021-01-15 00:00:00+05:30,334.0,344.8,328.0,337.1,587572
2021-01-18 00:00:00+05:30,334.7,339.7,317.4,326.5,507226
2021-01-19 00:00:00+05:30,333.3,333.3,320.0,321.8,239106
2021-01-20 00:00:00+05:30,321.7,330.4,321.7,325.8,191596
2021-01-21 00:00:00+05:30,329.6,343.0,326.0,334.3,289390
2021-01-22 00:00:00+05:30,333.3,339.3,328.9,331.0,217462
2021-01-25 00:00:00+05:30,331.4,336.6,319.8,325.2,179542
2021-01-27 00:00:00+05:30,326.3,331.5,323.7,325.8,259876
2021-01-28 00:00:00+05:30,325.0,338.3,320.8,325.5,450894
2021-01-29 00:00:00+05:30,326.3,340.7,324.6,329.4,626448
2021-02-01 00:00:00+05:30,326.8,331.6,313.7,326.1,249274
2021-02-02 00:00:00+05:30,326.6,336.7,321.7,327.9,170842
2021-02-03 00:00:00+05:30,329.5,348.0,329.2,332.2,692518
2021-02-04 00:00:00+05:30,333.3,346.0,332.6,342.9,405580
2021-02-05 00:00:00+05:30,344.8,347.0,331.9,334.5,241758
2021-02-08 00:00:00+05:30,337.3,337.3,327.2,329.5,244960
2021-02-09 00:00:00+05:30,330.0,333.0,321.1,323.1,86100
2021-02-10 00:00:00+05:30,323.1,328.0,317.0,319.2,83268
2021-02-11 00:00:00+05:30,321.6,331.7,320.0,329.7,124486
2021-02-12 00:00:00+05:30,332.9,332.9,318.7,321.8,140182
2021-02-15 00:00:00+05:30,323.4,325.8,311.6,314.6,135378
2021-02-16 00:00:00+05:30,316.6,319.3,305.0,307.1,126958
2021-02-17 00:00:00+05:30,309.7,324.9,308.4,318.7,306060
2021-02-18 00:00:00+05:30,323.2,327.7,320.4,323.8,190306
2021-02-19 00:00:00+05:30,324.6,325.3,319.9,323.7,116778
2021-02-22 00:00:00+05:30,323.3,324.7,312.9,315.3,101668
2021-02-23 00:00:00+05:30,316.3,321.3,311.0,312.3,84610
2021-02-24 00:00:00+05:30,313.6,324.7,310.4,312.5,49432
2021-02-25 00:00:00+05:30,314.1,319.7,307.6,308.0,175692
2021-02-26 00:00:00+05:30,307.7,316.3,306.3,309.6,203712
2021-03-01 00:00:00+05:30,311.3,314.0,308.3,311.9,85944
2021-03-02 00:00:00+05:30,314.8,323.3,313.1,320.0,108832
2021-03-03 00:00:00+05:30,323.0,337.0,313.3,329.5,324330
2021-03-04 00:00:00+05:30,328.0,343.3,325.3,333.0,299328
2021-03-05 00:00:00+05:30,332.9,349.7,327.6,330.0,354630
2021-03-08 00:00:00+05:30,332.7,334.3,327.1,329.3,79956
2021-03-09 00:00:00+05:30,329.3,331.3,320.0,322.4,77412
2021-03-10 00:00:00+05:30,324.6,327.6,322.0,325.1,372390
2021-03-12 00:00:00+05:30,326.3,331.3,318.5,324.0,122404
2021-03-15 00:00:00+05:30,328.3,330.0,321.0,323.1,104704
2021-03-16 00:00:00+05:30,326.3,338.3,322.4,330.3,224916
2021-03-17 00:00:00+05:30,333.0,345.0,331.7,338.0,367800
2021-03-18 00:00:00+05:30,343.3,344.4,322.3,325.0,180354
2021-03-19 00:00:00+05:30,327.6,328.3,313.4,322.0,122286
2021-03-22 00:00:00+05:30,324.0,324.3,319.8,321.3,40632
2021-03-23 00:00:00+05:30,323.0,328.6,322.0,324.9,76354
2021-03-24 00:00:00+05:30,326.6,338.3,323.2,336.5,153850
2021-03-25 00:00:00+05:30,341.7,341.7,326.0,333.8,125122
2021-03-26 00:00:00+05:30,336.6,344.7,333.3,342.9,210588
2021-03-30 00:00:00+05:30,351.7,370.0,351.0,358.6,1154034
2021-03-31 00:00:00+05:30,363.3,376.7,360.6,367.7,944086
2021-04-01 00:00:00+05:30,373.0,376.7,366.6,369.5,164304
2021-04-05 00:00:00+05:30,373.6,383.3,364.8,373.6,263190
2021-04-06 00:00:00+05:30,370.3,383.0,367.7,378.4,187176
2021-04-07 00:00:00+05:30,379.3,388.3,372.0,380.2,171472
2021-04-08 00:00:00+05:30,386.0,404.7,382.8,400.9,315670
2021-04-09 00:00:00+05:30,400.0,408.3,398.0,407.0,231048
2021-04-12 00:00:00+05:30,400.3,414.6,386.7,401.7,310912
2021-04-13 00:00:00+05:30,401.7,416.0,375.0,384.8,316848
2021-04-15 00:00:00+05:30,387.6,390.0,370.7,378.1,97722
2021-04-16 00:00:00+05:30,381.5,397.9,381.4,388.6,208858
2021-04-19 00:00:00+05:30,383.3,402.9,370.0,398.8,282168
2021-04-20 00:00:00+05:30,402.7,415.0,396.7,407.5,216720
2021-04-22 00:00:00+05:30,405.0,406.7,393.7,402.4,88452
2021-04-23 00:00:00+05:30,398.7,423.7,393.4,398.6,344082
2021-04-26 00:00:00+05:30,398.3,404.4,387.6,390.4,109396
2021-04-27 00:00:00+05:30,390.3,398.2,386.7,388.6,77020
2021-04-28 00:00:00+05:30,389.3,402.3,389.3,392.6,80322
2021-04-29 00:00:00+05:30,396.2,416.0,391.0,410.2,243682
2021-04-30 00:00:00+05:30,404.2,422.0,403.0,415.3,237814
2021-05-03 00:00:00+05:30,415.0,425.0,412.4,422.2,110692
2021-05-04 00:00:00+05:30,424.6,431.0,411.6,413.9,92106
2021-05-05 00:00:00+05:30,413.7,441.7,410.7,431.8,343506
2021-05-06 00:00:00+05:30,435.2,436.7,421.7,424.6,78322
2021-05-07 00:00:00+05:30,424.6,435.7,421.7,425.2,138696
2021-05-10 00:00:00+05:30,425.2,435.7,412.8,416.7,63478
2021-05-11 00:00:00+05:30,416.7,420.0,405.7,410.6,61234
2021-05-12 00:00:00+05:30,420.0,420.0,389.0,399.2,146164
2021-05-14 00:00:00+05:30,404.0,411.0,400.9,407.0,84936
2021-05-17 00:00:00+05:30,409.2,409.2,393.6,399.3,47404
2021-05-18 00:00:00+05:30,399.3,401.4,394.0,398.2,57214
2021-05-19 00:00:00+05:30,398.3,406.7,390.0,393.4,34468
2021-05-20 00:00:00+05:30,393.3,406.6,387.0,403.4,90598
2021-05-21 00:00:00+05:30,407.0,408.0,395.0,398.1,46966
2021-05-24 00:00:00+05:30,393.7,396.7,388.7,390.9,84360
2021-05-25 00:00:00+05:30,393.9,396.7,380.5,386.1,52852
2021-05-26 00:00:00+05:30,385.0,386.1,368.0,373.6,174798
2021-05-27 00:00:00+05:30,366.7,400.3,366.3,393.2,207460
2021-05-28 00:00:00+05:30,400.0,415.0,393.4,412.1,270292
2021-05-31 00:00:00+05:30,415.9,421.8,408.7,420.0,192258
2021-06-01 00:00:00+05:30,420.2,422.2,410.4,418.0,110326
2021-06-02 00:00:00+05:30,416.7,441.3,414.0,422.0,209668
2021-06-03 00:00:00+05:30,426.2,433.0,416.9,422.9,147048
2021-06-04 00:00:00+05:30,426.7,426.7,411.0,422.6,173314
2021-06-07 00:00:00+05:30,422.6,428.7,416.7,425.7,98638
2021-06-08 00:00:00+05:30,429.3,454.4,425.4,441.6,412842
2021-06-09 00:00:00+05:30,446.7,453.3,430.0,430.9,142350
2021-06-10 00:00:00+05:30,434.0,459.7,434.0,448.1,486844
2021-06-11 00:00:00+05:30,528.0,537.7,528.0,537.7,768352
2021-06-14 00:00:00+05:30,576.7,625.0,566.7,590.0,2264988
2021-06-15 00:00:00+05:30,599.3,616.0,573.3,582.2,912234
2021-06-16 00:00:00+05:30,580.0,591.3,565.0,575.2,317284
2021-06-17 00:00:00+05:30,566.0,581.6,541.3,561.2,231784
2021-06-18 00:00:00+05:30,561.2,589.2,558.3,587.5,408394
2021-06-21 00:00:00+05:30,600.0,606.7,560.8,568.8,268558
2021-06-22 00:00:00+05:30,589.7,597.2,572.0,597.1,180706
2021-06-23 00:00:00+05:30,606.3,606.3,588.3,596.7,84678
2021-06-24 00:00:00+05:30,598.0,610.3,588.3,607.8,454708
2021-06-25 00:00:00+05:30,610.0,610.9,589.0,599.5,93448
2021-06-28 00:00:00+05:30,606.3,612.6,583.3,597.8,197728
2021-06-29 00:00:00+05:30,598.3,620.0,598.3,615.4,183630
2021-06-30 00:00:00+05:30,619.9,646.2,613.3,646.2,318928
2021-07-01 00:00:00+05:30,662.0,678.4,651.7,678.4,313248
2021-07-02 00:00:00+05:30,706.7,708.3,678.4,695.2,124590
2021-07-05 00:00:00+05:30,700.0,716.7,678.3,708.0,105346
2021-07-06 00:00:00+05:30,714.9,714.9,691.7,700.3,127792
2021-07-07 00:00:00+05:30,700.0,703.3,683.7,700.2,277626
2021-07-08 00:00:00+05:30,701.7,731.7,690.0,714.0,619438
2021-07-09 00:00:00+05:30,726.7,726.7,695.0,702.5,487864
2021-07-12 00:00:00+05:30,702.7,716.7,698.3,700.9,71640
2021-07-13 00:00:00+05:30,714.7,714.7,693.3,694.2,406156
2021-07-14 00:00:00+05:30,700.0,716.7,693.3,712.0,116916
2021-07-15 00:00:00+05:30,720.1,747.6,717.3,746.1,136428
2021-07-16 00:00:00+05:30,747.6,748.3,733.3,743.0,208092
2021-07-19 00:00:00+05:30,746.7,759.9,740.0,750.7,84328
2021-07-20 00:00:00+05:30,750.7,758.0,735.3,740.4,251322
2021-07-22 00:00:00+05:30,733.7,758.3,733.3,737.5,192774
2021-07-23 00:00:00+05:30,726.7,745.0,716.7,723.4,46392
2021-07-26 00:00:00+05:30,703.7,721.5,693.3,702.7,64684
2021-07-27 00:00:00+05:30,696.0,717.7,683.7,707.6,116688
2021-07-28 00:00:00+05:30,714.5,714.5,690.0,697.8,113016
2021-07-29 00:00:00+05:30,696.7,730.0,683.7,727.5,61758
2021-07-30 00:00:00+05:30,727.5,759.9,727.5,748.4,63856
2021-08-02 00:00:00+05:30,750.0,778.3,750.0,769.8,67644
2021-08-03 00:00:00+05:30,783.3,786.6,756.2,769.7,73624
2021-08-04 00:00:00+05:30,788.0,793.3,731.7,739.4,95812
2021-08-05 00:00:00+05:30,749.9,749.9,702.4,711.4,46858
2021-08-06 00:00:00+05:30,711.4,723.3,690.0,705.7,13092
2021-08-09 00:00:00+05:30,741.0,741.0,673.7,697.6,78340
2021-08-10 00:00:00+05:30,700.0,726.0,679.3,699.0,153430
2021-08-11 00:00:00+05:30,700.0,706.6,664.0,683.4,162490
2021-08-12 00:00:00+05:30,655.0,716.3,650.4,706.7,161148
2021-08-13 00:00:00+05:30,713.3,725.2,706.7,723.5,103026
2021-08-16 00:00:00+05:30,759.6,759.6,759.6,759.6,203212
2021-08-17 00:00:00+05:30,797.6,797.6,770.0,776.6,243126
2021-08-18 00:00:00+05:30,783.0,783.3,758.3,772.9,78534
2021-08-20 00:00:00+05:30,762.5,766.3,750.3,752.4,61120
2021-08-23 00:00:00+05:30,752.4,758.3,714.8,719.8,83164
2021-08-24 00:00:00+05:30,683.8,755.8,683.8,753.7,83496
2021-08-25 00:00:00+05:30,758.7,782.3,731.7,738.0,43566
2021-08-26 00:00:00+05:30,740.7,762.0,731.3,751.5,174738
2021-08-27 00:00:00+05:30,750.0,755.0,739.4,752.6,186088
2021-08-30 00:00:00+05:30,758.2,763.2,746.7,749.9,36712
2021-08-31 00:00:00+05:30,740.3,766.7,737.0,754.6,219634
2021-09-01 00:00:00+05:30,749.4,752.4,727.0,733.0,434586
2021-09-02 00:00:00+05:30,736.0,749.0,726.7,731.8,57160
2021-09-03 00:00:00+05:30,732.2,753.5,732.2,746.6,94684
2021-09-06 00:00:00+05:30,756.3,756.7,733.7,736.5,58138
2021-09-07 00:00:00+05:30,733.3,737.0,723.3,727.1,69006
2021-09-08 00:00:00+05:30,726.7,736.7,723.3,734.4,30174
2021-09-09 00:00:00+05:30,733.3,741.4,730.0,734.0,39558
2021-09-13 00:00:00+05:30,736.3,739.0,728.4,731.3,52960
2021-09-14 00:00:00+05:30,733.7,751.7,733.7,746.0,439692
2021-09-15 00:00:00+05:30,758.3,783.0,757.3,783.0,153784
2021-09-16 00:00:00+05:30,819.0,819.0,763.7,775.8,133206
2021-09-17 00:00:00+05:30,776.7,811.0,756.3,803.5,293746
2021-09-20 00:00:00+05:30,795.0,795.0,766.7,771.0,143682
2021-09-21 00:00:00+05:30,770.0,781.5,750.0,763.0,124254
2021-09-22 00:00:00+05:30,763.7,770.6,754.1,762.6,337540
2021-09-23 00:00:00+05:30,770.7,773.2,755.3,764.0,245614
2021-09-24 00:00:00+05:30,764.0,783.7,753.4,760.2,167584
2021-09-27 00:00:00+05:30,762.9,770.0,754.6,757.9,283282
2021-09-28 00:00:00+05:30,757.9,761.3,750.0,752.7,116490
2021-09-29 00:00:00+05:30,726.3,735.0,724.7,731.9,123270
2021-09-30 00:00:00+05:30,733.3,734.0,713.3,721.4,167892
2021-10-01 00:00:00+05:30,710.4,738.0,708.0,735.4,193804
2021-10-04 00:00:00+05:30,733.0,749.7,723.3,737.6,114424
2021-10-05 00:00:00+05:30,743.0,751.9,740.4,745.5,94312
2021-10-06 00:00:00+05:30,748.7,752.6,733.3,739.0,102918
2021-10-07 00:00:00+05:30,743.3,756.4,725.0,729.8,194578
2021-10-08 00:00:00+05:30,736.2,765.9,734.3,753.8,233116
2021-10-11 00:00:00+05:30,760.0,788.3,750.0,776.9,216478
2021-10-12 00:00:00+05:30,789.7,789.7,751.7,757.2,86578
2021-10-13 00:00:00+05:30,754.2,773.2,744.3,749.0,176910
2021-10-14 00:00:00+05:30,758.0,774.0,750.6,766.7,313354
2021-10-18 00:00:00+05:30,772.0,789.7,753.7,758.2,151960
2021-10-19 00:00:00+05:30,770.0,770.0,736.8,745.5,207460
2021-10-20 00:00:00+05:30,745.5,750.5,723.3,731.5,67348
2021-10-21 00:00:00+05:30,724.7,732.6,678.3,683.3,132630
2021-10-22 00:00:00+05:30,699.3,713.2,678.3,683.1,76240
2021-10-25 00:00:00+05:30,683.1,686.2,585.2,653.4,193116
2021-10-26 00:00:00+05:30,653.0,685.6,650.4,678.5,181506
2021-10-27 00:00:00+05:30,683.9,773.6,678.5,737.7,379042
2021-10-28 00:00:00+05:30,756.0,756.0,720.4,729.8,177046
2021-10-29 00:00:00+05:30,723.3,747.4,717.0,726.8,141438
2021-11-01 00:00:00+05:30,711.7,740.0,711.7,729.1,240066
2021-11-02 00:00:00+05:30,734.0,743.0,705.3,715.6,185328
2021-11-03 00:00:00+05:30,790.0,823.3,768.3,780.9,980680
2021-11-04 00:00:00+05:30,785.0,805.0,785.0,794.6,73764
2021-11-08 00:00:00+05:30,803.6,817.0,780.9,787.0,210792
2021-11-09 00:00:00+05:30,788.9,803.0,783.3,793.2,180252
2021-11-10 00:00:00+05:30,784.8,803.2,776.7,800.0,295678
2021-11-11 00:00:00+05:30,798.3,803.3,785.1,791.2,90606
2021-11-12 00:00:00+05:30,796.6,796.6,783.1,789.1,130476
2021-11-15 00:00:00+05:30,799.3,833.3,795.0,822.1,364324
2021-11-16 00:00:00+05:30,833.3,838.2,825.8,829.1,128010
2021-11-17 00:00:00+05:30,833.0,873.6,784.0,803.1,255028
2021-11-18 00:00:00+05:30,800.3,815.6,768.1,800.9,140854
2021-11-22 00:00:00+05:30,820.0,820.0,768.0,776.3,147516
2021-11-23 00:00:00+05:30,780.0,789.5,741.0,766.0,131896
2021-11-24 00:00:00+05:30,784.7,789.3,753.7,765.1,142746
2021-11-25 00:00:00+05:30,765.0,783.3,765.0,777.4,133296
2021-11-26 00:00:00+05:30,764.7,783.3,764.7,768.6,101250
2021-11-29 00:00:00+05:30,756.7,761.6,701.2,719.4,142516
2021-11-30 00:00:00+05:30,716.7,778.3,676.0,729.4,1165378
2021-12-01 00:00:00+05:30,716.7,735.0,702.9,714.2,351558
2021-12-02 00:00:00+05:30,729.0,731.5,691.7,709.8,105726
2021-12-03 00:00:00+05:30,710.0,724.4,708.3,710.2,124276
2021-12-06 00:00:00+05:30,721.7,725.0,670.4,695.2,102582
2021-12-07 00:00:00+05:30,700.0,711.7,672.0,707.0,219498
2021-12-08 00:00:00+05:30,708.0,716.7,700.0,703.0,120994
2021-12-09 00:00:00+05:30,707.3,735.0,695.0,732.2,184366
2021-12-10 00:00:00+05:30,740.5,740.5,714.7,718.7,89136
2021-12-13 00:00:00+05:30,716.7,725.1,708.0,713.0,369136
2021-12-14 00:00:00+05:30,713.3,755.3,710.0,739.0,209730
2021-12-15 00:00:00+05:30,743.7,750.0,731.7,744.0,342256
2021-12-16 00:00:00+05:30,750.7,758.3,740.0,747.9,186724
2021-12-17 00:00:00+05:30,755.3,760.0,744.9,754.0,95542
2021-12-20 00:00:00+05:30,754.0,754.0,738.3,745.1,112212
2021-12-21 00:00:00+05:30,748.2,762.0,748.2,750.9,85020
2021-12-22 00:00:00+05:30,750.9,783.7,750.6,766.4,260938
2021-12-23 00:00:00+05:30,770.8,774.7,760.0,763.8,53884
2021-12-24 00:00:00+05:30,779.0,803.3,778.8,786.4,192450
2021-12-27 00:00:00+05:30,792.4,799.9,779.7,789.8,152818
2021-12-28 00:00:00+05:30,799.9,849.2,796.4,830.4,453816
2021-12-29 00:00:00+05:30,833.3,859.8,796.7,809.6,575290
2021-12-30 00:00:00+05:30,810.8,827.0,800.4,812.4,104776
2021-12-31 00:00:00+05:30,817.8,880.7,817.2,870.7,498600
2022-01-03 00:00:00+05:30,905.0,984.3,888.3,929.1,2544486
2022-01-04 00:00:00+05:30,935.0,950.0,910.7,926.8,642166
2022-01-05 00:00:00+05:30,930.9,975.7,923.3,938.2,685104
2022-01-06 00:00:00+05:30,928.7,936.6,911.7,922.0,348376
2022-01-07 00:00:00+05:30,929.8,930.0,896.7,902.8,233428
2022-01-10 00:00:00+05:30,933.3,956.3,918.3,927.8,469006
2022-01-11 00:00:00+05:30,935.7,959.4,921.7,944.4,449836
2022-01-12 00:00:00+05:30,954.6,960.3,943.3,949.0,242482
2022-01-13 00:00:00+05:30,956.4,990.0,938.3,970.8,522184
2022-01-14 00:00:00+05:30,973.6,973.6,940.4,950.2,366088
2022-01-17 00:00:00+05:30,950.0,978.3,946.7,968.3,187704
2022-01-18 00:00:00+05:30,975.7,975.7,923.7,939.1,431626
2022-01-19 00:00:00+05:30,940.0,944.6,911.7,925.8,220884
2022-01-20 00:00:00+05:30,925.7,941.9,895.1,899.6,202816
2022-01-21 00:00:00+05:30,899.6,901.1,835.0,854.4,293380
2022-01-24 00:00:00+05:30,859.4,931.4,790.0,804.3,826092
2022-01-25 00:00:00+05:30,805.0,861.0,783.3,826.4,591072
2022-01-27 00:00:00+05:30,816.7,824.3,784.0,791.4,152670
2022-01-28 00:00:00+05:30,781.2,816.3,767.2,772.2,225826
2022-01-31 00:00:00+05:30,772.0,795.1,751.9,784.0,337396
2022-02-01 00:00:00+05:30,804.6,823.0,792.9,816.6,193252
2022-02-02 00:00:00+05:30,826.6,841.2,824.2,830.6,117016
2022-02-03 00:00:00+05:30,850.0,858.3,803.7,814.1,286824
2022-02-04 00:00:00+05:30,819.0,821.9,809.7,817.8,103030
2022-02-07 00:00:00+05:30,817.8,829.6,806.7,815.2,132670
2022-02-08 00:00:00+05:30,806.7,822.1,783.2,788.2,115012
2022-02-09 00:00:00+05:30,793.7,803.3,772.7,777.9,106848
2022-02-10 00:00:00+05:30,785.8,792.9,781.6,788.2,150390
2022-02-11 00:00:00+05:30,785.0,796.6,783.2,791.2,184876
2022-02-14 00:00:00+05:30,760.5,781.7,755.0,765.3,125898
2022-02-15 00:00:00+05:30,780.0,793.2,733.7,784.9,176484
2022-02-16 00:00:00+05:30,793.0,793.0,767.4,777.0,100588
2022-02-17 00:00:00+05:30,782.0,782.0,746.7,751.8,173034
2022-02-18 00:00:00+05:30,756.4,756.4,733.7,737.2,78222
2022-02-21 00:00:00+05:30,717.7,728.8,703.3,712.7,186768
2022-02-22 00:00:00+05:30,700.4,733.0,691.0,702.1,285966
2022-02-23 00:00:00+05:30,708.0,743.2,708.0,739.0,213984
2022-02-24 00:00:00+05:30,726.7,736.4,684.3,711.1,210508
2022-02-25 00:00:00+05:30,711.1,744.0,711.1,730.2,118840
2022-02-28 00:00:00+05:30,732.4,732.4,700.6,716.9,161518
2022-03-02 00:00:00+05:30,717.0,732.6,707.0,710.0,86680
2022-03-03 00:00:00+05:30,716.4,731.2,711.9,724.5,98626
2022-03-04 00:00:00+05:30,721.3,755.9,713.9,747.2,246070
2022-03-07 00:00:00+05:30,725.1,795.0,720.7,775.2,304092
2022-03-08 00:00:00+05:30,768.7,816.6,768.7,801.4,290944
2022-03-09 00:00:00+05:30,805.0,839.7,805.0,825.9,190380
2022-03-10 00:00:00+05:30,838.0,847.3,812.5,819.0,176926
2022-03-11 00:00:00+05:30,810.1,850.0,806.7,836.5,338058
2022-03-14 00:00:00+05:30,838.8,850.0,806.6,818.1,230562
2022-03-15 00:00:00+05:30,820.7,831.8,802.3,813.9,189288
2022-03-16 00:00:00+05:30,820.0,826.2,800.2,806.0,58770
2022-03-17 00:00:00+05:30,818.1,818.1,771.3,776.7,138288
2022-03-21 00:00:00+05:30,778.0,785.8,763.3,768.8,86592
2022-03-22 00:00:00+05:30,767.0,798.3,767.0,788.8,131214
2022-03-23 00:00:00+05:30,792.0,809.7,783.3,786.7,85678
2022-03-24 00:00:00+05:30,785.0,797.9,754.5,783.3,342340
2022-03-25 00:00:00+05:30,795.0,795.0,763.7,766.7,126330
2022-03-28 00:00:00+05:30,755.7,766.3,740.7,749.3,126958
2022-03-29 00:00:00+05:30,758.3,776.3,741.0,769.9,239740
2022-03-30 00:00:00+05:30,776.3,786.3,766.7,776.4,142596
2022-03-31 00:00:00+05:30,781.9,800.0,768.3,790.4,226180
2022-04-01 00:00:00+05:30,802.7,802.7,777.2,785.7,161308
2022-04-04 00:00:00+05:30,794.7,799.3,784.7,795.0,94024
2022-04-05 00:00:00+05:30,789.3,813.2,788.3,805.5,184974
2022-04-06 00:00:00+05:30,803.3,841.0,803.3,831.0,219708
2022-04-07 00:00:00+05:30,843.5,851.3,819.8,830.1,150180
2022-04-08 00:00:00+05:30,827.3,845.0,817.0,839.4,71724
2022-04-11 00:00:00+05:30,847.1,848.2,804.0,812.9,91948
2022-04-12 00:00:00+05:30,813.0,813.0,782.7,786.9,86032
2022-04-13 00:00:00+05:30,792.3,806.7,791.0,801.4,45496
2022-04-18 00:00:00+05:30,797.7,797.8,783.3,789.4,123522
2022-04-19 00:00:00+05:30,785.0,833.0,783.6,808.6,191356
2022-04-20 00:00:00+05:30,813.7,816.0,777.6,809.2,282856
2022-04-21 00:00:00+05:30,813.3,820.4,801.4,811.1,80488
2022-04-22 00:00:00+05:30,810.7,818.8,785.0,787.0,127488
2022-04-25 00:00:00+05:30,783.7,799.3,771.0,778.4,66310
2022-04-26 00:00:00+05:30,783.3,797.6,778.7,793.5,92572
2022-04-27 00:00:00+05:30,787.3,793.3,763.3,790.2,53664
2022-04-28 00:00:00+05:30,790.0,830.0,789.2,810.8,118530
2022-04-29 00:00:00+05:30,817.8,817.8,796.7,802.6,56722
2022-05-02 00:00:00+05:30,796.0,799.3,773.8,786.0,62482
2022-05-04 00:00:00+05:30,783.7,788.6,753.3,761.2,117000
2022-05-05 00:00:00+05:30,761.7,785.9,757.5,771.7,57544
2022-05-06 00:00:00+05:30,763.7,763.7,737.5,747.9,48634
2022-05-09 00:00:00+05:30,739.8,744.8,720.0,729.0,58564
2022-05-10 00:00:00+05:30,724.0,740.9,700.0,708.9,66462
2022-05-11 00:00:00+05:30,703.7,707.6,685.0,700.0,114496
2022-05-12 00:00:00+05:30,688.4,716.7,675.9,701.9,114724
2022-05-13 00:00:00+05:30,715.7,729.7,700.4,707.5,56868
2022-05-16 00:00:00+05:30,714.0,733.3,708.4,729.4,56610
2022-05-17 00:00:00+05:30,733.3,747.5,726.7,744.7,34776
2022-05-18 00:00:00+05:30,749.0,757.6,717.0,723.8,42274
2022-05-19 00:00:00+05:30,708.4,716.6,698.3,712.1,90532
2022-05-20 00:00:00+05:30,713.7,735.0,713.7,731.0,129490
2022-05-23 00:00:00+05:30,734.3,745.0,722.0,724.6,41502
2022-05-24 00:00:00+05:30,733.0,786.0,727.1,736.9,296368
2022-05-25 00:00:00+05:30,740.0,755.6,690.0,697.1,180892
2022-05-26 00:00:00+05:30,695.0,707.5,658.4,679.2,154912
2022-05-27 00:00:00+05:30,663.3,690.4,638.5,684.9,297436
2022-05-30 00:00:00+05:30,688.3,711.6,683.3,705.8,203794
2022-05-31 00:00:00+05:30,705.3,705.3,672.0,677.6,170734
2022-06-01 00:00:00+05:30,678.0,726.8,663.7,711.2,261034
2022-06-02 00:00:00+05:30,703.7,719.0,698.3,703.3,94026
2022-06-03 00:00:00+05:30,711.4,718.3,702.0,709.9,76230
2022-06-06 00:00:00+05:30,700.0,710.6,693.7,703.2,53224
2022-06-07 00:00:00+05:30,700.4,708.8,695.3,700.4,55638
2022-06-08 00:00:00+05:30,706.4,709.7,695.7,705.6,36994
2022-06-09 00:00:00+05:30,704.7,710.3,698.3,708.1,24826
2022-06-10 00:00:00+05:30,706.3,708.4,700.0,706.3,30378
2022-06-13 00:00:00+05:30,706.3,706.3,681.9,685.2,87268
2022-06-14 00:00:00+05:30,688.3,701.9,677.3,681.6,48346
2022-06-15 00:00:00+05:30,674.5,701.8,674.5,691.8,106176
2022-06-16 00:00:00+05:30,693.0,697.2,624.3,639.0,378268
2022-06-17 00:00:00+05:30,646.6,650.0,611.3,627.1,119556
2022-06-20 00:00:00+05:30,633.3,634.3,623.3,627.1,165136
2022-06-21 00:00:00+05:30,627.3,634.0,622.7,626.1,99586
2022-06-22 00:00:00+05:30,630.0,646.7,620.3,628.2,191706
2022-06-23 00:00:00+05:30,629.7,642.8,629.7,638.1,85272
2022-06-24 00:00:00+05:30,643.7,659.5,636.3,641.2,95278
2022-06-27 00:00:00+05:30,648.1,666.7,648.0,664.4,51100
2022-06-28 00:00:00+05:30,657.0,662.6,635.0,644.5,87906
2022-06-29 00:00:00+05:30,634.0,661.6,634.0,641.2,85792
2022-06-30 00:00:00+05:30,635.1,650.6,635.1,640.1,104184
2022-07-01 00:00:00+05:30,640.1,640.1,629.6,635.0,37426
2022-07-04 00:00:00+05:30,643.0,646.0,633.3,635.7,91114
2022-07-05 00:00:00+05:30,641.1,661.6,637.0,651.1,74452
2022-07-06 00:00:00+05:30,659.3,662.5,650.0,659.9,31654
2022-07-07 00:00:00+05:30,663.0,679.6,662.2,676.7,36526
2022-07-08 00:00:00+05:30,685.7,690.0,680.0,687.2,48436
2022-07-11 00:00:00+05:30,680.7,690.2,672.3,676.9,89254
2022-07-12 00:00:00+05:30,682.0,694.1,675.9,684.8,46356
2022-07-13 00:00:00+05:30,692.7,692.7,681.1,688.7,24778
2022-07-14 00:00:00+05:30,689.3,697.9,677.0,691.6,70314
2022-07-15 00:00:00+05:30,691.0,711.7,683.3,708.8,126868
2022-07-18 00:00:00+05:30,710.0,716.3,697.6,703.7,82522
2022-07-19 00:00:00+05:30,703.3,717.6,698.9,713.0,31728
2022-07-20 00:00:00+05:30,718.3,740.0,710.3,729.0,63492
2022-07-21 00:00:00+05:30,731.7,765.0,731.7,742.5,121710
2022-07-22 00:00:00+05:30,746.2,752.3,727.3,742.0,64452
2022-07-25 00:00:00+05:30,740.2,741.9,725.2,729.2,17334
2022-07-26 00:00:00+05:30,730.0,732.8,707.0,710.9,43288
2022-07-27 00:00:00+05:30,710.0,716.7,704.5,708.3,36900
2022-07-28 00:00:00+05:30,713.0,720.0,700.4,702.7,81550
2022-07-29 00:00:00+05:30,706.4,731.6,706.3,724.7,100738
2022-08-01 00:00:00+05:30,731.0,731.0,722.0,724.1,48228
2022-08-02 00:00:00+05:30,724.0,737.7,724.0,732.1,80208
2022-08-03 00:00:00+05:30,792.0,838.7,754.0,763.5,1798716
2022-08-04 00:00:00+05:30,768.3,780.0,754.0,761.2,198922
2022-08-05 00:00:00+05:30,769.4,769.4,754.0,758.4,103044
2022-08-08 00:00:00+05:30,766.3,779.7,761.3,768.2,150940
2022-08-10 00:00:00+05:30,756.7,758.6,710.0,714.7,414766
2022-08-11 00:00:00+05:30,723.0,729.3,715.3,720.9,479296
2022-08-12 00:00:00+05:30,721.0,743.9,716.1,737.4,147678
2022-08-16 00:00:00+05:30,744.8,748.3,735.0,739.8,68308
2022-08-17 00:00:00+05:30,733.7,746.7,733.5,745.0,102318
2022-08-18 00:00:00+05:30,744.9,758.4,735.0,751.2,137800
2022-08-19 00:00:00+05:30,752.7,765.0,746.7,751.5,81648
2022-08-22 00:00:00+05:30,746.7,746.7,735.4,743.4,58576
2022-08-23 00:00:00+05:30,738.3,750.0,730.6,743.4,69396
2022-08-24 00:00:00+05:30,746.3,756.0,743.5,750.4,45202
2022-08-25 00:00:00+05:30,736.7,745.6,731.7,734.6,233668
2022-08-26 00:00:00+05:30,740.8,742.6,732.0,733.2,54786
2022-08-29 00:00:00+05:30,722.7,730.0,714.7,716.3,108964
2022-08-30 00:00:00+05:30,716.3,727.0,700.0,702.0,141970
2022-09-01 00:00:00+05:30,703.3,714.0,695.0,707.3,84688
2022-09-02 00:00:00+05:30,712.0,725.0,704.2,717.1,82540
2022-09-05 00:00:00+05:30,717.1,724.3,710.4,719.7,56478
2022-09-06 00:00:00+05:30,722.7,723.3,709.4,715.7,65898
2022-09-07 00:00:00+05:30,710.7,729.2,710.7,725.1,53808
2022-09-08 00:00:00+05:30,725.3,742.0,723.4,738.5,65968
2022-09-09 00:00:00+05:30,743.3,750.0,733.8,742.4,67590
2022-09-12 00:00:00+05:30,743.7,758.4,740.0,743.7,113154
2022-09-13 00:00:00+05:30,761.6,790.0,758.6,770.1,391134
2022-09-14 00:00:00+05:30,760.0,776.3,757.4,769.8,108894
2022-09-15 00:00:00+05:30,771.7,776.3,763.3,767.8,82896
2022-09-16 00:00:00+05:30,771.3,774.6,737.0,746.9,138550
2022-09-19 00:00:00+05:30,746.3,747.4,710.8,716.2,168354
2022-09-20 00:00:00+05:30,723.0,739.5,711.0,724.5,120904
2022-09-21 00:00:00+05:30,764.5,772.5,756.0,761.6,363228
2022-09-22 00:00:00+05:30,759.5,761.0,728.3,746.4,97868
2022-09-23 00:00:00+05:30,746.4,749.6,731.3,736.5,30618
2022-09-26 00:00:00+05:30,737.0,747.5,712.5,734.5,90888
2022-09-27 00:00:00+05:30,744.5,750.0,729.6,745.7,57262
2022-09-28 00:00:00+05:30,745.0,745.0,725.0,728.0,31258
2022-09-29 00:00:00+05:30,734.5,740.0,720.0,727.0,28280
2022-09-30 00:00:00+05:30,725.0,727.2,710.0,712.4,72154
2022-10-03 00:00:00+05:30,712.0,717.7,686.0,696.3,40952
2022-10-04 00:00:00+05:30,701.0,709.5,689.0,696.4,63926
2022-10-06 00:00:00+05:30,699.5,719.9,696.4,711.9,120616
2022-10-07 00:00:00+05:30,710.5,750.0,696.9,730.3,275762
2022-10-10 00:00:00+05:30,722.5,723.0,710.0,714.2,31630
2022-10-11 00:00:00+05:30,717.5,717.8,675.0,680.8,76788
2022-10-12 00:00:00+05:30,684.2,688.8,667.5,674.6,70210
2022-10-13 00:00:00+05:30,675.0,677.4,650.5,658.6,61518
2022-10-14 00:00:00+05:30,662.5,669.7,649.5,655.2,102244
2022-10-17 00:00:00+05:30,655.0,661.5,650.5,655.3,41598
2022-10-18 00:00:00+05:30,656.5,665.0,650.5,656.2,40658
2022-10-19 00:00:00+05:30,656.2,656.2,642.0,647.2,56544
2022-10-20 00:00:00+05:30,646.9,661.5,636.0,639.5,50318
2022-10-21 00:00:00+05:30,642.7,647.8,637.7,643.4,25320
2022-10-24 00:00:00+05:30,639.0,650.0,638.5,648.5,8310
2022-10-25 00:00:00+05:30,651.7,656.5,643.4,650.0,29264
2022-10-27 00:00:00+05:30,650.5,655.3,638.0,642.6,72504
2022-10-28 00:00:00+05:30,635.5,640.6,627.0,636.2,22626
2022-10-31 00:00:00+05:30,637.5,663.0,636.1,659.8,62840
2022-11-01 00:00:00+05:30,663.2,674.5,656.0,665.5,66474
2022-11-02 00:00:00+05:30,665.0,665.0,648.4,655.8,112268
2022-11-03 00:00:00+05:30,646.5,666.7,646.5,660.5,43100
2022-11-04 00:00:00+05:30,682.5,700.0,668.8,674.6,255440
2022-11-07 00:00:00+05:30,680.0,681.0,666.5,670.1,34248
2022-11-09 00:00:00+05:30,680.0,687.5,662.8,682.0,48612
2022-11-10 00:00:00+05:30,682.4,689.4,675.0,687.2,81128
2022-11-11 00:00:00+05:30,715.0,747.4,696.0,701.3,915188
2022-11-14 00:00:00+05:30,704.5,717.2,699.2,710.2,116288
2022-11-15 00:00:00+05:30,704.5,716.8,704.5,710.9,42462
2022-11-16 00:00:00+05:30,722.5,734.2,715.2,719.2,134292
2022-11-17 00:00:00+05:30,717.5,724.5,707.5,712.2,58450
2022-11-18 00:00:00+05:30,712.0,719.0,695.5,699.6,69932
2022-11-21 00:00:00+05:30,703.0,706.6,695.5,699.7,118252
2022-11-22 00:00:00+05:30,702.3,710.5,697.6,700.4,56658
2022-11-23 00:00:00+05:30,702.6,710.5,702.2,705.7,31760
2022-11-24 00:00:00+05:30,707.4,719.4,707.0,716.0,115530
2022-11-25 00:00:00+05:30,717.5,734.4,713.5,714.5,153940
2022-11-28 00:00:00+05:30,718.2,731.5,715.0,728.8,274410
2022-11-29 00:00:00+05:30,732.4,741.5,710.5,713.2,115674
2022-11-30 00:00:00+05:30,716.9,728.8,716.9,724.2,85672
2022-12-01 00:00:00+05:30,729.0,734.5,720.6,723.7,101510
2022-12-02 00:00:00+05:30,727.0,735.5,723.0,725.0,88142
2022-12-05 00:00:00+05:30,732.0,736.8,717.5,719.7,61624
2022-12-06 00:00:00+05:30,720.0,723.4,707.0,709.0,74094
2022-12-07 00:00:00+05:30,712.7,712.7,704.0,704.4,53196
2022-12-08 00:00:00+05:30,705.0,712.5,700.6,704.9,116800
2022-12-09 00:00:00+05:30,705.0,707.5,693.8,696.5,66714
2022-12-12 00:00:00+05:30,695.5,701.4,695.0,697.7,36148
2022-12-13 00:00:00+05:30,710.9,710.9,688.8,690.7,76670
2022-12-14 00:00:00+05:30,694.3,700.0,692.9,698.8,41654
2022-12-15 00:00:00+05:30,707.4,709.0,686.3,689.4,323968
2022-12-16 00:00:00+05:30,690.5,691.6,688.4,689.4,74732
2022-12-19 00:00:00+05:30,693.3,693.3,678.5,680.1,58736
2022-12-20 00:00:00+05:30,682.4,682.4,669.0,670.0,83306
2022-12-21 00:00:00+05:30,672.5,685.5,670.5,676.7,138328
2022-12-22 00:00:00+05:30,680.5,698.0,675.6,692.6,100738
2022-12-23 00:00:00+05:30,691.5,693.5,677.0,684.0,93202
2022-12-26 00:00:00+05:30,653.0,684.0,610.5,665.2,237396
2022-12-27 00:00:00+05:30,664.5,668.0,652.6,657.8,65730
2022-12-28 00:00:00+05:30,652.0,655.0,646.8,648.8,44756
2022-12-29 00:00:00+05:30,648.5,648.8,636.0,638.8,57822
2022-12-30 00:00:00+05:30,641.5,645.8,636.8,639.7,37442
2023-01-02 00:00:00+05:30,640.5,648.4,635.0,638.3,32434
2023-01-03 00:00:00+05:30,639.0,648.0,638.5,639.3,31568
2023-01-04 00:00:00+05:30,639.0,641.4,634.9,637.1,39662
2023-01-05 00:00:00+05:30,642.5,642.5,632.5,637.5,37178
2023-01-06 00:00:00+05:30,635.0,639.5,630.0,634.3,27240
2023-01-09 00:00:00+05:30,637.6,652.2,630.5,646.8,152876
2023-01-10 00:00:00+05:30,645.0,672.5,635.7,669.1,74840
2023-01-11 00:00:00+05:30,668.0,710.0,660.4,699.5,523242
2023-01-12 00:00:00+05:30,699.5,707.5,682.6,704.4,89714
2023-01-13 00:00:00+05:30,698.8,707.5,690.8,701.9,50516
2023-01-16 00:00:00+05:30,701.9,706.5,692.0,702.9,66338
2023-01-17 00:00:00+05:30,710.0,710.0,691.5,701.0,38434
2023-01-18 00:00:00+05:30,701.0,715.5,700.0,711.6,40478
2023-01-19 00:00:00+05:30,708.6,717.5,701.6,714.6,35244
2023-01-20 00:00:00+05:30,718.3,718.3,695.5,699.4,49564
2023-01-23 00:00:00+05:30,697.5,698.9,683.0,693.2,38466
2023-01-24 00:00:00+05:30,696.8,714.4,695.0,707.2,63800
2023-01-25 00:00:00+05:30,709.4,720.0,704.0,716.0,53476
2023-01-27 00:00:00+05:30,719.0,722.4,695.5,703.4,73086
2023-01-30 00:00:00+05:30,704.5,722.5,704.5,711.3,76870
2023-01-31 00:00:00+05:30,708.0,739.7,708.0,726.3,75018
2023-02-01 00:00:00+05:30,730.0,744.0,725.8,732.8,240258
2023-02-02 00:00:00+05:30,732.0,741.0,718.2,726.4,47498
2023-02-03 00:00:00+05:30,740.0,766.0,737.8,748.0,450990
2023-02-06 00:00:00+05:30,752.5,777.2,741.1,752.2,226918
2023-02-07 00:00:00+05:30,752.5,764.0,746.2,756.2,154974
2023-02-08 00:00:00+05:30,760.0,764.0,740.1,744.2,156488
2023-02-09 00:00:00+05:30,737.4,752.5,726.0,735.1,185176
2023-02-10 00:00:00+05:30,730.5,748.4,729.7,737.6,94944
2023-02-13 00:00:00+05:30,745.2,747.8,731.2,739.7,142980
2023-02-14 00:00:00+05:30,743.9,743.9,730.6,737.1,38834
2023-02-15 00:00:00+05:30,737.0,737.4,696.8,703.0,223668
2023-02-16 00:00:00+05:30,708.9,737.5,703.0,735.8,117768
2023-02-17 00:00:00+05:30,738.0,738.1,722.8,728.5,55624
2023-02-20 00:00:00+05:30,728.5,732.2,710.5,717.8,119446
2023-02-21 00:00:00+05:30,724.1,735.0,708.2,728.4,33394
2023-02-22 00:00:00+05:30,724.5,733.0,712.1,729.7,59472
2023-02-23 00:00:00+05:30,729.5,749.0,717.5,742.2,112430
2023-02-24 00:00:00+05:30,737.5,755.0,726.0,731.5,124812
2023-02-27 00:00:00+05:30,723.3,723.3,706.8,712.3,86684
2023-02-28 00:00:00+05:30,715.0,722.0,692.6,697.4,84944
2023-03-01 00:00:00+05:30,700.3,712.0,695.3,705.4,66924
2023-03-02 00:00:00+05:30,709.1,726.5,707.2,723.2,63180
2023-03-03 00:00:00+05:30,734.5,734.5,712.5,715.3,70450
2023-03-06 00:00:00+05:30,722.9,734.4,712.6,717.3,98520
2023-03-08 00:00:00+05:30,717.5,724.0,712.9,721.0,48736
2023-03-09 00:00:00+05:30,715.0,722.0,697.9,698.8,78730
2023-03-10 00:00:00+05:30,702.4,760.5,674.0,742.4,515946
2023-03-13 00:00:00+05:30,747.5,749.5,710.0,713.9,167934
2023-03-14 00:00:00+05:30,713.9,717.0,691.5,704.6,72266
2023-03-15 00:00:00+05:30,707.5,714.5,697.5,706.1,51732
2023-03-16 00:00:00+05:30,701.0,704.0,686.0,694.1,60882
2023-03-17 00:00:00+05:30,699.5,700.0,682.8,689.4,44932
2023-03-20 00:00:00+05:30,690.0,699.5,671.4,679.2,101640
2023-03-21 00:00:00+05:30,684.5,715.3,670.0,698.3,283532
2023-03-22 00:00:00+05:30,698.0,702.5,687.5,693.0,121484
2023-03-23 00:00:00+05:30,692.8,693.1,675.0,677.6,75586
2023-03-24 00:00:00+05:30,682.5,682.5,653.6,660.7,170052
2023-03-27 00:00:00+05:30,665.0,680.6,663.6,670.4,180184
2023-03-28 00:00:00+05:30,669.5,679.0,646.0,654.6,79576
2023-03-29 00:00:00+05:30,648.2,656.5,643.1,649.4,127682
2023-03-31 00:00:00+05:30,659.5,662.0,639.0,645.2,100538
2023-04-03 00:00:00+05:30,645.2,658.6,645.2,651.8,28346
2023-04-05 00:00:00+05:30,652.4,681.7,647.7,677.2,110818
2023-04-06 00:00:00+05:30,677.2,679.4,663.0,670.5,79804
2023-04-10 00:00:00+05:30,671.0,687.0,665.4,674.1,33712
2023-04-11 00:00:00+05:30,675.4,680.0,671.0,672.4,24998
2023-04-12 00:00:00+05:30,668.6,680.0,665.6,671.2,85388
2023-04-13 00:00:00+05:30,671.2,675.0,663.0,669.1,140120
2023-04-17 00:00:00+05:30,660.9,666.5,651.4,657.3,87470
2023-04-18 00:00:00+05:30,657.1,657.5,639.0,644.3,134738
2023-04-19 00:00:00+05:30,649.4,665.0,640.5,644.1,160698
2023-04-20 00:00:00+05:30,644.5,648.7,636.0,638.3,73954
2023-04-21 00:00:00+05:30,643.2,662.0,641.3,659.3,174592
2023-04-24 00:00:00+05:30,655.0,674.2,654.5,664.5,73208
2023-04-25 00:00:00+05:30,664.5,666.5,650.0,653.4,383994
2023-04-26 00:00:00+05:30,658.8,680.0,654.0,673.2,146858
2023-04-27 00:00:00+05:30,679.9,679.9,660.0,670.3,58780
2023-04-28 00:00:00+05:30,673.4,680.4,663.2,677.8,56074
2023-05-02 00:00:00+05:30,682.3,691.9,679.9,687.1,73184
2023-05-03 00:00:00+05:30,688.5,697.5,685.0,687.2,67646
2023-05-04 00:00:00+05:30,685.0,692.5,682.6,689.9,39660
2023-05-05 00:00:00+05:30,700.0,700.0,685.0,695.4,50122
2023-05-08 00:00:00+05:30,695.4,704.3,692.6,696.3,25284
2023-05-09 00:00:00+05:30,696.4,703.4,675.5,677.1,89532
2023-05-10 00:00:00+05:30,680.7,680.7,664.5,673.7,54426
2023-05-11 00:00:00+05:30,674.6,682.5,670.0,671.1,49648
2023-05-12 00:00:00+05:30,671.2,673.8,655.8,660.1,91404
2023-05-15 00:00:00+05:30,660.0,665.0,657.5,663.2,139158
2023-05-16 00:00:00+05:30,663.2,673.4,658.6,667.3,179244
2023-05-17 00:00:00+05:30,667.4,680.4,667.4,676.8,52152
2023-05-18 00:00:00+05:30,677.4,690.0,675.5,688.6,55186
2023-05-19 00:00:00+05:30,689.5,700.0,680.5,697.4,62590
2023-05-22 00:00:00+05:30,700.8,721.4,696.8,714.2,130632
2023-05-23 00:00:00+05:30,712.5,732.5,712.0,728.1,100862
2023-05-24 00:00:00+05:30,732.5,765.0,721.4,740.4,202512
2023-05-25 00:00:00+05:30,744.5,747.5,702.6,705.6,97642
2023-05-26 00:00:00+05:30,710.0,774.5,710.0,769.2,1522828
2023-05-29 00:00:00+05:30,776.5,838.5,760.5,806.3,1889664
2023-05-30 00:00:00+05:30,808.0,824.9,791.0,808.5,375232
2023-05-31 00:00:00+05:30,806.8,832.5,786.3,814.8,452582
2023-06-01 00:00:00+05:30,817.0,822.0,802.0,804.0,117600
2023-06-02 00:00:00+05:30,807.5,820.0,793.0,806.4,125312
2023-06-05 00:00:00+05:30,812.0,860.0,802.6,857.4,672158
2023-06-06 00:00:00+05:30,857.5,879.0,847.5,855.2,335582
2023-06-07 00:00:00+05:30,862.5,870.0,840.5,842.4,179280
2023-06-08 00:00:00+05:30,842.4,858.5,834.8,852.1,129890
2023-06-09 00:00:00+05:30,858.8,859.6,847.1,856.4,66922
2023-06-12 00:00:00+05:30,857.0,861.0,850.0,857.1,83400
2023-06-13 00:00:00+05:30,858.8,867.5,825.5,834.3,168926
2023-06-14 00:00:00+05:30,833.0,849.5,795.0,799.5,253838
2023-06-15 00:00:00+05:30,804.5,820.0,800.0,816.2,204932
2023-06-16 00:00:00+05:30,818.6,840.5,818.6,829.6,179438
2023-06-19 00:00:00+05:30,835.0,899.0,835.0,890.0,1257838
2023-06-20 00:00:00+05:30,891.0,910.0,865.2,881.3,725868
2023-06-21 00:00:00+05:30,884.7,892.5,862.0,866.7,243056
2023-06-22 00:00:00+05:30,875.0,887.5,858.5,876.2,321190
2023-06-23 00:00:00+05:30,878.5,878.5,843.0,847.0,92762
2023-06-26 00:00:00+05:30,847.5,880.0,847.0,868.3,222664
2023-06-27 00:00:00+05:30,872.3,872.9,840.8,846.6,238134
2023-06-28 00:00:00+05:30,854.9,860.0,840.5,844.0,218482
2023-06-30 00:00:00+05:30,848.4,873.8,805.5,812.5,280730
2023-07-03 00:00:00+05:30,820.9,828.7,799.0,821.9,266732
2023-07-04 00:00:00+05:30,830.0,830.0,812.6,820.6,96002
2023-07-05 00:00:00+05:30,824.5,827.3,805.5,807.6,100558
2023-07-06 00:00:00+05:30,808.5,845.0,800.5,838.7,361440
2023-07-07 00:00:00+05:30,842.0,849.9,812.5,846.2,131744
2023-07-10 00:00:00+05:30,849.5,882.0,835.7,876.5,316570
2023-07-11 00:00:00+05:30,881.0,895.0,875.6,886.1,196662
2023-07-12 00:00:00+05:30,886.1,886.1,864.0,871.4,148824
2023-07-13 00:00:00+05:30,872.7,876.9,843.5,849.0,128666
2023-07-14 00:00:00+05:30,857.0,871.4,852.5,865.8,191994
2023-07-17 00:00:00+05:30,869.5,921.0,868.2,913.8,507738
2023-07-18 00:00:00+05:30,915.0,926.2,897.5,904.9,208798
2023-07-19 00:00:00+05:30,913.4,913.4,884.0,895.7,117172
2023-07-20 00:00:00+05:30,895.0,902.6,879.6,882.3,78246
2023-07-21 00:00:00+05:30,874.2,890.0,870.0,884.5,92908
2023-07-24 00:00:00+05:30,884.5,902.5,870.2,887.6,128228
2023-07-25 00:00:00+05:30,889.0,889.0,860.9,864.5,63734
2023-07-26 00:00:00+05:30,865.0,869.0,840.5,848.4,77668
2023-07-27 00:00:00+05:30,851.6,859.8,816.0,825.0,112102
2023-07-28 00:00:00+05:30,833.3,865.0,831.4,856.4,184808
2023-07-31 00:00:00+05:30,861.5,877.5,850.5,859.6,75250
2023-08-01 00:00:00+05:30,864.7,867.5,853.3,858.4,36528
2023-08-02 00:00:00+05:30,858.4,863.5,832.5,851.8,47876
2023-08-03 00:00:00+05:30,850.0,863.5,839.0,860.1,54552
2023-08-04 00:00:00+05:30,864.1,872.2,846.1,851.0,64022
2023-08-07 00:00:00+05:30,852.5,890.0,851.0,880.6,151840
2023-08-08 00:00:00+05:30,883.5,887.4,870.5,885.2,71598
2023-08-09 00:00:00+05:30,885.3,887.7,875.0,883.7,97376
2023-08-10 00:00:00+05:30,870.0,878.8,854.2,871.7,179980
2023-08-11 00:00:00+05:30,865.0,865.0,843.7,854.7,315620
2023-08-14 00:00:00+05:30,854.7,855.3,830.0,849.4,94808
2023-08-16 00:00:00+05:30,847.5,849.1,814.5,821.4,117344
2023-08-17 00:00:00+05:30,825.7,833.0,808.5,825.1,116092
2023-08-18 00:00:00+05:30,824.2,829.2,813.6,823.8,42186
2023-08-21 00:00:00+05:30,823.8,826.0,812.5,814.1,82118
2023-08-22 00:00:00+05:30,824.0,824.0,806.4,808.5,50744
2023-08-23 00:00:00+05:30,812.0,816.9,800.5,804.6,79790
2023-08-24 00:00:00+05:30,804.6,826.3,798.8,800.5,132418
2023-08-25 00:00:00+05:30,791.3,819.5,791.0,800.8,219434
2023-08-28 00:00:00+05:30,812.5,818.5,801.2,809.1,84626
2023-08-29 00:00:00+05:30,809.1,817.7,803.0,815.7,145572
2023-08-30 00:00:00+05:30,819.7,831.5,813.3,824.5,79346
2023-08-31 00:00:00+05:30,825.6,828.0,803.4,812.0,132738
2023-09-01 00:00:00+05:30,806.8,816.3,803.5,812.4,81938
2023-09-04 00:00:00+05:30,821.9,834.5,804.5,831.0,144752
2023-09-05 00:00:00+05:30,834.5,850.0,827.5,846.3,170250
2023-09-06 00:00:00+05:30,856.0,862.5,827.3,837.0,104024
2023-09-07 00:00:00+05:30,838.0,850.8,828.8,840.6,57702
2023-09-08 00:00:00+05:30,844.0,859.6,838.0,854.8,96942
2023-09-11 00:00:00+05:30,859.5,901.9,857.0,895.4,271100
2023-09-12 00:00:00+05:30,913.5,913.5,844.5,875.6,163882
2023-09-13 00:00:00+05:30,868.0,875.0,847.1,865.1,108990
2023-09-14 00:00:00+05:30,873.7,893.4,867.4,884.6,169650
2023-09-15 00:00:00+05:30,886.0,962.0,885.0,925.5,1450882
2023-09-18 00:00:00+05:30,927.2,937.0,911.5,923.4,204230
2023-09-20 00:00:00+05:30,922.5,935.0,887.5,929.4,165902
2023-09-21 00:00:00+05:30,925.0,925.0,903.5,916.2,103646
2023-09-22 00:00:00+05:30,905.1,920.4,877.0,886.9,102966
2023-09-25 00:00:00+05:30,896.9,905.0,885.0,900.4,74100
2023-09-26 00:00:00+05:30,900.4,904.3,878.5,884.4,86692
2023-09-27 00:00:00+05:30,899.5,926.8,889.0,896.7,258114
2023-09-28 00:00:00+05:30,907.0,925.0,890.5,898.4,63280
2023-09-29 00:00:00+05:30,902.0,922.8,885.0,900.9,86410
2023-10-03 00:00:00+05:30,900.0,935.9,899.1,930.4,225728
2023-10-04 00:00:00+05:30,922.5,942.5,905.0,928.4,199138
2023-10-05 00:00:00+05:30,924.0,1024.5,908.0,1011.1,1541350
2023-10-06 00:00:00+05:30,1019.0,1084.4,990.0,1073.9,1331314
2023-10-09 00:00:00+05:30,1075.0,1075.0,1026.6,1045.6,383516
2023-10-10 00:00:00+05:30,1050.0,1074.5,1030.5,1043.2,299310
2023-10-11 00:00:00+05:30,1043.2,1125.0,1040.4,1084.0,1104176
2023-10-12 00:00:00+05:30,1084.0,1089.0,1069.0,1077.0,302270
2023-10-13 00:00:00+05:30,1072.5,1099.4,1030.5,1045.3,271826
2023-10-16 00:00:00+05:30,1059.8,1072.2,1030.5,1036.9,157546
2023-10-17 00:00:00+05:30,1045.0,1052.5,1032.5,1036.8,62484
2023-10-18 00:00:00+05:30,1042.5,1043.8,1006.2,1026.6,70060
2023-10-19 00:00:00+05:30,1021.5,1035.0,1010.0,1026.6,86340
2023-10-20 00:00:00+05:30,1026.6,1032.5,1000.0,1008.5,49580
2023-10-23 00:00:00+05:30,1011.5,1011.5,932.8,968.4,372396
2023-10-25 00:00:00+05:30,985.0,985.0,939.1,968.2,227748
2023-10-26 00:00:00+05:30,959.4,967.0,935.5,949.9,185554
2023-10-27 00:00:00+05:30,959.9,987.4,955.1,974.8,105526
2023-10-30 00:00:00+05:30,971.0,1004.3,957.5,988.7,149922
2023-10-31 00:00:00+05:30,993.0,997.2,971.1,979.0,316004
2023-11-01 00:00:00+05:30,980.5,993.5,963.0,990.2,115946
2023-11-02 00:00:00+05:30,994.5,1001.3,970.5,988.4,105828
2023-11-03 00:00:00+05:30,989.3,1002.8,980.0,983.4,34848
2023-11-06 00:00:00+05:30,984.0,1031.9,981.5,1021.6,141848
2023-11-07 00:00:00+05:30,1022.3,1052.5,1007.5,1047.1,151192
2023-11-08 00:00:00+05:30,1055.0,1055.0,1028.8,1044.4,94028
2023-11-09 00:00:00+05:30,1049.9,1065.0,1001.0,1028.1,74514
2023-11-10 00:00:00+05:30,1084.0,1097.5,1055.0,1076.0,767904
2023-11-12 00:00:00+05:30,1090.0,1119.0,1080.1,1101.7,148800
2023-11-13 00:00:00+05:30,1110.0,1169.0,1101.1,1159.3,582260
2023-11-15 00:00:00+05:30,1172.0,1234.0,1140.4,1215.8,870404
2023-11-16 00:00:00+05:30,1220.0,1236.7,1175.5,1184.5,254582
2023-11-17 00:00:00+05:30,1190.8,1237.1,1188.8,1207.3,262204
2023-11-20 00:00:00+05:30,1210.0,1232.4,1187.5,1198.6,134574
2023-11-21 00:00:00+05:30,1192.5,1232.1,1156.6,1168.7,223838
2023-11-22 00:00:00+05:30,1173.0,1380.0,1168.7,1313.6,2700492
2023-11-23 00:00:00+05:30,1291.0,1337.5,1253.5,1325.2,779960
2023-11-24 00:00:00+05:30,1320.6,1330.5,1276.0,1294.6,450414
2023-11-28 00:00:00+05:30,1299.8,1306.9,1238.4,1245.5,256442
2023-11-29 00:00:00+05:30,1256.5,1317.7,1247.5,1304.3,388892
2023-11-30 00:00:00+05:30,1300.0,1364.4,1269.3,1338.4,419282
2023-12-01 00:00:00+05:30,1355.0,1355.0,1306.4,1316.5,200224
2023-12-04 00:00:00+05:30,1375.3,1378.0,1302.2,1314.1,146344
2023-12-05 00:00:00+05:30,1315.0,1333.0,1285.6,1296.3,125692
2023-12-06 00:00:00+05:30,1296.7,1308.2,1269.1,1279.4,75620
2023-12-07 00:00:00+05:30,1288.0,1312.5,1280.0,1306.2,80420
2023-12-08 00:00:00+05:30,1315.0,1315.0,1262.5,1271.7,68548
2023-12-11 00:00:00+05:30,1290.8,1305.0,1272.8,1286.8,75578
2023-12-12 00:00:00+05:30,1300.0,1303.0,1228.5,1238.8,151742
2023-12-13 00:00:00+05:30,1240.1,1287.5,1239.4,1248.6,143444
2023-12-14 00:00:00+05:30,1267.4,1292.4,1245.4,1261.1,241982
2023-12-15 00:00:00+05:30,1267.8,1300.5,1261.0,1271.3,282598
2023-12-18 00:00:00+05:30,1274.9,1278.4,1247.5,1256.4,127802
2023-12-19 00:00:00+05:30,1265.5,1280.0,1241.3,1267.2,217144
2023-12-20 00:00:00+05:30,1267.2,1312.4,1251.5,1272.3,311848
2023-12-21 00:00:00+05:30,1269.5,1280.0,1232.0,1264.3,163810
2023-12-22 00:00:00+05:30,1266.2,1306.5,1266.2,1290.0,147544
2023-12-26 00:00:00+05:30,1290.0,1320.4,1272.6,1307.9,264706
2023-12-27 00:00:00+05:30,1310.5,1328.4,1280.4,1297.8,300996
2023-12-28 00:00:00+05:30,1305.0,1340.2,1293.2,1317.2,288606
2023-12-29 00:00:00+05:30,1323.3,1325.9,1283.2,1295.8,133962
2024-01-01 00:00:00+05:30,1310.2,1317.5,1270.0,1277.0,147000
2024-01-02 00:00:00+05:30,1282.5,1294.0,1242.0,1252.6,226594
2024-01-03 00:00:00+05:30,1259.5,1299.7,1252.5,1291.5,131224
2024-01-04 00:00:00+05:30,1295.0,1295.0,1267.5,1277.6,90504
2024-01-05 00:00:00+05:30,1282.4,1295.0,1257.1,1286.3,121580
2024-01-08 00:00:00+05:30,1287.2,1299.0,1265.0,1270.2,59350
2024-01-09 00:00:00+05:30,1276.6,1310.0,1276.6,1296.8,95294
2024-01-10 00:00:00+05:30,1304.9,1307.7,1275.5,1292.1,75976
2024-01-11 00:00:00+05:30,1292.1,1327.0,1289.5,1318.0,156374
2024-01-12 00:00:00+05:30,1341.0,1412.5,1316.1,1354.5,1253880
2024-01-15 00:00:00+05:30,1378.0,1414.0,1363.0,1399.0,288074
2024-01-16 00:00:00+05:30,1405.0,1409.5,1360.4,1374.8,120792
2024-01-17 00:00:00+05:30,1374.8,1375.0,1345.4,1351.8,115506
2024-01-18 00:00:00+05:30,1358.6,1367.0,1280.8,1323.5,170460
2024-01-19 00:00:00+05:30,1328.5,1345.0,1315.9,1334.2,71004
2024-01-20 00:00:00+05:30,1334.2,1342.3,1317.5,1330.0,28842
2024-01-23 00:00:00+05:30,1343.5,1343.5,1291.1,1306.9,75558
2024-01-24 00:00:00+05:30,1296.5,1332.5,1295.1,1327.8,58456
2024-01-25 00:00:00+05:30,1330.4,1337.8,1297.2,1304.9,60102
2024-01-29 00:00:00+05:30,1305.2,1355.0,1305.0,1348.7,96098
2024-01-30 00:00:00+05:30,1374.4,1375.5,1322.2,1333.4,119610
2024-01-31 00:00:00+05:30,1336.0,1374.0,1335.0,1363.6,90848
2024-02-01 00:00:00+05:30,1370.0,1395.0,1341.0,1381.1,63218
2024-02-02 00:00:00+05:30,1390.1,1402.5,1338.0,1343.5,463922
2024-02-05 00:00:00+05:30,1341.0,1341.0,1286.0,1312.3,171230
2024-02-06 00:00:00+05:30,1317.6,1341.5,1316.0,1334.0,66932
2024-02-07 00:00:00+05:30,1348.0,1350.7,1315.0,1317.9,49494
2024-02-08 00:00:00+05:30,1318.0,1322.9,1263.3,1268.0,219660
2024-02-09 00:00:00+05:30,1274.3,1283.8,1225.0,1238.2,329918
2024-02-12 00:00:00+05:30,1238.5,1272.5,1190.5,1199.8,102346
2024-02-13 00:00:00+05:30,1191.5,1203.1,1182.1,1197.6,105182
2024-02-14 00:00:00+05:30,1181.6,1199.4,1176.0,1181.9,100706
2024-02-15 00:00:00+05:30,1188.0,1192.1,1152.5,1159.0,154952
2024-02-16 00:00:00+05:30,1175.0,1187.5,1156.0,1160.1,661734
2024-02-19 00:00:00+05:30,1139.0,1206.0,1139.0,1156.2,713174
2024-02-20 00:00:00+05:30,1164.6,1212.4,1150.6,1202.1,282008
2024-02-21 00:00:00+05:30,1195.5,1261.8,1189.6,1224.5,230094
2024-02-22 00:00:00+05:30,1228.2,1245.0,1204.5,1241.0,111780
2024-02-23 00:00:00+05:30,1240.0,1260.0,1230.0,1247.8,87380
2024-02-26 00:00:00+05:30,1249.8,1250.0,1213.0,1221.1,68156
2024-02-27 00:00:00+05:30,1221.1,1254.0,1215.0,1243.4,62042
2024-02-28 00:00:00+05:30,1258.8,1275.0,1228.2,1244.4,87406
2024-02-29 00:00:00+05:30,1249.4,1276.0,1225.4,1261.0,217048
2024-03-01 00:00:00+05:30,1256.2,1284.5,1240.5,1249.4,61912
2024-03-02 00:00:00+05:30,1274.4,1274.4,1236.0,1259.3,4680
2024-03-04 00:00:00+05:30,1245.6,1254.6,1237.5,1249.9,29942
2024-03-05 00:00:00+05:30,1248.0,1256.2,1236.8,1249.0,107206
2024-03-06 00:00:00+05:30,1249.9,1249.9,1179.9,1217.8,193188
2024-03-07 00:00:00+05:30,1217.5,1237.5,1200.0,1217.1,77844
2024-03-11 00:00:00+05:30,1236.3,1236.3,1190.9,1200.0,97990
2024-03-12 00:00:00+05:30,1206.0,1209.2,1180.0,1202.1,78846
2024-03-13 00:00:00+05:30,1182.1,1195.0,1136.1,1167.2,112374
2024-03-14 00:00:00+05:30,1167.2,1232.1,1167.2,1224.3,72570
2024-03-15 00:00:00+05:30,1214.3,1247.9,1191.5,1213.0,174846
2024-03-18 00:00:00+05:30,1216.0,1251.0,1210.0,1230.6,149298
2024-03-19 00:00:00+05:30,1251.0,1275.0,1146.2,1166.8,434054
2024-03-20 00:00:00+05:30,1167.5,1197.6,1167.5,1177.8,97122
2024-03-21 00:00:00+05:30,1180.0,1219.4,1168.8,1179.0,117048
2024-03-22 00:00:00+05:30,1171.8,1214.0,1162.8,1205.2,79200
2024-03-26 00:00:00+05:30,1201.5,1214.0,1165.1,1170.9,121104
2024-03-27 00:00:00+05:30,1171.0,1199.5,1171.0,1193.6,52816
2024-03-28 00:00:00+05:30,1194.7,1207.4,1168.0,1183.6,118174
2024-04-01 00:00:00+05:30,1175.0,1214.7,1171.2,1196.6,63576
2024-04-02 00:00:00+05:30,1200.0,1210.0,1185.0,1190.3,52094
2024-04-03 00:00:00+05:30,1199.8,1234.0,1187.9,1225.3,133680
2024-04-04 00:00:00+05:30,1232.6,1275.0,1230.0,1238.6,341484
2024-04-05 00:00:00+05:30,1249.5,1253.2,1218.3,1238.4,175196
2024-04-08 00:00:00+05:30,1253.0,1262.2,1227.1,1239.2,254124
2024-04-09 00:00:00+05:30,1249.0,1249.0,1220.0,1239.0,79954
2024-04-10 00:00:00+05:30,1237.5,1259.5,1234.3,1242.7,46750
2024-04-12 00:00:00+05:30,1246.5,1252.4,1213.8,1218.5,71680
2024-04-15 00:00:00+05:30,1215.5,1237.4,1181.1,1230.7,71760
2024-04-16 00:00:00+05:30,1225.5,1239.7,1190.0,1221.4,72544
2024-04-18 00:00:00+05:30,1222.0,1233.0,1218.8,1225.0,42902
2024-04-19 00:00:00+05:30,1207.5,1221.2,1195.0,1204.1,79496
2024-04-22 00:00:00+05:30,1175.0,1197.6,1161.5,1165.0,132098
2024-04-23 00:00:00+05:30,1180.5,1182.5,1161.5,1176.2,37800
2024-04-24 00:00:00+05:30,1180.0,1224.2,1171.2,1205.6,86270
2024-04-25 00:00:00+05:30,1202.0,1232.4,1185.6,1227.4,56210
2024-04-26 00:00:00+05:30,1227.4,1234.6,1211.1,1215.3,52738
2024-04-29 00:00:00+05:30,1210.8,1253.3,1203.4,1242.3,54030
2024-04-30 00:00:00+05:30,1242.5,1249.0,1222.5,1231.8,44700
2024-05-02 00:00:00+05:30,1232.0,1242.5,1212.8,1225.0,37374
2024-05-03 00:00:00+05:30,1225.0,1239.6,1205.0,1209.4,42358
2024-05-06 00:00:00+05:30,1207.9,1235.0,1177.3,1185.5,55188
2024-05-07 00:00:00+05:30,1180.0,1196.8,1155.0,1191.8,57500
2024-05-08 00:00:00+05:30,1179.9,1194.9,1157.5,1187.4,31526
2024-05-09 00:00:00+05:30,1187.4,1202.4,1160.2,1166.8,38274
2024-05-10 00:00:00+05:30,1184.5,1186.5,1140.2,1147.8,108928
2024-05-13 00:00:00+05:30,1164.5,1164.5,1075.6,1087.8,266300
2024-05-14 00:00:00+05:30,1091.0,1140.0,1064.5,1122.4,265308
2024-05-15 00:00:00+05:30,1132.0,1166.0,1131.0,1151.2,106264
2024-05-16 00:00:00+05:30,1172.5,1207.0,1170.0,1201.0,161516
2024-05-17 00:00:00+05:30,1170.0,1175.0,1126.0,1139.4,883962
2024-05-18 00:00:00+05:30,1159.0,1190.5,1157.5,1183.1,45156
2024-05-21 00:00:00+05:30,1182.2,1182.2,1152.5,1171.9,133796
2024-05-22 00:00:00+05:30,1171.9,1177.0,1150.0,1159.8,132110
2024-05-23 00:00:00+05:30,1165.5,1170.7,1135.0,1138.1,121836
2024-05-24 00:00:00+05:30,1144.5,1152.4,1121.0,1122.1,127130
2024-05-27 00:00:00+05:30,1129.0,1134.0,1076.5,1090.4,628124
2024-05-28 00:00:00+05:30,1096.7,1104.3,1079.6,1090.4,142222
2024-05-29 00:00:00+05:30,1094.9,1110.3,1086.8,1107.3,75014
2024-05-30 00:00:00+05:30,1107.2,1120.0,1100.0,1107.5,65458
2024-05-31 00:00:00+05:30,1114.8,1114.8,1092.2,1097.0,81574
2024-06-03 00:00:00+05:30,1120.0,1122.5,1089.5,1095.7,95170
2024-06-04 00:00:00+05:30,1098.9,1114.9,1066.1,1081.6,151460
2024-06-05 00:00:00+05:30,1087.0,1092.7,1057.0,1064.6,277166
2024-06-06 00:00:00+05:30,1075.1,1116.0,1075.1,1110.5,168852
2024-06-07 00:00:00+05:30,1116.5,1170.0,1111.8,1159.3,244294
2024-06-10 00:00:00+05:30,1171.0,1215.9,1160.5,1203.3,432620
2024-06-11 00:00:00+05:30,1203.0,1213.6,1185.0,1201.4,147982
2024-06-12 00:00:00+05:30,1204.0,1207.4,1190.0,1193.4,65846
2024-06-13 00:00:00+05:30,1199.4,1212.2,1194.0,1206.1,73052
2024-06-14 00:00:00+05:30,1205.4,1205.4,1189.1,1190.1,72852
2024-06-18 00:00:00+05:30,1196.1,1224.5,1182.5,1184.6,154396
2024-06-19 00:00:00+05:30,1188.0,1196.0,1175.0,1191.1,95126
2024-06-20 00:00:00+05:30,1190.0,1198.5,1169.2,1187.6,251570
2024-06-21 00:00:00+05:30,1200.0,1256.0,1192.5,1203.2,438412
2024-06-24 00:00:00+05:30,1203.1,1208.5,1174.8,1181.2,249806
2024-06-25 00:00:00+05:30,1199.0,1208.3,1179.0,1183.0,213838
2024-06-26 00:00:00+05:30,1194.7,1216.8,1191.5,1204.4,120410
2024-06-27 00:00:00+05:30,1210.0,1214.5,1192.6,1197.9,98964
2024-06-28 00:00:00+05:30,1205.0,1215.4,1202.5,1209.6,66482
2024-07-01 00:00:00+05:30,1218.0,1226.9,1192.6,1222.4,258310
2024-07-02 00:00:00+05:30,1227.5,1235.0,1221.0,1228.6,239218
2024-07-03 00:00:00+05:30,1238.2,1262.5,1225.6,1259.2,320502
2024-07-04 00:00:00+05:30,1237.6,1281.5,1236.6,1258.4,212578
2024-07-05 00:00:00+05:30,1258.0,1262.5,1244.3,1250.8,89864
2024-07-08 00:00:00+05:30,1250.8,1259.9,1231.4,1250.6,240690
2024-07-09 00:00:00+05:30,1242.0,1257.2,1233.6,1251.4,67102
2024-07-10 00:00:00+05:30,1250.0,1275.0,1220.3,1269.8,123490
2024-07-11 00:00:00+05:30,1269.8,1274.4,1250.6,1260.0,73334
2024-07-12 00:00:00+05:30,1260.0,1322.5,1251.8,1277.0,296152
2024-07-15 00:00:00+05:30,1286.5,1286.5,1254.5,1264.0,72672
2024-07-16 00:00:00+05:30,1264.0,1265.2,1241.4,1248.8,61244
2024-07-18 00:00:00+05:30,1237.5,1251.8,1220.5,1238.1,127148
2024-07-19 00:00:00+05:30,1232.6,1255.6,1210.0,1216.2,61272
2024-07-22 00:00:00+05:30,1195.0,1222.7,1190.0,1217.3,82472
2024-07-23 00:00:00+05:30,1199.5,1222.4,1175.5,1191.0,167334
2024-07-24 00:00:00+05:30,1191.8,1218.5,1187.5,1215.6,75110
2024-07-25 00:00:00+05:30,1214.5,1214.5,1187.1,1196.6,77358
2024-07-26 00:00:00+05:30,1198.0,1208.6,1187.0,1195.2,60918
2024-07-29 00:00:00+05:30,1200.0,1213.2,1177.8,1182.8,272234
2024-07-30 00:00:00+05:30,1182.6,1207.0,1168.5,1199.8,121826
2024-07-31 00:00:00+05:30,1206.8,1206.8,1188.6,1197.8,120850
2024-08-01 00:00:00+05:30,1197.8,1240.0,1197.8,1221.6,111162
2024-08-02 00:00:00+05:30,1220.0,1225.5,1205.0,1220.0,65240
2024-08-05 00:00:00+05:30,1200.0,1215.0,1162.9,1210.0,178374
2024-08-06 00:00:00+05:30,1208.0,1250.0,1205.8,1242.9,306594
2024-08-07 00:00:00+05:30,1261.5,1261.5,1201.8,1243.1,156474
2024-08-08 00:00:00+05:30,1247.5,1268.5,1236.3,1263.6,132248
2024-08-09 00:00:00+05:30,1275.0,1287.5,1218.0,1240.7,155126
2024-08-12 00:00:00+05:30,1229.0,1282.5,1229.0,1278.0,117836
2024-08-13 00:00:00+05:30,1285.0,1292.8,1238.6,1242.3,232124
2024-08-14 00:00:00+05:30,1230.0,1235.0,1185.5,1201.1,68904
2024-08-16 00:00:00+05:30,1201.1,1254.9,1201.1,1243.7,193154
2024-08-19 00:00:00+05:30,1235.1,1379.2,1235.1,1349.4,777018
2024-08-20 00:00:00+05:30,1361.5,1366.5,1318.0,1344.4,168586
2024-08-21 00:00:00+05:30,1354.0,1384.5,1322.4,1377.4,221724
2024-08-22 00:00:00+05:30,1370.0,1392.0,1330.0,1341.2,95960
2024-08-23 00:00:00+05:30,1343.0,1364.5,1324.3,1359.4,79444
2024-08-26 00:00:00+05:30,1375.0,1387.5,1353.2,1378.4,68886
2024-08-27 00:00:00+05:30,1382.4,1480.5,1366.3,1404.6,1095612
2024-08-28 00:00:00+05:30,1423.9,1463.0,1407.0,1429.9,286516
2024-08-29 00:00:00+05:30,1435.0,1454.7,1397.7,1418.1,158372
2024-08-30 00:00:00+05:30,1419.4,1462.5,1408.7,1451.9,133760
2024-09-02 00:00:00+05:30,1472.0,1497.5,1412.6,1427.3,397738
2024-09-03 00:00:00+05:30,1436.0,1472.5,1417.8,1449.8,274708
2024-09-04 00:00:00+05:30,1424.0,1451.3,1424.0,1435.0,137744
2024-09-05 00:00:00+05:30,1440.9,1461.5,1435.0,1452.4,159454
2024-09-06 00:00:00+05:30,1455.0,1480.4,1409.0,1416.3,249964
2024-09-09 00:00:00+05:30,1432.5,1437.6,1346.2,1388.1,135418
2024-09-10 00:00:00+05:30,1388.1,1397.0,1368.1,1377.7,154002
2024-09-11 00:00:00+05:30,1400.0,1410.9,1379.8,1395.0,252858
2024-09-12 00:00:00+05:30,1429.4,1429.4,1377.7,1397.6,116252
2024-09-13 00:00:00+05:30,1400.6,1432.0,1388.8,1406.9,154616
2024-09-16 00:00:00+05:30,1400.0,1430.0,1369.0,1383.8,141852
2024-09-17 00:00:00+05:30,1383.9,1387.5,1350.0,1355.2,181264
2024-09-18 00:00:00+05:30,1354.0,1364.0,1325.0,1351.2,96056
2024-09-19 00:00:00+05:30,1357.5,1374.5,1342.8,1354.2,118858
2024-09-20 00:00:00+05:30,1371.3,1371.3,1343.8,1352.7,69556
2024-09-23 00:00:00+05:30,1352.7,1370.0,1340.0,1361.0,112548
2024-09-24 00:00:00+05:30,1361.1,1404.7,1353.8,1362.6,142420
2024-09-25 00:00:00+05:30,1351.7,1559.0,1350.0,1439.8,4880984
2024-09-26 00:00:00+05:30,1448.0,1510.0,1440.1,1482.5,1329212
2024-09-27 00:00:00+05:30,1492.4,1532.5,1485.6,1498.6,666404
2024-09-30 00:00:00+05:30,1498.6,1512.5,1455.0,1504.0,276204
2024-10-01 00:00:00+05:30,1504.0,1549.5,1497.5,1539.6,414576
2024-10-03 00:00:00+05:30,1488.5,1530.0,1487.5,1500.6,136628
2024-10-04 00:00:00+05:30,1490.5,1527.5,1454.9,1510.8,206808
2024-10-07 00:00:00+05:30,1512.0,1608.5,1493.6,1538.5,1225632
2024-10-08 00:00:00+05:30,1518.1,1589.8,1494.4,1570.6,525542
2024-10-09 00:00:00+05:30,1584.0,1590.0,1553.2,1560.0,229596
2024-10-10 00:00:00+05:30,1564.2,1573.4,1527.6,1534.7,188650
2024-10-11 00:00:00+05:30,1534.7,1554.7,1520.5,1545.3,90224
2024-10-14 00:00:00+05:30,1551.0,1554.0,1492.1,1526.0,203506
2024-10-15 00:00:00+05:30,1524.5,1551.5,1502.6,1534.6,165680
2024-10-16 00:00:00+05:30,1527.4,1528.6,1478.1,1497.3,97290
2024-10-17 00:00:00+05:30,1497.4,1517.2,1486.5,1504.9,268378
2024-10-18 00:00:00+05:30,1501.5,1520.4,1467.0,1502.2,91320
2024-10-21 00:00:00+05:30,1500.5,1506.4,1457.5,1464.6,54710
2024-10-22 00:00:00+05:30,1471.0,1473.6,1412.4,1422.2,124894
2024-10-23 00:00:00+05:30,1427.0,1445.0,1411.1,1420.3,143622
2024-10-24 00:00:00+05:30,1414.5,1419.7,1361.3,1392.0,115194
2024-10-25 00:00:00+05:30,1383.0,1399.0,1353.7,1386.4,169660
2024-10-28 00:00:00+05:30,1389.5,1393.4,1325.6,1360.3,234810
2024-10-29 00:00:00+05:30,1364.2,1436.0,1362.9,1430.4,184062
2024-10-30 00:00:00+05:30,1428.2,1504.5,1425.4,1492.4,175752
2024-10-31 00:00:00+05:30,1492.4,1499.7,1450.0,1455.3,118238
2024-11-01 00:00:00+05:30,1475.0,1491.1,1465.0,1480.9,13156
2024-11-04 00:00:00+05:30,1473.5,1502.2,1450.5,1499.1,148134
2024-11-05 00:00:00+05:30,1500.0,1547.0,1480.8,1520.0,232620
2024-11-06 00:00:00+05:30,1575.0,1672.6,1484.3,1642.4,2781758
2024-11-07 00:00:00+05:30,1620.0,1715.0,1594.7,1647.7,1017552
2024-11-08 00:00:00+05:30,1655.4,1663.2,1610.0,1620.1,267128
2024-11-11 00:00:00+05:30,1607.5,1705.0,1600.0,1690.4,581162
2024-11-12 00:00:00+05:30,1692.5,1721.5,1650.0,1660.8,398594
2024-11-13 00:00:00+05:30,1638.1,1694.0,1638.1,1661.2,264302
2024-11-14 00:00:00+05:30,1685.0,1707.8,1662.5,1669.8,209882
2024-11-18 00:00:00+05:30,1660.2,1699.5,1556.6,1564.4,327668
2024-11-19 00:00:00+05:30,1564.4,1662.0,1564.4,1612.0,314540
2024-11-21 00:00:00+05:30,1612.0,1681.2,1586.3,1657.4,386012
2024-11-22 00:00:00+05:30,1670.5,1694.9,1623.8,1633.8,228318
2024-11-25 00:00:00+05:30,1647.0,1684.5,1631.2,1654.6,136902
2024-11-26 00:00:00+05:30,1671.2,1709.2,1670.0,1689.2,201664
2024-11-27 00:00:00+05:30,1706.8,1757.9,1681.8,1731.4,593540
2024-11-28 00:00:00+05:30,1743.5,1763.0,1712.5,1727.9,194752
2024-11-29 00:00:00+05:30,1735.0,1755.5,1718.7,1743.6,178794
2024-12-02 00:00:00+05:30,1755.0,1779.0,1722.5,1771.0,220912
2024-12-03 00:00:00+05:30,1771.0,1797.8,1760.0,1779.1,149358
2024-12-04 00:00:00+05:30,1770.0,1812.4,1768.8,1805.7,163850
2024-12-05 00:00:00+05:30,1800.0,1855.5,1800.0,1850.4,224302
2024-12-06 00:00:00+05:30,1862.3,1936.8,1802.5,1807.9,438198
2024-12-09 00:00:00+05:30,1817.5,1850.0,1807.9,1839.4,124638
2024-12-10 00:00:00+05:30,1837.6,1875.0,1826.4,1862.7,124204
2024-12-11 00:00:00+05:30,1922.5,1930.0,1871.4,1898.4,439830
2024-12-12 00:00:00+05:30,1905.0,1937.2,1892.0,1917.4,181104
2024-12-13 00:00:00+05:30,1914.5,1921.6,1890.0,1907.8,162364
2024-12-16 00:00:00+05:30,1925.0,1938.5,1910.0,1916.7,254000
2024-12-17 00:00:00+05:30,1926.5,1926.5,1865.8,1878.6,227282
2024-12-18 00:00:00+05:30,1885.0,1907.8,1845.5,1870.0,152884
2024-12-19 00:00:00+05:30,1899.5,1899.5,1851.7,1869.4,254372
2024-12-20 00:00:00+05:30,1874.4,1882.9,1787.2,1804.5,116402
2024-12-23 00:00:00+05:30,1819.0,1846.4,1798.1,1806.0,214224
2024-12-24 00:00:00+05:30,1834.0,1834.0,1761.5,1812.9,147672
2024-12-26 00:00:00+05:30,1809.0,1814.8,1751.4,1776.0,122088
2024-12-27 00:00:00+05:30,1774.9,1831.3,1765.6,1825.0,139102
2024-12-30 00:00:00+05:30,1815.0,1824.6,1720.0,1751.2,316032
2024-12-31 00:00:00+05:30,1756.2,1759.0,1726.5,1741.7,251434
2025-01-01 00:00:00+05:30,1778.9,1839.8,1695.6,1733.5,546680
2025-01-02 00:00:00+05:30,1749.9,1774.5,1735.1,1758.6,272796
2025-01-03 00:00:00+05:30,1774.4,1784.5,1740.7,1753.8,118926
2025-01-06 00:00:00+05:30,1753.8,1763.6,1680.6,1694.5,130726
2025-01-07 00:00:00+05:30,1683.0,1715.0,1667.7,1695.3,165786
2025-01-08 00:00:00+05:30,1678.5,1699.5,1660.0,1667.8,118694
2025-01-09 00:00:00+05:30,1657.5,1665.7,1625.5,1634.6,90224
2025-01-10 00:00:00+05:30,1634.5,1681.6,1620.0,1635.0,139256
2025-01-13 00:00:00+05:30,1622.0,1654.2,1575.0,1601.6,165512
2025-01-14 00:00:00+05:30,1582.5,1657.6,1577.0,1594.2,189576
2025-01-15 00:00:00+05:30,1615.0,1624.2,1563.0,1607.4,348156
2025-01-16 00:00:00+05:30,1635.0,1645.0,1607.0,1633.5,67540
2025-01-17 00:00:00+05:30,1630.0,1634.8,1595.3,1601.4,60908
2025-01-20 00:00:00+05:30,1601.4,1632.8,1587.8,1621.7,60340
2025-01-21 00:00:00+05:30,1622.8,1633.1,1596.0,1621.7,115812
2025-01-22 00:00:00+05:30,1615.0,1622.8,1532.4,1577.6,153002
2025-01-23 00:00:00+05:30,1572.0,1620.5,1559.9,1588.6,207898
2025-01-24 00:00:00+05:30,1592.4,1612.5,1526.0,1534.0,270994
2025-01-27 00:00:00+05:30,1520.0,1520.0,1461.7,1497.9,150172
2025-01-28 00:00:00+05:30,1492.5,1497.9,1439.8,1490.4,97056
2025-01-29 00:00:00+05:30,1487.5,1575.0,1487.5,1566.5,96796
2025-01-30 00:00:00+05:30,1490.0,1529.7,1465.5,1502.0,370988
2025-01-31 00:00:00+05:30,1502.2,1537.0,1473.4,1529.1,156640
2025-02-01 00:00:00+05:30,1531.5,1610.0,1531.5,1600.6,78326
2025-02-03 00:00:00+05:30,1572.5,1616.2,1540.0,1606.2,237824
2025-02-04 00:00:00+05:30,1607.5,1628.7,1589.3,1598.0,116812
2025-02-05 00:00:00+05:30,1597.0,1658.6,1584.6,1649.5,97214
2025-02-06 00:00:00+05:30,1648.8,1648.8,1569.5,1590.2,276728
2025-02-07 00:00:00+05:30,1578.5,1632.8,1575.0,1597.5,110566
2025-02-10 00:00:00+05:30,1610.9,1612.3,1555.5,1573.9,81498
2025-02-11 00:00:00+05:30,1557.6,1574.0,1503.8,1519.2,75624
2025-02-12 00:00:00+05:30,1520.0,1623.0,1465.0,1546.7,74348
2025-02-13 00:00:00+05:30,1545.2,1562.3,1500.0,1539.8,111474
2025-02-14 00:00:00+05:30,1539.8,1565.0,1475.5,1550.0,115828
2025-02-17 00:00:00+05:30,1550.1,1575.0,1475.7,1499.8,169380
2025-02-18 00:00:00+05:30,1500.0,1527.4,1475.0,1514.0,109330
2025-02-19 00:00:00+05:30,1501.1,1566.5,1501.1,1556.2,63214
2025-02-20 00:00:00+05:30,1575.0,1579.5,1541.6,1560.3,52430
2025-02-21 00:00:00+05:30,1526.0,1612.5,1526.0,1559.5,175914
2025-02-24 00:00:00+05:30,1546.9,1549.0,1510.0,1537.7,104620
2025-02-25 00:00:00+05:30,1517.5,1544.9,1500.6,1509.6,77800
2025-02-27 00:00:00+05:30,1509.5,1519.0,1466.5,1475.5,80836
2025-02-28 00:00:00+05:30,1475.5,1499.5,1406.1,1417.0,138118
2025-03-03 00:00:00+05:30,1415.0,1425.9,1305.0,1311.3,237912
2025-03-04 00:00:00+05:30,1253.4,1340.8,1250.0,1333.8,405856
2025-03-05 00:00:00+05:30,1301.5,1406.0,1301.5,1346.4,309592
2025-03-06 00:00:00+05:30,1364.8,1409.5,1334.5,1393.7,152156
2025-03-07 00:00:00+05:30,1393.5,1425.5,1379.1,1396.6,80318
2025-03-10 00:00:00+05:30,1382.6,1407.5,1342.9,1348.4,97336
2025-03-11 00:00:00+05:30,1329.5,1337.9,1277.2,1296.1,127240
2025-03-12 00:00:00+05:30,1299.4,1339.3,1276.9,1307.6,215714
2025-03-13 00:00:00+05:30,1285.5,1310.0,1249.1,1260.6,194860
2025-03-17 00:00:00+05:30,1260.6,1297.6,1250.0,1256.0,101224
2025-03-18 00:00:00+05:30,1263.3,1307.3,1257.6,1285.6,114274
2025-03-19 00:00:00+05:30,1300.8,1318.6,1280.5,1292.2,96706
2025-03-20 00:00:00+05:30,1306.2,1325.1,1296.0,1310.4,75870
2025-03-21 00:00:00+05:30,1297.5,1386.3,1292.5,1374.6,235134
2025-03-24 00:00:00+05:30,1367.5,1395.0,1357.4,1379.1,84886
2025-03-25 00:00:00+05:30,1379.8,1407.5,1362.5,1384.8,292204
2025-03-26 00:00:00+05:30,1390.0,1399.9,1361.3,1371.3,105556
2025-03-27 00:00:00+05:30,1371.3,1396.5,1347.2,1381.6,91084
2025-03-28 00:00:00+05:30,1397.5,1397.5,1362.3,1388.5,108408
2025-04-01 00:00:00+05:30,1380.0,1397.5,1352.5,1368.8,43916
2025-04-02 00:00:00+05:30,1369.0,1379.9,1338.2,1372.7,55946
2025-04-03 00:00:00+05:30,1350.4,1400.7,1347.6,1390.7,55934
2025-04-04 00:00:00+05:30,1390.8,1399.5,1292.5,1321.8,96186
2025-04-07 00:00:00+05:30,1084.0,1275.0,1084.0,1248.4,183070
2025-04-08 00:00:00+05:30,1255.6,1287.5,1221.5,1251.1,99596
2025-04-09 00:00:00+05:30,1239.5,1239.5,1192.5,1207.0,113522
2025-04-11 00:00:00+05:30,1250.0,1261.3,1185.6,1201.1,255182
2025-04-15 00:00:00+05:30,1210.0,1279.5,1210.0,1253.0,118454
2025-04-16 00:00:00+05:30,1270.1,1279.0,1247.5,1258.6,42582
2025-04-17 00:00:00+05:30,1257.5,1257.5,1239.0,1251.6,47340
2025-04-21 00:00:00+05:30,1274.5,1298.8,1252.5,1290.2,68318
2025-04-22 00:00:00+05:30,1300.0,1304.0,1271.0,1281.7,38366
2025-04-23 00:00:00+05:30,1292.5,1347.0,1282.5,1322.1,180610
2025-04-24 00:00:00+05:30,1320.0,1335.6,1302.8,1327.5,85798
2025-04-25 00:00:00+05:30,1318.5,1324.0,1265.5,1281.8,59544
2025-04-28 00:00:00+05:30,1266.0,1300.8,1265.4,1271.6,51370
2025-04-29 00:00:00+05:30,1277.9,1304.0,1270.0,1300.6,39860
2025-04-30 00:00:00+05:30,1300.6,1300.6,1250.0,1257.6,108348
2025-05-02 00:00:00+05:30,1265.4,1270.8,1240.5,1249.3,82468
2025-05-05 00:00:00+05:30,1255.5,1270.7,1237.5,1245.6,45402
2025-05-06 00:00:00+05:30,1258.0,1258.0,1185.0,1203.6,80398
2025-05-07 00:00:00+05:30,1188.0,1222.4,1182.0,1214.4,82700
2025-05-08 00:00:00+05:30,1222.5,1255.0,1212.6,1226.8,46060
2025-05-09 00:00:00+05:30,1176.6,1241.9,1176.6,1224.7,59788
2025-05-12 00:00:00+05:30,1257.4,1299.8,1243.0,1295.6,74842
2025-05-13 00:00:00+05:30,1312.0,1365.0,1282.6,1352.2,114104
2025-05-14 00:00:00+05:30,1352.6,1386.0,1340.8,1374.4,91754
2025-05-15 00:00:00+05:30,1440.4,1604.5,1439.4,1578.0,3659274
2025-05-16 00:00:00+05:30,1587.5,1662.0,1562.5,1650.9,614530
2025-05-19 00:00:00+05:30,1642.8,1647.5,1601.8,1641.7,120242
2025-05-20 00:00:00+05:30,1641.4,1697.5,1620.0,1681.6,190154
2025-05-21 00:00:00+05:30,1690.0,1747.0,1667.5,1705.0,220582
2025-05-22 00:00:00+05:30,1690.9,1702.8,1680.6,1689.5,56102
2025-05-23 00:00:00+05:30,1682.5,1694.0,1660.3,1678.4,53708
2025-05-26 00:00:00+05:30,1688.5,1698.0,1663.8,1681.6,67392
2025-05-27 00:00:00+05:30,1673.2,1712.5,1665.0,1703.7,56132
2025-05-28 00:00:00+05:30,1725.0,1768.8,1668.7,1681.5,219972
2025-05-29 00:00:00+05:30,1695.0,1760.1,1695.0,1754.8,158606
2025-05-30 00:00:00+05:30,1766.5,1780.2,1739.6,1771.0,387798
2025-06-02 00:00:00+05:30,1763.0,1785.0,1718.4,1732.7,74016
2025-06-03 00:00:00+05:30,1715.5,1778.5,1715.5,1763.8,52098
2025-06-04 00:00:00+05:30,1767.5,1780.6,1741.2,1751.1,70114
2025-06-05 00:00:00+05:30,1751.1,1809.0,1751.1,1786.3,174132
2025-06-06 00:00:00+05:30,1792.5,1807.6,1788.4,1803.2,32890
2025-06-09 00:00:00+05:30,1783.8,1834.4,1783.8,1823.9,72610
2025-06-10 00:00:00+05:30,1839.0,1865.0,1817.6,1844.4,54322
2025-06-11 00:00:00+05:30,1842.5,1880.0,1815.1,1838.0,90504
2025-06-12 00:00:00+05:30,1830.0,1890.0,1714.0,1839.4,249380
2025-06-13 00:00:00+05:30,1824.8,1824.8,1773.0,1788.4,86800
2025-06-16 00:00:00+05:30,1775.0,1812.5,1737.6,1804.2,43198
2025-06-17 00:00:00+05:30,1820.0,1827.5,1787.5,1812.8,64384
2025-06-18 00:00:00+05:30,1823.5,1825.0,1747.6,1808.4,76386
2025-06-19 00:00:00+05:30,1797.5,1818.0,1721.2,1736.3,71864
2025-06-20 00:00:00+05:30,1734.6,1745.0,1684.6,1695.1,88990
2025-06-23 00:00:00+05:30,1694.5,1752.9,1691.5,1740.8,74512
2025-06-24 00:00:00+05:30,1750.0,1777.4,1741.0,1754.1,63888
2025-06-25 00:00:00+05:30,1774.0,1819.9,1746.9,1755.0,136662
2025-06-26 00:00:00+05:30,1755.0,1774.2,1740.0,1756.8,55218
2025-06-27 00:00:00+05:30,1774.0,1783.2,1720.8,1754.8,159446
2025-06-30 00:00:00+05:30,1771.6,1775.1,1717.5,1750.6,84224
2025-07-01 00:00:00+05:30,1750.6,1754.2,1722.7,1736.3,60916
2025-07-02 00:00:00+05:30,1736.0,1740.0,1707.0,1719.6,49544
2025-07-03 00:00:00+05:30,1710.0,1742.5,1698.0,1707.2,84750
2025-07-04 00:00:00+05:30,1718.8,1739.5,1694.0,1703.2,53038
2025-07-07 00:00:00+05:30,1695.0,1722.2,1676.0,1706.8,68992
2025-07-08 00:00:00+05:30,1697.5,1741.8,1677.8,1684.4,55128
2025-07-09 00:00:00+05:30,1695.0,1706.0,1660.5,1686.0,69530
2025-07-10 00:00:00+05:30,1690.2,1710.7,1669.3,1705.2,58884
2025-07-11 00:00:00+05:30,1696.6,1787.1,1684.8,1740.6,261826
2025-07-14 00:00:00+05:30,1737.5,1809.5,1719.5,1796.0,115406
2025-07-15 00:00:00+05:30,1796.0,1818.1,1774.8,1781.6,88496
2025-07-16 00:00:00+05:30,1795.0,1813.0,1773.8,1786.0,66784
2025-07-17 00:00:00+05:30,1786.0,1855.0,1786.0,1834.6,347966
2025-07-18 00:00:00+05:30,1848.0,1885.4,1830.6,1857.8,166928
2025-07-21 00:00:00+05:30,1857.8,1875.0,1821.0,1856.1,55376
2025-07-22 00:00:00+05:30,1850.0,1883.3,1845.4,1868.0,69906
2025-07-23 00:00:00+05:30,1872.5,1892.5,1832.4,1840.9,74962
2025-07-24 00:00:00+05:30,1840.9,1878.8,1813.0,1829.5,56568
2025-07-25 00:00:00+05:30,1869.4,1960.4,1807.6,1823.4,1240016
2025-07-28 00:00:00+05:30,1841.6,1915.0,1829.8,1887.0,551024
2025-07-29 00:00:00+05:30,1884.0,1907.2,1853.0,1861.0,171536
2025-07-30 00:00:00+05:30,1861.0,1936.3,1861.0,1892.0,299230
2025-07-31 00:00:00+05:30,1861.0,1912.5,1854.2,1883.6,120788
2025-08-01 00:00:00+05:30,1907.5,1971.5,1875.0,1899.6,490926
2025-08-04 00:00:00+05:30,1914.5,2100.0,1891.0,2043.6,894174
2025-08-05 00:00:00+05:30,2017.5,2024.6,1978.4,1988.6,235822
2025-08-06 00:00:00+05:30,1985.0,1995.8,1930.0,1975.8,158398
2025-08-07 00:00:00+05:30,1970.0,2074.2,1949.4,2057.2,421976
2025-08-08 00:00:00+05:30,2054.0,2075.4,2010.0,2054.6,325962
2025-08-11 00:00:00+05:30,2056.7,2100.0,2034.1,2054.4,249806
2025-08-12 00:00:00+05:30,2051.0,2057.5,2023.0,2047.2,93862
2025-08-13 00:00:00+05:30,2049.5,2073.0,1972.8,1994.6,183078
2025-08-14 00:00:00+05:30,1994.6,2044.6,1980.2,1998.6,129938
2025-08-18 00:00:00+05:30,2042.5,2050.0,1940.0,1956.2,129692
2025-08-19 00:00:00+05:30,1945.2,2042.0,1945.2,2020.6,137002
2025-08-20 00:00:00+05:30,2030.0,2036.5,1981.0,1995.0,81368
2025-08-21 00:00:00+05:30,2011.0,2011.0,1980.0,1999.2,44806
2025-08-22 00:00:00+05:30,2016.4,2016.4,1936.5,1948.8,80964
2025-08-25 00:00:00+05:30,1955.0,2140.0,1955.0,2119.4,2283556
2025-08-26 00:00:00+05:30,2124.4,2320.0,2093.0,2227.4,1435512
2025-08-28 00:00:00+05:30,2220.2,2220.2,2109.5,2122.6,358000
2025-08-29 00:00:00+05:30,2087.8,2166.5,2070.0,2110.6,273456
2025-09-01 00:00:00+05:30,2107.0,2264.4,2094.3,2248.4,695146
2025-09-02 00:00:00+05:30,2247.5,2300.0,2210.8,2267.2,339358
2025-09-03 00:00:00+05:30,2237.5,2255.0,2187.6,2204.0,192544
2025-09-04 00:00:00+05:30,2210.0,2263.8,2170.8,2219.5,146330
2025-09-05 00:00:00+05:30,2210.0,2215.8,2129.5,2145.3,112264
2025-09-08 00:00:00+05:30,2137.5,2157.2,2107.0,2117.2,94136
2025-09-09 00:00:00+05:30,2115.9,2202.0,2110.0,2169.1,283798
2025-09-10 00:00:00+05:30,2192.5,2289.2,2149.6,2237.5,508902
2025-09-11 00:00:00+05:30,2229.0,2300.0,2203.0,2254.6,270974
2025-09-12 00:00:00+05:30,2242.5,2249.5,2205.0,2214.6,106490
2025-09-15 00:00:00+05:30,2212.7,2222.8,2168.6,2185.1,77266
2025-09-16 00:00:00+05:30,2185.1,2242.8,2172.9,2187.4,108042
2025-09-17 00:00:00+05:30,2197.5,2206.9,2168.2,2197.2,52812
2025-09-18 00:00:00+05:30,2214.2,2266.0,2190.0,2204.5,173080
2025-09-19 00:00:00+05:30,2215.4,2243.5,2102.0,2135.2,245170
2025-09-22 00:00:00+05:30,2145.0,2168.0,2116.3,2132.0,97788
2025-09-23 00:00:00+05:30,2132.5,2167.5,2115.8,2125.4,61632
2025-09-24 00:00:00+05:30,2116.5,2118.2,2023.9,2049.8,222588
2025-09-25 00:00:00+05:30,2040.4,2183.5,2033.6,2123.5,609552
2025-09-26 00:00:00+05:30,2118.9,2138.0,2050.5,2078.4,313756
2025-09-29 00:00:00+05:30,2056.0,2068.0,2015.0,2024.6,168050
2025-09-30 00:00:00+05:30,2026.0,2070.5,1991.4,2007.8,143210
2025-10-01 00:00:00+05:30,2010.0,2024.0,1969.5,1986.8,92130
2025-10-03 00:00:00+05:30,1994.9,2019.4,1953.0,1964.0,141144
2025-10-06 00:00:00+05:30,1978.0,2022.5,1958.6,2009.4,126974
2025-10-07 00:00:00+05:30,2024.9,2024.9,1990.5,2005.0,44360
2025-10-08 00:00:00+05:30,2021.7,2055.0,1993.2,2030.5,84780
2025-10-09 00:00:00+05:30,2040.5,2040.5,1967.5,1984.5,55516
2025-10-10 00:00:00+05:30,2002.0,2048.8,1976.6,2042.0,95750
2025-10-13 00:00:00+05:30,2026.4,2089.5,2005.5,2072.2,99668
2025-10-14 00:00:00+05:30,2087.5,2087.5,2012.5,2015.5,72320
2025-10-15 00:00:00+05:30,2018.9,2079.0,1996.8,2042.7,63426
2025-10-16 00:00:00+05:30,2050.0,2065.2,2029.4,2056.0,51544
2025-10-17 00:00:00+05:30,2050.5,2086.3,2028.8,2034.8,52524
2025-10-20 00:00:00+05:30,2087.0,2196.5,2077.0,2157.2,867156
2025-10-21 00:00:00+05:30,2179.5,2263.5,2168.0,2219.9,103852
2025-10-23 00:00:00+05:30,2219.9,2227.5,2152.7,2171.9,256094
2025-10-24 00:00:00+05:30,2194.5,2260.0,2150.5,2223.3,211992
2025-10-27 00:00:00+05:30,2278.9,2415.0,2254.5,2393.6,4640842
2025-10-28 00:00:00+05:30,2349.6,2393.5,2342.0,2358.7,262534
2025-10-29 00:00:00+05:30,2357.3,2357.3,2246.2,2319.8,363638
2025-10-30 00:00:00+05:30,2315.0,2375.0,2315.0,2360.6,256706
2025-10-31 00:00:00+05:30,2354.0,2414.3,2347.6,2363.8,236012
2025-11-03 00:00:00+05:30,2370.0,2412.0,2349.3,2366.5,227486
2025-11-04 00:00:00+05:30,2379.0,2434.0,2352.5,2369.2,421990
2025-11-06 00:00:00+05:30,2384.0,2392.5,2277.1,2285.0,164812
2025-11-07 00:00:00+05:30,2290.0,2290.0,2126.0,2139.8,308016
2025-11-10 00:00:00+05:30,2139.8,2192.2,2128.8,2181.7,172574
2025-11-11 00:00:00+05:30,2177.5,2240.0,2158.0,2170.8,217822
2025-11-12 00:00:00+05:30,2188.0,2275.5,2180.4,2243.8,393480
2025-11-13 00:00:00+05:30,2254.5,2285.6,2213.7,2223.4,163384
2025-11-14 00:00:00+05:30,2234.5,2238.0,2187.1,2200.3,85180
2025-11-17 00:00:00+05:30,2200.3,2292.4,2200.3,2282.6,184536
2025-11-18 00:00:00+05:30,2285.0,2289.0,2222.5,2226.0,84700
2025-11-19 00:00:00+05:30,2229.5,2270.2,2205.2,2212.7,136976
2025-11-20 00:00:00+05:30,2234.7,2310.0,2213.1,2297.8,169486
2025-11-21 00:00:00+05:30,2279.1,2289.0,2219.0,2228.6,282046
2025-11-24 00:00:00+05:30,2231.8,2277.3,2200.0,2259.5,118896
2025-11-25 00:00:00+05:30,2250.8,2257.6,2202.0,2214.1,81656
2025-11-26 00:00:00+05:30,2239.2,2239.2,2193.6,2214.4,90520
2025-11-27 00:00:00+05:30,2229.5,2256.0,2216.4,2245.2,63876
2025-11-28 00:00:00+05:30,2245.2,2307.0,2228.6,2275.4,151876
2025-12-01 00:00:00+05:30,2280.0,2355.5,2261.8,2344.9,291514
2025-12-02 00:00:00+05:30,2328.5,2407.5,2328.5,2397.4,434778
2025-12-03 00:00:00+05:30,2397.4,2479.5,2343.4,2455.7,633506
2025-12-04 00:00:00+05:30,2452.5,2462.2,2414.5,2448.3,167930
2025-12-05 00:00:00+05:30,2440.1,2440.1,2399.8,2416.1,89902
2025-12-08 00:00:00+05:30,2408.5,2408.5,2333.0,2380.2,195452
2025-12-09 00:00:00+05:30,2384.3,2384.3,2237.5,2249.4,451632
2025-12-10 00:00:00+05:30,2252.5,2270.0,2195.0,2207.0,201054
2025-12-11 00:00:00+05:30,2200.0,2251.4,2162.5,2221.0,188500
2025-12-12 00:00:00+05:30,2220.0,2286.0,2206.6,2246.2,122250
2025-12-15 00:00:00+05:30,2255.4,2337.0,2231.6,2325.2,129798
2025-12-16 00:00:00+05:30,2320.5,2320.5,2225.5,2234.0,133950
2025-12-17 00:00:00+05:30,2256.0,2320.1,2211.5,2229.2,285068
2025-12-18 00:00:00+05:30,2233.2,2256.9,2215.0,2234.1,53460
2025-12-19 00:00:00+05:30,2248.4,2277.5,2225.0,2262.2,91122
2025-12-22 00:00:00+05:30,2272.5,2335.0,2262.8,2329.4,143258
2025-12-23 00:00:00+05:30,2332.0,2415.0,2290.5,2393.0,163972
2025-12-24 00:00:00+05:30,2393.0,2412.5,2368.2,2393.4,107688
2025-12-26 00:00:00+05:30,2391.5,2391.5,2335.0,2340.7,42918
2025-12-29 00:00:00+05:30,2340.5,2345.0,2276.8,2296.4,117086
2025-12-30 00:00:00+05:30,2307.0,2319.2,2217.5,2236.4,165386
2025-12-31 00:00:00+05:30,2253.2,2359.7,2240.0,2347.6,138356
2026-01-01 00:00:00+05:30,2344.0,2427.7,2322.0,2410.8,220104
2026-01-02 00:00:00+05:30,2407.5,2407.5,2353.1,2360.8,59332
2026-01-05 00:00:00+05:30,2360.8,2413.3,2346.0,2387.5,114812
2026-01-06 00:00:00+05:30,2405.4,2473.0,2382.4,2401.3,211266
2026-01-07 00:00:00+05:30,2391.3,2420.0,2370.2,2386.0,54014
2026-01-08 00:00:00+05:30,2389.6,2395.0,2358.6,2375.7,67158
2026-01-09 00:00:00+05:30,2393.6,2394.4,2275.6,2299.2,98544
2026-01-12 00:00:00+05:30,2302.4,2325.2,2262.0,2298.2,95748
2026-01-13 00:00:00+05:30,2284.2,2325.0,2277.5,2297.1,44934
2026-01-14 00:00:00+05:30,2295.2,2334.0,2285.8,2301.3,76536
2026-01-16 00:00:00+05:30,2301.3,2359.9,2286.3,2315.6,91366
2026-01-19 00:00:00+05:30,2315.6,2326.4,2222.0,2229.6,114778
2026-01-20 00:00:00+05:30,2231.5,2262.5,2148.5,2172.5,98064
2026-01-21 00:00:00+05:30,2150.0,2166.1,2075.5,2100.0,116194
2026-01-22 00:00:00+05:30,2171.5,2245.0,2160.0,2174.0,464712
2026-01-23 00:00:00+05:30,2197.5,2199.5,2142.6,2162.0,77624
2026-01-27 00:00:00+05:30,2165.0,2232.5,2102.4,2204.8,147268
2026-01-28 00:00:00+05:30,2205.0,2258.5,2189.8,2211.4,101632
2026-01-29 00:00:00+05:30,2211.0,2409.5,2187.5,2341.3,952360
2026-01-30 00:00:00+05:30,2350.0,2400.0,2277.7,2325.6,330912
2026-02-01 00:00:00+05:30,2349.9,2373.5,2298.3,2322.0,70964
2026-02-02 00:00:00+05:30,2312.5,2429.0,2283.0,2421.2,314898
2026-02-03 00:00:00+05:30,2494.0,2497.5,2424.0,2473.5,267256
2026-02-04 00:00:00+05:30,2473.5,2473.5,2229.8,2265.6,544974
2026-02-05 00:00:00+05:30,2250.0,2272.4,2226.5,2248.6,148328
2026-02-06 00:00:00+05:30,2225.0,2233.6,2062.1,2093.0,327450
2026-02-09 00:00:00+05:30,2112.5,2174.8,2070.0,2083.8,493080
2026-02-10 00:00:00+05:30,2063.0,2086.0,1984.6,1992.5,685906
2026-02-11 00:00:00+05:30,1992.5,2010.0,1932.5,1946.0,326312
2026-02-12 00:00:00+05:30,1945.0,1969.2,1859.2,1864.3,414466
2026-02-13 00:00:00+05:30,1801.4,1915.0,1777.2,1833.0,480392
2026-02-16 00:00:00+05:30,1806.0,1866.7,1785.5,1814.6,303080
2026-02-17 00:00:00+05:30,1815.0,1916.5,1792.6,1804.8,549840
2026-02-18 00:00:00+05:30,1819.5,1840.0,1771.0,1823.2,249982
2026-02-19 00:00:00+05:30,1840.8,1848.0,1777.5,1790.4,143896
2026-02-20 00:00:00+05:30,1790.4,1805.0,1762.5,1776.8,144824
2026-02-23 00:00:00+05:30,1787.5,1797.4,1728.6,1736.2,148390
2026-02-24 00:00:00+05:30,1725.0,1729.6,1666.4,1672.8,149690
2026-02-25 00:00:00+05:30,1680.5,1713.4,1637.0,1649.0,211362
2026-02-26 00:00:00+05:30,1657.5,1696.0,1646.2,1651.0,518602
2026-02-27 00:00:00+05:30,1663.4,1667.6,1580.0,1586.2,298424
2026-03-02 00:00:00+05:30,1513.0,1629.5,1500.6,1541.8,326288
2026-03-04 00:00:00+05:30,1511.5,1638.0,1497.4,1610.2,759420
2026-03-05 00:00:00+05:30,1604.6,1643.0,1519.3,1548.3,262278
2026-03-06 00:00:00+05:30,1547.5,1599.2,1504.2,1510.9,190700
2026-03-09 00:00:00+05:30,1497.5,1525.0,1470.0,1499.4,215498
2026-03-10 00:00:00+05:30,1538.8,1584.0,1526.2,1570.1,221164
2026-03-11 00:00:00+05:30,1590.0,1642.5,1549.2,1557.2,257610
2026-03-12 00:00:00+05:30,1559.0,1604.5,1516.2,1575.9,171146
2026-03-13 00:00:00+05:30,1571.1,1608.0,1480.0,1576.6,372789
2026-03-16 00:00:00+05:30,1555.0,1567.4,1493.1,1528.6,182306
2026-03-17 00:00:00+05:30,1525.0,1539.5,1464.0,1474.7,225228
2026-03-18 00:00:00+05:30,1465.4,1522.7,1461.1,1486.0,171836
2026-03-19 00:00:00+05:30,1475.0,1498.5,1451.2,1456.8,173783
2026-03-20 00:00:00+05:30,1475.0,1497.9,1450.0,1469.0,157266
2026-03-23 00:00:00+05:30,1455.0,1471.1,1400.0,1403.7,189724
2026-03-24 00:00:00+05:30,1457.2,1472.3,1401.5,1461.4,195605
2026-03-25 00:00:00+05:30,1461.4,1517.0,1453.9,1495.6,123060
2026-03-27 00:00:00+05:30,1475.9,1485.7,1419.6,1462.8,381117
2026-03-30 00:00:00+05:30,1450.1,1450.1,1375.0,1387.2,305001
2026-04-01 00:00:00+05:30,1416.9,1493.5,1412.1,1484.2,246271
2026-04-02 00:00:00+05:30,1431.0,1455.5,1405.3,1446.9,301587
2026-04-06 00:00:00+05:30,1461.4,1508.0,1432.0,1503.4,103604
2026-04-07 00:00:00+05:30,1503.4,1532.9,1488.1,1495.2,177905
2026-04-08 00:00:00+05:30,1565.0,1572.9,1511.4,1544.5,137383
2026-04-09 00:00:00+05:30,1544.3,1544.3,1485.0,1495.9,225507
2026-04-10 00:00:00+05:30,1499.6,1510.0,1477.6,1498.5,365816
2026-04-13 00:00:00+05:30,1481.8,1481.8,1441.7,1450.5,227929
2026-04-15 00:00:00+05:30,1470.0,1513.6,1462.8,1489.1,428487
2026-04-16 00:00:00+05:30,1520.0,1603.4,1512.3,1551.3,1037418
2026-04-17 00:00:00+05:30,1563.7,1650.0,1555.8,1631.1,613573
2026-04-20 00:00:00+05:30,1630.0,1667.8,1590.0,1619.8,494699
2026-04-21 00:00:00+05:30,1630.0,1636.8,1560.0,1564.1,254895
2026-04-22 00:00:00+05:30,1564.0,1576.6,1475.2,1499.5,606629
2026-04-23 00:00:00+05:30,1502.0,1522.7,1473.2,1484.5,333962
2026-04-24 00:00:00+05:30,1493.1,1508.0,1434.0,1468.0,257800
2026-04-27 00:00:00+05:30,1492.4,1509.0,1457.4,1479.3,125896
2026-04-28 00:00:00+05:30,1479.3,1487.9,1441.9,1449.1,140386
2026-04-29 00:00:00+05:30,1456.1,1484.4,1406.5,1416.2,192357
2026-04-30 00:00:00+05:30,1416.2,1453.9,1393.4,1429.0,192014
2026-05-04 00:00:00+05:30,1442.7,1445.0,1385.2,1419.3,436752
