date,open,high,low,close,volume
2007-02-22 00:00:00+05:30,88.2,88.2,74.9,77.85,53656750
2007-02-23 00:00:00+05:30,79.15,80.45,76.95,78.35,17554890
2007-02-26 00:00:00+05:30,79.0,83.65,76.45,80.1,13470061
2007-02-27 00:00:00+05:30,80.25,82.55,78.5,80.85,8050388
2007-02-28 00:00:00+05:30,77.2,79.0,72.5,76.75,4480363
2007-03-01 00:00:00+05:30,78.8,78.85,76.15,76.4,3122780
2007-03-02 00:00:00+05:30,84.45,84.45,75.4,77.3,2978973
2007-03-05 00:00:00+05:30,74.85,76.25,67.15,69.25,2930744
2007-03-06 00:00:00+05:30,72.55,73.4,67.2,69.4,3020075
2007-03-07 00:00:00+05:30,71.35,71.35,62.65,63.25,2233027
2007-03-08 00:00:00+05:30,67.0,67.0,59.85,64.0,2130798
2007-03-09 00:00:00+05:30,64.6,65.3,62.2,62.7,1594394
2007-03-12 00:00:00+05:30,63.3,68.7,62.4,68.05,2282968
2007-03-13 00:00:00+05:30,68.7,79.55,68.1,76.4,7450148
2007-03-14 00:00:00+05:30,73.4,73.4,69.85,70.7,2599215
2007-03-15 00:00:00+05:30,80.25,80.25,71.9,72.75,2611703
2007-03-16 00:00:00+05:30,73.4,74.1,70.25,71.45,1024200
2007-03-19 00:00:00+05:30,72.15,73.3,71.15,71.95,731335
2007-03-20 00:00:00+05:30,72.5,73.4,70.25,70.65,899272
2007-03-21 00:00:00+05:30,71.1,75.2,69.95,74.0,1334608
2007-03-22 00:00:00+05:30,76.35,77.25,74.85,75.45,1475778
2007-03-23 00:00:00+05:30,76.35,76.35,71.85,72.35,870374
2007-03-26 00:00:00+05:30,72.9,72.9,67.45,68.4,1055304
2007-03-28 00:00:00+05:30,67.55,70.75,66.85,69.7,675802
2007-03-29 00:00:00+05:30,69.45,72.4,69.0,72.15,638136
2007-03-30 00:00:00+05:30,71.65,72.4,70.45,70.7,300215
2007-04-02 00:00:00+05:30,69.5,70.45,68.5,68.7,211212
2007-04-03 00:00:00+05:30,69.5,70.35,68.0,69.55,266046
2007-04-04 00:00:00+05:30,69.85,71.45,69.05,69.8,358760
2007-04-05 00:00:00+05:30,69.95,71.2,69.05,69.6,312766
2007-04-09 00:00:00+05:30,70.35,71.95,70.0,70.55,421326
2007-04-10 00:00:00+05:30,70.95,72.35,70.45,71.75,680905
2007-04-11 00:00:00+05:30,71.85,73.25,71.3,72.2,565874
2007-04-12 00:00:00+05:30,70.75,73.8,70.7,72.65,476789
2007-04-13 00:00:00+05:30,73.9,75.05,72.4,73.8,952755
2007-04-16 00:00:00+05:30,74.4,76.3,74.15,74.95,729585
2007-04-17 00:00:00+05:30,75.1,79.95,73.05,77.05,2157772
2007-04-18 00:00:00+05:30,77.9,79.1,75.45,75.75,1148816
2007-04-19 00:00:00+05:30,75.35,77.2,74.25,76.5,688076
2007-04-20 00:00:00+05:30,77.25,78.8,76.35,76.75,492279
2007-04-23 00:00:00+05:30,77.1,89.3,77.1,84.55,13295497
2007-04-24 00:00:00+05:30,86.55,86.8,81.75,82.5,4198618
2007-04-25 00:00:00+05:30,83.2,86.6,81.9,83.7,4905672
2007-04-26 00:00:00+05:30,85.25,86.1,82.2,83.05,1692931
2007-04-27 00:00:00+05:30,85.4,86.0,79.35,80.65,3748311
2007-04-30 00:00:00+05:30,80.75,81.8,79.05,79.9,2211708
2007-05-03 00:00:00+05:30,81.05,89.5,80.75,87.25,9805125
2007-05-04 00:00:00+05:30,88.1,90.45,85.3,86.1,6762900
2007-05-07 00:00:00+05:30,87.1,89.35,86.1,86.55,4078224
2007-05-08 00:00:00+05:30,87.0,87.7,82.95,83.35,1737301
2007-05-09 00:00:00+05:30,83.7,85.35,82.2,84.3,1605104
2007-05-10 00:00:00+05:30,85.55,87.1,83.5,83.85,1856754
2007-05-11 00:00:00+05:30,83.2,84.45,81.7,83.25,1621701
2007-05-14 00:00:00+05:30,84.75,87.1,84.4,85.6,2160491
2007-05-15 00:00:00+05:30,86.45,91.2,84.9,89.9,8536158
2007-05-16 00:00:00+05:30,90.05,90.75,87.3,87.7,2834721
2007-05-17 00:00:00+05:30,88.35,90.35,87.2,88.0,2197910
2007-05-18 00:00:00+05:30,88.1,90.05,86.4,87.25,2397794
2007-05-21 00:00:00+05:30,88.2,89.45,86.6,86.85,1603687
2007-05-22 00:00:00+05:30,87.1,87.55,82.7,83.55,2343545
2007-05-23 00:00:00+05:30,84.15,84.95,79.75,80.15,2839718
2007-05-24 00:00:00+05:30,80.5,83.2,80.3,81.9,1907547
2007-05-25 00:00:00+05:30,81.35,83.6,80.3,82.8,1227045
2007-05-28 00:00:00+05:30,84.15,84.65,81.95,82.4,1232117
2007-05-29 00:00:00+05:30,83.45,83.45,81.3,81.65,764212
2007-05-30 00:00:00+05:30,82.2,82.55,80.3,80.5,752070
2007-05-31 00:00:00+05:30,81.25,81.6,80.3,80.8,550267
2007-06-01 00:00:00+05:30,81.25,84.9,80.75,83.4,2722923
2007-06-04 00:00:00+05:30,84.15,85.9,82.2,82.75,1842583
2007-06-05 00:00:00+05:30,83.2,83.25,82.2,82.75,640674
2007-06-06 00:00:00+05:30,83.2,86.4,82.2,82.4,3968416
2007-06-07 00:00:00+05:30,82.1,83.6,81.6,82.7,1295918
2007-06-08 00:00:00+05:30,82.2,82.7,80.25,81.1,870139
2007-06-11 00:00:00+05:30,82.15,83.65,80.4,80.6,768290
2007-06-12 00:00:00+05:30,81.5,81.5,78.9,79.95,898475
2007-06-13 00:00:00+05:30,80.0,80.65,79.0,79.65,549372
2007-06-14 00:00:00+05:30,80.25,81.9,79.9,81.35,792514
2007-06-15 00:00:00+05:30,82.0,85.15,81.05,82.85,2797490
2007-06-18 00:00:00+05:30,83.3,83.95,81.25,81.45,784353
2007-06-19 00:00:00+05:30,81.6,82.05,80.75,81.35,474523
2007-06-20 00:00:00+05:30,81.35,83.85,81.35,83.4,679415
2007-06-21 00:00:00+05:30,83.85,86.6,83.3,85.65,2639580
2007-06-22 00:00:00+05:30,86.2,86.2,83.6,84.0,815187
2007-06-25 00:00:00+05:30,84.2,84.2,81.4,81.8,782852
2007-06-26 00:00:00+05:30,82.35,82.55,81.7,81.95,391244
2007-06-27 00:00:00+05:30,82.2,82.45,81.25,81.35,363672
2007-06-28 00:00:00+05:30,86.1,86.6,81.45,81.8,353397
2007-06-29 00:00:00+05:30,82.2,83.9,81.8,82.4,536329
2007-07-02 00:00:00+05:30,82.7,84.65,81.95,83.95,1048114
2007-07-03 00:00:00+05:30,84.15,85.5,82.6,82.85,648392
2007-07-04 00:00:00+05:30,83.2,83.2,81.7,82.2,272809
2007-07-05 00:00:00+05:30,82.65,82.65,80.25,80.65,371049
2007-07-06 00:00:00+05:30,81.25,81.6,80.05,80.2,846992
2007-07-09 00:00:00+05:30,81.15,81.6,80.6,80.95,318277
2007-07-10 00:00:00+05:30,81.0,82.45,80.25,80.4,400698
2007-07-11 00:00:00+05:30,80.25,80.65,78.55,79.5,285484
2007-07-12 00:00:00+05:30,80.3,81.7,78.8,79.25,725769
2007-07-13 00:00:00+05:30,81.05,81.25,78.75,79.0,513692
2007-07-16 00:00:00+05:30,80.15,80.15,77.9,78.4,405361
2007-07-17 00:00:00+05:30,78.4,79.05,76.55,76.75,492853
2007-07-18 00:00:00+05:30,76.75,78.9,75.45,77.2,616259
2007-07-19 00:00:00+05:30,78.25,79.75,77.4,78.2,758353
2007-07-20 00:00:00+05:30,78.8,81.5,78.3,80.6,1037179
2007-07-23 00:00:00+05:30,81.25,82.45,79.75,80.25,709711
2007-07-24 00:00:00+05:30,79.25,80.7,79.15,79.3,390724
2007-07-25 00:00:00+05:30,79.25,79.25,76.9,77.6,301956
2007-07-26 00:00:00+05:30,78.3,82.45,78.3,79.8,433085
2007-07-27 00:00:00+05:30,75.35,79.35,75.35,75.65,663991
2007-07-30 00:00:00+05:30,77.3,79.05,76.65,77.25,555122
2007-07-31 00:00:00+05:30,78.7,80.55,77.55,80.05,689366
2007-08-01 00:00:00+05:30,79.25,80.15,76.85,77.3,397866
2007-08-02 00:00:00+05:30,77.35,77.8,76.35,76.45,249024
2007-08-03 00:00:00+05:30,77.3,78.1,76.45,76.75,209254
2007-08-06 00:00:00+05:30,76.35,78.8,74.85,78.35,347397
2007-08-07 00:00:00+05:30,78.4,79.25,76.35,77.45,254445
2007-08-08 00:00:00+05:30,78.65,81.45,78.3,81.15,736350
2007-08-09 00:00:00+05:30,82.05,82.95,77.35,78.0,602862
2007-08-10 00:00:00+05:30,76.8,77.7,75.7,76.3,602921
2007-08-13 00:00:00+05:30,76.8,77.9,76.35,76.75,175559
2007-08-14 00:00:00+05:30,78.1,78.3,76.35,76.45,124136
2007-08-16 00:00:00+05:30,75.35,75.6,73.5,75.2,477747
2007-08-17 00:00:00+05:30,76.05,76.55,73.0,73.5,298366
2007-08-20 00:00:00+05:30,75.9,75.95,71.85,72.6,481259
2007-08-21 00:00:00+05:30,73.85,73.85,67.65,68.35,513737
2007-08-22 00:00:00+05:30,68.5,70.6,67.7,68.75,817110
2007-08-23 00:00:00+05:30,70.45,78.3,68.55,68.95,361204
2007-08-24 00:00:00+05:30,68.65,70.3,67.6,69.15,157629
2007-08-27 00:00:00+05:30,70.9,73.4,70.9,71.65,360702
2007-08-28 00:00:00+05:30,72.2,72.2,70.25,70.7,150841
2007-08-29 00:00:00+05:30,70.45,78.95,68.8,77.8,2600724
2007-08-30 00:00:00+05:30,79.75,81.4,78.1,78.85,2111665
2007-08-31 00:00:00+05:30,76.9,82.6,76.9,82.05,1293507
2007-09-03 00:00:00+05:30,82.45,82.55,78.95,79.2,486057
2007-09-04 00:00:00+05:30,79.95,82.2,79.25,82.0,543993
2007-09-05 00:00:00+05:30,82.2,83.0,80.1,81.2,277984
2007-09-06 00:00:00+05:30,79.35,80.95,79.15,79.45,276363
2007-09-07 00:00:00+05:30,79.75,81.25,79.25,79.45,234423
2007-09-10 00:00:00+05:30,78.3,79.85,78.3,79.15,181253
2007-09-11 00:00:00+05:30,78.45,80.1,78.45,79.05,134845
2007-09-12 00:00:00+05:30,80.15,80.75,78.95,79.85,374080
2007-09-13 00:00:00+05:30,80.15,80.25,76.8,79.1,1270821
2007-09-14 00:00:00+05:30,79.55,80.5,77.9,78.3,284289
2007-09-17 00:00:00+05:30,78.5,79.0,76.05,76.4,131010
2007-09-18 00:00:00+05:30,76.55,77.9,76.35,77.05,266608
2007-09-19 00:00:00+05:30,78.8,78.85,75.6,75.9,305166
2007-09-20 00:00:00+05:30,76.35,77.7,74.9,75.4,276797
2007-09-21 00:00:00+05:30,75.1,75.35,71.8,72.7,463472
2007-09-24 00:00:00+05:30,74.95,74.95,69.95,70.1,802046
2007-09-25 00:00:00+05:30,69.5,71.35,68.95,70.05,477905
2007-09-26 00:00:00+05:30,70.4,73.9,70.4,72.45,463407
2007-09-27 00:00:00+05:30,74.0,74.0,70.75,71.5,328334
2007-09-28 00:00:00+05:30,71.95,75.7,71.45,74.85,604985
2007-10-01 00:00:00+05:30,75.7,75.7,72.2,73.6,270073
2007-10-03 00:00:00+05:30,74.4,75.35,72.4,74.0,606321
2007-10-04 00:00:00+05:30,71.55,76.75,71.55,75.55,832185
2007-10-05 00:00:00+05:30,75.55,76.35,71.75,72.3,245842
2007-10-08 00:00:00+05:30,73.5,75.2,69.3,70.2,233071
2007-10-09 00:00:00+05:30,68.6,72.7,68.55,71.6,220891
2007-10-10 00:00:00+05:30,73.1,73.7,71.45,72.45,278748
2007-10-11 00:00:00+05:30,72.0,73.15,69.7,70.15,227174
2007-10-12 00:00:00+05:30,70.25,70.85,69.5,69.65,198001
2007-10-15 00:00:00+05:30,70.45,71.85,69.75,70.0,185982
2007-10-16 00:00:00+05:30,69.95,71.3,69.0,69.15,144502
2007-10-17 00:00:00+05:30,68.5,71.05,64.7,69.95,270944
2007-10-18 00:00:00+05:30,71.4,73.2,70.4,71.25,431435
2007-10-19 00:00:00+05:30,71.55,71.7,68.7,71.45,526113
2007-10-22 00:00:00+05:30,70.45,71.45,68.6,70.75,235025
2007-10-23 00:00:00+05:30,72.4,73.4,69.95,70.3,187563
2007-10-24 00:00:00+05:30,71.85,74.3,70.85,71.55,517897
2007-10-25 00:00:00+05:30,73.3,78.7,71.3,75.45,1554726
2007-10-26 00:00:00+05:30,75.85,78.3,73.4,74.5,577488
2007-10-29 00:00:00+05:30,75.35,75.8,72.2,73.3,491015
2007-10-30 00:00:00+05:30,74.3,74.4,71.15,72.4,687665
2007-10-31 00:00:00+05:30,72.5,73.15,69.7,70.1,270621
2007-11-01 00:00:00+05:30,70.95,71.95,68.55,68.65,280388
2007-11-02 00:00:00+05:30,68.4,69.2,66.55,67.65,229703
2007-11-05 00:00:00+05:30,67.9,69.25,66.7,67.3,156017
2007-11-06 00:00:00+05:30,68.5,68.5,66.35,66.6,264968
2007-11-07 00:00:00+05:30,67.6,68.5,64.85,65.05,274337
2007-11-08 00:00:00+05:30,65.05,68.4,63.65,64.35,1100733
2007-11-09 00:00:00+05:30,66.0,67.25,64.7,65.75,57174
2007-11-12 00:00:00+05:30,65.25,65.35,63.6,64.8,125603
2007-11-13 00:00:00+05:30,66.55,67.05,64.65,66.15,165145
2007-11-14 00:00:00+05:30,68.2,68.8,65.8,68.0,425923
2007-11-15 00:00:00+05:30,65.8,69.75,65.8,68.35,308874
2007-11-16 00:00:00+05:30,68.45,69.4,65.85,66.7,163215
2007-11-19 00:00:00+05:30,67.55,68.5,66.6,67.45,192444
2007-11-20 00:00:00+05:30,67.55,69.5,66.55,67.5,429743
2007-11-21 00:00:00+05:30,68.9,68.9,65.3,65.8,165416
2007-11-22 00:00:00+05:30,65.2,67.25,63.85,66.1,317022
2007-11-23 00:00:00+05:30,66.55,67.5,65.3,65.6,128112
2007-11-26 00:00:00+05:30,66.55,67.55,65.3,65.85,88405
2007-11-27 00:00:00+05:30,65.5,66.4,64.75,64.95,118622
2007-11-28 00:00:00+05:30,65.1,66.9,63.7,64.15,808291
2007-11-29 00:00:00+05:30,65.1,66.25,63.6,63.7,270270
2007-11-30 00:00:00+05:30,64.1,65.05,63.6,64.2,240995
2007-12-03 00:00:00+05:30,64.6,66.0,63.6,64.8,504118
2007-12-04 00:00:00+05:30,64.6,71.9,64.6,68.6,950748
2007-12-05 00:00:00+05:30,69.9,72.1,67.55,70.6,1050780
2007-12-06 00:00:00+05:30,71.35,72.4,67.85,68.8,461057
2007-12-07 00:00:00+05:30,69.5,71.35,69.0,70.5,502256
2007-12-10 00:00:00+05:30,71.45,74.55,70.6,71.15,1231005
2007-12-11 00:00:00+05:30,73.25,73.9,70.45,70.9,431712
2007-12-12 00:00:00+05:30,70.5,71.2,68.75,70.35,253393
2007-12-13 00:00:00+05:30,72.3,72.95,69.0,69.35,331535
2007-12-14 00:00:00+05:30,70.3,72.2,68.6,70.0,346603
2007-12-17 00:00:00+05:30,71.45,71.45,67.55,68.0,393244
2007-12-18 00:00:00+05:30,68.5,68.5,66.6,67.45,257663
2007-12-19 00:00:00+05:30,67.6,70.95,67.55,68.5,583632
2007-12-20 00:00:00+05:30,70.35,70.45,67.85,68.4,422333
2007-12-24 00:00:00+05:30,69.45,72.4,68.7,71.15,859667
2007-12-26 00:00:00+05:30,72.7,75.55,71.5,74.1,1972377
2007-12-27 00:00:00+05:30,75.35,75.35,72.45,73.0,569569
2007-12-28 00:00:00+05:30,73.4,73.6,71.25,71.95,503188
2007-12-31 00:00:00+05:30,72.4,75.85,71.85,74.75,1218066
2008-01-01 00:00:00+05:30,74.85,77.65,74.85,75.9,842861
2008-01-02 00:00:00+05:30,77.5,79.25,75.55,76.5,1661612
2008-01-03 00:00:00+05:30,76.35,87.8,75.95,82.4,8062616
2008-01-04 00:00:00+05:30,83.65,83.65,78.4,79.0,1755661
2008-01-07 00:00:00+05:30,78.2,81.85,76.75,77.8,1297341
2008-01-08 00:00:00+05:30,78.3,79.25,69.95,70.95,1502031
2008-01-09 00:00:00+05:30,70.95,76.65,70.95,73.95,2884951
2008-01-10 00:00:00+05:30,75.25,77.7,70.45,70.95,1409714
2008-01-11 00:00:00+05:30,72.3,73.15,67.65,68.4,820562
2008-01-14 00:00:00+05:30,68.9,70.45,66.55,66.95,929124
2008-01-15 00:00:00+05:30,68.9,69.85,67.55,67.95,572483
2008-01-16 00:00:00+05:30,66.8,67.55,65.75,66.9,363864
2008-01-17 00:00:00+05:30,67.45,67.6,65.45,65.85,602266
2008-01-18 00:00:00+05:30,65.55,65.85,61.9,62.85,571770
2008-01-21 00:00:00+05:30,63.1,63.1,52.95,55.4,643361
2008-01-22 00:00:00+05:30,49.3,56.75,45.2,54.0,846423
2008-01-23 00:00:00+05:30,57.75,59.7,51.95,58.65,837068
2008-01-24 00:00:00+05:30,60.15,61.15,51.9,52.65,395301
2008-01-25 00:00:00+05:30,53.85,56.75,52.35,53.4,481763
2008-01-28 00:00:00+05:30,51.95,53.6,50.6,52.65,306131
2008-01-29 00:00:00+05:30,53.55,55.65,52.65,53.0,207989
2008-01-30 00:00:00+05:30,52.95,53.65,51.1,51.65,282202
2008-01-31 00:00:00+05:30,51.85,54.3,48.95,53.1,407841
2008-02-01 00:00:00+05:30,53.15,53.85,51.0,52.55,394222
2008-02-04 00:00:00+05:30,53.85,54.2,51.65,52.25,561453
2008-02-05 00:00:00+05:30,52.85,53.3,51.85,52.3,366962
2008-02-06 00:00:00+05:30,50.8,51.7,50.0,51.25,237927
2008-02-07 00:00:00+05:30,51.9,53.1,49.2,49.5,714146
2008-02-08 00:00:00+05:30,50.85,51.85,49.55,50.0,627479
2008-02-11 00:00:00+05:30,49.7,51.4,48.0,48.55,465933
2008-02-12 00:00:00+05:30,49.4,50.2,46.6,47.0,318495
2008-02-13 00:00:00+05:30,48.2,48.2,45.1,45.9,241544
2008-02-14 00:00:00+05:30,46.95,48.35,46.2,47.0,242705
2008-02-15 00:00:00+05:30,47.2,49.0,46.0,48.7,368259
2008-02-18 00:00:00+05:30,49.3,49.5,48.45,48.9,219987
2008-02-19 00:00:00+05:30,49.75,50.5,48.75,49.15,333443
2008-02-20 00:00:00+05:30,50.9,50.9,49.0,50.15,638546
2008-02-21 00:00:00+05:30,50.9,55.5,50.4,54.9,2101885
2008-02-22 00:00:00+05:30,54.25,54.7,51.65,52.85,1068402
2008-02-25 00:00:00+05:30,52.95,53.3,50.7,52.05,344629
2008-02-26 00:00:00+05:30,52.35,53.45,51.85,52.9,273159
2008-02-27 00:00:00+05:30,53.35,53.8,52.35,52.55,243948
2008-02-28 00:00:00+05:30,52.5,52.75,51.6,52.35,129407
2008-02-29 00:00:00+05:30,52.35,52.75,48.95,50.1,413440
2008-03-03 00:00:00+05:30,48.95,48.95,46.0,46.6,307842
2008-03-04 00:00:00+05:30,46.95,46.95,42.1,42.8,374646
2008-03-05 00:00:00+05:30,43.05,43.65,41.1,41.25,524308
2008-03-07 00:00:00+05:30,40.1,41.1,37.7,38.3,622488
2008-03-10 00:00:00+05:30,37.2,38.15,34.25,35.6,801933
2008-03-11 00:00:00+05:30,35.2,36.45,34.15,34.4,1671910
2008-03-12 00:00:00+05:30,36.15,36.2,34.25,34.4,729677
2008-03-13 00:00:00+05:30,34.2,34.2,31.35,31.5,566949
2008-03-14 00:00:00+05:30,31.8,34.15,31.3,33.35,931140
2008-03-17 00:00:00+05:30,33.25,33.25,31.3,32.25,394726
2008-03-18 00:00:00+05:30,30.85,32.8,30.85,31.7,230752
2008-03-19 00:00:00+05:30,32.35,33.4,31.4,32.8,596536
2008-03-24 00:00:00+05:30,31.4,33.15,29.55,29.85,308147
2008-03-25 00:00:00+05:30,31.2,31.55,30.45,31.2,408589
2008-03-26 00:00:00+05:30,31.8,36.0,31.45,34.5,895700
2008-03-27 00:00:00+05:30,33.7,35.25,32.75,34.55,978236
2008-03-28 00:00:00+05:30,35.6,38.65,34.75,36.9,889806
2008-03-31 00:00:00+05:30,37.2,37.8,35.25,35.8,599517
2008-04-01 00:00:00+05:30,36.6,37.85,35.45,36.4,1461598
2008-04-02 00:00:00+05:30,37.8,39.75,37.2,38.1,1109509
2008-04-03 00:00:00+05:30,38.25,39.15,37.25,37.4,211443
2008-04-04 00:00:00+05:30,37.6,37.6,36.1,36.4,157056
2008-04-07 00:00:00+05:30,37.2,38.15,36.95,37.45,269954
2008-04-08 00:00:00+05:30,38.05,38.65,37.0,38.3,270577
2008-04-09 00:00:00+05:30,38.65,41.6,37.95,40.8,559349
2008-04-10 00:00:00+05:30,41.1,42.1,40.1,40.25,402026
2008-04-11 00:00:00+05:30,40.2,41.6,39.5,39.8,207424
2008-04-15 00:00:00+05:30,39.4,41.55,39.15,40.8,319787
2008-04-16 00:00:00+05:30,41.3,43.0,41.3,41.6,426188
2008-04-17 00:00:00+05:30,43.0,46.0,42.35,43.45,928440
2008-04-21 00:00:00+05:30,44.8,44.8,43.05,43.5,480039
2008-04-22 00:00:00+05:30,44.0,44.0,42.1,42.8,229479
2008-04-23 00:00:00+05:30,42.15,43.05,41.8,42.3,243225
2008-04-24 00:00:00+05:30,44.05,44.05,41.3,41.6,161519
2008-04-25 00:00:00+05:30,41.0,42.5,40.2,41.2,133224
2008-04-28 00:00:00+05:30,41.6,44.7,41.1,42.95,713170
2008-04-29 00:00:00+05:30,43.5,44.7,42.3,43.75,551429
2008-04-30 00:00:00+05:30,44.4,45.4,43.15,43.6,789226
2008-05-02 00:00:00+05:30,44.4,44.5,42.35,42.55,325673
2008-05-05 00:00:00+05:30,43.05,43.65,42.15,42.9,252262
2008-05-06 00:00:00+05:30,42.45,43.05,41.6,42.4,130930
2008-05-07 00:00:00+05:30,43.05,44.25,42.4,42.6,323769
2008-05-08 00:00:00+05:30,42.45,42.85,41.7,41.85,130231
2008-05-09 00:00:00+05:30,41.25,42.05,39.65,40.1,168953
2008-05-12 00:00:00+05:30,39.6,40.3,38.25,39.0,270510
2008-05-13 00:00:00+05:30,39.65,41.1,38.6,39.05,416775
2008-05-14 00:00:00+05:30,39.15,39.95,38.25,39.25,288848
2008-05-15 00:00:00+05:30,39.95,40.6,39.3,39.6,451528
2008-05-16 00:00:00+05:30,40.9,41.0,40.1,40.3,357098
2008-05-20 00:00:00+05:30,41.1,41.1,39.7,39.85,441525
2008-05-21 00:00:00+05:30,39.5,44.5,39.25,42.85,2217045
2008-05-22 00:00:00+05:30,43.05,44.05,41.75,42.15,1333974
2008-05-23 00:00:00+05:30,42.5,43.0,40.75,41.1,342096
2008-05-26 00:00:00+05:30,40.1,40.15,39.4,39.7,177054
2008-05-27 00:00:00+05:30,41.0,44.7,41.0,42.55,2462015
2008-05-28 00:00:00+05:30,42.35,43.25,41.2,41.5,553852
2008-05-29 00:00:00+05:30,41.7,42.7,40.4,40.7,376333
2008-05-30 00:00:00+05:30,41.1,41.3,39.55,39.9,273983
2008-06-02 00:00:00+05:30,41.1,42.0,38.95,39.15,323480
2008-06-03 00:00:00+05:30,38.75,39.15,37.25,37.95,208286
2008-06-04 00:00:00+05:30,37.4,38.65,36.55,37.2,401423
2008-06-05 00:00:00+05:30,37.25,37.95,35.6,36.05,484157
2008-06-06 00:00:00+05:30,37.6,37.8,35.85,36.15,314278
2008-06-09 00:00:00+05:30,34.75,36.0,34.25,34.65,247292
2008-06-10 00:00:00+05:30,34.25,35.25,34.1,34.4,194713
2008-06-11 00:00:00+05:30,35.25,36.1,34.55,35.55,211788
2008-06-12 00:00:00+05:30,35.65,36.05,34.35,35.85,137346
2008-06-13 00:00:00+05:30,36.6,36.65,34.95,35.85,198847
2008-06-16 00:00:00+05:30,36.6,37.05,36.25,36.5,105282
2008-06-17 00:00:00+05:30,36.2,36.95,35.9,36.6,122851
2008-06-18 00:00:00+05:30,35.95,37.5,35.8,36.4,155872
2008-06-19 00:00:00+05:30,36.2,36.25,35.25,35.75,84031
2008-06-20 00:00:00+05:30,35.85,36.0,34.3,34.5,101540
2008-06-23 00:00:00+05:30,39.15,39.15,32.35,33.95,136245
2008-06-24 00:00:00+05:30,31.4,34.6,31.4,31.9,123451
2008-06-25 00:00:00+05:30,31.3,33.2,31.3,32.95,122820
2008-06-26 00:00:00+05:30,33.5,34.1,32.8,33.65,120284
2008-06-27 00:00:00+05:30,32.9,33.35,31.8,33.0,186645
2008-06-30 00:00:00+05:30,32.4,33.2,31.05,31.65,187705
2008-07-01 00:00:00+05:30,30.6,31.7,29.65,30.15,212492
2008-07-02 00:00:00+05:30,30.15,32.25,28.4,31.45,233426
2008-07-03 00:00:00+05:30,31.3,31.7,29.9,30.85,180600
2008-07-04 00:00:00+05:30,30.85,31.2,29.8,30.15,167386
2008-07-07 00:00:00+05:30,30.8,32.25,30.8,31.75,352437
2008-07-08 00:00:00+05:30,31.2,31.8,30.85,31.3,136299
2008-07-09 00:00:00+05:30,32.1,32.85,32.05,32.6,146417
2008-07-10 00:00:00+05:30,32.75,33.35,31.95,33.05,113326
2008-07-11 00:00:00+05:30,33.7,33.75,31.85,32.2,114394
2008-07-14 00:00:00+05:30,30.95,32.1,30.85,31.45,58942
2008-07-15 00:00:00+05:30,30.55,31.7,30.55,30.95,80131
2008-07-16 00:00:00+05:30,30.75,32.25,30.75,32.05,175441
2008-07-17 00:00:00+05:30,33.2,33.2,30.95,31.3,68062
2008-07-18 00:00:00+05:30,31.4,32.9,31.35,31.8,128422
2008-07-21 00:00:00+05:30,31.8,32.3,30.6,31.45,67620
2008-07-22 00:00:00+05:30,30.85,33.0,30.85,32.25,76565
2008-07-23 00:00:00+05:30,32.9,34.0,32.8,33.55,170189
2008-07-24 00:00:00+05:30,33.25,34.45,32.85,33.1,85772
2008-07-25 00:00:00+05:30,32.4,33.2,32.4,32.8,61863
2008-07-28 00:00:00+05:30,32.8,34.5,32.55,33.95,108745
2008-07-29 00:00:00+05:30,33.6,35.2,33.45,33.85,146827
2008-07-30 00:00:00+05:30,34.15,35.0,33.9,34.25,92341
2008-07-31 00:00:00+05:30,33.5,33.95,32.8,33.0,135692
2008-08-01 00:00:00+05:30,33.15,33.6,31.8,33.25,109292
2008-08-04 00:00:00+05:30,33.15,34.65,32.95,34.05,125202
2008-08-05 00:00:00+05:30,34.45,35.2,33.7,33.9,178946
2008-08-06 00:00:00+05:30,34.25,34.85,33.25,33.85,107228
2008-08-07 00:00:00+05:30,33.75,35.2,33.45,34.25,132635
2008-08-08 00:00:00+05:30,33.75,34.5,33.75,34.05,69074
2008-08-11 00:00:00+05:30,34.35,40.3,34.1,39.6,2150836
2008-08-12 00:00:00+05:30,39.3,40.0,37.25,37.5,564575
2008-08-13 00:00:00+05:30,39.75,41.8,38.95,40.3,2071000
2008-08-14 00:00:00+05:30,40.15,42.45,40.1,40.7,1686521
2008-08-18 00:00:00+05:30,40.4,41.85,40.15,40.45,663994
2008-08-19 00:00:00+05:30,40.1,40.8,39.25,39.7,468709
2008-08-20 00:00:00+05:30,40.35,42.1,40.1,41.4,952649
2008-08-21 00:00:00+05:30,40.7,41.6,39.45,39.75,660858
2008-08-22 00:00:00+05:30,39.15,39.7,38.15,38.5,429450
2008-08-25 00:00:00+05:30,39.1,39.95,37.45,38.5,430138
2008-08-26 00:00:00+05:30,38.25,48.2,38.2,47.3,13619543
2008-08-27 00:00:00+05:30,48.85,49.6,42.8,43.35,14945498
2008-08-28 00:00:00+05:30,42.55,44.25,39.85,41.25,8662160
2008-08-29 00:00:00+05:30,42.1,43.45,41.35,42.3,4942924
2008-09-01 00:00:00+05:30,41.5,44.25,41.1,43.0,2931827
2008-09-02 00:00:00+05:30,43.4,43.8,42.15,42.4,1824150
2008-09-04 00:00:00+05:30,42.55,44.15,41.15,43.2,2224278
2008-09-05 00:00:00+05:30,42.55,44.0,42.1,43.7,1917317
2008-09-08 00:00:00+05:30,44.35,45.45,43.8,44.1,1958032
2008-09-09 00:00:00+05:30,41.4,46.0,41.4,44.6,2503171
2008-09-10 00:00:00+05:30,44.05,45.8,43.55,44.15,1282912
2008-09-11 00:00:00+05:30,44.05,44.4,42.45,43.05,675117
2008-09-12 00:00:00+05:30,43.55,43.55,42.0,42.15,557304
2008-09-15 00:00:00+05:30,41.1,42.1,37.8,39.3,713384
2008-09-16 00:00:00+05:30,37.45,38.35,36.5,37.25,449878
2008-09-17 00:00:00+05:30,37.45,37.95,35.55,35.95,455659
2008-09-18 00:00:00+05:30,34.25,36.2,32.05,35.65,393827
2008-09-19 00:00:00+05:30,37.2,37.2,35.7,36.6,470599
2008-09-22 00:00:00+05:30,36.6,38.05,36.3,36.5,251374
2008-09-23 00:00:00+05:30,36.45,37.6,34.55,34.9,346621
2008-09-24 00:00:00+05:30,35.4,35.7,33.85,34.2,285066
2008-09-25 00:00:00+05:30,33.25,34.75,32.55,33.1,883399
2008-09-26 00:00:00+05:30,33.3,33.65,30.65,31.2,278327
2008-09-29 00:00:00+05:30,30.85,31.2,28.9,29.2,347702
2008-09-30 00:00:00+05:30,27.9,28.85,26.55,28.05,815025
2008-10-01 00:00:00+05:30,28.4,29.65,27.75,28.2,365748
2008-10-03 00:00:00+05:30,28.35,28.85,27.15,27.45,221660
2008-10-06 00:00:00+05:30,26.5,30.8,24.6,28.0,1260763
2008-10-07 00:00:00+05:30,29.35,30.35,25.7,25.95,451808
2008-10-08 00:00:00+05:30,24.65,24.65,22.0,23.5,449308
2008-10-10 00:00:00+05:30,23.5,23.5,18.9,20.05,384530
2008-10-13 00:00:00+05:30,20.75,22.2,20.1,21.1,407712
2008-10-14 00:00:00+05:30,22.0,24.0,21.7,22.15,548304
2008-10-15 00:00:00+05:30,22.0,22.0,20.15,20.35,239070
2008-10-16 00:00:00+05:30,19.55,20.8,18.7,20.4,252350
2008-10-17 00:00:00+05:30,21.35,21.35,18.6,18.8,223946
2008-10-20 00:00:00+05:30,19.2,22.0,19.1,21.45,578876
2008-10-21 00:00:00+05:30,22.3,22.45,20.2,20.45,324856
2008-10-22 00:00:00+05:30,20.05,20.9,19.65,19.8,246669
2008-10-23 00:00:00+05:30,19.1,19.75,18.75,19.0,342508
2008-10-24 00:00:00+05:30,18.35,19.4,16.1,17.05,476099
2008-10-27 00:00:00+05:30,16.1,16.3,14.4,15.1,245975
2008-10-28 00:00:00+05:30,17.05,17.05,14.9,16.1,92028
2008-10-29 00:00:00+05:30,18.0,18.4,13.6,14.1,567150
2008-10-31 00:00:00+05:30,15.05,15.35,14.2,14.8,415811
2008-11-03 00:00:00+05:30,15.5,17.05,15.3,15.95,651383
2008-11-04 00:00:00+05:30,16.45,18.0,15.65,17.7,1008113
2008-11-05 00:00:00+05:30,17.6,18.9,15.65,15.95,964842
2008-11-06 00:00:00+05:30,15.65,16.5,15.15,15.3,476053
2008-11-07 00:00:00+05:30,15.45,17.4,14.95,16.5,504401
2008-11-10 00:00:00+05:30,17.15,19.55,17.15,18.7,2762183
2008-11-11 00:00:00+05:30,19.0,19.0,16.5,16.7,721685
2008-11-12 00:00:00+05:30,16.35,17.0,15.55,15.7,724799
2008-11-14 00:00:00+05:30,16.55,16.65,14.5,14.7,909554
2008-11-17 00:00:00+05:30,14.75,14.95,13.25,13.65,609478
2008-11-18 00:00:00+05:30,13.15,13.55,12.45,12.5,736894
2008-11-19 00:00:00+05:30,12.7,13.35,12.15,12.3,459850
2008-11-20 00:00:00+05:30,11.85,12.05,11.35,11.55,456321
2008-11-21 00:00:00+05:30,11.85,12.5,11.3,12.0,511809
2008-11-24 00:00:00+05:30,12.25,13.9,11.35,12.6,3054533
2008-11-25 00:00:00+05:30,13.2,13.5,11.35,11.55,1233295
2008-11-26 00:00:00+05:30,11.85,11.85,11.05,11.45,496441
2008-11-28 00:00:00+05:30,11.55,11.55,10.4,10.7,755544
2008-12-01 00:00:00+05:30,10.9,11.6,10.75,10.9,549770
2008-12-02 00:00:00+05:30,10.35,10.85,10.3,10.7,349521
2008-12-03 00:00:00+05:30,11.0,11.3,10.6,10.85,365185
2008-12-04 00:00:00+05:30,11.05,11.55,10.9,11.35,537169
2008-12-05 00:00:00+05:30,11.5,12.1,11.2,11.3,554791
2008-12-08 00:00:00+05:30,11.75,11.95,11.3,11.4,347121
2008-12-10 00:00:00+05:30,11.7,12.25,9.25,12.0,327879
2008-12-11 00:00:00+05:30,11.7,12.6,11.7,12.2,629186
2008-12-12 00:00:00+05:30,11.85,13.25,11.6,12.9,894465
2008-12-15 00:00:00+05:30,13.3,14.2,12.9,13.95,2884567
2008-12-16 00:00:00+05:30,14.0,14.45,13.35,13.7,3046249
2008-12-17 00:00:00+05:30,14.1,14.15,12.05,12.3,1236013
2008-12-18 00:00:00+05:30,12.3,12.85,12.3,12.7,811333
2008-12-19 00:00:00+05:30,12.75,13.2,12.6,12.7,1107860
2008-12-22 00:00:00+05:30,12.7,13.9,12.7,12.85,2992553
2008-12-23 00:00:00+05:30,13.0,13.65,12.45,12.55,1688523
2008-12-24 00:00:00+05:30,12.6,12.7,12.05,12.15,868582
2008-12-26 00:00:00+05:30,12.5,12.6,11.6,11.7,503099
2008-12-29 00:00:00+05:30,11.75,12.15,11.35,11.9,566728
2008-12-30 00:00:00+05:30,12.15,12.95,11.95,12.6,1865857
2008-12-31 00:00:00+05:30,12.9,13.25,12.5,12.65,1614615
2009-01-01 00:00:00+05:30,12.7,14.3,12.7,14.1,4160715
2009-01-02 00:00:00+05:30,14.25,14.65,13.6,13.8,5226679
2009-01-05 00:00:00+05:30,14.45,14.5,13.6,13.8,1830019
2009-01-06 00:00:00+05:30,13.7,15.1,13.7,14.35,7298019
2009-01-07 00:00:00+05:30,14.6,15.2,12.25,12.55,6521498
2009-01-09 00:00:00+05:30,12.05,12.6,11.4,11.7,1640792
2009-01-12 00:00:00+05:30,11.75,11.95,11.4,11.6,660349
2009-01-13 00:00:00+05:30,11.45,12.15,10.8,11.05,844896
2009-01-14 00:00:00+05:30,11.6,11.8,11.0,11.25,745590
2009-01-15 00:00:00+05:30,11.25,11.25,10.7,11.1,397139
2009-01-16 00:00:00+05:30,10.8,11.5,10.8,11.1,361128
2009-01-19 00:00:00+05:30,10.85,11.7,10.85,11.5,566611
2009-01-20 00:00:00+05:30,11.25,11.4,10.9,11.0,574600
2009-01-21 00:00:00+05:30,10.8,11.45,10.4,10.55,827013
2009-01-22 00:00:00+05:30,10.65,10.95,10.0,10.1,780012
2009-01-23 00:00:00+05:30,9.9,10.65,9.6,9.65,1020677
2009-01-27 00:00:00+05:30,9.8,9.85,9.35,9.5,1138134
2009-01-28 00:00:00+05:30,9.6,9.7,9.25,9.5,1820418
2009-01-29 00:00:00+05:30,9.7,10.0,9.3,9.6,1977948
2009-01-30 00:00:00+05:30,9.3,11.65,9.1,11.2,7582520
2009-02-02 00:00:00+05:30,11.5,11.7,10.8,10.95,3428124
2009-02-03 00:00:00+05:30,11.15,11.45,10.35,10.85,2052784
2009-02-04 00:00:00+05:30,11.45,13.5,10.85,12.1,10498933
2009-02-05 00:00:00+05:30,12.25,14.9,12.1,14.4,28549992
2009-02-06 00:00:00+05:30,15.05,15.05,13.05,13.5,11876747
2009-02-09 00:00:00+05:30,13.7,14.15,13.2,13.65,5226610
2009-02-10 00:00:00+05:30,13.8,13.85,12.9,13.2,2622120
2009-02-11 00:00:00+05:30,13.0,13.25,12.6,12.9,2068523
2009-02-12 00:00:00+05:30,13.0,14.9,12.8,14.45,13449724
2009-02-13 00:00:00+05:30,14.8,14.9,13.9,14.15,5057732
2009-02-16 00:00:00+05:30,14.0,14.3,13.0,13.15,2968132
2009-02-17 00:00:00+05:30,12.8,12.95,12.5,12.6,2276593
2009-02-18 00:00:00+05:30,12.45,13.15,12.4,12.65,3349797
2009-02-19 00:00:00+05:30,12.7,13.8,12.7,13.45,4822858
2009-02-20 00:00:00+05:30,13.95,14.6,13.3,13.55,13976347
2009-02-24 00:00:00+05:30,13.6,13.95,12.9,13.55,5868454
2009-02-25 00:00:00+05:30,13.75,14.1,13.2,13.3,2882636
2009-02-26 00:00:00+05:30,13.35,13.8,12.95,13.5,4385608
2009-02-27 00:00:00+05:30,13.45,13.6,12.85,13.0,2339656
2009-03-02 00:00:00+05:30,12.6,12.95,12.15,12.45,1558497
2009-03-03 00:00:00+05:30,12.25,12.5,11.3,11.55,1945596
2009-03-04 00:00:00+05:30,11.75,11.75,11.1,11.4,2994139
2009-03-05 00:00:00+05:30,11.45,11.65,10.35,10.65,1978770
2009-03-06 00:00:00+05:30,10.35,10.6,9.9,10.4,2723599
2009-03-09 00:00:00+05:30,10.35,11.0,10.15,10.5,3347700
2009-03-12 00:00:00+05:30,10.9,11.2,10.6,10.7,1775492
2009-03-13 00:00:00+05:30,10.95,11.45,10.85,11.3,2069062
2009-03-16 00:00:00+05:30,11.45,11.85,11.15,11.6,1253672
2009-03-17 00:00:00+05:30,11.65,12.3,11.45,11.55,2117610
2009-03-18 00:00:00+05:30,11.6,12.7,11.6,12.15,3285145
2009-03-19 00:00:00+05:30,12.4,15.05,12.4,14.15,14505682
2009-03-20 00:00:00+05:30,13.8,15.85,13.25,15.5,20780385
2009-03-23 00:00:00+05:30,16.05,16.25,14.95,15.5,9176808
2009-03-24 00:00:00+05:30,15.45,15.8,13.7,14.1,6946151
2009-03-25 00:00:00+05:30,14.35,15.15,14.2,14.6,6790619
2009-03-26 00:00:00+05:30,14.95,15.05,13.85,14.25,4738954
2009-03-27 00:00:00+05:30,14.55,15.6,14.05,15.05,7979179
2009-03-30 00:00:00+05:30,14.8,15.55,14.35,14.5,3617362
2009-03-31 00:00:00+05:30,14.8,15.75,14.6,15.1,5451246
2009-04-01 00:00:00+05:30,15.15,16.9,15.15,16.55,12334510
2009-04-02 00:00:00+05:30,17.2,17.4,16.35,16.5,6733967
2009-04-06 00:00:00+05:30,16.85,17.1,16.05,16.8,4210890
2009-04-08 00:00:00+05:30,16.1,17.25,15.9,16.95,4128855
2009-04-09 00:00:00+05:30,17.35,18.45,16.3,17.55,7150603
2009-04-13 00:00:00+05:30,19.55,20.55,18.4,18.7,9394441
2009-04-15 00:00:00+05:30,18.5,19.2,17.9,18.75,5032535
2009-04-16 00:00:00+05:30,19.3,19.55,16.75,17.05,5484076
2009-04-17 00:00:00+05:30,16.85,18.4,16.85,17.2,3132614
2009-04-20 00:00:00+05:30,17.55,18.5,17.25,17.8,3139487
2009-04-21 00:00:00+05:30,17.35,18.0,17.0,17.65,2687487
2009-04-22 00:00:00+05:30,17.75,18.1,15.9,16.4,3459332
2009-04-23 00:00:00+05:30,16.4,17.05,15.7,16.65,2290126
2009-04-24 00:00:00+05:30,17.35,17.85,16.65,16.85,3643747
2009-04-27 00:00:00+05:30,17.1,17.15,15.8,16.0,2282806
2009-04-28 00:00:00+05:30,15.65,15.95,14.8,15.15,3079669
2009-04-29 00:00:00+05:30,15.55,16.5,15.1,15.3,7271426
2009-05-04 00:00:00+05:30,15.9,16.4,15.7,16.0,4242665
2009-05-05 00:00:00+05:30,16.1,16.8,15.7,16.35,5140634
2009-05-06 00:00:00+05:30,16.15,17.15,15.65,16.0,5483980
2009-05-07 00:00:00+05:30,16.15,16.65,15.8,16.55,3969721
2009-05-08 00:00:00+05:30,16.8,16.8,15.5,16.0,2729836
2009-05-11 00:00:00+05:30,16.15,16.35,15.15,15.25,2446232
2009-05-12 00:00:00+05:30,15.1,16.6,14.9,16.1,6722085
2009-05-13 00:00:00+05:30,16.65,17.8,16.4,16.65,20304187
2009-05-14 00:00:00+05:30,16.15,16.7,15.8,16.2,4279327
2009-05-15 00:00:00+05:30,16.6,16.95,15.75,15.85,5572212
2009-05-18 00:00:00+05:30,17.6,18.1,17.6,17.85,32794
2009-05-19 00:00:00+05:30,18.8,19.0,15.85,16.75,8732240
2009-05-20 00:00:00+05:30,17.15,20.95,16.45,20.55,32697414
2009-05-21 00:00:00+05:30,20.8,22.35,19.55,20.65,22537685
2009-05-22 00:00:00+05:30,20.5,24.7,20.5,24.35,38213206
2009-05-25 00:00:00+05:30,24.55,25.15,22.6,24.55,21482007
2009-05-26 00:00:00+05:30,25.45,25.75,22.8,23.45,17593919
2009-05-27 00:00:00+05:30,24.4,24.85,23.3,24.05,9352140
2009-05-28 00:00:00+05:30,24.4,24.6,23.2,23.8,6957032
2009-05-29 00:00:00+05:30,24.05,25.85,23.5,25.45,15299634
2009-06-01 00:00:00+05:30,25.9,26.65,24.55,26.25,16291581
2009-06-02 00:00:00+05:30,27.05,28.15,25.05,27.75,28990679
2009-06-03 00:00:00+05:30,28.3,28.75,26.8,27.6,13866191
2009-06-04 00:00:00+05:30,27.2,28.65,26.8,28.1,10989455
2009-06-05 00:00:00+05:30,28.35,28.65,26.75,27.2,8264057
2009-06-08 00:00:00+05:30,27.7,27.85,24.05,24.6,7266731
2009-06-09 00:00:00+05:30,24.25,26.4,23.05,26.15,9295115
2009-06-10 00:00:00+05:30,26.4,29.95,26.4,29.1,22077217
2009-06-11 00:00:00+05:30,32.2,32.2,27.95,28.3,22434600
2009-06-12 00:00:00+05:30,28.6,28.9,26.85,27.15,8858602
2009-06-15 00:00:00+05:30,26.9,27.4,25.95,26.15,5620766
2009-06-16 00:00:00+05:30,25.55,27.55,24.85,27.1,9756693
2009-06-17 00:00:00+05:30,26.95,27.6,25.0,25.3,6231703
2009-06-18 00:00:00+05:30,25.3,25.7,22.9,23.45,5473207
2009-06-19 00:00:00+05:30,24.05,24.3,21.85,23.45,9402709
2009-06-22 00:00:00+05:30,23.9,24.35,22.6,22.95,7384830
2009-06-23 00:00:00+05:30,22.05,24.65,21.65,24.05,12450416
2009-06-24 00:00:00+05:30,24.55,25.1,23.45,23.7,22032372
2009-06-25 00:00:00+05:30,24.3,25.4,24.0,24.9,16640919
2009-06-26 00:00:00+05:30,25.4,25.7,24.65,25.25,10021957
2009-06-29 00:00:00+05:30,25.65,26.65,25.0,26.0,11178958
2009-06-30 00:00:00+05:30,26.75,26.75,23.7,24.05,9343518
2009-07-01 00:00:00+05:30,24.25,25.7,23.6,25.3,12935402
2009-07-02 00:00:00+05:30,25.95,25.95,24.2,24.45,13633116
2009-07-03 00:00:00+05:30,24.15,24.45,23.7,23.9,8393745
2009-07-06 00:00:00+05:30,24.25,24.25,21.3,21.75,6951497
2009-07-07 00:00:00+05:30,22.5,23.0,20.65,22.65,11381101
2009-07-08 00:00:00+05:30,22.3,22.3,20.95,21.1,8112595
2009-07-09 00:00:00+05:30,21.25,21.65,20.25,20.95,5888666
2009-07-10 00:00:00+05:30,21.25,21.75,19.25,19.7,7442167
2009-07-13 00:00:00+05:30,19.1,19.45,17.85,18.1,6247974
2009-07-14 00:00:00+05:30,18.9,19.65,18.8,19.5,6933885
2009-07-15 00:00:00+05:30,20.25,20.95,19.75,20.8,6869894
2009-07-16 00:00:00+05:30,21.75,21.75,20.05,20.35,9392656
2009-07-17 00:00:00+05:30,20.6,21.75,20.6,21.6,13087334
2009-07-20 00:00:00+05:30,21.75,23.2,21.75,22.9,21958137
2009-07-21 00:00:00+05:30,23.4,23.65,22.1,22.4,16838628
2009-07-22 00:00:00+05:30,22.6,23.1,21.1,21.3,13362275
2009-07-23 00:00:00+05:30,21.75,22.75,21.45,22.55,9927867
2009-07-24 00:00:00+05:30,23.5,25.85,22.55,25.5,39201115
2009-07-27 00:00:00+05:30,25.75,27.05,25.55,26.6,26785508
2009-07-28 00:00:00+05:30,26.7,26.85,25.75,26.05,16419792
2009-07-29 00:00:00+05:30,26.05,27.2,23.8,25.7,32554344
2009-07-30 00:00:00+05:30,25.85,26.35,24.45,26.0,17248831
2009-07-31 00:00:00+05:30,26.45,27.3,25.85,26.3,17642454
2009-08-03 00:00:00+05:30,26.45,26.7,25.95,26.4,9932468
2009-08-04 00:00:00+05:30,26.65,26.95,26.05,26.4,12316372
2009-08-05 00:00:00+05:30,26.4,29.8,26.15,29.4,47784831
2009-08-06 00:00:00+05:30,29.6,30.2,27.3,27.65,44459561
2009-08-07 00:00:00+05:30,27.4,28.95,27.0,28.4,37325692
2009-08-10 00:00:00+05:30,30.05,30.05,27.3,28.0,31583519
2009-08-11 00:00:00+05:30,28.15,29.05,27.5,28.5,23433082
2009-08-12 00:00:00+05:30,28.4,28.8,27.6,28.6,16551345
2009-08-13 00:00:00+05:30,29.5,32.4,29.1,32.1,58107677
2009-08-14 00:00:00+05:30,32.6,32.8,31.35,31.85,32139450
2009-08-17 00:00:00+05:30,30.95,33.2,30.4,30.75,37015585
2009-08-18 00:00:00+05:30,31.3,34.25,30.95,33.75,55449566
2009-08-19 00:00:00+05:30,33.8,34.45,31.8,32.35,43826520
2009-08-20 00:00:00+05:30,33.0,33.75,32.55,32.85,17969200
2009-08-21 00:00:00+05:30,32.7,33.45,32.3,32.85,14965205
2009-08-24 00:00:00+05:30,33.4,33.6,32.5,33.05,12300110
2009-08-25 00:00:00+05:30,32.7,35.1,32.6,34.5,32960651
2009-08-26 00:00:00+05:30,35.15,36.1,34.8,35.5,30199923
2009-08-27 00:00:00+05:30,35.45,36.2,34.8,35.2,20637100
2009-08-28 00:00:00+05:30,35.25,35.45,33.35,34.5,16732103
2009-08-31 00:00:00+05:30,34.15,35.5,33.35,35.1,16086948
2009-09-01 00:00:00+05:30,35.25,35.5,32.95,33.35,17046225
2009-09-02 00:00:00+05:30,32.8,33.55,32.5,32.9,12590036
2009-09-03 00:00:00+05:30,33.2,33.85,33.0,33.25,9823092
2009-09-04 00:00:00+05:30,33.55,33.85,32.7,33.55,9170060
2009-09-07 00:00:00+05:30,33.85,34.85,33.55,34.45,10879620
2009-09-08 00:00:00+05:30,34.75,34.9,33.0,33.3,10246433
2009-09-09 00:00:00+05:30,33.25,33.95,32.95,33.2,6285099
2009-09-10 00:00:00+05:30,33.7,34.05,32.4,32.65,6136690
2009-09-11 00:00:00+05:30,32.8,33.0,31.8,32.35,5200495
2009-09-14 00:00:00+05:30,32.1,33.05,31.6,32.25,5587889
2009-09-15 00:00:00+05:30,32.55,33.2,32.4,32.7,6100913
2009-09-16 00:00:00+05:30,33.0,33.2,32.3,32.6,5389445
2009-09-17 00:00:00+05:30,32.9,35.4,32.65,34.95,31205171
2009-09-18 00:00:00+05:30,35.1,36.0,34.55,35.4,26815070
2009-09-22 00:00:00+05:30,35.7,37.0,35.35,36.7,21837159
2009-09-23 00:00:00+05:30,37.0,37.0,35.05,35.3,18291435
2009-09-24 00:00:00+05:30,34.65,35.6,34.35,35.35,10467291
2009-09-25 00:00:00+05:30,35.25,35.7,34.6,35.2,8785114
2009-09-29 00:00:00+05:30,35.6,35.8,35.15,35.5,6527984
2009-09-30 00:00:00+05:30,35.8,37.0,35.4,36.45,16034496
2009-10-01 00:00:00+05:30,36.45,36.6,35.7,35.95,9563254
2009-10-05 00:00:00+05:30,35.6,35.65,33.8,34.1,6840181
2009-10-06 00:00:00+05:30,34.45,34.7,32.35,33.55,7402600
2009-10-07 00:00:00+05:30,34.45,34.45,33.05,33.25,5006003
2009-10-08 00:00:00+05:30,33.75,33.75,32.9,33.2,3685091
2009-10-09 00:00:00+05:30,33.65,34.1,32.8,32.95,3677485
2009-10-12 00:00:00+05:30,33.2,33.65,32.85,33.3,3523763
2009-10-14 00:00:00+05:30,33.45,33.95,33.2,33.3,2909915
2009-10-15 00:00:00+05:30,33.5,35.25,33.0,34.9,10722629
2009-10-16 00:00:00+05:30,35.5,35.5,34.3,34.5,3685707
2009-10-20 00:00:00+05:30,34.3,34.7,33.35,33.95,3969200
2009-10-21 00:00:00+05:30,34.15,35.9,33.75,35.05,13223079
2009-10-22 00:00:00+05:30,35.15,35.7,33.95,34.25,10265944
2009-10-23 00:00:00+05:30,34.75,34.9,34.0,34.15,3770190
2009-10-26 00:00:00+05:30,34.45,34.45,32.6,32.9,3310617
2009-10-27 00:00:00+05:30,32.5,32.7,30.3,30.45,5679602
2009-10-28 00:00:00+05:30,29.9,30.55,27.95,29.9,9023516
2009-10-29 00:00:00+05:30,28.95,31.85,28.55,30.8,10779478
2009-10-30 00:00:00+05:30,31.3,34.45,31.3,33.95,24545494
2009-11-03 00:00:00+05:30,33.75,33.9,30.9,31.3,6380878
2009-11-04 00:00:00+05:30,31.7,33.15,31.5,32.9,7834009
2009-11-05 00:00:00+05:30,32.6,35.5,32.2,35.0,8832015
2009-11-06 00:00:00+05:30,35.5,35.7,34.3,34.65,7984684
2009-11-09 00:00:00+05:30,34.9,36.65,34.05,35.75,13300487
2009-11-10 00:00:00+05:30,36.05,36.15,33.9,34.75,10979334
2009-11-11 00:00:00+05:30,35.85,36.0,35.15,35.55,7766766
2009-11-12 00:00:00+05:30,35.6,37.9,35.25,37.45,24840663
2009-11-13 00:00:00+05:30,37.9,38.9,37.25,37.8,22736816
2009-11-16 00:00:00+05:30,38.3,38.45,37.2,37.65,7718792
2009-11-17 00:00:00+05:30,37.4,39.1,37.4,38.6,17149417
2009-11-18 00:00:00+05:30,38.4,38.8,37.8,38.1,7409508
2009-11-19 00:00:00+05:30,37.9,38.35,35.85,36.5,5903562
2009-11-20 00:00:00+05:30,36.5,37.5,35.4,37.25,6645704
2009-11-23 00:00:00+05:30,37.4,37.4,36.1,36.25,4390988
2009-11-24 00:00:00+05:30,36.4,36.5,35.5,36.15,4036767
2009-11-25 00:00:00+05:30,36.15,36.75,35.6,35.8,4350315
2009-11-26 00:00:00+05:30,35.8,35.8,34.45,34.85,5252931
2009-11-27 00:00:00+05:30,34.25,34.4,32.3,34.0,5986434
2009-11-30 00:00:00+05:30,34.35,35.5,34.25,34.85,3964944
2009-12-01 00:00:00+05:30,35.0,36.15,34.65,35.9,3731751
2009-12-02 00:00:00+05:30,36.2,37.3,35.7,36.6,7793715
2009-12-03 00:00:00+05:30,36.9,37.3,36.2,36.5,5323691
2009-12-04 00:00:00+05:30,36.15,36.95,35.75,36.0,2653818
2009-12-07 00:00:00+05:30,36.0,36.4,35.0,35.3,2564529
2009-12-08 00:00:00+05:30,35.6,37.15,35.5,35.8,6550105
2009-12-09 00:00:00+05:30,35.7,36.3,35.3,35.45,3705132
2009-12-10 00:00:00+05:30,35.65,36.15,35.5,35.9,3730488
2009-12-11 00:00:00+05:30,36.2,36.4,34.75,35.0,3772209
2009-12-14 00:00:00+05:30,35.0,35.4,34.55,34.65,2483006
2009-12-15 00:00:00+05:30,34.85,35.05,33.65,33.85,2503860
2009-12-16 00:00:00+05:30,33.65,34.9,33.55,34.05,5443954
2009-12-17 00:00:00+05:30,34.15,34.8,33.75,33.95,3162155
2009-12-18 00:00:00+05:30,33.5,34.25,33.35,33.45,2378560
2009-12-21 00:00:00+05:30,33.65,33.95,33.0,33.15,1637209
2009-12-22 00:00:00+05:30,33.5,33.6,32.5,32.7,4074857
2009-12-23 00:00:00+05:30,33.05,33.9,32.9,33.4,7345201
2009-12-24 00:00:00+05:30,34.35,34.5,33.25,33.55,12508170
2009-12-29 00:00:00+05:30,33.75,34.15,33.6,33.7,4290891
2009-12-30 00:00:00+05:30,33.95,33.95,33.5,33.6,2195834
2009-12-31 00:00:00+05:30,33.85,34.05,33.25,33.35,4827457
2010-01-04 00:00:00+05:30,33.45,34.65,33.45,34.35,4840504
2010-01-05 00:00:00+05:30,34.85,35.45,34.15,35.0,7135982
2010-01-06 00:00:00+05:30,35.4,35.75,34.85,35.35,7312888
2010-01-07 00:00:00+05:30,35.4,35.5,34.5,34.7,2716173
2010-01-08 00:00:00+05:30,35.05,35.3,34.4,34.55,2437801
2010-01-11 00:00:00+05:30,35.15,35.35,34.75,35.1,2682837
2010-01-12 00:00:00+05:30,35.3,36.1,34.55,34.8,6419690
2010-01-13 00:00:00+05:30,34.75,36.8,34.4,36.65,13603223
2010-01-14 00:00:00+05:30,37.05,37.15,36.0,36.3,8268180
2010-01-15 00:00:00+05:30,36.45,36.95,35.9,36.05,4626139
2010-01-18 00:00:00+05:30,36.0,36.4,35.7,36.05,3424454
2010-01-19 00:00:00+05:30,36.2,36.95,35.5,35.85,5817509
2010-01-20 00:00:00+05:30,35.95,36.65,34.95,35.15,3232793
2010-01-21 00:00:00+05:30,35.0,35.4,33.0,33.35,4138122
2010-01-22 00:00:00+05:30,32.95,33.2,32.0,32.95,3710547
2010-01-25 00:00:00+05:30,33.1,33.4,32.3,32.5,1675334
2010-01-27 00:00:00+05:30,32.3,33.2,30.35,30.85,4634999
2010-01-28 00:00:00+05:30,31.0,31.75,29.65,29.85,10437700
2010-01-29 00:00:00+05:30,29.25,30.95,28.9,30.7,5341622
2010-02-01 00:00:00+05:30,30.5,31.6,30.15,31.2,4074913
2010-02-02 00:00:00+05:30,31.9,31.95,30.4,30.6,4134330
2010-02-03 00:00:00+05:30,31.05,31.75,30.75,31.45,3131166
2010-02-04 00:00:00+05:30,31.45,31.5,29.95,30.4,2623219
2010-02-05 00:00:00+05:30,29.65,30.35,29.3,29.75,2694507
2010-02-08 00:00:00+05:30,30.95,30.95,29.75,30.45,2688120
2010-02-09 00:00:00+05:30,30.45,30.65,30.05,30.35,1702844
2010-02-10 00:00:00+05:30,30.7,30.8,29.8,29.9,2004825
2010-02-11 00:00:00+05:30,30.05,31.3,30.05,30.7,4013868
2010-02-15 00:00:00+05:30,29.8,31.45,29.8,30.2,3409957
2010-02-16 00:00:00+05:30,30.35,30.7,29.9,30.5,2401801
2010-02-17 00:00:00+05:30,30.8,30.9,30.0,30.25,2846985
2010-02-18 00:00:00+05:30,29.55,30.45,29.45,29.6,2981706
2010-02-19 00:00:00+05:30,29.35,29.4,28.5,28.8,3115604
2010-02-22 00:00:00+05:30,29.05,29.35,28.2,28.35,2485749
2010-02-23 00:00:00+05:30,28.1,28.45,27.05,27.35,2392863
2010-02-24 00:00:00+05:30,27.3,27.65,26.4,26.65,3773314
2010-02-25 00:00:00+05:30,26.9,27.3,25.85,26.05,12942733
2010-02-26 00:00:00+05:30,26.25,27.35,26.1,26.95,4828338
2010-03-02 00:00:00+05:30,27.1,27.9,27.1,27.6,2635928
2010-03-03 00:00:00+05:30,27.8,28.0,27.5,27.7,4990342
2010-03-04 00:00:00+05:30,27.6,27.9,27.25,27.5,5015705
2010-03-05 00:00:00+05:30,27.8,30.05,27.75,29.75,12856596
2010-03-08 00:00:00+05:30,30.05,30.25,29.15,29.55,4495248
2010-03-09 00:00:00+05:30,29.6,30.1,29.05,29.3,3457483
2010-03-10 00:00:00+05:30,29.35,29.55,28.45,28.65,3322476
2010-03-11 00:00:00+05:30,28.65,29.25,28.45,28.65,2261766
2010-03-12 00:00:00+05:30,28.75,28.95,28.15,28.35,2081772
2010-03-15 00:00:00+05:30,28.3,28.35,27.05,27.65,3142330
2010-03-16 00:00:00+05:30,27.9,28.6,27.65,28.5,2945533
2010-03-17 00:00:00+05:30,28.6,28.95,28.15,28.3,3446945
2010-03-18 00:00:00+05:30,28.4,28.7,28.15,28.35,1838147
2010-03-19 00:00:00+05:30,28.4,29.0,28.35,28.65,2175381
2010-03-22 00:00:00+05:30,28.15,28.65,28.0,28.15,1522737
2010-03-23 00:00:00+05:30,28.4,28.95,28.4,28.65,3860266
2010-03-25 00:00:00+05:30,28.7,28.95,28.05,28.25,6387993
2010-03-26 00:00:00+05:30,28.7,28.75,28.2,28.4,2435730
2010-03-29 00:00:00+05:30,28.5,28.65,28.1,28.2,1837703
2010-03-30 00:00:00+05:30,28.3,28.65,28.3,28.4,1719426
2010-03-31 00:00:00+05:30,28.4,28.55,28.05,28.1,994367
2010-04-01 00:00:00+05:30,27.9,28.95,27.85,28.8,2125132
2010-04-05 00:00:00+05:30,29.1,30.0,28.8,29.8,5927079
2010-04-06 00:00:00+05:30,29.85,30.0,29.35,29.45,1869522
2010-04-07 00:00:00+05:30,29.85,30.5,28.65,29.8,5275630
2010-04-08 00:00:00+05:30,29.8,30.85,29.5,30.0,5445420
2010-04-09 00:00:00+05:30,30.35,30.65,29.9,30.15,3269429
2010-04-12 00:00:00+05:30,30.55,30.55,29.75,30.0,1850918
2010-04-13 00:00:00+05:30,30.15,30.95,29.9,30.65,4516963
2010-04-15 00:00:00+05:30,31.3,32.6,31.1,31.55,16380673
2010-04-16 00:00:00+05:30,31.8,32.15,30.95,31.2,8635885
2010-04-19 00:00:00+05:30,30.8,30.8,29.7,30.0,4810810
2010-04-20 00:00:00+05:30,30.1,30.85,30.1,30.65,2786133
2010-04-21 00:00:00+05:30,31.1,31.15,30.45,30.6,1851550
2010-04-22 00:00:00+05:30,30.15,30.75,29.9,30.25,1990378
2010-04-23 00:00:00+05:30,30.3,30.55,30.0,30.15,2269907
2010-04-26 00:00:00+05:30,30.65,30.7,30.05,30.15,1406125
2010-04-27 00:00:00+05:30,30.25,30.25,29.95,30.1,1782802
2010-04-28 00:00:00+05:30,29.85,29.85,28.85,29.1,1849112
2010-04-29 00:00:00+05:30,29.1,29.75,28.7,29.15,1557492
2010-04-30 00:00:00+05:30,29.65,30.55,29.55,30.25,3610867
2010-05-03 00:00:00+05:30,29.85,30.35,29.75,29.95,1359468
2010-05-04 00:00:00+05:30,30.25,30.95,29.7,29.8,3740978
2010-05-05 00:00:00+05:30,28.4,30.15,28.4,29.85,2239428
2010-05-06 00:00:00+05:30,29.8,29.9,29.05,29.2,1586070
2010-05-07 00:00:00+05:30,28.7,28.85,27.95,28.35,2223833
2010-05-10 00:00:00+05:30,28.8,29.3,28.5,29.15,1250398
2010-05-11 00:00:00+05:30,28.85,29.45,28.55,28.7,1283701
2010-05-12 00:00:00+05:30,28.85,29.25,28.25,28.75,1674108
2010-05-13 00:00:00+05:30,28.85,29.1,28.65,28.7,1188768
2010-05-14 00:00:00+05:30,28.75,29.3,28.2,28.35,1162247
2010-05-17 00:00:00+05:30,27.6,28.1,27.6,27.8,2072867
2010-05-18 00:00:00+05:30,27.8,28.1,27.65,27.9,1170532
2010-05-19 00:00:00+05:30,27.7,27.8,26.25,26.45,1321477
2010-05-20 00:00:00+05:30,26.6,26.85,25.95,26.2,1220779
2010-05-21 00:00:00+05:30,25.25,25.95,25.25,25.75,1368713
2010-05-24 00:00:00+05:30,26.35,26.4,25.65,25.75,1532880
2010-05-25 00:00:00+05:30,25.6,25.65,23.6,24.1,2148725
2010-05-26 00:00:00+05:30,24.65,24.95,24.4,24.8,1123369
2010-05-27 00:00:00+05:30,24.85,25.3,24.4,25.1,1014507
2010-05-28 00:00:00+05:30,25.55,25.6,25.15,25.4,1074169
2010-05-31 00:00:00+05:30,25.75,26.15,25.2,25.85,1091937
2010-06-01 00:00:00+05:30,25.8,26.15,25.05,25.15,1218650
2010-06-02 00:00:00+05:30,25.35,25.65,25.15,25.5,629739
2010-06-03 00:00:00+05:30,25.75,26.1,25.6,25.75,1391966
2010-06-04 00:00:00+05:30,25.7,26.1,25.55,25.75,1240119
2010-06-07 00:00:00+05:30,24.65,25.3,24.55,24.95,769185
2010-06-08 00:00:00+05:30,25.0,25.3,23.6,24.0,1124002
2010-06-09 00:00:00+05:30,24.05,24.5,23.75,24.1,892121
2010-06-10 00:00:00+05:30,24.4,24.7,23.9,24.6,860738
2010-06-11 00:00:00+05:30,24.6,25.2,24.5,24.65,985910
2010-06-14 00:00:00+05:30,24.75,26.1,24.75,25.85,2503010
2010-06-15 00:00:00+05:30,26.05,26.4,25.45,26.1,2386744
2010-06-16 00:00:00+05:30,26.25,26.4,25.95,26.05,1282945
2010-06-17 00:00:00+05:30,26.15,26.25,25.75,26.0,1039580
2010-06-18 00:00:00+05:30,26.0,26.35,25.65,25.8,1304551
2010-06-21 00:00:00+05:30,25.95,26.3,25.9,26.1,1038641
2010-06-22 00:00:00+05:30,26.05,26.2,25.65,25.7,757519
2010-06-23 00:00:00+05:30,25.45,27.25,25.45,27.0,3400308
2010-06-24 00:00:00+05:30,27.4,27.7,26.5,26.65,5507272
2010-06-25 00:00:00+05:30,26.45,27.5,26.45,26.9,2171571
2010-06-28 00:00:00+05:30,27.3,28.15,26.95,27.8,1954907
2010-06-29 00:00:00+05:30,28.15,28.4,27.55,27.7,3808181
2010-06-30 00:00:00+05:30,27.3,28.0,27.3,27.75,1495263
2010-07-01 00:00:00+05:30,27.4,27.7,27.25,27.45,1076964
2010-07-02 00:00:00+05:30,27.55,28.1,27.2,27.4,1263175
2010-07-05 00:00:00+05:30,27.4,27.7,27.25,27.45,598860
2010-07-06 00:00:00+05:30,27.5,28.2,27.4,27.95,1439099
2010-07-07 00:00:00+05:30,28.3,28.4,27.35,27.5,1181850
2010-07-08 00:00:00+05:30,27.8,28.3,27.55,27.65,1097854
2010-07-09 00:00:00+05:30,27.55,28.1,27.4,27.75,1358942
2010-07-12 00:00:00+05:30,27.95,28.45,27.9,28.3,1911462
2010-07-13 00:00:00+05:30,28.15,28.3,27.75,27.9,1044926
2010-07-14 00:00:00+05:30,28.3,28.7,27.7,27.95,4925141
2010-07-15 00:00:00+05:30,28.1,28.35,27.8,28.0,1415088
2010-07-16 00:00:00+05:30,28.1,28.2,27.6,27.7,1605265
2010-07-19 00:00:00+05:30,27.7,27.85,27.0,27.1,3445297
2010-07-20 00:00:00+05:30,27.3,27.55,26.7,26.8,1458407
2010-07-21 00:00:00+05:30,27.0,27.3,26.8,26.85,840370
2010-07-22 00:00:00+05:30,26.9,27.25,26.65,27.15,799819
2010-07-23 00:00:00+05:30,27.3,27.4,26.4,26.45,3071161
2010-07-26 00:00:00+05:30,26.65,26.65,25.35,25.5,1305313
2010-07-27 00:00:00+05:30,25.8,25.95,25.5,25.55,1613808
2010-07-28 00:00:00+05:30,25.45,25.95,25.1,25.2,2163399
2010-07-29 00:00:00+05:30,24.95,25.45,24.4,24.55,5914886
2010-07-30 00:00:00+05:30,24.55,25.15,24.45,24.55,2386197
2010-08-02 00:00:00+05:30,24.95,25.0,24.7,24.9,999042
2010-08-03 00:00:00+05:30,24.9,25.1,24.8,24.85,649710
2010-08-04 00:00:00+05:30,25.1,26.65,24.8,26.5,8545488
2010-08-05 00:00:00+05:30,26.8,26.8,26.1,26.15,6713853
2010-08-06 00:00:00+05:30,26.35,26.5,25.85,25.9,1313745
2010-08-09 00:00:00+05:30,25.8,26.3,25.7,26.0,1010757
2010-08-10 00:00:00+05:30,25.75,26.15,25.25,25.45,1171245
2010-08-11 00:00:00+05:30,25.7,25.95,25.4,25.5,1173458
2010-08-12 00:00:00+05:30,25.05,25.45,24.85,25.15,1473168
2010-08-13 00:00:00+05:30,25.35,25.8,25.1,25.4,1973907
2010-08-16 00:00:00+05:30,25.65,25.65,24.85,24.9,1000506
2010-08-17 00:00:00+05:30,24.95,25.35,24.8,25.05,1967117
2010-08-18 00:00:00+05:30,25.25,25.55,24.95,25.35,941592
2010-08-19 00:00:00+05:30,25.45,26.2,25.35,25.85,1807331
2010-08-20 00:00:00+05:30,25.85,26.5,25.75,25.85,2337802
2010-08-23 00:00:00+05:30,25.95,26.55,25.75,26.35,1802464
2010-08-24 00:00:00+05:30,26.4,26.4,25.7,25.85,979796
2010-08-25 00:00:00+05:30,25.95,25.95,25.2,25.4,1029346
2010-08-26 00:00:00+05:30,25.5,25.7,24.75,24.8,2467526
2010-08-27 00:00:00+05:30,25.0,25.45,24.75,24.8,794291
2010-08-30 00:00:00+05:30,25.35,25.45,24.65,24.75,670897
2010-08-31 00:00:00+05:30,24.65,24.8,24.25,24.35,985454
2010-09-01 00:00:00+05:30,24.85,24.95,24.45,24.8,805599
2010-09-02 00:00:00+05:30,24.8,25.55,24.45,25.35,1318550
2010-09-03 00:00:00+05:30,25.95,26.2,25.5,25.8,2081154
2010-09-06 00:00:00+05:30,25.85,26.75,25.85,26.3,3233935
2010-09-07 00:00:00+05:30,26.5,26.5,25.95,26.1,1569279
2010-09-08 00:00:00+05:30,26.1,26.55,25.85,26.1,1904308
2010-09-09 00:00:00+05:30,26.75,26.75,26.25,26.3,1419498
2010-09-13 00:00:00+05:30,26.4,26.5,26.05,26.1,1464809
2010-09-14 00:00:00+05:30,26.35,26.35,25.6,25.75,1688610
2010-09-15 00:00:00+05:30,25.75,26.5,25.75,26.2,1626949
2010-09-16 00:00:00+05:30,26.25,26.25,25.35,25.45,1568052
2010-09-17 00:00:00+05:30,25.75,26.0,25.55,25.75,1757972
2010-09-20 00:00:00+05:30,25.8,27.75,25.75,27.55,6516685
2010-09-21 00:00:00+05:30,27.9,27.9,26.2,26.75,2834400
2010-09-22 00:00:00+05:30,26.7,28.35,26.35,28.0,6225978
2010-09-23 00:00:00+05:30,28.55,28.75,27.15,27.4,4235182
2010-09-24 00:00:00+05:30,27.5,27.9,26.9,27.3,2130157
2010-09-27 00:00:00+05:30,27.75,27.85,27.05,27.2,1487079
2010-09-28 00:00:00+05:30,27.1,27.5,26.85,27.05,1210505
2010-09-29 00:00:00+05:30,27.2,27.2,26.5,26.65,1280554
2010-09-30 00:00:00+05:30,26.8,26.9,26.2,26.35,1894061
2010-10-01 00:00:00+05:30,27.2,28.5,26.35,28.2,10123646
2010-10-04 00:00:00+05:30,28.7,29.0,27.75,28.2,3538774
2010-10-05 00:00:00+05:30,28.3,28.9,28.2,28.5,2957439
2010-10-06 00:00:00+05:30,28.85,29.0,28.05,28.5,2501160
2010-10-07 00:00:00+05:30,28.6,29.6,28.2,28.5,5992838
2010-10-08 00:00:00+05:30,28.6,28.75,27.8,28.2,2258445
2010-10-11 00:00:00+05:30,28.65,29.25,28.25,29.05,2504741
2010-10-12 00:00:00+05:30,29.1,29.85,28.85,29.25,5324859
2010-10-13 00:00:00+05:30,29.4,29.7,29.1,29.25,1892313
2010-10-14 00:00:00+05:30,29.35,29.5,28.6,28.75,1622337
2010-10-15 00:00:00+05:30,29.0,29.15,27.5,27.85,1136096
2010-10-18 00:00:00+05:30,27.9,27.95,27.1,27.75,1238296
2010-10-19 00:00:00+05:30,28.3,28.3,26.5,27.15,1069882
2010-10-20 00:00:00+05:30,27.0,27.4,26.7,26.85,942222
2010-10-21 00:00:00+05:30,27.0,27.5,26.65,27.2,1142615
2010-10-22 00:00:00+05:30,27.4,27.65,26.95,27.1,804830
2010-10-25 00:00:00+05:30,27.3,27.5,26.9,27.15,1073772
2010-10-26 00:00:00+05:30,27.15,28.65,27.1,28.25,2658747
2010-10-27 00:00:00+05:30,28.4,29.1,28.0,28.35,2774633
2010-10-28 00:00:00+05:30,28.4,28.4,26.9,27.05,3838723
2010-10-29 00:00:00+05:30,27.2,27.5,26.25,26.6,1708529
2010-11-01 00:00:00+05:30,26.9,27.4,26.75,26.85,1170775
2010-11-02 00:00:00+05:30,27.35,27.9,26.8,27.35,1841771
2010-11-03 00:00:00+05:30,27.2,27.7,26.9,27.2,1351510
2010-11-04 00:00:00+05:30,27.35,27.55,27.15,27.3,930981
2010-11-05 00:00:00+05:30,27.4,27.6,27.15,27.25,227725
2010-11-08 00:00:00+05:30,27.4,28.25,27.3,27.45,4741004
2010-11-09 00:00:00+05:30,27.7,28.1,27.15,27.4,4003926
2010-11-10 00:00:00+05:30,27.65,28.0,27.05,27.2,3046732
2010-11-11 00:00:00+05:30,27.4,27.45,26.4,26.5,2608998
2010-11-12 00:00:00+05:30,26.6,26.6,25.45,25.65,2015819
2010-11-15 00:00:00+05:30,25.75,25.95,24.45,24.9,2775074
2010-11-16 00:00:00+05:30,25.2,25.2,23.75,23.85,3123816
2010-11-18 00:00:00+05:30,23.9,24.25,22.8,23.55,3357320
2010-11-19 00:00:00+05:30,23.0,23.65,22.55,22.7,1923743
2010-11-22 00:00:00+05:30,23.5,23.5,22.25,22.65,2172612
2010-11-23 00:00:00+05:30,22.7,22.7,21.55,22.05,1783462
2010-11-24 00:00:00+05:30,22.1,22.85,21.8,22.05,3423235
2010-11-25 00:00:00+05:30,22.45,22.65,21.75,22.2,2262453
2010-11-26 00:00:00+05:30,22.3,22.65,18.8,20.4,2812559
2010-11-29 00:00:00+05:30,20.9,20.9,19.25,20.05,1755611
2010-11-30 00:00:00+05:30,20.45,21.05,19.75,20.8,1693448
2010-12-01 00:00:00+05:30,21.05,22.2,20.9,22.0,1830053
2010-12-02 00:00:00+05:30,22.6,22.95,22.3,22.45,2006722
2010-12-03 00:00:00+05:30,22.5,22.65,21.25,21.45,2037244
2010-12-06 00:00:00+05:30,21.8,22.0,21.3,21.4,999734
2010-12-07 00:00:00+05:30,21.4,22.15,21.15,21.75,1935584
2010-12-08 00:00:00+05:30,21.75,21.75,20.85,21.05,1508604
2010-12-09 00:00:00+05:30,21.25,21.3,19.15,19.45,1844694
2010-12-10 00:00:00+05:30,19.35,20.45,19.25,20.0,1168371
2010-12-13 00:00:00+05:30,19.95,20.8,19.95,20.6,1524652
2010-12-14 00:00:00+05:30,20.75,21.45,20.5,21.15,1470556
2010-12-15 00:00:00+05:30,20.65,21.55,20.65,20.95,2035434
2010-12-16 00:00:00+05:30,21.05,21.45,20.65,21.0,2709085
2010-12-20 00:00:00+05:30,21.0,21.8,20.75,21.65,4396805
2010-12-21 00:00:00+05:30,21.95,23.05,21.9,22.95,7469717
2010-12-22 00:00:00+05:30,23.1,23.3,22.4,22.85,4996436
2010-12-23 00:00:00+05:30,23.5,24.05,23.3,23.8,6377937
2010-12-24 00:00:00+05:30,23.85,24.0,23.4,23.8,2298498
2010-12-27 00:00:00+05:30,24.0,24.3,23.25,23.35,1674490
2010-12-28 00:00:00+05:30,23.5,24.05,23.2,23.85,2291566
2010-12-29 00:00:00+05:30,23.9,24.2,23.55,23.8,2310896
2010-12-30 00:00:00+05:30,23.75,24.45,23.35,24.25,4857626
2010-12-31 00:00:00+05:30,24.5,25.15,24.15,24.25,2374001
2011-01-03 00:00:00+05:30,24.45,25.4,24.3,24.85,5884833
2011-01-04 00:00:00+05:30,24.6,25.1,24.25,24.35,4566633
2011-01-05 00:00:00+05:30,24.55,24.8,23.85,24.05,3694926
2011-01-06 00:00:00+05:30,24.05,24.2,23.55,23.6,1470943
2011-01-07 00:00:00+05:30,23.85,23.85,22.2,22.35,2429471
2011-01-10 00:00:00+05:30,22.35,22.85,21.3,21.5,2312857
2011-01-11 00:00:00+05:30,21.75,21.8,20.85,21.15,1981368
2011-01-12 00:00:00+05:30,21.75,22.4,21.25,22.1,2986248
2011-01-13 00:00:00+05:30,22.3,22.35,21.55,21.65,1454761
2011-01-14 00:00:00+05:30,21.55,22.15,21.3,21.5,1464085
2011-01-17 00:00:00+05:30,21.55,21.6,20.75,20.85,1000045
2011-01-18 00:00:00+05:30,21.15,21.4,20.85,21.05,853802
2011-01-19 00:00:00+05:30,20.8,21.65,20.7,21.2,1355517
2011-01-20 00:00:00+05:30,21.05,21.2,20.85,21.1,959642
2011-01-21 00:00:00+05:30,21.55,21.8,21.25,21.45,1549638
2011-01-24 00:00:00+05:30,21.55,21.75,21.35,21.55,725049
2011-01-25 00:00:00+05:30,21.75,21.75,21.3,21.4,601591
2011-01-27 00:00:00+05:30,21.75,21.75,19.55,20.0,9268284
2011-01-28 00:00:00+05:30,19.85,20.25,19.1,19.5,2388333
2011-01-31 00:00:00+05:30,18.6,19.4,18.6,19.3,1838604
2011-02-01 00:00:00+05:30,19.45,19.85,18.65,18.75,1908981
2011-02-02 00:00:00+05:30,18.7,19.25,18.6,18.75,1024526
2011-02-03 00:00:00+05:30,19.0,19.35,18.6,19.3,1446824
2011-02-04 00:00:00+05:30,19.4,19.7,18.75,18.85,1380491
2011-02-07 00:00:00+05:30,19.1,19.1,18.7,18.9,613904
2011-02-08 00:00:00+05:30,19.0,19.1,17.2,17.3,2039986
2011-02-09 00:00:00+05:30,17.4,17.4,15.05,15.55,2584334
2011-02-10 00:00:00+05:30,15.75,16.55,15.3,16.15,4092190
2011-02-11 00:00:00+05:30,16.15,17.1,15.75,17.0,2385128
2011-02-14 00:00:00+05:30,17.4,17.95,17.15,17.85,1369391
2011-02-15 00:00:00+05:30,18.0,18.05,17.25,17.75,1291574
2011-02-16 00:00:00+05:30,17.9,18.0,17.65,17.95,667374
2011-02-17 00:00:00+05:30,17.7,18.55,17.6,18.35,1087253
2011-02-18 00:00:00+05:30,18.75,19.1,17.45,17.55,1901193
2011-02-21 00:00:00+05:30,17.6,18.1,17.3,17.85,1224051
2011-02-22 00:00:00+05:30,17.9,17.9,17.2,17.35,1287381
2011-02-23 00:00:00+05:30,17.35,17.55,17.0,17.2,918542
2011-02-24 00:00:00+05:30,17.5,17.5,15.45,15.65,6045547
2011-02-25 00:00:00+05:30,15.8,16.15,15.35,15.85,1588025
2011-02-28 00:00:00+05:30,16.05,16.4,15.7,15.85,1261166
2011-03-01 00:00:00+05:30,16.15,16.9,16.05,16.85,1161492
2011-03-03 00:00:00+05:30,16.75,16.95,16.25,16.75,882525
2011-03-04 00:00:00+05:30,16.75,17.5,16.55,16.8,1084165
2011-03-07 00:00:00+05:30,16.7,16.75,16.0,16.3,814773
2011-03-08 00:00:00+05:30,16.45,16.75,16.3,16.65,920438
2011-03-09 00:00:00+05:30,16.65,16.95,16.5,16.75,671646
2011-03-10 00:00:00+05:30,16.7,16.7,16.5,16.6,661799
2011-03-11 00:00:00+05:30,16.4,16.65,16.1,16.3,695576
2011-03-14 00:00:00+05:30,16.5,16.65,16.2,16.6,606928
2011-03-15 00:00:00+05:30,16.35,16.35,15.75,16.1,745017
2011-03-16 00:00:00+05:30,16.1,16.6,16.1,16.4,848776
2011-03-17 00:00:00+05:30,15.8,16.35,15.65,16.1,630631
2011-03-18 00:00:00+05:30,16.2,16.3,15.75,15.8,768327
2011-03-21 00:00:00+05:30,15.9,16.05,15.65,15.7,560335
2011-03-22 00:00:00+05:30,16.0,16.3,15.75,16.1,1212290
2011-03-23 00:00:00+05:30,16.15,16.3,15.9,16.15,651880
2011-03-24 00:00:00+05:30,16.5,17.0,16.4,16.8,2276867
2011-03-25 00:00:00+05:30,17.2,17.2,16.8,17.05,1208973
2011-03-28 00:00:00+05:30,17.1,18.3,16.95,17.75,4578219
2011-03-29 00:00:00+05:30,18.3,18.4,17.8,17.9,3428136
2011-03-30 00:00:00+05:30,18.0,18.1,17.7,17.8,1150479
2011-03-31 00:00:00+05:30,17.5,18.15,17.25,17.55,1871024
2011-04-01 00:00:00+05:30,17.4,18.45,17.4,18.25,1310086
2011-04-04 00:00:00+05:30,18.45,19.35,18.25,18.95,3163187
2011-04-05 00:00:00+05:30,19.0,19.2,18.5,19.15,1658834
2011-04-06 00:00:00+05:30,18.9,19.9,18.7,19.55,2627619
2011-04-07 00:00:00+05:30,19.35,19.9,19.35,19.45,2111827
2011-04-08 00:00:00+05:30,19.55,19.85,18.9,19.0,1567377
2011-04-11 00:00:00+05:30,18.8,19.1,18.55,18.8,1053249
2011-04-13 00:00:00+05:30,18.6,19.6,18.5,19.45,2579078
2011-04-15 00:00:00+05:30,19.7,20.05,18.85,19.0,1516760
2011-04-18 00:00:00+05:30,19.25,19.4,18.35,18.4,1221840
2011-04-19 00:00:00+05:30,18.35,18.6,18.05,18.35,773771
2011-04-20 00:00:00+05:30,18.75,18.95,18.5,18.9,822122
2011-04-21 00:00:00+05:30,19.1,19.1,18.7,18.75,620288
2011-04-25 00:00:00+05:30,18.8,19.25,18.75,19.15,1049467
2011-04-26 00:00:00+05:30,19.55,19.55,19.0,19.15,1656603
2011-04-27 00:00:00+05:30,19.35,19.45,18.85,18.95,1501557
2011-04-28 00:00:00+05:30,21.55,21.55,19.1,19.35,3627118
2011-04-29 00:00:00+05:30,19.45,19.65,18.85,18.95,1254003
2011-05-02 00:00:00+05:30,19.05,19.1,18.55,18.6,609234
2011-05-03 00:00:00+05:30,18.65,18.7,17.75,17.85,709089
2011-05-04 00:00:00+05:30,18.1,18.25,17.55,17.7,929279
2011-05-05 00:00:00+05:30,17.65,17.85,17.2,17.3,594190
2011-05-06 00:00:00+05:30,17.3,17.8,17.3,17.7,697535
2011-05-09 00:00:00+05:30,17.6,18.0,17.55,17.8,436703
2011-05-10 00:00:00+05:30,17.8,18.05,17.6,17.75,630172
2011-05-11 00:00:00+05:30,17.6,18.65,17.5,18.4,1705175
2011-05-12 00:00:00+05:30,18.0,18.65,17.75,17.8,922431
2011-05-13 00:00:00+05:30,17.7,18.3,17.7,18.0,513869
2011-05-16 00:00:00+05:30,17.7,18.05,17.6,17.85,453801
2011-05-17 00:00:00+05:30,17.8,17.95,17.3,17.45,491662
2011-05-18 00:00:00+05:30,17.6,17.6,17.1,17.2,654381
2011-05-19 00:00:00+05:30,17.2,17.4,17.2,17.2,332831
2011-05-20 00:00:00+05:30,17.15,17.45,16.9,17.05,1367416
2011-05-23 00:00:00+05:30,17.05,17.05,16.05,16.1,1264248
2011-05-24 00:00:00+05:30,16.2,16.35,15.9,16.15,841270
2011-05-25 00:00:00+05:30,16.05,16.4,16.05,16.15,646087
2011-05-26 00:00:00+05:30,16.35,16.35,15.3,15.55,2607040
2011-05-27 00:00:00+05:30,15.05,16.4,14.95,16.2,787329
2011-05-30 00:00:00+05:30,16.3,16.5,16.2,16.45,365693
2011-05-31 00:00:00+05:30,16.45,17.3,16.15,17.1,4268033
2011-06-01 00:00:00+05:30,17.15,19.8,16.85,19.0,11300170
2011-06-02 00:00:00+05:30,17.85,19.25,17.85,18.4,6496503
2011-06-03 00:00:00+05:30,18.3,18.9,17.8,17.95,2694962
2011-06-06 00:00:00+05:30,18.0,18.2,17.5,18.0,1413508
2011-06-07 00:00:00+05:30,17.9,18.85,17.9,18.55,2489527
2011-06-08 00:00:00+05:30,18.3,18.75,18.1,18.25,1829544
2011-06-09 00:00:00+05:30,18.35,18.55,18.1,18.25,1038932
2011-06-10 00:00:00+05:30,18.35,18.45,17.85,18.0,1186215
2011-06-13 00:00:00+05:30,18.0,18.25,17.65,18.0,1309615
2011-06-14 00:00:00+05:30,18.05,18.3,17.8,17.95,1313324
2011-06-15 00:00:00+05:30,18.05,19.55,17.9,19.25,12201084
2011-06-16 00:00:00+05:30,19.0,19.15,18.45,18.6,3664434
2011-06-17 00:00:00+05:30,18.65,18.85,17.95,18.1,1863301
2011-06-20 00:00:00+05:30,17.9,18.3,15.35,16.55,2906611
2011-06-21 00:00:00+05:30,16.65,17.1,16.3,16.4,1490298
2011-06-22 00:00:00+05:30,16.6,16.9,16.2,16.3,1359565
2011-06-23 00:00:00+05:30,16.25,16.7,16.0,16.3,1404779
2011-06-24 00:00:00+05:30,16.45,17.05,16.4,16.9,1733202
2011-06-27 00:00:00+05:30,16.85,17.35,16.75,17.15,1261062
2011-06-28 00:00:00+05:30,17.3,17.3,16.65,17.05,1642914
2011-06-29 00:00:00+05:30,17.2,17.55,16.9,17.2,2339566
2011-06-30 00:00:00+05:30,17.25,17.65,17.1,17.4,1960910
2011-07-01 00:00:00+05:30,17.6,18.55,17.4,18.4,2971976
2011-07-04 00:00:00+05:30,19.5,19.5,18.15,18.25,3611588
2011-07-05 00:00:00+05:30,18.3,19.1,18.2,18.95,6423477
2011-07-06 00:00:00+05:30,19.1,19.1,18.25,18.45,2584684
2011-07-07 00:00:00+05:30,18.55,18.7,18.35,18.55,2207291
2011-07-08 00:00:00+05:30,18.8,18.9,17.95,18.1,3894740
2011-07-11 00:00:00+05:30,18.1,18.4,17.5,17.6,1573072
2011-07-12 00:00:00+05:30,17.4,17.5,17.0,17.4,1261325
2011-07-13 00:00:00+05:30,17.5,17.85,17.3,17.65,933269
2011-07-14 00:00:00+05:30,17.7,18.0,17.5,17.65,1243891
2011-07-15 00:00:00+05:30,17.65,17.9,17.35,17.5,737351
2011-07-18 00:00:00+05:30,17.7,17.75,17.3,17.55,752907
2011-07-19 00:00:00+05:30,17.7,18.1,17.4,17.95,1559644
2011-07-20 00:00:00+05:30,18.1,18.55,18.0,18.1,2554163
2011-07-21 00:00:00+05:30,18.35,18.5,17.85,17.95,1612698
2011-07-22 00:00:00+05:30,18.1,18.2,18.0,18.1,867535
2011-07-25 00:00:00+05:30,18.2,18.5,17.95,18.4,1053413
2011-07-26 00:00:00+05:30,18.5,18.6,17.85,17.95,1447387
2011-07-27 00:00:00+05:30,18.0,18.15,17.6,17.8,843712
2011-07-28 00:00:00+05:30,17.6,17.75,17.05,17.2,4281520
2011-07-29 00:00:00+05:30,17.35,17.5,17.1,17.15,1406362
2011-08-01 00:00:00+05:30,17.3,17.45,17.05,17.25,1020069
2011-08-02 00:00:00+05:30,17.4,17.6,15.9,16.2,3842229
2011-08-03 00:00:00+05:30,15.7,16.3,15.4,16.1,2408980
2011-08-04 00:00:00+05:30,16.25,16.45,15.75,15.85,1222027
2011-08-05 00:00:00+05:30,15.25,15.55,14.45,14.9,2324380
2011-08-08 00:00:00+05:30,14.35,14.7,13.75,14.0,1929272
2011-08-09 00:00:00+05:30,13.2,13.9,12.6,13.1,2924268
2011-08-10 00:00:00+05:30,13.3,14.0,13.3,13.55,1967580
2011-08-11 00:00:00+05:30,13.55,13.85,13.45,13.5,1464413
2011-08-12 00:00:00+05:30,13.7,13.7,13.25,13.35,920289
2011-08-16 00:00:00+05:30,13.5,13.5,12.2,12.35,1238589
2011-08-17 00:00:00+05:30,12.35,12.5,10.9,11.55,4459304
2011-08-18 00:00:00+05:30,11.55,12.1,11.2,11.25,2267277
2011-08-19 00:00:00+05:30,11.25,11.7,10.65,11.4,2578324
2011-08-22 00:00:00+05:30,11.4,11.95,11.15,11.8,1376655
2011-08-23 00:00:00+05:30,11.85,12.25,11.6,12.2,1553617
2011-08-24 00:00:00+05:30,12.25,12.45,11.95,12.15,2387004
2011-08-25 00:00:00+05:30,12.2,12.25,11.25,11.6,7300639
2011-08-26 00:00:00+05:30,11.55,11.8,10.75,10.95,1988571
2011-08-29 00:00:00+05:30,10.95,11.9,10.95,11.8,2021605
2011-08-30 00:00:00+05:30,11.95,12.15,11.7,11.85,1770380
2011-09-02 00:00:00+05:30,12.0,12.05,11.35,11.55,2653793
2011-09-05 00:00:00+05:30,10.6,12.5,10.6,12.35,3220392
2011-09-06 00:00:00+05:30,12.4,12.6,11.95,12.5,2391663
2011-09-07 00:00:00+05:30,12.6,12.9,12.4,12.6,2559394
2011-09-08 00:00:00+05:30,12.6,13.0,12.45,12.65,2033839
2011-09-09 00:00:00+05:30,12.7,13.1,12.4,12.5,3130220
2011-09-12 00:00:00+05:30,12.2,12.3,11.75,11.85,2099611
2011-09-13 00:00:00+05:30,12.2,12.6,12.0,12.2,3294112
2011-09-14 00:00:00+05:30,12.55,12.75,12.3,12.6,3765142
2011-09-15 00:00:00+05:30,12.65,12.8,12.45,12.6,1801965
2011-09-16 00:00:00+05:30,12.7,12.8,12.4,12.6,1532707
2011-09-19 00:00:00+05:30,12.3,12.65,12.25,12.35,775842
2011-09-20 00:00:00+05:30,12.6,12.6,12.15,12.55,969627
2011-09-21 00:00:00+05:30,12.5,12.6,12.4,12.5,1081154
2011-09-22 00:00:00+05:30,11.6,12.35,11.5,11.65,2049737
2011-09-23 00:00:00+05:30,11.4,11.7,11.25,11.45,2338056
2011-09-26 00:00:00+05:30,10.8,11.55,10.8,11.1,2153525
2011-09-27 00:00:00+05:30,11.35,11.45,11.15,11.4,1400496
2011-09-28 00:00:00+05:30,11.45,11.65,11.15,11.25,2230487
2011-09-29 00:00:00+05:30,11.0,11.15,10.9,11.1,2125286
2011-09-30 00:00:00+05:30,10.95,11.45,10.95,11.05,2275612
2011-10-03 00:00:00+05:30,10.9,10.95,10.75,10.8,831595
2011-10-04 00:00:00+05:30,10.95,11.1,10.65,10.75,1220600
2011-10-05 00:00:00+05:30,10.8,10.9,10.3,10.4,1353147
2011-10-07 00:00:00+05:30,10.5,10.85,10.5,10.65,1138463
2011-10-10 00:00:00+05:30,10.6,10.9,10.6,10.8,856220
2011-10-11 00:00:00+05:30,10.8,11.1,10.75,10.9,1974602
2011-10-12 00:00:00+05:30,10.85,11.25,10.85,11.2,1950189
2011-10-13 00:00:00+05:30,11.5,11.5,10.9,11.0,1680913
2011-10-14 00:00:00+05:30,10.8,11.3,10.8,11.2,1738860
2011-10-17 00:00:00+05:30,11.15,11.35,10.95,11.05,572648
2011-10-18 00:00:00+05:30,10.8,10.85,10.6,10.65,1430153
2011-10-19 00:00:00+05:30,10.65,10.8,10.6,10.7,915421
2011-10-20 00:00:00+05:30,10.3,10.7,10.3,10.5,1479703
2011-10-21 00:00:00+05:30,10.35,10.65,10.3,10.4,944843
2011-10-24 00:00:00+05:30,10.6,10.6,10.3,10.3,1157472
2011-10-25 00:00:00+05:30,10.35,10.45,10.15,10.25,4363731
2011-10-28 00:00:00+05:30,11.25,11.25,10.6,10.85,1746536
2011-10-31 00:00:00+05:30,10.95,11.0,10.75,10.85,991880
2011-11-01 00:00:00+05:30,10.8,10.9,10.5,10.55,692876
2011-11-02 00:00:00+05:30,10.45,10.65,10.45,10.5,750436
2011-11-03 00:00:00+05:30,10.5,10.6,10.3,10.4,626448
2011-11-04 00:00:00+05:30,10.55,10.8,10.45,10.7,1421681
2011-11-08 00:00:00+05:30,10.75,10.75,10.45,10.5,566278
2011-11-09 00:00:00+05:30,10.75,11.55,10.45,11.0,7124783
2011-11-11 00:00:00+05:30,11.25,11.25,10.35,10.45,2111893
2011-11-14 00:00:00+05:30,10.6,10.7,9.8,9.9,1731083
2011-11-15 00:00:00+05:30,10.05,10.1,8.95,9.35,1646084
2011-11-16 00:00:00+05:30,9.55,9.55,8.95,9.1,1535697
2011-11-17 00:00:00+05:30,9.25,9.6,9.0,9.05,1960679
2011-11-18 00:00:00+05:30,9.05,9.15,8.8,8.85,1230172
2011-11-21 00:00:00+05:30,8.95,8.95,8.35,8.5,2725885
2011-11-22 00:00:00+05:30,8.55,8.95,8.5,8.65,2861757
2011-11-23 00:00:00+05:30,9.25,9.25,7.9,8.0,3028569
2011-11-24 00:00:00+05:30,8.0,8.15,7.6,7.9,8581080
2011-11-25 00:00:00+05:30,7.9,8.1,7.75,7.85,1485456
2011-11-28 00:00:00+05:30,8.05,8.25,7.85,8.2,1501788
2011-11-29 00:00:00+05:30,8.55,8.55,7.9,8.0,1306892
2011-11-30 00:00:00+05:30,8.0,8.0,7.7,7.8,1135744
2011-12-01 00:00:00+05:30,8.0,8.1,7.75,7.8,1816444
2011-12-02 00:00:00+05:30,7.9,8.15,7.8,8.1,979610
2011-12-05 00:00:00+05:30,8.15,8.7,7.85,8.4,2921716
2011-12-07 00:00:00+05:30,8.55,8.6,8.05,8.15,1377705
2011-12-08 00:00:00+05:30,8.1,8.15,7.8,7.85,1250525
2011-12-09 00:00:00+05:30,7.7,7.85,7.65,7.7,1422332
2011-12-12 00:00:00+05:30,7.75,7.85,7.5,7.6,1278998
2011-12-13 00:00:00+05:30,7.55,7.7,7.15,7.35,1601711
2011-12-14 00:00:00+05:30,7.45,7.5,7.0,7.1,1190416
2011-12-15 00:00:00+05:30,7.0,7.05,6.75,6.85,1287395
2011-12-16 00:00:00+05:30,6.95,6.95,6.35,6.4,1981999
2011-12-19 00:00:00+05:30,6.4,6.65,6.2,6.4,1125297
2011-12-20 00:00:00+05:30,6.4,6.45,6.25,6.3,968327
2011-12-21 00:00:00+05:30,6.4,7.05,6.35,6.7,3774254
2011-12-22 00:00:00+05:30,6.7,6.8,6.45,6.75,1197636
2011-12-23 00:00:00+05:30,6.85,7.0,6.65,6.7,1326932
2011-12-26 00:00:00+05:30,6.85,6.9,6.7,6.85,1128593
2011-12-27 00:00:00+05:30,6.65,6.9,6.6,6.65,1019086
2011-12-28 00:00:00+05:30,6.75,6.75,6.2,6.3,2873948
2011-12-29 00:00:00+05:30,6.35,6.35,5.45,5.65,14550848
2011-12-30 00:00:00+05:30,5.85,6.1,5.75,5.95,2657701
2012-01-02 00:00:00+05:30,6.1,6.15,5.8,6.05,986811
2012-01-03 00:00:00+05:30,6.25,6.45,6.1,6.35,1622370
2012-01-04 00:00:00+05:30,6.55,6.6,6.35,6.45,994891
2012-01-05 00:00:00+05:30,6.3,6.65,6.3,6.55,884107
2012-01-06 00:00:00+05:30,6.45,6.6,6.35,6.5,775421
2012-01-09 00:00:00+05:30,6.85,7.4,6.65,7.3,3771638
2012-01-10 00:00:00+05:30,7.4,7.8,7.35,7.6,3427598
2012-01-11 00:00:00+05:30,7.75,8.15,7.6,7.95,3335436
2012-01-12 00:00:00+05:30,8.0,8.15,7.8,7.95,2281890
2012-01-13 00:00:00+05:30,7.95,8.15,7.9,7.95,1620801
2012-01-16 00:00:00+05:30,7.95,8.1,7.9,8.0,946657
2012-01-17 00:00:00+05:30,8.05,8.45,8.0,8.15,1991922
2012-01-18 00:00:00+05:30,8.15,8.2,7.75,7.95,1419761
2012-01-19 00:00:00+05:30,7.95,8.1,7.95,8.0,683893
2012-01-20 00:00:00+05:30,8.15,8.15,7.8,7.85,1068061
2012-01-23 00:00:00+05:30,7.95,7.95,7.7,7.75,746732
2012-01-24 00:00:00+05:30,7.8,8.1,7.65,7.95,1279950
2012-01-25 00:00:00+05:30,7.95,8.45,7.85,8.15,2011501
2012-01-27 00:00:00+05:30,8.15,8.55,8.05,8.5,2129067
2012-01-30 00:00:00+05:30,8.5,8.55,7.95,8.0,1442220
2012-01-31 00:00:00+05:30,8.0,8.35,8.0,8.2,970017
2012-02-01 00:00:00+05:30,8.0,8.9,8.0,8.45,2568744
2012-02-02 00:00:00+05:30,8.55,8.75,8.25,8.25,2021498
2012-02-03 00:00:00+05:30,8.3,8.7,8.15,8.55,3225557
2012-02-06 00:00:00+05:30,8.5,8.95,8.5,8.75,3036466
2012-02-07 00:00:00+05:30,8.85,8.9,8.3,8.35,1555008
2012-02-08 00:00:00+05:30,8.7,9.3,8.3,8.95,3976293
2012-02-09 00:00:00+05:30,8.7,9.2,8.7,9.1,1608757
2012-02-10 00:00:00+05:30,9.15,9.2,8.85,9.05,1977394
2012-02-13 00:00:00+05:30,9.0,9.05,8.75,8.8,1437391
2012-02-14 00:00:00+05:30,8.8,9.0,8.6,8.85,1157683
2012-02-15 00:00:00+05:30,8.9,9.7,8.9,9.35,5124160
2012-02-16 00:00:00+05:30,9.35,9.7,9.3,9.6,2848997
2012-02-17 00:00:00+05:30,9.6,10.0,9.5,9.6,3586526
2012-02-21 00:00:00+05:30,10.2,11.5,9.9,11.5,4362302
2012-02-22 00:00:00+05:30,12.45,13.4,11.6,11.85,18512118
2012-02-23 00:00:00+05:30,14.2,14.2,11.8,14.2,11570202
2012-02-24 00:00:00+05:30,14.7,15.05,12.9,13.55,16707323
2012-02-27 00:00:00+05:30,13.55,13.55,12.25,12.25,6476274
2012-02-28 00:00:00+05:30,12.4,12.7,12.3,12.5,3149977
2012-02-29 00:00:00+05:30,12.7,13.05,12.05,12.4,3004561
2012-03-01 00:00:00+05:30,12.45,12.45,11.9,12.0,1522702
2012-03-02 00:00:00+05:30,12.15,12.45,11.85,11.95,1825351
2012-03-05 00:00:00+05:30,12.1,12.1,10.85,11.0,2233851
2012-03-06 00:00:00+05:30,11.0,11.35,10.5,10.65,2348920
2012-03-07 00:00:00+05:30,10.65,10.75,10.3,10.5,1195935
2012-03-09 00:00:00+05:30,10.8,11.25,10.6,11.0,1657190
2012-03-12 00:00:00+05:30,11.05,11.5,10.95,11.0,1264919
2012-03-13 00:00:00+05:30,10.8,11.3,10.8,11.05,838550
2012-03-14 00:00:00+05:30,11.15,11.45,10.9,10.9,1058277
2012-03-15 00:00:00+05:30,11.1,11.1,10.4,10.55,1175191
2012-03-16 00:00:00+05:30,10.5,10.65,10.25,10.3,958687
2012-03-19 00:00:00+05:30,10.45,10.5,9.85,9.9,950457
2012-03-20 00:00:00+05:30,10.15,10.15,9.8,9.9,976102
2012-03-21 00:00:00+05:30,10.1,10.15,9.85,10.0,1072877
2012-03-22 00:00:00+05:30,10.15,10.95,10.05,10.3,3625932
2012-03-23 00:00:00+05:30,10.35,10.85,9.85,9.9,2908965
2012-03-26 00:00:00+05:30,10.1,10.1,9.25,9.35,1805955
2012-03-27 00:00:00+05:30,9.65,9.65,8.85,9.05,2153854
2012-03-28 00:00:00+05:30,9.05,9.3,8.65,8.7,1480934
2012-03-29 00:00:00+05:30,8.7,9.35,8.65,9.3,1902663
2012-03-30 00:00:00+05:30,9.35,9.55,9.2,9.35,968631
2012-04-02 00:00:00+05:30,9.2,10.3,9.15,10.3,2268446
2012-04-03 00:00:00+05:30,10.6,10.9,10.3,10.4,3001815
2012-04-04 00:00:00+05:30,10.3,10.75,10.1,10.55,1802651
2012-04-09 00:00:00+05:30,10.7,10.7,10.1,10.15,975159
2012-04-10 00:00:00+05:30,10.2,10.3,9.8,10.0,1332233
2012-04-11 00:00:00+05:30,9.95,10.15,9.8,9.9,819470
2012-04-12 00:00:00+05:30,10.0,10.15,9.8,9.9,633985
2012-04-13 00:00:00+05:30,9.9,10.05,9.7,9.75,652901
2012-04-16 00:00:00+05:30,9.65,9.95,9.6,9.65,514865
2012-04-17 00:00:00+05:30,9.65,9.85,9.5,9.65,768722
2012-04-18 00:00:00+05:30,9.8,10.0,9.6,9.65,849392
2012-04-19 00:00:00+05:30,9.75,9.8,9.55,9.55,449634
2012-04-20 00:00:00+05:30,9.5,9.85,9.4,9.5,757129
2012-04-23 00:00:00+05:30,9.65,9.65,9.05,9.1,796579
2012-04-24 00:00:00+05:30,9.3,9.4,9.0,9.1,593350
2012-04-25 00:00:00+05:30,9.1,9.35,8.7,8.85,779800
2012-04-26 00:00:00+05:30,8.95,8.95,8.7,8.75,605399
2012-04-27 00:00:00+05:30,8.8,8.95,8.5,8.6,629697
2012-04-30 00:00:00+05:30,8.85,9.0,8.8,8.8,508854
2012-05-02 00:00:00+05:30,9.05,9.6,8.75,9.3,1381974
2012-05-03 00:00:00+05:30,9.4,9.45,9.0,9.0,814238
2012-05-04 00:00:00+05:30,8.85,9.1,8.65,8.7,796405
2012-05-07 00:00:00+05:30,8.6,8.95,8.4,8.8,1082399
2012-05-08 00:00:00+05:30,8.85,8.95,8.55,8.6,484574
2012-05-09 00:00:00+05:30,8.6,8.65,8.3,8.4,583333
2012-05-10 00:00:00+05:30,8.4,8.65,8.25,8.3,517104
2012-05-11 00:00:00+05:30,8.2,8.3,7.95,8.1,540795
2012-05-14 00:00:00+05:30,8.1,8.7,8.05,8.35,1126018
2012-05-15 00:00:00+05:30,8.45,8.6,8.2,8.45,605266
2012-05-16 00:00:00+05:30,8.9,9.25,8.7,8.85,2804726
2012-05-17 00:00:00+05:30,9.1,9.15,8.7,8.75,808409
2012-05-18 00:00:00+05:30,8.75,8.75,8.1,8.25,1292601
2012-05-21 00:00:00+05:30,8.3,8.5,8.25,8.35,430878
2012-05-22 00:00:00+05:30,8.5,8.55,8.2,8.25,503095
2012-05-23 00:00:00+05:30,8.25,8.4,8.1,8.15,631731
2012-05-24 00:00:00+05:30,7.85,8.3,7.85,8.2,560031
2012-05-25 00:00:00+05:30,8.2,8.4,8.1,8.25,510036
2012-05-28 00:00:00+05:30,8.3,8.65,8.1,8.5,899031
2012-05-29 00:00:00+05:30,8.55,8.85,8.45,8.55,950978
2012-05-30 00:00:00+05:30,8.55,8.65,8.35,8.4,666895
2012-05-31 00:00:00+05:30,8.4,8.65,8.15,8.4,581547
2012-06-01 00:00:00+05:30,8.4,8.6,8.15,8.2,333117
2012-06-04 00:00:00+05:30,8.15,8.25,7.95,8.05,309035
2012-06-05 00:00:00+05:30,8.2,8.25,8.05,8.1,412331
2012-06-06 00:00:00+05:30,8.15,8.35,8.15,8.25,425944
2012-06-07 00:00:00+05:30,8.4,8.45,8.3,8.4,417652
2012-06-08 00:00:00+05:30,8.4,8.45,8.25,8.35,345214
2012-06-11 00:00:00+05:30,8.35,8.6,8.2,8.25,630829
2012-06-12 00:00:00+05:30,8.2,8.4,8.2,8.3,302810
2012-06-13 00:00:00+05:30,8.35,8.5,8.25,8.3,581579
2012-06-14 00:00:00+05:30,8.25,8.4,8.1,8.1,310593
2012-06-15 00:00:00+05:30,8.25,8.3,8.1,8.15,349443
2012-06-18 00:00:00+05:30,8.25,8.4,8.0,8.1,385069
2012-06-19 00:00:00+05:30,8.05,8.1,7.95,8.0,455978
2012-06-20 00:00:00+05:30,7.85,8.25,7.85,8.0,370826
2012-06-21 00:00:00+05:30,8.05,8.3,7.95,8.1,503910
2012-06-22 00:00:00+05:30,7.95,8.2,7.95,8.1,832793
2012-06-25 00:00:00+05:30,8.2,8.55,8.1,8.3,1272431
2012-06-26 00:00:00+05:30,8.4,8.45,8.05,8.15,595146
2012-06-27 00:00:00+05:30,8.25,8.35,8.05,8.05,411313
2012-06-28 00:00:00+05:30,8.2,8.25,8.1,8.15,561213
2012-06-29 00:00:00+05:30,8.25,8.65,8.15,8.45,1572448
2012-07-02 00:00:00+05:30,8.5,8.65,8.45,8.55,1270667
2012-07-03 00:00:00+05:30,8.65,9.8,8.65,9.6,3681949
2012-07-04 00:00:00+05:30,9.75,10.3,9.65,9.8,3480742
2012-07-05 00:00:00+05:30,9.8,10.2,9.8,10.05,1484922
2012-07-06 00:00:00+05:30,10.05,10.05,9.5,9.9,1567503
2012-07-09 00:00:00+05:30,10.05,10.05,9.15,9.25,1114901
2012-07-10 00:00:00+05:30,9.45,9.55,9.15,9.45,1307602
2012-07-11 00:00:00+05:30,9.55,9.55,9.05,9.1,1118118
2012-07-12 00:00:00+05:30,9.1,9.1,8.7,8.8,1365664
2012-07-13 00:00:00+05:30,8.9,9.1,8.65,8.7,921908
2012-07-16 00:00:00+05:30,8.7,9.0,8.7,8.75,612211
2012-07-17 00:00:00+05:30,8.85,8.9,8.7,8.75,505862
2012-07-18 00:00:00+05:30,8.75,8.8,8.6,8.65,485017
2012-07-19 00:00:00+05:30,8.7,8.85,8.65,8.7,417221
2012-07-20 00:00:00+05:30,9.0,9.0,8.6,8.65,454708
2012-07-23 00:00:00+05:30,8.55,8.7,8.55,8.6,437726
2012-07-24 00:00:00+05:30,8.65,8.85,8.55,8.6,477238
2012-07-25 00:00:00+05:30,8.6,8.7,8.3,8.4,745323
2012-07-26 00:00:00+05:30,8.8,8.8,8.1,8.15,634353
2012-07-27 00:00:00+05:30,8.2,8.5,7.85,7.9,984710
2012-07-30 00:00:00+05:30,8.0,8.4,8.0,8.3,649962
2012-07-31 00:00:00+05:30,8.55,9.6,8.5,9.1,3404313
2012-08-01 00:00:00+05:30,9.3,9.35,8.95,9.0,1017029
2012-08-02 00:00:00+05:30,9.15,9.15,8.85,8.9,870143
2012-08-03 00:00:00+05:30,8.85,8.95,8.6,8.75,710788
2012-08-06 00:00:00+05:30,8.85,9.15,8.85,8.9,664676
2012-08-07 00:00:00+05:30,8.9,9.0,8.8,8.9,503487
2012-08-08 00:00:00+05:30,8.95,9.7,8.9,9.35,1574752
2012-08-09 00:00:00+05:30,9.45,9.75,9.1,9.25,1379628
2012-08-10 00:00:00+05:30,9.25,9.4,9.0,9.25,976489
2012-08-13 00:00:00+05:30,9.2,9.25,8.8,9.05,395951
2012-08-14 00:00:00+05:30,9.05,9.75,9.0,9.25,1758476
2012-08-16 00:00:00+05:30,9.35,9.5,9.05,9.05,743300
2012-08-17 00:00:00+05:30,9.05,9.65,9.05,9.5,1507695
2012-08-21 00:00:00+05:30,9.3,9.65,9.3,9.35,400488
2012-08-22 00:00:00+05:30,9.3,9.45,9.1,9.25,706552
2012-08-23 00:00:00+05:30,9.65,10.35,9.05,10.05,6204333
2012-08-24 00:00:00+05:30,10.2,10.2,9.7,9.9,2045479
2012-08-27 00:00:00+05:30,9.9,10.0,9.3,9.35,1254199
2012-08-28 00:00:00+05:30,9.8,9.8,8.9,9.05,1658384
2012-08-29 00:00:00+05:30,9.05,9.2,8.85,8.95,586276
2012-08-30 00:00:00+05:30,8.85,9.05,8.65,8.9,825812
2012-08-31 00:00:00+05:30,8.9,9.65,8.9,9.2,1563658
2012-09-03 00:00:00+05:30,9.25,9.45,9.15,9.25,484525
2012-09-04 00:00:00+05:30,9.2,10.05,7.45,8.95,4008799
2012-09-05 00:00:00+05:30,9.2,9.25,8.9,9.0,888923
2012-09-06 00:00:00+05:30,9.05,9.15,8.95,9.0,513845
2012-09-07 00:00:00+05:30,9.1,9.35,9.0,9.05,655975
2012-09-10 00:00:00+05:30,9.1,9.2,8.8,8.9,1083367
2012-09-11 00:00:00+05:30,9.05,9.05,8.8,8.9,836646
2012-09-12 00:00:00+05:30,8.9,9.05,8.85,8.9,723629
2012-09-13 00:00:00+05:30,8.85,9.05,8.75,8.75,813398
2012-09-14 00:00:00+05:30,8.95,9.25,8.9,8.95,853696
2012-09-17 00:00:00+05:30,8.95,9.3,8.9,9.2,1010232
2012-09-18 00:00:00+05:30,9.3,9.55,9.15,9.2,1156029
2012-09-20 00:00:00+05:30,9.05,9.2,8.6,8.75,1626651
2012-09-21 00:00:00+05:30,8.9,9.3,8.9,9.2,1176196
2012-09-24 00:00:00+05:30,9.2,9.55,9.1,9.15,1094254
2012-09-25 00:00:00+05:30,9.2,9.4,9.15,9.25,620337
2012-09-26 00:00:00+05:30,9.2,9.75,9.1,9.3,1979402
2012-09-27 00:00:00+05:30,9.4,9.65,9.05,9.3,1270355
2012-09-28 00:00:00+05:30,9.45,9.55,9.2,9.3,960356
2012-10-01 00:00:00+05:30,9.5,11.05,9.35,10.75,8859428
2012-10-03 00:00:00+05:30,11.2,11.8,10.7,11.2,9508723
2012-10-04 00:00:00+05:30,11.3,11.7,11.2,11.25,3546016
2012-10-05 00:00:00+05:30,11.45,11.5,10.3,11.1,2998339
2012-10-08 00:00:00+05:30,11.1,11.3,10.55,10.65,1507360
2012-10-09 00:00:00+05:30,10.8,11.0,10.45,10.8,1035274
2012-10-10 00:00:00+05:30,10.55,12.15,10.35,11.9,13242760
2012-10-11 00:00:00+05:30,12.25,12.7,11.55,12.2,15152572
2012-10-12 00:00:00+05:30,12.1,12.45,11.55,11.65,4604421
2012-10-15 00:00:00+05:30,11.65,11.95,11.55,11.75,1313293
2012-10-16 00:00:00+05:30,11.9,12.15,11.35,11.45,2575443
2012-10-17 00:00:00+05:30,11.65,12.5,11.3,12.25,7327870
2012-10-18 00:00:00+05:30,12.45,12.75,12.2,12.4,4423564
2012-10-19 00:00:00+05:30,12.6,12.9,12.25,12.45,5545285
2012-10-22 00:00:00+05:30,12.4,13.1,12.35,12.85,5577980
2012-10-23 00:00:00+05:30,12.9,13.7,12.55,12.9,13386210
2012-10-25 00:00:00+05:30,13.45,14.1,13.0,13.95,15698858
2012-10-26 00:00:00+05:30,12.6,13.55,11.75,12.05,14393040
2012-10-29 00:00:00+05:30,12.25,12.5,11.7,11.8,4854769
2012-10-30 00:00:00+05:30,11.95,12.0,11.3,11.4,3701639
2012-10-31 00:00:00+05:30,11.4,11.75,11.4,11.55,3174351
2012-11-01 00:00:00+05:30,11.6,11.85,11.5,11.65,2280909
2012-11-02 00:00:00+05:30,11.75,11.8,11.55,11.6,1899714
2012-11-05 00:00:00+05:30,11.55,11.7,11.5,11.55,1327901
2012-11-06 00:00:00+05:30,11.55,11.65,11.5,11.55,1526600
2012-11-07 00:00:00+05:30,11.55,11.65,11.45,11.6,1946861
2012-11-08 00:00:00+05:30,11.5,11.55,11.45,11.5,2756423
2012-11-09 00:00:00+05:30,11.5,11.55,11.4,11.4,4255193
2012-11-12 00:00:00+05:30,11.4,11.65,11.4,11.55,895698
2012-11-13 00:00:00+05:30,11.6,11.65,11.55,11.6,259725
2012-11-15 00:00:00+05:30,11.6,11.65,11.45,11.5,869197
2012-11-16 00:00:00+05:30,11.5,11.6,11.45,11.45,1739508
2012-11-19 00:00:00+05:30,11.5,11.55,11.45,11.45,865916
2012-11-20 00:00:00+05:30,11.5,11.6,11.45,11.5,843932
2012-11-21 00:00:00+05:30,11.5,11.65,11.5,11.55,566905
2012-11-22 00:00:00+05:30,11.5,11.65,11.5,11.55,447442
2012-11-23 00:00:00+05:30,11.65,11.65,11.55,11.55,318457
2012-11-26 00:00:00+05:30,11.55,11.65,11.55,11.55,331219
2012-11-27 00:00:00+05:30,11.55,11.65,11.55,11.6,926456
2012-11-29 00:00:00+05:30,11.65,11.75,11.55,11.7,1228776
2012-11-30 00:00:00+05:30,11.7,11.9,11.65,11.75,2760809
2012-12-03 00:00:00+05:30,11.7,12.6,11.7,11.9,2637939
2012-12-04 00:00:00+05:30,11.95,12.35,11.75,11.75,3030000
2012-12-05 00:00:00+05:30,11.95,12.1,11.7,11.95,4267685
2012-12-06 00:00:00+05:30,12.35,12.35,11.8,11.9,1703936
2012-12-07 00:00:00+05:30,12.15,12.15,11.85,11.9,922030
2012-12-10 00:00:00+05:30,12.05,12.2,11.9,11.9,912382
2012-12-11 00:00:00+05:30,12.05,12.05,11.8,11.9,2095710
2012-12-12 00:00:00+05:30,11.9,12.0,11.85,11.85,697287
2012-12-13 00:00:00+05:30,11.95,11.95,11.85,11.85,783851
2012-12-14 00:00:00+05:30,11.95,11.95,11.8,11.8,576269
2012-12-17 00:00:00+05:30,11.75,11.95,11.75,11.8,747553
2012-12-18 00:00:00+05:30,11.85,11.95,11.8,11.8,1711194
2012-12-19 00:00:00+05:30,11.85,11.9,11.75,11.75,855037
2012-12-20 00:00:00+05:30,11.8,11.85,11.75,11.75,693071
2012-12-21 00:00:00+05:30,11.8,11.85,11.7,11.7,1053841
2012-12-24 00:00:00+05:30,11.75,12.15,11.75,11.8,732148
2012-12-26 00:00:00+05:30,11.75,11.9,11.75,11.8,437646
2012-12-27 00:00:00+05:30,11.8,11.9,11.8,11.8,400123
2012-12-28 00:00:00+05:30,11.9,11.95,11.8,11.8,442435
2012-12-31 00:00:00+05:30,11.8,11.9,11.8,11.8,404874
2013-01-01 00:00:00+05:30,11.85,11.9,11.8,11.85,457105
2013-01-02 00:00:00+05:30,11.8,11.9,11.8,11.85,1027649
2013-01-03 00:00:00+05:30,11.9,11.9,11.8,11.85,937089
2013-01-04 00:00:00+05:30,11.85,11.9,11.8,11.8,601747
2013-01-07 00:00:00+05:30,11.8,11.9,11.8,11.8,599413
2013-01-08 00:00:00+05:30,11.85,11.9,11.8,11.8,2722900
2013-01-09 00:00:00+05:30,11.85,11.9,11.8,11.8,952765
2013-01-10 00:00:00+05:30,11.85,11.9,11.8,11.8,845317
2013-01-11 00:00:00+05:30,11.85,11.9,11.8,11.8,2256345
2013-01-14 00:00:00+05:30,11.85,11.9,11.85,11.85,592824
2013-01-15 00:00:00+05:30,11.85,11.9,11.85,11.85,586979
2013-01-16 00:00:00+05:30,11.9,11.9,11.3,11.45,893375
2013-01-17 00:00:00+05:30,11.85,12.45,11.4,11.6,660904
2013-01-18 00:00:00+05:30,11.9,11.9,11.3,11.3,483999
2013-01-21 00:00:00+05:30,11.4,11.45,10.85,10.85,466088
2013-01-22 00:00:00+05:30,11.0,11.0,10.65,10.7,414842
2013-01-23 00:00:00+05:30,10.7,10.85,10.3,10.3,532325
2013-01-24 00:00:00+05:30,10.35,10.35,9.7,9.85,744713
2013-01-25 00:00:00+05:30,9.85,10.65,9.4,10.4,795882
2013-01-28 00:00:00+05:30,10.7,10.9,10.45,10.65,557239
2013-01-29 00:00:00+05:30,10.75,11.2,10.75,10.85,1158871
2013-01-30 00:00:00+05:30,11.0,11.25,10.7,10.75,640772
2013-01-31 00:00:00+05:30,10.95,10.95,10.45,10.55,320326
2013-02-01 00:00:00+05:30,10.45,11.5,10.45,11.35,1159704
2013-02-04 00:00:00+05:30,11.45,11.75,10.9,11.05,1021389
2013-02-05 00:00:00+05:30,11.05,11.45,10.85,10.95,1034861
2013-02-06 00:00:00+05:30,11.0,11.25,10.9,11.0,423706
2013-02-07 00:00:00+05:30,11.0,11.05,10.65,10.7,424847
2013-02-08 00:00:00+05:30,10.75,11.1,10.55,10.65,546441
2013-02-11 00:00:00+05:30,10.55,10.65,10.4,10.45,391657
2013-02-12 00:00:00+05:30,10.45,10.65,10.25,10.35,334499
2013-02-13 00:00:00+05:30,10.35,10.55,10.25,10.3,536033
2013-02-14 00:00:00+05:30,10.35,11.15,10.2,10.7,1481775
2013-02-15 00:00:00+05:30,10.75,10.9,10.2,10.75,1049718
2013-02-18 00:00:00+05:30,10.75,11.25,10.75,11.05,723783
2013-02-19 00:00:00+05:30,11.05,11.15,10.65,10.75,428114
2013-02-20 00:00:00+05:30,10.85,10.9,10.7,10.7,323988
2013-02-21 00:00:00+05:30,10.7,11.0,10.55,10.85,526780
2013-02-22 00:00:00+05:30,10.45,10.85,8.75,10.65,365444
2013-02-25 00:00:00+05:30,10.5,10.85,10.1,10.5,310383
2013-02-26 00:00:00+05:30,10.35,10.6,10.25,10.3,609692
2013-02-27 00:00:00+05:30,10.3,10.55,10.3,10.3,610116
2013-02-28 00:00:00+05:30,10.5,10.55,10.0,10.1,591655
2013-03-01 00:00:00+05:30,10.0,10.45,9.95,10.05,582656
2013-03-04 00:00:00+05:30,9.95,10.2,9.35,9.55,573213
2013-03-05 00:00:00+05:30,9.85,10.45,9.55,10.25,828788
2013-03-06 00:00:00+05:30,10.1,11.05,10.1,10.2,554435
2013-03-07 00:00:00+05:30,10.2,10.3,10.0,10.1,449864
2013-03-08 00:00:00+05:30,10.3,10.45,10.15,10.25,919034
2013-03-11 00:00:00+05:30,10.4,10.4,10.15,10.25,347093
2013-03-12 00:00:00+05:30,10.35,10.45,10.2,10.3,502420
2013-03-13 00:00:00+05:30,10.25,10.7,10.1,10.55,922841
2013-03-14 00:00:00+05:30,11.25,11.45,10.75,10.9,4944511
2013-03-15 00:00:00+05:30,10.9,11.1,10.5,10.65,1482942
2013-03-18 00:00:00+05:30,10.6,11.1,10.35,10.7,729469
2013-03-19 00:00:00+05:30,10.65,10.85,10.3,10.45,760055
2013-03-20 00:00:00+05:30,10.55,10.55,10.1,10.2,479755
2013-03-21 00:00:00+05:30,10.25,11.0,10.2,10.4,818076
2013-03-22 00:00:00+05:30,10.3,10.4,10.05,10.2,538187
2013-03-25 00:00:00+05:30,10.3,10.4,9.85,10.0,684226
2013-03-26 00:00:00+05:30,9.95,10.05,9.85,9.95,540422
2013-03-28 00:00:00+05:30,9.9,10.05,9.8,10.0,327404
2013-04-01 00:00:00+05:30,10.1,10.3,10.1,10.15,235505
2013-04-02 00:00:00+05:30,10.55,10.55,10.25,10.4,519627
2013-04-03 00:00:00+05:30,10.45,10.85,10.3,10.6,532176
2013-04-04 00:00:00+05:30,10.5,11.0,10.35,10.65,802035
2013-04-05 00:00:00+05:30,10.7,10.85,10.55,10.65,520847
2013-04-08 00:00:00+05:30,10.7,10.8,10.5,10.55,214858
2013-04-09 00:00:00+05:30,10.7,10.75,10.3,10.45,433525
2013-04-10 00:00:00+05:30,10.4,10.5,10.15,10.35,242198
2013-04-11 00:00:00+05:30,10.25,10.8,10.25,10.55,513575
2013-04-12 00:00:00+05:30,10.45,10.75,10.3,10.5,339278
2013-04-15 00:00:00+05:30,10.45,10.55,10.4,10.5,231598
2013-04-16 00:00:00+05:30,10.75,10.75,10.5,10.5,271422
2013-04-17 00:00:00+05:30,10.65,10.65,10.45,10.5,164813
2013-04-18 00:00:00+05:30,10.45,10.75,10.35,10.55,529647
2013-04-22 00:00:00+05:30,10.45,10.65,10.4,10.45,141611
2013-04-23 00:00:00+05:30,10.45,10.55,10.3,10.45,157005
2013-04-25 00:00:00+05:30,10.5,10.7,10.45,10.5,366680
2013-04-26 00:00:00+05:30,10.55,10.6,10.3,10.45,156321
2013-04-29 00:00:00+05:30,10.3,10.5,10.3,10.35,224371
2013-04-30 00:00:00+05:30,10.4,10.55,10.35,10.45,197603
2013-05-02 00:00:00+05:30,10.35,10.5,10.3,10.3,236538
2013-05-03 00:00:00+05:30,10.3,10.4,10.15,10.25,201870
2013-05-06 00:00:00+05:30,10.2,10.65,10.2,10.6,222155
2013-05-07 00:00:00+05:30,10.65,11.05,10.65,10.75,924133
2013-05-08 00:00:00+05:30,10.9,11.25,10.6,10.85,1354150
2013-05-09 00:00:00+05:30,11.1,11.1,10.65,10.65,586815
2013-05-10 00:00:00+05:30,10.65,10.7,10.35,10.45,239416
2013-05-13 00:00:00+05:30,10.3,10.45,10.15,10.2,331908
2013-05-14 00:00:00+05:30,10.05,10.25,10.05,10.1,118041
2013-05-15 00:00:00+05:30,10.15,10.6,10.1,10.55,689832
2013-05-16 00:00:00+05:30,10.75,10.9,10.5,10.6,372619
2013-05-17 00:00:00+05:30,10.5,10.9,10.45,10.6,234117
2013-05-20 00:00:00+05:30,10.45,10.8,10.45,10.7,329343
2013-05-21 00:00:00+05:30,10.55,10.75,10.45,10.5,150347
2013-05-22 00:00:00+05:30,10.35,10.6,10.2,10.25,307046
2013-05-23 00:00:00+05:30,10.2,10.3,9.95,10.0,305629
2013-05-24 00:00:00+05:30,10.05,10.3,9.95,10.1,279454
2013-05-27 00:00:00+05:30,10.0,10.35,10.0,10.2,218787
2013-05-28 00:00:00+05:30,10.15,10.15,10.0,10.0,215424
2013-05-29 00:00:00+05:30,10.1,11.1,10.0,10.7,1237172
2013-05-30 00:00:00+05:30,10.55,10.6,10.15,10.3,273203
2013-05-31 00:00:00+05:30,10.2,10.45,10.1,10.15,309573
2013-06-03 00:00:00+05:30,10.35,10.55,10.15,10.3,378322
2013-06-04 00:00:00+05:30,10.25,10.7,10.25,10.45,500181
2013-06-05 00:00:00+05:30,10.4,11.05,10.4,10.6,651430
2013-06-06 00:00:00+05:30,10.8,10.8,10.35,10.4,164760
2013-06-07 00:00:00+05:30,10.4,10.85,10.35,10.45,926385
2013-06-10 00:00:00+05:30,10.55,10.65,10.2,10.3,381376
2013-06-11 00:00:00+05:30,10.3,10.45,10.15,10.2,436549
2013-06-12 00:00:00+05:30,10.15,10.3,10.15,10.25,202504
2013-06-13 00:00:00+05:30,10.2,10.3,10.1,10.1,207506
2013-06-14 00:00:00+05:30,10.15,10.3,10.05,10.1,237380
2013-06-17 00:00:00+05:30,10.15,10.15,10.05,10.1,112062
2013-06-18 00:00:00+05:30,10.15,10.25,10.1,10.15,97750
2013-06-19 00:00:00+05:30,10.15,10.4,10.05,10.1,175835
2013-06-20 00:00:00+05:30,10.05,10.2,9.9,9.9,165449
2013-06-21 00:00:00+05:30,9.9,10.05,9.9,10.0,164437
2013-06-24 00:00:00+05:30,10.0,10.0,9.75,9.85,460249
2013-06-25 00:00:00+05:30,9.8,9.85,9.6,9.7,292726
2013-06-26 00:00:00+05:30,9.7,9.75,9.45,9.45,279712
2013-06-27 00:00:00+05:30,9.45,9.65,9.3,9.35,183358
2013-06-28 00:00:00+05:30,9.35,9.7,8.85,9.25,592675
2013-07-01 00:00:00+05:30,9.25,9.7,9.25,9.35,288358
2013-07-02 00:00:00+05:30,9.4,10.3,9.4,9.95,653661
2013-07-03 00:00:00+05:30,10.05,10.2,9.4,9.5,379502
2013-07-04 00:00:00+05:30,9.6,11.35,9.6,11.35,39495339
2013-07-05 00:00:00+05:30,12.4,12.8,11.65,12.3,14937559
2013-07-08 00:00:00+05:30,12.15,12.15,11.15,11.25,3220529
2013-07-09 00:00:00+05:30,11.5,11.55,10.9,11.0,852577
2013-07-10 00:00:00+05:30,11.15,12.6,11.0,12.35,8330636
2013-07-11 00:00:00+05:30,12.35,12.6,12.0,12.1,2881175
2013-07-12 00:00:00+05:30,12.25,12.5,12.05,12.2,1802637
2013-07-15 00:00:00+05:30,12.2,13.15,12.2,12.95,5947644
2013-07-16 00:00:00+05:30,13.1,14.45,12.5,14.25,12496937
2013-07-17 00:00:00+05:30,14.15,14.9,13.4,13.75,7781042
2013-07-18 00:00:00+05:30,13.75,13.95,13.15,13.45,2447587
2013-07-19 00:00:00+05:30,13.6,13.9,13.15,13.25,1945605
2013-07-22 00:00:00+05:30,13.25,13.7,12.9,13.05,1501530
2013-07-23 00:00:00+05:30,13.0,13.6,13.0,13.2,1790590
2013-07-24 00:00:00+05:30,13.4,13.55,12.55,12.75,2037932
2013-07-25 00:00:00+05:30,12.7,13.05,12.45,12.5,1400250
2013-07-26 00:00:00+05:30,12.65,12.75,11.9,12.05,1786944
2013-07-29 00:00:00+05:30,12.05,12.7,11.5,12.4,2470983
2013-07-30 00:00:00+05:30,12.25,12.6,11.65,11.85,1088198
2013-07-31 00:00:00+05:30,11.75,11.75,11.35,11.55,1506546
2013-08-01 00:00:00+05:30,11.65,12.1,10.95,11.2,1130771
2013-08-02 00:00:00+05:30,11.1,11.55,10.75,10.85,1031686
2013-08-05 00:00:00+05:30,11.25,11.6,10.9,11.4,971133
2013-08-06 00:00:00+05:30,11.4,12.45,11.4,11.7,2642962
2013-08-07 00:00:00+05:30,12.2,12.25,11.85,11.95,1178212
2013-08-08 00:00:00+05:30,11.85,12.1,11.5,11.6,1027210
2013-08-12 00:00:00+05:30,11.75,12.6,11.55,12.55,1816977
2013-08-13 00:00:00+05:30,12.7,13.1,12.65,12.8,1615146
2013-08-14 00:00:00+05:30,12.85,13.05,12.35,12.6,1041603
2013-08-16 00:00:00+05:30,12.6,12.9,12.3,12.45,1584901
2013-08-19 00:00:00+05:30,12.3,12.35,11.8,11.95,833491
2013-08-20 00:00:00+05:30,11.75,12.55,11.65,12.4,1092660
2013-08-21 00:00:00+05:30,12.6,12.85,11.85,11.95,1189804
2013-08-22 00:00:00+05:30,11.9,12.6,11.85,12.5,870717
2013-08-23 00:00:00+05:30,12.7,13.0,12.4,12.55,955964
2013-08-26 00:00:00+05:30,12.6,12.8,12.4,12.55,620553
2013-08-27 00:00:00+05:30,12.55,12.55,12.05,12.1,515185
2013-08-28 00:00:00+05:30,12.15,12.4,11.75,12.0,1176583
2013-08-29 00:00:00+05:30,12.35,12.4,12.1,12.25,655067
2013-08-30 00:00:00+05:30,12.45,12.7,12.4,12.55,1374460
2013-09-02 00:00:00+05:30,12.5,12.8,12.3,12.4,713706
2013-09-03 00:00:00+05:30,12.45,13.15,12.35,12.6,2079462
2013-09-04 00:00:00+05:30,12.7,13.85,12.6,13.45,5386583
2013-09-05 00:00:00+05:30,13.7,13.85,13.35,13.45,1983432
2013-09-06 00:00:00+05:30,13.5,13.8,13.15,13.45,1101582
2013-09-10 00:00:00+05:30,13.45,13.8,12.95,13.15,2723445
2013-09-11 00:00:00+05:30,13.2,14.55,13.0,14.25,4181139
2013-09-12 00:00:00+05:30,14.5,14.9,13.85,13.95,3503293
2013-09-13 00:00:00+05:30,13.95,14.3,13.65,13.8,1344683
2013-09-16 00:00:00+05:30,13.9,14.3,13.45,14.15,1208772
2013-09-17 00:00:00+05:30,14.2,15.15,14.05,14.65,3907221
2013-09-18 00:00:00+05:30,14.75,15.5,14.5,15.3,4217739
2013-09-19 00:00:00+05:30,15.5,15.9,15.05,15.45,4073661
2013-09-20 00:00:00+05:30,15.45,15.75,14.9,15.1,2014838
2013-09-23 00:00:00+05:30,15.25,15.45,14.75,14.9,1862116
2013-09-24 00:00:00+05:30,15.1,15.55,14.9,15.25,1369387
2013-09-25 00:00:00+05:30,15.5,16.35,15.3,16.0,2638361
2013-09-26 00:00:00+05:30,16.25,17.0,16.1,16.4,4799873
2013-09-27 00:00:00+05:30,16.6,17.2,16.25,16.95,3926642
2013-09-30 00:00:00+05:30,16.95,17.8,16.55,17.65,6037071
2013-10-01 00:00:00+05:30,17.8,19.05,17.8,18.95,11051059
2013-10-03 00:00:00+05:30,19.2,19.5,17.9,18.05,11550253
2013-10-04 00:00:00+05:30,17.85,18.3,17.15,17.4,7014870
2013-10-07 00:00:00+05:30,17.15,19.2,17.05,18.95,7094291
2013-10-08 00:00:00+05:30,19.2,19.4,18.3,18.45,5201326
2013-10-09 00:00:00+05:30,18.45,18.8,18.1,18.4,2141040
2013-10-10 00:00:00+05:30,18.45,18.65,17.9,18.05,2255052
2013-10-11 00:00:00+05:30,18.5,19.7,18.25,19.05,8956091
2013-10-14 00:00:00+05:30,19.0,19.45,18.9,19.05,2719687
2013-10-15 00:00:00+05:30,19.0,19.4,18.0,18.15,3022242
2013-10-17 00:00:00+05:30,18.2,18.7,17.9,18.05,2747885
2013-10-18 00:00:00+05:30,18.3,18.7,18.1,18.3,2616002
2013-10-21 00:00:00+05:30,18.35,18.55,18.1,18.35,1391019
2013-10-22 00:00:00+05:30,18.4,19.45,18.35,19.1,4104758
2013-10-23 00:00:00+05:30,19.35,20.0,18.65,19.2,10390910
2013-10-24 00:00:00+05:30,19.2,19.35,18.6,18.8,3050787
2013-10-25 00:00:00+05:30,18.6,19.3,18.2,18.8,3504514
2013-10-28 00:00:00+05:30,18.8,19.1,18.65,18.85,1566755
2013-10-29 00:00:00+05:30,18.9,19.0,18.55,18.8,1124495
2013-10-30 00:00:00+05:30,18.9,19.35,18.75,19.2,3207823
2013-10-31 00:00:00+05:30,19.05,20.45,19.0,20.25,8538382
2013-11-01 00:00:00+05:30,20.35,20.65,20.15,20.45,4301034
2013-11-05 00:00:00+05:30,20.65,21.65,20.6,21.35,4990336
2013-11-06 00:00:00+05:30,21.55,23.15,21.5,22.35,6494202
2013-11-07 00:00:00+05:30,22.6,22.85,20.6,20.9,4595527
2013-11-08 00:00:00+05:30,21.05,21.85,20.9,21.6,3747719
2013-11-11 00:00:00+05:30,21.5,21.5,20.6,20.75,1852162
2013-11-12 00:00:00+05:30,20.65,21.65,20.65,21.25,3074147
2013-11-13 00:00:00+05:30,21.2,21.25,20.1,20.25,1802690
2013-11-14 00:00:00+05:30,20.3,20.95,20.25,20.45,1853965
2013-11-18 00:00:00+05:30,20.9,21.45,20.45,21.3,1992391
2013-11-19 00:00:00+05:30,21.35,21.5,20.9,21.1,959112
2013-11-20 00:00:00+05:30,21.0,21.75,20.85,21.25,2466697
2013-11-21 00:00:00+05:30,21.55,22.2,21.15,21.35,4214826
2013-11-22 00:00:00+05:30,21.5,22.2,20.95,21.0,1482478
2013-11-25 00:00:00+05:30,21.2,21.75,21.0,21.5,1496033
2013-11-26 00:00:00+05:30,21.55,21.55,20.9,21.0,820745
2013-11-27 00:00:00+05:30,21.15,21.7,21.05,21.5,1356050
2013-11-28 00:00:00+05:30,21.5,21.7,21.1,21.25,612714
2013-11-29 00:00:00+05:30,21.5,21.65,21.0,21.1,863251
2013-12-02 00:00:00+05:30,21.05,21.45,21.0,21.05,675097
2013-12-03 00:00:00+05:30,21.05,21.35,20.95,21.1,773662
2013-12-04 00:00:00+05:30,21.05,22.0,21.0,21.05,3803270
2013-12-05 00:00:00+05:30,21.25,21.55,21.0,21.1,1322389
2013-12-06 00:00:00+05:30,21.3,21.35,20.9,20.95,741408
2013-12-09 00:00:00+05:30,21.2,21.45,20.7,20.85,1027914
2013-12-10 00:00:00+05:30,21.05,21.05,20.15,20.35,1124051
2013-12-11 00:00:00+05:30,20.4,20.5,19.75,19.85,1075338
2013-12-12 00:00:00+05:30,19.8,19.85,19.3,19.5,1421909
2013-12-13 00:00:00+05:30,19.45,19.7,19.2,19.45,884383
2013-12-16 00:00:00+05:30,19.55,19.85,19.4,19.45,794759
2013-12-17 00:00:00+05:30,19.65,19.75,19.05,19.15,806455
2013-12-18 00:00:00+05:30,19.0,19.65,19.0,19.45,960694
2013-12-19 00:00:00+05:30,19.55,20.5,19.4,20.2,2507403
2013-12-20 00:00:00+05:30,20.05,20.55,19.8,20.1,2160056
2013-12-23 00:00:00+05:30,20.2,20.45,20.0,20.15,1150258
2013-12-24 00:00:00+05:30,20.25,20.35,20.0,20.05,1134733
2013-12-26 00:00:00+05:30,20.25,22.1,19.8,21.65,13045848
2013-12-27 00:00:00+05:30,21.75,22.25,21.35,21.65,3627310
2013-12-30 00:00:00+05:30,21.85,21.9,21.35,21.55,1624631
2013-12-31 00:00:00+05:30,21.75,22.2,21.15,21.6,5922526
2014-01-01 00:00:00+05:30,21.75,21.85,21.45,21.65,1727142
2014-01-02 00:00:00+05:30,21.75,22.65,21.25,21.35,4515566
2014-01-03 00:00:00+05:30,21.35,22.05,21.1,21.8,3487029
2014-01-06 00:00:00+05:30,22.1,22.95,21.8,22.5,8536041
2014-01-07 00:00:00+05:30,22.6,24.0,22.6,23.6,9572813
2014-01-08 00:00:00+05:30,23.95,24.65,23.65,24.1,6510823
2014-01-09 00:00:00+05:30,24.1,24.45,23.55,23.75,3451209
2014-01-10 00:00:00+05:30,24.05,25.7,24.05,25.0,10846663
2014-01-13 00:00:00+05:30,25.2,26.3,25.0,26.1,5615895
2014-01-14 00:00:00+05:30,26.0,27.25,25.85,27.1,9161229
2014-01-15 00:00:00+05:30,27.2,27.55,25.5,25.8,5475551
2014-01-16 00:00:00+05:30,26.1,26.35,25.3,26.1,4058100
2014-01-17 00:00:00+05:30,26.15,26.15,24.2,24.45,3161329
2014-01-20 00:00:00+05:30,24.55,25.75,24.2,25.4,3533577
2014-01-21 00:00:00+05:30,25.65,25.95,24.9,25.35,2832257
2014-01-22 00:00:00+05:30,25.45,25.9,25.25,25.45,1803288
2014-01-23 00:00:00+05:30,25.6,25.8,25.45,25.55,1106356
2014-01-24 00:00:00+05:30,25.55,25.65,24.5,24.65,1289918
2014-01-27 00:00:00+05:30,24.45,24.45,23.4,23.5,1608242
2014-01-28 00:00:00+05:30,23.3,24.35,23.0,23.15,2051212
2014-01-29 00:00:00+05:30,23.8,23.85,21.85,22.05,2819791
2014-01-30 00:00:00+05:30,21.75,23.2,21.6,22.9,3187506
2014-01-31 00:00:00+05:30,23.2,24.0,23.05,23.75,5270894
2014-02-03 00:00:00+05:30,24.0,25.1,24.0,24.7,5319257
2014-02-04 00:00:00+05:30,24.45,24.75,23.85,24.35,4642441
2014-02-05 00:00:00+05:30,24.45,25.3,24.4,24.75,3538028
2014-02-06 00:00:00+05:30,24.85,25.0,24.15,24.4,1476445
2014-02-07 00:00:00+05:30,24.5,25.6,24.4,25.4,6156678
2014-02-10 00:00:00+05:30,25.45,26.05,25.2,25.5,2256407
2014-02-11 00:00:00+05:30,25.65,27.15,25.55,26.8,7538313
2014-02-12 00:00:00+05:30,27.3,27.75,26.55,27.1,5070755
2014-02-13 00:00:00+05:30,27.15,27.8,26.4,27.4,4906876
2014-02-14 00:00:00+05:30,27.55,28.65,27.5,28.45,6788381
2014-02-17 00:00:00+05:30,28.65,28.95,27.45,28.8,4576850
2014-02-18 00:00:00+05:30,28.95,28.95,27.95,28.3,3115262
2014-02-19 00:00:00+05:30,28.35,28.65,27.55,27.75,3554635
2014-02-20 00:00:00+05:30,27.55,28.1,27.0,27.15,3003304
2014-02-21 00:00:00+05:30,27.3,27.9,27.25,27.4,2427998
2014-02-24 00:00:00+05:30,27.4,27.65,26.9,27.05,1838324
2014-02-25 00:00:00+05:30,27.35,27.35,26.45,26.55,1796290
2014-02-26 00:00:00+05:30,26.65,27.5,26.35,27.25,3312466
2014-02-28 00:00:00+05:30,27.3,27.9,27.3,27.55,2196248
2014-03-03 00:00:00+05:30,27.5,27.8,26.7,26.85,1855679
2014-03-04 00:00:00+05:30,27.05,27.65,26.95,27.35,1394893
2014-03-05 00:00:00+05:30,27.6,28.05,27.0,27.85,2414864
2014-03-06 00:00:00+05:30,27.8,28.1,27.45,27.55,1547603
2014-03-07 00:00:00+05:30,27.6,27.85,26.4,26.55,2517138
2014-03-10 00:00:00+05:30,26.55,27.15,26.4,26.95,2344383
2014-03-11 00:00:00+05:30,27.0,27.5,26.65,26.7,1463318
2014-03-12 00:00:00+05:30,26.65,26.95,26.35,26.35,1707776
2014-03-13 00:00:00+05:30,26.4,26.65,25.85,25.95,1362130
2014-03-14 00:00:00+05:30,25.95,25.95,25.35,25.55,1274064
2014-03-18 00:00:00+05:30,25.8,25.85,25.2,25.35,743048
2014-03-19 00:00:00+05:30,25.6,26.65,24.6,26.4,4221292
2014-03-20 00:00:00+05:30,26.4,26.95,26.1,26.25,1564785
2014-03-21 00:00:00+05:30,26.6,26.75,26.05,26.2,1009547
2014-03-24 00:00:00+05:30,26.25,26.4,25.65,25.8,1754304
2014-03-25 00:00:00+05:30,25.7,26.1,25.1,25.4,1420460
2014-03-26 00:00:00+05:30,25.35,26.05,25.0,25.7,1624217
2014-03-27 00:00:00+05:30,25.6,26.15,25.45,25.6,1436829
2014-03-28 00:00:00+05:30,25.95,26.0,24.7,25.15,1072820
2014-03-31 00:00:00+05:30,25.65,25.75,24.65,24.7,2205255
2014-04-01 00:00:00+05:30,24.85,26.2,24.75,26.0,2503783
2014-04-02 00:00:00+05:30,25.9,26.9,25.9,26.75,2078016
2014-04-03 00:00:00+05:30,26.75,27.85,26.2,27.45,3090250
2014-04-04 00:00:00+05:30,27.6,28.1,27.5,27.75,2520843
2014-04-07 00:00:00+05:30,27.5,27.65,26.7,27.0,1194301
2014-04-09 00:00:00+05:30,26.95,27.3,26.6,26.85,1054796
2014-04-10 00:00:00+05:30,26.85,27.05,26.0,26.15,1899759
2014-04-11 00:00:00+05:30,26.0,26.7,25.85,26.35,2660106
2014-04-15 00:00:00+05:30,27.2,27.8,26.8,27.4,5530312
2014-04-16 00:00:00+05:30,27.7,28.15,26.9,27.1,2670924
2014-04-17 00:00:00+05:30,26.95,28.1,26.7,27.75,3409356
2014-04-21 00:00:00+05:30,27.75,28.45,27.75,28.2,2673720
2014-04-22 00:00:00+05:30,28.35,30.15,27.9,29.3,14274617
2014-04-23 00:00:00+05:30,29.55,30.6,29.25,29.55,8835639
2014-04-25 00:00:00+05:30,29.45,30.5,29.45,30.0,3768197
2014-04-28 00:00:00+05:30,30.3,31.5,29.75,31.35,6529534
2014-04-29 00:00:00+05:30,31.55,33.2,30.85,33.0,7736158
2014-04-30 00:00:00+05:30,33.2,33.6,30.05,31.2,7484636
2014-05-02 00:00:00+05:30,31.8,32.7,31.8,32.05,3651990
2014-05-05 00:00:00+05:30,32.55,32.7,27.35,28.2,9835601
2014-05-06 00:00:00+05:30,27.9,29.0,27.9,28.3,3757665
2014-05-07 00:00:00+05:30,28.3,28.6,28.15,28.3,2433443
2014-05-08 00:00:00+05:30,28.4,29.15,27.55,28.95,3245909
2014-05-09 00:00:00+05:30,29.15,30.05,28.65,29.3,3488287
2014-05-12 00:00:00+05:30,29.3,29.35,27.8,28.1,2914319
2014-05-13 00:00:00+05:30,28.4,29.15,28.1,28.45,2436749
2014-05-14 00:00:00+05:30,28.45,28.75,27.8,28.05,1911652
2014-05-15 00:00:00+05:30,28.1,28.65,27.9,28.15,2051008
2014-05-16 00:00:00+05:30,28.4,28.85,27.1,27.2,2756886
2014-05-19 00:00:00+05:30,26.9,27.85,25.0,25.45,4935345
2014-05-20 00:00:00+05:30,25.75,27.85,25.5,27.35,7143675
2014-05-21 00:00:00+05:30,27.75,29.85,27.7,29.4,7801214
2014-05-22 00:00:00+05:30,29.95,30.95,29.75,30.7,7793196
2014-05-23 00:00:00+05:30,30.95,31.25,29.85,30.1,3871585
2014-05-26 00:00:00+05:30,30.6,30.85,27.9,28.8,3232613
2014-05-27 00:00:00+05:30,29.35,30.25,28.65,30.05,3782695
2014-05-28 00:00:00+05:30,30.25,31.8,29.8,31.1,7566090
2014-05-29 00:00:00+05:30,31.25,32.05,30.45,30.7,5578283
2014-05-30 00:00:00+05:30,30.85,31.55,30.85,31.05,4053243
2014-06-02 00:00:00+05:30,31.05,31.7,29.95,30.85,3167158
2014-06-03 00:00:00+05:30,30.85,32.85,30.8,32.75,8062285
2014-06-04 00:00:00+05:30,32.9,33.1,32.15,32.8,4203329
2014-06-05 00:00:00+05:30,33.05,33.2,32.25,32.4,3004706
2014-06-06 00:00:00+05:30,32.3,33.05,31.4,31.7,2835475
2014-06-09 00:00:00+05:30,32.2,33.1,31.9,32.85,2953399
2014-06-10 00:00:00+05:30,33.2,34.75,32.35,34.1,11802598
2014-06-11 00:00:00+05:30,34.7,35.7,34.25,34.65,11287905
2014-06-12 00:00:00+05:30,34.85,34.95,33.75,34.15,2803887
2014-06-13 00:00:00+05:30,34.2,34.8,33.2,33.8,4102156
2014-06-16 00:00:00+05:30,33.3,35.55,33.25,35.3,4365969
2014-06-17 00:00:00+05:30,35.5,36.6,35.5,35.95,6738079
2014-06-18 00:00:00+05:30,36.2,37.4,35.7,35.8,5902919
2014-06-19 00:00:00+05:30,36.2,37.1,36.05,36.65,3895690
2014-06-20 00:00:00+05:30,36.3,39.4,36.05,38.85,12006484
2014-06-23 00:00:00+05:30,39.25,40.55,37.95,38.65,6483379
2014-06-24 00:00:00+05:30,39.0,39.6,38.05,38.25,3053712
2014-06-25 00:00:00+05:30,38.35,38.95,37.8,38.0,1803068
2014-06-26 00:00:00+05:30,38.95,39.3,38.25,38.35,3126109
2014-06-27 00:00:00+05:30,38.65,39.6,38.2,39.0,3403608
2014-06-30 00:00:00+05:30,39.1,40.7,38.85,40.15,6525425
2014-07-01 00:00:00+05:30,40.55,40.95,38.65,39.0,3086614
2014-07-02 00:00:00+05:30,39.15,39.65,38.75,39.25,2469612
2014-07-03 00:00:00+05:30,39.45,39.45,37.95,38.2,1453226
2014-07-04 00:00:00+05:30,38.45,38.95,38.1,38.2,1366842
2014-07-07 00:00:00+05:30,38.5,40.05,38.5,39.8,3016679
2014-07-08 00:00:00+05:30,40.25,41.05,37.7,38.35,5251136
2014-07-09 00:00:00+05:30,38.2,38.9,37.1,37.25,1925191
2014-07-10 00:00:00+05:30,37.25,38.45,36.2,37.65,1767877
2014-07-11 00:00:00+05:30,37.8,38.9,34.85,35.5,2526239
2014-07-14 00:00:00+05:30,35.25,35.55,34.45,35.0,1491093
2014-07-15 00:00:00+05:30,35.5,38.0,35.5,37.65,3147989
2014-07-16 00:00:00+05:30,37.95,40.95,37.8,39.65,3177301
2014-07-17 00:00:00+05:30,39.9,40.0,38.8,39.1,1485508
2014-07-18 00:00:00+05:30,39.1,39.55,38.4,38.5,1657812
2014-07-21 00:00:00+05:30,38.85,39.15,38.35,38.6,1248561
2014-07-22 00:00:00+05:30,38.9,38.9,37.7,38.35,1183811
2014-07-23 00:00:00+05:30,38.65,39.15,38.1,38.25,1738152
2014-07-24 00:00:00+05:30,38.35,38.5,37.75,37.95,1241366
2014-07-25 00:00:00+05:30,38.05,38.05,36.2,36.5,1703761
2014-07-28 00:00:00+05:30,36.8,37.45,36.4,36.95,849191
2014-07-30 00:00:00+05:30,36.7,37.9,36.7,37.8,1162785
2014-07-31 00:00:00+05:30,37.8,38.35,37.5,37.7,1390974
2014-08-01 00:00:00+05:30,37.3,38.9,36.0,36.4,4349653
2014-08-04 00:00:00+05:30,36.65,37.45,36.2,37.3,1714723
2014-08-05 00:00:00+05:30,37.35,38.85,37.25,38.35,3122570
2014-08-06 00:00:00+05:30,38.3,39.1,38.15,38.8,1685230
2014-08-07 00:00:00+05:30,38.75,38.85,37.4,37.55,976838
2014-08-08 00:00:00+05:30,37.2,38.3,36.65,38.05,1608488
2014-08-11 00:00:00+05:30,38.2,38.6,37.05,37.25,920021
2014-08-12 00:00:00+05:30,37.3,37.85,37.1,37.25,558124
2014-08-13 00:00:00+05:30,37.2,37.45,35.25,35.5,1393595
2014-08-14 00:00:00+05:30,35.6,36.5,35.6,36.4,736452
2014-08-18 00:00:00+05:30,36.0,37.5,35.9,37.1,889200
2014-08-19 00:00:00+05:30,37.1,37.7,36.95,37.3,735142
2014-08-20 00:00:00+05:30,37.4,38.05,37.05,37.35,1026203
2014-08-21 00:00:00+05:30,37.0,37.9,36.75,36.9,885242
2014-08-22 00:00:00+05:30,36.95,37.4,36.35,36.6,587192
2014-08-25 00:00:00+05:30,36.6,37.55,36.6,36.85,1020746
2014-08-26 00:00:00+05:30,36.6,37.35,36.55,37.05,830964
2014-08-27 00:00:00+05:30,37.2,37.3,36.1,36.2,733047
2014-08-28 00:00:00+05:30,36.1,37.0,36.1,36.5,634805
2014-09-01 00:00:00+05:30,36.2,36.9,36.2,36.6,601673
2014-09-02 00:00:00+05:30,36.4,37.2,36.25,36.55,1006042
2014-09-03 00:00:00+05:30,36.55,39.85,36.55,38.45,4960568
2014-09-04 00:00:00+05:30,38.2,38.95,37.3,37.9,1352844
2014-09-05 00:00:00+05:30,38.15,39.35,38.05,38.6,1748546
2014-09-08 00:00:00+05:30,38.55,39.6,38.55,39.15,3082306
2014-09-09 00:00:00+05:30,39.2,42.0,38.85,41.7,10148522
2014-09-10 00:00:00+05:30,41.35,42.8,41.05,41.95,5987278
2014-09-11 00:00:00+05:30,42.3,42.5,41.3,41.6,2131326
2014-09-12 00:00:00+05:30,41.65,42.4,40.6,41.5,3266624
2014-09-15 00:00:00+05:30,40.9,42.15,40.65,40.95,1655357
2014-09-16 00:00:00+05:30,40.95,42.75,37.7,38.7,3000270
2014-09-17 00:00:00+05:30,39.15,39.95,37.95,38.2,1933534
2014-09-18 00:00:00+05:30,38.0,40.6,38.0,40.35,2382893
2014-09-19 00:00:00+05:30,40.65,42.1,40.3,41.75,4163700
2014-09-22 00:00:00+05:30,41.5,42.95,41.0,42.4,2841093
2014-09-23 00:00:00+05:30,42.4,43.4,40.7,40.95,2016749
2014-09-24 00:00:00+05:30,40.6,41.15,39.05,39.8,1438127
2014-09-25 00:00:00+05:30,40.0,40.5,36.65,37.3,2555413
2014-09-26 00:00:00+05:30,36.95,38.5,36.25,37.95,1920960
2014-09-29 00:00:00+05:30,37.9,39.4,37.75,39.0,1517586
2014-09-30 00:00:00+05:30,39.5,40.35,38.7,39.4,2232283
2014-10-01 00:00:00+05:30,39.65,40.95,39.45,40.35,2274252
2014-10-07 00:00:00+05:30,40.55,41.8,39.95,40.25,1674471
2014-10-08 00:00:00+05:30,40.25,40.4,38.7,38.9,1647354
2014-10-09 00:00:00+05:30,39.15,40.2,39.15,39.8,1140649
2014-10-10 00:00:00+05:30,39.3,40.4,38.75,39.1,1761046
2014-10-13 00:00:00+05:30,39.0,39.95,38.3,39.7,1104189
2014-10-14 00:00:00+05:30,39.65,40.0,39.15,39.55,857315
2014-10-16 00:00:00+05:30,39.65,39.75,38.15,38.45,1458993
2014-10-17 00:00:00+05:30,38.25,38.75,37.85,38.4,845454
2014-10-20 00:00:00+05:30,38.45,39.15,38.45,38.9,710195
2014-10-21 00:00:00+05:30,38.65,39.15,38.65,38.9,1582226
2014-10-22 00:00:00+05:30,39.05,39.15,38.7,38.95,768832
2014-10-23 00:00:00+05:30,39.05,39.15,38.35,38.6,380585
2014-10-27 00:00:00+05:30,38.9,39.05,38.15,38.3,740068
2014-10-28 00:00:00+05:30,38.2,38.65,37.6,37.8,854782
2014-10-29 00:00:00+05:30,37.8,38.1,36.8,37.05,1189025
2014-10-30 00:00:00+05:30,37.5,38.65,37.05,37.35,1967180
2014-10-31 00:00:00+05:30,37.6,38.35,37.5,38.15,1404313
2014-11-03 00:00:00+05:30,38.35,38.8,38.1,38.45,944167
2014-11-05 00:00:00+05:30,38.55,38.9,38.1,38.25,1072887
2014-11-07 00:00:00+05:30,38.2,40.85,37.75,40.55,4000510
2014-11-10 00:00:00+05:30,40.9,41.9,40.8,41.35,3736805
2014-11-11 00:00:00+05:30,41.55,41.8,33.1,39.15,3137452
2014-11-12 00:00:00+05:30,39.3,40.0,38.7,38.95,1225280
2014-11-13 00:00:00+05:30,38.95,39.95,38.75,39.5,1094073
2014-11-14 00:00:00+05:30,39.65,41.8,38.65,39.15,6302557
2014-11-17 00:00:00+05:30,39.35,39.35,37.4,37.8,2563066
2014-11-18 00:00:00+05:30,38.15,38.5,37.7,37.9,1107161
2014-11-19 00:00:00+05:30,38.3,38.35,37.4,37.55,1326742
2014-11-20 00:00:00+05:30,37.25,37.7,36.7,37.5,1437163
2014-11-21 00:00:00+05:30,37.55,37.55,36.3,36.5,1630835
2014-11-24 00:00:00+05:30,36.65,36.7,35.35,35.5,2054077
2014-11-25 00:00:00+05:30,35.3,36.6,34.4,34.6,2095779
2014-11-26 00:00:00+05:30,34.25,35.05,34.05,34.3,1812931
2014-11-27 00:00:00+05:30,34.25,35.1,34.25,34.4,1529426
2014-11-28 00:00:00+05:30,34.5,34.95,34.25,34.3,1048969
2014-12-01 00:00:00+05:30,34.2,34.75,33.75,33.85,1273561
2014-12-02 00:00:00+05:30,33.9,34.0,32.6,32.95,1692240
2014-12-03 00:00:00+05:30,33.0,37.45,33.0,36.7,7092986
2014-12-04 00:00:00+05:30,37.05,37.6,36.25,36.75,2890629
2014-12-05 00:00:00+05:30,36.6,37.35,35.7,36.0,1261972
2014-12-08 00:00:00+05:30,35.9,36.05,34.15,34.45,1806603
2014-12-09 00:00:00+05:30,34.35,35.4,34.3,34.55,855549
2014-12-10 00:00:00+05:30,34.55,34.9,33.65,34.05,1218190
2014-12-11 00:00:00+05:30,34.05,34.2,33.55,33.75,931389
2014-12-12 00:00:00+05:30,33.75,34.45,33.15,33.2,1725509
2014-12-15 00:00:00+05:30,32.95,33.35,32.45,32.85,1318871
2014-12-16 00:00:00+05:30,32.5,33.2,32.35,32.6,1313487
2014-12-17 00:00:00+05:30,32.65,33.0,29.55,31.4,2124829
2014-12-18 00:00:00+05:30,31.8,33.75,31.8,33.5,1112226
2014-12-19 00:00:00+05:30,34.0,34.15,32.65,32.85,1487792
2014-12-22 00:00:00+05:30,32.75,33.2,27.4,32.6,940809
2014-12-23 00:00:00+05:30,32.5,33.4,31.25,31.85,1794975
2014-12-24 00:00:00+05:30,31.9,32.55,31.3,32.15,1032987
2014-12-26 00:00:00+05:30,32.15,33.65,31.85,33.25,1457586
2014-12-29 00:00:00+05:30,33.75,33.95,32.6,33.1,1645202
2014-12-30 00:00:00+05:30,33.2,33.45,32.8,33.0,850106
2014-12-31 00:00:00+05:30,33.3,34.6,32.85,33.95,1983949
2015-01-01 00:00:00+05:30,34.1,34.65,33.65,34.25,1481546
2015-01-02 00:00:00+05:30,34.25,35.0,34.2,34.5,1265582
2015-01-05 00:00:00+05:30,34.95,34.95,33.65,34.0,1064965
2015-01-06 00:00:00+05:30,33.65,33.7,32.0,32.3,1178732
2015-01-07 00:00:00+05:30,32.2,32.5,31.55,31.85,1152349
2015-01-08 00:00:00+05:30,32.2,33.25,32.2,32.7,1045526
2015-01-09 00:00:00+05:30,32.7,34.15,32.6,33.8,2578593
2015-01-12 00:00:00+05:30,33.95,34.15,32.8,33.15,1124871
2015-01-13 00:00:00+05:30,33.5,33.7,32.55,32.8,1058672
2015-01-14 00:00:00+05:30,32.75,33.05,30.95,31.05,2148027
2015-01-15 00:00:00+05:30,31.3,31.9,31.05,31.35,955479
2015-01-16 00:00:00+05:30,31.6,31.65,30.7,30.8,1298699
2015-01-19 00:00:00+05:30,31.3,31.5,30.55,30.6,1315413
2015-01-20 00:00:00+05:30,30.75,31.2,30.6,30.65,1079108
2015-01-21 00:00:00+05:30,30.65,31.05,29.1,29.85,2987252
2015-01-22 00:00:00+05:30,29.6,30.8,29.4,29.5,2439430
2015-01-23 00:00:00+05:30,29.9,30.05,28.75,28.95,1640128
2015-01-27 00:00:00+05:30,29.25,29.35,26.65,27.25,2585595
2015-01-28 00:00:00+05:30,27.25,29.3,27.0,28.75,4241939
2015-01-29 00:00:00+05:30,29.05,29.65,28.55,28.7,1869240
2015-01-30 00:00:00+05:30,29.0,29.45,27.75,27.85,1943506
2015-02-02 00:00:00+05:30,28.3,29.05,27.65,28.6,1171460
2015-02-03 00:00:00+05:30,28.75,30.6,28.25,29.95,2495344
2015-02-04 00:00:00+05:30,30.4,32.2,30.4,30.8,4477718
2015-02-05 00:00:00+05:30,31.2,31.2,30.1,30.4,1450342
2015-02-06 00:00:00+05:30,30.35,30.95,29.8,30.65,1422668
2015-02-09 00:00:00+05:30,31.0,31.5,30.5,30.75,2180411
2015-02-10 00:00:00+05:30,30.05,30.45,28.05,28.45,3494447
2015-02-11 00:00:00+05:30,29.1,29.1,28.0,28.4,1577669
2015-02-12 00:00:00+05:30,28.6,30.35,28.35,29.65,2528193
2015-02-13 00:00:00+05:30,29.55,30.15,29.3,29.4,1254520
2015-02-16 00:00:00+05:30,29.8,30.25,29.35,29.5,1020190
2015-02-18 00:00:00+05:30,29.4,31.25,29.4,31.05,3426193
2015-02-19 00:00:00+05:30,31.3,34.0,31.05,33.65,6671559
2015-02-20 00:00:00+05:30,33.4,33.55,32.0,33.25,3152015
2015-02-23 00:00:00+05:30,33.65,33.65,32.0,32.2,1698138
2015-02-24 00:00:00+05:30,32.55,32.55,31.6,31.75,1162255
2015-02-25 00:00:00+05:30,31.75,32.25,30.75,30.9,1061940
2015-02-26 00:00:00+05:30,31.2,31.2,30.1,30.55,803458
2015-02-27 00:00:00+05:30,30.6,31.15,30.6,30.95,835422
2015-03-02 00:00:00+05:30,31.75,31.75,30.8,31.05,960918
2015-03-03 00:00:00+05:30,31.0,32.4,30.9,31.75,1560866
2015-03-04 00:00:00+05:30,31.8,32.2,30.95,31.2,1657180
2015-03-05 00:00:00+05:30,31.35,31.65,30.85,31.05,1072567
2015-03-09 00:00:00+05:30,30.75,31.0,30.35,30.45,565702
2015-03-10 00:00:00+05:30,30.8,30.95,30.4,30.55,577430
2015-03-11 00:00:00+05:30,31.1,31.1,29.8,30.4,609487
2015-03-12 00:00:00+05:30,30.55,31.7,30.4,30.95,1483432
2015-03-13 00:00:00+05:30,31.05,31.2,29.35,30.2,987726
2015-03-16 00:00:00+05:30,30.35,30.45,28.55,28.75,1385964
2015-03-17 00:00:00+05:30,29.2,29.3,28.2,28.4,1528518
2015-03-18 00:00:00+05:30,28.8,29.3,28.3,28.65,974136
2015-03-19 00:00:00+05:30,28.35,29.2,28.35,28.55,738031
2015-03-20 00:00:00+05:30,28.45,28.75,26.9,27.25,2488087
2015-03-23 00:00:00+05:30,28.35,28.4,27.55,28.25,1295236
2015-03-24 00:00:00+05:30,28.4,29.0,27.95,28.8,924506
2015-03-25 00:00:00+05:30,29.15,30.25,28.8,29.8,2356594
2015-03-26 00:00:00+05:30,29.0,29.8,28.3,28.4,1977597
2015-03-27 00:00:00+05:30,28.9,28.9,27.5,27.7,922073
2015-03-30 00:00:00+05:30,28.0,28.85,27.9,28.75,843949
2015-03-31 00:00:00+05:30,28.7,30.95,28.2,30.2,4102268
2015-04-01 00:00:00+05:30,30.25,31.0,29.95,30.6,1109309
2015-04-06 00:00:00+05:30,30.85,31.3,30.15,30.65,1352168
2015-04-07 00:00:00+05:30,30.75,30.95,30.15,30.55,651044
2015-04-08 00:00:00+05:30,30.8,33.45,30.5,32.8,4053016
2015-04-09 00:00:00+05:30,33.05,33.2,31.15,31.35,2014408
2015-04-10 00:00:00+05:30,31.5,32.6,31.45,32.15,1211197
2015-04-13 00:00:00+05:30,32.35,34.5,32.1,33.5,4960686
2015-04-15 00:00:00+05:30,33.6,35.0,32.75,33.65,4387121
2015-04-16 00:00:00+05:30,33.9,34.15,32.8,33.2,1857281
2015-04-17 00:00:00+05:30,33.25,33.35,31.35,31.8,1549400
2015-04-20 00:00:00+05:30,31.65,32.1,30.1,30.35,1462850
2015-04-21 00:00:00+05:30,30.35,31.5,30.05,30.9,1440733
2015-04-22 00:00:00+05:30,31.3,31.65,30.45,31.3,1809882
2015-04-23 00:00:00+05:30,31.45,31.6,29.95,30.15,1215065
2015-04-24 00:00:00+05:30,30.45,30.85,28.75,28.85,2004182
2015-04-27 00:00:00+05:30,29.0,29.25,27.65,27.85,1123587
2015-04-28 00:00:00+05:30,27.9,28.9,27.65,28.8,662580
2015-04-29 00:00:00+05:30,29.05,29.2,28.15,28.3,1332706
2015-04-30 00:00:00+05:30,27.9,29.45,27.9,29.05,1253150
2015-05-04 00:00:00+05:30,29.5,31.75,29.5,31.55,2487228
2015-05-05 00:00:00+05:30,31.7,32.5,30.65,31.0,3638414
2015-05-06 00:00:00+05:30,30.9,30.9,29.15,29.3,1815681
2015-05-07 00:00:00+05:30,29.45,29.8,28.55,29.0,2076804
2015-05-08 00:00:00+05:30,29.35,30.3,29.35,29.85,1028989
2015-05-11 00:00:00+05:30,30.35,30.8,30.15,30.55,982153
2015-05-12 00:00:00+05:30,30.65,30.65,29.25,30.0,1151450
2015-05-13 00:00:00+05:30,30.25,30.65,29.95,30.05,589986
2015-05-14 00:00:00+05:30,30.2,30.35,29.6,30.2,566533
2015-05-15 00:00:00+05:30,30.45,30.8,30.2,30.45,773521
2015-05-18 00:00:00+05:30,30.7,30.95,29.55,29.8,800186
2015-05-19 00:00:00+05:30,29.65,30.75,29.65,30.15,987138
2015-05-20 00:00:00+05:30,30.55,30.9,30.15,30.75,975256
2015-05-21 00:00:00+05:30,30.95,31.1,30.1,30.2,457492
2015-05-22 00:00:00+05:30,30.1,30.55,29.8,30.35,821406
2015-05-25 00:00:00+05:30,30.35,30.45,29.95,30.25,494760
2015-05-26 00:00:00+05:30,30.25,30.35,29.65,30.1,773436
2015-05-27 00:00:00+05:30,30.1,30.5,29.75,30.2,795888
2015-05-28 00:00:00+05:30,30.35,30.5,29.9,30.2,636179
2015-05-29 00:00:00+05:30,30.35,30.5,30.0,30.35,531269
2015-06-01 00:00:00+05:30,30.35,30.55,30.25,30.35,744207
2015-06-02 00:00:00+05:30,30.25,31.1,29.45,29.8,1105228
2015-06-03 00:00:00+05:30,29.95,30.05,27.4,28.45,1067985
2015-06-04 00:00:00+05:30,28.75,29.0,28.2,28.85,533245
2015-06-05 00:00:00+05:30,28.8,29.15,28.55,28.8,389254
2015-06-08 00:00:00+05:30,28.75,29.3,28.65,28.75,573339
2015-06-09 00:00:00+05:30,28.9,29.15,28.65,28.7,383631
2015-06-10 00:00:00+05:30,28.7,29.2,28.65,28.9,453595
2015-06-11 00:00:00+05:30,29.15,29.45,28.2,28.35,455758
2015-06-12 00:00:00+05:30,28.6,28.6,28.1,28.4,533254
2015-06-15 00:00:00+05:30,28.5,28.95,28.3,28.65,577153
2015-06-16 00:00:00+05:30,28.65,28.75,28.4,28.65,342249
2015-06-17 00:00:00+05:30,28.75,29.85,28.65,28.95,1068962
2015-06-18 00:00:00+05:30,29.05,29.2,28.65,28.75,709328
2015-06-19 00:00:00+05:30,28.95,29.35,28.7,28.8,961436
2015-06-22 00:00:00+05:30,29.05,29.75,28.9,29.3,984180
2015-06-23 00:00:00+05:30,29.35,29.9,29.2,29.65,840216
2015-06-24 00:00:00+05:30,29.8,30.05,29.1,29.3,333262
2015-06-25 00:00:00+05:30,29.15,29.3,28.65,29.0,342377
2015-06-26 00:00:00+05:30,28.7,29.35,28.7,28.9,607778
2015-06-29 00:00:00+05:30,28.65,29.1,27.95,28.9,523863
2015-06-30 00:00:00+05:30,28.65,30.25,28.65,29.05,1797729
2015-07-01 00:00:00+05:30,29.15,29.55,29.0,29.25,649203
2015-07-02 00:00:00+05:30,29.3,29.75,29.05,29.4,518564
2015-07-03 00:00:00+05:30,30.2,30.2,28.95,29.1,1474838
2015-07-06 00:00:00+05:30,28.9,29.35,28.5,29.2,586978
2015-07-07 00:00:00+05:30,29.45,31.75,29.25,30.95,3063780
2015-07-08 00:00:00+05:30,30.55,32.5,30.1,31.25,3402639
2015-07-09 00:00:00+05:30,31.25,32.0,30.7,30.8,831312
2015-07-10 00:00:00+05:30,31.1,31.3,30.7,31.0,689427
2015-07-13 00:00:00+05:30,31.0,33.2,30.95,33.0,2581420
2015-07-14 00:00:00+05:30,34.65,35.9,33.25,33.4,6074481
2015-07-15 00:00:00+05:30,33.6,34.25,32.8,33.15,1443139
2015-07-16 00:00:00+05:30,33.4,33.55,32.55,32.7,765078
2015-07-17 00:00:00+05:30,32.45,33.0,32.3,32.4,683892
2015-07-20 00:00:00+05:30,32.7,33.7,32.15,33.2,1633472
2015-07-21 00:00:00+05:30,33.45,33.65,31.95,32.15,897990
2015-07-22 00:00:00+05:30,32.15,32.7,31.85,32.05,965869
2015-07-23 00:00:00+05:30,32.05,32.3,31.15,31.5,1201007
2015-07-24 00:00:00+05:30,31.3,32.4,31.25,31.3,793972
2015-07-27 00:00:00+05:30,31.3,31.8,30.65,31.5,998602
2015-07-28 00:00:00+05:30,31.8,32.65,30.6,31.85,1289739
2015-07-29 00:00:00+05:30,32.3,33.4,32.2,32.75,1432892
2015-07-30 00:00:00+05:30,32.95,33.25,32.55,32.9,804282
2015-07-31 00:00:00+05:30,33.25,34.1,32.95,33.6,1767352
2015-08-03 00:00:00+05:30,33.65,33.9,31.5,31.8,4975164
2015-08-04 00:00:00+05:30,31.8,31.8,30.35,30.5,2791861
2015-08-05 00:00:00+05:30,30.7,32.2,30.7,31.55,2202014
2015-08-06 00:00:00+05:30,31.9,32.2,31.45,31.55,1032864
2015-08-07 00:00:00+05:30,31.75,31.95,31.35,31.5,887154
2015-08-10 00:00:00+05:30,31.55,31.9,30.9,31.05,945305
2015-08-11 00:00:00+05:30,31.15,31.5,30.25,30.45,1483164
2015-08-12 00:00:00+05:30,30.45,30.45,29.9,30.05,1344815
2015-08-13 00:00:00+05:30,30.25,30.65,29.65,29.9,1127120
2015-08-14 00:00:00+05:30,29.95,30.0,29.25,29.65,1269045
2015-08-17 00:00:00+05:30,29.55,31.55,29.45,31.2,1361833
2015-08-18 00:00:00+05:30,31.3,31.3,29.9,30.2,1056642
2015-08-19 00:00:00+05:30,29.85,30.7,29.65,29.9,1604861
2015-08-20 00:00:00+05:30,30.15,30.15,29.45,29.6,933299
2015-08-21 00:00:00+05:30,29.45,29.55,28.4,29.1,2653690
2015-08-24 00:00:00+05:30,28.4,28.4,23.7,25.85,1784150
2015-08-25 00:00:00+05:30,26.4,27.25,24.65,26.4,2023729
2015-08-26 00:00:00+05:30,26.9,27.45,26.3,26.9,934305
2015-08-27 00:00:00+05:30,27.4,28.85,27.2,28.5,1916261
2015-08-28 00:00:00+05:30,28.6,28.85,27.4,28.25,1715185
2015-08-31 00:00:00+05:30,27.55,28.4,27.55,27.65,923703
2015-09-01 00:00:00+05:30,27.5,27.9,26.9,27.25,601908
2015-09-02 00:00:00+05:30,27.25,27.5,26.7,27.0,789785
2015-09-03 00:00:00+05:30,27.2,27.6,26.95,27.05,1512492
2015-09-04 00:00:00+05:30,27.05,27.05,26.3,26.7,921688
2015-09-07 00:00:00+05:30,27.0,27.25,25.95,26.2,506816
2015-09-08 00:00:00+05:30,26.2,26.65,25.15,26.3,1412696
2015-09-09 00:00:00+05:30,26.65,26.95,26.25,26.35,634038
2015-09-10 00:00:00+05:30,25.85,26.4,25.45,26.05,846445
2015-09-11 00:00:00+05:30,26.25,26.55,25.95,26.2,773449
2015-09-14 00:00:00+05:30,26.35,28.5,25.55,27.95,1533994
2015-09-15 00:00:00+05:30,28.05,28.15,26.9,27.1,1366129
2015-09-16 00:00:00+05:30,27.2,27.7,27.05,27.1,383879
2015-09-18 00:00:00+05:30,27.1,27.3,25.45,25.75,1757150
2015-09-21 00:00:00+05:30,26.1,26.25,25.6,25.9,1072224
2015-09-22 00:00:00+05:30,25.9,27.15,25.85,26.2,1676961
2015-09-23 00:00:00+05:30,25.95,26.45,25.9,26.35,802839
2015-09-24 00:00:00+05:30,26.15,26.35,26.05,26.15,519678
2015-09-28 00:00:00+05:30,26.35,26.45,26.05,26.15,505261
2015-09-29 00:00:00+05:30,25.95,26.35,25.75,26.0,557748
2015-09-30 00:00:00+05:30,26.2,26.4,25.75,25.85,685666
2015-10-01 00:00:00+05:30,26.3,26.35,25.75,26.0,758248
2015-10-05 00:00:00+05:30,26.35,26.4,26.25,26.35,761678
2015-10-06 00:00:00+05:30,26.45,26.6,26.2,26.3,603738
2015-10-07 00:00:00+05:30,26.4,26.45,26.2,26.3,861534
2015-10-08 00:00:00+05:30,26.4,27.1,26.35,26.6,1749112
2015-10-09 00:00:00+05:30,26.8,27.8,26.8,27.6,3985392
2015-10-12 00:00:00+05:30,27.85,28.8,27.55,28.45,2417599
2015-10-13 00:00:00+05:30,28.75,29.2,28.4,28.8,2791642
2015-10-14 00:00:00+05:30,28.8,29.9,28.55,28.8,2725329
2015-10-15 00:00:00+05:30,28.85,29.3,28.6,28.65,893921
2015-10-16 00:00:00+05:30,28.65,28.95,28.0,28.75,1191510
2015-10-19 00:00:00+05:30,28.85,30.35,28.8,30.05,2632703
2015-10-20 00:00:00+05:30,30.35,30.8,29.4,29.95,2046588
2015-10-21 00:00:00+05:30,30.1,30.95,29.7,30.3,2097527
2015-10-23 00:00:00+05:30,30.6,32.5,30.6,32.2,5750913
2015-10-26 00:00:00+05:30,32.4,32.55,31.0,31.95,2358627
2015-10-27 00:00:00+05:30,32.0,33.05,31.35,32.9,3132518
2015-10-28 00:00:00+05:30,33.15,33.4,32.1,32.6,2551584
2015-10-29 00:00:00+05:30,32.9,32.9,30.15,30.4,5322823
2015-10-30 00:00:00+05:30,30.6,32.0,30.6,31.5,3782143
2015-11-02 00:00:00+05:30,31.5,31.85,30.65,31.1,987470
2015-11-03 00:00:00+05:30,31.3,32.8,31.1,32.25,2831572
2015-11-04 00:00:00+05:30,32.5,32.65,30.95,31.1,1229300
2015-11-05 00:00:00+05:30,31.25,31.4,30.1,30.2,945719
2015-11-06 00:00:00+05:30,30.45,30.9,29.6,30.6,1231474
2015-11-09 00:00:00+05:30,30.3,32.4,29.35,32.2,2319539
2015-11-10 00:00:00+05:30,32.1,33.05,31.65,31.85,1152415
2015-11-11 00:00:00+05:30,32.3,33.55,32.15,33.2,1863598
2015-11-13 00:00:00+05:30,32.6,36.0,32.5,35.25,5691384
2015-11-16 00:00:00+05:30,35.7,38.9,35.5,36.65,12460732
2015-11-17 00:00:00+05:30,36.9,37.95,35.85,37.45,5413013
2015-11-18 00:00:00+05:30,37.45,38.9,37.3,37.6,5688277
2015-11-19 00:00:00+05:30,37.8,38.75,37.6,38.1,3907549
2015-11-20 00:00:00+05:30,38.3,39.05,37.7,37.85,4176180
2015-11-23 00:00:00+05:30,38.1,39.8,37.3,39.4,6018214
2015-11-24 00:00:00+05:30,39.6,42.85,39.3,41.6,12345308
2015-11-26 00:00:00+05:30,41.7,42.05,40.1,40.75,4639184
2015-11-27 00:00:00+05:30,40.8,42.7,40.4,42.15,4438587
2015-11-30 00:00:00+05:30,42.3,44.25,41.6,43.6,8033003
2015-12-01 00:00:00+05:30,43.95,44.9,43.1,44.15,6091923
2015-12-02 00:00:00+05:30,43.95,44.0,42.2,42.4,3518340
2015-12-03 00:00:00+05:30,42.35,43.55,40.9,41.7,3906569
2015-12-04 00:00:00+05:30,41.3,41.55,39.35,39.65,2701470
2015-12-07 00:00:00+05:30,39.65,42.1,39.65,41.5,2839292
2015-12-08 00:00:00+05:30,41.55,43.25,38.8,39.6,4207701
2015-12-09 00:00:00+05:30,39.65,40.55,37.6,37.9,3161437
2015-12-10 00:00:00+05:30,38.25,39.35,37.35,39.1,2739169
2015-12-11 00:00:00+05:30,39.35,40.05,37.45,38.05,1807965
2015-12-14 00:00:00+05:30,37.7,39.0,37.65,38.6,1627279
2015-12-15 00:00:00+05:30,38.7,39.4,38.7,38.9,1380642
2015-12-16 00:00:00+05:30,39.4,40.05,39.05,39.25,1709121
2015-12-17 00:00:00+05:30,39.65,43.1,39.55,42.9,6952861
2015-12-18 00:00:00+05:30,42.95,43.05,41.7,42.0,2689703
2015-12-21 00:00:00+05:30,42.1,42.85,41.35,42.35,2418775
2015-12-22 00:00:00+05:30,42.95,44.5,42.45,42.95,6091400
2015-12-23 00:00:00+05:30,43.15,43.75,42.7,42.95,1853305
2015-12-24 00:00:00+05:30,43.35,43.35,42.35,42.5,1560725
2015-12-28 00:00:00+05:30,42.8,42.95,42.35,42.5,1111569
2015-12-29 00:00:00+05:30,42.55,42.8,41.35,41.6,1543679
2015-12-30 00:00:00+05:30,41.7,42.8,41.2,41.8,1391202
2015-12-31 00:00:00+05:30,41.95,42.65,41.9,42.3,1697342
2016-01-01 00:00:00+05:30,42.8,42.9,42.35,42.45,1548127
2016-01-04 00:00:00+05:30,42.3,42.85,40.6,41.3,1716475
2016-01-05 00:00:00+05:30,41.6,43.0,41.0,42.4,2519497
2016-01-06 00:00:00+05:30,42.15,42.55,40.8,40.95,1852643
2016-01-07 00:00:00+05:30,40.6,40.65,38.35,38.75,2298212
2016-01-08 00:00:00+05:30,38.95,39.8,38.95,39.35,1576779
2016-01-11 00:00:00+05:30,38.95,39.1,38.05,38.4,895399
2016-01-12 00:00:00+05:30,38.65,38.85,37.0,37.3,1094861
2016-01-13 00:00:00+05:30,37.7,38.05,33.1,37.0,3884746
2016-01-14 00:00:00+05:30,36.05,37.8,34.5,37.25,2207875
2016-01-15 00:00:00+05:30,37.65,38.15,34.0,34.25,1854491
2016-01-18 00:00:00+05:30,34.45,34.9,32.4,33.1,1899267
2016-01-19 00:00:00+05:30,33.35,34.25,33.15,33.6,1417764
2016-01-20 00:00:00+05:30,33.25,35.2,32.0,34.0,2838261
2016-01-21 00:00:00+05:30,34.9,36.1,33.85,35.0,1484073
2016-01-22 00:00:00+05:30,35.7,36.3,35.25,35.85,1103420
2016-01-25 00:00:00+05:30,36.1,36.9,34.3,35.65,1200992
2016-01-27 00:00:00+05:30,36.0,37.2,35.05,37.05,1480174
2016-01-28 00:00:00+05:30,37.35,38.15,35.85,36.6,2753228
2016-01-29 00:00:00+05:30,36.9,37.9,36.5,36.65,1778012
2016-02-01 00:00:00+05:30,37.05,37.25,35.9,36.15,1130381
2016-02-02 00:00:00+05:30,36.2,36.25,34.05,34.35,1627764
2016-02-03 00:00:00+05:30,34.0,34.0,32.8,33.05,1216662
2016-02-04 00:00:00+05:30,33.45,33.7,31.4,32.45,2207325
2016-02-05 00:00:00+05:30,32.55,34.6,31.8,34.0,1043586
2016-02-08 00:00:00+05:30,34.35,34.85,33.35,34.25,985297
2016-02-09 00:00:00+05:30,33.9,34.05,33.0,33.2,915028
2016-02-10 00:00:00+05:30,33.05,33.35,32.0,32.2,821042
2016-02-11 00:00:00+05:30,32.2,32.2,29.0,29.8,2473658
2016-02-12 00:00:00+05:30,29.55,31.95,28.25,30.45,3298679
2016-02-15 00:00:00+05:30,31.2,31.8,30.9,31.05,1092402
2016-02-16 00:00:00+05:30,31.15,31.4,29.5,29.75,1300128
2016-02-17 00:00:00+05:30,30.15,30.85,28.05,30.65,1996673
2016-02-18 00:00:00+05:30,31.2,31.2,30.3,30.8,898049
2016-02-19 00:00:00+05:30,30.2,30.95,29.65,29.95,980444
2016-02-22 00:00:00+05:30,30.1,30.45,29.5,29.75,780541
2016-02-23 00:00:00+05:30,29.95,30.3,29.35,29.5,686431
2016-02-24 00:00:00+05:30,29.35,29.85,28.95,29.35,691913
2016-02-25 00:00:00+05:30,29.55,29.7,28.8,29.0,795206
2016-02-26 00:00:00+05:30,29.25,30.05,28.85,29.5,704000
2016-02-29 00:00:00+05:30,29.05,30.15,28.45,29.4,872421
2016-03-01 00:00:00+05:30,29.35,31.1,28.95,30.95,1187477
2016-03-02 00:00:00+05:30,31.4,31.8,31.05,31.3,828601
2016-03-03 00:00:00+05:30,31.4,32.05,31.1,31.7,811311
2016-03-04 00:00:00+05:30,31.7,33.95,31.4,33.75,1727547
2016-03-08 00:00:00+05:30,33.25,35.55,33.25,35.4,2297890
2016-03-09 00:00:00+05:30,35.05,35.5,34.3,34.8,778170
2016-03-10 00:00:00+05:30,35.05,35.55,34.25,34.5,1103341
2016-03-11 00:00:00+05:30,34.45,34.75,33.85,34.15,880925
2016-03-14 00:00:00+05:30,34.6,34.9,34.1,34.45,673012
2016-03-15 00:00:00+05:30,34.6,34.6,33.55,33.8,493119
2016-03-16 00:00:00+05:30,33.8,34.25,33.4,34.05,1227011
2016-03-17 00:00:00+05:30,34.3,34.85,33.65,33.8,763201
2016-03-18 00:00:00+05:30,34.05,34.15,33.1,33.2,625485
2016-03-21 00:00:00+05:30,33.45,34.1,33.15,33.55,1305407
2016-03-22 00:00:00+05:30,33.85,33.85,31.25,32.15,2563213
2016-03-23 00:00:00+05:30,32.25,32.3,31.25,31.8,1216861
2016-03-28 00:00:00+05:30,31.85,32.45,31.3,31.95,1552596
2016-03-29 00:00:00+05:30,31.7,32.4,31.55,32.05,928774
2016-03-30 00:00:00+05:30,32.3,32.8,32.2,32.65,845583
2016-03-31 00:00:00+05:30,33.15,33.25,32.5,32.85,1059759
2016-04-01 00:00:00+05:30,32.9,33.2,32.7,32.95,479187
2016-04-04 00:00:00+05:30,33.05,33.55,32.85,33.4,690061
2016-04-05 00:00:00+05:30,33.45,33.45,32.3,32.45,877214
2016-04-06 00:00:00+05:30,32.35,32.8,32.35,32.5,431327
2016-04-07 00:00:00+05:30,32.6,32.75,32.3,32.4,585959
2016-04-08 00:00:00+05:30,32.4,33.35,32.3,33.15,735423
2016-04-11 00:00:00+05:30,33.25,35.1,33.2,34.5,1675876
2016-04-12 00:00:00+05:30,34.45,35.8,34.05,35.05,2112212
2016-04-13 00:00:00+05:30,35.1,35.55,34.4,34.7,990003
2016-04-18 00:00:00+05:30,35.25,35.5,34.85,35.0,1155561
2016-04-20 00:00:00+05:30,35.25,35.45,34.85,35.15,1395404
2016-04-21 00:00:00+05:30,35.7,37.3,35.5,36.85,4630581
2016-04-22 00:00:00+05:30,37.2,37.5,35.8,36.65,1726522
2016-04-25 00:00:00+05:30,36.6,37.6,35.75,36.15,1076285
2016-04-26 00:00:00+05:30,36.45,40.05,36.45,38.0,9725438
2016-04-27 00:00:00+05:30,38.1,40.05,38.05,39.85,4813224
2016-04-28 00:00:00+05:30,39.85,40.45,38.65,38.85,2167156
2016-04-29 00:00:00+05:30,38.65,40.25,38.65,40.1,2362350
2016-05-02 00:00:00+05:30,40.1,41.05,39.7,40.15,2823666
2016-05-03 00:00:00+05:30,40.2,41.1,39.75,39.95,1972004
2016-05-04 00:00:00+05:30,40.1,40.3,39.05,39.15,1249726
2016-05-05 00:00:00+05:30,39.35,39.9,39.0,39.45,951051
2016-05-06 00:00:00+05:30,39.35,39.9,38.95,39.45,1222192
2016-05-09 00:00:00+05:30,39.8,42.0,39.7,41.4,3993776
2016-05-10 00:00:00+05:30,41.6,42.4,41.15,41.8,2602448
2016-05-11 00:00:00+05:30,41.3,41.6,40.2,40.95,1961189
2016-05-12 00:00:00+05:30,41.4,41.8,38.85,39.2,6338574
2016-05-13 00:00:00+05:30,39.15,39.85,38.35,38.55,2378049
2016-05-16 00:00:00+05:30,38.9,38.9,37.55,38.1,1272222
2016-05-17 00:00:00+05:30,38.3,38.5,36.65,36.8,2104259
2016-05-18 00:00:00+05:30,36.9,36.95,35.7,36.25,1685267
2016-05-19 00:00:00+05:30,36.65,38.35,36.1,37.6,2498989
2016-05-20 00:00:00+05:30,37.6,38.15,36.85,37.5,1789125
2016-05-23 00:00:00+05:30,37.5,38.8,37.5,38.6,2484759
2016-05-24 00:00:00+05:30,38.8,41.1,38.7,40.65,5484154
2016-05-25 00:00:00+05:30,41.3,41.7,40.5,40.9,3146810
2016-05-26 00:00:00+05:30,41.2,41.25,40.1,40.65,1616064
2016-05-27 00:00:00+05:30,40.85,41.6,39.85,40.6,1843306
2016-05-30 00:00:00+05:30,41.0,42.1,39.75,40.05,1529822
2016-05-31 00:00:00+05:30,40.25,40.25,38.4,38.9,1564239
2016-06-01 00:00:00+05:30,40.0,40.0,38.2,39.2,2073497
2016-06-02 00:00:00+05:30,38.9,41.6,38.9,40.45,3887163
2016-06-03 00:00:00+05:30,40.8,41.5,40.1,40.75,1986303
2016-06-06 00:00:00+05:30,40.95,41.6,40.65,41.25,1765020
2016-06-07 00:00:00+05:30,41.45,45.75,40.8,44.9,15847387
2016-06-08 00:00:00+05:30,44.75,46.4,44.1,45.3,7744193
2016-06-09 00:00:00+05:30,45.5,47.3,44.65,45.9,7478878
2016-06-10 00:00:00+05:30,45.95,47.8,45.2,46.4,5683163
2016-06-13 00:00:00+05:30,46.0,46.0,44.35,44.65,3772897
2016-06-14 00:00:00+05:30,44.65,45.65,44.2,44.75,2421150
2016-06-15 00:00:00+05:30,44.95,46.25,44.65,45.8,3186220
2016-06-16 00:00:00+05:30,45.9,46.7,44.45,45.3,3648311
2016-06-17 00:00:00+05:30,45.45,46.1,44.2,44.4,2039460
2016-06-20 00:00:00+05:30,44.0,45.7,43.75,45.2,2359048
2016-06-21 00:00:00+05:30,45.3,46.15,44.95,45.55,2392252
2016-06-22 00:00:00+05:30,45.75,46.15,44.75,45.2,2174130
2016-06-23 00:00:00+05:30,45.25,45.8,44.25,45.5,2443253
2016-06-24 00:00:00+05:30,43.85,43.85,40.55,43.15,6419667
2016-06-27 00:00:00+05:30,43.05,44.55,42.55,43.5,2850183
2016-06-28 00:00:00+05:30,43.95,44.5,42.85,43.25,1843791
2016-06-29 00:00:00+05:30,43.65,45.2,43.55,44.4,4214820
2016-06-30 00:00:00+05:30,44.9,46.0,44.75,45.4,4241829
2016-07-01 00:00:00+05:30,45.8,46.9,45.35,45.55,4567416
2016-07-04 00:00:00+05:30,45.5,49.2,45.5,48.85,13081711
2016-07-05 00:00:00+05:30,49.1,49.3,47.55,47.85,5534920
2016-07-07 00:00:00+05:30,48.25,48.45,46.4,46.95,5126880
2016-07-08 00:00:00+05:30,46.8,47.05,45.65,45.9,2585506
2016-07-11 00:00:00+05:30,46.45,47.55,46.25,47.2,3381974
2016-07-12 00:00:00+05:30,47.45,48.45,46.5,48.15,4815215
2016-07-13 00:00:00+05:30,47.95,48.75,46.3,46.55,2682403
2016-07-14 00:00:00+05:30,46.6,48.2,45.95,47.75,3374309
2016-07-15 00:00:00+05:30,47.85,48.2,46.5,46.95,2445428
2016-07-18 00:00:00+05:30,47.0,48.9,46.75,48.1,6883399
2016-07-19 00:00:00+05:30,47.65,47.9,46.4,46.65,2891743
2016-07-20 00:00:00+05:30,46.7,47.75,46.5,47.2,2164981
2016-07-21 00:00:00+05:30,47.2,50.45,46.75,49.15,11326591
2016-07-22 00:00:00+05:30,49.4,50.7,48.75,49.85,7025793
2016-07-25 00:00:00+05:30,50.1,52.05,49.7,51.7,9499098
2016-07-26 00:00:00+05:30,52.1,52.5,47.6,48.2,12167063
2016-07-27 00:00:00+05:30,48.6,49.25,46.75,47.25,3867144
2016-07-28 00:00:00+05:30,47.55,47.65,46.0,46.3,2292428
2016-07-29 00:00:00+05:30,46.7,47.05,44.4,45.55,2603511
2016-08-01 00:00:00+05:30,45.7,47.65,45.7,47.35,3792095
2016-08-02 00:00:00+05:30,47.65,48.35,46.6,47.2,4126642
2016-08-03 00:00:00+05:30,47.35,47.35,45.8,46.1,1917751
2016-08-04 00:00:00+05:30,46.5,47.25,46.0,46.45,2626893
2016-08-05 00:00:00+05:30,46.45,46.9,45.65,45.85,1534266
2016-08-08 00:00:00+05:30,46.4,47.25,45.7,47.0,3484279
2016-08-09 00:00:00+05:30,47.05,47.25,46.15,46.3,1452531
2016-08-10 00:00:00+05:30,46.5,46.7,45.2,45.35,1782022
2016-08-11 00:00:00+05:30,45.75,45.75,42.2,43.9,3637332
2016-08-12 00:00:00+05:30,44.05,44.95,43.3,43.85,1540955
2016-08-16 00:00:00+05:30,44.1,44.25,43.5,43.65,737294
2016-08-17 00:00:00+05:30,43.7,43.7,42.5,43.15,1191443
2016-08-18 00:00:00+05:30,43.45,44.55,43.2,43.65,1083835
2016-08-19 00:00:00+05:30,43.95,44.6,43.55,44.2,2085518
2016-08-22 00:00:00+05:30,44.05,44.7,42.7,42.9,1742391
2016-08-23 00:00:00+05:30,43.2,43.95,42.65,43.0,2102903
2016-08-24 00:00:00+05:30,43.25,43.6,42.75,42.85,1012653
2016-08-25 00:00:00+05:30,43.2,43.25,42.5,42.8,1008279
2016-08-26 00:00:00+05:30,43.0,43.0,41.65,42.05,1231381
2016-08-29 00:00:00+05:30,42.1,42.25,41.35,41.6,1030020
2016-08-30 00:00:00+05:30,41.7,41.7,40.7,41.25,2042919
2016-08-31 00:00:00+05:30,41.55,43.25,41.3,42.9,1953202
2016-09-01 00:00:00+05:30,43.05,43.25,41.65,42.1,1189296
2016-09-02 00:00:00+05:30,42.35,43.15,41.8,42.9,1123472
2016-09-06 00:00:00+05:30,43.45,43.8,42.75,43.55,1326711
2016-09-07 00:00:00+05:30,43.85,43.85,42.85,42.95,1016567
2016-09-08 00:00:00+05:30,43.0,43.0,42.35,42.65,1062084
2016-09-09 00:00:00+05:30,42.7,42.8,41.75,41.95,1806021
2016-09-12 00:00:00+05:30,40.9,41.5,40.1,40.95,1208240
2016-09-14 00:00:00+05:30,40.7,41.55,40.7,41.0,758022
2016-09-15 00:00:00+05:30,41.3,41.5,40.7,40.8,679545
2016-09-16 00:00:00+05:30,41.0,43.55,40.95,42.9,4457803
2016-09-19 00:00:00+05:30,43.25,43.6,42.0,42.5,1741311
2016-09-20 00:00:00+05:30,42.55,42.6,41.75,41.85,718224
2016-09-21 00:00:00+05:30,42.0,42.3,41.1,41.35,792553
2016-09-22 00:00:00+05:30,41.7,42.4,41.4,41.55,1580343
2016-09-23 00:00:00+05:30,41.7,43.15,41.6,42.4,2274381
2016-09-26 00:00:00+05:30,42.4,42.45,41.15,41.4,1614596
2016-09-27 00:00:00+05:30,41.75,41.9,40.7,40.85,975677
2016-09-28 00:00:00+05:30,40.95,42.0,40.7,41.0,1810327
2016-09-29 00:00:00+05:30,41.5,41.5,36.9,38.2,2422524
2016-09-30 00:00:00+05:30,38.25,40.2,38.15,39.7,1666065
2016-10-03 00:00:00+05:30,40.15,41.85,40.15,40.85,1453655
2016-10-04 00:00:00+05:30,41.1,41.55,39.4,40.2,2307338
2016-10-05 00:00:00+05:30,39.45,40.55,39.45,39.65,1742186
2016-10-06 00:00:00+05:30,39.95,41.55,39.6,40.0,2514811
2016-10-07 00:00:00+05:30,40.1,40.85,39.85,40.3,903793
2016-10-10 00:00:00+05:30,40.4,40.7,39.8,40.1,697669
2016-10-13 00:00:00+05:30,39.95,40.05,38.45,39.35,1709991
2016-10-14 00:00:00+05:30,39.5,39.65,39.0,39.15,911595
2016-10-17 00:00:00+05:30,39.5,39.5,38.3,38.55,970388
2016-10-18 00:00:00+05:30,39.0,39.65,38.7,39.3,920642
2016-10-19 00:00:00+05:30,39.55,40.35,38.85,39.95,1290065
2016-10-20 00:00:00+05:30,39.95,40.35,39.7,39.85,918474
2016-10-21 00:00:00+05:30,40.0,40.05,39.2,39.5,1443041
2016-10-24 00:00:00+05:30,39.5,40.85,39.15,40.1,3206974
2016-10-25 00:00:00+05:30,40.4,40.7,39.55,39.8,1566464
2016-10-26 00:00:00+05:30,39.65,40.2,39.15,39.55,907717
2016-10-27 00:00:00+05:30,39.55,39.75,38.45,38.95,1959017
2016-10-28 00:00:00+05:30,38.95,39.6,38.75,39.25,2427658
2016-11-01 00:00:00+05:30,39.55,39.8,39.1,39.5,2661152
2016-11-02 00:00:00+05:30,39.65,39.75,38.25,38.45,1718797
2016-11-03 00:00:00+05:30,38.45,38.95,37.35,37.7,1253189
2016-11-04 00:00:00+05:30,37.85,38.0,36.25,36.85,1661984
2016-11-07 00:00:00+05:30,37.3,37.7,36.7,36.85,1238172
2016-11-08 00:00:00+05:30,37.05,38.0,36.85,37.75,952108
2016-11-09 00:00:00+05:30,33.25,36.75,30.2,36.35,3128039
2016-11-10 00:00:00+05:30,38.15,38.15,36.4,36.7,893079
2016-11-11 00:00:00+05:30,36.0,36.15,35.15,35.55,1225585
2016-11-15 00:00:00+05:30,35.95,35.95,33.7,34.25,2093522
2016-11-16 00:00:00+05:30,34.75,36.35,33.95,35.15,1566530
2016-11-17 00:00:00+05:30,35.25,35.7,34.8,35.2,1048148
2016-11-18 00:00:00+05:30,35.15,35.6,34.25,34.55,582204
2016-11-21 00:00:00+05:30,34.8,34.8,33.1,33.35,1727584
2016-11-22 00:00:00+05:30,33.4,34.75,33.1,34.5,1053528
2016-11-23 00:00:00+05:30,34.55,35.05,33.75,34.4,800365
2016-11-24 00:00:00+05:30,33.85,35.1,33.85,34.9,782469
2016-11-25 00:00:00+05:30,35.0,37.1,34.8,36.2,1223367
2016-11-28 00:00:00+05:30,36.35,36.6,35.6,35.65,588270
2016-11-29 00:00:00+05:30,35.8,36.6,35.35,36.15,652486
2016-11-30 00:00:00+05:30,36.2,36.35,35.9,36.1,441078
2016-12-01 00:00:00+05:30,36.2,36.25,35.7,35.75,471575
2016-12-02 00:00:00+05:30,35.5,35.8,35.35,35.5,431705
2016-12-05 00:00:00+05:30,35.5,36.45,35.3,35.55,736608
2016-12-06 00:00:00+05:30,35.6,36.25,35.25,35.45,980868
2016-12-07 00:00:00+05:30,35.7,35.7,35.25,35.3,335797
2016-12-08 00:00:00+05:30,35.45,37.7,35.45,37.4,2207014
2016-12-09 00:00:00+05:30,38.05,39.65,37.95,39.1,4056976
2016-12-12 00:00:00+05:30,39.4,39.55,38.15,39.05,1840892
2016-12-13 00:00:00+05:30,39.25,39.9,37.8,38.95,3660650
2016-12-14 00:00:00+05:30,39.35,39.35,37.8,38.05,1187120
2016-12-15 00:00:00+05:30,38.05,38.95,37.7,38.15,758303
2016-12-16 00:00:00+05:30,38.55,38.55,37.35,37.55,642843
2016-12-19 00:00:00+05:30,37.8,37.8,36.3,36.75,743917
2016-12-20 00:00:00+05:30,37.2,37.6,35.75,36.05,1213274
2016-12-21 00:00:00+05:30,36.4,36.95,35.5,36.65,1195040
2016-12-22 00:00:00+05:30,36.7,36.7,35.7,35.85,1094357
2016-12-23 00:00:00+05:30,35.6,36.0,35.25,35.55,652637
2016-12-26 00:00:00+05:30,35.25,35.9,34.9,35.7,873792
2016-12-27 00:00:00+05:30,35.7,36.35,35.4,36.15,515436
2016-12-28 00:00:00+05:30,36.2,36.85,35.65,36.15,608173
2016-12-29 00:00:00+05:30,35.9,36.85,35.8,36.25,572674
2016-12-30 00:00:00+05:30,36.35,37.35,36.25,37.0,1244381
2017-01-02 00:00:00+05:30,37.25,37.6,37.05,37.35,427137
2017-01-03 00:00:00+05:30,37.55,37.95,37.3,37.35,446619
2017-01-04 00:00:00+05:30,37.45,38.4,37.45,38.15,968251
2017-01-05 00:00:00+05:30,38.4,39.15,38.0,38.9,1821619
2017-01-06 00:00:00+05:30,39.35,39.75,38.05,38.15,1114815
2017-01-09 00:00:00+05:30,37.85,38.05,37.4,37.65,721003
2017-01-10 00:00:00+05:30,37.95,38.3,37.45,37.6,741898
2017-01-11 00:00:00+05:30,37.6,37.95,37.3,37.4,583656
2017-01-12 00:00:00+05:30,37.5,37.8,37.2,37.3,452672
2017-01-13 00:00:00+05:30,37.65,38.2,37.25,37.4,838754
2017-01-16 00:00:00+05:30,37.7,37.7,37.2,37.35,587783
2017-01-17 00:00:00+05:30,37.5,37.5,37.05,37.15,589184
2017-01-18 00:00:00+05:30,37.25,37.75,37.05,37.2,753872
2017-01-19 00:00:00+05:30,37.2,39.3,37.2,38.75,2896997
2017-01-20 00:00:00+05:30,38.85,39.1,38.05,38.25,901037
2017-01-23 00:00:00+05:30,38.15,38.4,37.75,38.0,501504
2017-01-24 00:00:00+05:30,38.05,40.5,37.75,39.8,3498261
2017-01-25 00:00:00+05:30,40.1,40.1,38.9,39.2,1473340
2017-01-27 00:00:00+05:30,40.05,41.0,39.85,40.55,2904504
2017-01-30 00:00:00+05:30,40.35,41.35,40.05,40.45,2133205
2017-01-31 00:00:00+05:30,40.4,40.8,38.55,38.9,2948393
2017-02-01 00:00:00+05:30,40.85,40.95,38.8,39.45,3787539
2017-02-02 00:00:00+05:30,39.7,40.05,38.5,38.8,1821656
2017-02-03 00:00:00+05:30,38.9,39.6,38.3,38.5,2256749
2017-02-06 00:00:00+05:30,38.65,39.2,38.45,38.7,2085151
2017-02-07 00:00:00+05:30,38.95,43.15,38.5,42.15,15255450
2017-02-08 00:00:00+05:30,42.85,45.9,42.75,44.9,18829313
2017-02-09 00:00:00+05:30,45.1,46.1,44.15,44.5,5727684
2017-02-10 00:00:00+05:30,44.9,47.15,44.1,46.55,12233208
2017-02-13 00:00:00+05:30,46.95,48.2,45.55,47.1,8022514
2017-02-14 00:00:00+05:30,46.8,47.05,44.3,45.5,3456779
2017-02-15 00:00:00+05:30,45.65,45.65,42.95,43.15,3472923
2017-02-16 00:00:00+05:30,44.05,44.3,41.75,42.55,4865408
2017-02-17 00:00:00+05:30,42.65,45.25,42.4,44.45,5889171
2017-02-20 00:00:00+05:30,44.5,44.75,43.55,43.8,2338986
2017-02-21 00:00:00+05:30,44.1,44.3,43.15,43.3,1496922
2017-02-22 00:00:00+05:30,43.65,44.25,42.75,42.95,1918720
2017-02-23 00:00:00+05:30,43.0,43.7,42.4,42.75,1829693
2017-02-27 00:00:00+05:30,42.9,43.75,42.45,42.65,2074955
2017-02-28 00:00:00+05:30,43.0,43.5,42.05,42.9,2075143
2017-03-01 00:00:00+05:30,43.35,45.5,42.85,44.7,7940824
2017-03-02 00:00:00+05:30,44.75,45.55,42.95,43.15,3534787
2017-03-03 00:00:00+05:30,43.05,44.8,42.35,44.55,2906382
2017-03-06 00:00:00+05:30,44.6,44.9,44.05,44.3,1963502
2017-03-07 00:00:00+05:30,44.35,44.65,43.6,44.05,1948181
2017-03-08 00:00:00+05:30,44.45,44.45,42.9,43.25,1722574
2017-03-09 00:00:00+05:30,42.95,43.65,42.6,42.75,951575
2017-03-10 00:00:00+05:30,43.05,43.45,41.65,41.8,1391052
2017-03-14 00:00:00+05:30,42.5,42.95,41.15,41.25,1440738
2017-03-15 00:00:00+05:30,41.25,42.85,41.05,42.6,2300675
2017-03-16 00:00:00+05:30,42.95,43.45,41.9,42.0,1988630
2017-03-17 00:00:00+05:30,42.1,42.4,41.2,41.6,1140568
2017-03-20 00:00:00+05:30,41.7,41.9,40.0,40.15,2331976
2017-03-21 00:00:00+05:30,40.2,41.5,40.0,40.7,1480995
2017-03-22 00:00:00+05:30,40.1,40.5,39.8,40.25,1347134
2017-03-23 00:00:00+05:30,40.55,41.55,40.25,41.25,1792060
2017-03-24 00:00:00+05:30,41.45,41.6,40.0,40.1,1666196
2017-03-27 00:00:00+05:30,40.45,41.0,40.1,40.25,1530377
2017-03-28 00:00:00+05:30,40.55,40.7,39.45,39.6,1175416
2017-03-29 00:00:00+05:30,39.85,41.25,39.15,41.0,3576595
2017-03-30 00:00:00+05:30,41.15,41.45,40.7,40.85,1020407
2017-03-31 00:00:00+05:30,41.05,41.4,40.6,40.8,1867644
2017-04-03 00:00:00+05:30,40.7,41.8,40.7,41.55,1252578
2017-04-05 00:00:00+05:30,41.8,42.9,41.65,42.4,3916589
2017-04-06 00:00:00+05:30,42.2,42.55,41.15,41.45,2209111
2017-04-07 00:00:00+05:30,41.4,41.55,40.15,40.3,1410257
2017-04-10 00:00:00+05:30,40.6,40.85,39.7,39.85,1867212
2017-04-11 00:00:00+05:30,40.05,40.85,39.8,40.4,1077036
2017-04-12 00:00:00+05:30,40.4,41.25,39.75,39.9,1734264
2017-04-13 00:00:00+05:30,39.9,40.8,39.65,39.85,1754571
2017-04-17 00:00:00+05:30,40.1,40.1,39.4,39.65,1267225
2017-04-18 00:00:00+05:30,39.75,40.55,39.05,39.15,1749715
2017-04-19 00:00:00+05:30,39.15,39.7,38.9,39.15,1153811
2017-04-20 00:00:00+05:30,39.25,42.3,38.9,41.05,6679688
2017-04-21 00:00:00+05:30,41.4,44.5,41.1,42.75,12037332
2017-04-24 00:00:00+05:30,43.05,43.2,42.35,42.4,1805225
2017-04-25 00:00:00+05:30,42.65,42.8,41.55,41.75,1822202
2017-04-26 00:00:00+05:30,41.95,43.85,41.45,42.4,5162463
2017-04-27 00:00:00+05:30,42.5,43.1,42.05,42.45,1793350
2017-04-28 00:00:00+05:30,42.55,43.25,42.2,42.4,2333568
2017-05-02 00:00:00+05:30,42.6,42.95,41.7,42.05,1625482
2017-05-03 00:00:00+05:30,42.1,43.05,42.0,42.25,2315161
2017-05-04 00:00:00+05:30,42.65,42.65,40.6,40.8,3042638
2017-05-05 00:00:00+05:30,40.9,41.85,38.4,38.9,5345372
2017-05-08 00:00:00+05:30,39.55,39.55,37.8,37.95,2973876
2017-05-09 00:00:00+05:30,38.15,39.95,38.15,38.5,4125518
2017-05-10 00:00:00+05:30,38.85,39.05,38.0,38.25,2435072
2017-05-11 00:00:00+05:30,38.35,38.8,37.8,37.95,2369775
2017-05-12 00:00:00+05:30,38.25,38.45,37.3,37.5,2097216
2017-05-15 00:00:00+05:30,37.8,37.95,36.9,37.0,2529603
2017-05-16 00:00:00+05:30,37.05,38.5,36.35,38.0,8349783
2017-05-17 00:00:00+05:30,38.35,38.75,37.2,37.25,3293641
2017-05-18 00:00:00+05:30,36.85,37.1,35.95,36.1,4211314
2017-05-19 00:00:00+05:30,36.3,36.6,34.7,35.45,3024313
2017-05-22 00:00:00+05:30,35.35,35.75,34.7,34.8,1286322
2017-05-23 00:00:00+05:30,34.85,35.0,32.6,32.85,3918171
2017-05-24 00:00:00+05:30,32.85,33.15,31.3,31.6,2813875
2017-05-25 00:00:00+05:30,32.1,33.2,31.8,32.8,3574427
2017-05-26 00:00:00+05:30,33.1,33.55,32.65,33.35,1637966
2017-05-29 00:00:00+05:30,33.5,33.5,32.3,32.35,1283074
2017-05-30 00:00:00+05:30,32.2,32.3,31.6,32.0,1403828
2017-05-31 00:00:00+05:30,32.25,33.2,32.0,32.95,1363350
2017-06-01 00:00:00+05:30,33.25,33.55,32.45,32.65,1541211
2017-06-02 00:00:00+05:30,33.0,33.0,32.3,32.4,2777928
2017-06-05 00:00:00+05:30,32.5,33.1,31.7,31.95,2487680
2017-06-06 00:00:00+05:30,32.25,32.35,30.55,30.95,3617254
2017-06-07 00:00:00+05:30,31.05,31.4,29.8,30.5,3130011
2017-06-08 00:00:00+05:30,30.75,31.15,30.4,30.8,1724067
2017-06-09 00:00:00+05:30,30.85,31.5,30.55,30.85,1749964
2017-06-12 00:00:00+05:30,30.8,31.8,30.55,31.05,1935541
2017-06-13 00:00:00+05:30,31.55,31.55,30.8,30.9,1610178
2017-06-14 00:00:00+05:30,31.05,31.1,30.35,30.6,1399068
2017-06-15 00:00:00+05:30,30.6,30.8,29.7,29.9,1796799
2017-06-16 00:00:00+05:30,30.15,32.55,30.0,32.35,5413481
2017-06-19 00:00:00+05:30,32.75,33.75,31.9,33.5,3930558
2017-06-20 00:00:00+05:30,33.8,34.0,32.95,33.65,2386703
2017-06-21 00:00:00+05:30,33.65,33.65,33.1,33.2,911967
2017-06-22 00:00:00+05:30,33.3,33.95,33.0,33.2,1254018
2017-06-23 00:00:00+05:30,33.1,33.35,31.8,32.0,1468950
2017-06-27 00:00:00+05:30,31.95,32.5,30.95,31.05,1464508
2017-06-28 00:00:00+05:30,30.95,31.95,30.85,31.35,1132131
2017-06-29 00:00:00+05:30,31.8,33.05,31.75,32.7,1686252
2017-06-30 00:00:00+05:30,32.7,33.85,32.05,33.35,4207040
2017-07-03 00:00:00+05:30,33.55,34.25,33.1,34.05,1710210
2017-07-04 00:00:00+05:30,34.15,35.05,33.95,34.3,2117802
2017-07-05 00:00:00+05:30,34.35,34.65,34.0,34.3,1218989
2017-07-06 00:00:00+05:30,34.5,34.95,34.25,34.35,1399137
2017-07-07 00:00:00+05:30,34.45,34.7,33.95,34.3,2019908
2017-07-10 00:00:00+05:30,35.5,37.2,34.45,34.9,837941
2017-07-11 00:00:00+05:30,34.95,35.35,34.05,34.2,1451331
2017-07-12 00:00:00+05:30,34.35,35.0,33.9,34.55,1156313
2017-07-13 00:00:00+05:30,34.8,34.85,33.75,34.0,1662224
2017-07-14 00:00:00+05:30,33.8,34.2,33.2,33.25,1265281
2017-07-17 00:00:00+05:30,33.2,33.35,32.65,32.85,1228338
2017-07-18 00:00:00+05:30,32.65,33.2,32.1,32.2,2087341
2017-07-19 00:00:00+05:30,32.45,33.2,31.55,31.75,2710403
2017-07-20 00:00:00+05:30,31.9,32.5,31.8,32.2,1276790
2017-07-21 00:00:00+05:30,32.4,32.65,31.95,32.1,1030315
2017-07-24 00:00:00+05:30,32.15,32.35,31.9,31.95,1815387
2017-07-25 00:00:00+05:30,32.1,32.8,31.9,32.55,2591903
2017-07-26 00:00:00+05:30,32.7,33.1,32.55,32.65,1423441
2017-07-27 00:00:00+05:30,32.65,33.0,32.05,32.15,976635
2017-07-28 00:00:00+05:30,31.95,35.05,31.9,34.65,12918073
2017-07-31 00:00:00+05:30,34.95,36.35,34.9,35.65,12483586
2017-08-01 00:00:00+05:30,35.75,36.0,34.5,34.85,2919936
2017-08-02 00:00:00+05:30,34.85,35.4,34.35,34.45,1929111
2017-08-03 00:00:00+05:30,34.4,34.55,33.05,33.2,2350691
2017-08-04 00:00:00+05:30,33.15,35.45,32.8,33.4,3405859
2017-08-07 00:00:00+05:30,33.25,35.2,33.05,34.85,2638847
2017-08-08 00:00:00+05:30,35.15,35.4,33.6,33.75,3990838
2017-08-09 00:00:00+05:30,33.6,35.45,32.8,34.75,5526081
2017-08-10 00:00:00+05:30,34.55,34.9,32.0,33.3,2450829
2017-08-11 00:00:00+05:30,32.45,33.2,31.9,32.8,1774695
2017-08-14 00:00:00+05:30,33.0,34.5,32.9,34.05,1345418
2017-08-16 00:00:00+05:30,34.05,34.7,33.85,34.4,1238753
2017-08-17 00:00:00+05:30,34.5,34.75,33.25,33.75,934142
2017-08-18 00:00:00+05:30,33.35,34.25,33.2,33.35,972830
2017-08-21 00:00:00+05:30,33.65,33.7,32.95,33.05,743495
2017-08-22 00:00:00+05:30,33.25,33.35,32.65,32.85,605073
2017-08-23 00:00:00+05:30,32.95,33.2,32.7,32.85,699062
2017-08-24 00:00:00+05:30,32.9,33.35,32.8,32.9,789319
2017-08-28 00:00:00+05:30,33.0,37.8,32.9,37.1,9645528
2017-08-29 00:00:00+05:30,37.1,37.3,35.25,35.45,4055453
2017-08-30 00:00:00+05:30,35.8,38.55,35.8,37.35,7212026
2017-08-31 00:00:00+05:30,37.65,38.15,37.05,37.3,3182063
2017-09-01 00:00:00+05:30,37.45,38.05,36.7,37.4,4503856
2017-09-04 00:00:00+05:30,37.15,37.95,36.45,37.0,3327086
2017-09-05 00:00:00+05:30,37.2,37.45,36.7,36.85,1561214
2017-09-06 00:00:00+05:30,36.6,39.0,36.6,38.55,6255883
2017-09-07 00:00:00+05:30,38.8,40.35,37.85,39.85,8367443
2017-09-08 00:00:00+05:30,40.1,40.85,38.55,39.95,6342393
2017-09-11 00:00:00+05:30,40.4,40.8,39.7,39.95,4105857
2017-09-12 00:00:00+05:30,40.1,40.3,39.4,39.55,2858151
2017-09-13 00:00:00+05:30,39.35,39.8,38.7,39.0,2743246
2017-09-14 00:00:00+05:30,39.25,40.05,39.0,39.3,2228675
2017-09-15 00:00:00+05:30,39.15,40.35,38.95,39.55,5707045
2017-09-18 00:00:00+05:30,39.85,40.9,39.7,40.5,5245532
2017-09-19 00:00:00+05:30,40.7,43.3,40.45,42.8,14692266
2017-09-20 00:00:00+05:30,42.85,44.5,41.9,43.7,11442219
2017-09-21 00:00:00+05:30,43.65,44.4,41.9,43.85,7126227
2017-09-22 00:00:00+05:30,43.2,44.75,41.85,42.2,8261630
2017-09-25 00:00:00+05:30,42.2,42.55,40.0,41.65,4967029
2017-09-26 00:00:00+05:30,41.7,42.45,41.15,41.65,2704422
2017-09-27 00:00:00+05:30,41.8,42.3,39.65,39.95,2549516
2017-09-28 00:00:00+05:30,40.05,41.2,39.55,40.85,2963266
2017-09-29 00:00:00+05:30,41.2,42.0,40.55,40.7,3315301
2017-10-03 00:00:00+05:30,41.05,41.3,40.25,40.45,1477360
2017-10-04 00:00:00+05:30,40.65,40.85,40.1,40.2,1736157
2017-10-05 00:00:00+05:30,40.25,41.5,40.25,40.75,2248052
2017-10-06 00:00:00+05:30,40.9,42.5,40.85,41.4,3827610
2017-10-09 00:00:00+05:30,41.6,43.75,41.4,43.4,6750567
2017-10-10 00:00:00+05:30,43.9,44.4,42.55,43.1,3586093
2017-10-11 00:00:00+05:30,43.45,43.6,40.7,41.1,2656652
2017-10-12 00:00:00+05:30,41.1,41.85,40.7,41.6,1850630
2017-10-13 00:00:00+05:30,41.8,41.9,40.6,40.8,1405879
2017-10-16 00:00:00+05:30,40.95,41.3,40.3,40.7,1508082
2017-10-17 00:00:00+05:30,40.35,41.35,39.95,40.1,1908688
2017-10-18 00:00:00+05:30,40.2,40.45,39.75,40.05,1340490
2017-10-23 00:00:00+05:30,40.1,40.7,39.7,40.1,1857332
2017-10-24 00:00:00+05:30,40.1,40.8,39.9,40.1,2071391
2017-10-25 00:00:00+05:30,40.35,40.6,39.65,39.8,1741097
2017-10-26 00:00:00+05:30,39.75,40.45,39.5,39.95,1903277
2017-10-27 00:00:00+05:30,39.95,40.45,39.75,39.85,1149974
2017-10-30 00:00:00+05:30,40.3,41.3,40.1,41.15,2528158
2017-10-31 00:00:00+05:30,41.2,43.25,40.85,42.9,5885378
2017-11-01 00:00:00+05:30,43.25,44.2,40.6,40.8,9534677
2017-11-02 00:00:00+05:30,40.65,41.3,40.0,40.75,2951619
2017-11-03 00:00:00+05:30,40.9,41.4,40.05,40.25,2685208
2017-11-06 00:00:00+05:30,40.3,40.6,38.6,38.85,2564152
2017-11-07 00:00:00+05:30,39.0,40.05,38.35,38.9,2701453
2017-11-08 00:00:00+05:30,38.95,39.55,37.7,38.0,1654178
2017-11-09 00:00:00+05:30,38.3,38.5,37.3,37.5,1886384
2017-11-10 00:00:00+05:30,37.8,38.45,37.45,38.05,1593550
2017-11-13 00:00:00+05:30,38.15,38.4,36.75,37.15,1440193
2017-11-14 00:00:00+05:30,37.4,37.65,36.45,36.75,1332205
2017-11-15 00:00:00+05:30,36.95,36.95,35.25,35.5,1736549
2017-11-16 00:00:00+05:30,35.7,39.6,35.65,39.2,8188934
2017-11-17 00:00:00+05:30,39.7,40.05,38.75,39.3,2699680
2017-11-20 00:00:00+05:30,39.4,42.05,38.7,41.3,5315662
2017-11-21 00:00:00+05:30,41.6,43.7,41.1,42.45,8919458
2017-11-22 00:00:00+05:30,42.85,43.1,41.75,41.85,3607797
2017-11-23 00:00:00+05:30,42.15,42.85,40.8,41.65,3364751
2017-11-24 00:00:00+05:30,41.7,42.75,41.0,41.75,2961393
2017-11-27 00:00:00+05:30,42.1,44.7,42.05,43.5,15405648
2017-11-28 00:00:00+05:30,43.8,44.15,42.35,42.5,5530196
2017-11-29 00:00:00+05:30,42.6,43.8,41.3,41.45,5953314
2017-11-30 00:00:00+05:30,41.1,42.05,40.9,41.75,4195396
2017-12-01 00:00:00+05:30,42.1,42.25,39.55,39.95,3930411
2017-12-04 00:00:00+05:30,40.35,40.7,38.95,39.1,3040309
2017-12-05 00:00:00+05:30,39.1,40.05,37.9,39.6,3660799
2017-12-06 00:00:00+05:30,39.45,40.25,38.35,38.65,2896898
2017-12-07 00:00:00+05:30,38.75,39.35,37.8,38.45,3825435
2017-12-08 00:00:00+05:30,38.35,39.2,38.25,38.5,1881295
2017-12-11 00:00:00+05:30,39.05,39.5,38.15,38.55,2019908
2017-12-12 00:00:00+05:30,38.55,38.6,37.5,37.65,1582500
2017-12-13 00:00:00+05:30,37.95,38.65,37.15,38.2,4902759
2017-12-14 00:00:00+05:30,38.55,38.7,37.25,37.7,1765698
2017-12-15 00:00:00+05:30,38.35,39.5,37.85,38.4,6013884
2017-12-18 00:00:00+05:30,38.25,38.85,36.55,38.35,3251860
2017-12-19 00:00:00+05:30,38.55,39.5,38.25,39.2,2340394
2017-12-20 00:00:00+05:30,39.25,40.1,39.0,39.45,2958938
2017-12-21 00:00:00+05:30,39.65,39.95,39.25,39.5,1698981
2017-12-22 00:00:00+05:30,39.6,39.9,38.95,39.35,2290373
2017-12-26 00:00:00+05:30,39.35,39.6,38.75,39.2,2231244
2017-12-27 00:00:00+05:30,39.15,39.85,38.75,39.3,3064244
2017-12-28 00:00:00+05:30,39.85,40.8,39.4,39.65,4416281
2017-12-29 00:00:00+05:30,39.95,41.4,39.85,40.0,7534605
2018-01-01 00:00:00+05:30,40.2,41.2,39.8,40.1,3758227
2018-01-02 00:00:00+05:30,40.2,40.5,39.05,39.4,3043185
2018-01-03 00:00:00+05:30,39.65,39.85,39.25,39.4,1906332
2018-01-04 00:00:00+05:30,39.5,39.95,39.3,39.65,2105340
2018-01-05 00:00:00+05:30,39.65,40.7,39.65,40.5,4916516
2018-01-08 00:00:00+05:30,41.1,41.5,40.25,40.6,4936358
2018-01-09 00:00:00+05:30,41.0,41.2,40.35,40.7,3449407
2018-01-10 00:00:00+05:30,41.05,42.5,40.6,41.35,7889945
2018-01-11 00:00:00+05:30,41.75,43.0,41.4,42.75,8284086
2018-01-12 00:00:00+05:30,43.4,47.2,43.2,45.2,45055272
2018-01-15 00:00:00+05:30,45.9,46.45,44.25,44.6,8851976
2018-01-16 00:00:00+05:30,44.85,45.65,41.55,42.25,10268914
2018-01-17 00:00:00+05:30,42.4,42.65,40.45,42.3,6335980
2018-01-18 00:00:00+05:30,42.75,46.3,42.3,43.7,23619170
2018-01-19 00:00:00+05:30,43.8,44.5,42.65,43.75,6043452
2018-01-22 00:00:00+05:30,43.65,43.9,42.55,42.9,3671327
2018-01-23 00:00:00+05:30,43.05,43.35,42.0,42.15,3022615
2018-01-24 00:00:00+05:30,42.1,44.85,41.4,43.15,12401576
2018-01-25 00:00:00+05:30,43.25,43.5,41.95,42.2,4149975
2018-01-29 00:00:00+05:30,42.4,43.35,41.5,41.85,3304518
2018-01-30 00:00:00+05:30,41.6,41.8,40.6,40.75,2644013
2018-01-31 00:00:00+05:30,40.65,41.45,39.85,40.1,2399550
2018-02-01 00:00:00+05:30,40.25,41.45,39.15,40.15,3206384
2018-02-02 00:00:00+05:30,39.75,39.75,36.7,37.1,9567917
2018-02-05 00:00:00+05:30,36.7,39.75,36.2,39.4,6496661
2018-02-06 00:00:00+05:30,36.2,39.8,35.95,39.0,5588950
2018-02-07 00:00:00+05:30,39.85,40.9,39.3,39.55,3474251
2018-02-08 00:00:00+05:30,40.55,41.05,40.1,40.35,6465721
2018-02-09 00:00:00+05:30,39.25,43.6,39.15,43.1,8677209
2018-02-12 00:00:00+05:30,43.75,46.95,43.35,46.55,23557254
2018-02-14 00:00:00+05:30,47.15,49.15,46.75,47.3,16985964
2018-02-15 00:00:00+05:30,47.75,48.05,44.85,45.3,7751611
2018-02-16 00:00:00+05:30,45.85,47.45,44.45,45.95,9783404
2018-02-19 00:00:00+05:30,46.4,46.4,44.3,45.25,5528112
2018-02-20 00:00:00+05:30,45.5,45.85,44.65,44.8,3972876
2018-02-21 00:00:00+05:30,45.15,47.6,45.0,47.3,11469528
2018-02-22 00:00:00+05:30,46.9,49.45,46.8,49.2,20939766
2018-02-23 00:00:00+05:30,49.55,51.25,49.45,50.75,17162301
2018-02-26 00:00:00+05:30,51.25,51.7,49.8,50.2,8052859
2018-02-27 00:00:00+05:30,50.2,50.7,48.95,49.7,7922918
2018-02-28 00:00:00+05:30,49.25,50.6,49.1,50.35,6847179
2018-03-01 00:00:00+05:30,50.35,53.25,50.35,52.1,19152976
2018-03-05 00:00:00+05:30,51.85,53.05,51.2,52.2,8791642
2018-03-06 00:00:00+05:30,52.75,54.1,50.15,50.8,12156571
2018-03-07 00:00:00+05:30,50.25,50.55,46.8,47.65,10329456
2018-03-08 00:00:00+05:30,47.95,49.2,45.9,48.8,9540388
2018-03-09 00:00:00+05:30,49.55,49.95,47.05,47.6,5790366
2018-03-12 00:00:00+05:30,48.4,49.45,47.6,48.3,5628252
2018-03-13 00:00:00+05:30,48.35,49.25,47.8,48.6,5050130
2018-03-14 00:00:00+05:30,48.65,49.7,48.15,49.5,6077249
2018-03-15 00:00:00+05:30,49.5,50.3,49.3,49.8,5007091
2018-03-16 00:00:00+05:30,49.85,50.15,48.15,48.65,4248613
2018-03-19 00:00:00+05:30,48.65,49.05,46.55,47.1,5782451
2018-03-20 00:00:00+05:30,46.8,48.6,46.65,48.4,4720948
2018-03-21 00:00:00+05:30,48.75,49.5,48.65,49.0,4909866
2018-03-22 00:00:00+05:30,49.2,49.25,48.45,48.8,4054359
2018-03-23 00:00:00+05:30,47.0,47.95,46.55,47.4,4067884
2018-03-26 00:00:00+05:30,47.05,49.4,45.75,49.15,6367044
2018-03-27 00:00:00+05:30,49.5,51.8,49.3,51.55,7823771
2018-03-28 00:00:00+05:30,51.3,52.45,50.85,51.85,7511793
2018-04-02 00:00:00+05:30,52.65,54.5,52.2,53.4,9693910
2018-04-03 00:00:00+05:30,53.45,56.25,53.05,56.0,13134245
2018-04-04 00:00:00+05:30,56.1,56.5,53.15,53.65,8557732
2018-04-05 00:00:00+05:30,54.5,55.55,53.95,55.3,6271980
2018-04-06 00:00:00+05:30,55.05,56.15,53.85,55.45,7061657
2018-04-09 00:00:00+05:30,55.45,56.1,54.6,55.55,5098937
2018-04-10 00:00:00+05:30,55.4,55.65,54.0,54.55,5009629
2018-04-11 00:00:00+05:30,54.6,55.35,54.15,54.45,3968857
2018-04-12 00:00:00+05:30,54.35,57.1,54.05,56.5,13462823
2018-04-13 00:00:00+05:30,57.1,57.1,55.35,56.05,6024589
2018-04-16 00:00:00+05:30,54.6,57.15,54.55,56.75,5405802
2018-04-17 00:00:00+05:30,56.95,57.15,55.95,56.5,3781326
2018-04-18 00:00:00+05:30,56.4,57.9,55.55,57.2,8509081
2018-04-19 00:00:00+05:30,57.65,58.9,57.05,57.85,9394224
2018-04-20 00:00:00+05:30,57.7,59.15,57.45,58.4,6071514
2018-04-23 00:00:00+05:30,58.4,59.9,58.25,59.5,7198733
2018-04-24 00:00:00+05:30,59.7,60.8,58.45,58.7,6250290
2018-04-25 00:00:00+05:30,58.45,59.3,56.8,57.45,3997198
2018-04-26 00:00:00+05:30,57.4,59.1,57.05,58.85,4395043
2018-04-27 00:00:00+05:30,59.45,59.65,58.4,58.75,2802080
2018-04-30 00:00:00+05:30,58.85,63.1,58.6,62.5,10949123
2018-05-02 00:00:00+05:30,62.75,64.3,61.75,62.45,8493373
2018-05-03 00:00:00+05:30,63.1,63.7,61.75,62.2,5683272
2018-05-04 00:00:00+05:30,62.35,62.5,60.6,61.55,5388034
2018-05-07 00:00:00+05:30,62.15,63.15,58.8,61.4,14354969
2018-05-08 00:00:00+05:30,62.35,63.85,60.75,63.05,10003912
2018-05-09 00:00:00+05:30,63.6,72.9,63.4,70.7,43068512
2018-05-10 00:00:00+05:30,69.45,71.8,68.15,69.9,25453054
2018-05-11 00:00:00+05:30,70.45,71.6,68.85,69.4,8829786
2018-05-14 00:00:00+05:30,69.5,69.6,65.65,66.6,5889707
2018-05-15 00:00:00+05:30,66.85,69.85,66.55,67.5,8261104
2018-05-16 00:00:00+05:30,66.95,68.15,65.25,66.55,5648458
2018-05-17 00:00:00+05:30,67.2,72.1,66.6,69.95,14109708
2018-05-18 00:00:00+05:30,70.55,73.15,68.1,69.3,11899984
2018-05-21 00:00:00+05:30,69.75,70.15,65.65,66.3,7657185
2018-05-22 00:00:00+05:30,66.45,68.2,65.65,67.2,4694764
2018-05-23 00:00:00+05:30,67.15,68.95,66.85,67.45,5259464
2018-05-24 00:00:00+05:30,67.55,69.7,67.55,68.95,6171165
2018-05-25 00:00:00+05:30,69.45,70.9,69.25,70.3,8652085
2018-05-28 00:00:00+05:30,70.75,71.45,70.2,70.75,4661609
2018-05-29 00:00:00+05:30,71.2,72.85,70.55,71.7,6621193
2018-05-30 00:00:00+05:30,71.0,72.3,70.65,71.6,4774474
2018-05-31 00:00:00+05:30,72.05,72.15,69.3,71.1,6320671
2018-06-01 00:00:00+05:30,71.15,75.25,70.5,73.55,16623699
2018-06-04 00:00:00+05:30,74.3,75.95,73.9,74.65,11862795
2018-06-05 00:00:00+05:30,75.0,76.05,70.95,72.2,12214051
2018-06-06 00:00:00+05:30,71.95,75.05,69.85,74.45,10577724
2018-06-07 00:00:00+05:30,75.15,77.9,74.85,77.4,11409935
2018-06-08 00:00:00+05:30,77.4,78.1,76.55,77.55,7577938
2018-06-11 00:00:00+05:30,77.7,78.95,77.3,77.7,5765284
2018-06-12 00:00:00+05:30,77.2,81.9,76.95,80.75,13895551
2018-06-13 00:00:00+05:30,80.75,82.1,80.05,80.95,6911923
2018-06-14 00:00:00+05:30,81.15,81.9,79.9,81.2,6657134
2018-06-15 00:00:00+05:30,81.15,81.7,79.85,80.55,4277041
2018-06-18 00:00:00+05:30,79.9,80.65,77.25,77.55,4455116
2018-06-19 00:00:00+05:30,77.15,77.15,72.0,72.8,8217321
2018-06-20 00:00:00+05:30,73.4,74.55,70.05,70.55,7443307
2018-06-21 00:00:00+05:30,70.4,74.7,67.9,73.65,19121908
2018-06-22 00:00:00+05:30,74.15,75.0,72.5,72.7,7960736
2018-06-25 00:00:00+05:30,72.55,73.55,70.95,71.1,3983482
2018-06-26 00:00:00+05:30,70.85,72.15,70.1,70.4,3824718
2018-06-27 00:00:00+05:30,70.45,72.4,66.85,69.4,8051580
2018-06-28 00:00:00+05:30,69.4,70.2,66.55,66.8,4185935
2018-06-29 00:00:00+05:30,67.05,69.65,67.05,69.0,4447265
2018-07-02 00:00:00+05:30,69.1,69.5,66.55,67.25,3017139
2018-07-03 00:00:00+05:30,67.45,67.7,66.0,67.15,3195389
2018-07-04 00:00:00+05:30,66.55,66.95,63.45,63.85,4571708
2018-07-05 00:00:00+05:30,63.6,68.65,62.5,67.65,9038994
2018-07-06 00:00:00+05:30,67.25,69.7,66.8,68.2,5089296
2018-07-09 00:00:00+05:30,69.2,71.4,68.2,70.7,3953648
2018-07-10 00:00:00+05:30,71.55,73.8,71.45,72.8,6519555
2018-07-11 00:00:00+05:30,72.95,74.6,71.15,71.7,5680406
2018-07-12 00:00:00+05:30,72.1,72.9,70.15,71.5,4073139
2018-07-13 00:00:00+05:30,71.95,73.05,70.25,72.65,4654913
2018-07-16 00:00:00+05:30,72.8,74.3,71.65,72.9,5143992
2018-07-17 00:00:00+05:30,73.5,73.65,71.7,72.25,2522357
2018-07-18 00:00:00+05:30,71.7,74.1,71.15,71.75,4786547
2018-07-19 00:00:00+05:30,71.95,71.95,67.9,68.45,3541119
2018-07-20 00:00:00+05:30,68.4,70.15,67.25,69.45,3432135
2018-07-23 00:00:00+05:30,69.5,71.15,69.05,70.7,3022407
2018-07-24 00:00:00+05:30,71.0,74.45,70.95,72.7,5995281
2018-07-25 00:00:00+05:30,73.4,73.8,71.85,72.55,2181765
2018-07-26 00:00:00+05:30,71.1,72.55,70.6,71.1,1778447
2018-07-27 00:00:00+05:30,71.1,72.5,71.05,71.45,2146083
2018-07-30 00:00:00+05:30,71.95,72.5,70.95,71.7,2381815
2018-07-31 00:00:00+05:30,71.6,72.1,70.25,70.55,2144511
2018-08-01 00:00:00+05:30,70.6,71.85,69.85,70.35,2401309
2018-08-02 00:00:00+05:30,70.35,70.95,69.1,70.45,2853642
2018-08-03 00:00:00+05:30,70.7,72.15,70.25,71.45,4710910
2018-08-06 00:00:00+05:30,71.8,72.35,67.6,67.95,8972387
2018-08-07 00:00:00+05:30,67.9,67.95,63.7,63.9,6253962
2018-08-08 00:00:00+05:30,64.55,66.55,64.3,65.6,5293272
2018-08-09 00:00:00+05:30,65.85,66.0,62.65,62.85,3952232
2018-08-10 00:00:00+05:30,62.9,63.1,58.85,59.2,8212074
2018-08-13 00:00:00+05:30,59.1,63.75,57.05,63.2,11482279
2018-08-14 00:00:00+05:30,63.4,64.75,62.5,63.75,4821486
2018-08-16 00:00:00+05:30,63.5,65.3,63.2,63.75,4464857
2018-08-17 00:00:00+05:30,63.95,64.55,63.1,63.4,2653729
2018-08-20 00:00:00+05:30,63.9,64.35,62.8,63.45,2662818
2018-08-21 00:00:00+05:30,63.75,67.65,63.1,66.6,9077977
2018-08-23 00:00:00+05:30,67.1,70.15,67.05,69.3,8565592
2018-08-24 00:00:00+05:30,69.1,70.3,68.0,69.1,4925842
2018-08-27 00:00:00+05:30,69.3,69.95,68.8,69.35,3888244
2018-08-28 00:00:00+05:30,69.5,71.9,68.85,71.05,5376832
2018-08-29 00:00:00+05:30,71.45,72.55,70.95,71.4,4144100
2018-08-30 00:00:00+05:30,71.0,73.2,71.0,72.65,4222025
2018-08-31 00:00:00+05:30,72.4,74.2,72.15,73.75,5935612
2018-09-03 00:00:00+05:30,73.9,75.65,73.7,74.3,4294252
2018-09-04 00:00:00+05:30,74.85,75.25,70.45,71.4,4145595
2018-09-05 00:00:00+05:30,71.45,73.9,71.45,73.4,5399021
2018-09-06 00:00:00+05:30,74.1,74.75,72.65,73.9,3173615
2018-09-07 00:00:00+05:30,73.9,74.45,73.15,73.55,2111294
2018-09-10 00:00:00+05:30,74.1,74.3,73.1,73.8,2249153
2018-09-11 00:00:00+05:30,74.3,74.3,70.95,71.95,2389953
2018-09-12 00:00:00+05:30,71.9,72.15,68.0,70.65,3143596
2018-09-14 00:00:00+05:30,71.2,72.3,70.7,71.2,3036651
2018-09-17 00:00:00+05:30,71.0,73.0,70.75,72.3,2199968
2018-09-18 00:00:00+05:30,72.3,72.6,70.45,70.85,2358969
2018-09-19 00:00:00+05:30,70.95,71.25,66.85,68.15,3478241
2018-09-21 00:00:00+05:30,69.3,69.4,60.2,64.15,4255540
2018-09-24 00:00:00+05:30,64.6,66.05,62.25,62.95,3193570
2018-09-25 00:00:00+05:30,63.1,63.8,60.75,62.7,3249118
2018-09-26 00:00:00+05:30,64.3,64.7,63.1,64.05,2334896
2018-09-27 00:00:00+05:30,64.3,64.6,62.65,63.05,1624397
2018-09-28 00:00:00+05:30,63.8,63.8,58.8,60.6,2520295
2018-10-01 00:00:00+05:30,60.7,61.15,57.55,60.5,2705447
2018-10-03 00:00:00+05:30,60.5,62.8,59.75,60.7,2099964
2018-10-04 00:00:00+05:30,59.7,60.5,58.25,58.75,1949652
2018-10-05 00:00:00+05:30,58.7,58.7,54.85,55.95,2377436
2018-10-08 00:00:00+05:30,55.7,55.95,51.75,53.65,2797960
2018-10-09 00:00:00+05:30,53.75,57.3,53.35,56.5,3574325
2018-10-10 00:00:00+05:30,57.55,63.25,56.45,61.7,2670674
2018-10-11 00:00:00+05:30,58.7,61.55,57.55,60.0,3262082
2018-10-12 00:00:00+05:30,60.45,62.9,60.45,61.35,5426738
2018-10-15 00:00:00+05:30,62.35,62.4,60.3,60.6,2215335
2018-10-16 00:00:00+05:30,60.7,61.6,60.0,60.65,1986313
2018-10-17 00:00:00+05:30,61.15,62.9,60.2,60.8,3201760
2018-10-19 00:00:00+05:30,59.9,60.7,58.25,58.55,2438361
2018-10-22 00:00:00+05:30,58.9,59.4,56.8,57.1,1715452
2018-10-23 00:00:00+05:30,56.05,58.15,55.9,56.45,1463856
2018-10-24 00:00:00+05:30,58.25,58.25,56.15,57.6,1979606
2018-10-25 00:00:00+05:30,56.55,57.25,56.1,56.3,1135433
2018-10-26 00:00:00+05:30,56.6,58.45,55.5,56.8,1807709
2018-10-29 00:00:00+05:30,57.2,57.9,55.9,56.95,1823232
2018-10-30 00:00:00+05:30,56.95,61.25,56.65,59.75,4115887
2018-10-31 00:00:00+05:30,59.8,61.1,59.4,59.8,2838402
2018-11-01 00:00:00+05:30,60.15,62.25,57.25,59.0,4814588
2018-11-02 00:00:00+05:30,59.4,60.05,57.35,58.0,2055007
2018-11-05 00:00:00+05:30,58.35,58.35,56.4,56.75,1557815
2018-11-06 00:00:00+05:30,57.1,57.4,55.6,55.85,1487408
2018-11-09 00:00:00+05:30,57.2,57.2,56.15,56.45,960209
2018-11-12 00:00:00+05:30,56.45,57.15,55.8,55.95,881247
2018-11-13 00:00:00+05:30,56.2,56.25,55.25,55.65,889070
2018-11-14 00:00:00+05:30,56.15,56.15,53.9,54.15,1177877
2018-11-15 00:00:00+05:30,54.0,54.05,52.55,52.9,1354999
2018-11-16 00:00:00+05:30,52.95,53.15,51.3,51.75,1183149
2018-11-19 00:00:00+05:30,51.8,54.55,51.4,53.6,2726814
2018-11-20 00:00:00+05:30,53.4,53.75,51.55,51.8,1807081
2018-11-21 00:00:00+05:30,52.3,52.4,50.15,50.35,1575884
2018-11-22 00:00:00+05:30,50.6,51.55,49.9,50.85,1478629
2018-11-26 00:00:00+05:30,51.35,51.4,48.45,48.7,2157837
2018-11-27 00:00:00+05:30,47.95,49.25,46.5,46.8,3513993
2018-11-28 00:00:00+05:30,46.95,51.3,46.8,50.95,7070782
2018-11-29 00:00:00+05:30,52.05,52.05,49.25,51.15,3677389
2018-11-30 00:00:00+05:30,51.15,52.55,50.5,51.2,2854140
2018-12-03 00:00:00+05:30,51.4,52.45,50.3,51.6,2678919
2018-12-04 00:00:00+05:30,51.45,53.85,51.35,52.65,2836329
2018-12-05 00:00:00+05:30,52.65,53.2,50.8,52.8,1929345
2018-12-06 00:00:00+05:30,52.35,52.65,50.95,51.8,2221864
2018-12-07 00:00:00+05:30,51.85,52.5,50.3,50.65,4368805
2018-12-10 00:00:00+05:30,49.4,49.9,48.1,48.3,1218955
2018-12-11 00:00:00+05:30,47.95,49.5,47.1,48.85,3272622
2018-12-12 00:00:00+05:30,49.4,49.85,48.95,49.45,2017413
2018-12-13 00:00:00+05:30,49.8,50.6,49.1,49.25,2292263
2018-12-14 00:00:00+05:30,49.25,51.55,49.05,50.95,2469090
2018-12-17 00:00:00+05:30,51.4,51.4,49.9,50.25,1899041
2018-12-18 00:00:00+05:30,50.4,50.6,49.55,50.15,1815375
2018-12-19 00:00:00+05:30,50.2,50.4,48.85,49.1,1918981
2018-12-20 00:00:00+05:30,49.25,49.75,48.25,48.55,3581609
2018-12-21 00:00:00+05:30,48.5,48.95,48.15,48.35,1532735
2018-12-24 00:00:00+05:30,48.05,48.4,46.75,46.9,1437526
2018-12-26 00:00:00+05:30,46.8,46.9,44.9,46.7,1596901
2018-12-27 00:00:00+05:30,47.05,47.45,45.85,46.1,2111157
2018-12-28 00:00:00+05:30,46.5,47.0,45.75,45.9,2029824
2018-12-31 00:00:00+05:30,45.6,46.25,45.6,45.9,1331532
2019-01-01 00:00:00+05:30,46.3,48.15,45.9,47.55,2201383
2019-01-02 00:00:00+05:30,47.75,48.6,47.05,47.35,2471654
2019-01-03 00:00:00+05:30,47.55,47.85,45.25,45.85,2462865
2019-01-04 00:00:00+05:30,46.0,46.2,45.25,45.8,1138821
2019-01-07 00:00:00+05:30,46.05,46.65,45.7,45.85,943404
2019-01-08 00:00:00+05:30,45.85,46.45,45.4,46.1,1200956
2019-01-09 00:00:00+05:30,46.65,47.4,46.05,46.35,1622821
2019-01-10 00:00:00+05:30,46.4,46.55,45.65,46.05,1272063
2019-01-11 00:00:00+05:30,46.2,48.1,46.0,47.6,2686212
2019-01-14 00:00:00+05:30,48.1,48.7,47.45,48.15,2812959
2019-01-15 00:00:00+05:30,48.45,52.35,48.05,52.0,5422451
2019-01-16 00:00:00+05:30,51.7,52.3,51.05,51.4,2478302
2019-01-17 00:00:00+05:30,51.45,51.65,48.55,49.25,2579282
2019-01-18 00:00:00+05:30,49.6,50.05,48.15,48.35,1574901
2019-01-21 00:00:00+05:30,48.05,50.9,47.65,49.25,2582242
2019-01-22 00:00:00+05:30,49.3,49.4,47.95,48.3,1086525
2019-01-23 00:00:00+05:30,48.3,49.3,47.95,48.1,883488
2019-01-24 00:00:00+05:30,48.45,48.45,47.4,47.85,1707912
2019-01-25 00:00:00+05:30,48.15,48.75,46.7,46.95,1467054
2019-01-28 00:00:00+05:30,47.15,47.3,42.8,46.25,2909093
2019-01-29 00:00:00+05:30,46.25,46.65,44.8,46.2,1610023
2019-01-30 00:00:00+05:30,46.2,46.7,45.5,46.0,1304212
2019-01-31 00:00:00+05:30,46.2,48.75,45.9,48.0,1556783
2019-02-01 00:00:00+05:30,48.05,49.9,47.95,49.65,1874161
2019-02-04 00:00:00+05:30,49.3,49.85,47.35,47.85,2371845
2019-02-05 00:00:00+05:30,47.8,47.95,45.7,46.5,1000135
2019-02-06 00:00:00+05:30,46.5,46.9,45.2,45.45,908990
2019-02-07 00:00:00+05:30,45.8,46.45,45.55,45.95,853728
2019-02-08 00:00:00+05:30,46.1,46.15,44.35,44.5,969385
2019-02-11 00:00:00+05:30,44.85,44.85,42.0,42.3,1439876
2019-02-12 00:00:00+05:30,42.55,43.55,42.15,42.4,1085833
2019-02-13 00:00:00+05:30,42.7,43.25,41.85,42.15,1041796
2019-02-14 00:00:00+05:30,42.3,42.5,41.3,41.85,1161152
2019-02-15 00:00:00+05:30,42.15,42.75,41.4,42.0,1517930
2019-02-18 00:00:00+05:30,42.0,42.1,40.3,40.75,1960585
2019-02-19 00:00:00+05:30,40.6,41.75,40.3,40.55,2508029
2019-02-20 00:00:00+05:30,40.9,41.25,38.5,38.85,3261548
2019-02-21 00:00:00+05:30,39.1,40.45,38.35,39.7,3490646
2019-02-22 00:00:00+05:30,39.9,41.8,39.2,41.35,2351539
2019-02-25 00:00:00+05:30,41.4,44.25,41.1,43.3,3045261
2019-02-26 00:00:00+05:30,42.45,42.95,41.3,41.95,2017204
2019-02-27 00:00:00+05:30,42.25,43.0,41.2,41.45,1643883
2019-02-28 00:00:00+05:30,42.0,42.85,41.65,42.4,1160343
2019-03-01 00:00:00+05:30,42.55,44.05,42.55,43.75,1638609
2019-03-05 00:00:00+05:30,43.95,46.7,43.85,45.7,2632102
2019-03-06 00:00:00+05:30,46.05,46.9,45.7,46.05,1895600
2019-03-07 00:00:00+05:30,46.45,47.45,45.3,46.15,2265368
2019-03-08 00:00:00+05:30,46.15,46.4,44.65,44.8,1545335
2019-03-11 00:00:00+05:30,45.4,45.4,44.45,45.0,2223569
2019-03-12 00:00:00+05:30,45.25,45.45,44.35,44.55,2748378
2019-03-13 00:00:00+05:30,44.45,45.0,43.55,43.7,2370507
2019-03-14 00:00:00+05:30,44.0,44.2,43.25,43.45,1497338
2019-03-15 00:00:00+05:30,43.65,44.8,42.85,43.25,3253487
2019-03-18 00:00:00+05:30,43.3,44.15,43.3,43.75,1905657
2019-03-19 00:00:00+05:30,43.7,46.8,43.35,46.15,4011526
2019-03-20 00:00:00+05:30,46.8,48.25,46.35,47.65,5416426
2019-03-22 00:00:00+05:30,48.15,48.25,46.0,46.3,2857970
2019-03-25 00:00:00+05:30,45.9,46.2,44.5,44.8,1531999
2019-03-26 00:00:00+05:30,45.0,46.0,44.75,45.7,1483735
2019-03-27 00:00:00+05:30,45.5,47.6,44.9,47.25,3043091
2019-03-28 00:00:00+05:30,47.25,48.35,46.6,46.8,1570684
2019-03-29 00:00:00+05:30,46.7,47.3,45.7,45.95,1375378
2019-04-01 00:00:00+05:30,46.55,47.95,46.1,47.4,2297981
2019-04-02 00:00:00+05:30,48.35,49.5,47.65,48.4,6659733
2019-04-03 00:00:00+05:30,48.05,49.2,46.85,46.95,1997377
2019-04-04 00:00:00+05:30,47.25,47.25,45.85,46.15,1619861
2019-04-05 00:00:00+05:30,46.25,47.35,46.25,46.75,1131974
2019-04-08 00:00:00+05:30,47.15,48.15,46.8,47.6,2276934
2019-04-09 00:00:00+05:30,48.25,50.8,47.65,50.2,11672811
2019-04-10 00:00:00+05:30,50.55,51.8,50.5,51.2,4849308
2019-04-11 00:00:00+05:30,51.5,52.95,50.65,51.95,5202478
2019-04-12 00:00:00+05:30,52.1,52.3,50.8,51.95,3199043
2019-04-15 00:00:00+05:30,52.1,52.1,50.35,50.45,2638138
2019-04-16 00:00:00+05:30,50.75,51.4,50.05,50.25,3634749
2019-04-18 00:00:00+05:30,50.25,50.4,48.5,49.3,2813353
2019-04-22 00:00:00+05:30,49.4,51.2,48.65,49.85,2448030
2019-04-23 00:00:00+05:30,50.35,50.35,49.25,49.65,1514820
2019-04-24 00:00:00+05:30,49.9,50.65,49.4,50.25,2473418
2019-04-25 00:00:00+05:30,50.55,51.15,49.25,49.6,1621511
2019-04-26 00:00:00+05:30,49.75,50.95,49.25,50.7,2171297
2019-04-30 00:00:00+05:30,50.85,50.85,49.2,49.45,1543453
2019-05-02 00:00:00+05:30,49.4,49.7,48.8,49.05,1324896
2019-05-03 00:00:00+05:30,49.4,49.4,47.2,47.8,2015677
2019-05-06 00:00:00+05:30,47.35,50.3,46.65,49.5,5493796
2019-05-07 00:00:00+05:30,49.5,50.3,48.7,49.8,2795027
2019-05-08 00:00:00+05:30,49.65,49.75,48.65,48.9,1502800
2019-05-09 00:00:00+05:30,48.45,49.4,48.25,49.0,1279728
2019-05-10 00:00:00+05:30,49.35,49.9,48.9,49.65,1199616
2019-05-13 00:00:00+05:30,50.05,51.75,49.9,50.1,3694034
2019-05-14 00:00:00+05:30,49.4,51.3,49.4,50.7,2130112
2019-05-15 00:00:00+05:30,51.15,51.25,49.45,49.85,1869637
2019-05-16 00:00:00+05:30,50.8,50.9,49.7,50.3,1530404
2019-05-17 00:00:00+05:30,49.65,50.75,49.6,49.75,1128184
2019-05-20 00:00:00+05:30,51.85,51.95,50.5,50.9,2811778
2019-05-21 00:00:00+05:30,51.1,51.3,50.0,50.6,1302060
2019-05-22 00:00:00+05:30,50.2,50.5,49.45,49.7,1104075
2019-05-23 00:00:00+05:30,50.6,50.8,49.25,49.4,1235839
2019-05-24 00:00:00+05:30,49.85,53.45,49.45,52.9,5275398
2019-05-27 00:00:00+05:30,53.4,56.0,53.3,55.45,5144180
2019-05-28 00:00:00+05:30,56.05,56.6,54.9,56.15,3970320
2019-05-29 00:00:00+05:30,56.55,56.55,54.0,54.55,2127672
2019-05-30 00:00:00+05:30,54.3,55.35,53.75,54.6,2162815
2019-05-31 00:00:00+05:30,54.95,54.95,53.1,53.5,2169949
2019-06-03 00:00:00+05:30,53.35,53.8,52.05,52.4,2018790
2019-06-04 00:00:00+05:30,52.55,53.4,52.15,52.4,1508522
2019-06-06 00:00:00+05:30,52.2,52.6,50.25,50.85,1741375
2019-06-07 00:00:00+05:30,51.05,51.55,50.15,51.25,1536222
2019-06-10 00:00:00+05:30,51.6,51.6,49.95,50.2,1072570
2019-06-11 00:00:00+05:30,50.15,51.75,50.05,51.5,1474903
2019-06-12 00:00:00+05:30,51.15,51.65,50.0,50.3,1448019
2019-06-13 00:00:00+05:30,50.05,50.65,49.8,50.15,1072229
2019-06-14 00:00:00+05:30,49.9,50.6,49.25,49.7,938219
2019-06-17 00:00:00+05:30,49.45,49.75,48.5,48.8,945902
2019-06-18 00:00:00+05:30,48.85,49.9,48.65,49.4,1055174
2019-06-19 00:00:00+05:30,49.5,50.2,46.2,46.8,1711868
2019-06-20 00:00:00+05:30,46.8,49.25,46.15,49.1,1478707
2019-06-21 00:00:00+05:30,49.05,49.1,47.3,47.85,1524500
2019-06-24 00:00:00+05:30,47.8,49.6,47.2,48.8,1592509
2019-06-25 00:00:00+05:30,48.75,48.85,47.75,48.45,986437
2019-06-26 00:00:00+05:30,48.15,49.45,48.05,48.95,1012120
2019-06-27 00:00:00+05:30,49.15,49.6,48.7,48.9,1175611
2019-06-28 00:00:00+05:30,48.85,49.15,48.1,48.3,986852
2019-07-01 00:00:00+05:30,48.45,50.35,48.25,49.7,1426753
2019-07-02 00:00:00+05:30,50.05,51.05,49.45,50.85,2035511
2019-07-03 00:00:00+05:30,50.7,51.3,50.0,50.45,1258572
2019-07-04 00:00:00+05:30,50.25,51.1,50.1,50.75,948603
2019-07-05 00:00:00+05:30,50.75,50.75,49.15,49.35,1059382
2019-07-08 00:00:00+05:30,49.05,49.05,47.8,48.25,1040337
2019-07-09 00:00:00+05:30,48.2,50.35,47.6,50.1,1155081
2019-07-10 00:00:00+05:30,50.0,51.1,49.55,50.7,1344184
2019-07-11 00:00:00+05:30,51.05,51.55,50.65,51.15,1081395
2019-07-12 00:00:00+05:30,51.3,51.55,50.6,51.05,764583
2019-07-15 00:00:00+05:30,50.9,52.15,49.4,50.55,1176990
2019-07-16 00:00:00+05:30,50.5,51.35,49.95,51.1,701954
2019-07-17 00:00:00+05:30,51.4,52.85,51.15,52.1,2118465
2019-07-18 00:00:00+05:30,52.15,52.75,51.55,52.05,1249745
2019-07-19 00:00:00+05:30,52.3,52.3,50.1,50.45,2337537
2019-07-22 00:00:00+05:30,50.75,50.75,49.4,49.65,1198841
2019-07-23 00:00:00+05:30,49.7,50.6,49.25,49.35,1372229
2019-07-24 00:00:00+05:30,49.7,49.9,48.2,48.95,1705014
2019-07-25 00:00:00+05:30,47.6,48.8,47.2,48.55,1476683
2019-07-26 00:00:00+05:30,48.5,49.9,47.75,49.65,1632091
2019-07-29 00:00:00+05:30,50.1,50.4,48.65,49.95,2005658
2019-07-30 00:00:00+05:30,50.15,50.5,47.05,48.0,1355408
2019-07-31 00:00:00+05:30,47.85,48.55,47.5,48.15,1197175
2019-08-01 00:00:00+05:30,47.95,48.95,47.6,48.35,1001764
2019-08-02 00:00:00+05:30,47.95,48.65,46.95,47.95,1560834
2019-08-05 00:00:00+05:30,47.9,47.9,45.45,47.0,1762280
2019-08-06 00:00:00+05:30,46.85,47.5,46.3,46.85,1684013
2019-08-07 00:00:00+05:30,47.1,47.35,46.25,46.4,985445
2019-08-08 00:00:00+05:30,46.5,47.05,45.8,46.75,1212564
2019-08-09 00:00:00+05:30,47.15,47.4,46.55,47.0,790754
2019-08-13 00:00:00+05:30,47.15,47.25,45.5,46.05,841218
2019-08-14 00:00:00+05:30,45.75,46.25,45.2,45.9,798028
2019-08-16 00:00:00+05:30,45.6,48.35,45.1,47.5,1987678
2019-08-19 00:00:00+05:30,47.9,49.75,47.55,49.3,2193738
2019-08-20 00:00:00+05:30,49.0,49.8,48.05,49.4,1394121
2019-08-21 00:00:00+05:30,49.3,49.35,47.55,47.85,813471
2019-08-22 00:00:00+05:30,47.75,48.15,45.1,45.55,1115224
2019-08-23 00:00:00+05:30,45.4,47.2,44.45,46.3,1357857
2019-08-26 00:00:00+05:30,47.15,47.5,46.15,46.9,595654
2019-08-27 00:00:00+05:30,47.05,48.55,46.8,48.25,1291073
2019-08-28 00:00:00+05:30,48.3,49.15,46.6,46.85,1265965
2019-08-29 00:00:00+05:30,46.55,47.2,46.4,46.85,575449
2019-08-30 00:00:00+05:30,46.9,47.6,46.65,47.25,597664
2019-09-03 00:00:00+05:30,46.95,47.4,46.5,46.7,634114
2019-09-04 00:00:00+05:30,46.7,47.8,46.7,47.4,660706
2019-09-05 00:00:00+05:30,47.35,47.85,46.95,47.25,597869
2019-09-06 00:00:00+05:30,47.4,47.65,46.95,47.15,612895
2019-09-09 00:00:00+05:30,47.2,48.15,46.8,47.8,779202
2019-09-11 00:00:00+05:30,47.5,49.6,47.45,49.15,1505726
2019-09-12 00:00:00+05:30,49.05,50.55,48.8,49.1,1669414
2019-09-13 00:00:00+05:30,48.95,52.6,48.95,52.35,4426307
2019-09-16 00:00:00+05:30,52.1,54.15,51.85,53.8,4289036
2019-09-17 00:00:00+05:30,53.55,53.75,49.25,50.0,2385888
2019-09-18 00:00:00+05:30,50.85,52.2,49.15,51.4,2401268
2019-09-19 00:00:00+05:30,51.55,51.55,49.4,49.7,1327801
2019-09-20 00:00:00+05:30,50.2,52.85,49.4,52.25,2788405
2019-09-23 00:00:00+05:30,52.85,53.65,50.4,50.75,1673413
2019-09-24 00:00:00+05:30,50.95,52.1,50.0,50.5,2100325
2019-09-25 00:00:00+05:30,50.55,50.75,48.95,49.15,1538329
2019-09-26 00:00:00+05:30,49.65,49.75,46.8,47.0,2946810
2019-09-27 00:00:00+05:30,47.25,47.85,45.8,46.0,2487223
2019-09-30 00:00:00+05:30,46.05,47.1,44.95,45.95,2376464
2019-10-01 00:00:00+05:30,46.4,46.75,44.45,45.15,1707021
2019-10-03 00:00:00+05:30,45.1,45.6,44.4,44.8,1784130
2019-10-04 00:00:00+05:30,44.95,45.8,44.15,44.4,1603957
2019-10-07 00:00:00+05:30,44.35,45.75,43.7,44.85,1471614
2019-10-09 00:00:00+05:30,44.85,45.85,44.65,45.55,1529940
2019-10-10 00:00:00+05:30,45.4,46.2,45.15,45.7,942436
2019-10-11 00:00:00+05:30,45.75,46.25,45.3,45.7,1362000
2019-10-14 00:00:00+05:30,45.55,45.95,44.65,45.0,1374694
2019-10-15 00:00:00+05:30,44.7,45.2,44.45,44.7,1223177
2019-10-16 00:00:00+05:30,44.95,45.5,44.65,45.25,777222
2019-10-17 00:00:00+05:30,44.8,48.35,44.8,47.45,2256515
2019-10-18 00:00:00+05:30,48.95,49.8,48.15,49.3,4353029
2019-10-22 00:00:00+05:30,48.85,51.85,47.9,50.75,5047496
2019-10-23 00:00:00+05:30,51.05,51.3,49.65,50.15,1152731
2019-10-24 00:00:00+05:30,50.15,50.5,48.35,49.2,1538827
2019-10-25 00:00:00+05:30,48.95,49.7,48.35,49.25,955565
2019-10-27 00:00:00+05:30,49.05,49.65,48.8,49.0,257960
2019-10-29 00:00:00+05:30,49.3,50.3,48.75,49.4,1333780
2019-10-30 00:00:00+05:30,49.4,49.7,47.35,47.95,1846370
2019-10-31 00:00:00+05:30,47.8,48.6,47.6,48.1,1212445
2019-11-01 00:00:00+05:30,48.05,49.7,47.9,48.55,2429350
2019-11-04 00:00:00+05:30,48.7,49.6,48.45,49.1,1270570
2019-11-05 00:00:00+05:30,49.3,49.5,47.95,48.15,1147290
2019-11-06 00:00:00+05:30,48.6,48.6,44.4,44.8,4684751
2019-11-07 00:00:00+05:30,44.8,45.75,44.55,45.3,1566112
2019-11-08 00:00:00+05:30,44.9,45.3,44.05,44.15,1505963
2019-11-11 00:00:00+05:30,44.0,44.05,42.85,42.9,1354788
2019-11-13 00:00:00+05:30,43.05,43.05,40.6,40.7,1979534
2019-11-14 00:00:00+05:30,40.85,41.65,39.75,39.9,1827463
2019-11-15 00:00:00+05:30,39.7,41.1,39.7,40.35,1236549
2019-11-18 00:00:00+05:30,41.05,41.05,39.55,39.85,1573225
2019-11-19 00:00:00+05:30,39.85,40.5,39.45,39.9,992822
2019-11-20 00:00:00+05:30,39.9,40.6,39.7,40.25,1263734
2019-11-21 00:00:00+05:30,40.1,40.75,39.25,39.35,1406123
2019-11-22 00:00:00+05:30,39.55,39.7,38.55,38.8,1511595
2019-11-25 00:00:00+05:30,39.1,39.55,38.75,39.15,935304
2019-11-26 00:00:00+05:30,39.55,39.65,38.95,39.1,1041032
2019-11-27 00:00:00+05:30,39.25,39.5,38.95,39.15,817227
2019-11-28 00:00:00+05:30,39.3,39.35,38.65,39.0,849986
2019-11-29 00:00:00+05:30,39.2,41.5,39.1,40.95,2816304
2019-12-02 00:00:00+05:30,41.3,41.3,39.75,40.25,1323282
2019-12-03 00:00:00+05:30,40.25,40.8,39.15,39.85,972140
2019-12-04 00:00:00+05:30,39.4,39.9,39.25,39.55,613244
2019-12-05 00:00:00+05:30,39.75,39.75,39.15,39.25,646748
2019-12-06 00:00:00+05:30,39.35,39.85,38.2,38.9,1187821
2019-12-09 00:00:00+05:30,38.9,39.1,37.95,38.2,791311
2019-12-10 00:00:00+05:30,38.25,38.35,36.7,36.9,969397
2019-12-11 00:00:00+05:30,36.7,37.05,36.0,36.3,1421960
2019-12-12 00:00:00+05:30,36.35,37.2,35.7,36.45,1361801
2019-12-13 00:00:00+05:30,36.7,39.0,36.7,38.35,2078738
2019-12-16 00:00:00+05:30,38.6,39.35,37.9,38.1,930835
2019-12-17 00:00:00+05:30,38.15,39.85,38.0,39.35,1325508
2019-12-18 00:00:00+05:30,39.35,40.9,39.15,40.6,2052993
2019-12-19 00:00:00+05:30,40.3,42.95,40.2,42.25,4824370
2019-12-20 00:00:00+05:30,42.5,42.55,40.35,40.8,1411071
2019-12-23 00:00:00+05:30,39.25,40.8,39.25,40.15,1361476
2019-12-24 00:00:00+05:30,40.25,40.4,39.35,39.6,766527
2019-12-26 00:00:00+05:30,39.6,39.95,39.25,39.4,626489
2019-12-27 00:00:00+05:30,39.5,40.35,39.15,39.55,1009917
2019-12-30 00:00:00+05:30,39.7,40.55,39.4,40.2,1628734
2019-12-31 00:00:00+05:30,40.2,40.45,39.9,40.2,888260
2020-01-01 00:00:00+05:30,40.1,40.95,40.1,40.45,883697
2020-01-02 00:00:00+05:30,40.55,41.8,40.25,41.2,1528162
2020-01-03 00:00:00+05:30,41.1,42.4,40.85,41.25,1437625
2020-01-06 00:00:00+05:30,40.9,40.9,39.7,40.2,1310073
2020-01-07 00:00:00+05:30,40.45,41.05,40.1,40.25,1252736
2020-01-08 00:00:00+05:30,39.8,40.1,39.3,39.6,820076
2020-01-09 00:00:00+05:30,39.95,40.45,39.65,39.8,950118
2020-01-10 00:00:00+05:30,40.05,40.7,39.9,40.1,896494
2020-01-13 00:00:00+05:30,40.3,41.0,40.3,40.55,752125
2020-01-14 00:00:00+05:30,41.0,42.4,40.8,41.45,1533508
2020-01-15 00:00:00+05:30,41.5,42.7,41.1,42.1,1022281
2020-01-16 00:00:00+05:30,42.15,42.35,41.6,41.85,1104151
2020-01-17 00:00:00+05:30,41.6,43.05,41.2,42.2,1983226
2020-01-20 00:00:00+05:30,42.1,42.8,41.35,41.5,1184580
2020-01-21 00:00:00+05:30,41.4,42.05,41.35,41.75,836983
2020-01-22 00:00:00+05:30,42.0,42.5,41.8,42.3,1299689
2020-01-23 00:00:00+05:30,42.55,43.05,42.4,42.75,947406
2020-01-24 00:00:00+05:30,42.7,43.4,42.4,42.7,976509
2020-01-27 00:00:00+05:30,42.45,42.75,41.5,41.75,753447
2020-01-28 00:00:00+05:30,42.05,42.05,41.2,41.45,695761
2020-01-29 00:00:00+05:30,41.65,43.5,41.4,43.2,1846759
2020-01-30 00:00:00+05:30,43.3,44.7,42.7,44.1,3985306
2020-01-31 00:00:00+05:30,44.95,44.95,42.55,42.95,1961835
2020-02-01 00:00:00+05:30,42.5,42.7,41.35,41.55,1028809
2020-02-03 00:00:00+05:30,41.7,41.85,40.05,40.65,1150310
2020-02-04 00:00:00+05:30,41.0,43.05,40.45,41.75,2636268
2020-02-05 00:00:00+05:30,42.25,42.65,41.35,41.8,1476344
2020-02-06 00:00:00+05:30,42.2,42.3,41.65,41.75,918481
2020-02-07 00:00:00+05:30,41.65,42.0,41.3,41.65,665135
2020-02-10 00:00:00+05:30,41.8,41.9,40.55,40.9,812279
2020-02-11 00:00:00+05:30,40.9,41.65,40.65,41.2,1125759
2020-02-12 00:00:00+05:30,41.15,41.8,40.7,40.85,854259
2020-02-13 00:00:00+05:30,41.05,41.75,40.25,41.45,1055225
2020-02-14 00:00:00+05:30,41.7,41.75,40.65,40.95,706838
2020-02-17 00:00:00+05:30,41.45,41.9,41.0,41.35,1006174
2020-02-18 00:00:00+05:30,42.2,44.5,41.95,43.9,3066845
2020-02-19 00:00:00+05:30,44.45,47.6,43.85,46.4,4451470
2020-02-20 00:00:00+05:30,46.0,47.6,45.8,47.15,2205021
2020-02-24 00:00:00+05:30,46.7,47.1,44.8,45.45,1470345
2020-02-25 00:00:00+05:30,45.45,46.0,44.65,44.9,1119907
2020-02-26 00:00:00+05:30,44.05,45.2,43.75,44.65,1261510
2020-02-27 00:00:00+05:30,42.85,42.85,41.1,41.55,1117138
2020-02-28 00:00:00+05:30,39.0,40.55,37.7,39.15,1858725
2020-03-02 00:00:00+05:30,39.3,40.9,39.3,39.85,1158002
2020-03-03 00:00:00+05:30,41.8,41.8,40.25,41.3,1173611
2020-03-04 00:00:00+05:30,41.3,41.6,39.95,41.05,978669
2020-03-05 00:00:00+05:30,41.05,41.35,40.1,40.4,542229
2020-03-06 00:00:00+05:30,38.9,39.75,37.8,39.35,1267808
2020-03-09 00:00:00+05:30,37.8,39.4,37.8,38.65,1529575
2020-03-11 00:00:00+05:30,39.7,40.05,38.25,38.7,953126
2020-03-12 00:00:00+05:30,37.5,37.5,31.35,35.75,1756945
2020-03-13 00:00:00+05:30,31.8,36.2,28.65,35.65,1750342
2020-03-16 00:00:00+05:30,35.2,35.2,33.2,34.3,1344668
2020-03-17 00:00:00+05:30,34.35,34.9,32.3,33.2,1019469
2020-03-18 00:00:00+05:30,33.5,33.95,28.85,30.45,1954296
2020-03-19 00:00:00+05:30,28.4,30.05,26.4,28.8,2785091
2020-03-20 00:00:00+05:30,27.95,31.2,27.95,29.2,1790033
2020-03-23 00:00:00+05:30,25.45,26.3,23.4,24.45,2524634
2020-03-24 00:00:00+05:30,26.25,26.25,19.65,25.25,2530026
2020-03-25 00:00:00+05:30,24.35,28.2,24.3,27.15,1277904
2020-03-26 00:00:00+05:30,29.3,29.3,27.0,27.45,1855021
2020-03-27 00:00:00+05:30,28.5,28.65,26.4,26.85,1814683
2020-03-30 00:00:00+05:30,27.4,27.4,25.25,26.4,971181
2020-03-31 00:00:00+05:30,26.95,27.35,26.7,26.85,2042265
2020-04-01 00:00:00+05:30,26.9,27.7,26.35,27.3,866846
2020-04-03 00:00:00+05:30,27.65,27.65,26.8,27.25,588938
2020-04-07 00:00:00+05:30,28.65,28.65,27.7,28.0,682816
2020-04-08 00:00:00+05:30,28.3,29.05,27.75,28.8,932123
2020-04-09 00:00:00+05:30,29.35,32.7,29.15,32.35,1981884
2020-04-13 00:00:00+05:30,33.9,33.9,31.35,32.5,1406180
2020-04-15 00:00:00+05:30,32.3,34.75,32.3,34.1,1523893
2020-04-16 00:00:00+05:30,36.05,38.05,35.05,37.4,4694293
2020-04-17 00:00:00+05:30,38.15,39.05,37.7,38.3,2031952
2020-04-20 00:00:00+05:30,38.8,39.05,35.75,36.0,1297806
2020-04-21 00:00:00+05:30,35.25,35.45,33.6,33.95,620951
2020-04-22 00:00:00+05:30,34.0,35.7,32.8,34.05,757772
2020-04-23 00:00:00+05:30,35.25,35.35,34.6,34.9,363006
2020-04-24 00:00:00+05:30,34.7,34.7,32.85,33.0,499936
2020-04-27 00:00:00+05:30,33.75,36.2,33.35,35.4,2496387
2020-04-28 00:00:00+05:30,35.65,35.7,33.35,33.65,1290848
2020-04-29 00:00:00+05:30,33.75,34.25,33.6,33.7,704950
2020-04-30 00:00:00+05:30,34.25,34.8,34.1,34.5,1306543
2020-05-04 00:00:00+05:30,33.55,33.65,32.3,32.35,1017156
2020-05-05 00:00:00+05:30,32.9,33.3,32.3,32.4,554018
2020-05-06 00:00:00+05:30,32.7,33.0,31.8,32.15,563266
2020-05-07 00:00:00+05:30,32.1,32.7,31.35,31.9,583804
2020-05-08 00:00:00+05:30,32.3,32.85,31.8,31.9,495599
2020-05-11 00:00:00+05:30,32.3,32.55,30.5,30.75,1111633
2020-05-12 00:00:00+05:30,30.05,30.95,29.35,29.95,1050622
2020-05-13 00:00:00+05:30,31.4,31.7,30.3,31.05,1398322
2020-05-14 00:00:00+05:30,30.95,30.95,29.95,30.05,1032442
2020-05-15 00:00:00+05:30,30.8,30.8,29.35,29.55,1185566
2020-05-18 00:00:00+05:30,29.6,30.0,28.4,28.7,1060962
2020-05-19 00:00:00+05:30,29.45,29.85,28.95,29.55,1104429
2020-05-20 00:00:00+05:30,29.7,30.05,29.15,29.6,564510
2020-05-21 00:00:00+05:30,29.9,29.9,29.45,29.75,905730
2020-05-22 00:00:00+05:30,29.6,29.7,28.6,29.1,2189381
2020-05-26 00:00:00+05:30,29.85,30.3,28.7,29.35,3619102
2020-05-27 00:00:00+05:30,29.6,30.2,28.0,29.85,3494816
2020-05-28 00:00:00+05:30,29.75,30.95,29.65,30.4,1833071
2020-05-29 00:00:00+05:30,30.45,32.3,30.1,30.95,4911641
2020-06-01 00:00:00+05:30,30.9,33.55,30.85,32.65,3168892
2020-06-02 00:00:00+05:30,33.15,34.95,32.35,34.5,3085569
2020-06-03 00:00:00+05:30,35.05,36.2,33.95,35.65,3792088
2020-06-04 00:00:00+05:30,35.3,35.65,34.0,34.45,1432380
2020-06-05 00:00:00+05:30,34.95,37.95,34.6,36.65,4730933
2020-06-08 00:00:00+05:30,36.9,39.2,36.7,38.7,4038425
2020-06-09 00:00:00+05:30,38.8,38.8,36.25,36.8,1777158
2020-06-10 00:00:00+05:30,37.1,38.1,36.75,37.7,1528147
2020-06-11 00:00:00+05:30,37.7,39.05,37.0,37.2,4322846
2020-06-12 00:00:00+05:30,35.45,37.45,35.25,36.85,2400156
2020-06-15 00:00:00+05:30,36.65,37.7,36.2,37.05,2574924
2020-06-16 00:00:00+05:30,37.75,37.75,36.2,37.0,2671204
2020-06-17 00:00:00+05:30,36.6,37.8,35.9,36.95,4272598
2020-06-18 00:00:00+05:30,36.75,37.95,36.7,37.35,1763473
2020-06-19 00:00:00+05:30,37.7,39.9,37.3,39.1,4965103
2020-06-22 00:00:00+05:30,39.65,41.6,39.15,40.35,5009209
2020-06-23 00:00:00+05:30,40.7,41.85,39.9,41.15,2852434
2020-06-24 00:00:00+05:30,41.5,41.5,38.45,38.75,2411983
2020-06-25 00:00:00+05:30,38.15,39.3,37.8,37.85,1997718
2020-06-26 00:00:00+05:30,38.35,38.95,37.2,37.5,1830038
2020-06-29 00:00:00+05:30,37.65,37.85,36.3,36.6,2017390
2020-06-30 00:00:00+05:30,37.0,37.0,34.45,34.95,2180767
2020-07-01 00:00:00+05:30,35.05,35.9,34.65,35.3,1718327
2020-07-02 00:00:00+05:30,35.75,36.35,35.4,35.75,1126087
2020-07-03 00:00:00+05:30,36.0,36.7,35.75,35.95,1415333
2020-07-06 00:00:00+05:30,36.2,38.0,36.0,37.45,4161289
2020-07-07 00:00:00+05:30,37.7,38.45,36.2,36.9,2279137
2020-07-08 00:00:00+05:30,36.85,39.3,36.7,38.25,4357998
2020-07-09 00:00:00+05:30,38.6,41.0,38.4,39.55,7308312
2020-07-10 00:00:00+05:30,40.9,43.55,40.65,42.45,27028491
2020-07-13 00:00:00+05:30,43.05,43.3,41.6,41.85,6041790
2020-07-14 00:00:00+05:30,41.5,41.55,39.65,40.05,3567891
2020-07-15 00:00:00+05:30,40.35,43.25,40.1,41.15,14451996
2020-07-16 00:00:00+05:30,41.75,42.7,40.85,41.5,6312978
2020-07-17 00:00:00+05:30,42.0,42.4,41.25,41.6,3305821
2020-07-20 00:00:00+05:30,41.95,42.1,41.25,41.45,2539086
2020-07-21 00:00:00+05:30,41.65,42.4,41.05,41.25,2602386
2020-07-22 00:00:00+05:30,41.6,41.75,40.25,40.5,2350124
2020-07-23 00:00:00+05:30,40.75,44.25,40.45,43.55,9511723
2020-07-24 00:00:00+05:30,43.15,44.5,42.15,43.6,7027502
2020-07-27 00:00:00+05:30,43.8,44.9,43.65,44.15,4674343
2020-07-28 00:00:00+05:30,44.45,44.7,44.1,44.3,2488163
2020-07-29 00:00:00+05:30,44.4,46.4,44.3,45.85,6133778
2020-07-30 00:00:00+05:30,45.9,47.65,45.9,46.95,5313274
2020-07-31 00:00:00+05:30,47.05,48.15,46.95,47.8,3296710
2020-08-03 00:00:00+05:30,47.8,52.05,47.45,50.15,7455606
2020-08-04 00:00:00+05:30,50.5,57.15,50.5,56.55,15670444
2020-08-05 00:00:00+05:30,56.55,56.55,53.45,53.65,8047259
2020-08-06 00:00:00+05:30,53.55,55.3,52.65,53.2,3279643
2020-08-07 00:00:00+05:30,53.6,54.75,52.85,53.05,1737285
2020-08-10 00:00:00+05:30,53.75,53.75,51.9,52.1,1913852
2020-08-11 00:00:00+05:30,52.55,56.65,52.15,54.95,6224002
2020-08-12 00:00:00+05:30,54.95,57.15,51.65,53.55,7733039
2020-08-13 00:00:00+05:30,54.7,55.05,53.1,53.25,2406357
2020-08-14 00:00:00+05:30,53.6,53.85,49.6,51.1,3361814
2020-08-17 00:00:00+05:30,51.1,52.45,50.9,51.8,2450768
2020-08-18 00:00:00+05:30,52.4,54.8,51.85,54.2,3691637
2020-08-19 00:00:00+05:30,54.55,55.8,54.3,55.3,3195619
2020-08-20 00:00:00+05:30,53.65,56.2,53.6,55.25,3522599
2020-08-21 00:00:00+05:30,56.15,59.8,55.9,58.45,10032321
2020-08-24 00:00:00+05:30,59.7,60.95,57.9,59.8,5182297
2020-08-25 00:00:00+05:30,60.2,63.2,59.35,62.4,8629855
2020-08-26 00:00:00+05:30,63.1,66.4,62.8,64.85,10168932
2020-08-27 00:00:00+05:30,65.3,65.75,61.45,62.15,4716425
2020-08-28 00:00:00+05:30,62.7,64.6,62.7,63.8,3936939
2020-08-31 00:00:00+05:30,65.05,65.1,57.35,60.5,5646305
2020-09-01 00:00:00+05:30,59.4,60.7,56.85,60.05,3070410
2020-09-02 00:00:00+05:30,60.2,62.6,60.05,62.25,2172886
2020-09-03 00:00:00+05:30,61.75,63.4,61.75,62.6,1951486
2020-09-04 00:00:00+05:30,60.6,62.1,59.45,61.15,1532646
2020-09-07 00:00:00+05:30,61.0,61.85,59.3,60.25,1624317
2020-09-08 00:00:00+05:30,60.5,64.75,59.75,62.1,6135487
2020-09-09 00:00:00+05:30,61.55,62.75,60.0,61.95,2611718
2020-09-10 00:00:00+05:30,62.15,63.6,62.0,63.1,2778870
2020-09-11 00:00:00+05:30,63.65,64.1,62.3,62.9,1993545
2020-09-14 00:00:00+05:30,63.3,69.0,63.2,67.65,10682234
2020-09-15 00:00:00+05:30,68.2,72.4,67.7,71.7,9345223
2020-09-16 00:00:00+05:30,71.8,72.65,69.95,70.25,4156887
2020-09-17 00:00:00+05:30,70.45,72.4,69.85,71.8,4457853
2020-09-18 00:00:00+05:30,72.4,74.25,70.45,72.65,5050363
2020-09-21 00:00:00+05:30,72.9,74.55,66.75,70.1,5255636
2020-09-22 00:00:00+05:30,68.3,71.35,65.75,70.5,5722191
2020-09-23 00:00:00+05:30,71.45,76.75,70.75,73.35,9980530
2020-09-24 00:00:00+05:30,72.35,72.8,68.6,69.3,5163982
2020-09-25 00:00:00+05:30,71.15,71.9,70.05,70.85,2903149
2020-09-28 00:00:00+05:30,71.45,72.6,71.1,71.9,2194035
2020-09-29 00:00:00+05:30,72.3,73.1,70.2,70.45,2645441
2020-09-30 00:00:00+05:30,70.85,71.6,70.1,71.2,2370984
2020-10-01 00:00:00+05:30,71.65,72.3,70.2,70.7,1163864
2020-10-05 00:00:00+05:30,70.55,72.15,69.6,69.85,2363196
2020-10-06 00:00:00+05:30,70.1,70.75,67.6,68.9,2813569
2020-10-07 00:00:00+05:30,68.5,68.95,67.15,67.6,1937136
2020-10-08 00:00:00+05:30,68.45,71.6,68.4,68.95,3183662
2020-10-09 00:00:00+05:30,69.15,69.9,68.1,68.8,1308137
2020-10-12 00:00:00+05:30,68.9,69.4,67.6,68.65,1723975
2020-10-13 00:00:00+05:30,69.2,71.65,68.0,70.4,5569987
2020-10-14 00:00:00+05:30,70.95,71.0,68.55,69.4,1812228
2020-10-15 00:00:00+05:30,69.5,70.05,67.4,67.9,1701905
2020-10-16 00:00:00+05:30,67.95,69.45,65.3,68.75,2017306
2020-10-19 00:00:00+05:30,69.3,69.45,68.0,68.6,1008913
2020-10-20 00:00:00+05:30,68.35,69.85,68.0,69.05,1025735
2020-10-21 00:00:00+05:30,69.5,71.8,68.8,71.3,3225174
2020-10-22 00:00:00+05:30,72.1,73.4,71.0,72.8,3859986
2020-10-23 00:00:00+05:30,73.5,73.8,71.6,71.9,1625538
2020-10-26 00:00:00+05:30,72.1,73.65,70.95,73.25,2627759
2020-10-27 00:00:00+05:30,73.25,75.15,72.15,73.55,3196128
2020-10-28 00:00:00+05:30,73.6,74.85,71.6,72.15,5154295
2020-10-29 00:00:00+05:30,71.85,71.85,69.05,69.6,2759504
2020-10-30 00:00:00+05:30,69.25,70.4,67.1,68.5,2562264
2020-11-02 00:00:00+05:30,68.7,69.0,67.05,67.3,1891596
2020-11-03 00:00:00+05:30,67.7,68.65,67.2,67.9,1681056
2020-11-04 00:00:00+05:30,67.8,69.25,67.25,68.95,2629284
2020-11-05 00:00:00+05:30,69.5,71.85,69.5,71.05,1683650
2020-11-06 00:00:00+05:30,71.85,72.65,71.35,72.15,1751134
2020-11-09 00:00:00+05:30,72.9,73.25,71.65,72.6,1452581
2020-11-10 00:00:00+05:30,72.4,72.7,70.05,71.2,1932484
2020-11-11 00:00:00+05:30,71.1,72.15,70.15,71.55,1853140
2020-11-12 00:00:00+05:30,71.4,73.0,70.65,72.75,1697461
2020-11-13 00:00:00+05:30,72.7,73.8,72.1,72.55,1441510
2020-11-14 00:00:00+05:30,73.35,73.35,72.4,72.55,374672
2020-11-17 00:00:00+05:30,72.85,75.0,71.8,74.3,2914693
2020-11-18 00:00:00+05:30,74.45,76.0,73.7,75.05,3415829
2020-11-19 00:00:00+05:30,75.0,75.35,72.05,72.55,2021916
2020-11-20 00:00:00+05:30,72.9,74.7,71.95,74.35,2095302
2020-11-23 00:00:00+05:30,74.85,77.8,74.1,74.9,6033347
2020-11-24 00:00:00+05:30,76.2,77.8,75.8,76.95,4990584
2020-11-25 00:00:00+05:30,77.6,77.75,74.95,75.7,1931319
2020-11-26 00:00:00+05:30,76.1,76.1,73.9,75.75,1536070
2020-11-27 00:00:00+05:30,75.95,78.3,75.4,77.4,6004258
2020-12-01 00:00:00+05:30,78.0,79.0,75.85,76.35,2276718
2020-12-02 00:00:00+05:30,76.55,76.85,74.95,75.6,1901130
2020-12-03 00:00:00+05:30,76.0,76.1,73.9,74.05,2578191
2020-12-04 00:00:00+05:30,74.1,75.45,73.55,74.3,1937604
2020-12-07 00:00:00+05:30,74.65,74.9,72.1,72.95,2325834
2020-12-08 00:00:00+05:30,73.4,73.6,71.45,72.45,1780156
2020-12-09 00:00:00+05:30,72.65,75.35,71.45,74.8,3366775
2020-12-10 00:00:00+05:30,74.4,76.8,72.9,73.5,3732540
2020-12-11 00:00:00+05:30,74.0,75.15,72.95,73.4,2170351
2020-12-14 00:00:00+05:30,73.4,77.8,73.4,76.95,5510817
2020-12-15 00:00:00+05:30,77.55,79.25,76.55,77.0,4935334
2020-12-16 00:00:00+05:30,77.75,78.7,76.95,78.3,3216997
2020-12-17 00:00:00+05:30,78.7,79.35,76.45,77.3,3003788
2020-12-18 00:00:00+05:30,78.05,78.05,75.45,75.75,1887301
2020-12-21 00:00:00+05:30,76.15,76.15,67.95,70.35,3456929
2020-12-22 00:00:00+05:30,69.35,74.65,65.1,73.95,4421771
2020-12-23 00:00:00+05:30,75.35,78.8,75.35,78.05,7339723
2020-12-24 00:00:00+05:30,78.75,92.2,78.4,89.95,21917980
2020-12-28 00:00:00+05:30,91.4,107.9,91.0,106.6,30765583
2020-12-29 00:00:00+05:30,108.55,112.95,99.8,101.8,14681761
2020-12-30 00:00:00+05:30,102.4,102.65,96.7,97.1,5364013
2020-12-31 00:00:00+05:30,96.7,101.95,95.4,99.35,6030092
2021-01-01 00:00:00+05:30,99.8,100.8,97.35,98.05,2003780
2021-01-04 00:00:00+05:30,99.25,100.3,96.9,99.3,2486407
2021-01-05 00:00:00+05:30,97.85,101.4,96.9,98.55,2711229
2021-01-06 00:00:00+05:30,99.7,103.45,98.4,99.65,5658423
2021-01-07 00:00:00+05:30,100.8,101.7,97.1,97.65,2864718
2021-01-08 00:00:00+05:30,98.85,100.05,98.05,99.45,3648035
2021-01-11 00:00:00+05:30,101.6,101.7,96.4,96.65,2588023
2021-01-12 00:00:00+05:30,95.4,98.85,93.05,96.95,4811028
2021-01-13 00:00:00+05:30,97.0,97.65,94.95,95.4,2347558
2021-01-14 00:00:00+05:30,94.95,95.1,92.1,93.2,2295213
2021-01-15 00:00:00+05:30,92.95,94.55,88.35,88.65,3029565
2021-01-18 00:00:00+05:30,88.85,91.9,86.15,89.55,2785269
2021-01-19 00:00:00+05:30,89.95,92.45,89.05,90.0,1663315
2021-01-20 00:00:00+05:30,90.05,95.2,90.05,93.85,3534785
2021-01-21 00:00:00+05:30,94.95,97.55,93.45,95.6,3568489
2021-01-22 00:00:00+05:30,96.1,96.55,92.0,93.1,1754897
2021-01-25 00:00:00+05:30,93.95,94.95,88.2,89.95,1425050
2021-01-27 00:00:00+05:30,89.95,90.05,87.1,87.6,1216260
2021-01-28 00:00:00+05:30,86.6,87.1,83.75,85.6,1520593
2021-01-29 00:00:00+05:30,86.25,87.75,84.65,85.15,1120268
2021-02-01 00:00:00+05:30,86.1,89.0,82.4,87.2,2848983
2021-02-02 00:00:00+05:30,88.05,90.9,86.15,90.4,2278540
2021-02-03 00:00:00+05:30,91.1,94.45,89.05,91.3,3633738
2021-02-04 00:00:00+05:30,91.8,97.8,91.75,95.3,8129476
2021-02-05 00:00:00+05:30,96.9,99.8,95.35,95.5,5305418
2021-02-08 00:00:00+05:30,97.4,100.8,96.95,100.0,7562539
2021-02-09 00:00:00+05:30,100.8,101.55,94.45,94.85,7650512
2021-02-10 00:00:00+05:30,96.85,99.5,95.05,96.25,4878090
2021-02-11 00:00:00+05:30,96.3,97.85,94.95,96.05,3557246
2021-02-12 00:00:00+05:30,95.9,97.6,94.9,95.35,2400949
2021-02-15 00:00:00+05:30,96.3,97.25,95.65,96.15,2422348
2021-02-16 00:00:00+05:30,96.5,96.65,94.0,95.4,1587004
2021-02-17 00:00:00+05:30,94.35,94.35,91.4,92.45,2781914
2021-02-18 00:00:00+05:30,92.95,93.9,91.5,92.85,1733282
2021-02-19 00:00:00+05:30,92.8,97.3,92.1,94.9,5813195
2021-02-22 00:00:00+05:30,95.9,101.3,93.65,100.15,12944025
2021-02-23 00:00:00+05:30,101.4,104.5,100.85,102.2,12834109
2021-02-24 00:00:00+05:30,102.9,103.95,97.2,99.7,4087331
2021-02-25 00:00:00+05:30,100.35,101.5,99.1,99.9,3041316
2021-02-26 00:00:00+05:30,97.85,99.2,95.75,97.45,3333622
2021-03-01 00:00:00+05:30,98.35,99.7,97.0,97.35,2238899
2021-03-02 00:00:00+05:30,98.1,100.7,97.75,98.85,3118919
2021-03-03 00:00:00+05:30,99.15,103.35,98.55,99.5,5800611
2021-03-04 00:00:00+05:30,99.15,109.4,98.55,105.65,15383205
2021-03-05 00:00:00+05:30,106.6,110.35,101.3,103.25,7209737
2021-03-08 00:00:00+05:30,104.2,106.35,103.05,103.55,4268475
2021-03-09 00:00:00+05:30,104.35,104.85,99.05,100.35,2854889
2021-03-10 00:00:00+05:30,101.7,102.4,100.15,101.2,2497122
2021-03-12 00:00:00+05:30,102.4,103.55,100.3,101.3,2085681
2021-03-15 00:00:00+05:30,102.15,105.45,100.15,102.95,4811340
2021-03-16 00:00:00+05:30,103.55,117.75,102.95,113.65,28312281
2021-03-17 00:00:00+05:30,114.55,120.3,109.85,112.4,15344778
2021-03-18 00:00:00+05:30,113.4,116.1,105.8,108.6,8235593
2021-03-19 00:00:00+05:30,107.4,110.4,102.1,109.1,12940126
2021-03-22 00:00:00+05:30,106.3,112.15,106.0,109.2,4194167
2021-03-23 00:00:00+05:30,110.0,116.3,109.7,112.1,8231661
2021-03-24 00:00:00+05:30,112.1,115.0,110.0,111.1,5308057
2021-03-25 00:00:00+05:30,112.05,112.75,105.35,107.5,4524937
2021-03-26 00:00:00+05:30,108.7,110.3,103.25,104.75,4559287
2021-03-30 00:00:00+05:30,107.45,109.5,105.0,108.45,2748991
2021-03-31 00:00:00+05:30,108.95,112.2,107.45,111.45,4084905
2021-04-01 00:00:00+05:30,111.85,118.3,111.85,115.6,8467620
2021-04-05 00:00:00+05:30,115.6,119.85,113.85,116.85,7081822
2021-04-06 00:00:00+05:30,117.95,118.95,114.8,115.8,3130900
2021-04-07 00:00:00+05:30,115.8,122.75,114.1,119.8,7479785
2021-04-08 00:00:00+05:30,120.7,121.25,117.05,118.2,3657233
2021-04-09 00:00:00+05:30,117.45,121.6,116.05,118.55,4910970
2021-04-12 00:00:00+05:30,116.2,116.8,106.95,109.4,5584577
2021-04-13 00:00:00+05:30,111.25,114.45,108.7,113.9,3622671
2021-04-15 00:00:00+05:30,112.35,114.75,110.3,112.75,3774941
2021-04-16 00:00:00+05:30,113.5,115.3,112.7,114.15,2669990
2021-04-19 00:00:00+05:30,111.55,112.1,108.25,110.65,5350998
2021-04-20 00:00:00+05:30,112.7,113.3,108.75,109.5,2189464
2021-04-22 00:00:00+05:30,109.5,110.3,107.9,108.45,1652532
2021-04-23 00:00:00+05:30,108.1,111.1,106.85,107.95,3918914
2021-04-26 00:00:00+05:30,108.5,114.5,108.0,111.5,4012031
2021-04-27 00:00:00+05:30,111.95,113.6,111.4,112.5,2821163
2021-04-28 00:00:00+05:30,112.55,113.2,110.2,110.6,1663463
2021-04-29 00:00:00+05:30,111.55,111.85,109.95,111.05,1650252
2021-04-30 00:00:00+05:30,109.85,112.0,109.6,110.4,1786114
2021-05-03 00:00:00+05:30,111.35,122.2,109.7,120.75,9440337
2021-05-04 00:00:00+05:30,122.2,126.95,119.55,121.35,10667993
2021-05-05 00:00:00+05:30,121.15,128.0,119.9,124.85,6948485
2021-05-06 00:00:00+05:30,125.65,131.05,124.0,128.2,6626877
2021-05-07 00:00:00+05:30,129.05,129.55,126.4,128.05,3104840
2021-05-10 00:00:00+05:30,128.95,128.95,122.35,123.85,2746283
2021-05-11 00:00:00+05:30,123.3,128.7,119.55,120.5,9702008
2021-05-12 00:00:00+05:30,117.7,127.95,116.75,125.2,7882451
2021-05-14 00:00:00+05:30,127.05,127.15,120.45,122.5,3828101
2021-05-17 00:00:00+05:30,122.5,126.2,121.75,124.35,2402103
2021-05-18 00:00:00+05:30,125.45,132.95,125.25,127.1,6353984
2021-05-19 00:00:00+05:30,127.95,135.55,126.25,134.45,10180340
2021-05-20 00:00:00+05:30,134.7,138.95,132.05,137.95,5779894
2021-05-21 00:00:00+05:30,138.7,140.4,134.0,135.65,4289786
2021-05-24 00:00:00+05:30,136.6,138.65,133.9,135.8,3119529
2021-05-25 00:00:00+05:30,136.8,136.8,132.2,133.3,2522773
2021-05-26 00:00:00+05:30,134.3,139.3,134.05,136.0,3603682
2021-05-27 00:00:00+05:30,137.0,141.2,135.65,137.95,6315293
2021-05-28 00:00:00+05:30,138.8,139.35,135.5,138.4,2479186
2021-05-31 00:00:00+05:30,139.25,141.3,136.65,139.35,2382957
2021-06-01 00:00:00+05:30,139.95,140.85,135.85,136.6,1388902
2021-06-02 00:00:00+05:30,137.5,144.1,136.15,143.35,5133679
2021-06-03 00:00:00+05:30,143.75,147.45,143.4,145.5,4002684
2021-06-04 00:00:00+05:30,146.7,148.65,144.05,145.05,3654301
2021-06-07 00:00:00+05:30,146.8,151.05,145.5,149.05,3143785
2021-06-08 00:00:00+05:30,149.75,156.8,148.8,153.05,5909812
2021-06-09 00:00:00+05:30,153.65,167.45,152.75,157.7,11952189
2021-06-10 00:00:00+05:30,159.25,168.05,159.05,166.45,4847871
2021-06-11 00:00:00+05:30,168.25,169.7,158.15,159.6,6192535
2021-06-14 00:00:00+05:30,160.9,165.6,151.8,163.6,5079566
2021-06-15 00:00:00+05:30,163.6,165.15,159.8,160.95,2626195
2021-06-16 00:00:00+05:30,161.5,165.8,159.1,161.5,3352372
2021-06-17 00:00:00+05:30,160.5,163.8,158.8,160.9,2172853
2021-06-18 00:00:00+05:30,160.9,164.4,152.05,160.4,3141292
2021-06-21 00:00:00+05:30,159.4,163.2,157.55,161.0,2437210
2021-06-22 00:00:00+05:30,161.75,166.8,161.5,162.3,4589272
2021-06-23 00:00:00+05:30,162.65,163.8,160.75,161.7,2088004
2021-06-24 00:00:00+05:30,161.95,162.75,158.8,160.85,1930223
2021-06-25 00:00:00+05:30,161.5,166.2,161.5,164.65,2572761
2021-06-28 00:00:00+05:30,165.6,171.25,164.7,170.2,4250544
2021-06-29 00:00:00+05:30,171.5,201.1,171.25,184.4,42236208
2021-06-30 00:00:00+05:30,182.95,191.75,180.55,182.95,16035182
2021-07-01 00:00:00+05:30,184.7,193.2,182.05,187.95,14251894
2021-07-02 00:00:00+05:30,189.3,190.7,184.0,185.25,5274698
2021-07-05 00:00:00+05:30,186.7,191.3,184.55,186.25,4859095
2021-07-06 00:00:00+05:30,187.15,188.75,182.25,183.7,2690393
2021-07-07 00:00:00+05:30,184.45,185.55,181.35,183.5,2261688
2021-07-08 00:00:00+05:30,184.2,193.65,184.2,189.65,7757535
2021-07-09 00:00:00+05:30,190.3,192.6,187.9,190.55,3585888
2021-07-12 00:00:00+05:30,191.3,199.15,189.0,192.75,6275678
2021-07-13 00:00:00+05:30,194.6,198.15,190.95,191.9,4963954
2021-07-14 00:00:00+05:30,192.75,194.55,191.25,192.65,3078831
2021-07-15 00:00:00+05:30,192.8,204.05,192.8,200.9,11708840
2021-07-16 00:00:00+05:30,201.6,230.95,201.55,224.8,29690841
2021-07-19 00:00:00+05:30,220.0,237.65,217.5,222.15,20459802
2021-07-20 00:00:00+05:30,223.3,229.8,210.35,212.05,10111276
2021-07-22 00:00:00+05:30,215.3,223.35,214.8,220.8,7294570
2021-07-23 00:00:00+05:30,222.6,223.9,214.5,216.15,4518901
2021-07-26 00:00:00+05:30,217.25,217.6,209.45,210.45,3465992
2021-07-27 00:00:00+05:30,211.9,218.85,208.55,210.35,5104818
2021-07-28 00:00:00+05:30,211.85,211.9,197.75,199.95,5161016
2021-07-29 00:00:00+05:30,200.55,207.45,192.0,196.9,15695715
2021-07-30 00:00:00+05:30,199.55,203.25,188.15,190.65,8039271
2021-08-02 00:00:00+05:30,191.8,196.6,190.95,194.45,4767815
2021-08-03 00:00:00+05:30,195.55,210.1,194.45,203.25,15855435
2021-08-04 00:00:00+05:30,204.85,208.0,195.85,197.05,7420818
2021-08-05 00:00:00+05:30,198.25,199.25,191.9,197.7,5686263
2021-08-06 00:00:00+05:30,197.7,199.55,192.8,193.55,3503961
2021-08-09 00:00:00+05:30,194.75,195.4,188.95,191.45,2751158
2021-08-10 00:00:00+05:30,192.35,195.15,177.65,184.75,7225283
2021-08-11 00:00:00+05:30,184.0,185.45,171.3,176.45,9427635
2021-08-12 00:00:00+05:30,177.15,200.6,176.65,197.8,16037826
2021-08-13 00:00:00+05:30,198.65,204.9,194.0,196.8,11209987
2021-08-16 00:00:00+05:30,195.4,199.45,193.25,197.45,4667008
2021-08-17 00:00:00+05:30,196.7,202.1,194.25,197.35,5073025
2021-08-18 00:00:00+05:30,197.7,201.0,195.4,198.55,4108106
2021-08-20 00:00:00+05:30,195.75,196.7,184.0,186.25,5234984
2021-08-23 00:00:00+05:30,188.15,191.75,174.45,176.55,7047187
2021-08-24 00:00:00+05:30,177.9,182.75,172.3,180.05,6785390
2021-08-25 00:00:00+05:30,181.05,184.4,177.3,179.1,4705159
2021-08-26 00:00:00+05:30,179.1,180.5,175.2,176.7,3476598
2021-08-27 00:00:00+05:30,177.55,179.55,174.55,177.95,3544846
2021-08-30 00:00:00+05:30,176.1,179.9,174.6,175.75,3859394
2021-08-31 00:00:00+05:30,177.1,179.4,174.8,177.5,2916753
2021-09-01 00:00:00+05:30,177.7,178.8,174.7,175.65,1823683
2021-09-02 00:00:00+05:30,175.75,188.7,175.4,186.8,7069722
2021-09-03 00:00:00+05:30,187.9,193.35,185.05,186.35,5939265
2021-09-06 00:00:00+05:30,186.9,193.15,182.55,188.7,5002665
2021-09-07 00:00:00+05:30,188.9,189.65,184.5,186.55,2717783
2021-09-08 00:00:00+05:30,185.45,188.35,184.4,185.35,2132710
2021-09-09 00:00:00+05:30,184.45,189.55,184.05,187.3,2749546
2021-09-13 00:00:00+05:30,188.3,199.6,187.0,197.9,7856139
2021-09-14 00:00:00+05:30,199.45,202.0,195.95,198.3,4963574
2021-09-15 00:00:00+05:30,199.15,201.7,195.1,197.8,5573358
2021-09-16 00:00:00+05:30,198.95,201.3,197.1,198.1,3262694
2021-09-17 00:00:00+05:30,199.7,205.0,196.25,203.35,9211305
2021-09-20 00:00:00+05:30,202.85,209.45,196.7,199.45,9011970
2021-09-21 00:00:00+05:30,200.25,202.95,189.2,192.25,6586813
2021-09-22 00:00:00+05:30,193.4,199.95,193.25,196.7,3716672
2021-09-23 00:00:00+05:30,198.5,199.9,191.35,194.95,2569970
2021-09-24 00:00:00+05:30,196.7,200.45,192.8,193.6,3658576
2021-09-27 00:00:00+05:30,195.55,195.55,189.95,191.05,2051923
2021-09-28 00:00:00+05:30,192.1,194.1,189.0,191.2,2959919
2021-09-29 00:00:00+05:30,189.35,192.8,187.95,191.3,1752343
2021-09-30 00:00:00+05:30,192.2,192.7,190.0,191.3,1660603
2021-10-01 00:00:00+05:30,190.85,193.35,189.15,191.0,1962124
2021-10-04 00:00:00+05:30,191.95,193.45,190.85,191.7,1350203
2021-10-05 00:00:00+05:30,190.95,191.5,189.0,189.85,1801504
2021-10-06 00:00:00+05:30,190.9,195.65,188.75,189.4,3372846
2021-10-07 00:00:00+05:30,195.75,206.3,195.75,202.25,12578874
2021-10-08 00:00:00+05:30,204.0,209.85,202.6,206.9,8270252
2021-10-11 00:00:00+05:30,207.45,208.2,200.6,201.0,3516755
2021-10-12 00:00:00+05:30,201.1,206.4,193.75,203.6,6441378
2021-10-13 00:00:00+05:30,201.6,207.0,201.6,203.45,3180209
2021-10-14 00:00:00+05:30,205.5,217.95,204.7,212.95,14483970
2021-10-18 00:00:00+05:30,214.3,216.2,209.8,211.0,4440298
2021-10-19 00:00:00+05:30,211.8,215.55,206.55,210.0,5368146
2021-10-20 00:00:00+05:30,210.4,210.75,199.15,200.2,4717574
2021-10-21 00:00:00+05:30,201.6,206.75,197.25,200.5,4650952
2021-10-22 00:00:00+05:30,200.45,203.0,194.25,196.55,3281303
2021-10-25 00:00:00+05:30,197.6,199.3,190.95,195.3,3154713
2021-10-26 00:00:00+05:30,189.35,198.9,188.4,196.55,3246837
2021-10-27 00:00:00+05:30,197.8,205.2,196.15,204.3,3526804
2021-10-28 00:00:00+05:30,202.75,205.25,197.95,200.35,3058073
2021-10-29 00:00:00+05:30,200.6,200.6,190.25,193.45,4188360
2021-11-01 00:00:00+05:30,194.75,200.5,194.75,199.8,2644962
2021-11-02 00:00:00+05:30,200.6,204.9,196.0,197.0,3207522
2021-11-03 00:00:00+05:30,198.5,199.0,194.05,195.3,1637843
2021-11-04 00:00:00+05:30,196.45,197.7,195.85,196.25,500656
2021-11-08 00:00:00+05:30,196.7,199.05,193.95,197.65,2032107
2021-11-09 00:00:00+05:30,197.6,199.15,193.9,194.5,2450751
2021-11-10 00:00:00+05:30,194.45,202.25,175.1,176.2,23004270
2021-11-11 00:00:00+05:30,175.2,180.05,172.25,175.25,9937686
2021-11-12 00:00:00+05:30,178.1,178.4,173.2,173.75,3507485
2021-11-15 00:00:00+05:30,175.5,175.5,163.55,164.3,6438320
2021-11-16 00:00:00+05:30,164.4,173.5,163.7,170.75,8361250
2021-11-17 00:00:00+05:30,170.3,175.35,167.5,174.2,6393179
2021-11-18 00:00:00+05:30,175.2,175.3,168.55,169.85,4735107
2021-11-22 00:00:00+05:30,169.45,170.3,163.7,165.85,3494955
2021-11-23 00:00:00+05:30,165.8,168.05,161.5,166.35,4301287
2021-11-24 00:00:00+05:30,168.1,173.25,167.6,171.4,6295932
2021-11-25 00:00:00+05:30,171.4,172.55,166.6,168.3,3276676
2021-11-26 00:00:00+05:30,166.85,167.55,161.7,162.65,2662274
2021-11-29 00:00:00+05:30,160.5,162.4,155.15,160.05,2939828
2021-11-30 00:00:00+05:30,160.55,167.9,159.6,166.0,5792281
2021-12-01 00:00:00+05:30,167.35,169.15,164.05,165.25,2221783
2021-12-02 00:00:00+05:30,163.9,170.7,163.9,169.65,3536020
2021-12-03 00:00:00+05:30,170.3,173.4,168.5,169.1,2925132
2021-12-06 00:00:00+05:30,165.9,168.8,164.45,165.3,2330889
2021-12-07 00:00:00+05:30,166.0,167.8,165.05,165.45,1543368
2021-12-08 00:00:00+05:30,167.85,170.2,166.55,167.9,2608150
2021-12-09 00:00:00+05:30,169.45,176.05,168.05,174.35,6777836
2021-12-10 00:00:00+05:30,174.2,175.25,170.3,171.05,3773650
2021-12-13 00:00:00+05:30,173.35,175.1,171.1,171.5,2876720
2021-12-14 00:00:00+05:30,171.2,171.65,166.35,168.5,2720703
2021-12-15 00:00:00+05:30,168.35,169.95,165.75,166.4,1376511
2021-12-16 00:00:00+05:30,167.35,169.15,165.05,165.6,2601608
2021-12-17 00:00:00+05:30,165.85,167.3,157.6,163.45,3836555
2021-12-20 00:00:00+05:30,158.05,159.5,147.6,151.2,8480378
2021-12-21 00:00:00+05:30,151.7,155.0,151.7,153.2,2549373
2021-12-22 00:00:00+05:30,153.95,158.35,153.75,156.75,2363650
2021-12-23 00:00:00+05:30,158.0,172.35,158.0,171.3,11563661
2021-12-24 00:00:00+05:30,172.2,181.05,168.65,179.55,20318025
2021-12-27 00:00:00+05:30,180.05,185.7,178.05,180.75,14062917
2021-12-28 00:00:00+05:30,181.05,183.2,175.35,176.9,5631899
2021-12-29 00:00:00+05:30,175.25,182.4,175.05,178.5,6668977
2021-12-30 00:00:00+05:30,179.1,182.25,175.7,179.3,7042093
2021-12-31 00:00:00+05:30,179.8,181.85,178.25,179.2,3016913
2022-01-03 00:00:00+05:30,180.0,187.3,179.75,184.2,8212360
2022-01-04 00:00:00+05:30,184.95,185.55,179.75,181.9,2949100
2022-01-05 00:00:00+05:30,181.05,181.55,175.8,176.4,4752247
2022-01-06 00:00:00+05:30,175.2,179.85,172.75,177.2,4407676
2022-01-07 00:00:00+05:30,178.8,182.3,177.0,177.9,4274215
2022-01-10 00:00:00+05:30,178.9,179.8,177.35,177.95,3246883
2022-01-11 00:00:00+05:30,178.1,182.85,177.35,179.25,5619794
2022-01-12 00:00:00+05:30,180.45,183.45,178.25,179.75,3421761
2022-01-13 00:00:00+05:30,180.2,181.25,176.7,177.75,2101747
2022-01-14 00:00:00+05:30,177.15,177.15,172.25,174.3,3352427
2022-01-17 00:00:00+05:30,175.0,176.85,173.8,174.4,1870013
2022-01-18 00:00:00+05:30,175.0,175.45,161.9,163.6,6250472
2022-01-19 00:00:00+05:30,164.4,167.8,161.65,166.35,3462616
2022-01-20 00:00:00+05:30,165.5,167.15,163.45,164.45,2076141
2022-01-21 00:00:00+05:30,161.55,165.95,158.2,160.35,2834500
2022-01-24 00:00:00+05:30,159.2,159.85,149.55,151.95,5086838
2022-01-25 00:00:00+05:30,151.7,155.4,147.85,151.6,3613536
2022-01-27 00:00:00+05:30,151.55,151.55,144.85,146.55,4769413
2022-01-28 00:00:00+05:30,148.15,155.55,146.3,148.1,5899216
2022-01-31 00:00:00+05:30,150.7,156.4,150.7,155.25,4508137
2022-02-01 00:00:00+05:30,157.45,159.2,153.15,157.15,3609423
2022-02-02 00:00:00+05:30,158.15,165.1,157.35,163.35,4054618
2022-02-03 00:00:00+05:30,163.45,163.45,158.9,159.55,2105065
2022-02-04 00:00:00+05:30,160.0,161.5,148.75,149.65,10114713
2022-02-07 00:00:00+05:30,149.75,150.45,142.1,142.75,5731075
2022-02-08 00:00:00+05:30,142.9,144.85,140.45,143.2,3113042
2022-02-09 00:00:00+05:30,144.8,146.8,140.6,141.4,5603020
2022-02-10 00:00:00+05:30,142.6,149.0,141.8,147.5,2777079
2022-02-11 00:00:00+05:30,144.85,146.9,140.25,140.75,4823480
2022-02-14 00:00:00+05:30,137.15,139.95,134.55,135.25,3998651
2022-02-15 00:00:00+05:30,137.0,138.95,132.7,138.05,4459457
2022-02-16 00:00:00+05:30,139.95,140.7,131.65,131.95,8001724
2022-02-17 00:00:00+05:30,130.55,132.45,128.2,129.9,5215534
2022-02-18 00:00:00+05:30,127.7,128.7,124.2,124.65,5687089
2022-02-21 00:00:00+05:30,123.9,124.85,118.75,121.15,5758825
2022-02-22 00:00:00+05:30,117.35,120.25,114.95,119.0,5465263
2022-02-23 00:00:00+05:30,120.75,126.55,119.3,124.6,6357496
2022-02-24 00:00:00+05:30,119.9,137.0,115.0,118.45,8896730
2022-02-25 00:00:00+05:30,120.35,125.25,120.35,123.0,4675366
2022-02-28 00:00:00+05:30,121.35,126.9,118.55,124.2,6295657
2022-03-02 00:00:00+05:30,123.1,125.25,122.35,124.15,2680210
2022-03-03 00:00:00+05:30,125.05,129.0,124.85,126.65,4704334
2022-03-04 00:00:00+05:30,125.15,127.4,123.1,123.75,3202960
2022-03-07 00:00:00+05:30,121.35,124.8,119.7,124.0,2771859
2022-03-08 00:00:00+05:30,124.25,127.9,123.5,124.65,3050198
2022-03-09 00:00:00+05:30,125.55,128.6,124.95,127.15,2907274
2022-03-10 00:00:00+05:30,129.2,130.15,123.4,125.6,4628476
2022-03-11 00:00:00+05:30,124.8,126.25,121.15,121.5,3406853
2022-03-14 00:00:00+05:30,122.65,123.15,120.65,122.15,2828536
2022-03-15 00:00:00+05:30,122.45,124.4,118.55,120.25,4009401
2022-03-16 00:00:00+05:30,121.35,124.7,121.05,122.75,3361742
2022-03-17 00:00:00+05:30,124.3,125.1,122.65,122.95,2301566
2022-03-21 00:00:00+05:30,124.1,124.7,120.35,120.75,2590134
2022-03-22 00:00:00+05:30,120.95,125.65,117.8,122.9,5877071
2022-03-23 00:00:00+05:30,124.25,125.35,122.4,123.1,2295769
2022-03-24 00:00:00+05:30,122.9,131.95,122.35,130.65,10004021
2022-03-25 00:00:00+05:30,132.6,133.0,128.6,129.2,7137731
2022-03-28 00:00:00+05:30,129.3,129.3,123.45,124.6,4064441
2022-03-29 00:00:00+05:30,125.5,126.2,123.7,123.95,2584863
2022-03-30 00:00:00+05:30,124.8,127.2,123.95,124.4,3683983
2022-03-31 00:00:00+05:30,124.45,125.15,121.45,122.4,4092720
2022-04-01 00:00:00+05:30,122.75,126.15,121.8,125.65,2358495
2022-04-04 00:00:00+05:30,126.75,130.6,126.3,129.7,3870412
2022-04-05 00:00:00+05:30,130.7,132.3,128.95,130.1,4380078
2022-04-06 00:00:00+05:30,129.2,131.35,128.35,129.85,3294857
2022-04-07 00:00:00+05:30,129.85,137.0,129.0,133.4,13063768
2022-04-08 00:00:00+05:30,134.6,134.8,131.65,132.4,3935266
2022-04-11 00:00:00+05:30,133.0,134.0,130.75,131.0,2715991
2022-04-12 00:00:00+05:30,130.65,130.65,124.85,126.2,4730924
2022-04-13 00:00:00+05:30,126.85,131.55,125.85,128.9,5032152
2022-04-18 00:00:00+05:30,128.45,128.45,122.9,124.75,3333800
2022-04-19 00:00:00+05:30,125.95,126.95,120.45,122.55,3147475
2022-04-20 00:00:00+05:30,123.9,127.5,121.45,125.1,4822934
2022-04-21 00:00:00+05:30,125.75,126.75,125.0,126.15,2639804
2022-04-22 00:00:00+05:30,125.3,128.7,124.7,125.25,2666791
2022-04-25 00:00:00+05:30,124.3,124.3,121.25,121.6,2328943
2022-04-26 00:00:00+05:30,123.6,123.8,121.5,122.05,1449286
2022-04-27 00:00:00+05:30,121.35,121.65,115.25,119.15,5288704
2022-04-28 00:00:00+05:30,120.2,124.05,119.65,121.8,5665511
2022-04-29 00:00:00+05:30,122.75,124.5,121.8,122.35,2641569
2022-05-02 00:00:00+05:30,121.05,121.35,118.65,119.9,2209672
2022-05-04 00:00:00+05:30,120.35,121.0,114.35,115.15,4194967
2022-05-05 00:00:00+05:30,115.6,122.3,110.1,112.35,19510849
2022-05-06 00:00:00+05:30,109.4,117.45,108.25,110.05,16766254
2022-05-09 00:00:00+05:30,109.6,112.5,105.1,110.95,6590920
2022-05-10 00:00:00+05:30,110.95,112.9,109.1,109.45,2956256
2022-05-11 00:00:00+05:30,110.6,111.35,103.95,106.3,3899557
2022-05-12 00:00:00+05:30,104.85,109.6,103.85,107.4,4014986
2022-05-13 00:00:00+05:30,109.6,112.05,105.9,106.75,1976661
2022-05-16 00:00:00+05:30,107.65,108.95,105.75,108.4,1699606
2022-05-17 00:00:00+05:30,109.55,113.05,109.0,112.5,2249010
2022-05-18 00:00:00+05:30,113.2,115.75,111.6,112.55,2847721
2022-05-19 00:00:00+05:30,110.3,110.3,105.55,106.0,3179899
2022-05-20 00:00:00+05:30,108.9,109.1,103.45,106.55,3109081
2022-05-23 00:00:00+05:30,107.65,108.2,104.95,105.25,1640390
2022-05-24 00:00:00+05:30,106.1,106.1,101.05,101.9,3745379
2022-05-25 00:00:00+05:30,101.8,101.8,97.35,99.65,4196497
2022-05-26 00:00:00+05:30,100.8,102.25,96.85,100.7,2546216
2022-05-27 00:00:00+05:30,102.25,106.0,102.25,105.4,3827758
2022-05-30 00:00:00+05:30,106.65,108.85,106.15,108.45,2484407
2022-05-31 00:00:00+05:30,108.15,109.4,106.75,108.7,1601669
2022-06-01 00:00:00+05:30,108.7,110.45,106.75,107.4,1247280
2022-06-02 00:00:00+05:30,106.65,111.05,106.3,108.6,3360098
2022-06-03 00:00:00+05:30,109.6,112.9,109.35,109.95,3802021
2022-06-06 00:00:00+05:30,109.5,111.0,107.15,110.65,1631719
2022-06-07 00:00:00+05:30,109.6,110.6,107.7,110.0,1230731
2022-06-08 00:00:00+05:30,111.45,112.35,108.8,110.4,2231964
2022-06-09 00:00:00+05:30,110.5,110.5,108.8,109.3,1081127
2022-06-10 00:00:00+05:30,107.7,108.6,101.8,102.55,3107951
2022-06-13 00:00:00+05:30,100.45,102.75,98.45,100.25,3786531
2022-06-14 00:00:00+05:30,98.1,102.2,96.4,98.4,4348330
2022-06-15 00:00:00+05:30,99.75,100.6,97.95,99.45,1703781
2022-06-16 00:00:00+05:30,101.4,101.65,94.95,95.8,3233792
2022-06-17 00:00:00+05:30,93.75,96.95,93.15,95.9,2687587
2022-06-20 00:00:00+05:30,96.8,97.0,91.0,92.3,2799310
2022-06-21 00:00:00+05:30,92.95,97.1,92.75,96.35,2246433
2022-06-22 00:00:00+05:30,96.65,96.65,93.55,94.15,1545451
2022-06-23 00:00:00+05:30,94.85,98.35,93.95,97.7,2485824
2022-06-24 00:00:00+05:30,98.3,98.85,96.4,97.85,2399366
2022-06-27 00:00:00+05:30,99.25,103.6,99.2,102.65,5009202
2022-06-28 00:00:00+05:30,102.15,102.15,99.35,101.1,2037256
2022-06-29 00:00:00+05:30,99.4,103.25,98.95,102.35,2618268
2022-06-30 00:00:00+05:30,101.85,103.15,99.8,100.7,2344244
2022-07-01 00:00:00+05:30,100.3,102.05,99.2,101.6,1265235
2022-07-04 00:00:00+05:30,101.6,101.7,98.9,99.65,1048982
2022-07-05 00:00:00+05:30,99.8,101.2,98.4,98.95,1444841
2022-07-06 00:00:00+05:30,98.85,101.55,98.0,101.15,1547563
2022-07-07 00:00:00+05:30,102.35,105.1,101.95,103.3,2844475
2022-07-08 00:00:00+05:30,104.4,105.4,102.0,102.4,2230728
2022-07-11 00:00:00+05:30,101.8,104.15,99.85,103.45,1872140
2022-07-12 00:00:00+05:30,102.55,103.25,98.45,99.65,2218035
2022-07-13 00:00:00+05:30,100.6,102.4,100.1,101.45,1793473
2022-07-14 00:00:00+05:30,101.95,102.4,98.65,99.7,1386631
2022-07-15 00:00:00+05:30,100.05,101.15,99.0,100.65,1355726
2022-07-18 00:00:00+05:30,101.2,104.9,101.1,104.4,2429852
2022-07-19 00:00:00+05:30,104.0,104.25,102.0,102.8,1443057
2022-07-20 00:00:00+05:30,104.0,109.25,103.3,108.55,7717715
2022-07-21 00:00:00+05:30,109.1,109.8,105.8,107.05,5290445
2022-07-22 00:00:00+05:30,107.45,108.5,104.7,106.05,3455154
2022-07-25 00:00:00+05:30,106.0,108.9,105.0,108.2,4754252
2022-07-26 00:00:00+05:30,108.7,108.7,105.2,106.4,3558142
2022-07-27 00:00:00+05:30,105.7,108.65,105.65,107.55,3983104
2022-07-28 00:00:00+05:30,108.65,109.25,106.75,107.3,2637934
2022-07-29 00:00:00+05:30,108.1,111.0,107.35,109.15,4592193
2022-08-01 00:00:00+05:30,110.05,110.35,106.7,107.3,4721546
2022-08-02 00:00:00+05:30,107.45,107.45,102.75,103.6,9046493
2022-08-03 00:00:00+05:30,104.2,105.3,100.25,101.45,14107327
2022-08-04 00:00:00+05:30,100.8,104.25,100.2,103.1,7799010
2022-08-05 00:00:00+05:30,102.95,105.5,102.35,102.9,3089832
2022-08-08 00:00:00+05:30,102.75,103.0,100.6,101.0,2460136
2022-08-10 00:00:00+05:30,101.1,102.2,99.25,99.55,2462519
2022-08-11 00:00:00+05:30,101.0,103.65,100.8,102.0,2534731
2022-08-12 00:00:00+05:30,101.7,103.8,101.15,103.0,2869940
2022-08-16 00:00:00+05:30,103.55,105.35,102.9,104.15,2565160
2022-08-17 00:00:00+05:30,104.6,108.65,103.75,108.2,6922028
2022-08-18 00:00:00+05:30,108.2,110.25,106.65,108.6,4991579
2022-08-19 00:00:00+05:30,108.65,110.6,107.0,107.55,5490873
2022-08-22 00:00:00+05:30,106.65,106.8,102.1,102.65,3088273
2022-08-23 00:00:00+05:30,101.6,103.95,98.85,103.55,2562215
2022-08-24 00:00:00+05:30,103.55,106.4,102.75,105.65,2473106
2022-08-25 00:00:00+05:30,105.7,106.9,103.8,104.25,2061260
2022-08-26 00:00:00+05:30,105.1,108.6,103.5,104.75,4612333
2022-08-29 00:00:00+05:30,101.3,103.55,100.35,103.25,3166741
2022-08-30 00:00:00+05:30,103.7,105.65,103.65,105.15,1666856
2022-09-01 00:00:00+05:30,104.55,105.55,102.75,103.1,2345664
2022-09-02 00:00:00+05:30,103.75,104.4,102.35,102.5,1468300
2022-09-05 00:00:00+05:30,102.5,104.15,102.4,104.0,1492058
2022-09-06 00:00:00+05:30,104.25,107.0,103.95,104.75,3124844
2022-09-07 00:00:00+05:30,103.9,112.2,103.9,111.6,14167076
2022-09-08 00:00:00+05:30,113.15,113.4,110.4,110.9,6113748
2022-09-09 00:00:00+05:30,111.45,114.9,111.0,114.0,11325543
2022-09-12 00:00:00+05:30,115.0,116.35,114.55,115.45,7336619
2022-09-13 00:00:00+05:30,115.95,116.0,112.75,113.25,3382303
2022-09-14 00:00:00+05:30,111.1,111.85,109.75,110.9,3869481
2022-09-15 00:00:00+05:30,111.75,112.2,109.4,110.6,2422518
2022-09-16 00:00:00+05:30,110.6,110.65,104.8,105.95,4107271
2022-09-19 00:00:00+05:30,105.95,106.55,104.1,104.3,2083267
2022-09-20 00:00:00+05:30,105.2,106.7,104.4,104.65,1906739
2022-09-21 00:00:00+05:30,104.6,105.3,103.1,103.55,1883171
2022-09-22 00:00:00+05:30,102.75,105.35,101.9,104.8,2242638
2022-09-23 00:00:00+05:30,104.95,106.35,102.35,102.7,2822624
2022-09-26 00:00:00+05:30,101.8,103.6,98.15,101.85,3694501
2022-09-27 00:00:00+05:30,102.05,104.05,99.7,101.1,3208206
2022-09-28 00:00:00+05:30,100.3,102.25,99.8,100.75,1637862
2022-09-29 00:00:00+05:30,101.95,102.0,99.5,101.65,2509346
2022-09-30 00:00:00+05:30,101.8,103.25,100.15,102.55,2220249
2022-10-03 00:00:00+05:30,102.15,102.6,100.05,101.05,1796479
2022-10-04 00:00:00+05:30,103.0,103.55,101.95,102.9,1572446
2022-10-06 00:00:00+05:30,103.75,105.7,103.2,103.9,1831243
2022-10-07 00:00:00+05:30,102.35,104.2,102.3,103.25,1531715
2022-10-10 00:00:00+05:30,102.15,102.95,101.1,102.65,1432767
2022-10-11 00:00:00+05:30,102.75,104.7,100.45,100.65,2313383
2022-10-12 00:00:00+05:30,101.2,102.5,99.55,101.95,1677971
2022-10-13 00:00:00+05:30,101.4,102.45,100.35,101.0,1155813
2022-10-14 00:00:00+05:30,102.75,104.95,101.2,101.55,2946807
2022-10-17 00:00:00+05:30,100.75,103.3,100.2,102.6,1467951
2022-10-18 00:00:00+05:30,103.25,104.45,101.0,101.65,2278908
2022-10-19 00:00:00+05:30,102.15,102.15,99.8,99.9,1862696
2022-10-20 00:00:00+05:30,99.8,102.5,99.0,101.95,1787513
2022-10-21 00:00:00+05:30,101.7,103.55,100.7,101.95,2008794
2022-10-24 00:00:00+05:30,101.65,102.55,101.3,101.65,288746
2022-10-25 00:00:00+05:30,101.65,104.4,101.4,103.4,2315269
2022-10-27 00:00:00+05:30,104.25,104.25,100.5,100.85,2588611
2022-10-28 00:00:00+05:30,100.9,101.4,98.35,98.55,2303462
2022-10-31 00:00:00+05:30,100.15,101.95,99.2,101.65,3008146
2022-11-01 00:00:00+05:30,100.95,103.5,100.95,103.25,2731268
2022-11-02 00:00:00+05:30,102.75,106.0,100.85,102.45,9253669
2022-11-03 00:00:00+05:30,101.8,102.5,100.5,101.45,2263409
2022-11-04 00:00:00+05:30,101.45,102.7,100.3,100.85,2174271
2022-11-07 00:00:00+05:30,101.2,103.05,101.05,101.95,1527655
2022-11-09 00:00:00+05:30,103.15,104.1,101.55,101.85,1955144
2022-11-10 00:00:00+05:30,101.55,101.95,99.1,100.3,1711532
2022-11-11 00:00:00+05:30,102.55,107.15,102.25,106.55,9266633
2022-11-14 00:00:00+05:30,107.05,110.0,105.7,108.2,5812635
2022-11-15 00:00:00+05:30,108.65,109.0,105.7,108.15,2347635
2022-11-16 00:00:00+05:30,108.45,109.4,106.2,106.85,2273347
2022-11-17 00:00:00+05:30,106.2,106.45,103.6,104.0,2430235
2022-11-18 00:00:00+05:30,104.5,105.25,101.6,102.55,2154450
2022-11-21 00:00:00+05:30,102.75,102.75,100.9,101.75,1293820
2022-11-22 00:00:00+05:30,102.0,102.55,101.0,102.25,1068714
2022-11-23 00:00:00+05:30,102.75,104.25,101.75,102.55,1511554
2022-11-24 00:00:00+05:30,102.75,106.1,102.75,105.25,2960310
2022-11-25 00:00:00+05:30,105.7,107.15,104.5,106.85,1909878
2022-11-28 00:00:00+05:30,106.95,109.2,106.5,106.85,3664699
2022-11-29 00:00:00+05:30,106.85,107.9,106.35,106.75,1534356
2022-11-30 00:00:00+05:30,106.65,107.9,105.8,107.55,1499918
2022-12-01 00:00:00+05:30,108.75,111.2,108.75,109.95,5714772
2022-12-02 00:00:00+05:30,110.4,112.55,109.55,111.1,3077397
2022-12-05 00:00:00+05:30,111.65,112.35,110.3,111.1,2061997
2022-12-06 00:00:00+05:30,110.55,111.1,108.6,109.75,1557942
2022-12-07 00:00:00+05:30,109.6,110.45,107.8,108.6,1761018
2022-12-08 00:00:00+05:30,108.85,109.1,107.3,108.5,1209758
2022-12-09 00:00:00+05:30,109.05,109.1,103.8,104.15,2303032
2022-12-12 00:00:00+05:30,103.75,104.8,102.4,104.5,1131782
2022-12-13 00:00:00+05:30,104.95,105.5,104.05,104.85,1290145
2022-12-14 00:00:00+05:30,105.4,107.15,105.25,106.15,1624926
2022-12-15 00:00:00+05:30,105.65,106.15,103.75,104.15,962547
2022-12-16 00:00:00+05:30,103.5,105.45,102.7,103.05,1966505
2022-12-19 00:00:00+05:30,103.55,103.6,101.3,102.0,1673690
2022-12-20 00:00:00+05:30,101.85,101.95,100.05,101.65,1819916
2022-12-21 00:00:00+05:30,101.7,103.3,99.75,100.6,1941301
2022-12-22 00:00:00+05:30,101.25,101.7,99.5,100.6,2017676
2022-12-23 00:00:00+05:30,99.65,100.4,94.2,95.25,2940128
2022-12-26 00:00:00+05:30,95.65,99.5,94.8,99.0,1771969
2022-12-27 00:00:00+05:30,99.55,100.3,98.55,99.9,1299541
2022-12-28 00:00:00+05:30,99.05,99.7,98.65,98.95,943861
2022-12-29 00:00:00+05:30,98.55,99.8,97.5,99.5,1738597
2022-12-30 00:00:00+05:30,100.8,102.8,99.65,100.1,2591116
2023-01-02 00:00:00+05:30,100.2,101.3,99.4,101.15,1191212
2023-01-03 00:00:00+05:30,101.35,102.25,100.9,101.7,826539
2023-01-04 00:00:00+05:30,101.4,101.95,99.45,100.0,749281
2023-01-05 00:00:00+05:30,100.2,100.85,99.15,100.1,1159758
2023-01-06 00:00:00+05:30,100.2,100.65,98.6,99.1,1054404
2023-01-09 00:00:00+05:30,99.85,102.15,99.85,101.65,1603109
2023-01-10 00:00:00+05:30,101.6,102.35,100.7,101.35,957151
2023-01-11 00:00:00+05:30,101.35,102.35,100.35,101.0,899826
2023-01-12 00:00:00+05:30,101.15,101.75,100.65,101.25,548588
2023-01-13 00:00:00+05:30,101.3,103.05,100.0,102.1,2125031
2023-01-16 00:00:00+05:30,102.5,103.35,101.2,101.95,1543709
2023-01-17 00:00:00+05:30,102.7,102.7,101.35,102.15,853144
2023-01-18 00:00:00+05:30,102.05,103.65,101.8,102.65,1139803
2023-01-19 00:00:00+05:30,102.0,102.75,101.3,101.75,928537
2023-01-20 00:00:00+05:30,101.8,102.55,100.25,100.45,1003366
2023-01-23 00:00:00+05:30,100.45,103.25,98.75,102.7,2408194
2023-01-24 00:00:00+05:30,103.35,104.9,102.45,104.3,4432835
2023-01-25 00:00:00+05:30,104.1,104.25,101.35,102.2,1699189
2023-01-27 00:00:00+05:30,102.75,103.15,99.8,101.25,1779091
2023-01-30 00:00:00+05:30,100.95,105.7,100.8,104.8,3751662
2023-01-31 00:00:00+05:30,105.25,106.3,102.95,105.75,2187458
2023-02-01 00:00:00+05:30,105.75,107.5,104.1,105.9,2550463
2023-02-02 00:00:00+05:30,105.9,110.4,105.7,109.1,6695095
2023-02-03 00:00:00+05:30,109.7,114.3,107.75,113.75,8676975
2023-02-06 00:00:00+05:30,114.4,117.75,113.2,114.95,5928684
2023-02-07 00:00:00+05:30,114.85,116.45,113.6,115.75,2767757
2023-02-08 00:00:00+05:30,115.7,118.7,115.15,117.75,4293624
2023-02-09 00:00:00+05:30,117.75,118.55,116.6,117.35,2727890
2023-02-10 00:00:00+05:30,116.45,119.3,116.15,118.55,2189749
2023-02-13 00:00:00+05:30,119.7,119.85,116.1,116.9,2526002
2023-02-14 00:00:00+05:30,116.95,118.55,115.1,115.7,1608827
2023-02-15 00:00:00+05:30,115.7,117.95,114.8,117.15,1860957
2023-02-16 00:00:00+05:30,117.45,120.65,117.15,118.15,4337891
2023-02-17 00:00:00+05:30,114.9,116.65,113.5,115.6,2608897
2023-02-20 00:00:00+05:30,116.4,117.4,114.55,116.9,2567260
2023-02-21 00:00:00+05:30,117.35,117.85,115.2,115.55,1756123
2023-02-22 00:00:00+05:30,114.45,115.9,113.55,114.95,2582701
2023-02-23 00:00:00+05:30,115.5,116.9,113.3,113.85,2432537
2023-02-24 00:00:00+05:30,114.8,115.5,113.2,113.6,698608
2023-02-27 00:00:00+05:30,113.15,113.45,108.65,110.75,2230626
2023-02-28 00:00:00+05:30,111.3,111.55,108.4,110.25,1498986
2023-03-01 00:00:00+05:30,110.3,112.1,110.25,111.1,2157560
2023-03-02 00:00:00+05:30,111.55,111.55,107.85,108.25,1285095
2023-03-03 00:00:00+05:30,108.65,109.2,106.75,107.65,2899114
2023-03-06 00:00:00+05:30,108.55,115.65,108.55,113.3,5787095
2023-03-08 00:00:00+05:30,113.4,113.4,111.0,112.2,2948468
2023-03-09 00:00:00+05:30,112.85,116.35,112.5,113.65,4889299
2023-03-10 00:00:00+05:30,112.5,112.5,109.35,111.35,3093217
2023-03-13 00:00:00+05:30,111.25,114.1,110.25,111.15,2770758
2023-03-14 00:00:00+05:30,111.15,111.85,108.75,109.75,1926209
2023-03-15 00:00:00+05:30,110.9,111.35,109.2,109.5,1529251
2023-03-16 00:00:00+05:30,108.4,110.35,106.05,109.6,2127147
2023-03-17 00:00:00+05:30,109.6,111.85,109.25,109.7,2547313
2023-03-20 00:00:00+05:30,109.6,109.75,106.65,108.15,1757626
2023-03-21 00:00:00+05:30,108.65,109.2,106.95,108.35,1290562
2023-03-22 00:00:00+05:30,108.9,110.9,108.9,109.35,1718519
2023-03-23 00:00:00+05:30,108.4,109.7,107.5,108.3,934854
2023-03-24 00:00:00+05:30,108.3,109.6,106.85,107.7,2314272
2023-03-27 00:00:00+05:30,105.85,109.1,105.85,108.45,1692738
2023-03-28 00:00:00+05:30,108.75,109.05,102.8,105.0,3047676
2023-03-29 00:00:00+05:30,105.0,106.9,101.35,102.45,6074373
2023-03-31 00:00:00+05:30,104.6,105.2,102.75,103.25,2842159
2023-04-03 00:00:00+05:30,103.25,104.2,101.6,102.4,1892882
2023-04-05 00:00:00+05:30,102.6,104.15,102.5,103.85,1304827
2023-04-06 00:00:00+05:30,103.95,109.85,103.4,109.3,2312648
2023-04-10 00:00:00+05:30,109.6,111.95,108.65,110.95,1275952
2023-04-11 00:00:00+05:30,111.55,111.55,110.35,110.95,612434
2023-04-12 00:00:00+05:30,110.95,111.8,110.0,111.4,596251
2023-04-13 00:00:00+05:30,110.6,112.85,110.4,111.3,1230747
2023-04-17 00:00:00+05:30,109.6,111.45,108.8,110.25,800288
2023-04-18 00:00:00+05:30,109.6,111.35,108.8,109.65,1028137
2023-04-19 00:00:00+05:30,109.1,112.85,109.1,111.2,1124700
2023-04-20 00:00:00+05:30,111.5,112.45,110.6,111.85,769303
2023-04-21 00:00:00+05:30,111.55,112.8,109.3,112.55,886366
2023-04-24 00:00:00+05:30,112.55,113.6,111.8,112.5,736823
2023-04-25 00:00:00+05:30,113.05,113.95,111.9,113.15,843298
2023-04-26 00:00:00+05:30,112.75,114.1,112.1,112.8,455515
2023-04-27 00:00:00+05:30,113.4,113.8,111.85,113.1,659037
2023-04-28 00:00:00+05:30,112.7,114.7,112.7,114.3,738590
2023-05-02 00:00:00+05:30,114.3,117.0,113.5,116.6,1466950
2023-05-03 00:00:00+05:30,116.6,118.0,114.85,115.45,1488604
2023-05-04 00:00:00+05:30,115.0,118.4,112.6,113.95,4288215
2023-05-05 00:00:00+05:30,114.4,114.4,109.2,111.0,2075533
2023-05-08 00:00:00+05:30,111.1,113.4,110.2,112.65,1271780
2023-05-09 00:00:00+05:30,113.05,126.75,113.05,124.75,36049370
2023-05-10 00:00:00+05:30,125.25,129.2,123.85,127.3,15075253
2023-05-11 00:00:00+05:30,127.75,128.95,124.8,127.9,6009000
2023-05-12 00:00:00+05:30,126.8,131.55,126.55,127.7,5860463
2023-05-15 00:00:00+05:30,128.15,128.15,125.25,126.8,2498127
2023-05-16 00:00:00+05:30,127.2,132.45,124.9,129.5,7587784
2023-05-17 00:00:00+05:30,130.15,131.75,128.05,129.6,3518252
2023-05-18 00:00:00+05:30,130.15,131.65,128.75,130.25,2120377
2023-05-19 00:00:00+05:30,130.65,133.75,129.75,131.25,3860446
2023-05-22 00:00:00+05:30,131.75,133.1,130.6,131.2,1677293
2023-05-23 00:00:00+05:30,131.65,131.75,125.65,126.35,2536676
2023-05-24 00:00:00+05:30,126.05,127.4,124.5,125.45,1707148
2023-05-25 00:00:00+05:30,126.1,128.2,124.45,127.25,1593166
2023-05-26 00:00:00+05:30,127.85,130.05,126.3,127.8,1869167
2023-05-29 00:00:00+05:30,128.6,128.7,125.25,125.75,1175227
2023-05-30 00:00:00+05:30,126.45,127.4,124.8,125.45,1035596
2023-05-31 00:00:00+05:30,125.2,132.1,125.1,131.75,4105218
2023-06-01 00:00:00+05:30,131.95,134.25,130.45,131.25,2215155
2023-06-02 00:00:00+05:30,131.95,131.95,127.75,128.5,1966789
2023-06-05 00:00:00+05:30,129.2,130.9,126.75,127.25,2165276
2023-06-06 00:00:00+05:30,127.5,127.6,125.4,126.9,1019128
2023-06-07 00:00:00+05:30,127.2,129.0,127.05,127.7,1006557
2023-06-08 00:00:00+05:30,127.95,128.2,125.35,125.95,791190
2023-06-09 00:00:00+05:30,126.25,128.5,125.25,126.65,1013781
2023-06-12 00:00:00+05:30,126.8,131.15,123.2,130.05,3685892
2023-06-13 00:00:00+05:30,130.7,132.0,129.05,129.7,1258622
2023-06-14 00:00:00+05:30,130.15,132.5,127.7,128.0,1214233
2023-06-15 00:00:00+05:30,128.2,129.5,126.8,127.4,794773
2023-06-16 00:00:00+05:30,128.05,128.3,125.55,126.15,1235696
2023-06-19 00:00:00+05:30,126.65,128.75,125.95,127.15,1134689
2023-06-20 00:00:00+05:30,127.2,128.15,126.25,126.75,1029657
2023-06-21 00:00:00+05:30,127.2,129.95,127.1,127.7,1520245
2023-06-22 00:00:00+05:30,128.1,128.2,125.65,126.65,790975
2023-06-23 00:00:00+05:30,126.75,126.75,123.85,124.35,2041682
2023-06-26 00:00:00+05:30,123.5,126.15,123.3,125.7,1362364
2023-06-27 00:00:00+05:30,126.35,129.4,126.3,126.8,1229289
2023-06-28 00:00:00+05:30,127.4,131.4,127.3,127.65,3483940
2023-06-30 00:00:00+05:30,128.45,130.15,119.55,124.6,3528984
2023-07-03 00:00:00+05:30,125.9,129.55,125.25,127.15,2038089
2023-07-04 00:00:00+05:30,127.45,128.1,125.75,126.55,837781
2023-07-05 00:00:00+05:30,126.75,129.1,126.75,127.9,1584553
2023-07-06 00:00:00+05:30,128.6,129.0,125.45,126.2,2142404
2023-07-07 00:00:00+05:30,126.2,126.2,123.7,124.65,1832082
2023-07-10 00:00:00+05:30,125.2,125.25,121.85,124.55,1839784
2023-07-11 00:00:00+05:30,125.1,125.1,122.8,123.3,1309529
2023-07-12 00:00:00+05:30,124.0,124.5,122.95,123.6,1419983
2023-07-13 00:00:00+05:30,123.8,126.6,123.2,124.6,2050700
2023-07-14 00:00:00+05:30,125.3,131.5,124.0,129.95,7676425
2023-07-17 00:00:00+05:30,132.9,138.95,132.85,135.75,17400071
2023-07-18 00:00:00+05:30,137.0,139.5,134.35,135.1,4787205
2023-07-19 00:00:00+05:30,136.1,138.25,134.35,134.95,3452476
2023-07-20 00:00:00+05:30,135.6,135.95,133.35,133.9,2008530
2023-07-21 00:00:00+05:30,131.75,137.5,131.45,136.15,3438362
2023-07-24 00:00:00+05:30,136.5,138.0,134.1,135.5,2023185
2023-07-25 00:00:00+05:30,136.2,136.3,133.6,135.1,1456560
2023-07-26 00:00:00+05:30,135.2,137.85,133.9,134.35,1653614
2023-07-27 00:00:00+05:30,134.95,137.8,133.9,134.35,1557848
2023-07-28 00:00:00+05:30,134.65,138.5,133.95,137.85,3287347
2023-07-31 00:00:00+05:30,139.95,142.9,139.2,141.4,5577406
2023-08-01 00:00:00+05:30,142.4,144.35,139.4,143.65,3766088
2023-08-02 00:00:00+05:30,143.35,143.6,137.85,141.7,5046023
2023-08-03 00:00:00+05:30,140.95,141.65,137.6,140.8,2993143
2023-08-04 00:00:00+05:30,142.35,148.65,140.8,145.9,6831921
2023-08-07 00:00:00+05:30,146.3,147.0,142.65,144.4,2172978
2023-08-08 00:00:00+05:30,145.2,147.1,141.6,143.7,1797442
2023-08-09 00:00:00+05:30,144.4,146.4,142.15,145.85,1875576
2023-08-10 00:00:00+05:30,145.85,148.1,143.2,145.3,1593374
2023-08-11 00:00:00+05:30,145.5,146.2,143.35,144.65,950416
2023-08-14 00:00:00+05:30,144.45,144.65,142.05,143.8,1480347
2023-08-16 00:00:00+05:30,142.9,146.6,142.5,145.1,1266184
2023-08-17 00:00:00+05:30,145.3,147.3,144.35,144.65,1267027
2023-08-18 00:00:00+05:30,144.85,146.3,143.7,145.75,1577633
2023-08-21 00:00:00+05:30,146.2,152.65,145.2,151.95,7094064
2023-08-22 00:00:00+05:30,153.15,155.6,149.55,154.9,5150864
2023-08-23 00:00:00+05:30,155.8,155.8,152.35,153.55,2387320
2023-08-24 00:00:00+05:30,154.65,158.25,152.65,153.2,2916656
2023-08-25 00:00:00+05:30,153.4,165.4,153.4,164.6,15856334
2023-08-28 00:00:00+05:30,165.35,165.85,159.65,160.35,3677340
2023-08-29 00:00:00+05:30,161.25,162.4,157.15,157.85,1978353
2023-08-30 00:00:00+05:30,159.25,160.8,156.2,156.85,2049393
2023-08-31 00:00:00+05:30,157.3,161.4,156.4,159.7,3214097
2023-09-01 00:00:00+05:30,161.5,171.05,161.5,164.2,12700402
2023-09-04 00:00:00+05:30,165.1,170.05,163.9,167.0,5550688
2023-09-05 00:00:00+05:30,167.5,168.15,161.5,164.55,3326615
2023-09-06 00:00:00+05:30,165.5,166.75,162.55,164.45,1803004
2023-09-07 00:00:00+05:30,164.95,165.45,161.65,163.0,1397120
2023-09-08 00:00:00+05:30,163.75,168.1,162.2,165.6,2786964
2023-09-11 00:00:00+05:30,166.45,168.8,165.6,167.4,2240225
2023-09-12 00:00:00+05:30,168.35,169.2,150.15,154.45,4912868
2023-09-13 00:00:00+05:30,155.0,161.15,152.9,160.3,3470225
2023-09-14 00:00:00+05:30,160.65,163.8,159.9,161.55,1632297
2023-09-15 00:00:00+05:30,162.45,169.75,160.55,165.8,5802901
2023-09-18 00:00:00+05:30,165.4,165.4,162.1,163.15,1630387
2023-09-20 00:00:00+05:30,162.1,163.25,159.5,160.25,1260832
2023-09-21 00:00:00+05:30,160.15,160.4,156.8,157.45,1210178
2023-09-22 00:00:00+05:30,158.0,159.5,155.3,158.55,1048209
2023-09-25 00:00:00+05:30,159.25,161.85,157.7,160.75,1204427
2023-09-26 00:00:00+05:30,160.75,162.4,158.2,159.95,1494695
2023-09-27 00:00:00+05:30,160.0,161.75,158.9,161.25,1082684
2023-09-28 00:00:00+05:30,161.65,162.85,159.5,160.25,1345962
2023-09-29 00:00:00+05:30,160.25,164.65,159.7,163.95,1710901
2023-10-03 00:00:00+05:30,163.45,163.85,160.0,160.35,1360552
2023-10-04 00:00:00+05:30,160.2,160.2,155.65,157.95,1016302
2023-10-05 00:00:00+05:30,158.25,160.9,158.25,159.65,1109106
2023-10-06 00:00:00+05:30,160.55,161.0,158.6,160.1,913661
2023-10-09 00:00:00+05:30,157.2,159.75,155.7,156.95,1076299
2023-10-10 00:00:00+05:30,158.2,160.7,157.45,158.6,1444140
2023-10-11 00:00:00+05:30,159.9,165.4,158.85,162.9,2957547
2023-10-12 00:00:00+05:30,163.6,167.95,162.9,166.3,3292706
2023-10-13 00:00:00+05:30,163.45,166.15,162.45,163.9,1249433
2023-10-16 00:00:00+05:30,162.45,165.6,159.15,160.95,1234414
2023-10-17 00:00:00+05:30,161.9,162.15,158.65,159.75,1015513
2023-10-18 00:00:00+05:30,160.4,164.05,157.8,162.95,1897710
2023-10-19 00:00:00+05:30,162.45,172.25,162.1,167.25,11168820
2023-10-20 00:00:00+05:30,168.4,170.6,162.25,163.3,2207500
2023-10-23 00:00:00+05:30,163.45,163.95,153.95,156.5,2462910
2023-10-25 00:00:00+05:30,156.5,158.4,149.5,153.7,1997491
2023-10-26 00:00:00+05:30,152.45,152.85,145.15,149.85,2300319
2023-10-27 00:00:00+05:30,151.2,155.0,150.7,152.7,1338157
2023-10-30 00:00:00+05:30,152.7,153.95,151.25,152.85,618592
2023-10-31 00:00:00+05:30,154.05,155.25,151.8,152.7,708055
2023-11-01 00:00:00+05:30,152.95,154.4,150.9,152.55,866119
2023-11-02 00:00:00+05:30,153.8,155.05,153.15,153.65,565506
2023-11-03 00:00:00+05:30,154.75,158.15,154.4,157.15,1079914
2023-11-06 00:00:00+05:30,158.5,159.8,155.6,156.15,599165
2023-11-07 00:00:00+05:30,157.1,157.3,154.65,155.4,587422
2023-11-08 00:00:00+05:30,156.35,158.25,153.85,156.95,2159217
2023-11-09 00:00:00+05:30,157.55,158.15,153.15,157.7,2053042
2023-11-10 00:00:00+05:30,157.55,157.8,153.65,154.65,1776915
2023-11-12 00:00:00+05:30,155.5,156.6,154.65,154.85,205780
2023-11-13 00:00:00+05:30,154.8,156.95,153.9,156.35,1010463
2023-11-15 00:00:00+05:30,157.55,160.8,156.15,160.0,2502983
2023-11-16 00:00:00+05:30,161.5,164.4,160.6,162.2,2028278
2023-11-17 00:00:00+05:30,162.4,162.85,159.6,160.95,1374507
2023-11-20 00:00:00+05:30,160.9,164.0,160.15,162.9,1276366
2023-11-21 00:00:00+05:30,166.25,166.35,160.8,161.75,1567351
2023-11-22 00:00:00+05:30,162.45,169.95,162.0,163.85,6291993
2023-11-23 00:00:00+05:30,164.6,167.7,164.05,166.4,1620369
2023-11-24 00:00:00+05:30,167.35,169.3,165.35,166.7,1547524
2023-11-28 00:00:00+05:30,167.4,167.7,164.4,165.25,942033
2023-11-29 00:00:00+05:30,166.2,172.75,165.65,171.95,7750632
2023-11-30 00:00:00+05:30,173.2,177.0,170.1,173.75,9141994
2023-12-01 00:00:00+05:30,175.75,177.6,172.25,172.75,3351108
2023-12-04 00:00:00+05:30,177.3,177.3,172.9,173.55,1503671
2023-12-05 00:00:00+05:30,174.2,174.4,168.35,169.2,1850995
2023-12-06 00:00:00+05:30,169.95,171.75,168.35,170.0,1711257
2023-12-07 00:00:00+05:30,170.6,171.7,168.8,169.85,960050
2023-12-08 00:00:00+05:30,170.3,175.7,170.3,172.1,3580437
2023-12-11 00:00:00+05:30,172.35,176.8,172.25,174.3,2382481
2023-12-12 00:00:00+05:30,175.65,175.9,170.75,171.5,2081985
2023-12-13 00:00:00+05:30,171.75,173.3,169.8,172.85,1209335
2023-12-14 00:00:00+05:30,176.15,180.95,175.0,177.35,6547969
2023-12-15 00:00:00+05:30,177.45,188.8,177.4,183.9,10565604
2023-12-18 00:00:00+05:30,184.7,187.85,182.7,185.0,2897651
2023-12-19 00:00:00+05:30,185.0,186.5,181.85,183.1,1561555
2023-12-20 00:00:00+05:30,184.2,187.35,168.8,175.35,3783676
2023-12-21 00:00:00+05:30,171.25,180.7,168.5,179.5,1991972
2023-12-22 00:00:00+05:30,180.05,183.5,178.35,181.05,1729407
2023-12-26 00:00:00+05:30,181.05,183.0,179.85,182.2,1225048
2023-12-27 00:00:00+05:30,182.4,185.1,179.35,179.9,1021749
2023-12-28 00:00:00+05:30,180.9,182.8,177.7,181.15,1214063
2023-12-29 00:00:00+05:30,181.05,182.85,179.0,180.9,956353
2024-01-01 00:00:00+05:30,181.15,182.35,179.2,181.2,981796
2024-01-02 00:00:00+05:30,181.3,182.3,177.9,180.2,1626019
2024-01-03 00:00:00+05:30,179.1,182.75,178.25,182.05,1096851
2024-01-04 00:00:00+05:30,182.25,188.45,182.25,185.1,3189972
2024-01-05 00:00:00+05:30,184.95,194.2,184.4,189.1,6971072
2024-01-08 00:00:00+05:30,190.2,191.15,183.25,184.15,1490456
2024-01-09 00:00:00+05:30,186.05,188.2,184.4,186.35,1366251
2024-01-10 00:00:00+05:30,187.55,189.95,185.2,186.5,1428349
2024-01-11 00:00:00+05:30,187.65,188.0,185.0,186.05,862480
2024-01-12 00:00:00+05:30,188.9,212.35,188.9,205.4,54201317
2024-01-15 00:00:00+05:30,206.1,208.75,202.35,204.6,7330786
2024-01-16 00:00:00+05:30,204.55,205.05,195.5,197.55,4156094
2024-01-17 00:00:00+05:30,195.75,201.3,192.85,195.7,3842796
2024-01-18 00:00:00+05:30,196.5,196.7,184.8,193.55,3882847
2024-01-19 00:00:00+05:30,194.55,201.3,194.4,200.4,4003241
2024-01-20 00:00:00+05:30,201.6,202.65,195.9,197.2,1304205
2024-01-23 00:00:00+05:30,198.25,199.85,185.35,186.5,2677773
2024-01-24 00:00:00+05:30,187.9,193.4,187.35,191.2,1675776
2024-01-25 00:00:00+05:30,192.6,194.35,189.85,190.65,1188550
2024-01-29 00:00:00+05:30,190.65,192.65,187.45,191.1,1869281
2024-01-30 00:00:00+05:30,192.0,203.95,192.0,197.2,9294910
2024-01-31 00:00:00+05:30,197.85,201.95,194.0,200.25,3243597
2024-02-01 00:00:00+05:30,201.25,201.25,195.75,197.7,1058832
2024-02-02 00:00:00+05:30,198.75,200.6,193.85,195.25,1631602
2024-02-05 00:00:00+05:30,196.0,200.6,195.65,197.3,1930715
2024-02-06 00:00:00+05:30,198.5,206.5,196.9,205.45,6927634
2024-02-07 00:00:00+05:30,206.65,208.1,194.15,202.3,6549084
2024-02-08 00:00:00+05:30,206.65,216.75,204.15,212.0,11892908
2024-02-09 00:00:00+05:30,214.55,215.5,200.65,201.45,6050185
2024-02-12 00:00:00+05:30,201.6,204.55,191.8,195.0,3282187
2024-02-13 00:00:00+05:30,195.75,195.75,186.45,193.55,2993774
2024-02-14 00:00:00+05:30,190.85,195.95,189.0,194.8,2388114
2024-02-15 00:00:00+05:30,198.0,198.35,194.9,196.35,2674635
2024-02-16 00:00:00+05:30,195.35,197.7,191.95,195.2,2429371
2024-02-19 00:00:00+05:30,196.15,198.05,192.8,193.95,1300819
2024-02-20 00:00:00+05:30,195.15,203.45,194.3,199.1,3365046
2024-02-21 00:00:00+05:30,200.25,200.6,192.05,194.45,1545186
2024-02-22 00:00:00+05:30,195.75,202.5,194.65,196.25,3015644
2024-02-23 00:00:00+05:30,196.7,201.15,195.25,197.25,2060012
2024-02-26 00:00:00+05:30,198.2,204.05,197.7,201.05,2295126
2024-02-27 00:00:00+05:30,201.1,204.95,199.85,202.55,1776909
2024-02-28 00:00:00+05:30,203.9,204.75,197.5,200.65,2678081
2024-02-29 00:00:00+05:30,200.2,202.45,196.4,201.3,2243266
2024-03-01 00:00:00+05:30,202.6,203.75,200.2,200.95,1316418
2024-03-02 00:00:00+05:30,201.15,202.25,198.65,199.25,144511
2024-03-04 00:00:00+05:30,199.15,202.5,196.1,201.45,1740755
2024-03-05 00:00:00+05:30,201.6,202.4,197.25,197.95,635122
2024-03-06 00:00:00+05:30,196.5,196.95,188.3,191.9,2373492
2024-03-07 00:00:00+05:30,193.85,195.35,191.4,193.65,1067902
2024-03-11 00:00:00+05:30,192.8,192.8,186.9,189.3,1198227
2024-03-12 00:00:00+05:30,189.3,193.0,183.55,185.45,1512968
2024-03-13 00:00:00+05:30,186.7,188.4,174.6,178.15,2871244
2024-03-14 00:00:00+05:30,178.7,191.55,175.95,190.1,1807786
2024-03-15 00:00:00+05:30,187.9,191.3,184.8,190.15,1684759
2024-03-18 00:00:00+05:30,190.1,190.1,183.25,186.15,1585669
2024-03-19 00:00:00+05:30,185.8,185.9,179.65,181.5,1193050
2024-03-20 00:00:00+05:30,182.05,183.95,175.55,182.95,1249238
2024-03-21 00:00:00+05:30,184.95,188.65,183.45,187.15,1096091
2024-03-22 00:00:00+05:30,184.0,189.85,178.65,188.35,1164446
2024-03-26 00:00:00+05:30,186.45,192.05,184.05,190.8,1056560
2024-03-27 00:00:00+05:30,192.8,194.7,189.35,193.8,1726889
2024-03-28 00:00:00+05:30,195.4,196.4,192.5,193.45,913903
2024-04-01 00:00:00+05:30,193.45,197.2,192.85,195.9,1005499
2024-04-02 00:00:00+05:30,196.7,198.35,194.3,196.3,953729
2024-04-03 00:00:00+05:30,195.75,200.05,194.8,197.75,1644349
2024-04-04 00:00:00+05:30,198.2,200.45,197.6,198.95,1036901
2024-04-05 00:00:00+05:30,196.2,198.65,195.25,198.0,942077
2024-04-08 00:00:00+05:30,197.7,199.35,192.95,194.7,1462873
2024-04-09 00:00:00+05:30,196.45,203.75,194.75,200.2,2858421
2024-04-10 00:00:00+05:30,201.5,204.0,199.45,200.15,1288174
2024-04-12 00:00:00+05:30,200.15,202.55,197.5,199.15,1181423
2024-04-15 00:00:00+05:30,192.8,198.65,188.9,197.8,1578200
2024-04-16 00:00:00+05:30,195.5,199.95,194.3,195.0,1066379
2024-04-18 00:00:00+05:30,195.0,196.65,192.3,193.6,1371493
2024-04-19 00:00:00+05:30,190.85,195.45,189.25,192.95,833281
2024-04-22 00:00:00+05:30,194.65,198.4,192.85,195.65,1486612
2024-04-23 00:00:00+05:30,197.7,199.9,196.4,199.15,831715
2024-04-24 00:00:00+05:30,199.15,201.0,195.85,196.85,626376
2024-04-25 00:00:00+05:30,196.7,216.3,195.75,211.05,9058887
2024-04-26 00:00:00+05:30,211.05,224.0,211.05,213.15,13995517
2024-04-29 00:00:00+05:30,214.3,217.6,210.4,213.15,2318900
2024-04-30 00:00:00+05:30,213.45,219.2,205.5,206.95,4469060
2024-05-02 00:00:00+05:30,208.1,208.25,205.5,205.8,1204487
2024-05-03 00:00:00+05:30,207.05,209.35,200.35,203.55,3827533
2024-05-06 00:00:00+05:30,203.55,204.7,191.55,193.35,2196798
2024-05-07 00:00:00+05:30,194.75,195.05,183.6,186.8,1837720
2024-05-08 00:00:00+05:30,187.2,190.3,183.75,187.45,1742241
2024-05-09 00:00:00+05:30,186.65,187.95,179.1,181.5,1731518
2024-05-10 00:00:00+05:30,181.6,183.2,177.85,181.9,1198645
2024-05-13 00:00:00+05:30,180.6,181.75,176.25,180.1,1064705
2024-05-14 00:00:00+05:30,181.6,187.85,181.05,186.7,1155054
2024-05-15 00:00:00+05:30,187.85,191.4,187.1,190.45,1098402
2024-05-16 00:00:00+05:30,192.1,197.1,192.1,195.0,1844351
2024-05-17 00:00:00+05:30,196.95,198.1,192.9,194.15,1052265
2024-05-18 00:00:00+05:30,195.15,195.55,191.95,192.45,228683
2024-05-21 00:00:00+05:30,192.45,196.8,191.75,192.35,1242334
2024-05-22 00:00:00+05:30,193.5,195.75,190.0,195.15,1163944
2024-05-23 00:00:00+05:30,195.75,196.8,191.55,192.65,902695
2024-05-24 00:00:00+05:30,192.6,194.05,190.35,191.1,893413
2024-05-27 00:00:00+05:30,191.15,192.55,189.5,190.15,868448
2024-05-28 00:00:00+05:30,190.85,192.35,188.45,189.15,693578
2024-05-29 00:00:00+05:30,187.7,190.5,187.7,189.25,645903
2024-05-30 00:00:00+05:30,188.4,189.25,183.5,184.2,750796
2024-05-31 00:00:00+05:30,184.2,185.25,178.7,179.4,2070903
2024-06-03 00:00:00+05:30,184.45,190.15,183.35,187.5,1654781
2024-06-04 00:00:00+05:30,187.9,187.9,172.5,178.0,2733108
2024-06-05 00:00:00+05:30,180.8,184.0,173.25,181.15,1079435
2024-06-06 00:00:00+05:30,183.3,188.9,183.3,185.4,794921
2024-06-07 00:00:00+05:30,187.05,200.25,187.05,192.75,7099748
2024-06-10 00:00:00+05:30,192.85,196.1,191.8,193.75,1389514
2024-06-11 00:00:00+05:30,194.15,196.1,192.0,192.7,1162257
2024-06-12 00:00:00+05:30,193.3,196.6,193.3,195.4,2103607
2024-06-13 00:00:00+05:30,197.85,203.05,197.25,199.9,5581718
2024-06-14 00:00:00+05:30,201.1,202.95,198.05,199.05,1315882
2024-06-18 00:00:00+05:30,198.65,199.25,193.0,195.75,2287985
2024-06-19 00:00:00+05:30,197.3,197.3,192.95,194.3,1124250
2024-06-20 00:00:00+05:30,195.75,199.6,193.9,197.55,1325059
2024-06-21 00:00:00+05:30,199.65,207.85,199.65,201.45,6171658
2024-06-24 00:00:00+05:30,201.5,210.4,197.85,209.4,5919066
2024-06-25 00:00:00+05:30,211.4,212.6,206.55,208.05,3260962
2024-06-26 00:00:00+05:30,208.1,209.45,203.5,204.5,1309277
2024-06-27 00:00:00+05:30,205.5,208.35,200.05,206.65,3051144
2024-06-28 00:00:00+05:30,208.55,210.7,203.35,205.5,1974115
2024-07-01 00:00:00+05:30,207.0,211.4,204.0,209.35,2914827
2024-07-02 00:00:00+05:30,212.05,223.9,210.1,221.55,16538957
2024-07-03 00:00:00+05:30,222.9,224.6,218.3,219.35,4027880
2024-07-04 00:00:00+05:30,221.1,230.0,219.95,227.65,10384463
2024-07-05 00:00:00+05:30,229.1,243.75,228.15,230.7,12769680
2024-07-08 00:00:00+05:30,234.0,249.2,234.0,244.8,11218038
2024-07-09 00:00:00+05:30,246.7,253.4,240.4,243.45,6776938
2024-07-10 00:00:00+05:30,241.7,243.15,231.25,234.65,4050981
2024-07-11 00:00:00+05:30,234.85,237.8,232.75,235.05,1689077
2024-07-12 00:00:00+05:30,237.4,250.05,237.4,244.1,9117863
2024-07-15 00:00:00+05:30,245.45,249.55,237.55,247.6,2601155
2024-07-16 00:00:00+05:30,247.4,251.0,241.7,248.6,3210967
2024-07-18 00:00:00+05:30,244.65,252.5,238.8,239.9,3355053
2024-07-19 00:00:00+05:30,242.7,253.05,236.45,239.45,8460052
2024-07-22 00:00:00+05:30,239.3,244.05,235.65,239.35,2066923
2024-07-23 00:00:00+05:30,241.75,241.75,221.8,235.25,2472109
2024-07-24 00:00:00+05:30,234.8,244.15,234.25,242.65,2225829
2024-07-25 00:00:00+05:30,239.75,243.15,237.85,242.1,915438
2024-07-26 00:00:00+05:30,244.0,257.2,240.8,250.8,7083391
2024-07-29 00:00:00+05:30,253.1,263.5,251.7,261.5,5842301
2024-07-30 00:00:00+05:30,261.9,273.0,258.95,265.5,10929219
2024-07-31 00:00:00+05:30,269.15,269.85,263.6,267.6,3279980
2024-08-01 00:00:00+05:30,269.15,302.7,267.55,294.55,60241210
2024-08-02 00:00:00+05:30,289.7,294.2,284.9,291.0,7585463
2024-08-05 00:00:00+05:30,276.95,284.7,266.45,269.65,6922982
2024-08-06 00:00:00+05:30,275.0,311.1,275.0,283.9,49846364
2024-08-07 00:00:00+05:30,289.7,296.35,278.3,282.6,9989363
2024-08-08 00:00:00+05:30,282.65,289.25,276.15,277.25,4674985
2024-08-09 00:00:00+05:30,279.7,283.45,276.35,278.3,2748009
2024-08-12 00:00:00+05:30,276.8,281.25,274.05,279.6,2586221
2024-08-13 00:00:00+05:30,278.05,286.7,269.2,271.1,3511245
2024-08-14 00:00:00+05:30,270.75,286.75,270.1,284.2,7122393
2024-08-16 00:00:00+05:30,291.65,318.05,289.9,301.15,38575796
2024-08-19 00:00:00+05:30,303.85,336.55,299.0,330.15,36747256
2024-08-20 00:00:00+05:30,332.75,336.35,312.3,314.25,14747418
2024-08-21 00:00:00+05:30,315.25,322.65,310.4,320.15,7259868
2024-08-22 00:00:00+05:30,321.9,322.85,308.55,311.15,4263591
2024-08-23 00:00:00+05:30,311.15,323.95,301.5,316.45,11079086
2024-08-26 00:00:00+05:30,317.45,317.7,306.65,308.55,4686613
2024-08-27 00:00:00+05:30,309.1,311.45,300.7,302.0,4889548
2024-08-28 00:00:00+05:30,303.4,307.0,298.5,299.4,4657442
2024-08-29 00:00:00+05:30,300.5,313.05,299.55,302.25,7855487
2024-08-30 00:00:00+05:30,305.1,309.75,294.65,296.75,5133515
2024-09-02 00:00:00+05:30,298.15,315.85,294.2,308.3,20133902
2024-09-03 00:00:00+05:30,309.55,314.05,303.45,305.5,4950500
2024-09-04 00:00:00+05:30,301.4,314.15,299.25,306.35,4675386
2024-09-05 00:00:00+05:30,307.25,318.55,307.25,312.8,7401803
2024-09-06 00:00:00+05:30,313.15,317.1,306.45,308.75,3855504
2024-09-09 00:00:00+05:30,308.9,311.9,301.25,304.15,3177576
2024-09-10 00:00:00+05:30,305.8,323.9,305.8,321.75,9365308
2024-09-11 00:00:00+05:30,321.0,326.0,310.25,312.55,4497233
2024-09-12 00:00:00+05:30,316.0,325.6,305.95,311.65,4911267
2024-09-13 00:00:00+05:30,313.45,313.5,301.55,304.4,2880956
2024-09-16 00:00:00+05:30,305.35,306.2,295.95,301.15,3050107
2024-09-17 00:00:00+05:30,311.2,311.7,301.15,302.8,5859139
2024-09-18 00:00:00+05:30,302.2,303.85,288.2,295.5,3555057
2024-09-19 00:00:00+05:30,299.45,308.25,296.55,301.85,10896103
2024-09-20 00:00:00+05:30,303.85,312.1,300.7,304.65,6255046
2024-09-23 00:00:00+05:30,306.05,309.65,303.4,307.95,2187606
2024-09-24 00:00:00+05:30,315.1,331.75,311.55,326.4,31733865
2024-09-25 00:00:00+05:30,328.2,337.65,323.7,335.15,11074909
2024-09-26 00:00:00+05:30,336.1,336.15,320.0,322.4,5359842
2024-09-27 00:00:00+05:30,324.65,329.35,309.35,312.5,5090032
2024-09-30 00:00:00+05:30,312.2,312.25,302.35,304.5,3810638
2024-10-01 00:00:00+05:30,305.8,309.55,303.6,305.65,1892861
2024-10-03 00:00:00+05:30,299.55,306.15,295.85,300.8,2564525
2024-10-04 00:00:00+05:30,301.65,304.95,295.9,297.45,3512359
2024-10-07 00:00:00+05:30,299.1,305.65,288.75,292.9,5976238
2024-10-08 00:00:00+05:30,292.9,312.75,292.45,309.7,3492386
2024-10-09 00:00:00+05:30,312.15,315.5,305.95,306.9,2390274
2024-10-10 00:00:00+05:30,308.2,310.95,301.4,303.55,1423594
2024-10-11 00:00:00+05:30,301.9,312.95,301.35,309.25,2541521
2024-10-14 00:00:00+05:30,309.85,314.65,306.5,311.2,1227465
2024-10-15 00:00:00+05:30,313.2,332.25,311.6,329.3,8044516
2024-10-16 00:00:00+05:30,327.85,332.65,321.35,330.25,2732851
2024-10-17 00:00:00+05:30,330.25,339.2,321.6,331.0,5416577
2024-10-18 00:00:00+05:30,323.95,329.15,318.05,324.8,2823953
2024-10-21 00:00:00+05:30,324.8,331.95,318.1,320.65,2458773
2024-10-22 00:00:00+05:30,321.7,324.4,303.5,306.45,3468135
2024-10-23 00:00:00+05:30,310.25,354.25,305.85,343.4,27757764
2024-10-24 00:00:00+05:30,332.75,343.15,323.05,325.85,8642381
2024-10-25 00:00:00+05:30,325.9,331.85,321.1,325.55,5285693
2024-10-28 00:00:00+05:30,326.6,369.95,321.6,364.6,25947633
2024-10-29 00:00:00+05:30,361.55,365.05,333.55,335.95,15422573
2024-10-30 00:00:00+05:30,337.1,338.8,319.15,331.05,11329614
2024-10-31 00:00:00+05:30,332.2,339.0,330.2,332.95,5407085
2024-11-01 00:00:00+05:30,336.35,337.3,329.9,332.2,542216
2024-11-04 00:00:00+05:30,330.8,354.25,327.75,351.5,17288617
2024-11-05 00:00:00+05:30,349.25,365.6,345.8,361.9,14996652
2024-11-06 00:00:00+05:30,363.1,380.6,351.7,372.3,13471973
2024-11-07 00:00:00+05:30,373.55,382.5,365.5,372.8,10180165
2024-11-08 00:00:00+05:30,372.75,374.4,358.2,360.2,3674242
2024-11-11 00:00:00+05:30,359.2,360.85,349.55,350.95,3284480
2024-11-12 00:00:00+05:30,352.3,375.25,346.55,349.15,13764343
2024-11-13 00:00:00+05:30,349.15,352.3,339.05,342.0,4380015
2024-11-14 00:00:00+05:30,344.95,355.45,330.5,332.9,5104224
2024-11-18 00:00:00+05:30,334.05,340.5,328.0,331.85,3176631
2024-11-19 00:00:00+05:30,332.8,344.55,330.3,332.65,3080925
2024-11-21 00:00:00+05:30,333.05,342.65,327.5,332.2,2884362
2024-11-22 00:00:00+05:30,335.75,339.65,330.0,337.05,2504331
2024-11-25 00:00:00+05:30,345.45,353.3,344.5,348.8,4020988
2024-11-26 00:00:00+05:30,352.05,361.05,348.95,350.65,3327198
2024-11-27 00:00:00+05:30,354.05,356.2,349.0,354.2,1606542
2024-11-28 00:00:00+05:30,356.7,357.8,351.05,353.15,1475124
2024-11-29 00:00:00+05:30,354.25,365.5,350.65,358.85,4512440
2024-12-02 00:00:00+05:30,358.2,364.05,354.05,358.1,1680717
2024-12-03 00:00:00+05:30,358.7,368.65,357.7,360.75,3457379
2024-12-04 00:00:00+05:30,362.05,367.9,359.15,364.75,2673802
2024-12-05 00:00:00+05:30,366.0,373.05,362.5,367.8,3298962
2024-12-06 00:00:00+05:30,367.8,369.95,360.2,367.75,2546906
2024-12-09 00:00:00+05:30,367.95,369.4,362.2,367.55,1732286
2024-12-10 00:00:00+05:30,367.95,375.2,365.35,373.15,3245620
2024-12-11 00:00:00+05:30,373.3,380.35,367.55,374.35,3767881
2024-12-12 00:00:00+05:30,376.75,383.15,374.4,375.5,3753546
2024-12-13 00:00:00+05:30,377.95,381.05,357.45,364.2,4608088
2024-12-16 00:00:00+05:30,366.0,369.55,360.6,363.3,2778218
2024-12-17 00:00:00+05:30,364.55,368.3,355.5,358.2,2235414
2024-12-18 00:00:00+05:30,358.2,363.1,354.55,362.5,1955079
2024-12-19 00:00:00+05:30,356.25,361.1,350.95,357.8,1718227
2024-12-20 00:00:00+05:30,360.65,368.45,347.6,349.65,3893015
2024-12-23 00:00:00+05:30,357.2,357.2,339.05,347.45,2403157
2024-12-24 00:00:00+05:30,350.65,353.6,346.25,350.85,1269499
2024-12-26 00:00:00+05:30,352.95,355.85,347.65,355.1,1385487
2024-12-27 00:00:00+05:30,354.95,361.9,349.05,360.75,2144350
2024-12-30 00:00:00+05:30,361.8,371.45,356.7,369.5,1902691
2024-12-31 00:00:00+05:30,367.95,371.15,363.7,367.95,1024109
2025-01-01 00:00:00+05:30,366.5,379.15,364.15,375.75,2651154
2025-01-02 00:00:00+05:30,375.8,395.1,373.15,386.05,10131273
2025-01-03 00:00:00+05:30,386.05,398.2,384.8,392.7,4454798
2025-01-06 00:00:00+05:30,392.7,397.3,379.95,382.65,3431451
2025-01-07 00:00:00+05:30,382.65,413.3,378.2,398.05,13612364
2025-01-08 00:00:00+05:30,398.25,400.15,382.7,388.15,2507273
2025-01-09 00:00:00+05:30,386.25,397.5,381.8,386.55,2373946
2025-01-10 00:00:00+05:30,384.7,405.15,365.2,370.7,13828399
2025-01-13 00:00:00+05:30,366.55,372.7,347.95,354.2,2886034
2025-01-14 00:00:00+05:30,352.85,363.7,345.4,362.2,3380389
2025-01-15 00:00:00+05:30,364.5,373.6,357.2,371.85,2809307
2025-01-16 00:00:00+05:30,375.15,383.2,373.55,375.4,1923066
2025-01-17 00:00:00+05:30,374.8,384.6,365.4,382.75,1686596
2025-01-20 00:00:00+05:30,384.35,392.5,377.85,379.75,2871572
2025-01-21 00:00:00+05:30,379.35,380.7,351.65,353.9,3570375
2025-01-22 00:00:00+05:30,355.15,356.95,332.0,343.35,4167073
2025-01-23 00:00:00+05:30,345.05,354.0,342.9,347.8,3389840
2025-01-24 00:00:00+05:30,348.8,376.85,339.75,361.0,23926522
2025-01-27 00:00:00+05:30,351.55,355.5,339.7,344.3,5021072
2025-01-28 00:00:00+05:30,345.75,348.2,314.3,317.85,5806800
2025-01-29 00:00:00+05:30,314.1,344.95,311.6,339.1,5473001
2025-01-30 00:00:00+05:30,339.6,343.4,331.05,333.95,1994456
2025-01-31 00:00:00+05:30,332.75,333.4,325.6,328.0,2023089
2025-02-01 00:00:00+05:30,331.75,340.4,324.9,336.55,1472757
2025-02-03 00:00:00+05:30,325.95,331.85,318.65,324.3,3433987
2025-02-04 00:00:00+05:30,327.85,334.05,315.6,326.6,5655714
2025-02-05 00:00:00+05:30,330.2,347.3,330.05,344.05,4169702
2025-02-06 00:00:00+05:30,343.55,346.85,338.95,344.85,1589367
2025-02-07 00:00:00+05:30,344.85,355.0,338.95,347.0,3316050
2025-02-10 00:00:00+05:30,360.15,365.35,335.3,344.3,11815755
2025-02-11 00:00:00+05:30,340.2,353.8,340.2,349.55,9093288
2025-02-12 00:00:00+05:30,349.05,355.85,335.0,348.35,4522779
2025-02-13 00:00:00+05:30,349.55,358.5,346.95,353.95,3033440
2025-02-14 00:00:00+05:30,353.8,354.05,338.6,344.85,2892804
2025-02-17 00:00:00+05:30,341.1,347.15,329.65,337.4,3409272
2025-02-18 00:00:00+05:30,338.6,344.3,331.95,342.3,2273657
2025-02-19 00:00:00+05:30,341.45,353.55,338.6,346.15,1904677
2025-02-20 00:00:00+05:30,347.4,357.9,344.9,356.85,1930271
2025-02-21 00:00:00+05:30,353.35,361.35,348.55,360.2,1882302
2025-02-24 00:00:00+05:30,356.25,356.25,347.6,352.55,1305661
2025-02-25 00:00:00+05:30,350.35,357.55,344.5,346.5,2113683
2025-02-27 00:00:00+05:30,349.35,355.2,340.2,349.15,1797225
2025-02-28 00:00:00+05:30,345.45,347.8,332.75,338.6,2773439
2025-03-03 00:00:00+05:30,335.2,349.35,320.85,344.6,2583375
2025-03-04 00:00:00+05:30,344.45,350.65,337.3,346.3,2094966
2025-03-05 00:00:00+05:30,346.5,355.75,344.4,353.45,2170680
2025-03-06 00:00:00+05:30,356.7,359.1,345.55,347.9,2583838
2025-03-07 00:00:00+05:30,351.35,351.35,341.55,345.75,1597893
2025-03-10 00:00:00+05:30,346.4,346.95,329.5,332.8,1761266
2025-03-11 00:00:00+05:30,327.45,328.65,321.0,324.25,1508885
2025-03-12 00:00:00+05:30,326.8,331.0,295.95,300.25,6802096
2025-03-13 00:00:00+05:30,300.6,301.7,286.35,296.2,6461211
2025-03-17 00:00:00+05:30,293.45,293.55,269.35,273.05,15883121
2025-03-18 00:00:00+05:30,274.0,280.7,266.45,278.4,9263155
2025-03-19 00:00:00+05:30,280.65,292.1,279.1,288.65,4821677
2025-03-20 00:00:00+05:30,293.2,301.05,289.8,300.05,4262682
2025-03-21 00:00:00+05:30,298.5,312.6,296.0,310.7,3295445
2025-03-24 00:00:00+05:30,316.35,318.5,306.95,313.9,2360244
2025-03-25 00:00:00+05:30,314.0,323.6,313.75,320.9,3629788
2025-03-26 00:00:00+05:30,319.05,322.55,315.3,317.75,1541999
2025-03-27 00:00:00+05:30,315.0,360.75,313.5,348.45,7614245
2025-03-28 00:00:00+05:30,343.2,350.65,329.75,333.0,4572928
2025-04-01 00:00:00+05:30,329.9,338.05,324.1,327.05,2292751
2025-04-02 00:00:00+05:30,326.3,330.55,322.35,328.75,1093293
2025-04-03 00:00:00+05:30,325.4,340.1,324.4,338.65,2085497
2025-04-04 00:00:00+05:30,337.55,337.55,314.5,317.2,2326260
2025-04-07 00:00:00+05:30,264.25,309.05,264.25,304.45,2702711
2025-04-08 00:00:00+05:30,308.25,317.8,299.3,313.2,2573197
2025-04-09 00:00:00+05:30,311.2,311.2,300.55,305.4,1554562
2025-04-11 00:00:00+05:30,311.85,318.6,309.5,314.2,2769693
2025-04-15 00:00:00+05:30,317.35,325.95,315.85,323.1,1675564
2025-04-16 00:00:00+05:30,323.2,332.0,322.95,330.95,1060458
2025-04-17 00:00:00+05:30,329.7,334.1,324.4,330.45,2282606
2025-04-21 00:00:00+05:30,333.35,337.15,329.8,333.2,2103940
2025-04-22 00:00:00+05:30,334.7,340.25,333.8,338.65,1045342
2025-04-23 00:00:00+05:30,341.75,350.15,340.1,347.2,2844766
2025-04-24 00:00:00+05:30,346.45,353.15,343.25,347.15,1787718
2025-04-25 00:00:00+05:30,348.45,350.1,330.6,341.8,1824408
2025-04-28 00:00:00+05:30,344.35,348.4,336.55,347.0,1307134
2025-04-29 00:00:00+05:30,346.4,350.35,339.6,344.2,2046435
2025-04-30 00:00:00+05:30,342.5,344.5,328.9,333.4,1667425
2025-05-02 00:00:00+05:30,331.65,338.4,321.95,330.0,2033590
2025-05-05 00:00:00+05:30,330.35,333.0,325.15,329.15,1049971
2025-05-06 00:00:00+05:30,330.85,332.9,310.25,311.4,2765122
2025-05-07 00:00:00+05:30,307.3,311.7,300.45,307.15,2255904
2025-05-08 00:00:00+05:30,308.15,320.75,307.9,317.4,2790392
2025-05-09 00:00:00+05:30,311.2,319.9,306.25,318.15,1590382
2025-05-12 00:00:00+05:30,325.9,339.6,323.1,337.2,1699072
2025-05-13 00:00:00+05:30,341.75,356.25,337.65,353.15,3417834
2025-05-14 00:00:00+05:30,353.3,377.55,347.45,366.9,4952203
2025-05-15 00:00:00+05:30,365.25,375.8,362.1,365.6,2170172
2025-05-16 00:00:00+05:30,365.6,367.6,359.15,360.85,1702613
2025-05-19 00:00:00+05:30,357.2,370.9,356.65,366.9,1534876
2025-05-20 00:00:00+05:30,367.9,369.95,357.8,362.15,1495903
2025-05-21 00:00:00+05:30,364.65,369.15,359.2,366.6,1465239
2025-05-22 00:00:00+05:30,365.7,367.8,361.25,365.5,916510
2025-05-23 00:00:00+05:30,366.3,390.1,361.85,378.85,8778045
2025-05-26 00:00:00+05:30,381.05,385.9,377.65,380.55,1720383
2025-05-27 00:00:00+05:30,380.5,380.5,372.3,378.25,1247660
2025-05-28 00:00:00+05:30,379.6,383.15,376.0,378.15,778471
2025-05-29 00:00:00+05:30,379.7,389.5,379.0,386.3,1984220
2025-05-30 00:00:00+05:30,385.45,385.95,360.5,363.5,2633820
2025-06-02 00:00:00+05:30,363.45,380.55,361.7,369.75,2315033
2025-06-03 00:00:00+05:30,371.9,374.2,364.7,372.8,1018559
2025-06-04 00:00:00+05:30,373.95,374.75,367.5,372.7,861515
2025-06-05 00:00:00+05:30,374.8,376.3,364.55,366.0,914517
2025-06-06 00:00:00+05:30,367.0,369.95,363.8,365.6,728562
2025-06-09 00:00:00+05:30,369.45,373.9,365.95,366.65,850111
2025-06-10 00:00:00+05:30,368.55,382.65,365.5,379.7,2964816
2025-06-11 00:00:00+05:30,382.75,386.55,376.05,378.6,1472228
2025-06-12 00:00:00+05:30,380.7,384.05,371.9,373.0,1132640
2025-06-13 00:00:00+05:30,365.35,379.6,363.1,372.1,1156408
2025-06-16 00:00:00+05:30,372.1,380.3,366.55,379.1,1104709
2025-06-17 00:00:00+05:30,379.1,383.05,373.3,377.45,979340
2025-06-18 00:00:00+05:30,378.45,385.6,372.25,374.9,1536838
2025-06-19 00:00:00+05:30,376.2,378.1,362.3,363.95,876845
2025-06-20 00:00:00+05:30,363.1,369.15,360.8,367.65,738097
2025-06-23 00:00:00+05:30,362.1,370.05,361.55,368.95,700236
2025-06-24 00:00:00+05:30,376.8,379.7,371.9,378.3,1212706
2025-06-25 00:00:00+05:30,381.3,395.2,377.3,380.55,4670586
2025-06-26 00:00:00+05:30,382.45,383.55,372.85,375.15,1342313
2025-06-27 00:00:00+05:30,376.7,380.2,372.95,374.55,1357359
2025-06-30 00:00:00+05:30,374.55,376.05,364.15,366.65,1853908
2025-07-01 00:00:00+05:30,369.65,369.65,348.7,350.25,2505401
2025-07-02 00:00:00+05:30,351.25,363.0,350.9,357.05,2324555
2025-07-03 00:00:00+05:30,359.15,364.95,359.15,360.25,1457047
2025-07-04 00:00:00+05:30,360.7,365.1,360.15,363.8,668612
2025-07-07 00:00:00+05:30,363.8,364.8,359.35,362.15,469546
2025-07-08 00:00:00+05:30,363.85,364.1,352.4,357.65,936892
2025-07-09 00:00:00+05:30,357.65,363.05,357.35,358.8,557769
2025-07-10 00:00:00+05:30,360.15,361.7,352.05,353.3,712049
2025-07-11 00:00:00+05:30,353.3,355.55,344.55,346.45,907831
2025-07-14 00:00:00+05:30,344.55,348.7,337.15,341.15,1121341
2025-07-15 00:00:00+05:30,343.5,353.25,343.25,351.35,937916
2025-07-16 00:00:00+05:30,351.85,355.85,346.2,347.3,721918
2025-07-17 00:00:00+05:30,348.2,350.25,346.5,349.25,387897
2025-07-18 00:00:00+05:30,350.9,350.9,340.55,345.6,627396
2025-07-21 00:00:00+05:30,345.6,349.1,340.8,344.8,619914
2025-07-22 00:00:00+05:30,347.4,347.9,342.0,343.2,370408
2025-07-23 00:00:00+05:30,345.8,345.8,338.45,340.55,547222
2025-07-24 00:00:00+05:30,340.55,342.25,337.65,338.1,436452
2025-07-25 00:00:00+05:30,336.65,338.4,329.8,331.2,536426
2025-07-28 00:00:00+05:30,329.8,331.6,321.1,324.1,795431
2025-07-29 00:00:00+05:30,323.95,328.8,320.45,322.95,868651
2025-07-30 00:00:00+05:30,324.9,340.6,319.75,326.9,3076483
2025-07-31 00:00:00+05:30,325.9,340.4,320.95,334.4,3226442
2025-08-01 00:00:00+05:30,334.6,335.1,324.45,331.75,1628915
2025-08-04 00:00:00+05:30,331.75,338.4,323.95,336.55,1425048
2025-08-05 00:00:00+05:30,335.65,349.55,331.8,348.6,2643623
2025-08-06 00:00:00+05:30,346.9,353.7,342.15,343.9,1264913
2025-08-07 00:00:00+05:30,342.25,364.95,338.25,361.95,4150651
2025-08-08 00:00:00+05:30,362.1,363.1,355.85,360.5,1335812
2025-08-11 00:00:00+05:30,358.5,362.7,354.05,358.45,812377
2025-08-12 00:00:00+05:30,356.4,363.85,355.75,359.0,589878
2025-08-13 00:00:00+05:30,358.95,361.1,352.65,359.2,817520
2025-08-14 00:00:00+05:30,359.2,364.05,349.2,351.55,932062
2025-08-18 00:00:00+05:30,353.75,355.75,348.9,351.55,682191
2025-08-19 00:00:00+05:30,349.45,362.0,349.35,359.25,991715
2025-08-20 00:00:00+05:30,359.65,367.5,355.4,362.75,1097331
2025-08-21 00:00:00+05:30,366.35,367.0,360.15,363.3,418506
2025-08-22 00:00:00+05:30,362.2,367.85,359.2,360.3,534191
2025-08-25 00:00:00+05:30,360.85,373.25,360.65,364.1,1236810
2025-08-26 00:00:00+05:30,364.15,364.3,344.25,346.4,1783668
2025-08-28 00:00:00+05:30,348.95,348.95,337.15,339.35,608453
2025-08-29 00:00:00+05:30,339.35,344.0,335.5,343.5,566601
2025-09-01 00:00:00+05:30,343.95,353.3,343.75,351.0,581085
2025-09-02 00:00:00+05:30,350.9,359.95,349.3,358.9,569584
2025-09-03 00:00:00+05:30,359.95,362.6,354.55,361.1,746713
2025-09-04 00:00:00+05:30,363.0,364.05,352.35,353.9,726864
2025-09-05 00:00:00+05:30,356.65,358.65,341.05,342.45,1099080
2025-09-08 00:00:00+05:30,342.55,346.8,335.95,336.9,537929
2025-09-09 00:00:00+05:30,339.65,345.25,333.2,343.95,1326344
2025-09-10 00:00:00+05:30,344.1,350.85,343.5,348.75,1063708
2025-09-11 00:00:00+05:30,349.35,358.85,348.4,357.55,1126804
2025-09-12 00:00:00+05:30,361.1,362.1,354.8,360.4,780079
2025-09-15 00:00:00+05:30,360.4,365.1,353.9,360.0,695167
2025-09-16 00:00:00+05:30,358.1,359.6,354.3,357.25,486637
2025-09-17 00:00:00+05:30,360.15,368.1,358.5,363.95,901249
2025-09-18 00:00:00+05:30,365.8,371.6,361.1,366.55,959637
2025-09-19 00:00:00+05:30,367.0,368.95,363.85,367.75,522109
2025-09-22 00:00:00+05:30,361.1,366.5,355.2,357.5,757949
2025-09-23 00:00:00+05:30,358.65,360.15,352.4,354.05,465956
2025-09-24 00:00:00+05:30,352.3,356.6,347.45,349.25,413512
2025-09-25 00:00:00+05:30,347.4,353.6,346.5,347.5,294651
2025-09-26 00:00:00+05:30,349.05,349.75,340.65,344.1,1532685
2025-09-29 00:00:00+05:30,346.05,347.4,316.15,319.4,5748451
2025-09-30 00:00:00+05:30,325.2,328.45,314.45,321.8,1924704
2025-10-01 00:00:00+05:30,321.95,322.5,315.3,319.3,796065
2025-10-03 00:00:00+05:30,319.35,321.95,309.65,314.6,1615411
2025-10-06 00:00:00+05:30,315.65,321.9,314.85,321.35,871295
2025-10-07 00:00:00+05:30,323.45,324.85,315.4,319.4,768553
2025-10-08 00:00:00+05:30,319.4,323.3,316.65,319.15,591199
2025-10-09 00:00:00+05:30,319.7,323.95,317.55,321.4,593087
2025-10-10 00:00:00+05:30,321.4,330.45,321.1,327.05,965205
2025-10-13 00:00:00+05:30,323.95,324.85,315.3,321.2,1159430
2025-10-14 00:00:00+05:30,320.5,321.15,313.95,317.9,1019838
2025-10-15 00:00:00+05:30,319.05,319.45,315.55,316.4,427433
2025-10-16 00:00:00+05:30,316.6,320.95,315.6,318.4,663678
2025-10-17 00:00:00+05:30,319.4,322.75,314.6,319.85,789493
2025-10-20 00:00:00+05:30,318.35,319.85,311.0,311.65,636405
2025-10-21 00:00:00+05:30,313.1,317.05,312.2,314.95,92866
2025-10-23 00:00:00+05:30,317.1,321.5,312.65,314.25,1606492
2025-10-24 00:00:00+05:30,314.15,321.95,313.35,319.4,1077839
2025-10-27 00:00:00+05:30,321.0,348.4,318.75,345.1,18801284
2025-10-28 00:00:00+05:30,342.5,346.25,335.0,336.35,2217725
2025-10-29 00:00:00+05:30,335.45,343.0,332.7,341.45,890098
2025-10-30 00:00:00+05:30,342.7,346.65,340.8,345.6,1205679
2025-10-31 00:00:00+05:30,346.1,347.4,342.2,346.35,796095
2025-11-03 00:00:00+05:30,346.45,350.8,343.8,346.8,956526
2025-11-04 00:00:00+05:30,345.7,346.95,340.7,345.0,750027
2025-11-06 00:00:00+05:30,347.4,354.65,341.3,343.8,1434065
2025-11-07 00:00:00+05:30,343.5,343.55,332.15,333.2,548119
2025-11-10 00:00:00+05:30,333.25,345.3,333.25,343.35,810866
2025-11-11 00:00:00+05:30,343.35,346.0,341.8,345.55,525256
2025-11-12 00:00:00+05:30,347.4,362.9,346.2,358.55,2469957
2025-11-13 00:00:00+05:30,358.65,362.1,353.3,356.7,780479
2025-11-14 00:00:00+05:30,354.9,355.85,352.45,354.95,279788
2025-11-17 00:00:00+05:30,357.2,357.95,353.95,355.6,414895
2025-11-18 00:00:00+05:30,355.25,355.75,350.2,351.15,421182
2025-11-19 00:00:00+05:30,349.6,363.8,348.65,359.35,2511186
2025-11-20 00:00:00+05:30,361.2,362.1,347.9,349.3,656689
2025-11-21 00:00:00+05:30,348.4,354.05,340.35,351.95,881128
2025-11-24 00:00:00+05:30,350.3,350.35,329.7,334.6,1790992
2025-11-25 00:00:00+05:30,336.65,344.5,335.0,342.9,785721
2025-11-26 00:00:00+05:30,342.9,346.95,341.4,345.05,425085
2025-11-27 00:00:00+05:30,345.8,347.3,339.65,342.4,343354
2025-11-28 00:00:00+05:30,341.9,344.25,336.45,338.4,325782
2025-12-01 00:00:00+05:30,338.65,342.5,337.45,339.9,350423
2025-12-02 00:00:00+05:30,338.9,340.1,336.0,337.85,251653
2025-12-03 00:00:00+05:30,338.1,344.2,336.7,340.65,486402
2025-12-04 00:00:00+05:30,340.65,346.15,339.6,343.0,511012
2025-12-05 00:00:00+05:30,343.5,345.95,338.6,339.6,412110
2025-12-08 00:00:00+05:30,339.6,340.25,328.95,331.15,453728
2025-12-09 00:00:00+05:30,329.8,336.65,324.9,333.75,623438
2025-12-10 00:00:00+05:30,334.7,339.1,327.85,330.9,317068
2025-12-11 00:00:00+05:30,330.9,334.2,328.35,333.35,190117
2025-12-12 00:00:00+05:30,337.4,338.1,331.65,333.4,437238
2025-12-15 00:00:00+05:30,335.9,336.65,332.0,335.8,194564
2025-12-16 00:00:00+05:30,335.6,336.65,332.55,335.45,225383
2025-12-17 00:00:00+05:30,333.65,335.4,330.55,331.3,248121
2025-12-18 00:00:00+05:30,330.7,337.65,329.8,335.05,358371
2025-12-19 00:00:00+05:30,337.9,340.55,333.9,339.1,406485
2025-12-22 00:00:00+05:30,339.75,350.35,339.6,348.65,714279
2025-12-23 00:00:00+05:30,348.65,350.15,342.6,347.7,621973
2025-12-24 00:00:00+05:30,346.45,348.05,341.6,342.9,418265
2025-12-26 00:00:00+05:30,342.55,343.5,334.0,335.35,344095
2025-12-29 00:00:00+05:30,335.95,337.5,331.75,332.85,337303
2025-12-30 00:00:00+05:30,332.75,332.75,318.4,320.6,1865152
2025-12-31 00:00:00+05:30,323.85,329.7,322.45,328.65,363273
2026-01-01 00:00:00+05:30,330.75,330.75,325.3,326.85,218260
2026-01-02 00:00:00+05:30,327.85,337.05,326.55,333.3,590220
2026-01-05 00:00:00+05:30,333.35,335.85,328.5,329.5,296414
2026-01-06 00:00:00+05:30,329.5,332.05,326.85,328.5,309033
2026-01-07 00:00:00+05:30,328.9,333.25,327.85,329.95,390154
2026-01-08 00:00:00+05:30,329.95,336.4,323.0,325.1,498140
2026-01-09 00:00:00+05:30,323.15,323.9,310.45,311.7,729830
2026-01-12 00:00:00+05:30,311.7,312.15,298.75,304.8,705133
2026-01-13 00:00:00+05:30,308.0,316.65,300.55,315.15,1438351
2026-01-14 00:00:00+05:30,315.15,315.75,309.5,313.15,650761
2026-01-16 00:00:00+05:30,313.15,327.65,310.4,319.45,1350930
2026-01-19 00:00:00+05:30,317.85,317.85,309.4,313.1,447542
2026-01-20 00:00:00+05:30,312.55,321.9,307.4,310.65,1838157
2026-01-21 00:00:00+05:30,307.3,308.55,299.55,303.65,651331
2026-01-22 00:00:00+05:30,305.85,310.05,300.85,306.2,704628
2026-01-23 00:00:00+05:30,308.9,308.9,301.9,306.9,477777
2026-01-27 00:00:00+05:30,305.9,308.25,301.8,305.35,340529
2026-01-28 00:00:00+05:30,305.35,317.1,304.55,313.1,283823
2026-01-29 00:00:00+05:30,312.2,315.6,308.25,312.0,450510
2026-01-30 00:00:00+05:30,310.6,316.35,308.5,313.0,331109
2026-02-01 00:00:00+05:30,315.1,315.1,297.9,304.05,343228
2026-02-02 00:00:00+05:30,303.4,304.4,296.6,298.4,896176
2026-02-03 00:00:00+05:30,312.85,313.15,302.4,303.15,822933
2026-02-04 00:00:00+05:30,302.4,303.85,295.3,298.1,1303059
2026-02-05 00:00:00+05:30,298.1,298.35,290.75,292.4,614098
2026-02-06 00:00:00+05:30,291.45,291.45,283.5,284.15,673210
2026-02-09 00:00:00+05:30,288.7,288.7,284.8,286.7,525868
2026-02-10 00:00:00+05:30,290.65,290.65,285.85,286.8,462698
2026-02-11 00:00:00+05:30,287.2,287.9,274.25,279.25,1377205
2026-02-12 00:00:00+05:30,276.95,278.9,265.75,267.95,1614550
2026-02-13 00:00:00+05:30,259.35,261.1,247.05,248.7,3168445
2026-02-16 00:00:00+05:30,248.55,248.55,241.2,242.45,1410298
2026-02-17 00:00:00+05:30,244.1,250.55,240.1,246.9,1600692
2026-02-18 00:00:00+05:30,250.05,256.3,241.95,254.4,2182414
2026-02-19 00:00:00+05:30,253.2,260.1,250.65,252.0,1685583
2026-02-20 00:00:00+05:30,252.0,252.55,237.1,243.15,4491627
2026-02-23 00:00:00+05:30,245.0,256.1,238.1,240.2,2548253
2026-02-24 00:00:00+05:30,237.0,239.5,227.0,227.9,2454705
2026-02-25 00:00:00+05:30,230.0,231.15,217.2,218.65,3558245
2026-02-26 00:00:00+05:30,218.65,226.35,217.2,219.65,2084964
2026-02-27 00:00:00+05:30,220.0,221.25,212.1,213.15,1818934
2026-03-02 00:00:00+05:30,202.0,219.71,202.0,210.41,2889833
2026-03-04 00:00:00+05:30,206.0,217.95,204.77,216.75,2704385
2026-03-05 00:00:00+05:30,219.7,224.29,210.2,223.11,2971135
2026-03-06 00:00:00+05:30,223.11,227.62,218.01,219.5,1818066
2026-03-09 00:00:00+05:30,212.01,216.5,210.12,211.45,1048461
2026-03-10 00:00:00+05:30,216.0,217.22,210.01,213.77,761064
2026-03-11 00:00:00+05:30,215.0,222.19,210.34,218.0,1613322
2026-03-12 00:00:00+05:30,218.0,225.34,213.1,222.06,1671380
2026-03-13 00:00:00+05:30,222.0,228.42,217.55,225.21,1675608
2026-03-16 00:00:00+05:30,223.15,223.15,211.25,217.72,1926553
2026-03-17 00:00:00+05:30,218.35,220.11,214.24,216.98,598739
2026-03-18 00:00:00+05:30,218.25,230.4,217.33,227.71,2106143
2026-03-19 00:00:00+05:30,222.62,226.0,218.35,220.22,772927
2026-03-20 00:00:00+05:30,225.9,228.46,215.52,216.97,2037091
2026-03-23 00:00:00+05:30,215.0,215.0,204.15,207.18,916616
2026-03-24 00:00:00+05:30,210.0,218.0,207.5,216.05,1221501
2026-03-25 00:00:00+05:30,218.0,224.95,218.0,224.36,1393066
2026-03-27 00:00:00+05:30,221.04,222.12,211.53,212.87,2260386
2026-03-30 00:00:00+05:30,211.01,211.8,203.15,204.39,1325745
2026-04-01 00:00:00+05:30,210.07,219.99,208.99,214.89,1329290
2026-04-02 00:00:00+05:30,205.82,218.8,205.82,217.78,1018472
2026-04-06 00:00:00+05:30,217.0,224.36,215.25,223.58,1048635
2026-04-07 00:00:00+05:30,223.58,229.5,220.51,227.4,1122386
2026-04-08 00:00:00+05:30,233.0,234.4,221.01,222.4,2637983
2026-04-09 00:00:00+05:30,224.0,224.18,218.0,219.04,1257383
2026-04-10 00:00:00+05:30,221.01,222.84,219.47,220.39,668850
2026-04-13 00:00:00+05:30,216.0,217.71,213.36,216.05,706545
2026-04-15 00:00:00+05:30,220.0,224.0,219.3,220.36,1537128
2026-04-16 00:00:00+05:30,223.0,254.68,222.99,244.22,70448634
2026-04-17 00:00:00+05:30,245.45,251.5,238.0,239.28,8110460
2026-04-20 00:00:00+05:30,239.44,240.38,231.45,233.04,2066646
2026-04-21 00:00:00+05:30,233.09,234.0,230.1,230.98,1057904
2026-04-22 00:00:00+05:30,230.1,232.0,219.3,224.34,8492744
2026-04-23 00:00:00+05:30,225.0,227.0,221.2,225.01,1843990
2026-04-24 00:00:00+05:30,224.96,225.2,208.5,209.27,3788713
2026-04-27 00:00:00+05:30,210.3,215.67,209.89,214.15,2180005
2026-04-28 00:00:00+05:30,215.88,216.51,211.5,212.03,1267841
2026-04-29 00:00:00+05:30,213.95,218.0,212.5,214.48,1345274
2026-04-30 00:00:00+05:30,214.48,217.19,213.0,213.94,1617826
2026-05-04 00:00:00+05:30,215.01,218.95,213.21,215.53,1183414
