date,open,high,low,close,volume
2003-01-01 00:00:00+05:30,314.5,326.0,310.5,314.0,2924
2003-01-02 00:00:00+05:30,318.0,318.0,312.5,312.5,1815
2003-01-03 00:00:00+05:30,297.0,315.5,297.0,308.5,762
2003-01-06 00:00:00+05:30,308.5,309.5,301.5,307.5,754
2003-01-07 00:00:00+05:30,306.5,308.5,304.0,305.0,1107
2003-01-08 00:00:00+05:30,304.5,312.5,303.5,308.0,2785
2003-01-09 00:00:00+05:30,307.5,312.0,307.5,310.0,1142
2003-01-10 00:00:00+05:30,308.5,311.5,305.5,309.0,814
2003-01-13 00:00:00+05:30,301.5,308.5,301.5,307.5,1125
2003-01-14 00:00:00+05:30,303.5,308.5,303.5,305.5,819
2003-01-15 00:00:00+05:30,304.5,307.5,304.0,307.0,999
2003-01-16 00:00:00+05:30,308.5,308.5,306.0,307.0,1040
2003-01-17 00:00:00+05:30,303.0,311.5,303.0,309.5,2047
2003-01-20 00:00:00+05:30,311.0,311.0,295.0,302.5,1290
2003-01-21 00:00:00+05:30,303.0,308.5,301.0,302.5,2523
2003-01-22 00:00:00+05:30,304.0,306.5,301.0,302.0,677
2003-01-23 00:00:00+05:30,311.5,311.5,301.0,302.5,146
2003-01-24 00:00:00+05:30,300.0,307.0,298.0,301.0,1812
2003-01-27 00:00:00+05:30,294.0,297.0,286.0,289.5,1414
2003-01-28 00:00:00+05:30,291.0,296.0,289.0,292.0,921
2003-01-29 00:00:00+05:30,292.0,296.5,286.0,289.0,1360
2003-01-30 00:00:00+05:30,285.0,293.0,285.0,290.5,548
2003-01-31 00:00:00+05:30,289.0,293.0,286.0,286.5,538
2003-02-03 00:00:00+05:30,279.0,294.0,274.5,284.0,421
2003-02-04 00:00:00+05:30,289.0,290.0,286.0,287.0,458
2003-02-05 00:00:00+05:30,294.0,294.0,288.0,293.5,325
2003-02-06 00:00:00+05:30,285.0,292.0,285.0,290.5,922
2003-02-07 00:00:00+05:30,277.5,294.0,277.5,291.0,291
2003-02-10 00:00:00+05:30,288.0,294.0,288.0,291.5,320
2003-02-11 00:00:00+05:30,291.0,295.5,291.0,291.0,1756
2003-02-12 00:00:00+05:30,292.0,292.0,277.5,288.5,1168
2003-02-14 00:00:00+05:30,287.0,287.0,282.0,283.0,951
2003-02-17 00:00:00+05:30,284.0,290.0,281.0,289.0,649
2003-02-18 00:00:00+05:30,276.0,301.0,276.0,295.5,1350
2003-02-19 00:00:00+05:30,298.0,298.5,293.0,293.5,369
2003-02-20 00:00:00+05:30,289.0,300.5,289.0,299.0,2252
2003-02-21 00:00:00+05:30,302.5,312.5,300.0,310.5,4235
2003-02-24 00:00:00+05:30,316.5,326.0,314.5,322.5,7719
2003-02-25 00:00:00+05:30,313.5,322.5,313.5,316.5,3656
2003-02-26 00:00:00+05:30,313.5,316.5,308.5,311.0,778
2003-02-27 00:00:00+05:30,313.5,313.5,309.0,311.5,1323
2003-02-28 00:00:00+05:30,313.5,313.5,305.5,306.5,534
2003-03-03 00:00:00+05:30,317.5,317.5,306.5,306.5,560
2003-03-04 00:00:00+05:30,301.0,306.5,301.0,303.0,803
2003-03-05 00:00:00+05:30,300.0,300.0,293.0,295.0,1146
2003-03-06 00:00:00+05:30,294.0,308.0,294.0,302.0,609
2003-03-07 00:00:00+05:30,301.0,301.0,284.0,287.5,2038
2003-03-10 00:00:00+05:30,290.5,292.0,285.0,286.0,1047
2003-03-11 00:00:00+05:30,284.0,289.0,282.5,285.5,1166
2003-03-12 00:00:00+05:30,308.5,308.5,289.0,289.0,610
2003-03-13 00:00:00+05:30,291.0,291.0,279.0,280.0,1775
2003-03-17 00:00:00+05:30,281.0,292.0,280.0,283.5,2252
2003-03-19 00:00:00+05:30,308.0,308.0,282.0,284.0,1058
2003-03-20 00:00:00+05:30,284.0,292.0,282.5,286.5,1095
2003-03-21 00:00:00+05:30,284.5,289.5,284.0,288.0,2389
2003-03-24 00:00:00+05:30,286.5,292.5,286.0,286.5,2832
2003-03-25 00:00:00+05:30,287.0,287.5,280.0,281.5,3560
2003-03-26 00:00:00+05:30,282.0,283.0,272.0,273.5,2908
2003-03-27 00:00:00+05:30,277.0,280.0,274.5,277.5,2460
2003-03-28 00:00:00+05:30,277.0,279.0,270.5,271.5,2943
2003-03-31 00:00:00+05:30,274.5,274.5,253.0,256.5,5235
2003-04-01 00:00:00+05:30,262.5,276.0,262.5,272.5,548
2003-04-02 00:00:00+05:30,276.0,282.0,269.5,278.5,766
2003-04-03 00:00:00+05:30,286.0,286.0,274.5,278.5,1118
2003-04-04 00:00:00+05:30,276.5,286.0,276.5,285.0,471
2003-04-07 00:00:00+05:30,277.0,286.5,277.0,278.5,4981
2003-04-08 00:00:00+05:30,284.0,284.0,279.0,283.0,892
2003-04-09 00:00:00+05:30,280.0,291.5,280.0,287.0,883
2003-04-10 00:00:00+05:30,293.0,298.5,284.0,293.5,2412
2003-04-11 00:00:00+05:30,294.0,303.5,286.0,293.5,2730
2003-04-15 00:00:00+05:30,294.0,301.5,285.0,297.0,900
2003-04-16 00:00:00+05:30,293.0,301.5,293.0,298.0,1110
2003-04-17 00:00:00+05:30,297.0,303.5,294.0,302.0,1951
2003-04-21 00:00:00+05:30,301.5,317.0,300.0,314.5,7032
2003-04-22 00:00:00+05:30,313.5,328.0,312.0,317.5,6999
2003-04-23 00:00:00+05:30,331.0,337.0,322.5,324.0,14620
2003-04-24 00:00:00+05:30,324.5,325.0,319.0,323.5,4061
2003-04-25 00:00:00+05:30,323.5,323.5,316.5,318.5,2269
2003-04-28 00:00:00+05:30,316.0,323.5,308.5,310.0,2387
2003-04-29 00:00:00+05:30,312.5,317.0,311.5,314.5,1775
2003-04-30 00:00:00+05:30,313.5,318.5,310.0,314.0,2652
2003-05-02 00:00:00+05:30,309.5,333.0,309.5,327.0,5808
2003-05-05 00:00:00+05:30,328.5,335.0,323.5,328.0,4739
2003-05-06 00:00:00+05:30,327.5,330.0,322.5,323.5,1977
2003-05-07 00:00:00+05:30,320.5,326.0,320.0,320.5,1228
2003-05-08 00:00:00+05:30,322.5,323.5,306.5,315.5,2040
2003-05-09 00:00:00+05:30,313.5,321.5,313.5,315.5,2421
2003-05-12 00:00:00+05:30,318.5,323.0,312.0,314.0,613
2003-05-13 00:00:00+05:30,315.5,317.5,313.5,317.5,529
2003-05-14 00:00:00+05:30,317.5,323.5,315.5,319.5,2330
2003-05-15 00:00:00+05:30,310.5,326.0,296.0,324.0,2715
2003-05-16 00:00:00+05:30,328.0,330.0,326.0,328.0,2367
2003-05-19 00:00:00+05:30,332.0,338.0,328.5,333.0,2551
2003-05-20 00:00:00+05:30,334.0,337.0,333.0,333.0,1348
2003-05-21 00:00:00+05:30,339.0,352.5,339.0,347.0,5519
2003-05-22 00:00:00+05:30,347.5,352.5,342.0,344.5,2825
2003-05-23 00:00:00+05:30,347.5,352.5,346.0,349.5,3015
2003-05-26 00:00:00+05:30,351.5,355.0,349.0,351.5,3170
2003-05-27 00:00:00+05:30,353.5,355.5,349.0,349.0,1640
2003-05-28 00:00:00+05:30,347.5,348.5,338.0,343.0,1805
2003-05-29 00:00:00+05:30,343.0,343.0,338.0,338.0,665
2003-05-30 00:00:00+05:30,335.0,341.0,333.0,337.5,2475
2003-06-02 00:00:00+05:30,333.0,335.5,328.0,333.0,1437
2003-06-03 00:00:00+05:30,331.0,336.0,331.0,334.5,500
2003-06-04 00:00:00+05:30,336.0,348.0,336.0,342.0,1653
2003-06-05 00:00:00+05:30,344.0,346.0,339.5,343.0,841
2003-06-06 00:00:00+05:30,327.0,347.0,327.0,344.0,1344
2003-06-09 00:00:00+05:30,346.0,360.5,346.0,359.0,5542
2003-06-10 00:00:00+05:30,360.5,364.5,348.0,350.0,4135
2003-06-11 00:00:00+05:30,348.0,355.5,348.0,351.0,2129
2003-06-12 00:00:00+05:30,348.0,353.5,348.0,351.5,1344
2003-06-13 00:00:00+05:30,348.0,357.5,343.0,354.0,1495
2003-06-16 00:00:00+05:30,354.5,357.5,349.0,353.5,1530
2003-06-17 00:00:00+05:30,352.5,358.5,350.5,354.0,3641
2003-06-18 00:00:00+05:30,352.5,357.5,345.0,352.5,2512
2003-06-19 00:00:00+05:30,361.5,361.5,350.0,350.0,1254
2003-06-20 00:00:00+05:30,350.0,350.5,343.0,348.5,2871
2003-06-23 00:00:00+05:30,357.5,357.5,345.0,348.0,1251
2003-06-24 00:00:00+05:30,334.0,352.5,334.0,352.0,2286
2003-06-25 00:00:00+05:30,348.0,349.5,346.0,348.0,3159
2003-06-26 00:00:00+05:30,352.5,352.5,347.0,349.5,5861
2003-06-27 00:00:00+05:30,352.5,355.5,348.0,348.0,1620
2003-06-30 00:00:00+05:30,331.0,352.5,331.0,351.0,2170
2003-07-01 00:00:00+05:30,343.5,352.5,343.5,350.5,1938
2003-07-02 00:00:00+05:30,352.5,376.0,349.5,366.5,6189
2003-07-03 00:00:00+05:30,366.5,383.0,366.5,380.0,12460
2003-07-04 00:00:00+05:30,380.0,382.0,364.5,368.5,3691
2003-07-07 00:00:00+05:30,370.5,377.0,364.0,371.5,1851
2003-07-08 00:00:00+05:30,371.0,377.0,371.0,374.0,2363
2003-07-09 00:00:00+05:30,362.5,376.0,361.5,367.5,2818
2003-07-10 00:00:00+05:30,360.5,368.0,358.5,362.5,1016
2003-07-11 00:00:00+05:30,361.0,380.0,360.5,373.5,3329
2003-07-14 00:00:00+05:30,382.0,390.0,377.0,387.0,7167
2003-07-15 00:00:00+05:30,388.5,391.0,374.5,378.5,3491
2003-07-16 00:00:00+05:30,357.5,382.0,357.5,380.0,1401
2003-07-17 00:00:00+05:30,377.0,385.0,373.5,373.5,3500
2003-07-18 00:00:00+05:30,372.5,373.5,364.5,369.5,941
2003-07-21 00:00:00+05:30,377.0,377.0,359.5,364.5,2804
2003-07-22 00:00:00+05:30,360.5,367.5,358.5,366.0,1053
2003-07-23 00:00:00+05:30,369.5,369.5,358.5,360.5,634
2003-07-24 00:00:00+05:30,358.5,362.5,354.5,361.5,1770
2003-07-25 00:00:00+05:30,367.5,371.0,361.5,365.0,3738
2003-07-28 00:00:00+05:30,367.5,382.0,358.0,380.0,3405
2003-07-29 00:00:00+05:30,372.5,387.0,372.5,386.5,4073
2003-07-30 00:00:00+05:30,406.5,463.5,406.5,463.5,15286
2003-07-31 00:00:00+05:30,482.0,519.0,464.5,471.5,43127
2003-08-01 00:00:00+05:30,471.5,478.0,457.5,466.0,10695
2003-08-04 00:00:00+05:30,465.5,479.5,457.0,475.0,10092
2003-08-05 00:00:00+05:30,480.0,489.0,471.0,472.5,8761
2003-08-06 00:00:00+05:30,472.0,478.0,463.0,465.0,4707
2003-08-07 00:00:00+05:30,470.0,477.0,465.5,475.0,8246
2003-08-08 00:00:00+05:30,483.5,483.5,465.5,471.0,7122
2003-08-11 00:00:00+05:30,470.5,480.0,467.5,475.0,3784
2003-08-12 00:00:00+05:30,477.0,480.0,471.0,477.0,4576
2003-08-13 00:00:00+05:30,480.0,528.0,477.0,518.5,22874
2003-08-14 00:00:00+05:30,548.5,548.5,510.5,514.5,8805
2003-08-18 00:00:00+05:30,510.5,528.0,509.5,514.0,5651
2003-08-19 00:00:00+05:30,514.5,522.0,496.5,503.0,3670
2003-08-20 00:00:00+05:30,509.5,512.5,507.5,509.5,4073
2003-08-21 00:00:00+05:30,509.5,529.0,501.5,524.5,4699
2003-08-22 00:00:00+05:30,509.5,530.0,509.5,518.5,26401
2003-08-25 00:00:00+05:30,480.5,522.0,480.5,503.5,6401
2003-08-26 00:00:00+05:30,524.0,524.0,495.5,505.5,5891
2003-08-27 00:00:00+05:30,513.0,513.0,496.0,500.5,2491
2003-08-28 00:00:00+05:30,490.0,509.5,490.0,499.5,2738
2003-08-29 00:00:00+05:30,499.5,507.0,489.0,492.0,2563
2003-09-01 00:00:00+05:30,494.5,505.5,491.0,491.5,2894
2003-09-02 00:00:00+05:30,494.5,499.5,480.0,483.0,4630
2003-09-03 00:00:00+05:30,483.0,488.5,478.0,481.0,1384
2003-09-04 00:00:00+05:30,480.0,489.0,480.0,482.0,1412
2003-09-05 00:00:00+05:30,478.5,486.5,478.0,483.0,1530
2003-09-08 00:00:00+05:30,483.0,497.5,480.5,492.5,4744
2003-09-09 00:00:00+05:30,492.0,507.5,481.5,487.5,4656
2003-09-10 00:00:00+05:30,472.5,485.0,472.5,477.5,5036
2003-09-11 00:00:00+05:30,475.5,482.0,473.5,474.5,7755
2003-09-12 00:00:00+05:30,480.0,480.0,468.0,473.0,8297
2003-09-15 00:00:00+05:30,473.0,473.0,458.0,458.5,4462
2003-09-16 00:00:00+05:30,467.5,487.5,458.5,468.5,6866
2003-09-17 00:00:00+05:30,470.0,470.0,458.5,461.5,6348
2003-09-18 00:00:00+05:30,468.5,468.5,443.0,452.0,5805
2003-09-19 00:00:00+05:30,451.5,459.5,446.0,456.5,2827
2003-09-22 00:00:00+05:30,453.5,466.5,453.5,460.5,1808
2003-09-23 00:00:00+05:30,455.5,461.5,455.5,457.5,1532
2003-09-24 00:00:00+05:30,460.5,488.5,457.0,482.0,2147
2003-09-25 00:00:00+05:30,465.5,481.5,465.5,474.0,2970
2003-09-26 00:00:00+05:30,479.5,490.0,477.0,487.0,2949
2003-09-29 00:00:00+05:30,490.0,494.5,481.0,482.5,5220
2003-09-30 00:00:00+05:30,480.5,484.0,462.5,470.0,7817
2003-10-01 00:00:00+05:30,478.5,478.5,470.5,473.5,2250
2003-10-03 00:00:00+05:30,485.0,485.0,471.0,476.0,2263
2003-10-06 00:00:00+05:30,478.5,491.5,478.5,484.5,4130
2003-10-07 00:00:00+05:30,490.0,493.5,476.5,479.5,2699
2003-10-08 00:00:00+05:30,479.5,482.0,470.5,474.0,12606
2003-10-09 00:00:00+05:30,479.5,482.0,473.0,480.0,2008
2003-10-10 00:00:00+05:30,484.0,486.0,477.5,482.0,1976
2003-10-13 00:00:00+05:30,457.5,542.0,457.5,537.5,21232
2003-10-14 00:00:00+05:30,548.5,556.5,504.5,514.5,11137
2003-10-15 00:00:00+05:30,489.0,529.0,489.0,515.5,4286
2003-10-16 00:00:00+05:30,515.5,524.0,509.5,513.0,4335
2003-10-17 00:00:00+05:30,509.5,526.0,509.5,512.5,3474
2003-10-20 00:00:00+05:30,517.5,517.5,501.5,505.0,2600
2003-10-21 00:00:00+05:30,511.5,513.0,489.0,494.5,4279
2003-10-22 00:00:00+05:30,501.5,501.5,485.0,489.0,1878
2003-10-23 00:00:00+05:30,470.0,493.0,469.5,473.0,3776
2003-10-24 00:00:00+05:30,477.0,499.5,472.0,488.0,2904
2003-10-27 00:00:00+05:30,490.0,490.0,476.0,478.5,1198
2003-10-28 00:00:00+05:30,476.5,485.0,475.0,483.0,3113
2003-10-29 00:00:00+05:30,482.0,524.0,482.0,513.5,4712
2003-10-30 00:00:00+05:30,514.5,522.0,506.5,511.5,5765
2003-10-31 00:00:00+05:30,514.5,535.0,506.5,511.5,20790
2003-11-03 00:00:00+05:30,523.0,546.5,514.5,538.5,16617
2003-11-04 00:00:00+05:30,529.5,537.0,522.0,525.5,8635
2003-11-05 00:00:00+05:30,519.0,578.0,519.0,561.0,21768
2003-11-06 00:00:00+05:30,558.5,576.0,558.5,568.0,11655
2003-11-07 00:00:00+05:30,568.0,595.5,560.5,583.5,19515
2003-11-10 00:00:00+05:30,588.0,601.5,578.0,595.5,6025
2003-11-11 00:00:00+05:30,602.5,609.5,580.0,588.5,5958
2003-11-12 00:00:00+05:30,592.5,612.5,592.5,597.5,5091
2003-11-13 00:00:00+05:30,602.5,602.5,583.0,586.5,3003
2003-11-14 00:00:00+05:30,590.5,607.5,578.0,600.5,13529
2003-11-17 00:00:00+05:30,607.5,656.5,606.5,624.0,10589
2003-11-18 00:00:00+05:30,618.0,632.0,607.5,625.0,7971
2003-11-19 00:00:00+05:30,611.5,630.0,611.5,620.5,1881
2003-11-20 00:00:00+05:30,609.5,627.0,609.5,623.0,1877
2003-11-21 00:00:00+05:30,614.0,624.0,602.5,618.5,8522
2003-11-24 00:00:00+05:30,625.0,632.0,617.0,624.0,3226
2003-11-25 00:00:00+05:30,627.0,628.0,618.5,619.0,2200
2003-11-27 00:00:00+05:30,632.0,635.0,615.5,626.5,5394
2003-11-28 00:00:00+05:30,627.0,630.0,618.5,622.5,2822
2003-12-01 00:00:00+05:30,629.0,641.5,617.0,620.0,2603
2003-12-02 00:00:00+05:30,635.0,635.0,617.0,625.0,4803
2003-12-03 00:00:00+05:30,627.0,710.5,627.0,679.0,13349
2003-12-04 00:00:00+05:30,689.5,700.5,648.5,661.5,10599
2003-12-05 00:00:00+05:30,668.0,710.5,666.0,680.5,6018
2003-12-08 00:00:00+05:30,686.0,699.5,671.0,678.0,2391
2003-12-09 00:00:00+05:30,646.5,686.0,646.5,679.5,2597
2003-12-10 00:00:00+05:30,690.5,690.5,676.0,681.0,1275
2003-12-11 00:00:00+05:30,693.5,693.5,678.0,679.0,1509
2003-12-12 00:00:00+05:30,681.0,690.5,666.0,673.5,1365
2003-12-15 00:00:00+05:30,671.0,686.0,666.5,676.5,4522
2003-12-16 00:00:00+05:30,678.0,710.0,672.0,682.0,5958
2003-12-17 00:00:00+05:30,693.5,709.5,684.0,704.0,6258
2003-12-18 00:00:00+05:30,705.5,725.0,705.5,712.5,6295
2003-12-19 00:00:00+05:30,715.0,719.0,707.0,708.5,2482
2003-12-22 00:00:00+05:30,685.0,729.5,685.0,712.0,2960
2003-12-23 00:00:00+05:30,709.5,719.0,691.5,695.5,2166
2003-12-24 00:00:00+05:30,697.5,714.0,695.5,703.0,1298
2003-12-26 00:00:00+05:30,703.5,724.5,698.5,714.5,2177
2003-12-29 00:00:00+05:30,725.0,730.0,711.5,724.5,3295
2003-12-30 00:00:00+05:30,720.0,721.5,692.0,700.5,1876
2003-12-31 00:00:00+05:30,700.5,705.5,686.5,689.0,2336
2004-01-01 00:00:00+05:30,692.5,734.5,691.5,729.5,4951
2004-01-02 00:00:00+05:30,741.5,760.0,713.0,721.0,2639
2004-01-05 00:00:00+05:30,720.0,727.0,695.5,698.0,2876
2004-01-06 00:00:00+05:30,710.5,712.0,686.0,687.0,3518
2004-01-07 00:00:00+05:30,686.0,691.0,667.0,677.5,2892
2004-01-08 00:00:00+05:30,691.5,704.5,685.0,700.5,2145
2004-01-09 00:00:00+05:30,725.0,725.0,690.5,695.0,4432
2004-01-12 00:00:00+05:30,710.0,725.0,697.5,709.0,9365
2004-01-13 00:00:00+05:30,710.5,712.0,689.0,705.0,5483
2004-01-14 00:00:00+05:30,705.5,715.0,701.5,708.0,2310
2004-01-15 00:00:00+05:30,701.5,715.0,700.5,704.0,3835
2004-01-16 00:00:00+05:30,714.0,714.0,671.0,687.5,4621
2004-01-19 00:00:00+05:30,686.0,705.5,682.0,700.5,3473
2004-01-20 00:00:00+05:30,695.5,707.5,695.5,698.5,2814
2004-01-21 00:00:00+05:30,715.0,715.0,666.0,668.5,5575
2004-01-22 00:00:00+05:30,684.0,704.5,656.5,673.5,12254
2004-01-23 00:00:00+05:30,749.5,749.5,668.0,689.5,7610
2004-01-27 00:00:00+05:30,702.5,709.5,687.5,705.5,1878
2004-01-28 00:00:00+05:30,686.0,700.5,686.0,699.0,2068
2004-01-29 00:00:00+05:30,689.0,710.5,689.0,698.5,4383
2004-01-30 00:00:00+05:30,692.0,704.5,679.0,695.0,2309
2004-02-03 00:00:00+05:30,661.5,676.0,627.5,634.0,1725
2004-02-04 00:00:00+05:30,632.0,646.5,617.0,632.0,1924
2004-02-05 00:00:00+05:30,632.0,647.5,627.0,634.0,836
2004-02-06 00:00:00+05:30,634.0,646.5,634.0,638.0,3256
2004-02-09 00:00:00+05:30,656.5,656.5,640.5,644.0,1392
2004-02-10 00:00:00+05:30,656.5,656.5,637.5,651.5,1172
2004-02-11 00:00:00+05:30,656.5,656.5,641.5,644.0,1487
2004-02-12 00:00:00+05:30,646.5,660.0,641.5,643.0,1194
2004-02-13 00:00:00+05:30,642.5,666.0,637.0,659.5,12220
2004-02-16 00:00:00+05:30,671.5,671.5,648.0,653.5,2241
2004-02-17 00:00:00+05:30,655.5,661.5,644.5,654.5,4711
2004-02-18 00:00:00+05:30,653.5,659.5,648.5,651.0,1253
2004-02-19 00:00:00+05:30,666.0,666.0,639.5,641.0,727
2004-02-20 00:00:00+05:30,636.0,646.5,634.5,637.0,1498
2004-02-23 00:00:00+05:30,646.5,646.5,621.0,624.0,3010
2004-02-24 00:00:00+05:30,620.0,636.0,590.5,615.0,2589
2004-02-25 00:00:00+05:30,619.0,633.5,618.0,623.0,2455
2004-02-26 00:00:00+05:30,638.0,665.0,592.0,616.5,17723
2004-02-27 00:00:00+05:30,618.0,631.5,612.5,625.5,5190
2004-03-01 00:00:00+05:30,611.5,636.5,611.5,622.0,3743
2004-03-03 00:00:00+05:30,627.0,627.0,598.5,604.0,3832
2004-03-04 00:00:00+05:30,612.0,612.0,598.5,599.5,2406
2004-03-05 00:00:00+05:30,601.5,615.0,601.5,613.0,4018
2004-03-08 00:00:00+05:30,616.0,617.0,600.0,605.0,2390
2004-03-09 00:00:00+05:30,603.5,603.5,589.0,591.5,2966
2004-03-10 00:00:00+05:30,590.5,594.5,589.5,591.5,1063
2004-03-11 00:00:00+05:30,592.5,592.5,578.5,582.5,1601
2004-03-12 00:00:00+05:30,571.5,582.0,570.0,582.0,10827
2004-03-15 00:00:00+05:30,579.0,599.5,579.0,587.5,2986
2004-03-16 00:00:00+05:30,573.0,582.0,568.0,569.0,4327
2004-03-17 00:00:00+05:30,560.5,585.5,560.5,565.5,382
2004-03-18 00:00:00+05:30,576.0,576.0,560.5,561.0,1086
2004-03-19 00:00:00+05:30,560.5,568.0,551.5,556.0,1459
2004-03-22 00:00:00+05:30,548.5,563.0,524.0,525.5,5131
2004-03-23 00:00:00+05:30,558.5,558.5,502.0,520.5,14116
2004-03-24 00:00:00+05:30,534.0,534.0,501.5,507.0,8701
2004-03-25 00:00:00+05:30,524.0,524.0,491.0,494.0,6593
2004-03-26 00:00:00+05:30,513.0,513.0,489.0,494.0,9506
2004-03-29 00:00:00+05:30,510.5,511.5,481.0,490.5,2656
2004-03-30 00:00:00+05:30,473.0,509.5,473.0,494.5,5511
2004-03-31 00:00:00+05:30,499.5,514.5,497.0,506.0,5041
2004-04-01 00:00:00+05:30,512.5,531.0,512.5,527.5,3671
2004-04-02 00:00:00+05:30,523.0,542.5,523.0,536.5,2401
2004-04-05 00:00:00+05:30,547.5,568.0,546.5,558.5,3702
2004-04-06 00:00:00+05:30,570.0,570.0,544.5,547.5,1866
2004-04-07 00:00:00+05:30,552.5,558.5,530.0,539.0,1684
2004-04-08 00:00:00+05:30,539.0,550.5,534.0,544.5,1518
2004-04-12 00:00:00+05:30,550.0,565.5,550.0,559.5,3479
2004-04-13 00:00:00+05:30,565.0,566.5,553.5,555.5,628
2004-04-15 00:00:00+05:30,558.5,558.5,546.0,546.5,3291
2004-04-16 00:00:00+05:30,549.0,558.5,549.0,552.5,1783
2004-04-19 00:00:00+05:30,558.5,637.0,549.0,570.0,3937
2004-04-20 00:00:00+05:30,559.5,568.0,554.5,564.5,1156
2004-04-21 00:00:00+05:30,557.5,560.5,548.5,556.5,1040
2004-04-22 00:00:00+05:30,560.5,561.5,539.0,545.0,4360
2004-04-23 00:00:00+05:30,548.5,558.5,548.5,553.0,1213
2004-04-27 00:00:00+05:30,548.5,562.0,537.0,540.5,2127
2004-04-28 00:00:00+05:30,530.0,540.0,526.0,535.0,2134
2004-04-29 00:00:00+05:30,534.0,543.5,529.0,536.0,3070
2004-04-30 00:00:00+05:30,548.5,591.5,548.5,566.5,15402
2004-05-03 00:00:00+05:30,568.0,602.5,563.5,599.0,21052
2004-05-04 00:00:00+05:30,603.5,654.0,603.5,646.0,13168
2004-05-05 00:00:00+05:30,651.5,652.5,613.0,621.0,5802
2004-05-06 00:00:00+05:30,617.5,644.5,617.5,624.5,2909
2004-05-07 00:00:00+05:30,597.5,631.5,597.5,608.5,2303
2004-05-10 00:00:00+05:30,607.5,636.5,598.5,624.0,1320
2004-05-11 00:00:00+05:30,608.5,616.0,602.5,605.5,2804
2004-05-12 00:00:00+05:30,607.5,607.5,593.5,599.0,2178
2004-05-13 00:00:00+05:30,629.0,638.5,581.0,610.5,3303
2004-05-14 00:00:00+05:30,612.5,612.5,564.5,569.0,5264
2004-05-17 00:00:00+05:30,548.5,553.5,492.0,535.0,4520
2004-05-18 00:00:00+05:30,548.5,568.0,539.0,553.5,12262
2004-05-19 00:00:00+05:30,568.0,576.0,546.0,551.0,3628
2004-05-20 00:00:00+05:30,558.5,565.0,549.0,555.0,1721
2004-05-21 00:00:00+05:30,556.5,558.5,540.0,556.5,4641
2004-06-23 00:00:00+05:30,560.5,560.5,540.0,541.0,1708
2004-06-24 00:00:00+05:30,521.0,553.5,521.0,544.0,481
2004-06-25 00:00:00+05:30,551.0,551.0,537.0,547.0,442
2004-06-28 00:00:00+05:30,563.5,563.5,548.5,554.5,985
2004-06-29 00:00:00+05:30,553.5,563.5,552.0,552.5,525
2004-06-30 00:00:00+05:30,544.0,558.5,544.0,550.0,932
2004-07-01 00:00:00+05:30,540.0,565.0,540.0,558.5,609
2004-07-02 00:00:00+05:30,549.5,558.5,549.5,553.5,275
2004-07-05 00:00:00+05:30,530.5,562.5,530.5,554.5,262
2004-07-06 00:00:00+05:30,553.5,568.0,553.5,563.0,652
2004-07-07 00:00:00+05:30,567.0,572.0,563.5,566.5,1280
2004-07-08 00:00:00+05:30,575.0,575.0,545.0,547.0,2660
2004-07-09 00:00:00+05:30,544.5,557.0,544.5,548.5,1614
2004-07-12 00:00:00+05:30,561.5,561.5,550.0,556.5,746
2004-07-13 00:00:00+05:30,542.0,563.5,542.0,556.5,949
2004-07-14 00:00:00+05:30,551.5,552.5,544.0,545.5,1137
2004-07-15 00:00:00+05:30,557.5,557.5,540.5,551.5,629
2004-07-16 00:00:00+05:30,548.5,560.5,548.5,557.5,819
2004-07-19 00:00:00+05:30,568.0,568.0,554.5,564.0,1303
2004-07-20 00:00:00+05:30,566.0,566.0,554.5,563.0,511
2004-07-21 00:00:00+05:30,576.0,576.0,563.5,573.5,1349
2004-07-22 00:00:00+05:30,587.5,597.5,573.5,587.5,4325
2004-07-23 00:00:00+05:30,607.5,607.5,584.5,586.5,1759
2004-07-26 00:00:00+05:30,588.0,602.5,583.0,592.0,1646
2004-07-27 00:00:00+05:30,588.5,596.5,583.0,589.5,1744
2004-07-28 00:00:00+05:30,604.5,604.5,583.0,584.0,1308
2004-07-29 00:00:00+05:30,579.0,583.0,562.5,569.0,2109
2004-07-30 00:00:00+05:30,577.0,578.0,558.5,564.0,2262
2004-08-02 00:00:00+05:30,567.0,567.0,555.5,557.5,615
2004-08-03 00:00:00+05:30,566.0,566.0,557.0,558.0,1286
2004-08-04 00:00:00+05:30,567.0,567.0,548.5,552.0,943
2004-08-05 00:00:00+05:30,560.5,560.5,548.5,551.5,1992
2004-08-06 00:00:00+05:30,556.5,562.0,548.5,550.0,2484
2004-08-09 00:00:00+05:30,549.5,553.5,542.5,548.0,1259
2004-08-10 00:00:00+05:30,548.5,554.0,540.0,544.0,2467
2004-08-11 00:00:00+05:30,545.5,551.5,534.0,534.5,3766
2004-08-12 00:00:00+05:30,540.0,546.5,536.0,542.5,2131
2004-08-13 00:00:00+05:30,556.5,587.5,539.0,544.0,694
2004-08-16 00:00:00+05:30,556.5,587.5,539.0,544.0,694
2004-08-17 00:00:00+05:30,550.5,550.5,544.5,545.0,1401
2004-08-18 00:00:00+05:30,548.5,548.5,544.5,544.5,1321
2004-08-19 00:00:00+05:30,552.5,552.5,539.0,541.5,1208
2004-08-20 00:00:00+05:30,547.0,547.0,541.0,541.5,405
2004-08-23 00:00:00+05:30,535.5,545.5,535.5,540.0,1099
2004-08-24 00:00:00+05:30,530.0,547.5,529.0,534.5,2524
2004-08-25 00:00:00+05:30,530.0,555.5,530.0,546.0,2614
2004-08-26 00:00:00+05:30,546.0,554.5,544.0,548.0,1979
2004-08-27 00:00:00+05:30,545.0,588.0,545.0,580.5,9080
2004-08-30 00:00:00+05:30,585.0,585.0,574.0,576.5,3501
2004-08-31 00:00:00+05:30,568.5,575.0,562.5,569.0,2612
2004-09-01 00:00:00+05:30,570.5,585.5,566.5,578.5,1081
2004-09-02 00:00:00+05:30,573.0,584.0,573.0,580.0,827
2004-09-03 00:00:00+05:30,573.0,577.0,570.5,571.0,578
2004-09-06 00:00:00+05:30,578.0,578.0,572.5,574.5,1077
2004-09-07 00:00:00+05:30,568.0,578.0,564.0,568.5,1606
2004-09-08 00:00:00+05:30,568.0,582.5,568.0,570.5,536
2004-09-09 00:00:00+05:30,570.5,573.0,553.5,568.5,2016
2004-09-10 00:00:00+05:30,576.0,576.0,567.0,571.0,886
2004-09-13 00:00:00+05:30,572.5,602.5,571.0,593.0,8300
2004-09-14 00:00:00+05:30,590.0,599.5,588.5,596.0,3419
2004-09-15 00:00:00+05:30,592.5,601.5,571.0,593.0,2472
2004-09-16 00:00:00+05:30,597.5,602.5,591.5,600.5,2487
2004-09-17 00:00:00+05:30,605.5,607.5,594.5,596.5,2400
2004-09-20 00:00:00+05:30,599.5,607.5,588.0,589.0,2639
2004-09-21 00:00:00+05:30,583.0,592.5,583.0,588.0,1664
2004-09-22 00:00:00+05:30,588.0,597.0,588.0,594.0,1009
2004-09-23 00:00:00+05:30,599.5,602.0,585.0,587.5,940
2004-09-24 00:00:00+05:30,588.0,588.0,578.5,580.0,1195
2004-09-27 00:00:00+05:30,588.0,588.0,574.5,575.5,1485
2004-09-28 00:00:00+05:30,579.0,580.0,573.0,575.0,836
2004-09-29 00:00:00+05:30,592.5,594.0,571.0,577.0,1075
2004-09-30 00:00:00+05:30,579.0,579.0,563.5,569.5,2268
2004-10-01 00:00:00+05:30,572.0,581.0,569.5,577.0,1879
2004-10-04 00:00:00+05:30,583.0,590.5,572.0,573.0,2449
2004-10-05 00:00:00+05:30,578.0,578.5,574.0,575.5,859
2004-10-06 00:00:00+05:30,583.0,583.0,568.0,571.5,1197
2004-10-07 00:00:00+05:30,578.0,582.0,568.0,569.0,2000
2004-10-08 00:00:00+05:30,587.5,587.5,565.5,571.5,1035
2004-10-11 00:00:00+05:30,571.0,578.0,570.0,574.0,2346
2004-10-12 00:00:00+05:30,569.0,577.5,563.5,565.0,2082
2004-10-14 00:00:00+05:30,563.5,573.0,563.5,564.5,1029
2004-10-15 00:00:00+05:30,602.5,602.5,578.0,582.0,2626
2004-10-18 00:00:00+05:30,579.0,605.5,558.5,561.5,6439
2004-10-19 00:00:00+05:30,586.0,586.0,564.0,566.5,4065
2004-10-20 00:00:00+05:30,567.0,569.5,563.5,564.5,1252
2004-10-21 00:00:00+05:30,560.5,564.5,558.5,560.5,594
2004-10-25 00:00:00+05:30,541.0,560.5,541.0,559.0,1696
2004-10-26 00:00:00+05:30,562.5,568.5,557.0,565.5,2656
2004-10-27 00:00:00+05:30,573.0,573.0,558.5,568.0,1464
2004-10-28 00:00:00+05:30,568.0,570.0,556.5,559.0,1559
2004-10-29 00:00:00+05:30,562.0,562.0,546.5,549.0,3713
2004-11-01 00:00:00+05:30,555.5,555.5,539.0,541.5,4544
2004-11-02 00:00:00+05:30,541.0,558.5,541.0,554.5,2800
2004-11-03 00:00:00+05:30,551.5,561.0,550.5,556.5,4038
2004-11-04 00:00:00+05:30,550.0,566.0,550.0,563.5,2168
2004-11-05 00:00:00+05:30,563.5,566.5,563.5,564.0,1312
2004-11-08 00:00:00+05:30,560.5,575.5,560.5,564.5,4455
2004-11-09 00:00:00+05:30,570.0,573.0,563.5,568.0,2636
2004-11-10 00:00:00+05:30,563.5,575.5,563.5,572.5,2451
2004-11-11 00:00:00+05:30,571.0,597.5,571.0,587.0,6163
2004-11-12 00:00:00+05:30,596.5,596.5,583.0,588.5,1352
2004-11-16 00:00:00+05:30,591.0,591.0,578.0,585.0,1758
2004-11-17 00:00:00+05:30,586.0,594.5,584.5,592.0,4500
2004-11-18 00:00:00+05:30,595.5,612.5,592.5,609.0,5974
2004-11-19 00:00:00+05:30,610.5,625.0,610.5,617.5,6553
2004-11-22 00:00:00+05:30,627.0,660.5,608.5,627.0,3210
2004-11-23 00:00:00+05:30,631.0,641.5,631.0,640.0,6892
2004-11-24 00:00:00+05:30,637.0,654.5,630.0,635.0,4377
2004-11-25 00:00:00+05:30,643.5,645.5,623.0,631.5,5169
2004-11-29 00:00:00+05:30,637.0,649.5,632.0,636.5,3234
2004-11-30 00:00:00+05:30,633.0,635.0,620.0,622.0,4275
2004-12-01 00:00:00+05:30,622.0,622.0,608.5,614.0,2829
2004-12-02 00:00:00+05:30,617.0,637.0,612.5,631.0,4861
2004-12-03 00:00:00+05:30,635.5,635.5,618.5,631.5,2250
2004-12-06 00:00:00+05:30,628.0,632.0,619.0,619.5,1805
2004-12-07 00:00:00+05:30,631.0,631.0,604.0,609.0,4596
2004-12-08 00:00:00+05:30,617.0,630.0,602.5,608.0,3865
2004-12-09 00:00:00+05:30,612.5,613.5,604.5,606.0,4945
2004-12-10 00:00:00+05:30,599.5,620.0,568.5,611.5,4899
2004-12-13 00:00:00+05:30,612.5,617.0,603.5,613.5,2070
2004-12-14 00:00:00+05:30,589.0,623.0,589.0,613.0,4102
2004-12-15 00:00:00+05:30,617.0,651.5,617.0,624.5,5324
2004-12-16 00:00:00+05:30,635.5,635.5,617.0,621.0,1744
2004-12-17 00:00:00+05:30,619.0,632.0,600.0,617.5,3060
2004-12-20 00:00:00+05:30,620.0,633.0,619.0,630.5,4141
2004-12-21 00:00:00+05:30,635.0,640.5,631.0,637.0,2581
2004-12-22 00:00:00+05:30,651.5,651.5,624.5,631.0,2937
2004-12-23 00:00:00+05:30,627.0,651.5,627.0,638.0,3365
2004-12-24 00:00:00+05:30,646.5,646.5,635.5,643.0,2953
2004-12-27 00:00:00+05:30,637.0,678.0,637.0,675.0,7858
2004-12-28 00:00:00+05:30,683.0,695.5,666.0,674.0,3246
2004-12-29 00:00:00+05:30,681.0,684.0,661.5,665.5,1903
2004-12-30 00:00:00+05:30,658.5,671.0,656.5,658.0,1972
2004-12-31 00:00:00+05:30,661.5,674.0,659.5,663.5,2666
2005-01-03 00:00:00+05:30,667.0,681.0,666.0,676.0,3179
2005-01-04 00:00:00+05:30,676.0,694.0,676.0,685.0,4526
2005-01-05 00:00:00+05:30,685.5,687.0,653.5,679.0,5761
2005-01-06 00:00:00+05:30,666.0,669.0,646.5,657.5,3798
2005-01-07 00:00:00+05:30,656.5,671.0,650.0,662.5,2204
2005-01-10 00:00:00+05:30,685.0,685.0,649.0,654.5,4361
2005-01-11 00:00:00+05:30,649.5,655.5,646.5,646.5,1316
2005-01-12 00:00:00+05:30,641.5,646.5,622.0,626.0,3379
2005-01-13 00:00:00+05:30,625.0,683.0,622.0,628.5,2075
2005-01-14 00:00:00+05:30,629.0,631.5,616.5,627.5,1694
2005-01-17 00:00:00+05:30,590.0,629.0,590.0,617.0,1725
2005-01-18 00:00:00+05:30,629.0,632.0,615.0,616.0,1339
2005-01-19 00:00:00+05:30,617.0,626.0,612.5,613.5,369
2005-01-20 00:00:00+05:30,615.0,622.0,612.5,618.0,1310
2005-01-24 00:00:00+05:30,656.5,656.5,616.0,617.5,1979
2005-01-25 00:00:00+05:30,615.0,621.0,615.0,616.0,767
2005-01-27 00:00:00+05:30,617.5,619.0,615.0,615.5,1584
2005-01-28 00:00:00+05:30,656.0,695.5,637.0,658.5,33250
2005-01-31 00:00:00+05:30,684.0,696.5,661.5,665.5,27544
2005-02-01 00:00:00+05:30,676.0,678.0,661.5,663.0,7300
2005-02-02 00:00:00+05:30,657.0,674.0,657.0,667.5,4890
2005-02-03 00:00:00+05:30,668.0,676.0,657.0,661.0,8125
2005-02-04 00:00:00+05:30,668.0,670.5,647.5,649.5,4891
2005-02-07 00:00:00+05:30,670.0,670.0,648.5,650.0,2141
2005-02-08 00:00:00+05:30,648.5,656.5,646.5,648.5,1828
2005-02-09 00:00:00+05:30,648.0,660.5,639.0,641.0,2686
2005-02-10 00:00:00+05:30,646.5,646.5,630.0,633.0,4498
2005-02-11 00:00:00+05:30,641.5,641.5,630.0,641.0,5685
2005-02-14 00:00:00+05:30,632.0,650.5,632.0,640.5,3552
2005-02-15 00:00:00+05:30,637.0,644.5,637.0,640.0,1749
2005-02-16 00:00:00+05:30,643.5,650.5,637.0,638.0,4024
2005-02-17 00:00:00+05:30,632.0,638.0,632.0,633.5,3734
2005-02-18 00:00:00+05:30,641.5,646.5,628.0,629.0,3886
2005-02-21 00:00:00+05:30,622.5,628.0,619.0,620.5,2936
2005-02-22 00:00:00+05:30,618.0,624.0,614.0,621.0,1415
2005-02-23 00:00:00+05:30,615.5,622.0,611.0,614.5,3892
2005-02-24 00:00:00+05:30,614.5,636.5,610.5,627.0,2990
2005-02-25 00:00:00+05:30,620.0,632.0,612.5,623.5,2157
2005-02-28 00:00:00+05:30,627.0,627.0,614.5,621.0,1006
2005-03-01 00:00:00+05:30,626.0,632.0,620.0,623.0,620
2005-03-02 00:00:00+05:30,622.0,638.0,622.0,627.0,2810
2005-03-03 00:00:00+05:30,627.0,630.0,623.0,624.5,538
2005-03-04 00:00:00+05:30,619.0,632.0,613.5,618.0,2501
2005-03-07 00:00:00+05:30,622.0,634.5,609.5,613.0,3856
2005-03-08 00:00:00+05:30,602.5,617.0,602.5,614.0,1266
2005-03-09 00:00:00+05:30,592.5,621.0,592.5,610.0,1982
2005-03-10 00:00:00+05:30,603.0,621.0,603.0,613.0,6183
2005-03-11 00:00:00+05:30,594.5,621.0,594.5,611.5,1370
2005-03-14 00:00:00+05:30,607.5,623.5,607.5,610.5,5660
2005-03-15 00:00:00+05:30,612.5,641.0,612.5,637.0,8279
2005-03-16 00:00:00+05:30,636.0,702.5,629.0,671.0,24503
2005-03-17 00:00:00+05:30,666.0,676.0,655.5,671.0,8782
2005-03-18 00:00:00+05:30,661.0,678.5,652.5,675.0,17544
2005-03-21 00:00:00+05:30,661.5,677.0,661.5,674.5,4697
2005-03-22 00:00:00+05:30,690.5,692.5,661.5,669.0,3934
2005-03-23 00:00:00+05:30,661.5,674.0,652.5,667.5,11214
2005-03-24 00:00:00+05:30,666.0,671.0,663.0,666.5,9236
2005-03-28 00:00:00+05:30,652.0,674.0,652.0,668.5,2899
2005-03-29 00:00:00+05:30,660.0,673.0,660.0,666.5,6381
2005-03-30 00:00:00+05:30,666.0,671.0,659.5,661.0,5479
2005-03-31 00:00:00+05:30,633.0,668.0,633.0,664.5,4859
2005-04-01 00:00:00+05:30,664.5,666.0,658.5,665.0,2427
2005-04-04 00:00:00+05:30,661.5,670.0,660.5,661.5,1349
2005-04-05 00:00:00+05:30,649.5,669.0,649.5,668.5,6745
2005-04-06 00:00:00+05:30,657.0,666.0,657.0,659.5,399
2005-04-07 00:00:00+05:30,657.5,667.0,657.5,666.0,2462
2005-04-08 00:00:00+05:30,658.5,666.0,656.5,665.0,826
2005-04-11 00:00:00+05:30,656.5,663.0,656.5,660.5,4709
2005-04-12 00:00:00+05:30,661.5,667.0,656.5,659.0,663
2005-04-13 00:00:00+05:30,668.0,668.0,651.5,652.5,466
2005-04-15 00:00:00+05:30,655.5,661.5,648.0,648.5,731
2005-04-18 00:00:00+05:30,641.5,655.5,637.0,655.5,591
2005-04-19 00:00:00+05:30,639.5,654.5,639.5,641.5,746
2005-04-20 00:00:00+05:30,645.0,645.5,633.0,638.5,866
2005-04-21 00:00:00+05:30,645.5,666.0,644.0,660.0,3991
2005-04-22 00:00:00+05:30,649.5,666.0,646.5,663.5,1045
2005-04-25 00:00:00+05:30,620.0,658.5,620.0,648.5,1086
2005-04-26 00:00:00+05:30,648.5,654.5,641.5,643.0,2765
2005-04-27 00:00:00+05:30,647.0,659.5,646.5,654.0,1396
2005-04-28 00:00:00+05:30,652.5,654.5,646.5,651.0,1760
2005-04-29 00:00:00+05:30,643.0,671.0,642.5,660.0,3874
2005-05-02 00:00:00+05:30,641.5,659.5,641.5,651.5,1783
2005-05-03 00:00:00+05:30,643.5,654.0,642.5,651.0,832
2005-05-04 00:00:00+05:30,652.5,652.5,642.5,645.0,1016
2005-05-05 00:00:00+05:30,645.0,652.0,637.0,638.0,4701
2005-05-06 00:00:00+05:30,636.0,671.0,636.0,656.0,966
2005-05-09 00:00:00+05:30,656.5,656.5,642.5,643.5,1730
2005-05-10 00:00:00+05:30,645.5,650.5,642.5,644.5,787
2005-05-11 00:00:00+05:30,640.5,652.5,640.5,643.5,579
2005-05-12 00:00:00+05:30,652.0,652.0,642.5,645.0,1570
2005-05-13 00:00:00+05:30,643.5,648.5,635.5,641.5,1238
2005-05-16 00:00:00+05:30,640.5,656.5,640.0,655.0,1585
2005-05-17 00:00:00+05:30,664.0,664.0,653.5,653.5,1396
2005-05-18 00:00:00+05:30,644.5,661.5,644.5,647.5,665
2005-05-19 00:00:00+05:30,657.5,661.5,652.5,655.5,4064
2005-05-20 00:00:00+05:30,658.5,665.0,656.5,664.5,1877
2005-05-23 00:00:00+05:30,651.0,661.0,647.5,657.5,1067
2005-05-24 00:00:00+05:30,645.5,667.0,645.5,653.0,784
2005-05-25 00:00:00+05:30,645.5,664.5,645.5,658.0,1225
2005-05-26 00:00:00+05:30,643.5,664.0,643.5,659.5,1278
2005-05-27 00:00:00+05:30,661.5,666.0,647.5,656.0,2837
2005-05-30 00:00:00+05:30,666.0,676.0,650.0,658.0,1359
2005-05-31 00:00:00+05:30,653.5,658.5,652.5,658.5,1596
2005-06-01 00:00:00+05:30,661.5,667.0,651.5,652.5,1757
2005-06-02 00:00:00+05:30,655.5,663.0,653.5,653.5,414
2005-06-03 00:00:00+05:30,608.5,664.0,608.5,660.5,2026
2005-06-06 00:00:00+05:30,654.5,676.0,654.5,665.5,3542
2005-06-07 00:00:00+05:30,654.5,671.0,654.5,662.0,1265
2005-06-08 00:00:00+05:30,666.0,666.5,659.5,665.0,809
2005-06-09 00:00:00+05:30,664.0,691.5,650.5,688.5,4622
2005-06-10 00:00:00+05:30,687.5,757.0,686.5,757.0,30122
2005-06-13 00:00:00+05:30,764.0,831.5,754.5,762.0,66163
2005-06-14 00:00:00+05:30,775.0,775.0,737.0,745.0,17073
2005-06-15 00:00:00+05:30,747.5,758.5,710.5,724.5,13741
2005-06-16 00:00:00+05:30,734.5,734.5,700.5,705.0,12535
2005-06-17 00:00:00+05:30,708.5,719.0,682.5,688.5,8987
2005-06-20 00:00:00+05:30,709.5,709.5,671.5,674.0,4944
2005-06-21 00:00:00+05:30,686.0,686.0,674.0,676.0,4103
2005-06-22 00:00:00+05:30,680.5,685.5,667.0,674.5,2883
2005-06-23 00:00:00+05:30,662.5,680.5,661.5,664.5,1912
2005-06-24 00:00:00+05:30,671.0,684.0,666.0,681.5,2813
2005-06-27 00:00:00+05:30,681.0,690.5,663.0,670.5,8532
2005-06-28 00:00:00+05:30,672.0,683.0,666.0,670.5,1802
2005-06-29 00:00:00+05:30,656.5,679.0,655.5,675.0,1723
2005-06-30 00:00:00+05:30,668.0,676.0,661.5,666.5,2011
2005-07-01 00:00:00+05:30,681.0,681.0,663.0,665.0,1804
2005-07-04 00:00:00+05:30,666.0,693.0,664.0,670.0,2881
2005-07-05 00:00:00+05:30,672.0,672.0,662.5,666.0,2013
2005-07-06 00:00:00+05:30,669.0,670.0,666.0,667.5,4247
2005-07-07 00:00:00+05:30,670.0,670.0,656.5,663.0,5091
2005-07-08 00:00:00+05:30,662.5,693.0,661.5,680.5,7360
2005-07-11 00:00:00+05:30,671.5,723.0,671.5,716.5,10908
2005-07-12 00:00:00+05:30,720.0,732.0,705.5,713.5,6839
2005-07-13 00:00:00+05:30,733.0,733.0,706.5,711.0,2593
2005-07-14 00:00:00+05:30,720.0,725.0,706.5,708.5,1494
2005-07-15 00:00:00+05:30,722.0,722.0,702.5,711.0,4268
2005-07-18 00:00:00+05:30,711.0,720.0,701.5,705.0,2056
2005-07-19 00:00:00+05:30,708.5,716.0,698.0,703.0,1735
2005-07-20 00:00:00+05:30,715.0,715.0,700.5,701.5,1978
2005-07-21 00:00:00+05:30,710.0,710.0,700.5,705.5,2275
2005-07-22 00:00:00+05:30,705.5,709.0,696.5,703.5,1063
2005-07-25 00:00:00+05:30,700.5,702.5,692.5,695.5,2477
2005-07-26 00:00:00+05:30,689.5,703.5,678.0,683.0,2402
2005-07-27 00:00:00+05:30,690.5,690.5,671.0,675.5,879
2005-07-29 00:00:00+05:30,673.0,680.5,651.5,653.0,9450
2005-08-01 00:00:00+05:30,651.5,656.5,645.5,647.5,7786
2005-08-02 00:00:00+05:30,646.5,655.5,634.5,642.5,12434
2005-08-03 00:00:00+05:30,640.5,669.0,639.5,666.5,3932
2005-08-04 00:00:00+05:30,671.0,687.5,667.0,686.0,5571
2005-08-05 00:00:00+05:30,686.0,690.5,673.0,682.5,1556
2005-08-08 00:00:00+05:30,666.0,690.5,666.0,674.0,1491
2005-08-09 00:00:00+05:30,672.0,676.0,666.0,666.5,1289
2005-08-10 00:00:00+05:30,674.0,676.0,661.5,664.0,3163
2005-08-11 00:00:00+05:30,666.0,678.0,662.5,670.0,1906
2005-08-12 00:00:00+05:30,676.5,690.5,666.0,684.0,3313
2005-08-16 00:00:00+05:30,685.5,720.0,685.5,699.0,2336
2005-08-17 00:00:00+05:30,700.5,710.5,686.5,690.5,4236
2005-08-18 00:00:00+05:30,695.5,700.5,672.5,676.0,2823
2005-08-19 00:00:00+05:30,683.0,693.5,683.0,687.0,1054
2005-08-22 00:00:00+05:30,720.0,720.0,671.0,673.0,2758
2005-08-23 00:00:00+05:30,667.0,686.0,667.0,672.0,2433
2005-08-24 00:00:00+05:30,700.5,700.5,662.5,672.5,708
2005-08-25 00:00:00+05:30,676.0,676.0,667.5,674.0,1110
2005-08-26 00:00:00+05:30,676.0,681.0,667.5,669.5,1126
2005-08-29 00:00:00+05:30,669.0,729.0,666.0,709.0,10802
2005-08-30 00:00:00+05:30,682.0,710.5,681.0,695.5,2727
2005-08-31 00:00:00+05:30,703.5,710.5,695.5,702.5,3640
2005-09-01 00:00:00+05:30,697.0,704.5,695.5,700.0,1204
2005-09-02 00:00:00+05:30,696.5,698.5,686.5,691.0,1072
2005-09-05 00:00:00+05:30,694.5,699.5,691.5,695.5,1385
2005-09-06 00:00:00+05:30,686.0,713.0,671.0,705.5,4194
2005-09-08 00:00:00+05:30,720.0,733.0,700.5,705.0,3035
2005-09-09 00:00:00+05:30,668.0,710.5,667.0,696.5,1764
2005-09-12 00:00:00+05:30,700.5,710.5,700.5,701.5,1289
2005-09-13 00:00:00+05:30,700.5,715.0,700.5,713.0,3253
2005-09-14 00:00:00+05:30,706.5,719.0,706.5,712.0,2207
2005-09-15 00:00:00+05:30,724.0,724.0,709.5,714.0,1750
2005-09-16 00:00:00+05:30,725.0,725.0,711.5,715.0,1971
2005-09-19 00:00:00+05:30,712.0,725.0,711.5,719.0,3759
2005-09-20 00:00:00+05:30,700.5,719.0,700.5,711.0,3485
2005-09-21 00:00:00+05:30,710.5,710.5,681.0,701.5,3177
2005-09-22 00:00:00+05:30,698.0,703.5,687.5,691.0,2872
2005-09-23 00:00:00+05:30,686.5,690.5,676.0,683.5,1994
2005-09-26 00:00:00+05:30,692.5,698.5,683.0,685.5,4772
2005-09-27 00:00:00+05:30,700.5,700.5,681.0,683.0,2504
2005-09-28 00:00:00+05:30,691.5,691.5,684.0,684.0,1151
2005-09-29 00:00:00+05:30,695.5,695.5,681.0,681.0,2896
2005-09-30 00:00:00+05:30,680.0,695.5,679.0,690.5,1338
2005-10-03 00:00:00+05:30,700.5,707.5,692.0,699.5,4859
2005-10-04 00:00:00+05:30,701.5,707.5,696.5,703.5,2723
2005-10-05 00:00:00+05:30,696.5,703.5,693.5,698.0,522
2005-10-06 00:00:00+05:30,697.5,703.5,689.0,694.0,881
2005-10-07 00:00:00+05:30,699.5,699.5,680.5,687.0,860
2005-10-10 00:00:00+05:30,696.0,696.5,684.0,691.5,749
2005-10-11 00:00:00+05:30,692.5,692.5,684.0,686.5,508
2005-10-13 00:00:00+05:30,679.0,691.5,679.0,680.0,670
2005-10-14 00:00:00+05:30,680.0,685.5,664.0,668.5,876
2005-10-17 00:00:00+05:30,714.5,714.5,661.5,675.5,722
2005-10-18 00:00:00+05:30,676.0,684.5,676.0,679.0,496
2005-10-19 00:00:00+05:30,671.0,680.0,652.5,659.0,1098
2005-10-20 00:00:00+05:30,666.0,666.0,647.0,658.0,869
2005-10-21 00:00:00+05:30,662.5,665.0,649.5,658.0,1110
2005-10-24 00:00:00+05:30,663.0,666.0,652.0,653.5,448
2005-10-25 00:00:00+05:30,666.0,666.0,650.5,656.5,751
2005-10-26 00:00:00+05:30,666.0,679.5,658.0,659.0,834
2005-10-27 00:00:00+05:30,670.0,670.0,649.5,657.5,362
2005-10-28 00:00:00+05:30,648.5,686.0,648.5,654.5,16368
2005-10-31 00:00:00+05:30,637.0,669.5,637.0,656.0,1222
2005-11-01 00:00:00+05:30,661.5,661.5,650.5,656.0,280
2005-11-02 00:00:00+05:30,656.5,661.5,644.5,656.0,1012
2005-11-07 00:00:00+05:30,671.0,676.0,658.5,663.5,375
2005-11-08 00:00:00+05:30,684.0,684.0,664.0,668.0,1144
2005-11-09 00:00:00+05:30,656.5,694.5,652.5,685.0,5585
2005-11-10 00:00:00+05:30,686.5,688.5,673.0,677.0,617
2005-11-11 00:00:00+05:30,685.5,698.5,683.0,692.5,8959
2005-11-14 00:00:00+05:30,692.5,695.5,672.5,677.0,956
2005-11-16 00:00:00+05:30,703.5,703.5,674.0,675.0,2399
2005-11-17 00:00:00+05:30,670.5,674.0,667.0,671.0,2138
2005-11-18 00:00:00+05:30,681.0,681.0,671.0,674.0,1236
2005-11-21 00:00:00+05:30,674.0,682.0,666.0,668.5,1464
2005-11-22 00:00:00+05:30,668.0,680.0,666.0,673.5,532
2005-11-23 00:00:00+05:30,671.0,680.0,661.5,666.5,1726
2005-11-24 00:00:00+05:30,681.5,685.5,667.0,680.5,1042
2005-11-25 00:00:00+05:30,684.0,684.0,676.0,677.5,1288
2005-11-28 00:00:00+05:30,686.0,686.0,672.0,674.0,1266
2005-11-29 00:00:00+05:30,684.0,684.0,666.5,669.0,1424
2005-11-30 00:00:00+05:30,651.5,683.0,651.5,671.0,2661
2005-12-01 00:00:00+05:30,668.0,681.0,668.0,676.5,1620
2005-12-02 00:00:00+05:30,684.5,684.5,677.0,679.0,974
2005-12-05 00:00:00+05:30,671.0,682.0,667.5,673.0,1248
2005-12-06 00:00:00+05:30,667.0,685.5,667.0,680.5,2907
2005-12-07 00:00:00+05:30,685.0,700.5,681.5,692.0,6098
2005-12-08 00:00:00+05:30,690.5,697.0,686.0,695.0,1301
2005-12-09 00:00:00+05:30,720.0,756.5,676.0,704.5,3647
2005-12-12 00:00:00+05:30,690.5,719.0,690.5,709.5,1990
2005-12-13 00:00:00+05:30,704.5,710.5,704.5,707.5,3006
2005-12-14 00:00:00+05:30,704.5,710.5,702.0,705.0,1409
2005-12-15 00:00:00+05:30,715.0,720.0,688.5,692.0,8666
2005-12-16 00:00:00+05:30,697.5,707.0,694.5,697.0,1178
2005-12-19 00:00:00+05:30,697.0,707.0,697.0,705.5,2844
2005-12-20 00:00:00+05:30,690.5,707.5,690.5,700.0,2598
2005-12-21 00:00:00+05:30,693.0,711.0,693.0,710.0,3170
2005-12-22 00:00:00+05:30,704.0,720.0,704.0,716.5,4253
2005-12-23 00:00:00+05:30,720.0,720.0,695.5,706.0,1612
2005-12-26 00:00:00+05:30,698.0,710.0,698.0,702.0,1840
2005-12-27 00:00:00+05:30,700.5,738.5,700.5,724.5,3734
2005-12-28 00:00:00+05:30,733.0,733.0,715.0,718.0,3367
2005-12-29 00:00:00+05:30,724.5,724.5,715.5,717.5,878
2005-12-30 00:00:00+05:30,723.0,725.0,710.5,715.0,2112
2006-01-02 00:00:00+05:30,672.0,767.0,672.0,753.0,7996
2006-01-03 00:00:00+05:30,747.5,779.0,735.0,769.5,11108
2006-01-04 00:00:00+05:30,782.0,811.0,769.0,805.5,19798
2006-01-05 00:00:00+05:30,813.0,819.0,788.5,792.5,4918
2006-01-06 00:00:00+05:30,789.5,800.0,774.0,779.0,2888
2006-01-09 00:00:00+05:30,820.0,820.0,780.5,790.0,2586
2006-01-10 00:00:00+05:30,788.5,792.0,770.0,775.5,1261
2006-01-12 00:00:00+05:30,793.5,793.5,774.0,782.0,3079
2006-01-13 00:00:00+05:30,782.0,788.0,764.0,778.5,2269
2006-01-16 00:00:00+05:30,787.5,793.5,771.0,786.0,9154
2006-01-17 00:00:00+05:30,795.0,795.0,774.0,786.0,3754
2006-01-18 00:00:00+05:30,769.0,779.0,759.0,765.0,2937
2006-01-19 00:00:00+05:30,749.5,781.0,749.5,767.5,2415
2006-01-20 00:00:00+05:30,781.0,781.0,764.5,766.5,1012
2006-01-23 00:00:00+05:30,761.0,779.0,761.0,777.0,27163
2006-01-24 00:00:00+05:30,764.0,800.0,764.0,795.5,5759
2006-01-25 00:00:00+05:30,798.5,815.0,795.5,808.0,6392
2006-01-27 00:00:00+05:30,808.0,831.5,798.5,825.5,6324
2006-01-30 00:00:00+05:30,831.5,901.5,822.0,882.0,21381
2006-01-31 00:00:00+05:30,882.0,918.0,858.0,898.5,12701
2006-02-01 00:00:00+05:30,905.0,912.5,888.0,895.5,9271
2006-02-02 00:00:00+05:30,896.5,908.0,868.0,878.5,2670
2006-02-03 00:00:00+05:30,876.5,896.5,872.0,884.5,4798
2006-02-06 00:00:00+05:30,886.5,911.0,872.0,896.5,1937
2006-02-07 00:00:00+05:30,881.5,914.0,863.5,871.5,3538
2006-02-08 00:00:00+05:30,878.5,896.0,869.0,874.0,1783
2006-02-10 00:00:00+05:30,880.5,881.5,872.0,876.5,2087
2006-02-13 00:00:00+05:30,874.0,885.5,874.0,883.5,2380
2006-02-14 00:00:00+05:30,891.5,904.0,885.0,887.5,1835
2006-02-15 00:00:00+05:30,891.5,949.5,891.5,932.0,17258
2006-02-16 00:00:00+05:30,935.5,999.5,935.5,973.5,19616
2006-02-17 00:00:00+05:30,965.0,999.5,956.5,960.5,8694
2006-02-20 00:00:00+05:30,965.0,970.0,950.5,957.0,3290
2006-02-21 00:00:00+05:30,940.5,989.0,940.5,947.5,4417
2006-02-22 00:00:00+05:30,950.5,964.0,919.0,926.5,3316
2006-02-23 00:00:00+05:30,864.0,955.0,864.0,920.0,4310
2006-02-24 00:00:00+05:30,935.5,1000.0,935.5,947.0,14625
2006-02-27 00:00:00+05:30,959.0,961.0,923.0,937.0,9253
2006-02-28 00:00:00+05:30,950.0,950.5,911.0,930.5,1305
2006-03-01 00:00:00+05:30,906.0,944.5,906.0,939.5,1805
2006-03-02 00:00:00+05:30,939.0,965.0,921.0,927.0,1754
2006-03-03 00:00:00+05:30,947.5,948.5,921.0,926.5,3395
2006-03-06 00:00:00+05:30,945.5,954.5,921.5,927.0,3345
2006-03-07 00:00:00+05:30,921.0,944.0,921.0,942.5,4267
2006-03-08 00:00:00+05:30,939.5,953.5,906.5,920.0,3902
2006-03-09 00:00:00+05:30,921.0,921.0,902.5,911.5,1426
2006-03-10 00:00:00+05:30,926.0,930.5,906.0,907.5,5223
2006-03-13 00:00:00+05:30,903.5,920.0,894.5,903.5,6183
2006-03-14 00:00:00+05:30,1076.5,1076.5,896.5,899.0,14972
2006-03-16 00:00:00+05:30,911.0,916.0,894.5,898.5,1535
2006-03-17 00:00:00+05:30,901.5,906.0,876.0,888.0,4286
2006-03-20 00:00:00+05:30,891.5,891.5,867.0,874.5,3573
2006-03-21 00:00:00+05:30,889.5,895.5,878.0,887.5,2200
2006-03-22 00:00:00+05:30,896.5,896.5,873.5,876.0,571
2006-03-23 00:00:00+05:30,881.5,899.5,878.0,897.0,1519
2006-03-24 00:00:00+05:30,910.0,912.0,876.0,890.5,4724
2006-03-27 00:00:00+05:30,894.5,896.0,881.5,888.0,8170
2006-03-28 00:00:00+05:30,906.0,927.0,869.0,875.0,4089
2006-03-29 00:00:00+05:30,881.5,893.0,863.5,878.5,746
2006-03-30 00:00:00+05:30,879.0,892.5,879.0,887.5,945
2006-03-31 00:00:00+05:30,879.5,899.5,879.5,887.0,12351
2006-04-03 00:00:00+05:30,896.5,896.5,884.5,890.0,11930
2006-04-04 00:00:00+05:30,901.5,901.5,882.5,884.0,3245
2006-04-05 00:00:00+05:30,887.5,896.5,882.5,894.5,1643
2006-04-07 00:00:00+05:30,911.0,960.0,882.5,891.5,4241
2006-04-10 00:00:00+05:30,882.5,894.5,872.5,890.0,1542
2006-04-12 00:00:00+05:30,891.5,895.5,874.0,879.0,3965
2006-04-13 00:00:00+05:30,877.0,889.5,847.5,882.0,3769
2006-04-17 00:00:00+05:30,891.5,891.5,874.0,876.5,680
2006-04-18 00:00:00+05:30,929.5,929.5,878.0,885.0,6110
2006-04-19 00:00:00+05:30,891.5,896.5,872.0,875.5,5949
2006-04-20 00:00:00+05:30,875.0,886.0,867.0,875.5,691
2006-04-21 00:00:00+05:30,886.5,891.5,847.5,884.0,4580
2006-04-24 00:00:00+05:30,890.5,910.0,875.0,903.5,4517
2006-04-25 00:00:00+05:30,911.0,911.0,893.0,896.0,15738
2006-04-26 00:00:00+05:30,885.5,906.0,885.5,895.0,16939
2006-04-27 00:00:00+05:30,904.0,905.0,893.0,896.5,12449
2006-04-28 00:00:00+05:30,799.5,896.5,799.5,888.5,2122
2006-05-02 00:00:00+05:30,783.5,890.5,783.5,873.5,21042
2006-05-03 00:00:00+05:30,881.5,891.5,862.0,876.5,11402
2006-05-04 00:00:00+05:30,872.0,880.5,872.0,875.5,2740
2006-05-05 00:00:00+05:30,874.0,879.5,853.5,862.5,1485
2006-05-08 00:00:00+05:30,871.5,871.5,857.0,858.0,1558
2006-05-09 00:00:00+05:30,890.5,890.5,857.0,857.5,2280
2006-05-10 00:00:00+05:30,852.5,872.0,848.0,868.5,1752
2006-05-11 00:00:00+05:30,857.5,864.5,854.5,858.5,981
2006-05-12 00:00:00+05:30,842.5,869.0,842.5,855.5,569
2006-05-15 00:00:00+05:30,850.5,852.5,835.5,836.0,3160
2006-05-16 00:00:00+05:30,832.5,842.5,816.0,826.0,2773
2006-05-17 00:00:00+05:30,852.5,872.0,842.5,868.5,19269
2006-05-18 00:00:00+05:30,810.0,879.5,804.5,812.5,1749
2006-05-19 00:00:00+05:30,842.5,842.5,760.5,770.5,5920
2006-05-22 00:00:00+05:30,783.5,783.5,727.0,773.5,6449
2006-05-23 00:00:00+05:30,740.5,831.0,740.5,792.0,4764
2006-05-24 00:00:00+05:30,793.5,801.5,774.0,775.5,1251
2006-05-25 00:00:00+05:30,774.0,783.5,774.0,774.5,2110
2006-05-26 00:00:00+05:30,798.5,808.0,754.5,780.5,774
2006-05-29 00:00:00+05:30,800.5,800.5,776.5,782.0,538
2006-05-30 00:00:00+05:30,783.5,793.5,774.0,776.0,676
2006-05-31 00:00:00+05:30,739.5,766.0,739.5,757.5,2479
2006-06-01 00:00:00+05:30,774.0,783.5,764.0,768.5,3596
2006-06-02 00:00:00+05:30,744.5,763.0,740.0,760.0,2047
2006-06-05 00:00:00+05:30,769.0,778.5,711.5,722.0,904
2006-06-06 00:00:00+05:30,710.5,734.5,710.5,715.0,935
2006-06-07 00:00:00+05:30,715.0,715.0,666.0,676.5,3246
2006-06-08 00:00:00+05:30,667.0,667.0,637.0,656.0,3021
2006-06-09 00:00:00+05:30,666.0,734.5,666.0,726.0,5127
2006-06-12 00:00:00+05:30,734.5,734.5,703.5,705.5,2775
2006-06-13 00:00:00+05:30,700.5,705.5,640.0,699.0,6397
2006-06-14 00:00:00+05:30,700.5,726.0,676.0,698.0,4065
2006-06-15 00:00:00+05:30,710.0,710.0,686.0,697.5,1715
2006-06-16 00:00:00+05:30,691.5,734.5,691.5,719.5,3344
2006-06-19 00:00:00+05:30,698.5,715.0,698.5,706.0,1030
2006-06-20 00:00:00+05:30,712.0,712.0,698.5,701.5,2143
2006-06-21 00:00:00+05:30,710.0,710.5,700.5,704.5,441
2006-06-22 00:00:00+05:30,720.0,749.5,716.0,740.5,3140
2006-06-23 00:00:00+05:30,711.0,744.5,711.0,735.5,9087
2006-06-26 00:00:00+05:30,717.0,733.5,715.0,717.5,835
2006-06-27 00:00:00+05:30,707.0,723.0,707.0,715.0,2119
2006-06-28 00:00:00+05:30,713.0,713.0,687.0,697.0,435
2006-06-29 00:00:00+05:30,696.0,724.0,696.0,706.5,452
2006-06-30 00:00:00+05:30,725.0,728.5,710.5,717.0,1017
2006-07-03 00:00:00+05:30,725.0,729.5,707.5,724.0,288
2006-07-04 00:00:00+05:30,710.5,736.5,689.0,733.5,1450
2006-07-05 00:00:00+05:30,705.5,764.0,686.5,739.5,6984
2006-07-06 00:00:00+05:30,734.5,743.5,726.0,731.0,494
2006-07-07 00:00:00+05:30,730.0,739.5,715.0,720.5,441
2006-07-10 00:00:00+05:30,725.0,725.0,705.5,711.5,302
2006-07-11 00:00:00+05:30,734.5,734.5,717.0,729.0,1074
2006-07-12 00:00:00+05:30,720.0,730.0,720.0,727.5,390
2006-07-13 00:00:00+05:30,734.5,749.5,725.0,747.5,368
2006-07-14 00:00:00+05:30,725.0,748.5,725.0,735.5,896
2006-07-17 00:00:00+05:30,698.5,740.5,698.5,716.0,1165
2006-07-18 00:00:00+05:30,731.0,732.0,715.0,720.0,1023
2006-07-19 00:00:00+05:30,715.0,739.5,688.5,719.0,1419
2006-07-20 00:00:00+05:30,725.0,733.5,718.5,720.0,802
2006-07-21 00:00:00+05:30,715.5,725.0,697.5,702.5,489
2006-07-24 00:00:00+05:30,697.5,720.0,697.5,715.0,824
2006-07-25 00:00:00+05:30,717.0,720.0,701.5,708.0,955
2006-07-26 00:00:00+05:30,690.0,720.0,690.0,715.5,7128
2006-07-27 00:00:00+05:30,716.0,725.0,715.0,716.0,1985
2006-07-28 00:00:00+05:30,724.0,734.5,724.0,727.5,1246
2006-07-31 00:00:00+05:30,726.0,739.0,726.0,734.5,1241
2006-08-01 00:00:00+05:30,734.5,744.5,725.0,735.0,1092
2006-08-02 00:00:00+05:30,740.5,749.5,725.0,740.5,1800
2006-08-03 00:00:00+05:30,753.5,753.5,730.0,733.5,898
2006-08-04 00:00:00+05:30,759.0,759.0,723.5,724.0,1424
2006-08-07 00:00:00+05:30,724.0,742.5,724.0,730.5,907
2006-08-08 00:00:00+05:30,726.0,744.5,725.0,743.0,1351
2006-08-09 00:00:00+05:30,744.5,744.5,730.0,731.5,524
2006-08-10 00:00:00+05:30,731.0,744.5,730.0,730.5,745
2006-08-11 00:00:00+05:30,735.0,749.5,735.0,743.5,909
2006-08-14 00:00:00+05:30,754.0,817.5,744.5,817.5,4551
2006-08-16 00:00:00+05:30,842.5,891.5,787.0,810.5,14709
2006-08-17 00:00:00+05:30,817.0,817.0,779.0,788.5,3256
2006-08-18 00:00:00+05:30,786.5,807.5,785.5,788.5,2061
2006-08-21 00:00:00+05:30,736.5,808.0,736.5,799.0,3209
2006-08-22 00:00:00+05:30,798.5,813.0,798.5,802.0,847
2006-08-23 00:00:00+05:30,805.5,809.0,798.5,798.5,891
2006-08-24 00:00:00+05:30,790.5,808.0,788.5,802.0,2037
2006-08-25 00:00:00+05:30,813.0,816.0,795.0,798.5,1715
2006-08-28 00:00:00+05:30,803.5,810.0,802.5,803.0,864
2006-08-29 00:00:00+05:30,813.0,813.0,803.5,805.5,554
2006-08-30 00:00:00+05:30,808.0,815.0,799.0,807.0,2144
2006-08-31 00:00:00+05:30,813.0,814.0,803.5,804.0,998
2006-09-01 00:00:00+05:30,799.5,810.0,799.5,805.0,595
2006-09-04 00:00:00+05:30,817.5,817.5,799.0,805.0,1736
2006-09-05 00:00:00+05:30,812.0,812.0,803.5,809.0,2984
2006-09-06 00:00:00+05:30,817.0,817.0,804.5,806.5,824
2006-09-07 00:00:00+05:30,803.5,821.0,793.5,813.0,1465
2006-09-08 00:00:00+05:30,818.0,887.5,814.5,875.0,8655
2006-09-11 00:00:00+05:30,882.0,926.0,861.5,863.0,12701
2006-09-12 00:00:00+05:30,852.5,886.5,852.5,877.5,3020
2006-09-13 00:00:00+05:30,897.5,911.0,864.5,875.0,5341
2006-09-14 00:00:00+05:30,876.0,886.5,868.0,871.5,1489
2006-09-15 00:00:00+05:30,872.0,872.0,848.0,854.0,879
2006-09-18 00:00:00+05:30,877.0,879.5,852.5,855.5,1338
2006-09-19 00:00:00+05:30,852.5,872.0,843.5,847.5,1509
2006-09-20 00:00:00+05:30,847.5,857.0,824.5,843.5,2118
2006-09-21 00:00:00+05:30,870.0,870.0,839.5,845.0,1678
2006-09-22 00:00:00+05:30,836.5,852.5,836.5,840.0,1584
2006-09-25 00:00:00+05:30,842.5,846.5,828.0,843.5,2658
2006-09-26 00:00:00+05:30,838.5,852.5,835.5,842.5,1432
2006-09-27 00:00:00+05:30,852.5,852.5,836.5,845.5,826
2006-09-28 00:00:00+05:30,834.0,862.0,834.0,843.0,584
2006-09-29 00:00:00+05:30,839.5,861.5,839.5,852.0,1294
2006-10-03 00:00:00+05:30,841.5,862.0,841.5,853.0,1338
2006-10-04 00:00:00+05:30,854.5,860.0,852.5,856.0,618
2006-10-05 00:00:00+05:30,842.5,851.5,842.5,846.5,4524
2006-10-06 00:00:00+05:30,857.0,872.0,842.5,842.5,2998
2006-10-09 00:00:00+05:30,852.5,879.5,844.5,857.0,3560
2006-10-10 00:00:00+05:30,862.0,867.0,859.0,862.5,805
2006-10-11 00:00:00+05:30,856.0,863.0,848.5,855.0,2771
2006-10-12 00:00:00+05:30,865.0,865.0,848.5,858.0,2199
2006-10-13 00:00:00+05:30,872.0,874.0,842.5,848.5,3017
2006-10-16 00:00:00+05:30,851.5,855.0,824.0,836.5,749
2006-10-17 00:00:00+05:30,838.5,842.5,823.0,829.0,585
2006-10-18 00:00:00+05:30,829.0,840.5,829.0,838.0,511
2006-10-19 00:00:00+05:30,841.5,849.5,834.0,846.5,5710
2006-10-20 00:00:00+05:30,824.5,848.5,824.5,843.0,974
2006-10-23 00:00:00+05:30,859.0,859.0,841.0,847.0,486
2006-10-26 00:00:00+05:30,847.0,857.0,847.0,852.5,1703
2006-10-27 00:00:00+05:30,852.5,870.5,828.0,858.0,7574
2006-10-30 00:00:00+05:30,867.0,867.0,839.0,851.0,1563
2006-10-31 00:00:00+05:30,833.5,854.5,833.5,846.5,2320
2006-11-01 00:00:00+05:30,844.5,867.0,837.5,843.5,4203
2006-11-02 00:00:00+05:30,850.5,866.5,844.5,857.0,5841
2006-11-03 00:00:00+05:30,862.0,870.0,838.0,841.0,1545
2006-11-06 00:00:00+05:30,855.0,864.0,846.5,860.0,2789
2006-11-07 00:00:00+05:30,872.0,928.5,857.0,894.0,16752
2006-11-08 00:00:00+05:30,891.5,970.0,859.0,904.5,65207
2006-11-09 00:00:00+05:30,923.5,937.5,891.5,915.0,66043
2006-11-10 00:00:00+05:30,921.0,921.0,903.5,908.5,10539
2006-11-13 00:00:00+05:30,901.5,912.5,899.5,903.0,4785
2006-11-14 00:00:00+05:30,906.5,906.5,881.5,887.0,4121
2006-11-15 00:00:00+05:30,901.5,901.5,867.0,874.5,2914
2006-11-16 00:00:00+05:30,859.0,889.5,857.0,869.5,2861
2006-11-17 00:00:00+05:30,863.5,868.5,849.5,856.0,1397
2006-11-20 00:00:00+05:30,844.5,867.0,843.5,851.5,1642
2006-11-21 00:00:00+05:30,844.5,872.0,844.5,861.5,951
2006-11-22 00:00:00+05:30,862.0,889.5,851.5,881.5,5004
2006-11-23 00:00:00+05:30,867.0,906.0,867.0,895.0,5550
2006-11-24 00:00:00+05:30,914.0,914.0,876.0,881.0,1901
2006-11-27 00:00:00+05:30,873.0,891.5,866.5,885.0,3047
2006-11-28 00:00:00+05:30,891.5,891.5,865.0,869.5,714
2006-11-29 00:00:00+05:30,880.5,886.5,863.0,866.0,1220
2006-11-30 00:00:00+05:30,864.5,880.5,855.0,857.5,3078
2006-12-01 00:00:00+05:30,881.5,881.5,857.0,861.5,878
2006-12-04 00:00:00+05:30,890.5,890.5,855.5,871.0,1050
2006-12-05 00:00:00+05:30,879.0,879.0,866.0,869.0,1258
2006-12-06 00:00:00+05:30,880.5,881.5,862.0,867.5,941
2006-12-07 00:00:00+05:30,872.0,883.5,866.0,873.5,1053
2006-12-08 00:00:00+05:30,860.0,876.5,860.0,870.0,1365
2006-12-11 00:00:00+05:30,857.0,879.5,840.5,852.0,2479
2006-12-12 00:00:00+05:30,833.5,870.0,794.5,804.0,2770
2006-12-13 00:00:00+05:30,793.5,852.5,793.5,832.5,3487
2006-12-14 00:00:00+05:30,852.5,852.5,830.0,851.5,638
2006-12-15 00:00:00+05:30,850.5,871.0,850.5,862.0,15843
2006-12-18 00:00:00+05:30,852.5,860.0,847.5,852.0,2739
2006-12-19 00:00:00+05:30,872.0,872.0,847.5,857.0,1894
2006-12-20 00:00:00+05:30,857.0,858.0,849.5,858.0,1305
2006-12-21 00:00:00+05:30,861.0,861.0,842.5,848.0,449
2006-12-22 00:00:00+05:30,848.0,852.5,837.5,841.5,555
2006-12-26 00:00:00+05:30,838.0,855.5,838.0,842.0,2915
2006-12-27 00:00:00+05:30,930.5,930.5,834.5,844.5,948
2006-12-28 00:00:00+05:30,847.5,861.0,839.5,844.0,615
2006-12-29 00:00:00+05:30,866.0,866.0,830.0,839.0,1037
2007-01-02 00:00:00+05:30,872.0,872.0,835.5,853.5,7732
2007-01-03 00:00:00+05:30,846.0,861.0,845.5,851.5,462
2007-01-04 00:00:00+05:30,852.5,856.0,842.5,847.5,986
2007-01-05 00:00:00+05:30,848.5,857.0,840.5,842.5,503
2007-01-08 00:00:00+05:30,842.5,847.5,833.0,839.0,900
2007-01-09 00:00:00+05:30,840.5,856.0,840.5,840.5,469
2007-01-10 00:00:00+05:30,842.5,842.5,833.0,834.5,251
2007-01-11 00:00:00+05:30,854.5,854.5,835.0,841.0,674
2007-01-12 00:00:00+05:30,840.0,860.0,835.5,858.0,623
2007-01-15 00:00:00+05:30,852.5,862.0,852.5,857.5,1745
2007-01-16 00:00:00+05:30,856.5,881.5,813.0,860.0,50459
2007-01-17 00:00:00+05:30,862.0,862.5,854.5,861.0,1067
2007-01-18 00:00:00+05:30,880.5,903.0,873.5,886.0,4020
2007-01-19 00:00:00+05:30,881.5,905.0,877.0,884.0,1250
2007-01-22 00:00:00+05:30,872.0,885.5,863.0,872.5,745
2007-01-23 00:00:00+05:30,883.5,883.5,867.0,867.5,268
2007-01-24 00:00:00+05:30,877.0,883.5,872.0,874.0,1300
2007-01-25 00:00:00+05:30,876.5,879.5,869.5,872.0,610
2007-01-29 00:00:00+05:30,865.5,892.5,865.5,882.5,905
2007-01-31 00:00:00+05:30,896.5,955.5,896.5,906.5,10673
2007-02-01 00:00:00+05:30,906.5,917.5,887.0,899.0,2592
2007-02-02 00:00:00+05:30,883.5,906.0,883.5,900.5,2936
2007-02-05 00:00:00+05:30,885.5,899.0,854.5,895.0,2140
2007-02-06 00:00:00+05:30,897.5,897.5,873.0,883.5,8911
2007-02-07 00:00:00+05:30,894.5,911.0,881.5,882.0,19884
2007-02-08 00:00:00+05:30,882.0,896.5,877.0,877.0,493
2007-02-09 00:00:00+05:30,921.0,967.5,872.0,876.0,893
2007-02-12 00:00:00+05:30,886.5,886.5,829.0,830.0,4504
2007-02-13 00:00:00+05:30,823.0,855.5,823.0,837.5,2379
2007-02-14 00:00:00+05:30,845.5,845.5,819.0,841.5,1803
2007-02-15 00:00:00+05:30,850.5,852.5,833.0,833.5,479
2007-02-19 00:00:00+05:30,837.5,862.0,837.5,858.0,2510
2007-02-20 00:00:00+05:30,839.5,921.0,839.5,872.0,9183
2007-02-21 00:00:00+05:30,880.5,891.5,872.0,874.0,1383
2007-02-22 00:00:00+05:30,872.0,881.5,858.0,863.0,670
2007-02-23 00:00:00+05:30,878.0,879.0,843.5,848.0,2355
2007-02-26 00:00:00+05:30,852.5,864.0,843.5,852.5,1701
2007-02-27 00:00:00+05:30,846.0,863.0,845.5,852.5,936
2007-02-28 00:00:00+05:30,832.5,854.5,815.0,843.0,1155
2007-03-01 00:00:00+05:30,856.0,856.0,835.5,840.0,791
2007-03-02 00:00:00+05:30,824.0,849.5,824.0,839.0,657
2007-03-05 00:00:00+05:30,813.0,828.0,783.0,785.5,7437
2007-03-06 00:00:00+05:30,872.0,872.0,788.5,803.5,2036
2007-03-07 00:00:00+05:30,785.5,819.0,759.0,765.5,4808
2007-03-08 00:00:00+05:30,766.5,798.5,766.5,789.5,684
2007-03-09 00:00:00+05:30,793.5,823.0,783.5,789.0,1999
2007-03-12 00:00:00+05:30,793.5,811.5,790.5,797.5,919
2007-03-13 00:00:00+05:30,816.0,818.0,805.0,811.0,1484
2007-03-14 00:00:00+05:30,785.5,810.5,785.5,794.0,238
2007-03-15 00:00:00+05:30,789.0,817.0,788.5,794.0,397
2007-03-16 00:00:00+05:30,803.0,805.5,774.0,788.5,937
2007-03-19 00:00:00+05:30,803.5,808.0,793.0,795.0,250
2007-03-20 00:00:00+05:30,812.0,818.0,801.5,805.0,305
2007-03-21 00:00:00+05:30,823.0,823.0,805.0,805.5,421
2007-03-22 00:00:00+05:30,808.0,828.0,798.5,802.0,1078
2007-03-23 00:00:00+05:30,816.5,818.0,799.5,808.5,400
2007-03-26 00:00:00+05:30,796.5,817.0,783.5,795.0,1155
2007-03-28 00:00:00+05:30,790.5,802.5,790.5,793.0,1148
2007-03-29 00:00:00+05:30,790.5,803.5,789.5,801.5,362
2007-03-30 00:00:00+05:30,795.5,807.0,793.5,801.0,1012
2007-04-02 00:00:00+05:30,798.5,799.0,793.5,796.0,567
2007-04-03 00:00:00+05:30,779.0,807.0,779.0,802.0,1311
2007-04-04 00:00:00+05:30,812.5,821.5,804.5,818.0,1836
2007-04-05 00:00:00+05:30,811.0,820.5,808.5,818.0,532
2007-04-09 00:00:00+05:30,818.0,827.0,807.0,823.0,2626
2007-04-10 00:00:00+05:30,811.5,852.5,811.5,848.0,1025
2007-04-11 00:00:00+05:30,851.5,851.5,833.0,844.0,413
2007-04-12 00:00:00+05:30,843.5,843.5,832.5,841.5,141
2007-04-13 00:00:00+05:30,847.5,853.0,847.0,849.0,1270
2007-04-16 00:00:00+05:30,847.5,868.0,845.5,860.0,2083
2007-04-17 00:00:00+05:30,857.0,872.0,857.0,857.0,1761
2007-04-18 00:00:00+05:30,838.0,863.0,838.0,857.5,1169
2007-04-19 00:00:00+05:30,848.5,857.0,848.5,850.0,645
2007-04-20 00:00:00+05:30,852.5,862.0,842.5,843.0,901
2007-04-23 00:00:00+05:30,847.5,855.5,842.5,843.0,154
2007-04-24 00:00:00+05:30,852.5,860.0,829.0,836.5,1775
2007-04-25 00:00:00+05:30,837.5,851.5,837.5,840.5,519
2007-04-26 00:00:00+05:30,857.5,886.5,844.0,854.5,1144
2007-04-27 00:00:00+05:30,852.5,856.0,837.5,838.5,618
2007-04-30 00:00:00+05:30,839.5,862.0,838.5,856.0,732
2007-05-03 00:00:00+05:30,874.5,880.5,851.0,879.5,3420
2007-05-04 00:00:00+05:30,881.5,886.5,844.0,862.5,1036
2007-05-07 00:00:00+05:30,880.5,880.5,847.5,853.0,733
2007-05-08 00:00:00+05:30,843.5,868.0,843.5,855.0,663
2007-05-09 00:00:00+05:30,852.5,868.0,852.5,866.5,730
2007-05-10 00:00:00+05:30,857.0,877.0,855.5,874.0,1473
2007-05-11 00:00:00+05:30,877.0,877.0,866.0,875.0,1046
2007-05-14 00:00:00+05:30,877.0,881.5,862.5,881.0,1814
2007-05-15 00:00:00+05:30,881.5,911.0,868.0,899.0,4773
2007-05-16 00:00:00+05:30,893.5,906.0,886.5,895.0,1697
2007-05-17 00:00:00+05:30,905.0,906.0,891.5,898.0,1146
2007-05-18 00:00:00+05:30,891.5,903.0,881.5,881.5,336
2007-05-21 00:00:00+05:30,901.0,906.0,874.5,880.5,724
2007-05-22 00:00:00+05:30,881.5,881.5,873.0,878.0,195
2007-05-23 00:00:00+05:30,896.5,896.5,858.0,859.5,571
2007-05-24 00:00:00+05:30,859.5,864.5,853.5,861.0,482
2007-05-25 00:00:00+05:30,805.0,867.0,802.0,859.5,1885
2007-05-28 00:00:00+05:30,872.0,900.5,872.0,893.0,5319
2007-05-29 00:00:00+05:30,891.5,900.0,891.5,892.0,2112
2007-05-30 00:00:00+05:30,901.0,911.0,892.5,900.5,20398
2007-05-31 00:00:00+05:30,911.0,921.0,867.0,904.5,4751
2007-06-01 00:00:00+05:30,918.0,918.0,904.5,909.5,1475
2007-06-04 00:00:00+05:30,917.5,923.5,908.0,909.5,4803
2007-06-05 00:00:00+05:30,901.5,924.0,901.5,914.5,2608
2007-06-06 00:00:00+05:30,921.0,921.0,901.5,902.5,1154
2007-06-07 00:00:00+05:30,862.0,919.5,862.0,897.5,383
2007-06-08 00:00:00+05:30,893.5,912.0,882.5,907.5,921
2007-06-11 00:00:00+05:30,907.0,934.5,903.0,921.0,3031
2007-06-12 00:00:00+05:30,919.0,930.5,912.0,925.0,3437
2007-06-13 00:00:00+05:30,924.0,929.5,912.5,918.5,791
2007-06-14 00:00:00+05:30,913.0,930.0,904.0,915.0,1104
2007-06-15 00:00:00+05:30,911.0,930.5,906.5,929.5,1989
2007-06-18 00:00:00+05:30,935.5,935.5,916.5,918.5,740
2007-06-19 00:00:00+05:30,902.5,924.0,902.5,914.0,10596
2007-06-20 00:00:00+05:30,911.0,919.0,892.5,896.5,1819
2007-06-21 00:00:00+05:30,896.5,934.5,881.5,889.0,13928
2007-06-22 00:00:00+05:30,921.0,921.0,883.5,885.5,1542
2007-06-25 00:00:00+05:30,881.5,918.0,881.5,907.5,8911
2007-06-26 00:00:00+05:30,905.0,915.0,897.0,899.5,1605
2007-06-27 00:00:00+05:30,894.5,906.0,894.5,899.0,1234
2007-06-28 00:00:00+05:30,898.5,904.0,897.5,899.0,1174
2007-06-29 00:00:00+05:30,888.0,904.0,888.0,902.0,572
2007-07-02 00:00:00+05:30,908.0,916.0,902.0,911.0,1640
2007-07-03 00:00:00+05:30,888.5,911.0,888.5,908.5,649
2007-07-04 00:00:00+05:30,905.0,911.0,899.5,904.5,325
2007-07-05 00:00:00+05:30,911.0,911.0,896.5,897.5,1266
2007-07-06 00:00:00+05:30,896.5,901.5,896.5,897.0,422
2007-07-09 00:00:00+05:30,887.5,906.0,887.5,900.5,1408
2007-07-10 00:00:00+05:30,910.0,911.0,899.5,907.0,1700
2007-07-11 00:00:00+05:30,893.5,908.0,892.5,895.0,2036
2007-07-12 00:00:00+05:30,901.0,922.0,901.0,919.5,11817
2007-07-13 00:00:00+05:30,911.0,926.0,882.0,919.5,9777
2007-07-16 00:00:00+05:30,920.0,930.5,917.0,929.0,5661
2007-07-17 00:00:00+05:30,926.0,940.5,904.5,913.0,2242
2007-07-18 00:00:00+05:30,913.0,920.5,911.0,911.0,1662
2007-07-19 00:00:00+05:30,906.0,919.0,896.5,909.0,700
2007-07-20 00:00:00+05:30,917.0,925.0,904.0,906.5,2314
2007-07-23 00:00:00+05:30,901.5,906.5,896.0,906.5,1654
2007-07-24 00:00:00+05:30,906.5,915.0,896.5,897.0,2853
2007-07-25 00:00:00+05:30,892.5,904.0,888.5,892.5,429
2007-07-26 00:00:00+05:30,892.5,898.0,891.5,892.5,1628
2007-07-27 00:00:00+05:30,884.5,891.5,874.0,876.0,357
2007-07-30 00:00:00+05:30,877.0,902.5,877.0,883.0,925
2007-07-31 00:00:00+05:30,940.5,940.5,887.5,893.0,568
2007-08-01 00:00:00+05:30,896.5,910.0,872.0,883.0,2326
2007-08-02 00:00:00+05:30,857.0,891.0,857.0,881.5,2020
2007-08-03 00:00:00+05:30,918.5,918.5,852.5,873.0,1228
2007-08-06 00:00:00+05:30,877.0,906.0,877.0,893.5,971
2007-08-07 00:00:00+05:30,891.5,908.0,891.5,906.0,2198
2007-08-08 00:00:00+05:30,929.5,929.5,897.5,901.5,1383
2007-08-09 00:00:00+05:30,919.0,919.5,883.0,891.0,2799
2007-08-10 00:00:00+05:30,881.5,895.5,877.0,889.0,3037
2007-08-13 00:00:00+05:30,896.5,901.5,889.0,891.5,829
2007-08-14 00:00:00+05:30,903.0,903.0,889.5,902.0,463
2007-08-16 00:00:00+05:30,901.5,901.5,879.0,882.0,1423
2007-08-17 00:00:00+05:30,881.5,886.5,877.0,881.5,1199
2007-08-20 00:00:00+05:30,892.5,893.0,859.0,865.5,2182
2007-08-21 00:00:00+05:30,877.5,878.0,850.5,870.5,489
2007-08-22 00:00:00+05:30,868.0,884.5,862.0,863.0,1230
2007-08-23 00:00:00+05:30,872.0,872.0,857.0,862.5,1211
2007-08-24 00:00:00+05:30,881.5,881.5,863.0,863.0,482
2007-08-27 00:00:00+05:30,881.5,890.5,864.0,873.0,1752
2007-08-28 00:00:00+05:30,886.5,886.5,852.5,867.5,382
2007-08-29 00:00:00+05:30,855.5,870.0,855.5,860.5,391
2007-08-30 00:00:00+05:30,876.0,877.0,834.5,852.0,1668
2007-08-31 00:00:00+05:30,866.0,866.0,842.5,850.5,1915
2007-09-03 00:00:00+05:30,842.5,862.0,842.5,855.0,1284
2007-09-04 00:00:00+05:30,862.0,877.0,848.5,852.5,1488
2007-09-05 00:00:00+05:30,866.0,873.0,857.0,859.5,796
2007-09-06 00:00:00+05:30,852.5,870.0,852.5,860.0,710
2007-09-07 00:00:00+05:30,867.0,877.0,855.5,869.5,677
2007-09-10 00:00:00+05:30,858.0,872.0,857.0,871.5,368
2007-09-11 00:00:00+05:30,862.0,881.5,862.0,874.0,2564
2007-09-12 00:00:00+05:30,858.0,880.5,858.0,865.5,644
2007-09-13 00:00:00+05:30,881.5,881.5,854.5,857.0,882
2007-09-14 00:00:00+05:30,871.0,872.0,857.0,862.0,970
2007-09-17 00:00:00+05:30,857.0,881.5,857.0,865.5,1464
2007-09-18 00:00:00+05:30,870.0,877.0,857.0,861.5,2552
2007-09-19 00:00:00+05:30,842.5,880.5,842.5,856.0,22338
2007-09-20 00:00:00+05:30,851.0,852.5,838.5,844.5,3384
2007-09-21 00:00:00+05:30,849.5,881.5,849.5,863.5,1567
2007-09-24 00:00:00+05:30,834.5,891.5,834.5,851.0,2991
2007-09-25 00:00:00+05:30,837.0,859.0,837.0,854.0,746
2007-09-26 00:00:00+05:30,854.0,857.0,843.5,844.0,1321
2007-09-27 00:00:00+05:30,843.5,868.0,843.5,850.5,1485
2007-09-28 00:00:00+05:30,864.5,880.5,842.5,852.0,1531
2007-10-01 00:00:00+05:30,864.0,864.0,842.5,855.5,2101
2007-10-03 00:00:00+05:30,843.5,866.5,843.5,850.5,1907
2007-10-04 00:00:00+05:30,853.5,862.0,842.5,844.0,3635
2007-10-05 00:00:00+05:30,844.5,854.5,837.5,843.0,3543
2007-10-08 00:00:00+05:30,843.5,843.5,820.0,826.5,3692
2007-10-09 00:00:00+05:30,824.0,832.5,823.0,827.0,1336
2007-10-10 00:00:00+05:30,825.0,852.5,825.0,835.0,2079
2007-10-11 00:00:00+05:30,837.5,921.0,823.0,844.5,2689
2007-10-12 00:00:00+05:30,847.5,857.0,844.5,850.0,1519
2007-10-15 00:00:00+05:30,847.5,857.5,835.0,848.5,656
2007-10-16 00:00:00+05:30,838.5,844.5,834.5,839.0,2087
2007-10-17 00:00:00+05:30,834.5,921.0,814.0,828.5,2849
2007-10-18 00:00:00+05:30,832.5,837.5,827.0,828.0,2600
2007-10-19 00:00:00+05:30,824.0,837.5,824.0,828.5,2567
2007-10-22 00:00:00+05:30,827.0,827.0,818.5,819.0,686
2007-10-23 00:00:00+05:30,784.5,851.5,783.5,819.0,1177
2007-10-24 00:00:00+05:30,842.5,844.5,819.5,826.0,755
2007-10-25 00:00:00+05:30,835.5,896.5,813.5,835.5,8662
2007-10-26 00:00:00+05:30,814.0,852.5,790.0,848.0,3825
2007-10-29 00:00:00+05:30,867.0,867.0,824.0,833.5,2407
2007-10-30 00:00:00+05:30,824.0,842.5,823.0,833.0,2314
2007-10-31 00:00:00+05:30,793.5,851.5,793.5,828.0,4923
2007-11-01 00:00:00+05:30,818.0,836.5,813.0,832.5,2476
2007-11-02 00:00:00+05:30,824.0,842.5,823.0,840.5,2719
2007-11-05 00:00:00+05:30,872.0,877.0,825.0,826.0,638
2007-11-06 00:00:00+05:30,828.0,831.5,818.0,818.5,765
2007-11-07 00:00:00+05:30,818.0,831.5,813.0,828.5,1441
2007-11-08 00:00:00+05:30,823.0,828.0,813.5,817.5,238
2007-11-09 00:00:00+05:30,831.0,857.0,823.0,837.0,3069
2007-11-12 00:00:00+05:30,832.5,847.0,818.0,842.5,3139
2007-11-13 00:00:00+05:30,842.5,852.5,833.0,843.5,665
2007-11-14 00:00:00+05:30,852.5,857.0,838.5,840.5,1066
2007-11-15 00:00:00+05:30,833.5,857.0,831.5,833.5,997
2007-11-16 00:00:00+05:30,851.5,851.5,825.0,827.5,1928
2007-11-19 00:00:00+05:30,832.5,861.5,832.5,852.0,2369
2007-11-20 00:00:00+05:30,862.0,871.0,843.5,864.0,2085
2007-11-21 00:00:00+05:30,866.0,866.0,848.5,852.5,2144
2007-11-22 00:00:00+05:30,838.5,852.5,828.5,831.0,599
2007-11-23 00:00:00+05:30,837.5,846.5,822.0,825.5,5981
2007-11-26 00:00:00+05:30,823.0,841.5,823.0,831.0,1457
2007-11-27 00:00:00+05:30,825.0,836.5,824.0,825.0,527
2007-11-28 00:00:00+05:30,828.0,832.5,824.0,825.0,613
2007-11-29 00:00:00+05:30,785.0,832.5,785.0,807.5,1616
2007-11-30 00:00:00+05:30,800.0,837.5,800.0,831.5,602
2007-12-03 00:00:00+05:30,846.5,846.5,831.0,841.0,1944
2007-12-04 00:00:00+05:30,814.0,860.0,814.0,845.0,2556
2007-12-05 00:00:00+05:30,833.5,846.5,823.0,831.0,3939
2007-12-06 00:00:00+05:30,811.0,851.5,811.0,829.0,998
2007-12-07 00:00:00+05:30,840.5,842.5,828.0,838.0,2154
2007-12-10 00:00:00+05:30,813.0,891.5,813.0,874.5,5057
2007-12-11 00:00:00+05:30,877.0,921.0,842.5,891.5,7903
2007-12-12 00:00:00+05:30,832.5,1038.5,832.5,993.0,16588
2007-12-13 00:00:00+05:30,1028.5,1165.0,1027.5,1066.0,20222
2007-12-14 00:00:00+05:30,1126.5,1279.5,1092.5,1279.5,43364
2007-12-17 00:00:00+05:30,1399.0,1407.5,1322.5,1376.5,47392
2007-12-18 00:00:00+05:30,1381.5,1407.0,1264.0,1285.5,26795
2007-12-19 00:00:00+05:30,1370.5,1414.0,1293.0,1386.0,69719
2007-12-20 00:00:00+05:30,1416.5,1517.0,1332.5,1399.0,24011
2007-12-24 00:00:00+05:30,1439.0,1445.0,1376.5,1388.5,9648
2007-12-26 00:00:00+05:30,1419.5,1419.5,1352.0,1361.5,10522
2007-12-27 00:00:00+05:30,1390.0,1399.0,1332.0,1346.5,11113
2007-12-28 00:00:00+05:30,1298.5,1337.0,1298.5,1305.5,5336
2007-12-31 00:00:00+05:30,1376.5,1420.5,1312.5,1328.0,6593
2008-01-01 00:00:00+05:30,1348.0,1357.0,1298.0,1315.5,3155
2008-01-02 00:00:00+05:30,1342.0,1342.5,1283.5,1295.5,4565
2008-01-03 00:00:00+05:30,1278.5,1325.0,1240.5,1287.0,4807
2008-01-04 00:00:00+05:30,1330.5,1330.5,1254.0,1263.0,5192
2008-01-07 00:00:00+05:30,1249.0,1298.0,1244.0,1257.0,5586
2008-01-08 00:00:00+05:30,1268.5,1298.0,1186.0,1200.5,8109
2008-01-09 00:00:00+05:30,1206.5,1220.0,1131.5,1170.5,3817
2008-01-10 00:00:00+05:30,1186.5,1205.0,1091.5,1121.5,4384
2008-01-11 00:00:00+05:30,1127.5,1195.0,1059.0,1078.5,3706
2008-01-14 00:00:00+05:30,1156.0,1156.0,1038.5,1069.0,4792
2008-01-15 00:00:00+05:30,1102.0,1117.0,1028.5,1035.5,2683
2008-01-16 00:00:00+05:30,980.5,1095.5,963.0,984.0,6948
2008-01-17 00:00:00+05:30,985.5,1076.5,980.5,998.0,7055
2008-01-18 00:00:00+05:30,1004.0,1025.5,950.5,962.5,3100
2008-01-21 00:00:00+05:30,970.0,970.0,888.0,907.5,3837
2008-01-22 00:00:00+05:30,832.5,901.5,817.0,874.5,4278
2008-01-23 00:00:00+05:30,891.5,929.5,858.0,886.0,3079
2008-01-24 00:00:00+05:30,916.0,939.5,881.5,891.5,3505
2008-01-25 00:00:00+05:30,891.5,921.0,891.5,916.0,2070
2008-01-28 00:00:00+05:30,901.5,924.0,891.5,899.0,1455
2008-01-29 00:00:00+05:30,877.0,928.5,877.0,888.5,1125
2008-01-30 00:00:00+05:30,921.0,928.5,857.0,863.5,2007
2008-01-31 00:00:00+05:30,862.5,900.5,833.0,893.0,734
2008-02-01 00:00:00+05:30,903.0,903.0,875.0,885.0,657
2008-02-04 00:00:00+05:30,924.0,930.5,886.5,893.0,1543
2008-02-05 00:00:00+05:30,893.5,902.5,881.5,890.0,1995
2008-02-06 00:00:00+05:30,889.5,906.0,863.0,896.5,1689
2008-02-07 00:00:00+05:30,899.5,911.0,881.5,886.5,2629
2008-02-08 00:00:00+05:30,928.5,928.5,872.0,890.0,935
2008-02-11 00:00:00+05:30,881.5,911.0,867.0,869.5,654
2008-02-12 00:00:00+05:30,861.0,872.0,842.5,848.0,2067
2008-02-13 00:00:00+05:30,842.5,861.0,842.5,848.0,1453
2008-02-14 00:00:00+05:30,881.5,881.5,853.0,862.5,1710
2008-02-15 00:00:00+05:30,881.5,881.5,863.0,866.5,490
2008-02-18 00:00:00+05:30,896.0,896.0,852.5,877.5,1084
2008-02-19 00:00:00+05:30,854.5,906.0,854.5,896.5,1135
2008-02-20 00:00:00+05:30,906.0,906.0,881.5,886.0,1319
2008-02-21 00:00:00+05:30,921.0,940.5,892.5,898.5,602
2008-02-22 00:00:00+05:30,896.5,901.0,873.0,882.0,1367
2008-02-25 00:00:00+05:30,878.0,887.5,846.5,879.5,1862
2008-02-26 00:00:00+05:30,889.5,892.5,852.5,863.5,1034
2008-02-27 00:00:00+05:30,886.5,888.5,863.0,864.0,963
2008-02-28 00:00:00+05:30,870.0,870.0,842.5,850.5,5315
2008-02-29 00:00:00+05:30,852.5,868.0,852.5,856.0,1269
2008-03-03 00:00:00+05:30,856.0,867.0,851.5,854.5,2168
2008-03-04 00:00:00+05:30,862.5,862.5,843.5,845.0,5182
2008-03-05 00:00:00+05:30,843.5,858.0,843.5,848.5,355
2008-03-07 00:00:00+05:30,837.5,852.5,837.5,843.5,2480
2008-03-10 00:00:00+05:30,842.5,862.0,837.5,849.5,2063
2008-03-11 00:00:00+05:30,852.5,958.0,852.5,936.0,5913
2008-03-12 00:00:00+05:30,955.0,959.0,901.5,917.5,2551
2008-03-13 00:00:00+05:30,892.5,892.5,857.0,863.0,1302
2008-03-14 00:00:00+05:30,871.0,871.0,847.5,850.5,1855
2008-03-17 00:00:00+05:30,857.0,857.0,789.5,804.5,5139
2008-03-18 00:00:00+05:30,783.5,828.0,783.5,813.0,3957
2008-03-19 00:00:00+05:30,832.5,866.5,808.5,817.5,3633
2008-03-24 00:00:00+05:30,816.0,832.5,813.0,822.0,815
2008-03-25 00:00:00+05:30,871.0,871.0,823.0,836.0,749
2008-03-26 00:00:00+05:30,860.0,860.0,825.0,842.5,1085
2008-03-27 00:00:00+05:30,842.5,869.0,833.5,852.0,830
2008-03-28 00:00:00+05:30,921.0,921.0,839.0,867.5,917
2008-03-31 00:00:00+05:30,834.5,871.0,834.5,849.5,395
2008-04-01 00:00:00+05:30,833.5,872.0,832.5,864.0,166
2008-04-02 00:00:00+05:30,905.0,905.0,848.0,879.5,384
2008-04-03 00:00:00+05:30,900.5,900.5,857.0,870.5,323
2008-04-04 00:00:00+05:30,900.0,900.0,842.5,851.5,913
2008-04-07 00:00:00+05:30,847.0,872.0,847.0,866.0,810
2008-04-08 00:00:00+05:30,871.0,872.0,849.5,853.5,330
2008-04-09 00:00:00+05:30,852.5,891.5,845.5,865.0,363
2008-04-10 00:00:00+05:30,860.0,877.0,852.5,859.5,530
2008-04-11 00:00:00+05:30,877.0,877.0,847.5,851.0,1657
2008-04-15 00:00:00+05:30,847.5,871.0,847.5,862.5,168
2008-04-16 00:00:00+05:30,864.0,876.0,857.0,861.5,1154
2008-04-17 00:00:00+05:30,860.0,881.5,857.0,875.0,10502
2008-04-21 00:00:00+05:30,880.5,905.5,877.0,897.5,2780
2008-04-22 00:00:00+05:30,901.5,911.0,883.5,896.0,495
2008-04-23 00:00:00+05:30,916.0,916.0,882.5,883.5,463
2008-04-24 00:00:00+05:30,889.5,1023.5,889.5,963.0,20970
2008-04-25 00:00:00+05:30,967.5,1020.0,967.5,982.5,6705
2008-04-28 00:00:00+05:30,1009.0,1009.0,989.5,997.0,3834
2008-04-29 00:00:00+05:30,999.5,1004.0,982.5,988.5,1357
2008-04-30 00:00:00+05:30,1003.0,1009.0,992.0,1004.5,3460
2008-05-02 00:00:00+05:30,1004.0,1018.0,994.5,1002.0,4123
2008-05-05 00:00:00+05:30,1038.5,1038.5,983.0,1004.0,2120
2008-05-06 00:00:00+05:30,994.5,1015.0,994.5,1004.0,1356
2008-05-07 00:00:00+05:30,994.0,1048.0,993.5,1005.0,2967
2008-05-08 00:00:00+05:30,1000.5,1023.5,970.0,990.0,567
2008-05-09 00:00:00+05:30,985.5,990.5,975.0,985.0,2570
2008-05-12 00:00:00+05:30,960.0,979.5,945.5,959.5,337
2008-05-13 00:00:00+05:30,976.5,998.5,975.0,980.5,896
2008-05-14 00:00:00+05:30,962.0,994.5,962.0,979.5,1610
2008-05-15 00:00:00+05:30,997.5,998.0,979.5,981.0,679
2008-05-16 00:00:00+05:30,989.5,1003.0,979.5,980.5,263
2008-05-20 00:00:00+05:30,970.0,988.5,945.5,960.5,1273
2008-05-21 00:00:00+05:30,970.0,970.0,955.5,962.0,195
2008-05-22 00:00:00+05:30,960.0,973.0,950.5,950.5,2090
2008-05-23 00:00:00+05:30,941.0,976.5,933.5,943.0,548
2008-05-26 00:00:00+05:30,901.5,979.5,901.5,938.5,907
2008-05-27 00:00:00+05:30,950.5,950.5,916.0,917.0,430
2008-05-28 00:00:00+05:30,933.5,933.5,909.0,917.0,251
2008-05-29 00:00:00+05:30,915.5,935.5,914.0,918.0,260
2008-05-30 00:00:00+05:30,914.5,937.5,911.0,915.0,601
2008-06-02 00:00:00+05:30,930.5,930.5,893.0,896.0,6039
2008-06-03 00:00:00+05:30,882.5,905.0,867.0,902.5,250
2008-06-04 00:00:00+05:30,877.0,921.0,877.0,878.5,349
2008-06-05 00:00:00+05:30,880.5,913.0,858.0,891.0,472
2008-06-06 00:00:00+05:30,871.0,881.5,856.0,872.0,627
2008-06-09 00:00:00+05:30,842.5,871.0,842.5,857.0,930
2008-06-10 00:00:00+05:30,852.5,872.0,843.5,861.5,711
2008-06-11 00:00:00+05:30,868.0,881.5,857.0,870.0,411
2008-06-12 00:00:00+05:30,870.5,900.5,862.0,876.5,434
2008-06-13 00:00:00+05:30,848.5,888.5,848.5,871.5,348
2008-06-16 00:00:00+05:30,843.5,883.5,842.5,870.0,557
2008-06-17 00:00:00+05:30,894.0,894.0,857.0,869.5,400
2008-06-18 00:00:00+05:30,899.0,899.5,857.5,866.0,726
2008-06-19 00:00:00+05:30,896.5,896.5,843.5,865.0,220
2008-06-20 00:00:00+05:30,857.0,891.5,844.0,846.5,813
2008-06-23 00:00:00+05:30,842.5,846.5,823.0,844.0,418
2008-06-24 00:00:00+05:30,836.5,852.5,833.5,847.5,406
2008-06-25 00:00:00+05:30,837.5,849.5,825.0,841.0,331
2008-06-26 00:00:00+05:30,879.5,880.5,839.0,857.0,380
2008-06-27 00:00:00+05:30,861.0,861.0,837.5,839.0,790
2008-06-30 00:00:00+05:30,862.0,862.0,799.5,811.5,953
2008-07-01 00:00:00+05:30,811.5,813.0,783.5,787.0,3719
2008-07-02 00:00:00+05:30,788.5,816.5,784.5,799.0,2748
2008-07-03 00:00:00+05:30,793.5,793.5,783.5,789.0,2852
2008-07-04 00:00:00+05:30,808.0,808.5,783.5,791.5,1125
2008-07-07 00:00:00+05:30,793.5,813.0,793.5,799.0,431
2008-07-08 00:00:00+05:30,799.5,808.0,788.5,805.0,198
2008-07-09 00:00:00+05:30,823.0,823.0,803.5,806.5,520
2008-07-10 00:00:00+05:30,803.5,804.5,792.5,802.0,387
2008-07-11 00:00:00+05:30,808.5,816.5,803.5,812.0,658
2008-07-14 00:00:00+05:30,808.0,808.0,787.5,797.0,272
2008-07-15 00:00:00+05:30,785.0,793.5,783.5,784.5,902
2008-07-16 00:00:00+05:30,801.5,801.5,781.0,793.0,783
2008-07-17 00:00:00+05:30,803.0,806.5,785.5,786.0,242
2008-07-18 00:00:00+05:30,803.0,803.0,783.5,788.5,816
2008-07-21 00:00:00+05:30,808.0,808.0,783.5,785.5,403
2008-07-22 00:00:00+05:30,801.0,802.0,788.5,801.5,72
2008-07-23 00:00:00+05:30,808.0,808.0,771.0,790.0,6766
2008-07-24 00:00:00+05:30,798.5,806.0,782.0,785.5,1790
2008-07-25 00:00:00+05:30,785.5,790.5,780.0,781.5,630
2008-07-28 00:00:00+05:30,783.5,788.5,781.0,786.0,683
2008-07-29 00:00:00+05:30,783.5,803.5,783.5,787.0,467
2008-07-30 00:00:00+05:30,793.5,831.5,785.5,805.0,1814
2008-07-31 00:00:00+05:30,803.5,810.0,790.5,792.5,772
2008-08-01 00:00:00+05:30,799.5,802.5,798.0,800.5,186
2008-08-04 00:00:00+05:30,798.5,806.5,784.5,800.0,1142
2008-08-05 00:00:00+05:30,805.5,808.0,797.5,803.5,420
2008-08-06 00:00:00+05:30,813.0,872.0,789.5,802.5,1517
2008-08-07 00:00:00+05:30,803.5,816.5,794.0,805.5,929
2008-08-08 00:00:00+05:30,803.5,815.0,803.5,813.0,564
2008-08-11 00:00:00+05:30,877.0,945.0,832.5,917.0,15897
2008-08-12 00:00:00+05:30,921.0,940.0,885.0,896.0,5236
2008-08-13 00:00:00+05:30,883.0,930.5,877.0,917.0,3408
2008-08-14 00:00:00+05:30,930.5,930.5,883.5,889.0,1490
2008-08-18 00:00:00+05:30,898.5,909.0,881.5,884.5,2075
2008-08-19 00:00:00+05:30,891.5,899.0,866.0,875.0,1256
2008-08-20 00:00:00+05:30,888.5,891.5,876.5,877.5,1295
2008-08-21 00:00:00+05:30,886.5,886.5,864.0,867.0,786
2008-08-22 00:00:00+05:30,858.0,879.0,849.5,872.0,654
2008-08-25 00:00:00+05:30,877.0,890.5,868.0,872.0,779
2008-08-26 00:00:00+05:30,865.0,886.5,865.0,879.5,406
2008-08-27 00:00:00+05:30,871.0,885.5,867.0,873.0,646
2008-08-28 00:00:00+05:30,864.0,930.5,860.0,869.5,1416
2008-08-29 00:00:00+05:30,886.5,900.5,877.5,881.5,1035
2008-09-01 00:00:00+05:30,877.0,881.5,871.0,881.5,2234
2008-09-02 00:00:00+05:30,881.5,881.5,864.0,876.0,2628
2008-09-04 00:00:00+05:30,929.5,929.5,847.5,878.5,767
2008-09-05 00:00:00+05:30,862.0,886.5,862.0,876.0,1260
2008-09-08 00:00:00+05:30,881.5,881.5,867.0,872.0,488
2008-09-09 00:00:00+05:30,867.0,871.5,863.5,866.0,483
2008-09-10 00:00:00+05:30,862.0,877.0,858.0,859.0,803
2008-09-11 00:00:00+05:30,862.0,879.0,852.5,854.5,748
2008-09-12 00:00:00+05:30,854.5,865.0,847.5,852.5,696
2008-09-15 00:00:00+05:30,844.5,844.5,794.0,806.5,1652
2008-09-16 00:00:00+05:30,804.5,817.0,789.5,797.0,2119
2008-09-17 00:00:00+05:30,795.5,808.0,788.5,794.5,1561
2008-09-18 00:00:00+05:30,783.5,793.5,778.0,791.0,8265
2008-09-19 00:00:00+05:30,803.5,803.5,774.0,777.5,7187
2008-09-22 00:00:00+05:30,793.0,793.5,765.0,771.0,3167
2008-09-23 00:00:00+05:30,771.0,788.5,759.0,762.5,1984
2008-09-24 00:00:00+05:30,764.0,764.0,748.5,752.0,4064
2008-09-25 00:00:00+05:30,754.5,778.5,735.0,743.0,2988
2008-09-26 00:00:00+05:30,753.5,754.0,727.0,732.0,1894
2008-09-29 00:00:00+05:30,759.0,759.0,704.5,706.0,4371
2008-09-30 00:00:00+05:30,700.5,734.5,677.5,720.0,1879
2008-10-01 00:00:00+05:30,730.0,730.0,710.5,723.5,1123
2008-10-03 00:00:00+05:30,728.0,729.5,701.0,717.5,690
2008-10-06 00:00:00+05:30,779.5,779.5,705.5,722.0,912
2008-10-07 00:00:00+05:30,730.0,734.5,690.5,694.5,1678
2008-10-08 00:00:00+05:30,694.5,695.5,668.0,682.5,1331
2008-10-10 00:00:00+05:30,637.0,699.5,637.0,661.0,1599
2008-10-13 00:00:00+05:30,653.5,695.5,648.5,686.5,548
2008-10-14 00:00:00+05:30,695.5,700.5,681.0,681.0,1038
2008-10-15 00:00:00+05:30,681.0,710.0,670.0,703.5,1258
2008-10-16 00:00:00+05:30,686.0,709.5,667.0,686.5,1345
2008-10-17 00:00:00+05:30,695.5,695.5,661.5,674.5,943
2008-10-20 00:00:00+05:30,674.5,688.5,660.5,663.0,922
2008-10-21 00:00:00+05:30,674.0,690.5,641.5,653.0,960
2008-10-22 00:00:00+05:30,652.5,681.0,642.5,666.0,4295
2008-10-23 00:00:00+05:30,648.5,685.0,646.5,663.5,1572
2008-10-24 00:00:00+05:30,650.5,664.0,569.5,607.0,5724
2008-10-27 00:00:00+05:30,610.5,610.5,509.5,590.0,5628
2008-10-28 00:00:00+05:30,638.5,643.5,607.5,617.5,346
2008-10-29 00:00:00+05:30,646.5,695.5,613.5,679.5,1714
2008-10-31 00:00:00+05:30,651.5,723.0,651.5,715.0,2069
2008-11-03 00:00:00+05:30,681.0,769.0,679.5,748.5,4125
2008-11-04 00:00:00+05:30,767.0,786.5,702.5,763.0,4019
2008-11-05 00:00:00+05:30,737.0,769.0,737.0,755.5,2348
2008-11-06 00:00:00+05:30,711.5,770.0,711.5,755.5,1176
2008-11-07 00:00:00+05:30,740.5,762.0,740.5,756.0,634
2008-11-10 00:00:00+05:30,749.5,764.0,749.5,759.5,1423
2008-11-11 00:00:00+05:30,759.0,759.0,739.5,749.5,952
2008-11-12 00:00:00+05:30,730.0,749.5,725.0,743.5,624
2008-11-14 00:00:00+05:30,734.0,742.5,696.5,707.0,1167
2008-11-17 00:00:00+05:30,707.0,710.5,692.0,707.5,1442
2008-11-18 00:00:00+05:30,776.0,776.0,686.0,699.0,2027
2008-11-19 00:00:00+05:30,698.5,704.5,687.5,701.0,462
2008-11-20 00:00:00+05:30,687.5,695.5,666.5,683.0,1472
2008-11-21 00:00:00+05:30,686.0,693.5,668.0,684.5,1414
2008-11-24 00:00:00+05:30,694.5,694.5,678.0,686.0,797
2008-11-25 00:00:00+05:30,688.0,688.0,671.0,674.5,206
2008-11-26 00:00:00+05:30,676.0,690.5,660.5,680.5,1794
2008-11-28 00:00:00+05:30,690.5,709.5,685.5,693.0,438
2008-12-01 00:00:00+05:30,700.5,700.5,670.5,680.5,176
2008-12-02 00:00:00+05:30,686.0,695.5,652.5,686.0,502
2008-12-03 00:00:00+05:30,686.0,699.5,686.0,696.0,426
2008-12-04 00:00:00+05:30,703.5,782.0,676.0,720.5,10070
2008-12-05 00:00:00+05:30,730.0,731.0,700.5,708.0,616
2008-12-08 00:00:00+05:30,734.5,749.0,686.5,693.5,1128
2008-12-10 00:00:00+05:30,687.0,714.0,687.0,704.0,688
2008-12-11 00:00:00+05:30,700.5,774.0,695.0,759.0,2827
2008-12-12 00:00:00+05:30,782.5,782.5,711.0,720.5,3526
2008-12-15 00:00:00+05:30,715.0,753.0,706.5,732.0,2119
2008-12-16 00:00:00+05:30,753.5,753.5,710.5,723.0,533
2008-12-17 00:00:00+05:30,725.0,734.5,711.0,725.0,1938
2008-12-18 00:00:00+05:30,714.0,728.0,714.0,716.0,220
2008-12-19 00:00:00+05:30,715.5,752.5,710.5,743.5,3973
2008-12-22 00:00:00+05:30,730.0,748.0,725.0,727.0,364
2008-12-23 00:00:00+05:30,718.0,734.5,716.5,725.5,572
2008-12-24 00:00:00+05:30,716.5,725.0,701.0,715.5,418
2008-12-26 00:00:00+05:30,725.0,733.0,692.0,703.0,2741
2008-12-29 00:00:00+05:30,688.5,705.5,688.5,692.0,947
2008-12-30 00:00:00+05:30,692.5,705.5,692.5,696.5,438
2008-12-31 00:00:00+05:30,705.5,705.5,700.0,700.5,594
2009-01-01 00:00:00+05:30,700.5,705.5,700.5,703.0,255
2009-01-02 00:00:00+05:30,702.5,720.0,701.5,711.0,1085
2009-01-05 00:00:00+05:30,709.5,719.0,705.5,706.0,442
2009-01-06 00:00:00+05:30,705.5,709.0,699.5,704.5,302
2009-01-07 00:00:00+05:30,712.0,712.5,651.5,671.0,3763
2009-01-09 00:00:00+05:30,544.0,709.5,544.0,679.5,11797
2009-01-12 00:00:00+05:30,682.0,682.0,661.5,662.0,775
2009-01-13 00:00:00+05:30,666.0,705.5,661.5,689.5,2546
2009-01-14 00:00:00+05:30,686.0,720.0,677.0,708.0,1323
2009-01-15 00:00:00+05:30,710.5,710.5,686.0,699.0,868
2009-01-16 00:00:00+05:30,697.5,718.0,696.5,700.0,592
2009-01-19 00:00:00+05:30,694.0,701.5,691.5,692.5,235
2009-01-20 00:00:00+05:30,691.5,700.5,672.0,689.5,755
2009-01-21 00:00:00+05:30,698.5,712.5,696.5,709.0,1996
2009-01-22 00:00:00+05:30,698.0,709.5,691.5,705.5,116
2009-01-23 00:00:00+05:30,691.0,705.5,683.0,685.5,264
2009-01-27 00:00:00+05:30,689.0,695.5,682.0,688.0,1263
2009-01-28 00:00:00+05:30,703.5,703.5,679.0,689.0,103
2009-01-29 00:00:00+05:30,686.0,702.5,686.0,689.0,123
2009-01-30 00:00:00+05:30,686.0,695.5,674.0,689.0,544
2009-02-02 00:00:00+05:30,686.0,695.0,676.0,676.5,223
2009-02-03 00:00:00+05:30,677.0,677.0,651.5,654.5,2663
2009-02-04 00:00:00+05:30,680.5,680.5,650.5,662.0,1385
2009-02-05 00:00:00+05:30,651.5,672.0,650.0,652.0,282
2009-02-06 00:00:00+05:30,654.5,671.0,648.5,656.0,4632
2009-02-09 00:00:00+05:30,659.5,659.5,647.5,650.5,788
2009-02-10 00:00:00+05:30,651.0,656.5,632.0,642.0,6817
2009-02-11 00:00:00+05:30,637.0,645.5,630.0,638.5,14715
2009-02-12 00:00:00+05:30,637.0,641.5,631.5,635.5,2356
2009-02-13 00:00:00+05:30,676.0,676.0,632.0,636.0,6885
2009-02-16 00:00:00+05:30,637.0,637.0,608.5,620.5,2180
2009-02-17 00:00:00+05:30,631.5,631.5,613.5,619.0,362
2009-02-18 00:00:00+05:30,616.0,643.5,610.0,631.5,842
2009-02-19 00:00:00+05:30,627.0,634.0,624.0,630.0,389
2009-02-20 00:00:00+05:30,632.0,634.0,617.5,618.0,783
2009-02-24 00:00:00+05:30,618.0,618.0,603.5,611.5,467
2009-02-25 00:00:00+05:30,617.0,624.0,607.5,611.5,116
2009-02-26 00:00:00+05:30,615.0,630.0,602.5,605.0,281
2009-02-27 00:00:00+05:30,622.5,622.5,606.5,614.0,10338
2009-03-02 00:00:00+05:30,614.0,626.0,603.5,620.5,983
2009-03-03 00:00:00+05:30,609.5,625.5,609.5,612.5,656
2009-03-04 00:00:00+05:30,607.5,609.5,603.0,605.5,270
2009-03-05 00:00:00+05:30,603.5,619.0,602.5,606.5,293
2009-03-06 00:00:00+05:30,602.5,611.5,602.5,610.5,217
2009-03-09 00:00:00+05:30,602.5,610.5,602.5,602.5,1387
2009-03-12 00:00:00+05:30,602.5,604.0,588.0,595.0,592
2009-03-13 00:00:00+05:30,597.5,615.0,593.0,606.5,479
2009-03-16 00:00:00+05:30,613.5,621.0,604.5,615.5,50582
2009-03-17 00:00:00+05:30,606.5,621.5,594.5,608.5,403
2009-03-18 00:00:00+05:30,616.0,627.0,592.5,626.5,1004
2009-03-19 00:00:00+05:30,613.5,626.0,613.5,616.5,203
2009-03-20 00:00:00+05:30,623.0,623.0,591.0,602.0,1819
2009-03-23 00:00:00+05:30,616.0,621.0,599.5,615.0,454
2009-03-24 00:00:00+05:30,635.0,635.0,607.5,616.5,823
2009-03-25 00:00:00+05:30,606.0,635.0,606.0,624.5,2705
2009-03-26 00:00:00+05:30,630.0,638.0,619.5,629.0,985
2009-03-27 00:00:00+05:30,637.0,637.0,623.0,627.5,538
2009-03-30 00:00:00+05:30,623.0,675.0,616.0,654.0,2484
2009-03-31 00:00:00+05:30,622.5,657.5,622.5,649.5,294
2009-04-01 00:00:00+05:30,678.0,678.0,640.5,652.5,153
2009-04-02 00:00:00+05:30,657.5,685.0,650.5,678.0,2521
2009-04-06 00:00:00+05:30,678.0,693.5,662.0,677.5,724
2009-04-08 00:00:00+05:30,657.5,715.0,642.5,699.0,3721
2009-04-09 00:00:00+05:30,701.5,710.5,690.5,698.0,745
2009-04-13 00:00:00+05:30,688.5,734.5,563.5,716.0,1115
2009-04-15 00:00:00+05:30,701.5,734.5,701.5,716.0,826
2009-04-16 00:00:00+05:30,734.5,734.5,717.0,726.5,2542
2009-04-17 00:00:00+05:30,718.0,739.5,718.0,723.5,580
2009-04-20 00:00:00+05:30,725.0,803.5,725.0,783.5,3505
2009-04-21 00:00:00+05:30,780.0,780.0,743.0,754.0,740
2009-04-22 00:00:00+05:30,750.5,775.5,722.0,734.5,276
2009-04-23 00:00:00+05:30,727.0,739.5,727.0,737.5,138
2009-04-24 00:00:00+05:30,730.0,738.5,729.0,733.5,341
2009-04-27 00:00:00+05:30,725.0,747.5,724.0,729.5,225
2009-04-28 00:00:00+05:30,728.0,732.5,722.0,722.0,180
2009-04-29 00:00:00+05:30,723.0,723.0,704.5,714.0,1262
2009-05-04 00:00:00+05:30,703.5,783.0,703.5,747.5,8056
2009-05-05 00:00:00+05:30,740.5,761.0,727.0,732.5,1023
2009-05-06 00:00:00+05:30,731.0,755.0,727.0,728.5,619
2009-05-07 00:00:00+05:30,727.0,738.5,727.0,731.5,292
2009-05-08 00:00:00+05:30,727.0,734.5,725.0,725.5,160
2009-05-11 00:00:00+05:30,739.5,749.5,698.0,705.5,846
2009-05-12 00:00:00+05:30,727.0,727.0,702.5,707.5,624
2009-05-13 00:00:00+05:30,705.5,725.0,701.5,715.0,144
2009-05-14 00:00:00+05:30,715.0,724.0,707.5,710.5,288
2009-05-15 00:00:00+05:30,705.5,719.0,705.5,713.5,316
2009-05-18 00:00:00+05:30,705.5,719.0,705.5,713.5,0
2009-05-19 00:00:00+05:30,782.0,783.0,715.5,751.5,39630
2009-05-20 00:00:00+05:30,746.5,768.5,730.0,765.5,663
2009-05-21 00:00:00+05:30,745.5,842.5,745.5,823.0,4030
2009-05-22 00:00:00+05:30,817.0,828.0,776.0,787.0,1252
2009-05-25 00:00:00+05:30,788.5,808.0,783.5,797.5,2190
2009-05-26 00:00:00+05:30,793.5,812.0,768.0,786.5,701
2009-05-27 00:00:00+05:30,783.5,806.0,783.5,787.0,790
2009-05-28 00:00:00+05:30,803.5,803.5,788.5,795.5,451
2009-05-29 00:00:00+05:30,786.0,813.0,779.0,787.5,1434
2009-06-01 00:00:00+05:30,813.0,823.0,783.5,800.0,1549
2009-06-02 00:00:00+05:30,808.0,808.0,788.0,800.0,1093
2009-06-03 00:00:00+05:30,805.5,833.5,793.5,812.5,2000
2009-06-04 00:00:00+05:30,813.0,944.5,812.5,902.5,14838
2009-06-05 00:00:00+05:30,906.0,916.0,857.0,865.5,2644
2009-06-08 00:00:00+05:30,881.5,892.5,821.0,843.0,2515
2009-06-09 00:00:00+05:30,825.0,881.5,805.5,868.0,1767
2009-06-10 00:00:00+05:30,881.5,881.5,827.0,837.0,758
2009-06-11 00:00:00+05:30,830.0,837.5,814.0,817.0,1147
2009-06-12 00:00:00+05:30,831.0,842.0,812.0,818.0,1452
2009-06-15 00:00:00+05:30,814.0,831.5,794.5,804.5,819
2009-06-16 00:00:00+05:30,811.0,815.0,794.5,801.0,800
2009-06-17 00:00:00+05:30,811.0,832.5,793.5,798.0,2440
2009-06-18 00:00:00+05:30,789.5,803.0,779.0,783.5,905
2009-06-19 00:00:00+05:30,793.5,830.0,784.0,794.0,609
2009-06-22 00:00:00+05:30,793.5,803.0,783.5,788.5,569
2009-06-23 00:00:00+05:30,774.0,793.5,752.5,783.5,627
2009-06-24 00:00:00+05:30,791.5,806.5,775.0,803.0,1158
2009-06-25 00:00:00+05:30,793.5,795.5,779.0,780.5,1860
2009-06-26 00:00:00+05:30,776.0,783.5,771.0,774.0,2025
2009-06-29 00:00:00+05:30,782.0,788.5,749.5,758.0,3495
2009-06-30 00:00:00+05:30,768.0,808.0,761.0,770.5,1728
2009-07-01 00:00:00+05:30,780.0,838.5,780.0,801.5,9639
2009-07-02 00:00:00+05:30,805.5,823.0,788.5,794.5,893
2009-07-03 00:00:00+05:30,782.0,802.5,782.0,794.0,399
2009-07-06 00:00:00+05:30,789.5,807.0,763.0,768.0,1928
2009-07-07 00:00:00+05:30,768.0,842.5,768.0,814.0,5201
2009-07-08 00:00:00+05:30,813.0,818.0,783.5,803.5,2104
2009-07-09 00:00:00+05:30,798.5,818.0,795.5,812.0,1708
2009-07-10 00:00:00+05:30,818.0,827.5,799.5,800.5,2271
2009-07-13 00:00:00+05:30,816.0,816.0,774.0,778.0,1331
2009-07-14 00:00:00+05:30,780.0,805.0,780.0,799.5,876
2009-07-15 00:00:00+05:30,793.5,803.0,791.5,796.5,901
2009-07-16 00:00:00+05:30,809.0,810.5,793.5,803.5,2853
2009-07-17 00:00:00+05:30,798.5,810.5,786.0,797.5,925
2009-07-20 00:00:00+05:30,810.5,856.0,808.0,835.5,2258
2009-07-21 00:00:00+05:30,841.5,842.5,819.0,832.0,733
2009-07-22 00:00:00+05:30,844.5,847.5,823.0,840.5,1662
2009-07-23 00:00:00+05:30,816.0,850.0,816.0,830.5,149
2009-07-24 00:00:00+05:30,832.5,834.5,823.0,824.0,548
2009-07-27 00:00:00+05:30,814.5,828.0,799.5,809.5,4094
2009-07-28 00:00:00+05:30,823.0,852.0,809.0,843.0,1534
2009-07-29 00:00:00+05:30,837.5,872.0,837.5,858.0,10137
2009-07-30 00:00:00+05:30,857.0,881.5,847.5,850.5,1912
2009-07-31 00:00:00+05:30,850.5,921.0,850.5,911.0,15598
2009-08-03 00:00:00+05:30,882.5,921.0,882.5,899.5,2215
2009-08-04 00:00:00+05:30,920.0,929.5,864.0,879.5,1348
2009-08-05 00:00:00+05:30,884.5,909.0,884.5,902.0,1398
2009-08-06 00:00:00+05:30,891.5,904.0,842.5,857.5,3554
2009-08-07 00:00:00+05:30,859.0,930.5,859.0,875.5,29774
2009-08-10 00:00:00+05:30,901.0,901.5,832.5,849.5,2379
2009-08-11 00:00:00+05:30,860.0,862.0,832.5,850.0,1366
2009-08-12 00:00:00+05:30,834.5,859.0,832.5,841.0,1567
2009-08-13 00:00:00+05:30,857.0,873.0,848.5,866.0,3641
2009-08-14 00:00:00+05:30,852.5,864.0,843.5,853.5,774
2009-08-17 00:00:00+05:30,849.5,862.0,842.0,848.0,6320
2009-08-18 00:00:00+05:30,853.5,861.0,847.5,853.0,308
2009-08-19 00:00:00+05:30,851.5,865.0,840.5,842.5,1991
2009-08-20 00:00:00+05:30,840.5,876.5,840.5,859.5,1971
2009-08-21 00:00:00+05:30,843.0,872.0,843.0,870.0,1408
2009-08-24 00:00:00+05:30,881.5,906.0,864.0,889.0,2257
2009-08-25 00:00:00+05:30,891.5,910.0,886.5,895.5,1866
2009-08-26 00:00:00+05:30,889.5,911.0,889.5,904.0,1906
2009-08-27 00:00:00+05:30,918.0,918.0,891.5,896.5,1170
2009-08-28 00:00:00+05:30,900.5,935.5,891.5,900.0,7664
2009-08-31 00:00:00+05:30,886.5,906.0,886.5,895.0,710
2009-09-01 00:00:00+05:30,901.5,911.0,886.0,890.0,958
2009-09-02 00:00:00+05:30,896.5,929.5,891.5,909.0,3536
2009-09-03 00:00:00+05:30,926.0,1058.0,911.0,1006.0,79036
2009-09-04 00:00:00+05:30,1015.0,1033.5,981.5,988.0,20006
2009-09-07 00:00:00+05:30,990.5,1038.0,987.5,1004.5,13451
2009-09-08 00:00:00+05:30,1009.0,1019.0,965.5,984.5,3913
2009-09-09 00:00:00+05:30,970.0,992.5,966.0,980.5,2590
2009-09-10 00:00:00+05:30,984.5,998.0,962.5,969.0,3120
2009-09-11 00:00:00+05:30,969.0,1008.0,968.0,981.0,6206
2009-09-14 00:00:00+05:30,984.0,993.5,975.0,976.0,1357
2009-09-15 00:00:00+05:30,972.0,1000.0,972.0,993.0,2854
2009-09-16 00:00:00+05:30,990.0,997.5,980.0,988.5,1257
2009-09-17 00:00:00+05:30,980.5,1052.0,980.5,1015.5,11564
2009-09-18 00:00:00+05:30,1019.0,1048.0,1011.0,1020.0,5518
2009-09-22 00:00:00+05:30,1028.5,1132.5,1026.5,1079.0,45615
2009-09-23 00:00:00+05:30,1087.5,1105.0,1049.0,1054.5,8850
2009-09-24 00:00:00+05:30,1053.0,1067.0,1038.5,1043.5,3224
2009-09-25 00:00:00+05:30,1068.0,1107.0,1038.5,1042.5,3595
2009-09-29 00:00:00+05:30,1043.5,1052.0,1040.5,1043.5,2215
2009-09-30 00:00:00+05:30,1049.0,1056.0,1032.5,1042.0,5426
2009-10-01 00:00:00+05:30,1041.0,1075.5,1032.5,1050.0,4445
2009-10-05 00:00:00+05:30,1063.0,1063.0,1033.5,1038.5,2705
2009-10-06 00:00:00+05:30,1056.0,1056.0,1028.5,1037.5,2873
2009-10-07 00:00:00+05:30,1024.5,1092.5,1024.5,1059.0,20015
2009-10-08 00:00:00+05:30,1077.5,1082.5,1053.0,1060.0,2197
2009-10-09 00:00:00+05:30,1068.0,1068.0,1048.5,1051.0,1418
2009-10-12 00:00:00+05:30,1051.0,1086.5,1051.0,1071.5,2855
2009-10-14 00:00:00+05:30,1064.0,1150.0,1064.0,1105.0,23196
2009-10-15 00:00:00+05:30,1107.0,1116.0,1064.5,1085.0,2866
2009-10-16 00:00:00+05:30,1072.5,1102.0,1072.5,1090.5,3923
2009-10-20 00:00:00+05:30,1102.0,1120.5,1082.5,1086.5,1737
2009-10-21 00:00:00+05:30,1083.5,1100.0,1049.0,1068.5,2828
2009-10-22 00:00:00+05:30,1067.0,1107.0,1058.0,1078.5,3781
2009-10-23 00:00:00+05:30,1068.0,1096.0,1068.0,1082.0,2574
2009-10-26 00:00:00+05:30,1077.5,1107.0,1077.5,1093.5,5492
2009-10-27 00:00:00+05:30,1082.5,1166.0,1082.5,1145.0,34287
2009-10-28 00:00:00+05:30,1175.5,1194.0,1121.5,1167.5,24733
2009-10-29 00:00:00+05:30,1156.0,1200.0,1132.5,1152.0,17980
2009-10-30 00:00:00+05:30,1173.5,1224.5,1156.0,1187.0,42835
2009-11-03 00:00:00+05:30,1195.0,1195.0,1132.0,1142.0,8027
2009-11-04 00:00:00+05:30,1161.0,1187.5,1110.0,1167.0,4634
2009-11-05 00:00:00+05:30,1136.5,1195.0,1136.5,1190.0,6699
2009-11-06 00:00:00+05:30,1190.5,1219.5,1177.5,1213.0,6794
2009-11-09 00:00:00+05:30,1214.0,1234.5,1196.0,1226.0,12262
2009-11-10 00:00:00+05:30,1226.0,1264.0,1211.0,1245.0,7831
2009-11-11 00:00:00+05:30,1234.5,1312.5,1234.5,1296.5,10097
2009-11-12 00:00:00+05:30,1303.0,1337.0,1273.5,1291.5,5426
2009-11-13 00:00:00+05:30,1283.5,1308.0,1262.0,1273.5,1729
2009-11-16 00:00:00+05:30,1298.0,1298.0,1264.0,1274.5,2413
2009-11-17 00:00:00+05:30,1265.0,1292.0,1186.5,1265.0,2674
2009-11-18 00:00:00+05:30,1289.0,1317.5,1249.0,1298.5,3988
2009-11-19 00:00:00+05:30,1293.0,1327.5,1283.5,1312.5,5709
2009-11-20 00:00:00+05:30,1308.0,1322.5,1298.0,1309.5,1673
2009-11-23 00:00:00+05:30,1317.5,1330.5,1294.0,1304.0,3724
2009-11-24 00:00:00+05:30,1327.5,1327.5,1294.0,1301.0,1562
2009-11-25 00:00:00+05:30,1304.0,1312.5,1294.0,1296.5,980
2009-11-26 00:00:00+05:30,1293.0,1316.5,1275.0,1280.0,1146
2009-11-27 00:00:00+05:30,1264.0,1288.5,1252.0,1271.5,3378
2009-11-30 00:00:00+05:30,1273.5,1307.0,1273.5,1291.0,2113
2009-12-01 00:00:00+05:30,1283.5,1376.5,1283.5,1346.5,8934
2009-12-02 00:00:00+05:30,1298.0,1375.5,1298.0,1322.5,10218
2009-12-03 00:00:00+05:30,1324.5,1337.0,1303.0,1305.5,2174
2009-12-04 00:00:00+05:30,1351.0,1351.0,1283.5,1308.5,1812
2009-12-07 00:00:00+05:30,1314.5,1323.5,1309.0,1319.0,1407
2009-12-08 00:00:00+05:30,1305.0,1375.5,1305.0,1350.5,5487
2009-12-09 00:00:00+05:30,1328.5,1370.5,1328.5,1345.5,2431
2009-12-10 00:00:00+05:30,1347.0,1347.0,1322.5,1332.0,1597
2009-12-11 00:00:00+05:30,1334.5,1344.0,1322.5,1328.0,1710
2009-12-14 00:00:00+05:30,1303.0,1333.0,1303.0,1325.5,1792
2009-12-15 00:00:00+05:30,1327.5,1331.5,1312.5,1317.5,1554
2009-12-16 00:00:00+05:30,1313.5,1342.0,1308.0,1311.5,4024
2009-12-17 00:00:00+05:30,1307.0,1332.5,1307.0,1311.0,350
2009-12-18 00:00:00+05:30,1278.5,1321.5,1278.5,1311.5,592
2009-12-21 00:00:00+05:30,1303.0,1309.5,1278.5,1293.0,2839
2009-12-22 00:00:00+05:30,1370.5,1370.5,1281.5,1283.5,1012
2009-12-23 00:00:00+05:30,1283.5,1330.0,1283.5,1292.0,1253
2009-12-24 00:00:00+05:30,1281.5,1303.0,1281.5,1287.5,728
2009-12-29 00:00:00+05:30,1265.0,1341.0,1264.5,1299.0,2450
2009-12-30 00:00:00+05:30,1270.0,1307.0,1269.5,1281.0,1705
2009-12-31 00:00:00+05:30,1288.5,1293.0,1264.0,1266.5,2703
2010-01-04 00:00:00+05:30,1264.0,1293.0,1252.0,1259.5,2351
2010-01-05 00:00:00+05:30,1269.0,1312.0,1261.0,1282.0,5327
2010-01-06 00:00:00+05:30,1281.5,1283.5,1259.0,1264.0,2523
2010-01-07 00:00:00+05:30,1275.5,1329.5,1265.5,1299.5,8085
2010-01-08 00:00:00+05:30,1273.5,1309.0,1273.5,1274.0,53099
2010-01-11 00:00:00+05:30,1299.0,1307.0,1273.5,1286.5,2429
2010-01-12 00:00:00+05:30,1273.5,1322.5,1273.5,1305.5,2472
2010-01-13 00:00:00+05:30,1274.5,1366.5,1274.5,1314.5,15663
2010-01-14 00:00:00+05:30,1336.5,1336.5,1318.5,1329.0,1693
2010-01-15 00:00:00+05:30,1329.5,1369.0,1329.0,1348.0,7341
2010-01-18 00:00:00+05:30,1342.0,1360.5,1332.5,1354.0,2061
2010-01-19 00:00:00+05:30,1361.5,1420.5,1357.0,1380.0,21090
2010-01-20 00:00:00+05:30,1118.0,1420.5,1118.0,1371.0,9434
2010-01-21 00:00:00+05:30,1265.5,1384.5,1230.5,1331.5,4169
2010-01-22 00:00:00+05:30,1337.0,1337.0,1303.0,1312.5,2876
2010-01-25 00:00:00+05:30,1322.5,1322.5,1293.5,1302.5,2506
2010-01-27 00:00:00+05:30,1303.0,1303.0,1255.0,1274.0,4356
2010-01-28 00:00:00+05:30,1272.5,1292.5,1268.5,1283.0,623
2010-01-29 00:00:00+05:30,1225.5,1300.0,1225.5,1284.0,1334
2010-02-01 00:00:00+05:30,1294.0,1320.5,1279.0,1315.5,1820
2010-02-02 00:00:00+05:30,1323.5,1330.5,1286.5,1304.0,1254
2010-02-03 00:00:00+05:30,1301.0,1323.5,1299.0,1313.5,1883
2010-02-04 00:00:00+05:30,1322.5,1322.5,1299.0,1314.5,864
2010-02-05 00:00:00+05:30,1256.5,1308.5,1254.0,1275.0,9943
2010-02-08 00:00:00+05:30,1293.0,1328.5,1288.5,1315.0,1863
2010-02-09 00:00:00+05:30,1317.5,1357.0,1301.5,1337.5,2870
2010-02-10 00:00:00+05:30,1370.5,1395.0,1334.0,1368.5,4677
2010-02-11 00:00:00+05:30,1375.5,1414.5,1363.5,1401.5,6262
2010-02-15 00:00:00+05:30,1396.0,1411.5,1385.5,1394.0,1666
2010-02-16 00:00:00+05:30,1386.5,1394.0,1373.5,1378.0,864
2010-02-17 00:00:00+05:30,1407.5,1419.5,1383.5,1387.0,1668
2010-02-18 00:00:00+05:30,1384.5,1399.0,1382.5,1389.0,1125
2010-02-19 00:00:00+05:30,1391.0,1391.0,1352.5,1370.5,1381
2010-02-22 00:00:00+05:30,1376.5,1386.0,1357.0,1369.0,501
2010-02-23 00:00:00+05:30,1349.0,1376.0,1339.0,1366.5,1637
2010-02-24 00:00:00+05:30,1361.5,1361.5,1308.0,1318.5,3696
2010-02-25 00:00:00+05:30,1296.0,1336.5,1215.0,1244.5,21002
2010-02-26 00:00:00+05:30,1244.0,1302.0,1244.0,1289.5,5565
2010-03-02 00:00:00+05:30,1252.0,1347.0,1252.0,1330.5,3906
2010-03-03 00:00:00+05:30,1371.5,1371.5,1313.0,1358.0,2205
2010-03-04 00:00:00+05:30,1365.5,1371.5,1344.5,1357.0,2388
2010-03-05 00:00:00+05:30,1371.5,1376.5,1317.5,1326.0,3580
2010-03-08 00:00:00+05:30,1348.0,1357.0,1325.5,1342.0,763
2010-03-09 00:00:00+05:30,1328.5,1342.0,1317.5,1330.0,1750
2010-03-10 00:00:00+05:30,1347.0,1349.0,1329.0,1342.5,845
2010-03-11 00:00:00+05:30,1335.5,1363.5,1335.5,1352.0,40620
2010-03-12 00:00:00+05:30,1361.0,1406.0,1361.0,1391.5,8492
2010-03-15 00:00:00+05:30,1396.0,1400.0,1384.0,1386.5,10938
2010-03-16 00:00:00+05:30,1401.0,1406.0,1377.5,1381.0,1916
2010-03-17 00:00:00+05:30,1389.0,1391.0,1378.0,1384.0,1116
2010-03-18 00:00:00+05:30,1384.0,1410.5,1371.5,1395.5,2072
2010-03-19 00:00:00+05:30,1391.0,1410.5,1378.0,1404.5,1898
2010-03-22 00:00:00+05:30,1396.0,1440.0,1381.5,1388.0,5391
2010-03-23 00:00:00+05:30,1415.5,1415.5,1386.0,1396.0,905
2010-03-25 00:00:00+05:30,1398.5,1420.5,1391.0,1414.5,1408
2010-03-26 00:00:00+05:30,1398.0,1411.0,1366.5,1377.5,2135
2010-03-29 00:00:00+05:30,1376.5,1396.0,1342.0,1350.0,739
2010-03-30 00:00:00+05:30,1371.5,1380.5,1352.0,1370.0,467
2010-03-31 00:00:00+05:30,1381.5,1430.5,1359.0,1384.0,5000
2010-04-01 00:00:00+05:30,1401.0,1478.5,1400.5,1462.5,12742
2010-04-05 00:00:00+05:30,1479.5,1508.5,1469.5,1480.5,9522
2010-04-06 00:00:00+05:30,1494.0,1494.0,1448.5,1470.0,2063
2010-04-07 00:00:00+05:30,1451.0,1489.0,1451.0,1458.0,1941
2010-04-08 00:00:00+05:30,1469.5,1474.5,1459.5,1462.5,2445
2010-04-09 00:00:00+05:30,1494.0,1494.0,1420.5,1427.0,4302
2010-04-12 00:00:00+05:30,1458.5,1458.5,1424.5,1443.5,1659
2010-04-13 00:00:00+05:30,1431.5,1450.0,1430.5,1437.0,693
2010-04-15 00:00:00+05:30,1422.5,1458.5,1422.5,1441.5,1070
2010-04-16 00:00:00+05:30,1431.5,1454.5,1420.5,1422.0,2024
2010-04-19 00:00:00+05:30,1410.5,1441.0,1391.0,1435.0,1260
2010-04-20 00:00:00+05:30,1420.5,1489.0,1420.5,1470.5,2691
2010-04-21 00:00:00+05:30,1484.0,1494.0,1471.0,1476.0,2134
2010-04-22 00:00:00+05:30,1478.5,1494.0,1474.5,1479.5,1693
2010-04-23 00:00:00+05:30,1469.5,1489.0,1464.5,1485.0,1034
2010-04-26 00:00:00+05:30,1494.0,1504.0,1456.0,1469.5,2838
2010-04-27 00:00:00+05:30,1491.0,1557.5,1464.5,1518.5,37853
2010-04-28 00:00:00+05:30,1504.0,1562.5,1490.0,1523.0,13491
2010-04-29 00:00:00+05:30,1547.0,1562.5,1518.5,1540.0,7584
2010-04-30 00:00:00+05:30,1538.0,1555.5,1528.0,1545.0,24641
2010-05-03 00:00:00+05:30,1525.5,1562.5,1525.5,1556.5,1372
2010-05-04 00:00:00+05:30,1573.5,1582.0,1553.0,1568.5,4013
2010-05-05 00:00:00+05:30,1538.0,1592.0,1538.0,1568.5,2770
2010-05-06 00:00:00+05:30,1583.0,1588.0,1543.0,1557.0,1060
2010-05-07 00:00:00+05:30,1538.0,1572.5,1534.5,1553.5,2665
2010-05-10 00:00:00+05:30,1576.5,1576.5,1499.0,1525.0,5478
2010-05-11 00:00:00+05:30,1547.0,1548.0,1506.5,1520.0,3145
2010-05-12 00:00:00+05:30,1540.0,1548.0,1508.5,1518.5,1171
2010-05-13 00:00:00+05:30,1562.5,1562.5,1504.5,1520.5,1184
2010-05-14 00:00:00+05:30,1523.5,1540.0,1513.5,1521.5,732
2010-05-17 00:00:00+05:30,1566.5,1566.5,1504.0,1536.5,2957
2010-05-18 00:00:00+05:30,1521.5,1616.5,1521.5,1603.5,6491
2010-05-19 00:00:00+05:30,1606.5,1626.0,1549.0,1560.5,4977
2010-05-20 00:00:00+05:30,1577.5,1587.0,1529.5,1550.0,1279
2010-05-21 00:00:00+05:30,1549.5,1549.5,1481.0,1516.5,2421
2010-05-24 00:00:00+05:30,1526.5,1564.0,1508.5,1515.0,1435
2010-05-25 00:00:00+05:30,1518.5,1518.5,1474.5,1482.5,1443
2010-05-26 00:00:00+05:30,1528.0,1528.0,1472.5,1481.0,847
2010-05-27 00:00:00+05:30,1505.5,1505.5,1474.5,1501.5,583
2010-05-28 00:00:00+05:30,1516.5,1517.5,1490.0,1499.0,632
2010-05-31 00:00:00+05:30,1518.5,1518.5,1489.0,1494.0,1481
2010-06-01 00:00:00+05:30,1499.0,1522.5,1470.5,1478.0,1095
2010-06-02 00:00:00+05:30,1474.5,1494.0,1464.5,1492.5,583
2010-06-03 00:00:00+05:30,1505.5,1517.5,1487.0,1499.0,699
2010-06-04 00:00:00+05:30,1481.0,1517.5,1481.0,1496.5,762
2010-06-07 00:00:00+05:30,1518.5,1631.0,1518.5,1606.0,24259
2010-06-08 00:00:00+05:30,1606.5,1655.5,1601.5,1611.0,9842
2010-06-09 00:00:00+05:30,1601.5,1644.5,1579.5,1589.0,1492
2010-06-10 00:00:00+05:30,1592.0,1631.0,1592.0,1627.5,2251
2010-06-11 00:00:00+05:30,1631.0,1682.0,1621.5,1652.0,5087
2010-06-14 00:00:00+05:30,1675.0,1675.0,1618.0,1638.0,1615
2010-06-15 00:00:00+05:30,1631.0,1667.5,1626.0,1647.0,4598
2010-06-16 00:00:00+05:30,1647.0,1670.5,1631.0,1653.0,2263
2010-06-17 00:00:00+05:30,1641.0,1675.0,1641.0,1647.5,1671
2010-06-18 00:00:00+05:30,1616.5,1670.5,1610.0,1651.5,6108
2010-06-21 00:00:00+05:30,1651.5,1665.0,1644.0,1648.5,1977
2010-06-22 00:00:00+05:30,1650.0,1664.5,1636.0,1646.0,1249
2010-06-23 00:00:00+05:30,1636.0,1655.5,1636.0,1642.5,2950
2010-06-24 00:00:00+05:30,1646.0,1661.5,1617.5,1626.5,14351
2010-06-25 00:00:00+05:30,1636.0,1671.5,1636.0,1666.5,1851
2010-06-28 00:00:00+05:30,1665.5,1675.0,1651.5,1663.5,1251
2010-06-29 00:00:00+05:30,1665.5,1754.0,1665.5,1677.5,14936
2010-06-30 00:00:00+05:30,1691.0,1709.5,1686.0,1705.0,2629
2010-07-01 00:00:00+05:30,1696.5,1768.5,1677.0,1722.5,18016
2010-07-02 00:00:00+05:30,1737.0,1746.5,1717.5,1728.0,3244
2010-07-05 00:00:00+05:30,1748.5,1758.5,1734.0,1744.0,2740
2010-07-06 00:00:00+05:30,1748.5,1759.5,1724.0,1739.5,3249
2010-07-07 00:00:00+05:30,1761.5,1761.5,1725.5,1737.0,2550
2010-07-08 00:00:00+05:30,1753.5,1774.0,1735.5,1751.0,6223
2010-07-09 00:00:00+05:30,1780.5,1811.0,1744.0,1781.0,7968
2010-07-12 00:00:00+05:30,1800.5,1809.5,1734.5,1748.5,3816
2010-07-13 00:00:00+05:30,1778.0,1778.0,1748.5,1757.0,786
2010-07-14 00:00:00+05:30,1777.0,1777.0,1714.5,1732.0,1897
2010-07-15 00:00:00+05:30,1748.5,1748.5,1703.5,1718.5,1828
2010-07-16 00:00:00+05:30,1714.5,1773.0,1714.5,1746.5,2706
2010-07-19 00:00:00+05:30,1755.5,1794.0,1744.0,1784.0,2934
2010-07-20 00:00:00+05:30,1807.5,1824.0,1753.5,1789.0,3006
2010-07-21 00:00:00+05:30,1807.5,1807.5,1774.5,1782.0,2793
2010-07-22 00:00:00+05:30,1797.5,1804.0,1778.0,1791.5,1391
2010-07-23 00:00:00+05:30,1788.5,1806.5,1763.5,1779.5,6336
2010-07-26 00:00:00+05:30,1782.0,1782.0,1754.0,1763.0,6581
2010-07-27 00:00:00+05:30,1781.0,1783.0,1753.5,1756.0,500
2010-07-28 00:00:00+05:30,1738.0,1766.5,1738.0,1762.5,539
2010-07-29 00:00:00+05:30,1783.0,1783.0,1753.5,1770.0,3028
2010-07-30 00:00:00+05:30,1802.5,1802.5,1753.5,1781.5,2551
2010-08-02 00:00:00+05:30,1783.0,1802.5,1769.5,1790.0,3895
2010-08-03 00:00:00+05:30,1788.5,1825.0,1788.5,1806.5,2160
2010-08-04 00:00:00+05:30,1793.0,1898.5,1793.0,1849.5,13539
2010-08-05 00:00:00+05:30,1842.0,1967.0,1842.0,1914.5,12872
2010-08-06 00:00:00+05:30,1947.5,1979.0,1927.0,1953.0,8151
2010-08-09 00:00:00+05:30,1959.5,1979.0,1938.0,1951.5,2805
2010-08-10 00:00:00+05:30,1944.5,1964.0,1925.0,1936.0,1671
2010-08-11 00:00:00+05:30,1912.5,1954.5,1912.5,1926.0,1536
2010-08-12 00:00:00+05:30,1924.5,1939.5,1901.5,1910.5,2231
2010-08-13 00:00:00+05:30,1910.5,1910.5,1883.0,1900.0,1528
2010-08-16 00:00:00+05:30,1940.5,1940.5,1900.5,1914.5,3363
2010-08-17 00:00:00+05:30,1896.0,1948.5,1896.0,1936.5,5494
2010-08-18 00:00:00+05:30,1944.5,1964.0,1896.5,1907.5,5063
2010-08-19 00:00:00+05:30,1860.5,1942.5,1793.0,1895.5,32287
2010-08-20 00:00:00+05:30,1876.0,1910.0,1859.5,1863.5,7099
2010-08-23 00:00:00+05:30,1832.0,1900.5,1832.0,1844.0,6109
2010-08-24 00:00:00+05:30,1842.0,1842.5,1788.0,1808.0,10274
2010-08-25 00:00:00+05:30,1788.0,1831.0,1788.0,1802.5,6866
2010-08-26 00:00:00+05:30,1812.5,1822.0,1799.5,1812.5,2016
2010-08-27 00:00:00+05:30,1812.5,1829.0,1812.5,1813.0,1636
2010-08-30 00:00:00+05:30,1802.5,1848.5,1768.5,1834.5,1824
2010-08-31 00:00:00+05:30,1860.5,1860.5,1785.0,1846.0,2700
2010-09-01 00:00:00+05:30,1860.5,1860.5,1801.5,1810.0,1375
2010-09-02 00:00:00+05:30,1820.0,1824.0,1783.0,1798.5,970
2010-09-03 00:00:00+05:30,1798.5,1827.0,1798.5,1812.5,1111
2010-09-06 00:00:00+05:30,1802.5,1871.0,1802.5,1822.5,1123
2010-09-07 00:00:00+05:30,1822.5,1822.5,1783.5,1792.5,2022
2010-09-08 00:00:00+05:30,1822.0,1822.0,1778.0,1785.5,1636
2010-09-09 00:00:00+05:30,1815.5,1815.5,1783.0,1790.0,1144
2010-09-13 00:00:00+05:30,1793.0,1802.5,1748.5,1765.5,2228
2010-09-14 00:00:00+05:30,1798.5,1798.5,1763.5,1788.5,1532
2010-09-15 00:00:00+05:30,1783.0,1795.5,1774.5,1776.5,1707
2010-09-16 00:00:00+05:30,1778.0,1801.5,1764.5,1770.0,645
2010-09-17 00:00:00+05:30,1768.5,1783.0,1754.0,1765.5,1702
2010-09-20 00:00:00+05:30,1754.0,1851.5,1754.0,1814.0,3788
2010-09-21 00:00:00+05:30,1795.5,1827.0,1765.5,1768.0,2695
2010-09-22 00:00:00+05:30,1774.5,1783.0,1764.0,1772.0,1175
2010-09-23 00:00:00+05:30,1786.0,1787.0,1770.5,1776.0,3817
2010-09-24 00:00:00+05:30,1771.5,1790.0,1771.5,1782.0,1255
2010-09-27 00:00:00+05:30,1797.5,1808.5,1783.0,1792.5,1554
2010-09-28 00:00:00+05:30,1793.0,1812.5,1793.0,1808.0,2604
2010-09-29 00:00:00+05:30,1816.5,1851.5,1812.5,1836.5,3608
2010-09-30 00:00:00+05:30,1851.5,1860.0,1804.5,1840.5,3522
2010-10-01 00:00:00+05:30,1851.5,1876.0,1807.5,1865.0,2713
2010-10-04 00:00:00+05:30,1886.0,1902.5,1872.0,1891.0,7055
2010-10-05 00:00:00+05:30,1900.5,1943.5,1890.5,1928.0,6079
2010-10-06 00:00:00+05:30,1943.5,1944.5,1886.0,1891.0,2369
2010-10-07 00:00:00+05:30,1814.5,1908.5,1814.5,1894.0,836
2010-10-08 00:00:00+05:30,1894.0,1908.5,1824.0,1847.5,1909
2010-10-11 00:00:00+05:30,1880.0,1900.5,1833.0,1864.0,924
2010-10-12 00:00:00+05:30,1832.0,1890.5,1832.0,1856.5,1271
2010-10-13 00:00:00+05:30,1863.5,1881.0,1842.0,1853.0,387
2010-10-14 00:00:00+05:30,1848.0,1871.0,1812.5,1824.0,1369
2010-10-15 00:00:00+05:30,1824.0,1824.0,1793.0,1800.0,1724
2010-10-18 00:00:00+05:30,1824.0,1824.0,1785.0,1794.0,1407
2010-10-19 00:00:00+05:30,1792.0,1824.0,1772.0,1788.0,4870
2010-10-20 00:00:00+05:30,1797.5,1856.5,1788.0,1810.5,1531
2010-10-21 00:00:00+05:30,1799.0,1847.5,1799.0,1841.0,2305
2010-10-22 00:00:00+05:30,1841.0,1860.5,1822.0,1837.0,5856
2010-10-25 00:00:00+05:30,1797.5,1856.5,1797.5,1841.0,260
2010-10-26 00:00:00+05:30,1872.0,1872.0,1820.0,1831.5,1079
2010-10-27 00:00:00+05:30,1834.5,1871.0,1822.0,1847.0,8484
2010-10-28 00:00:00+05:30,1843.5,1875.0,1818.5,1865.0,2655
2010-10-29 00:00:00+05:30,1912.5,1912.5,1823.0,1863.5,6501
2010-11-01 00:00:00+05:30,1873.0,1895.5,1851.5,1880.5,4572
2010-11-02 00:00:00+05:30,1868.0,1900.5,1851.5,1859.5,1895
2010-11-03 00:00:00+05:30,1880.5,1886.0,1846.5,1866.0,863
2010-11-04 00:00:00+05:30,1834.0,1881.0,1834.0,1866.0,1923
2010-11-05 00:00:00+05:30,1899.5,1900.5,1861.5,1872.5,331
2010-11-08 00:00:00+05:30,1834.0,1881.0,1834.0,1865.0,620
2010-11-09 00:00:00+05:30,1856.5,1953.5,1838.0,1917.0,4635
2010-11-10 00:00:00+05:30,1920.0,1920.0,1887.0,1894.5,39772
2010-11-11 00:00:00+05:30,1890.5,1930.0,1890.5,1897.5,6539
2010-11-12 00:00:00+05:30,1900.5,1909.5,1823.0,1835.5,1599
2010-11-15 00:00:00+05:30,1835.5,1850.5,1790.5,1832.0,882
2010-11-16 00:00:00+05:30,1841.0,1841.0,1794.0,1804.0,1262
2010-11-18 00:00:00+05:30,1866.5,1866.5,1802.5,1830.0,3027
2010-11-19 00:00:00+05:30,1798.5,1822.0,1792.5,1797.0,413
2010-11-22 00:00:00+05:30,1797.0,1832.0,1783.0,1796.0,923
2010-11-23 00:00:00+05:30,1790.0,1802.5,1772.0,1795.0,877
2010-11-24 00:00:00+05:30,1832.0,1832.0,1784.0,1812.5,1924
2010-11-25 00:00:00+05:30,1795.5,1798.0,1778.0,1779.5,301
2010-11-26 00:00:00+05:30,1763.5,1782.0,1739.0,1748.0,2493
2010-11-29 00:00:00+05:30,1748.0,1836.5,1734.0,1753.5,628
2010-11-30 00:00:00+05:30,1773.0,1801.5,1726.0,1774.5,1642
2010-12-01 00:00:00+05:30,1765.5,1811.5,1765.5,1792.5,1404
2010-12-02 00:00:00+05:30,1793.0,1828.0,1783.5,1805.0,1081
2010-12-03 00:00:00+05:30,1816.5,1816.5,1719.5,1739.5,2259
2010-12-06 00:00:00+05:30,1763.5,1773.0,1741.0,1754.5,2131
2010-12-07 00:00:00+05:30,1763.5,1765.5,1737.0,1744.0,4923
2010-12-08 00:00:00+05:30,1758.5,1763.5,1695.0,1718.0,800
2010-12-09 00:00:00+05:30,1690.0,1739.0,1664.5,1680.0,2808
2010-12-10 00:00:00+05:30,1677.0,1704.5,1676.5,1686.5,549
2010-12-13 00:00:00+05:30,1692.0,1704.5,1671.5,1678.5,235
2010-12-14 00:00:00+05:30,1665.5,1697.5,1664.5,1685.0,1050
2010-12-15 00:00:00+05:30,1667.5,1692.0,1667.5,1678.5,568
2010-12-16 00:00:00+05:30,1666.5,1714.5,1659.0,1691.0,587
2010-12-20 00:00:00+05:30,1713.5,1713.5,1675.0,1681.5,413
2010-12-21 00:00:00+05:30,1674.0,1703.5,1674.0,1686.0,239
2010-12-22 00:00:00+05:30,1669.5,1705.5,1669.5,1700.0,508
2010-12-23 00:00:00+05:30,1704.5,1715.5,1666.5,1679.5,507
2010-12-24 00:00:00+05:30,1695.0,1727.0,1671.5,1694.5,1103
2010-12-27 00:00:00+05:30,1704.5,1706.5,1685.0,1704.5,592
2010-12-28 00:00:00+05:30,1713.5,1713.5,1666.5,1686.0,456
2010-12-29 00:00:00+05:30,1708.5,1763.5,1685.0,1737.0,2166
2010-12-30 00:00:00+05:30,1811.5,1811.5,1730.0,1771.0,1861
2010-12-31 00:00:00+05:30,1764.5,1842.0,1744.0,1823.5,2468
2011-01-03 00:00:00+05:30,1836.0,1854.5,1800.5,1828.0,765
2011-01-04 00:00:00+05:30,1807.5,1837.0,1807.5,1828.0,346
2011-01-05 00:00:00+05:30,1802.5,1806.5,1798.5,1806.0,267
2011-01-06 00:00:00+05:30,1775.0,1850.5,1754.5,1763.0,973
2011-01-07 00:00:00+05:30,1802.5,1802.5,1745.0,1778.0,1856
2011-01-10 00:00:00+05:30,1725.0,1773.0,1698.5,1706.0,500
2011-01-11 00:00:00+05:30,1753.5,1788.0,1744.0,1770.5,1639
2011-01-12 00:00:00+05:30,1837.0,1837.0,1704.5,1714.0,1871
2011-01-13 00:00:00+05:30,1715.5,1739.0,1670.5,1675.5,1199
2011-01-14 00:00:00+05:30,1669.5,1712.5,1669.5,1681.5,291
2011-01-17 00:00:00+05:30,1685.0,1685.0,1636.0,1667.0,3235
2011-01-18 00:00:00+05:30,1695.0,1695.0,1617.5,1670.0,3284
2011-01-19 00:00:00+05:30,1653.5,1703.5,1653.5,1680.0,162
2011-01-20 00:00:00+05:30,1663.5,1698.5,1663.5,1689.5,280
2011-01-21 00:00:00+05:30,1672.5,1712.5,1672.5,1696.0,208
2011-01-24 00:00:00+05:30,1690.0,1743.0,1690.0,1723.0,1002
2011-01-25 00:00:00+05:30,1705.5,1754.5,1705.5,1738.5,778
2011-01-27 00:00:00+05:30,1721.5,1746.0,1691.0,1736.0,647
2011-01-28 00:00:00+05:30,1746.0,1746.0,1715.5,1719.0,1297
2011-01-31 00:00:00+05:30,1675.0,1690.0,1602.0,1652.5,5761
2011-02-01 00:00:00+05:30,1644.0,1688.0,1588.0,1596.0,1587
2011-02-02 00:00:00+05:30,1597.0,1647.5,1597.0,1631.5,1700
2011-02-03 00:00:00+05:30,1665.5,1665.5,1626.5,1641.5,397
2011-02-04 00:00:00+05:30,1682.0,1682.0,1569.5,1597.0,1176
2011-02-07 00:00:00+05:30,1630.0,1632.0,1597.0,1625.0,368
2011-02-08 00:00:00+05:30,1572.5,1631.0,1569.5,1585.0,478
2011-02-09 00:00:00+05:30,1582.0,1592.0,1479.5,1534.0,756
2011-02-10 00:00:00+05:30,1513.5,1533.0,1472.5,1496.0,775
2011-02-11 00:00:00+05:30,1480.5,1582.0,1480.5,1558.0,930
2011-02-14 00:00:00+05:30,1577.5,1611.5,1557.5,1559.5,766
2011-02-15 00:00:00+05:30,1606.5,1606.5,1530.0,1533.5,1026
2011-02-16 00:00:00+05:30,1583.0,1583.0,1522.5,1557.5,656
2011-02-17 00:00:00+05:30,1542.0,1592.0,1542.0,1583.0,756
2011-02-18 00:00:00+05:30,1614.5,1636.0,1551.0,1564.5,1434
2011-02-21 00:00:00+05:30,1564.5,1569.5,1548.0,1567.5,231
2011-02-22 00:00:00+05:30,1571.5,1577.5,1548.0,1574.0,159
2011-02-23 00:00:00+05:30,1568.5,1587.0,1567.5,1577.5,519
2011-02-24 00:00:00+05:30,1582.0,1582.0,1543.0,1549.5,611
2011-02-25 00:00:00+05:30,1596.0,1596.0,1535.0,1553.5,816
2011-02-28 00:00:00+05:30,1597.0,1597.0,1538.0,1547.5,369
2011-03-01 00:00:00+05:30,1587.0,1587.0,1531.0,1543.5,1021
2011-03-03 00:00:00+05:30,1553.0,1555.5,1528.5,1532.0,708
2011-03-04 00:00:00+05:30,1576.5,1576.5,1524.5,1527.0,448
2011-03-07 00:00:00+05:30,1528.5,1542.0,1504.0,1516.0,420
2011-03-08 00:00:00+05:30,1486.0,1534.5,1486.0,1526.5,699
2011-03-09 00:00:00+05:30,1512.5,1533.0,1512.5,1524.0,345
2011-03-10 00:00:00+05:30,1519.5,1569.5,1519.5,1534.5,810
2011-03-11 00:00:00+05:30,1538.0,1538.0,1489.0,1523.0,1554
2011-03-14 00:00:00+05:30,1528.5,1552.0,1522.5,1544.0,10721
2011-03-15 00:00:00+05:30,1546.0,1552.0,1522.5,1535.0,959
2011-03-16 00:00:00+05:30,1535.0,1538.0,1505.5,1529.5,1780
2011-03-17 00:00:00+05:30,1546.0,1552.0,1514.5,1531.5,929
2011-03-18 00:00:00+05:30,1552.0,1552.0,1523.5,1532.0,901
2011-03-21 00:00:00+05:30,1540.0,1553.0,1528.5,1540.0,927
2011-03-22 00:00:00+05:30,1546.0,1560.5,1538.0,1554.0,6822
2011-03-23 00:00:00+05:30,1559.5,1601.5,1559.5,1589.5,978
2011-03-24 00:00:00+05:30,1580.0,1609.5,1577.5,1605.0,1014
2011-03-25 00:00:00+05:30,1573.5,1626.0,1573.5,1617.0,1382
2011-03-28 00:00:00+05:30,1606.5,1654.5,1606.5,1645.5,1705
2011-03-29 00:00:00+05:30,1646.0,1655.5,1627.5,1644.5,449
2011-03-30 00:00:00+05:30,1675.0,1690.0,1641.0,1676.0,9269
2011-03-31 00:00:00+05:30,1667.5,1763.5,1665.5,1751.5,3705
2011-04-01 00:00:00+05:30,1705.5,1783.0,1705.5,1736.5,1170
2011-04-04 00:00:00+05:30,1761.5,1761.5,1726.0,1744.5,356
2011-04-05 00:00:00+05:30,1734.0,1768.5,1734.0,1762.0,1084
2011-04-06 00:00:00+05:30,1763.5,1778.0,1739.0,1768.0,739
2011-04-07 00:00:00+05:30,1778.0,1782.0,1766.5,1772.5,230
2011-04-08 00:00:00+05:30,1773.0,1964.0,1773.0,1863.5,11092
2011-04-11 00:00:00+05:30,1862.5,1886.0,1823.0,1833.5,1800
2011-04-13 00:00:00+05:30,1832.0,1862.5,1808.5,1846.0,3543
2011-04-15 00:00:00+05:30,1822.0,1855.0,1822.0,1835.5,605
2011-04-18 00:00:00+05:30,1842.0,1856.5,1814.5,1828.0,789
2011-04-19 00:00:00+05:30,1828.0,1851.5,1828.0,1845.0,787
2011-04-20 00:00:00+05:30,1859.5,1881.0,1835.0,1843.0,4949
2011-04-21 00:00:00+05:30,1851.5,1851.5,1823.0,1845.0,1155
2011-04-25 00:00:00+05:30,1851.5,1861.5,1822.5,1848.0,2241
2011-04-26 00:00:00+05:30,1822.0,1828.0,1748.5,1779.0,10716
2011-04-27 00:00:00+05:30,1811.5,1811.5,1783.0,1804.0,1007
2011-04-28 00:00:00+05:30,1822.0,1822.0,1788.0,1798.5,800
2011-04-29 00:00:00+05:30,1817.5,1817.5,1788.0,1797.5,408
2011-05-02 00:00:00+05:30,1797.5,1851.5,1793.0,1825.5,1014
2011-05-03 00:00:00+05:30,1783.0,1846.5,1783.0,1793.0,977
2011-05-04 00:00:00+05:30,1773.0,1826.0,1773.0,1784.5,730
2011-05-05 00:00:00+05:30,1841.0,1841.0,1774.0,1788.5,3584
2011-05-06 00:00:00+05:30,1804.5,1806.5,1764.5,1776.0,247
2011-05-09 00:00:00+05:30,1765.5,1793.0,1758.5,1769.0,774
2011-05-10 00:00:00+05:30,1797.5,1811.5,1763.5,1789.5,328
2011-05-11 00:00:00+05:30,1768.5,1802.0,1768.5,1781.5,226
2011-05-12 00:00:00+05:30,1785.0,1801.5,1766.5,1770.0,3375
2011-05-13 00:00:00+05:30,1800.5,1800.5,1756.5,1767.0,652
2011-05-16 00:00:00+05:30,1812.5,1842.0,1763.5,1767.5,569
2011-05-17 00:00:00+05:30,1772.0,1822.0,1764.5,1808.0,1087
2011-05-18 00:00:00+05:30,1807.5,1807.5,1778.0,1783.0,542
2011-05-19 00:00:00+05:30,1802.5,1811.5,1783.0,1783.5,889
2011-05-20 00:00:00+05:30,1783.0,1822.0,1783.0,1807.5,435
2011-05-23 00:00:00+05:30,1768.5,1810.5,1768.5,1800.5,1279
2011-05-24 00:00:00+05:30,1797.5,1797.5,1783.0,1786.5,1111
2011-05-25 00:00:00+05:30,1793.0,1802.0,1764.5,1779.0,809
2011-05-26 00:00:00+05:30,1766.0,1818.5,1766.0,1812.0,824
2011-05-27 00:00:00+05:30,1810.5,1930.0,1774.0,1783.0,11586
2011-05-30 00:00:00+05:30,1779.0,1812.5,1779.0,1802.0,974
2011-05-31 00:00:00+05:30,1818.5,1842.0,1789.0,1837.0,2533
2011-06-01 00:00:00+05:30,1842.0,1842.0,1814.5,1830.0,1752
2011-06-02 00:00:00+05:30,1832.0,1842.0,1817.5,1821.5,553
2011-06-03 00:00:00+05:30,1856.5,1856.5,1807.5,1819.0,353
2011-06-06 00:00:00+05:30,1808.5,1886.0,1793.0,1854.5,1195
2011-06-07 00:00:00+05:30,1869.0,1886.0,1851.5,1868.5,1943
2011-06-08 00:00:00+05:30,1868.0,1910.5,1866.0,1887.5,2989
2011-06-09 00:00:00+05:30,1900.5,1900.5,1846.5,1861.5,1164
2011-06-10 00:00:00+05:30,1895.5,1895.5,1837.0,1846.5,694
2011-06-13 00:00:00+05:30,1861.5,1891.5,1842.0,1883.5,1477
2011-06-14 00:00:00+05:30,1872.0,1912.0,1872.0,1900.0,2149
2011-06-15 00:00:00+05:30,1900.5,2042.5,1900.5,1984.5,15813
2011-06-16 00:00:00+05:30,1998.5,2077.0,1945.5,1978.5,7787
2011-06-17 00:00:00+05:30,1979.0,2013.0,1937.0,1991.5,2151
2011-06-20 00:00:00+05:30,2037.5,2037.5,1910.5,1977.5,3037
2011-06-21 00:00:00+05:30,1959.5,2008.5,1939.5,1992.5,2583
2011-06-22 00:00:00+05:30,1997.5,2008.5,1959.5,1997.0,3145
2011-06-23 00:00:00+05:30,1966.5,2007.5,1964.0,1987.5,1707
2011-06-24 00:00:00+05:30,1987.5,2016.0,1987.5,2004.5,925
2011-06-27 00:00:00+05:30,2006.5,2037.0,1969.0,1990.5,1275
2011-06-28 00:00:00+05:30,2013.0,2023.0,1971.0,1994.0,996
2011-06-29 00:00:00+05:30,1980.0,2008.5,1979.0,1996.5,8547
2011-06-30 00:00:00+05:30,1985.0,2125.5,1981.0,2078.5,16087
2011-07-01 00:00:00+05:30,2106.5,2145.5,2071.0,2093.5,13304
2011-07-04 00:00:00+05:30,2121.0,2131.0,2043.5,2096.5,5572
2011-07-05 00:00:00+05:30,2114.0,2114.0,2067.0,2099.0,1022
2011-07-06 00:00:00+05:30,2104.5,2153.0,2086.5,2098.0,3204
2011-07-07 00:00:00+05:30,2096.5,2131.0,2096.5,2117.0,1459
2011-07-08 00:00:00+05:30,2117.0,2135.5,2096.5,2114.5,1136
2011-07-11 00:00:00+05:30,2097.5,2105.0,2077.0,2092.5,583
2011-07-12 00:00:00+05:30,2064.0,2116.0,2039.0,2092.0,2591
2011-07-13 00:00:00+05:30,2108.0,2131.0,2078.0,2116.0,724
2011-07-14 00:00:00+05:30,2101.5,2135.5,2079.5,2109.0,4210
2011-07-15 00:00:00+05:30,2117.5,2137.5,2096.5,2123.0,981
2011-07-18 00:00:00+05:30,2140.5,2145.5,2096.5,2138.0,474
2011-07-19 00:00:00+05:30,2152.5,2204.0,2114.5,2160.5,3234
2011-07-20 00:00:00+05:30,2146.5,2160.0,2126.0,2147.0,784
2011-07-21 00:00:00+05:30,2118.5,2166.0,2109.0,2147.5,1690
2011-07-22 00:00:00+05:30,2146.5,2251.5,2139.5,2202.0,9325
2011-07-25 00:00:00+05:30,2205.0,2351.0,2167.5,2245.0,4011
2011-07-26 00:00:00+05:30,2253.0,2268.0,2218.5,2240.5,1232
2011-07-27 00:00:00+05:30,2243.5,2268.0,2209.0,2242.5,2287
2011-07-28 00:00:00+05:30,2238.5,2252.5,2204.0,2223.0,1641
2011-07-29 00:00:00+05:30,2162.0,2276.5,2162.0,2243.5,2149
2011-08-01 00:00:00+05:30,2243.5,2272.5,2218.5,2248.5,2760
2011-08-02 00:00:00+05:30,2253.0,2270.0,2214.0,2248.5,2483
2011-08-03 00:00:00+05:30,2220.0,2251.0,2181.5,2221.5,5231
2011-08-04 00:00:00+05:30,2196.5,2209.0,2148.5,2175.0,2306
2011-08-05 00:00:00+05:30,2155.5,2165.0,2057.5,2078.0,1449
2011-08-08 00:00:00+05:30,1984.0,2082.0,1975.5,2046.0,2897
2011-08-09 00:00:00+05:30,1910.5,2033.0,1910.5,2016.0,2789
2011-08-10 00:00:00+05:30,2047.5,2077.0,2028.0,2040.5,1164
2011-08-11 00:00:00+05:30,2028.0,2054.5,2008.5,2022.5,329
2011-08-12 00:00:00+05:30,2053.5,2067.0,2023.0,2039.5,525
2011-08-16 00:00:00+05:30,2057.5,2075.0,1984.0,2018.0,1645
2011-08-17 00:00:00+05:30,2018.0,2037.5,1984.5,2018.5,1225
2011-08-18 00:00:00+05:30,2018.0,2023.0,1971.0,1994.5,1737
2011-08-19 00:00:00+05:30,1931.0,1978.0,1923.5,1945.0,2314
2011-08-22 00:00:00+05:30,2001.5,2001.5,1925.0,1973.0,315
2011-08-23 00:00:00+05:30,1959.5,2056.5,1959.5,2021.0,1428
2011-08-24 00:00:00+05:30,1985.0,2087.5,1985.0,2023.5,2374
2011-08-25 00:00:00+05:30,2023.0,2023.0,1960.5,1983.0,2326
2011-08-26 00:00:00+05:30,1960.5,1987.5,1935.0,1957.0,917
2011-08-29 00:00:00+05:30,1774.0,1966.0,1774.0,1926.0,8812
2011-08-30 00:00:00+05:30,1930.0,1944.5,1890.5,1908.5,3587
2011-09-02 00:00:00+05:30,1925.0,1925.0,1900.5,1908.5,1050
2011-09-05 00:00:00+05:30,1900.5,1930.0,1871.0,1909.5,3393
2011-09-06 00:00:00+05:30,1916.5,1968.0,1897.5,1951.5,1374
2011-09-07 00:00:00+05:30,1951.5,2016.5,1951.5,2009.5,1716
2011-09-08 00:00:00+05:30,1961.5,2016.5,1961.5,1990.0,728
2011-09-09 00:00:00+05:30,1979.0,2016.5,1961.5,1975.5,2659
2011-09-12 00:00:00+05:30,1936.5,1998.5,1911.5,1953.5,1201
2011-09-13 00:00:00+05:30,1940.5,1979.0,1935.0,1945.5,184
2011-09-14 00:00:00+05:30,1936.0,1973.0,1935.0,1954.0,352
2011-09-15 00:00:00+05:30,1961.5,2041.5,1959.5,2020.0,2010
2011-09-16 00:00:00+05:30,2029.0,2055.5,1993.5,2025.5,594
2011-09-19 00:00:00+05:30,2057.5,2057.5,1998.5,2022.5,667
2011-09-20 00:00:00+05:30,1979.0,2052.5,1979.0,2031.5,863
2011-09-21 00:00:00+05:30,2023.0,2051.5,2011.5,2030.0,104
2011-09-22 00:00:00+05:30,2013.0,2057.0,1993.5,2005.0,1280
2011-09-23 00:00:00+05:30,2008.5,2054.5,1993.5,2007.0,842
2011-09-26 00:00:00+05:30,1998.5,2012.5,1926.0,1978.0,2304
2011-09-27 00:00:00+05:30,1987.0,2002.5,1959.5,1972.5,752
2011-09-28 00:00:00+05:30,1972.5,2012.5,1960.5,2003.5,1282
2011-09-29 00:00:00+05:30,1969.0,2057.5,1962.5,2017.5,860
2011-09-30 00:00:00+05:30,2052.5,2052.5,2008.5,2017.0,278
2011-10-03 00:00:00+05:30,1998.5,2077.0,1998.5,2038.5,1542
2011-10-04 00:00:00+05:30,2057.5,2057.5,1994.5,2008.5,2127
2011-10-05 00:00:00+05:30,2018.0,2041.5,1988.5,2027.5,1076
2011-10-07 00:00:00+05:30,2051.0,2051.0,1986.5,1999.5,2335
2011-10-10 00:00:00+05:30,1977.0,2018.0,1975.0,1990.5,593
2011-10-11 00:00:00+05:30,1962.0,2020.0,1962.0,1979.0,487
2011-10-12 00:00:00+05:30,1969.0,2017.0,1910.5,1995.0,378
2011-10-13 00:00:00+05:30,1991.0,2023.0,1971.5,1976.5,296
2011-10-14 00:00:00+05:30,2015.0,2057.5,1979.0,2022.5,655
2011-10-17 00:00:00+05:30,2018.0,2037.5,1989.5,1999.0,467
2011-10-18 00:00:00+05:30,2018.0,2040.5,1990.5,2027.0,1093
2011-10-19 00:00:00+05:30,2028.0,2037.5,2006.5,2020.0,480
2011-10-20 00:00:00+05:30,2008.5,2044.5,1993.5,2018.0,1067
2011-10-21 00:00:00+05:30,2001.5,2033.0,1999.5,2021.0,667
2011-10-24 00:00:00+05:30,2033.0,2057.5,2008.5,2039.0,767
2011-10-25 00:00:00+05:30,2057.5,2057.5,2008.5,2042.0,457
2011-10-28 00:00:00+05:30,2077.0,2077.0,1998.5,2038.5,2099
2011-10-31 00:00:00+05:30,2054.5,2191.5,2013.0,2176.0,8969
2011-11-01 00:00:00+05:30,2165.0,2179.5,2076.0,2102.5,3368
2011-11-02 00:00:00+05:30,2058.5,2175.0,2058.5,2158.5,1667
2011-11-03 00:00:00+05:30,2158.0,2170.0,2140.5,2165.0,478
2011-11-04 00:00:00+05:30,2130.0,2181.0,2106.5,2144.0,14846
2011-11-08 00:00:00+05:30,2155.5,2155.5,2106.5,2121.0,1533
2011-11-09 00:00:00+05:30,2121.0,2142.5,2077.5,2092.5,1001
2011-11-11 00:00:00+05:30,2082.0,2135.0,2079.0,2108.0,605
2011-11-14 00:00:00+05:30,2145.0,2145.0,2064.5,2105.0,1274
2011-11-15 00:00:00+05:30,2133.5,2133.5,2032.5,2051.5,366
2011-11-16 00:00:00+05:30,2033.5,2057.5,1980.0,2033.5,915
2011-11-17 00:00:00+05:30,2003.5,2052.5,2003.5,2019.0,110
2011-11-18 00:00:00+05:30,2004.5,2051.5,1972.0,1990.0,1207
2011-11-21 00:00:00+05:30,1976.0,1993.5,1945.0,1958.0,726
2011-11-22 00:00:00+05:30,1996.5,1996.5,1913.5,1925.5,1031
2011-11-23 00:00:00+05:30,1925.5,1959.5,1871.0,1897.5,1980
2011-11-24 00:00:00+05:30,1866.5,1890.5,1851.5,1881.5,2414
2011-11-25 00:00:00+05:30,1857.5,1890.5,1851.5,1886.5,1122
2011-11-28 00:00:00+05:30,1912.5,1912.5,1863.5,1887.5,640
2011-11-29 00:00:00+05:30,1886.0,1905.5,1861.5,1867.5,409
2011-11-30 00:00:00+05:30,1848.5,1899.5,1848.5,1865.5,295
2011-12-01 00:00:00+05:30,1864.0,1892.0,1861.5,1869.5,319
2011-12-02 00:00:00+05:30,1884.0,2006.5,1862.5,1956.0,1836
2011-12-05 00:00:00+05:30,1935.0,1958.0,1935.0,1939.5,219
2011-12-07 00:00:00+05:30,1886.0,1978.0,1886.0,1931.0,153428
2011-12-08 00:00:00+05:30,1951.5,1951.5,1892.0,1912.0,321
2011-12-09 00:00:00+05:30,1892.5,1938.0,1881.0,1924.5,942
2011-12-12 00:00:00+05:30,1930.0,1932.0,1887.0,1897.0,285
2011-12-13 00:00:00+05:30,1928.0,1928.0,1878.0,1885.5,246
2011-12-14 00:00:00+05:30,1886.0,1892.5,1854.5,1875.5,566
2011-12-15 00:00:00+05:30,1875.0,1875.0,1835.5,1843.0,490
2011-12-16 00:00:00+05:30,1824.0,1866.5,1799.0,1824.0,851
2011-12-19 00:00:00+05:30,1822.0,1850.5,1755.0,1767.5,1852
2011-12-20 00:00:00+05:30,1769.5,1810.5,1746.0,1784.5,1078
2011-12-21 00:00:00+05:30,1788.0,1807.0,1778.0,1793.5,544
2011-12-22 00:00:00+05:30,1810.5,1948.5,1768.5,1874.0,2620
2011-12-23 00:00:00+05:30,1892.5,1920.0,1833.0,1894.5,1214
2011-12-26 00:00:00+05:30,1870.0,1904.5,1870.0,1900.5,644
2011-12-27 00:00:00+05:30,1904.5,1904.5,1863.5,1893.5,605
2011-12-28 00:00:00+05:30,1904.5,1904.5,1842.0,1895.5,627
2011-12-29 00:00:00+05:30,1900.5,1915.0,1854.5,1907.5,1976
2011-12-30 00:00:00+05:30,1877.0,1959.5,1877.0,1933.0,982
2012-01-02 00:00:00+05:30,1903.5,1934.5,1889.0,1920.0,80395
2012-01-03 00:00:00+05:30,1925.0,1938.0,1903.0,1919.5,278
2012-01-04 00:00:00+05:30,1920.0,1920.0,1887.0,1902.5,495
2012-01-05 00:00:00+05:30,1919.5,1920.0,1897.5,1909.5,813
2012-01-06 00:00:00+05:30,1909.5,1909.5,1849.5,1867.0,1940
2012-01-09 00:00:00+05:30,1895.5,1895.5,1823.0,1837.0,601
2012-01-10 00:00:00+05:30,1895.5,1895.5,1832.0,1859.5,528
2012-01-11 00:00:00+05:30,1870.0,1899.5,1847.0,1867.5,671
2012-01-12 00:00:00+05:30,1857.5,1860.5,1803.5,1831.0,1597
2012-01-13 00:00:00+05:30,1856.5,1856.5,1824.0,1836.5,48
2012-01-16 00:00:00+05:30,1866.5,1870.0,1821.0,1828.0,541
2012-01-17 00:00:00+05:30,1866.5,1870.0,1846.0,1867.5,1189
2012-01-18 00:00:00+05:30,1822.0,1869.0,1822.0,1833.0,208
2012-01-19 00:00:00+05:30,1866.0,1866.0,1839.0,1859.5,459
2012-01-20 00:00:00+05:30,1841.0,1866.5,1837.0,1846.5,368
2012-01-23 00:00:00+05:30,1861.0,1861.0,1795.5,1816.5,2629
2012-01-24 00:00:00+05:30,1841.0,1846.5,1812.5,1824.0,1979
2012-01-25 00:00:00+05:30,1842.0,1866.5,1818.5,1843.5,2643
2012-01-27 00:00:00+05:30,1861.5,1920.0,1832.0,1899.0,3101
2012-01-30 00:00:00+05:30,1898.5,1913.5,1842.5,1883.0,1584
2012-01-31 00:00:00+05:30,1890.5,1904.5,1842.0,1868.0,3161
2012-02-01 00:00:00+05:30,1862.5,1880.0,1848.5,1869.5,1087
2012-02-02 00:00:00+05:30,1890.5,1930.0,1816.5,1845.0,5046
2012-02-03 00:00:00+05:30,1846.5,1890.0,1837.0,1862.5,1808
2012-02-06 00:00:00+05:30,1864.5,1935.0,1864.5,1923.0,1966
2012-02-07 00:00:00+05:30,1897.5,1944.5,1886.0,1907.0,2149
2012-02-08 00:00:00+05:30,1929.0,1958.5,1895.5,1934.5,1599
2012-02-09 00:00:00+05:30,1939.5,1959.5,1911.5,1942.0,1052
2012-02-10 00:00:00+05:30,1939.5,1959.5,1939.5,1954.5,1697
2012-02-13 00:00:00+05:30,1954.5,1959.5,1935.0,1949.0,687
2012-02-14 00:00:00+05:30,1959.0,2104.5,1937.0,2064.0,5926
2012-02-15 00:00:00+05:30,2110.5,2117.5,2047.5,2078.5,2523
2012-02-16 00:00:00+05:30,2078.0,2146.5,2057.5,2081.5,3082
2012-02-17 00:00:00+05:30,2104.5,2123.5,2018.5,2061.0,1490
2012-02-21 00:00:00+05:30,2081.5,2081.5,2009.5,2035.0,719
2012-02-22 00:00:00+05:30,2009.5,2064.0,1993.5,1999.0,909
2012-02-23 00:00:00+05:30,2008.5,2014.5,1998.5,2002.0,578
2012-02-24 00:00:00+05:30,1990.5,2153.5,1990.5,2109.5,5259
2012-02-27 00:00:00+05:30,2145.5,2183.5,2096.5,2164.5,30118
2012-02-28 00:00:00+05:30,2189.5,2374.5,2170.0,2264.5,17612
2012-02-29 00:00:00+05:30,2253.0,2292.5,2185.5,2265.5,6131
2012-03-01 00:00:00+05:30,2253.0,2273.0,2180.5,2196.0,2770
2012-03-02 00:00:00+05:30,2188.5,2233.5,2152.5,2165.0,2229
2012-03-05 00:00:00+05:30,2302.0,2317.5,2172.0,2185.5,3283
2012-03-06 00:00:00+05:30,2196.5,2351.0,2194.5,2278.5,7193
2012-03-07 00:00:00+05:30,2257.5,2298.0,2184.5,2190.0,3273
2012-03-09 00:00:00+05:30,2234.0,2272.5,2199.5,2224.5,1787
2012-03-12 00:00:00+05:30,2205.5,2292.0,2204.0,2262.5,4448
2012-03-13 00:00:00+05:30,2263.5,2448.0,2256.0,2381.5,16253
2012-03-14 00:00:00+05:30,2430.5,2473.5,2336.5,2355.5,14710
2012-03-15 00:00:00+05:30,2371.0,2435.0,2312.0,2347.5,11462
2012-03-16 00:00:00+05:30,2378.5,2385.5,2292.5,2311.0,2312
2012-03-19 00:00:00+05:30,2724.0,2724.0,2263.0,2347.5,10393
2012-03-20 00:00:00+05:30,2307.0,2366.0,2297.5,2304.0,1681
2012-03-21 00:00:00+05:30,2329.5,2370.5,2302.5,2313.0,2445
2012-03-22 00:00:00+05:30,2306.0,2407.0,2277.5,2312.5,5497
2012-03-23 00:00:00+05:30,2331.5,2371.0,2304.5,2326.5,6295
2012-03-26 00:00:00+05:30,2314.0,2357.0,2294.0,2308.5,1376
2012-03-27 00:00:00+05:30,2312.0,2329.5,2273.0,2313.5,2979
2012-03-28 00:00:00+05:30,2321.0,2362.0,2302.0,2315.5,2493
2012-03-29 00:00:00+05:30,2292.5,2366.0,2286.0,2358.0,1691
2012-03-30 00:00:00+05:30,2375.5,2482.5,2326.5,2468.5,12250
2012-04-02 00:00:00+05:30,2477.5,2508.0,2430.0,2489.0,6245
2012-04-03 00:00:00+05:30,2507.0,2525.0,2447.0,2457.5,2900
2012-04-04 00:00:00+05:30,2483.5,2493.0,2424.5,2450.0,12633
2012-04-09 00:00:00+05:30,2430.5,2444.0,2380.5,2386.0,2055
2012-04-10 00:00:00+05:30,2385.5,2477.5,2377.0,2401.0,2701
2012-04-11 00:00:00+05:30,2438.5,2485.5,2395.5,2456.5,2594
2012-04-12 00:00:00+05:30,2400.0,2566.5,2383.5,2558.0,5343
2012-04-13 00:00:00+05:30,2596.0,2596.0,2492.5,2510.5,4802
2012-04-16 00:00:00+05:30,2503.0,2542.0,2483.5,2516.0,2521
2012-04-17 00:00:00+05:30,2537.5,2545.0,2498.0,2514.0,2008
2012-04-18 00:00:00+05:30,2555.0,2555.0,2498.0,2508.0,2099
2012-04-19 00:00:00+05:30,2500.0,2566.5,2490.5,2534.5,3774
2012-04-20 00:00:00+05:30,2562.0,2562.0,2477.0,2490.0,2032
2012-04-23 00:00:00+05:30,2493.0,2535.5,2426.0,2435.5,1879
2012-04-24 00:00:00+05:30,2498.0,2517.5,2434.5,2472.5,2113
2012-04-25 00:00:00+05:30,2472.5,2496.0,2415.0,2471.0,26336
2012-04-26 00:00:00+05:30,2441.5,2488.5,2439.5,2465.0,2707
2012-04-27 00:00:00+05:30,2400.5,2492.5,2400.0,2482.0,4823
2012-04-30 00:00:00+05:30,2461.0,2537.5,2461.0,2519.0,1166
2012-05-02 00:00:00+05:30,2517.5,2528.5,2469.5,2485.5,1080
2012-05-03 00:00:00+05:30,2478.5,2494.0,2449.0,2476.5,2098
2012-05-04 00:00:00+05:30,2495.0,2496.0,2445.0,2451.5,3441
2012-05-07 00:00:00+05:30,2421.0,2459.0,2420.0,2453.5,1025
2012-05-08 00:00:00+05:30,2449.0,2486.5,2429.5,2448.5,10406
2012-05-09 00:00:00+05:30,2422.0,2433.5,2400.0,2406.0,738
2012-05-10 00:00:00+05:30,2405.0,2420.0,2361.0,2397.0,43795
2012-05-11 00:00:00+05:30,2372.5,2415.0,2362.0,2386.5,1567
2012-05-14 00:00:00+05:30,2362.0,2387.5,2336.5,2360.0,1719
2012-05-15 00:00:00+05:30,2366.0,2366.0,2341.5,2345.0,791
2012-05-16 00:00:00+05:30,2351.0,2351.0,2274.0,2310.5,1306
2012-05-17 00:00:00+05:30,2293.5,2350.0,2282.5,2329.5,724
2012-05-18 00:00:00+05:30,2321.5,2366.0,2320.5,2347.0,849
2012-05-21 00:00:00+05:30,2332.0,2349.0,2322.0,2338.5,1182
2012-05-22 00:00:00+05:30,2359.0,2359.0,2309.0,2341.0,487
2012-05-23 00:00:00+05:30,2326.5,2337.5,2317.0,2326.5,374
2012-05-24 00:00:00+05:30,2390.5,2390.5,2307.5,2319.5,313
2012-05-25 00:00:00+05:30,2282.5,2322.0,2278.0,2303.0,3469
2012-05-28 00:00:00+05:30,2302.0,2398.0,2263.0,2370.0,732
2012-05-29 00:00:00+05:30,2346.0,2390.0,2334.5,2369.0,912
2012-05-30 00:00:00+05:30,2366.0,2385.5,2324.5,2364.5,750
2012-05-31 00:00:00+05:30,2341.5,2478.5,2315.5,2449.5,5503
2012-06-01 00:00:00+05:30,2449.0,2478.5,2336.5,2368.5,1951
2012-06-04 00:00:00+05:30,2351.0,2351.0,2282.5,2337.0,1439
2012-06-05 00:00:00+05:30,2380.5,2380.5,2302.0,2305.5,368
2012-06-06 00:00:00+05:30,2305.5,2370.0,2302.0,2324.5,1148
2012-06-07 00:00:00+05:30,2351.0,2351.0,2297.5,2306.5,459
2012-06-08 00:00:00+05:30,2365.0,2365.0,2276.0,2295.5,296
2012-06-11 00:00:00+05:30,2351.0,2351.0,2268.0,2309.0,824
2012-06-12 00:00:00+05:30,2341.5,2341.5,2282.5,2303.0,500
2012-06-13 00:00:00+05:30,2292.5,2346.5,2292.5,2303.0,969
2012-06-14 00:00:00+05:30,2322.0,2351.0,2293.5,2322.0,1062
2012-06-15 00:00:00+05:30,2306.5,2341.5,2298.5,2323.0,649
2012-06-18 00:00:00+05:30,2302.0,2322.0,2268.0,2284.0,1422
2012-06-19 00:00:00+05:30,2326.5,2326.5,2263.0,2281.5,124
2012-06-20 00:00:00+05:30,2312.0,2312.0,2264.0,2273.5,408
2012-06-21 00:00:00+05:30,2275.0,2292.5,2263.0,2274.5,454
2012-06-22 00:00:00+05:30,2291.5,2292.5,2263.0,2265.0,305
2012-06-25 00:00:00+05:30,2258.5,2281.5,2244.5,2255.0,654
2012-06-26 00:00:00+05:30,2248.5,2271.0,2244.0,2250.0,750
2012-06-27 00:00:00+05:30,2302.0,2322.0,2250.5,2305.0,1943
2012-06-28 00:00:00+05:30,2302.0,2322.0,2271.0,2313.0,463
2012-06-29 00:00:00+05:30,2320.0,2330.5,2278.0,2300.5,1100
2012-07-02 00:00:00+05:30,2312.0,2351.0,2312.0,2342.0,25090
2012-07-03 00:00:00+05:30,2360.5,2360.5,2309.0,2329.0,687
2012-07-04 00:00:00+05:30,2332.0,2345.5,2312.0,2318.5,211
2012-07-05 00:00:00+05:30,2326.5,2329.0,2296.5,2311.0,573
2012-07-06 00:00:00+05:30,2312.0,2401.0,2302.0,2340.0,1263
2012-07-09 00:00:00+05:30,2317.0,2331.5,2302.0,2304.0,176
2012-07-10 00:00:00+05:30,2329.0,2329.0,2292.5,2318.5,193
2012-07-11 00:00:00+05:30,2297.5,2325.5,2293.5,2308.0,722
2012-07-12 00:00:00+05:30,2281.0,2317.0,2281.0,2310.0,389
2012-07-13 00:00:00+05:30,2317.0,2330.5,2295.0,2299.0,1701
2012-07-16 00:00:00+05:30,2301.0,2312.0,2292.5,2297.5,1917
2012-07-17 00:00:00+05:30,2312.0,2312.0,2268.0,2284.0,1214
2012-07-18 00:00:00+05:30,2279.5,2292.5,2264.0,2276.0,687
2012-07-19 00:00:00+05:30,2327.5,2327.5,2204.0,2255.5,2753
2012-07-20 00:00:00+05:30,2237.0,2281.5,2237.0,2255.5,708
2012-07-23 00:00:00+05:30,2288.0,2288.5,2247.5,2251.0,4363
2012-07-24 00:00:00+05:30,2331.5,2331.5,2248.5,2266.5,1274
2012-07-25 00:00:00+05:30,2312.0,2325.5,2214.0,2314.0,1720
2012-07-26 00:00:00+05:30,2284.5,2370.0,2264.0,2291.5,965
2012-07-27 00:00:00+05:30,2257.0,2309.0,2257.0,2300.0,906
2012-07-30 00:00:00+05:30,2271.0,2302.0,2271.0,2291.5,244
2012-07-31 00:00:00+05:30,2369.0,2369.0,2283.5,2302.0,853
2012-08-01 00:00:00+05:30,2339.5,2339.5,2305.0,2310.0,184
2012-08-02 00:00:00+05:30,2329.5,2378.5,2309.0,2367.0,1379
2012-08-03 00:00:00+05:30,2352.5,2371.0,2341.5,2344.5,664
2012-08-06 00:00:00+05:30,2341.5,2362.0,2162.0,2338.0,4838
2012-08-07 00:00:00+05:30,2398.0,2398.0,2331.5,2347.0,2501
2012-08-08 00:00:00+05:30,2375.5,2375.5,2336.5,2339.0,417
2012-08-09 00:00:00+05:30,2399.0,2399.0,2308.5,2325.5,829
2012-08-10 00:00:00+05:30,2295.5,2365.5,2295.5,2334.0,219
2012-08-13 00:00:00+05:30,2312.0,2384.5,2312.0,2362.5,447
2012-08-14 00:00:00+05:30,2356.0,2356.0,2312.0,2322.5,2890
2012-08-16 00:00:00+05:30,2302.0,2336.5,2302.0,2320.5,997
2012-08-17 00:00:00+05:30,2322.0,2322.0,2302.5,2317.0,995
2012-08-21 00:00:00+05:30,2331.5,2351.0,2278.0,2292.0,1221
2012-08-22 00:00:00+05:30,2302.0,2302.0,2285.5,2300.0,802
2012-08-23 00:00:00+05:30,2312.0,2351.0,2263.5,2274.5,2919
2012-08-24 00:00:00+05:30,2301.0,2329.0,2118.5,2179.0,34491
2012-08-27 00:00:00+05:30,2179.0,2199.0,2145.5,2166.5,2069
2012-08-28 00:00:00+05:30,2157.0,2179.0,2136.0,2151.0,1830
2012-08-29 00:00:00+05:30,2160.0,2170.0,2130.0,2152.0,1037
2012-08-30 00:00:00+05:30,2155.5,2253.0,2136.5,2203.0,4411
2012-08-31 00:00:00+05:30,2162.0,2228.5,2162.0,2180.0,1419
2012-09-03 00:00:00+05:30,2179.5,2203.0,2145.5,2157.5,1969
2012-09-04 00:00:00+05:30,2145.5,2184.5,2145.5,2158.5,2336
2012-09-05 00:00:00+05:30,2144.5,2174.5,2144.5,2154.0,868
2012-09-06 00:00:00+05:30,2159.0,2164.0,2140.5,2146.5,1551
2012-09-07 00:00:00+05:30,2147.5,2214.0,2145.5,2149.0,988
2012-09-10 00:00:00+05:30,2140.5,2183.0,2102.5,2112.5,1446
2012-09-11 00:00:00+05:30,2094.5,2179.5,2091.5,2137.0,3314
2012-09-12 00:00:00+05:30,2122.0,2179.0,2096.0,2104.0,3747
2012-09-13 00:00:00+05:30,2083.0,2134.5,2083.0,2109.5,2068
2012-09-14 00:00:00+05:30,2111.5,2152.5,2073.0,2111.0,2922
2012-09-17 00:00:00+05:30,2101.5,2135.0,2073.0,2083.5,2108
2012-09-18 00:00:00+05:30,2067.0,2116.0,2067.0,2092.0,2522
2012-09-20 00:00:00+05:30,2106.5,2134.5,2077.0,2093.0,1238
2012-09-21 00:00:00+05:30,2116.0,2116.0,2060.0,2071.0,1949
2012-09-24 00:00:00+05:30,2071.0,2114.5,2050.5,2070.0,1837
2012-09-25 00:00:00+05:30,2070.0,2116.0,2049.5,2080.0,2519
2012-09-26 00:00:00+05:30,2096.5,2106.0,2068.0,2078.0,1326
2012-09-27 00:00:00+05:30,2077.0,2104.0,2057.5,2080.5,965
2012-09-28 00:00:00+05:30,2082.0,2116.0,2060.0,2086.0,880
2012-10-01 00:00:00+05:30,2105.5,2153.0,2087.5,2139.0,2477
2012-10-03 00:00:00+05:30,2138.5,2150.5,2127.0,2140.0,936
2012-10-04 00:00:00+05:30,2150.5,2160.0,2120.0,2134.5,4390
2012-10-05 00:00:00+05:30,2165.0,2177.0,2131.0,2163.5,9291
2012-10-08 00:00:00+05:30,2155.5,2165.0,2146.5,2150.5,2094
2012-10-09 00:00:00+05:30,2155.5,2165.0,2147.0,2156.5,1568
2012-10-10 00:00:00+05:30,2162.0,2187.5,2160.0,2181.0,8452
2012-10-11 00:00:00+05:30,2191.5,2208.5,2167.0,2204.0,1792
2012-10-12 00:00:00+05:30,2197.5,2224.0,2179.5,2196.5,1753
2012-10-15 00:00:00+05:30,2204.0,2209.0,2166.0,2180.5,3925
2012-10-16 00:00:00+05:30,2199.5,2199.5,2171.0,2173.5,509
2012-10-17 00:00:00+05:30,2179.5,2198.5,2162.0,2173.5,1409
2012-10-18 00:00:00+05:30,2198.5,2198.5,2160.5,2182.5,1549
2012-10-19 00:00:00+05:30,2204.0,2204.0,2164.0,2194.0,404
2012-10-22 00:00:00+05:30,2204.5,2204.5,2172.0,2181.0,3121
2012-10-23 00:00:00+05:30,2201.5,2203.0,2176.0,2181.5,608
2012-10-25 00:00:00+05:30,2199.0,2219.0,2168.0,2173.5,5570
2012-10-26 00:00:00+05:30,2193.5,2193.5,2170.0,2173.5,102
2012-10-29 00:00:00+05:30,2176.5,2189.5,2165.0,2171.5,348
2012-10-30 00:00:00+05:30,2203.5,2203.5,2156.5,2164.0,461
2012-10-31 00:00:00+05:30,2188.5,2188.5,2165.0,2181.0,723
2012-11-01 00:00:00+05:30,2203.0,2339.0,2160.0,2173.5,15674
2012-11-02 00:00:00+05:30,2170.0,2202.0,2160.0,2167.5,1060
2012-11-05 00:00:00+05:30,2198.5,2198.5,2145.5,2151.5,1738
2012-11-06 00:00:00+05:30,2140.5,2174.0,2131.5,2141.0,1660
2012-11-07 00:00:00+05:30,2160.0,2165.0,2146.5,2148.5,1363
2012-11-08 00:00:00+05:30,2145.5,2155.5,2131.5,2143.5,1172
2012-11-09 00:00:00+05:30,2122.0,2194.0,2122.0,2177.5,1666
2012-11-12 00:00:00+05:30,2155.5,2177.5,2138.5,2168.0,6174
2012-11-13 00:00:00+05:30,2173.5,2179.5,2138.0,2151.0,298
2012-11-15 00:00:00+05:30,2155.5,2175.0,2139.0,2151.0,1518
2012-11-16 00:00:00+05:30,2159.0,2165.0,2131.0,2149.0,1104
2012-11-19 00:00:00+05:30,2164.0,2164.0,2131.5,2149.0,597
2012-11-20 00:00:00+05:30,2149.5,2152.5,2111.0,2143.0,1650
2012-11-21 00:00:00+05:30,2155.5,2175.0,2126.0,2130.5,8367
2012-11-22 00:00:00+05:30,2135.5,2150.5,2106.0,2117.5,5588
2012-11-23 00:00:00+05:30,2117.5,2140.5,2116.0,2132.0,1513
2012-11-26 00:00:00+05:30,2145.5,2199.5,2131.5,2170.5,2455
2012-11-27 00:00:00+05:30,2157.0,2288.5,2157.0,2266.0,16018
2012-11-29 00:00:00+05:30,2256.0,2320.5,2256.0,2295.0,4637
2012-11-30 00:00:00+05:30,2301.0,2322.0,2292.5,2307.0,2542
2012-12-03 00:00:00+05:30,2292.5,2386.5,2292.5,2371.5,5042
2012-12-04 00:00:00+05:30,2371.0,2389.5,2347.0,2359.5,1872
2012-12-05 00:00:00+05:30,2380.5,2400.0,2352.5,2369.5,3587
2012-12-06 00:00:00+05:30,2305.0,2400.0,2305.0,2379.0,2861
2012-12-07 00:00:00+05:30,2379.0,2390.0,2351.5,2367.5,1155
2012-12-10 00:00:00+05:30,2369.5,2380.5,2347.0,2351.5,2490
2012-12-11 00:00:00+05:30,2351.5,2380.5,2333.0,2350.0,2229
2012-12-12 00:00:00+05:30,2326.5,2361.0,2326.5,2351.5,2187
2012-12-13 00:00:00+05:30,2317.5,2375.0,2317.5,2351.5,1619
2012-12-14 00:00:00+05:30,2351.0,2390.0,2332.0,2370.5,1290
2012-12-17 00:00:00+05:30,2342.5,2398.0,2336.5,2390.5,2999
2012-12-18 00:00:00+05:30,2381.0,2420.0,2381.0,2399.5,1688
2012-12-19 00:00:00+05:30,2371.0,2420.0,2371.0,2414.0,1205
2012-12-20 00:00:00+05:30,2424.5,2424.5,2376.0,2398.5,1713
2012-12-21 00:00:00+05:30,2424.5,2424.5,2385.5,2399.5,1433
2012-12-24 00:00:00+05:30,2424.5,2424.5,2396.5,2410.5,468
2012-12-26 00:00:00+05:30,2429.0,2429.0,2392.5,2397.0,922
2012-12-27 00:00:00+05:30,2390.5,2415.0,2390.5,2400.5,1098
2012-12-28 00:00:00+05:30,2400.5,2405.0,2392.5,2403.5,526
2012-12-31 00:00:00+05:30,2355.5,2432.5,2355.5,2427.5,977
2013-01-01 00:00:00+05:30,2439.0,2483.5,2424.5,2448.0,2303
2013-01-02 00:00:00+05:30,2454.0,2464.0,2424.5,2431.5,2083
2013-01-03 00:00:00+05:30,2439.5,2460.0,2439.5,2451.0,1752
2013-01-04 00:00:00+05:30,2452.0,2487.5,2439.5,2451.0,2084
2013-01-07 00:00:00+05:30,2439.5,2472.5,2439.5,2464.5,5688
2013-01-08 00:00:00+05:30,2460.0,2488.5,2449.0,2486.0,3562
2013-01-09 00:00:00+05:30,2487.5,2507.0,2465.0,2494.5,880
2013-01-10 00:00:00+05:30,2517.5,2517.5,2493.5,2498.0,2940
2013-01-11 00:00:00+05:30,2488.5,2507.0,2488.5,2498.5,1859
2013-01-14 00:00:00+05:30,2498.0,2508.0,2484.5,2496.0,827
2013-01-15 00:00:00+05:30,2499.0,2499.0,2441.5,2450.0,1680
2013-01-16 00:00:00+05:30,2468.5,2489.5,2429.5,2451.0,1959
2013-01-17 00:00:00+05:30,2454.0,2464.0,2410.0,2413.5,1080
2013-01-18 00:00:00+05:30,2423.5,2440.5,2375.5,2382.0,1402
2013-01-21 00:00:00+05:30,2391.5,2423.5,2352.0,2361.0,14092
2013-01-22 00:00:00+05:30,2360.5,2388.5,2312.0,2375.0,1761
2013-01-23 00:00:00+05:30,2391.0,2391.0,2314.5,2319.5,978
2013-01-24 00:00:00+05:30,2312.0,2326.5,2267.5,2283.0,946
2013-01-25 00:00:00+05:30,2273.0,2321.5,2273.0,2305.5,375
2013-01-28 00:00:00+05:30,2275.0,2357.0,2265.0,2273.0,595
2013-01-29 00:00:00+05:30,2271.0,2302.0,2224.0,2289.0,1405
2013-01-30 00:00:00+05:30,2246.5,2338.5,2246.5,2256.0,690
2013-01-31 00:00:00+05:30,2277.5,2297.0,2250.5,2281.0,225
2013-02-01 00:00:00+05:30,2277.5,2297.0,2255.0,2283.5,962
2013-02-04 00:00:00+05:30,2282.5,2323.0,2274.0,2298.0,644
2013-02-05 00:00:00+05:30,2283.0,2336.5,2268.0,2289.0,1417
2013-02-06 00:00:00+05:30,2302.0,2302.0,2253.0,2258.0,841
2013-02-07 00:00:00+05:30,2292.5,2292.5,2209.5,2229.0,1492
2013-02-08 00:00:00+05:30,2238.5,2259.0,2218.5,2226.0,20755
2013-02-11 00:00:00+05:30,1812.5,2126.0,1812.5,2106.5,26525
2013-02-12 00:00:00+05:30,2144.0,2165.0,2122.5,2156.5,3496
2013-02-13 00:00:00+05:30,2204.0,2204.0,2156.5,2169.5,2418
2013-02-14 00:00:00+05:30,2155.5,2177.0,2155.5,2166.5,1128
2013-02-15 00:00:00+05:30,2158.0,2251.5,2155.5,2168.5,915
2013-02-18 00:00:00+05:30,2179.5,2194.5,2165.0,2181.5,1403
2013-02-19 00:00:00+05:30,2192.0,2199.5,2156.5,2177.0,1435
2013-02-20 00:00:00+05:30,2155.5,2179.5,2155.5,2162.0,595
2013-02-21 00:00:00+05:30,2155.5,2179.5,2131.0,2161.5,3920
2013-02-22 00:00:00+05:30,2161.0,2170.0,2140.5,2153.0,667
2013-02-25 00:00:00+05:30,2140.5,2191.5,2121.0,2133.5,820
2013-02-26 00:00:00+05:30,2140.5,2140.5,2091.5,2105.5,398
2013-02-27 00:00:00+05:30,2106.5,2134.0,2084.5,2105.5,750
2013-02-28 00:00:00+05:30,2096.5,2147.5,2013.5,2062.5,745
2013-03-01 00:00:00+05:30,2113.0,2113.0,2041.5,2047.0,315
2013-03-04 00:00:00+05:30,2042.5,2042.5,1921.0,1934.0,3974
2013-03-05 00:00:00+05:30,1935.0,1957.0,1915.0,1927.5,3185
2013-03-06 00:00:00+05:30,1925.0,1953.5,1905.5,1919.5,1821
2013-03-07 00:00:00+05:30,1942.5,1942.5,1910.5,1919.5,788
2013-03-08 00:00:00+05:30,1925.0,1932.0,1903.0,1911.0,3794
2013-03-11 00:00:00+05:30,1944.5,2057.5,1944.5,1960.0,1523
2013-03-12 00:00:00+05:30,1960.0,2014.0,1959.5,1966.0,866
2013-03-13 00:00:00+05:30,1949.5,1974.0,1935.0,1948.5,384
2013-03-14 00:00:00+05:30,1974.0,1974.0,1940.0,1948.0,1138
2013-03-15 00:00:00+05:30,1974.0,1975.0,1941.5,1945.5,162
2013-03-18 00:00:00+05:30,1959.5,1984.5,1951.5,1978.5,697
2013-03-19 00:00:00+05:30,1984.5,2007.0,1921.0,1939.5,1273
2013-03-20 00:00:00+05:30,1921.0,2003.0,1915.0,1970.5,1253
2013-03-21 00:00:00+05:30,1989.5,2018.0,1949.5,2008.0,2740
2013-03-22 00:00:00+05:30,2003.5,2003.5,1959.5,1988.5,71255
2013-03-25 00:00:00+05:30,1979.0,1988.5,1920.0,1944.5,3441
2013-03-26 00:00:00+05:30,1930.0,1978.5,1930.0,1963.5,4115
2013-03-28 00:00:00+05:30,1936.0,1988.5,1936.0,1964.0,536
2013-04-01 00:00:00+05:30,1969.0,1978.0,1961.5,1964.5,158
2013-04-02 00:00:00+05:30,1969.0,2037.5,1964.0,2021.0,923
2013-04-03 00:00:00+05:30,2016.5,2103.5,1998.5,2012.0,1561
2013-04-04 00:00:00+05:30,2018.0,2057.5,2018.0,2049.0,553
2013-04-05 00:00:00+05:30,2067.0,2067.0,1990.0,1999.5,310
2013-04-08 00:00:00+05:30,2055.5,2055.5,1966.5,1987.0,202
2013-04-09 00:00:00+05:30,2042.5,2042.5,1961.5,1986.5,1441
2013-04-10 00:00:00+05:30,1974.5,1998.5,1974.0,1989.0,1267
2013-04-11 00:00:00+05:30,2013.0,2018.0,1960.5,1970.0,876
2013-04-12 00:00:00+05:30,1974.0,1993.5,1974.0,1985.5,362
2013-04-15 00:00:00+05:30,2051.5,2051.5,1974.0,1989.5,160
2013-04-16 00:00:00+05:30,1988.5,2028.0,1975.5,1980.0,427
2013-04-17 00:00:00+05:30,2028.0,2081.5,1980.0,2017.5,519
2013-04-18 00:00:00+05:30,1989.5,2028.0,1989.0,2010.0,650
2013-04-22 00:00:00+05:30,1960.5,2052.5,1960.5,2027.5,808
2013-04-23 00:00:00+05:30,2014.0,2086.5,2014.0,2051.0,1299
2013-04-25 00:00:00+05:30,2081.5,2132.5,2028.0,2036.5,6737
2013-04-26 00:00:00+05:30,2023.5,2044.5,1974.0,1984.5,1201
2013-04-29 00:00:00+05:30,2017.0,2017.0,1979.0,2005.0,288
2013-04-30 00:00:00+05:30,2008.5,2094.5,2008.5,2027.5,2445
2013-05-02 00:00:00+05:30,2045.5,2075.0,2018.0,2047.5,2617
2013-05-03 00:00:00+05:30,2064.5,2077.0,2035.0,2043.0,625
2013-05-06 00:00:00+05:30,2067.0,2077.0,1997.5,2059.0,2399
2013-05-07 00:00:00+05:30,2072.0,2091.5,2052.5,2084.0,432
2013-05-08 00:00:00+05:30,2091.0,2111.0,2033.5,2072.5,1132
2013-05-09 00:00:00+05:30,2051.5,2104.5,2051.5,2067.5,303
2013-05-10 00:00:00+05:30,2047.5,2135.5,2047.5,2074.0,383
2013-05-13 00:00:00+05:30,2121.0,2124.0,2079.0,2098.5,673
2013-05-14 00:00:00+05:30,2116.0,2204.0,2086.5,2102.5,275
2013-05-15 00:00:00+05:30,2116.0,2131.5,2090.5,2118.0,564
2013-05-16 00:00:00+05:30,2096.5,2135.5,2096.5,2118.0,328
2013-05-17 00:00:00+05:30,2155.0,2155.0,2091.5,2098.5,662
2013-05-20 00:00:00+05:30,2135.5,2176.5,2099.5,2148.0,1888
2013-05-21 00:00:00+05:30,2174.5,2233.5,2126.0,2152.0,816
2013-05-22 00:00:00+05:30,2177.0,2194.5,2131.0,2136.5,1081
2013-05-23 00:00:00+05:30,2126.0,2134.5,2096.5,2102.5,579
2013-05-24 00:00:00+05:30,2086.5,2126.0,2069.5,2079.5,1073
2013-05-27 00:00:00+05:30,2096.5,2124.0,2062.0,2062.5,1757
2013-05-28 00:00:00+05:30,2067.0,2086.0,2001.0,2014.5,1794
2013-05-29 00:00:00+05:30,2062.0,2130.5,2023.0,2066.0,2071
2013-05-30 00:00:00+05:30,2132.5,2202.5,2072.0,2111.0,11488
2013-05-31 00:00:00+05:30,2170.0,2302.0,2135.5,2158.5,10849
2013-06-03 00:00:00+05:30,2136.5,2374.5,2136.5,2292.5,10203
2013-06-04 00:00:00+05:30,2325.5,2341.5,2218.0,2241.5,2542
2013-06-05 00:00:00+05:30,2240.5,2287.5,2214.0,2219.5,544
2013-06-06 00:00:00+05:30,2202.5,2227.5,2184.5,2206.0,865
2013-06-07 00:00:00+05:30,2204.5,2263.0,2204.0,2213.5,1136
2013-06-10 00:00:00+05:30,2219.0,2242.5,2197.5,2208.5,1645
2013-06-11 00:00:00+05:30,2243.5,2297.5,2204.0,2281.0,2544
2013-06-12 00:00:00+05:30,2282.5,2282.5,2209.0,2223.5,1131
2013-06-13 00:00:00+05:30,2194.5,2230.5,2122.5,2138.5,947
2013-06-14 00:00:00+05:30,2121.0,2192.5,2121.0,2180.5,345
2013-06-17 00:00:00+05:30,2185.0,2212.0,2146.5,2155.0,559
2013-06-18 00:00:00+05:30,2160.0,2179.5,2112.0,2136.5,2137
2013-06-19 00:00:00+05:30,2164.0,2164.0,2113.0,2135.0,229
2013-06-20 00:00:00+05:30,2117.0,2145.5,2073.5,2088.0,1781
2013-06-21 00:00:00+05:30,2088.5,2125.0,2057.5,2062.0,499
2013-06-24 00:00:00+05:30,2057.5,2085.5,2057.5,2057.5,628
2013-06-25 00:00:00+05:30,2057.5,2093.5,2057.5,2058.5,1315
2013-06-26 00:00:00+05:30,2088.0,2088.0,2057.5,2057.5,1222
2013-06-27 00:00:00+05:30,2057.5,2106.0,2057.5,2057.5,58181
2013-06-28 00:00:00+05:30,2082.0,2082.0,2057.5,2059.0,422
2013-07-01 00:00:00+05:30,2057.5,2145.5,2057.5,2094.0,600
2013-07-02 00:00:00+05:30,2106.0,2130.0,2086.5,2118.0,431
2013-07-03 00:00:00+05:30,2153.5,2317.0,2122.0,2183.5,23058
2013-07-04 00:00:00+05:30,2149.5,2225.0,2135.5,2192.0,3080
2013-07-05 00:00:00+05:30,2166.0,2225.5,2166.0,2200.0,1019
2013-07-08 00:00:00+05:30,2116.0,2268.0,2111.0,2216.0,4465
2013-07-09 00:00:00+05:30,2252.0,2252.0,2170.0,2187.5,871
2013-07-10 00:00:00+05:30,2183.5,2198.5,2155.5,2169.5,538
2013-07-11 00:00:00+05:30,2228.5,2228.5,2172.0,2184.5,564
2013-07-12 00:00:00+05:30,2165.0,2264.0,2165.0,2252.0,2616
2013-07-15 00:00:00+05:30,2263.0,2276.0,2234.5,2258.0,5924
2013-07-16 00:00:00+05:30,2234.5,2287.5,2225.0,2275.0,876
2013-07-17 00:00:00+05:30,2301.0,2357.5,2277.5,2347.0,4403
2013-07-18 00:00:00+05:30,2327.0,2382.5,2327.0,2377.0,2919
2013-07-19 00:00:00+05:30,2333.5,2418.5,2333.5,2374.0,1636
2013-07-22 00:00:00+05:30,2414.0,2414.0,2223.5,2250.5,5976
2013-07-23 00:00:00+05:30,2249.5,2270.0,2219.0,2227.0,2009
2013-07-24 00:00:00+05:30,2219.0,2231.5,2179.5,2193.0,614
2013-07-25 00:00:00+05:30,2194.5,2243.5,2180.0,2188.5,542
2013-07-26 00:00:00+05:30,2212.0,2212.0,2106.5,2138.0,1327
2013-07-29 00:00:00+05:30,2155.5,2169.0,2107.5,2117.0,475
2013-07-30 00:00:00+05:30,2116.0,2165.0,2116.0,2145.0,820
2013-07-31 00:00:00+05:30,2154.5,2163.0,2107.5,2121.0,360
2013-08-01 00:00:00+05:30,2123.0,2135.0,2077.5,2116.0,739
2013-08-02 00:00:00+05:30,2116.0,2139.5,2057.5,2068.5,1083
2013-08-05 00:00:00+05:30,2069.0,2111.0,2058.5,2080.0,783
2013-08-06 00:00:00+05:30,2062.5,2098.5,2057.5,2059.0,1612
2013-08-07 00:00:00+05:30,2126.0,2253.0,2077.0,2113.5,1268
2013-08-08 00:00:00+05:30,2126.0,2247.0,2126.0,2172.5,2105
2013-08-12 00:00:00+05:30,2233.5,2233.5,2137.5,2154.0,720
2013-08-13 00:00:00+05:30,2141.5,2175.0,2116.0,2128.0,485
2013-08-14 00:00:00+05:30,2146.5,2150.5,2119.0,2138.5,701
2013-08-16 00:00:00+05:30,2135.5,2155.5,2087.0,2105.0,446
2013-08-19 00:00:00+05:30,2154.5,2154.5,2064.0,2077.0,912
2013-08-20 00:00:00+05:30,2018.5,2088.0,1969.0,1988.0,2313
2013-08-21 00:00:00+05:30,1975.0,2041.5,1975.0,1996.5,576
2013-08-22 00:00:00+05:30,2033.0,2089.5,1983.0,2058.5,697
2013-08-23 00:00:00+05:30,2042.5,2104.5,2041.0,2065.5,248
2013-08-26 00:00:00+05:30,2090.5,2090.5,2042.5,2056.5,197
2013-08-27 00:00:00+05:30,2058.5,2076.0,1998.5,2021.5,265
2013-08-28 00:00:00+05:30,1975.5,2022.0,1970.5,1989.5,10557
2013-08-29 00:00:00+05:30,1970.0,2035.5,1970.0,2017.0,605
2013-08-30 00:00:00+05:30,2002.0,2024.0,1988.5,1998.5,2051
2013-09-02 00:00:00+05:30,2057.0,2084.0,2015.0,2040.0,275
2013-09-03 00:00:00+05:30,2017.5,2105.0,1969.0,1989.5,551
2013-09-04 00:00:00+05:30,2013.5,2013.5,1988.5,1996.5,435
2013-09-05 00:00:00+05:30,2008.5,2023.0,1998.5,2003.0,381
2013-09-06 00:00:00+05:30,1984.0,2057.5,1979.0,1992.5,1591
2013-09-10 00:00:00+05:30,2047.0,2070.0,2007.5,2046.0,2150
2013-09-11 00:00:00+05:30,2057.0,2067.0,2010.5,2023.5,1670
2013-09-12 00:00:00+05:30,2037.5,2060.5,2029.0,2037.0,671
2013-09-13 00:00:00+05:30,2057.5,2057.5,2008.5,2012.5,345
2013-09-16 00:00:00+05:30,2056.5,2057.5,2006.5,2043.5,378
2013-09-17 00:00:00+05:30,2046.5,2046.5,1993.5,2004.5,1215
2013-09-18 00:00:00+05:30,1991.5,2037.5,1991.5,2009.0,335
2013-09-19 00:00:00+05:30,2057.0,2155.5,2010.5,2021.5,579
2013-09-20 00:00:00+05:30,2049.5,2050.5,2004.5,2019.5,22735
2013-09-23 00:00:00+05:30,2021.0,2028.0,1959.5,1972.0,952
2013-09-24 00:00:00+05:30,2006.5,2008.5,1949.5,1959.5,1673
2013-09-25 00:00:00+05:30,1988.5,2004.5,1965.0,1998.5,696
2013-09-26 00:00:00+05:30,1995.0,2277.5,1993.5,2208.0,118588
2013-09-27 00:00:00+05:30,2204.0,2228.0,2137.5,2157.0,9181
2013-09-30 00:00:00+05:30,2224.0,2224.0,2059.5,2093.5,2729
2013-10-01 00:00:00+05:30,2057.5,2109.5,2039.5,2073.5,2415
2013-10-03 00:00:00+05:30,2072.0,2152.5,2068.0,2083.5,2202
2013-10-04 00:00:00+05:30,2116.0,2121.0,2037.5,2043.5,3232
2013-10-07 00:00:00+05:30,2083.0,2083.0,2000.5,2032.0,1489
2013-10-08 00:00:00+05:30,2009.5,2077.0,1999.5,2030.0,1322
2013-10-09 00:00:00+05:30,2033.0,2047.5,2008.5,2014.5,1200
2013-10-10 00:00:00+05:30,2006.5,2047.5,2006.5,2019.5,2316
2013-10-11 00:00:00+05:30,2018.0,2051.5,2005.0,2017.5,1087
2013-10-14 00:00:00+05:30,2023.0,2050.5,2013.0,2024.0,730
2013-10-15 00:00:00+05:30,2025.0,2051.5,2018.0,2026.0,1356
2013-10-17 00:00:00+05:30,2009.5,2054.5,2009.5,2023.0,708
2013-10-18 00:00:00+05:30,2033.0,2056.0,2024.0,2043.0,1309
2013-10-21 00:00:00+05:30,2047.5,2081.5,2041.5,2053.5,716
2013-10-22 00:00:00+05:30,2062.0,2081.0,2026.0,2034.5,1482
2013-10-23 00:00:00+05:30,2056.5,2062.0,2033.0,2039.0,1156
2013-10-24 00:00:00+05:30,2045.5,2067.0,2023.0,2034.5,1010
2013-10-25 00:00:00+05:30,2067.0,2067.0,2018.5,2044.5,2312
2013-10-28 00:00:00+05:30,2037.5,2077.0,2030.0,2057.0,3044
2013-10-29 00:00:00+05:30,2081.0,2081.0,2010.5,2022.0,2892
2013-10-30 00:00:00+05:30,2055.5,2067.0,2047.0,2050.0,1803
2013-10-31 00:00:00+05:30,2044.5,2084.5,2042.5,2051.5,1964
2013-11-01 00:00:00+05:30,2037.5,2061.0,2018.0,2024.0,1395
2013-11-05 00:00:00+05:30,2062.0,2094.5,2019.0,2025.5,1056
2013-11-06 00:00:00+05:30,2057.0,2062.0,2005.5,2011.0,4285
2013-11-07 00:00:00+05:30,2013.0,2031.0,1990.5,2001.5,1658
2013-11-08 00:00:00+05:30,2045.5,2045.5,1937.0,1947.5,5187
2013-11-11 00:00:00+05:30,1978.0,1978.0,1900.5,1927.5,26172
2013-11-12 00:00:00+05:30,1934.5,1966.5,1902.5,1921.5,70841
2013-11-13 00:00:00+05:30,1880.0,2052.5,1833.0,2014.5,197926
2013-11-14 00:00:00+05:30,1861.5,1925.0,1850.5,1894.0,194753
2013-11-18 00:00:00+05:30,1898.5,1933.0,1889.0,1913.5,44102
2013-11-19 00:00:00+05:30,1925.0,1925.0,1895.5,1899.5,21806
2013-11-20 00:00:00+05:30,1890.5,1914.5,1876.0,1889.0,30546
2013-11-21 00:00:00+05:30,1891.0,1908.0,1890.5,1902.0,33941
2013-11-22 00:00:00+05:30,1878.0,1909.5,1878.0,1894.0,3519
2013-11-25 00:00:00+05:30,1910.5,1910.5,1861.5,1879.0,24854
2013-11-26 00:00:00+05:30,1888.5,1895.0,1866.5,1875.0,5498
2013-11-27 00:00:00+05:30,1863.5,1904.5,1843.0,1848.0,12906
2013-11-28 00:00:00+05:30,1891.5,1891.5,1837.0,1845.0,3630
2013-11-29 00:00:00+05:30,1846.5,1878.5,1846.5,1856.0,9855
2013-12-02 00:00:00+05:30,1871.0,1886.0,1846.5,1851.5,10602
2013-12-03 00:00:00+05:30,1851.5,1880.0,1851.5,1865.5,11307
2013-12-04 00:00:00+05:30,1866.0,1880.0,1851.5,1862.0,5607
2013-12-05 00:00:00+05:30,1871.0,1890.5,1859.5,1863.5,7449
2013-12-06 00:00:00+05:30,1880.0,1955.5,1876.0,1922.0,29624
2013-12-09 00:00:00+05:30,1916.0,1957.5,1900.5,1909.5,4403
2013-12-10 00:00:00+05:30,1920.0,1930.0,1897.5,1900.0,1383
2013-12-11 00:00:00+05:30,1891.0,1930.0,1871.0,1884.0,4249
2013-12-12 00:00:00+05:30,1852.5,1930.0,1852.5,1919.5,4210
2013-12-13 00:00:00+05:30,1900.5,1936.0,1900.5,1928.5,15916
2013-12-16 00:00:00+05:30,1909.5,1935.0,1896.0,1898.5,3803
2013-12-17 00:00:00+05:30,1887.0,1925.0,1887.0,1910.5,6802
2013-12-18 00:00:00+05:30,1894.0,2007.5,1894.0,1984.5,37158
2013-12-19 00:00:00+05:30,1960.5,2045.5,1960.5,2021.5,15662
2013-12-20 00:00:00+05:30,2034.0,2034.0,1944.5,1951.5,25692
2013-12-23 00:00:00+05:30,1996.5,1996.5,1915.5,1952.5,4422
2013-12-24 00:00:00+05:30,1973.0,2003.5,1961.5,1972.0,5029
2013-12-26 00:00:00+05:30,1994.5,1994.5,1961.5,1973.0,3360
2013-12-27 00:00:00+05:30,1984.5,2104.5,1975.5,2012.0,24630
2013-12-30 00:00:00+05:30,2040.5,2042.5,2008.5,2015.0,3164
2013-12-31 00:00:00+05:30,2015.0,2044.5,2015.0,2022.0,2920
2014-01-01 00:00:00+05:30,2028.0,2033.0,1986.5,2013.0,3258
2014-01-02 00:00:00+05:30,2013.0,2022.0,1964.0,1983.5,20251
2014-01-03 00:00:00+05:30,1964.0,2047.0,1964.0,2030.5,8035
2014-01-06 00:00:00+05:30,2011.5,2106.5,2011.5,2096.0,21267
2014-01-07 00:00:00+05:30,2096.5,2175.0,2088.5,2156.5,27497
2014-01-08 00:00:00+05:30,2170.0,2268.5,2028.0,2074.5,108865
2014-01-09 00:00:00+05:30,2062.0,2064.0,2009.5,2025.5,10704
2014-01-10 00:00:00+05:30,2041.5,2105.0,2023.0,2032.5,13677
2014-01-13 00:00:00+05:30,2045.5,2081.5,2029.0,2033.5,4777
2014-01-14 00:00:00+05:30,2067.0,2067.0,2031.0,2045.5,6272
2014-01-15 00:00:00+05:30,2076.0,2081.0,2048.5,2057.5,5998
2014-01-16 00:00:00+05:30,2057.5,2074.5,2057.5,2067.0,8380
2014-01-17 00:00:00+05:30,2047.5,2079.5,2045.5,2057.0,6272
2014-01-20 00:00:00+05:30,2057.5,2081.5,2036.5,2055.0,5119
2014-01-21 00:00:00+05:30,2052.5,2065.0,2043.0,2051.0,3512
2014-01-22 00:00:00+05:30,2057.0,2068.5,2013.5,2045.5,2078
2014-01-23 00:00:00+05:30,2034.0,2145.5,2034.0,2102.0,5068
2014-01-24 00:00:00+05:30,2096.5,2151.5,2068.5,2075.5,4191
2014-01-27 00:00:00+05:30,2054.5,2083.5,2009.0,2013.5,2097
2014-01-28 00:00:00+05:30,1993.5,2033.0,1993.5,2026.5,3384
2014-01-29 00:00:00+05:30,2026.5,2067.0,2026.5,2045.0,2222
2014-01-30 00:00:00+05:30,2023.0,2042.5,2008.0,2019.0,1899
2014-01-31 00:00:00+05:30,2010.5,2044.5,1984.0,2010.0,2731
2014-02-03 00:00:00+05:30,2011.0,2035.5,1963.5,1993.5,7819
2014-02-04 00:00:00+05:30,1988.5,2008.5,1963.5,1980.0,7673
2014-02-05 00:00:00+05:30,1965.5,2018.0,1965.5,1990.0,1776
2014-02-06 00:00:00+05:30,1971.5,2017.0,1959.5,1964.5,2679
2014-02-07 00:00:00+05:30,1959.5,1969.0,1939.5,1941.5,4349
2014-02-10 00:00:00+05:30,1955.5,1960.5,1934.0,1938.0,1496
2014-02-11 00:00:00+05:30,1958.5,1984.0,1950.5,1955.5,2460
2014-02-12 00:00:00+05:30,1966.0,1973.5,1939.5,1966.0,959
2014-02-13 00:00:00+05:30,1960.0,1974.0,1939.5,1969.5,747
2014-02-14 00:00:00+05:30,1951.0,1974.0,1925.0,1934.0,1181
2014-02-17 00:00:00+05:30,1967.0,1967.0,1930.5,1934.0,1513
2014-02-18 00:00:00+05:30,1917.5,1935.0,1911.5,1912.5,3151
2014-02-19 00:00:00+05:30,1957.5,1957.5,1910.5,1917.0,1515
2014-02-20 00:00:00+05:30,1911.5,1920.0,1896.5,1904.5,1256
2014-02-21 00:00:00+05:30,1905.5,1928.0,1888.0,1913.0,2429
2014-02-24 00:00:00+05:30,1915.0,1930.0,1910.5,1921.0,2978
2014-02-25 00:00:00+05:30,1923.0,1957.5,1920.0,1928.5,27146
2014-02-26 00:00:00+05:30,1916.5,1941.5,1892.5,1903.0,1969
2014-02-28 00:00:00+05:30,1910.5,1925.0,1900.5,1903.5,1147
2014-03-03 00:00:00+05:30,1890.5,1939.5,1890.5,1913.5,1620
2014-03-04 00:00:00+05:30,1915.0,1934.0,1910.5,1914.0,2180
2014-03-05 00:00:00+05:30,1928.0,1940.0,1890.5,1907.5,5759
2014-03-06 00:00:00+05:30,1915.0,1925.0,1900.5,1910.5,6043
2014-03-07 00:00:00+05:30,1910.5,1910.5,1900.5,1902.5,5245
2014-03-10 00:00:00+05:30,1919.5,1920.0,1895.5,1902.5,1761
2014-03-11 00:00:00+05:30,1902.0,1912.5,1886.0,1895.5,3462
2014-03-12 00:00:00+05:30,1895.5,1905.5,1885.0,1892.5,1239
2014-03-13 00:00:00+05:30,1889.0,1905.5,1889.0,1889.5,2370
2014-03-14 00:00:00+05:30,1890.0,1900.5,1876.0,1880.5,2752
2014-03-18 00:00:00+05:30,1881.0,1890.5,1866.5,1875.5,6228
2014-03-19 00:00:00+05:30,1881.0,1881.0,1856.5,1865.0,4071
2014-03-20 00:00:00+05:30,1880.0,1880.0,1852.5,1858.5,6635
2014-03-21 00:00:00+05:30,1876.0,1876.0,1850.5,1853.0,2941
2014-03-24 00:00:00+05:30,1853.5,1878.0,1837.0,1842.0,5095
2014-03-25 00:00:00+05:30,1853.5,1861.5,1837.0,1839.0,4291
2014-03-26 00:00:00+05:30,1842.0,1895.5,1842.0,1874.5,7176
2014-03-27 00:00:00+05:30,1886.0,1913.5,1882.0,1892.0,5830
2014-03-28 00:00:00+05:30,1886.0,1962.5,1886.0,1952.0,12948
2014-03-31 00:00:00+05:30,1959.5,1962.5,1913.5,1933.5,10560
2014-04-01 00:00:00+05:30,1920.0,1962.5,1920.0,1940.0,3524
2014-04-02 00:00:00+05:30,1956.0,1969.0,1902.5,1913.5,105391
2014-04-03 00:00:00+05:30,1925.0,1943.5,1856.5,1891.5,6051
2014-04-04 00:00:00+05:30,1935.5,1936.0,1881.0,1897.0,3701
2014-04-07 00:00:00+05:30,1915.0,1920.0,1901.5,1911.0,1934
2014-04-09 00:00:00+05:30,1901.5,1954.5,1894.0,1909.0,5735
2014-04-10 00:00:00+05:30,1914.5,1930.0,1881.0,1903.5,3120
2014-04-11 00:00:00+05:30,1931.0,1931.0,1860.5,1879.5,5318
2014-04-15 00:00:00+05:30,1900.5,1900.5,1861.5,1867.5,8978
2014-04-16 00:00:00+05:30,1868.0,1890.5,1851.5,1857.0,16907
2014-04-17 00:00:00+05:30,1862.5,1876.0,1843.5,1850.5,6344
2014-04-21 00:00:00+05:30,1853.5,1881.0,1852.5,1860.5,3813
2014-04-22 00:00:00+05:30,1861.5,1876.0,1842.0,1850.0,12395
2014-04-23 00:00:00+05:30,1851.5,1909.5,1851.5,1862.5,17682
2014-04-25 00:00:00+05:30,1863.5,1905.0,1851.5,1861.0,59213
2014-04-28 00:00:00+05:30,1885.0,1885.0,1855.5,1863.5,5441
2014-04-29 00:00:00+05:30,1871.0,1879.0,1857.0,1861.5,4477
2014-04-30 00:00:00+05:30,1876.0,1885.0,1852.5,1864.0,4157
2014-05-02 00:00:00+05:30,1852.5,1876.0,1852.5,1858.5,25311
2014-05-05 00:00:00+05:30,1865.0,1871.0,1852.5,1857.0,3156
2014-05-06 00:00:00+05:30,1870.5,1897.5,1842.0,1850.0,6703
2014-05-07 00:00:00+05:30,1838.5,1881.0,1838.5,1847.5,3560
2014-05-08 00:00:00+05:30,1869.0,1871.0,1838.5,1843.0,7461
2014-05-09 00:00:00+05:30,1849.5,1871.0,1834.0,1840.5,6294
2014-05-12 00:00:00+05:30,1866.0,1866.0,1827.0,1837.5,3363
2014-05-13 00:00:00+05:30,1838.0,1877.0,1829.0,1873.0,4232
2014-05-14 00:00:00+05:30,1873.5,1890.0,1829.0,1841.5,7238
2014-05-15 00:00:00+05:30,1861.0,1889.0,1840.5,1851.5,8660
2014-05-16 00:00:00+05:30,1880.0,1880.0,1812.5,1818.5,13253
2014-05-19 00:00:00+05:30,1824.0,1856.5,1824.0,1836.0,2713
2014-05-20 00:00:00+05:30,1836.0,1880.0,1836.0,1867.0,10470
2014-05-21 00:00:00+05:30,1867.0,1895.5,1861.5,1865.0,4920
2014-05-22 00:00:00+05:30,1898.5,1898.5,1866.5,1890.5,3730
2014-05-23 00:00:00+05:30,1900.5,1909.5,1877.0,1897.5,6213
2014-05-26 00:00:00+05:30,1910.5,1925.0,1897.5,1909.5,7078
2014-05-27 00:00:00+05:30,1897.5,2008.0,1897.0,1960.0,37967
2014-05-28 00:00:00+05:30,1959.5,2003.5,1930.0,1954.5,8943
2014-05-29 00:00:00+05:30,1947.5,1974.5,1900.5,1912.5,3158
2014-05-30 00:00:00+05:30,1903.0,1945.0,1901.5,1942.0,2390
2014-06-02 00:00:00+05:30,1959.5,1969.5,1935.0,1957.0,29423
2014-06-03 00:00:00+05:30,1963.5,1979.0,1910.5,1946.0,3424
2014-06-04 00:00:00+05:30,1974.0,1974.0,1928.0,1933.5,3443
2014-06-05 00:00:00+05:30,1933.0,1973.0,1920.0,1935.0,7454
2014-06-06 00:00:00+05:30,1922.0,1958.5,1922.0,1945.5,2802
2014-06-09 00:00:00+05:30,1954.5,1969.0,1940.0,1952.0,4435
2014-06-10 00:00:00+05:30,1959.5,1988.5,1954.5,1967.0,21047
2014-06-11 00:00:00+05:30,1962.5,2004.5,1939.5,1968.5,28469
2014-06-12 00:00:00+05:30,2008.0,2008.0,1972.0,1985.0,22955
2014-06-13 00:00:00+05:30,1984.0,2056.5,1984.0,2009.0,40884
2014-06-16 00:00:00+05:30,2009.0,2036.5,1993.5,2002.0,9987
2014-06-17 00:00:00+05:30,1984.5,2072.0,1984.5,2036.5,14068
2014-06-18 00:00:00+05:30,2037.5,2067.0,1984.0,2007.5,40609
2014-06-19 00:00:00+05:30,2011.0,2028.0,1993.5,2017.0,4162
2014-06-20 00:00:00+05:30,2017.0,2054.0,1980.0,1988.5,4081
2014-06-23 00:00:00+05:30,1988.5,2020.0,1981.0,2009.5,3875
2014-06-24 00:00:00+05:30,1991.0,2091.5,1989.0,2079.5,67618
2014-06-25 00:00:00+05:30,2108.0,2108.0,2059.5,2081.0,38785
2014-06-26 00:00:00+05:30,2082.0,2116.0,2077.0,2090.5,7790
2014-06-27 00:00:00+05:30,2089.5,2096.5,2067.0,2085.5,4207
2014-06-30 00:00:00+05:30,2090.5,2118.0,2077.0,2085.5,5991
2014-07-01 00:00:00+05:30,2067.0,2179.5,2067.0,2134.0,11920
2014-07-02 00:00:00+05:30,2179.5,2198.5,2122.0,2172.0,11449
2014-07-03 00:00:00+05:30,2173.0,2258.0,2156.5,2235.0,25217
2014-07-04 00:00:00+05:30,2217.0,2302.0,2217.0,2238.5,15509
2014-07-07 00:00:00+05:30,2243.5,2261.5,2191.0,2222.0,7676
2014-07-08 00:00:00+05:30,2222.0,2233.5,2130.0,2145.5,8554
2014-07-09 00:00:00+05:30,2155.5,2162.0,2081.0,2107.5,5357
2014-07-10 00:00:00+05:30,2109.5,2111.0,2014.0,2076.5,8468
2014-07-11 00:00:00+05:30,2077.0,2103.5,2057.5,2067.5,10640
2014-07-14 00:00:00+05:30,2046.5,2116.0,2042.5,2082.5,5985
2014-07-15 00:00:00+05:30,2106.5,2106.5,2081.0,2095.0,2247
2014-07-16 00:00:00+05:30,2101.5,2101.5,2077.0,2082.0,6462
2014-07-17 00:00:00+05:30,2100.0,2126.0,2095.5,2119.0,2543
2014-07-18 00:00:00+05:30,2096.5,2195.5,2096.5,2171.0,6550
2014-07-21 00:00:00+05:30,2149.5,2209.0,2149.5,2190.0,1852
2014-07-22 00:00:00+05:30,2170.5,2268.0,2170.5,2254.5,10690
2014-07-23 00:00:00+05:30,2302.0,2331.5,2213.0,2235.0,18658
2014-07-24 00:00:00+05:30,2228.5,2253.0,2187.0,2223.5,2626
2014-07-25 00:00:00+05:30,2200.5,2261.0,2182.5,2247.0,4480
2014-07-28 00:00:00+05:30,2247.0,2299.5,2206.5,2280.5,6995
2014-07-30 00:00:00+05:30,2282.5,2297.5,2254.5,2276.5,3099
2014-07-31 00:00:00+05:30,2273.0,2294.5,2250.0,2253.0,2190
2014-08-01 00:00:00+05:30,2295.0,2295.0,2226.0,2249.5,4808
2014-08-04 00:00:00+05:30,2249.5,2306.5,2244.5,2283.0,8744
2014-08-05 00:00:00+05:30,2284.5,2303.0,2260.0,2297.5,2865
2014-08-06 00:00:00+05:30,2273.0,2326.5,2273.0,2316.0,7882
2014-08-07 00:00:00+05:30,2307.0,2325.5,2288.5,2298.0,20106
2014-08-08 00:00:00+05:30,2279.0,2279.0,2224.0,2249.5,4596
2014-08-11 00:00:00+05:30,2195.5,2302.0,2195.5,2298.5,3134
2014-08-12 00:00:00+05:30,2298.5,2331.5,2282.5,2310.5,4949
2014-08-13 00:00:00+05:30,2297.5,2374.5,2297.5,2332.0,20273
2014-08-14 00:00:00+05:30,2331.5,2535.5,2331.5,2451.0,46416
2014-08-18 00:00:00+05:30,2473.5,2513.0,2431.0,2493.0,6361
2014-08-19 00:00:00+05:30,2492.5,2517.5,2416.0,2431.0,9754
2014-08-20 00:00:00+05:30,2449.0,2477.5,2405.0,2469.5,5229
2014-08-21 00:00:00+05:30,2498.0,2498.0,2449.0,2457.5,8050
2014-08-22 00:00:00+05:30,2483.0,2508.0,2453.0,2481.5,5507
2014-08-25 00:00:00+05:30,2494.0,2547.0,2483.5,2508.0,9716
2014-08-26 00:00:00+05:30,2513.0,2540.5,2455.0,2512.5,2031
2014-08-27 00:00:00+05:30,2514.0,2537.5,2491.5,2512.5,2779
2014-08-28 00:00:00+05:30,2535.5,2537.5,2471.0,2525.5,1853
2014-09-01 00:00:00+05:30,2498.0,2645.0,2455.5,2640.0,12319
2014-09-02 00:00:00+05:30,2639.0,2684.5,2562.0,2619.5,7465
2014-09-03 00:00:00+05:30,2668.5,2668.5,2567.0,2587.5,9642
2014-09-04 00:00:00+05:30,2591.5,2629.5,2548.0,2585.0,4757
2014-09-05 00:00:00+05:30,2586.5,2627.5,2548.0,2555.5,4882
2014-09-08 00:00:00+05:30,2557.0,2615.5,2555.0,2595.5,2594
2014-09-09 00:00:00+05:30,2619.5,2682.5,2570.5,2654.5,6251
2014-09-10 00:00:00+05:30,2674.5,2692.0,2626.5,2660.5,4781
2014-09-11 00:00:00+05:30,2664.5,2682.5,2630.5,2643.0,9583
2014-09-12 00:00:00+05:30,2645.0,2694.0,2645.0,2678.0,5697
2014-09-15 00:00:00+05:30,2674.5,2684.0,2616.0,2645.0,7518
2014-09-16 00:00:00+05:30,2656.5,2661.5,2645.0,2646.0,10775
2014-09-17 00:00:00+05:30,2647.5,2667.0,2640.0,2645.5,5005
2014-09-18 00:00:00+05:30,2643.0,2669.5,2640.0,2659.5,5433
2014-09-19 00:00:00+05:30,2653.0,2663.5,2615.5,2635.0,3837
2014-09-22 00:00:00+05:30,2627.0,2649.0,2607.0,2642.5,4597
2014-09-23 00:00:00+05:30,2635.0,2802.0,2635.0,2690.5,17496
2014-09-24 00:00:00+05:30,2721.0,2721.5,2666.0,2706.5,4779
2014-09-25 00:00:00+05:30,2718.5,2728.5,2637.5,2653.0,3478
2014-09-26 00:00:00+05:30,2653.0,2712.5,2620.5,2704.5,3228
2014-09-29 00:00:00+05:30,2743.0,2765.5,2684.5,2735.0,6077
2014-09-30 00:00:00+05:30,2732.0,2753.0,2711.0,2737.0,5583
2014-10-01 00:00:00+05:30,2740.0,2771.5,2718.5,2751.0,2646
2014-10-07 00:00:00+05:30,2752.0,2779.5,2718.5,2771.5,8416
2014-10-08 00:00:00+05:30,2747.5,2827.0,2745.0,2807.0,8518
2014-10-09 00:00:00+05:30,2841.0,2841.0,2743.5,2762.0,2571
2014-10-10 00:00:00+05:30,2744.0,2790.5,2744.0,2769.0,4170
2014-10-13 00:00:00+05:30,2769.0,2769.0,2668.5,2726.0,2223
2014-10-14 00:00:00+05:30,2740.5,2762.5,2728.5,2746.5,618
2014-10-16 00:00:00+05:30,2811.5,2811.5,2668.5,2754.0,3745
2014-10-17 00:00:00+05:30,2743.0,2759.5,2699.0,2713.0,2230
2014-10-20 00:00:00+05:30,2751.0,2764.5,2695.5,2714.5,893
2014-10-21 00:00:00+05:30,2743.0,2754.0,2705.0,2737.0,1669
2014-10-22 00:00:00+05:30,2758.5,2766.5,2695.0,2745.5,2012
2014-10-23 00:00:00+05:30,2757.5,2768.0,2718.5,2737.0,1068
2014-10-27 00:00:00+05:30,2757.5,2802.0,2723.5,2775.5,3624
2014-10-28 00:00:00+05:30,2792.0,2801.0,2743.0,2757.5,1272
2014-10-29 00:00:00+05:30,2758.0,2788.5,2733.0,2745.0,5007
2014-10-30 00:00:00+05:30,2753.0,2767.5,2743.0,2743.5,5620
2014-10-31 00:00:00+05:30,2795.5,2795.5,2721.0,2744.5,8011
2014-11-03 00:00:00+05:30,2773.5,2817.5,2731.5,2806.0,6238
2014-11-05 00:00:00+05:30,2763.5,2903.5,2763.5,2851.0,6315
2014-11-07 00:00:00+05:30,2875.5,2963.5,2840.0,2949.0,19952
2014-11-10 00:00:00+05:30,2983.0,3178.0,2933.0,3135.5,19167
2014-11-11 00:00:00+05:30,3135.0,3229.0,3090.0,3196.0,12109
2014-11-12 00:00:00+05:30,3192.5,3624.0,3192.5,3404.5,49156
2014-11-13 00:00:00+05:30,3419.0,3457.0,3272.5,3288.0,27972
2014-11-14 00:00:00+05:30,3331.0,3350.5,3262.5,3338.0,13964
2014-11-17 00:00:00+05:30,3321.0,3443.5,3283.5,3407.0,7508
2014-11-18 00:00:00+05:30,3419.0,3435.5,3294.0,3320.5,8272
2014-11-19 00:00:00+05:30,3331.0,3370.0,3152.0,3317.5,10913
2014-11-20 00:00:00+05:30,3317.5,3350.5,3185.0,3220.5,8214
2014-11-21 00:00:00+05:30,3228.0,3291.5,3193.5,3216.0,5201
2014-11-24 00:00:00+05:30,3236.0,3280.0,3184.0,3197.5,5821
2014-11-25 00:00:00+05:30,3179.0,3252.5,3111.0,3168.5,42031
2014-11-26 00:00:00+05:30,3163.5,3193.5,3115.5,3126.0,2502
2014-11-27 00:00:00+05:30,3115.5,3223.0,3115.5,3135.5,3532
2014-11-28 00:00:00+05:30,3175.0,3184.0,3095.5,3117.5,4568
2014-12-01 00:00:00+05:30,3089.0,3193.5,3089.0,3166.0,2905
2014-12-02 00:00:00+05:30,3166.0,3316.0,3166.0,3258.0,87813
2014-12-03 00:00:00+05:30,3262.5,3335.5,3258.5,3290.5,7002
2014-12-04 00:00:00+05:30,3303.0,3403.5,3281.5,3349.0,13442
2014-12-05 00:00:00+05:30,3365.0,3576.0,3355.5,3433.0,26265
2014-12-08 00:00:00+05:30,3453.5,3453.5,3321.0,3334.0,5854
2014-12-09 00:00:00+05:30,3339.0,3394.5,3272.5,3294.5,5796
2014-12-10 00:00:00+05:30,3311.0,3329.0,3280.0,3289.0,944
2014-12-11 00:00:00+05:30,3277.0,3321.0,3184.0,3280.0,7595
2014-12-12 00:00:00+05:30,3295.5,3369.5,3213.5,3224.0,3431
2014-12-15 00:00:00+05:30,3210.5,3228.0,3115.5,3140.5,4265
2014-12-16 00:00:00+05:30,3133.5,3134.0,3037.0,3070.5,13297
2014-12-17 00:00:00+05:30,3047.0,3080.0,2940.0,3037.0,5550
2014-12-18 00:00:00+05:30,3071.0,3166.5,3071.0,3109.5,3275
2014-12-19 00:00:00+05:30,3115.5,3203.5,3106.5,3128.0,4413
2014-12-22 00:00:00+05:30,3108.5,3194.5,3096.5,3182.5,7247
2014-12-23 00:00:00+05:30,3184.0,3232.0,3145.0,3198.5,2177
2014-12-24 00:00:00+05:30,3179.0,3251.5,3179.0,3231.0,1571
2014-12-26 00:00:00+05:30,3211.5,3223.0,3174.0,3179.0,1304
2014-12-29 00:00:00+05:30,3198.5,3212.5,3159.5,3185.5,17295
2014-12-30 00:00:00+05:30,3169.0,3203.5,3169.0,3190.5,7379
2014-12-31 00:00:00+05:30,3208.5,3250.5,3164.5,3225.0,2429
2015-01-01 00:00:00+05:30,3243.5,3243.5,3174.0,3184.0,1959
2015-01-02 00:00:00+05:30,3203.5,3302.0,3174.0,3279.5,3108
2015-01-05 00:00:00+05:30,3270.0,3350.5,3270.0,3315.0,5605
2015-01-06 00:00:00+05:30,3295.5,3379.0,3231.5,3319.0,9190
2015-01-07 00:00:00+05:30,3325.0,3350.5,3248.0,3310.0,2681
2015-01-08 00:00:00+05:30,3365.0,3370.0,3299.5,3329.5,3799
2015-01-09 00:00:00+05:30,3336.0,3355.5,3292.0,3330.5,2247
2015-01-12 00:00:00+05:30,3292.5,3330.5,3283.5,3303.5,1491
2015-01-13 00:00:00+05:30,3300.5,3350.5,3297.5,3340.5,2492
2015-01-14 00:00:00+05:30,3311.5,3517.0,3311.5,3406.0,9104
2015-01-15 00:00:00+05:30,3390.5,3448.5,3390.5,3410.0,1734
2015-01-16 00:00:00+05:30,3425.5,3442.5,3410.0,3420.5,1502
2015-01-19 00:00:00+05:30,3420.0,3429.0,3350.5,3360.5,3324
2015-01-20 00:00:00+05:30,3352.5,3398.5,3317.5,3340.0,3425
2015-01-21 00:00:00+05:30,3316.0,3369.0,3316.0,3339.0,2991
2015-01-22 00:00:00+05:30,3375.0,3380.0,3332.0,3341.5,1850
2015-01-23 00:00:00+05:30,3352.5,3361.5,3331.0,3336.0,2996
2015-01-27 00:00:00+05:30,3337.5,3358.0,3302.5,3322.5,6217
2015-01-28 00:00:00+05:30,3313.0,3370.0,3282.0,3339.0,10864
2015-01-29 00:00:00+05:30,3301.5,3413.0,3301.5,3365.0,5687
2015-01-30 00:00:00+05:30,3389.0,3389.0,3320.0,3348.0,3461
2015-02-02 00:00:00+05:30,3347.5,3424.0,3295.5,3307.5,2237
2015-02-03 00:00:00+05:30,3308.5,3331.0,3019.0,3234.0,7786
2015-02-04 00:00:00+05:30,3242.0,3301.5,3233.5,3272.5,9701
2015-02-05 00:00:00+05:30,3250.0,3321.0,3250.0,3288.5,1572
2015-02-06 00:00:00+05:30,3287.5,3301.5,3234.0,3240.0,3761
2015-02-09 00:00:00+05:30,3238.0,3309.5,3213.5,3261.5,2860
2015-02-10 00:00:00+05:30,3267.0,3576.0,3254.5,3318.5,19571
2015-02-11 00:00:00+05:30,3311.5,3407.5,3311.5,3350.5,49119
2015-02-12 00:00:00+05:30,3368.0,3419.0,3347.0,3398.5,63443
2015-02-13 00:00:00+05:30,3615.0,4078.5,3566.0,4078.5,164841
2015-02-16 00:00:00+05:30,4114.5,4192.0,3928.5,3963.0,60815
2015-02-18 00:00:00+05:30,4001.0,4033.5,3918.5,3935.5,25632
2015-02-19 00:00:00+05:30,3953.0,3982.5,3830.5,3919.0,14670
2015-02-20 00:00:00+05:30,3975.5,4068.5,3879.5,3937.0,18920
2015-02-23 00:00:00+05:30,3967.5,4278.0,3937.5,3994.5,66999
2015-02-24 00:00:00+05:30,3994.0,4161.5,3994.0,4037.0,21847
2015-02-25 00:00:00+05:30,4056.0,4124.5,3987.0,4003.0,7565
2015-02-26 00:00:00+05:30,4021.5,4065.5,3967.5,4000.5,6630
2015-02-27 00:00:00+05:30,4054.5,4132.0,4007.0,4100.0,12825
2015-03-02 00:00:00+05:30,4092.0,4108.5,3970.5,4050.5,22909
2015-03-03 00:00:00+05:30,4099.5,4099.5,3977.5,4001.5,6768
2015-03-04 00:00:00+05:30,4002.0,4056.0,3982.5,3994.5,4723
2015-03-05 00:00:00+05:30,4046.0,4114.5,3965.5,3990.5,14582
2015-03-09 00:00:00+05:30,4016.5,4051.0,3953.0,3972.5,8974
2015-03-10 00:00:00+05:30,4010.5,4106.5,3959.0,4005.5,15181
2015-03-11 00:00:00+05:30,3969.5,4233.0,3969.5,4136.0,30530
2015-03-12 00:00:00+05:30,4183.0,4261.5,4163.5,4206.0,25413
2015-03-13 00:00:00+05:30,4237.0,4585.0,4163.5,4393.5,44955
2015-03-16 00:00:00+05:30,4447.5,4554.5,4413.5,4502.0,35892
2015-03-17 00:00:00+05:30,4527.0,4576.0,4487.0,4528.0,16257
2015-03-18 00:00:00+05:30,4603.5,4799.0,4526.0,4758.5,71763
2015-03-19 00:00:00+05:30,4876.0,4892.5,4704.5,4757.0,38559
2015-03-20 00:00:00+05:30,4751.5,4813.5,4688.0,4754.5,70510
2015-03-23 00:00:00+05:30,4750.0,4766.5,4534.5,4589.0,13744
2015-03-24 00:00:00+05:30,4596.0,4799.5,4552.0,4760.5,8278
2015-03-25 00:00:00+05:30,4798.5,4844.5,4700.0,4738.5,14862
2015-03-26 00:00:00+05:30,4759.0,4800.5,4702.5,4783.5,6664
2015-03-27 00:00:00+05:30,4799.5,4799.5,4674.0,4714.5,7074
2015-03-30 00:00:00+05:30,4761.0,4790.5,4685.0,4719.0,3448
2015-03-31 00:00:00+05:30,4733.0,4775.0,4667.0,4685.5,3833
2015-04-01 00:00:00+05:30,4722.0,4827.0,4555.5,4802.0,10553
2015-04-06 00:00:00+05:30,4847.5,4897.5,4802.0,4820.0,10762
2015-04-07 00:00:00+05:30,4820.0,4858.0,4771.0,4780.0,2859
2015-04-08 00:00:00+05:30,4786.5,4839.5,4735.5,4789.0,3679
2015-04-09 00:00:00+05:30,4751.5,4839.5,4751.5,4789.5,4316
2015-04-10 00:00:00+05:30,4777.5,4800.5,4751.5,4760.5,4113
2015-04-13 00:00:00+05:30,4789.5,4798.5,4702.5,4725.5,4074
2015-04-15 00:00:00+05:30,4719.5,4800.5,4655.5,4677.5,7266
2015-04-16 00:00:00+05:30,4697.5,4744.5,4629.0,4652.5,4785
2015-04-17 00:00:00+05:30,4651.5,4692.5,4477.0,4517.0,5605
2015-04-20 00:00:00+05:30,4507.5,4661.5,4384.0,4420.0,8598
2015-04-21 00:00:00+05:30,4423.0,4521.0,4359.5,4500.0,5130
2015-04-22 00:00:00+05:30,4481.0,4554.5,4416.5,4441.5,14133
2015-04-23 00:00:00+05:30,4524.0,4554.5,4364.5,4380.0,3968
2015-04-24 00:00:00+05:30,4389.0,4399.5,4185.0,4274.5,5706
2015-04-27 00:00:00+05:30,4243.0,4360.5,4058.0,4105.0,6618
2015-04-28 00:00:00+05:30,4163.5,4237.0,4110.5,4197.5,3164
2015-04-29 00:00:00+05:30,4244.0,4345.0,4191.0,4275.0,4595
2015-04-30 00:00:00+05:30,4364.5,4364.5,4194.5,4245.0,3390
2015-05-04 00:00:00+05:30,4310.5,4379.0,4198.0,4304.0,5684
2015-05-05 00:00:00+05:30,4310.5,4553.5,4263.0,4467.5,13905
2015-05-06 00:00:00+05:30,4444.0,4680.0,4444.0,4497.5,9585
2015-05-07 00:00:00+05:30,4494.5,4555.5,4439.0,4497.0,8623
2015-05-08 00:00:00+05:30,4633.5,4633.5,4359.5,4443.5,13954
2015-05-11 00:00:00+05:30,4609.5,4770.0,4369.5,4400.5,43182
2015-05-12 00:00:00+05:30,4403.0,4413.5,4261.5,4290.0,6921
2015-05-13 00:00:00+05:30,4291.0,4340.5,4189.0,4226.5,8025
2015-05-14 00:00:00+05:30,4230.5,4261.5,4134.0,4235.5,6819
2015-05-15 00:00:00+05:30,4281.0,4348.5,4212.5,4305.0,6312
2015-05-18 00:00:00+05:30,4349.0,4359.5,4212.5,4315.0,5166
2015-05-19 00:00:00+05:30,4358.0,4457.5,4277.0,4411.0,5681
2015-05-20 00:00:00+05:30,4364.5,4462.5,4364.5,4417.0,3891
2015-05-21 00:00:00+05:30,4408.5,4477.0,4349.5,4419.5,3686
2015-05-22 00:00:00+05:30,4419.5,4457.5,4361.5,4420.0,5145
2015-05-25 00:00:00+05:30,4457.5,4457.5,4340.0,4381.0,2297
2015-05-26 00:00:00+05:30,4350.0,4423.5,4287.0,4366.0,3964
2015-05-27 00:00:00+05:30,4359.5,4478.0,4331.0,4438.5,7584
2015-05-28 00:00:00+05:30,4457.5,4457.5,4313.5,4399.0,8046
2015-05-29 00:00:00+05:30,4413.0,4455.5,4389.5,4437.5,14402
2015-06-01 00:00:00+05:30,4446.5,4446.5,4367.5,4391.5,3340
2015-06-02 00:00:00+05:30,4383.0,4398.5,4227.0,4287.5,9096
2015-06-03 00:00:00+05:30,4281.0,4337.5,4163.5,4280.5,6205
2015-06-04 00:00:00+05:30,4300.0,4348.5,4237.0,4334.5,4593
2015-06-05 00:00:00+05:30,4349.0,4359.5,4287.5,4330.0,4885
2015-06-08 00:00:00+05:30,4303.5,4336.0,4198.0,4265.0,3582
2015-06-09 00:00:00+05:30,4300.5,4300.5,4198.0,4274.5,4082
2015-06-10 00:00:00+05:30,4282.0,4433.0,4282.0,4411.0,12817
2015-06-11 00:00:00+05:30,4422.0,4428.0,4316.5,4349.0,5030
2015-06-12 00:00:00+05:30,4398.5,4398.5,4289.0,4307.5,3117
2015-06-15 00:00:00+05:30,4340.0,4340.0,4279.0,4304.5,2842
2015-06-16 00:00:00+05:30,4308.5,4309.5,4184.0,4253.5,5892
2015-06-17 00:00:00+05:30,4256.5,4389.0,4256.5,4360.5,3093
2015-06-18 00:00:00+05:30,4359.5,4408.5,4317.0,4389.0,4633
2015-06-19 00:00:00+05:30,4432.0,4436.0,4348.0,4401.5,4589
2015-06-22 00:00:00+05:30,4435.0,4435.0,4373.5,4404.5,13028
2015-06-23 00:00:00+05:30,4438.0,4438.0,4398.5,4413.5,4420
2015-06-24 00:00:00+05:30,4433.0,4456.5,4408.5,4436.0,5689
2015-06-25 00:00:00+05:30,4455.0,4457.5,4345.0,4449.0,4997
2015-06-26 00:00:00+05:30,4449.5,4534.0,4410.0,4462.0,13521
2015-06-29 00:00:00+05:30,4436.0,4436.0,4332.0,4409.5,6211
2015-06-30 00:00:00+05:30,4402.5,4545.5,4373.0,4501.5,13097
2015-07-01 00:00:00+05:30,4501.5,4536.0,4213.5,4488.5,13164
2015-07-02 00:00:00+05:30,4491.0,4578.0,4436.5,4547.5,6466
2015-07-03 00:00:00+05:30,4573.0,4628.0,4496.5,4531.0,6090
2015-07-06 00:00:00+05:30,4506.5,4550.5,4447.5,4530.5,5084
2015-07-07 00:00:00+05:30,4573.0,4584.5,4498.0,4559.0,3352
2015-07-08 00:00:00+05:30,4573.0,4573.0,4492.0,4545.5,5821
2015-07-09 00:00:00+05:30,4536.0,4559.0,4467.5,4511.5,4713
2015-07-10 00:00:00+05:30,4569.0,4569.0,4488.0,4532.0,3901
2015-07-13 00:00:00+05:30,4570.0,4589.5,4486.5,4577.0,3278
2015-07-14 00:00:00+05:30,4589.5,4629.0,4536.0,4587.5,3778
2015-07-15 00:00:00+05:30,4590.5,4604.5,4553.5,4597.5,3658
2015-07-16 00:00:00+05:30,4603.5,4763.5,4573.0,4695.5,7769
2015-07-17 00:00:00+05:30,4700.5,5040.5,4697.5,4949.0,15592
2015-07-20 00:00:00+05:30,5070.0,5229.5,5016.0,5059.5,18454
2015-07-21 00:00:00+05:30,5192.0,5216.5,4909.5,4975.0,18572
2015-07-22 00:00:00+05:30,4977.5,5044.0,4849.5,4871.5,8502
2015-07-23 00:00:00+05:30,4899.0,4964.0,4849.5,4890.5,8616
2015-07-24 00:00:00+05:30,4923.0,5079.5,4908.0,4953.0,9438
2015-07-27 00:00:00+05:30,4950.0,4950.0,4829.0,4852.0,5539
2015-07-28 00:00:00+05:30,4849.5,4888.5,4761.0,4816.0,5443
2015-07-29 00:00:00+05:30,4887.5,5016.0,4801.5,4976.0,9613
2015-07-30 00:00:00+05:30,5020.5,5055.0,4948.5,5003.5,5063
2015-07-31 00:00:00+05:30,5006.5,5078.5,4938.5,5038.0,6142
2015-08-03 00:00:00+05:30,4996.5,5329.5,4986.5,5218.5,16867
2015-08-04 00:00:00+05:30,5241.0,5480.0,5217.5,5406.0,13475
2015-08-05 00:00:00+05:30,5437.0,5534.0,5391.0,5419.0,6883
2015-08-06 00:00:00+05:30,5417.5,5448.0,5268.0,5359.5,5512
2015-08-07 00:00:00+05:30,5404.5,5404.5,5291.0,5325.5,4256
2015-08-10 00:00:00+05:30,5387.0,5460.5,5335.5,5390.0,3464
2015-08-11 00:00:00+05:30,5427.5,5427.5,5295.0,5318.5,3107
2015-08-12 00:00:00+05:30,5349.0,5349.0,5207.5,5230.0,3134
2015-08-13 00:00:00+05:30,5256.5,5273.0,5129.0,5171.5,2704
2015-08-14 00:00:00+05:30,5164.5,5333.5,5164.5,5291.0,5034
2015-08-17 00:00:00+05:30,5290.0,5290.0,5206.0,5224.5,4133
2015-08-18 00:00:00+05:30,5285.5,5290.0,5153.0,5205.0,14295
2015-08-19 00:00:00+05:30,5211.5,5226.0,5149.5,5196.0,4135
2015-08-20 00:00:00+05:30,5196.5,5260.5,5148.5,5175.5,2712
2015-08-21 00:00:00+05:30,5143.0,5158.0,5076.5,5116.0,3841
2015-08-24 00:00:00+05:30,4962.0,5051.0,4614.0,4759.5,17981
2015-08-25 00:00:00+05:30,4869.0,4996.5,4335.0,4507.5,19859
2015-08-26 00:00:00+05:30,4599.5,4599.5,4415.5,4500.5,4510
2015-08-27 00:00:00+05:30,4528.0,4555.5,4468.0,4504.0,10712
2015-08-28 00:00:00+05:30,4619.0,4789.5,4547.0,4772.5,10672
2015-08-31 00:00:00+05:30,5007.0,5095.5,4800.5,4887.0,19835
2015-09-01 00:00:00+05:30,4717.0,4820.0,4593.5,4704.5,8046
2015-09-02 00:00:00+05:30,4708.5,4849.0,4629.0,4690.5,4394
2015-09-03 00:00:00+05:30,4751.5,4848.0,4713.0,4820.5,5167
2015-09-04 00:00:00+05:30,4829.5,4829.5,4676.0,4704.5,6846
2015-09-07 00:00:00+05:30,4703.5,4739.5,4483.0,4512.0,6867
2015-09-08 00:00:00+05:30,4473.0,4598.5,4410.5,4554.0,6428
2015-09-09 00:00:00+05:30,4624.0,4650.5,4554.5,4622.5,3543
2015-09-10 00:00:00+05:30,4614.0,4678.0,4545.5,4573.5,5555
2015-09-11 00:00:00+05:30,4647.5,4671.5,4577.0,4635.5,2758
2015-09-14 00:00:00+05:30,4728.0,4728.0,4577.0,4641.0,5972
2015-09-15 00:00:00+05:30,4640.5,4673.0,4585.0,4610.0,3267
2015-09-16 00:00:00+05:30,4676.5,4692.5,4616.0,4672.5,3124
2015-09-18 00:00:00+05:30,4702.5,4702.5,4638.5,4651.5,3640
2015-09-21 00:00:00+05:30,4651.5,4721.5,4627.0,4704.0,1798
2015-09-22 00:00:00+05:30,4736.0,4736.5,4654.5,4707.0,2643
2015-09-23 00:00:00+05:30,4673.0,4712.0,4604.5,4647.0,5180
2015-09-24 00:00:00+05:30,4663.0,4736.5,4624.0,4720.0,2221
2015-09-28 00:00:00+05:30,4702.5,4717.0,4622.5,4699.5,3732
2015-09-29 00:00:00+05:30,4624.0,4771.0,4624.0,4692.0,4349
2015-09-30 00:00:00+05:30,4742.5,4800.5,4674.0,4766.0,4731
2015-10-01 00:00:00+05:30,4771.0,4913.5,4770.0,4884.5,5649
2015-10-05 00:00:00+05:30,4913.0,4996.5,4894.0,4963.0,3436
2015-10-06 00:00:00+05:30,5020.5,5021.0,4865.0,4946.5,4425
2015-10-07 00:00:00+05:30,4917.5,4976.5,4906.5,4946.0,4307
2015-10-08 00:00:00+05:30,4805.5,4939.5,4805.5,4929.0,2586
2015-10-09 00:00:00+05:30,4947.5,4947.5,4859.0,4898.0,6749
2015-10-12 00:00:00+05:30,4897.5,4942.5,4856.5,4913.5,3035
2015-10-13 00:00:00+05:30,4905.5,4918.0,4867.0,4894.0,2116
2015-10-14 00:00:00+05:30,4917.0,4917.0,4847.5,4873.0,3849
2015-10-15 00:00:00+05:30,4850.5,4878.5,4737.5,4782.5,6649
2015-10-16 00:00:00+05:30,4766.5,4807.5,4676.0,4708.5,8535
2015-10-19 00:00:00+05:30,4785.5,4785.5,4637.5,4717.0,11494
2015-10-20 00:00:00+05:30,4743.5,4883.0,4743.5,4855.0,6833
2015-10-21 00:00:00+05:30,4847.5,4908.0,4816.0,4887.5,2949
2015-10-23 00:00:00+05:30,4861.5,4918.0,4839.5,4888.5,4823
2015-10-26 00:00:00+05:30,4898.0,4935.0,4861.0,4893.0,9115
2015-10-27 00:00:00+05:30,4862.5,4876.5,4800.5,4839.0,2988
2015-10-28 00:00:00+05:30,4839.5,4839.5,4732.5,4773.5,4306
2015-10-29 00:00:00+05:30,4767.0,4767.0,4712.0,4751.5,3670
2015-10-30 00:00:00+05:30,4808.0,4810.0,4693.5,4755.0,3931
2015-11-02 00:00:00+05:30,4824.0,4824.0,4630.0,4690.0,4407
2015-11-03 00:00:00+05:30,4738.5,4738.5,4590.5,4613.5,5751
2015-11-04 00:00:00+05:30,4644.5,4692.5,4595.5,4628.0,18971
2015-11-05 00:00:00+05:30,4624.0,4689.5,4581.0,4611.0,3086
2015-11-06 00:00:00+05:30,4624.0,4751.5,4555.5,4659.5,3934
2015-11-09 00:00:00+05:30,4692.5,4692.5,4565.0,4598.0,8021
2015-11-10 00:00:00+05:30,4654.0,4654.0,4537.0,4561.0,13662
2015-11-11 00:00:00+05:30,4522.0,4678.0,4519.0,4656.5,1328
2015-11-13 00:00:00+05:30,4656.5,4656.5,4536.0,4553.0,4345
2015-11-16 00:00:00+05:30,4527.0,4565.0,4526.0,4553.5,2821
2015-11-17 00:00:00+05:30,4580.0,4604.5,4489.0,4540.0,8056
2015-11-18 00:00:00+05:30,4521.0,4570.0,4478.5,4525.5,3655
2015-11-19 00:00:00+05:30,4526.0,4724.0,4512.5,4642.0,5710
2015-11-20 00:00:00+05:30,4691.5,4702.5,4583.5,4666.5,5936
2015-11-23 00:00:00+05:30,4673.0,4675.0,4590.0,4637.0,4669
2015-11-24 00:00:00+05:30,4638.5,4668.0,4578.0,4596.5,8411
2015-11-26 00:00:00+05:30,4596.5,4640.5,4542.0,4599.0,12923
2015-11-27 00:00:00+05:30,4605.5,4621.0,4555.5,4591.5,4233
2015-11-30 00:00:00+05:30,4555.5,4620.0,4555.5,4599.0,3824
2015-12-01 00:00:00+05:30,4599.0,4619.0,4582.0,4606.0,6204
2015-12-02 00:00:00+05:30,4609.5,4700.5,4548.5,4628.0,3530
2015-12-03 00:00:00+05:30,4628.0,4644.5,4589.5,4618.0,4319
2015-12-04 00:00:00+05:30,4576.0,4683.0,4566.0,4633.0,7194
2015-12-07 00:00:00+05:30,4633.0,4702.5,4610.5,4651.5,17270
2015-12-08 00:00:00+05:30,4662.5,4662.5,4556.5,4577.5,4058
2015-12-09 00:00:00+05:30,4577.0,4581.5,4482.0,4511.0,4439
2015-12-10 00:00:00+05:30,4510.5,4788.0,4480.0,4629.5,4506
2015-12-11 00:00:00+05:30,4629.0,4662.5,4585.0,4637.5,2739
2015-12-14 00:00:00+05:30,4581.5,4653.5,4565.5,4612.0,3854
2015-12-15 00:00:00+05:30,4590.5,4634.0,4577.0,4620.5,8692
2015-12-16 00:00:00+05:30,4620.0,4643.5,4586.0,4613.5,3720
2015-12-17 00:00:00+05:30,4590.5,4647.5,4575.0,4627.5,4014
2015-12-18 00:00:00+05:30,4624.0,4624.0,4575.0,4603.5,3250
2015-12-21 00:00:00+05:30,4623.0,4624.0,4580.0,4605.0,3720
2015-12-22 00:00:00+05:30,4594.5,4609.0,4555.5,4586.5,3144
2015-12-23 00:00:00+05:30,4599.0,4614.0,4580.0,4598.5,2906
2015-12-24 00:00:00+05:30,4568.0,4608.5,4557.5,4587.0,2339
2015-12-28 00:00:00+05:30,4587.0,4590.0,4558.5,4581.5,2660
2015-12-29 00:00:00+05:30,4581.0,4581.0,4529.0,4554.0,3217
2015-12-30 00:00:00+05:30,4553.5,4582.0,4496.5,4571.0,5308
2015-12-31 00:00:00+05:30,4570.0,4592.5,4535.0,4571.5,2585
2016-01-01 00:00:00+05:30,4594.5,4594.5,4531.0,4552.0,2348
2016-01-04 00:00:00+05:30,4580.0,4580.0,4516.0,4541.0,3562
2016-01-05 00:00:00+05:30,4526.0,4604.5,4526.0,4591.5,3968
2016-01-06 00:00:00+05:30,4555.5,4584.5,4518.0,4552.0,5206
2016-01-07 00:00:00+05:30,4531.5,4565.0,4487.0,4555.5,4130
2016-01-08 00:00:00+05:30,4528.0,4580.0,4528.0,4559.0,6925
2016-01-11 00:00:00+05:30,4524.0,4555.5,4491.0,4531.0,3242
2016-01-12 00:00:00+05:30,4494.5,4555.5,4468.5,4553.0,5765
2016-01-13 00:00:00+05:30,4528.0,4580.0,4457.5,4559.0,5672
2016-01-14 00:00:00+05:30,4506.0,4560.5,4479.0,4530.0,3724
2016-01-15 00:00:00+05:30,4554.0,4554.5,4443.0,4484.0,3565
2016-01-18 00:00:00+05:30,4477.0,4477.0,4227.5,4373.5,16540
2016-01-19 00:00:00+05:30,4362.5,4521.0,4272.5,4453.0,4747
2016-01-20 00:00:00+05:30,4408.5,4433.0,4330.0,4399.0,6159
2016-01-21 00:00:00+05:30,4398.5,4439.5,4330.5,4395.5,3772
2016-01-22 00:00:00+05:30,4395.5,4505.0,4364.5,4420.0,5481
2016-01-25 00:00:00+05:30,4420.0,4506.5,4387.0,4395.5,2390
2016-01-27 00:00:00+05:30,4384.0,4433.0,4321.5,4397.0,4087
2016-01-28 00:00:00+05:30,4345.5,4408.5,4327.0,4397.5,41702
2016-01-29 00:00:00+05:30,4380.5,4406.5,4362.5,4391.0,4735
2016-02-01 00:00:00+05:30,4354.5,4396.5,4342.0,4358.5,2333
2016-02-02 00:00:00+05:30,4354.5,4379.0,4330.0,4362.0,2495
2016-02-03 00:00:00+05:30,4337.0,4354.5,4300.5,4316.0,10997
2016-02-04 00:00:00+05:30,4316.5,4406.5,4272.5,4308.0,28517
2016-02-05 00:00:00+05:30,4347.5,4347.5,4261.5,4306.0,13463
2016-02-08 00:00:00+05:30,4312.5,4320.5,4261.5,4279.0,2522
2016-02-09 00:00:00+05:30,4278.0,4278.0,4174.5,4204.0,3609
2016-02-10 00:00:00+05:30,4203.5,4280.0,4017.5,4055.0,10256
2016-02-11 00:00:00+05:30,4047.0,4047.0,3889.5,3922.5,10157
2016-02-12 00:00:00+05:30,3922.5,4114.5,3728.0,3987.5,8030
2016-02-15 00:00:00+05:30,4085.0,4223.5,3967.5,4203.0,3657
2016-02-16 00:00:00+05:30,4185.0,4232.0,4122.5,4153.0,4989
2016-02-17 00:00:00+05:30,4153.0,4310.5,4027.5,4272.0,4021
2016-02-18 00:00:00+05:30,4309.5,4384.0,4169.0,4327.5,4693
2016-02-19 00:00:00+05:30,4320.5,4383.0,4244.5,4346.0,2833
2016-02-22 00:00:00+05:30,4267.5,4427.0,4267.5,4389.5,3468
2016-02-23 00:00:00+05:30,4389.0,4417.0,4271.5,4401.5,2944
2016-02-24 00:00:00+05:30,4375.0,4408.5,4353.5,4389.5,3239
2016-02-25 00:00:00+05:30,4391.5,4436.5,4271.5,4366.5,7663
2016-02-26 00:00:00+05:30,4302.0,4408.5,4282.0,4369.0,4170
2016-02-29 00:00:00+05:30,4369.5,4396.5,4232.0,4320.0,7651
2016-03-01 00:00:00+05:30,4338.0,4384.0,4251.0,4360.5,8129
2016-03-02 00:00:00+05:30,4359.5,4492.0,4316.5,4403.0,6998
2016-03-03 00:00:00+05:30,4402.5,4456.5,4323.0,4404.5,5740
2016-03-04 00:00:00+05:30,4399.5,4457.5,4349.5,4408.0,3747
2016-03-08 00:00:00+05:30,4402.5,4457.5,4315.5,4410.5,10780
2016-03-09 00:00:00+05:30,4359.5,4428.5,4335.0,4378.5,3924
2016-03-10 00:00:00+05:30,4377.0,4438.0,4345.0,4407.0,2783
2016-03-11 00:00:00+05:30,4360.5,4446.5,4340.0,4409.0,12199
2016-03-14 00:00:00+05:30,4382.0,4408.5,4354.5,4403.0,3970
2016-03-15 00:00:00+05:30,4372.5,4398.5,4354.5,4381.0,3438
2016-03-16 00:00:00+05:30,4368.5,4408.5,4368.5,4389.5,3547
2016-03-17 00:00:00+05:30,4402.0,4408.5,4349.5,4368.5,3836
2016-03-18 00:00:00+05:30,4368.5,4384.5,4237.0,4298.5,11775
2016-03-21 00:00:00+05:30,4300.5,4389.0,4300.5,4369.5,7938
2016-03-22 00:00:00+05:30,4369.5,4387.0,4301.5,4342.5,3593
2016-03-23 00:00:00+05:30,4337.5,4387.0,4318.5,4354.0,3335
2016-03-28 00:00:00+05:30,4354.0,4373.0,4264.5,4299.0,3010
2016-03-29 00:00:00+05:30,4310.5,4347.5,4247.0,4292.5,2884
2016-03-30 00:00:00+05:30,4296.0,4396.5,4275.0,4322.5,4190
2016-03-31 00:00:00+05:30,4321.0,4376.0,4290.0,4322.5,3960
2016-04-01 00:00:00+05:30,4294.0,4343.0,4261.5,4298.0,2113
2016-04-04 00:00:00+05:30,4340.0,4347.5,4293.0,4322.5,2138
2016-04-05 00:00:00+05:30,4320.5,4347.0,4300.5,4335.0,738
2016-04-06 00:00:00+05:30,4402.5,4402.5,4295.0,4312.0,3340
2016-04-07 00:00:00+05:30,4327.0,4354.5,4283.0,4312.5,3142
2016-04-08 00:00:00+05:30,4312.5,4389.0,4298.5,4349.0,2288
2016-04-11 00:00:00+05:30,4386.0,4386.0,4293.0,4309.5,2592
2016-04-12 00:00:00+05:30,4315.5,4443.0,4299.5,4337.5,5121
2016-04-13 00:00:00+05:30,4337.0,4364.5,4337.0,4358.0,1885
2016-04-18 00:00:00+05:30,4267.5,4363.5,4267.5,4320.0,5056
2016-04-20 00:00:00+05:30,4373.0,4373.0,4286.0,4301.5,3231
2016-04-21 00:00:00+05:30,4311.5,4349.5,4271.5,4292.5,2775
2016-04-22 00:00:00+05:30,4266.5,4349.5,4266.5,4311.0,2466
2016-04-25 00:00:00+05:30,4310.5,4338.0,4263.0,4291.0,2702
2016-04-26 00:00:00+05:30,4291.0,4291.0,4034.0,4197.0,117967
2016-04-27 00:00:00+05:30,4213.5,4222.0,4156.0,4179.0,4230
2016-04-28 00:00:00+05:30,4183.5,4207.5,4124.5,4162.5,4955
2016-04-29 00:00:00+05:30,4202.0,4202.0,4046.0,4096.0,9579
2016-05-02 00:00:00+05:30,4095.0,4163.5,4036.5,4138.5,11311
2016-05-03 00:00:00+05:30,4110.5,4180.0,4110.5,4142.0,2264
2016-05-04 00:00:00+05:30,4188.0,4212.5,4124.5,4193.0,2208
2016-05-05 00:00:00+05:30,4193.0,4492.0,4169.5,4338.5,125210
2016-05-06 00:00:00+05:30,4358.5,4400.5,4321.5,4344.0,17511
2016-05-09 00:00:00+05:30,4379.0,4442.0,4379.0,4411.0,13662
2016-05-10 00:00:00+05:30,4438.0,4467.5,4399.0,4439.5,25744
2016-05-11 00:00:00+05:30,4408.5,4477.0,4389.0,4431.0,4900
2016-05-12 00:00:00+05:30,4384.0,4482.0,4384.0,4468.5,13069
2016-05-13 00:00:00+05:30,4457.5,4594.5,4447.5,4568.0,9582
2016-05-16 00:00:00+05:30,4609.0,4702.5,4580.5,4613.5,12751
2016-05-17 00:00:00+05:30,4604.5,4678.0,4604.5,4628.5,3871
2016-05-18 00:00:00+05:30,4604.5,4722.0,4604.5,4679.0,4864
2016-05-19 00:00:00+05:30,4679.0,4737.5,4626.0,4656.5,7471
2016-05-20 00:00:00+05:30,4657.5,4683.0,4585.0,4612.0,5906
2016-05-23 00:00:00+05:30,4612.0,4632.0,4537.0,4564.5,2461
2016-05-24 00:00:00+05:30,4565.5,4668.0,4538.0,4634.0,2885
2016-05-25 00:00:00+05:30,4643.5,4653.5,4585.0,4606.5,3420
2016-05-26 00:00:00+05:30,4606.5,4683.0,4574.0,4627.5,4156
2016-05-27 00:00:00+05:30,4653.5,4673.0,4585.0,4602.5,4943
2016-05-30 00:00:00+05:30,4629.0,4642.5,4588.5,4618.5,23076
2016-05-31 00:00:00+05:30,4604.5,4650.5,4467.5,4518.5,8514
2016-06-01 00:00:00+05:30,4580.0,4604.5,4519.0,4580.0,2265
2016-06-02 00:00:00+05:30,4581.0,4643.5,4537.0,4600.5,2420
2016-06-03 00:00:00+05:30,4600.5,4608.0,4555.0,4574.0,4178
2016-06-06 00:00:00+05:30,4575.0,4575.5,4511.5,4525.5,3067
2016-06-07 00:00:00+05:30,4536.0,4544.5,4499.5,4530.5,3185
2016-06-08 00:00:00+05:30,4536.0,4536.0,4473.0,4500.5,3508
2016-06-09 00:00:00+05:30,4508.5,4536.0,4454.0,4475.0,3826
2016-06-10 00:00:00+05:30,4511.0,4511.0,4444.0,4489.0,2741
2016-06-13 00:00:00+05:30,4488.5,4506.5,4414.5,4459.5,1359
2016-06-14 00:00:00+05:30,4460.5,4467.5,4424.5,4441.5,2445
2016-06-15 00:00:00+05:30,4445.5,4467.5,4428.0,4443.5,4094
2016-06-16 00:00:00+05:30,4443.0,4474.0,4358.5,4381.5,8197
2016-06-17 00:00:00+05:30,4381.0,4467.5,4381.0,4444.5,3236
2016-06-20 00:00:00+05:30,4454.5,4462.5,4347.5,4353.0,9674
2016-06-21 00:00:00+05:30,4393.5,4393.5,4163.5,4359.0,48434
2016-06-22 00:00:00+05:30,4358.5,4445.5,4322.5,4429.5,7149
2016-06-23 00:00:00+05:30,4456.5,4457.5,4389.5,4451.0,4084
2016-06-24 00:00:00+05:30,4401.5,4436.0,4291.0,4396.5,6252
2016-06-27 00:00:00+05:30,4428.0,4434.0,4377.5,4414.0,3369
2016-06-28 00:00:00+05:30,4415.5,4452.5,4383.5,4437.5,2496
2016-06-29 00:00:00+05:30,4440.0,4457.5,4391.0,4436.5,9497
2016-06-30 00:00:00+05:30,4467.5,4524.0,4439.0,4489.5,4913
2016-07-01 00:00:00+05:30,4489.0,4727.0,4422.0,4671.0,4908
2016-07-04 00:00:00+05:30,4662.5,4668.0,4580.0,4600.0,3873
2016-07-05 00:00:00+05:30,4599.5,4604.5,4555.5,4579.5,1962
2016-07-07 00:00:00+05:30,4579.0,4643.5,4579.0,4603.0,4529
2016-07-08 00:00:00+05:30,4602.5,4614.0,4557.0,4595.0,1811
2016-07-11 00:00:00+05:30,4624.0,4700.5,4615.0,4671.0,4945
2016-07-12 00:00:00+05:30,4670.0,4722.0,4604.5,4688.0,3748
2016-07-13 00:00:00+05:30,4653.5,4722.0,4652.0,4693.0,2297
2016-07-14 00:00:00+05:30,4677.0,4677.0,4629.0,4650.5,4939
2016-07-15 00:00:00+05:30,4721.0,4721.0,4608.5,4641.5,2069
2016-07-18 00:00:00+05:30,4641.5,4651.5,4560.5,4604.5,1998
2016-07-19 00:00:00+05:30,4621.0,4681.0,4594.5,4659.5,7047
2016-07-20 00:00:00+05:30,4611.5,4643.5,4597.0,4607.0,9651
2016-07-21 00:00:00+05:30,4653.5,4653.5,4560.5,4581.0,2454
2016-07-22 00:00:00+05:30,4610.5,4633.0,4555.5,4620.5,2392
2016-07-25 00:00:00+05:30,4596.5,4676.5,4596.5,4666.0,5218
2016-07-26 00:00:00+05:30,4665.0,4665.0,4567.0,4584.5,3508
2016-07-27 00:00:00+05:30,4629.0,4629.0,4580.0,4595.5,966
2016-07-28 00:00:00+05:30,4613.5,4653.5,4573.0,4647.0,2106
2016-07-29 00:00:00+05:30,4646.5,4653.5,4614.0,4650.5,2286
2016-08-01 00:00:00+05:30,4650.5,4751.5,4560.5,4708.5,5181
2016-08-02 00:00:00+05:30,4751.5,4751.5,4522.5,4552.5,7169
2016-08-03 00:00:00+05:30,4550.5,4629.0,4537.0,4583.5,1751
2016-08-04 00:00:00+05:30,4652.0,4652.0,4528.5,4581.5,2434
2016-08-05 00:00:00+05:30,4591.5,4671.0,4566.5,4646.5,2200
2016-08-08 00:00:00+05:30,4638.5,4798.5,4605.5,4759.0,4065
2016-08-09 00:00:00+05:30,4761.0,4761.0,4643.5,4655.0,5529
2016-08-10 00:00:00+05:30,4655.5,4712.0,4575.0,4606.5,1994
2016-08-11 00:00:00+05:30,4606.5,4702.5,4575.5,4649.5,2699
2016-08-12 00:00:00+05:30,4675.5,4721.0,4654.0,4696.5,1885
2016-08-16 00:00:00+05:30,4697.5,4746.5,4654.5,4734.0,2878
2016-08-17 00:00:00+05:30,4710.0,4741.5,4580.0,4610.0,5436
2016-08-18 00:00:00+05:30,4648.5,4683.0,4607.5,4668.5,1857
2016-08-19 00:00:00+05:30,4668.0,4681.0,4614.5,4632.5,3544
2016-08-22 00:00:00+05:30,4634.0,4701.5,4634.0,4685.5,2706
2016-08-23 00:00:00+05:30,4685.5,4748.5,4482.0,4583.5,28722
2016-08-24 00:00:00+05:30,4534.0,4550.5,4432.0,4449.5,10042
2016-08-25 00:00:00+05:30,4458.5,4481.0,4369.0,4404.0,10207
2016-08-26 00:00:00+05:30,4404.5,4457.5,4379.0,4408.0,2372
2016-08-29 00:00:00+05:30,4474.5,4475.0,4386.0,4429.0,1340
2016-08-30 00:00:00+05:30,4385.0,4450.0,4369.5,4390.0,7992
2016-08-31 00:00:00+05:30,4449.5,4449.5,4360.5,4378.5,21033
2016-09-01 00:00:00+05:30,4384.0,4397.5,4355.5,4370.0,4447
2016-09-02 00:00:00+05:30,4374.0,4394.0,4349.5,4369.5,3109
2016-09-06 00:00:00+05:30,4380.0,4446.5,4364.5,4421.5,3475
2016-09-07 00:00:00+05:30,4421.5,4447.5,4364.5,4396.5,4328
2016-09-08 00:00:00+05:30,4395.5,4433.0,4375.0,4417.5,2016
2016-09-09 00:00:00+05:30,4389.0,4433.0,4374.0,4411.5,2017
2016-09-12 00:00:00+05:30,4410.5,4479.0,4366.5,4390.5,1297
2016-09-14 00:00:00+05:30,4390.5,4406.5,4364.5,4381.5,2661
2016-09-15 00:00:00+05:30,4384.0,4423.0,4310.5,4394.5,3188
2016-09-16 00:00:00+05:30,4405.5,4417.0,4370.5,4409.5,4485
2016-09-19 00:00:00+05:30,4418.5,4426.0,4387.0,4419.0,1995
2016-09-20 00:00:00+05:30,4425.0,4438.0,4379.0,4411.0,2034
2016-09-21 00:00:00+05:30,4397.5,4409.5,4363.5,4388.0,1944
2016-09-22 00:00:00+05:30,4394.0,4423.0,4380.5,4406.0,4642
2016-09-23 00:00:00+05:30,4405.5,4457.5,4366.5,4381.5,4237
2016-09-26 00:00:00+05:30,4381.0,4408.5,4345.0,4349.5,3155
2016-09-27 00:00:00+05:30,4348.5,4374.0,4179.0,4283.5,4829
2016-09-28 00:00:00+05:30,4310.5,4310.5,4225.5,4251.0,5132
2016-09-29 00:00:00+05:30,4293.5,4296.0,4194.0,4247.5,4229
2016-09-30 00:00:00+05:30,4247.0,4307.5,4183.5,4251.5,2809
2016-10-03 00:00:00+05:30,4310.5,4310.5,4238.0,4258.5,3390
2016-10-04 00:00:00+05:30,4261.5,4309.5,4228.0,4288.5,8577
2016-10-05 00:00:00+05:30,4247.0,4291.0,4233.0,4278.5,9659
2016-10-06 00:00:00+05:30,4300.5,4345.0,4273.5,4316.0,3002
2016-10-07 00:00:00+05:30,4291.0,4335.0,4242.0,4260.5,8477
2016-10-10 00:00:00+05:30,4261.5,4300.0,4217.5,4263.0,928
2016-10-13 00:00:00+05:30,4271.5,4286.5,4163.5,4176.5,18484
2016-10-14 00:00:00+05:30,4212.5,4263.5,4144.0,4178.0,6707
2016-10-17 00:00:00+05:30,4178.0,4211.5,4090.0,4125.0,6629
2016-10-18 00:00:00+05:30,4134.0,4183.0,4096.0,4154.0,4428
2016-10-19 00:00:00+05:30,4157.5,4203.0,4124.5,4175.0,3371
2016-10-20 00:00:00+05:30,4174.5,4308.5,4106.5,4245.0,2208
2016-10-21 00:00:00+05:30,4309.5,4309.5,4203.0,4261.0,4173
2016-10-24 00:00:00+05:30,4214.0,4305.5,4214.0,4271.5,3995
2016-10-25 00:00:00+05:30,4276.0,4276.0,4203.0,4232.5,2240
2016-10-26 00:00:00+05:30,4232.0,4241.0,4178.5,4215.0,1749
2016-10-27 00:00:00+05:30,4193.0,4237.0,4178.5,4212.5,1582
2016-10-28 00:00:00+05:30,4179.0,4215.0,4144.0,4179.0,2451
2016-11-01 00:00:00+05:30,4206.5,4236.0,4170.0,4211.5,1041
2016-11-02 00:00:00+05:30,4193.0,4310.5,4150.0,4276.0,2511
2016-11-03 00:00:00+05:30,4276.0,4305.5,4217.5,4257.5,3166
2016-11-04 00:00:00+05:30,4227.5,4262.5,4124.5,4141.0,5452
2016-11-07 00:00:00+05:30,4244.5,4244.5,4119.5,4190.5,2775
2016-11-08 00:00:00+05:30,4171.5,4240.0,4151.0,4214.5,3093
2016-11-09 00:00:00+05:30,4114.5,4163.5,4017.5,4144.5,5962
2016-11-10 00:00:00+05:30,4212.5,4259.5,4102.0,4115.5,4308
2016-11-11 00:00:00+05:30,4123.0,4198.0,4010.0,4128.5,4654
2016-11-15 00:00:00+05:30,4193.0,4193.0,3982.5,4110.5,5516
2016-11-16 00:00:00+05:30,4085.0,4309.0,4085.0,4243.5,3963
2016-11-17 00:00:00+05:30,4212.5,4299.5,4212.5,4261.5,3131
2016-11-18 00:00:00+05:30,4197.5,4306.5,4122.5,4210.0,6487
2016-11-21 00:00:00+05:30,4299.5,4299.5,4142.0,4207.5,3960
2016-11-22 00:00:00+05:30,4232.0,4307.5,4140.0,4237.5,2769
2016-11-23 00:00:00+05:30,4298.5,4298.5,4184.5,4270.0,1717
2016-11-24 00:00:00+05:30,4203.0,4244.5,4164.5,4200.0,3593
2016-11-25 00:00:00+05:30,4193.0,4207.5,4150.0,4173.5,2648
2016-11-28 00:00:00+05:30,4231.0,4270.5,4126.5,4170.0,1880
2016-11-29 00:00:00+05:30,4135.5,4250.0,4129.5,4207.5,4080
2016-11-30 00:00:00+05:30,4207.5,4340.0,4192.0,4308.0,5003
2016-12-01 00:00:00+05:30,4384.0,4433.0,4241.5,4321.0,36509
2016-12-02 00:00:00+05:30,4320.5,4320.5,4190.0,4227.0,6029
2016-12-05 00:00:00+05:30,4248.0,4261.5,4194.0,4253.0,1796
2016-12-06 00:00:00+05:30,4261.5,4300.5,4173.5,4232.0,4682
2016-12-07 00:00:00+05:30,4286.0,4286.0,4139.0,4202.5,5004
2016-12-08 00:00:00+05:30,4232.0,4239.5,4175.5,4209.0,2795
2016-12-09 00:00:00+05:30,4207.5,4207.5,4140.5,4194.5,2737
2016-12-12 00:00:00+05:30,4188.0,4212.5,4156.0,4204.5,2308
2016-12-13 00:00:00+05:30,4180.5,4212.5,4164.0,4206.5,2223
2016-12-14 00:00:00+05:30,4214.0,4251.5,4185.0,4198.0,4908
2016-12-15 00:00:00+05:30,4198.0,4241.0,4188.0,4208.5,2938
2016-12-16 00:00:00+05:30,4207.5,4212.5,4188.0,4209.0,3485
2016-12-19 00:00:00+05:30,4229.0,4229.0,4193.0,4206.0,1584
2016-12-20 00:00:00+05:30,4212.5,4212.5,4180.5,4206.0,2206
2016-12-21 00:00:00+05:30,4171.0,4212.5,4171.0,4209.5,2148
2016-12-22 00:00:00+05:30,4207.0,4211.5,4174.5,4200.5,3640
2016-12-23 00:00:00+05:30,4242.0,4242.0,4188.0,4205.5,2999
2016-12-26 00:00:00+05:30,4166.5,4239.0,4165.5,4213.0,2560
2016-12-27 00:00:00+05:30,4233.0,4250.5,4185.0,4206.5,5392
2016-12-28 00:00:00+05:30,4232.0,4237.0,4199.0,4212.0,4257
2016-12-29 00:00:00+05:30,4202.5,4232.0,4198.0,4213.0,5187
2016-12-30 00:00:00+05:30,4203.0,4246.5,4183.0,4216.5,5582
2017-01-02 00:00:00+05:30,4259.5,4259.5,4136.5,4163.5,2797
2017-01-03 00:00:00+05:30,4207.5,4207.5,4135.0,4152.5,2282
2017-01-04 00:00:00+05:30,4114.5,4167.0,4114.5,4149.0,2597
2017-01-05 00:00:00+05:30,4150.0,4173.5,4119.5,4140.0,2857
2017-01-06 00:00:00+05:30,4145.5,4158.5,4115.5,4135.0,3192
2017-01-09 00:00:00+05:30,4193.0,4193.0,4119.5,4135.5,1521
2017-01-10 00:00:00+05:30,4148.5,4161.5,4124.5,4139.0,4181
2017-01-11 00:00:00+05:30,4124.5,4139.0,4115.5,4131.5,4310
2017-01-12 00:00:00+05:30,4134.0,4156.5,4096.0,4132.0,3609
2017-01-13 00:00:00+05:30,4139.5,4181.0,4114.5,4136.5,3681
2017-01-16 00:00:00+05:30,4167.0,4167.0,4100.0,4132.0,4238
2017-01-17 00:00:00+05:30,4109.5,4139.0,4106.0,4131.0,3410
2017-01-18 00:00:00+05:30,4125.0,4148.0,4124.5,4135.5,3259
2017-01-19 00:00:00+05:30,4125.5,4139.0,4112.5,4132.0,27890
2017-01-20 00:00:00+05:30,4139.0,4139.0,4106.0,4114.5,23762
2017-01-23 00:00:00+05:30,4114.5,4139.0,4085.0,4125.5,2374
2017-01-24 00:00:00+05:30,4116.0,4139.0,4100.0,4135.5,2258
2017-01-25 00:00:00+05:30,4153.5,4153.5,4124.5,4136.5,3557
2017-01-27 00:00:00+05:30,4162.5,4162.5,4121.5,4136.0,10214
2017-01-30 00:00:00+05:30,4163.5,4163.5,4117.5,4139.0,3656
2017-01-31 00:00:00+05:30,4139.0,4139.0,4117.5,4132.0,3050
2017-02-01 00:00:00+05:30,4132.0,4159.5,4093.0,4131.0,3480
2017-02-02 00:00:00+05:30,4164.5,4164.5,4071.5,4129.0,6417
2017-02-03 00:00:00+05:30,4103.5,4139.0,4103.5,4135.0,3047
2017-02-06 00:00:00+05:30,4136.0,4151.0,4087.0,4105.0,42165
2017-02-07 00:00:00+05:30,4153.5,4153.5,4027.5,4071.0,14294
2017-02-08 00:00:00+05:30,4104.5,4122.0,4068.0,4105.0,2947
2017-02-09 00:00:00+05:30,4067.5,4143.0,4067.5,4121.5,4046
2017-02-10 00:00:00+05:30,4104.5,4114.5,4080.5,4091.0,4274
2017-02-13 00:00:00+05:30,4114.5,4114.5,4047.0,4060.5,4024
2017-02-14 00:00:00+05:30,4045.0,4086.0,4037.5,4071.5,3114
2017-02-15 00:00:00+05:30,4103.0,4103.0,4026.5,4035.0,3030
2017-02-16 00:00:00+05:30,4026.5,4055.0,4026.5,4038.0,7808
2017-02-17 00:00:00+05:30,4104.0,4104.0,4023.5,4036.5,3259
2017-02-20 00:00:00+05:30,4095.0,4095.0,4007.0,4026.5,166102
2017-02-21 00:00:00+05:30,4019.0,4065.5,4016.5,4045.0,5409
2017-02-22 00:00:00+05:30,4016.5,4024.0,4002.0,4013.0,7353
2017-02-23 00:00:00+05:30,4041.0,4041.0,3992.0,4015.0,20022
2017-02-27 00:00:00+05:30,4016.5,4026.5,3940.5,3960.0,4967
2017-02-28 00:00:00+05:30,3995.0,3995.0,3940.5,3954.5,6808
2017-03-01 00:00:00+05:30,3987.0,4016.5,3958.5,3992.0,36570
2017-03-02 00:00:00+05:30,4003.5,4016.5,3967.5,4004.5,3854
2017-03-03 00:00:00+05:30,4004.5,4016.5,3987.5,4007.0,4174
2017-03-06 00:00:00+05:30,4015.5,4016.5,3978.5,4016.0,6304
2017-03-07 00:00:00+05:30,4016.0,4016.5,3988.0,4008.0,1627
2017-03-08 00:00:00+05:30,4008.0,4014.5,3993.0,4001.5,977
2017-03-09 00:00:00+05:30,4001.5,4026.5,3981.0,4010.0,3230
2017-03-10 00:00:00+05:30,4016.5,4018.5,3997.0,4013.0,17445
2017-03-14 00:00:00+05:30,4036.0,4036.0,3987.0,4012.5,5296
2017-03-15 00:00:00+05:30,4016.5,4053.0,4002.0,4023.0,10361
2017-03-16 00:00:00+05:30,4049.5,4217.0,4004.0,4083.5,17738
2017-03-17 00:00:00+05:30,4114.5,4114.5,4064.5,4087.0,10175
2017-03-20 00:00:00+05:30,4113.5,4114.5,4059.0,4091.5,3694
2017-03-21 00:00:00+05:30,4104.0,4104.0,4046.0,4069.5,4650
2017-03-22 00:00:00+05:30,4041.0,4065.5,4023.5,4040.0,4586
2017-03-23 00:00:00+05:30,4016.5,4065.5,3973.0,4021.5,126854
2017-03-24 00:00:00+05:30,4021.5,4090.0,3998.0,4009.5,8129
2017-03-27 00:00:00+05:30,4036.0,4065.5,3992.0,4044.5,4753
2017-03-28 00:00:00+05:30,4065.5,4144.0,4002.0,4014.5,12402
2017-03-29 00:00:00+05:30,3997.0,4109.5,3997.0,4084.5,10872
2017-03-30 00:00:00+05:30,4032.5,4114.5,4023.5,4094.5,15714
2017-03-31 00:00:00+05:30,4091.0,4193.0,4063.5,4133.5,27146
2017-04-03 00:00:00+05:30,4163.5,4211.5,4109.5,4143.5,10872
2017-04-05 00:00:00+05:30,4162.5,4163.5,4095.0,4106.0,118228
2017-04-06 00:00:00+05:30,4134.0,4144.0,4070.5,4105.5,7432
2017-04-07 00:00:00+05:30,4086.5,4163.5,4029.5,4113.0,13511
2017-04-10 00:00:00+05:30,4086.0,4114.5,4072.5,4090.5,7044
2017-04-11 00:00:00+05:30,4112.5,4112.5,4080.5,4093.5,5022
2017-04-12 00:00:00+05:30,4096.0,4113.5,4052.0,4091.5,6337
2017-04-13 00:00:00+05:30,4100.0,4100.0,4060.5,4086.0,19876
2017-04-17 00:00:00+05:30,4108.5,4108.5,4036.5,4050.0,3098
2017-04-18 00:00:00+05:30,4050.5,4080.5,4041.0,4064.5,54076
2017-04-19 00:00:00+05:30,4113.5,4113.5,4070.5,4090.5,4968
2017-04-20 00:00:00+05:30,4113.5,4113.5,4062.0,4092.5,2466
2017-04-21 00:00:00+05:30,4096.0,4103.0,4070.5,4075.5,5611
2017-04-24 00:00:00+05:30,4100.0,4100.0,4058.0,4087.5,4300
2017-04-25 00:00:00+05:30,4085.0,4094.5,4070.5,4090.0,2309
2017-04-26 00:00:00+05:30,4090.0,4099.5,4066.5,4093.0,3743
2017-04-27 00:00:00+05:30,4085.0,4128.0,4085.0,4114.5,9011
2017-04-28 00:00:00+05:30,4105.5,4266.5,4099.5,4237.0,9320
2017-05-02 00:00:00+05:30,4222.5,4261.5,4164.5,4241.5,4926
2017-05-03 00:00:00+05:30,4207.5,4322.0,4203.0,4268.0,5176
2017-05-04 00:00:00+05:30,4286.0,4379.0,4281.0,4356.0,7870
2017-05-05 00:00:00+05:30,4340.0,4367.5,4294.5,4326.0,5122
2017-05-08 00:00:00+05:30,4702.5,4864.0,4615.0,4716.5,99197
2017-05-09 00:00:00+05:30,4744.5,4923.5,4704.5,4879.0,85781
2017-05-10 00:00:00+05:30,4893.5,4971.0,4879.0,4917.0,33367
2017-05-11 00:00:00+05:30,4917.0,4923.0,4801.5,4826.0,16667
2017-05-12 00:00:00+05:30,4827.0,4883.5,4801.5,4855.0,11608
2017-05-15 00:00:00+05:30,4887.5,4887.5,4763.5,4815.0,30325
2017-05-16 00:00:00+05:30,4876.0,4876.0,4800.5,4821.5,11584
2017-05-17 00:00:00+05:30,4741.5,4741.5,4653.5,4673.5,18103
2017-05-18 00:00:00+05:30,4673.0,4677.5,4573.0,4607.5,5649
2017-05-19 00:00:00+05:30,4610.0,4702.5,4577.0,4655.0,5819
2017-05-22 00:00:00+05:30,4604.5,4663.0,4566.0,4586.0,5609
2017-05-23 00:00:00+05:30,4575.0,4575.0,4463.5,4521.0,6611
2017-05-24 00:00:00+05:30,4518.5,4574.0,4463.5,4491.0,4738
2017-05-25 00:00:00+05:30,4464.0,4624.0,4457.5,4580.5,4210
2017-05-26 00:00:00+05:30,4568.0,4701.5,4534.0,4594.5,3907
2017-05-29 00:00:00+05:30,4557.5,4690.5,4532.0,4640.5,2460
2017-05-30 00:00:00+05:30,4609.0,4702.5,4604.5,4673.5,2995
2017-05-31 00:00:00+05:30,4673.0,4766.0,4628.0,4694.0,13784
2017-06-01 00:00:00+05:30,4634.0,4714.0,4634.0,4673.5,9710
2017-06-02 00:00:00+05:30,4671.5,4746.5,4645.5,4694.0,9961
2017-06-05 00:00:00+05:30,4751.5,4751.5,4651.5,4721.0,4307
2017-06-06 00:00:00+05:30,4737.5,4737.5,4686.0,4715.5,3121
2017-06-07 00:00:00+05:30,4673.5,4795.5,4673.5,4783.0,6606
2017-06-08 00:00:00+05:30,4692.0,4769.0,4687.5,4744.5,5977
2017-06-09 00:00:00+05:30,4751.5,4824.0,4694.5,4799.0,22762
2017-06-12 00:00:00+05:30,4751.5,4787.5,4713.5,4763.0,7700
2017-06-13 00:00:00+05:30,4776.0,4799.5,4713.5,4743.5,5067
2017-06-14 00:00:00+05:30,4788.5,4789.5,4684.5,4731.0,8650
2017-06-15 00:00:00+05:30,4749.5,4751.5,4703.5,4722.0,6338
2017-06-16 00:00:00+05:30,4756.0,4756.0,4696.5,4713.5,16058
2017-06-19 00:00:00+05:30,4712.5,4727.0,4694.5,4713.5,6273
2017-06-20 00:00:00+05:30,4722.0,4795.5,4712.0,4764.0,4354
2017-06-21 00:00:00+05:30,4802.5,4802.5,4722.0,4790.5,1917
2017-06-22 00:00:00+05:30,4800.0,4824.0,4764.0,4798.5,4077
2017-06-23 00:00:00+05:30,4798.5,4849.5,4743.5,4836.5,5116
2017-06-27 00:00:00+05:30,4836.0,4863.0,4754.0,4806.5,7161
2017-06-28 00:00:00+05:30,4801.5,4818.5,4771.0,4803.0,2884
2017-06-29 00:00:00+05:30,4831.0,4849.5,4805.0,4839.5,2629
2017-06-30 00:00:00+05:30,4806.0,5071.5,4806.0,5007.0,21756
2017-07-03 00:00:00+05:30,5005.0,5070.0,4934.0,5033.0,3858
2017-07-04 00:00:00+05:30,5007.0,5099.0,5004.0,5074.5,4385
2017-07-05 00:00:00+05:30,5047.5,5093.5,5017.0,5055.0,4324
2017-07-06 00:00:00+05:30,5060.0,5093.0,5001.0,5069.0,4176
2017-07-07 00:00:00+05:30,5016.5,5083.5,5016.5,5064.0,2126
2017-07-10 00:00:00+05:30,5064.0,5149.0,4925.0,5110.5,1754
2017-07-11 00:00:00+05:30,5094.0,5110.0,5028.0,5074.0,3178
2017-07-12 00:00:00+05:30,5074.5,5114.0,5021.0,5051.0,2442
2017-07-13 00:00:00+05:30,4998.0,5080.5,4948.5,4977.0,8308
2017-07-14 00:00:00+05:30,4976.5,5035.5,4903.5,5024.0,2748
2017-07-17 00:00:00+05:30,5072.5,5072.5,4959.0,5022.0,4200
2017-07-18 00:00:00+05:30,5016.0,5032.5,4968.0,5010.0,3127
2017-07-19 00:00:00+05:30,5021.5,5041.5,5001.0,5018.0,4121
2017-07-20 00:00:00+05:30,5011.0,5018.0,4978.5,5000.5,2884
2017-07-21 00:00:00+05:30,4963.5,5064.5,4963.5,5051.5,1407
2017-07-24 00:00:00+05:30,5057.0,5057.0,4975.0,5015.5,5044
2017-07-25 00:00:00+05:30,5020.0,5045.5,4947.5,4998.0,14998
2017-07-26 00:00:00+05:30,5056.0,5065.0,5001.5,5050.0,2110
2017-07-27 00:00:00+05:30,5044.5,5143.0,5016.0,5091.5,4119
2017-07-28 00:00:00+05:30,5170.5,5170.5,5030.5,5116.5,2909
2017-07-31 00:00:00+05:30,5172.5,5172.5,5065.0,5137.0,1747
2017-08-01 00:00:00+05:30,5185.5,5185.5,5106.0,5152.0,2317
2017-08-02 00:00:00+05:30,5185.5,5185.5,5079.5,5110.0,5125
2017-08-03 00:00:00+05:30,5099.0,5191.0,5079.5,5154.5,1566
2017-08-04 00:00:00+05:30,5155.0,5284.5,5095.5,5217.0,3394
2017-08-07 00:00:00+05:30,5148.0,5261.0,5148.0,5240.5,1971
2017-08-08 00:00:00+05:30,5241.0,5265.5,5116.0,5202.0,3058
2017-08-09 00:00:00+05:30,5165.5,5239.0,5060.0,5134.5,3530
2017-08-10 00:00:00+05:30,5104.0,5104.0,4979.5,5024.0,16854
2017-08-11 00:00:00+05:30,4958.0,5092.0,4910.5,5034.0,4345
2017-08-14 00:00:00+05:30,5145.0,5262.5,5056.0,5212.0,3893
2017-08-16 00:00:00+05:30,5261.5,5330.0,5192.0,5245.0,2404
2017-08-17 00:00:00+05:30,5250.0,5289.0,5173.5,5238.0,2883
2017-08-18 00:00:00+05:30,5178.5,5260.0,5178.5,5236.5,8870
2017-08-21 00:00:00+05:30,5236.0,5290.0,5169.0,5196.5,2276
2017-08-22 00:00:00+05:30,5191.0,5192.0,5143.0,5173.5,4407
2017-08-23 00:00:00+05:30,5216.0,5216.5,5124.0,5176.0,4631
2017-08-24 00:00:00+05:30,5241.0,5268.5,5077.5,5225.5,17686
2017-08-28 00:00:00+05:30,5155.0,5187.5,5046.5,5159.0,11290
2017-08-29 00:00:00+05:30,5093.5,5187.5,5093.5,5158.0,2231
2017-08-30 00:00:00+05:30,5165.5,5334.5,5163.0,5237.5,2856
2017-08-31 00:00:00+05:30,5192.0,5336.0,5182.5,5287.5,5749
2017-09-01 00:00:00+05:30,5304.0,5314.5,5232.0,5287.5,2720
2017-09-04 00:00:00+05:30,5251.0,5335.0,5195.0,5213.0,5396
2017-09-05 00:00:00+05:30,5197.5,5288.0,5155.5,5277.5,5761
2017-09-06 00:00:00+05:30,5241.5,5290.0,5235.0,5282.0,1407
2017-09-07 00:00:00+05:30,5241.0,5314.5,5223.5,5288.5,1140
2017-09-08 00:00:00+05:30,5328.5,5328.5,5266.0,5289.5,1346
2017-09-11 00:00:00+05:30,5318.5,5318.5,5251.0,5288.0,1570
2017-09-12 00:00:00+05:30,5287.0,5289.0,5229.5,5284.5,2484
2017-09-13 00:00:00+05:30,5275.5,5287.5,5221.5,5256.5,2156
2017-09-14 00:00:00+05:30,5289.0,5339.0,5207.0,5288.0,2493
2017-09-15 00:00:00+05:30,5290.0,5388.0,5233.5,5352.0,4949
2017-09-18 00:00:00+05:30,5388.0,5441.0,5359.0,5372.5,3133
2017-09-19 00:00:00+05:30,5341.0,5410.5,5313.5,5370.0,2104
2017-09-20 00:00:00+05:30,5412.5,5413.5,5312.0,5365.0,1937
2017-09-21 00:00:00+05:30,5389.0,5403.0,5343.0,5384.0,1052
2017-09-22 00:00:00+05:30,5384.0,5436.0,5307.0,5342.5,2409
2017-09-25 00:00:00+05:30,5310.5,5407.5,5243.0,5340.0,4103
2017-09-26 00:00:00+05:30,5339.0,5388.0,5265.5,5354.0,4827
2017-09-27 00:00:00+05:30,5354.0,5407.5,5329.5,5378.5,3193
2017-09-28 00:00:00+05:30,5368.5,5461.5,5340.0,5437.0,2131
2017-09-29 00:00:00+05:30,5453.5,5584.0,5403.5,5493.5,6283
2017-10-03 00:00:00+05:30,5520.5,5574.5,5457.5,5524.5,2581
2017-10-04 00:00:00+05:30,5535.0,5656.5,5497.0,5623.5,2742
2017-10-05 00:00:00+05:30,5619.0,5647.5,5548.0,5594.5,2038
2017-10-06 00:00:00+05:30,5585.5,5622.5,5540.0,5576.0,1293
2017-10-09 00:00:00+05:30,5565.5,5662.5,5555.5,5633.5,2049
2017-10-10 00:00:00+05:30,5618.5,5706.5,5618.5,5653.0,1439
2017-10-11 00:00:00+05:30,5709.5,5709.5,5622.0,5649.0,1711
2017-10-12 00:00:00+05:30,5640.0,5696.0,5628.0,5662.5,3029
2017-10-13 00:00:00+05:30,5682.0,5713.0,5634.5,5679.5,2082
2017-10-16 00:00:00+05:30,5679.0,5725.0,5643.0,5692.0,995
2017-10-17 00:00:00+05:30,5690.0,5719.0,5633.0,5660.0,641
2017-10-18 00:00:00+05:30,5648.0,5701.5,5619.5,5679.0,1696
2017-10-23 00:00:00+05:30,5715.5,5715.5,5594.5,5628.5,3425
2017-10-24 00:00:00+05:30,5676.0,5705.5,5555.5,5639.5,5527
2017-10-25 00:00:00+05:30,5693.0,5696.5,5610.0,5677.0,2719
2017-10-26 00:00:00+05:30,5677.0,5749.5,5672.0,5736.0,1400
2017-10-27 00:00:00+05:30,5731.0,5792.0,5706.5,5737.0,1630
2017-10-30 00:00:00+05:30,5737.0,5895.5,5736.0,5868.5,22428
2017-10-31 00:00:00+05:30,5868.0,5904.5,5809.5,5853.5,2291
2017-11-01 00:00:00+05:30,5853.5,5948.0,5853.5,5855.5,1946
2017-11-02 00:00:00+05:30,5853.5,5916.0,5848.5,5870.0,2107
2017-11-03 00:00:00+05:30,5972.5,5972.5,5853.5,5887.0,942
2017-11-06 00:00:00+05:30,5889.5,5896.5,5835.0,5847.5,1795
2017-11-07 00:00:00+05:30,5872.0,6026.0,5764.5,5865.5,4871
2017-11-08 00:00:00+05:30,5786.5,5916.5,5732.5,5773.0,4282
2017-11-09 00:00:00+05:30,5873.0,5873.0,5753.0,5832.0,6792
2017-11-10 00:00:00+05:30,5785.0,6000.5,5778.0,5861.0,7051
2017-11-13 00:00:00+05:30,5917.0,5995.0,5721.0,5792.0,14866
2017-11-14 00:00:00+05:30,5834.0,5878.0,5731.0,5841.0,17417
2017-11-15 00:00:00+05:30,5877.5,5877.5,5780.0,5813.0,1705
2017-11-16 00:00:00+05:30,5813.0,5903.5,5733.0,5872.0,1396
2017-11-17 00:00:00+05:30,5872.5,5954.5,5860.0,5927.5,2651
2017-11-20 00:00:00+05:30,5927.5,5994.5,5905.5,5968.0,1402
2017-11-21 00:00:00+05:30,5961.0,6103.5,5961.0,6037.5,2306
2017-11-22 00:00:00+05:30,6039.5,6221.0,6038.5,6180.0,2729
2017-11-23 00:00:00+05:30,6181.5,6343.0,6179.5,6216.5,7336
2017-11-24 00:00:00+05:30,6255.0,6259.0,6130.5,6160.0,1224
2017-11-27 00:00:00+05:30,6145.5,6258.0,6088.5,6176.5,2188
2017-11-28 00:00:00+05:30,6137.5,6222.0,6137.5,6175.5,1462
2017-11-29 00:00:00+05:30,6175.5,6333.0,6171.5,6238.5,22791
2017-11-30 00:00:00+05:30,6293.5,6425.5,6194.0,6258.5,11792
2017-12-01 00:00:00+05:30,6288.5,6466.0,6279.0,6438.0,4440
2017-12-04 00:00:00+05:30,6436.5,6563.0,6417.0,6553.5,3793
2017-12-05 00:00:00+05:30,6553.5,6755.0,6543.0,6560.5,12690
2017-12-06 00:00:00+05:30,6597.5,6598.0,6485.5,6495.0,4076
2017-12-07 00:00:00+05:30,6441.5,6695.0,6441.5,6667.0,6057
2017-12-08 00:00:00+05:30,6799.0,6857.5,6686.0,6854.0,5632
2017-12-11 00:00:00+05:30,6848.0,6941.0,6774.5,6869.0,5164
2017-12-12 00:00:00+05:30,6910.0,6955.5,6760.5,6791.5,6108
2017-12-13 00:00:00+05:30,6823.5,6843.0,6561.0,6635.5,6221
2017-12-14 00:00:00+05:30,6582.5,6655.5,6461.0,6501.0,4488
2017-12-15 00:00:00+05:30,6562.5,6735.0,6524.5,6720.0,5174
2017-12-18 00:00:00+05:30,6821.5,6821.5,6516.5,6641.0,5307
2017-12-19 00:00:00+05:30,6641.0,6809.0,6641.0,6733.5,4656
2017-12-20 00:00:00+05:30,6804.0,6804.0,6676.5,6714.5,2692
2017-12-21 00:00:00+05:30,6644.0,6776.5,6644.0,6676.0,2676
2017-12-22 00:00:00+05:30,6737.5,6740.0,6614.0,6642.0,2262
2017-12-26 00:00:00+05:30,6642.0,6745.0,6642.0,6677.5,7977
2017-12-27 00:00:00+05:30,6740.0,6740.0,6593.0,6621.0,23226
2017-12-28 00:00:00+05:30,6621.5,6666.5,6540.0,6578.5,2471
2017-12-29 00:00:00+05:30,6607.5,6715.5,6593.5,6629.5,12904
2018-01-01 00:00:00+05:30,6695.5,6750.0,6612.5,6634.0,1646
2018-01-02 00:00:00+05:30,6608.0,6705.0,6608.0,6625.5,16744
2018-01-03 00:00:00+05:30,6689.0,6689.0,6578.5,6609.0,29198
2018-01-04 00:00:00+05:30,6611.0,6671.5,6551.0,6612.5,9949
2018-01-05 00:00:00+05:30,6690.5,6690.5,6563.5,6588.0,4911
2018-01-08 00:00:00+05:30,6681.5,6681.5,6563.5,6593.0,12612
2018-01-09 00:00:00+05:30,6718.5,6718.5,6570.5,6580.5,1783
2018-01-10 00:00:00+05:30,6577.5,6691.0,6539.0,6564.0,23942
2018-01-11 00:00:00+05:30,6567.5,6635.0,6545.0,6582.5,2768
2018-01-12 00:00:00+05:30,6564.0,6582.0,6491.0,6507.5,5043
2018-01-15 00:00:00+05:30,6527.5,6602.0,6467.5,6514.0,1922
2018-01-16 00:00:00+05:30,6579.0,6579.0,6519.5,6547.0,2199
2018-01-17 00:00:00+05:30,6487.5,6534.0,6477.5,6515.5,4284
2018-01-18 00:00:00+05:30,6580.5,6580.5,6467.0,6472.0,3571
2018-01-19 00:00:00+05:30,6558.5,6635.0,6466.0,6546.5,5710
2018-01-22 00:00:00+05:30,6563.5,6563.5,6467.0,6487.0,4684
2018-01-23 00:00:00+05:30,6489.5,6515.0,6418.0,6455.0,3402
2018-01-24 00:00:00+05:30,6456.0,6544.0,6390.5,6492.5,2718
2018-01-25 00:00:00+05:30,6562.0,6562.0,6426.5,6502.0,986
2018-01-29 00:00:00+05:30,6551.5,6583.5,6505.5,6563.5,3808
2018-01-30 00:00:00+05:30,6591.5,6592.0,6481.5,6568.0,5575
2018-01-31 00:00:00+05:30,6487.5,6562.5,6400.0,6421.5,10575
2018-02-01 00:00:00+05:30,6514.5,6514.5,6320.0,6417.5,9304
2018-02-02 00:00:00+05:30,6322.0,6409.0,6221.0,6318.5,7086
2018-02-05 00:00:00+05:30,6221.0,6318.5,6221.0,6260.0,1732
2018-02-06 00:00:00+05:30,6087.5,6395.0,6015.0,6307.5,2937
2018-02-07 00:00:00+05:30,6309.0,6417.0,6281.0,6308.0,1691
2018-02-08 00:00:00+05:30,6322.0,6392.5,6318.5,6363.0,4463
2018-02-09 00:00:00+05:30,6343.5,6554.0,6213.0,6413.0,10115
2018-02-12 00:00:00+05:30,6343.5,6464.5,6343.5,6403.5,982
2018-02-14 00:00:00+05:30,6457.5,6708.5,6369.0,6571.0,2877
2018-02-15 00:00:00+05:30,6636.5,6636.5,6456.0,6508.0,1895
2018-02-16 00:00:00+05:30,6563.5,6644.0,6505.0,6564.0,3066
2018-02-19 00:00:00+05:30,6622.5,6686.0,6477.5,6580.5,2848
2018-02-20 00:00:00+05:30,6549.0,6630.5,6549.0,6606.5,2782
2018-02-21 00:00:00+05:30,6540.0,6612.0,6515.5,6557.5,5776
2018-02-22 00:00:00+05:30,6563.5,6573.5,6498.0,6531.5,2880
2018-02-23 00:00:00+05:30,6505.0,6553.0,6467.0,6511.0,6133
2018-02-26 00:00:00+05:30,6572.5,6572.5,6490.5,6514.5,3554
2018-02-27 00:00:00+05:30,6487.5,6561.5,6487.5,6514.0,4248
2018-02-28 00:00:00+05:30,6490.5,6534.5,6467.5,6516.5,8096
2018-03-01 00:00:00+05:30,6513.5,6515.0,6476.0,6512.5,1516
2018-03-05 00:00:00+05:30,6592.0,6592.0,6454.0,6528.5,17126
2018-03-06 00:00:00+05:30,6522.5,6522.5,6427.0,6471.5,1651
2018-03-07 00:00:00+05:30,6531.5,6561.0,6330.0,6482.5,7621
2018-03-08 00:00:00+05:30,6466.0,6515.0,6418.0,6508.5,2956
2018-03-09 00:00:00+05:30,6453.0,6497.5,6418.0,6438.0,3089
2018-03-12 00:00:00+05:30,6418.0,6490.0,6401.5,6465.5,2727
2018-03-13 00:00:00+05:30,6514.5,6514.5,6422.0,6474.0,3078
2018-03-14 00:00:00+05:30,6461.0,6504.0,6446.0,6462.0,3011
2018-03-15 00:00:00+05:30,6425.0,6509.5,6414.5,6474.0,2554
2018-03-16 00:00:00+05:30,6475.5,6475.5,6272.0,6300.0,8836
2018-03-19 00:00:00+05:30,6356.0,6356.0,6240.5,6307.5,7591
2018-03-20 00:00:00+05:30,6271.0,6333.5,6242.0,6327.5,3887
2018-03-21 00:00:00+05:30,6318.0,6367.0,6271.0,6333.0,3161
2018-03-22 00:00:00+05:30,6272.5,6367.0,6270.0,6330.0,5682
2018-03-23 00:00:00+05:30,6222.0,6324.0,6178.0,6287.5,3183
2018-03-26 00:00:00+05:30,6243.5,6432.0,6192.5,6302.5,4917
2018-03-27 00:00:00+05:30,6401.0,6431.5,6304.5,6401.5,1784
2018-03-28 00:00:00+05:30,6387.5,6466.0,6383.0,6424.0,7969
2018-04-02 00:00:00+05:30,6424.0,6509.0,6379.0,6461.0,2437
2018-04-03 00:00:00+05:30,6456.0,6464.0,6402.5,6432.0,3700
2018-04-04 00:00:00+05:30,6424.0,6448.5,6343.0,6406.5,1914
2018-04-05 00:00:00+05:30,6479.5,6479.5,6389.5,6441.5,4326
2018-04-06 00:00:00+05:30,6459.5,6466.0,6397.0,6426.0,4795
2018-04-09 00:00:00+05:30,6444.5,6445.5,6409.0,6416.5,6260
2018-04-10 00:00:00+05:30,6416.5,6443.0,6341.0,6366.5,6116
2018-04-11 00:00:00+05:30,6325.0,6432.5,6325.0,6413.0,3716
2018-04-12 00:00:00+05:30,6409.0,6425.5,6382.5,6416.0,2216
2018-04-13 00:00:00+05:30,6393.5,6436.5,6393.5,6415.0,3401
2018-04-16 00:00:00+05:30,6405.0,6417.0,6380.5,6416.0,3213
2018-04-17 00:00:00+05:30,6427.5,6432.0,6400.0,6417.0,3620
2018-04-18 00:00:00+05:30,6483.0,6504.0,6372.5,6414.0,3433
2018-04-19 00:00:00+05:30,6465.0,6485.5,6400.5,6420.0,3379
2018-04-20 00:00:00+05:30,6443.0,6454.5,6374.5,6420.5,2247
2018-04-23 00:00:00+05:30,6420.5,6420.5,6397.0,6414.5,2765
2018-04-24 00:00:00+05:30,6410.5,6417.0,6395.0,6415.5,3335
2018-04-25 00:00:00+05:30,6415.5,6426.5,6379.5,6415.0,3897
2018-04-26 00:00:00+05:30,6416.0,6421.5,6387.5,6417.0,3740
2018-04-27 00:00:00+05:30,6447.5,6447.5,6402.5,6416.0,2701
2018-04-30 00:00:00+05:30,6473.5,6473.5,6384.5,6416.0,3336
2018-05-02 00:00:00+05:30,6456.0,6457.0,6407.0,6421.0,3052
2018-05-03 00:00:00+05:30,6386.5,6417.0,6378.5,6410.0,4246
2018-05-04 00:00:00+05:30,6414.0,6494.0,6388.5,6442.5,4611
2018-05-07 00:00:00+05:30,6464.0,6466.0,6397.0,6424.5,3447
2018-05-08 00:00:00+05:30,6400.5,6450.0,6380.5,6416.5,6625
2018-05-09 00:00:00+05:30,6384.5,6426.5,6383.0,6415.5,2741
2018-05-10 00:00:00+05:30,6407.0,6417.0,6387.5,6416.0,10625
2018-05-11 00:00:00+05:30,6417.0,6417.0,6253.0,6415.5,4484
2018-05-14 00:00:00+05:30,6334.5,6368.0,6226.5,6289.0,6126
2018-05-15 00:00:00+05:30,6328.0,6414.5,6301.0,6402.5,1821
2018-05-16 00:00:00+05:30,6392.0,6410.0,6319.0,6373.0,10792
2018-05-17 00:00:00+05:30,6396.0,6453.0,6376.5,6411.5,3648
2018-05-18 00:00:00+05:30,6387.5,6454.0,6377.5,6413.0,2597
2018-05-21 00:00:00+05:30,6397.0,6431.5,6289.5,6366.5,3277
2018-05-22 00:00:00+05:30,6344.0,6416.0,6329.0,6408.0,3219
2018-05-23 00:00:00+05:30,6417.0,6453.0,6370.0,6390.0,13959
2018-05-24 00:00:00+05:30,6395.0,6441.5,6368.0,6393.0,893
2018-05-25 00:00:00+05:30,6453.0,6453.0,6357.5,6417.0,6816
2018-05-28 00:00:00+05:30,6433.5,6450.0,6382.5,6418.0,7714
2018-05-29 00:00:00+05:30,6450.5,6450.5,6380.0,6417.0,2910
2018-05-30 00:00:00+05:30,6383.0,6464.5,6383.0,6414.0,13330
2018-05-31 00:00:00+05:30,6465.5,6465.5,6403.0,6438.5,9490
2018-06-01 00:00:00+05:30,6417.0,6450.0,6398.0,6416.0,8096
2018-06-04 00:00:00+05:30,6463.5,6463.5,6321.0,6372.5,8129
2018-06-05 00:00:00+05:30,6368.0,6407.0,6284.5,6406.0,4897
2018-06-06 00:00:00+05:30,6397.0,6434.5,6343.5,6410.5,2887
2018-06-07 00:00:00+05:30,6398.5,6449.5,6384.0,6413.5,3512
2018-06-08 00:00:00+05:30,6417.0,6425.5,6389.0,6416.0,2209
2018-06-11 00:00:00+05:30,6417.0,6422.5,6369.0,6396.5,14437
2018-06-12 00:00:00+05:30,6344.5,6430.5,6344.5,6415.5,6852
2018-06-13 00:00:00+05:30,6421.5,6426.5,6392.5,6416.5,5430
2018-06-14 00:00:00+05:30,6373.5,6415.5,6369.0,6397.0,13632
2018-06-15 00:00:00+05:30,6397.0,6417.0,6382.5,6399.0,5222
2018-06-18 00:00:00+05:30,6402.0,6441.0,6387.5,6415.0,3034
2018-06-19 00:00:00+05:30,6406.5,6417.0,6372.5,6415.0,3388
2018-06-20 00:00:00+05:30,6368.0,6421.5,6368.0,6406.0,3587
2018-06-21 00:00:00+05:30,6411.0,6411.0,6377.5,6400.5,3021
2018-06-22 00:00:00+05:30,6374.5,6390.0,6320.0,6344.0,4569
2018-06-25 00:00:00+05:30,6415.0,6415.0,6328.0,6363.0,3209
2018-06-26 00:00:00+05:30,6319.0,6363.0,6286.0,6342.0,2359
2018-06-27 00:00:00+05:30,6295.5,6363.0,6264.0,6297.5,4239
2018-06-28 00:00:00+05:30,6286.0,6299.0,6250.0,6274.5,3047
2018-06-29 00:00:00+05:30,6215.0,6294.5,6215.0,6289.5,4260
2018-07-02 00:00:00+05:30,6364.5,6364.5,6270.0,6280.0,6151
2018-07-03 00:00:00+05:30,6260.5,6308.0,6250.0,6293.5,2871
2018-07-04 00:00:00+05:30,6354.5,6500.0,6271.0,6424.5,2405
2018-07-05 00:00:00+05:30,6344.5,6455.0,6215.0,6410.5,8244
2018-07-06 00:00:00+05:30,6367.0,6424.5,6323.5,6391.0,5334
2018-07-09 00:00:00+05:30,6368.0,6417.0,6321.0,6390.5,13673
2018-07-10 00:00:00+05:30,6368.0,6415.0,6368.0,6392.0,6908
2018-07-11 00:00:00+05:30,6420.5,6420.5,6372.5,6392.0,2586
2018-07-12 00:00:00+05:30,6379.0,6414.0,6343.5,6392.5,5361
2018-07-13 00:00:00+05:30,6414.5,6538.5,6172.0,6394.5,11492
2018-07-16 00:00:00+05:30,6323.5,6392.5,6239.0,6389.5,3945
2018-07-17 00:00:00+05:30,6377.5,6397.0,6338.5,6392.0,6177
2018-07-18 00:00:00+05:30,6414.0,6414.0,6358.5,6390.0,5767
2018-07-19 00:00:00+05:30,6373.5,6412.0,6370.5,6392.5,8926
2018-07-20 00:00:00+05:30,6402.0,6495.0,6377.5,6445.0,2895
2018-07-23 00:00:00+05:30,6495.0,6495.0,6355.5,6474.5,4654
2018-07-24 00:00:00+05:30,6497.0,6676.0,6464.5,6610.5,6515
2018-07-25 00:00:00+05:30,6808.5,6808.5,6529.5,6583.5,3550
2018-07-26 00:00:00+05:30,6598.0,6661.0,6515.0,6562.5,15224
2018-07-27 00:00:00+05:30,6545.0,6583.5,6516.0,6559.0,3805
2018-07-30 00:00:00+05:30,6635.5,6662.0,6519.5,6539.5,3625
2018-07-31 00:00:00+05:30,6534.5,6647.0,6481.0,6556.0,4723
2018-08-01 00:00:00+05:30,6498.0,6586.0,6498.0,6562.5,3166
2018-08-02 00:00:00+05:30,6564.0,6598.0,6536.5,6561.5,3062
2018-08-03 00:00:00+05:30,6598.0,6661.5,6536.5,6562.5,2527
2018-08-06 00:00:00+05:30,6628.5,6628.5,6515.0,6558.5,2125
2018-08-07 00:00:00+05:30,6627.0,6627.0,6534.5,6560.5,1971
2018-08-08 00:00:00+05:30,6537.5,6563.5,6524.5,6556.5,4852
2018-08-09 00:00:00+05:30,6556.5,6581.0,6530.5,6553.0,2522
2018-08-10 00:00:00+05:30,6553.5,6553.5,6493.0,6514.0,2578
2018-08-13 00:00:00+05:30,6497.0,6515.0,6377.5,6400.0,4803
2018-08-14 00:00:00+05:30,6370.0,6422.5,6364.0,6418.0,3411
2018-08-16 00:00:00+05:30,6494.0,6494.0,6403.0,6416.0,3154
2018-08-17 00:00:00+05:30,6407.0,6455.0,6402.0,6419.0,5005
2018-08-20 00:00:00+05:30,6392.5,6465.0,6392.5,6416.5,3405
2018-08-21 00:00:00+05:30,6419.5,6463.5,6398.5,6422.0,5445
2018-08-23 00:00:00+05:30,6423.5,6465.5,6232.5,6310.0,27538
2018-08-24 00:00:00+05:30,6279.5,6387.5,6250.0,6350.5,6069
2018-08-27 00:00:00+05:30,6445.0,6445.0,6329.0,6411.5,4528
2018-08-28 00:00:00+05:30,6407.0,6433.5,6377.5,6409.5,8775
2018-08-29 00:00:00+05:30,6409.0,6409.5,6320.5,6352.5,7648
2018-08-30 00:00:00+05:30,6390.5,6426.5,6321.0,6416.0,6490
2018-08-31 00:00:00+05:30,6426.5,6573.5,6392.5,6488.0,8806
2018-09-03 00:00:00+05:30,6515.0,6709.5,6515.0,6672.0,7328
2018-09-04 00:00:00+05:30,6706.0,6954.5,6683.5,6732.0,17372
2018-09-05 00:00:00+05:30,6779.0,6779.0,6578.5,6657.0,6099
2018-09-06 00:00:00+05:30,6675.5,6701.0,6534.5,6605.5,3451
2018-09-07 00:00:00+05:30,6652.0,6734.0,6521.0,6695.5,11131
2018-09-10 00:00:00+05:30,6758.5,6758.5,6564.0,6597.5,7927
2018-09-11 00:00:00+05:30,6574.5,6622.0,6539.5,6594.0,1486
2018-09-12 00:00:00+05:30,6583.5,6630.5,6503.0,6615.0,5283
2018-09-14 00:00:00+05:30,6615.0,6730.5,6610.5,6681.0,3119
2018-09-17 00:00:00+05:30,6740.0,6740.0,6640.0,6717.0,2209
2018-09-18 00:00:00+05:30,6716.5,6833.0,6662.0,6694.0,6102
2018-09-19 00:00:00+05:30,6748.0,6748.0,6614.0,6662.0,2122
2018-09-21 00:00:00+05:30,6618.5,6768.5,6570.0,6752.5,7354
2018-09-24 00:00:00+05:30,6799.0,6799.0,6569.5,6616.0,2928
2018-09-25 00:00:00+05:30,6612.5,6631.5,6530.5,6604.0,4971
2018-09-26 00:00:00+05:30,6568.5,6738.5,6533.5,6611.5,3320
2018-09-27 00:00:00+05:30,6661.5,6661.5,6486.5,6540.5,6644
2018-09-28 00:00:00+05:30,6582.5,6608.0,6467.5,6554.0,7150
2018-10-01 00:00:00+05:30,6491.0,6563.5,6203.0,6425.5,9228
2018-10-03 00:00:00+05:30,6407.0,6612.5,6368.0,6563.5,4759
2018-10-04 00:00:00+05:30,6524.5,6524.5,6387.5,6434.0,3235
2018-10-05 00:00:00+05:30,6487.0,6487.0,6339.5,6409.5,1854
2018-10-08 00:00:00+05:30,6529.5,6529.5,6280.0,6353.0,5032
2018-10-09 00:00:00+05:30,6319.0,6351.0,6197.5,6276.0,4120
2018-10-10 00:00:00+05:30,6250.5,6353.5,6193.0,6312.5,4302
2018-10-11 00:00:00+05:30,6181.5,6353.0,6181.5,6338.5,4448
2018-10-12 00:00:00+05:30,6348.0,6417.0,6275.0,6408.5,2942
2018-10-15 00:00:00+05:30,6432.0,6504.0,6392.5,6466.5,2551
2018-10-16 00:00:00+05:30,6524.5,6545.0,6417.0,6513.5,13057
2018-10-17 00:00:00+05:30,6562.0,6562.0,6379.5,6466.5,6276
2018-10-19 00:00:00+05:30,6401.5,6513.5,6381.0,6465.0,5360
2018-10-22 00:00:00+05:30,6524.5,6530.5,6393.5,6456.5,3716
2018-10-23 00:00:00+05:30,6392.0,6478.5,6379.5,6455.0,4406
2018-10-24 00:00:00+05:30,6466.0,6476.0,6419.0,6456.5,7123
2018-10-25 00:00:00+05:30,6578.5,6578.5,6402.5,6448.0,4570
2018-10-26 00:00:00+05:30,6402.5,6446.0,6397.5,6416.5,5975
2018-10-29 00:00:00+05:30,6417.0,6444.0,6377.5,6404.0,6818
2018-10-30 00:00:00+05:30,6368.0,6419.5,6329.0,6405.5,8276
2018-10-31 00:00:00+05:30,6405.5,6417.0,6356.0,6404.0,5141
2018-11-01 00:00:00+05:30,6497.0,6497.0,6358.0,6410.0,3882
2018-11-02 00:00:00+05:30,6410.0,6446.0,6370.0,6406.5,8265
2018-11-05 00:00:00+05:30,6465.0,6465.0,6237.5,6302.0,16576
2018-11-06 00:00:00+05:30,6294.5,6348.0,6226.5,6299.0,5434
2018-11-09 00:00:00+05:30,6294.5,6425.5,6294.5,6415.0,9056
2018-11-12 00:00:00+05:30,6417.0,6451.0,6358.0,6399.0,10527
2018-11-13 00:00:00+05:30,6399.0,6417.0,6373.0,6414.5,2743
2018-11-14 00:00:00+05:30,6418.5,6418.5,6363.0,6413.0,3099
2018-11-15 00:00:00+05:30,6369.0,6421.5,6351.0,6377.0,2304
2018-11-16 00:00:00+05:30,6377.0,6406.0,6343.5,6376.0,2659
2018-11-19 00:00:00+05:30,6368.0,6384.5,6309.5,6366.5,2389
2018-11-20 00:00:00+05:30,6366.5,6441.5,6325.0,6399.0,1060
2018-11-21 00:00:00+05:30,6416.0,6416.0,6335.5,6373.5,1420
2018-11-22 00:00:00+05:30,6414.5,6414.5,6343.5,6367.0,6789
2018-11-26 00:00:00+05:30,6349.5,6391.0,6328.5,6360.0,6484
2018-11-27 00:00:00+05:30,6324.0,6367.0,6323.5,6362.0,1587
2018-11-28 00:00:00+05:30,6426.5,6426.5,6344.0,6366.0,7601
2018-11-29 00:00:00+05:30,6363.0,6397.0,6338.5,6372.5,2330
2018-11-30 00:00:00+05:30,6429.5,6429.5,6353.0,6410.5,9084
2018-12-03 00:00:00+05:30,6410.0,6424.5,6348.5,6378.0,6670
2018-12-04 00:00:00+05:30,6431.5,6431.5,6348.5,6365.0,7835
2018-12-05 00:00:00+05:30,6414.0,6414.0,6319.0,6361.0,4681
2018-12-06 00:00:00+05:30,6320.0,6388.5,6320.0,6366.5,3963
2018-12-07 00:00:00+05:30,6387.5,6387.5,6329.5,6360.5,2652
2018-12-10 00:00:00+05:30,6236.5,6323.5,6103.5,6141.5,13845
2018-12-11 00:00:00+05:30,6054.5,6245.0,6046.5,6224.5,1657
2018-12-12 00:00:00+05:30,6270.0,6378.5,6213.5,6366.0,2762
2018-12-13 00:00:00+05:30,6434.0,6434.0,6343.5,6367.0,14833
2018-12-14 00:00:00+05:30,6377.5,6377.5,6336.0,6364.0,4555
2018-12-17 00:00:00+05:30,6364.0,6387.5,6342.5,6367.5,4509
2018-12-18 00:00:00+05:30,6338.5,6381.5,6323.5,6354.5,4595
2018-12-19 00:00:00+05:30,6328.5,6389.5,6328.5,6358.0,5397
2018-12-20 00:00:00+05:30,6388.5,6388.5,6328.5,6354.5,6156
2018-12-21 00:00:00+05:30,6386.5,6386.5,6328.5,6349.5,6312
2018-12-24 00:00:00+05:30,6387.5,6387.5,6343.5,6360.0,1658
2018-12-26 00:00:00+05:30,6385.5,6385.5,6299.5,6365.0,1573
2018-12-27 00:00:00+05:30,6348.5,6368.0,6348.5,6366.5,1687
2018-12-28 00:00:00+05:30,6387.5,6387.5,6335.5,6365.5,5515
2018-12-31 00:00:00+05:30,6365.5,6387.0,6340.0,6367.0,2464
2019-01-01 00:00:00+05:30,6383.5,6383.5,6321.5,6336.0,1326
2019-01-02 00:00:00+05:30,6366.0,6367.0,6290.5,6353.0,2680
2019-01-03 00:00:00+05:30,6360.0,6366.5,6301.0,6353.0,2973
2019-01-04 00:00:00+05:30,6367.0,6368.0,6319.0,6362.0,3799
2019-01-07 00:00:00+05:30,6382.5,6382.5,6276.0,6353.5,4727
2019-01-08 00:00:00+05:30,6358.0,6368.0,6326.0,6367.5,9159
2019-01-09 00:00:00+05:30,6333.5,6377.5,6333.5,6367.5,5299
2019-01-10 00:00:00+05:30,6366.5,6367.5,6334.5,6363.5,3026
2019-01-11 00:00:00+05:30,6396.0,6396.0,6342.5,6367.0,3106
2019-01-14 00:00:00+05:30,6385.5,6385.5,6343.5,6367.0,2866
2019-01-15 00:00:00+05:30,6365.5,6368.0,6348.0,6367.5,2082
2019-01-16 00:00:00+05:30,6340.0,6368.0,6340.0,6367.5,2601
2019-01-17 00:00:00+05:30,6382.5,6382.5,6348.0,6367.5,1882
2019-01-18 00:00:00+05:30,6377.5,6377.5,6321.0,6361.5,1716
2019-01-21 00:00:00+05:30,6368.0,6466.0,6351.5,6407.0,1760
2019-01-22 00:00:00+05:30,6408.0,6408.0,6348.0,6372.5,1967
2019-01-23 00:00:00+05:30,6378.5,6379.5,6328.5,6361.5,2312
2019-01-24 00:00:00+05:30,6387.5,6387.5,6340.0,6367.0,2805
2019-01-25 00:00:00+05:30,6368.0,6368.5,6348.0,6365.0,1989
2019-01-28 00:00:00+05:30,6435.5,6435.5,6324.5,6368.5,1642
2019-01-29 00:00:00+05:30,6348.5,6379.5,6344.5,6362.0,3317
2019-01-30 00:00:00+05:30,6416.0,6416.0,6343.5,6367.5,19774
2019-01-31 00:00:00+05:30,6396.0,6396.0,6353.5,6368.0,22609
2019-02-01 00:00:00+05:30,6305.0,6414.5,6305.0,6372.0,2790
2019-02-04 00:00:00+05:30,6415.0,6416.0,6350.0,6360.5,3000
2019-02-05 00:00:00+05:30,6352.5,6377.5,6338.5,6367.5,1966
2019-02-06 00:00:00+05:30,6374.0,6374.0,6275.5,6357.5,4602
2019-02-07 00:00:00+05:30,6358.0,6372.0,6339.5,6367.5,1945
2019-02-08 00:00:00+05:30,6362.5,6372.5,6344.5,6368.0,4845
2019-02-11 00:00:00+05:30,6367.5,6372.0,6344.5,6360.5,5421
2019-02-12 00:00:00+05:30,6358.0,6368.0,6269.5,6357.5,6637
2019-02-13 00:00:00+05:30,6319.0,6358.0,6319.0,6346.0,5280
2019-02-14 00:00:00+05:30,6367.0,6367.0,6296.0,6331.0,5825
2019-02-15 00:00:00+05:30,6331.0,6490.5,6240.5,6336.0,6761
2019-02-18 00:00:00+05:30,6328.5,6360.5,6260.0,6308.5,8715
2019-02-19 00:00:00+05:30,6343.5,6365.5,6280.5,6337.0,5622
2019-02-20 00:00:00+05:30,6348.0,6381.5,6255.5,6376.0,5324
2019-02-21 00:00:00+05:30,6383.5,6441.5,6281.0,6362.0,5187
2019-02-22 00:00:00+05:30,6323.5,6402.0,6301.5,6381.0,2668
2019-02-25 00:00:00+05:30,6414.0,6414.0,6043.5,6194.5,20831
2019-02-26 00:00:00+05:30,6194.5,6358.0,6172.0,6332.0,4149
2019-02-27 00:00:00+05:30,6328.5,6417.0,6230.5,6345.5,4526
2019-02-28 00:00:00+05:30,6328.5,6391.5,6310.0,6377.0,6255
2019-03-01 00:00:00+05:30,6387.5,6434.5,6360.0,6377.5,2751
2019-03-05 00:00:00+05:30,6417.0,6417.0,6314.5,6369.0,7050
2019-03-06 00:00:00+05:30,6350.0,6387.5,6338.5,6376.0,4883
2019-03-07 00:00:00+05:30,6453.0,6453.0,6261.0,6320.5,12252
2019-03-08 00:00:00+05:30,6368.0,6385.5,6280.5,6364.5,4192
2019-03-11 00:00:00+05:30,6417.0,6417.0,6319.0,6372.0,4321
2019-03-12 00:00:00+05:30,6372.5,6397.5,6343.5,6388.0,5847
2019-03-13 00:00:00+05:30,6396.0,6396.0,6343.5,6380.5,3885
2019-03-14 00:00:00+05:30,6367.0,6387.5,6323.5,6372.0,4167
2019-03-15 00:00:00+05:30,6375.5,6514.5,6245.5,6305.5,52593
2019-03-18 00:00:00+05:30,6305.0,6328.5,6243.5,6322.0,4429
2019-03-19 00:00:00+05:30,6324.0,6359.0,6278.5,6300.0,3987
2019-03-20 00:00:00+05:30,6356.0,6356.0,6224.5,6253.0,5606
2019-03-22 00:00:00+05:30,6269.0,6368.0,6226.5,6354.0,4310
2019-03-25 00:00:00+05:30,6351.0,6387.5,6291.5,6367.5,4614
2019-03-26 00:00:00+05:30,6367.5,6406.0,6353.0,6382.0,7094
2019-03-27 00:00:00+05:30,6368.0,6389.5,6343.5,6375.0,5948
2019-03-28 00:00:00+05:30,6374.5,6515.0,6354.5,6472.5,4061
2019-03-29 00:00:00+05:30,6492.0,6515.0,6402.0,6461.0,134653
2019-04-01 00:00:00+05:30,6461.0,6563.0,6461.0,6528.0,6059
2019-04-02 00:00:00+05:30,6558.0,6598.0,6456.0,6521.5,9634
2019-04-03 00:00:00+05:30,6557.0,6569.5,6492.0,6535.5,3555
2019-04-04 00:00:00+05:30,6504.0,6539.0,6490.5,6536.0,2580
2019-04-05 00:00:00+05:30,6539.0,6659.5,6529.5,6606.5,10779
2019-04-08 00:00:00+05:30,6623.5,6750.0,6612.5,6718.0,5024
2019-04-09 00:00:00+05:30,6706.0,6857.5,6520.5,6843.5,5624
2019-04-10 00:00:00+05:30,6831.0,6848.0,6786.0,6820.5,4333
2019-04-11 00:00:00+05:30,6815.5,6833.0,6762.0,6813.0,1787
2019-04-12 00:00:00+05:30,6813.0,7194.5,6686.5,7143.0,13007
2019-04-15 00:00:00+05:30,7151.5,7690.5,7102.5,7615.0,20685
2019-04-16 00:00:00+05:30,7678.0,7759.0,7603.5,7648.5,12272
2019-04-18 00:00:00+05:30,7648.5,7710.0,7328.0,7495.0,13938
2019-04-22 00:00:00+05:30,7494.5,7494.5,7353.5,7445.0,3481
2019-04-23 00:00:00+05:30,7445.5,7499.5,7386.5,7434.0,4918
2019-04-24 00:00:00+05:30,7434.0,7523.0,7410.5,7444.5,4525
2019-04-25 00:00:00+05:30,7445.5,7494.5,7421.0,7444.5,2618
2019-04-26 00:00:00+05:30,7489.5,7489.5,7358.5,7431.5,3152
2019-04-30 00:00:00+05:30,7523.0,7523.0,7271.0,7386.0,11038
2019-05-02 00:00:00+05:30,7444.5,7444.5,7347.5,7375.0,4058
2019-05-03 00:00:00+05:30,7358.5,7440.5,7283.0,7346.0,4798
2019-05-06 00:00:00+05:30,7318.0,7341.5,7226.0,7287.0,4205
2019-05-07 00:00:00+05:30,7287.5,7341.5,7220.0,7247.0,3016
2019-05-08 00:00:00+05:30,7249.5,7264.0,7067.0,7148.5,3177
2019-05-09 00:00:00+05:30,7347.5,7423.0,6808.5,6864.5,37399
2019-05-10 00:00:00+05:30,6867.5,6892.0,6683.5,6781.0,8754
2019-05-13 00:00:00+05:30,6808.5,6812.0,6720.5,6798.5,4466
2019-05-14 00:00:00+05:30,6723.5,6808.5,6699.0,6799.5,7860
2019-05-15 00:00:00+05:30,6805.5,6805.5,6750.0,6761.0,5128
2019-05-16 00:00:00+05:30,6801.0,6801.5,6612.5,6760.5,4019
2019-05-17 00:00:00+05:30,6727.5,6789.0,6697.5,6778.5,3518
2019-05-20 00:00:00+05:30,6955.5,6955.5,6772.0,6799.0,6387
2019-05-21 00:00:00+05:30,6766.5,6907.5,6734.0,6766.5,3181
2019-05-22 00:00:00+05:30,6806.5,6989.0,6731.5,6914.5,4748
2019-05-23 00:00:00+05:30,6921.5,6999.5,6759.5,6806.5,28183
2019-05-24 00:00:00+05:30,6955.5,6955.5,6775.5,6887.5,5228
2019-05-27 00:00:00+05:30,6955.5,6955.5,6877.5,6902.5,2561
2019-05-28 00:00:00+05:30,6940.0,7390.5,6889.0,7201.5,17174
2019-05-29 00:00:00+05:30,7249.5,7249.5,7084.0,7124.0,2164
2019-05-30 00:00:00+05:30,7150.5,7150.5,7046.5,7058.0,1318
2019-05-31 00:00:00+05:30,7017.5,7383.0,7017.5,7288.0,3235
2019-06-03 00:00:00+05:30,7333.0,7333.0,7196.0,7240.0,3253
2019-06-04 00:00:00+05:30,7201.5,7328.0,7191.5,7267.0,9442
2019-06-06 00:00:00+05:30,7267.0,7267.0,7068.5,7110.0,2414
2019-06-07 00:00:00+05:30,7148.5,7148.5,7044.0,7055.5,2645
2019-06-10 00:00:00+05:30,7102.5,7248.0,7071.5,7229.0,2355
2019-06-11 00:00:00+05:30,7239.5,7283.0,7187.0,7251.0,3337
2019-06-12 00:00:00+05:30,7298.5,7303.0,7243.0,7288.0,1016
2019-06-13 00:00:00+05:30,7286.5,7335.0,7245.0,7291.0,1099
2019-06-14 00:00:00+05:30,7235.0,7312.0,7206.5,7269.5,2091
2019-06-17 00:00:00+05:30,7336.5,7336.5,7214.0,7277.0,1893
2019-06-18 00:00:00+05:30,7279.0,7294.5,7164.5,7206.5,1839
2019-06-19 00:00:00+05:30,7216.0,7269.5,7035.0,7118.0,2241
2019-06-20 00:00:00+05:30,7127.0,7198.5,7065.5,7187.5,3746
2019-06-21 00:00:00+05:30,7210.5,7337.0,7117.5,7299.0,11072
2019-06-24 00:00:00+05:30,7342.5,7342.5,7223.0,7253.5,1107
2019-06-25 00:00:00+05:30,7229.5,7292.5,7184.5,7225.0,1022
2019-06-26 00:00:00+05:30,7190.5,7247.0,7110.5,7161.0,944
2019-06-27 00:00:00+05:30,7200.5,7270.5,7136.5,7246.0,2785
2019-06-28 00:00:00+05:30,7278.0,7337.5,7249.5,7324.5,8108
2019-07-01 00:00:00+05:30,7347.5,7347.5,7298.5,7334.5,1346
2019-07-02 00:00:00+05:30,7347.5,7347.5,7296.5,7317.0,1490
2019-07-03 00:00:00+05:30,7317.0,7319.0,7269.0,7316.0,1206
2019-07-04 00:00:00+05:30,7328.0,7328.5,7290.5,7308.5,1440
2019-07-05 00:00:00+05:30,7371.0,7371.0,7194.5,7231.0,3210
2019-07-08 00:00:00+05:30,7296.5,7296.5,7020.5,7066.0,2536
2019-07-09 00:00:00+05:30,7137.0,7150.5,6906.5,6972.5,5006
2019-07-10 00:00:00+05:30,7003.0,7005.5,6814.0,6845.5,4201
2019-07-11 00:00:00+05:30,6849.5,7034.0,6787.5,7004.5,3345
2019-07-12 00:00:00+05:30,7063.5,7137.5,6948.0,7093.0,4988
2019-07-15 00:00:00+05:30,7093.0,7132.0,6881.0,6945.5,4091
2019-07-16 00:00:00+05:30,6921.5,7030.0,6901.5,7006.0,2311
2019-07-17 00:00:00+05:30,7013.0,7017.0,6828.5,6859.5,6151
2019-07-18 00:00:00+05:30,6877.0,6955.5,6823.0,6921.0,3025
2019-07-19 00:00:00+05:30,6938.0,6970.5,6846.0,6891.0,2052
2019-07-22 00:00:00+05:30,6874.5,6887.0,6794.5,6867.5,1784
2019-07-23 00:00:00+05:30,6876.0,6897.0,6804.5,6872.0,2716
2019-07-24 00:00:00+05:30,6872.0,6891.0,6764.5,6817.0,2070
2019-07-25 00:00:00+05:30,6839.0,6999.5,6799.0,6964.0,2939
2019-07-26 00:00:00+05:30,6904.5,6999.5,6885.0,6940.0,2271
2019-07-29 00:00:00+05:30,6965.5,7027.0,6906.5,6989.0,2178
2019-07-30 00:00:00+05:30,7052.5,7052.5,6941.5,7003.5,1773
2019-07-31 00:00:00+05:30,6918.0,7051.5,6918.0,7010.5,1576
2019-08-01 00:00:00+05:30,7052.5,7052.5,6945.0,7004.0,2678
2019-08-02 00:00:00+05:30,7004.5,7005.0,6917.0,6979.0,2055
2019-08-05 00:00:00+05:30,6997.5,6997.5,6906.5,6950.0,5678
2019-08-06 00:00:00+05:30,6916.5,7005.5,6878.5,7000.0,3596
2019-08-07 00:00:00+05:30,7052.5,7077.0,6952.5,7044.5,3746
2019-08-08 00:00:00+05:30,7024.0,7043.0,6961.5,7012.0,1590
2019-08-09 00:00:00+05:30,6981.0,7053.0,6975.0,7014.5,3930
2019-08-13 00:00:00+05:30,7004.5,7053.5,6784.0,6848.0,2277
2019-08-14 00:00:00+05:30,6954.5,7028.0,6828.0,7005.5,2486
2019-08-16 00:00:00+05:30,7004.5,7005.0,6846.0,6915.5,9912
2019-08-19 00:00:00+05:30,6858.5,6975.0,6858.5,6914.0,1926
2019-08-20 00:00:00+05:30,6872.5,6945.5,6864.0,6892.0,1976
2019-08-21 00:00:00+05:30,6941.0,6946.0,6877.0,6920.5,1958
2019-08-22 00:00:00+05:30,6945.0,7005.5,6914.5,6979.5,8415
2019-08-23 00:00:00+05:30,6979.5,6979.5,6857.5,6869.0,7729
2019-08-26 00:00:00+05:30,6829.0,6993.0,6750.5,6840.5,4389
2019-08-27 00:00:00+05:30,6857.5,7004.5,6857.5,6988.0,4495
2019-08-28 00:00:00+05:30,6988.0,6988.0,6848.0,6873.5,1724
2019-08-29 00:00:00+05:30,6866.5,6975.0,6813.5,6962.0,1990
2019-08-30 00:00:00+05:30,7023.0,7176.0,7019.5,7150.5,7636
2019-09-03 00:00:00+05:30,7200.5,7298.5,7161.0,7243.0,5115
2019-09-04 00:00:00+05:30,7243.5,7296.5,7015.5,7081.0,8556
2019-09-05 00:00:00+05:30,7025.0,7175.0,6956.0,6975.0,7170
2019-09-06 00:00:00+05:30,6975.0,7028.0,6931.0,6958.0,6145
2019-09-09 00:00:00+05:30,6960.5,7050.5,6960.5,7004.0,4212
2019-09-11 00:00:00+05:30,6965.5,7029.0,6965.5,6974.5,2458
2019-09-12 00:00:00+05:30,7021.0,7022.0,6926.0,6942.0,2428
2019-09-13 00:00:00+05:30,6926.5,6985.0,6926.5,6942.0,5292
2019-09-16 00:00:00+05:30,7043.0,7043.0,6916.5,6944.5,13194
2019-09-17 00:00:00+05:30,6927.0,6966.0,6808.5,6834.0,8188
2019-09-18 00:00:00+05:30,6852.5,6899.5,6775.0,6849.5,1814
2019-09-19 00:00:00+05:30,6966.5,6966.5,6798.0,6833.5,1966
2019-09-20 00:00:00+05:30,6834.0,6917.5,6823.5,6856.5,12813
2019-09-23 00:00:00+05:30,6961.5,7194.5,6923.5,7034.0,16453
2019-09-24 00:00:00+05:30,6981.0,7080.0,6980.0,7038.0,11392
2019-09-25 00:00:00+05:30,7052.5,7052.5,6955.5,6982.0,12416
2019-09-26 00:00:00+05:30,7021.0,7034.0,6968.5,6997.5,2171
2019-09-27 00:00:00+05:30,7034.0,7034.0,6944.0,6959.0,5096
2019-09-30 00:00:00+05:30,7004.5,7004.5,6900.5,6955.0,12226
2019-10-01 00:00:00+05:30,6957.0,7004.5,6882.0,6895.0,3702
2019-10-03 00:00:00+05:30,6882.0,6953.5,6865.5,6914.5,1540
2019-10-04 00:00:00+05:30,6941.0,6976.0,6876.0,6901.5,3901
2019-10-07 00:00:00+05:30,6931.5,6952.0,6877.5,6895.0,1755
2019-10-09 00:00:00+05:30,6930.5,6930.5,6857.5,6895.5,6053
2019-10-10 00:00:00+05:30,6926.0,6937.0,6860.0,6912.5,1405
2019-10-11 00:00:00+05:30,6883.0,6980.0,6877.0,6956.0,6480
2019-10-14 00:00:00+05:30,7019.5,7140.5,6976.0,7103.0,7837
2019-10-15 00:00:00+05:30,7141.5,7163.5,7064.5,7135.0,3086
2019-10-16 00:00:00+05:30,7137.5,7264.0,7108.5,7170.5,4348
2019-10-17 00:00:00+05:30,7161.5,7666.0,7136.0,7621.5,13504
2019-10-18 00:00:00+05:30,7651.0,7737.5,7451.5,7679.0,6806
2019-10-22 00:00:00+05:30,7679.0,7734.0,7565.0,7610.5,4933
2019-10-23 00:00:00+05:30,7635.5,7690.0,7610.5,7650.5,3912
2019-10-24 00:00:00+05:30,7690.0,7906.0,7622.5,7706.5,7800
2019-10-25 00:00:00+05:30,7734.5,7803.0,7662.0,7678.0,4239
2019-10-27 00:00:00+05:30,7812.0,7937.0,7745.0,7877.0,3302
2019-10-29 00:00:00+05:30,7925.5,7925.5,7750.0,7864.5,4420
2019-10-30 00:00:00+05:30,7925.5,7932.0,7838.5,7921.5,4805
2019-10-31 00:00:00+05:30,7920.5,7974.5,7840.0,7929.0,10766
2019-11-01 00:00:00+05:30,7887.5,7921.5,7746.0,7791.5,4374
2019-11-04 00:00:00+05:30,7798.0,7855.5,7768.5,7776.5,3102
2019-11-05 00:00:00+05:30,7837.0,7868.5,7655.0,7739.5,3289
2019-11-06 00:00:00+05:30,7563.0,7623.5,7436.5,7460.0,10726
2019-11-07 00:00:00+05:30,7526.5,7526.5,7338.5,7359.0,5817
2019-11-08 00:00:00+05:30,7362.0,7439.0,7113.5,7139.5,6517
2019-11-11 00:00:00+05:30,7181.0,7244.5,7072.0,7095.0,4178
2019-11-13 00:00:00+05:30,7095.0,7224.0,7042.0,7090.5,4726
2019-11-14 00:00:00+05:30,7120.0,7120.0,7004.5,7015.5,3097
2019-11-15 00:00:00+05:30,7056.5,7056.5,6955.5,6963.5,4311
2019-11-18 00:00:00+05:30,6962.5,6999.5,6857.5,6872.0,6058
2019-11-19 00:00:00+05:30,6877.0,7002.5,6861.5,6958.0,3172
2019-11-20 00:00:00+05:30,6965.5,7002.5,6857.5,6874.0,3879
2019-11-21 00:00:00+05:30,6874.0,6892.5,6784.0,6811.0,6710
2019-11-22 00:00:00+05:30,6811.0,6838.0,6751.5,6760.0,4487
2019-11-25 00:00:00+05:30,6736.0,6817.0,6671.5,6710.0,6767
2019-11-26 00:00:00+05:30,6716.5,6890.0,6672.0,6811.5,11460
2019-11-27 00:00:00+05:30,6847.0,6848.0,6759.5,6776.5,4851
2019-11-28 00:00:00+05:30,6786.0,6836.0,6716.5,6733.0,3295
2019-11-29 00:00:00+05:30,6770.5,6770.5,6715.5,6724.0,2897
2019-12-02 00:00:00+05:30,6759.5,6759.5,6712.5,6725.5,1518
2019-12-03 00:00:00+05:30,6722.5,6754.0,6673.5,6690.5,2019
2019-12-04 00:00:00+05:30,6696.5,6711.0,6622.5,6650.5,3862
2019-12-05 00:00:00+05:30,6642.0,6759.0,6569.5,6721.5,6956
2019-12-06 00:00:00+05:30,6755.0,6879.0,6551.0,6571.0,38703
2019-12-09 00:00:00+05:30,6571.0,6636.5,6490.5,6523.5,4068
2019-12-10 00:00:00+05:30,6523.5,6529.0,6421.5,6435.0,5271
2019-12-11 00:00:00+05:30,6456.0,6505.0,6384.0,6435.0,3257
2019-12-12 00:00:00+05:30,6446.0,6532.5,6423.0,6516.5,3797
2019-12-13 00:00:00+05:30,6537.5,6558.0,6490.5,6531.5,3374
2019-12-16 00:00:00+05:30,6566.0,6566.0,6397.0,6449.5,2898
2019-12-17 00:00:00+05:30,6456.0,6501.0,6397.0,6426.0,4108
2019-12-18 00:00:00+05:30,6444.5,6482.5,6407.0,6436.0,2512
2019-12-19 00:00:00+05:30,6465.0,6473.5,6407.0,6463.0,2465
2019-12-20 00:00:00+05:30,6463.0,6645.0,6368.0,6475.0,17477
2019-12-23 00:00:00+05:30,6475.0,6555.0,6459.5,6497.0,8490
2019-12-24 00:00:00+05:30,6515.0,6536.0,6468.0,6492.0,2180
2019-12-26 00:00:00+05:30,6524.5,6524.5,6456.0,6472.0,3674
2019-12-27 00:00:00+05:30,6465.5,6485.5,6456.0,6471.5,3353
2019-12-30 00:00:00+05:30,6466.0,6514.5,6465.5,6483.0,1788
2019-12-31 00:00:00+05:30,6467.0,6485.5,6431.5,6443.0,3439
2020-01-01 00:00:00+05:30,6443.0,6480.5,6422.0,6463.5,1764
2020-01-02 00:00:00+05:30,6436.5,6486.5,6436.5,6453.0,2323
2020-01-03 00:00:00+05:30,6453.0,6490.5,6417.0,6438.0,3646
2020-01-06 00:00:00+05:30,6478.5,6478.5,6407.0,6458.0,3100
2020-01-07 00:00:00+05:30,6458.0,6473.5,6387.5,6421.5,2710
2020-01-08 00:00:00+05:30,6426.5,6435.5,6294.5,6317.0,6646
2020-01-09 00:00:00+05:30,6358.0,6417.0,6306.0,6325.0,4397
2020-01-10 00:00:00+05:30,6358.0,6360.0,6315.0,6329.0,2427
2020-01-13 00:00:00+05:30,6358.0,6409.0,6309.0,6358.5,4062
2020-01-14 00:00:00+05:30,6391.0,6397.0,6305.0,6347.0,9660
2020-01-15 00:00:00+05:30,6381.5,6396.0,6309.0,6317.0,4335
2020-01-16 00:00:00+05:30,6349.0,6368.0,6310.0,6326.0,5753
2020-01-17 00:00:00+05:30,6352.0,6366.0,6311.5,6322.5,3363
2020-01-20 00:00:00+05:30,6354.5,6355.0,6260.0,6265.5,5431
2020-01-21 00:00:00+05:30,6274.5,6274.5,6183.5,6194.0,6005
2020-01-22 00:00:00+05:30,6260.0,6260.0,6152.5,6177.0,17472
2020-01-23 00:00:00+05:30,6208.0,6208.0,6154.5,6170.0,3856
2020-01-24 00:00:00+05:30,6195.5,6210.0,6144.5,6167.5,5370
2020-01-27 00:00:00+05:30,6147.5,6176.5,6139.5,6145.5,3201
2020-01-28 00:00:00+05:30,6170.0,6171.0,6132.5,6146.0,4365
2020-01-29 00:00:00+05:30,6152.5,6167.0,6132.5,6142.5,5348
2020-01-30 00:00:00+05:30,6147.5,6157.0,6123.5,6133.0,2909
2020-01-31 00:00:00+05:30,6123.0,6147.0,6113.0,6120.0,2501
2020-02-01 00:00:00+05:30,6094.5,6200.5,6094.5,6107.0,6972
2020-02-03 00:00:00+05:30,6127.5,6270.0,6099.5,6242.0,7586
2020-02-04 00:00:00+05:30,6317.0,6396.0,6251.0,6325.5,11771
2020-02-05 00:00:00+05:30,6377.5,6393.0,6328.5,6366.5,12146
2020-02-06 00:00:00+05:30,6396.0,6396.0,6258.0,6275.0,4731
2020-02-07 00:00:00+05:30,6275.0,6306.0,6196.5,6222.5,4149
2020-02-10 00:00:00+05:30,6250.0,6256.0,6223.0,6236.0,3851
2020-02-11 00:00:00+05:30,6240.5,6275.5,6240.5,6259.5,3022
2020-02-12 00:00:00+05:30,6275.5,6367.0,6237.0,6283.5,5312
2020-02-13 00:00:00+05:30,6309.0,6515.0,6194.5,6226.0,53939
2020-02-14 00:00:00+05:30,6228.5,6279.5,6103.5,6133.5,8672
2020-02-17 00:00:00+05:30,6161.5,6161.5,5993.5,6008.5,7861
2020-02-18 00:00:00+05:30,6005.5,6005.5,5726.5,5797.0,19136
2020-02-19 00:00:00+05:30,5826.0,5948.5,5770.0,5871.5,21792
2020-02-20 00:00:00+05:30,5878.0,5913.0,5771.0,5789.0,7172
2020-02-24 00:00:00+05:30,5823.0,5823.0,5731.0,5739.5,4530
2020-02-25 00:00:00+05:30,5755.5,5760.0,5691.0,5700.5,4558
2020-02-26 00:00:00+05:30,5700.5,5780.0,5682.5,5714.0,3262
2020-02-27 00:00:00+05:30,5742.0,5742.0,5669.5,5678.0,21001
2020-02-28 00:00:00+05:30,5645.0,5729.0,5584.0,5678.5,10725
2020-03-02 00:00:00+05:30,5678.5,5770.0,5579.0,5648.0,7076
2020-03-03 00:00:00+05:30,5652.5,5829.0,5652.5,5753.5,4261
2020-03-04 00:00:00+05:30,5779.0,5876.0,5536.5,5603.0,12513
2020-03-05 00:00:00+05:30,5631.0,5681.0,5551.0,5654.5,4166
2020-03-06 00:00:00+05:30,5535.0,5641.0,5535.0,5608.5,3251
2020-03-09 00:00:00+05:30,5584.0,5642.0,5442.5,5514.5,10577
2020-03-11 00:00:00+05:30,5515.5,5581.0,5505.5,5548.0,3269
2020-03-12 00:00:00+05:30,5525.0,5525.0,5241.0,5288.5,12221
2020-03-13 00:00:00+05:30,5241.0,5764.5,4800.5,5287.0,8414
2020-03-16 00:00:00+05:30,5263.5,5290.0,4996.5,5097.5,6679
2020-03-17 00:00:00+05:30,5094.0,5176.0,4953.5,4995.0,7870
2020-03-18 00:00:00+05:30,5055.0,5066.0,4847.5,4891.0,7975
2020-03-19 00:00:00+05:30,4800.5,4821.5,4464.0,4708.5,13408
2020-03-20 00:00:00+05:30,4708.5,4898.0,4708.5,4854.0,7383
2020-03-23 00:00:00+05:30,4669.5,4697.5,4408.5,4560.5,8858
2020-03-24 00:00:00+05:30,4614.0,4701.5,4359.5,4526.5,6555
2020-03-25 00:00:00+05:30,4506.5,4775.5,4506.5,4754.0,5200
2020-03-26 00:00:00+05:30,4767.5,4996.0,4692.5,4956.5,4537
2020-03-27 00:00:00+05:30,5094.0,5250.0,4947.5,5128.5,5239
2020-03-30 00:00:00+05:30,4996.5,5388.0,4800.5,5277.0,8794
2020-03-31 00:00:00+05:30,5290.0,5427.5,5168.5,5359.0,18508
2020-04-01 00:00:00+05:30,5301.5,5437.0,4957.0,5055.5,11103
2020-04-03 00:00:00+05:30,5056.0,5192.0,4878.5,4934.5,6002
2020-04-07 00:00:00+05:30,5074.5,5122.5,4957.0,5043.0,3706
2020-04-08 00:00:00+05:30,5127.5,5182.5,5047.5,5099.5,2934
2020-04-09 00:00:00+05:30,5115.0,5254.0,5100.5,5233.0,4241
2020-04-13 00:00:00+05:30,5290.0,5329.5,5144.0,5219.0,2825
2020-04-15 00:00:00+05:30,5177.5,5386.0,5158.0,5229.5,5103
2020-04-16 00:00:00+05:30,5221.5,5431.0,5144.0,5337.0,12079
2020-04-17 00:00:00+05:30,5407.5,5446.0,5305.0,5339.0,13679
2020-04-20 00:00:00+05:30,5387.0,5407.5,5359.0,5388.5,6230
2020-04-21 00:00:00+05:30,5359.0,5386.0,5252.0,5266.5,6055
2020-04-22 00:00:00+05:30,5266.5,5285.5,5172.5,5213.5,3382
2020-04-23 00:00:00+05:30,5231.5,5373.5,5158.0,5189.5,5187
2020-04-24 00:00:00+05:30,5189.5,5265.5,5143.0,5150.5,4195
2020-04-27 00:00:00+05:30,5265.5,5265.5,5183.5,5203.5,2102
2020-04-28 00:00:00+05:30,5244.0,5244.0,5172.5,5190.5,3305
2020-04-29 00:00:00+05:30,5192.0,5264.5,5158.0,5181.0,3544
2020-04-30 00:00:00+05:30,5241.0,5264.5,5193.0,5224.5,5427
2020-05-04 00:00:00+05:30,5197.0,5221.5,4976.0,5008.5,9301
2020-05-05 00:00:00+05:30,5037.5,5132.5,4916.0,4946.5,7140
2020-05-06 00:00:00+05:30,4946.5,4994.0,4859.0,4969.5,4663
2020-05-07 00:00:00+05:30,4972.0,5019.0,4874.0,4884.5,7279
2020-05-08 00:00:00+05:30,4800.5,4868.5,4776.0,4817.0,17391
2020-05-11 00:00:00+05:30,4934.5,4934.5,4776.0,4786.5,6943
2020-05-12 00:00:00+05:30,4786.5,4814.5,4752.5,4776.5,3937
2020-05-13 00:00:00+05:30,4897.5,4897.5,4739.5,4753.5,5916
2020-05-14 00:00:00+05:30,4741.5,4796.0,4691.5,4697.5,6109
2020-05-15 00:00:00+05:30,4692.5,4732.0,4663.5,4700.0,4139
2020-05-18 00:00:00+05:30,4713.0,4745.0,4653.5,4667.5,4539
2020-05-19 00:00:00+05:30,4726.0,4726.0,4633.0,4646.5,3601
2020-05-20 00:00:00+05:30,4634.0,4670.0,4575.0,4606.5,4251
2020-05-21 00:00:00+05:30,4606.5,4716.0,4599.5,4692.5,3497
2020-05-22 00:00:00+05:30,4739.5,4776.0,4704.0,4737.5,4262
2020-05-26 00:00:00+05:30,4737.5,4738.0,4678.0,4693.5,2065
2020-05-27 00:00:00+05:30,4702.5,4717.0,4634.0,4671.0,3868
2020-05-28 00:00:00+05:30,4701.5,4768.5,4684.0,4708.0,3105
2020-05-29 00:00:00+05:30,4731.5,4757.0,4683.0,4724.0,7352
2020-06-01 00:00:00+05:30,4756.5,4898.5,4756.5,4827.5,17818
2020-06-02 00:00:00+05:30,4876.0,5045.5,4849.5,4923.0,18076
2020-06-03 00:00:00+05:30,5026.5,5070.0,4923.5,4938.0,9404
2020-06-04 00:00:00+05:30,4976.5,4976.5,4811.0,4865.5,6361
2020-06-05 00:00:00+05:30,4865.5,4908.0,4811.5,4880.0,7083
2020-06-08 00:00:00+05:30,4943.0,4943.0,4828.0,4843.5,10029
2020-06-09 00:00:00+05:30,4919.0,4919.0,4817.0,4834.0,4643
2020-06-10 00:00:00+05:30,4895.0,4895.0,4802.5,4836.0,2884
2020-06-11 00:00:00+05:30,4836.5,4860.0,4802.5,4824.0,4391
2020-06-12 00:00:00+05:30,4799.5,4864.0,4727.0,4849.5,8171
2020-06-15 00:00:00+05:30,4772.0,4839.5,4717.0,4745.5,9481
2020-06-16 00:00:00+05:30,4772.0,4807.5,4737.0,4776.0,27317
2020-06-17 00:00:00+05:30,4776.0,4800.5,4732.0,4758.5,26203
2020-06-18 00:00:00+05:30,4751.5,4819.0,4740.5,4806.0,4091
2020-06-19 00:00:00+05:30,4850.5,4850.5,4707.5,4726.5,36506
2020-06-22 00:00:00+05:30,4815.0,4815.0,4741.5,4759.0,28733
2020-06-23 00:00:00+05:30,4759.0,4843.5,4722.0,4801.0,32513
2020-06-24 00:00:00+05:30,4847.5,4848.0,4776.0,4819.5,8225
2020-06-25 00:00:00+05:30,4819.0,4819.0,4725.0,4801.0,9332
2020-06-26 00:00:00+05:30,4819.0,4909.0,4801.0,4884.0,13694
2020-06-29 00:00:00+05:30,4884.0,4903.0,4820.0,4879.5,14700
2020-06-30 00:00:00+05:30,4886.5,4941.5,4860.0,4881.5,15264
2020-07-01 00:00:00+05:30,4881.0,4923.0,4845.5,4898.5,14323
2020-07-02 00:00:00+05:30,4947.5,5284.5,4898.5,5087.0,81282
2020-07-03 00:00:00+05:30,5190.5,5190.5,5016.0,5039.5,13142
2020-07-06 00:00:00+05:30,5118.5,5118.5,4977.5,4989.5,21387
2020-07-07 00:00:00+05:30,4988.5,5054.0,4949.5,4977.0,34668
2020-07-08 00:00:00+05:30,5021.0,5021.0,4953.0,4988.5,56985
2020-07-09 00:00:00+05:30,4976.5,5020.5,4972.0,4990.0,62319
2020-07-10 00:00:00+05:30,4989.5,5133.5,4945.5,4989.5,50922
2020-07-13 00:00:00+05:30,4996.5,5016.0,4947.5,4955.0,8028
2020-07-14 00:00:00+05:30,4957.0,4957.0,4839.5,4899.0,22271
2020-07-15 00:00:00+05:30,4888.5,5015.0,4878.5,4960.5,23212
2020-07-16 00:00:00+05:30,4960.0,4960.0,4868.5,4930.0,28711
2020-07-17 00:00:00+05:30,4904.0,5043.5,4904.0,4971.5,20688
2020-07-20 00:00:00+05:30,4981.5,4981.5,4849.5,4940.5,5861
2020-07-21 00:00:00+05:30,4940.5,4962.0,4910.0,4936.0,6467
2020-07-22 00:00:00+05:30,4936.5,5045.5,4908.0,4944.5,39056
2020-07-23 00:00:00+05:30,4913.5,4995.0,4913.5,4966.0,20029
2020-07-24 00:00:00+05:30,4991.5,5019.5,4955.0,4964.5,31273
2020-07-27 00:00:00+05:30,4970.0,4970.0,4894.5,4946.5,29294
2020-07-28 00:00:00+05:30,4946.5,4996.5,4910.0,4966.5,21219
2020-07-29 00:00:00+05:30,4940.5,4997.5,4928.5,4943.5,29348
2020-07-30 00:00:00+05:30,4984.5,4991.5,4909.0,4919.5,27354
2020-07-31 00:00:00+05:30,4920.0,4952.5,4894.5,4915.5,29189
2020-08-03 00:00:00+05:30,4915.0,4936.5,4849.5,4853.5,8556
2020-08-04 00:00:00+05:30,4859.0,4896.5,4858.0,4862.5,5079
2020-08-05 00:00:00+05:30,4896.5,4896.5,4849.5,4874.5,3961
2020-08-06 00:00:00+05:30,4874.5,4916.0,4861.0,4888.5,18965
2020-08-07 00:00:00+05:30,4907.0,4907.0,4849.5,4861.5,15287
2020-08-10 00:00:00+05:30,4898.5,4898.5,4840.5,4878.5,9595
2020-08-11 00:00:00+05:30,4898.0,4898.0,4869.0,4882.0,2609
2020-08-12 00:00:00+05:30,4882.0,4980.5,4858.0,4938.0,27045
2020-08-13 00:00:00+05:30,4937.5,4971.0,4908.5,4924.0,8513
2020-08-14 00:00:00+05:30,4937.5,5107.0,4924.0,4948.0,56478
2020-08-17 00:00:00+05:30,4993.5,5093.5,4948.5,4971.5,48394
2020-08-18 00:00:00+05:30,4971.0,5064.0,4952.5,4968.0,40067
2020-08-19 00:00:00+05:30,4995.5,5012.5,4958.0,4984.5,36813
2020-08-20 00:00:00+05:30,5045.0,5167.5,4978.5,5116.5,67532
2020-08-21 00:00:00+05:30,5153.0,5289.0,5143.0,5242.0,48038
2020-08-24 00:00:00+05:30,5290.0,5356.0,5207.0,5246.5,26782
2020-08-25 00:00:00+05:30,5290.0,5378.5,5172.5,5304.5,27855
2020-08-26 00:00:00+05:30,5365.5,5437.0,5334.5,5412.5,37151
2020-08-27 00:00:00+05:30,5501.0,5633.0,5486.0,5533.5,58474
2020-08-28 00:00:00+05:30,5558.5,5584.0,5487.0,5515.0,18614
2020-08-31 00:00:00+05:30,5623.5,5623.5,5184.5,5318.5,22722
2020-09-01 00:00:00+05:30,5317.5,5317.5,4999.5,5208.0,24819
2020-09-02 00:00:00+05:30,5208.5,5412.5,5208.5,5388.0,7853
2020-09-03 00:00:00+05:30,5378.5,5461.5,5373.5,5440.0,6757
2020-09-04 00:00:00+05:30,5314.5,5422.0,5292.5,5398.5,7590
2020-09-07 00:00:00+05:30,5481.0,5481.0,5322.0,5401.5,9636
2020-09-08 00:00:00+05:30,5451.0,5451.0,5354.0,5388.0,7483
2020-09-09 00:00:00+05:30,5365.5,5368.5,5224.0,5318.0,6787
2020-09-10 00:00:00+05:30,5339.0,5428.0,5291.0,5377.5,5603
2020-09-11 00:00:00+05:30,5393.5,5471.5,5390.0,5463.0,8381
2020-09-14 00:00:00+05:30,5505.5,5617.5,5472.5,5495.0,12102
2020-09-15 00:00:00+05:30,5534.0,5554.0,5380.0,5441.0,5953
2020-09-16 00:00:00+05:30,5442.0,5475.5,5381.0,5441.5,4194
2020-09-17 00:00:00+05:30,5441.5,5475.5,5393.5,5438.5,3342
2020-09-18 00:00:00+05:30,5417.5,5482.5,5417.5,5444.5,16493
2020-09-21 00:00:00+05:30,5445.5,5493.0,5378.5,5418.0,7783
2020-09-22 00:00:00+05:30,5375.5,5407.5,5158.0,5268.5,8468
2020-09-23 00:00:00+05:30,5270.5,5368.5,5203.0,5298.0,4160
2020-09-24 00:00:00+05:30,5207.0,5337.0,5207.0,5318.0,7029
2020-09-25 00:00:00+05:30,5301.0,5388.0,5257.0,5284.0,4208
2020-09-28 00:00:00+05:30,5339.0,5378.5,5280.5,5299.0,2924
2020-09-29 00:00:00+05:30,5290.5,5336.0,5242.5,5263.5,6897
2020-09-30 00:00:00+05:30,5314.5,5314.5,5212.0,5231.5,2390
2020-10-01 00:00:00+05:30,5251.0,5319.5,5239.0,5272.0,3631
2020-10-05 00:00:00+05:30,5290.0,5350.0,5265.5,5277.0,2070
2020-10-06 00:00:00+05:30,5319.5,5319.5,5265.5,5285.0,2565
2020-10-07 00:00:00+05:30,5329.5,5329.5,5241.0,5262.0,3327
2020-10-08 00:00:00+05:30,5290.0,5290.0,5183.0,5207.5,3356
2020-10-09 00:00:00+05:30,5214.5,5290.0,5143.0,5188.5,2474
2020-10-12 00:00:00+05:30,5259.0,5265.5,5198.5,5204.0,1965
2020-10-13 00:00:00+05:30,5241.0,5241.0,5133.5,5175.5,3046
2020-10-14 00:00:00+05:30,5143.0,5260.5,5113.0,5223.5,7465
2020-10-15 00:00:00+05:30,5223.5,5256.0,5158.0,5168.0,2045
2020-10-16 00:00:00+05:30,5167.5,5241.0,5146.0,5181.5,3194
2020-10-19 00:00:00+05:30,5153.0,5203.5,5148.0,5177.0,2213
2020-10-20 00:00:00+05:30,5177.5,5237.0,5167.0,5208.0,1854
2020-10-21 00:00:00+05:30,5208.0,5230.5,5170.5,5190.0,1602
2020-10-22 00:00:00+05:30,5190.0,5254.0,5172.5,5209.0,2014
2020-10-23 00:00:00+05:30,5216.5,5238.5,5141.5,5164.5,3070
2020-10-26 00:00:00+05:30,5235.5,5235.5,5154.5,5166.5,1441
2020-10-27 00:00:00+05:30,5233.5,5233.5,5163.0,5177.0,5712
2020-10-28 00:00:00+05:30,5177.0,5209.0,5124.5,5151.0,2374
2020-10-29 00:00:00+05:30,5153.0,5192.0,5112.0,5155.0,3062
2020-10-30 00:00:00+05:30,5187.0,5236.5,5143.0,5179.0,3797
2020-11-02 00:00:00+05:30,5144.5,5228.0,5134.0,5210.5,2992
2020-11-03 00:00:00+05:30,5260.0,5260.0,5181.0,5214.0,2625
2020-11-04 00:00:00+05:30,5181.0,5270.5,5181.0,5252.0,3314
2020-11-05 00:00:00+05:30,5270.5,5270.5,5192.0,5223.0,2707
2020-11-06 00:00:00+05:30,5270.5,5284.5,5223.5,5277.5,5830
2020-11-09 00:00:00+05:30,5290.0,5339.0,5247.0,5325.0,5039
2020-11-10 00:00:00+05:30,5324.5,5437.0,5280.5,5376.0,6235
2020-11-11 00:00:00+05:30,5633.0,5637.0,5389.0,5425.5,22786
2020-11-12 00:00:00+05:30,5437.0,5504.0,5404.0,5429.0,31127
2020-11-13 00:00:00+05:30,5447.0,5518.5,5423.5,5485.0,4560
2020-11-14 00:00:00+05:30,5553.5,5563.5,5403.0,5522.0,3239
2020-11-17 00:00:00+05:30,5584.0,5841.5,5540.0,5758.5,27871
2020-11-18 00:00:00+05:30,5785.0,5877.0,5750.5,5785.5,17643
2020-11-19 00:00:00+05:30,5814.5,5814.5,5683.0,5730.5,7644
2020-11-20 00:00:00+05:30,5730.0,5773.0,5633.0,5652.5,6433
2020-11-23 00:00:00+05:30,5731.0,5731.0,5589.0,5608.0,6072
2020-11-24 00:00:00+05:30,5618.5,5677.0,5618.5,5633.0,4562
2020-11-25 00:00:00+05:30,5633.5,5682.0,5559.5,5571.5,5616
2020-11-26 00:00:00+05:30,5571.5,5633.0,5537.0,5571.5,4840
2020-11-27 00:00:00+05:30,5546.0,5779.5,5537.0,5694.5,44194
2020-12-01 00:00:00+05:30,5716.5,5780.0,5652.5,5676.5,9262
2020-12-02 00:00:00+05:30,5694.0,5731.0,5543.0,5640.0,12614
2020-12-03 00:00:00+05:30,5643.0,5698.5,5616.0,5662.5,12257
2020-12-04 00:00:00+05:30,5648.0,5682.0,5613.5,5647.5,5985
2020-12-07 00:00:00+05:30,5701.5,5701.5,5580.5,5610.5,8967
2020-12-08 00:00:00+05:30,5631.0,5631.0,5584.0,5596.0,5246
2020-12-09 00:00:00+05:30,5613.5,5633.0,5599.0,5618.5,12555
2020-12-10 00:00:00+05:30,5638.0,5682.0,5574.5,5671.5,5961
2020-12-11 00:00:00+05:30,5633.0,6054.5,5633.0,5789.5,72178
2020-12-14 00:00:00+05:30,5847.5,6074.0,5442.0,5886.0,23318
2020-12-15 00:00:00+05:30,5886.0,5925.5,5633.0,5730.0,18237
2020-12-16 00:00:00+05:30,5775.0,5829.0,5731.0,5770.0,7205
2020-12-17 00:00:00+05:30,5814.0,5824.5,5731.0,5762.0,3483
2020-12-18 00:00:00+05:30,5790.5,5819.0,5663.5,5679.5,9430
2020-12-21 00:00:00+05:30,5706.5,5829.0,5506.5,5584.0,14254
2020-12-22 00:00:00+05:30,5584.0,5681.0,5466.5,5603.5,8100
2020-12-23 00:00:00+05:30,5651.5,5729.0,5604.0,5711.5,4133
2020-12-24 00:00:00+05:30,5778.0,5799.5,5677.0,5705.5,5825
2020-12-28 00:00:00+05:30,5648.5,5780.0,5635.0,5710.5,5977
2020-12-29 00:00:00+05:30,5721.0,5764.5,5521.5,5698.5,5986
2020-12-30 00:00:00+05:30,5698.5,5733.0,5645.5,5678.0,4639
2020-12-31 00:00:00+05:30,5711.5,5732.0,5643.0,5671.0,5208
2021-01-01 00:00:00+05:30,5671.0,5765.5,5517.0,5639.5,8822
2021-01-04 00:00:00+05:30,5688.5,5731.0,5567.0,5648.5,14271
2021-01-05 00:00:00+05:30,5641.0,5845.5,5586.0,5802.0,15271
2021-01-06 00:00:00+05:30,5763.5,5819.0,5697.0,5736.5,11782
2021-01-07 00:00:00+05:30,5788.5,5790.0,5694.0,5774.5,8786
2021-01-08 00:00:00+05:30,5775.0,5809.5,5702.5,5756.0,10042
2021-01-11 00:00:00+05:30,5779.5,5779.5,5697.5,5724.5,7923
2021-01-12 00:00:00+05:30,5721.0,5752.0,5702.0,5742.0,5025
2021-01-13 00:00:00+05:30,5741.0,5760.5,5672.0,5692.0,11290
2021-01-14 00:00:00+05:30,5740.5,5742.5,5635.0,5690.0,29026
2021-01-15 00:00:00+05:30,5720.0,5721.0,5608.5,5628.0,7762
2021-01-18 00:00:00+05:30,5705.5,5759.0,5584.0,5726.5,12979
2021-01-19 00:00:00+05:30,5711.5,5797.0,5711.0,5756.0,8938
2021-01-20 00:00:00+05:30,5779.0,5779.0,5694.0,5739.0,6311
2021-01-21 00:00:00+05:30,5739.0,5763.0,5620.5,5646.5,9014
2021-01-22 00:00:00+05:30,5624.0,5668.0,5536.5,5567.5,6770
2021-01-25 00:00:00+05:30,5623.0,5623.0,5516.0,5562.0,4054
2021-01-27 00:00:00+05:30,5583.0,5599.0,5535.5,5584.0,7542
2021-01-28 00:00:00+05:30,5564.5,5582.0,5427.5,5481.0,6160
2021-01-29 00:00:00+05:30,5486.0,5559.5,5464.5,5506.5,4119
2021-02-01 00:00:00+05:30,5471.5,5521.5,5443.0,5487.0,12602
2021-02-02 00:00:00+05:30,5535.0,5535.0,5456.5,5476.5,8605
2021-02-03 00:00:00+05:30,5496.0,5672.5,5493.5,5566.0,11408
2021-02-04 00:00:00+05:30,5589.0,5704.5,5578.5,5668.5,12954
2021-02-05 00:00:00+05:30,5878.0,5878.0,5491.0,5544.0,43919
2021-02-08 00:00:00+05:30,5611.5,5611.5,5496.0,5507.0,10478
2021-02-09 00:00:00+05:30,5535.0,5559.0,5524.5,5540.0,5164
2021-02-10 00:00:00+05:30,5574.0,5608.5,5522.5,5582.0,4865
2021-02-11 00:00:00+05:30,5580.0,5627.0,5563.0,5591.5,4536
2021-02-12 00:00:00+05:30,5613.5,5613.5,5535.0,5556.0,4464
2021-02-15 00:00:00+05:30,5584.0,5584.0,5519.5,5535.0,5266
2021-02-16 00:00:00+05:30,5572.5,5575.5,5525.5,5537.0,3351
2021-02-17 00:00:00+05:30,5568.5,5568.5,5517.0,5528.0,5176
2021-02-18 00:00:00+05:30,5528.0,5556.0,5487.0,5495.5,4647
2021-02-19 00:00:00+05:30,5495.5,5515.5,5458.5,5469.0,4876
2021-02-22 00:00:00+05:30,5456.5,5484.5,5383.0,5413.5,7457
2021-02-23 00:00:00+05:30,5390.0,5459.5,5388.0,5404.5,4530
2021-02-24 00:00:00+05:30,5406.0,5682.0,5398.0,5410.0,1167
2021-02-25 00:00:00+05:30,5434.5,5535.0,5398.0,5519.0,9453
2021-02-26 00:00:00+05:30,5496.0,5508.0,5399.0,5418.5,5557
2021-03-01 00:00:00+05:30,5418.5,5486.0,5404.0,5443.5,2085
2021-03-02 00:00:00+05:30,5475.5,5480.0,5397.5,5471.0,6265
2021-03-03 00:00:00+05:30,5471.0,5512.0,5456.5,5497.5,6947
2021-03-04 00:00:00+05:30,5497.5,5534.0,5452.5,5512.5,2482
2021-03-05 00:00:00+05:30,5533.0,5533.0,5486.0,5496.0,2197
2021-03-08 00:00:00+05:30,5510.0,5545.0,5467.5,5480.5,2291
2021-03-09 00:00:00+05:30,5480.5,5496.5,5452.0,5488.5,2830
2021-03-10 00:00:00+05:30,5488.5,5505.5,5466.5,5496.0,3471
2021-03-12 00:00:00+05:30,5503.5,5583.0,5461.0,5553.5,7052
2021-03-15 00:00:00+05:30,5584.0,5584.0,5466.5,5520.5,4001
2021-03-16 00:00:00+05:30,5553.5,5553.5,5458.0,5486.0,15182
2021-03-17 00:00:00+05:30,5467.5,5534.0,5467.5,5489.5,4302
2021-03-18 00:00:00+05:30,5533.0,5533.0,5468.5,5493.0,6898
2021-03-19 00:00:00+05:30,5430.0,5502.5,5295.0,5351.5,25174
2021-03-22 00:00:00+05:30,5378.0,5437.0,5319.5,5360.0,9229
2021-03-23 00:00:00+05:30,5437.0,5437.0,5326.5,5415.5,8280
2021-03-24 00:00:00+05:30,5415.5,5525.5,5339.0,5452.5,8676
2021-03-25 00:00:00+05:30,5463.5,5463.5,5328.0,5429.0,8284
2021-03-26 00:00:00+05:30,5481.0,5550.0,5368.5,5523.5,13659
2021-03-30 00:00:00+05:30,5523.5,5779.0,5457.5,5717.0,19515
2021-03-31 00:00:00+05:30,5715.5,5819.0,5589.0,5780.0,19601
2021-04-01 00:00:00+05:30,5742.0,5775.0,5378.5,5574.0,16491
2021-04-05 00:00:00+05:30,5564.5,5564.5,5471.5,5485.0,4539
2021-04-06 00:00:00+05:30,5487.0,5558.5,5469.5,5523.0,3731
2021-04-07 00:00:00+05:30,5550.0,5564.5,5439.0,5495.0,4090
2021-04-08 00:00:00+05:30,5533.0,5533.0,5427.5,5433.5,7140
2021-04-09 00:00:00+05:30,5435.0,5447.0,5363.5,5384.5,9597
2021-04-12 00:00:00+05:30,5387.0,5412.5,5300.5,5315.5,6408
2021-04-13 00:00:00+05:30,5313.5,5415.5,5295.0,5399.0,2490
2021-04-15 00:00:00+05:30,5388.0,5422.5,5339.5,5401.0,2808
2021-04-16 00:00:00+05:30,5427.5,5436.0,5377.5,5393.5,2165
2021-04-19 00:00:00+05:30,5393.5,5395.0,5290.0,5352.5,3254
2021-04-20 00:00:00+05:30,5339.0,5416.5,5339.0,5344.5,2768
2021-04-22 00:00:00+05:30,5388.0,5388.0,5318.5,5351.5,2254
2021-04-23 00:00:00+05:30,5353.0,5378.5,5296.0,5309.0,4285
2021-04-26 00:00:00+05:30,5383.0,5383.0,5297.0,5301.0,3885
2021-04-27 00:00:00+05:30,5302.0,5358.0,5301.0,5310.5,1943
2021-04-28 00:00:00+05:30,5320.0,5407.5,5320.0,5383.5,4305
2021-04-29 00:00:00+05:30,5402.5,5402.5,5357.0,5380.5,2471
2021-04-30 00:00:00+05:30,5383.0,5398.0,5328.5,5381.0,3936
2021-05-03 00:00:00+05:30,5356.0,5397.0,5325.5,5341.0,3221
2021-05-04 00:00:00+05:30,5346.0,5383.0,5346.0,5380.5,8518
2021-05-05 00:00:00+05:30,5393.0,5404.5,5334.5,5338.0,5729
2021-05-06 00:00:00+05:30,5553.5,5554.5,5432.0,5455.5,49398
2021-05-07 00:00:00+05:30,5457.5,5491.0,5453.0,5483.0,8981
2021-05-10 00:00:00+05:30,5520.5,5520.5,5447.0,5475.0,6684
2021-05-11 00:00:00+05:30,5475.0,5486.0,5442.0,5451.0,6504
2021-05-12 00:00:00+05:30,5452.0,5486.0,5410.0,5445.5,5013
2021-05-14 00:00:00+05:30,5445.5,5459.5,5373.5,5390.0,8283
2021-05-17 00:00:00+05:30,5440.5,5464.5,5359.0,5386.5,11609
2021-05-18 00:00:00+05:30,5394.0,5435.0,5368.5,5385.0,6217
2021-05-19 00:00:00+05:30,5406.5,5463.0,5396.5,5423.5,7112
2021-05-20 00:00:00+05:30,5435.0,5456.5,5398.0,5411.0,3183
2021-05-21 00:00:00+05:30,5435.0,5447.0,5364.0,5368.5,15921
2021-05-24 00:00:00+05:30,5382.0,5435.0,5349.0,5380.0,4527
2021-05-25 00:00:00+05:30,5374.5,5432.0,5365.5,5396.5,7326
2021-05-26 00:00:00+05:30,5388.0,5519.5,5379.0,5461.0,22755
2021-05-27 00:00:00+05:30,5486.0,5595.5,5438.0,5510.0,20482
2021-05-28 00:00:00+05:30,5535.0,5535.0,5457.5,5493.5,7236
2021-05-31 00:00:00+05:30,5523.5,5523.5,5431.5,5478.5,6123
2021-06-01 00:00:00+05:30,5478.5,5510.5,5438.0,5463.0,10941
2021-06-02 00:00:00+05:30,5483.5,5510.5,5461.5,5506.0,5509
2021-06-03 00:00:00+05:30,5520.5,5530.0,5486.0,5509.5,9945
2021-06-04 00:00:00+05:30,5501.0,5569.5,5497.0,5543.5,8342
2021-06-07 00:00:00+05:30,5574.5,5734.0,5546.0,5689.5,16966
2021-06-08 00:00:00+05:30,5722.0,5760.5,5645.5,5736.5,11161
2021-06-09 00:00:00+05:30,5736.5,5751.5,5615.5,5664.0,17799
2021-06-10 00:00:00+05:30,5682.0,5780.0,5643.0,5767.0,6616
2021-06-11 00:00:00+05:30,5778.0,5824.0,5693.0,5728.0,8254
2021-06-14 00:00:00+05:30,5729.0,5775.5,5650.5,5666.0,5432
2021-06-15 00:00:00+05:30,5720.0,5741.0,5644.0,5687.5,6183
2021-06-16 00:00:00+05:30,5716.5,5716.5,5613.5,5636.5,4118
2021-06-17 00:00:00+05:30,5628.0,5652.5,5527.0,5541.0,6512
2021-06-18 00:00:00+05:30,5554.5,5594.0,5456.5,5485.5,5265
2021-06-21 00:00:00+05:30,5448.0,5554.5,5388.0,5509.0,3481
2021-06-22 00:00:00+05:30,5509.0,5582.5,5501.5,5550.5,4461
2021-06-23 00:00:00+05:30,5555.5,5576.5,5510.5,5527.0,2605
2021-06-24 00:00:00+05:30,5563.5,5564.5,5502.0,5525.0,2950
2021-06-25 00:00:00+05:30,5525.0,5633.0,5516.0,5593.5,4947
2021-06-28 00:00:00+05:30,5593.0,5652.5,5567.5,5640.5,8838
2021-06-29 00:00:00+05:30,5634.0,5641.0,5574.5,5587.5,2471
2021-06-30 00:00:00+05:30,5636.5,5731.0,5535.0,5558.0,16786
2021-07-01 00:00:00+05:30,5559.5,5595.0,5537.0,5583.0,10325
2021-07-02 00:00:00+05:30,5602.5,5602.5,5505.5,5543.0,2705
2021-07-05 00:00:00+05:30,5582.0,5582.0,5535.5,5548.5,2154
2021-07-06 00:00:00+05:30,5555.0,5569.5,5486.0,5517.0,3641
2021-07-07 00:00:00+05:30,5551.5,5569.5,5520.5,5539.0,3558
2021-07-08 00:00:00+05:30,5562.5,5562.5,5508.0,5536.5,2106
2021-07-09 00:00:00+05:30,5530.0,5541.0,5437.0,5503.5,4090
2021-07-12 00:00:00+05:30,5532.0,5622.5,5489.5,5605.5,23224
2021-07-13 00:00:00+05:30,5645.0,5813.5,5623.5,5763.5,30648
2021-07-14 00:00:00+05:30,5789.5,5877.0,5730.0,5826.5,16117
2021-07-15 00:00:00+05:30,5839.0,5864.0,5731.0,5758.0,6720
2021-07-16 00:00:00+05:30,5731.0,6054.5,5731.0,5898.0,39183
2021-07-19 00:00:00+05:30,5832.0,6122.0,5832.0,5960.0,37108
2021-07-20 00:00:00+05:30,5960.0,6039.5,5838.0,5883.5,10318
2021-07-22 00:00:00+05:30,5884.0,6031.5,5884.0,5959.0,9884
2021-07-23 00:00:00+05:30,5956.5,6089.0,5908.5,5957.5,9635
2021-07-26 00:00:00+05:30,5957.5,6064.0,5932.0,5964.0,6705
2021-07-27 00:00:00+05:30,5964.0,6025.0,5817.5,5838.0,7375
2021-07-28 00:00:00+05:30,5838.0,5877.0,5781.0,5831.0,5439
2021-07-29 00:00:00+05:30,5824.0,5963.5,5760.5,5813.5,4586
2021-07-30 00:00:00+05:30,5839.0,5931.0,5820.0,5872.5,5766
2021-08-02 00:00:00+05:30,5871.0,5957.5,5839.0,5866.0,5661
2021-08-03 00:00:00+05:30,5866.0,5873.0,5830.0,5872.5,5412
2021-08-04 00:00:00+05:30,5873.0,5873.0,5781.0,5813.5,5203
2021-08-05 00:00:00+05:30,5814.5,5858.5,5711.5,5787.0,5364
2021-08-06 00:00:00+05:30,5742.0,5848.5,5742.0,5763.5,3002
2021-08-09 00:00:00+05:30,5713.0,5850.5,5713.0,5799.0,4601
2021-08-10 00:00:00+05:30,5845.5,5853.5,5721.0,5783.5,8364
2021-08-11 00:00:00+05:30,5769.5,5839.0,5713.5,5773.0,32026
2021-08-12 00:00:00+05:30,5779.0,5815.5,5741.0,5772.5,12926
2021-08-13 00:00:00+05:30,5801.0,5870.5,5770.0,5807.0,4871
2021-08-16 00:00:00+05:30,5819.0,5850.5,5780.0,5801.0,4795
2021-08-17 00:00:00+05:30,5853.5,5951.5,5814.5,5845.5,12120
2021-08-18 00:00:00+05:30,5829.0,5903.0,5829.0,5882.0,5265
2021-08-20 00:00:00+05:30,5912.0,5939.5,5853.5,5871.0,6536
2021-08-23 00:00:00+05:30,5899.5,5937.0,5830.0,5843.0,5346
2021-08-24 00:00:00+05:30,5843.5,5895.5,5782.0,5809.0,7694
2021-08-25 00:00:00+05:30,5728.0,5750.5,5584.0,5727.5,32941
2021-08-26 00:00:00+05:30,5697.0,5765.0,5668.5,5682.0,10061
2021-08-27 00:00:00+05:30,5678.0,5729.0,5669.5,5707.0,4753
2021-08-30 00:00:00+05:30,5673.5,5778.0,5673.5,5727.5,8029
2021-08-31 00:00:00+05:30,5760.5,5768.5,5680.0,5701.5,4752
2021-09-01 00:00:00+05:30,5731.0,5740.0,5636.5,5685.5,6601
2021-09-02 00:00:00+05:30,5721.0,5730.5,5667.5,5679.5,4797
2021-09-03 00:00:00+05:30,5711.5,5713.0,5679.5,5705.0,3874
2021-09-06 00:00:00+05:30,5720.0,5750.5,5693.5,5736.5,8796
2021-09-07 00:00:00+05:30,5741.0,5847.0,5694.0,5815.5,13625
2021-09-08 00:00:00+05:30,5868.0,5878.0,5829.0,5860.0,8093
2021-09-09 00:00:00+05:30,5878.0,6147.5,5828.5,5975.0,71541
2021-09-13 00:00:00+05:30,5976.0,6123.0,5894.0,6020.5,19476
2021-09-14 00:00:00+05:30,6030.0,6049.5,5902.5,5928.5,8081
2021-09-15 00:00:00+05:30,5969.0,5972.5,5861.0,5878.0,23851
2021-09-16 00:00:00+05:30,5891.5,5942.5,5868.0,5903.5,5191
2021-09-17 00:00:00+05:30,5917.0,5946.5,5786.0,5824.5,15285
2021-09-20 00:00:00+05:30,5915.0,5915.0,5778.0,5811.0,9345
2021-09-21 00:00:00+05:30,5783.0,5842.5,5731.0,5775.0,10688
2021-09-22 00:00:00+05:30,5848.5,5917.5,5790.0,5807.0,8124
2021-09-23 00:00:00+05:30,5864.5,5902.5,5801.5,5852.5,5163
2021-09-24 00:00:00+05:30,5852.0,5903.0,5792.0,5841.0,22749
2021-09-27 00:00:00+05:30,5897.5,5925.0,5839.5,5852.0,19729
2021-09-28 00:00:00+05:30,5902.5,5902.5,5802.5,5819.0,9907
2021-09-29 00:00:00+05:30,5870.5,5870.5,5794.5,5819.5,2086
2021-09-30 00:00:00+05:30,5863.5,5866.5,5765.5,5779.0,4720
2021-10-01 00:00:00+05:30,5749.0,5811.5,5742.0,5750.0,3341
2021-10-04 00:00:00+05:30,5808.5,5808.5,5726.0,5735.0,4420
2021-10-05 00:00:00+05:30,5779.0,5780.0,5684.0,5722.5,7793
2021-10-06 00:00:00+05:30,5741.0,5766.5,5697.0,5717.5,3992
2021-10-07 00:00:00+05:30,5717.5,5770.0,5713.5,5731.5,3308
2021-10-08 00:00:00+05:30,5756.5,5759.5,5692.5,5715.5,6781
2021-10-11 00:00:00+05:30,5736.0,5790.0,5696.0,5705.5,6517
2021-10-12 00:00:00+05:30,5704.5,5731.0,5687.0,5700.5,3328
2021-10-13 00:00:00+05:30,5700.5,5728.5,5692.0,5705.0,4623
2021-10-14 00:00:00+05:30,5704.5,5755.0,5687.0,5714.0,4946
2021-10-18 00:00:00+05:30,5736.0,5758.5,5684.0,5690.5,7157
2021-10-19 00:00:00+05:30,5706.5,5731.0,5672.0,5686.0,4958
2021-10-20 00:00:00+05:30,5686.0,5709.0,5586.0,5611.0,6080
2021-10-21 00:00:00+05:30,5611.0,5630.0,5537.0,5551.0,5737
2021-10-22 00:00:00+05:30,5551.0,5736.0,5546.0,5575.5,4687
2021-10-25 00:00:00+05:30,5575.5,5594.0,5516.0,5564.5,3396
2021-10-26 00:00:00+05:30,5564.5,5602.0,5540.0,5574.5,2143
2021-10-27 00:00:00+05:30,5593.0,5608.5,5535.0,5571.0,3505
2021-10-28 00:00:00+05:30,5629.0,5656.5,5506.5,5567.0,6585
2021-10-29 00:00:00+05:30,5582.0,5582.0,5494.0,5526.5,3762
2021-11-01 00:00:00+05:30,5526.5,5623.0,5526.5,5611.0,4139
2021-11-02 00:00:00+05:30,5642.5,5730.0,5620.5,5690.0,9214
2021-11-03 00:00:00+05:30,5690.0,5741.0,5471.5,5589.5,14530
2021-11-04 00:00:00+05:30,5608.5,5682.0,5589.5,5647.5,1464
2021-11-08 00:00:00+05:30,5682.0,5682.0,5617.0,5651.5,2724
2021-11-09 00:00:00+05:30,5681.0,5681.0,5517.5,5596.5,3854
2021-11-10 00:00:00+05:30,5633.0,5668.5,5577.0,5592.0,2884
2021-11-11 00:00:00+05:30,5630.0,5632.0,5525.5,5541.5,3688
2021-11-12 00:00:00+05:30,5584.0,5623.5,5525.5,5586.5,3494
2021-11-15 00:00:00+05:30,5443.0,5632.0,5443.0,5573.0,4083
2021-11-16 00:00:00+05:30,5573.0,5585.5,5498.0,5510.0,3297
2021-11-17 00:00:00+05:30,5522.5,5553.5,5483.0,5496.5,2669
2021-11-18 00:00:00+05:30,5513.5,5535.0,5407.5,5444.5,4373
2021-11-22 00:00:00+05:30,5533.5,5533.5,5383.0,5396.5,4799
2021-11-23 00:00:00+05:30,5363.5,5437.0,5363.5,5384.5,3238
2021-11-24 00:00:00+05:30,5417.5,5427.5,5378.5,5389.5,2163
2021-11-25 00:00:00+05:30,5393.0,5426.5,5377.5,5410.5,1911
2021-11-26 00:00:00+05:30,5378.5,5426.0,5339.0,5370.0,4523
2021-11-29 00:00:00+05:30,5378.5,5378.5,5300.0,5324.0,2646
2021-11-30 00:00:00+05:30,5324.5,5368.5,5290.0,5318.5,3860
2021-12-01 00:00:00+05:30,5295.0,5349.0,5295.0,5317.0,2187
2021-12-02 00:00:00+05:30,5295.0,5439.0,5295.0,5419.5,3287
2021-12-03 00:00:00+05:30,5393.0,5437.0,5242.5,5280.5,10253
2021-12-06 00:00:00+05:30,5337.0,5373.5,5301.5,5348.5,5769
2021-12-07 00:00:00+05:30,5355.5,5388.0,5328.5,5344.0,2655
2021-12-08 00:00:00+05:30,5378.5,5386.0,5333.5,5364.0,2921
2021-12-09 00:00:00+05:30,5397.0,5397.0,5343.0,5368.5,1404
2021-12-10 00:00:00+05:30,5369.5,5465.5,5369.5,5402.5,4961
2021-12-13 00:00:00+05:30,5464.5,5465.5,5373.5,5381.5,3476
2021-12-14 00:00:00+05:30,5407.5,5431.0,5363.5,5384.0,1616
2021-12-15 00:00:00+05:30,5422.5,5422.5,5319.5,5331.5,2826
2021-12-16 00:00:00+05:30,5354.0,5354.0,5280.5,5284.0,4822
2021-12-17 00:00:00+05:30,5290.0,5314.5,5217.5,5242.5,7167
2021-12-20 00:00:00+05:30,5243.0,5248.0,5146.0,5182.5,5422
2021-12-21 00:00:00+05:30,5158.0,5231.5,5158.0,5200.0,1870
2021-12-22 00:00:00+05:30,5200.0,5229.5,5144.0,5217.0,7088
2021-12-23 00:00:00+05:30,5251.0,5315.0,5225.5,5291.5,2758
2021-12-24 00:00:00+05:30,5312.5,5335.5,5261.0,5272.0,1509
2021-12-27 00:00:00+05:30,5290.5,5290.5,5121.0,5173.0,4674
2021-12-28 00:00:00+05:30,5217.5,5241.0,5142.0,5153.5,6736
2021-12-29 00:00:00+05:30,5156.0,5216.5,5096.0,5128.0,5184
2021-12-30 00:00:00+05:30,5172.5,5172.5,5123.5,5150.5,3356
2021-12-31 00:00:00+05:30,5186.5,5285.5,5114.0,5154.0,10564
2022-01-03 00:00:00+05:30,5215.5,5220.5,5161.5,5190.0,4189
2022-01-04 00:00:00+05:30,5192.0,5224.5,5143.0,5167.0,5467
2022-01-05 00:00:00+05:30,5172.5,5337.0,5168.0,5209.0,3126
2022-01-06 00:00:00+05:30,5193.0,5209.0,5170.5,5193.0,2353
2022-01-07 00:00:00+05:30,5193.0,5216.5,5175.0,5193.5,4829
2022-01-10 00:00:00+05:30,5216.5,5231.0,5172.5,5188.5,3445
2022-01-11 00:00:00+05:30,5192.0,5211.5,5148.5,5155.5,5230
2022-01-12 00:00:00+05:30,5182.0,5184.5,5124.5,5131.5,8724
2022-01-13 00:00:00+05:30,5180.5,5180.5,5114.0,5125.0,5691
2022-01-14 00:00:00+05:30,5143.0,5160.0,5077.0,5101.5,12157
2022-01-17 00:00:00+05:30,5190.0,5191.0,5089.5,5110.5,8415
2022-01-18 00:00:00+05:30,5133.0,5180.5,5108.5,5130.5,4394
2022-01-19 00:00:00+05:30,5151.0,5151.0,5097.0,5120.5,2583
2022-01-20 00:00:00+05:30,5141.0,5141.0,5065.0,5100.5,4149
2022-01-21 00:00:00+05:30,5114.0,5133.5,5078.5,5095.5,4610
2022-01-24 00:00:00+05:30,5110.0,5123.5,5070.0,5096.5,10492
2022-01-25 00:00:00+05:30,5094.0,5118.0,5021.0,5097.0,4759
2022-01-27 00:00:00+05:30,5099.0,5187.5,5070.0,5104.0,5564
2022-01-28 00:00:00+05:30,5119.5,5182.0,5115.0,5153.5,4674
2022-01-31 00:00:00+05:30,5153.5,5182.0,5118.5,5173.0,4314
2022-02-01 00:00:00+05:30,5180.5,5193.5,5116.0,5168.5,4933
2022-02-02 00:00:00+05:30,5175.5,5197.0,5118.5,5187.5,3772
2022-02-03 00:00:00+05:30,5172.5,5172.5,5035.5,5045.5,25225
2022-02-04 00:00:00+05:30,5074.5,5107.5,5006.0,5013.5,9820
2022-02-07 00:00:00+05:30,5045.0,5074.5,4957.0,4987.5,31891
2022-02-08 00:00:00+05:30,5035.5,5035.5,4973.5,5005.5,7006
2022-02-09 00:00:00+05:30,4969.5,5040.5,4969.5,4999.0,3465
2022-02-10 00:00:00+05:30,5005.5,5030.5,4981.5,4986.0,4364
2022-02-11 00:00:00+05:30,4986.0,5031.5,4956.0,4982.5,7602
2022-02-14 00:00:00+05:30,4974.5,5002.0,4864.0,4876.5,9163
2022-02-15 00:00:00+05:30,4908.0,4981.5,4849.5,4949.5,4026
2022-02-16 00:00:00+05:30,4957.0,4996.5,4918.0,4988.5,2097
2022-02-17 00:00:00+05:30,4988.5,5035.5,4968.0,5007.0,3513
2022-02-18 00:00:00+05:30,5016.0,5038.0,4979.5,4999.5,4598
2022-02-21 00:00:00+05:30,4999.5,4999.5,4901.5,4974.5,3272
2022-02-22 00:00:00+05:30,4653.5,4923.0,4653.5,4860.5,5844
2022-02-23 00:00:00+05:30,4870.0,4907.0,4849.5,4896.0,4872
2022-02-24 00:00:00+05:30,4859.0,4893.5,4738.5,4803.5,9366
2022-02-25 00:00:00+05:30,4849.5,5062.0,4849.5,5046.5,10031
2022-02-28 00:00:00+05:30,4973.5,5141.5,4953.0,5088.0,9947
2022-03-02 00:00:00+05:30,5061.0,5084.5,4973.0,5041.0,3457
2022-03-03 00:00:00+05:30,5041.0,5066.0,4987.5,5050.5,9180
2022-03-04 00:00:00+05:30,5016.0,5016.0,4849.5,4988.5,4211
2022-03-07 00:00:00+05:30,4903.5,4925.5,4749.5,4822.0,11144
2022-03-08 00:00:00+05:30,4801.5,4898.5,4801.5,4888.0,3205
2022-03-09 00:00:00+05:30,4937.5,4937.5,4859.5,4920.0,5072
2022-03-10 00:00:00+05:30,4993.5,4996.0,4898.5,4907.0,8842
2022-03-11 00:00:00+05:30,4899.5,4964.0,4880.5,4935.5,3262
2022-03-14 00:00:00+05:30,4942.5,4944.5,4888.5,4902.5,4688
2022-03-15 00:00:00+05:30,4893.5,4926.5,4800.5,4833.5,6388
2022-03-16 00:00:00+05:30,4897.5,4897.5,4812.5,4833.5,3548
2022-03-17 00:00:00+05:30,4861.5,4923.0,4753.0,4771.0,14886
2022-03-21 00:00:00+05:30,4800.5,4845.5,4778.5,4802.0,3975
2022-03-22 00:00:00+05:30,4824.0,5355.0,4751.5,4800.5,16547
2022-03-23 00:00:00+05:30,4820.0,4834.5,4771.0,4778.5,5808
2022-03-24 00:00:00+05:30,4781.0,4810.0,4753.0,4803.0,5400
2022-03-25 00:00:00+05:30,4805.0,4826.5,4791.0,4812.0,2897
2022-03-28 00:00:00+05:30,4834.5,4836.5,4740.0,4752.5,6936
2022-03-29 00:00:00+05:30,4789.5,4799.5,4727.0,4755.5,10510
2022-03-30 00:00:00+05:30,4761.0,4802.5,4702.5,4762.0,15152
2022-03-31 00:00:00+05:30,4751.5,4792.5,4736.5,4751.0,5114
2022-04-01 00:00:00+05:30,4751.0,4918.0,4741.5,4912.5,15218
2022-04-04 00:00:00+05:30,4914.0,4947.5,4909.0,4935.0,3738
2022-04-05 00:00:00+05:30,4947.5,5045.0,4947.5,4998.5,5383
2022-04-06 00:00:00+05:30,4996.5,5078.5,4983.0,5069.5,3121
2022-04-07 00:00:00+05:30,5062.0,5117.5,5035.5,5094.0,4280
2022-04-08 00:00:00+05:30,5118.0,5118.5,5052.0,5097.5,2054
2022-04-11 00:00:00+05:30,5097.0,5224.5,5021.0,5190.0,7266
2022-04-12 00:00:00+05:30,5153.0,5159.5,5060.0,5121.5,4539
2022-04-13 00:00:00+05:30,5198.5,5198.5,5048.0,5072.0,1694
2022-04-18 00:00:00+05:30,5093.0,5110.5,4983.5,5008.5,3171
2022-04-19 00:00:00+05:30,5016.0,5056.5,4903.5,4964.5,2431
2022-04-20 00:00:00+05:30,4925.5,5035.5,4925.5,5009.5,1724
2022-04-21 00:00:00+05:30,5061.0,5098.0,5001.5,5086.0,2981
2022-04-22 00:00:00+05:30,5076.0,5084.5,5036.5,5068.5,1827
2022-04-25 00:00:00+05:30,5065.0,5065.0,4982.5,5048.5,2531
2022-04-26 00:00:00+05:30,5104.0,5114.0,4997.5,5017.5,2069
2022-04-27 00:00:00+05:30,5017.0,5031.5,4947.5,5010.0,4947
2022-04-28 00:00:00+05:30,4998.0,5045.0,4968.5,4999.0,1747
2022-04-29 00:00:00+05:30,5042.0,5212.0,4898.5,5158.0,58726
2022-05-02 00:00:00+05:30,5148.0,5148.0,5019.0,5091.0,4200
2022-05-04 00:00:00+05:30,5147.0,5147.0,4947.5,4989.5,6430
2022-05-05 00:00:00+05:30,4973.5,5008.0,4922.5,4975.0,2799
2022-05-06 00:00:00+05:30,4888.5,4972.0,4852.0,4951.0,3636
2022-05-09 00:00:00+05:30,4883.5,4924.5,4849.5,4872.0,1966
2022-05-10 00:00:00+05:30,4829.0,4908.0,4751.5,4763.5,4396
2022-05-11 00:00:00+05:30,4799.5,4826.0,4707.5,4802.0,5304
2022-05-12 00:00:00+05:30,4796.5,4798.0,4732.0,4753.0,2113
2022-05-13 00:00:00+05:30,4751.5,4796.5,4693.0,4757.0,3349
2022-05-16 00:00:00+05:30,4794.5,4814.0,4718.0,4777.0,1888
2022-05-17 00:00:00+05:30,4753.5,4790.5,4753.5,4784.5,1074
2022-05-18 00:00:00+05:30,4822.0,4822.0,4751.5,4768.5,1786
2022-05-19 00:00:00+05:30,4756.5,4798.5,4734.0,4754.0,2222
2022-05-20 00:00:00+05:30,4776.0,4795.5,4761.0,4783.0,1349
2022-05-23 00:00:00+05:30,4795.5,4846.5,4762.0,4808.0,2340
2022-05-24 00:00:00+05:30,4811.0,4818.0,4746.5,4756.5,1331
2022-05-25 00:00:00+05:30,4758.5,4793.5,4737.0,4752.0,12151
2022-05-26 00:00:00+05:30,4732.5,4756.5,4651.5,4729.5,3807
2022-05-27 00:00:00+05:30,4776.0,4785.5,4683.5,4764.5,2669
2022-05-30 00:00:00+05:30,4785.5,4796.5,4737.0,4766.5,12316
2022-05-31 00:00:00+05:30,4776.0,4845.5,4714.0,4793.0,4441
2022-06-01 00:00:00+05:30,4767.5,4800.5,4754.5,4795.0,1011
2022-06-02 00:00:00+05:30,4805.0,4805.0,4653.5,4789.5,1794
2022-06-03 00:00:00+05:30,4805.0,4847.5,4763.5,4797.0,1511
2022-06-06 00:00:00+05:30,4801.5,4876.0,4751.5,4835.5,1638
2022-06-07 00:00:00+05:30,4835.5,4844.5,4753.0,4829.0,2874
2022-06-08 00:00:00+05:30,4800.5,4838.5,4778.0,4831.5,1213
2022-06-09 00:00:00+05:30,4819.5,4849.5,4790.5,4844.0,1040
2022-06-10 00:00:00+05:30,4849.5,4869.0,4800.5,4853.5,2128
2022-06-13 00:00:00+05:30,4801.5,4864.0,4662.0,4847.5,27257
2022-06-14 00:00:00+05:30,4839.5,4892.5,4763.0,4858.0,6078
2022-06-15 00:00:00+05:30,4859.0,4888.5,4779.5,4865.5,2211
2022-06-16 00:00:00+05:30,4853.5,4883.5,4776.0,4849.0,11485
2022-06-17 00:00:00+05:30,4812.0,4822.5,4751.5,4806.0,7282
2022-06-20 00:00:00+05:30,4848.5,4848.5,4751.5,4803.5,7461
2022-06-21 00:00:00+05:30,4803.5,4864.5,4789.5,4839.0,1807
2022-06-22 00:00:00+05:30,4804.0,4827.5,4729.5,4823.5,2003
2022-06-23 00:00:00+05:30,4792.5,4864.0,4792.5,4853.0,1602
2022-06-24 00:00:00+05:30,4815.0,4898.5,4815.0,4878.5,11357
2022-06-27 00:00:00+05:30,4908.0,4917.0,4810.0,4860.0,8864
2022-06-28 00:00:00+05:30,4858.0,4858.0,4805.5,4822.0,16469
2022-06-29 00:00:00+05:30,4810.5,4914.0,4769.0,4811.0,8124
2022-06-30 00:00:00+05:30,4849.5,4947.5,4810.5,4896.5,21773
2022-07-01 00:00:00+05:30,4898.5,4947.0,4876.0,4934.5,2674
2022-07-04 00:00:00+05:30,4955.5,4956.0,4898.5,4915.0,1151
2022-07-05 00:00:00+05:30,4913.0,4947.5,4879.5,4924.5,991
2022-07-06 00:00:00+05:30,4924.5,5045.5,4900.5,4992.0,5805
2022-07-07 00:00:00+05:30,5045.5,5045.5,4972.0,4993.5,1738
2022-07-08 00:00:00+05:30,5032.5,5034.5,4928.0,4943.5,1209
2022-07-11 00:00:00+05:30,4984.5,5069.0,4928.0,5044.0,3253
2022-07-12 00:00:00+05:30,5044.0,5071.5,4991.5,5053.5,5404
2022-07-13 00:00:00+05:30,5055.0,5068.5,4978.5,4993.5,1029
2022-07-14 00:00:00+05:30,4969.0,5016.5,4900.5,4937.5,1492
2022-07-15 00:00:00+05:30,4971.5,5013.5,4926.5,4975.0,1199
2022-07-18 00:00:00+05:30,5021.5,5044.0,4948.5,4960.5,1316
2022-07-19 00:00:00+05:30,4993.5,5145.0,4969.0,5106.0,4101
2022-07-20 00:00:00+05:30,5166.5,5318.5,5166.5,5287.0,15255
2022-07-21 00:00:00+05:30,5290.0,5363.5,5261.0,5360.0,5392
2022-07-22 00:00:00+05:30,5318.5,5432.5,5288.5,5402.0,6770
2022-07-25 00:00:00+05:30,5353.0,5368.5,5244.0,5262.0,3437
2022-07-26 00:00:00+05:30,5290.0,5290.0,5162.0,5187.0,1636
2022-07-27 00:00:00+05:30,5166.5,5215.5,5159.0,5177.5,787
2022-07-28 00:00:00+05:30,5177.5,5178.0,5023.5,5115.0,3134
2022-07-29 00:00:00+05:30,5116.0,5122.5,5071.5,5095.5,3276
2022-08-01 00:00:00+05:30,5096.0,5122.5,5075.0,5099.0,4284
2022-08-02 00:00:00+05:30,5099.0,5122.5,5057.5,5092.5,3012
2022-08-03 00:00:00+05:30,5092.5,5104.5,4976.5,4993.0,3459
2022-08-04 00:00:00+05:30,4996.5,5005.0,4915.5,4937.5,4983
2022-08-05 00:00:00+05:30,4930.0,5035.5,4927.5,5007.5,3015
2022-08-08 00:00:00+05:30,5035.5,5094.0,5028.5,5087.0,4839
2022-08-10 00:00:00+05:30,5087.0,5094.0,5008.0,5062.5,2478
2022-08-11 00:00:00+05:30,5082.5,5180.5,5055.0,5123.5,6439
2022-08-12 00:00:00+05:30,5163.0,5186.5,5074.5,5086.5,2436
2022-08-16 00:00:00+05:30,5095.0,5187.5,5094.0,5145.5,4018
2022-08-17 00:00:00+05:30,5166.5,5236.0,5133.5,5183.5,4812
2022-08-18 00:00:00+05:30,5206.0,5253.0,5192.5,5250.5,6181
2022-08-19 00:00:00+05:30,5256.0,5280.5,5200.0,5210.0,4970
2022-08-22 00:00:00+05:30,5255.0,5510.5,5154.0,5412.5,74553
2022-08-23 00:00:00+05:30,5388.0,5437.0,5290.0,5311.5,15844
2022-08-24 00:00:00+05:30,5311.5,5357.5,5292.0,5310.5,3752
2022-08-25 00:00:00+05:30,5293.5,5349.0,5256.0,5267.5,3181
2022-08-26 00:00:00+05:30,5301.0,5412.5,5276.0,5323.0,6771
2022-08-29 00:00:00+05:30,5224.5,5319.5,5214.0,5290.5,2287
2022-08-30 00:00:00+05:30,5295.0,5422.5,5295.0,5379.5,11226
2022-09-01 00:00:00+05:30,5373.5,5412.5,5338.0,5350.0,2261
2022-09-02 00:00:00+05:30,5412.5,5412.5,5303.5,5330.5,4060
2022-09-05 00:00:00+05:30,5330.5,5387.0,5243.0,5268.0,2319
2022-09-06 00:00:00+05:30,5288.0,5300.0,5192.0,5210.5,1929
2022-09-07 00:00:00+05:30,5256.0,5303.5,5221.0,5282.0,2604
2022-09-08 00:00:00+05:30,5310.5,5386.0,5286.5,5363.5,5967
2022-09-09 00:00:00+05:30,5407.5,5407.5,5291.5,5325.0,1494
2022-09-12 00:00:00+05:30,5324.5,5428.5,5291.0,5315.0,3683
2022-09-13 00:00:00+05:30,5329.5,5357.0,5297.0,5311.5,3544
2022-09-14 00:00:00+05:30,5297.0,5357.5,5290.0,5314.0,2643
2022-09-15 00:00:00+05:30,5324.5,5339.0,5271.5,5294.0,2716
2022-09-16 00:00:00+05:30,5330.0,5339.0,5196.0,5311.0,14115
2022-09-19 00:00:00+05:30,5308.5,5324.5,5064.0,5232.5,4230
2022-09-20 00:00:00+05:30,5224.0,5303.0,5224.0,5288.5,3649
2022-09-21 00:00:00+05:30,5300.0,5302.0,5185.0,5200.5,2414
2022-09-22 00:00:00+05:30,5221.5,5271.5,5219.5,5238.0,1940
2022-09-23 00:00:00+05:30,5251.0,5251.0,5153.0,5188.0,2835
2022-09-26 00:00:00+05:30,5144.5,5166.0,5058.0,5079.5,3219
2022-09-27 00:00:00+05:30,5059.0,5118.5,5036.0,5048.5,2804
2022-09-28 00:00:00+05:30,5007.0,5118.5,5007.0,5106.0,1887
2022-09-29 00:00:00+05:30,5118.5,5163.0,5047.0,5070.0,2021
2022-09-30 00:00:00+05:30,5085.5,5113.0,5055.5,5069.0,5943
2022-10-03 00:00:00+05:30,5094.0,5111.0,5038.0,5081.0,3121
2022-10-04 00:00:00+05:30,5101.0,5109.0,5077.5,5090.5,1428
2022-10-06 00:00:00+05:30,5090.5,5113.0,5078.5,5088.5,6500
2022-10-07 00:00:00+05:30,5088.5,5093.0,5012.0,5067.5,1653
2022-10-10 00:00:00+05:30,4995.5,5093.0,4995.5,5073.5,2298
2022-10-11 00:00:00+05:30,5011.0,5091.5,5011.0,5039.5,5690
2022-10-12 00:00:00+05:30,5039.5,5090.5,5011.0,5063.0,8613
2022-10-13 00:00:00+05:30,5063.0,5088.0,5011.0,5031.0,1946
2022-10-14 00:00:00+05:30,5046.0,5079.5,4996.5,5008.0,1410
2022-10-17 00:00:00+05:30,4986.5,5053.0,4986.5,4995.5,1714
2022-10-18 00:00:00+05:30,5019.5,5034.5,4995.0,5020.5,2080
2022-10-19 00:00:00+05:30,5016.0,5075.0,4998.5,5021.0,3027
2022-10-20 00:00:00+05:30,5016.0,5050.0,5009.5,5020.5,1307
2022-10-21 00:00:00+05:30,5039.5,5074.5,5028.0,5064.0,1663
2022-10-24 00:00:00+05:30,5091.0,5091.0,5064.0,5082.5,387
2022-10-25 00:00:00+05:30,5052.5,5081.5,5042.5,5067.5,935
2022-10-27 00:00:00+05:30,5070.0,5084.5,4996.5,5029.5,1794
2022-10-28 00:00:00+05:30,5016.0,5094.0,4997.5,5025.5,1841
2022-10-31 00:00:00+05:30,5049.0,5111.0,5021.0,5038.0,6863
2022-11-01 00:00:00+05:30,5050.0,5066.5,5011.5,5034.5,2479
2022-11-02 00:00:00+05:30,5009.0,5067.0,5009.0,5055.5,4072
2022-11-03 00:00:00+05:30,5065.0,5153.5,5017.0,5085.5,2796
2022-11-04 00:00:00+05:30,5111.0,5147.0,5010.0,5030.5,13864
2022-11-07 00:00:00+05:30,5055.5,5094.0,5035.5,5074.5,2654
2022-11-09 00:00:00+05:30,5128.5,5132.5,5074.5,5089.5,4601
2022-11-10 00:00:00+05:30,5045.5,5113.0,5045.5,5100.5,3475
2022-11-11 00:00:00+05:30,5079.5,5132.5,5057.0,5071.0,1947
2022-11-14 00:00:00+05:30,5071.0,5088.5,5036.5,5067.5,2019
2022-11-15 00:00:00+05:30,5067.5,5072.5,5011.0,5022.0,17337
2022-11-16 00:00:00+05:30,5047.0,5047.0,4976.5,4995.0,2327
2022-11-17 00:00:00+05:30,4984.0,4990.5,4962.0,4971.0,1245
2022-11-18 00:00:00+05:30,4980.5,4989.5,4955.0,4973.5,1088
2022-11-21 00:00:00+05:30,4973.5,4996.5,4947.5,4992.5,1900
2022-11-22 00:00:00+05:30,5014.0,5015.0,4967.0,4971.5,1005
2022-11-23 00:00:00+05:30,4984.5,4996.5,4949.5,4972.0,2003
2022-11-24 00:00:00+05:30,4952.0,4994.5,4878.5,4899.5,55889
2022-11-25 00:00:00+05:30,4924.0,4990.5,4900.0,4952.5,4674
2022-11-28 00:00:00+05:30,4967.0,4975.5,4938.0,4958.5,2157
2022-11-29 00:00:00+05:30,4976.5,4996.5,4943.5,4996.0,9514
2022-11-30 00:00:00+05:30,4996.0,5088.0,4962.0,5023.5,7127
2022-12-01 00:00:00+05:30,5094.0,5094.0,5045.5,5066.0,3375
2022-12-02 00:00:00+05:30,5068.0,5094.0,5043.5,5069.0,3625
2022-12-05 00:00:00+05:30,5069.0,5080.0,5008.5,5036.5,3007
2022-12-06 00:00:00+05:30,5017.0,5074.5,4977.5,5052.5,2584
2022-12-07 00:00:00+05:30,5052.5,5079.5,5021.5,5029.5,1835
2022-12-08 00:00:00+05:30,5055.0,5079.5,5026.5,5039.0,1870
2022-12-09 00:00:00+05:30,5074.5,5088.5,4947.5,5008.0,6778
2022-12-12 00:00:00+05:30,4986.5,5053.0,4958.0,4981.5,3085
2022-12-13 00:00:00+05:30,4996.5,5012.0,4957.0,4989.5,3610
2022-12-14 00:00:00+05:30,4996.5,5013.0,4968.0,4973.0,1771
2022-12-15 00:00:00+05:30,4973.5,4993.5,4948.0,4963.0,1504
2022-12-16 00:00:00+05:30,4963.0,4986.5,4948.0,4962.0,6242
2022-12-19 00:00:00+05:30,4930.0,4985.5,4890.5,4910.5,4744
2022-12-20 00:00:00+05:30,4926.5,4926.5,4888.5,4904.0,1220
2022-12-21 00:00:00+05:30,4913.0,4961.5,4874.0,4884.0,2010
2022-12-22 00:00:00+05:30,4884.5,4888.5,4839.5,4848.5,2495
2022-12-23 00:00:00+05:30,4839.5,4865.0,4753.5,4762.5,4857
2022-12-26 00:00:00+05:30,4799.5,4941.5,4761.0,4878.5,2417
2022-12-27 00:00:00+05:30,4878.5,5069.0,4873.5,4914.0,3282
2022-12-28 00:00:00+05:30,4914.0,4925.5,4885.0,4890.5,832
2022-12-29 00:00:00+05:30,4890.5,4913.5,4839.5,4862.5,1134
2022-12-30 00:00:00+05:30,4863.0,4949.5,4863.0,4931.0,1565
2023-01-02 00:00:00+05:30,4950.0,4950.0,4878.5,4904.0,988
2023-01-03 00:00:00+05:30,4904.0,4947.5,4898.0,4913.0,1001
2023-01-04 00:00:00+05:30,4913.0,4936.0,4893.5,4927.0,1091
2023-01-05 00:00:00+05:30,4904.5,4953.0,4898.5,4917.0,1559
2023-01-06 00:00:00+05:30,4905.0,4937.5,4881.5,4895.0,2936
2023-01-09 00:00:00+05:30,4888.5,4913.0,4875.0,4877.5,920
2023-01-10 00:00:00+05:30,4880.0,4923.0,4859.0,4865.5,1578
2023-01-11 00:00:00+05:30,4854.5,4887.5,4839.5,4876.0,1171
2023-01-12 00:00:00+05:30,4859.0,4893.5,4806.0,4828.5,1604
2023-01-13 00:00:00+05:30,4822.0,4905.0,4822.0,4882.5,2178
2023-01-16 00:00:00+05:30,4857.0,4920.0,4857.0,4888.5,1762
2023-01-17 00:00:00+05:30,4889.5,4902.0,4875.0,4875.5,560
2023-01-18 00:00:00+05:30,4875.5,4902.0,4854.0,4860.0,1309
2023-01-19 00:00:00+05:30,4859.0,4875.5,4834.5,4845.0,1701
2023-01-20 00:00:00+05:30,4885.5,4885.5,4826.5,4834.5,1536
2023-01-23 00:00:00+05:30,4813.0,4845.0,4813.0,4829.0,516
2023-01-24 00:00:00+05:30,4845.0,4845.0,4818.0,4835.5,627
2023-01-25 00:00:00+05:30,4847.5,4849.5,4801.5,4814.5,779
2023-01-27 00:00:00+05:30,4783.0,4820.0,4751.5,4771.0,2165
2023-01-30 00:00:00+05:30,4781.0,4817.0,4763.0,4793.5,1204
2023-01-31 00:00:00+05:30,4817.0,4817.0,4771.0,4791.0,2535
2023-02-01 00:00:00+05:30,4800.5,4817.0,4756.5,4779.0,2591
2023-02-02 00:00:00+05:30,4878.5,4894.5,4745.5,4812.5,4804
2023-02-03 00:00:00+05:30,4815.0,4867.0,4793.5,4827.0,1172
2023-02-06 00:00:00+05:30,4827.0,4834.5,4808.0,4828.0,1501
2023-02-07 00:00:00+05:30,4847.5,4857.0,4793.5,4804.5,2921
2023-02-08 00:00:00+05:30,4810.0,4849.5,4798.5,4817.0,6906
2023-02-09 00:00:00+05:30,4812.0,4820.0,4791.5,4797.0,1270
2023-02-10 00:00:00+05:30,4763.0,4872.0,4763.0,4806.5,3626
2023-02-13 00:00:00+05:30,4800.5,4806.5,4721.0,4736.0,4019
2023-02-14 00:00:00+05:30,4752.0,4764.0,4715.0,4729.0,1639
2023-02-15 00:00:00+05:30,4749.5,4749.5,4707.5,4724.5,1776
2023-02-16 00:00:00+05:30,4736.5,4770.5,4736.5,4755.0,3075
2023-02-17 00:00:00+05:30,4755.0,4764.5,4734.0,4743.5,1185
2023-02-20 00:00:00+05:30,4736.5,4764.0,4707.5,4731.0,3396
2023-02-21 00:00:00+05:30,4735.0,4752.5,4653.5,4680.5,2692
2023-02-22 00:00:00+05:30,4702.5,4731.5,4664.0,4702.5,3767
2023-02-23 00:00:00+05:30,4707.0,4707.5,4674.0,4679.5,2076
2023-02-24 00:00:00+05:30,4679.0,4722.0,4678.0,4702.0,8448
2023-02-27 00:00:00+05:30,4683.0,4698.5,4651.5,4661.0,1892
2023-02-28 00:00:00+05:30,4682.5,4690.5,4504.5,4570.0,6987
2023-03-01 00:00:00+05:30,4579.0,4585.0,4552.0,4560.0,3814
2023-03-02 00:00:00+05:30,4580.0,4610.5,4555.5,4599.0,2098
2023-03-03 00:00:00+05:30,4622.5,4638.5,4583.5,4609.5,3291
2023-03-06 00:00:00+05:30,4612.0,4634.0,4599.5,4609.0,1857
2023-03-08 00:00:00+05:30,4594.5,4636.0,4496.5,4540.0,9217
2023-03-09 00:00:00+05:30,4550.5,4571.5,4526.0,4529.0,2452
2023-03-10 00:00:00+05:30,4507.5,4531.0,4496.5,4500.5,3414
2023-03-13 00:00:00+05:30,4575.0,4575.0,4439.0,4458.5,7070
2023-03-14 00:00:00+05:30,4489.0,4489.0,4360.5,4370.5,7823
2023-03-15 00:00:00+05:30,4380.0,4406.0,4333.0,4346.0,5657
2023-03-16 00:00:00+05:30,4337.5,4337.5,4263.5,4293.5,5026
2023-03-17 00:00:00+05:30,4335.0,4335.0,4051.0,4101.0,584069
2023-03-20 00:00:00+05:30,4183.0,4246.0,4056.0,4216.0,19150
2023-03-21 00:00:00+05:30,4188.0,4278.0,4188.0,4258.0,9347
2023-03-22 00:00:00+05:30,4258.0,4360.5,4232.0,4327.0,7074
2023-03-23 00:00:00+05:30,4347.0,4349.5,4232.0,4262.5,3991
2023-03-24 00:00:00+05:30,4289.5,4298.0,4242.0,4257.5,3985
2023-03-27 00:00:00+05:30,4286.0,4286.0,4170.5,4224.5,4427
2023-03-28 00:00:00+05:30,4203.0,4271.5,4191.5,4227.5,6084
2023-03-29 00:00:00+05:30,4227.5,4281.0,4213.0,4259.0,6937
2023-03-31 00:00:00+05:30,4276.0,4281.0,4207.5,4228.5,5087
2023-04-03 00:00:00+05:30,4251.5,4292.0,4146.0,4178.5,7500
2023-04-05 00:00:00+05:30,4210.5,4231.0,4166.0,4176.5,6788
2023-04-06 00:00:00+05:30,4198.0,4215.0,4165.5,4199.0,4664
2023-04-10 00:00:00+05:30,4199.0,4279.5,4183.0,4270.5,4868
2023-04-11 00:00:00+05:30,4261.5,4340.0,4261.5,4333.0,13050
2023-04-12 00:00:00+05:30,4398.5,4398.5,4293.0,4311.0,10629
2023-04-13 00:00:00+05:30,4335.0,4349.5,4276.0,4289.5,4601
2023-04-17 00:00:00+05:30,4227.0,4291.0,4227.0,4289.5,14715
2023-04-18 00:00:00+05:30,4291.0,4310.0,4248.0,4270.5,4005
2023-04-19 00:00:00+05:30,4281.0,4310.5,4203.5,4241.0,9039
2023-04-20 00:00:00+05:30,4265.5,4282.0,4179.5,4196.5,7050
2023-04-21 00:00:00+05:30,4199.0,4232.0,4184.0,4206.5,12387
2023-04-24 00:00:00+05:30,4207.5,4257.5,4188.0,4232.5,1975
2023-04-25 00:00:00+05:30,4217.5,4261.5,4217.5,4257.5,8971
2023-04-26 00:00:00+05:30,4257.5,4297.0,4232.0,4274.5,6335
2023-04-27 00:00:00+05:30,4271.5,4311.5,4234.0,4284.0,57953
2023-04-28 00:00:00+05:30,4306.0,4340.0,4275.5,4323.0,3768
2023-05-02 00:00:00+05:30,4349.5,4441.0,4302.5,4383.0,12465
2023-05-03 00:00:00+05:30,4396.5,4522.0,4396.5,4485.0,8613
2023-05-04 00:00:00+05:30,4506.5,4575.0,4477.0,4561.0,5366
2023-05-05 00:00:00+05:30,4561.0,4602.5,4531.0,4542.5,4131
2023-05-08 00:00:00+05:30,4555.5,4567.5,4489.0,4502.0,4510
2023-05-09 00:00:00+05:30,4516.0,4555.5,4492.0,4522.0,2827
2023-05-10 00:00:00+05:30,4545.5,4551.5,4497.0,4540.5,6533
2023-05-11 00:00:00+05:30,4564.0,4564.0,4528.0,4546.0,2949
2023-05-12 00:00:00+05:30,4603.5,4639.5,4460.0,4484.0,25420
2023-05-15 00:00:00+05:30,4443.5,4593.5,4313.0,4375.5,13598
2023-05-16 00:00:00+05:30,4365.5,4379.5,4336.5,4365.0,7533
2023-05-17 00:00:00+05:30,4387.5,4423.5,4382.0,4413.0,6119
2023-05-18 00:00:00+05:30,4430.0,4448.0,4300.5,4317.0,11609
2023-05-19 00:00:00+05:30,4339.0,4345.0,4279.0,4306.5,5558
2023-05-22 00:00:00+05:30,4334.0,4349.5,4242.0,4286.5,18381
2023-05-23 00:00:00+05:30,4294.5,4314.0,4249.0,4271.5,14816
2023-05-24 00:00:00+05:30,4259.5,4295.5,4193.0,4215.0,37873
2023-05-25 00:00:00+05:30,4218.5,4234.5,4136.5,4195.0,15568
2023-05-26 00:00:00+05:30,4208.5,4318.5,4208.5,4308.0,15972
2023-05-29 00:00:00+05:30,4348.5,4348.5,4277.0,4318.5,14674
2023-05-30 00:00:00+05:30,4318.5,4318.5,4265.5,4310.5,10650
2023-05-31 00:00:00+05:30,4330.0,4405.5,4185.5,4294.5,217733
2023-06-01 00:00:00+05:30,4337.0,4420.5,4320.5,4337.5,16731
2023-06-02 00:00:00+05:30,4384.0,4384.0,4316.5,4354.5,7290
2023-06-05 00:00:00+05:30,4377.0,4433.5,4369.5,4423.5,41378
2023-06-06 00:00:00+05:30,4443.0,4480.0,4387.0,4404.5,6734
2023-06-07 00:00:00+05:30,4404.5,4430.5,4377.0,4381.0,9090
2023-06-08 00:00:00+05:30,4414.5,4420.5,4340.0,4366.0,6674
2023-06-09 00:00:00+05:30,4388.0,4388.0,4315.0,4350.0,6931
2023-06-12 00:00:00+05:30,4389.0,4502.5,4369.5,4475.5,16987
2023-06-13 00:00:00+05:30,4502.5,4524.0,4408.5,4486.0,15543
2023-06-14 00:00:00+05:30,4496.5,4506.5,4457.5,4483.0,7395
2023-06-15 00:00:00+05:30,4516.0,4516.0,4409.5,4422.0,9223
2023-06-16 00:00:00+05:30,4427.0,4482.0,4408.5,4448.0,10873
2023-06-19 00:00:00+05:30,4481.0,4505.5,4391.0,4421.5,16624
2023-06-20 00:00:00+05:30,4452.5,4462.0,4419.5,4455.0,15899
2023-06-21 00:00:00+05:30,4443.0,4474.5,4430.0,4457.5,14378
2023-06-22 00:00:00+05:30,4467.5,4500.5,4438.0,4492.5,33442
2023-06-23 00:00:00+05:30,4506.5,4751.5,4467.5,4736.0,78431
2023-06-26 00:00:00+05:30,4783.5,5045.0,4775.0,4999.5,73328
2023-06-27 00:00:00+05:30,4996.5,5060.0,4899.0,4978.0,161785
2023-06-28 00:00:00+05:30,5007.0,5075.0,4929.5,5021.5,14718
2023-06-30 00:00:00+05:30,5055.0,5079.5,4928.0,4971.5,16117
2023-07-03 00:00:00+05:30,4971.5,5035.5,4959.5,5014.5,9180
2023-07-04 00:00:00+05:30,5016.0,5040.5,4971.5,5021.0,9511
2023-07-05 00:00:00+05:30,5025.5,5099.5,5002.5,5025.5,6769
2023-07-06 00:00:00+05:30,5045.0,5069.0,4996.5,5026.5,7878
2023-07-07 00:00:00+05:30,4982.0,5025.5,4952.0,4968.0,5603
2023-07-10 00:00:00+05:30,4976.5,5046.0,4952.0,5018.5,8739
2023-07-11 00:00:00+05:30,5012.5,5222.5,5009.0,5195.5,24414
2023-07-12 00:00:00+05:30,5226.5,5330.5,5202.5,5303.5,28348
2023-07-13 00:00:00+05:30,5333.0,5402.5,5301.0,5310.5,32132
2023-07-14 00:00:00+05:30,5373.5,5705.5,5336.0,5662.0,65907
2023-07-17 00:00:00+05:30,5741.0,5846.5,5682.0,5754.0,56102
2023-07-18 00:00:00+05:30,5813.5,5813.5,5599.5,5628.5,19761
2023-07-19 00:00:00+05:30,5618.5,5812.5,5574.5,5605.5,32248
2023-07-20 00:00:00+05:30,5605.5,5667.0,5496.0,5519.5,20173
2023-07-21 00:00:00+05:30,5519.5,5562.5,5468.5,5482.5,11567
2023-07-24 00:00:00+05:30,5482.0,5505.5,5370.5,5396.0,20499
2023-07-25 00:00:00+05:30,5435.0,5484.0,5341.5,5399.5,11677
2023-07-26 00:00:00+05:30,5436.0,5474.5,5390.0,5439.5,8996
2023-07-27 00:00:00+05:30,5476.5,5630.5,5438.5,5592.0,24329
2023-07-28 00:00:00+05:30,5639.0,5700.5,5547.0,5598.5,10636
2023-07-31 00:00:00+05:30,5623.5,5672.0,5520.5,5536.5,14675
2023-08-01 00:00:00+05:30,5536.5,5652.5,5519.5,5601.0,11942
2023-08-02 00:00:00+05:30,5613.0,5619.0,5545.5,5590.0,16346
2023-08-03 00:00:00+05:30,5547.0,5666.5,5547.0,5598.0,8982
2023-08-04 00:00:00+05:30,5599.0,5636.0,5558.0,5576.5,9489
2023-08-07 00:00:00+05:30,5577.0,5652.5,5404.5,5437.5,25531
2023-08-08 00:00:00+05:30,5474.0,5561.5,5416.5,5506.0,19615
2023-08-09 00:00:00+05:30,5506.0,5540.0,5435.0,5442.0,10288
2023-08-10 00:00:00+05:30,5447.0,5476.5,5389.0,5419.0,8207
2023-08-11 00:00:00+05:30,5436.0,5478.0,5373.5,5383.0,9055
2023-08-14 00:00:00+05:30,5383.0,5409.5,5296.0,5350.5,23663
2023-08-16 00:00:00+05:30,5350.5,5533.0,5344.5,5505.0,15930
2023-08-17 00:00:00+05:30,5505.0,5536.0,5434.0,5446.0,9789
2023-08-18 00:00:00+05:30,5447.0,5480.0,5369.5,5390.5,7849
2023-08-21 00:00:00+05:30,5406.5,5431.0,5342.0,5370.5,24425
2023-08-22 00:00:00+05:30,5398.0,5405.5,5292.5,5315.0,28539
2023-08-23 00:00:00+05:30,5329.5,5407.5,5327.5,5390.5,10865
2023-08-24 00:00:00+05:30,5446.0,5446.0,5337.5,5355.0,14026
2023-08-25 00:00:00+05:30,5334.5,5371.5,5311.0,5356.5,8250
2023-08-28 00:00:00+05:30,5398.0,5475.0,5362.0,5415.5,16800
2023-08-29 00:00:00+05:30,5437.0,5608.5,5388.0,5410.5,79284
2023-08-30 00:00:00+05:30,5525.0,5535.0,5408.5,5482.0,42576
2023-08-31 00:00:00+05:30,5496.0,5538.5,5423.5,5461.5,21760
2023-09-01 00:00:00+05:30,5466.5,5486.0,5384.0,5424.5,13125
2023-09-04 00:00:00+05:30,5452.0,5486.0,5408.0,5465.5,23645
2023-09-05 00:00:00+05:30,5466.5,5529.0,5407.5,5416.0,14524
2023-09-06 00:00:00+05:30,5485.0,5804.5,5442.0,5756.0,97634
2023-09-07 00:00:00+05:30,5842.5,5842.5,5698.5,5765.5,34975
2023-09-08 00:00:00+05:30,5765.5,5804.5,5732.0,5783.0,15303
2023-09-11 00:00:00+05:30,5808.5,5984.0,5730.5,5913.5,44938
2023-09-12 00:00:00+05:30,5951.5,5971.0,5688.0,5744.0,18537
2023-09-13 00:00:00+05:30,5770.0,5798.5,5652.5,5737.0,11806
2023-09-14 00:00:00+05:30,5853.5,6044.5,5819.0,5980.5,110135
2023-09-15 00:00:00+05:30,5981.0,6284.5,5956.5,6154.0,83964
2023-09-18 00:00:00+05:30,6220.0,6220.0,6013.5,6063.5,19251
2023-09-20 00:00:00+05:30,6048.5,6242.5,5914.5,6143.5,38584
2023-09-21 00:00:00+05:30,6062.0,6164.0,6025.5,6055.5,11282
2023-09-22 00:00:00+05:30,6087.5,6152.5,5830.0,5873.5,21996
2023-09-25 00:00:00+05:30,5946.5,5961.5,5858.5,5878.0,49107
2023-09-26 00:00:00+05:30,5888.0,6031.5,5868.0,5944.0,16262
2023-09-27 00:00:00+05:30,5995.5,6089.0,5946.5,5965.0,47245
2023-09-28 00:00:00+05:30,6024.5,6091.0,5865.0,6034.0,52116
2023-09-29 00:00:00+05:30,6088.5,6088.5,5965.5,6002.0,10851
2023-10-03 00:00:00+05:30,6019.0,6230.5,5965.5,5988.5,40788
2023-10-04 00:00:00+05:30,5976.0,6074.0,5973.0,6057.5,15450
2023-10-05 00:00:00+05:30,6113.0,6171.0,6074.0,6154.0,13933
2023-10-06 00:00:00+05:30,6191.5,6199.5,6000.5,6077.5,13740
2023-10-09 00:00:00+05:30,6074.0,6104.0,5968.5,6067.0,9884
2023-10-10 00:00:00+05:30,6093.5,6130.5,5995.5,6027.0,9276
2023-10-11 00:00:00+05:30,6062.0,6154.0,6027.0,6132.5,26005
2023-10-12 00:00:00+05:30,6159.0,6219.0,6061.0,6090.5,13510
2023-10-13 00:00:00+05:30,6090.5,6206.0,6066.0,6195.0,11616
2023-10-16 00:00:00+05:30,6194.5,6254.0,6132.5,6160.0,11656
2023-10-17 00:00:00+05:30,6160.0,6194.5,6115.0,6138.5,5983
2023-10-18 00:00:00+05:30,6138.5,6191.5,6103.5,6118.0,7462
2023-10-19 00:00:00+05:30,6143.0,6196.5,6086.5,6183.0,7402
2023-10-20 00:00:00+05:30,6201.0,6279.5,6134.5,6179.5,13493
2023-10-23 00:00:00+05:30,6179.5,6199.0,6007.5,6106.5,14309
2023-10-25 00:00:00+05:30,6103.5,6166.5,5963.0,6050.0,15449
2023-10-26 00:00:00+05:30,6034.5,6044.5,5917.5,6001.5,13781
2023-10-27 00:00:00+05:30,6091.5,6146.5,5988.0,6111.5,7722
2023-10-30 00:00:00+05:30,6076.0,6113.5,6011.5,6086.0,3997
2023-10-31 00:00:00+05:30,6104.5,6169.0,5893.0,5999.5,50761
2023-11-01 00:00:00+05:30,6010.0,6215.0,5999.5,6163.0,38199
2023-11-02 00:00:00+05:30,6191.5,6191.5,6070.5,6116.0,8074
2023-11-03 00:00:00+05:30,6116.0,6181.5,6101.5,6123.0,5683
2023-11-06 00:00:00+05:30,6204.0,6289.5,6123.0,6149.5,12558
2023-11-07 00:00:00+05:30,6221.0,6246.5,6134.0,6225.0,12853
2023-11-08 00:00:00+05:30,6230.5,6431.5,6172.0,6209.0,22262
2023-11-09 00:00:00+05:30,6210.0,6284.5,6180.5,6242.5,9785
2023-11-10 00:00:00+05:30,6265.0,6265.0,6221.0,6243.5,6632
2023-11-12 00:00:00+05:30,6270.0,6312.0,6224.5,6250.0,1923
2023-11-13 00:00:00+05:30,6209.0,6297.5,6209.0,6275.5,5106
2023-11-15 00:00:00+05:30,6289.5,6343.5,6242.0,6325.5,9918
2023-11-16 00:00:00+05:30,6358.0,6368.0,6251.5,6278.5,19424
2023-11-17 00:00:00+05:30,6333.5,6392.5,6177.5,6209.0,17193
2023-11-20 00:00:00+05:30,6248.5,6278.5,6192.5,6259.5,6155
2023-11-21 00:00:00+05:30,6249.5,6348.0,6221.0,6319.0,11285
2023-11-22 00:00:00+05:30,6319.0,6319.0,6258.0,6285.5,11082
2023-11-23 00:00:00+05:30,6309.0,6309.0,6225.0,6237.0,5763
2023-11-24 00:00:00+05:30,6237.0,6264.0,6196.0,6236.0,9095
2023-11-28 00:00:00+05:30,6293.0,6293.0,6174.0,6221.5,6488
2023-11-29 00:00:00+05:30,6221.0,6235.0,6177.5,6223.0,10136
2023-11-30 00:00:00+05:30,6226.0,6267.0,6191.5,6235.5,7039
2023-12-01 00:00:00+05:30,6260.0,6265.5,6184.5,6193.0,5255
2023-12-04 00:00:00+05:30,6260.0,6309.0,6191.5,6229.5,8921
2023-12-05 00:00:00+05:30,6229.5,6259.0,6181.5,6202.5,4565
2023-12-06 00:00:00+05:30,6201.5,6201.5,6081.0,6136.5,13870
2023-12-07 00:00:00+05:30,6152.0,6200.0,6123.0,6162.5,13517
2023-12-08 00:00:00+05:30,6194.5,6194.5,6084.0,6111.5,4042
2023-12-11 00:00:00+05:30,6111.5,6137.5,6050.5,6056.0,8503
2023-12-12 00:00:00+05:30,6091.5,6146.5,6059.0,6083.0,8468
2023-12-13 00:00:00+05:30,6092.5,6142.5,6072.0,6109.5,9156
2023-12-14 00:00:00+05:30,6165.5,6165.5,5956.0,5992.5,14120
2023-12-15 00:00:00+05:30,6015.0,6070.0,5988.0,6036.0,7641
2023-12-18 00:00:00+05:30,6066.0,6092.5,5975.0,5980.0,19785
2023-12-19 00:00:00+05:30,5987.5,6074.0,5961.5,6063.5,12084
2023-12-20 00:00:00+05:30,6073.5,6073.5,5888.0,5926.0,9267
2023-12-21 00:00:00+05:30,5937.0,6089.5,5835.0,6072.0,16489
2023-12-22 00:00:00+05:30,6072.0,6084.5,6000.5,6016.0,4782
2023-12-26 00:00:00+05:30,6016.5,6038.5,5968.0,5976.0,10504
2023-12-27 00:00:00+05:30,6025.0,6034.0,5947.5,5987.0,24950
2023-12-28 00:00:00+05:30,6039.5,6497.0,5976.0,6417.0,79070
2023-12-29 00:00:00+05:30,6368.0,6377.5,6289.5,6351.0,22772
2024-01-01 00:00:00+05:30,6368.0,6417.0,6299.0,6343.5,10527
2024-01-02 00:00:00+05:30,6343.5,6365.5,6222.0,6344.5,109330
2024-01-03 00:00:00+05:30,6343.5,6552.0,6337.0,6492.0,29016
2024-01-04 00:00:00+05:30,6515.0,6559.0,6370.5,6416.5,53622
2024-01-05 00:00:00+05:30,6426.5,6536.0,6418.0,6515.0,14420
2024-01-08 00:00:00+05:30,6554.0,7186.5,6517.0,6947.5,87007
2024-01-09 00:00:00+05:30,6990.0,6990.0,6617.5,6663.0,36689
2024-01-10 00:00:00+05:30,6710.5,6857.5,6696.5,6747.0,27018
2024-01-11 00:00:00+05:30,6787.5,6926.0,6590.5,6785.5,19576
2024-01-12 00:00:00+05:30,6858.0,6881.0,6638.0,6663.0,150577
2024-01-15 00:00:00+05:30,6759.5,6804.0,6599.0,6624.0,44993
2024-01-16 00:00:00+05:30,6637.0,6660.5,6393.5,6471.0,26665
2024-01-17 00:00:00+05:30,6416.5,6554.0,6378.0,6435.5,45663
2024-01-18 00:00:00+05:30,6417.0,6484.5,6343.5,6420.5,19171
2024-01-19 00:00:00+05:30,6450.0,6509.5,6385.5,6447.5,8899
2024-01-20 00:00:00+05:30,6465.5,6514.0,6421.5,6489.5,4344
2024-01-23 00:00:00+05:30,6498.0,6522.5,6355.5,6390.0,15508
2024-01-24 00:00:00+05:30,6417.0,6417.0,6349.0,6394.0,11329
2024-01-25 00:00:00+05:30,6416.0,6436.5,6322.0,6374.0,9998
2024-01-29 00:00:00+05:30,6373.5,6423.0,6333.5,6353.0,19671
2024-01-30 00:00:00+05:30,6358.0,7150.5,6342.0,6553.0,78761
2024-01-31 00:00:00+05:30,6563.5,6653.0,6411.0,6452.0,37332
2024-02-01 00:00:00+05:30,6465.0,6507.5,6439.0,6457.0,10906
2024-02-02 00:00:00+05:30,6510.0,6534.5,6397.0,6433.0,24065
2024-02-05 00:00:00+05:30,6466.0,6530.5,6446.0,6516.0,20258
2024-02-06 00:00:00+05:30,6554.0,6720.5,6518.5,6658.5,50443
2024-02-07 00:00:00+05:30,6658.5,6783.0,6658.5,6754.0,40246
2024-02-08 00:00:00+05:30,6730.5,6750.0,6662.0,6699.5,18852
2024-02-09 00:00:00+05:30,6673.5,6708.0,6515.0,6670.5,13679
2024-02-12 00:00:00+05:30,6650.5,6690.5,6485.5,6525.0,13373
2024-02-13 00:00:00+05:30,6525.0,6538.5,6388.0,6432.5,10371
2024-02-14 00:00:00+05:30,6368.0,6632.5,6368.0,6602.0,15021
2024-02-15 00:00:00+05:30,6602.0,6657.0,6517.0,6607.0,7648
2024-02-16 00:00:00+05:30,6691.0,6691.0,6521.5,6552.5,8387
2024-02-19 00:00:00+05:30,6591.0,6592.0,6446.5,6463.0,10228
2024-02-20 00:00:00+05:30,6496.5,6496.5,6369.0,6382.0,8258
2024-02-21 00:00:00+05:30,6415.0,6442.0,6353.0,6377.5,12760
2024-02-22 00:00:00+05:30,6368.0,6446.0,6348.0,6410.0,6546
2024-02-23 00:00:00+05:30,6410.0,6410.0,6368.0,6375.0,4260
2024-02-26 00:00:00+05:30,6369.0,6384.0,6278.0,6327.0,8682
2024-02-27 00:00:00+05:30,6358.5,6358.5,6251.5,6287.0,10157
2024-02-28 00:00:00+05:30,6287.0,6404.0,6278.0,6350.0,19596
2024-02-29 00:00:00+05:30,6350.0,6398.0,6271.0,6375.5,15462
2024-03-01 00:00:00+05:30,6344.5,6514.0,6344.5,6432.0,10574
2024-03-02 00:00:00+05:30,6432.0,6511.0,6389.5,6401.5,722
2024-03-04 00:00:00+05:30,6397.0,6511.0,6370.0,6454.5,10692
2024-03-05 00:00:00+05:30,6451.5,6475.5,6347.0,6377.0,9227
2024-03-06 00:00:00+05:30,6377.5,6377.5,6253.5,6349.5,8574
2024-03-07 00:00:00+05:30,6349.0,6441.5,6335.0,6385.0,5754
2024-03-11 00:00:00+05:30,6379.0,6396.0,6222.0,6270.5,19132
2024-03-12 00:00:00+05:30,6269.5,6464.0,6222.0,6399.5,11016
2024-03-13 00:00:00+05:30,6370.0,6391.5,6200.5,6245.0,10314
2024-03-14 00:00:00+05:30,6201.5,6317.0,6201.5,6241.5,8256
2024-03-15 00:00:00+05:30,6279.5,6454.0,6189.0,6378.5,12368
2024-03-18 00:00:00+05:30,6318.0,6590.0,6309.0,6559.0,15507
2024-03-19 00:00:00+05:30,6582.5,6612.5,6432.0,6471.0,9382
2024-03-20 00:00:00+05:30,6470.5,6486.5,6346.5,6448.5,17466
2024-03-21 00:00:00+05:30,6482.0,6574.0,6447.5,6549.0,11407
2024-03-22 00:00:00+05:30,6575.0,6670.5,6507.5,6539.0,33220
2024-03-26 00:00:00+05:30,6656.0,6661.5,6445.5,6457.5,6838
2024-03-27 00:00:00+05:30,6504.0,6527.5,6384.5,6420.0,4431
2024-03-28 00:00:00+05:30,6420.5,6520.5,6365.0,6387.0,5778
2024-04-01 00:00:00+05:30,6389.5,6561.5,6389.5,6527.0,6996
2024-04-02 00:00:00+05:30,6559.5,6605.0,6456.0,6480.0,8436
2024-04-03 00:00:00+05:30,6514.5,6534.5,6377.5,6426.0,11361
2024-04-04 00:00:00+05:30,6465.0,6496.0,6443.5,6482.0,6177
2024-04-05 00:00:00+05:30,6505.0,6545.5,6426.0,6487.5,8146
2024-04-08 00:00:00+05:30,6521.0,6521.0,6446.0,6457.5,7017
2024-04-09 00:00:00+05:30,6485.5,6503.5,6413.5,6464.0,5818
2024-04-10 00:00:00+05:30,6445.0,6490.5,6407.0,6437.5,5899
2024-04-12 00:00:00+05:30,6437.5,6465.0,6261.0,6278.5,13303
2024-04-15 00:00:00+05:30,6260.0,6466.0,6173.0,6356.5,13730
2024-04-16 00:00:00+05:30,6388.5,6415.5,6294.5,6312.0,6956
2024-04-18 00:00:00+05:30,6312.0,6376.5,6312.0,6356.5,4752
2024-04-19 00:00:00+05:30,6319.0,6360.5,6277.0,6314.5,4030
2024-04-22 00:00:00+05:30,6328.5,6436.5,6287.0,6326.0,19965
2024-04-23 00:00:00+05:30,6338.5,6385.0,6208.0,6222.5,36566
2024-04-24 00:00:00+05:30,6232.0,6276.5,6167.0,6172.0,13556
2024-04-25 00:00:00+05:30,6191.5,6238.5,6069.0,6081.0,35272
2024-04-26 00:00:00+05:30,6118.0,6196.5,6110.0,6130.5,16610
2024-04-29 00:00:00+05:30,6130.5,6249.0,6065.0,6081.0,35680
2024-04-30 00:00:00+05:30,6264.0,6719.5,6177.0,6532.5,347032
2024-05-02 00:00:00+05:30,6515.0,6681.5,6451.0,6634.0,49288
2024-05-03 00:00:00+05:30,6565.0,6687.0,6496.0,6560.5,14954
2024-05-06 00:00:00+05:30,6618.5,6618.5,6415.0,6484.0,16262
2024-05-07 00:00:00+05:30,6484.5,6727.5,6466.0,6664.5,175429
2024-05-08 00:00:00+05:30,6719.5,6945.5,6627.0,6826.0,76913
2024-05-09 00:00:00+05:30,6828.0,6965.5,6724.0,6771.5,50025
2024-05-10 00:00:00+05:30,6774.0,6819.0,6637.0,6660.5,13932
2024-05-13 00:00:00+05:30,6700.0,6930.0,6632.5,6748.5,32576
2024-05-14 00:00:00+05:30,6758.5,6810.5,6613.0,6661.5,22091
2024-05-15 00:00:00+05:30,6661.5,6724.5,6553.5,6581.0,26223
2024-05-16 00:00:00+05:30,6637.0,6719.5,6565.0,6681.5,30212
2024-05-17 00:00:00+05:30,6715.0,6778.0,6601.0,6734.0,24801
2024-05-18 00:00:00+05:30,6668.5,6775.0,6668.5,6681.5,1350
2024-05-21 00:00:00+05:30,6681.5,6750.0,6629.5,6670.0,25053
2024-05-22 00:00:00+05:30,6662.5,6859.5,6656.0,6804.5,23816
2024-05-23 00:00:00+05:30,6838.0,6848.0,6701.0,6831.5,16857
2024-05-24 00:00:00+05:30,6848.0,6888.0,6693.5,6752.0,19785
2024-05-27 00:00:00+05:30,6758.5,7044.0,6739.5,6991.0,66549
2024-05-28 00:00:00+05:30,7019.0,7034.0,6700.0,6736.5,38005
2024-05-29 00:00:00+05:30,6770.0,6955.0,6723.0,6932.0,60063
2024-05-30 00:00:00+05:30,6931.5,7039.5,6829.0,7001.0,25944
2024-05-31 00:00:00+05:30,7001.0,7102.5,6926.5,6993.5,169149
2024-06-03 00:00:00+05:30,7053.5,7093.0,6928.5,7064.0,41887
2024-06-04 00:00:00+05:30,7006.5,7098.5,6574.0,6978.0,28631
2024-06-05 00:00:00+05:30,7029.0,7396.5,6957.5,7338.0,95384
2024-06-06 00:00:00+05:30,7347.5,7520.0,7288.5,7334.0,31055
2024-06-07 00:00:00+05:30,7376.0,7393.5,7304.5,7366.0,31865
2024-06-10 00:00:00+05:30,7366.0,7538.5,7366.0,7493.0,15712
2024-06-11 00:00:00+05:30,7490.0,7836.5,7445.5,7684.5,64914
2024-06-12 00:00:00+05:30,7679.0,7786.5,7568.0,7626.0,20831
2024-06-13 00:00:00+05:30,7637.0,7749.0,7604.0,7619.5,38516
2024-06-14 00:00:00+05:30,7627.0,7738.5,7538.5,7553.5,13519
2024-06-18 00:00:00+05:30,7568.0,7729.5,7553.5,7674.0,18169
2024-06-19 00:00:00+05:30,7733.5,7733.5,7377.0,7397.5,47756
2024-06-20 00:00:00+05:30,7460.0,7460.0,7195.0,7249.0,30231
2024-06-21 00:00:00+05:30,7240.0,7423.0,7197.5,7383.5,27600
2024-06-24 00:00:00+05:30,7438.5,7470.0,7239.5,7306.5,33267
2024-06-25 00:00:00+05:30,7346.5,7386.5,7318.0,7346.5,9838
2024-06-26 00:00:00+05:30,7384.0,7384.0,7244.5,7278.5,12878
2024-06-27 00:00:00+05:30,7306.5,7347.5,7084.5,7206.0,14401
2024-06-28 00:00:00+05:30,7210.5,7254.5,7076.0,7097.5,12876
2024-07-01 00:00:00+05:30,7137.0,7308.5,7102.5,7159.5,75118
2024-07-02 00:00:00+05:30,7198.5,7271.5,7055.5,7169.0,16938
2024-07-03 00:00:00+05:30,7190.5,7195.5,7115.0,7141.5,14110
2024-07-04 00:00:00+05:30,7178.0,7178.5,7073.0,7082.0,12179
2024-07-05 00:00:00+05:30,7127.0,7130.0,7029.5,7057.0,12937
2024-07-08 00:00:00+05:30,7057.0,7297.5,7007.5,7239.5,22191
2024-07-09 00:00:00+05:30,7325.5,7325.5,7182.0,7247.0,14764
2024-07-10 00:00:00+05:30,7272.0,7313.0,7144.5,7242.5,15483
2024-07-11 00:00:00+05:30,7280.5,7298.5,7191.0,7233.0,13471
2024-07-12 00:00:00+05:30,7277.0,7277.0,7154.0,7213.5,33181
2024-07-15 00:00:00+05:30,7213.5,7631.5,7213.5,7520.0,46263
2024-07-16 00:00:00+05:30,7563.0,7667.5,7526.0,7575.0,22710
2024-07-18 00:00:00+05:30,7613.5,7934.5,7520.0,7812.5,59095
2024-07-19 00:00:00+05:30,7788.5,7822.5,7479.5,7527.5,18191
2024-07-22 00:00:00+05:30,7527.5,7592.5,7457.0,7508.0,7571
2024-07-23 00:00:00+05:30,7508.0,7727.5,7396.5,7542.5,21365
2024-07-24 00:00:00+05:30,7543.5,7776.5,7521.0,7691.5,16297
2024-07-25 00:00:00+05:30,7641.5,7674.0,7568.0,7648.5,9601
2024-07-26 00:00:00+05:30,7668.0,7777.5,7617.0,7629.5,9711
2024-07-29 00:00:00+05:30,7706.0,7766.5,7612.0,7675.0,11781
2024-07-30 00:00:00+05:30,7673.5,7800.5,7641.5,7661.0,9609
2024-07-31 00:00:00+05:30,7661.0,7739.5,7639.5,7665.5,6189
2024-08-01 00:00:00+05:30,7656.0,7818.5,7548.5,7780.5,12352
2024-08-02 00:00:00+05:30,7780.5,8028.5,7712.0,7819.5,56172
2024-08-05 00:00:00+05:30,7804.0,7804.0,7397.5,7441.0,25352
2024-08-06 00:00:00+05:30,7456.5,7602.0,7406.0,7496.5,9760
2024-08-07 00:00:00+05:30,7519.0,7757.5,7519.0,7690.5,17226
2024-08-08 00:00:00+05:30,7690.5,7911.0,7690.5,7855.5,20541
2024-08-09 00:00:00+05:30,7876.5,7973.5,7789.5,7866.5,12986
2024-08-12 00:00:00+05:30,7866.5,7870.0,7690.5,7717.0,7750
2024-08-13 00:00:00+05:30,7738.5,7738.5,7502.0,7525.0,10180
2024-08-14 00:00:00+05:30,7525.0,7617.0,7473.0,7599.0,5501
2024-08-16 00:00:00+05:30,7570.5,7817.5,7570.5,7696.5,16014
2024-08-19 00:00:00+05:30,7752.5,7860.5,7721.5,7770.0,12052
2024-08-20 00:00:00+05:30,7773.5,7886.5,7712.0,7874.0,8277
2024-08-21 00:00:00+05:30,7874.0,8130.0,7839.0,8098.5,37827
2024-08-22 00:00:00+05:30,8278.0,8367.0,8099.0,8168.5,37978
2024-08-23 00:00:00+05:30,8209.5,8366.5,8191.0,8284.5,53560
2024-08-26 00:00:00+05:30,8425.0,8866.0,8397.0,8787.5,186510
2024-08-27 00:00:00+05:30,8719.0,9051.0,8587.0,8664.5,101794
2024-08-28 00:00:00+05:30,8707.5,8843.0,8664.0,8796.5,35732
2024-08-29 00:00:00+05:30,8809.5,9003.0,8702.0,8794.5,103981
2024-08-30 00:00:00+05:30,8817.0,8976.0,8611.5,8705.0,54201
2024-09-02 00:00:00+05:30,8934.5,8934.5,8698.0,8727.5,84442
2024-09-03 00:00:00+05:30,8817.0,8875.5,8739.0,8785.0,51551
2024-09-04 00:00:00+05:30,8774.0,8993.5,8729.0,8819.0,45944
2024-09-05 00:00:00+05:30,8875.5,9042.0,8802.5,8928.0,36745
2024-09-06 00:00:00+05:30,8988.5,9233.5,8819.0,8852.5,64251
2024-09-09 00:00:00+05:30,8962.0,9086.5,8835.5,8928.5,60846
2024-09-10 00:00:00+05:30,8928.5,9302.0,8770.0,8830.0,45938
2024-09-11 00:00:00+05:30,8856.0,8932.5,8681.0,8711.5,31285
2024-09-12 00:00:00+05:30,8756.0,8778.0,8680.0,8718.0,21547
2024-09-13 00:00:00+05:30,8736.0,8775.5,8680.0,8706.5,21679
2024-09-16 00:00:00+05:30,8706.5,8816.0,8621.0,8703.5,23214
2024-09-17 00:00:00+05:30,8700.5,8866.0,8631.0,8716.0,23708
2024-09-18 00:00:00+05:30,8787.5,8859.0,8720.0,8823.0,21528
2024-09-19 00:00:00+05:30,8866.0,9365.5,8748.5,8816.0,150092
2024-09-20 00:00:00+05:30,8751.5,9048.0,8340.5,8783.5,336483
2024-09-23 00:00:00+05:30,8689.5,8764.5,8601.5,8638.0,25888
2024-09-24 00:00:00+05:30,8681.5,8696.0,8552.5,8593.5,12337
2024-09-25 00:00:00+05:30,8448.0,8516.5,8327.0,8362.5,46726
2024-09-26 00:00:00+05:30,8395.5,8441.0,8288.0,8358.0,20938
2024-09-27 00:00:00+05:30,8358.0,8380.5,8297.5,8318.0,19067
2024-09-30 00:00:00+05:30,8354.5,8425.0,8258.5,8306.0,25931
2024-10-01 00:00:00+05:30,8288.0,8425.0,8236.0,8335.5,31758
2024-10-03 00:00:00+05:30,8280.5,8425.0,8177.0,8274.0,26325
2024-10-04 00:00:00+05:30,8317.5,8398.0,8146.0,8354.5,28147
2024-10-07 00:00:00+05:30,8396.5,8569.5,8258.5,8507.5,27478
2024-10-08 00:00:00+05:30,8542.5,8768.0,8476.5,8638.5,104121
2024-10-09 00:00:00+05:30,8698.5,8826.0,8575.5,8813.0,22027
2024-10-10 00:00:00+05:30,8869.5,8890.5,8734.5,8770.0,37307
2024-10-11 00:00:00+05:30,8784.0,8870.0,8680.0,8840.0,8213
2024-10-14 00:00:00+05:30,8888.5,8992.0,8817.0,8871.0,20306
2024-10-15 00:00:00+05:30,8916.0,8992.0,8819.5,8913.5,19913
2024-10-16 00:00:00+05:30,8905.0,9009.0,8777.0,8928.0,27160
2024-10-17 00:00:00+05:30,8915.0,8915.0,8670.0,8739.5,10456
2024-10-18 00:00:00+05:30,8686.5,8747.5,8542.5,8600.0,10449
2024-10-21 00:00:00+05:30,8551.5,8741.5,8426.0,8477.0,11950
2024-10-22 00:00:00+05:30,8474.0,8547.5,8119.0,8153.5,11958
2024-10-23 00:00:00+05:30,8162.5,8345.5,8070.0,8322.5,10180
2024-10-24 00:00:00+05:30,8340.0,8579.0,8083.5,8117.0,18971
2024-10-25 00:00:00+05:30,8198.0,8260.0,7925.5,8052.5,16908
2024-10-28 00:00:00+05:30,8052.5,8727.0,7970.0,8342.5,30254
2024-10-29 00:00:00+05:30,9062.0,9516.5,8828.5,9211.5,850450
2024-10-30 00:00:00+05:30,9207.0,9698.0,9038.5,9558.5,283588
2024-10-31 00:00:00+05:30,9425.5,9892.5,9274.5,9753.0,120974
2024-11-01 00:00:00+05:30,9759.5,9796.5,9600.5,9758.5,12994
2024-11-04 00:00:00+05:30,9820.5,10335.5,9820.5,10181.5,300327
2024-11-05 00:00:00+05:30,10159.0,10409.0,9943.5,10254.0,127020
2024-11-06 00:00:00+05:30,10254.0,10416.5,9953.5,10006.5,82553
2024-11-07 00:00:00+05:30,9894.5,10066.0,9763.5,9799.5,52936
2024-11-08 00:00:00+05:30,9799.5,9865.0,9525.5,9617.0,44571
2024-11-11 00:00:00+05:30,9636.0,9636.0,9429.0,9460.0,16815
2024-11-12 00:00:00+05:30,9409.5,9551.5,9180.5,9220.0,19794
2024-11-13 00:00:00+05:30,9287.0,9521.5,9060.0,9362.0,31188
2024-11-14 00:00:00+05:30,9395.5,9677.0,9171.5,9235.5,51977
2024-11-18 00:00:00+05:30,9247.0,9325.5,9094.0,9288.5,31562
2024-11-19 00:00:00+05:30,9292.0,9378.0,9062.0,9095.5,23680
2024-11-21 00:00:00+05:30,9096.0,9144.0,8924.5,8987.5,25818
2024-11-22 00:00:00+05:30,8983.5,9212.5,8983.5,9125.0,17078
2024-11-25 00:00:00+05:30,9306.5,10481.5,9217.0,10231.0,301799
2024-11-26 00:00:00+05:30,10286.5,10287.5,9748.5,9842.5,76725
2024-11-27 00:00:00+05:30,9802.0,10159.0,9650.5,9674.0,53723
2024-11-28 00:00:00+05:30,9694.5,9752.5,9512.5,9570.0,30587
2024-11-29 00:00:00+05:30,9583.5,9695.0,9415.0,9613.0,28311
2024-12-02 00:00:00+05:30,9669.5,9737.5,9522.5,9558.5,25453
2024-12-03 00:00:00+05:30,9556.5,9698.5,9533.5,9612.0,19573
2024-12-04 00:00:00+05:30,9653.0,9694.0,9557.0,9593.0,17115
2024-12-05 00:00:00+05:30,9641.5,10402.5,9631.5,9789.5,131365
2024-12-06 00:00:00+05:30,9831.0,9958.0,9740.0,9779.0,19861
2024-12-09 00:00:00+05:30,9779.0,9831.0,9583.0,9655.5,19997
2024-12-10 00:00:00+05:30,9678.5,9976.0,9594.0,9794.0,32370
2024-12-11 00:00:00+05:30,9849.0,9924.0,9710.5,9770.0,14533
2024-12-12 00:00:00+05:30,9836.0,9836.0,9581.0,9603.0,18838
2024-12-13 00:00:00+05:30,9595.5,9635.0,9354.0,9435.0,25484
2024-12-16 00:00:00+05:30,9575.0,9699.5,9453.5,9603.0,19479
2024-12-17 00:00:00+05:30,9656.0,9657.5,9420.0,9558.0,16172
2024-12-18 00:00:00+05:30,9514.0,9664.5,9502.5,9581.5,20236
2024-12-19 00:00:00+05:30,9503.0,9564.5,9419.5,9490.0,9083
2024-12-20 00:00:00+05:30,9542.0,9542.0,9171.5,9223.0,18439
2024-12-23 00:00:00+05:30,9067.0,9084.5,8819.0,8901.0,37431
2024-12-24 00:00:00+05:30,8915.0,9796.5,8890.5,9509.5,67002
2024-12-26 00:00:00+05:30,9395.0,9395.0,9175.5,9227.0,21440
2024-12-27 00:00:00+05:30,9181.5,9297.0,9072.0,9201.0,11682
2024-12-30 00:00:00+05:30,9252.5,9748.5,9062.0,9257.5,20135
2024-12-31 00:00:00+05:30,9252.5,9556.0,9142.5,9359.0,30549
2025-01-01 00:00:00+05:30,9367.5,9600.5,9279.5,9556.0,12807
2025-01-02 00:00:00+05:30,9521.0,9689.0,9441.0,9660.5,14082
2025-01-03 00:00:00+05:30,9660.5,9783.5,9562.5,9697.0,8560
2025-01-06 00:00:00+05:30,9694.0,9855.0,9311.5,9390.0,27814
2025-01-07 00:00:00+05:30,9453.5,9746.5,9451.5,9693.0,22708
2025-01-08 00:00:00+05:30,9700.0,9700.0,9527.0,9544.0,11814
2025-01-09 00:00:00+05:30,9563.0,9754.5,9429.0,9519.5,16094
2025-01-10 00:00:00+05:30,9504.0,9593.0,9381.5,9456.5,25254
2025-01-13 00:00:00+05:30,9316.0,9537.5,9171.0,9299.0,25585
2025-01-14 00:00:00+05:30,9290.5,9493.0,9209.0,9323.0,30871
2025-01-15 00:00:00+05:30,9323.0,9338.5,9140.0,9269.5,9841
2025-01-16 00:00:00+05:30,9181.5,9329.0,9112.0,9190.0,8130
2025-01-17 00:00:00+05:30,9208.0,9267.5,9087.5,9208.0,3998
2025-01-20 00:00:00+05:30,9254.5,9285.5,9097.0,9190.0,7192
2025-01-21 00:00:00+05:30,9190.5,9537.0,9091.5,9327.5,57840
2025-01-22 00:00:00+05:30,9314.0,9314.5,9091.5,9190.5,11646
2025-01-23 00:00:00+05:30,9212.0,9380.0,9106.0,9335.0,8945
2025-01-24 00:00:00+05:30,9307.0,9354.5,9136.5,9198.0,6442
2025-01-27 00:00:00+05:30,9136.5,9136.5,8773.0,8813.0,14213
2025-01-28 00:00:00+05:30,8735.0,8861.0,8290.0,8505.0,32579
2025-01-29 00:00:00+05:30,8502.5,8582.0,8342.0,8521.5,21683
2025-01-30 00:00:00+05:30,8521.5,8718.0,8436.0,8509.5,12304
2025-01-31 00:00:00+05:30,8601.0,8601.0,8346.5,8432.0,16078
2025-02-01 00:00:00+05:30,8426.0,8719.0,8283.5,8590.0,18472
2025-02-03 00:00:00+05:30,8446.5,8827.0,8410.5,8545.0,27704
2025-02-04 00:00:00+05:30,8639.0,8639.0,8296.0,8318.0,16172
2025-02-05 00:00:00+05:30,8327.0,8567.5,8254.5,8517.5,31126
2025-02-06 00:00:00+05:30,8522.0,8847.0,8427.0,8724.5,24180
2025-02-07 00:00:00+05:30,8699.5,8789.0,8552.5,8727.5,14716
2025-02-10 00:00:00+05:30,8727.5,8817.0,8538.0,8673.0,23417
2025-02-11 00:00:00+05:30,8621.0,8657.5,8288.5,8339.0,14707
2025-02-12 00:00:00+05:30,8329.0,8378.0,7978.5,8047.5,20615
2025-02-13 00:00:00+05:30,8058.5,8164.0,7710.0,7794.0,52583
2025-02-14 00:00:00+05:30,7794.0,7833.0,7323.5,7423.5,68503
2025-02-17 00:00:00+05:30,7416.0,7587.0,7261.0,7300.0,77772
2025-02-18 00:00:00+05:30,7298.5,8608.5,7298.5,8062.5,1300296
2025-02-19 00:00:00+05:30,7861.0,8836.5,7847.0,8288.5,1126970
2025-02-20 00:00:00+05:30,8160.0,8503.5,8085.0,8262.5,307024
2025-02-21 00:00:00+05:30,8247.0,8370.5,8033.5,8080.0,104359
2025-02-24 00:00:00+05:30,7996.0,8543.5,7992.0,8222.0,525425
2025-02-25 00:00:00+05:30,8239.0,8301.5,7947.0,8059.5,121816
2025-02-27 00:00:00+05:30,8059.5,8167.5,7906.0,7952.5,106150
2025-02-28 00:00:00+05:30,7912.0,7955.0,7659.0,7725.0,65228
2025-03-03 00:00:00+05:30,7747.0,7834.5,7569.0,7657.0,72082
2025-03-04 00:00:00+05:30,7602.0,7756.5,7543.5,7625.0,38082
2025-03-05 00:00:00+05:30,7651.0,7873.5,7617.0,7844.5,38476
2025-03-06 00:00:00+05:30,7906.0,8025.5,7667.0,7838.0,43228
2025-03-07 00:00:00+05:30,7866.5,7885.5,7671.0,7701.5,22818
2025-03-10 00:00:00+05:30,7699.0,7882.0,7641.5,7712.5,35965
2025-03-11 00:00:00+05:30,7690.5,7871.0,7607.0,7821.0,22344
2025-03-12 00:00:00+05:30,7830.5,7870.0,7629.5,7727.5,18760
2025-03-13 00:00:00+05:30,7744.0,7771.5,7592.5,7616.0,20416
2025-03-17 00:00:00+05:30,7657.0,8031.5,7657.0,7986.5,88453
2025-03-18 00:00:00+05:30,8015.5,8119.5,7960.0,8078.0,70362
2025-03-19 00:00:00+05:30,8078.0,8078.5,7886.5,7916.5,25332
2025-03-20 00:00:00+05:30,8021.5,8146.0,7973.5,8042.5,30857
2025-03-21 00:00:00+05:30,8048.0,8116.0,7893.0,7935.5,40663
2025-03-24 00:00:00+05:30,7935.5,8008.5,7858.0,7885.5,25115
2025-03-25 00:00:00+05:30,7926.5,7935.5,7748.0,7802.0,20880
2025-03-26 00:00:00+05:30,7815.5,7869.5,7697.0,7751.0,17575
2025-03-27 00:00:00+05:30,7739.5,7952.5,7697.5,7870.0,48910
2025-03-28 00:00:00+05:30,7901.0,8110.5,7847.5,7860.0,35984
2025-04-01 00:00:00+05:30,7860.0,7919.5,7764.0,7831.0,9691
2025-04-02 00:00:00+05:30,7836.5,7984.0,7775.5,7924.0,50226
2025-04-03 00:00:00+05:30,7837.5,7956.0,7837.5,7908.5,10166
2025-04-04 00:00:00+05:30,7901.0,7944.0,7717.0,7795.0,11537
2025-04-07 00:00:00+05:30,7543.5,7675.5,7409.5,7607.0,22760
2025-04-08 00:00:00+05:30,7661.0,7887.0,7593.0,7782.0,15949
2025-04-09 00:00:00+05:30,7812.0,7876.5,7676.0,7723.0,21248
2025-04-11 00:00:00+05:30,7827.0,8010.0,7721.5,7777.0,38034
2025-04-15 00:00:00+05:30,7808.5,7954.5,7759.5,7807.0,31176
2025-04-16 00:00:00+05:30,7821.5,7891.0,7612.5,7647.0,54240
2025-04-17 00:00:00+05:30,7715.0,7735.0,7598.5,7652.0,19789
2025-04-21 00:00:00+05:30,7699.0,7763.0,7581.0,7721.0,19466
2025-04-22 00:00:00+05:30,7787.5,8273.0,7761.5,7905.5,105362
2025-04-23 00:00:00+05:30,7959.0,8199.5,7912.0,8160.5,63492
2025-04-24 00:00:00+05:30,8163.5,8312.0,8053.5,8135.5,32842
2025-04-25 00:00:00+05:30,8113.5,8165.5,7881.5,8001.0,17818
2025-04-28 00:00:00+05:30,8001.0,8108.5,7935.5,7958.0,14195
2025-04-29 00:00:00+05:30,7998.0,8050.5,7896.5,7942.5,12740
2025-04-30 00:00:00+05:30,7942.5,8011.5,7824.0,7873.0,22525
2025-05-02 00:00:00+05:30,7934.5,7973.5,7716.0,7740.0,17123
2025-05-05 00:00:00+05:30,7816.5,7860.0,7724.5,7824.5,16322
2025-05-06 00:00:00+05:30,7864.5,7948.0,7749.5,7773.0,21161
2025-05-07 00:00:00+05:30,7773.0,7832.5,7685.5,7804.0,12332
2025-05-08 00:00:00+05:30,7835.5,7849.5,7667.0,7731.5,10271
2025-05-09 00:00:00+05:30,7546.5,7744.0,7524.0,7648.5,16654
2025-05-12 00:00:00+05:30,7846.5,7857.0,7749.0,7776.0,18574
2025-05-13 00:00:00+05:30,7829.0,7886.5,7739.5,7795.0,24677
2025-05-14 00:00:00+05:30,7883.5,8067.0,7812.5,8046.0,20105
2025-05-15 00:00:00+05:30,8102.0,8162.5,8011.0,8098.5,18414
2025-05-16 00:00:00+05:30,8121.5,8504.5,8053.0,8435.0,41033
2025-05-19 00:00:00+05:30,8437.0,8591.5,8425.0,8453.5,17470
2025-05-20 00:00:00+05:30,8496.5,8712.0,8428.0,8526.5,34638
2025-05-21 00:00:00+05:30,8526.5,8737.5,8271.5,8668.0,27926
2025-05-22 00:00:00+05:30,8665.0,8665.0,8484.0,8548.0,15187
2025-05-23 00:00:00+05:30,8542.5,8704.0,8455.0,8576.5,19990
2025-05-26 00:00:00+05:30,8668.0,9676.0,8608.5,9198.0,395891
2025-05-27 00:00:00+05:30,9233.5,9473.5,9131.5,9209.5,125349
2025-05-28 00:00:00+05:30,9211.0,9267.0,9112.0,9163.0,24549
2025-05-29 00:00:00+05:30,9127.5,9316.5,9041.5,9126.0,26861
2025-05-30 00:00:00+05:30,9091.5,9256.0,9023.5,9231.5,26365
2025-06-02 00:00:00+05:30,9258.0,9345.5,9189.0,9276.5,20014
2025-06-03 00:00:00+05:30,9307.0,9515.0,9282.0,9451.0,49864
2025-06-04 00:00:00+05:30,9439.0,9787.0,9439.0,9744.5,44749
2025-06-05 00:00:00+05:30,9774.0,10089.0,9719.0,10024.0,49305
2025-06-06 00:00:00+05:30,10089.5,10139.5,9576.0,9607.5,38617
2025-06-09 00:00:00+05:30,9669.0,9669.0,9514.5,9575.5,16939
2025-06-10 00:00:00+05:30,9583.0,9964.0,9583.0,9932.5,62302
2025-06-11 00:00:00+05:30,9989.5,10559.0,9859.5,10027.5,188066
2025-06-12 00:00:00+05:30,10008.0,10205.5,9944.5,10055.5,45650
2025-06-13 00:00:00+05:30,9904.5,10139.5,9854.5,10078.0,22766
2025-06-16 00:00:00+05:30,10085.5,10119.0,9865.0,9930.5,16518
2025-06-17 00:00:00+05:30,9991.5,10286.5,9919.0,10218.5,53805
2025-06-18 00:00:00+05:30,10208.0,10276.5,10068.0,10156.5,16264
2025-06-19 00:00:00+05:30,10157.5,10384.5,10151.5,10178.5,30514
2025-06-20 00:00:00+05:30,10194.0,10285.5,9610.5,9698.5,69549
2025-06-23 00:00:00+05:30,9698.5,9932.0,9644.0,9832.0,25979
2025-06-24 00:00:00+05:30,9845.5,10188.5,9747.5,10111.0,36450
2025-06-25 00:00:00+05:30,10092.5,10311.0,10052.0,10269.0,21859
2025-06-26 00:00:00+05:30,10285.5,10579.5,10248.0,10561.0,41179
2025-06-27 00:00:00+05:30,10561.0,10737.0,10504.0,10563.0,42517
2025-06-30 00:00:00+05:30,10678.0,10782.0,10580.5,10687.5,33821
2025-07-01 00:00:00+05:30,10687.0,10772.5,10474.5,10533.5,27223
2025-07-02 00:00:00+05:30,10541.0,10570.5,10286.5,10470.5,37028
2025-07-03 00:00:00+05:30,10470.5,10621.5,10402.0,10478.5,17318
2025-07-04 00:00:00+05:30,10512.0,10590.0,10429.5,10471.5,13761
2025-07-07 00:00:00+05:30,10482.5,10657.5,10430.5,10554.0,22005
2025-07-08 00:00:00+05:30,10616.5,10652.0,10367.0,10474.5,9846
2025-07-09 00:00:00+05:30,10473.5,10603.0,10341.5,10383.5,15002
2025-07-10 00:00:00+05:30,10452.0,10521.5,10161.0,10229.5,14937
2025-07-11 00:00:00+05:30,10276.5,10737.0,10275.5,10530.5,57228
2025-07-14 00:00:00+05:30,10600.0,10675.5,10297.0,10473.5,18271
2025-07-15 00:00:00+05:30,10507.0,11266.0,10502.0,10772.5,144676
2025-07-16 00:00:00+05:30,10804.5,10881.0,10624.5,10729.5,18602
2025-07-17 00:00:00+05:30,10732.0,11041.0,10727.5,10913.5,51537
2025-07-18 00:00:00+05:30,10944.0,11139.0,10943.0,11029.0,30306
2025-07-21 00:00:00+05:30,11070.0,11071.0,10700.0,10728.5,22149
2025-07-22 00:00:00+05:30,10815.5,10958.5,10768.5,10827.0,32236
2025-07-23 00:00:00+05:30,10854.5,11038.0,10845.0,10983.0,27070
2025-07-24 00:00:00+05:30,10987.0,10987.0,10682.0,10723.5,22278
2025-07-25 00:00:00+05:30,10776.5,10776.5,10423.5,10459.0,16542
2025-07-28 00:00:00+05:30,10502.0,10657.0,10297.0,10339.5,19149
2025-07-29 00:00:00+05:30,10383.5,10466.5,10091.5,10272.5,24320
2025-07-30 00:00:00+05:30,10327.5,10513.5,10205.0,10425.5,27275
2025-07-31 00:00:00+05:30,10392.5,11051.5,10218.0,10612.5,162247
2025-08-01 00:00:00+05:30,10582.5,10694.0,10261.0,10494.0,40476
2025-08-04 00:00:00+05:30,10504.0,10513.5,10177.5,10335.5,33617
2025-08-05 00:00:00+05:30,10336.5,10545.0,10336.5,10502.0,37434
2025-08-06 00:00:00+05:30,10507.0,10874.5,10358.0,10416.0,32229
2025-08-07 00:00:00+05:30,10378.5,10548.0,10288.5,10432.5,14823
2025-08-08 00:00:00+05:30,10453.0,10453.0,9849.5,10017.0,17904
2025-08-11 00:00:00+05:30,10098.5,10177.5,9979.0,10116.0,19814
2025-08-12 00:00:00+05:30,10120.0,10286.5,10115.0,10187.5,15211
2025-08-13 00:00:00+05:30,10242.5,10321.5,10176.0,10272.0,12590
2025-08-14 00:00:00+05:30,10286.5,10355.0,10002.5,10053.5,11873
2025-08-18 00:00:00+05:30,10194.5,10390.5,10032.5,10293.5,32088
2025-08-19 00:00:00+05:30,10322.5,10339.5,10066.0,10260.0,20244
2025-08-20 00:00:00+05:30,10238.5,10455.0,10115.0,10306.0,31839
2025-08-21 00:00:00+05:30,10406.0,10406.0,10154.0,10211.0,25187
2025-08-22 00:00:00+05:30,10275.5,10275.5,10115.0,10183.5,22141
2025-08-25 00:00:00+05:30,10207.0,10227.5,10091.5,10120.0,12525
2025-08-26 00:00:00+05:30,10150.5,10150.5,9759.5,9790.0,17135
2025-08-28 00:00:00+05:30,9826.0,9845.5,9624.0,9730.0,17578
2025-08-29 00:00:00+05:30,9690.0,9968.0,9670.0,9889.5,19100
2025-09-01 00:00:00+05:30,9992.5,10076.0,9810.5,9861.5,19276
2025-09-02 00:00:00+05:30,10050.5,10061.0,9828.0,9966.0,23114
2025-09-03 00:00:00+05:30,9966.0,10041.5,9847.5,9922.0,15206
2025-09-04 00:00:00+05:30,10169.0,10521.5,10051.5,10333.5,106227
2025-09-05 00:00:00+05:30,10369.5,10369.5,10133.5,10248.0,13559
2025-09-08 00:00:00+05:30,10101.5,10214.0,10088.5,10113.0,8627
2025-09-09 00:00:00+05:30,10113.0,10160.0,10002.5,10091.5,9165
2025-09-10 00:00:00+05:30,10140.5,10188.5,9850.5,9909.5,19355
2025-09-11 00:00:00+05:30,9958.5,9998.5,9808.5,9855.5,19534
2025-09-12 00:00:00+05:30,9892.5,9953.5,9734.0,9756.5,13808
2025-09-15 00:00:00+05:30,9833.0,9937.5,9737.0,9802.5,11995
2025-09-16 00:00:00+05:30,9855.5,9894.5,9700.5,9707.5,16162
2025-09-17 00:00:00+05:30,9764.5,9834.0,9719.0,9774.0,18446
2025-09-18 00:00:00+05:30,9845.5,9845.5,9718.0,9738.0,12063
2025-09-19 00:00:00+05:30,9739.0,10338.5,9726.0,10141.5,108943
2025-09-22 00:00:00+05:30,10080.5,10120.0,9910.5,9941.5,17267
2025-09-23 00:00:00+05:30,9919.0,9967.0,9752.5,9808.5,13599
2025-09-24 00:00:00+05:30,9845.5,9857.5,9619.5,9640.0,27450
2025-09-25 00:00:00+05:30,9689.0,9698.5,9453.5,9484.0,13922
2025-09-26 00:00:00+05:30,9491.0,9515.5,9258.0,9335.0,17792
2025-09-29 00:00:00+05:30,9433.0,9560.5,9259.0,9286.0,16359
2025-09-30 00:00:00+05:30,9315.5,9392.0,9214.5,9287.0,12095
2025-10-01 00:00:00+05:30,9287.0,9731.0,9228.5,9403.0,46294
2025-10-03 00:00:00+05:30,9421.5,9516.5,9249.5,9293.5,17014
2025-10-06 00:00:00+05:30,9384.5,9384.5,9210.0,9228.5,15803
2025-10-07 00:00:00+05:30,9297.0,9300.0,9179.5,9275.0,13679
2025-10-08 00:00:00+05:30,9297.0,9297.0,9209.0,9221.0,14673
2025-10-09 00:00:00+05:30,9282.0,9381.0,9263.5,9303.0,21027
2025-10-10 00:00:00+05:30,9331.5,9373.5,9250.0,9346.0,32715
2025-10-13 00:00:00+05:30,9353.0,9373.5,9253.0,9297.0,12123
2025-10-14 00:00:00+05:30,9297.0,9316.5,9194.0,9234.0,13633
2025-10-15 00:00:00+05:30,9262.5,9277.0,9026.5,9063.0,27566
2025-10-16 00:00:00+05:30,9112.0,9228.5,9036.5,9175.0,30052
2025-10-17 00:00:00+05:30,9176.5,9353.5,9158.0,9172.5,24521
2025-10-20 00:00:00+05:30,9277.5,9307.0,9113.0,9146.5,12641
2025-10-21 00:00:00+05:30,9151.0,9248.0,9151.0,9219.0,3854
2025-10-23 00:00:00+05:30,9233.5,9233.5,9077.5,9123.5,22930
2025-10-24 00:00:00+05:30,9155.0,9155.0,9016.0,9036.5,18682
2025-10-27 00:00:00+05:30,9081.5,9082.0,8924.5,8967.5,16412
2025-10-28 00:00:00+05:30,8980.5,9015.5,8881.0,8929.0,17829
2025-10-29 00:00:00+05:30,8954.0,8964.0,8836.5,8879.0,23529
2025-10-30 00:00:00+05:30,8934.0,9038.5,8861.0,8918.5,37970
2025-10-31 00:00:00+05:30,9033.0,9467.5,8768.5,8833.0,160373
2025-11-03 00:00:00+05:30,8836.5,8887.5,8660.0,8687.5,36360
2025-11-04 00:00:00+05:30,8699.5,8727.5,8522.0,8581.5,47636
2025-11-06 00:00:00+05:30,8581.5,8582.0,8464.5,8529.5,30709
2025-11-07 00:00:00+05:30,8552.5,8552.5,8286.5,8308.0,39833
2025-11-10 00:00:00+05:30,8356.0,8397.0,8259.0,8303.5,24370
2025-11-11 00:00:00+05:30,8345.0,8345.5,8087.0,8116.0,30042
2025-11-12 00:00:00+05:30,8151.0,8452.0,8135.0,8336.5,60738
2025-11-13 00:00:00+05:30,8336.5,8346.0,8192.0,8291.5,41913
2025-11-14 00:00:00+05:30,8273.0,8391.0,8243.0,8365.5,17635
2025-11-17 00:00:00+05:30,8365.5,8440.5,8317.5,8412.0,20250
2025-11-18 00:00:00+05:30,8415.5,8433.0,8151.0,8174.0,34105
2025-11-19 00:00:00+05:30,8206.5,8227.0,8104.0,8173.0,23902
2025-11-20 00:00:00+05:30,8193.0,8285.0,8193.0,8233.0,25459
2025-11-21 00:00:00+05:30,8229.0,8229.0,8088.0,8108.0,24121
2025-11-24 00:00:00+05:30,8108.0,8293.0,8108.0,8273.5,27702
2025-11-25 00:00:00+05:30,8278.0,8285.0,8151.0,8235.0,19353
2025-11-26 00:00:00+05:30,8277.0,8299.5,8193.5,8256.5,18142
2025-11-27 00:00:00+05:30,8313.5,8880.5,8276.0,8585.0,334551
2025-11-28 00:00:00+05:30,8585.0,8585.5,8425.0,8508.0,29871
2025-12-01 00:00:00+05:30,8513.5,8551.5,8348.0,8403.5,16467
2025-12-02 00:00:00+05:30,8402.5,8414.0,8173.5,8208.0,24736
2025-12-03 00:00:00+05:30,8229.0,8241.0,7985.0,8162.5,35759
2025-12-04 00:00:00+05:30,8162.5,8425.0,8130.0,8361.5,28336
2025-12-05 00:00:00+05:30,8361.5,8361.5,8151.0,8175.5,16936
2025-12-08 00:00:00+05:30,8201.5,8201.5,7984.5,8012.0,14477
2025-12-09 00:00:00+05:30,8061.0,8230.0,7870.0,8181.0,24805
2025-12-10 00:00:00+05:30,8175.5,8228.0,8011.0,8043.5,36685
2025-12-11 00:00:00+05:30,8057.5,8137.0,7985.5,8113.0,14826
2025-12-12 00:00:00+05:30,8141.0,8177.5,7915.5,7975.0,38113
2025-12-15 00:00:00+05:30,7945.0,7993.0,7871.5,7943.5,20372
2025-12-16 00:00:00+05:30,7943.5,8029.5,7879.0,7905.0,23398
2025-12-17 00:00:00+05:30,7935.5,7961.5,7788.5,7802.5,16496
2025-12-18 00:00:00+05:30,7802.5,7873.0,7726.5,7832.0,12480
2025-12-19 00:00:00+05:30,7862.0,7862.0,7770.0,7821.0,18471
2025-12-22 00:00:00+05:30,7857.0,7910.0,7804.0,7828.0,19061
2025-12-23 00:00:00+05:30,7828.0,7886.0,7800.0,7856.0,15299
2025-12-24 00:00:00+05:30,7855.0,8183.0,7853.0,8120.0,99116
2025-12-26 00:00:00+05:30,8111.5,8326.0,8062.0,8295.0,62921
2025-12-29 00:00:00+05:30,8312.5,8356.0,8132.0,8174.0,21530
2025-12-30 00:00:00+05:30,8180.0,8204.5,7985.5,8021.5,26594
2025-12-31 00:00:00+05:30,8061.5,8247.0,8046.0,8192.5,15628
2026-01-01 00:00:00+05:30,8207.5,8219.0,7952.0,7986.0,20849
2026-01-02 00:00:00+05:30,7966.0,8111.5,7966.0,8040.5,20764
2026-01-05 00:00:00+05:30,8082.0,8099.0,7986.0,8030.5,17682
2026-01-06 00:00:00+05:30,8070.0,8070.0,7900.0,7918.5,51287
2026-01-07 00:00:00+05:30,7901.0,8013.5,7881.5,7944.5,13051
2026-01-08 00:00:00+05:30,7983.5,7983.5,7791.0,7821.0,17452
2026-01-09 00:00:00+05:30,7818.5,7819.5,7665.0,7740.0,16693
2026-01-12 00:00:00+05:30,7785.5,7785.5,7602.0,7682.0,16614
2026-01-13 00:00:00+05:30,7682.0,7947.0,7682.0,7929.5,30732
2026-01-14 00:00:00+05:30,7873.5,7908.0,7818.5,7875.5,14149
2026-01-16 00:00:00+05:30,7876.5,7943.0,7778.5,7832.0,10472
2026-01-19 00:00:00+05:30,7831.5,7945.0,7788.0,7902.5,8887
2026-01-20 00:00:00+05:30,7902.5,7903.0,7670.0,7732.5,20695
2026-01-21 00:00:00+05:30,7732.5,7979.0,7673.5,7929.0,30583
2026-01-22 00:00:00+05:30,7925.5,7935.5,7778.5,7886.0,47643
2026-01-23 00:00:00+05:30,7886.0,7911.5,7751.0,7824.0,17235
2026-01-27 00:00:00+05:30,7789.5,7810.0,7651.5,7727.5,14190
2026-01-28 00:00:00+05:30,7727.5,7759.5,7628.5,7708.0,16644
2026-01-29 00:00:00+05:30,7678.5,8209.5,7626.5,8132.0,238576
2026-01-30 00:00:00+05:30,8237.0,8645.5,8141.0,8620.5,207764
2026-02-01 00:00:00+05:30,8572.0,8670.0,8429.0,8539.5,23831
2026-02-02 00:00:00+05:30,8539.5,8604.5,8405.5,8505.5,28158
2026-02-03 00:00:00+05:30,8694.0,8743.5,8455.0,8670.5,49372
2026-02-04 00:00:00+05:30,8700.0,8775.0,8532.0,8699.0,26833
2026-02-05 00:00:00+05:30,8699.0,8712.0,8590.0,8622.5,7994
2026-02-06 00:00:00+05:30,8550.0,8771.0,8480.5,8717.0,25303
2026-02-09 00:00:00+05:30,8717.0,8820.5,8655.5,8750.0,25334
2026-02-10 00:00:00+05:30,8755.0,8836.0,8675.0,8800.5,22629
2026-02-11 00:00:00+05:30,8828.0,8887.5,8683.0,8724.0,22284
2026-02-12 00:00:00+05:30,8755.0,8757.0,8605.0,8673.0,13994
2026-02-13 00:00:00+05:30,8668.0,8671.0,8510.0,8553.0,12507
2026-02-16 00:00:00+05:30,8560.0,8598.5,8470.0,8485.0,7620
2026-02-17 00:00:00+05:30,8455.0,8688.0,8440.0,8652.0,15440
2026-02-18 00:00:00+05:30,8640.0,8700.5,8563.5,8666.0,7846
2026-02-19 00:00:00+05:30,8640.0,8661.0,8483.0,8516.5,10626
2026-02-20 00:00:00+05:30,8456.5,8513.0,8423.5,8444.5,7357
2026-02-23 00:00:00+05:30,8483.5,8693.0,8469.5,8623.0,17219
2026-02-24 00:00:00+05:30,8613.5,8613.5,8400.0,8417.5,14953
2026-02-25 00:00:00+05:30,8457.0,8505.0,8385.0,8410.5,9490
2026-02-26 00:00:00+05:30,8423.5,8474.5,8329.5,8369.0,14683
2026-02-27 00:00:00+05:30,8407.0,8447.5,8287.0,8342.5,15613
2026-03-02 00:00:00+05:30,8151.0,8244.0,8111.0,8163.0,16151
2026-03-04 00:00:00+05:30,8100.0,8207.0,7948.5,7982.0,22744
2026-03-05 00:00:00+05:30,8061.0,8220.0,7990.0,8183.5,19666
2026-03-06 00:00:00+05:30,8179.5,8225.5,8066.5,8096.5,13787
2026-03-09 00:00:00+05:30,8000.0,8080.0,7849.5,8025.0,24912
2026-03-10 00:00:00+05:30,8054.5,8199.0,8054.5,8133.0,14018
2026-03-11 00:00:00+05:30,8130.0,8194.5,7960.0,7979.0,11140
2026-03-12 00:00:00+05:30,7979.0,8015.5,7840.0,7991.5,14045
2026-03-13 00:00:00+05:30,7990.0,8037.0,7851.0,7979.5,32734
2026-03-16 00:00:00+05:30,8000.0,8000.5,7851.5,7938.0,17172
2026-03-17 00:00:00+05:30,8000.0,8098.5,7928.0,7957.0,19117
2026-03-18 00:00:00+05:30,7979.5,8135.0,7888.0,7930.5,26423
2026-03-19 00:00:00+05:30,7890.5,8039.5,7851.0,7984.5,21711
2026-03-20 00:00:00+05:30,8019.0,8165.0,7956.0,8001.5,37894
2026-03-23 00:00:00+05:30,7900.0,7958.0,7751.0,7788.0,23420
2026-03-24 00:00:00+05:30,7978.0,7978.0,7685.5,7725.5,38211
2026-03-25 00:00:00+05:30,7849.0,7849.0,7660.5,7682.5,33809
2026-03-27 00:00:00+05:30,7682.0,7682.5,7450.0,7471.0,40024
2026-03-30 00:00:00+05:30,7440.5,7441.0,7206.0,7253.5,51603
2026-04-01 00:00:00+05:30,7459.0,7636.0,7395.0,7538.0,23414
2026-04-02 00:00:00+05:30,7427.0,7620.0,7288.5,7567.5,28824
2026-04-06 00:00:00+05:30,7643.0,7693.0,7471.0,7496.5,26847
2026-04-07 00:00:00+05:30,7476.0,7617.0,7471.5,7506.5,24228
2026-04-08 00:00:00+05:30,7798.0,7798.0,7642.5,7684.5,28760
2026-04-09 00:00:00+05:30,7774.5,7774.5,7575.0,7609.0,29504
2026-04-10 00:00:00+05:30,7676.0,7740.0,7640.5,7704.0,33965
2026-04-13 00:00:00+05:30,7650.0,7737.0,7581.0,7680.5,23758
2026-04-15 00:00:00+05:30,7800.0,7885.0,7725.0,7813.0,47489
2026-04-16 00:00:00+05:30,7939.0,7966.0,7804.0,7840.5,15412
2026-04-17 00:00:00+05:30,7918.5,8020.0,7830.5,7939.5,35835
2026-04-20 00:00:00+05:30,8011.0,8019.5,7836.0,7859.5,14132
2026-04-21 00:00:00+05:30,7885.0,7990.0,7855.5,7908.5,24057
2026-04-22 00:00:00+05:30,7967.0,8055.0,7902.0,7929.5,30109
2026-04-23 00:00:00+05:30,7940.0,8130.0,7910.0,8081.0,50790
2026-04-24 00:00:00+05:30,8091.0,8181.0,8060.5,8095.5,37127
2026-04-27 00:00:00+05:30,8200.0,8277.0,8118.0,8191.0,13032
2026-04-28 00:00:00+05:30,8207.0,8238.0,8150.0,8203.0,27988
2026-04-29 00:00:00+05:30,8237.0,8272.0,8043.0,8065.5,36843
2026-04-30 00:00:00+05:30,8019.5,8077.5,7930.0,7953.5,19991
2026-05-04 00:00:00+05:30,8030.0,8114.5,7941.0,7986.0,12073
