date,open,high,low,close,volume
2008-02-25 00:00:00+05:30,9.75,10.0,8.4,9.48,450432340
2008-02-26 00:00:00+05:30,9.82,9.82,9.12,9.25,107310320
2008-02-27 00:00:00+05:30,9.48,10.52,9.28,10.2,294777380
2008-02-28 00:00:00+05:30,10.15,10.7,10.02,10.25,156224860
2008-02-29 00:00:00+05:30,10.0,10.32,9.6,9.68,40128100
2008-03-03 00:00:00+05:30,9.55,10.2,9.2,9.68,68250340
2008-03-04 00:00:00+05:30,9.75,10.2,9.45,9.85,45868120
2008-03-05 00:00:00+05:30,9.85,10.05,9.75,9.82,22125860
2008-03-07 00:00:00+05:30,9.75,10.2,9.1,9.92,36981880
2008-03-10 00:00:00+05:30,9.85,9.95,9.25,9.58,25356780
2008-03-11 00:00:00+05:30,9.5,9.92,9.45,9.72,23192360
2008-03-12 00:00:00+05:30,9.8,10.0,9.6,9.62,12247660
2008-03-13 00:00:00+05:30,9.48,9.85,9.25,9.3,10503060
2008-03-14 00:00:00+05:30,9.5,9.6,9.18,9.25,7373080
2008-03-17 00:00:00+05:30,8.9,9.28,8.75,9.05,4603320
2008-03-18 00:00:00+05:30,9.22,9.22,8.8,8.9,2402640
2008-03-19 00:00:00+05:30,9.1,9.3,9.0,9.18,5064440
2008-03-24 00:00:00+05:30,9.0,9.1,8.02,8.28,6036980
2008-03-25 00:00:00+05:30,8.4,8.88,8.28,8.62,7596620
2008-03-26 00:00:00+05:30,8.82,8.98,8.2,8.62,4506340
2008-03-27 00:00:00+05:30,8.55,9.18,8.4,8.98,20655200
2008-03-28 00:00:00+05:30,9.1,9.25,8.75,8.88,6268420
2008-03-31 00:00:00+05:30,8.72,9.08,8.1,8.48,16015700
2008-04-01 00:00:00+05:30,8.55,8.75,8.38,8.4,3675860
2008-04-02 00:00:00+05:30,8.68,8.75,8.15,8.3,5859380
2008-04-03 00:00:00+05:30,8.2,8.6,8.2,8.4,4104460
2008-04-04 00:00:00+05:30,8.42,8.75,8.3,8.52,8374300
2008-04-07 00:00:00+05:30,8.55,8.98,8.4,8.85,5838880
2008-04-08 00:00:00+05:30,8.9,9.5,8.65,8.8,10726000
2008-04-09 00:00:00+05:30,8.75,8.98,8.6,8.8,1799800
2008-04-10 00:00:00+05:30,8.85,9.08,8.75,8.82,3484720
2008-04-11 00:00:00+05:30,8.9,9.2,8.75,9.12,5764620
2008-04-15 00:00:00+05:30,9.0,9.65,8.88,9.55,7331380
2008-04-16 00:00:00+05:30,9.65,10.98,9.65,10.45,53352480
2008-04-17 00:00:00+05:30,10.65,10.7,10.02,10.2,17810240
2008-04-21 00:00:00+05:30,10.32,10.75,10.15,10.45,8186360
2008-04-22 00:00:00+05:30,10.58,10.9,10.35,10.55,13096560
2008-04-23 00:00:00+05:30,10.55,10.8,10.4,10.52,9183120
2008-04-24 00:00:00+05:30,10.85,10.85,9.82,10.12,17608840
2008-04-25 00:00:00+05:30,10.2,10.3,9.9,10.02,3254700
2008-04-28 00:00:00+05:30,10.1,10.72,9.75,10.62,17450820
2008-04-29 00:00:00+05:30,10.6,11.1,10.5,10.65,29274440
2008-04-30 00:00:00+05:30,10.7,11.08,10.6,10.65,22573420
2008-05-02 00:00:00+05:30,10.8,10.95,10.72,10.78,12077460
2008-05-05 00:00:00+05:30,10.8,11.0,10.6,10.65,10581000
2008-05-06 00:00:00+05:30,10.68,10.75,10.12,10.5,6581540
2008-05-07 00:00:00+05:30,10.65,10.92,10.38,10.42,14959980
2008-05-08 00:00:00+05:30,10.25,10.68,10.1,10.55,7764540
2008-05-09 00:00:00+05:30,10.52,10.52,9.92,10.08,3904400
2008-05-12 00:00:00+05:30,10.15,10.22,9.6,10.02,5344400
2008-05-13 00:00:00+05:30,10.05,10.55,10.05,10.42,13450740
2008-05-14 00:00:00+05:30,10.25,10.5,10.2,10.28,3232720
2008-05-15 00:00:00+05:30,10.28,10.45,10.25,10.3,1718380
2008-05-16 00:00:00+05:30,10.35,10.65,10.32,10.5,7200320
2008-05-20 00:00:00+05:30,10.45,10.55,10.3,10.4,2124200
2008-05-21 00:00:00+05:30,10.15,10.65,10.15,10.55,4824180
2008-05-22 00:00:00+05:30,10.15,10.58,10.1,10.15,8432380
2008-05-23 00:00:00+05:30,10.15,10.28,9.8,9.85,4094040
2008-05-26 00:00:00+05:30,9.75,9.82,9.08,9.32,6375320
2008-05-27 00:00:00+05:30,9.5,9.55,9.0,9.05,3391920
2008-05-28 00:00:00+05:30,9.1,9.25,8.82,9.15,5216720
2008-05-29 00:00:00+05:30,9.25,9.32,8.75,9.1,4234700
2008-05-30 00:00:00+05:30,9.1,9.7,8.78,9.5,7017080
2008-06-02 00:00:00+05:30,9.25,9.68,9.0,9.08,1846920
2008-06-03 00:00:00+05:30,8.82,9.35,8.78,9.2,2886960
2008-06-04 00:00:00+05:30,9.12,9.35,8.92,9.15,1652980
2008-06-05 00:00:00+05:30,9.02,9.65,9.02,9.4,1790840
2008-06-06 00:00:00+05:30,9.65,9.85,9.18,9.25,2192340
2008-06-09 00:00:00+05:30,8.75,9.3,8.75,9.1,2120340
2008-06-10 00:00:00+05:30,8.95,9.22,8.9,9.02,873240
2008-06-11 00:00:00+05:30,9.1,9.2,8.8,8.85,2069300
2008-06-12 00:00:00+05:30,8.98,9.15,8.55,9.02,1377500
2008-06-13 00:00:00+05:30,9.1,9.1,8.95,9.0,607260
2008-06-16 00:00:00+05:30,9.1,9.42,9.02,9.28,1793760
2008-06-17 00:00:00+05:30,9.3,9.52,9.1,9.4,5009280
2008-06-18 00:00:00+05:30,9.6,9.75,9.25,9.35,4275360
2008-06-19 00:00:00+05:30,9.25,9.35,9.02,9.12,746580
2008-06-20 00:00:00+05:30,9.15,9.22,8.82,9.02,1713540
2008-06-23 00:00:00+05:30,8.9,8.95,8.45,8.58,1464340
2008-06-24 00:00:00+05:30,8.58,8.75,8.05,8.2,1238740
2008-06-25 00:00:00+05:30,8.05,8.38,7.85,8.28,1509260
2008-06-26 00:00:00+05:30,8.35,8.55,8.3,8.38,809960
2008-06-27 00:00:00+05:30,8.2,8.2,7.4,7.52,2070120
2008-06-30 00:00:00+05:30,7.75,8.18,7.05,7.82,7668220
2008-07-01 00:00:00+05:30,7.75,8.1,6.6,7.5,7521120
2008-07-02 00:00:00+05:30,7.38,7.85,6.82,7.55,3756640
2008-07-03 00:00:00+05:30,7.5,7.75,7.1,7.58,3512840
2008-07-04 00:00:00+05:30,7.5,7.75,7.2,7.58,2526560
2008-07-07 00:00:00+05:30,7.75,8.05,7.65,7.78,3376260
2008-07-08 00:00:00+05:30,7.5,7.7,7.4,7.55,965600
2008-07-09 00:00:00+05:30,7.8,7.92,7.6,7.72,1527640
2008-07-10 00:00:00+05:30,7.8,7.85,7.6,7.68,486200
2008-07-11 00:00:00+05:30,7.75,7.78,7.45,7.5,551120
2008-07-14 00:00:00+05:30,7.4,7.68,7.38,7.48,291360
2008-07-15 00:00:00+05:30,7.4,7.42,7.2,7.25,558620
2008-07-16 00:00:00+05:30,7.4,7.4,6.95,6.98,495900
2008-07-17 00:00:00+05:30,7.1,7.3,7.0,7.08,480360
2008-07-18 00:00:00+05:30,7.18,7.32,7.0,7.18,1427720
2008-07-21 00:00:00+05:30,7.32,7.32,7.05,7.1,266780
2008-07-22 00:00:00+05:30,7.05,7.52,7.02,7.3,684880
2008-07-23 00:00:00+05:30,7.5,7.7,7.38,7.52,1814920
2008-07-24 00:00:00+05:30,7.65,8.15,7.15,7.25,8268660
2008-07-25 00:00:00+05:30,7.1,7.3,7.02,7.15,1266340
2008-07-28 00:00:00+05:30,7.3,7.35,7.05,7.1,710780
2008-07-29 00:00:00+05:30,7.05,7.25,6.92,6.95,1914140
2008-07-30 00:00:00+05:30,7.1,7.2,7.02,7.08,886140
2008-07-31 00:00:00+05:30,7.0,7.12,6.85,6.88,7552840
2008-08-01 00:00:00+05:30,6.82,7.12,6.75,7.0,1424220
2008-08-04 00:00:00+05:30,7.05,7.32,6.95,7.22,1221800
2008-08-05 00:00:00+05:30,7.25,7.55,7.12,7.38,2238140
2008-08-06 00:00:00+05:30,7.6,7.65,7.3,7.38,2033760
2008-08-07 00:00:00+05:30,7.52,7.52,7.3,7.4,548320
2008-08-08 00:00:00+05:30,7.4,7.45,7.2,7.35,544960
2008-08-11 00:00:00+05:30,7.4,7.88,7.4,7.62,2480720
2008-08-12 00:00:00+05:30,7.75,8.28,7.6,8.1,16459300
2008-08-13 00:00:00+05:30,7.9,8.2,7.9,8.12,2160560
2008-08-14 00:00:00+05:30,7.95,8.1,7.78,7.98,1138960
2008-08-18 00:00:00+05:30,8.0,8.2,7.82,7.9,1074260
2008-08-19 00:00:00+05:30,8.15,8.15,7.68,7.75,349600
2008-08-20 00:00:00+05:30,7.98,7.98,7.72,7.78,213220
2008-08-21 00:00:00+05:30,7.72,7.82,7.62,7.72,1004620
2008-08-22 00:00:00+05:30,7.7,8.0,7.62,7.8,700580
2008-08-25 00:00:00+05:30,7.8,8.1,7.68,7.7,436320
2008-08-26 00:00:00+05:30,7.58,8.02,7.58,7.95,887260
2008-08-27 00:00:00+05:30,8.0,8.08,7.6,7.62,595100
2008-08-28 00:00:00+05:30,7.62,7.75,7.15,7.3,4014040
2008-08-29 00:00:00+05:30,7.45,7.9,7.45,7.82,2072520
2008-09-01 00:00:00+05:30,7.58,7.95,7.58,7.88,510620
2008-09-02 00:00:00+05:30,8.08,8.18,7.75,8.12,762620
2008-09-04 00:00:00+05:30,7.95,8.2,7.9,7.98,913740
2008-09-05 00:00:00+05:30,7.8,7.95,7.72,7.82,155800
2008-09-08 00:00:00+05:30,8.18,8.18,7.7,7.72,648740
2008-09-09 00:00:00+05:30,7.8,7.9,7.5,7.55,1855880
2008-09-10 00:00:00+05:30,7.58,7.62,7.5,7.52,740480
2008-09-11 00:00:00+05:30,7.42,7.5,7.32,7.48,204720
2008-09-12 00:00:00+05:30,7.5,7.52,7.35,7.45,301400
2008-09-15 00:00:00+05:30,6.6,7.5,6.28,6.92,913240
2008-09-16 00:00:00+05:30,6.55,6.9,6.55,6.75,14429740
2008-09-17 00:00:00+05:30,6.85,7.0,6.25,6.7,20935860
2008-09-18 00:00:00+05:30,6.5,6.58,6.02,6.4,678140
2008-09-19 00:00:00+05:30,6.7,6.75,6.42,6.45,2291180
2008-09-22 00:00:00+05:30,6.6,6.72,6.4,6.45,427740
2008-09-23 00:00:00+05:30,6.45,6.58,6.3,6.38,464080
2008-09-24 00:00:00+05:30,6.5,6.5,6.1,6.18,433740
2008-09-25 00:00:00+05:30,6.4,6.4,5.68,5.82,1948340
2008-09-26 00:00:00+05:30,5.82,5.92,5.68,5.8,655620
2008-09-29 00:00:00+05:30,5.7,6.12,5.6,5.9,859920
2008-09-30 00:00:00+05:30,5.9,6.05,5.5,6.0,3013280
2008-10-01 00:00:00+05:30,6.05,6.3,5.8,6.2,1685060
2008-10-03 00:00:00+05:30,6.15,6.25,6.0,6.2,1088400
2008-10-06 00:00:00+05:30,6.05,6.25,5.75,5.85,1733360
2008-10-07 00:00:00+05:30,5.75,6.12,4.92,5.0,2143240
2008-10-08 00:00:00+05:30,4.75,5.25,4.35,4.92,1103560
2008-10-10 00:00:00+05:30,4.65,5.25,4.4,4.92,854680
2008-10-13 00:00:00+05:30,4.6,5.25,4.6,5.02,549760
2008-10-14 00:00:00+05:30,5.4,5.4,4.7,4.95,1682920
2008-10-15 00:00:00+05:30,4.7,5.05,4.45,4.85,1073120
2008-10-16 00:00:00+05:30,4.6,4.98,4.4,4.82,889480
2008-10-17 00:00:00+05:30,4.75,5.02,4.58,4.8,1036700
2008-10-20 00:00:00+05:30,4.95,5.0,4.45,4.65,816680
2008-10-21 00:00:00+05:30,4.7,4.98,4.42,4.8,833840
2008-10-22 00:00:00+05:30,4.58,4.65,4.38,4.48,397400
2008-10-23 00:00:00+05:30,4.05,4.55,4.05,4.5,10923960
2008-10-24 00:00:00+05:30,4.25,4.55,4.15,4.42,1034760
2008-10-27 00:00:00+05:30,4.4,4.4,3.75,4.12,327540
2008-10-28 00:00:00+05:30,4.5,4.5,4.05,4.22,167220
2008-10-29 00:00:00+05:30,4.22,4.42,4.15,4.25,5506180
2008-10-31 00:00:00+05:30,4.25,5.08,4.2,4.75,2179540
2008-11-03 00:00:00+05:30,4.65,5.0,4.2,4.32,1939400
2008-11-04 00:00:00+05:30,4.25,4.35,4.18,4.22,1077160
2008-11-05 00:00:00+05:30,4.35,4.5,3.9,4.0,2758360
2008-11-06 00:00:00+05:30,4.1,4.2,3.8,3.98,1077320
2008-11-07 00:00:00+05:30,3.9,4.1,3.9,4.02,635460
2008-11-10 00:00:00+05:30,4.1,4.32,4.1,4.18,1995040
2008-11-11 00:00:00+05:30,4.1,4.25,4.1,4.15,1752060
2008-11-12 00:00:00+05:30,4.1,4.35,4.0,4.0,436740
2008-11-14 00:00:00+05:30,4.05,4.15,3.78,3.8,394640
2008-11-17 00:00:00+05:30,3.78,3.82,3.52,3.55,433680
2008-11-18 00:00:00+05:30,3.5,3.6,3.48,3.5,8078860
2008-11-19 00:00:00+05:30,3.55,3.68,3.5,3.5,4024340
2008-11-20 00:00:00+05:30,3.5,3.58,3.45,3.48,10684720
2008-11-21 00:00:00+05:30,3.52,3.52,3.4,3.5,9041280
2008-11-24 00:00:00+05:30,3.6,3.65,3.45,3.48,284620
2008-11-25 00:00:00+05:30,3.55,3.88,3.45,3.48,725920
2008-11-26 00:00:00+05:30,3.55,3.55,3.4,3.45,101100
2008-11-28 00:00:00+05:30,3.38,3.45,3.3,3.4,415260
2008-12-01 00:00:00+05:30,3.4,3.48,3.38,3.38,134800
2008-12-02 00:00:00+05:30,3.25,3.7,3.2,3.58,200620
2008-12-03 00:00:00+05:30,3.58,3.95,3.5,3.88,1317540
2008-12-04 00:00:00+05:30,3.95,4.15,3.78,4.08,2086740
2008-12-05 00:00:00+05:30,4.22,4.5,4.1,4.42,1570880
2008-12-08 00:00:00+05:30,4.6,4.72,4.2,4.28,1778860
2008-12-10 00:00:00+05:30,4.28,4.45,4.2,4.38,341480
2008-12-11 00:00:00+05:30,4.35,4.65,4.35,4.58,1152140
2008-12-12 00:00:00+05:30,4.45,5.5,4.4,5.35,2844440
2008-12-15 00:00:00+05:30,5.55,5.85,5.22,5.32,5533260
2008-12-16 00:00:00+05:30,5.2,5.7,5.15,5.58,1015640
2008-12-17 00:00:00+05:30,5.6,5.78,5.55,5.68,818000
2008-12-18 00:00:00+05:30,5.68,6.48,5.68,6.4,1586140
2008-12-19 00:00:00+05:30,6.4,6.75,6.0,6.58,3172640
2008-12-22 00:00:00+05:30,6.58,6.75,6.3,6.38,1195480
2008-12-23 00:00:00+05:30,6.15,6.4,6.0,6.2,2167780
2008-12-24 00:00:00+05:30,6.2,6.75,5.9,6.55,2655420
2008-12-26 00:00:00+05:30,6.6,6.7,6.45,6.55,1498900
2008-12-29 00:00:00+05:30,6.4,6.52,5.25,6.42,626080
2008-12-30 00:00:00+05:30,6.48,7.32,6.4,6.65,5154360
2008-12-31 00:00:00+05:30,6.75,6.85,6.42,6.48,2092020
2009-01-01 00:00:00+05:30,6.4,7.0,6.4,6.82,1314760
2009-01-02 00:00:00+05:30,7.0,7.0,6.75,6.82,1116840
2009-01-05 00:00:00+05:30,6.98,7.05,6.62,6.72,681180
2009-01-06 00:00:00+05:30,6.6,6.68,6.4,6.58,1653960
2009-01-07 00:00:00+05:30,6.5,6.5,5.85,5.9,841820
2009-01-09 00:00:00+05:30,5.7,5.9,4.8,5.78,1268840
2009-01-12 00:00:00+05:30,5.5,5.78,5.5,5.6,617260
2009-01-13 00:00:00+05:30,5.6,6.05,5.45,5.62,643420
2009-01-14 00:00:00+05:30,5.55,5.82,5.55,5.68,473940
2009-01-15 00:00:00+05:30,5.38,5.6,5.25,5.32,1111500
2009-01-16 00:00:00+05:30,5.52,5.6,5.25,5.35,617700
2009-01-19 00:00:00+05:30,5.28,5.58,5.28,5.4,214920
2009-01-20 00:00:00+05:30,5.32,5.45,5.32,5.4,100300
2009-01-21 00:00:00+05:30,5.25,5.58,5.25,5.45,336460
2009-01-22 00:00:00+05:30,5.15,5.55,5.15,5.42,394100
2009-01-23 00:00:00+05:30,5.4,5.5,5.38,5.42,267960
2009-01-27 00:00:00+05:30,5.45,5.58,5.0,5.42,119600
2009-01-28 00:00:00+05:30,5.4,5.68,5.4,5.5,393720
2009-01-29 00:00:00+05:30,5.58,5.65,5.4,5.58,238280
2009-01-30 00:00:00+05:30,5.35,5.7,5.35,5.62,258760
2009-02-02 00:00:00+05:30,5.65,5.95,5.5,5.55,358280
2009-02-03 00:00:00+05:30,5.5,5.7,5.5,5.58,649160
2009-02-04 00:00:00+05:30,5.62,5.62,5.5,5.5,228240
2009-02-05 00:00:00+05:30,5.65,5.65,5.5,5.5,391340
2009-02-06 00:00:00+05:30,5.7,5.8,5.5,5.6,362780
2009-02-09 00:00:00+05:30,5.65,5.75,5.52,5.62,185780
2009-02-10 00:00:00+05:30,5.55,5.72,5.55,5.68,105860
2009-02-11 00:00:00+05:30,5.68,5.8,5.5,5.65,112080
2009-02-12 00:00:00+05:30,5.55,6.0,5.52,5.8,684020
2009-02-13 00:00:00+05:30,5.58,5.9,5.58,5.65,2132480
2009-02-16 00:00:00+05:30,5.78,5.85,5.1,5.32,828140
2009-02-17 00:00:00+05:30,5.25,6.25,5.25,5.45,7484560
2009-02-18 00:00:00+05:30,5.45,5.6,5.2,5.3,1195280
2009-02-19 00:00:00+05:30,5.45,5.45,4.82,4.9,2746300
2009-02-20 00:00:00+05:30,4.85,5.45,4.55,5.1,1823580
2009-02-24 00:00:00+05:30,5.35,5.35,4.9,5.05,1769640
2009-02-25 00:00:00+05:30,5.4,5.4,4.95,5.0,1047820
2009-02-26 00:00:00+05:30,5.3,5.3,4.88,4.95,220130940
2009-02-27 00:00:00+05:30,5.05,5.1,4.92,5.0,3579480
2009-03-02 00:00:00+05:30,5.0,5.0,4.75,4.82,277020
2009-03-03 00:00:00+05:30,4.8,4.85,4.75,4.8,246340
2009-03-04 00:00:00+05:30,4.95,4.95,4.6,4.68,429140
2009-03-05 00:00:00+05:30,4.7,4.8,4.65,4.68,629980
2009-03-06 00:00:00+05:30,4.45,4.65,4.45,4.55,218740
2009-03-09 00:00:00+05:30,4.55,4.7,4.3,4.3,388080
2009-03-12 00:00:00+05:30,4.4,4.55,3.95,4.08,4947500
2009-03-13 00:00:00+05:30,4.2,4.28,4.1,4.15,9047860
2009-03-16 00:00:00+05:30,4.38,4.38,4.1,4.18,1094820
2009-03-17 00:00:00+05:30,4.2,4.28,4.0,4.08,1145220
2009-03-18 00:00:00+05:30,4.12,4.55,4.12,4.28,5772480
2009-03-19 00:00:00+05:30,4.32,4.6,4.12,4.28,2629260
2009-03-20 00:00:00+05:30,4.48,4.48,3.98,4.05,4521180
2009-03-23 00:00:00+05:30,4.18,4.2,4.02,4.05,3059080
2009-03-24 00:00:00+05:30,4.15,4.4,4.05,4.08,9796520
2009-03-25 00:00:00+05:30,4.1,4.1,3.92,3.95,2262420
2009-03-26 00:00:00+05:30,4.0,4.22,3.82,4.0,5307580
2009-03-27 00:00:00+05:30,3.98,4.08,3.85,4.0,2713120
2009-03-30 00:00:00+05:30,3.95,4.1,3.9,4.0,1727440
2009-03-31 00:00:00+05:30,4.1,4.32,3.9,4.05,9484200
2009-04-01 00:00:00+05:30,4.2,4.45,4.05,4.38,4940160
2009-04-02 00:00:00+05:30,4.5,4.88,4.4,4.7,14344380
2009-04-06 00:00:00+05:30,4.9,5.0,4.65,4.7,17354400
2009-04-08 00:00:00+05:30,4.5,4.95,4.3,4.88,8563200
2009-04-09 00:00:00+05:30,5.0,5.4,4.82,5.22,84559320
2009-04-13 00:00:00+05:30,5.42,5.68,5.1,5.2,114267300
2009-04-15 00:00:00+05:30,5.15,5.68,5.12,5.6,142464980
2009-04-16 00:00:00+05:30,5.8,5.9,4.85,5.0,102842900
2009-04-17 00:00:00+05:30,5.25,5.48,5.05,5.18,65227980
2009-04-20 00:00:00+05:30,5.35,5.42,5.05,5.15,14073640
2009-04-21 00:00:00+05:30,5.1,5.35,4.9,5.2,19323400
2009-04-22 00:00:00+05:30,5.2,5.25,4.7,4.82,43923340
2009-04-23 00:00:00+05:30,4.88,5.05,4.4,4.82,21535260
2009-04-24 00:00:00+05:30,4.75,5.12,4.7,5.0,20147900
2009-04-27 00:00:00+05:30,5.05,5.2,4.75,4.85,18493320
2009-04-28 00:00:00+05:30,4.9,5.05,4.8,4.82,27748560
2009-04-29 00:00:00+05:30,4.88,4.98,4.65,4.75,36219340
2009-05-04 00:00:00+05:30,4.9,5.05,4.85,4.9,14484620
2009-05-05 00:00:00+05:30,4.92,5.1,4.85,4.92,15322620
2009-05-06 00:00:00+05:30,4.98,5.32,4.92,5.05,67200980
2009-05-07 00:00:00+05:30,5.15,5.28,5.08,5.15,30875580
2009-05-08 00:00:00+05:30,5.15,5.3,5.0,5.12,32741240
2009-05-11 00:00:00+05:30,5.25,5.28,4.82,5.02,12102280
2009-05-12 00:00:00+05:30,4.95,5.05,4.9,5.0,13120080
2009-05-13 00:00:00+05:30,5.05,5.48,5.0,5.18,103411060
2009-05-14 00:00:00+05:30,5.08,5.62,4.98,5.5,102092320
2009-05-15 00:00:00+05:30,5.5,5.8,5.35,5.5,70873200
2009-05-18 00:00:00+05:30,5.98,6.6,5.98,6.38,1029040
2009-05-19 00:00:00+05:30,6.5,7.0,5.55,6.35,106782360
2009-05-20 00:00:00+05:30,6.3,6.85,6.3,6.6,46189440
2009-05-21 00:00:00+05:30,6.8,7.1,6.55,6.68,73005000
2009-05-22 00:00:00+05:30,6.7,7.0,6.65,6.8,47034580
2009-05-25 00:00:00+05:30,6.78,7.25,6.62,7.1,37513260
2009-05-26 00:00:00+05:30,7.25,7.42,6.68,6.75,32805740
2009-05-27 00:00:00+05:30,6.9,7.12,6.9,6.98,19302180
2009-05-28 00:00:00+05:30,7.08,7.15,6.9,6.98,39601540
2009-05-29 00:00:00+05:30,7.05,7.22,6.9,7.08,48163000
2009-06-01 00:00:00+05:30,7.25,7.6,7.15,7.5,76334180
2009-06-02 00:00:00+05:30,7.65,7.65,6.95,7.15,45039020
2009-06-03 00:00:00+05:30,7.25,7.42,7.0,7.18,23560740
2009-06-04 00:00:00+05:30,7.08,7.85,6.9,7.75,91040480
2009-06-05 00:00:00+05:30,7.85,8.08,7.32,7.52,76849920
2009-06-08 00:00:00+05:30,7.55,7.72,6.28,6.62,37352000
2009-06-09 00:00:00+05:30,6.32,7.1,6.05,7.02,32196580
2009-06-10 00:00:00+05:30,7.15,7.4,6.82,7.22,49352060
2009-06-11 00:00:00+05:30,7.18,7.58,7.12,7.35,36984180
2009-06-12 00:00:00+05:30,7.5,7.5,6.92,7.02,20727740
2009-06-15 00:00:00+05:30,6.95,7.05,6.6,6.68,13166140
2009-06-16 00:00:00+05:30,6.48,6.88,6.35,6.82,20563060
2009-06-17 00:00:00+05:30,6.85,7.28,6.55,6.72,56725040
2009-06-18 00:00:00+05:30,6.8,6.95,6.28,6.55,17462780
2009-06-19 00:00:00+05:30,6.7,7.15,6.55,6.78,43427680
2009-06-22 00:00:00+05:30,7.28,7.28,6.75,7.0,25140420
2009-06-23 00:00:00+05:30,6.85,7.48,6.78,7.4,66910080
2009-06-24 00:00:00+05:30,7.5,7.92,7.4,7.7,74137560
2009-06-25 00:00:00+05:30,7.75,8.1,7.35,7.55,111576380
2009-06-26 00:00:00+05:30,7.68,7.8,7.5,7.72,53744500
2009-06-29 00:00:00+05:30,7.82,7.92,7.6,7.68,26645920
2009-06-30 00:00:00+05:30,7.75,8.02,7.65,7.72,48474940
2009-07-01 00:00:00+05:30,7.75,8.35,7.62,8.15,65227120
2009-07-02 00:00:00+05:30,8.18,8.95,8.1,8.65,116167620
2009-07-03 00:00:00+05:30,8.55,9.12,8.52,8.78,80002100
2009-07-06 00:00:00+05:30,8.9,9.28,7.75,8.05,102437660
2009-07-07 00:00:00+05:30,7.78,8.82,7.78,8.72,91122900
2009-07-08 00:00:00+05:30,8.75,8.75,8.22,8.25,57621260
2009-07-09 00:00:00+05:30,8.3,8.45,8.0,8.25,29393320
2009-07-10 00:00:00+05:30,8.35,8.45,7.95,8.1,19955940
2009-07-13 00:00:00+05:30,8.0,8.3,7.65,7.88,20780860
2009-07-14 00:00:00+05:30,8.0,8.45,8.0,8.35,23837980
2009-07-15 00:00:00+05:30,8.45,8.75,8.4,8.6,33078660
2009-07-16 00:00:00+05:30,8.72,8.85,8.42,8.62,25690600
2009-07-17 00:00:00+05:30,8.7,8.75,8.52,8.68,12623440
2009-07-20 00:00:00+05:30,8.72,9.12,8.58,9.0,26079100
2009-07-21 00:00:00+05:30,9.0,9.5,8.8,9.1,43396080
2009-07-22 00:00:00+05:30,7.5,9.38,7.5,9.08,29152240
2009-07-23 00:00:00+05:30,9.15,9.25,9.05,9.1,14826260
2009-07-24 00:00:00+05:30,9.5,9.5,9.12,9.35,22847220
2009-07-27 00:00:00+05:30,7.52,9.95,7.52,9.72,28977560
2009-07-28 00:00:00+05:30,9.82,10.0,9.52,9.62,17562680
2009-07-29 00:00:00+05:30,9.6,9.75,9.0,9.38,20293780
2009-07-30 00:00:00+05:30,9.32,9.4,8.9,9.1,15954460
2009-07-31 00:00:00+05:30,9.15,9.45,9.02,9.1,12544180
2009-08-03 00:00:00+05:30,9.15,9.25,8.88,9.18,13272820
2009-08-04 00:00:00+05:30,9.3,10.1,9.22,9.48,76520320
2009-08-05 00:00:00+05:30,9.5,9.72,9.42,9.58,23455360
2009-08-06 00:00:00+05:30,9.58,10.02,9.4,9.5,40657180
2009-08-07 00:00:00+05:30,9.35,9.5,8.75,8.8,24021760
2009-08-10 00:00:00+05:30,9.02,9.15,8.55,8.7,16465440
2009-08-11 00:00:00+05:30,8.7,9.15,8.62,8.92,21037060
2009-08-12 00:00:00+05:30,8.85,9.05,8.6,8.98,13019960
2009-08-13 00:00:00+05:30,9.0,9.25,8.8,9.2,11348160
2009-08-14 00:00:00+05:30,9.25,9.6,9.15,9.38,20537880
2009-08-17 00:00:00+05:30,8.5,9.25,8.5,8.75,15503520
2009-08-18 00:00:00+05:30,8.7,9.4,8.7,9.28,17664400
2009-08-19 00:00:00+05:30,9.4,9.6,9.25,9.3,17793440
2009-08-20 00:00:00+05:30,9.5,9.6,9.28,9.38,9261040
2009-08-21 00:00:00+05:30,9.45,9.45,9.1,9.35,13160100
2009-08-24 00:00:00+05:30,9.5,9.72,9.45,9.55,24475520
2009-08-25 00:00:00+05:30,9.52,9.9,9.5,9.75,23606400
2009-08-26 00:00:00+05:30,9.85,10.55,9.85,10.3,49344400
2009-08-27 00:00:00+05:30,10.2,11.35,10.2,10.8,81764060
2009-08-28 00:00:00+05:30,10.9,11.1,10.5,10.65,29657420
2009-08-31 00:00:00+05:30,10.6,11.2,10.5,10.95,79081120
2009-09-01 00:00:00+05:30,11.0,11.25,10.35,10.52,46485620
2009-09-02 00:00:00+05:30,10.35,10.82,9.95,10.12,51927020
2009-09-03 00:00:00+05:30,10.28,10.48,10.15,10.25,22259140
2009-09-04 00:00:00+05:30,10.4,10.4,9.75,10.02,30816640
2009-09-07 00:00:00+05:30,10.18,10.75,10.15,10.65,30438440
2009-09-08 00:00:00+05:30,10.78,10.9,10.35,10.48,28429160
2009-09-09 00:00:00+05:30,10.4,10.6,10.25,10.5,13474440
2009-09-10 00:00:00+05:30,10.7,10.82,10.25,10.35,22419520
2009-09-11 00:00:00+05:30,10.45,10.52,10.15,10.22,10724440
2009-09-14 00:00:00+05:30,10.15,10.38,10.0,10.25,8411160
2009-09-15 00:00:00+05:30,10.35,10.7,10.28,10.4,19909020
2009-09-16 00:00:00+05:30,10.5,10.55,10.25,10.28,13297660
2009-09-17 00:00:00+05:30,10.4,10.55,10.15,10.48,28154400
2009-09-18 00:00:00+05:30,10.45,10.9,10.45,10.82,51462400
2009-09-22 00:00:00+05:30,10.85,10.9,10.55,10.78,21381680
2009-09-23 00:00:00+05:30,10.82,11.05,10.4,10.5,26866580
2009-09-24 00:00:00+05:30,10.4,10.75,10.25,10.65,14740820
2009-09-25 00:00:00+05:30,10.55,10.95,10.45,10.62,19013020
2009-09-29 00:00:00+05:30,10.68,10.82,10.58,10.65,9988700
2009-09-30 00:00:00+05:30,10.7,10.72,10.55,10.58,9616140
2009-10-01 00:00:00+05:30,10.55,10.68,10.4,10.45,12853660
2009-10-05 00:00:00+05:30,10.35,10.95,10.25,10.7,18199680
2009-10-06 00:00:00+05:30,10.8,11.5,10.55,11.32,82960980
2009-10-07 00:00:00+05:30,11.58,12.25,11.55,11.88,96047360
2009-10-08 00:00:00+05:30,12.08,12.32,11.75,11.95,33460160
2009-10-09 00:00:00+05:30,12.05,12.12,11.85,12.05,22770480
2009-10-12 00:00:00+05:30,12.0,12.6,11.95,12.5,43517580
2009-10-14 00:00:00+05:30,12.68,12.92,12.22,12.5,36151640
2009-10-15 00:00:00+05:30,12.65,13.1,12.6,12.82,61411260
2009-10-16 00:00:00+05:30,12.9,12.92,12.3,12.45,26195400
2009-10-20 00:00:00+05:30,13.0,13.2,12.65,12.78,25607980
2009-10-21 00:00:00+05:30,12.9,12.9,12.42,12.58,22780300
2009-10-22 00:00:00+05:30,12.55,12.68,11.55,11.68,25789180
2009-10-23 00:00:00+05:30,11.98,12.65,11.9,12.42,26038300
2009-10-26 00:00:00+05:30,12.5,13.05,12.15,12.6,47352960
2009-10-27 00:00:00+05:30,12.5,12.5,12.08,12.18,20776740
2009-10-28 00:00:00+05:30,11.95,12.5,11.7,12.2,22101440
2009-10-29 00:00:00+05:30,12.1,12.45,11.25,11.55,30955820
2009-10-30 00:00:00+05:30,11.62,12.22,11.4,11.6,24245040
2009-11-03 00:00:00+05:30,11.48,12.28,11.35,11.65,31598820
2009-11-04 00:00:00+05:30,11.75,12.3,11.75,12.22,14314540
2009-11-05 00:00:00+05:30,12.25,12.35,12.02,12.15,12313160
2009-11-06 00:00:00+05:30,12.35,12.55,12.2,12.3,23117640
2009-11-09 00:00:00+05:30,12.35,13.5,12.3,13.35,48992420
2009-11-10 00:00:00+05:30,13.6,13.6,12.92,13.18,29505420
2009-11-11 00:00:00+05:30,13.22,13.5,13.15,13.25,23991060
2009-11-12 00:00:00+05:30,13.05,13.75,12.75,13.15,60133960
2009-11-13 00:00:00+05:30,13.15,13.32,12.78,12.92,11763400
2009-11-16 00:00:00+05:30,13.05,13.75,13.05,13.7,29796360
2009-11-17 00:00:00+05:30,13.75,13.78,13.35,13.62,22388180
2009-11-18 00:00:00+05:30,13.7,13.98,13.5,13.72,25938580
2009-11-19 00:00:00+05:30,13.68,13.78,13.0,13.12,13921860
2009-11-20 00:00:00+05:30,13.0,13.48,13.0,13.25,14098600
2009-11-23 00:00:00+05:30,13.32,13.45,13.2,13.35,6301920
2009-11-24 00:00:00+05:30,13.38,13.4,13.02,13.2,8165520
2009-11-25 00:00:00+05:30,13.28,13.38,12.45,12.55,26096580
2009-11-26 00:00:00+05:30,12.55,12.95,12.45,12.58,19330600
2009-11-27 00:00:00+05:30,12.25,12.45,11.75,11.9,20630060
2009-11-30 00:00:00+05:30,12.12,12.6,12.05,12.42,15859360
2009-12-01 00:00:00+05:30,12.7,13.05,12.48,12.92,33931800
2009-12-02 00:00:00+05:30,13.0,13.12,12.65,12.78,17154920
2009-12-03 00:00:00+05:30,12.78,12.92,12.3,12.4,14625120
2009-12-04 00:00:00+05:30,12.25,12.6,12.25,12.5,8183740
2009-12-07 00:00:00+05:30,12.5,12.65,12.3,12.38,4800600
2009-12-08 00:00:00+05:30,12.4,12.48,12.15,12.35,6847040
2009-12-09 00:00:00+05:30,12.3,12.5,12.15,12.3,11968900
2009-12-10 00:00:00+05:30,12.4,12.5,12.02,12.1,15773380
2009-12-11 00:00:00+05:30,12.28,12.48,12.18,12.32,13921920
2009-12-14 00:00:00+05:30,12.3,12.35,12.08,12.25,6007460
2009-12-15 00:00:00+05:30,12.35,12.35,12.05,12.1,3841280
2009-12-16 00:00:00+05:30,12.02,12.15,11.75,11.95,10199140
2009-12-17 00:00:00+05:30,11.9,12.1,11.8,11.85,7907220
2009-12-18 00:00:00+05:30,11.85,11.92,11.7,11.75,10257520
2009-12-21 00:00:00+05:30,11.8,11.92,11.72,11.85,9307960
2009-12-22 00:00:00+05:30,11.9,12.08,11.75,11.8,10286080
2009-12-23 00:00:00+05:30,11.85,12.32,11.75,12.25,12755100
2009-12-24 00:00:00+05:30,12.28,12.38,11.95,12.1,11435720
2009-12-29 00:00:00+05:30,12.15,12.45,12.15,12.25,10106020
2009-12-30 00:00:00+05:30,12.32,12.38,12.1,12.18,5168560
2009-12-31 00:00:00+05:30,12.28,12.35,12.12,12.28,10301000
2010-01-04 00:00:00+05:30,12.32,12.4,11.72,11.9,23183380
2010-01-05 00:00:00+05:30,12.0,12.2,11.8,11.95,16518540
2010-01-06 00:00:00+05:30,12.05,12.1,11.85,11.95,10632400
2010-01-07 00:00:00+05:30,12.02,12.28,11.88,12.1,38955580
2010-01-08 00:00:00+05:30,11.8,13.22,11.8,13.12,86327760
2010-01-11 00:00:00+05:30,13.25,13.9,13.1,13.32,54639380
2010-01-12 00:00:00+05:30,13.4,13.6,13.08,13.2,23895100
2010-01-13 00:00:00+05:30,12.55,13.25,12.55,13.15,13304060
2010-01-14 00:00:00+05:30,13.15,14.05,13.15,13.7,53448800
2010-01-15 00:00:00+05:30,13.78,13.85,13.22,13.38,16334540
2010-01-18 00:00:00+05:30,13.4,13.92,13.25,13.85,30494280
2010-01-19 00:00:00+05:30,13.92,13.92,13.2,13.28,12182180
2010-01-20 00:00:00+05:30,13.45,13.45,13.22,13.32,6659120
2010-01-21 00:00:00+05:30,13.32,13.35,12.65,12.75,10077200
2010-01-22 00:00:00+05:30,12.5,12.9,12.0,12.6,15429160
2010-01-25 00:00:00+05:30,12.42,12.72,12.25,12.42,5601160
2010-01-27 00:00:00+05:30,12.25,12.72,12.0,12.02,9910880
2010-01-28 00:00:00+05:30,12.25,12.75,11.75,12.18,16679540
2010-01-29 00:00:00+05:30,12.12,12.65,11.92,12.4,15505940
2010-02-01 00:00:00+05:30,12.32,13.18,12.25,13.05,15045820
2010-02-02 00:00:00+05:30,13.32,13.32,12.78,12.95,10745240
2010-02-03 00:00:00+05:30,13.15,13.18,12.78,12.98,7858280
2010-02-04 00:00:00+05:30,12.98,13.3,12.65,12.7,11559780
2010-02-05 00:00:00+05:30,12.5,12.5,11.82,12.0,12534680
2010-02-08 00:00:00+05:30,12.25,12.65,11.98,12.18,12101340
2010-02-09 00:00:00+05:30,12.2,12.32,12.1,12.18,5754340
2010-02-10 00:00:00+05:30,12.25,12.95,12.25,12.75,18074160
2010-02-11 00:00:00+05:30,12.85,13.08,12.72,12.88,24000520
2010-02-15 00:00:00+05:30,12.98,12.98,12.6,12.75,5194220
2010-02-16 00:00:00+05:30,12.75,12.85,12.52,12.72,3738920
2010-02-17 00:00:00+05:30,12.95,13.05,12.82,12.9,6623020
2010-02-18 00:00:00+05:30,12.95,13.28,12.88,12.92,10989460
2010-02-19 00:00:00+05:30,12.9,13.15,12.8,12.98,13652440
2010-02-22 00:00:00+05:30,13.1,13.25,12.75,12.82,6209100
2010-02-23 00:00:00+05:30,12.95,12.98,12.45,12.65,5088100
2010-02-24 00:00:00+05:30,12.65,12.68,12.5,12.6,4872820
2010-02-25 00:00:00+05:30,12.68,12.95,12.55,12.78,10211220
2010-02-26 00:00:00+05:30,12.9,13.25,12.5,12.62,30512520
2010-03-02 00:00:00+05:30,12.75,13.02,12.75,12.95,8605520
2010-03-03 00:00:00+05:30,13.0,13.12,12.68,12.88,6839180
2010-03-04 00:00:00+05:30,12.92,12.98,12.7,12.8,7450640
2010-03-05 00:00:00+05:30,12.8,13.12,12.8,12.88,10008680
2010-03-08 00:00:00+05:30,13.02,13.18,12.88,13.05,15850660
2010-03-09 00:00:00+05:30,13.05,13.05,12.82,12.85,4366780
2010-03-10 00:00:00+05:30,13.0,13.05,12.68,12.92,6946200
2010-03-11 00:00:00+05:30,13.0,13.12,12.8,12.92,7256020
2010-03-12 00:00:00+05:30,12.95,13.0,12.65,12.68,4110740
2010-03-15 00:00:00+05:30,12.75,12.75,12.5,12.55,2542080
2010-03-16 00:00:00+05:30,12.65,12.75,12.5,12.65,2426300
2010-03-17 00:00:00+05:30,12.78,13.02,12.7,12.95,8625760
2010-03-18 00:00:00+05:30,13.0,13.48,12.9,13.4,29710980
2010-03-19 00:00:00+05:30,13.45,13.6,13.25,13.3,12610620
2010-03-22 00:00:00+05:30,13.15,13.3,12.9,13.15,11250940
2010-03-23 00:00:00+05:30,13.3,13.75,13.28,13.32,12462220
2010-03-25 00:00:00+05:30,13.35,13.35,13.02,13.18,3985520
2010-03-26 00:00:00+05:30,13.28,13.5,12.92,13.25,6469860
2010-03-29 00:00:00+05:30,13.35,13.72,13.2,13.28,16420640
2010-03-30 00:00:00+05:30,13.4,13.42,13.02,13.1,7396240
2010-03-31 00:00:00+05:30,13.2,13.22,12.7,12.78,6964240
2010-04-01 00:00:00+05:30,12.92,13.1,12.88,13.0,7095560
2010-04-05 00:00:00+05:30,13.08,13.55,13.05,13.38,22376480
2010-04-06 00:00:00+05:30,13.48,14.08,13.35,13.92,41565840
2010-04-07 00:00:00+05:30,14.1,14.88,14.05,14.52,54201460
2010-04-08 00:00:00+05:30,14.6,14.6,13.8,13.95,11512140
2010-04-09 00:00:00+05:30,14.1,14.25,13.9,14.12,7904520
2010-04-12 00:00:00+05:30,14.25,14.25,13.9,14.12,5054960
2010-04-13 00:00:00+05:30,14.2,14.2,13.72,13.8,8086600
2010-04-15 00:00:00+05:30,13.92,14.28,13.48,13.52,12802220
2010-04-16 00:00:00+05:30,13.68,13.68,13.35,13.45,6813640
2010-04-19 00:00:00+05:30,13.4,13.65,12.7,13.4,4795740
2010-04-20 00:00:00+05:30,13.5,14.2,13.35,13.82,15426060
2010-04-21 00:00:00+05:30,13.95,14.48,13.95,14.35,25571760
2010-04-22 00:00:00+05:30,14.35,14.4,13.6,13.75,14301780
2010-04-23 00:00:00+05:30,13.82,14.2,13.6,14.1,9555400
2010-04-26 00:00:00+05:30,14.15,14.28,14.02,14.1,7718940
2010-04-27 00:00:00+05:30,14.25,14.75,14.05,14.5,19667680
2010-04-28 00:00:00+05:30,14.25,14.38,13.92,14.02,5474280
2010-04-29 00:00:00+05:30,14.12,14.38,14.1,14.28,5908120
2010-04-30 00:00:00+05:30,14.4,14.85,14.28,14.48,32808480
2010-05-03 00:00:00+05:30,14.2,14.65,14.18,14.48,8237440
2010-05-04 00:00:00+05:30,14.48,14.98,13.7,13.9,33113700
2010-05-05 00:00:00+05:30,13.75,14.18,13.3,14.08,15324860
2010-05-06 00:00:00+05:30,14.25,14.25,13.62,13.72,14771480
2010-05-07 00:00:00+05:30,13.4,13.6,13.25,13.3,11061840
2010-05-10 00:00:00+05:30,13.5,14.0,13.5,13.85,9102620
2010-05-11 00:00:00+05:30,13.88,14.05,13.6,13.65,3835160
2010-05-12 00:00:00+05:30,13.58,13.8,13.32,13.62,6518980
2010-05-13 00:00:00+05:30,13.75,14.0,13.7,13.8,4523800
2010-05-14 00:00:00+05:30,13.75,13.85,13.38,13.5,3267680
2010-05-17 00:00:00+05:30,13.3,13.55,13.2,13.42,7356040
2010-05-18 00:00:00+05:30,13.42,13.72,13.42,13.58,5027580
2010-05-19 00:00:00+05:30,13.4,13.5,12.8,12.98,5878040
2010-05-20 00:00:00+05:30,13.12,13.3,12.9,13.02,4111080
2010-05-21 00:00:00+05:30,12.9,13.4,12.62,13.2,5990600
2010-05-24 00:00:00+05:30,13.75,13.75,12.95,13.05,3378980
2010-05-25 00:00:00+05:30,12.88,13.1,12.1,12.38,8923520
2010-05-26 00:00:00+05:30,12.75,12.75,12.28,12.45,6493200
2010-05-27 00:00:00+05:30,12.45,13.0,12.32,12.9,9457840
2010-05-28 00:00:00+05:30,13.0,13.15,12.9,13.0,4181000
2010-05-31 00:00:00+05:30,13.0,13.5,12.9,13.15,17708540
2010-06-01 00:00:00+05:30,13.15,13.22,12.75,12.8,5918980
2010-06-02 00:00:00+05:30,12.85,13.18,12.8,12.9,7424220
2010-06-03 00:00:00+05:30,13.1,13.15,12.85,12.92,5617320
2010-06-04 00:00:00+05:30,12.95,13.05,12.78,13.02,5782200
2010-06-07 00:00:00+05:30,12.7,13.2,12.35,12.58,17648980
2010-06-08 00:00:00+05:30,12.62,12.78,12.28,12.32,13218380
2010-06-09 00:00:00+05:30,12.35,12.82,12.32,12.75,17583160
2010-06-10 00:00:00+05:30,12.92,13.25,12.78,13.15,12711860
2010-06-11 00:00:00+05:30,13.32,14.0,13.25,13.92,34029820
2010-06-14 00:00:00+05:30,14.15,14.45,14.0,14.4,22457300
2010-06-15 00:00:00+05:30,14.45,14.5,13.75,13.95,12184460
2010-06-16 00:00:00+05:30,14.05,14.1,13.7,13.98,7275900
2010-06-17 00:00:00+05:30,13.98,14.2,13.7,14.0,10445260
2010-06-18 00:00:00+05:30,14.08,14.1,13.72,13.98,8006340
2010-06-21 00:00:00+05:30,14.2,14.22,13.75,13.8,9581000
2010-06-22 00:00:00+05:30,13.8,13.98,13.6,13.68,6140180
2010-06-23 00:00:00+05:30,13.65,13.9,13.52,13.6,13279200
2010-06-24 00:00:00+05:30,13.6,13.78,13.38,13.55,8324840
2010-06-25 00:00:00+05:30,13.25,13.62,13.22,13.35,6534380
2010-06-28 00:00:00+05:30,13.45,13.78,13.38,13.7,6474400
2010-06-29 00:00:00+05:30,13.75,13.75,13.22,13.5,8552180
2010-06-30 00:00:00+05:30,13.4,13.5,13.18,13.38,12384020
2010-07-01 00:00:00+05:30,13.35,13.45,13.12,13.15,6880100
2010-07-02 00:00:00+05:30,12.9,13.42,12.9,13.15,9936340
2010-07-05 00:00:00+05:30,13.22,13.42,13.15,13.2,4389060
2010-07-06 00:00:00+05:30,13.08,13.28,13.08,13.12,9175480
2010-07-07 00:00:00+05:30,13.12,13.22,12.82,12.88,6232560
2010-07-08 00:00:00+05:30,13.0,13.15,13.0,13.1,5130080
2010-07-09 00:00:00+05:30,13.2,13.62,13.15,13.25,27817580
2010-07-12 00:00:00+05:30,13.35,13.38,13.1,13.15,8441540
2010-07-13 00:00:00+05:30,13.2,13.38,13.05,13.12,17443120
2010-07-14 00:00:00+05:30,13.22,13.65,13.22,13.55,63550020
2010-07-15 00:00:00+05:30,13.55,14.02,13.5,13.7,69684500
2010-07-16 00:00:00+05:30,13.88,14.08,13.78,13.85,28541080
2010-07-19 00:00:00+05:30,13.65,14.0,13.58,13.72,30742360
2010-07-20 00:00:00+05:30,13.82,13.98,13.52,13.58,26897620
2010-07-21 00:00:00+05:30,13.65,13.72,13.35,13.45,13970900
2010-07-22 00:00:00+05:30,13.4,13.45,13.2,13.28,15388900
2010-07-23 00:00:00+05:30,13.35,13.42,12.92,13.02,12861940
2010-07-26 00:00:00+05:30,13.25,13.28,12.8,12.92,12056900
2010-07-27 00:00:00+05:30,13.0,13.18,12.62,12.78,46275880
2010-07-28 00:00:00+05:30,12.8,13.25,12.8,13.18,30786800
2010-07-29 00:00:00+05:30,13.2,13.75,13.1,13.62,98520980
2010-07-30 00:00:00+05:30,13.65,14.92,13.6,14.58,159995540
2010-08-02 00:00:00+05:30,14.72,14.72,14.32,14.4,69109160
2010-08-03 00:00:00+05:30,14.45,14.52,14.15,14.32,30128660
2010-08-04 00:00:00+05:30,14.25,14.4,14.15,14.28,9988180
2010-08-05 00:00:00+05:30,14.52,14.82,14.25,14.35,28776140
2010-08-06 00:00:00+05:30,14.35,14.48,14.18,14.25,8276840
2010-08-09 00:00:00+05:30,14.25,14.38,14.1,14.18,12163980
2010-08-10 00:00:00+05:30,14.22,14.8,14.22,14.55,59583720
2010-08-11 00:00:00+05:30,14.65,14.7,14.2,14.3,11912140
2010-08-12 00:00:00+05:30,14.0,14.45,13.95,14.38,19077840
2010-08-13 00:00:00+05:30,14.38,14.7,14.25,14.55,26224680
2010-08-16 00:00:00+05:30,14.65,14.65,14.25,14.4,11312740
2010-08-17 00:00:00+05:30,14.45,14.5,14.25,14.32,9479620
2010-08-18 00:00:00+05:30,14.38,14.78,14.2,14.65,58903440
2010-08-19 00:00:00+05:30,14.6,15.02,14.58,14.82,82041140
2010-08-20 00:00:00+05:30,14.85,15.28,14.65,15.15,78028240
2010-08-23 00:00:00+05:30,15.3,15.75,15.2,15.42,59608920
2010-08-24 00:00:00+05:30,15.45,15.55,15.02,15.4,42832560
2010-08-25 00:00:00+05:30,15.35,15.42,14.3,14.75,63054320
2010-08-26 00:00:00+05:30,14.85,14.95,14.45,14.52,15098820
2010-08-27 00:00:00+05:30,14.58,14.9,14.08,14.2,17632400
2010-08-30 00:00:00+05:30,14.32,14.42,13.98,14.02,10965840
2010-08-31 00:00:00+05:30,14.02,14.02,13.52,13.9,22281060
2010-09-01 00:00:00+05:30,14.0,14.5,13.92,14.4,12050360
2010-09-02 00:00:00+05:30,14.52,14.55,14.02,14.15,13639220
2010-09-03 00:00:00+05:30,14.25,14.38,14.05,14.12,6588860
2010-09-06 00:00:00+05:30,14.22,14.42,14.0,14.08,14400880
2010-09-07 00:00:00+05:30,14.1,14.35,14.0,14.08,13616120
2010-09-08 00:00:00+05:30,14.0,14.52,13.95,14.32,34777520
2010-09-09 00:00:00+05:30,14.1,14.78,14.1,14.55,33372380
2010-09-13 00:00:00+05:30,14.65,14.75,14.28,14.32,26385840
2010-09-14 00:00:00+05:30,14.35,14.4,14.1,14.18,9248800
2010-09-15 00:00:00+05:30,14.2,14.25,14.0,14.05,7737940
2010-09-16 00:00:00+05:30,14.0,14.15,13.62,13.7,12513160
2010-09-17 00:00:00+05:30,13.8,14.12,13.45,13.98,27560820
2010-09-20 00:00:00+05:30,14.08,14.15,13.72,13.92,48566960
2010-09-21 00:00:00+05:30,13.98,14.12,13.72,13.78,37629360
2010-09-22 00:00:00+05:30,14.05,14.35,13.92,14.2,27991660
2010-09-23 00:00:00+05:30,14.3,14.4,14.05,14.2,14720960
2010-09-24 00:00:00+05:30,14.2,14.25,13.98,14.05,8966000
2010-09-27 00:00:00+05:30,14.2,14.25,13.62,13.68,15784320
2010-09-28 00:00:00+05:30,13.8,13.88,13.42,13.5,13623200
2010-09-29 00:00:00+05:30,13.55,13.62,13.28,13.3,9059380
2010-09-30 00:00:00+05:30,13.35,13.38,12.88,13.02,25170760
2010-10-01 00:00:00+05:30,13.12,13.45,12.9,13.28,20932860
2010-10-04 00:00:00+05:30,13.4,13.42,12.95,13.02,12806280
2010-10-05 00:00:00+05:30,13.05,13.18,12.9,12.98,14690680
2010-10-06 00:00:00+05:30,13.08,13.2,12.82,12.88,37307320
2010-10-07 00:00:00+05:30,12.92,13.75,12.9,13.45,63213940
2010-10-08 00:00:00+05:30,13.52,13.72,13.08,13.2,22865740
2010-10-11 00:00:00+05:30,13.2,13.45,13.1,13.15,14569260
2010-10-12 00:00:00+05:30,13.22,13.22,12.92,13.02,12641280
2010-10-13 00:00:00+05:30,13.1,13.32,13.02,13.25,25809700
2010-10-14 00:00:00+05:30,13.28,13.32,12.82,12.9,45073260
2010-10-15 00:00:00+05:30,12.9,13.05,12.82,12.85,7424020
2010-10-18 00:00:00+05:30,12.8,12.9,12.5,12.58,10384120
2010-10-19 00:00:00+05:30,12.65,12.68,12.25,12.32,15088860
2010-10-20 00:00:00+05:30,12.4,12.62,12.15,12.2,17216800
2010-10-21 00:00:00+05:30,12.28,12.45,12.25,12.38,9341780
2010-10-22 00:00:00+05:30,12.45,12.58,12.2,12.3,23132200
2010-10-25 00:00:00+05:30,12.35,13.22,12.28,13.08,38234760
2010-10-26 00:00:00+05:30,13.1,13.3,12.52,12.6,27758840
2010-10-27 00:00:00+05:30,12.65,13.22,12.5,13.12,25581520
2010-10-28 00:00:00+05:30,13.25,13.45,13.0,13.32,32165320
2010-10-29 00:00:00+05:30,13.42,13.55,12.7,13.0,35815740
2010-11-01 00:00:00+05:30,13.05,13.22,12.9,12.95,11242680
2010-11-02 00:00:00+05:30,13.18,13.38,12.82,13.0,8176480
2010-11-03 00:00:00+05:30,13.1,13.28,12.95,13.22,31412940
2010-11-04 00:00:00+05:30,13.28,13.3,13.08,13.15,12687680
2010-11-05 00:00:00+05:30,13.18,13.3,13.15,13.25,2629960
2010-11-08 00:00:00+05:30,13.28,13.3,13.02,13.05,6934720
2010-11-09 00:00:00+05:30,13.15,13.22,12.92,13.0,8578140
2010-11-10 00:00:00+05:30,13.0,13.35,12.9,13.05,18715020
2010-11-11 00:00:00+05:30,13.02,13.2,12.9,12.92,18055820
2010-11-12 00:00:00+05:30,12.9,12.9,12.3,12.38,14122260
2010-11-15 00:00:00+05:30,12.4,12.48,12.1,12.38,11166120
2010-11-16 00:00:00+05:30,12.5,12.5,11.62,11.75,26610500
2010-11-18 00:00:00+05:30,11.92,12.12,11.68,12.05,14373780
2010-11-19 00:00:00+05:30,12.2,12.55,11.92,12.12,17784860
2010-11-22 00:00:00+05:30,12.2,12.6,12.15,12.32,11687300
2010-11-23 00:00:00+05:30,12.35,12.4,11.78,11.9,8053820
2010-11-24 00:00:00+05:30,11.95,12.1,10.9,11.15,20317820
2010-11-25 00:00:00+05:30,11.5,11.5,9.9,10.18,63724280
2010-11-26 00:00:00+05:30,10.18,10.95,9.72,10.68,77562260
2010-11-29 00:00:00+05:30,10.85,11.92,10.75,11.72,44458960
2010-11-30 00:00:00+05:30,11.7,12.12,11.38,12.05,26519100
2010-12-01 00:00:00+05:30,12.05,12.35,11.85,12.2,17458260
2010-12-02 00:00:00+05:30,12.25,12.35,11.7,11.78,14619060
2010-12-03 00:00:00+05:30,11.82,12.02,11.28,11.38,16519440
2010-12-06 00:00:00+05:30,11.5,11.7,11.02,11.2,19808860
2010-12-07 00:00:00+05:30,11.28,11.28,10.22,10.5,51224920
2010-12-08 00:00:00+05:30,10.45,11.05,9.3,9.48,161885840
2010-12-09 00:00:00+05:30,9.6,10.18,9.32,9.6,102167000
2010-12-10 00:00:00+05:30,9.55,10.42,9.4,10.2,59915860
2010-12-13 00:00:00+05:30,10.25,10.98,10.25,10.92,45796180
2010-12-14 00:00:00+05:30,11.0,11.32,10.98,11.22,25330820
2010-12-15 00:00:00+05:30,11.25,11.4,10.85,11.1,15234400
2010-12-16 00:00:00+05:30,11.18,11.25,10.9,11.1,7827480
2010-12-20 00:00:00+05:30,11.0,11.32,10.85,11.1,5828300
2010-12-21 00:00:00+05:30,11.2,11.35,11.08,11.25,6007340
2010-12-22 00:00:00+05:30,11.3,11.48,11.02,11.08,8104740
2010-12-23 00:00:00+05:30,11.15,11.15,10.5,10.78,13674380
2010-12-24 00:00:00+05:30,10.75,11.05,10.68,10.98,9041840
2010-12-27 00:00:00+05:30,11.02,11.1,10.75,10.82,4381320
2010-12-28 00:00:00+05:30,10.9,10.92,10.78,10.82,2762580
2010-12-29 00:00:00+05:30,10.75,11.05,10.75,11.0,4995520
2010-12-30 00:00:00+05:30,11.15,11.32,11.02,11.2,11074060
2010-12-31 00:00:00+05:30,11.3,11.7,11.15,11.25,21911320
2011-01-03 00:00:00+05:30,11.3,11.6,11.28,11.55,11225020
2011-01-04 00:00:00+05:30,11.7,11.7,11.38,11.5,11323400
2011-01-05 00:00:00+05:30,11.55,11.55,11.18,11.35,5274880
2011-01-06 00:00:00+05:30,11.45,11.58,11.28,11.52,8376740
2011-01-07 00:00:00+05:30,11.55,11.55,11.05,11.1,4754000
2011-01-10 00:00:00+05:30,11.08,11.08,10.4,10.48,8544520
2011-01-11 00:00:00+05:30,10.48,10.75,10.25,10.48,7358840
2011-01-12 00:00:00+05:30,10.7,10.95,10.52,10.9,7495520
2011-01-13 00:00:00+05:30,10.92,11.05,10.68,10.82,5415360
2011-01-14 00:00:00+05:30,10.9,11.05,10.55,10.6,6575680
2011-01-17 00:00:00+05:30,10.58,10.65,10.4,10.48,4225060
2011-01-18 00:00:00+05:30,10.48,10.52,10.0,10.1,10991180
2011-01-19 00:00:00+05:30,10.15,10.35,9.9,10.22,17452260
2011-01-20 00:00:00+05:30,10.08,10.3,10.0,10.15,5845700
2011-01-21 00:00:00+05:30,10.22,10.7,10.12,10.55,12914040
2011-01-24 00:00:00+05:30,10.72,10.78,10.55,10.7,4960760
2011-01-25 00:00:00+05:30,10.75,11.28,10.62,11.05,16412980
2011-01-27 00:00:00+05:30,11.1,11.28,10.52,10.68,22306760
2011-01-28 00:00:00+05:30,10.65,10.78,9.88,10.08,20161460
2011-01-31 00:00:00+05:30,9.85,10.28,9.75,10.05,15872600
2011-02-01 00:00:00+05:30,10.12,10.22,9.42,9.5,20422080
2011-02-02 00:00:00+05:30,9.6,9.78,8.9,9.3,57829960
2011-02-03 00:00:00+05:30,9.3,9.62,9.15,9.58,30952280
2011-02-04 00:00:00+05:30,9.35,9.85,9.28,9.4,22109140
2011-02-07 00:00:00+05:30,9.45,9.8,9.15,9.3,22762680
2011-02-08 00:00:00+05:30,9.32,9.5,7.78,8.05,59141240
2011-02-09 00:00:00+05:30,8.0,8.42,7.55,7.88,92542980
2011-02-10 00:00:00+05:30,8.2,8.35,7.38,8.25,52853660
2011-02-11 00:00:00+05:30,8.3,8.7,8.1,8.58,26578480
2011-02-14 00:00:00+05:30,8.62,8.98,8.62,8.88,19402220
2011-02-15 00:00:00+05:30,8.95,9.08,8.62,8.72,25562300
2011-02-16 00:00:00+05:30,8.75,9.15,8.52,9.08,31894400
2011-02-17 00:00:00+05:30,9.15,9.38,8.9,9.2,39462200
2011-02-18 00:00:00+05:30,9.3,10.32,8.6,9.1,174808620
2011-02-21 00:00:00+05:30,9.08,9.6,9.08,9.4,54415400
2011-02-22 00:00:00+05:30,9.35,9.42,8.78,9.35,26135300
2011-02-23 00:00:00+05:30,9.4,9.72,9.2,9.25,38169180
2011-02-24 00:00:00+05:30,9.25,9.4,8.78,9.08,35311980
2011-02-25 00:00:00+05:30,9.22,9.35,8.9,9.02,16211720
2011-02-28 00:00:00+05:30,9.2,9.6,9.08,9.22,36262740
2011-03-01 00:00:00+05:30,9.3,9.78,9.25,9.7,25999400
2011-03-03 00:00:00+05:30,9.7,9.72,9.12,9.62,17112740
2011-03-04 00:00:00+05:30,9.72,9.8,9.25,9.45,13009780
2011-03-07 00:00:00+05:30,9.1,9.4,9.1,9.3,7639960
2011-03-08 00:00:00+05:30,9.32,9.42,9.22,9.3,5322140
2011-03-09 00:00:00+05:30,9.38,9.58,9.38,9.45,10821000
2011-03-10 00:00:00+05:30,9.38,9.5,9.25,9.3,8028320
2011-03-11 00:00:00+05:30,9.0,9.3,9.0,9.12,8056900
2011-03-14 00:00:00+05:30,9.12,9.32,8.98,9.25,8789060
2011-03-15 00:00:00+05:30,9.08,9.2,8.95,9.1,5971140
2011-03-16 00:00:00+05:30,9.12,9.45,9.12,9.25,11973320
2011-03-17 00:00:00+05:30,9.22,9.28,9.1,9.12,6204620
2011-03-18 00:00:00+05:30,9.2,9.28,9.0,9.02,10638640
2011-03-21 00:00:00+05:30,8.9,9.4,8.9,9.22,20007240
2011-03-22 00:00:00+05:30,9.3,9.52,9.2,9.38,15185780
2011-03-23 00:00:00+05:30,9.48,9.48,9.3,9.35,8349760
2011-03-24 00:00:00+05:30,9.38,9.52,9.35,9.42,6166400
2011-03-25 00:00:00+05:30,9.45,9.72,9.45,9.68,14265880
2011-03-28 00:00:00+05:30,9.65,10.12,9.58,9.98,26443220
2011-03-29 00:00:00+05:30,10.02,10.22,9.98,10.02,23331820
2011-03-30 00:00:00+05:30,10.08,10.92,10.08,10.6,55611660
2011-03-31 00:00:00+05:30,10.7,10.85,10.52,10.6,24191820
2011-04-01 00:00:00+05:30,10.62,10.98,10.62,10.75,15631080
2011-04-04 00:00:00+05:30,10.8,10.98,10.68,10.82,12969300
2011-04-05 00:00:00+05:30,10.95,11.22,10.82,11.0,20993920
2011-04-06 00:00:00+05:30,11.08,11.18,10.85,11.0,12996460
2011-04-07 00:00:00+05:30,11.0,11.45,11.0,11.4,16722060
2011-04-08 00:00:00+05:30,11.5,11.5,10.7,10.9,19336460
2011-04-11 00:00:00+05:30,10.9,10.9,10.42,10.48,19725720
2011-04-13 00:00:00+05:30,10.45,10.68,10.2,10.6,32199580
2011-04-15 00:00:00+05:30,10.5,10.88,10.42,10.72,22927680
2011-04-18 00:00:00+05:30,10.9,11.12,10.42,10.52,49980140
2011-04-19 00:00:00+05:30,10.52,10.62,10.3,10.4,18769220
2011-04-20 00:00:00+05:30,10.5,10.7,9.95,10.02,59732660
2011-04-21 00:00:00+05:30,10.15,10.22,9.72,9.8,28681920
2011-04-25 00:00:00+05:30,9.8,10.05,9.65,10.0,31235360
2011-04-26 00:00:00+05:30,10.05,10.12,9.8,10.0,24221860
2011-04-27 00:00:00+05:30,10.0,10.05,9.75,9.82,7742040
2011-04-28 00:00:00+05:30,9.92,9.92,9.1,9.22,60052620
2011-04-29 00:00:00+05:30,9.28,9.38,8.58,8.78,75343100
2011-05-02 00:00:00+05:30,8.9,8.98,8.7,8.78,20063200
2011-05-03 00:00:00+05:30,8.82,8.85,8.02,8.08,46747800
2011-05-04 00:00:00+05:30,7.95,8.4,7.88,8.32,57376840
2011-05-05 00:00:00+05:30,8.4,8.58,8.18,8.25,37620620
2011-05-06 00:00:00+05:30,8.4,8.45,7.98,8.12,38332660
2011-05-09 00:00:00+05:30,8.2,8.25,8.05,8.1,20460120
2011-05-10 00:00:00+05:30,8.1,8.15,7.75,7.88,35524540
2011-05-11 00:00:00+05:30,7.9,8.1,7.8,8.05,21721780
2011-05-12 00:00:00+05:30,8.0,8.22,8.0,8.1,32812320
2011-05-13 00:00:00+05:30,8.15,8.35,8.02,8.28,31203560
2011-05-16 00:00:00+05:30,8.35,8.5,8.1,8.45,41656520
2011-05-17 00:00:00+05:30,8.45,8.58,8.08,8.12,20762760
2011-05-18 00:00:00+05:30,8.18,8.18,7.85,8.05,21762900
2011-05-19 00:00:00+05:30,8.12,8.12,7.88,7.98,12028560
2011-05-20 00:00:00+05:30,8.05,8.22,7.55,7.8,57733000
2011-05-23 00:00:00+05:30,7.8,7.92,7.65,7.8,35673080
2011-05-24 00:00:00+05:30,7.78,7.8,7.6,7.68,23706920
2011-05-25 00:00:00+05:30,7.6,7.7,7.52,7.6,41573260
2011-05-26 00:00:00+05:30,7.6,7.62,7.25,7.38,25142320
2011-05-27 00:00:00+05:30,7.38,7.65,7.32,7.6,30326860
2011-05-30 00:00:00+05:30,7.8,7.82,7.65,7.75,20407340
2011-05-31 00:00:00+05:30,7.7,8.08,7.68,8.02,42201220
2011-06-01 00:00:00+05:30,8.2,8.25,7.95,8.02,15853080
2011-06-02 00:00:00+05:30,7.88,8.0,7.75,7.8,13232860
2011-06-03 00:00:00+05:30,7.82,8.0,7.75,7.78,12943720
2011-06-06 00:00:00+05:30,7.75,7.82,7.62,7.78,8833920
2011-06-07 00:00:00+05:30,7.75,8.1,7.7,8.05,25446100
2011-06-08 00:00:00+05:30,8.12,8.32,8.08,8.22,47580180
2011-06-09 00:00:00+05:30,8.3,8.55,8.25,8.52,52156500
2011-06-10 00:00:00+05:30,8.6,8.6,8.28,8.4,33095100
2011-06-13 00:00:00+05:30,8.4,8.85,8.25,8.8,36808360
2011-06-14 00:00:00+05:30,8.85,8.95,8.65,8.68,38721900
2011-06-15 00:00:00+05:30,8.68,8.75,8.28,8.32,17445920
2011-06-16 00:00:00+05:30,8.2,8.42,8.08,8.3,22805600
2011-06-17 00:00:00+05:30,8.35,8.38,8.1,8.15,11448920
2011-06-20 00:00:00+05:30,8.2,8.25,7.65,8.08,26092900
2011-06-21 00:00:00+05:30,8.12,8.2,7.9,8.0,14215300
2011-06-22 00:00:00+05:30,8.02,8.05,7.78,7.8,9604920
2011-06-23 00:00:00+05:30,7.85,8.1,7.68,8.05,19775360
2011-06-24 00:00:00+05:30,8.08,8.32,8.08,8.28,18310900
2011-06-27 00:00:00+05:30,8.22,8.42,8.12,8.35,9940420
2011-06-28 00:00:00+05:30,8.35,8.6,8.35,8.45,11010380
2011-06-29 00:00:00+05:30,8.5,8.78,8.45,8.72,23724000
2011-06-30 00:00:00+05:30,8.8,8.8,8.48,8.6,32234620
2011-07-01 00:00:00+05:30,8.78,8.9,8.65,8.72,21995540
2011-07-04 00:00:00+05:30,8.78,9.05,8.72,8.98,24400080
2011-07-05 00:00:00+05:30,9.0,9.08,8.72,8.8,20793980
2011-07-06 00:00:00+05:30,8.75,8.78,8.4,8.45,20092240
2011-07-07 00:00:00+05:30,8.4,8.68,8.4,8.65,15215780
2011-07-08 00:00:00+05:30,8.68,8.88,8.65,8.78,23130180
2011-07-11 00:00:00+05:30,8.75,8.85,8.58,8.68,14570060
2011-07-12 00:00:00+05:30,8.65,8.65,8.4,8.52,11695160
2011-07-13 00:00:00+05:30,8.65,8.95,8.6,8.92,25431320
2011-07-14 00:00:00+05:30,8.95,9.6,8.88,9.4,93088780
2011-07-15 00:00:00+05:30,9.5,9.58,9.28,9.35,40031940
2011-07-18 00:00:00+05:30,9.38,9.58,9.38,9.45,15972200
2011-07-19 00:00:00+05:30,9.45,9.5,9.22,9.28,21543420
2011-07-20 00:00:00+05:30,9.3,9.7,9.05,9.35,103060120
2011-07-21 00:00:00+05:30,9.38,9.68,8.98,9.22,146108340
2011-07-22 00:00:00+05:30,9.15,9.58,9.15,9.52,34863040
2011-07-25 00:00:00+05:30,9.42,9.62,9.35,9.42,36440880
2011-07-26 00:00:00+05:30,9.45,9.5,9.1,9.15,16035300
2011-07-27 00:00:00+05:30,9.15,9.32,8.38,8.42,89204920
2011-07-28 00:00:00+05:30,8.2,8.58,8.2,8.48,37100000
2011-07-29 00:00:00+05:30,8.45,8.82,8.45,8.7,29317820
2011-08-01 00:00:00+05:30,8.82,8.88,8.22,8.3,26909620
2011-08-02 00:00:00+05:30,8.25,8.3,7.88,7.92,19643140
2011-08-03 00:00:00+05:30,7.75,8.15,7.52,8.08,17488220
2011-08-04 00:00:00+05:30,8.12,8.32,7.92,8.0,16178240
2011-08-05 00:00:00+05:30,7.85,8.25,7.55,8.18,27579580
2011-08-08 00:00:00+05:30,8.0,8.32,7.78,8.15,24318720
2011-08-09 00:00:00+05:30,7.85,8.12,7.82,7.92,19896880
2011-08-10 00:00:00+05:30,8.1,8.48,8.1,8.45,23384320
2011-08-11 00:00:00+05:30,8.4,8.4,8.15,8.22,17965100
2011-08-12 00:00:00+05:30,8.3,8.35,8.18,8.3,13595860
2011-08-16 00:00:00+05:30,8.38,8.4,7.72,7.8,16915920
2011-08-17 00:00:00+05:30,7.8,7.8,7.3,7.38,35966080
2011-08-18 00:00:00+05:30,7.55,7.55,6.75,6.82,38464220
2011-08-19 00:00:00+05:30,6.65,7.48,6.58,7.4,62925400
2011-08-22 00:00:00+05:30,7.42,7.7,7.22,7.55,18285140
2011-08-23 00:00:00+05:30,7.6,7.92,7.38,7.85,27788680
2011-08-24 00:00:00+05:30,7.88,8.1,7.52,7.62,23610060
2011-08-25 00:00:00+05:30,7.65,7.78,7.25,7.32,25523800
2011-08-26 00:00:00+05:30,7.3,7.4,6.95,7.0,23748040
2011-08-29 00:00:00+05:30,7.2,7.48,7.15,7.32,22278620
2011-08-30 00:00:00+05:30,7.4,7.58,7.3,7.32,15395640
2011-09-02 00:00:00+05:30,7.35,7.6,7.2,7.55,19788680
2011-09-05 00:00:00+05:30,7.5,8.05,7.4,7.95,25128420
2011-09-06 00:00:00+05:30,8.0,8.18,7.72,8.08,29675060
2011-09-07 00:00:00+05:30,8.15,8.6,8.12,8.52,28635060
2011-09-08 00:00:00+05:30,8.6,8.68,8.42,8.52,22221360
2011-09-09 00:00:00+05:30,8.58,8.68,8.22,8.3,29286140
2011-09-12 00:00:00+05:30,8.15,8.2,7.72,7.8,24242780
2011-09-13 00:00:00+05:30,7.85,8.28,7.85,8.1,41325940
2011-09-14 00:00:00+05:30,8.15,8.48,7.95,8.35,33869100
2011-09-15 00:00:00+05:30,8.42,8.48,8.28,8.35,18761380
2011-09-16 00:00:00+05:30,8.4,8.75,8.28,8.7,35932480
2011-09-19 00:00:00+05:30,8.7,8.8,8.58,8.62,15848920
2011-09-20 00:00:00+05:30,8.68,8.72,8.42,8.65,19696580
2011-09-21 00:00:00+05:30,8.68,8.82,8.62,8.68,27285660
2011-09-22 00:00:00+05:30,8.72,8.72,8.08,8.15,17565200
2011-09-23 00:00:00+05:30,8.0,8.32,7.78,8.22,28614900
2011-09-26 00:00:00+05:30,8.25,8.48,8.05,8.4,40527240
2011-09-27 00:00:00+05:30,8.5,8.68,8.42,8.48,18523260
2011-09-28 00:00:00+05:30,8.55,8.55,8.05,8.15,24128600
2011-09-29 00:00:00+05:30,8.0,8.32,8.0,8.22,27044360
2011-09-30 00:00:00+05:30,8.25,8.45,8.1,8.15,20919340
2011-10-03 00:00:00+05:30,8.05,8.28,7.85,8.1,35156120
2011-10-04 00:00:00+05:30,8.08,8.32,7.9,8.0,25418400
2011-10-05 00:00:00+05:30,8.1,8.22,8.05,8.1,23369800
2011-10-07 00:00:00+05:30,8.18,8.32,8.1,8.18,16159560
2011-10-10 00:00:00+05:30,8.28,8.4,8.18,8.25,19719020
2011-10-11 00:00:00+05:30,8.35,8.5,8.22,8.25,216302160
2011-10-12 00:00:00+05:30,8.38,8.52,8.25,8.45,15975480
2011-10-13 00:00:00+05:30,8.8,8.8,8.28,8.32,17216280
2011-10-14 00:00:00+05:30,8.12,8.5,8.0,8.5,16486540
2011-10-17 00:00:00+05:30,8.5,8.7,8.25,8.65,243120840
2011-10-18 00:00:00+05:30,8.6,8.6,8.22,8.28,30365860
2011-10-19 00:00:00+05:30,8.32,8.5,8.32,8.45,16453220
2011-10-20 00:00:00+05:30,8.38,8.4,8.08,8.12,30875060
2011-10-21 00:00:00+05:30,8.18,8.18,7.92,7.98,31157680
2011-10-24 00:00:00+05:30,8.05,8.22,7.82,7.88,17273620
2011-10-25 00:00:00+05:30,7.9,8.25,7.75,8.12,46719560
2011-10-28 00:00:00+05:30,8.2,8.62,8.2,8.45,59397620
2011-10-31 00:00:00+05:30,8.45,8.45,8.18,8.22,17239340
2011-11-01 00:00:00+05:30,8.22,8.28,8.05,8.15,14156180
2011-11-02 00:00:00+05:30,8.12,8.38,8.1,8.3,13753620
2011-11-03 00:00:00+05:30,8.38,8.45,8.25,8.3,10572160
2011-11-04 00:00:00+05:30,8.4,8.58,8.32,8.48,18949100
2011-11-08 00:00:00+05:30,8.55,8.6,8.42,8.5,10217820
2011-11-09 00:00:00+05:30,8.58,8.58,8.28,8.35,12663420
2011-11-11 00:00:00+05:30,8.35,8.55,8.1,8.18,16729620
2011-11-14 00:00:00+05:30,8.3,8.38,8.0,8.05,9887140
2011-11-15 00:00:00+05:30,8.05,8.15,7.3,7.48,29474560
2011-11-16 00:00:00+05:30,7.48,7.62,7.28,7.35,19479500
2011-11-17 00:00:00+05:30,7.42,7.68,7.22,7.3,25642920
2011-11-18 00:00:00+05:30,7.3,7.35,6.9,6.92,33341660
2011-11-21 00:00:00+05:30,6.9,7.05,6.75,6.9,31867060
2011-11-22 00:00:00+05:30,6.95,7.3,6.9,7.08,21159440
2011-11-23 00:00:00+05:30,6.75,7.2,6.75,7.0,25709080
2011-11-24 00:00:00+05:30,7.0,7.25,7.0,7.12,22594040
2011-11-25 00:00:00+05:30,7.12,7.35,7.05,7.22,16810300
2011-11-28 00:00:00+05:30,7.38,7.5,7.32,7.4,12899040
2011-11-29 00:00:00+05:30,7.4,7.45,7.18,7.28,9780040
2011-11-30 00:00:00+05:30,7.15,7.42,7.12,7.38,13140100
2011-12-01 00:00:00+05:30,7.6,7.62,7.25,7.35,21459440
2011-12-02 00:00:00+05:30,7.38,7.65,7.3,7.6,17825280
2011-12-05 00:00:00+05:30,7.6,7.85,7.55,7.8,20610060
2011-12-07 00:00:00+05:30,7.88,8.0,7.82,7.95,22869760
2011-12-08 00:00:00+05:30,7.9,8.02,7.62,7.68,17978220
2011-12-09 00:00:00+05:30,7.48,7.58,7.25,7.42,10560700
2011-12-12 00:00:00+05:30,7.48,7.55,7.22,7.32,8894160
2011-12-13 00:00:00+05:30,7.25,7.5,7.25,7.45,8094760
2011-12-14 00:00:00+05:30,7.45,7.5,7.1,7.2,12608000
2011-12-15 00:00:00+05:30,7.18,7.38,6.75,7.3,10011480
2011-12-16 00:00:00+05:30,7.42,7.68,7.28,7.35,23239060
2011-12-19 00:00:00+05:30,7.25,7.45,7.1,7.4,14122280
2011-12-20 00:00:00+05:30,7.4,7.45,7.12,7.18,15479460
2011-12-21 00:00:00+05:30,7.35,7.35,6.78,6.95,49356260
2011-12-22 00:00:00+05:30,6.9,7.2,6.82,7.15,24268460
2011-12-23 00:00:00+05:30,7.18,7.22,6.92,7.02,9704980
2011-12-26 00:00:00+05:30,7.1,7.2,6.9,7.08,6889380
2011-12-27 00:00:00+05:30,7.0,7.2,6.9,6.98,7801580
2011-12-28 00:00:00+05:30,6.98,7.05,6.7,6.82,13951660
2011-12-29 00:00:00+05:30,6.82,6.95,6.6,6.68,11901240
2011-12-30 00:00:00+05:30,6.65,6.75,6.32,6.5,14875660
2012-01-02 00:00:00+05:30,6.4,6.52,6.18,6.32,16640160
2012-01-03 00:00:00+05:30,6.25,6.62,6.1,6.45,63679620
2012-01-04 00:00:00+05:30,6.55,6.75,6.5,6.55,18042920
2012-01-05 00:00:00+05:30,6.62,6.62,6.32,6.35,28309320
2012-01-06 00:00:00+05:30,6.3,6.35,6.15,6.22,30126280
2012-01-09 00:00:00+05:30,6.25,6.45,6.12,6.38,17821360
2012-01-10 00:00:00+05:30,6.45,7.1,6.42,7.05,57812060
2012-01-11 00:00:00+05:30,7.1,7.18,6.85,6.95,23281240
2012-01-12 00:00:00+05:30,6.88,6.92,6.35,6.82,43842360
2012-01-13 00:00:00+05:30,6.8,7.38,6.8,7.25,43920260
2012-01-16 00:00:00+05:30,7.25,7.38,7.05,7.32,20247000
2012-01-17 00:00:00+05:30,7.4,7.8,7.4,7.62,32387780
2012-01-18 00:00:00+05:30,7.7,7.7,7.38,7.45,12157860
2012-01-19 00:00:00+05:30,7.52,8.0,7.52,7.95,33059540
2012-01-20 00:00:00+05:30,8.0,8.22,7.78,8.08,37706080
2012-01-23 00:00:00+05:30,8.08,8.18,7.85,8.0,18282540
2012-01-24 00:00:00+05:30,8.08,8.75,7.95,8.65,41802940
2012-01-25 00:00:00+05:30,8.75,8.85,8.32,8.42,72266320
2012-01-27 00:00:00+05:30,8.45,8.9,8.3,8.7,66602280
2012-01-30 00:00:00+05:30,8.7,8.7,8.15,8.22,17367700
2012-01-31 00:00:00+05:30,8.28,8.78,8.18,8.72,37869060
2012-02-01 00:00:00+05:30,8.7,8.85,8.5,8.68,27743260
2012-02-02 00:00:00+05:30,8.8,8.95,8.68,8.82,56674660
2012-02-03 00:00:00+05:30,8.8,8.85,8.65,8.72,18854660
2012-02-06 00:00:00+05:30,8.9,9.1,8.75,8.92,44310680
2012-02-07 00:00:00+05:30,9.0,9.02,8.42,8.45,32351500
2012-02-08 00:00:00+05:30,8.52,8.82,8.4,8.7,41465140
2012-02-09 00:00:00+05:30,8.7,8.75,8.52,8.65,46728920
2012-02-10 00:00:00+05:30,8.65,8.88,8.45,8.58,62016300
2012-02-13 00:00:00+05:30,8.85,8.85,8.35,8.45,20473500
2012-02-14 00:00:00+05:30,8.52,8.88,8.45,8.85,56351800
2012-02-15 00:00:00+05:30,8.92,9.52,8.9,9.45,72747820
2012-02-16 00:00:00+05:30,9.8,10.5,9.45,10.08,141111800
2012-02-17 00:00:00+05:30,10.15,10.52,10.08,10.4,109814300
2012-02-21 00:00:00+05:30,10.5,10.5,10.18,10.48,40348040
2012-02-22 00:00:00+05:30,10.45,10.48,9.12,9.32,47703920
2012-02-23 00:00:00+05:30,8.8,9.25,8.8,9.05,66496340
2012-02-24 00:00:00+05:30,9.18,9.22,8.65,8.72,43312520
2012-02-27 00:00:00+05:30,8.72,8.92,8.3,8.45,24232180
2012-02-28 00:00:00+05:30,8.38,9.45,8.35,9.42,47829040
2012-02-29 00:00:00+05:30,9.5,9.85,8.98,9.22,65801480
2012-03-01 00:00:00+05:30,9.15,9.25,8.62,8.92,47801380
2012-03-02 00:00:00+05:30,8.95,9.52,8.85,9.42,68024420
2012-03-05 00:00:00+05:30,9.32,9.42,8.9,8.98,38177380
2012-03-06 00:00:00+05:30,8.9,9.38,8.78,8.9,50952160
2012-03-07 00:00:00+05:30,8.9,9.0,8.2,8.48,79414260
2012-03-09 00:00:00+05:30,8.62,9.18,8.55,9.12,54766960
2012-03-12 00:00:00+05:30,9.4,9.5,9.2,9.45,46047800
2012-03-13 00:00:00+05:30,9.58,10.0,9.5,9.95,47582800
2012-03-14 00:00:00+05:30,10.05,10.15,9.68,9.82,31102020
2012-03-15 00:00:00+05:30,9.78,9.82,9.35,9.55,27782680
2012-03-16 00:00:00+05:30,10.5,10.5,9.58,9.88,62707920
2012-03-19 00:00:00+05:30,9.92,10.02,9.28,9.35,36923340
2012-03-20 00:00:00+05:30,9.4,10.05,9.35,9.85,77458560
2012-03-21 00:00:00+05:30,9.88,10.38,9.68,10.18,54473180
2012-03-22 00:00:00+05:30,10.2,10.35,9.5,9.58,51777880
2012-03-23 00:00:00+05:30,9.65,9.82,9.48,9.65,40937540
2012-03-26 00:00:00+05:30,9.65,9.75,8.95,9.02,44541920
2012-03-27 00:00:00+05:30,9.15,9.25,8.72,8.88,70058540
2012-03-28 00:00:00+05:30,8.9,9.12,8.78,8.92,42188640
2012-03-29 00:00:00+05:30,8.85,9.02,8.65,9.0,36270260
2012-03-30 00:00:00+05:30,9.05,9.4,9.05,9.35,26837340
2012-04-02 00:00:00+05:30,9.38,9.6,9.3,9.5,26170920
2012-04-03 00:00:00+05:30,9.55,9.75,9.55,9.7,21779620
2012-04-04 00:00:00+05:30,9.62,9.88,9.45,9.78,23245660
2012-04-09 00:00:00+05:30,9.75,9.82,9.45,9.58,19604920
2012-04-10 00:00:00+05:30,9.58,9.65,9.25,9.42,13673160
2012-04-11 00:00:00+05:30,9.3,9.35,9.1,9.18,27489960
2012-04-12 00:00:00+05:30,9.28,9.48,9.25,9.35,19402920
2012-04-13 00:00:00+05:30,9.35,9.75,9.25,9.32,40979660
2012-04-16 00:00:00+05:30,9.25,9.62,9.22,9.55,21050220
2012-04-17 00:00:00+05:30,9.62,10.05,9.5,9.95,59873920
2012-04-18 00:00:00+05:30,10.02,10.25,9.92,9.98,33349820
2012-04-19 00:00:00+05:30,10.0,10.1,9.62,9.7,31215140
2012-04-20 00:00:00+05:30,9.6,9.85,9.42,9.55,18483820
2012-04-23 00:00:00+05:30,9.48,9.62,8.9,9.0,33852520
2012-04-24 00:00:00+05:30,9.08,9.22,8.98,9.08,25003240
2012-04-25 00:00:00+05:30,9.2,9.2,8.52,8.58,56843540
2012-04-26 00:00:00+05:30,8.8,8.8,8.22,8.38,72704300
2012-04-27 00:00:00+05:30,8.42,8.62,8.28,8.42,79206420
2012-04-30 00:00:00+05:30,8.52,8.7,8.52,8.6,27586880
2012-05-02 00:00:00+05:30,8.52,8.68,8.32,8.4,23022600
2012-05-03 00:00:00+05:30,8.3,8.38,6.9,7.48,569326580
2012-05-04 00:00:00+05:30,7.45,7.5,6.32,6.42,403605700
2012-05-07 00:00:00+05:30,6.42,6.42,5.55,5.98,519429800
2012-05-08 00:00:00+05:30,5.95,6.35,5.9,6.02,283548640
2012-05-09 00:00:00+05:30,5.95,6.18,5.6,6.08,223863240
2012-05-10 00:00:00+05:30,6.15,6.28,6.02,6.08,106011940
2012-05-11 00:00:00+05:30,6.05,6.08,5.15,5.25,372924840
2012-05-14 00:00:00+05:30,5.32,5.55,5.0,5.45,393102480
2012-05-15 00:00:00+05:30,5.35,5.68,5.2,5.62,282466160
2012-05-16 00:00:00+05:30,5.48,5.88,5.38,5.78,243293680
2012-05-17 00:00:00+05:30,5.82,5.95,5.55,5.62,179139440
2012-05-18 00:00:00+05:30,5.55,5.72,5.3,5.65,152407540
2012-05-21 00:00:00+05:30,5.65,5.95,5.58,5.88,133552600
2012-05-22 00:00:00+05:30,5.95,6.0,5.58,5.62,102515240
2012-05-23 00:00:00+05:30,5.58,5.65,5.4,5.55,101800900
2012-05-24 00:00:00+05:30,5.58,5.68,5.45,5.65,87930560
2012-05-25 00:00:00+05:30,5.65,5.75,5.55,5.68,60527680
2012-05-28 00:00:00+05:30,5.72,5.88,5.62,5.85,71685940
2012-05-29 00:00:00+05:30,5.85,5.9,5.68,5.7,63201560
2012-05-30 00:00:00+05:30,5.75,5.78,5.58,5.68,97642180
2012-05-31 00:00:00+05:30,5.58,5.72,5.5,5.62,116787800
2012-06-01 00:00:00+05:30,5.68,5.8,5.58,5.6,61965360
2012-06-04 00:00:00+05:30,5.58,5.7,5.42,5.68,63473140
2012-06-05 00:00:00+05:30,5.72,5.85,5.65,5.72,51193580
2012-06-06 00:00:00+05:30,5.8,6.15,5.78,6.12,131571880
2012-06-07 00:00:00+05:30,6.2,6.2,5.95,6.0,85581680
2012-06-08 00:00:00+05:30,6.0,6.08,5.88,5.98,75635840
2012-06-11 00:00:00+05:30,5.98,6.2,5.9,5.95,77187080
2012-06-12 00:00:00+05:30,5.9,6.15,5.85,6.12,64558280
2012-06-13 00:00:00+05:30,6.15,6.55,5.98,6.38,121765740
2012-06-14 00:00:00+05:30,6.15,6.52,6.15,6.2,138673840
2012-06-15 00:00:00+05:30,6.28,6.38,6.22,6.3,50318580
2012-06-18 00:00:00+05:30,6.35,6.38,5.88,5.92,66106300
2012-06-19 00:00:00+05:30,5.95,6.08,5.85,6.02,47235840
2012-06-20 00:00:00+05:30,6.05,6.25,6.02,6.2,48889420
2012-06-21 00:00:00+05:30,6.15,6.32,6.08,6.3,67784020
2012-06-22 00:00:00+05:30,6.25,6.4,6.18,6.3,50026600
2012-06-25 00:00:00+05:30,6.35,6.42,6.12,6.18,48118340
2012-06-26 00:00:00+05:30,6.2,6.28,6.12,6.18,35355840
2012-06-27 00:00:00+05:30,6.2,6.3,6.15,6.2,26222160
2012-06-28 00:00:00+05:30,6.2,6.28,6.05,6.08,47421140
2012-06-29 00:00:00+05:30,6.15,6.4,6.15,6.35,53796220
2012-07-02 00:00:00+05:30,6.38,6.7,6.32,6.62,74974420
2012-07-03 00:00:00+05:30,6.65,6.8,6.6,6.75,77293880
2012-07-04 00:00:00+05:30,6.8,6.8,6.65,6.7,47554100
2012-07-05 00:00:00+05:30,6.7,6.85,6.65,6.78,35444640
2012-07-06 00:00:00+05:30,6.78,6.9,6.72,6.85,63615420
2012-07-09 00:00:00+05:30,6.85,6.85,6.52,6.62,57389060
2012-07-10 00:00:00+05:30,6.6,6.85,6.6,6.78,38555140
2012-07-11 00:00:00+05:30,6.8,6.85,6.7,6.72,29649540
2012-07-12 00:00:00+05:30,6.7,6.78,6.58,6.72,31101100
2012-07-13 00:00:00+05:30,6.72,6.8,6.55,6.65,31432040
2012-07-16 00:00:00+05:30,6.7,6.82,6.6,6.68,36288260
2012-07-17 00:00:00+05:30,6.75,6.75,6.55,6.6,22712960
2012-07-18 00:00:00+05:30,6.55,6.68,6.4,6.65,39929340
2012-07-19 00:00:00+05:30,6.65,6.78,6.62,6.65,18673920
2012-07-20 00:00:00+05:30,6.65,6.65,6.52,6.55,21194980
2012-07-23 00:00:00+05:30,6.52,6.52,6.25,6.28,27265600
2012-07-24 00:00:00+05:30,6.25,6.32,5.92,6.02,53616220
2012-07-25 00:00:00+05:30,5.95,6.02,5.78,5.9,72076040
2012-07-26 00:00:00+05:30,5.98,6.0,5.75,5.82,97308920
2012-07-27 00:00:00+05:30,5.88,6.1,5.62,5.68,47078260
2012-07-30 00:00:00+05:30,5.75,6.32,5.75,6.28,77296200
2012-07-31 00:00:00+05:30,6.4,6.4,6.05,6.35,69866400
2012-08-01 00:00:00+05:30,6.35,6.48,6.2,6.32,73752000
2012-08-02 00:00:00+05:30,6.35,6.45,6.28,6.38,48310440
2012-08-03 00:00:00+05:30,6.25,6.35,6.15,6.28,38558080
2012-08-06 00:00:00+05:30,6.42,6.45,6.22,6.25,37806640
2012-08-07 00:00:00+05:30,6.25,6.35,5.6,5.82,147873600
2012-08-08 00:00:00+05:30,5.88,6.22,5.88,5.92,153667740
2012-08-09 00:00:00+05:30,6.0,6.1,5.9,5.98,44924920
2012-08-10 00:00:00+05:30,5.92,6.05,5.85,5.95,24167700
2012-08-13 00:00:00+05:30,6.0,6.1,5.88,6.05,27337900
2012-08-14 00:00:00+05:30,6.1,6.12,5.95,6.08,25467100
2012-08-16 00:00:00+05:30,6.1,6.3,6.08,6.25,66734420
2012-08-17 00:00:00+05:30,6.28,6.3,6.02,6.12,37897400
2012-08-21 00:00:00+05:30,6.1,6.32,6.1,6.28,42398500
2012-08-22 00:00:00+05:30,6.28,6.28,6.12,6.2,23668140
2012-08-23 00:00:00+05:30,6.2,6.35,6.2,6.28,42131480
2012-08-24 00:00:00+05:30,6.3,6.35,6.15,6.28,37224780
2012-08-27 00:00:00+05:30,6.25,6.42,6.22,6.3,36690300
2012-08-28 00:00:00+05:30,6.25,6.35,6.0,6.1,40316860
2012-08-29 00:00:00+05:30,6.1,6.18,5.92,6.1,44540900
2012-08-30 00:00:00+05:30,6.08,6.12,6.0,6.05,39342500
2012-08-31 00:00:00+05:30,6.0,6.28,6.0,6.25,37235440
2012-09-03 00:00:00+05:30,6.25,6.45,6.22,6.42,35625700
2012-09-04 00:00:00+05:30,6.4,6.42,6.28,6.35,18248840
2012-09-05 00:00:00+05:30,6.32,6.42,6.2,6.32,29666200
2012-09-06 00:00:00+05:30,6.3,6.38,6.08,6.15,38558080
2012-09-07 00:00:00+05:30,6.2,6.38,6.2,6.3,40650400
2012-09-10 00:00:00+05:30,6.5,6.5,6.2,6.22,53332880
2012-09-11 00:00:00+05:30,6.1,6.18,6.0,6.15,52686460
2012-09-12 00:00:00+05:30,6.15,6.25,6.15,6.2,22448200
2012-09-13 00:00:00+05:30,6.2,6.35,6.15,6.15,307615920
2012-09-14 00:00:00+05:30,6.28,6.42,6.22,6.32,79816400
2012-09-17 00:00:00+05:30,6.5,6.72,6.38,6.6,89889820
2012-09-18 00:00:00+05:30,6.65,7.25,6.62,7.1,196326780
2012-09-20 00:00:00+05:30,7.05,7.08,6.85,7.0,72930980
2012-09-21 00:00:00+05:30,7.02,7.72,7.02,7.55,122042600
2012-09-24 00:00:00+05:30,7.55,7.88,7.38,7.62,102060700
2012-09-25 00:00:00+05:30,7.65,7.75,7.38,7.6,54890900
2012-09-26 00:00:00+05:30,7.55,8.02,7.5,7.9,90587540
2012-09-27 00:00:00+05:30,7.9,7.98,7.6,7.65,65154040
2012-09-28 00:00:00+05:30,7.65,7.9,7.55,7.6,57385540
2012-10-01 00:00:00+05:30,7.58,7.75,7.52,7.72,33825740
2012-10-03 00:00:00+05:30,7.72,7.92,7.7,7.88,33365660
2012-10-04 00:00:00+05:30,7.95,8.08,7.8,7.88,47756480
2012-10-05 00:00:00+05:30,8.0,8.05,7.6,7.85,55167680
2012-10-08 00:00:00+05:30,7.88,7.95,7.6,7.65,23554340
2012-10-09 00:00:00+05:30,7.72,7.8,7.6,7.65,22588220
2012-10-10 00:00:00+05:30,7.65,7.65,7.4,7.45,23437240
2012-10-11 00:00:00+05:30,7.45,7.82,7.28,7.78,43630780
2012-10-12 00:00:00+05:30,7.12,7.92,7.12,7.7,25303280
2012-10-15 00:00:00+05:30,7.72,7.78,7.58,7.68,21088320
2012-10-16 00:00:00+05:30,7.7,7.78,7.35,7.42,23709320
2012-10-17 00:00:00+05:30,7.5,7.68,6.9,7.12,179305260
2012-10-18 00:00:00+05:30,7.15,7.5,7.15,7.45,65569160
2012-10-19 00:00:00+05:30,7.45,7.48,7.18,7.3,35915660
2012-10-22 00:00:00+05:30,7.25,7.32,7.12,7.28,27906580
2012-10-23 00:00:00+05:30,7.15,7.22,7.0,7.05,40533320
2012-10-25 00:00:00+05:30,6.9,6.9,5.72,5.95,484613500
2012-10-26 00:00:00+05:30,5.85,6.15,5.7,5.95,237458080
2012-10-29 00:00:00+05:30,6.0,6.08,5.68,5.75,113920620
2012-10-30 00:00:00+05:30,5.88,6.05,5.75,6.0,197239060
2012-10-31 00:00:00+05:30,5.98,6.15,5.85,6.1,96934160
2012-11-01 00:00:00+05:30,6.15,6.18,5.98,6.12,54183840
2012-11-02 00:00:00+05:30,6.1,6.25,5.9,6.0,121226120
2012-11-05 00:00:00+05:30,5.95,6.12,5.92,6.1,55802040
2012-11-06 00:00:00+05:30,6.1,6.18,6.08,6.12,25765640
2012-11-07 00:00:00+05:30,6.15,6.38,6.08,6.3,47532740
2012-11-08 00:00:00+05:30,6.18,6.32,6.15,6.28,30443640
2012-11-09 00:00:00+05:30,6.25,6.32,6.05,6.05,34850340
2012-11-12 00:00:00+05:30,6.12,6.3,6.1,6.25,40728940
2012-11-13 00:00:00+05:30,6.25,6.3,6.22,6.28,11427460
2012-11-15 00:00:00+05:30,6.2,6.5,6.08,6.4,61947760
2012-11-16 00:00:00+05:30,6.4,6.5,6.1,6.15,54003780
2012-11-19 00:00:00+05:30,6.22,6.28,6.0,6.05,51206720
2012-11-20 00:00:00+05:30,6.05,6.1,5.82,5.88,62023020
2012-11-21 00:00:00+05:30,5.85,6.08,5.85,6.0,52147760
2012-11-22 00:00:00+05:30,5.95,6.2,5.95,6.18,41480720
2012-11-23 00:00:00+05:30,6.2,6.2,6.05,6.12,20642140
2012-11-26 00:00:00+05:30,6.15,6.22,6.05,6.1,26076380
2012-11-27 00:00:00+05:30,6.12,6.4,6.1,6.32,56654080
2012-11-29 00:00:00+05:30,6.38,6.78,6.32,6.7,102169220
2012-11-30 00:00:00+05:30,6.75,6.92,6.6,6.78,85285640
2012-12-03 00:00:00+05:30,6.8,6.88,6.7,6.8,47558840
2012-12-04 00:00:00+05:30,6.8,6.92,6.75,6.8,34603160
2012-12-05 00:00:00+05:30,6.8,7.0,6.75,6.9,52147800
2012-12-06 00:00:00+05:30,6.92,7.08,6.82,7.02,71369000
2012-12-07 00:00:00+05:30,7.05,7.25,7.0,7.08,63389320
2012-12-10 00:00:00+05:30,7.1,7.35,7.1,7.2,67299300
2012-12-11 00:00:00+05:30,7.25,7.32,6.95,7.05,44315820
2012-12-12 00:00:00+05:30,7.1,7.18,6.98,7.02,40405360
2012-12-13 00:00:00+05:30,7.05,7.12,6.8,6.85,34422400
2012-12-14 00:00:00+05:30,6.95,7.05,6.9,6.98,34151000
2012-12-17 00:00:00+05:30,6.95,7.0,6.4,6.48,188694660
2012-12-18 00:00:00+05:30,6.45,6.58,6.35,6.45,135137820
2012-12-19 00:00:00+05:30,6.48,6.62,6.4,6.45,75272200
2012-12-20 00:00:00+05:30,6.48,6.52,6.28,6.3,69840940
2012-12-21 00:00:00+05:30,6.28,6.42,6.18,6.3,47993240
2012-12-24 00:00:00+05:30,6.45,6.45,6.22,6.3,28399960
2012-12-26 00:00:00+05:30,6.28,6.42,6.2,6.32,40767420
2012-12-27 00:00:00+05:30,6.35,6.42,6.25,6.28,66709080
2012-12-28 00:00:00+05:30,6.28,6.38,6.25,6.3,30038300
2012-12-31 00:00:00+05:30,6.32,6.45,6.3,6.38,31223060
2013-01-01 00:00:00+05:30,6.42,6.58,6.4,6.5,44461580
2013-01-02 00:00:00+05:30,6.58,6.65,6.55,6.62,54096120
2013-01-03 00:00:00+05:30,6.68,6.7,6.55,6.6,38625500
2013-01-04 00:00:00+05:30,6.65,6.68,6.52,6.62,33280080
2013-01-07 00:00:00+05:30,6.62,6.8,6.62,6.68,42931880
2013-01-08 00:00:00+05:30,6.68,6.85,6.62,6.78,74283720
2013-01-09 00:00:00+05:30,6.82,6.85,6.6,6.62,41377420
2013-01-10 00:00:00+05:30,6.65,6.7,6.45,6.55,37125120
2013-01-11 00:00:00+05:30,6.55,6.6,6.38,6.4,26499000
2013-01-14 00:00:00+05:30,6.42,6.6,6.32,6.58,26069500
2013-01-15 00:00:00+05:30,6.58,6.65,6.45,6.52,22357300
2013-01-16 00:00:00+05:30,6.55,6.58,6.35,6.38,21605020
2013-01-17 00:00:00+05:30,6.4,6.42,6.28,6.32,29983540
2013-01-18 00:00:00+05:30,6.35,6.48,6.32,6.42,38308400
2013-01-21 00:00:00+05:30,6.42,6.45,6.3,6.38,29716920
2013-01-22 00:00:00+05:30,6.4,6.68,6.35,6.42,66645280
2013-01-23 00:00:00+05:30,6.45,6.58,5.98,6.18,58323920
2013-01-24 00:00:00+05:30,6.18,6.18,5.58,5.7,98381900
2013-01-25 00:00:00+05:30,5.72,5.95,5.58,5.85,87462860
2013-01-28 00:00:00+05:30,5.9,6.02,5.88,5.95,36242200
2013-01-29 00:00:00+05:30,5.95,6.0,5.72,5.82,47845400
2013-01-30 00:00:00+05:30,6.0,6.1,5.82,6.0,53627800
2013-01-31 00:00:00+05:30,6.0,6.2,5.85,6.08,51790000
2013-02-01 00:00:00+05:30,6.1,6.22,5.82,5.85,65815780
2013-02-04 00:00:00+05:30,5.88,6.08,5.82,5.92,54110620
2013-02-05 00:00:00+05:30,5.85,6.0,5.85,5.9,35454360
2013-02-06 00:00:00+05:30,5.98,6.3,5.98,6.22,115404660
2013-02-07 00:00:00+05:30,6.25,6.35,6.05,6.1,57624680
2013-02-08 00:00:00+05:30,6.12,6.2,5.98,6.02,42447540
2013-02-11 00:00:00+05:30,5.95,6.0,5.8,5.85,31472220
2013-02-12 00:00:00+05:30,5.78,5.88,5.65,5.82,44168100
2013-02-13 00:00:00+05:30,6.0,6.12,5.68,5.8,37436400
2013-02-14 00:00:00+05:30,5.8,5.85,5.68,5.7,25027960
2013-02-15 00:00:00+05:30,5.7,5.75,5.2,5.55,94588160
2013-02-18 00:00:00+05:30,5.65,5.78,5.62,5.72,28371740
2013-02-19 00:00:00+05:30,5.8,5.92,5.75,5.9,32842500
2013-02-20 00:00:00+05:30,5.9,6.05,5.85,6.0,33189540
2013-02-21 00:00:00+05:30,5.92,6.02,5.78,5.95,53857780
2013-02-22 00:00:00+05:30,5.95,6.0,5.75,5.92,47833380
2013-02-25 00:00:00+05:30,5.92,6.05,5.72,5.92,60419920
2013-02-26 00:00:00+05:30,5.88,5.88,5.68,5.75,35378900
2013-02-27 00:00:00+05:30,5.75,5.95,5.58,5.88,38072320
2013-02-28 00:00:00+05:30,5.95,6.15,5.55,5.65,112458440
2013-03-01 00:00:00+05:30,5.7,5.82,5.58,5.78,38897700
2013-03-04 00:00:00+05:30,5.8,5.88,5.65,5.7,46116700
2013-03-05 00:00:00+05:30,5.75,5.85,5.72,5.78,30870200
2013-03-06 00:00:00+05:30,5.8,5.95,5.78,5.9,29174260
2013-03-07 00:00:00+05:30,5.9,6.0,5.85,5.95,32471140
2013-03-08 00:00:00+05:30,6.0,6.08,5.9,6.0,44269000
2013-03-11 00:00:00+05:30,5.95,6.15,5.95,6.08,31998400
2013-03-12 00:00:00+05:30,6.1,6.12,5.9,5.98,29693680
2013-03-13 00:00:00+05:30,5.98,6.28,5.95,6.12,65207280
2013-03-14 00:00:00+05:30,6.15,6.25,6.02,6.2,52792540
2013-03-15 00:00:00+05:30,6.2,6.28,6.0,6.08,29229200
2013-03-18 00:00:00+05:30,5.98,6.12,5.9,6.1,18883780
2013-03-19 00:00:00+05:30,6.12,6.12,5.78,5.82,37754820
2013-03-20 00:00:00+05:30,5.8,5.82,5.48,5.58,34567040
2013-03-21 00:00:00+05:30,5.6,5.75,5.52,5.58,36375420
2013-03-22 00:00:00+05:30,5.58,5.7,5.3,5.5,56575080
2013-03-25 00:00:00+05:30,5.6,5.78,5.55,5.58,32120360
2013-03-26 00:00:00+05:30,5.75,5.75,5.48,5.68,31784980
2013-03-28 00:00:00+05:30,5.65,5.95,5.48,5.68,82997500
2013-04-01 00:00:00+05:30,5.75,5.88,5.68,5.82,42668420
2013-04-02 00:00:00+05:30,5.88,6.02,5.8,5.98,20075280
2013-04-03 00:00:00+05:30,5.98,6.05,5.78,5.8,23945280
2013-04-04 00:00:00+05:30,5.75,5.82,5.65,5.7,23812300
2013-04-05 00:00:00+05:30,5.68,5.82,5.68,5.72,30009400
2013-04-08 00:00:00+05:30,5.8,5.88,5.7,5.8,12350500
2013-04-09 00:00:00+05:30,5.85,5.9,5.68,5.72,21705520
2013-04-10 00:00:00+05:30,5.75,5.8,5.62,5.75,52828040
2013-04-11 00:00:00+05:30,5.78,5.85,5.62,5.7,26205240
2013-04-12 00:00:00+05:30,5.7,5.82,5.62,5.72,19881700
2013-04-15 00:00:00+05:30,5.65,5.82,5.65,5.75,23143660
2013-04-16 00:00:00+05:30,5.7,6.02,5.7,5.98,35384220
2013-04-17 00:00:00+05:30,6.02,6.12,5.9,5.95,31817480
2013-04-18 00:00:00+05:30,5.9,6.05,5.85,5.98,26368000
2013-04-22 00:00:00+05:30,5.98,6.02,5.8,5.92,24197560
2013-04-23 00:00:00+05:30,5.9,6.05,5.75,5.9,43309740
2013-04-25 00:00:00+05:30,5.9,5.95,5.82,5.92,22475140
2013-04-26 00:00:00+05:30,5.9,5.95,5.75,5.8,14735420
2013-04-29 00:00:00+05:30,5.8,5.88,5.78,5.85,13017620
2013-04-30 00:00:00+05:30,5.88,5.9,5.7,5.8,15610960
2013-05-02 00:00:00+05:30,5.8,5.98,5.8,5.9,16985680
2013-05-03 00:00:00+05:30,5.92,5.95,5.78,5.82,22667800
2013-05-06 00:00:00+05:30,5.88,5.95,5.82,5.9,21579660
2013-05-07 00:00:00+05:30,5.9,6.1,5.9,6.02,29719560
2013-05-08 00:00:00+05:30,6.05,6.12,5.95,6.02,24803400
2013-05-09 00:00:00+05:30,6.05,6.1,5.95,6.0,16790700
2013-05-10 00:00:00+05:30,5.98,6.08,5.95,6.0,14935260
2013-05-13 00:00:00+05:30,5.98,6.02,5.82,5.85,20931740
2013-05-14 00:00:00+05:30,5.85,5.95,5.82,5.82,19932320
2013-05-15 00:00:00+05:30,5.88,6.32,5.88,6.2,77152760
2013-05-16 00:00:00+05:30,6.25,6.65,6.25,6.58,76477580
2013-05-17 00:00:00+05:30,6.6,6.62,6.42,6.55,47544820
2013-05-20 00:00:00+05:30,6.55,6.8,6.52,6.65,41123860
2013-05-21 00:00:00+05:30,6.68,6.68,6.42,6.45,29592900
2013-05-22 00:00:00+05:30,6.48,6.48,6.15,6.18,34818800
2013-05-23 00:00:00+05:30,6.08,6.22,5.92,6.08,37866840
2013-05-24 00:00:00+05:30,6.18,6.22,5.95,6.05,27516780
2013-05-27 00:00:00+05:30,6.0,6.28,6.0,6.22,16739600
2013-05-28 00:00:00+05:30,6.22,6.35,6.15,6.25,25791940
2013-05-29 00:00:00+05:30,6.25,6.32,6.02,6.15,36442140
2013-05-30 00:00:00+05:30,6.12,6.2,6.0,6.05,39647000
2013-05-31 00:00:00+05:30,6.02,6.12,5.92,5.98,34721840
2013-06-03 00:00:00+05:30,5.98,6.0,5.85,5.92,23870760
2013-06-04 00:00:00+05:30,5.95,6.05,5.78,5.8,30932300
2013-06-05 00:00:00+05:30,5.75,5.82,5.68,5.8,28935260
2013-06-06 00:00:00+05:30,5.8,5.88,5.72,5.82,18208760
2013-06-07 00:00:00+05:30,5.75,5.95,5.7,5.9,30476100
2013-06-10 00:00:00+05:30,5.95,5.95,5.75,5.82,20219660
2013-06-11 00:00:00+05:30,5.75,5.85,5.62,5.72,21024820
2013-06-12 00:00:00+05:30,5.7,5.82,5.65,5.75,14936820
2013-06-13 00:00:00+05:30,5.72,5.78,5.65,5.7,8880160
2013-06-14 00:00:00+05:30,5.75,5.9,5.75,5.82,19724140
2013-06-17 00:00:00+05:30,5.82,5.9,5.72,5.78,32921600
2013-06-18 00:00:00+05:30,5.75,5.82,5.72,5.78,24194740
2013-06-19 00:00:00+05:30,5.75,5.9,5.75,5.88,19022440
2013-06-20 00:00:00+05:30,5.78,5.8,5.5,5.52,27639140
2013-06-21 00:00:00+05:30,5.45,5.75,5.38,5.5,41774940
2013-06-24 00:00:00+05:30,5.58,5.58,5.15,5.25,33214640
2013-06-25 00:00:00+05:30,5.3,5.3,4.28,4.68,277158520
2013-06-26 00:00:00+05:30,4.75,4.98,4.68,4.88,96817320
2013-06-27 00:00:00+05:30,4.92,5.0,4.52,4.72,83924580
2013-06-28 00:00:00+05:30,4.78,4.9,4.62,4.8,77846040
2013-07-01 00:00:00+05:30,4.85,5.08,4.78,4.95,71542560
2013-07-02 00:00:00+05:30,5.02,5.12,4.88,4.9,64022520
2013-07-03 00:00:00+05:30,4.82,4.82,4.62,4.7,48308260
2013-07-04 00:00:00+05:30,4.7,4.88,4.58,4.75,49881080
2013-07-05 00:00:00+05:30,4.8,4.88,4.52,4.68,33682660
2013-07-08 00:00:00+05:30,4.58,4.7,4.52,4.6,24392020
2013-07-09 00:00:00+05:30,4.65,4.9,4.6,4.85,41716400
2013-07-10 00:00:00+05:30,4.95,4.95,4.75,4.78,25456380
2013-07-11 00:00:00+05:30,4.82,5.08,4.82,5.0,43160100
2013-07-12 00:00:00+05:30,5.08,5.1,4.92,5.02,24213780
2013-07-15 00:00:00+05:30,5.02,5.3,4.95,5.25,50919040
2013-07-16 00:00:00+05:30,5.12,5.15,4.45,4.75,88126720
2013-07-17 00:00:00+05:30,4.75,4.85,4.55,4.62,45813820
2013-07-18 00:00:00+05:30,4.62,4.88,4.62,4.82,33615220
2013-07-19 00:00:00+05:30,4.85,4.88,4.65,4.68,31118120
2013-07-22 00:00:00+05:30,4.65,4.78,4.6,4.7,35345600
2013-07-23 00:00:00+05:30,4.75,4.75,4.6,4.62,25334160
2013-07-24 00:00:00+05:30,4.65,4.65,4.45,4.52,27528540
2013-07-25 00:00:00+05:30,4.5,4.5,4.35,4.42,26240320
2013-07-26 00:00:00+05:30,4.5,4.55,4.2,4.28,37905120
2013-07-29 00:00:00+05:30,4.25,4.3,3.95,4.0,60811860
2013-07-30 00:00:00+05:30,4.02,4.12,3.65,3.72,48954720
2013-07-31 00:00:00+05:30,3.7,3.72,3.58,3.62,30098260
2013-08-01 00:00:00+05:30,3.6,3.65,2.62,2.72,200053500
2013-08-02 00:00:00+05:30,2.75,3.18,2.6,3.08,149452980
2013-08-05 00:00:00+05:30,3.1,3.48,3.05,3.32,105037680
2013-08-06 00:00:00+05:30,3.25,3.4,3.2,3.32,72287880
2013-08-07 00:00:00+05:30,3.35,3.62,3.3,3.48,57582920
2013-08-08 00:00:00+05:30,3.48,3.7,3.32,3.55,159659240
2013-08-12 00:00:00+05:30,3.52,3.68,3.28,3.58,82594380
2013-08-13 00:00:00+05:30,3.58,3.7,3.5,3.65,41117360
2013-08-14 00:00:00+05:30,3.65,3.75,3.58,3.68,24772540
2013-08-16 00:00:00+05:30,3.65,3.7,3.38,3.4,28968920
2013-08-19 00:00:00+05:30,3.35,3.52,3.12,3.42,29872700
2013-08-20 00:00:00+05:30,3.4,3.5,3.3,3.38,26065260
2013-08-21 00:00:00+05:30,3.42,3.5,3.32,3.35,38080560
2013-08-22 00:00:00+05:30,3.35,3.52,3.3,3.5,38620700
2013-08-23 00:00:00+05:30,3.52,3.68,3.5,3.58,29106740
2013-08-26 00:00:00+05:30,3.6,3.68,3.55,3.58,15049440
2013-08-27 00:00:00+05:30,3.52,3.52,3.25,3.28,44319060
2013-08-28 00:00:00+05:30,3.12,3.42,2.95,3.1,43074080
2013-08-29 00:00:00+05:30,3.15,3.2,2.95,3.12,69358260
2013-08-30 00:00:00+05:30,3.15,3.22,3.0,3.12,52391380
2013-09-02 00:00:00+05:30,3.15,3.32,3.0,3.22,64500320
2013-09-03 00:00:00+05:30,3.22,3.28,3.0,3.02,32395900
2013-09-04 00:00:00+05:30,3.02,3.1,3.0,3.02,28547220
2013-09-05 00:00:00+05:30,3.1,3.25,3.1,3.2,31727280
2013-09-06 00:00:00+05:30,3.25,3.3,3.15,3.28,20737960
2013-09-10 00:00:00+05:30,3.3,3.45,3.3,3.4,26068380
2013-09-11 00:00:00+05:30,3.38,3.92,3.35,3.88,94133340
2013-09-12 00:00:00+05:30,3.9,3.95,3.62,3.7,50782740
2013-09-13 00:00:00+05:30,3.65,3.9,3.62,3.85,38522340
2013-09-16 00:00:00+05:30,3.92,4.0,3.7,3.75,45461320
2013-09-17 00:00:00+05:30,3.75,3.82,3.7,3.78,16110540
2013-09-18 00:00:00+05:30,3.8,3.88,3.72,3.82,24823120
2013-09-19 00:00:00+05:30,3.95,4.1,3.9,4.0,44487960
2013-09-20 00:00:00+05:30,4.0,4.4,3.68,4.28,107066380
2013-09-23 00:00:00+05:30,4.22,4.22,4.0,4.05,37820620
2013-09-24 00:00:00+05:30,3.98,4.12,3.9,3.98,39835860
2013-09-25 00:00:00+05:30,3.95,4.08,3.9,4.02,25902820
2013-09-26 00:00:00+05:30,4.02,4.15,3.95,4.12,27514680
2013-09-27 00:00:00+05:30,4.1,4.12,3.9,3.95,33592800
2013-09-30 00:00:00+05:30,3.82,3.88,3.72,3.75,26654360
2013-10-01 00:00:00+05:30,3.78,3.88,3.7,3.85,22874940
2013-10-03 00:00:00+05:30,3.88,4.02,3.88,3.98,27138020
2013-10-04 00:00:00+05:30,4.0,4.08,3.85,3.95,61752120
2013-10-07 00:00:00+05:30,3.98,4.02,3.85,3.88,41952980
2013-10-08 00:00:00+05:30,3.9,4.02,3.82,3.88,47024200
2013-10-09 00:00:00+05:30,3.9,4.08,3.85,4.02,77013940
2013-10-10 00:00:00+05:30,4.05,4.1,3.92,3.98,30274120
2013-10-11 00:00:00+05:30,4.05,4.05,3.9,3.92,25892600
2013-10-14 00:00:00+05:30,3.9,3.95,3.82,3.85,22812160
2013-10-15 00:00:00+05:30,3.88,3.98,3.8,3.82,29486860
2013-10-17 00:00:00+05:30,3.85,3.9,3.8,3.82,17737000
2013-10-18 00:00:00+05:30,3.82,3.98,3.82,3.95,33737060
2013-10-21 00:00:00+05:30,3.95,4.1,3.95,4.05,39273620
2013-10-22 00:00:00+05:30,4.08,4.15,4.05,4.08,42728380
2013-10-23 00:00:00+05:30,4.1,4.12,3.9,3.95,33418480
2013-10-24 00:00:00+05:30,3.98,4.08,3.95,3.98,36449260
2013-10-25 00:00:00+05:30,3.98,3.98,3.82,3.82,35517360
2013-10-28 00:00:00+05:30,3.85,3.88,3.65,3.68,28227080
2013-10-29 00:00:00+05:30,3.7,3.88,3.6,3.85,46444500
2013-10-30 00:00:00+05:30,3.9,3.92,3.8,3.88,37861840
2013-10-31 00:00:00+05:30,3.85,4.08,3.85,4.0,152680140
2013-11-01 00:00:00+05:30,4.0,4.3,4.0,4.25,66161340
2013-11-05 00:00:00+05:30,4.32,5.0,4.3,4.85,207000240
2013-11-06 00:00:00+05:30,4.85,4.88,4.48,4.52,69178200
2013-11-07 00:00:00+05:30,4.5,4.7,4.3,4.32,76688000
2013-11-08 00:00:00+05:30,4.35,4.55,4.35,4.48,51654840
2013-11-11 00:00:00+05:30,4.48,4.52,4.05,4.32,37150920
2013-11-12 00:00:00+05:30,4.35,4.5,4.18,4.22,37156500
2013-11-13 00:00:00+05:30,4.2,4.3,4.08,4.15,32569260
2013-11-14 00:00:00+05:30,4.22,4.55,4.2,4.42,96098120
2013-11-18 00:00:00+05:30,4.45,4.55,4.35,4.5,56631080
2013-11-19 00:00:00+05:30,4.55,4.62,4.42,4.48,61845220
2013-11-20 00:00:00+05:30,4.5,4.68,4.45,4.5,110837120
2013-11-21 00:00:00+05:30,4.5,4.55,4.28,4.32,47838260
2013-11-22 00:00:00+05:30,4.38,4.45,4.3,4.38,39952560
2013-11-25 00:00:00+05:30,4.42,4.55,4.42,4.52,35192920
2013-11-26 00:00:00+05:30,4.5,4.55,4.48,4.5,27344300
2013-11-27 00:00:00+05:30,4.5,4.58,4.45,4.52,25477120
2013-11-28 00:00:00+05:30,4.58,4.85,4.58,4.7,101297400
2013-11-29 00:00:00+05:30,4.7,4.88,4.7,4.85,60935300
2013-12-02 00:00:00+05:30,4.88,5.0,4.8,4.85,49005560
2013-12-03 00:00:00+05:30,4.88,4.88,4.62,4.7,48403280
2013-12-04 00:00:00+05:30,4.72,4.8,4.6,4.62,45820280
2013-12-05 00:00:00+05:30,4.75,4.98,4.75,4.92,114595960
2013-12-06 00:00:00+05:30,4.95,5.1,4.85,4.95,110498700
2013-12-09 00:00:00+05:30,5.2,5.2,5.02,5.08,64062360
2013-12-10 00:00:00+05:30,5.1,5.1,4.8,4.9,39407420
2013-12-11 00:00:00+05:30,4.88,4.88,4.7,4.75,36311480
2013-12-12 00:00:00+05:30,4.75,4.88,4.7,4.78,49413260
2013-12-13 00:00:00+05:30,4.72,4.78,4.55,4.58,52636220
2013-12-16 00:00:00+05:30,4.55,4.58,4.4,4.42,51453120
2013-12-17 00:00:00+05:30,4.48,4.62,4.45,4.45,69800220
2013-12-18 00:00:00+05:30,4.45,4.65,4.45,4.6,70975960
2013-12-19 00:00:00+05:30,4.68,4.68,4.4,4.42,54613860
2013-12-20 00:00:00+05:30,4.42,4.6,4.42,4.6,49567720
2013-12-23 00:00:00+05:30,4.65,4.78,4.6,4.72,53355380
2013-12-24 00:00:00+05:30,4.75,4.78,4.6,4.65,56919880
2013-12-26 00:00:00+05:30,4.65,4.8,4.6,4.68,80382380
2013-12-27 00:00:00+05:30,4.68,4.75,4.6,4.65,48719040
2013-12-30 00:00:00+05:30,4.68,4.7,4.58,4.58,30069860
2013-12-31 00:00:00+05:30,4.62,4.68,4.55,4.62,36007800
2014-01-01 00:00:00+05:30,4.65,4.82,4.65,4.82,57232140
2014-01-02 00:00:00+05:30,4.85,4.98,4.65,4.72,145206920
2014-01-03 00:00:00+05:30,4.68,4.8,4.65,4.78,46256880
2014-01-06 00:00:00+05:30,4.75,4.78,4.62,4.65,55145240
2014-01-07 00:00:00+05:30,4.7,4.7,4.6,4.6,35822500
2014-01-08 00:00:00+05:30,4.65,4.78,4.62,4.72,55681200
2014-01-09 00:00:00+05:30,4.7,4.78,4.55,4.58,49325580
2014-01-10 00:00:00+05:30,4.6,4.7,4.48,4.5,46181980
2014-01-13 00:00:00+05:30,4.45,4.45,4.35,4.4,43398560
2014-01-14 00:00:00+05:30,4.35,4.48,4.32,4.38,48663200
2014-01-15 00:00:00+05:30,4.35,4.45,4.35,4.4,34426980
2014-01-16 00:00:00+05:30,4.38,4.42,4.25,4.28,45590860
2014-01-17 00:00:00+05:30,4.25,4.28,4.02,4.08,78527380
2014-01-20 00:00:00+05:30,4.05,4.22,4.02,4.2,57270360
2014-01-21 00:00:00+05:30,4.22,4.25,4.12,4.2,57129020
2014-01-22 00:00:00+05:30,4.15,4.2,4.15,4.18,26533400
2014-01-23 00:00:00+05:30,4.15,4.25,4.15,4.2,25819220
2014-01-24 00:00:00+05:30,4.2,4.2,4.1,4.12,42924080
2014-01-27 00:00:00+05:30,4.08,4.08,3.68,3.7,87664040
2014-01-28 00:00:00+05:30,3.68,3.8,3.48,3.5,93721320
2014-01-29 00:00:00+05:30,3.62,3.65,3.52,3.55,50567760
2014-01-30 00:00:00+05:30,3.5,3.72,3.35,3.68,91076620
2014-01-31 00:00:00+05:30,3.72,3.88,3.65,3.85,97392140
2014-02-03 00:00:00+05:30,3.8,3.92,3.7,3.72,46526980
2014-02-04 00:00:00+05:30,3.7,3.82,3.58,3.82,40429180
2014-02-05 00:00:00+05:30,3.78,3.78,3.6,3.7,75391000
2014-02-06 00:00:00+05:30,3.7,3.75,3.58,3.6,51983760
2014-02-07 00:00:00+05:30,3.62,3.72,3.62,3.65,48103580
2014-02-10 00:00:00+05:30,3.65,3.72,3.65,3.65,32179860
2014-02-11 00:00:00+05:30,3.65,3.7,3.65,3.68,27783240
2014-02-12 00:00:00+05:30,3.68,3.78,3.68,3.72,47122200
2014-02-13 00:00:00+05:30,3.72,3.72,3.6,3.62,38616540
2014-02-14 00:00:00+05:30,3.62,3.68,3.58,3.65,21972260
2014-02-17 00:00:00+05:30,3.65,3.75,3.65,3.72,35464460
2014-02-18 00:00:00+05:30,3.7,3.78,3.7,3.75,21114120
2014-02-19 00:00:00+05:30,3.72,3.9,3.72,3.85,34463480
2014-02-20 00:00:00+05:30,3.85,3.9,3.75,3.85,40486340
2014-02-21 00:00:00+05:30,3.88,3.92,3.82,3.88,33907320
2014-02-24 00:00:00+05:30,3.85,4.02,3.82,3.98,43679020
2014-02-25 00:00:00+05:30,4.0,4.0,3.82,3.85,51785960
2014-02-26 00:00:00+05:30,3.82,3.92,3.8,3.9,40072420
2014-02-28 00:00:00+05:30,3.9,3.98,3.85,3.95,31475200
2014-03-03 00:00:00+05:30,3.95,3.98,3.88,3.9,26452540
2014-03-04 00:00:00+05:30,3.88,4.1,3.88,4.08,43473600
2014-03-05 00:00:00+05:30,4.15,4.22,4.05,4.12,76112280
2014-03-06 00:00:00+05:30,4.15,4.38,4.15,4.32,86421880
2014-03-07 00:00:00+05:30,4.35,4.72,4.35,4.68,101518140
2014-03-10 00:00:00+05:30,4.68,4.85,4.6,4.8,75457780
2014-03-11 00:00:00+05:30,4.82,5.08,4.8,5.0,92673100
2014-03-12 00:00:00+05:30,5.02,5.12,4.88,5.02,97105220
2014-03-13 00:00:00+05:30,5.05,5.18,4.9,4.92,74976820
2014-03-14 00:00:00+05:30,4.85,5.0,4.75,4.92,82502740
2014-03-18 00:00:00+05:30,4.95,4.98,4.6,4.68,81398960
2014-03-19 00:00:00+05:30,4.7,4.88,4.62,4.75,72449920
2014-03-20 00:00:00+05:30,4.78,4.92,4.7,4.72,53895820
2014-03-21 00:00:00+05:30,4.75,4.82,4.7,4.78,33302780
2014-03-24 00:00:00+05:30,4.78,4.9,4.75,4.78,39607500
2014-03-25 00:00:00+05:30,4.8,4.85,4.78,4.82,32402700
2014-03-26 00:00:00+05:30,4.88,4.98,4.85,4.9,52231100
2014-03-27 00:00:00+05:30,4.88,4.9,4.8,4.82,46743280
2014-03-28 00:00:00+05:30,4.9,5.1,4.82,5.08,108907300
2014-03-31 00:00:00+05:30,5.15,5.2,5.0,5.18,61325540
2014-04-01 00:00:00+05:30,5.25,5.32,5.1,5.2,60429500
2014-04-02 00:00:00+05:30,5.22,5.38,5.15,5.28,56583160
2014-04-03 00:00:00+05:30,5.3,5.4,5.08,5.35,74773780
2014-04-04 00:00:00+05:30,5.38,5.7,5.32,5.62,106224240
2014-04-07 00:00:00+05:30,5.65,5.78,5.48,5.68,84692480
2014-04-09 00:00:00+05:30,5.72,5.88,5.7,5.82,76098320
2014-04-10 00:00:00+05:30,5.85,6.22,5.78,6.08,105340240
2014-04-11 00:00:00+05:30,6.0,6.12,5.9,5.98,44439180
2014-04-15 00:00:00+05:30,6.0,6.02,5.7,5.78,51027500
2014-04-16 00:00:00+05:30,5.78,5.88,5.4,5.52,45708440
2014-04-17 00:00:00+05:30,5.55,5.9,5.5,5.85,57110260
2014-04-21 00:00:00+05:30,5.88,5.98,5.88,5.92,27458180
2014-04-22 00:00:00+05:30,5.88,6.1,5.82,5.98,50276200
2014-04-23 00:00:00+05:30,5.95,6.18,5.75,5.8,90812300
2014-04-25 00:00:00+05:30,5.75,6.0,5.75,5.88,61777500
2014-04-28 00:00:00+05:30,5.85,5.92,5.72,5.85,27430880
2014-04-29 00:00:00+05:30,5.98,6.12,5.88,6.0,109758220
2014-04-30 00:00:00+05:30,6.08,6.12,5.6,5.72,99423100
2014-05-02 00:00:00+05:30,5.8,5.9,5.75,5.8,57510520
2014-05-05 00:00:00+05:30,5.8,5.82,5.65,5.7,55130120
2014-05-06 00:00:00+05:30,5.8,5.88,5.78,5.8,63766040
2014-05-07 00:00:00+05:30,5.82,6.25,5.8,6.2,170890420
2014-05-08 00:00:00+05:30,6.3,6.38,6.18,6.28,153275840
2014-05-09 00:00:00+05:30,6.3,6.62,6.22,6.58,141794820
2014-05-12 00:00:00+05:30,6.62,7.72,6.6,7.4,427378860
2014-05-13 00:00:00+05:30,7.55,8.22,7.55,7.72,370345040
2014-05-14 00:00:00+05:30,7.75,7.95,7.65,7.75,111748400
2014-05-15 00:00:00+05:30,7.8,7.92,7.42,7.58,119840240
2014-05-16 00:00:00+05:30,8.05,8.48,7.62,7.7,222895320
2014-05-19 00:00:00+05:30,7.88,8.85,7.82,8.68,214116860
2014-05-20 00:00:00+05:30,8.75,9.18,8.35,8.95,191106220
2014-05-21 00:00:00+05:30,9.0,9.35,8.88,9.18,145417480
2014-05-22 00:00:00+05:30,9.3,9.6,9.25,9.32,159100280
2014-05-23 00:00:00+05:30,9.45,9.65,9.3,9.5,100600600
2014-05-26 00:00:00+05:30,9.7,10.9,8.88,9.62,446007960
2014-05-27 00:00:00+05:30,9.72,10.18,9.38,9.82,274524200
2014-05-28 00:00:00+05:30,9.92,10.05,9.72,9.88,113793740
2014-05-29 00:00:00+05:30,9.9,9.95,9.52,9.72,106321800
2014-05-30 00:00:00+05:30,9.8,10.15,9.62,9.85,120209020
2014-06-02 00:00:00+05:30,9.92,10.15,9.85,10.1,80920100
2014-06-03 00:00:00+05:30,10.18,10.28,10.0,10.18,80117340
2014-06-04 00:00:00+05:30,10.15,10.45,10.15,10.4,79851220
2014-06-05 00:00:00+05:30,10.4,10.55,10.3,10.45,63282160
2014-06-06 00:00:00+05:30,10.52,10.75,10.48,10.7,91595520
2014-06-09 00:00:00+05:30,10.8,11.02,10.7,10.95,78253200
2014-06-10 00:00:00+05:30,11.0,11.0,10.38,10.58,100736040
2014-06-11 00:00:00+05:30,10.62,10.62,9.95,10.1,112317880
2014-06-12 00:00:00+05:30,10.0,10.05,9.72,9.92,66629980
2014-06-13 00:00:00+05:30,10.0,10.18,9.48,9.6,109141280
2014-06-16 00:00:00+05:30,9.5,9.78,9.05,9.7,89410900
2014-06-17 00:00:00+05:30,9.75,10.55,9.68,10.48,165945540
2014-06-18 00:00:00+05:30,10.55,10.58,10.0,10.2,90133340
2014-06-19 00:00:00+05:30,10.28,10.48,10.12,10.28,63792740
2014-06-20 00:00:00+05:30,10.35,10.4,10.15,10.22,61335260
2014-06-23 00:00:00+05:30,10.22,10.38,10.15,10.32,42961560
2014-06-24 00:00:00+05:30,10.4,10.92,10.4,10.82,134065640
2014-06-25 00:00:00+05:30,10.92,11.5,10.9,11.45,191934540
2014-06-26 00:00:00+05:30,11.55,11.75,11.28,11.32,160371380
2014-06-27 00:00:00+05:30,11.38,11.42,11.02,11.22,106368600
2014-06-30 00:00:00+05:30,11.28,11.52,11.28,11.48,54801220
2014-07-01 00:00:00+05:30,11.58,11.9,11.38,11.78,95268340
2014-07-02 00:00:00+05:30,11.98,12.45,11.92,12.38,153781560
2014-07-03 00:00:00+05:30,12.48,12.7,12.12,12.52,144498100
2014-07-04 00:00:00+05:30,12.6,13.0,12.48,12.85,91338140
2014-07-07 00:00:00+05:30,12.95,13.48,12.92,13.38,125599120
2014-07-08 00:00:00+05:30,13.45,13.78,11.75,12.25,246730780
2014-07-09 00:00:00+05:30,12.12,12.62,11.45,11.82,270525840
2014-07-10 00:00:00+05:30,11.98,13.22,11.32,12.3,367145000
2014-07-11 00:00:00+05:30,12.5,12.82,11.95,12.18,230163480
2014-07-14 00:00:00+05:30,12.25,12.3,11.6,11.85,177228060
2014-07-15 00:00:00+05:30,11.92,12.08,11.68,12.0,137910500
2014-07-16 00:00:00+05:30,12.18,12.8,12.05,12.68,179565780
2014-07-17 00:00:00+05:30,12.75,13.65,12.72,13.52,258748420
2014-07-18 00:00:00+05:30,13.32,13.52,13.05,13.32,171754780
2014-07-21 00:00:00+05:30,13.4,13.5,13.15,13.3,123874020
2014-07-22 00:00:00+05:30,13.38,13.48,12.58,12.88,127747800
2014-07-23 00:00:00+05:30,13.05,13.32,12.82,13.12,126769760
2014-07-24 00:00:00+05:30,13.18,13.28,13.0,13.12,88182840
2014-07-25 00:00:00+05:30,13.1,13.15,12.22,12.48,118251860
2014-07-28 00:00:00+05:30,12.5,12.55,11.58,11.78,130845380
2014-07-30 00:00:00+05:30,11.82,12.1,11.28,11.95,165191000
2014-07-31 00:00:00+05:30,12.38,13.0,12.25,12.88,277000720
2014-08-01 00:00:00+05:30,12.75,12.88,12.4,12.45,140017180
2014-08-04 00:00:00+05:30,12.6,12.8,12.32,12.72,114728140
2014-08-05 00:00:00+05:30,12.85,13.35,12.7,13.28,179845480
2014-08-06 00:00:00+05:30,13.3,13.32,12.82,12.9,112652180
2014-08-07 00:00:00+05:30,12.88,13.0,12.55,12.7,100620700
2014-08-08 00:00:00+05:30,12.4,12.48,12.15,12.25,95480000
2014-08-11 00:00:00+05:30,12.0,12.42,11.9,12.22,152056100
2014-08-12 00:00:00+05:30,12.68,12.78,12.45,12.55,131928220
2014-08-13 00:00:00+05:30,12.5,12.5,11.7,12.15,135344360
2014-08-14 00:00:00+05:30,12.05,12.4,11.85,12.35,100838160
2014-08-18 00:00:00+05:30,12.22,12.75,12.22,12.72,103796500
2014-08-19 00:00:00+05:30,12.82,13.02,12.75,12.95,94021360
2014-08-20 00:00:00+05:30,13.0,13.0,12.7,12.82,56565800
2014-08-21 00:00:00+05:30,12.75,13.2,12.72,13.0,93028700
2014-08-22 00:00:00+05:30,13.02,13.12,12.7,12.78,94686600
2014-08-25 00:00:00+05:30,12.68,12.82,12.38,12.48,54440700
2014-08-26 00:00:00+05:30,12.35,12.58,12.22,12.45,51287560
2014-08-27 00:00:00+05:30,12.6,12.8,12.45,12.75,55914960
2014-08-28 00:00:00+05:30,12.8,12.85,12.52,12.58,82128160
2014-09-01 00:00:00+05:30,12.5,12.52,12.18,12.4,67212900
2014-09-02 00:00:00+05:30,12.42,12.95,12.32,12.88,97623360
2014-09-03 00:00:00+05:30,12.95,13.2,12.82,13.08,111212220
2014-09-04 00:00:00+05:30,13.08,13.08,12.68,12.92,62115640
2014-09-05 00:00:00+05:30,12.9,13.38,12.85,13.3,126616420
2014-09-08 00:00:00+05:30,13.4,13.72,13.08,13.28,111811620
2014-09-09 00:00:00+05:30,13.15,13.52,13.02,13.38,73347060
2014-09-10 00:00:00+05:30,13.4,13.68,13.25,13.3,93767240
2014-09-11 00:00:00+05:30,13.35,13.45,13.15,13.22,47885620
2014-09-12 00:00:00+05:30,13.15,13.3,13.05,13.1,34760500
2014-09-15 00:00:00+05:30,13.08,13.08,12.85,12.95,44858720
2014-09-16 00:00:00+05:30,12.92,12.98,12.38,12.5,62314820
2014-09-17 00:00:00+05:30,12.62,12.68,11.7,12.08,151706920
2014-09-18 00:00:00+05:30,11.9,12.68,11.78,12.6,104445940
2014-09-19 00:00:00+05:30,12.55,12.8,12.1,12.15,111210340
2014-09-22 00:00:00+05:30,12.02,12.35,11.88,12.15,54772140
2014-09-23 00:00:00+05:30,12.05,12.32,11.9,11.98,44973420
2014-09-24 00:00:00+05:30,11.88,12.1,11.12,11.55,95849180
2014-09-25 00:00:00+05:30,11.6,11.8,11.38,11.58,65534520
2014-09-26 00:00:00+05:30,11.45,11.85,10.85,11.72,100540800
2014-09-29 00:00:00+05:30,11.6,11.98,11.6,11.75,56927840
2014-09-30 00:00:00+05:30,11.65,11.82,11.4,11.55,63475060
2014-10-01 00:00:00+05:30,11.55,11.62,11.3,11.38,38301120
2014-10-07 00:00:00+05:30,11.28,11.55,10.95,11.02,51251900
2014-10-08 00:00:00+05:30,10.92,11.12,10.72,11.02,71738980
2014-10-09 00:00:00+05:30,11.1,11.65,11.1,11.58,66419180
2014-10-10 00:00:00+05:30,11.4,11.72,11.25,11.42,77641840
2014-10-13 00:00:00+05:30,11.3,11.68,11.2,11.6,58591380
2014-10-14 00:00:00+05:30,11.62,11.82,11.5,11.65,51283440
2014-10-16 00:00:00+05:30,11.62,11.9,11.28,11.32,64756820
2014-10-17 00:00:00+05:30,11.45,11.6,11.22,11.5,49381600
2014-10-20 00:00:00+05:30,11.8,11.85,11.62,11.72,38935180
2014-10-21 00:00:00+05:30,11.75,12.22,11.7,12.12,88138120
2014-10-22 00:00:00+05:30,12.32,12.4,12.25,12.32,49246220
2014-10-23 00:00:00+05:30,12.38,12.42,12.28,12.32,7256420
2014-10-27 00:00:00+05:30,12.35,12.4,12.02,12.15,36140440
2014-10-28 00:00:00+05:30,12.2,12.65,12.15,12.6,62424000
2014-10-29 00:00:00+05:30,12.7,12.82,12.6,12.7,64630040
2014-10-30 00:00:00+05:30,12.72,12.8,12.48,12.72,61474740
2014-10-31 00:00:00+05:30,12.8,12.85,12.42,12.6,38376980
2014-11-03 00:00:00+05:30,12.62,13.08,12.6,12.95,56717080
2014-11-05 00:00:00+05:30,13.0,13.15,12.6,12.78,76112440
2014-11-07 00:00:00+05:30,12.6,13.22,12.6,13.08,62133020
2014-11-10 00:00:00+05:30,13.12,13.75,13.08,13.65,121212080
2014-11-11 00:00:00+05:30,13.78,13.95,13.55,13.7,96045320
2014-11-12 00:00:00+05:30,13.7,13.78,13.42,13.45,51391320
2014-11-13 00:00:00+05:30,13.5,13.72,13.08,13.25,58358600
2014-11-14 00:00:00+05:30,13.3,13.45,13.12,13.4,23862300
2014-11-17 00:00:00+05:30,13.32,13.95,13.12,13.75,41874240
2014-11-18 00:00:00+05:30,13.95,14.35,13.95,14.15,89694080
2014-11-19 00:00:00+05:30,14.2,14.48,13.7,13.92,79339740
2014-11-20 00:00:00+05:30,14.0,14.05,13.5,13.7,46232320
2014-11-21 00:00:00+05:30,13.7,13.95,13.3,13.42,43794040
2014-11-24 00:00:00+05:30,13.5,13.65,13.18,13.22,35257860
2014-11-25 00:00:00+05:30,13.28,13.3,12.68,13.1,50576720
2014-11-26 00:00:00+05:30,13.1,13.12,12.65,12.95,51555220
2014-11-27 00:00:00+05:30,12.95,13.5,12.8,13.38,67959040
2014-11-28 00:00:00+05:30,13.45,13.78,13.38,13.62,51480180
2014-12-01 00:00:00+05:30,13.48,13.72,13.3,13.5,32597020
2014-12-02 00:00:00+05:30,13.6,13.8,13.42,13.52,47211500
2014-12-03 00:00:00+05:30,13.4,13.62,13.25,13.45,40745500
2014-12-04 00:00:00+05:30,13.45,13.58,12.98,13.02,37245320
2014-12-05 00:00:00+05:30,13.05,13.22,12.82,12.9,30619020
2014-12-08 00:00:00+05:30,12.85,13.12,12.7,12.85,34325000
2014-12-09 00:00:00+05:30,12.78,13.02,12.42,12.6,25616160
2014-12-10 00:00:00+05:30,12.52,12.92,12.35,12.85,38503060
2014-12-11 00:00:00+05:30,12.72,12.95,12.5,12.72,21031140
2014-12-12 00:00:00+05:30,12.68,12.85,12.18,12.22,39979940
2014-12-15 00:00:00+05:30,12.1,12.4,11.85,12.32,28786880
2014-12-16 00:00:00+05:30,12.32,12.52,11.9,12.02,34111740
2014-12-17 00:00:00+05:30,11.9,12.32,11.45,12.1,36979800
2014-12-18 00:00:00+05:30,12.25,12.65,12.1,12.58,32090160
2014-12-19 00:00:00+05:30,12.7,12.78,12.4,12.5,25066480
2014-12-22 00:00:00+05:30,12.55,12.78,12.42,12.75,21195380
2014-12-23 00:00:00+05:30,12.65,12.75,12.38,12.55,20375400
2014-12-24 00:00:00+05:30,12.4,12.65,12.3,12.4,48338360
2014-12-26 00:00:00+05:30,12.38,12.55,12.25,12.4,12389640
2014-12-29 00:00:00+05:30,12.4,12.82,12.4,12.65,21001100
2014-12-30 00:00:00+05:30,12.78,13.15,12.75,12.98,39505300
2014-12-31 00:00:00+05:30,13.05,13.22,12.82,13.2,39624520
2015-01-01 00:00:00+05:30,13.2,13.28,13.02,13.2,17786780
2015-01-02 00:00:00+05:30,13.25,13.45,13.15,13.35,24901740
2015-01-05 00:00:00+05:30,13.25,13.4,11.92,12.22,120255500
2015-01-06 00:00:00+05:30,12.0,12.25,11.68,11.85,125083680
2015-01-07 00:00:00+05:30,11.95,12.1,10.98,11.38,120847260
2015-01-08 00:00:00+05:30,11.7,12.0,11.55,11.92,56245220
2015-01-09 00:00:00+05:30,12.05,12.08,11.7,11.9,45774940
2015-01-12 00:00:00+05:30,11.9,12.35,11.7,12.32,37307700
2015-01-13 00:00:00+05:30,12.32,12.35,11.6,11.78,52334500
2015-01-14 00:00:00+05:30,11.7,11.78,11.48,11.6,35136160
2015-01-15 00:00:00+05:30,12.0,12.25,11.72,11.98,46768560
2015-01-16 00:00:00+05:30,11.92,12.4,11.72,12.35,63402460
2015-01-19 00:00:00+05:30,12.4,12.68,12.2,12.5,43819300
2015-01-20 00:00:00+05:30,12.55,12.75,12.52,12.68,31614940
2015-01-21 00:00:00+05:30,12.72,12.95,12.52,12.72,40352500
2015-01-22 00:00:00+05:30,12.75,12.85,12.52,12.68,16305280
2015-01-23 00:00:00+05:30,12.78,12.8,12.25,12.35,31665540
2015-01-27 00:00:00+05:30,12.35,12.72,12.28,12.68,28814880
2015-01-28 00:00:00+05:30,12.5,13.48,12.5,13.35,91363100
2015-01-29 00:00:00+05:30,13.32,13.7,13.1,13.52,102762220
2015-01-30 00:00:00+05:30,13.52,13.78,13.25,13.48,75176440
2015-02-02 00:00:00+05:30,13.42,13.65,13.32,13.48,34520700
2015-02-03 00:00:00+05:30,13.48,13.8,13.3,13.48,43518100
2015-02-04 00:00:00+05:30,13.55,13.62,12.8,12.98,64941620
2015-02-05 00:00:00+05:30,13.02,13.52,12.4,12.72,74396520
2015-02-06 00:00:00+05:30,12.72,13.18,12.7,13.02,58257860
2015-02-09 00:00:00+05:30,12.8,13.42,12.62,12.85,53616860
2015-02-10 00:00:00+05:30,12.85,13.1,12.28,12.68,47434900
2015-02-11 00:00:00+05:30,12.82,13.22,12.68,13.15,31434300
2015-02-12 00:00:00+05:30,13.22,13.3,12.7,12.98,44167580
2015-02-13 00:00:00+05:30,13.05,13.22,12.8,12.88,36735420
2015-02-16 00:00:00+05:30,12.9,13.0,12.58,12.68,34932140
2015-02-18 00:00:00+05:30,12.15,12.7,11.8,12.22,107455080
2015-02-19 00:00:00+05:30,12.32,12.58,12.12,12.48,33153140
2015-02-20 00:00:00+05:30,12.52,12.65,12.18,12.32,27246920
2015-02-23 00:00:00+05:30,12.42,12.55,12.2,12.3,28432620
2015-02-24 00:00:00+05:30,12.3,12.45,11.85,12.38,66772500
2015-02-25 00:00:00+05:30,12.48,12.75,12.3,12.5,55054760
2015-02-26 00:00:00+05:30,12.55,12.62,12.32,12.48,33126540
2015-02-27 00:00:00+05:30,12.6,12.85,12.5,12.8,31608500
2015-03-02 00:00:00+05:30,13.0,13.3,12.58,12.85,106521820
2015-03-03 00:00:00+05:30,13.1,13.18,12.9,13.08,69875380
2015-03-04 00:00:00+05:30,13.2,13.32,12.58,12.7,62800000
2015-03-05 00:00:00+05:30,12.78,12.92,12.6,12.8,31775180
2015-03-09 00:00:00+05:30,12.7,12.7,12.05,12.12,35425720
2015-03-10 00:00:00+05:30,12.12,12.4,11.82,12.0,39311520
2015-03-11 00:00:00+05:30,12.05,12.22,11.88,11.98,29125080
2015-03-12 00:00:00+05:30,12.1,12.3,11.98,12.25,33860440
2015-03-13 00:00:00+05:30,12.35,12.38,11.7,11.78,43857220
2015-03-16 00:00:00+05:30,11.8,11.8,11.32,11.48,51978200
2015-03-17 00:00:00+05:30,11.6,11.75,11.28,11.52,45643100
2015-03-18 00:00:00+05:30,11.68,11.72,11.5,11.65,22519760
2015-03-19 00:00:00+05:30,11.75,11.98,11.62,11.72,73092060
2015-03-20 00:00:00+05:30,11.75,12.15,11.28,12.08,107652620
2015-03-23 00:00:00+05:30,12.05,12.28,11.95,12.15,40437960
2015-03-24 00:00:00+05:30,12.18,12.4,11.98,12.35,39643160
2015-03-25 00:00:00+05:30,12.38,12.58,12.05,12.52,49270220
2015-03-26 00:00:00+05:30,12.4,12.72,12.25,12.32,73726840
2015-03-27 00:00:00+05:30,12.45,12.52,11.88,12.2,29278400
2015-03-30 00:00:00+05:30,12.25,12.45,12.12,12.25,40042740
2015-03-31 00:00:00+05:30,12.32,12.52,12.12,12.2,36057200
2015-04-01 00:00:00+05:30,12.25,12.58,12.18,12.42,30441460
2015-04-06 00:00:00+05:30,12.5,12.8,12.22,12.7,30662820
2015-04-07 00:00:00+05:30,12.78,12.8,12.45,12.6,18738520
2015-04-08 00:00:00+05:30,12.68,13.45,12.62,13.15,66424240
2015-04-09 00:00:00+05:30,13.28,13.35,12.9,13.1,43832740
2015-04-10 00:00:00+05:30,13.12,13.3,12.68,13.0,43799040
2015-04-13 00:00:00+05:30,13.0,13.15,12.78,12.82,32702720
2015-04-15 00:00:00+05:30,12.9,13.05,12.72,12.82,20252140
2015-04-16 00:00:00+05:30,12.82,12.82,12.35,12.48,22354340
2015-04-17 00:00:00+05:30,12.5,12.68,12.25,12.45,17349700
2015-04-20 00:00:00+05:30,12.48,12.5,11.98,12.1,28621640
2015-04-21 00:00:00+05:30,12.1,12.18,11.85,11.92,36075660
2015-04-22 00:00:00+05:30,11.95,12.1,11.68,11.85,37769160
2015-04-23 00:00:00+05:30,11.95,12.15,11.88,12.0,26477920
2015-04-24 00:00:00+05:30,11.98,12.0,11.48,11.55,19315680
2015-04-27 00:00:00+05:30,11.62,11.62,11.0,11.1,28847240
2015-04-28 00:00:00+05:30,10.9,11.42,10.62,11.32,64632280
2015-04-29 00:00:00+05:30,11.3,11.55,11.15,11.45,21125660
2015-04-30 00:00:00+05:30,11.38,11.82,11.15,11.68,34887140
2015-05-04 00:00:00+05:30,11.7,12.08,11.65,12.0,19823440
2015-05-05 00:00:00+05:30,12.05,12.05,11.65,11.75,17512700
2015-05-06 00:00:00+05:30,11.65,11.7,10.88,10.9,45089820
2015-05-07 00:00:00+05:30,10.9,11.12,10.55,10.82,56396420
2015-05-08 00:00:00+05:30,11.1,11.5,10.98,11.42,38341420
2015-05-11 00:00:00+05:30,11.42,11.7,11.22,11.58,19759540
2015-05-12 00:00:00+05:30,11.58,11.58,11.1,11.2,14932160
2015-05-13 00:00:00+05:30,11.3,11.62,11.15,11.52,19257580
2015-05-14 00:00:00+05:30,11.48,11.82,11.35,11.8,27562580
2015-05-15 00:00:00+05:30,11.82,11.98,11.7,11.75,20537280
2015-05-18 00:00:00+05:30,11.8,11.85,11.62,11.75,13437340
2015-05-19 00:00:00+05:30,11.7,12.1,11.62,12.0,39310660
2015-05-20 00:00:00+05:30,12.0,12.35,11.85,12.12,17940240
2015-05-21 00:00:00+05:30,12.35,12.5,12.2,12.3,32726340
2015-05-22 00:00:00+05:30,12.35,12.4,12.1,12.18,15466720
2015-05-25 00:00:00+05:30,12.1,12.3,11.95,12.0,18294560
2015-05-26 00:00:00+05:30,12.0,12.25,11.95,12.1,22522080
2015-05-27 00:00:00+05:30,11.9,12.3,11.8,12.18,19097080
2015-05-28 00:00:00+05:30,12.15,12.4,12.05,12.32,27988300
2015-05-29 00:00:00+05:30,12.38,12.48,12.12,12.35,21839180
2015-06-01 00:00:00+05:30,12.5,12.82,12.5,12.68,34299500
2015-06-02 00:00:00+05:30,12.72,12.78,12.3,12.42,25103440
2015-06-03 00:00:00+05:30,12.3,12.3,11.42,12.1,35031960
2015-06-04 00:00:00+05:30,12.1,12.2,11.72,12.08,19298640
2015-06-05 00:00:00+05:30,12.0,12.08,11.65,11.7,31176980
2015-06-08 00:00:00+05:30,11.72,11.72,11.4,11.62,20449540
2015-06-09 00:00:00+05:30,11.5,11.92,11.45,11.7,21580140
2015-06-10 00:00:00+05:30,11.65,11.9,11.42,11.55,23355880
2015-06-11 00:00:00+05:30,11.75,11.75,10.9,11.0,31218860
2015-06-12 00:00:00+05:30,11.0,11.2,10.9,11.05,16241620
2015-06-15 00:00:00+05:30,11.08,11.38,10.98,11.25,13751000
2015-06-16 00:00:00+05:30,11.28,11.3,10.9,11.05,14130000
2015-06-17 00:00:00+05:30,11.1,11.32,11.05,11.22,16823780
2015-06-18 00:00:00+05:30,11.28,11.42,11.25,11.35,13411920
2015-06-19 00:00:00+05:30,11.4,11.48,11.18,11.38,11405200
2015-06-22 00:00:00+05:30,11.4,11.7,11.32,11.62,15956220
2015-06-23 00:00:00+05:30,11.65,11.85,11.52,11.8,16788400
2015-06-24 00:00:00+05:30,11.85,11.9,11.3,11.4,16833420
2015-06-25 00:00:00+05:30,11.35,11.6,11.32,11.52,26015080
2015-06-26 00:00:00+05:30,11.42,11.75,11.28,11.6,21683980
2015-06-29 00:00:00+05:30,11.2,11.6,11.15,11.52,18284020
2015-06-30 00:00:00+05:30,11.42,11.75,11.42,11.68,19477540
2015-07-01 00:00:00+05:30,11.65,11.9,11.65,11.82,14671100
2015-07-02 00:00:00+05:30,11.9,12.22,11.88,12.18,33818480
2015-07-03 00:00:00+05:30,12.22,12.22,11.75,11.8,26981440
2015-07-06 00:00:00+05:30,11.75,11.98,11.52,11.95,15032060
2015-07-07 00:00:00+05:30,12.38,12.4,11.85,11.9,36423160
2015-07-08 00:00:00+05:30,11.75,11.88,11.45,11.58,31312420
2015-07-09 00:00:00+05:30,11.65,11.65,11.35,11.38,19984860
2015-07-10 00:00:00+05:30,11.45,11.6,11.45,11.5,12568020
2015-07-13 00:00:00+05:30,11.52,11.8,11.42,11.75,15128080
2015-07-14 00:00:00+05:30,11.82,11.82,11.45,11.52,21686420
2015-07-15 00:00:00+05:30,11.58,11.98,11.52,11.9,33129320
2015-07-16 00:00:00+05:30,12.0,12.08,11.78,12.02,20513020
2015-07-17 00:00:00+05:30,11.98,12.1,11.88,11.92,15664360
2015-07-20 00:00:00+05:30,11.95,11.98,11.7,11.92,19050020
2015-07-21 00:00:00+05:30,11.85,12.32,11.75,11.82,30719960
2015-07-22 00:00:00+05:30,11.78,12.3,11.72,12.18,24129820
2015-07-23 00:00:00+05:30,11.98,12.8,11.98,12.45,56133860
2015-07-24 00:00:00+05:30,12.48,12.72,12.2,12.28,26452100
2015-07-27 00:00:00+05:30,12.2,12.25,11.8,11.82,25263120
2015-07-28 00:00:00+05:30,11.92,12.0,11.72,11.85,26242440
2015-07-29 00:00:00+05:30,11.9,12.25,11.75,12.2,33454300
2015-07-30 00:00:00+05:30,12.25,12.58,12.12,12.45,52699500
2015-07-31 00:00:00+05:30,12.58,12.6,12.25,12.28,24603420
2015-08-03 00:00:00+05:30,12.32,12.52,12.32,12.5,22636140
2015-08-04 00:00:00+05:30,12.6,12.6,12.12,12.4,19219660
2015-08-05 00:00:00+05:30,12.5,13.4,12.32,13.1,65147140
2015-08-06 00:00:00+05:30,13.2,13.32,12.98,13.08,43823340
2015-08-07 00:00:00+05:30,12.95,13.15,12.78,12.88,33496360
2015-08-10 00:00:00+05:30,12.9,13.15,12.52,12.72,28814180
2015-08-11 00:00:00+05:30,12.75,12.92,12.52,12.62,29800480
2015-08-12 00:00:00+05:30,12.5,12.65,11.88,11.95,25802420
2015-08-13 00:00:00+05:30,12.02,12.18,11.52,11.78,38335580
2015-08-14 00:00:00+05:30,11.92,12.6,11.85,12.45,74825760
2015-08-17 00:00:00+05:30,12.55,12.8,12.28,12.7,60095160
2015-08-18 00:00:00+05:30,12.7,12.8,12.35,12.5,27501680
2015-08-19 00:00:00+05:30,12.5,13.08,12.38,13.0,49790000
2015-08-20 00:00:00+05:30,13.0,13.1,12.32,12.4,54243320
2015-08-21 00:00:00+05:30,12.3,12.35,11.92,12.28,45192540
2015-08-24 00:00:00+05:30,11.7,11.78,10.52,10.72,36914840
2015-08-25 00:00:00+05:30,11.18,11.18,9.85,10.6,47947360
2015-08-26 00:00:00+05:30,10.65,11.2,10.38,10.98,36587140
2015-08-27 00:00:00+05:30,11.6,11.62,11.22,11.45,71804120
2015-08-28 00:00:00+05:30,11.48,12.12,11.48,11.92,66809300
2015-08-31 00:00:00+05:30,11.85,12.0,11.6,11.68,29104860
2015-09-01 00:00:00+05:30,11.5,11.9,10.95,11.15,31246000
2015-09-02 00:00:00+05:30,11.28,11.7,10.98,11.05,47334680
2015-09-03 00:00:00+05:30,11.2,11.35,11.1,11.2,25559260
2015-09-04 00:00:00+05:30,11.2,11.2,10.2,10.6,65379020
2015-09-07 00:00:00+05:30,10.8,10.92,10.35,10.62,35470960
2015-09-08 00:00:00+05:30,10.8,10.88,10.35,10.7,44649940
2015-09-09 00:00:00+05:30,11.0,11.18,10.75,11.12,34363040
2015-09-10 00:00:00+05:30,10.9,11.25,10.72,11.12,43107500
2015-09-11 00:00:00+05:30,11.25,11.28,10.92,11.02,35652880
2015-09-14 00:00:00+05:30,11.12,11.28,10.98,11.2,15913740
2015-09-15 00:00:00+05:30,11.2,11.32,10.85,10.9,22516720
2015-09-16 00:00:00+05:30,11.0,11.05,10.6,10.65,24533780
2015-09-18 00:00:00+05:30,10.78,11.58,10.78,11.32,81475700
2015-09-21 00:00:00+05:30,11.1,11.58,11.05,11.5,26426380
2015-09-22 00:00:00+05:30,11.6,11.82,10.85,11.2,47923100
2015-09-23 00:00:00+05:30,10.92,11.38,10.92,11.3,29364520
2015-09-24 00:00:00+05:30,11.25,11.38,11.02,11.1,24561240
2015-09-28 00:00:00+05:30,11.15,11.28,10.8,10.88,23882800
2015-09-29 00:00:00+05:30,10.7,11.35,10.68,11.28,50395700
2015-09-30 00:00:00+05:30,11.38,11.92,11.38,11.88,57636620
2015-10-01 00:00:00+05:30,11.98,11.98,11.7,11.82,33360540
2015-10-05 00:00:00+05:30,11.9,12.55,11.9,12.32,54847000
2015-10-06 00:00:00+05:30,12.38,12.95,12.3,12.65,64261040
2015-10-07 00:00:00+05:30,12.6,12.8,12.4,12.65,22068000
2015-10-08 00:00:00+05:30,12.65,12.75,12.2,12.6,29203840
2015-10-09 00:00:00+05:30,12.7,12.88,12.6,12.75,20724540
2015-10-12 00:00:00+05:30,12.72,12.78,12.35,12.45,10646460
2015-10-13 00:00:00+05:30,12.5,12.75,12.42,12.6,15411380
2015-10-14 00:00:00+05:30,12.52,12.85,12.52,12.7,25073540
2015-10-15 00:00:00+05:30,12.82,12.9,12.58,12.72,22532060
2015-10-16 00:00:00+05:30,12.85,12.85,12.48,12.7,11942600
2015-10-19 00:00:00+05:30,12.72,13.6,12.58,13.45,62875460
2015-10-20 00:00:00+05:30,13.55,13.6,13.12,13.25,30096160
2015-10-21 00:00:00+05:30,13.28,13.4,12.8,12.98,69297900
2015-10-23 00:00:00+05:30,13.25,13.25,12.3,12.42,65287260
2015-10-26 00:00:00+05:30,12.5,12.52,12.1,12.22,29246700
2015-10-27 00:00:00+05:30,12.15,12.72,12.1,12.7,38669960
2015-10-28 00:00:00+05:30,12.7,12.88,12.45,12.52,23861180
2015-10-29 00:00:00+05:30,12.55,12.6,12.38,12.42,24303700
2015-10-30 00:00:00+05:30,12.5,12.6,12.2,12.3,16553160
2015-11-02 00:00:00+05:30,12.3,12.65,12.2,12.35,21747900
2015-11-03 00:00:00+05:30,12.42,12.5,12.18,12.28,15245860
2015-11-04 00:00:00+05:30,12.4,12.52,12.05,12.12,22627980
2015-11-05 00:00:00+05:30,12.05,12.08,11.78,11.85,25688940
2015-11-06 00:00:00+05:30,11.85,12.1,11.75,11.92,17024140
2015-11-09 00:00:00+05:30,11.45,12.12,11.45,12.05,18492060
2015-11-10 00:00:00+05:30,12.0,12.1,11.85,11.9,14544200
2015-11-11 00:00:00+05:30,12.1,12.12,12.0,12.05,2172540
2015-11-13 00:00:00+05:30,12.0,12.25,11.88,12.05,16971020
2015-11-16 00:00:00+05:30,11.95,12.25,11.9,12.18,15515160
2015-11-17 00:00:00+05:30,12.3,12.55,12.05,12.38,16788380
2015-11-18 00:00:00+05:30,12.52,12.75,12.35,12.48,48432780
2015-11-19 00:00:00+05:30,12.65,12.75,12.52,12.65,20604040
2015-11-20 00:00:00+05:30,12.75,12.8,12.6,12.65,22025840
2015-11-23 00:00:00+05:30,12.58,12.68,12.42,12.48,10070980
2015-11-24 00:00:00+05:30,12.18,12.5,12.18,12.42,28818180
2015-11-26 00:00:00+05:30,12.38,12.82,12.38,12.65,29127500
2015-11-27 00:00:00+05:30,12.7,13.22,12.68,12.85,60639560
2015-11-30 00:00:00+05:30,12.75,12.95,12.68,12.72,17061180
2015-12-01 00:00:00+05:30,12.8,12.82,12.35,12.5,21720460
2015-12-02 00:00:00+05:30,12.72,12.72,12.4,12.5,24027220
2015-12-03 00:00:00+05:30,12.45,12.6,12.28,12.35,22707860
2015-12-04 00:00:00+05:30,12.38,12.38,11.98,12.1,23149040
2015-12-07 00:00:00+05:30,12.15,12.28,11.92,12.02,14240760
2015-12-08 00:00:00+05:30,12.15,12.28,12.05,12.12,30064420
2015-12-09 00:00:00+05:30,12.12,12.22,11.95,12.02,36277920
2015-12-10 00:00:00+05:30,12.1,12.15,11.65,11.8,39465940
2015-12-11 00:00:00+05:30,11.85,11.98,11.35,11.5,24180380
2015-12-14 00:00:00+05:30,11.45,11.78,11.38,11.72,21474740
2015-12-15 00:00:00+05:30,11.8,11.92,11.62,11.78,22305300
2015-12-16 00:00:00+05:30,11.95,12.75,11.82,12.1,31683100
2015-12-17 00:00:00+05:30,12.0,12.35,12.0,12.3,35312460
2015-12-18 00:00:00+05:30,12.2,12.3,12.1,12.18,16631140
2015-12-21 00:00:00+05:30,12.22,12.32,12.1,12.25,13512140
2015-12-22 00:00:00+05:30,12.25,12.55,12.25,12.38,19595080
2015-12-23 00:00:00+05:30,12.4,12.48,12.18,12.28,9497740
2015-12-24 00:00:00+05:30,12.38,12.4,12.18,12.32,10831740
2015-12-28 00:00:00+05:30,12.45,12.48,12.28,12.3,5804740
2015-12-29 00:00:00+05:30,12.4,12.42,12.08,12.1,16145000
2015-12-30 00:00:00+05:30,12.05,12.25,11.98,12.1,16407260
2015-12-31 00:00:00+05:30,12.15,12.22,12.02,12.18,14519860
2016-01-01 00:00:00+05:30,12.18,12.38,12.12,12.25,12382620
2016-01-04 00:00:00+05:30,13.48,13.6,12.62,12.9,157996520
2016-01-05 00:00:00+05:30,13.15,13.15,12.6,12.65,56078120
2016-01-06 00:00:00+05:30,12.65,12.92,12.48,12.6,36000760
2016-01-07 00:00:00+05:30,12.3,12.7,11.8,11.92,43344540
2016-01-08 00:00:00+05:30,12.1,12.4,12.05,12.25,31944700
2016-01-11 00:00:00+05:30,12.05,12.18,11.88,11.95,36337500
2016-01-12 00:00:00+05:30,11.75,11.88,11.45,11.55,33732900
2016-01-13 00:00:00+05:30,11.75,11.75,10.98,11.32,39115140
2016-01-14 00:00:00+05:30,11.05,11.55,10.9,11.32,31442680
2016-01-15 00:00:00+05:30,11.42,11.48,10.72,10.82,21301640
2016-01-18 00:00:00+05:30,10.78,11.0,10.6,10.65,32737720
2016-01-19 00:00:00+05:30,10.78,11.25,10.62,11.15,37603840
2016-01-20 00:00:00+05:30,10.95,11.25,10.85,11.2,55682140
2016-01-21 00:00:00+05:30,11.4,11.7,11.3,11.55,58168020
2016-01-22 00:00:00+05:30,11.7,11.88,11.55,11.8,35058200
2016-01-25 00:00:00+05:30,11.9,11.92,11.65,11.75,17179900
2016-01-27 00:00:00+05:30,11.78,11.95,11.62,11.82,19667340
2016-01-28 00:00:00+05:30,11.82,11.9,11.7,11.75,27774080
2016-01-29 00:00:00+05:30,11.72,12.42,11.65,12.15,93949500
2016-02-01 00:00:00+05:30,12.22,12.28,12.05,12.18,23234700
2016-02-02 00:00:00+05:30,12.2,12.32,11.82,11.92,18146680
2016-02-03 00:00:00+05:30,11.7,11.78,11.45,11.65,26651900
2016-02-04 00:00:00+05:30,11.9,11.9,11.38,11.55,20547440
2016-02-05 00:00:00+05:30,11.58,11.82,11.52,11.72,16790960
2016-02-08 00:00:00+05:30,11.82,12.1,11.58,11.65,29282020
2016-02-09 00:00:00+05:30,11.58,11.65,11.2,11.32,22056020
2016-02-10 00:00:00+05:30,11.25,11.35,11.0,11.18,19819800
2016-02-11 00:00:00+05:30,11.22,11.32,10.35,10.5,25778120
2016-02-12 00:00:00+05:30,10.55,10.65,9.85,10.2,44561720
2016-02-15 00:00:00+05:30,10.4,10.98,10.4,10.82,24400760
2016-02-16 00:00:00+05:30,10.92,11.05,10.52,10.6,25147360
2016-02-17 00:00:00+05:30,10.65,10.85,10.25,10.72,39681060
2016-02-18 00:00:00+05:30,10.85,11.15,10.72,10.92,29780740
2016-02-19 00:00:00+05:30,10.92,11.08,10.78,10.82,27096280
2016-02-22 00:00:00+05:30,10.95,11.08,10.9,11.0,21507620
2016-02-23 00:00:00+05:30,11.02,11.02,10.68,10.8,16394420
2016-02-24 00:00:00+05:30,10.7,10.92,10.58,10.62,25444400
2016-02-25 00:00:00+05:30,10.68,10.72,10.42,10.48,31116020
2016-02-26 00:00:00+05:30,10.65,10.75,10.38,10.65,28410580
2016-02-29 00:00:00+05:30,10.72,11.05,10.58,10.8,63546440
2016-03-01 00:00:00+05:30,10.95,11.25,10.9,11.2,32415160
2016-03-02 00:00:00+05:30,10.85,11.4,10.7,11.28,99940440
2016-03-03 00:00:00+05:30,11.35,11.38,11.12,11.28,25958840
2016-03-04 00:00:00+05:30,11.32,11.62,11.15,11.48,29569360
2016-03-08 00:00:00+05:30,11.55,11.62,11.3,11.4,19834980
2016-03-09 00:00:00+05:30,11.35,11.75,11.3,11.68,21493420
2016-03-10 00:00:00+05:30,11.78,11.82,11.48,11.52,19752400
2016-03-11 00:00:00+05:30,11.6,11.7,11.4,11.6,12771020
2016-03-14 00:00:00+05:30,11.75,11.75,11.5,11.62,14730300
2016-03-15 00:00:00+05:30,11.65,11.75,11.58,11.68,14435760
2016-03-16 00:00:00+05:30,11.6,11.65,11.3,11.52,21596400
2016-03-17 00:00:00+05:30,11.7,11.82,11.5,11.58,21213040
2016-03-18 00:00:00+05:30,11.7,11.7,11.38,11.55,23344600
2016-03-21 00:00:00+05:30,11.58,11.72,11.55,11.58,16926000
2016-03-22 00:00:00+05:30,11.7,11.72,11.55,11.62,14219400
2016-03-23 00:00:00+05:30,11.7,11.8,11.6,11.72,17016060
2016-03-28 00:00:00+05:30,11.68,11.7,11.25,11.35,16260800
2016-03-29 00:00:00+05:30,11.28,11.52,11.12,11.4,23625260
2016-03-30 00:00:00+05:30,11.45,11.58,11.4,11.48,11977400
2016-03-31 00:00:00+05:30,11.45,11.72,11.4,11.62,18112020
2016-04-01 00:00:00+05:30,11.68,11.98,11.58,11.85,22051420
2016-04-04 00:00:00+05:30,11.95,11.98,11.65,11.68,17152100
2016-04-05 00:00:00+05:30,11.75,11.78,11.15,11.2,24282260
2016-04-06 00:00:00+05:30,11.28,11.3,11.08,11.25,21198360
2016-04-07 00:00:00+05:30,11.1,11.32,11.08,11.12,16673760
2016-04-08 00:00:00+05:30,11.18,11.18,10.82,10.9,24966820
2016-04-11 00:00:00+05:30,10.88,11.15,10.8,11.1,24968580
2016-04-12 00:00:00+05:30,11.12,11.2,11.0,11.08,19424920
2016-04-13 00:00:00+05:30,10.98,11.3,10.95,11.18,27694360
2016-04-18 00:00:00+05:30,11.08,11.15,11.0,11.05,15415160
2016-04-20 00:00:00+05:30,11.05,11.18,10.9,11.02,34374020
2016-04-21 00:00:00+05:30,11.1,11.25,11.0,11.05,32825160
2016-04-22 00:00:00+05:30,10.95,11.12,10.95,11.0,19463240
2016-04-25 00:00:00+05:30,10.98,11.02,10.55,10.6,37502480
2016-04-26 00:00:00+05:30,10.52,10.8,10.48,10.72,38249400
2016-04-27 00:00:00+05:30,10.7,10.9,10.7,10.78,16776920
2016-04-28 00:00:00+05:30,10.85,10.88,10.58,10.62,23992000
2016-04-29 00:00:00+05:30,10.55,10.78,10.55,10.68,23557920
2016-05-02 00:00:00+05:30,10.55,10.82,10.55,10.7,19962260
2016-05-03 00:00:00+05:30,10.78,10.95,10.7,10.75,32951480
2016-05-04 00:00:00+05:30,10.7,10.78,10.52,10.55,22109880
2016-05-05 00:00:00+05:30,10.55,10.7,10.48,10.55,16891280
2016-05-06 00:00:00+05:30,10.55,10.58,10.4,10.45,14485160
2016-05-09 00:00:00+05:30,10.52,11.0,10.5,10.95,28964120
2016-05-10 00:00:00+05:30,10.98,11.08,10.9,10.92,22327420
2016-05-11 00:00:00+05:30,10.85,10.98,10.75,10.8,13282340
2016-05-12 00:00:00+05:30,10.82,11.1,10.82,10.98,28848840
2016-05-13 00:00:00+05:30,10.95,11.0,10.7,10.75,11359640
2016-05-16 00:00:00+05:30,10.82,10.95,10.72,10.92,11901380
2016-05-17 00:00:00+05:30,10.98,11.08,10.75,10.82,13417920
2016-05-18 00:00:00+05:30,10.78,11.15,10.75,11.1,16315600
2016-05-19 00:00:00+05:30,11.1,11.38,10.8,10.95,50775300
2016-05-20 00:00:00+05:30,11.0,11.2,10.75,10.8,27142700
2016-05-23 00:00:00+05:30,10.85,10.92,10.58,10.62,17252560
2016-05-24 00:00:00+05:30,10.62,10.68,10.45,10.5,15298400
2016-05-25 00:00:00+05:30,10.55,10.72,10.5,10.6,13919100
2016-05-26 00:00:00+05:30,10.6,10.85,10.5,10.7,43487840
2016-05-27 00:00:00+05:30,10.75,11.02,10.68,10.95,34131560
2016-05-30 00:00:00+05:30,11.0,11.08,10.82,10.95,16556500
2016-05-31 00:00:00+05:30,10.95,11.1,10.8,11.02,22131860
2016-06-01 00:00:00+05:30,11.05,11.08,10.7,10.75,16094500
2016-06-02 00:00:00+05:30,10.75,10.92,10.68,10.9,16207300
2016-06-03 00:00:00+05:30,10.95,10.95,10.65,10.7,14734440
2016-06-06 00:00:00+05:30,10.7,10.8,10.6,10.65,8044340
2016-06-07 00:00:00+05:30,10.58,10.9,10.58,10.88,24873280
2016-06-08 00:00:00+05:30,10.9,10.95,10.7,10.75,20526800
2016-06-09 00:00:00+05:30,10.8,10.95,10.65,10.85,23721440
2016-06-10 00:00:00+05:30,10.88,10.92,10.68,10.7,10347460
2016-06-13 00:00:00+05:30,10.65,10.68,10.52,10.6,10048220
2016-06-14 00:00:00+05:30,10.6,10.78,10.52,10.6,19229540
2016-06-15 00:00:00+05:30,10.65,10.7,10.6,10.65,11102260
2016-06-16 00:00:00+05:30,10.65,10.78,10.52,10.55,20457140
2016-06-17 00:00:00+05:30,10.65,10.7,10.55,10.6,9983800
2016-06-20 00:00:00+05:30,10.52,10.7,10.52,10.6,12291040
2016-06-21 00:00:00+05:30,10.65,10.7,10.55,10.58,8951380
2016-06-22 00:00:00+05:30,10.58,10.65,10.45,10.52,16539020
2016-06-23 00:00:00+05:30,10.55,10.58,10.45,10.55,9369560
2016-06-24 00:00:00+05:30,10.35,10.4,9.78,10.25,23176280
2016-06-27 00:00:00+05:30,10.25,10.38,10.22,10.22,12418900
2016-06-28 00:00:00+05:30,10.25,10.38,10.25,10.28,19121300
2016-06-29 00:00:00+05:30,10.32,10.55,10.32,10.45,20931220
2016-06-30 00:00:00+05:30,10.55,10.72,10.52,10.68,34416600
2016-07-01 00:00:00+05:30,10.75,10.82,10.62,10.72,16016500
2016-07-04 00:00:00+05:30,10.78,10.95,10.75,10.85,22840840
2016-07-05 00:00:00+05:30,10.85,11.02,10.8,10.9,15554380
2016-07-07 00:00:00+05:30,11.0,11.15,10.9,10.95,23495960
2016-07-08 00:00:00+05:30,10.92,10.95,10.65,10.68,19455820
2016-07-11 00:00:00+05:30,10.75,10.9,10.75,10.8,13365280
2016-07-12 00:00:00+05:30,10.98,11.12,10.92,11.05,33041000
2016-07-13 00:00:00+05:30,11.1,11.1,10.78,10.85,17639800
2016-07-14 00:00:00+05:30,10.82,11.02,10.82,10.95,11114200
2016-07-15 00:00:00+05:30,11.0,11.05,10.82,10.85,16733220
2016-07-18 00:00:00+05:30,10.85,10.98,10.7,10.72,10555840
2016-07-19 00:00:00+05:30,10.7,10.9,10.68,10.7,18249920
2016-07-20 00:00:00+05:30,10.75,10.9,10.75,10.88,11508080
2016-07-21 00:00:00+05:30,10.85,11.05,10.72,10.78,21973020
2016-07-22 00:00:00+05:30,10.8,10.85,10.65,10.82,14421860
2016-07-25 00:00:00+05:30,10.82,10.95,10.8,10.85,10373560
2016-07-26 00:00:00+05:30,10.85,10.92,10.7,10.7,11946400
2016-07-27 00:00:00+05:30,10.72,10.82,10.55,10.7,17128800
2016-07-28 00:00:00+05:30,10.72,10.82,10.7,10.8,30332940
2016-07-29 00:00:00+05:30,10.8,10.88,10.75,10.82,22870960
2016-08-01 00:00:00+05:30,11.1,11.18,10.7,10.75,71022460
2016-08-02 00:00:00+05:30,10.75,10.8,10.52,10.6,39910380
2016-08-03 00:00:00+05:30,10.6,10.65,10.3,10.32,20411040
2016-08-04 00:00:00+05:30,10.4,10.52,10.28,10.5,20542560
2016-08-05 00:00:00+05:30,10.58,10.62,10.55,10.55,19754640
2016-08-08 00:00:00+05:30,10.65,10.72,10.5,10.68,15796200
2016-08-09 00:00:00+05:30,10.68,10.72,10.5,10.52,15194380
2016-08-10 00:00:00+05:30,10.55,10.6,10.28,10.3,12847360
2016-08-11 00:00:00+05:30,10.3,10.6,10.12,10.52,70150360
2016-08-12 00:00:00+05:30,10.55,10.78,10.22,10.3,73525860
2016-08-16 00:00:00+05:30,10.4,10.45,10.22,10.42,25905020
2016-08-17 00:00:00+05:30,10.45,10.58,10.4,10.55,39584000
2016-08-18 00:00:00+05:30,10.58,11.08,10.55,11.02,49447520
2016-08-19 00:00:00+05:30,11.1,11.6,11.02,11.52,102734900
2016-08-22 00:00:00+05:30,11.52,11.88,11.3,11.78,49122600
2016-08-23 00:00:00+05:30,11.78,11.92,11.6,11.72,35036500
2016-08-24 00:00:00+05:30,11.65,11.92,11.6,11.8,25198680
2016-08-25 00:00:00+05:30,11.82,11.92,11.58,11.6,20465280
2016-08-26 00:00:00+05:30,11.72,11.92,11.6,11.65,29071340
2016-08-29 00:00:00+05:30,11.58,11.75,11.48,11.68,16425160
2016-08-30 00:00:00+05:30,11.78,11.78,11.6,11.62,13999740
2016-08-31 00:00:00+05:30,11.7,11.78,11.25,11.32,59021600
2016-09-01 00:00:00+05:30,11.4,11.62,11.25,11.35,24485720
2016-09-02 00:00:00+05:30,11.48,11.6,11.38,11.55,16950700
2016-09-06 00:00:00+05:30,11.62,11.7,11.45,11.52,24834760
2016-09-07 00:00:00+05:30,11.55,11.68,11.45,11.52,23997180
2016-09-08 00:00:00+05:30,11.55,12.68,11.52,12.6,163948920
2016-09-09 00:00:00+05:30,12.7,12.72,12.2,12.3,59225360
2016-09-12 00:00:00+05:30,12.15,12.3,11.7,12.08,85113040
2016-09-14 00:00:00+05:30,12.05,12.42,12.05,12.32,93616260
2016-09-15 00:00:00+05:30,12.38,12.52,12.1,12.2,30333220
2016-09-16 00:00:00+05:30,12.35,12.65,12.2,12.38,61674620
2016-09-19 00:00:00+05:30,12.4,12.45,12.1,12.22,35977020
2016-09-20 00:00:00+05:30,12.28,12.6,12.1,12.4,58478540
2016-09-21 00:00:00+05:30,12.72,12.78,12.4,12.45,106473600
2016-09-22 00:00:00+05:30,12.58,12.65,12.35,12.5,48045040
2016-09-23 00:00:00+05:30,12.5,13.32,12.45,13.05,167649240
2016-09-26 00:00:00+05:30,13.02,13.22,12.78,12.85,90123480
2016-09-27 00:00:00+05:30,13.15,13.32,12.72,12.9,144320400
2016-09-28 00:00:00+05:30,12.92,13.1,12.85,13.0,37160180
2016-09-29 00:00:00+05:30,13.05,13.18,11.75,12.25,101751180
2016-09-30 00:00:00+05:30,12.15,12.45,12.05,12.25,35820400
2016-10-03 00:00:00+05:30,12.4,13.08,12.32,12.82,92234380
2016-10-04 00:00:00+05:30,12.92,12.92,12.45,12.65,55755560
2016-10-05 00:00:00+05:30,12.75,12.82,12.45,12.55,47503700
2016-10-06 00:00:00+05:30,12.58,12.68,12.2,12.35,32260420
2016-10-07 00:00:00+05:30,12.35,12.55,12.22,12.45,26245460
2016-10-10 00:00:00+05:30,12.38,12.42,12.08,12.12,37184000
2016-10-13 00:00:00+05:30,12.05,12.05,11.42,11.6,40235300
2016-10-14 00:00:00+05:30,11.58,12.1,11.58,12.05,37642140
2016-10-17 00:00:00+05:30,12.05,12.18,11.7,11.82,25950460
2016-10-18 00:00:00+05:30,11.95,12.1,11.8,12.02,25511200
2016-10-19 00:00:00+05:30,12.05,12.2,11.95,12.05,18701060
2016-10-20 00:00:00+05:30,12.1,12.28,12.05,12.1,24391040
2016-10-21 00:00:00+05:30,12.2,12.55,12.1,12.45,40099460
2016-10-24 00:00:00+05:30,12.5,12.68,12.42,12.55,29351500
2016-10-25 00:00:00+05:30,12.55,12.6,12.28,12.32,10887120
2016-10-26 00:00:00+05:30,12.25,12.52,12.08,12.12,18681860
2016-10-27 00:00:00+05:30,12.12,12.12,11.68,11.72,45258520
2016-10-28 00:00:00+05:30,11.7,11.9,11.62,11.72,19482220
2016-11-01 00:00:00+05:30,11.75,11.78,11.58,11.65,15846480
2016-11-02 00:00:00+05:30,11.5,11.5,11.25,11.3,14490440
2016-11-03 00:00:00+05:30,11.25,11.45,11.15,11.18,11373860
2016-11-04 00:00:00+05:30,11.18,11.2,10.82,10.92,12822640
2016-11-07 00:00:00+05:30,11.05,11.35,10.95,11.18,30712500
2016-11-08 00:00:00+05:30,11.3,11.32,11.15,11.28,23523120
2016-11-09 00:00:00+05:30,10.25,10.72,9.7,10.62,54447720
2016-11-10 00:00:00+05:30,10.8,11.15,10.8,10.9,20322140
2016-11-11 00:00:00+05:30,10.75,10.75,10.2,10.25,25009180
2016-11-15 00:00:00+05:30,10.25,10.3,8.9,9.22,61240040
2016-11-16 00:00:00+05:30,9.35,9.55,9.22,9.35,42405000
2016-11-17 00:00:00+05:30,9.35,9.6,9.3,9.42,25720400
2016-11-18 00:00:00+05:30,9.48,9.88,9.32,9.58,49449700
2016-11-21 00:00:00+05:30,9.62,9.7,9.25,9.48,45861400
2016-11-22 00:00:00+05:30,9.55,9.72,8.9,9.1,89702940
2016-11-23 00:00:00+05:30,9.2,9.3,8.88,9.18,83159920
2016-11-24 00:00:00+05:30,9.2,9.6,9.05,9.3,56151340
2016-11-25 00:00:00+05:30,9.35,9.38,9.15,9.32,41082100
2016-11-28 00:00:00+05:30,9.38,9.6,9.28,9.4,30317040
2016-11-29 00:00:00+05:30,9.42,9.55,9.32,9.35,31722940
2016-11-30 00:00:00+05:30,9.4,9.42,9.25,9.32,35894540
2016-12-01 00:00:00+05:30,9.5,9.78,9.2,9.5,167108780
2016-12-02 00:00:00+05:30,9.38,9.58,9.32,9.45,26801760
2016-12-05 00:00:00+05:30,9.5,9.58,9.22,9.38,22666280
2016-12-06 00:00:00+05:30,9.42,9.5,9.3,9.35,19349820
2016-12-07 00:00:00+05:30,9.32,9.45,9.25,9.28,22817760
2016-12-08 00:00:00+05:30,9.35,9.68,9.32,9.58,59601240
2016-12-09 00:00:00+05:30,9.6,9.7,9.52,9.58,20809380
2016-12-12 00:00:00+05:30,9.7,9.82,9.58,9.68,36086340
2016-12-13 00:00:00+05:30,9.85,9.85,9.55,9.72,30637660
2016-12-14 00:00:00+05:30,9.78,9.95,9.68,9.72,28328900
2016-12-15 00:00:00+05:30,9.7,9.85,9.6,9.75,14588220
2016-12-16 00:00:00+05:30,9.7,9.85,9.58,9.65,13865000
2016-12-19 00:00:00+05:30,9.85,9.95,9.7,9.9,36264480
2016-12-20 00:00:00+05:30,9.88,10.1,9.78,9.9,39935480
2016-12-21 00:00:00+05:30,9.98,10.08,9.9,9.95,24800980
2016-12-22 00:00:00+05:30,9.88,10.02,9.72,9.85,22441440
2016-12-23 00:00:00+05:30,9.88,10.0,9.85,9.92,17509020
2016-12-26 00:00:00+05:30,9.9,9.92,9.4,9.45,23410560
2016-12-27 00:00:00+05:30,9.4,9.52,9.15,9.45,39019380
2016-12-28 00:00:00+05:30,9.5,9.6,9.42,9.48,23525700
2016-12-29 00:00:00+05:30,9.7,9.78,9.6,9.68,63690420
2016-12-30 00:00:00+05:30,9.7,9.9,9.7,9.8,21913840
2017-01-02 00:00:00+05:30,9.92,10.25,9.8,10.2,32749900
2017-01-03 00:00:00+05:30,10.28,10.35,10.18,10.3,28898160
2017-01-04 00:00:00+05:30,10.32,10.42,10.28,10.35,13901660
2017-01-05 00:00:00+05:30,10.4,10.88,10.4,10.7,76090640
2017-01-06 00:00:00+05:30,10.72,10.75,10.55,10.7,31900560
2017-01-09 00:00:00+05:30,10.78,10.8,10.68,10.72,14942300
2017-01-10 00:00:00+05:30,10.75,10.9,10.72,10.75,31113700
2017-01-11 00:00:00+05:30,10.78,10.9,10.78,10.82,23659960
2017-01-12 00:00:00+05:30,10.82,10.85,10.58,10.65,10776080
2017-01-13 00:00:00+05:30,10.65,10.72,10.5,10.68,14417680
2017-01-16 00:00:00+05:30,10.68,10.85,10.55,10.82,18830880
2017-01-17 00:00:00+05:30,10.85,11.12,10.78,11.02,39236420
2017-01-18 00:00:00+05:30,11.1,11.12,10.88,11.0,17119760
2017-01-19 00:00:00+05:30,11.05,11.12,10.95,11.0,14578520
2017-01-20 00:00:00+05:30,10.98,11.05,10.65,10.7,18836840
2017-01-23 00:00:00+05:30,10.65,10.75,10.5,10.62,24760320
2017-01-24 00:00:00+05:30,10.65,10.92,10.58,10.88,22538460
2017-01-25 00:00:00+05:30,10.92,11.62,10.8,11.42,120620660
2017-01-27 00:00:00+05:30,11.42,11.68,11.38,11.58,42070300
2017-01-30 00:00:00+05:30,11.58,11.75,11.55,11.62,22066880
2017-01-31 00:00:00+05:30,11.68,11.92,11.52,11.58,25753000
2017-02-01 00:00:00+05:30,11.6,11.95,11.52,11.88,49850780
2017-02-02 00:00:00+05:30,11.9,12.0,11.75,11.85,46794160
2017-02-03 00:00:00+05:30,11.85,11.85,11.65,11.7,16868780
2017-02-06 00:00:00+05:30,11.78,11.98,11.7,11.8,26946800
2017-02-07 00:00:00+05:30,11.85,11.9,11.58,11.65,17326420
2017-02-08 00:00:00+05:30,11.75,11.85,11.52,11.68,16716540
2017-02-09 00:00:00+05:30,11.75,11.98,11.7,11.82,23798600
2017-02-10 00:00:00+05:30,11.85,11.9,11.52,11.65,18131380
2017-02-13 00:00:00+05:30,11.7,11.78,11.45,11.62,16296380
2017-02-14 00:00:00+05:30,11.6,11.68,11.42,11.52,9453940
2017-02-15 00:00:00+05:30,11.55,11.65,11.2,11.28,16301780
2017-02-16 00:00:00+05:30,11.28,11.48,11.12,11.42,19291160
2017-02-17 00:00:00+05:30,11.45,11.58,11.3,11.4,22681960
2017-02-20 00:00:00+05:30,11.42,11.95,11.4,11.62,90635480
2017-02-21 00:00:00+05:30,11.62,11.75,11.45,11.68,33767040
2017-02-22 00:00:00+05:30,11.65,11.75,11.52,11.58,22080940
2017-02-23 00:00:00+05:30,11.65,11.75,11.48,11.55,35218600
2017-02-27 00:00:00+05:30,11.55,11.65,11.38,11.45,17327300
2017-02-28 00:00:00+05:30,11.4,11.7,11.4,11.58,27917820
2017-03-01 00:00:00+05:30,11.6,11.95,11.6,11.88,34889380
2017-03-02 00:00:00+05:30,12.0,12.2,11.35,11.48,61411160
2017-03-03 00:00:00+05:30,11.48,11.62,11.32,11.4,44271700
2017-03-06 00:00:00+05:30,11.42,11.55,11.4,11.48,13366040
2017-03-07 00:00:00+05:30,11.5,11.75,11.5,11.58,32469280
2017-03-08 00:00:00+05:30,11.6,11.65,11.35,11.42,21542860
2017-03-09 00:00:00+05:30,11.38,11.42,11.22,11.32,18580280
2017-03-10 00:00:00+05:30,11.32,11.48,11.22,11.3,24102080
2017-03-14 00:00:00+05:30,11.6,11.72,11.42,11.52,67376440
2017-03-15 00:00:00+05:30,11.55,12.3,11.55,12.22,100772700
2017-03-16 00:00:00+05:30,12.45,12.48,12.2,12.35,48256840
2017-03-17 00:00:00+05:30,12.3,12.42,12.05,12.22,53143180
2017-03-20 00:00:00+05:30,12.25,12.25,12.02,12.1,30019260
2017-03-21 00:00:00+05:30,12.08,12.1,11.88,12.0,15895040
2017-03-22 00:00:00+05:30,11.88,11.9,11.5,11.52,48742860
2017-03-23 00:00:00+05:30,11.62,11.88,11.6,11.72,45467640
2017-03-24 00:00:00+05:30,11.78,11.85,11.7,11.75,21446340
2017-03-27 00:00:00+05:30,11.75,11.82,11.5,11.65,29672280
2017-03-28 00:00:00+05:30,11.68,11.82,11.6,11.65,35712760
2017-03-29 00:00:00+05:30,11.68,11.75,11.6,11.65,23013000
2017-03-30 00:00:00+05:30,11.6,12.02,11.6,11.82,76701760
2017-03-31 00:00:00+05:30,11.85,12.0,11.78,11.82,30389640
2017-04-03 00:00:00+05:30,11.9,12.15,11.82,12.05,43947120
2017-04-05 00:00:00+05:30,12.15,12.15,12.0,12.05,24435880
2017-04-06 00:00:00+05:30,12.0,12.5,11.78,12.25,61212380
2017-04-07 00:00:00+05:30,12.22,12.42,11.82,11.9,46864760
2017-04-10 00:00:00+05:30,11.98,12.0,11.7,11.85,22393640
2017-04-11 00:00:00+05:30,11.88,12.02,11.8,11.98,33164100
2017-04-12 00:00:00+05:30,12.05,12.05,11.68,11.75,34540360
2017-04-13 00:00:00+05:30,11.75,11.92,11.7,11.72,30410060
2017-04-17 00:00:00+05:30,11.75,12.02,11.62,11.95,52406260
2017-04-18 00:00:00+05:30,11.98,13.58,11.98,12.42,359597020
2017-04-19 00:00:00+05:30,12.5,12.85,12.32,12.65,132131080
2017-04-20 00:00:00+05:30,12.68,12.72,11.95,12.02,108316680
2017-04-21 00:00:00+05:30,12.15,12.48,11.95,12.32,127024460
2017-04-24 00:00:00+05:30,12.58,12.72,12.28,12.32,121665720
2017-04-25 00:00:00+05:30,12.55,12.95,12.45,12.75,193167280
2017-04-26 00:00:00+05:30,12.8,12.88,12.35,12.6,87484460
2017-04-27 00:00:00+05:30,12.65,12.88,12.5,12.72,76806280
2017-04-28 00:00:00+05:30,12.8,13.15,12.7,13.05,84356460
2017-05-02 00:00:00+05:30,13.25,13.42,13.02,13.35,92584580
2017-05-03 00:00:00+05:30,13.58,13.62,13.15,13.25,85603740
2017-05-04 00:00:00+05:30,13.2,13.32,12.95,13.2,51454240
2017-05-05 00:00:00+05:30,13.3,13.38,12.62,12.8,94121720
2017-05-08 00:00:00+05:30,12.88,13.08,12.18,12.8,150155100
2017-05-09 00:00:00+05:30,12.8,13.08,12.7,12.95,75703900
2017-05-10 00:00:00+05:30,13.02,13.2,12.92,13.12,53952940
2017-05-11 00:00:00+05:30,13.2,13.25,12.35,13.05,96839460
2017-05-12 00:00:00+05:30,13.25,13.28,12.72,12.8,60256900
2017-05-15 00:00:00+05:30,12.9,13.08,12.78,13.0,16440520
2017-05-16 00:00:00+05:30,13.05,13.1,12.75,12.8,25178520
2017-05-17 00:00:00+05:30,12.88,13.0,12.72,12.82,35260280
2017-05-18 00:00:00+05:30,12.72,12.82,12.08,12.15,48446060
2017-05-19 00:00:00+05:30,12.15,12.32,11.8,11.92,29545480
2017-05-22 00:00:00+05:30,12.02,12.05,11.62,11.65,20422260
2017-05-23 00:00:00+05:30,11.65,11.7,10.98,11.22,41000840
2017-05-24 00:00:00+05:30,11.2,11.38,10.72,10.8,38115440
2017-05-25 00:00:00+05:30,10.92,11.3,10.85,11.22,68864200
2017-05-26 00:00:00+05:30,11.2,11.48,11.2,11.35,23281200
2017-05-29 00:00:00+05:30,11.3,11.42,10.95,11.0,34922560
2017-05-30 00:00:00+05:30,10.88,11.25,10.85,11.18,27941720
2017-05-31 00:00:00+05:30,11.52,11.58,11.25,11.38,92063780
2017-06-01 00:00:00+05:30,11.32,11.5,11.2,11.25,37148160
2017-06-02 00:00:00+05:30,11.45,11.65,11.25,11.6,56226260
2017-06-05 00:00:00+05:30,11.68,11.82,11.55,11.7,56535300
2017-06-06 00:00:00+05:30,11.62,11.7,11.38,11.55,42560100
2017-06-07 00:00:00+05:30,11.58,11.7,11.55,11.62,32035180
2017-06-08 00:00:00+05:30,11.65,11.68,11.42,11.45,17907100
2017-06-09 00:00:00+05:30,11.45,11.5,11.32,11.45,20644720
2017-06-12 00:00:00+05:30,11.42,11.5,11.3,11.38,21891840
2017-06-13 00:00:00+05:30,11.38,11.48,11.22,11.28,17321540
2017-06-14 00:00:00+05:30,11.42,11.48,11.28,11.4,27835340
2017-06-15 00:00:00+05:30,11.38,11.55,11.28,11.42,25422680
2017-06-16 00:00:00+05:30,11.45,11.5,11.35,11.42,21531680
2017-06-19 00:00:00+05:30,11.48,11.5,11.4,11.42,27848800
2017-06-20 00:00:00+05:30,11.45,11.48,11.3,11.38,27251940
2017-06-21 00:00:00+05:30,11.35,11.35,11.12,11.2,26768920
2017-06-22 00:00:00+05:30,11.22,11.28,10.95,10.98,45948220
2017-06-23 00:00:00+05:30,11.02,11.02,10.68,10.75,30052620
2017-06-27 00:00:00+05:30,10.8,10.8,10.22,10.38,42232300
2017-06-28 00:00:00+05:30,10.38,10.4,10.18,10.32,24957540
2017-06-29 00:00:00+05:30,10.38,10.58,10.38,10.5,30858400
2017-06-30 00:00:00+05:30,10.52,10.52,10.38,10.45,17330100
2017-07-03 00:00:00+05:30,10.45,10.72,10.42,10.7,18120360
2017-07-04 00:00:00+05:30,10.72,10.82,10.6,10.62,16345780
2017-07-05 00:00:00+05:30,10.68,10.72,10.62,10.68,20885200
2017-07-06 00:00:00+05:30,10.75,11.05,10.7,10.85,74317320
2017-07-07 00:00:00+05:30,10.95,10.95,10.7,10.72,15665080
2017-07-10 00:00:00+05:30,10.98,10.98,10.75,10.88,3939120
2017-07-11 00:00:00+05:30,10.9,11.0,10.78,10.8,21210640
2017-07-12 00:00:00+05:30,10.85,11.0,10.8,10.88,35892620
2017-07-13 00:00:00+05:30,10.92,11.0,10.85,10.9,17931900
2017-07-14 00:00:00+05:30,10.95,11.1,10.88,10.98,42019640
2017-07-17 00:00:00+05:30,11.0,11.05,10.8,10.82,24047740
2017-07-18 00:00:00+05:30,10.85,10.92,10.7,10.72,21428600
2017-07-19 00:00:00+05:30,10.72,10.88,10.7,10.82,19992560
2017-07-20 00:00:00+05:30,10.8,10.95,10.78,10.8,25425480
2017-07-21 00:00:00+05:30,10.85,10.88,10.65,10.72,20220500
2017-07-24 00:00:00+05:30,10.78,11.28,10.7,10.85,203627720
2017-07-25 00:00:00+05:30,10.98,11.0,10.82,10.85,58087860
2017-07-26 00:00:00+05:30,10.88,10.92,10.65,10.72,35859020
2017-07-27 00:00:00+05:30,10.82,11.0,10.78,10.88,102712260
2017-07-28 00:00:00+05:30,10.78,11.32,10.78,11.28,84412000
2017-07-31 00:00:00+05:30,11.25,11.38,11.2,11.28,55465600
2017-08-01 00:00:00+05:30,11.32,11.52,11.22,11.4,50117500
2017-08-02 00:00:00+05:30,11.38,11.48,11.22,11.3,22777280
2017-08-03 00:00:00+05:30,11.22,11.32,10.95,11.0,28544860
2017-08-04 00:00:00+05:30,11.02,11.15,10.9,11.05,26365720
2017-08-07 00:00:00+05:30,11.4,11.4,11.2,11.25,35049480
2017-08-08 00:00:00+05:30,11.35,11.35,10.9,10.98,39648480
2017-08-09 00:00:00+05:30,10.95,10.95,10.42,10.58,73230020
2017-08-10 00:00:00+05:30,10.45,10.62,9.85,10.02,44654640
2017-08-11 00:00:00+05:30,9.88,10.32,9.75,10.15,52915680
2017-08-14 00:00:00+05:30,10.25,10.48,10.22,10.45,26825140
2017-08-16 00:00:00+05:30,10.48,10.68,10.38,10.6,30830200
2017-08-17 00:00:00+05:30,10.65,10.72,10.5,10.55,22093260
2017-08-18 00:00:00+05:30,10.48,10.7,10.38,10.68,25461300
2017-08-21 00:00:00+05:30,10.68,10.75,10.25,10.32,17563740
2017-08-22 00:00:00+05:30,10.38,10.7,10.38,10.5,46406400
2017-08-23 00:00:00+05:30,10.52,10.65,10.5,10.62,18565700
2017-08-24 00:00:00+05:30,10.65,10.75,10.58,10.62,10660980
2017-08-28 00:00:00+05:30,10.65,10.7,10.55,10.6,16987740
2017-08-29 00:00:00+05:30,10.52,10.82,10.45,10.52,36370860
2017-08-30 00:00:00+05:30,10.68,10.75,10.62,10.68,18597180
2017-08-31 00:00:00+05:30,10.7,10.8,10.62,10.7,49085620
2017-09-01 00:00:00+05:30,10.9,11.02,10.85,10.9,31035960
2017-09-04 00:00:00+05:30,10.9,10.9,10.55,10.65,22145600
2017-09-05 00:00:00+05:30,10.78,10.88,10.68,10.82,20900220
2017-09-06 00:00:00+05:30,10.72,10.98,10.7,10.95,16364940
2017-09-07 00:00:00+05:30,11.0,11.05,10.82,10.85,16280780
2017-09-08 00:00:00+05:30,10.88,11.0,10.68,10.82,13644020
2017-09-11 00:00:00+05:30,10.6,10.8,10.5,10.58,39461640
2017-09-12 00:00:00+05:30,10.6,10.9,10.6,10.7,33693400
2017-09-13 00:00:00+05:30,10.75,10.8,10.6,10.65,11753760
2017-09-14 00:00:00+05:30,10.7,11.08,10.65,11.0,41667720
2017-09-15 00:00:00+05:30,10.85,10.95,10.78,10.82,20775360
2017-09-18 00:00:00+05:30,10.92,11.02,10.85,10.95,29775700
2017-09-19 00:00:00+05:30,11.02,11.12,10.72,11.08,37790500
2017-09-20 00:00:00+05:30,11.12,11.28,11.0,11.15,27918660
2017-09-21 00:00:00+05:30,11.12,11.22,10.88,11.1,18338100
2017-09-22 00:00:00+05:30,11.0,11.05,10.55,10.68,34477900
2017-09-25 00:00:00+05:30,10.52,10.68,10.25,10.5,32210780
2017-09-26 00:00:00+05:30,10.5,10.65,10.38,10.5,34223200
2017-09-27 00:00:00+05:30,10.58,10.72,10.25,10.3,30108280
2017-09-28 00:00:00+05:30,10.3,11.78,10.3,11.1,422468760
2017-09-29 00:00:00+05:30,10.78,10.95,10.6,10.65,79065860
2017-10-03 00:00:00+05:30,10.75,10.75,10.45,10.5,47974360
2017-10-04 00:00:00+05:30,10.52,10.6,10.42,10.48,31366040
2017-10-05 00:00:00+05:30,10.48,10.55,10.42,10.48,23102700
2017-10-06 00:00:00+05:30,10.5,10.65,10.42,10.42,44576000
2017-10-09 00:00:00+05:30,10.45,10.58,10.42,10.48,43761240
2017-10-10 00:00:00+05:30,10.5,10.6,10.48,10.5,19033200
2017-10-11 00:00:00+05:30,10.52,10.58,10.15,10.3,26722220
2017-10-12 00:00:00+05:30,10.32,10.45,10.3,10.4,22410400
2017-10-13 00:00:00+05:30,10.42,10.52,10.32,10.35,21248120
2017-10-16 00:00:00+05:30,10.42,10.45,10.32,10.38,21187700
2017-10-17 00:00:00+05:30,10.4,10.48,10.35,10.4,25471300
2017-10-18 00:00:00+05:30,10.4,10.65,10.35,10.5,31233760
2017-10-23 00:00:00+05:30,10.4,10.6,10.38,10.58,31623620
2017-10-24 00:00:00+05:30,10.62,10.92,10.62,10.72,54776500
2017-10-25 00:00:00+05:30,11.0,11.48,10.88,11.32,129597000
2017-10-26 00:00:00+05:30,11.4,12.08,11.05,11.9,169184640
2017-10-27 00:00:00+05:30,11.98,12.1,11.72,11.8,56539420
2017-10-30 00:00:00+05:30,11.9,12.1,11.7,11.88,28048340
2017-10-31 00:00:00+05:30,11.88,12.52,11.88,12.12,72774000
2017-11-01 00:00:00+05:30,12.2,12.35,12.0,12.02,31784020
2017-11-02 00:00:00+05:30,12.08,12.25,11.9,12.05,36996060
2017-11-03 00:00:00+05:30,12.1,12.32,12.05,12.2,38121660
2017-11-06 00:00:00+05:30,12.2,12.55,12.08,12.3,53094520
2017-11-07 00:00:00+05:30,12.35,12.38,11.75,11.95,38376040
2017-11-08 00:00:00+05:30,11.98,12.0,11.6,11.82,56410620
2017-11-09 00:00:00+05:30,12.02,12.02,11.45,11.62,50543760
2017-11-10 00:00:00+05:30,11.68,11.68,11.3,11.38,30542400
2017-11-13 00:00:00+05:30,11.4,11.55,11.25,11.45,85324520
2017-11-14 00:00:00+05:30,11.5,11.72,11.3,11.55,39870200
2017-11-15 00:00:00+05:30,11.45,11.78,11.15,11.3,38506080
2017-11-16 00:00:00+05:30,11.38,11.55,11.3,11.5,28523700
2017-11-17 00:00:00+05:30,11.58,11.85,11.55,11.65,32731020
2017-11-20 00:00:00+05:30,11.72,11.95,11.6,11.75,36092100
2017-11-21 00:00:00+05:30,11.78,11.85,11.4,11.48,36579000
2017-11-22 00:00:00+05:30,11.52,11.65,11.45,11.55,18764460
2017-11-23 00:00:00+05:30,11.6,11.7,11.38,11.5,15604880
2017-11-24 00:00:00+05:30,11.55,11.68,11.42,11.62,19702260
2017-11-27 00:00:00+05:30,11.6,11.7,11.5,11.62,19049920
2017-11-28 00:00:00+05:30,11.58,11.95,11.5,11.75,41007340
2017-11-29 00:00:00+05:30,11.75,11.92,11.65,11.7,22383260
2017-11-30 00:00:00+05:30,11.6,11.62,11.35,11.48,71244820
2017-12-01 00:00:00+05:30,11.52,11.6,11.05,11.08,40567760
2017-12-04 00:00:00+05:30,11.1,11.15,10.62,10.68,49100220
2017-12-05 00:00:00+05:30,10.68,10.7,10.28,10.45,62782520
2017-12-06 00:00:00+05:30,10.45,10.58,10.38,10.48,35610620
2017-12-07 00:00:00+05:30,10.08,10.38,9.72,10.25,347280620
2017-12-08 00:00:00+05:30,10.25,10.35,10.15,10.2,53638500
2017-12-11 00:00:00+05:30,10.22,10.35,10.12,10.22,52659100
2017-12-12 00:00:00+05:30,10.2,10.22,10.08,10.12,48507520
2017-12-13 00:00:00+05:30,10.12,10.15,9.68,9.75,68227260
2017-12-14 00:00:00+05:30,9.9,10.55,9.78,10.48,145687960
2017-12-15 00:00:00+05:30,10.6,10.88,10.5,10.8,72696240
2017-12-18 00:00:00+05:30,10.5,11.18,10.45,11.1,77767460
2017-12-19 00:00:00+05:30,11.1,11.42,11.02,11.4,53764160
2017-12-20 00:00:00+05:30,11.35,11.78,11.25,11.65,45013720
2017-12-21 00:00:00+05:30,11.75,11.75,11.55,11.62,21674080
2017-12-22 00:00:00+05:30,11.6,12.0,11.52,11.78,38902120
2017-12-26 00:00:00+05:30,11.75,11.9,11.55,11.75,22831780
2017-12-27 00:00:00+05:30,11.8,12.02,11.75,11.85,25335340
2017-12-28 00:00:00+05:30,11.9,11.92,11.62,11.68,19266340
2017-12-29 00:00:00+05:30,11.68,11.98,11.6,11.9,25716240
2018-01-01 00:00:00+05:30,11.92,11.95,11.6,11.7,13261220
2018-01-02 00:00:00+05:30,11.68,11.8,11.35,11.45,28325620
2018-01-03 00:00:00+05:30,11.42,11.88,11.42,11.8,42563020
2018-01-04 00:00:00+05:30,11.95,11.95,11.78,11.82,37471260
2018-01-05 00:00:00+05:30,11.82,12.3,11.82,12.18,53431820
2018-01-08 00:00:00+05:30,12.22,12.38,12.1,12.25,20176140
2018-01-09 00:00:00+05:30,12.3,12.52,12.12,12.3,25484700
2018-01-10 00:00:00+05:30,12.32,12.58,12.28,12.38,39380040
2018-01-11 00:00:00+05:30,12.38,12.5,12.28,12.38,15450500
2018-01-12 00:00:00+05:30,12.55,12.62,12.1,12.5,41933680
2018-01-15 00:00:00+05:30,13.0,13.0,12.38,12.48,52299880
2018-01-16 00:00:00+05:30,12.55,12.58,12.02,12.08,22215560
2018-01-17 00:00:00+05:30,12.08,12.4,11.85,12.35,32589240
2018-01-18 00:00:00+05:30,12.38,12.38,11.85,11.95,15934360
2018-01-19 00:00:00+05:30,11.92,12.0,11.58,11.85,32499800
2018-01-22 00:00:00+05:30,11.85,12.02,11.8,11.98,15496260
2018-01-23 00:00:00+05:30,11.95,12.18,11.9,12.12,20729480
2018-01-24 00:00:00+05:30,12.1,12.2,11.95,12.08,19404140
2018-01-25 00:00:00+05:30,12.08,12.25,11.95,12.2,27992660
2018-01-29 00:00:00+05:30,12.25,12.48,12.12,12.25,17905420
2018-01-30 00:00:00+05:30,12.2,12.3,12.05,12.18,15997000
2018-01-31 00:00:00+05:30,12.12,12.28,11.58,12.05,41950200
2018-02-01 00:00:00+05:30,12.05,12.38,11.7,12.15,57086660
2018-02-02 00:00:00+05:30,12.05,12.12,11.05,11.2,43536940
2018-02-05 00:00:00+05:30,11.0,11.28,10.8,11.18,24346120
2018-02-06 00:00:00+05:30,10.5,11.12,10.48,11.0,39263160
2018-02-07 00:00:00+05:30,11.1,11.18,10.82,10.95,27915680
2018-02-08 00:00:00+05:30,10.98,11.22,10.98,11.15,56810940
2018-02-09 00:00:00+05:30,10.9,11.28,10.88,11.1,21861480
2018-02-12 00:00:00+05:30,11.12,11.42,11.12,11.38,29123580
2018-02-14 00:00:00+05:30,11.5,11.52,11.25,11.45,30538900
2018-02-15 00:00:00+05:30,11.42,11.52,11.22,11.4,38029860
2018-02-16 00:00:00+05:30,11.5,11.62,11.28,11.5,40151940
2018-02-19 00:00:00+05:30,11.5,11.5,11.1,11.28,20873060
2018-02-20 00:00:00+05:30,11.2,11.32,11.08,11.12,16321020
2018-02-21 00:00:00+05:30,11.15,11.22,10.88,11.08,23489980
2018-02-22 00:00:00+05:30,11.12,11.12,10.78,10.85,30638380
2018-02-23 00:00:00+05:30,10.88,11.48,10.85,11.35,20291360
2018-02-26 00:00:00+05:30,11.38,11.52,11.3,11.35,14584300
2018-02-27 00:00:00+05:30,11.38,11.75,11.38,11.7,34104540
2018-02-28 00:00:00+05:30,11.62,11.72,11.38,11.42,24809900
2018-03-01 00:00:00+05:30,11.38,11.52,11.15,11.2,15576740
2018-03-05 00:00:00+05:30,11.12,11.2,10.82,10.98,23189080
2018-03-06 00:00:00+05:30,11.0,11.15,10.75,10.82,15030540
2018-03-07 00:00:00+05:30,10.8,10.92,10.62,10.75,22949600
2018-03-08 00:00:00+05:30,10.8,10.85,10.52,10.78,18519220
2018-03-09 00:00:00+05:30,10.9,10.9,10.65,10.72,13687660
2018-03-12 00:00:00+05:30,10.85,10.9,10.68,10.82,24088420
2018-03-13 00:00:00+05:30,10.85,11.0,10.7,10.8,39642380
2018-03-14 00:00:00+05:30,10.95,11.1,10.85,11.0,80772220
2018-03-15 00:00:00+05:30,11.1,11.1,10.8,10.9,34787520
2018-03-16 00:00:00+05:30,10.9,11.15,10.78,11.05,59709760
2018-03-19 00:00:00+05:30,11.15,11.15,10.82,10.95,27162100
2018-03-20 00:00:00+05:30,11.02,11.05,10.8,10.88,28566540
2018-03-21 00:00:00+05:30,10.92,11.02,10.82,10.9,18497560
2018-03-22 00:00:00+05:30,11.0,11.0,10.85,10.92,16656300
2018-03-23 00:00:00+05:30,10.8,10.88,10.7,10.82,14417880
2018-03-26 00:00:00+05:30,10.8,11.0,10.75,10.95,19535520
2018-03-27 00:00:00+05:30,11.05,11.05,10.9,10.98,17755460
2018-03-28 00:00:00+05:30,10.95,11.35,10.78,11.15,38662760
2018-04-02 00:00:00+05:30,11.35,11.58,11.28,11.48,29825700
2018-04-03 00:00:00+05:30,11.52,12.25,11.52,12.1,56652360
2018-04-04 00:00:00+05:30,12.1,12.22,11.7,11.75,39500940
2018-04-05 00:00:00+05:30,11.9,12.18,11.85,12.05,31304580
2018-04-06 00:00:00+05:30,12.15,12.32,11.9,12.22,34280420
2018-04-09 00:00:00+05:30,12.18,12.52,11.98,12.42,70939900
2018-04-10 00:00:00+05:30,12.52,12.9,12.25,12.75,48391820
2018-04-11 00:00:00+05:30,12.85,14.12,12.68,14.02,311460340
2018-04-12 00:00:00+05:30,13.98,14.02,13.52,13.65,149826820
2018-04-13 00:00:00+05:30,13.52,13.95,13.45,13.6,108015460
2018-04-16 00:00:00+05:30,13.58,13.7,13.1,13.2,74497240
2018-04-17 00:00:00+05:30,13.2,13.28,12.8,12.88,157473940
2018-04-18 00:00:00+05:30,13.05,13.35,12.72,12.78,126864420
2018-04-19 00:00:00+05:30,12.88,13.25,12.78,13.2,95859960
2018-04-20 00:00:00+05:30,13.08,13.35,12.88,13.22,80213060
2018-04-23 00:00:00+05:30,13.2,13.6,13.0,13.22,113394900
2018-04-24 00:00:00+05:30,13.28,13.48,13.05,13.1,58475340
2018-04-25 00:00:00+05:30,13.02,13.22,12.48,12.68,67308620
2018-04-26 00:00:00+05:30,12.75,13.2,12.48,13.1,68969860
2018-04-27 00:00:00+05:30,13.22,13.45,12.98,13.22,66933340
2018-04-30 00:00:00+05:30,13.25,14.3,12.98,14.08,212225420
2018-05-02 00:00:00+05:30,14.08,14.2,13.32,13.48,128921680
2018-05-03 00:00:00+05:30,13.35,13.58,12.7,13.1,162628000
2018-05-04 00:00:00+05:30,13.2,13.52,13.1,13.3,81327740
2018-05-07 00:00:00+05:30,13.38,13.7,13.18,13.45,54167260
2018-05-08 00:00:00+05:30,13.5,13.52,13.0,13.08,40419040
2018-05-09 00:00:00+05:30,13.05,13.18,12.85,12.95,58641020
2018-05-10 00:00:00+05:30,13.0,13.1,12.78,12.92,47245460
2018-05-11 00:00:00+05:30,12.98,13.02,12.75,12.92,25413740
2018-05-14 00:00:00+05:30,13.0,13.2,12.7,12.88,49166600
2018-05-15 00:00:00+05:30,12.88,13.12,12.4,12.58,43783520
2018-05-16 00:00:00+05:30,12.5,12.82,12.4,12.62,52247480
2018-05-17 00:00:00+05:30,12.7,12.72,12.5,12.58,25462600
2018-05-18 00:00:00+05:30,12.55,12.62,11.6,11.92,59236500
2018-05-21 00:00:00+05:30,11.95,11.98,11.18,11.28,55107960
2018-05-22 00:00:00+05:30,11.25,11.78,11.25,11.6,43681360
2018-05-23 00:00:00+05:30,11.62,11.92,11.32,11.38,32899040
2018-05-24 00:00:00+05:30,11.5,11.6,11.18,11.55,35773300
2018-05-25 00:00:00+05:30,11.58,11.95,11.58,11.8,30625280
2018-05-28 00:00:00+05:30,11.85,12.1,11.62,11.95,27607500
2018-05-29 00:00:00+05:30,11.95,12.2,11.72,11.82,33529340
2018-05-30 00:00:00+05:30,11.7,12.05,11.65,11.88,23778920
2018-05-31 00:00:00+05:30,11.92,12.02,11.48,11.52,47742780
2018-06-01 00:00:00+05:30,11.42,11.75,10.95,11.15,53296420
2018-06-04 00:00:00+05:30,11.15,11.45,11.08,11.28,45150860
2018-06-05 00:00:00+05:30,11.25,11.42,10.92,11.35,44132680
2018-06-06 00:00:00+05:30,11.45,11.85,11.28,11.75,25617160
2018-06-07 00:00:00+05:30,11.92,12.1,11.78,11.95,43004660
2018-06-08 00:00:00+05:30,11.85,12.15,11.72,11.9,43455200
2018-06-11 00:00:00+05:30,11.95,12.08,11.78,11.82,31299660
2018-06-12 00:00:00+05:30,11.85,11.9,11.62,11.78,31536620
2018-06-13 00:00:00+05:30,11.8,11.95,11.72,11.82,18096200
2018-06-14 00:00:00+05:30,11.8,11.82,11.55,11.7,19752280
2018-06-15 00:00:00+05:30,11.75,11.82,11.28,11.45,38822460
2018-06-18 00:00:00+05:30,11.45,11.52,11.22,11.3,16702380
2018-06-19 00:00:00+05:30,11.3,11.4,11.05,11.18,15216960
2018-06-20 00:00:00+05:30,11.22,11.38,11.2,11.3,20355040
2018-06-21 00:00:00+05:30,11.32,11.45,11.12,11.2,23499640
2018-06-22 00:00:00+05:30,11.2,11.4,11.08,11.32,18284940
2018-06-25 00:00:00+05:30,11.32,11.48,10.95,11.0,15942280
2018-06-26 00:00:00+05:30,11.0,11.08,10.88,10.98,14114540
2018-06-27 00:00:00+05:30,11.0,11.0,10.48,10.62,21249860
2018-06-28 00:00:00+05:30,10.5,10.72,10.05,10.12,59483380
2018-06-29 00:00:00+05:30,10.2,10.68,10.15,10.55,32329060
2018-07-02 00:00:00+05:30,10.6,10.6,10.1,10.32,32624800
2018-07-03 00:00:00+05:30,10.25,10.52,10.15,10.42,21532600
2018-07-04 00:00:00+05:30,10.4,10.58,10.18,10.5,17627380
2018-07-05 00:00:00+05:30,10.5,10.7,10.35,10.45,36740620
2018-07-06 00:00:00+05:30,10.45,10.6,10.32,10.4,24129900
2018-07-09 00:00:00+05:30,10.48,10.68,10.28,10.62,36706540
2018-07-10 00:00:00+05:30,10.7,10.8,10.58,10.65,22378600
2018-07-11 00:00:00+05:30,10.65,10.78,10.5,10.6,20398940
2018-07-12 00:00:00+05:30,10.65,10.75,10.12,10.22,30754620
2018-07-13 00:00:00+05:30,10.3,10.35,10.02,10.2,24339040
2018-07-16 00:00:00+05:30,10.18,10.25,9.3,9.48,71809860
2018-07-17 00:00:00+05:30,9.4,9.78,9.3,9.72,30706540
2018-07-18 00:00:00+05:30,9.95,9.95,9.28,9.55,42451440
2018-07-19 00:00:00+05:30,9.58,9.65,9.18,9.52,51136940
2018-07-20 00:00:00+05:30,9.42,9.55,9.22,9.42,38251220
2018-07-23 00:00:00+05:30,9.4,9.6,9.25,9.45,31624940
2018-07-24 00:00:00+05:30,9.48,10.0,9.42,9.9,42116900
2018-07-25 00:00:00+05:30,9.98,10.2,9.62,9.7,54813400
2018-07-26 00:00:00+05:30,9.78,10.38,9.62,10.3,101022040
2018-07-27 00:00:00+05:30,10.32,10.42,10.05,10.12,34277120
2018-07-30 00:00:00+05:30,10.12,10.35,9.95,10.12,40642260
2018-07-31 00:00:00+05:30,10.12,10.2,9.95,10.05,28564160
2018-08-01 00:00:00+05:30,10.02,10.02,9.7,9.78,34177380
2018-08-02 00:00:00+05:30,9.7,9.9,9.6,9.75,24187660
2018-08-03 00:00:00+05:30,9.8,9.88,9.65,9.75,37646420
2018-08-06 00:00:00+05:30,9.8,10.32,9.78,10.2,64403580
2018-08-07 00:00:00+05:30,10.22,10.32,9.8,9.88,39819340
2018-08-08 00:00:00+05:30,9.88,9.95,9.7,9.78,30829900
2018-08-09 00:00:00+05:30,9.85,10.12,9.75,9.98,42223620
2018-08-10 00:00:00+05:30,9.95,10.05,9.58,9.65,40875840
2018-08-13 00:00:00+05:30,9.58,9.78,9.42,9.52,22326240
2018-08-14 00:00:00+05:30,9.48,9.6,9.38,9.55,29186340
2018-08-16 00:00:00+05:30,9.5,9.7,9.42,9.52,21093660
2018-08-17 00:00:00+05:30,9.58,9.72,9.38,9.42,41053840
2018-08-20 00:00:00+05:30,9.5,9.8,9.48,9.72,43347040
2018-08-21 00:00:00+05:30,9.78,9.78,9.5,9.55,25498900
2018-08-23 00:00:00+05:30,9.55,9.62,9.32,9.42,34628960
2018-08-24 00:00:00+05:30,9.4,9.65,9.35,9.52,44361360
2018-08-27 00:00:00+05:30,9.58,9.92,9.52,9.85,57706280
2018-08-28 00:00:00+05:30,9.88,9.88,9.62,9.7,18955140
2018-08-29 00:00:00+05:30,9.7,9.75,9.58,9.62,23041900
2018-08-30 00:00:00+05:30,9.62,9.7,9.48,9.5,39201840
2018-08-31 00:00:00+05:30,9.5,9.6,9.38,9.52,31534340
2018-09-03 00:00:00+05:30,9.52,9.62,9.4,9.45,45176760
2018-09-04 00:00:00+05:30,9.42,9.5,8.42,8.6,122202420
2018-09-05 00:00:00+05:30,8.48,8.92,8.32,8.88,124393140
2018-09-06 00:00:00+05:30,9.0,9.0,8.62,8.9,51790200
2018-09-07 00:00:00+05:30,8.9,9.05,8.72,8.92,37729600
2018-09-10 00:00:00+05:30,8.9,8.98,8.42,8.6,41174000
2018-09-11 00:00:00+05:30,8.65,8.78,8.48,8.52,22427620
2018-09-12 00:00:00+05:30,8.65,8.75,8.4,8.68,34074100
2018-09-14 00:00:00+05:30,8.7,8.95,8.68,8.88,29424140
2018-09-17 00:00:00+05:30,8.8,8.98,8.68,8.72,29481100
2018-09-18 00:00:00+05:30,8.65,8.78,8.5,8.58,26256720
2018-09-19 00:00:00+05:30,8.6,8.65,8.18,8.22,36784100
2018-09-21 00:00:00+05:30,8.35,8.4,7.4,7.7,69106660
2018-09-24 00:00:00+05:30,7.85,7.85,6.98,7.08,73019580
2018-09-25 00:00:00+05:30,7.05,7.15,6.55,6.88,59401760
2018-09-26 00:00:00+05:30,6.95,7.15,6.8,7.08,62285840
2018-09-27 00:00:00+05:30,7.08,7.18,6.8,6.85,70621160
2018-09-28 00:00:00+05:30,6.9,7.02,6.62,6.85,52850640
2018-10-01 00:00:00+05:30,6.82,7.28,6.58,7.22,49236500
2018-10-03 00:00:00+05:30,7.2,7.25,6.82,6.9,64914780
2018-10-04 00:00:00+05:30,6.8,6.98,6.5,6.6,48028360
2018-10-05 00:00:00+05:30,6.52,6.7,6.25,6.38,45730020
2018-10-08 00:00:00+05:30,6.35,6.5,6.05,6.22,33147500
2018-10-09 00:00:00+05:30,6.22,6.42,6.0,6.25,46258020
2018-10-10 00:00:00+05:30,6.3,6.95,6.25,6.75,45024540
2018-10-11 00:00:00+05:30,6.5,6.92,6.38,6.5,38709980
2018-10-12 00:00:00+05:30,6.55,6.8,6.55,6.68,26546540
2018-10-15 00:00:00+05:30,6.7,6.75,6.32,6.4,55255720
2018-10-16 00:00:00+05:30,6.4,6.58,6.4,6.52,32314300
2018-10-17 00:00:00+05:30,6.6,6.65,6.22,6.28,29779680
2018-10-19 00:00:00+05:30,6.25,6.38,5.9,5.98,50549340
2018-10-22 00:00:00+05:30,6.0,6.18,5.92,6.0,31746380
2018-10-23 00:00:00+05:30,5.95,6.25,5.9,6.15,41564760
2018-10-24 00:00:00+05:30,6.25,6.35,6.08,6.22,43277180
2018-10-25 00:00:00+05:30,6.15,6.22,5.98,6.02,34687240
2018-10-26 00:00:00+05:30,6.02,6.15,5.88,6.1,33781920
2018-10-29 00:00:00+05:30,6.1,6.35,5.98,6.28,26603120
2018-10-30 00:00:00+05:30,6.28,6.5,6.25,6.3,42406560
2018-10-31 00:00:00+05:30,6.25,7.1,6.2,6.98,153152660
2018-11-01 00:00:00+05:30,6.98,7.45,6.92,7.22,82973760
2018-11-02 00:00:00+05:30,7.28,7.55,7.22,7.28,51286440
2018-11-05 00:00:00+05:30,7.28,7.3,7.02,7.25,41571540
2018-11-06 00:00:00+05:30,7.25,7.28,6.9,6.95,28567800
2018-11-09 00:00:00+05:30,7.1,7.1,6.78,6.92,39749480
2018-11-12 00:00:00+05:30,7.02,7.28,6.98,7.02,78416100
2018-11-13 00:00:00+05:30,7.0,7.1,6.78,7.08,30535220
2018-11-14 00:00:00+05:30,7.1,7.12,6.85,6.95,18336460
2018-11-15 00:00:00+05:30,6.95,7.2,6.88,7.15,27216600
2018-11-16 00:00:00+05:30,7.2,7.22,6.68,6.72,51109180
2018-11-19 00:00:00+05:30,6.75,7.08,6.72,6.95,37249720
2018-11-20 00:00:00+05:30,6.9,7.0,6.8,6.85,27481060
2018-11-21 00:00:00+05:30,6.82,7.22,6.8,7.12,46216980
2018-11-22 00:00:00+05:30,7.12,7.32,7.0,7.08,58130660
2018-11-26 00:00:00+05:30,7.05,7.35,7.0,7.3,49323560
2018-11-27 00:00:00+05:30,7.32,7.72,7.25,7.62,91246320
2018-11-28 00:00:00+05:30,7.68,7.7,7.4,7.62,55160180
2018-11-29 00:00:00+05:30,7.65,7.85,7.42,7.48,75236340
2018-11-30 00:00:00+05:30,7.48,7.58,7.38,7.45,46404900
2018-12-03 00:00:00+05:30,7.48,7.65,7.4,7.45,38041180
2018-12-04 00:00:00+05:30,7.45,7.62,7.42,7.5,24376180
2018-12-05 00:00:00+05:30,7.42,7.52,7.18,7.28,34493640
2018-12-06 00:00:00+05:30,7.2,7.38,7.02,7.25,35473880
2018-12-07 00:00:00+05:30,7.2,7.22,6.92,7.2,53361140
2018-12-10 00:00:00+05:30,7.1,7.1,6.8,6.9,35717400
2018-12-11 00:00:00+05:30,6.88,7.32,6.8,7.25,42016920
2018-12-12 00:00:00+05:30,7.3,7.72,7.18,7.7,35706800
2018-12-13 00:00:00+05:30,7.68,7.8,7.45,7.7,23043480
2018-12-14 00:00:00+05:30,7.65,7.8,7.48,7.62,26264680
2018-12-17 00:00:00+05:30,7.65,7.68,7.55,7.6,13239360
2018-12-18 00:00:00+05:30,7.6,7.75,7.52,7.7,20583400
2018-12-19 00:00:00+05:30,7.75,8.22,7.65,8.12,75340000
2018-12-20 00:00:00+05:30,8.1,8.3,8.0,8.25,48511920
2018-12-21 00:00:00+05:30,8.22,8.48,8.12,8.42,70454140
2018-12-24 00:00:00+05:30,8.42,8.42,7.95,8.0,60546920
2018-12-26 00:00:00+05:30,7.98,8.05,7.7,8.02,43054180
2018-12-27 00:00:00+05:30,8.02,8.2,7.85,7.92,56343480
2018-12-28 00:00:00+05:30,7.95,8.12,7.92,8.1,29666880
2018-12-31 00:00:00+05:30,8.1,8.3,8.05,8.2,31157360
2019-01-01 00:00:00+05:30,8.25,8.28,8.12,8.25,17610340
2019-01-02 00:00:00+05:30,8.2,8.25,7.88,7.95,31320920
2019-01-03 00:00:00+05:30,7.95,8.02,7.75,7.8,17317700
2019-01-04 00:00:00+05:30,7.8,7.98,7.72,7.9,23381060
2019-01-07 00:00:00+05:30,7.98,8.02,7.82,7.9,14315960
2019-01-08 00:00:00+05:30,7.92,8.05,7.8,8.0,15483320
2019-01-09 00:00:00+05:30,8.05,8.05,7.75,7.82,21983700
2019-01-10 00:00:00+05:30,7.85,7.98,7.8,7.88,16406920
2019-01-11 00:00:00+05:30,7.88,7.9,7.7,7.88,15825860
2019-01-14 00:00:00+05:30,7.85,7.88,7.6,7.65,19694580
2019-01-15 00:00:00+05:30,7.65,7.98,7.62,7.88,19076320
2019-01-16 00:00:00+05:30,7.9,7.95,7.72,7.78,18370580
2019-01-17 00:00:00+05:30,7.8,7.8,7.68,7.75,16109840
2019-01-18 00:00:00+05:30,7.75,7.78,7.4,7.5,30235580
2019-01-21 00:00:00+05:30,7.45,7.52,7.35,7.42,14984500
2019-01-22 00:00:00+05:30,7.42,7.55,7.15,7.48,34362440
2019-01-23 00:00:00+05:30,7.48,7.52,7.3,7.35,14011900
2019-01-24 00:00:00+05:30,7.38,7.42,7.1,7.18,24625700
2019-01-25 00:00:00+05:30,7.2,7.55,7.18,7.45,49178020
2019-01-28 00:00:00+05:30,7.35,7.5,7.15,7.4,33659340
2019-01-29 00:00:00+05:30,7.35,7.5,7.25,7.45,26000360
2019-01-30 00:00:00+05:30,7.48,7.52,7.2,7.28,17274420
2019-01-31 00:00:00+05:30,7.22,7.38,7.1,7.22,57855200
2019-02-01 00:00:00+05:30,7.25,7.52,7.15,7.25,29000080
2019-02-04 00:00:00+05:30,7.2,7.25,6.9,6.95,26816160
2019-02-05 00:00:00+05:30,6.75,6.95,6.0,6.15,200101580
2019-02-06 00:00:00+05:30,6.22,6.5,5.88,6.45,104198460
2019-02-07 00:00:00+05:30,6.42,6.62,6.28,6.42,68343620
2019-02-08 00:00:00+05:30,6.35,6.48,6.25,6.35,31736060
2019-02-11 00:00:00+05:30,6.2,6.38,6.05,6.25,42597540
2019-02-12 00:00:00+05:30,6.18,6.32,6.05,6.1,30207300
2019-02-13 00:00:00+05:30,6.1,6.2,6.0,6.05,26677060
2019-02-14 00:00:00+05:30,6.0,6.22,5.92,6.18,45545740
2019-02-15 00:00:00+05:30,6.15,6.2,5.95,6.05,32167540
2019-02-18 00:00:00+05:30,6.05,6.1,5.48,5.6,83309780
2019-02-19 00:00:00+05:30,5.6,5.8,5.5,5.62,99743140
2019-02-20 00:00:00+05:30,5.65,6.08,5.65,5.88,127018900
2019-02-21 00:00:00+05:30,5.88,6.25,5.8,6.18,72445100
2019-02-22 00:00:00+05:30,6.18,6.55,6.08,6.5,74087640
2019-02-25 00:00:00+05:30,6.58,6.62,6.42,6.6,62693080
2019-02-26 00:00:00+05:30,6.45,6.58,6.32,6.48,37629040
2019-02-27 00:00:00+05:30,6.5,6.88,6.5,6.72,74765320
2019-02-28 00:00:00+05:30,6.75,6.82,6.58,6.7,54034940
2019-03-01 00:00:00+05:30,6.8,7.12,6.78,7.05,53160580
2019-03-05 00:00:00+05:30,7.1,7.62,7.02,7.58,74884580
2019-03-06 00:00:00+05:30,7.52,7.68,7.35,7.52,58416540
2019-03-07 00:00:00+05:30,7.48,7.52,7.35,7.38,19424400
2019-03-08 00:00:00+05:30,7.38,7.45,7.28,7.38,19369980
2019-03-11 00:00:00+05:30,7.42,7.88,7.35,7.72,134618060
2019-03-12 00:00:00+05:30,7.7,7.85,7.52,7.55,43632000
2019-03-13 00:00:00+05:30,7.55,7.88,7.52,7.6,59309580
2019-03-14 00:00:00+05:30,7.6,7.65,7.48,7.6,30392480
2019-03-15 00:00:00+05:30,7.6,7.65,7.5,7.55,34484920
2019-03-18 00:00:00+05:30,7.55,7.68,7.32,7.48,38524720
2019-03-19 00:00:00+05:30,7.5,7.62,7.42,7.5,47700780
2019-03-20 00:00:00+05:30,7.5,7.52,7.3,7.38,37045760
2019-03-22 00:00:00+05:30,7.38,7.48,7.25,7.28,28477600
2019-03-25 00:00:00+05:30,7.25,7.25,6.88,6.98,49902560
2019-03-26 00:00:00+05:30,7.05,7.18,7.0,7.12,43062540
2019-03-27 00:00:00+05:30,7.18,7.18,7.0,7.1,41033000
2019-03-28 00:00:00+05:30,7.1,7.28,7.05,7.2,57063700
2019-03-29 00:00:00+05:30,7.2,7.38,7.1,7.25,51673180
2019-04-01 00:00:00+05:30,7.28,8.0,7.22,7.8,129559180
2019-04-02 00:00:00+05:30,7.8,7.88,7.55,7.72,66890080
2019-04-03 00:00:00+05:30,7.75,7.92,7.3,7.48,70762120
2019-04-04 00:00:00+05:30,7.48,7.52,7.18,7.22,33615680
2019-04-05 00:00:00+05:30,7.3,7.42,7.15,7.2,44277280
2019-04-08 00:00:00+05:30,7.25,7.32,7.02,7.05,34255480
2019-04-09 00:00:00+05:30,7.1,7.12,6.78,7.05,49481300
2019-04-10 00:00:00+05:30,7.0,7.18,6.85,6.88,49615980
2019-04-11 00:00:00+05:30,6.92,6.95,6.62,6.75,91265980
2019-04-12 00:00:00+05:30,6.75,7.02,6.7,6.98,57445300
2019-04-15 00:00:00+05:30,7.02,7.12,6.9,7.05,45865420
2019-04-16 00:00:00+05:30,7.08,7.2,7.02,7.1,50809760
2019-04-18 00:00:00+05:30,7.15,7.15,6.7,6.82,48841560
2019-04-22 00:00:00+05:30,6.75,6.85,6.62,6.65,31008320
2019-04-23 00:00:00+05:30,6.72,6.72,6.42,6.55,55932140
2019-04-24 00:00:00+05:30,6.55,6.75,6.5,6.7,40535920
2019-04-25 00:00:00+05:30,6.7,6.75,6.55,6.58,37679340
2019-04-26 00:00:00+05:30,6.58,6.6,6.3,6.38,51848540
2019-04-30 00:00:00+05:30,6.4,6.4,6.08,6.1,46257840
2019-05-02 00:00:00+05:30,6.1,6.18,6.0,6.1,54650340
2019-05-03 00:00:00+05:30,6.08,6.25,6.08,6.1,35523620
2019-05-06 00:00:00+05:30,6.05,6.1,5.95,6.0,37683940
2019-05-07 00:00:00+05:30,6.05,6.08,5.82,5.88,29102360
2019-05-08 00:00:00+05:30,5.85,5.92,5.65,5.7,33332480
2019-05-09 00:00:00+05:30,5.75,5.75,5.52,5.7,38499480
2019-05-10 00:00:00+05:30,5.75,6.22,5.72,6.18,109619720
2019-05-13 00:00:00+05:30,6.12,6.12,5.3,5.35,129262640
2019-05-14 00:00:00+05:30,5.28,5.8,5.28,5.72,152245000
2019-05-15 00:00:00+05:30,5.75,5.82,5.52,5.58,57128900
2019-05-16 00:00:00+05:30,5.62,5.88,5.38,5.82,79752260
2019-05-17 00:00:00+05:30,5.8,6.0,5.7,5.95,52946760
2019-05-20 00:00:00+05:30,6.2,6.7,6.1,6.4,78048440
2019-05-21 00:00:00+05:30,6.45,6.5,6.15,6.25,37228840
2019-05-22 00:00:00+05:30,6.35,6.35,6.08,6.28,53049300
2019-05-23 00:00:00+05:30,6.42,6.82,6.32,6.4,134894500
2019-05-24 00:00:00+05:30,6.5,6.88,6.35,6.8,89791880
2019-05-27 00:00:00+05:30,6.8,6.95,6.7,6.82,59891300
2019-05-28 00:00:00+05:30,6.85,6.85,6.6,6.65,53978620
2019-05-29 00:00:00+05:30,6.6,6.88,6.42,6.55,125359180
2019-05-30 00:00:00+05:30,6.55,6.58,6.38,6.42,55583140
2019-05-31 00:00:00+05:30,6.45,6.48,6.05,6.18,96522000
2019-06-03 00:00:00+05:30,6.18,6.25,6.05,6.15,59777300
2019-06-04 00:00:00+05:30,6.15,6.22,6.0,6.05,73484260
2019-06-06 00:00:00+05:30,6.1,6.12,5.75,5.92,74876160
2019-06-07 00:00:00+05:30,5.9,6.08,5.78,5.82,61853600
2019-06-10 00:00:00+05:30,5.88,5.98,5.7,5.78,59127520
2019-06-11 00:00:00+05:30,5.82,5.95,5.68,5.88,61913320
2019-06-12 00:00:00+05:30,5.88,5.92,5.78,5.82,34972800
2019-06-13 00:00:00+05:30,5.8,5.8,5.35,5.62,124699660
2019-06-14 00:00:00+05:30,5.52,5.72,5.42,5.65,84150640
2019-06-17 00:00:00+05:30,5.65,5.65,5.45,5.48,37869480
2019-06-18 00:00:00+05:30,5.45,5.58,5.15,5.22,83882740
2019-06-19 00:00:00+05:30,5.08,5.08,4.48,4.7,530804420
2019-06-20 00:00:00+05:30,4.5,4.92,4.2,4.85,434314040
2019-06-21 00:00:00+05:30,4.8,4.98,4.58,4.9,178476100
2019-06-24 00:00:00+05:30,4.88,5.12,4.82,5.0,127275020
2019-06-25 00:00:00+05:30,4.98,4.98,4.65,4.85,180995180
2019-06-26 00:00:00+05:30,4.8,5.18,4.78,5.08,124435120
2019-06-27 00:00:00+05:30,5.05,5.18,4.8,4.85,118832540
2019-06-28 00:00:00+05:30,4.85,4.95,4.75,4.8,35719460
2019-07-01 00:00:00+05:30,4.82,4.85,4.78,4.82,30830740
2019-07-02 00:00:00+05:30,4.82,4.85,4.65,4.72,23056460
2019-07-03 00:00:00+05:30,4.75,4.82,4.7,4.78,27440640
2019-07-04 00:00:00+05:30,4.8,4.85,4.78,4.8,22408800
2019-07-05 00:00:00+05:30,4.85,4.95,4.62,4.68,52057240
2019-07-08 00:00:00+05:30,4.68,4.78,4.55,4.58,23290500
2019-07-09 00:00:00+05:30,4.6,4.72,4.55,4.62,22799400
2019-07-10 00:00:00+05:30,4.68,4.68,4.58,4.62,26809600
2019-07-11 00:00:00+05:30,4.68,4.7,4.58,4.62,22902140
2019-07-12 00:00:00+05:30,4.62,4.65,4.55,4.58,11384940
2019-07-15 00:00:00+05:30,4.6,4.6,4.42,4.48,15929760
2019-07-16 00:00:00+05:30,4.48,4.5,4.28,4.35,19656580
2019-07-17 00:00:00+05:30,4.35,4.78,4.3,4.6,59660720
2019-07-18 00:00:00+05:30,4.6,4.68,4.5,4.58,22471060
2019-07-19 00:00:00+05:30,4.6,4.6,4.45,4.52,16616020
2019-07-22 00:00:00+05:30,4.55,4.62,4.5,4.58,15106160
2019-07-23 00:00:00+05:30,4.58,4.68,4.55,4.62,12178420
2019-07-24 00:00:00+05:30,4.6,4.62,4.5,4.55,12700220
2019-07-25 00:00:00+05:30,4.55,4.75,4.5,4.65,16733560
2019-07-26 00:00:00+05:30,4.68,4.8,4.58,4.78,19252560
2019-07-29 00:00:00+05:30,4.78,4.8,4.7,4.78,10426820
2019-07-30 00:00:00+05:30,4.75,4.78,4.62,4.65,13460700
2019-07-31 00:00:00+05:30,4.62,4.72,4.6,4.68,10088340
2019-08-01 00:00:00+05:30,4.68,4.78,4.55,4.6,12228800
2019-08-02 00:00:00+05:30,4.58,4.65,4.52,4.55,12369220
2019-08-05 00:00:00+05:30,4.5,4.58,4.25,4.35,20351280
2019-08-06 00:00:00+05:30,4.4,4.9,4.3,4.78,30509700
2019-08-07 00:00:00+05:30,5.0,5.3,4.65,4.75,150012280
2019-08-08 00:00:00+05:30,4.8,4.88,4.7,4.75,25391660
2019-08-09 00:00:00+05:30,4.8,4.9,4.75,4.78,13754540
2019-08-13 00:00:00+05:30,4.82,4.82,4.55,4.62,13097820
2019-08-14 00:00:00+05:30,4.8,4.8,4.48,4.55,12063300
2019-08-16 00:00:00+05:30,4.58,4.58,4.45,4.52,8434160
2019-08-19 00:00:00+05:30,4.6,4.65,4.5,4.52,7798980
2019-08-20 00:00:00+05:30,4.55,4.55,4.48,4.5,6163920
2019-08-21 00:00:00+05:30,4.45,4.48,4.25,4.3,12235600
2019-08-22 00:00:00+05:30,4.28,4.28,4.02,4.08,17908900
2019-08-23 00:00:00+05:30,4.02,4.02,3.75,3.92,25605200
2019-08-26 00:00:00+05:30,4.1,4.1,3.9,4.05,13413280
2019-08-27 00:00:00+05:30,4.05,4.2,4.02,4.15,16251420
2019-08-28 00:00:00+05:30,4.15,4.2,3.88,3.9,12533260
2019-08-29 00:00:00+05:30,3.92,4.08,3.9,3.98,11355160
2019-08-30 00:00:00+05:30,3.98,4.02,3.8,3.82,18554460
2019-09-03 00:00:00+05:30,3.82,3.82,3.5,3.58,18770140
2019-09-04 00:00:00+05:30,3.55,3.58,3.38,3.4,28425920
2019-09-05 00:00:00+05:30,3.4,3.55,3.4,3.52,23059280
2019-09-06 00:00:00+05:30,3.52,3.68,3.48,3.6,23381560
2019-09-09 00:00:00+05:30,3.55,3.7,3.55,3.65,13269980
2019-09-11 00:00:00+05:30,3.65,3.88,3.65,3.88,23749960
2019-09-12 00:00:00+05:30,3.9,4.32,3.9,4.18,61867240
2019-09-13 00:00:00+05:30,4.18,4.25,4.02,4.08,18667080
2019-09-16 00:00:00+05:30,4.0,4.28,4.0,4.22,18329980
2019-09-17 00:00:00+05:30,4.28,4.3,3.92,4.0,15159880
2019-09-18 00:00:00+05:30,4.08,4.15,4.0,4.02,10456380
2019-09-19 00:00:00+05:30,4.08,4.08,3.9,3.98,11809880
2019-09-20 00:00:00+05:30,4.0,4.48,3.82,4.4,46691480
2019-09-23 00:00:00+05:30,4.5,4.68,4.45,4.62,30973900
2019-09-24 00:00:00+05:30,4.65,4.7,4.42,4.5,13743020
2019-09-25 00:00:00+05:30,4.45,4.68,4.28,4.32,14198400
2019-09-26 00:00:00+05:30,4.35,4.4,4.08,4.12,16470040
2019-09-27 00:00:00+05:30,4.1,4.15,3.95,3.98,12064820
2019-09-30 00:00:00+05:30,3.95,4.0,3.62,3.72,17668720
2019-10-01 00:00:00+05:30,3.7,3.78,3.4,3.58,15464480
2019-10-03 00:00:00+05:30,3.52,3.62,3.42,3.48,14663400
2019-10-04 00:00:00+05:30,3.55,3.58,3.45,3.48,25114960
2019-10-07 00:00:00+05:30,3.5,3.55,3.28,3.4,12030600
2019-10-09 00:00:00+05:30,3.42,3.42,3.22,3.3,21473700
2019-10-10 00:00:00+05:30,3.32,3.35,3.2,3.22,19714400
2019-10-11 00:00:00+05:30,3.25,3.25,2.8,3.05,59675720
2019-10-14 00:00:00+05:30,3.08,3.1,2.95,2.98,19596680
2019-10-15 00:00:00+05:30,3.02,3.05,2.98,3.05,11628060
2019-10-16 00:00:00+05:30,3.05,3.22,3.0,3.2,41398540
2019-10-17 00:00:00+05:30,3.22,3.42,3.18,3.32,26562080
2019-10-18 00:00:00+05:30,3.32,3.55,3.3,3.35,34487580
2019-10-22 00:00:00+05:30,3.38,3.65,3.35,3.58,29966220
2019-10-23 00:00:00+05:30,3.6,4.28,3.58,4.05,135303360
2019-10-24 00:00:00+05:30,4.1,4.2,3.92,4.12,72813540
2019-10-25 00:00:00+05:30,4.08,4.12,3.92,3.98,15701440
2019-10-27 00:00:00+05:30,4.02,4.12,3.92,4.02,2576020
2019-10-29 00:00:00+05:30,4.02,4.12,3.95,4.08,16763200
2019-10-30 00:00:00+05:30,4.05,4.22,4.02,4.08,24658100
2019-10-31 00:00:00+05:30,4.18,4.18,3.9,3.95,15178960
2019-11-01 00:00:00+05:30,3.95,4.05,3.9,3.95,13465380
2019-11-04 00:00:00+05:30,3.95,3.98,3.92,3.95,12159800
2019-11-05 00:00:00+05:30,3.92,3.95,3.75,3.78,13348340
2019-11-06 00:00:00+05:30,3.78,3.78,3.65,3.68,17921160
2019-11-07 00:00:00+05:30,3.7,3.78,3.65,3.68,18595120
2019-11-08 00:00:00+05:30,3.65,3.7,3.55,3.58,14670180
2019-11-11 00:00:00+05:30,3.58,3.72,3.55,3.68,15164600
2019-11-13 00:00:00+05:30,3.65,3.72,3.58,3.65,73812360
2019-11-14 00:00:00+05:30,3.65,3.7,3.52,3.6,10423120
2019-11-15 00:00:00+05:30,3.6,3.62,3.52,3.58,8614460
2019-11-18 00:00:00+05:30,3.58,3.6,3.52,3.52,7494260
2019-11-19 00:00:00+05:30,3.55,3.6,3.52,3.58,7826760
2019-11-20 00:00:00+05:30,3.6,3.85,3.55,3.8,39299780
2019-11-21 00:00:00+05:30,4.0,4.48,4.0,4.25,208568920
2019-11-22 00:00:00+05:30,4.3,4.3,4.08,4.12,30208660
2019-11-25 00:00:00+05:30,4.2,4.22,4.08,4.12,25551820
2019-11-26 00:00:00+05:30,4.15,4.18,3.88,3.95,20222980
2019-11-27 00:00:00+05:30,3.95,3.98,3.85,3.88,12515420
2019-11-28 00:00:00+05:30,3.9,3.98,3.72,3.75,27465000
2019-11-29 00:00:00+05:30,3.78,3.88,3.75,3.8,23063000
2019-12-02 00:00:00+05:30,3.8,3.8,3.7,3.7,9195180
2019-12-03 00:00:00+05:30,3.7,3.7,3.58,3.6,11705760
2019-12-04 00:00:00+05:30,3.5,3.6,3.5,3.52,13513920
2019-12-05 00:00:00+05:30,3.55,3.62,3.52,3.55,15922340
2019-12-06 00:00:00+05:30,3.58,3.62,3.42,3.48,11458300
2019-12-09 00:00:00+05:30,3.5,3.58,3.38,3.42,15535240
2019-12-10 00:00:00+05:30,3.42,3.42,3.3,3.32,9886760
2019-12-11 00:00:00+05:30,3.45,3.5,3.3,3.35,29368740
2019-12-12 00:00:00+05:30,3.35,3.35,3.25,3.3,15993660
2019-12-13 00:00:00+05:30,3.32,3.4,3.3,3.38,18477620
2019-12-16 00:00:00+05:30,3.4,3.68,3.38,3.58,59834860
2019-12-17 00:00:00+05:30,3.58,3.62,3.5,3.52,32898320
2019-12-18 00:00:00+05:30,3.6,3.62,3.52,3.58,36868100
2019-12-19 00:00:00+05:30,3.55,3.55,3.45,3.5,16825360
2019-12-20 00:00:00+05:30,3.5,3.6,3.42,3.48,30667200
2019-12-23 00:00:00+05:30,3.45,3.48,3.4,3.42,12159140
2019-12-24 00:00:00+05:30,3.45,3.45,3.38,3.38,9368980
2019-12-26 00:00:00+05:30,3.38,3.4,3.32,3.32,12704060
2019-12-27 00:00:00+05:30,3.35,3.5,3.32,3.48,24980940
2019-12-30 00:00:00+05:30,3.48,3.6,3.45,3.58,22154140
2019-12-31 00:00:00+05:30,3.55,3.78,3.52,3.72,60684100
2020-01-01 00:00:00+05:30,3.75,3.75,3.62,3.65,19871200
2020-01-02 00:00:00+05:30,3.65,3.8,3.65,3.75,28199820
2020-01-03 00:00:00+05:30,3.78,3.98,3.75,3.85,68373380
2020-01-06 00:00:00+05:30,3.9,3.92,3.7,3.75,31755400
2020-01-07 00:00:00+05:30,3.78,3.85,3.72,3.78,16127660
2020-01-08 00:00:00+05:30,3.65,3.82,3.62,3.75,15921660
2020-01-09 00:00:00+05:30,3.8,3.85,3.75,3.78,18396640
2020-01-10 00:00:00+05:30,3.82,4.18,3.8,4.12,104545800
2020-01-13 00:00:00+05:30,4.2,4.55,4.2,4.5,119675020
2020-01-14 00:00:00+05:30,4.55,4.65,4.52,4.6,63931200
2020-01-15 00:00:00+05:30,4.58,4.6,4.45,4.52,35609880
2020-01-16 00:00:00+05:30,4.55,4.85,4.5,4.78,53115280
2020-01-17 00:00:00+05:30,4.75,5.15,4.7,5.02,125384060
2020-01-20 00:00:00+05:30,5.1,5.98,5.02,5.75,263136840
2020-01-21 00:00:00+05:30,5.75,6.0,5.55,5.85,142296160
2020-01-22 00:00:00+05:30,5.82,5.9,5.65,5.7,55730160
2020-01-23 00:00:00+05:30,5.58,5.8,5.58,5.68,44828200
2020-01-24 00:00:00+05:30,5.75,5.8,5.65,5.75,39314300
2020-01-27 00:00:00+05:30,5.6,5.85,5.58,5.7,55293380
2020-01-28 00:00:00+05:30,5.75,5.82,5.58,5.62,30078120
2020-01-29 00:00:00+05:30,5.65,5.72,5.6,5.65,19691840
2020-01-30 00:00:00+05:30,5.65,5.68,5.32,5.52,49075580
2020-01-31 00:00:00+05:30,5.55,5.58,5.18,5.32,47738380
2020-02-01 00:00:00+05:30,5.35,5.65,4.9,5.0,72092420
2020-02-03 00:00:00+05:30,4.9,5.3,4.8,5.2,37202980
2020-02-04 00:00:00+05:30,5.25,5.45,5.15,5.38,30549500
2020-02-05 00:00:00+05:30,5.4,5.55,5.32,5.48,35579420
2020-02-06 00:00:00+05:30,5.5,5.5,5.38,5.45,24138280
2020-02-07 00:00:00+05:30,5.42,5.55,5.38,5.42,27148160
2020-02-10 00:00:00+05:30,5.4,5.88,5.35,5.6,49215880
2020-02-11 00:00:00+05:30,5.65,5.85,5.22,5.55,152558920
2020-02-12 00:00:00+05:30,5.42,5.5,5.22,5.35,34961880
2020-02-13 00:00:00+05:30,5.38,5.4,5.2,5.28,22991220
2020-02-14 00:00:00+05:30,5.3,5.4,4.95,5.02,34415960
2020-02-17 00:00:00+05:30,4.9,5.02,4.75,4.85,29097620
2020-02-18 00:00:00+05:30,4.82,5.08,4.72,5.0,41087120
2020-02-19 00:00:00+05:30,5.02,5.05,4.78,4.82,22341160
2020-02-20 00:00:00+05:30,4.85,5.02,4.75,4.95,30150620
2020-02-24 00:00:00+05:30,4.98,4.98,4.62,4.68,34687360
2020-02-25 00:00:00+05:30,4.7,5.1,4.62,4.88,76060720
2020-02-26 00:00:00+05:30,4.95,5.1,4.6,4.7,110461900
2020-02-27 00:00:00+05:30,4.68,4.85,4.65,4.7,39815800
2020-02-28 00:00:00+05:30,4.42,4.55,4.15,4.2,41981880
2020-03-02 00:00:00+05:30,4.32,4.38,3.7,3.92,36774240
2020-03-03 00:00:00+05:30,4.0,4.1,3.88,4.0,33912660
2020-03-04 00:00:00+05:30,4.05,4.12,3.8,4.05,39161680
2020-03-05 00:00:00+05:30,4.08,4.08,3.8,3.88,37521720
2020-03-06 00:00:00+05:30,3.5,3.75,3.35,3.65,31554240
2020-03-09 00:00:00+05:30,3.55,3.58,3.35,3.4,21970300
2020-03-11 00:00:00+05:30,3.4,3.9,3.38,3.85,65900700
2020-03-12 00:00:00+05:30,3.5,3.65,3.12,3.2,50934960
2020-03-13 00:00:00+05:30,2.9,3.85,2.62,3.35,43715580
2020-03-16 00:00:00+05:30,3.25,3.32,3.12,3.18,22008360
2020-03-17 00:00:00+05:30,3.18,3.5,3.12,3.2,23748520
2020-03-18 00:00:00+05:30,3.35,3.38,2.98,3.02,21158920
2020-03-19 00:00:00+05:30,2.85,3.0,2.75,2.85,17361920
2020-03-20 00:00:00+05:30,2.98,3.05,2.85,2.92,20054960
2020-03-23 00:00:00+05:30,2.75,2.75,2.4,2.52,12522780
2020-03-24 00:00:00+05:30,2.62,2.7,2.3,2.38,15831600
2020-03-25 00:00:00+05:30,2.28,2.5,2.28,2.45,12794620
2020-03-26 00:00:00+05:30,2.5,2.95,2.45,2.68,34611220
2020-03-27 00:00:00+05:30,2.75,2.92,2.7,2.7,25740700
2020-03-30 00:00:00+05:30,2.6,2.68,2.52,2.6,14024560
2020-03-31 00:00:00+05:30,2.65,2.78,2.6,2.65,17405460
2020-04-01 00:00:00+05:30,2.65,2.7,2.5,2.55,14859400
2020-04-03 00:00:00+05:30,2.55,2.68,2.52,2.58,13579080
2020-04-07 00:00:00+05:30,2.65,2.68,2.62,2.68,9564460
2020-04-08 00:00:00+05:30,2.6,3.1,2.6,3.02,45605340
2020-04-09 00:00:00+05:30,3.12,3.45,3.05,3.3,44708980
2020-04-13 00:00:00+05:30,3.35,3.38,3.12,3.3,16529280
2020-04-15 00:00:00+05:30,3.32,3.92,3.3,3.55,63917460
2020-04-16 00:00:00+05:30,3.72,3.85,3.52,3.65,30004200
2020-04-17 00:00:00+05:30,3.8,4.12,3.75,3.88,75432140
2020-04-20 00:00:00+05:30,4.08,4.25,4.0,4.08,45812060
2020-04-21 00:00:00+05:30,3.88,4.0,3.82,3.9,13151640
2020-04-22 00:00:00+05:30,3.9,3.95,3.75,3.85,8937660
2020-04-23 00:00:00+05:30,3.85,3.98,3.8,3.82,6234500
2020-04-24 00:00:00+05:30,3.8,3.82,3.62,3.65,6448440
2020-04-27 00:00:00+05:30,3.8,3.9,3.65,3.68,10912640
2020-04-28 00:00:00+05:30,3.75,3.78,3.52,3.58,13650420
2020-04-29 00:00:00+05:30,3.6,3.7,3.55,3.6,14897600
2020-04-30 00:00:00+05:30,3.68,3.68,3.45,3.48,35434960
2020-05-04 00:00:00+05:30,3.35,3.4,3.2,3.3,13117840
2020-05-05 00:00:00+05:30,3.32,3.35,3.15,3.15,14499140
2020-05-06 00:00:00+05:30,3.35,3.35,3.18,3.2,19827220
2020-05-07 00:00:00+05:30,3.2,3.3,3.15,3.25,18308040
2020-05-08 00:00:00+05:30,3.45,3.45,3.18,3.22,43030200
2020-05-11 00:00:00+05:30,3.22,3.3,3.12,3.12,14804040
2020-05-12 00:00:00+05:30,3.12,3.12,3.0,3.05,17217400
2020-05-13 00:00:00+05:30,3.2,3.3,3.15,3.28,38096940
2020-05-14 00:00:00+05:30,3.28,3.35,3.18,3.2,19468220
2020-05-15 00:00:00+05:30,3.25,3.3,3.18,3.2,20383880
2020-05-18 00:00:00+05:30,3.2,3.2,2.98,3.0,17999300
2020-05-19 00:00:00+05:30,3.0,3.08,2.95,2.98,9111700
2020-05-20 00:00:00+05:30,3.0,3.0,2.92,2.98,8405200
2020-05-21 00:00:00+05:30,3.05,3.08,3.02,3.05,7830540
2020-05-22 00:00:00+05:30,3.02,3.05,2.92,2.95,8382360
2020-05-26 00:00:00+05:30,2.95,2.98,2.9,2.92,11805920
2020-05-27 00:00:00+05:30,2.95,2.95,2.88,2.88,11330520
2020-05-28 00:00:00+05:30,2.88,3.08,2.88,3.02,19760500
2020-05-29 00:00:00+05:30,3.02,3.15,2.98,3.02,37752540
2020-06-01 00:00:00+05:30,3.08,3.2,3.05,3.18,22114100
2020-06-02 00:00:00+05:30,3.18,3.38,3.12,3.3,33428140
2020-06-03 00:00:00+05:30,3.32,3.38,3.28,3.28,19825260
2020-06-04 00:00:00+05:30,3.25,3.32,3.2,3.25,12954180
2020-06-05 00:00:00+05:30,3.32,3.38,3.3,3.32,45766080
2020-06-08 00:00:00+05:30,3.4,3.6,3.4,3.45,67039100
2020-06-09 00:00:00+05:30,3.48,3.48,3.28,3.3,32060880
2020-06-10 00:00:00+05:30,3.32,3.48,3.2,3.35,71815280
2020-06-11 00:00:00+05:30,3.35,3.42,3.22,3.28,44798800
2020-06-12 00:00:00+05:30,3.1,3.22,3.1,3.15,30481120
2020-06-15 00:00:00+05:30,3.15,3.58,3.15,3.5,121491860
2020-06-16 00:00:00+05:30,3.52,3.6,3.2,3.32,71058620
2020-06-17 00:00:00+05:30,3.28,3.4,3.25,3.35,33324680
2020-06-18 00:00:00+05:30,3.35,3.55,3.32,3.48,53179220
2020-06-19 00:00:00+05:30,3.65,3.72,3.5,3.55,114046340
2020-06-22 00:00:00+05:30,3.75,4.15,3.75,4.0,222783440
2020-06-23 00:00:00+05:30,4.08,4.75,4.08,4.55,342449520
2020-06-24 00:00:00+05:30,4.65,4.72,4.25,4.3,146521340
2020-06-25 00:00:00+05:30,4.25,4.6,4.12,4.5,116081360
2020-06-26 00:00:00+05:30,4.55,4.68,4.35,4.5,83426360
2020-06-29 00:00:00+05:30,4.5,4.65,4.45,4.55,76395040
2020-06-30 00:00:00+05:30,4.6,4.6,4.32,4.42,51792940
2020-07-01 00:00:00+05:30,4.45,4.75,4.35,4.62,155024820
2020-07-02 00:00:00+05:30,4.68,4.82,4.68,4.75,93923800
2020-07-03 00:00:00+05:30,4.78,5.02,4.72,4.95,116134920
2020-07-06 00:00:00+05:30,5.0,5.48,5.0,5.4,132412900
2020-07-07 00:00:00+05:30,5.42,5.72,5.3,5.68,150416120
2020-07-08 00:00:00+05:30,5.7,5.98,5.65,5.88,148806880
2020-07-09 00:00:00+05:30,5.92,6.42,5.9,6.25,258772620
2020-07-10 00:00:00+05:30,6.25,6.35,6.0,6.1,121873500
2020-07-13 00:00:00+05:30,6.32,6.32,6.12,6.18,99209940
2020-07-14 00:00:00+05:30,6.1,6.18,5.82,6.02,68109780
2020-07-15 00:00:00+05:30,6.02,6.1,5.85,5.92,59159700
2020-07-16 00:00:00+05:30,5.52,5.85,5.5,5.7,46557620
2020-07-17 00:00:00+05:30,5.7,6.18,5.65,5.92,103847420
2020-07-20 00:00:00+05:30,5.98,6.1,5.88,5.92,30958080
2020-07-21 00:00:00+05:30,5.98,5.98,5.62,5.7,53585200
2020-07-22 00:00:00+05:30,5.72,5.75,5.55,5.65,38074120
2020-07-23 00:00:00+05:30,5.68,6.08,5.65,6.0,117693640
2020-07-24 00:00:00+05:30,5.95,6.28,5.92,6.12,121059480
2020-07-27 00:00:00+05:30,6.18,6.28,6.08,6.1,43218900
2020-07-28 00:00:00+05:30,6.12,6.2,6.02,6.1,61167440
2020-07-29 00:00:00+05:30,6.1,6.4,5.95,6.35,163187680
2020-07-30 00:00:00+05:30,6.35,6.42,6.1,6.15,81861340
2020-07-31 00:00:00+05:30,6.18,6.25,5.98,6.05,33583920
2020-08-03 00:00:00+05:30,6.1,6.22,6.05,6.08,43870860
2020-08-04 00:00:00+05:30,6.12,6.18,6.02,6.08,45297060
2020-08-05 00:00:00+05:30,6.08,6.12,5.95,6.0,24164040
2020-08-06 00:00:00+05:30,6.05,6.25,6.0,6.12,42654600
2020-08-07 00:00:00+05:30,6.15,6.28,6.05,6.12,40818040
2020-08-10 00:00:00+05:30,6.15,6.25,6.05,6.08,28318060
2020-08-11 00:00:00+05:30,6.1,6.22,5.8,5.98,49225640
2020-08-12 00:00:00+05:30,5.92,6.1,5.88,6.0,29103700
2020-08-13 00:00:00+05:30,6.05,6.15,6.02,6.08,41789440
2020-08-14 00:00:00+05:30,6.12,6.12,5.92,6.0,26054080
2020-08-17 00:00:00+05:30,6.08,6.08,5.92,5.95,18219880
2020-08-18 00:00:00+05:30,5.98,6.1,5.92,5.92,34286800
2020-08-19 00:00:00+05:30,6.1,6.95,6.1,6.55,434073040
2020-08-20 00:00:00+05:30,6.52,6.8,6.4,6.62,149726180
2020-08-21 00:00:00+05:30,6.5,6.6,6.28,6.38,48802040
2020-08-24 00:00:00+05:30,6.4,6.42,6.18,6.22,35472120
2020-08-25 00:00:00+05:30,6.3,6.48,6.25,6.28,48371480
2020-08-26 00:00:00+05:30,6.35,6.58,6.25,6.45,43017880
2020-08-27 00:00:00+05:30,6.5,6.6,6.45,6.48,24911080
2020-08-28 00:00:00+05:30,6.52,6.65,6.4,6.45,24321200
2020-08-31 00:00:00+05:30,6.48,6.52,5.88,5.95,35947720
2020-09-01 00:00:00+05:30,5.85,6.18,5.85,6.0,12580240
2020-09-02 00:00:00+05:30,6.02,6.05,5.92,6.0,10423360
2020-09-03 00:00:00+05:30,6.02,6.1,5.98,6.0,7870300
2020-09-04 00:00:00+05:30,5.9,6.65,5.78,6.25,96518180
2020-09-07 00:00:00+05:30,6.3,6.42,6.1,6.32,26251000
2020-09-08 00:00:00+05:30,6.3,6.3,6.0,6.05,17217700
2020-09-09 00:00:00+05:30,6.0,6.2,5.88,6.12,16956200
2020-09-10 00:00:00+05:30,6.15,6.2,6.02,6.05,12149640
2020-09-11 00:00:00+05:30,6.1,6.12,5.92,6.0,13465260
2020-09-14 00:00:00+05:30,6.02,6.22,6.02,6.15,20069420
2020-09-15 00:00:00+05:30,6.2,6.22,5.95,6.05,19758220
2020-09-16 00:00:00+05:30,6.18,6.18,6.0,6.05,25874720
2020-09-17 00:00:00+05:30,6.0,6.08,5.95,5.98,12943760
2020-09-18 00:00:00+05:30,6.05,6.05,5.78,5.8,18816220
2020-09-21 00:00:00+05:30,5.82,5.98,5.58,5.75,20178720
2020-09-22 00:00:00+05:30,5.8,5.82,5.3,5.42,19868200
2020-09-23 00:00:00+05:30,5.5,5.72,5.4,5.48,11752180
2020-09-24 00:00:00+05:30,5.4,5.4,5.05,5.1,12248860
2020-09-25 00:00:00+05:30,5.2,5.52,5.2,5.42,27463260
2020-09-28 00:00:00+05:30,5.55,5.72,5.52,5.7,18149620
2020-09-29 00:00:00+05:30,5.75,5.8,5.55,5.6,48605880
2020-09-30 00:00:00+05:30,5.8,5.8,5.62,5.65,20042280
2020-10-01 00:00:00+05:30,5.75,5.75,5.58,5.6,6053880
2020-10-05 00:00:00+05:30,5.65,5.65,5.55,5.6,8306240
2020-10-06 00:00:00+05:30,5.6,5.7,5.58,5.65,10057320
2020-10-07 00:00:00+05:30,5.65,5.7,5.6,5.62,9871280
2020-10-08 00:00:00+05:30,5.65,5.7,5.52,5.58,19552200
2020-10-09 00:00:00+05:30,5.58,5.68,5.52,5.6,10757660
2020-10-12 00:00:00+05:30,5.65,5.65,5.45,5.45,4287760
2020-10-13 00:00:00+05:30,5.45,5.58,5.18,5.55,14396960
2020-10-14 00:00:00+05:30,5.55,5.55,5.38,5.48,12264200
2020-10-15 00:00:00+05:30,5.58,5.58,5.25,5.32,9611880
2020-10-16 00:00:00+05:30,5.4,5.48,5.32,5.4,8891540
2020-10-19 00:00:00+05:30,5.42,5.58,5.42,5.5,13078680
2020-10-20 00:00:00+05:30,5.42,5.55,5.38,5.55,7345060
2020-10-21 00:00:00+05:30,5.58,5.65,5.42,5.55,11491760
2020-10-22 00:00:00+05:30,5.5,5.92,5.5,5.85,32696960
2020-10-23 00:00:00+05:30,5.9,5.98,5.72,5.8,11754320
2020-10-26 00:00:00+05:30,5.8,5.88,5.62,5.68,10359360
2020-10-27 00:00:00+05:30,5.68,5.82,5.58,5.82,9571700
2020-10-28 00:00:00+05:30,5.82,5.82,5.72,5.75,4173180
2020-10-29 00:00:00+05:30,5.62,5.82,5.6,5.78,9632380
2020-10-30 00:00:00+05:30,5.8,5.8,5.62,5.68,5251820
2020-11-02 00:00:00+05:30,5.7,5.7,5.6,5.65,4356200
2020-11-03 00:00:00+05:30,5.65,5.7,5.42,5.48,10168260
2020-11-04 00:00:00+05:30,5.45,5.52,5.32,5.38,10097200
2020-11-05 00:00:00+05:30,5.42,5.5,5.42,5.45,4408680
2020-11-06 00:00:00+05:30,5.45,5.55,5.45,5.48,6818560
2020-11-09 00:00:00+05:30,5.5,5.65,5.5,5.58,18199520
2020-11-10 00:00:00+05:30,5.6,5.7,5.55,5.6,7748160
2020-11-11 00:00:00+05:30,5.62,5.75,5.6,5.62,4672460
2020-11-12 00:00:00+05:30,5.7,5.8,5.65,5.78,8138940
2020-11-13 00:00:00+05:30,5.55,5.58,5.42,5.45,18662100
2020-11-14 00:00:00+05:30,5.55,5.6,5.52,5.58,1889240
2020-11-17 00:00:00+05:30,5.6,5.75,5.58,5.68,14463520
2020-11-18 00:00:00+05:30,5.75,5.95,5.7,5.92,51812320
2020-11-19 00:00:00+05:30,5.88,6.0,5.82,5.95,33069020
2020-11-20 00:00:00+05:30,5.95,5.95,5.8,5.9,19332240
2020-11-23 00:00:00+05:30,5.95,6.12,5.82,6.0,23960380
2020-11-24 00:00:00+05:30,6.08,6.08,5.9,5.98,15448740
2020-11-25 00:00:00+05:30,6.1,6.2,5.88,5.92,25854900
2020-11-26 00:00:00+05:30,5.92,5.98,5.9,5.95,13118540
2020-11-27 00:00:00+05:30,5.98,6.08,5.9,5.92,10367380
2020-12-01 00:00:00+05:30,5.95,6.05,5.92,5.95,7597580
2020-12-02 00:00:00+05:30,6.0,6.02,5.85,5.88,11291240
2020-12-03 00:00:00+05:30,5.88,5.95,5.85,5.9,7657800
2020-12-04 00:00:00+05:30,5.92,6.1,5.9,5.98,13932680
2020-12-07 00:00:00+05:30,5.95,6.15,5.9,5.92,13190820
2020-12-08 00:00:00+05:30,6.0,6.05,5.88,5.9,8670280
2020-12-09 00:00:00+05:30,5.95,5.95,5.85,5.88,9272700
2020-12-10 00:00:00+05:30,5.88,5.92,5.78,5.8,4559280
2020-12-11 00:00:00+05:30,5.85,5.85,5.7,5.72,6236120
2020-12-14 00:00:00+05:30,5.72,5.78,5.62,5.65,6809080
2020-12-15 00:00:00+05:30,5.68,5.72,5.52,5.58,6923980
2020-12-16 00:00:00+05:30,5.6,5.85,5.55,5.72,14980120
2020-12-17 00:00:00+05:30,5.72,5.78,5.6,5.62,6001420
2020-12-18 00:00:00+05:30,5.65,5.68,5.38,5.52,8333040
2020-12-21 00:00:00+05:30,5.48,5.55,5.05,5.08,8450820
2020-12-22 00:00:00+05:30,5.12,5.22,4.88,5.08,8348660
2020-12-23 00:00:00+05:30,5.05,5.32,5.05,5.25,8540080
2020-12-24 00:00:00+05:30,5.25,5.48,5.25,5.35,4800600
2020-12-28 00:00:00+05:30,5.48,5.82,5.45,5.6,13706500
2020-12-29 00:00:00+05:30,5.65,5.68,5.45,5.5,7898540
2020-12-30 00:00:00+05:30,5.5,5.58,5.45,5.48,4137380
2020-12-31 00:00:00+05:30,5.5,6.02,5.45,5.92,63724540
2021-01-01 00:00:00+05:30,5.9,6.12,5.82,5.92,41109220
2021-01-04 00:00:00+05:30,5.95,6.0,5.85,5.88,24085260
2021-01-05 00:00:00+05:30,5.8,5.9,5.7,5.75,12909500
2021-01-06 00:00:00+05:30,5.75,5.85,5.65,5.7,15956920
2021-01-07 00:00:00+05:30,5.75,5.85,5.55,5.68,38191680
2021-01-08 00:00:00+05:30,5.75,5.82,5.7,5.72,21561420
2021-01-11 00:00:00+05:30,5.78,5.82,5.65,5.75,12275640
2021-01-12 00:00:00+05:30,5.75,5.88,5.7,5.8,25478480
2021-01-13 00:00:00+05:30,5.85,5.92,5.78,5.85,23632440
2021-01-14 00:00:00+05:30,5.85,5.9,5.78,5.85,10173560
2021-01-15 00:00:00+05:30,5.85,5.9,5.72,5.8,14252140
2021-01-18 00:00:00+05:30,5.8,5.85,5.65,5.7,11520500
2021-01-19 00:00:00+05:30,5.9,5.9,5.72,5.78,21784680
2021-01-20 00:00:00+05:30,5.9,6.08,5.82,5.9,58606580
2021-01-21 00:00:00+05:30,5.95,6.02,5.75,5.78,22666080
2021-01-22 00:00:00+05:30,5.8,5.82,5.65,5.68,14187580
2021-01-25 00:00:00+05:30,5.72,5.82,5.5,5.62,8108060
2021-01-27 00:00:00+05:30,5.75,5.75,5.58,5.68,11581900
2021-01-28 00:00:00+05:30,5.62,5.65,5.48,5.5,16155660
2021-01-29 00:00:00+05:30,5.6,5.6,5.32,5.42,10364720
2021-02-01 00:00:00+05:30,5.42,5.7,5.32,5.38,53235740
2021-02-02 00:00:00+05:30,5.45,5.62,5.45,5.52,21070940
2021-02-03 00:00:00+05:30,5.55,5.6,5.32,5.4,24976700
2021-02-04 00:00:00+05:30,5.42,5.58,5.4,5.45,23687160
2021-02-05 00:00:00+05:30,5.5,5.52,5.38,5.38,14194320
2021-02-08 00:00:00+05:30,5.4,5.52,5.4,5.45,19002600
2021-02-09 00:00:00+05:30,5.5,5.6,5.48,5.52,24402280
2021-02-10 00:00:00+05:30,5.55,5.65,5.52,5.6,15715240
2021-02-11 00:00:00+05:30,5.58,5.68,5.48,5.5,17763880
2021-02-12 00:00:00+05:30,5.52,5.55,5.4,5.45,6891900
2021-02-15 00:00:00+05:30,5.52,5.55,5.42,5.45,9575600
2021-02-16 00:00:00+05:30,5.48,5.5,5.38,5.4,11862540
2021-02-17 00:00:00+05:30,5.38,5.42,5.3,5.32,11201180
2021-02-18 00:00:00+05:30,5.38,5.52,5.35,5.4,33882060
2021-02-19 00:00:00+05:30,5.4,5.52,5.32,5.35,13091700
2021-02-22 00:00:00+05:30,5.38,5.5,5.25,5.3,9144220
2021-02-23 00:00:00+05:30,5.42,5.45,5.3,5.32,8396320
2021-02-24 00:00:00+05:30,5.35,5.4,5.25,5.3,8501040
2021-02-25 00:00:00+05:30,5.35,5.42,5.3,5.35,13142580
2021-02-26 00:00:00+05:30,5.32,5.48,5.25,5.4,13919540
2021-03-01 00:00:00+05:30,5.48,5.48,5.32,5.35,13544060
2021-03-02 00:00:00+05:30,5.4,5.7,5.38,5.62,78620140
2021-03-03 00:00:00+05:30,5.7,5.8,5.62,5.65,60528040
2021-03-04 00:00:00+05:30,5.58,5.82,5.52,5.68,21430080
2021-03-05 00:00:00+05:30,5.7,5.92,5.58,5.68,60501960
2021-03-08 00:00:00+05:30,5.72,6.6,5.68,6.2,399238220
2021-03-09 00:00:00+05:30,6.3,6.42,5.9,6.05,105484520
2021-03-10 00:00:00+05:30,6.12,6.22,6.0,6.1,39299920
2021-03-12 00:00:00+05:30,6.18,6.28,5.98,6.08,35784520
2021-03-15 00:00:00+05:30,6.1,6.1,5.75,5.85,33273360
2021-03-16 00:00:00+05:30,5.88,5.9,5.75,5.78,17434680
2021-03-17 00:00:00+05:30,5.8,6.18,5.62,5.7,123126080
2021-03-18 00:00:00+05:30,5.75,5.82,5.35,5.55,48964700
2021-03-19 00:00:00+05:30,5.58,5.6,5.3,5.52,61416200
2021-03-22 00:00:00+05:30,5.58,5.72,5.5,5.62,35488900
2021-03-23 00:00:00+05:30,5.68,5.68,5.48,5.5,31917140
2021-03-24 00:00:00+05:30,5.5,5.6,5.3,5.35,25149780
2021-03-25 00:00:00+05:30,5.45,5.45,5.15,5.2,29406600
2021-03-26 00:00:00+05:30,5.3,5.35,5.12,5.12,23962760
2021-03-30 00:00:00+05:30,5.18,5.25,5.12,5.18,23000300
2021-03-31 00:00:00+05:30,5.45,5.6,5.38,5.42,151794500
2021-04-01 00:00:00+05:30,5.5,5.75,5.45,5.7,62953100
2021-04-05 00:00:00+05:30,5.7,5.7,5.38,5.45,39576020
2021-04-06 00:00:00+05:30,5.5,5.55,5.4,5.45,20808920
2021-04-07 00:00:00+05:30,5.5,5.5,5.42,5.48,12301260
2021-04-08 00:00:00+05:30,5.48,5.58,5.4,5.45,13922180
2021-04-09 00:00:00+05:30,5.45,5.55,5.45,5.5,16545340
2021-04-12 00:00:00+05:30,5.32,5.4,5.02,5.2,23316780
2021-04-13 00:00:00+05:30,5.28,5.38,5.18,5.32,10927280
2021-04-15 00:00:00+05:30,5.25,5.48,5.25,5.45,17304980
2021-04-16 00:00:00+05:30,5.48,5.52,5.4,5.42,9414400
2021-04-19 00:00:00+05:30,5.15,5.3,5.02,5.1,18092220
2021-04-20 00:00:00+05:30,5.12,5.22,5.12,5.2,8831560
2021-04-22 00:00:00+05:30,5.22,5.3,5.15,5.25,10317220
2021-04-23 00:00:00+05:30,5.25,5.38,5.2,5.2,18458120
2021-04-26 00:00:00+05:30,5.22,5.3,5.22,5.25,11396760
2021-04-27 00:00:00+05:30,5.25,5.32,5.22,5.25,14717160
2021-04-28 00:00:00+05:30,5.28,5.35,5.22,5.3,11898600
2021-04-29 00:00:00+05:30,5.38,5.38,5.28,5.35,8538080
2021-04-30 00:00:00+05:30,5.3,5.32,5.2,5.22,19104120
2021-05-03 00:00:00+05:30,5.15,5.3,5.12,5.25,7602320
2021-05-04 00:00:00+05:30,5.25,5.3,5.2,5.22,17874880
2021-05-05 00:00:00+05:30,5.25,5.3,5.12,5.15,12923560
2021-05-06 00:00:00+05:30,5.2,5.22,5.15,5.15,11306840
2021-05-07 00:00:00+05:30,5.45,5.6,5.32,5.35,52274660
2021-05-10 00:00:00+05:30,5.35,5.4,5.3,5.32,15040260
2021-05-11 00:00:00+05:30,5.32,5.48,5.28,5.4,18180360
2021-05-12 00:00:00+05:30,5.42,5.45,5.32,5.35,12020500
2021-05-14 00:00:00+05:30,5.45,5.45,5.28,5.3,14499860
2021-05-17 00:00:00+05:30,5.35,5.35,5.25,5.3,7402780
2021-05-18 00:00:00+05:30,5.35,5.42,5.3,5.35,18966200
2021-05-19 00:00:00+05:30,5.35,5.68,5.35,5.5,52779320
2021-05-20 00:00:00+05:30,5.55,5.6,5.42,5.45,16810040
2021-05-21 00:00:00+05:30,5.48,5.55,5.45,5.45,13476360
2021-05-24 00:00:00+05:30,5.48,5.68,5.45,5.48,45579240
2021-05-25 00:00:00+05:30,5.55,5.6,5.42,5.45,23952400
2021-05-26 00:00:00+05:30,5.52,5.52,5.4,5.42,18314020
2021-05-27 00:00:00+05:30,5.48,5.5,5.32,5.38,34322940
2021-05-28 00:00:00+05:30,5.38,5.45,5.3,5.3,28593180
2021-05-31 00:00:00+05:30,5.35,5.7,5.32,5.65,163344460
2021-06-01 00:00:00+05:30,5.82,5.95,5.48,5.8,583735560
2021-06-02 00:00:00+05:30,5.92,6.68,5.88,6.55,501760760
2021-06-03 00:00:00+05:30,6.52,6.72,6.32,6.42,275378780
2021-06-04 00:00:00+05:30,6.45,6.48,6.22,6.28,77235180
2021-06-07 00:00:00+05:30,6.28,6.65,6.28,6.45,124969440
2021-06-08 00:00:00+05:30,6.48,6.48,6.2,6.25,57962440
2021-06-09 00:00:00+05:30,6.25,6.8,6.22,6.48,299546700
2021-06-10 00:00:00+05:30,6.58,7.2,6.55,7.05,494970740
2021-06-11 00:00:00+05:30,7.15,7.35,7.1,7.18,230008880
2021-06-14 00:00:00+05:30,7.22,7.22,6.65,7.08,134649500
2021-06-15 00:00:00+05:30,7.12,7.75,7.05,7.68,381263140
2021-06-16 00:00:00+05:30,7.6,8.02,7.5,7.62,313151400
2021-06-17 00:00:00+05:30,7.45,7.48,7.08,7.18,176784660
2021-06-18 00:00:00+05:30,7.22,7.4,6.78,7.18,127504920
2021-06-21 00:00:00+05:30,7.0,7.65,6.92,7.55,126718500
2021-06-22 00:00:00+05:30,7.62,8.0,7.58,7.72,163097160
2021-06-23 00:00:00+05:30,7.82,8.32,7.75,8.15,285851120
2021-06-24 00:00:00+05:30,8.25,8.55,8.12,8.35,209743500
2021-06-25 00:00:00+05:30,8.4,8.42,8.0,8.12,66526200
2021-06-28 00:00:00+05:30,8.08,8.15,7.8,7.88,48597520
2021-06-29 00:00:00+05:30,7.9,8.15,7.72,7.82,82373420
2021-06-30 00:00:00+05:30,7.82,8.15,7.72,8.08,71624780
2021-07-01 00:00:00+05:30,8.05,8.15,7.7,7.78,55364940
2021-07-02 00:00:00+05:30,7.8,7.95,7.65,7.85,51724700
2021-07-05 00:00:00+05:30,7.88,8.02,7.78,7.9,44977040
2021-07-06 00:00:00+05:30,7.9,8.1,7.82,7.88,40773260
2021-07-07 00:00:00+05:30,7.82,8.22,7.8,8.18,99956840
2021-07-08 00:00:00+05:30,8.05,8.5,8.05,8.25,100324120
2021-07-09 00:00:00+05:30,8.28,9.0,8.25,8.9,248656640
2021-07-12 00:00:00+05:30,8.95,9.1,8.7,8.78,141186780
2021-07-13 00:00:00+05:30,8.85,9.02,8.68,8.9,58571880
2021-07-14 00:00:00+05:30,8.92,9.15,8.8,9.05,75419860
2021-07-15 00:00:00+05:30,9.1,9.22,8.9,9.15,57801200
2021-07-16 00:00:00+05:30,9.25,9.48,9.15,9.25,87902140
2021-07-19 00:00:00+05:30,9.2,9.3,8.88,8.92,50283920
2021-07-20 00:00:00+05:30,8.88,9.08,8.6,8.7,69952720
2021-07-22 00:00:00+05:30,8.8,9.02,8.78,8.95,36042500
2021-07-23 00:00:00+05:30,8.8,8.98,8.5,8.6,24657740
2021-07-26 00:00:00+05:30,8.6,8.62,8.0,8.15,38718320
2021-07-27 00:00:00+05:30,8.25,8.52,8.08,8.3,65851920
2021-07-28 00:00:00+05:30,8.28,8.38,8.05,8.12,36124660
2021-07-29 00:00:00+05:30,8.18,8.25,7.72,7.98,76703900
2021-07-30 00:00:00+05:30,8.0,8.32,8.0,8.22,52922540
2021-08-02 00:00:00+05:30,8.32,8.35,8.12,8.18,27175140
2021-08-03 00:00:00+05:30,8.22,8.62,7.98,8.5,99349600
2021-08-04 00:00:00+05:30,8.58,8.72,8.35,8.48,61446700
2021-08-05 00:00:00+05:30,8.52,8.52,8.2,8.4,47766560
2021-08-06 00:00:00+05:30,8.35,8.45,8.2,8.35,31486540
2021-08-09 00:00:00+05:30,8.4,8.5,8.25,8.4,29787600
2021-08-10 00:00:00+05:30,8.4,8.42,7.55,7.75,38348980
2021-08-11 00:00:00+05:30,7.9,7.98,7.4,7.62,72246360
2021-08-12 00:00:00+05:30,7.7,8.3,7.62,8.22,85412220
2021-08-13 00:00:00+05:30,8.2,8.2,7.92,8.02,29881020
2021-08-16 00:00:00+05:30,8.0,8.42,7.88,8.3,45434420
2021-08-17 00:00:00+05:30,8.3,8.42,8.02,8.22,37370500
2021-08-18 00:00:00+05:30,8.25,8.32,7.95,8.05,26069700
2021-08-20 00:00:00+05:30,7.92,8.08,7.78,7.85,26137660
2021-08-23 00:00:00+05:30,7.98,8.08,7.6,7.7,23499460
2021-08-24 00:00:00+05:30,7.75,8.25,7.75,8.15,83047080
2021-08-25 00:00:00+05:30,8.2,8.4,8.0,8.05,36680460
2021-08-26 00:00:00+05:30,8.1,8.2,8.05,8.12,22379800
2021-08-27 00:00:00+05:30,8.12,8.55,8.08,8.3,55178880
2021-08-30 00:00:00+05:30,8.4,8.45,8.25,8.32,25414540
2021-08-31 00:00:00+05:30,8.3,8.4,8.1,8.25,36003080
2021-09-01 00:00:00+05:30,8.25,8.28,8.08,8.1,23311280
2021-09-02 00:00:00+05:30,8.1,8.58,8.08,8.4,50526800
2021-09-03 00:00:00+05:30,8.6,8.85,8.55,8.8,172343740
2021-09-06 00:00:00+05:30,8.88,9.1,8.75,9.02,94980680
2021-09-07 00:00:00+05:30,9.05,9.1,8.75,8.82,60404540
2021-09-08 00:00:00+05:30,8.85,8.9,8.62,8.7,29567500
2021-09-09 00:00:00+05:30,8.62,8.7,8.6,8.62,22163400
2021-09-13 00:00:00+05:30,8.62,8.62,8.42,8.48,22772820
2021-09-14 00:00:00+05:30,8.52,8.95,8.5,8.82,82462320
2021-09-15 00:00:00+05:30,8.95,9.08,8.88,8.98,62796320
2021-09-16 00:00:00+05:30,8.98,9.2,8.92,9.02,90039880
2021-09-17 00:00:00+05:30,9.0,9.22,8.32,8.58,96085160
2021-09-20 00:00:00+05:30,8.58,8.98,8.58,8.7,51023520
2021-09-21 00:00:00+05:30,8.85,8.85,8.25,8.58,50044360
2021-09-22 00:00:00+05:30,8.65,8.82,8.52,8.58,34400380
2021-09-23 00:00:00+05:30,8.65,8.78,8.52,8.55,35235040
2021-09-24 00:00:00+05:30,8.6,8.8,8.58,8.7,53181500
2021-09-27 00:00:00+05:30,8.8,8.8,8.7,8.72,21472360
2021-09-28 00:00:00+05:30,8.8,8.92,8.75,8.78,43023120
2021-09-29 00:00:00+05:30,8.8,9.6,8.7,9.48,212863080
2021-09-30 00:00:00+05:30,9.65,10.8,9.6,10.18,597497180
2021-10-01 00:00:00+05:30,10.2,10.7,10.1,10.5,232506600
2021-10-04 00:00:00+05:30,10.55,10.65,10.02,10.15,157552560
2021-10-05 00:00:00+05:30,10.2,10.42,10.05,10.12,62341640
2021-10-06 00:00:00+05:30,10.2,10.52,10.1,10.22,111358440
2021-10-07 00:00:00+05:30,10.32,10.55,10.28,10.38,62295460
2021-10-08 00:00:00+05:30,10.42,10.72,10.28,10.5,88783560
2021-10-11 00:00:00+05:30,10.52,10.88,10.5,10.55,91766820
2021-10-12 00:00:00+05:30,10.6,10.7,10.4,10.48,72261240
2021-10-13 00:00:00+05:30,10.52,10.65,10.38,10.58,56604500
2021-10-14 00:00:00+05:30,10.65,10.72,10.52,10.6,45871440
2021-10-18 00:00:00+05:30,10.7,11.2,10.45,10.6,137322480
2021-10-19 00:00:00+05:30,10.72,10.75,10.05,10.2,64412580
2021-10-20 00:00:00+05:30,10.28,10.75,10.08,10.6,108798660
2021-10-21 00:00:00+05:30,11.02,12.72,11.02,12.22,820388340
2021-10-22 00:00:00+05:30,12.75,14.68,12.65,14.68,855034320
2021-10-25 00:00:00+05:30,16.0,17.3,13.6,13.9,744138760
2021-10-26 00:00:00+05:30,14.2,15.15,13.28,14.62,347600420
2021-10-27 00:00:00+05:30,15.15,15.4,13.15,13.15,267477960
2021-10-28 00:00:00+05:30,12.25,12.58,11.85,11.9,356646900
2021-10-29 00:00:00+05:30,11.9,12.25,11.08,11.32,131303740
2021-11-01 00:00:00+05:30,11.68,11.9,11.62,11.9,28501580
2021-11-02 00:00:00+05:30,12.48,12.48,11.88,12.05,124027120
2021-11-03 00:00:00+05:30,12.1,12.1,11.45,11.5,49753920
2021-11-04 00:00:00+05:30,11.7,11.75,11.58,11.7,10215300
2021-11-08 00:00:00+05:30,11.72,11.8,11.3,11.5,27108140
2021-11-09 00:00:00+05:30,11.6,11.72,11.4,11.55,24930300
2021-11-10 00:00:00+05:30,11.48,11.52,11.12,11.32,32290980
2021-11-11 00:00:00+05:30,11.28,11.7,11.18,11.32,33209360
2021-11-12 00:00:00+05:30,11.42,11.52,11.15,11.38,38058820
2021-11-15 00:00:00+05:30,11.4,11.48,11.2,11.22,12888820
2021-11-16 00:00:00+05:30,11.25,11.32,10.88,10.95,27052800
2021-11-17 00:00:00+05:30,10.98,11.08,10.48,10.58,44196160
2021-11-18 00:00:00+05:30,10.65,11.1,10.65,11.08,62492940
2021-11-22 00:00:00+05:30,11.3,11.32,10.52,10.55,42784960
2021-11-23 00:00:00+05:30,10.45,11.08,10.42,11.05,46141480
2021-11-24 00:00:00+05:30,11.1,11.28,10.8,10.9,23441820
2021-11-25 00:00:00+05:30,10.9,11.08,10.8,10.88,19602980
2021-11-26 00:00:00+05:30,10.72,10.88,10.5,10.55,28627100
2021-11-29 00:00:00+05:30,10.4,10.5,10.02,10.02,40632000
2021-11-30 00:00:00+05:30,10.02,10.52,10.0,10.25,34970720
2021-12-01 00:00:00+05:30,10.5,10.78,10.35,10.78,31219680
2021-12-02 00:00:00+05:30,11.0,11.3,10.88,11.3,49493440
2021-12-03 00:00:00+05:30,11.85,11.85,11.35,11.4,54246200
2021-12-06 00:00:00+05:30,11.6,11.65,11.05,11.1,28887840
2021-12-07 00:00:00+05:30,11.2,11.32,11.05,11.1,15947480
2021-12-08 00:00:00+05:30,11.15,11.25,11.0,11.05,12070660
2021-12-09 00:00:00+05:30,11.05,11.1,10.85,10.98,18021600
2021-12-10 00:00:00+05:30,10.95,11.38,10.9,11.15,26141800
2021-12-13 00:00:00+05:30,11.25,11.52,11.12,11.2,24234800
2021-12-14 00:00:00+05:30,11.1,11.3,10.85,10.95,16556500
2021-12-15 00:00:00+05:30,10.98,11.12,10.68,10.72,19280940
2021-12-16 00:00:00+05:30,10.82,10.85,10.25,10.35,29918040
2021-12-17 00:00:00+05:30,10.38,10.45,9.9,10.2,26617200
2021-12-20 00:00:00+05:30,10.35,10.7,10.05,10.42,56965500
2021-12-21 00:00:00+05:30,10.7,10.8,10.3,10.42,26151520
2021-12-22 00:00:00+05:30,10.55,10.65,10.4,10.45,23563800
2021-12-23 00:00:00+05:30,10.5,10.62,10.42,10.48,17038740
2021-12-24 00:00:00+05:30,10.5,10.52,10.28,10.32,14930820
2021-12-27 00:00:00+05:30,10.25,10.28,10.02,10.1,14942480
2021-12-28 00:00:00+05:30,10.12,10.62,10.12,10.62,15100020
2021-12-29 00:00:00+05:30,11.15,11.15,11.15,11.15,8459360
2021-12-30 00:00:00+05:30,11.45,11.7,10.9,11.32,73876740
2021-12-31 00:00:00+05:30,11.28,11.5,11.2,11.38,22188400
2022-01-03 00:00:00+05:30,11.45,11.5,11.05,11.08,19850100
2022-01-04 00:00:00+05:30,11.15,11.32,10.9,11.05,16900120
2022-01-05 00:00:00+05:30,11.05,11.4,11.05,11.18,30772660
2022-01-06 00:00:00+05:30,11.05,11.7,10.95,11.52,86124900
2022-01-07 00:00:00+05:30,11.75,11.92,11.52,11.78,58464320
2022-01-10 00:00:00+05:30,11.85,12.38,11.82,12.38,84568900
2022-01-11 00:00:00+05:30,12.5,12.8,12.0,12.22,62317400
2022-01-12 00:00:00+05:30,12.3,12.42,11.9,12.02,19046460
2022-01-13 00:00:00+05:30,12.02,12.62,11.95,12.58,74115840
2022-01-14 00:00:00+05:30,12.62,12.65,12.3,12.45,31045320
2022-01-17 00:00:00+05:30,12.4,12.52,12.1,12.18,18048880
2022-01-18 00:00:00+05:30,12.2,12.6,11.95,12.12,49410700
2022-01-19 00:00:00+05:30,12.15,12.32,12.0,12.1,17197540
2022-01-20 00:00:00+05:30,12.08,12.25,11.75,11.92,15739720
2022-01-21 00:00:00+05:30,11.85,12.0,11.5,11.62,15388320
2022-01-24 00:00:00+05:30,11.5,11.68,11.05,11.05,18523980
2022-01-25 00:00:00+05:30,10.65,11.6,10.52,11.58,39482560
2022-01-27 00:00:00+05:30,11.55,12.15,11.35,12.02,35243320
2022-01-28 00:00:00+05:30,12.22,12.35,11.92,12.12,24409240
2022-01-31 00:00:00+05:30,12.5,12.72,12.32,12.7,102724380
2022-02-01 00:00:00+05:30,12.82,13.35,12.72,13.3,117238440
2022-02-02 00:00:00+05:30,13.45,13.98,13.35,13.98,106627440
2022-02-03 00:00:00+05:30,13.95,14.65,13.75,14.65,116608900
2022-02-04 00:00:00+05:30,14.7,15.05,14.05,14.9,144094300
2022-02-07 00:00:00+05:30,14.88,15.15,14.3,14.82,92019260
2022-02-08 00:00:00+05:30,14.68,14.95,14.1,14.4,76469700
2022-02-09 00:00:00+05:30,14.32,15.1,13.75,14.98,131140480
2022-02-10 00:00:00+05:30,15.0,15.05,14.42,14.6,43929340
2022-02-11 00:00:00+05:30,14.5,14.88,14.25,14.38,58581080
2022-02-14 00:00:00+05:30,14.1,14.1,13.65,13.65,31890020
2022-02-15 00:00:00+05:30,13.32,13.85,12.98,13.62,75120620
2022-02-16 00:00:00+05:30,13.68,13.92,13.35,13.52,28816000
2022-02-17 00:00:00+05:30,13.65,13.65,13.0,13.1,18261560
2022-02-18 00:00:00+05:30,13.0,13.28,12.65,12.8,39763300
2022-02-21 00:00:00+05:30,12.72,12.95,12.32,12.45,40129280
2022-02-22 00:00:00+05:30,11.92,12.5,11.82,11.82,51846980
2022-02-23 00:00:00+05:30,11.7,12.15,11.25,11.8,76592080
2022-02-24 00:00:00+05:30,11.2,11.35,11.2,11.2,15039300
2022-02-25 00:00:00+05:30,11.1,11.58,10.82,10.98,70926880
2022-02-28 00:00:00+05:30,10.7,10.92,10.42,10.8,87757760
2022-03-02 00:00:00+05:30,10.88,11.32,10.55,11.32,79731460
2022-03-03 00:00:00+05:30,11.4,11.9,11.38,11.48,58654280
2022-03-04 00:00:00+05:30,11.35,11.45,10.9,11.08,51833240
2022-03-07 00:00:00+05:30,10.52,10.72,10.52,10.52,33397760
2022-03-08 00:00:00+05:30,10.35,10.75,10.0,10.55,74719260
2022-03-09 00:00:00+05:30,10.52,11.08,10.35,11.08,61531320
2022-03-10 00:00:00+05:30,11.32,11.62,11.2,11.55,59711700
2022-03-11 00:00:00+05:30,11.68,11.7,11.18,11.35,41610180
2022-03-14 00:00:00+05:30,11.32,11.35,10.9,11.0,40322760
2022-03-15 00:00:00+05:30,11.0,11.35,10.9,11.05,28294820
2022-03-16 00:00:00+05:30,11.22,11.35,11.05,11.25,22490460
2022-03-17 00:00:00+05:30,11.4,11.62,11.18,11.45,57301360
2022-03-21 00:00:00+05:30,11.48,11.65,11.08,11.22,35223160
2022-03-22 00:00:00+05:30,11.22,11.4,10.95,11.32,26581480
2022-03-23 00:00:00+05:30,11.55,11.7,11.1,11.4,27979280
2022-03-24 00:00:00+05:30,11.4,11.72,11.25,11.4,23875740
2022-03-25 00:00:00+05:30,11.42,11.92,11.42,11.8,42404040
2022-03-28 00:00:00+05:30,12.0,12.22,11.8,11.98,48766700
2022-03-29 00:00:00+05:30,12.08,12.58,12.05,12.55,50483420
2022-03-30 00:00:00+05:30,12.68,12.85,12.15,12.25,31242020
2022-03-31 00:00:00+05:30,12.38,12.75,12.25,12.55,30599000
2022-04-01 00:00:00+05:30,12.7,13.2,12.55,13.1,31520940
2022-04-04 00:00:00+05:30,13.15,13.38,13.02,13.25,25501800
2022-04-05 00:00:00+05:30,13.5,13.5,13.1,13.25,23726480
2022-04-06 00:00:00+05:30,13.1,13.25,12.82,12.92,20561080
2022-04-07 00:00:00+05:30,12.95,13.22,12.42,12.58,33235400
2022-04-08 00:00:00+05:30,12.82,13.25,12.75,12.9,39208780
2022-04-11 00:00:00+05:30,12.9,13.18,12.7,12.75,23793800
2022-04-12 00:00:00+05:30,12.8,12.8,12.12,12.28,21046180
2022-04-13 00:00:00+05:30,12.38,12.6,12.18,12.32,16208380
2022-04-18 00:00:00+05:30,12.15,12.5,12.1,12.3,14416280
2022-04-19 00:00:00+05:30,12.4,12.62,12.1,12.32,19880340
2022-04-20 00:00:00+05:30,12.38,12.48,11.78,11.92,22098620
2022-04-21 00:00:00+05:30,12.22,12.38,12.02,12.28,22484180
2022-04-22 00:00:00+05:30,12.15,12.45,12.08,12.15,23456800
2022-04-25 00:00:00+05:30,12.05,12.08,11.52,11.68,26067980
2022-04-26 00:00:00+05:30,11.82,12.12,11.75,11.92,15300920
2022-04-27 00:00:00+05:30,11.78,11.92,11.55,11.8,18900620
2022-04-28 00:00:00+05:30,12.0,12.25,11.75,12.1,20316640
2022-04-29 00:00:00+05:30,12.2,12.22,11.72,11.8,12149060
2022-05-02 00:00:00+05:30,11.65,11.85,11.52,11.6,12894760
2022-05-04 00:00:00+05:30,11.8,11.8,11.12,11.2,16917280
2022-05-05 00:00:00+05:30,11.2,11.4,11.08,11.18,8885160
2022-05-06 00:00:00+05:30,10.85,11.1,10.75,11.02,14574880
2022-05-09 00:00:00+05:30,10.95,10.95,10.5,10.7,30481880
2022-05-10 00:00:00+05:30,10.7,10.9,10.12,10.3,30131000
2022-05-11 00:00:00+05:30,10.25,10.52,9.5,9.85,28917840
2022-05-12 00:00:00+05:30,9.75,9.75,9.28,9.48,32383620
2022-05-13 00:00:00+05:30,9.68,10.28,9.52,9.68,42160600
2022-05-16 00:00:00+05:30,9.85,10.65,9.85,10.65,43105580
2022-05-17 00:00:00+05:30,10.78,11.0,10.62,10.88,34046760
2022-05-18 00:00:00+05:30,11.0,11.1,10.45,10.62,28344640
2022-05-19 00:00:00+05:30,10.35,10.85,9.92,10.65,43582560
2022-05-20 00:00:00+05:30,11.0,11.72,10.85,11.7,74157040
2022-05-23 00:00:00+05:30,11.75,12.5,11.7,11.92,68347880
2022-05-24 00:00:00+05:30,12.05,12.1,11.55,11.8,36828680
2022-05-25 00:00:00+05:30,12.0,12.0,10.92,11.55,46018560
2022-05-26 00:00:00+05:30,11.5,11.6,11.12,11.4,24354800
2022-05-27 00:00:00+05:30,11.5,11.62,11.4,11.45,20588980
2022-05-30 00:00:00+05:30,11.62,11.65,11.12,11.2,19175580
2022-05-31 00:00:00+05:30,11.22,11.35,10.98,11.05,21241560
2022-06-01 00:00:00+05:30,11.05,11.4,11.05,11.2,22058580
2022-06-02 00:00:00+05:30,11.2,11.28,11.0,11.15,27150900
2022-06-03 00:00:00+05:30,11.25,11.7,11.2,11.4,33141680
2022-06-06 00:00:00+05:30,11.3,11.45,11.15,11.38,9028700
2022-06-07 00:00:00+05:30,11.45,11.52,11.18,11.22,13311660
2022-06-08 00:00:00+05:30,11.2,11.45,11.02,11.2,17286100
2022-06-09 00:00:00+05:30,11.05,11.22,11.0,11.1,9964060
2022-06-10 00:00:00+05:30,11.05,11.2,11.0,11.1,10620980
2022-06-13 00:00:00+05:30,10.85,10.85,10.38,10.58,15169060
2022-06-14 00:00:00+05:30,10.55,10.88,10.52,10.75,19252340
2022-06-15 00:00:00+05:30,10.8,10.85,10.62,10.68,5876380
2022-06-16 00:00:00+05:30,10.75,10.85,9.8,9.88,20900720
2022-06-17 00:00:00+05:30,9.8,10.18,9.75,9.8,13677820
2022-06-20 00:00:00+05:30,9.88,9.92,8.95,9.02,19348280
2022-06-21 00:00:00+05:30,9.22,9.75,9.1,9.62,30024280
2022-06-22 00:00:00+05:30,9.65,9.65,9.1,9.3,25116400
2022-06-23 00:00:00+05:30,9.55,10.5,9.52,9.98,204402580
2022-06-24 00:00:00+05:30,10.1,10.55,10.0,10.45,53482840
2022-06-27 00:00:00+05:30,10.6,10.65,10.42,10.58,16899120
2022-06-28 00:00:00+05:30,10.45,10.75,10.15,10.58,23133540
2022-06-29 00:00:00+05:30,10.4,10.6,10.3,10.38,18677400
2022-06-30 00:00:00+05:30,10.4,10.55,10.02,10.1,17142700
2022-07-01 00:00:00+05:30,10.15,10.3,9.9,10.18,12728560
2022-07-04 00:00:00+05:30,10.2,10.3,9.72,9.78,27939400
2022-07-05 00:00:00+05:30,9.82,10.18,9.7,9.75,25006100
2022-07-06 00:00:00+05:30,9.82,9.95,9.68,9.9,9964520
2022-07-07 00:00:00+05:30,10.02,10.25,9.92,10.12,35690540
2022-07-08 00:00:00+05:30,10.35,10.55,10.3,10.48,34138980
2022-07-11 00:00:00+05:30,10.45,10.65,10.3,10.58,19361360
2022-07-12 00:00:00+05:30,10.6,10.8,10.45,10.62,19756200
2022-07-13 00:00:00+05:30,10.7,10.72,10.35,10.4,11216400
2022-07-14 00:00:00+05:30,10.4,10.52,10.25,10.42,8561040
2022-07-15 00:00:00+05:30,10.45,10.55,10.3,10.45,6536060
2022-07-18 00:00:00+05:30,10.55,10.58,10.4,10.48,9581140
2022-07-19 00:00:00+05:30,10.45,10.7,10.45,10.55,16409560
2022-07-20 00:00:00+05:30,10.68,10.7,10.55,10.6,16163260
2022-07-21 00:00:00+05:30,10.62,10.62,10.45,10.48,11923440
2022-07-22 00:00:00+05:30,10.55,10.9,10.55,10.7,36197780
2022-07-25 00:00:00+05:30,10.7,10.7,10.5,10.55,12206920
2022-07-26 00:00:00+05:30,10.5,10.58,10.35,10.42,6664720
2022-07-27 00:00:00+05:30,10.45,10.68,10.35,10.58,13597760
2022-07-28 00:00:00+05:30,10.7,10.72,10.6,10.68,10064680
2022-07-29 00:00:00+05:30,10.75,10.95,10.62,10.68,21228920
2022-08-01 00:00:00+05:30,10.8,11.1,10.72,10.9,25316520
2022-08-02 00:00:00+05:30,11.0,11.9,10.95,11.75,103044840
2022-08-03 00:00:00+05:30,11.75,12.25,11.32,12.12,60439600
2022-08-04 00:00:00+05:30,12.28,12.5,11.8,12.2,76953960
2022-08-05 00:00:00+05:30,12.2,12.62,12.1,12.52,53699280
2022-08-08 00:00:00+05:30,13.25,13.5,12.7,13.35,174501400
2022-08-10 00:00:00+05:30,13.4,13.4,12.8,12.85,35329940
2022-08-11 00:00:00+05:30,12.88,13.3,12.88,13.02,40901460
2022-08-12 00:00:00+05:30,12.88,13.15,12.82,13.08,22215200
2022-08-16 00:00:00+05:30,13.1,13.18,12.9,12.98,13130000
2022-08-17 00:00:00+05:30,12.95,13.02,12.72,12.85,16081740
2022-08-18 00:00:00+05:30,12.78,12.98,12.65,12.78,14488620
2022-08-19 00:00:00+05:30,12.78,12.85,12.3,12.5,23404300
2022-08-22 00:00:00+05:30,12.32,12.48,12.1,12.12,14516020
2022-08-23 00:00:00+05:30,12.0,12.75,11.95,12.42,28509160
2022-08-24 00:00:00+05:30,12.48,12.68,12.4,12.52,11951040
2022-08-25 00:00:00+05:30,12.58,12.65,12.25,12.3,10026460
2022-08-26 00:00:00+05:30,12.42,12.42,12.02,12.1,21639740
2022-08-29 00:00:00+05:30,11.75,12.05,11.65,11.78,17983920
2022-08-30 00:00:00+05:30,11.85,12.1,11.8,11.82,16058700
2022-09-01 00:00:00+05:30,11.75,11.98,11.68,11.75,13324700
2022-09-02 00:00:00+05:30,11.8,12.05,11.65,11.7,15345300
2022-09-05 00:00:00+05:30,11.75,12.1,11.72,12.05,19317700
2022-09-06 00:00:00+05:30,12.15,12.22,11.85,11.88,16785560
2022-09-07 00:00:00+05:30,11.8,12.02,11.8,11.9,11168920
2022-09-08 00:00:00+05:30,11.98,12.12,11.75,11.82,16401860
2022-09-09 00:00:00+05:30,11.88,12.05,11.72,11.9,16687700
2022-09-12 00:00:00+05:30,11.98,12.1,11.72,11.75,19063300
2022-09-13 00:00:00+05:30,12.0,12.38,11.78,11.82,70706140
2022-09-14 00:00:00+05:30,11.7,11.92,11.6,11.8,14887980
2022-09-15 00:00:00+05:30,11.88,12.05,11.6,11.62,25157680
2022-09-16 00:00:00+05:30,11.65,11.75,11.22,11.32,20294740
2022-09-19 00:00:00+05:30,11.38,11.4,11.05,11.2,11883420
2022-09-20 00:00:00+05:30,11.3,11.48,11.2,11.25,12880080
2022-09-21 00:00:00+05:30,11.25,11.32,11.02,11.05,9411500
2022-09-22 00:00:00+05:30,11.05,11.25,10.82,11.2,11812720
2022-09-23 00:00:00+05:30,11.15,11.2,10.82,10.88,9289720
2022-09-26 00:00:00+05:30,10.8,10.8,10.0,10.2,30480840
2022-09-27 00:00:00+05:30,10.3,10.4,10.02,10.08,34816700
2022-09-28 00:00:00+05:30,10.0,10.2,9.9,9.98,15819960
2022-09-29 00:00:00+05:30,10.12,10.28,10.08,10.22,20776340
2022-09-30 00:00:00+05:30,10.25,10.55,10.15,10.45,15186800
2022-10-03 00:00:00+05:30,10.5,10.52,10.3,10.45,25150780
2022-10-04 00:00:00+05:30,10.55,10.82,10.55,10.75,25240800
2022-10-06 00:00:00+05:30,10.9,11.05,10.85,11.02,26302140
2022-10-07 00:00:00+05:30,11.0,11.0,10.72,10.78,10389660
2022-10-10 00:00:00+05:30,10.6,10.88,10.4,10.72,21871000
2022-10-11 00:00:00+05:30,10.88,11.0,10.65,10.75,16986080
2022-10-12 00:00:00+05:30,10.8,10.9,10.62,10.7,18249940
2022-10-13 00:00:00+05:30,10.68,11.08,10.68,10.85,60567860
2022-10-14 00:00:00+05:30,11.02,11.12,10.75,10.8,34006620
2022-10-17 00:00:00+05:30,10.85,12.08,10.78,11.95,184410000
2022-10-18 00:00:00+05:30,12.0,12.25,11.72,11.8,70509860
2022-10-19 00:00:00+05:30,11.85,12.0,11.72,11.8,22415820
2022-10-20 00:00:00+05:30,11.75,12.25,11.68,12.1,46012300
2022-10-21 00:00:00+05:30,12.15,12.3,11.45,11.5,71206820
2022-10-24 00:00:00+05:30,11.72,12.15,11.72,12.02,44665960
2022-10-25 00:00:00+05:30,12.22,12.22,11.82,11.88,28106400
2022-10-27 00:00:00+05:30,11.95,12.02,11.72,11.8,17755480
2022-10-28 00:00:00+05:30,11.88,11.98,11.62,11.68,14005600
2022-10-31 00:00:00+05:30,11.75,11.9,11.62,11.68,18133720
2022-11-01 00:00:00+05:30,11.75,11.9,11.65,11.75,14659360
2022-11-02 00:00:00+05:30,11.82,11.95,11.65,11.68,14562740
2022-11-03 00:00:00+05:30,11.65,11.7,11.58,11.62,9934820
2022-11-04 00:00:00+05:30,11.68,11.95,11.65,11.85,16554820
2022-11-07 00:00:00+05:30,12.0,13.05,11.88,12.82,165737840
2022-11-09 00:00:00+05:30,13.0,13.22,12.88,13.05,93935180
2022-11-10 00:00:00+05:30,12.98,12.98,12.6,12.75,28072820
2022-11-11 00:00:00+05:30,12.85,12.92,12.5,12.62,38164360
2022-11-14 00:00:00+05:30,12.62,12.68,12.25,12.3,23708400
2022-11-15 00:00:00+05:30,12.32,13.1,12.28,12.8,93500860
2022-11-16 00:00:00+05:30,12.8,12.95,12.4,12.58,27330980
2022-11-17 00:00:00+05:30,12.58,12.68,12.35,12.48,15673560
2022-11-18 00:00:00+05:30,12.48,12.65,12.35,12.55,16665520
2022-11-21 00:00:00+05:30,12.55,12.8,12.45,12.52,14656320
2022-11-22 00:00:00+05:30,12.5,12.72,12.45,12.52,11121540
2022-11-23 00:00:00+05:30,12.55,12.68,12.35,12.38,18572640
2022-11-24 00:00:00+05:30,12.42,12.7,12.4,12.48,19581060
2022-11-25 00:00:00+05:30,12.52,12.85,12.42,12.5,28848980
2022-11-28 00:00:00+05:30,12.5,13.18,12.48,13.02,79602660
2022-11-29 00:00:00+05:30,13.05,14.0,13.0,13.68,252737260
2022-11-30 00:00:00+05:30,13.75,14.38,13.72,14.0,175344700
2022-12-01 00:00:00+05:30,14.08,14.45,13.92,14.0,69898100
2022-12-02 00:00:00+05:30,13.95,14.0,13.65,13.72,30327480
2022-12-05 00:00:00+05:30,13.8,14.0,13.55,13.85,25688180
2022-12-06 00:00:00+05:30,14.02,14.42,14.02,14.2,79107120
2022-12-07 00:00:00+05:30,14.22,14.28,13.88,13.98,20381960
2022-12-08 00:00:00+05:30,14.05,14.7,14.02,14.3,86506340
2022-12-09 00:00:00+05:30,14.4,14.62,13.98,14.15,45347020
2022-12-12 00:00:00+05:30,14.15,15.18,13.88,14.98,227743080
2022-12-13 00:00:00+05:30,15.0,15.65,14.85,15.52,207374240
2022-12-14 00:00:00+05:30,15.5,16.48,15.22,15.7,444821520
2022-12-15 00:00:00+05:30,15.3,15.92,15.28,15.48,147742040
2022-12-16 00:00:00+05:30,15.45,15.8,15.15,15.32,83413040
2022-12-19 00:00:00+05:30,15.4,15.8,15.28,15.65,89931740
2022-12-20 00:00:00+05:30,15.85,16.12,15.68,15.92,108439980
2022-12-21 00:00:00+05:30,16.0,16.05,14.6,14.88,91748900
2022-12-22 00:00:00+05:30,14.95,15.32,13.95,14.92,201654760
2022-12-23 00:00:00+05:30,14.58,14.78,13.12,13.48,98996880
2022-12-26 00:00:00+05:30,13.5,14.45,13.1,14.15,144769480
2022-12-27 00:00:00+05:30,14.2,15.02,14.1,14.78,168585880
2022-12-28 00:00:00+05:30,14.75,14.82,14.42,14.55,72651020
2022-12-29 00:00:00+05:30,14.48,14.58,14.25,14.45,38553760
2022-12-30 00:00:00+05:30,14.55,14.8,14.45,14.55,53947800
2023-01-02 00:00:00+05:30,14.65,15.85,14.65,15.7,460166600
2023-01-03 00:00:00+05:30,15.7,16.12,15.5,15.75,177048260
2023-01-04 00:00:00+05:30,15.75,16.12,15.52,15.98,225083600
2023-01-05 00:00:00+05:30,16.08,16.2,15.3,15.4,179074420
2023-01-06 00:00:00+05:30,15.48,15.5,15.05,15.12,94179580
2023-01-09 00:00:00+05:30,15.22,15.58,15.15,15.22,76395220
2023-01-10 00:00:00+05:30,15.3,15.38,14.78,15.12,88882580
2023-01-11 00:00:00+05:30,15.15,15.25,14.92,15.0,34035580
2023-01-12 00:00:00+05:30,15.0,15.08,14.85,14.95,28700380
2023-01-13 00:00:00+05:30,14.98,15.15,14.9,15.0,34814560
2023-01-16 00:00:00+05:30,15.05,15.52,15.02,15.32,93376200
2023-01-17 00:00:00+05:30,15.4,15.7,15.3,15.42,107849200
2023-01-18 00:00:00+05:30,15.5,15.68,15.38,15.5,47430860
2023-01-19 00:00:00+05:30,15.38,15.52,15.22,15.25,25249480
2023-01-20 00:00:00+05:30,15.32,15.45,15.18,15.25,26142500
2023-01-23 00:00:00+05:30,15.3,15.35,15.0,15.08,18604180
2023-01-24 00:00:00+05:30,15.1,15.12,14.72,14.78,17679740
2023-01-25 00:00:00+05:30,14.75,14.82,14.35,14.42,30772320
2023-01-27 00:00:00+05:30,14.48,14.5,12.6,13.32,96904260
2023-01-30 00:00:00+05:30,13.28,13.78,13.2,13.42,41448720
2023-01-31 00:00:00+05:30,13.52,14.58,13.38,14.3,85189400
2023-02-01 00:00:00+05:30,14.45,14.62,13.68,14.08,132444660
2023-02-02 00:00:00+05:30,14.0,14.3,13.72,14.05,57642900
2023-02-03 00:00:00+05:30,14.08,14.18,13.5,13.78,36750340
2023-02-06 00:00:00+05:30,13.75,13.75,13.3,13.38,21100980
2023-02-07 00:00:00+05:30,13.45,14.2,13.45,14.0,57508560
2023-02-08 00:00:00+05:30,14.08,14.32,14.05,14.2,22114220
2023-02-09 00:00:00+05:30,14.22,14.25,13.95,14.1,10931720
2023-02-10 00:00:00+05:30,14.1,14.58,14.1,14.48,32746640
2023-02-13 00:00:00+05:30,14.6,14.8,14.22,14.55,26284360
2023-02-14 00:00:00+05:30,14.68,14.75,14.25,14.55,37073060
2023-02-15 00:00:00+05:30,14.5,14.72,14.38,14.58,16076300
2023-02-16 00:00:00+05:30,14.62,14.82,14.52,14.6,18210840
2023-02-17 00:00:00+05:30,14.55,14.7,14.35,14.42,21607680
2023-02-20 00:00:00+05:30,14.5,14.62,13.72,14.2,40254260
2023-02-21 00:00:00+05:30,14.25,15.05,14.05,14.88,116811040
2023-02-22 00:00:00+05:30,15.2,17.45,14.8,17.02,203879076
2023-02-23 00:00:00+05:30,15.92,16.2,14.65,14.85,78837836
2023-02-24 00:00:00+05:30,14.98,15.2,13.82,14.0,44211642
2023-02-27 00:00:00+05:30,14.1,14.88,14.1,14.7,48694572
2023-02-28 00:00:00+05:30,14.95,15.02,14.52,14.65,35901422
2023-03-01 00:00:00+05:30,14.65,14.72,14.2,14.32,31061880
2023-03-02 00:00:00+05:30,14.4,14.7,13.95,14.32,30240466
2023-03-03 00:00:00+05:30,14.28,15.08,14.18,14.68,89125540
2023-03-06 00:00:00+05:30,14.68,15.45,14.52,15.32,92231204
2023-03-08 00:00:00+05:30,15.15,15.28,14.75,14.88,39474408
2023-03-09 00:00:00+05:30,14.92,15.12,14.68,14.75,28762232
2023-03-10 00:00:00+05:30,14.7,15.0,14.58,14.78,23513634
2023-03-13 00:00:00+05:30,14.75,14.88,14.0,14.1,19169206
2023-03-14 00:00:00+05:30,14.1,14.12,13.7,13.85,18669234
2023-03-15 00:00:00+05:30,14.0,14.2,13.2,13.42,18764004
2023-03-16 00:00:00+05:30,13.25,13.85,13.05,13.6,28595958
2023-03-17 00:00:00+05:30,13.8,13.85,13.2,13.3,22260742
2023-03-20 00:00:00+05:30,13.48,13.48,12.45,12.72,49868222
2023-03-21 00:00:00+05:30,12.8,13.05,12.5,12.6,22872192
2023-03-22 00:00:00+05:30,12.72,13.0,12.62,12.72,22024944
2023-03-23 00:00:00+05:30,12.72,12.8,12.38,12.4,20772970
2023-03-24 00:00:00+05:30,12.42,12.88,12.08,12.25,55268184
2023-03-27 00:00:00+05:30,12.3,12.4,11.6,11.68,40324874
2023-03-28 00:00:00+05:30,11.75,11.85,11.25,11.32,22725154
2023-03-29 00:00:00+05:30,11.38,12.22,11.35,12.1,49846236
2023-03-31 00:00:00+05:30,12.4,12.62,12.25,12.58,24662508
2023-04-03 00:00:00+05:30,12.72,12.82,12.4,12.5,21683486
2023-04-05 00:00:00+05:30,12.58,12.8,12.5,12.75,27842114
2023-04-06 00:00:00+05:30,12.75,12.92,12.65,12.75,18629704
2023-04-10 00:00:00+05:30,12.88,13.2,12.82,12.95,16576974
2023-04-11 00:00:00+05:30,13.35,13.45,13.05,13.32,34011380
2023-04-12 00:00:00+05:30,13.38,13.4,13.1,13.2,11205418
2023-04-13 00:00:00+05:30,13.08,13.42,13.05,13.32,13103236
2023-04-17 00:00:00+05:30,13.25,13.58,13.22,13.52,11696866
2023-04-18 00:00:00+05:30,13.55,13.62,13.38,13.45,8606330
2023-04-19 00:00:00+05:30,13.5,13.65,13.28,13.32,10391090
2023-04-20 00:00:00+05:30,13.38,13.42,13.08,13.1,13662456
2023-04-21 00:00:00+05:30,13.15,13.18,12.78,12.85,19711458
2023-04-24 00:00:00+05:30,12.9,13.15,12.7,13.05,13697088
2023-04-25 00:00:00+05:30,13.12,13.45,13.08,13.4,11258994
2023-04-26 00:00:00+05:30,13.45,13.55,13.1,13.15,15999894
2023-04-27 00:00:00+05:30,13.25,13.72,13.25,13.6,25405674
2023-04-28 00:00:00+05:30,14.0,14.18,13.62,13.7,35890888
2023-05-02 00:00:00+05:30,14.0,14.35,13.8,14.28,53022302
2023-05-03 00:00:00+05:30,14.25,14.6,14.15,14.2,26856576
2023-05-04 00:00:00+05:30,14.22,14.42,14.15,14.22,14614912
2023-05-05 00:00:00+05:30,14.25,14.32,14.0,14.02,11466726
2023-05-08 00:00:00+05:30,14.1,14.15,14.0,14.02,11296368
2023-05-09 00:00:00+05:30,14.05,14.2,13.62,13.8,18154966
2023-05-10 00:00:00+05:30,14.02,14.4,14.02,14.2,27892836
2023-05-11 00:00:00+05:30,14.28,14.32,14.05,14.08,7085254
2023-05-12 00:00:00+05:30,14.08,14.12,13.88,13.95,7231948
2023-05-15 00:00:00+05:30,14.02,14.5,14.0,14.2,24933428
2023-05-16 00:00:00+05:30,14.3,14.88,14.2,14.48,44205064
2023-05-17 00:00:00+05:30,14.52,15.12,14.52,14.55,37928432
2023-05-18 00:00:00+05:30,14.65,14.75,14.3,14.4,20958332
2023-05-19 00:00:00+05:30,14.45,14.75,14.35,14.42,18782150
2023-05-22 00:00:00+05:30,14.25,14.3,13.7,13.78,28796936
2023-05-23 00:00:00+05:30,13.85,14.1,13.78,13.85,11151676
2023-05-24 00:00:00+05:30,13.85,13.98,13.35,13.4,18597602
2023-05-25 00:00:00+05:30,13.45,13.8,13.42,13.72,10009326
2023-05-26 00:00:00+05:30,13.78,13.82,13.62,13.78,8042026
2023-05-29 00:00:00+05:30,13.9,14.0,13.72,13.85,10388770
2023-05-30 00:00:00+05:30,13.95,14.22,13.82,14.08,18291092
2023-05-31 00:00:00+05:30,14.02,14.45,14.0,14.3,23800356
2023-06-01 00:00:00+05:30,14.38,14.68,14.22,14.55,28248078
2023-06-02 00:00:00+05:30,14.68,14.8,14.28,14.38,27448774
2023-06-05 00:00:00+05:30,14.5,14.65,14.25,14.32,12703498
2023-06-06 00:00:00+05:30,14.32,14.38,14.15,14.15,8490664
2023-06-07 00:00:00+05:30,14.2,14.4,14.1,14.32,12232956
2023-06-08 00:00:00+05:30,14.35,14.4,13.9,13.98,12010466
2023-06-09 00:00:00+05:30,14.35,14.55,13.9,13.98,26830050
2023-06-12 00:00:00+05:30,14.05,14.1,13.85,13.88,9208394
2023-06-13 00:00:00+05:30,13.92,13.98,13.7,13.72,12556400
2023-06-14 00:00:00+05:30,13.8,13.88,13.68,13.75,8747646
2023-06-15 00:00:00+05:30,13.75,13.8,13.62,13.68,8523480
2023-06-16 00:00:00+05:30,13.75,13.75,13.65,13.68,11402688
2023-06-19 00:00:00+05:30,13.7,13.8,13.35,13.4,17939206
2023-06-20 00:00:00+05:30,13.48,13.52,13.4,13.48,6469754
2023-06-21 00:00:00+05:30,13.55,13.6,13.2,13.25,17047266
2023-06-22 00:00:00+05:30,13.25,13.58,13.2,13.42,11594748
2023-06-23 00:00:00+05:30,13.48,13.48,13.25,13.3,4996612
2023-06-26 00:00:00+05:30,13.3,13.82,12.95,13.62,26421572
2023-06-27 00:00:00+05:30,13.68,13.88,13.52,13.62,16145870
2023-06-28 00:00:00+05:30,13.62,13.65,13.48,13.52,7932388
2023-06-30 00:00:00+05:30,13.6,13.65,13.4,13.42,7296986
2023-07-03 00:00:00+05:30,13.4,13.55,13.3,13.48,8582404
2023-07-04 00:00:00+05:30,13.45,13.62,13.32,13.45,10905884
2023-07-05 00:00:00+05:30,13.45,13.5,13.32,13.35,10343096
2023-07-06 00:00:00+05:30,13.3,13.38,13.12,13.18,15036764
2023-07-07 00:00:00+05:30,13.18,13.38,13.05,13.2,11587750
2023-07-10 00:00:00+05:30,13.42,13.58,13.3,13.32,19344080
2023-07-11 00:00:00+05:30,13.42,13.45,13.08,13.12,15066510
2023-07-12 00:00:00+05:30,13.18,13.2,12.85,12.98,22496508
2023-07-13 00:00:00+05:30,13.0,13.05,12.65,12.7,19645886
2023-07-14 00:00:00+05:30,12.75,12.78,12.58,12.65,13752642
2023-07-17 00:00:00+05:30,12.65,13.1,12.65,13.0,23503144
2023-07-18 00:00:00+05:30,13.05,13.32,12.9,12.98,18817628
2023-07-19 00:00:00+05:30,13.02,13.15,12.85,13.08,12354872
2023-07-20 00:00:00+05:30,13.08,13.18,13.0,13.05,10638006
2023-07-21 00:00:00+05:30,13.0,13.05,12.9,12.92,6440702
2023-07-24 00:00:00+05:30,12.98,13.08,12.75,12.8,9719040
2023-07-25 00:00:00+05:30,12.82,12.88,12.65,12.7,10310042
2023-07-26 00:00:00+05:30,12.68,12.88,12.68,12.7,9576076
2023-07-27 00:00:00+05:30,12.78,12.8,12.65,12.7,9349066
2023-07-28 00:00:00+05:30,12.75,13.5,12.7,13.35,32758858
2023-07-31 00:00:00+05:30,13.48,13.48,13.2,13.22,43304570
2023-08-01 00:00:00+05:30,12.78,13.02,12.62,12.65,45936242
2023-08-02 00:00:00+05:30,12.7,12.9,12.48,12.72,25203386
2023-08-03 00:00:00+05:30,12.8,12.9,12.68,12.85,10678332
2023-08-04 00:00:00+05:30,12.9,13.15,12.88,12.98,21218020
2023-08-07 00:00:00+05:30,13.08,13.1,12.88,12.92,6637188
2023-08-08 00:00:00+05:30,12.92,12.98,12.78,12.82,7420052
2023-08-09 00:00:00+05:30,12.85,13.28,12.78,13.05,18728804
2023-08-10 00:00:00+05:30,13.08,13.25,12.92,12.95,33545488
2023-08-11 00:00:00+05:30,13.0,13.18,12.95,13.0,7784180
2023-08-14 00:00:00+05:30,13.18,13.25,12.82,13.02,8918612
2023-08-16 00:00:00+05:30,12.98,13.1,12.82,12.92,7890384
2023-08-17 00:00:00+05:30,12.92,13.05,12.88,12.98,19175096
2023-08-18 00:00:00+05:30,13.0,13.12,12.88,12.92,26723320
2023-08-21 00:00:00+05:30,12.95,13.62,12.8,13.35,46985164
2023-08-22 00:00:00+05:30,13.45,13.52,13.1,13.15,28187208
2023-08-23 00:00:00+05:30,13.22,13.92,13.18,13.62,62553064
2023-08-24 00:00:00+05:30,13.78,14.2,13.68,13.75,67352582
2023-08-25 00:00:00+05:30,13.68,13.88,13.42,13.5,23787948
2023-08-28 00:00:00+05:30,13.6,13.95,13.58,13.82,24760134
2023-08-29 00:00:00+05:30,13.9,14.4,13.78,14.08,56726008
2023-08-30 00:00:00+05:30,14.22,14.8,14.22,14.48,110271716
2023-08-31 00:00:00+05:30,14.58,14.62,14.1,14.15,38867066
2023-09-01 00:00:00+05:30,14.2,15.35,13.98,15.2,107327396
2023-09-04 00:00:00+05:30,15.5,15.75,15.3,15.65,74732714
2023-09-05 00:00:00+05:30,15.72,15.8,14.95,15.48,60292624
2023-09-06 00:00:00+05:30,15.55,15.55,15.08,15.28,24645400
2023-09-07 00:00:00+05:30,15.32,16.7,15.18,16.5,169236620
2023-09-08 00:00:00+05:30,16.92,17.25,16.38,16.72,127659994
2023-09-11 00:00:00+05:30,17.28,17.5,17.0,17.08,85229144
2023-09-12 00:00:00+05:30,16.75,17.02,15.28,16.12,130478140
2023-09-13 00:00:00+05:30,16.25,16.48,15.6,16.08,92751412
2023-09-14 00:00:00+05:30,16.18,16.4,15.88,15.92,31554026
2023-09-15 00:00:00+05:30,16.05,16.28,15.28,15.42,93492912
2023-09-18 00:00:00+05:30,15.5,16.25,15.48,15.68,49041816
2023-09-20 00:00:00+05:30,15.68,15.7,15.12,15.2,34354082
2023-09-21 00:00:00+05:30,15.2,15.48,14.38,14.75,57867456
2023-09-22 00:00:00+05:30,14.82,15.22,14.7,14.9,53492652
2023-09-25 00:00:00+05:30,15.15,16.55,15.05,16.05,182164838
2023-09-26 00:00:00+05:30,16.3,16.5,15.88,16.0,84378706
2023-09-27 00:00:00+05:30,16.0,16.08,15.65,15.72,25108888
2023-09-28 00:00:00+05:30,15.82,16.08,15.7,15.82,27194756
2023-09-29 00:00:00+05:30,15.9,16.12,15.75,15.8,20266704
2023-10-03 00:00:00+05:30,15.8,16.0,15.22,15.4,40992712
2023-10-04 00:00:00+05:30,15.3,15.72,15.2,15.52,31655972
2023-10-05 00:00:00+05:30,15.62,15.78,15.38,15.5,21106598
2023-10-06 00:00:00+05:30,15.6,16.35,15.48,16.25,76722626
2023-10-09 00:00:00+05:30,16.0,16.32,15.5,15.6,59850738
2023-10-10 00:00:00+05:30,15.78,16.5,15.78,16.4,74656892
2023-10-11 00:00:00+05:30,16.48,16.88,16.02,16.18,64400092
2023-10-12 00:00:00+05:30,16.28,16.4,15.95,16.1,25821152
2023-10-13 00:00:00+05:30,16.08,16.45,16.0,16.2,34952084
2023-10-16 00:00:00+05:30,16.3,16.32,16.0,16.02,16882850
2023-10-17 00:00:00+05:30,16.15,16.65,16.15,16.28,53320608
2023-10-18 00:00:00+05:30,16.42,18.28,16.38,17.35,411249304
2023-10-19 00:00:00+05:30,17.5,18.0,17.18,17.68,177349660
2023-10-20 00:00:00+05:30,17.75,18.5,17.3,17.6,257356092
2023-10-23 00:00:00+05:30,17.75,17.92,15.8,16.02,159602828
2023-10-25 00:00:00+05:30,16.32,16.75,15.75,16.28,101826978
2023-10-26 00:00:00+05:30,16.22,16.32,15.52,16.12,94843680
2023-10-27 00:00:00+05:30,16.35,16.8,16.25,16.52,44717896
2023-10-30 00:00:00+05:30,16.95,17.6,16.78,17.1,117631556
2023-10-31 00:00:00+05:30,17.22,17.3,16.68,16.75,41997018
2023-11-01 00:00:00+05:30,16.78,17.2,16.62,16.75,42036728
2023-11-02 00:00:00+05:30,16.95,17.1,16.82,16.98,27381868
2023-11-03 00:00:00+05:30,17.08,17.62,17.05,17.25,59225308
2023-11-06 00:00:00+05:30,17.45,17.82,17.28,17.4,56843050
2023-11-07 00:00:00+05:30,17.45,18.12,17.45,17.5,74738208
2023-11-08 00:00:00+05:30,17.62,17.72,17.2,17.4,37528070
2023-11-09 00:00:00+05:30,17.52,18.22,17.52,17.7,90373502
2023-11-10 00:00:00+05:30,17.62,17.65,17.35,17.45,27429726
2023-11-12 00:00:00+05:30,17.65,17.82,17.6,17.7,13306820
2023-11-13 00:00:00+05:30,17.7,17.7,17.38,17.48,25672330
2023-11-15 00:00:00+05:30,17.68,18.25,17.55,17.7,86708332
2023-11-16 00:00:00+05:30,17.75,17.98,17.55,17.85,43090160
2023-11-17 00:00:00+05:30,17.78,19.3,17.58,19.05,238802378
2023-11-20 00:00:00+05:30,19.2,19.45,18.6,18.82,97864818
2023-11-21 00:00:00+05:30,18.95,19.1,18.5,18.58,42519242
2023-11-22 00:00:00+05:30,18.65,18.75,18.0,18.62,55627332
2023-11-23 00:00:00+05:30,18.68,19.05,18.45,18.88,49159842
2023-11-24 00:00:00+05:30,18.9,19.75,18.68,19.52,138721034
2023-11-28 00:00:00+05:30,19.6,19.7,18.82,18.95,56131872
2023-11-29 00:00:00+05:30,19.18,19.18,18.7,18.82,34908264
2023-11-30 00:00:00+05:30,18.92,19.0,18.5,18.58,31266808
2023-12-01 00:00:00+05:30,18.72,19.08,18.62,18.7,30474850
2023-12-04 00:00:00+05:30,19.1,19.28,18.8,18.92,27300540
2023-12-05 00:00:00+05:30,18.98,19.0,18.38,18.65,44417570
2023-12-06 00:00:00+05:30,18.75,18.95,18.5,18.62,28264422
2023-12-07 00:00:00+05:30,18.62,19.35,18.42,19.22,86578880
2023-12-08 00:00:00+05:30,20.0,20.48,19.4,19.95,170091260
2023-12-11 00:00:00+05:30,19.9,20.5,19.68,20.28,73978240
2023-12-12 00:00:00+05:30,20.45,20.72,20.0,20.25,60605908
2023-12-13 00:00:00+05:30,20.4,20.42,19.88,20.02,40549866
2023-12-14 00:00:00+05:30,20.22,20.88,20.08,20.52,67566062
2023-12-15 00:00:00+05:30,21.08,21.2,20.2,20.4,76299840
2023-12-18 00:00:00+05:30,20.72,21.75,20.68,21.22,127956946
2023-12-19 00:00:00+05:30,21.38,21.48,20.82,20.92,46274144
2023-12-20 00:00:00+05:30,21.12,21.25,19.25,19.45,64756860
2023-12-21 00:00:00+05:30,19.15,20.95,18.7,20.78,89326642
2023-12-22 00:00:00+05:30,21.0,21.32,20.55,20.82,56751734
2023-12-26 00:00:00+05:30,20.92,21.12,20.65,20.92,25500170
2023-12-27 00:00:00+05:30,21.02,21.05,20.42,20.88,32238368
2023-12-28 00:00:00+05:30,21.08,21.08,20.6,20.68,23631828
2023-12-29 00:00:00+05:30,20.75,21.0,20.4,20.78,41479200
2024-01-01 00:00:00+05:30,20.78,21.25,20.75,20.92,40330696
2024-01-02 00:00:00+05:30,20.98,21.0,20.55,20.65,26815058
2024-01-03 00:00:00+05:30,20.65,20.9,20.52,20.78,24322180
2024-01-04 00:00:00+05:30,20.8,21.8,20.78,21.58,94598540
2024-01-05 00:00:00+05:30,21.68,21.75,21.0,21.22,41620952
2024-01-08 00:00:00+05:30,21.32,21.7,20.85,21.08,44412306
2024-01-09 00:00:00+05:30,21.75,23.62,21.75,23.0,342989548
2024-01-10 00:00:00+05:30,23.0,23.75,22.58,22.9,116875692
2024-01-11 00:00:00+05:30,23.2,23.72,22.82,23.05,68883732
2024-01-12 00:00:00+05:30,23.25,23.45,22.92,23.02,42230164
2024-01-15 00:00:00+05:30,23.3,23.5,23.05,23.3,43233894
2024-01-16 00:00:00+05:30,23.42,23.82,22.6,23.15,53135730
2024-01-17 00:00:00+05:30,22.88,23.02,22.42,22.75,44395638
2024-01-18 00:00:00+05:30,22.78,23.68,22.5,23.45,90810028
2024-01-19 00:00:00+05:30,23.68,24.12,23.32,23.62,72433688
2024-01-20 00:00:00+05:30,23.8,24.8,23.7,24.62,73103188
2024-01-23 00:00:00+05:30,25.0,25.72,23.7,23.95,128200892
2024-01-24 00:00:00+05:30,24.02,24.85,23.8,24.58,59805672
2024-01-25 00:00:00+05:30,24.8,25.5,24.65,25.35,63381006
2024-01-29 00:00:00+05:30,26.15,30.4,26.1,29.98,386499126
2024-01-30 00:00:00+05:30,31.6,34.5,30.18,34.0,545707106
2024-01-31 00:00:00+05:30,34.32,34.58,32.05,33.05,127998412
2024-02-01 00:00:00+05:30,34.4,34.8,32.2,32.55,121690994
2024-02-02 00:00:00+05:30,33.22,34.5,33.1,33.38,77061996
2024-02-05 00:00:00+05:30,33.75,36.0,33.65,35.02,124834344
2024-02-06 00:00:00+05:30,35.5,35.85,33.65,35.02,54625426
2024-02-07 00:00:00+05:30,35.35,35.48,34.0,34.45,38029074
2024-02-08 00:00:00+05:30,35.0,35.4,34.3,34.92,43813578
2024-02-09 00:00:00+05:30,35.0,35.0,32.05,34.22,56225836
2024-02-12 00:00:00+05:30,34.22,34.6,30.8,30.8,54408396
2024-02-13 00:00:00+05:30,30.22,30.85,27.95,30.3,51678864
2024-02-14 00:00:00+05:30,29.88,33.32,29.28,33.32,55419380
2024-02-15 00:00:00+05:30,33.7,34.18,32.18,33.02,43876846
2024-02-16 00:00:00+05:30,33.28,34.05,32.9,33.55,29814798
2024-02-19 00:00:00+05:30,33.75,33.98,33.15,33.25,15810506
2024-02-20 00:00:00+05:30,33.35,33.38,32.6,32.92,12291210
2024-02-21 00:00:00+05:30,33.05,33.95,32.5,32.8,24651628
2024-02-22 00:00:00+05:30,33.05,33.75,31.72,33.58,28734510
2024-02-23 00:00:00+05:30,33.75,33.88,33.15,33.28,24310410
2024-02-26 00:00:00+05:30,33.42,34.65,32.98,33.55,47201900
2024-02-27 00:00:00+05:30,33.65,34.08,32.85,33.08,33497872
2024-02-28 00:00:00+05:30,33.25,33.25,31.38,31.92,30802544
2024-02-29 00:00:00+05:30,31.5,32.0,31.05,31.42,35090708
2024-03-01 00:00:00+05:30,31.75,32.88,31.75,31.95,23571920
2024-03-02 00:00:00+05:30,31.98,32.42,31.95,32.18,2640770
2024-03-04 00:00:00+05:30,32.4,32.45,31.25,31.32,20378012
2024-03-05 00:00:00+05:30,31.32,31.55,30.85,31.0,15037920
2024-03-06 00:00:00+05:30,30.95,30.98,29.52,30.38,29239076
2024-03-07 00:00:00+05:30,31.55,31.9,30.55,30.65,24361086
2024-03-11 00:00:00+05:30,30.75,30.8,29.42,29.6,21622172
2024-03-12 00:00:00+05:30,29.65,29.8,27.82,28.28,37603512
2024-03-13 00:00:00+05:30,28.28,29.08,25.45,25.48,65707878
2024-03-14 00:00:00+05:30,25.0,28.0,24.7,28.0,45318398
2024-03-15 00:00:00+05:30,28.0,30.1,27.5,28.65,73129470
2024-03-18 00:00:00+05:30,28.85,28.95,27.2,27.55,37751786
2024-03-19 00:00:00+05:30,27.7,28.0,26.92,27.05,22009652
2024-03-20 00:00:00+05:30,27.25,27.75,26.58,26.98,23006640
2024-03-21 00:00:00+05:30,27.45,29.65,27.42,29.45,82823402
2024-03-22 00:00:00+05:30,29.92,30.1,29.22,29.7,43952086
2024-03-26 00:00:00+05:30,29.8,29.95,28.9,29.15,19495220
2024-03-27 00:00:00+05:30,29.28,29.98,29.2,29.45,35827538
2024-03-28 00:00:00+05:30,29.72,30.0,29.05,29.28,20253278
2024-04-01 00:00:00+05:30,29.4,30.98,29.35,30.65,46356196
2024-04-02 00:00:00+05:30,30.75,32.45,30.42,31.88,55384742
2024-04-03 00:00:00+05:30,32.0,32.2,31.45,31.75,29248202
2024-04-04 00:00:00+05:30,32.0,32.65,31.25,31.58,30832816
2024-04-05 00:00:00+05:30,31.62,33.95,31.5,33.6,123612814
2024-04-08 00:00:00+05:30,33.9,36.55,33.82,35.0,195509508
2024-04-09 00:00:00+05:30,35.38,36.0,34.55,35.2,83541916
2024-04-10 00:00:00+05:30,35.05,35.05,33.42,34.68,62514848
2024-04-12 00:00:00+05:30,34.68,35.12,33.82,34.02,43469928
2024-04-15 00:00:00+05:30,32.45,33.75,31.52,32.75,66701930
2024-04-16 00:00:00+05:30,32.3,33.75,32.28,32.92,44099064
2024-04-18 00:00:00+05:30,33.58,33.78,32.5,32.65,33385842
2024-04-19 00:00:00+05:30,31.88,33.5,31.7,33.08,51067392
2024-04-22 00:00:00+05:30,33.52,33.78,33.18,33.52,24361582
2024-04-23 00:00:00+05:30,33.75,34.75,33.62,34.18,36262260
2024-04-24 00:00:00+05:30,34.45,34.45,33.65,33.8,20019782
2024-04-25 00:00:00+05:30,33.75,34.68,33.62,33.9,30497300
2024-04-26 00:00:00+05:30,34.12,35.2,33.8,34.4,62194214
2024-04-29 00:00:00+05:30,34.7,35.05,34.25,34.48,52637322
2024-04-30 00:00:00+05:30,34.7,34.88,33.85,34.0,28102826
2024-05-02 00:00:00+05:30,34.18,35.48,33.78,34.85,76215994
2024-05-03 00:00:00+05:30,35.2,35.32,34.38,34.88,51611266
2024-05-06 00:00:00+05:30,35.12,35.15,32.62,33.82,56509630
2024-05-07 00:00:00+05:30,34.0,34.2,32.7,33.02,47564864
2024-05-08 00:00:00+05:30,33.5,34.42,32.85,33.92,54535728
2024-05-09 00:00:00+05:30,34.05,34.72,32.5,32.8,39814052
2024-05-10 00:00:00+05:30,33.3,33.35,31.02,31.32,72216106
2024-05-13 00:00:00+05:30,31.8,32.2,30.35,31.98,55422822
2024-05-14 00:00:00+05:30,32.12,33.0,31.8,32.92,26825044
2024-05-15 00:00:00+05:30,33.38,33.55,32.75,32.85,22851692
2024-05-16 00:00:00+05:30,33.12,33.18,32.65,32.9,14817758
2024-05-17 00:00:00+05:30,33.05,34.35,32.9,34.0,36906526
2024-05-18 00:00:00+05:30,34.38,34.75,34.25,34.45,9826194
2024-05-21 00:00:00+05:30,34.72,35.82,34.25,34.65,71745668
2024-05-22 00:00:00+05:30,34.8,37.2,34.18,36.7,251528878
2024-05-23 00:00:00+05:30,37.0,37.92,36.45,37.02,114804520
2024-05-24 00:00:00+05:30,37.0,37.25,36.0,36.28,48914070
2024-05-27 00:00:00+05:30,36.5,38.28,36.3,36.45,77357446
2024-05-28 00:00:00+05:30,36.65,36.8,35.12,35.8,52847232
2024-05-29 00:00:00+05:30,35.42,36.45,34.8,36.35,47707056
2024-05-30 00:00:00+05:30,33.25,33.8,31.85,32.6,746569528
2024-05-31 00:00:00+05:30,33.0,33.35,32.32,33.05,132128010
2024-06-03 00:00:00+05:30,37.3,37.3,35.5,36.4,347484720
2024-06-04 00:00:00+05:30,36.58,36.9,29.12,32.78,355847782
2024-06-05 00:00:00+05:30,33.85,34.3,31.32,33.65,121843920
2024-06-06 00:00:00+05:30,34.5,35.72,34.5,35.1,95930138
2024-06-07 00:00:00+05:30,35.65,39.08,35.48,38.42,300651738
2024-06-10 00:00:00+05:30,37.6,38.0,34.9,35.08,397137040
2024-06-11 00:00:00+05:30,32.45,33.38,31.5,33.06,1807991128
2024-06-12 00:00:00+05:30,33.52,34.2,33.52,33.67,296449454
2024-06-13 00:00:00+05:30,33.95,33.99,33.06,33.23,177054646
2024-06-14 00:00:00+05:30,33.42,33.88,33.16,33.59,144916930
2024-06-18 00:00:00+05:30,33.88,33.88,33.18,33.26,99131984
2024-06-19 00:00:00+05:30,33.44,33.45,32.02,32.24,160351206
2024-06-20 00:00:00+05:30,32.45,33.12,32.04,32.82,121878764
2024-06-21 00:00:00+05:30,32.98,33.34,32.68,33.14,101809642
2024-06-24 00:00:00+05:30,32.92,33.65,32.68,33.16,130262504
2024-06-25 00:00:00+05:30,33.24,33.45,32.8,32.86,47760994
2024-06-26 00:00:00+05:30,32.91,33.2,32.7,32.84,37987346
2024-06-27 00:00:00+05:30,32.82,33.12,32.0,32.44,51538502
2024-06-28 00:00:00+05:30,32.6,32.68,32.28,32.44,43404202
2024-07-01 00:00:00+05:30,32.6,32.86,32.37,32.46,33125854
2024-07-02 00:00:00+05:30,32.6,32.72,32.18,32.4,34312788
2024-07-03 00:00:00+05:30,32.56,33.25,32.35,32.86,59476266
2024-07-04 00:00:00+05:30,32.87,34.1,32.55,33.84,158209090
2024-07-05 00:00:00+05:30,33.97,34.24,33.39,33.78,126791536
2024-07-08 00:00:00+05:30,33.95,34.3,33.5,33.58,62019690
2024-07-09 00:00:00+05:30,34.0,34.3,33.36,33.81,70178398
2024-07-10 00:00:00+05:30,33.9,34.75,32.45,34.0,273071208
2024-07-11 00:00:00+05:30,34.65,34.88,33.98,34.07,154702320
2024-07-12 00:00:00+05:30,34.22,34.62,33.7,34.18,135580288
2024-07-15 00:00:00+05:30,34.38,34.38,33.78,34.1,119094726
2024-07-16 00:00:00+05:30,34.16,36.0,34.03,35.49,459977052
2024-07-18 00:00:00+05:30,35.62,35.97,34.2,34.52,158473522
2024-07-19 00:00:00+05:30,34.55,34.55,33.32,33.46,109524398
2024-07-22 00:00:00+05:30,33.4,34.35,33.1,33.9,83091632
2024-07-23 00:00:00+05:30,34.15,34.78,30.75,33.13,212100584
2024-07-24 00:00:00+05:30,33.17,33.92,32.9,33.68,72441192
2024-07-25 00:00:00+05:30,33.4,33.68,33.06,33.12,56548056
2024-07-26 00:00:00+05:30,33.35,33.9,33.28,33.46,52861206
2024-07-29 00:00:00+05:30,33.68,33.84,33.3,33.38,42347910
2024-07-30 00:00:00+05:30,33.4,33.64,33.25,33.34,35452406
2024-07-31 00:00:00+05:30,33.45,33.5,33.03,33.19,33609714
2024-08-01 00:00:00+05:30,33.28,33.4,32.42,32.64,43443344
2024-08-02 00:00:00+05:30,32.25,32.58,31.89,32.24,47606766
2024-08-05 00:00:00+05:30,31.02,31.3,30.15,30.34,105978128
2024-08-06 00:00:00+05:30,31.16,31.4,30.18,30.24,62819056
2024-08-07 00:00:00+05:30,30.84,31.5,30.28,31.39,43986666
2024-08-08 00:00:00+05:30,31.48,32.22,31.21,31.87,56253034
2024-08-09 00:00:00+05:30,32.12,32.22,30.8,30.98,60500014
2024-08-12 00:00:00+05:30,30.98,31.6,30.88,31.18,40881818
2024-08-13 00:00:00+05:30,31.34,31.9,31.26,31.48,36810578
2024-08-14 00:00:00+05:30,31.62,31.74,31.06,31.28,25579688
2024-08-16 00:00:00+05:30,31.5,31.62,31.28,31.42,24416738
2024-08-19 00:00:00+05:30,31.55,32.48,31.54,32.4,41563762
2024-08-20 00:00:00+05:30,32.4,32.8,32.18,32.38,36221414
2024-08-21 00:00:00+05:30,32.36,32.54,32.18,32.36,22362332
2024-08-22 00:00:00+05:30,32.5,32.78,32.27,32.67,33420196
2024-08-23 00:00:00+05:30,32.72,32.78,32.25,32.36,23389450
2024-08-26 00:00:00+05:30,32.7,33.12,32.46,32.9,46079942
2024-08-27 00:00:00+05:30,32.84,33.13,32.74,32.89,26598858
2024-08-28 00:00:00+05:30,32.85,33.45,32.85,33.16,39828072
2024-08-29 00:00:00+05:30,33.15,33.18,32.0,32.08,33096988
2024-08-30 00:00:00+05:30,32.24,32.4,31.6,31.68,68782568
2024-09-02 00:00:00+05:30,31.75,32.05,31.4,31.51,29339452
2024-09-03 00:00:00+05:30,31.51,32.06,31.46,31.82,20044974
2024-09-04 00:00:00+05:30,31.5,32.11,31.4,31.6,28875808
2024-09-05 00:00:00+05:30,31.72,32.08,30.8,30.94,68896530
2024-09-06 00:00:00+05:30,31.0,31.53,30.62,30.96,36053106
2024-09-09 00:00:00+05:30,30.93,31.0,30.18,30.94,30293628
2024-09-10 00:00:00+05:30,31.5,31.82,31.06,31.22,35554234
2024-09-11 00:00:00+05:30,31.22,31.52,29.78,29.92,60226576
2024-09-12 00:00:00+05:30,30.1,30.66,29.56,30.02,56822426
2024-09-13 00:00:00+05:30,30.18,30.94,30.12,30.72,39217094
2024-09-16 00:00:00+05:30,30.88,30.88,30.05,30.12,31616990
2024-09-17 00:00:00+05:30,30.24,30.46,29.92,30.26,46397920
2024-09-18 00:00:00+05:30,30.22,30.6,30.1,30.37,34088444
2024-09-19 00:00:00+05:30,30.5,30.55,29.0,29.5,60785266
2024-09-20 00:00:00+05:30,29.7,32.75,29.5,31.54,260717496
2024-09-23 00:00:00+05:30,32.06,32.15,31.3,31.58,37318742
2024-09-24 00:00:00+05:30,31.58,31.68,30.96,31.12,21344322
2024-09-25 00:00:00+05:30,31.07,31.32,30.61,30.76,16683028
2024-09-26 00:00:00+05:30,30.8,30.88,30.3,30.7,20700864
2024-09-27 00:00:00+05:30,30.58,31.73,30.51,31.46,44864778
2024-09-30 00:00:00+05:30,31.08,31.44,30.35,30.53,46192388
2024-10-01 00:00:00+05:30,30.65,30.91,30.44,30.66,22724044
2024-10-03 00:00:00+05:30,30.0,30.36,29.9,30.02,19866310
2024-10-04 00:00:00+05:30,30.0,30.3,29.26,29.84,31168084
2024-10-07 00:00:00+05:30,29.9,30.1,27.84,27.98,49229670
2024-10-08 00:00:00+05:30,27.98,29.7,27.53,29.46,36800462
2024-10-09 00:00:00+05:30,30.3,30.44,29.85,30.04,31921830
2024-10-10 00:00:00+05:30,30.25,30.28,29.12,29.32,24681926
2024-10-11 00:00:00+05:30,29.5,29.85,29.15,29.72,15367398
2024-10-14 00:00:00+05:30,29.8,29.8,29.02,29.32,20363358
2024-10-15 00:00:00+05:30,29.32,29.68,29.2,29.48,15591486
2024-10-16 00:00:00+05:30,29.21,30.25,29.2,29.96,21146764
2024-10-17 00:00:00+05:30,30.0,30.08,28.95,29.04,15616532
2024-10-18 00:00:00+05:30,29.0,29.02,28.1,28.64,31902768
2024-10-21 00:00:00+05:30,28.75,28.88,27.96,28.1,23427896
2024-10-22 00:00:00+05:30,28.08,28.12,26.1,26.36,38765804
2024-10-23 00:00:00+05:30,26.36,26.98,25.68,26.49,38602680
2024-10-24 00:00:00+05:30,26.67,26.82,26.1,26.28,28131880
2024-10-25 00:00:00+05:30,26.45,26.52,25.03,25.4,36818660
2024-10-28 00:00:00+05:30,25.84,26.28,25.22,25.89,33666810
2024-10-29 00:00:00+05:30,26.0,26.32,25.55,25.96,30938384
2024-10-30 00:00:00+05:30,26.02,27.32,25.88,27.02,54148652
2024-10-31 00:00:00+05:30,26.68,26.9,25.64,25.92,67718798
2024-11-01 00:00:00+05:30,26.6,26.8,26.45,26.74,11118870
2024-11-04 00:00:00+05:30,26.74,26.74,25.44,25.69,30168018
2024-11-05 00:00:00+05:30,25.69,25.96,25.46,25.79,22843022
2024-11-06 00:00:00+05:30,25.92,26.57,25.81,26.5,26549052
2024-11-07 00:00:00+05:30,26.61,26.7,26.02,26.09,20198594
2024-11-08 00:00:00+05:30,26.12,26.22,25.58,25.72,24342528
2024-11-11 00:00:00+05:30,25.75,26.16,25.19,25.57,28417688
2024-11-12 00:00:00+05:30,25.74,26.1,25.0,25.12,22282500
2024-11-13 00:00:00+05:30,25.0,25.03,24.15,24.26,29874440
2024-11-14 00:00:00+05:30,24.26,24.74,23.8,23.88,35318080
2024-11-18 00:00:00+05:30,23.94,24.23,23.58,23.7,32998996
2024-11-19 00:00:00+05:30,23.75,24.42,23.64,23.71,28350600
2024-11-21 00:00:00+05:30,23.75,23.88,22.53,22.9,48022202
2024-11-22 00:00:00+05:30,23.0,23.89,22.58,23.8,29673698
2024-11-25 00:00:00+05:30,24.65,25.74,24.65,25.58,87282482
2024-11-26 00:00:00+05:30,25.66,26.1,25.32,25.84,30509954
2024-11-27 00:00:00+05:30,25.94,26.22,25.46,26.14,38738538
2024-11-28 00:00:00+05:30,26.14,26.91,25.88,26.82,40640626
2024-11-29 00:00:00+05:30,26.75,26.82,26.1,26.7,46104748
2024-12-02 00:00:00+05:30,26.67,27.87,26.44,27.41,48728416
2024-12-03 00:00:00+05:30,27.4,27.68,27.2,27.52,22089176
2024-12-04 00:00:00+05:30,27.62,28.37,27.46,28.22,41955386
2024-12-05 00:00:00+05:30,28.25,28.68,28.07,28.56,36343018
2024-12-06 00:00:00+05:30,28.72,29.73,28.66,29.5,47353428
2024-12-09 00:00:00+05:30,29.62,30.04,29.31,29.7,41812594
2024-12-10 00:00:00+05:30,30.25,31.0,29.02,29.38,140743882
2024-12-11 00:00:00+05:30,29.4,29.95,29.16,29.45,108876930
2024-12-12 00:00:00+05:30,29.57,29.57,28.94,29.07,17905138
2024-12-13 00:00:00+05:30,28.67,29.72,28.4,29.56,113507816
2024-12-16 00:00:00+05:30,29.57,29.67,29.12,29.17,23445256
2024-12-17 00:00:00+05:30,29.2,29.6,28.9,28.99,28690442
2024-12-18 00:00:00+05:30,28.95,29.06,28.4,28.58,17836758
2024-12-19 00:00:00+05:30,27.64,28.48,27.64,28.19,22302124
2024-12-20 00:00:00+05:30,28.2,28.6,27.42,27.54,28368062
2024-12-23 00:00:00+05:30,28.0,28.05,27.25,27.56,19162890
2024-12-24 00:00:00+05:30,27.56,27.78,27.25,27.3,19801218
2024-12-26 00:00:00+05:30,27.29,28.12,27.19,27.94,25488302
2024-12-27 00:00:00+05:30,27.8,28.08,27.54,27.62,16082756
2024-12-30 00:00:00+05:30,27.8,28.36,27.66,27.82,23531694
2024-12-31 00:00:00+05:30,27.75,28.8,27.62,28.62,26756034
2025-01-01 00:00:00+05:30,28.85,29.86,28.62,29.77,63046382
2025-01-02 00:00:00+05:30,30.0,30.22,29.3,30.04,51185828
2025-01-03 00:00:00+05:30,29.97,30.48,29.68,30.16,54759614
2025-01-06 00:00:00+05:30,30.1,30.12,28.28,28.64,55626808
2025-01-07 00:00:00+05:30,28.61,29.54,28.61,29.18,23640198
2025-01-08 00:00:00+05:30,29.15,29.24,28.24,28.64,24072150
2025-01-09 00:00:00+05:30,28.6,28.64,27.63,27.76,21418302
2025-01-10 00:00:00+05:30,28.0,28.2,26.38,26.46,45187714
2025-01-13 00:00:00+05:30,25.84,26.36,24.71,24.91,40927964
2025-01-14 00:00:00+05:30,24.78,25.94,24.76,25.64,33125724
2025-01-15 00:00:00+05:30,26.0,26.22,25.37,25.56,30443636
2025-01-16 00:00:00+05:30,25.78,26.52,25.75,26.27,24324918
2025-01-17 00:00:00+05:30,26.27,27.64,26.18,27.44,40858136
2025-01-20 00:00:00+05:30,27.57,27.65,27.04,27.45,21910482
2025-01-21 00:00:00+05:30,27.6,27.6,26.5,26.54,22647186
2025-01-22 00:00:00+05:30,26.7,26.72,25.44,26.16,26667442
2025-01-23 00:00:00+05:30,26.02,26.92,25.98,26.47,22342462
2025-01-24 00:00:00+05:30,26.54,26.75,25.84,25.97,24748298
2025-01-27 00:00:00+05:30,25.97,25.97,24.58,24.78,34665190
2025-01-28 00:00:00+05:30,25.25,25.36,24.13,25.12,40905280
2025-01-29 00:00:00+05:30,25.22,26.28,25.18,26.14,19823344
2025-01-30 00:00:00+05:30,26.4,27.0,26.18,26.82,28661312
2025-01-31 00:00:00+05:30,27.53,28.86,27.11,28.66,79944604
2025-02-01 00:00:00+05:30,29.5,30.44,27.5,27.84,179916406
2025-02-03 00:00:00+05:30,27.5,27.5,26.16,26.57,56971112
2025-02-04 00:00:00+05:30,27.12,27.37,26.75,27.13,30838978
2025-02-05 00:00:00+05:30,27.15,27.58,27.08,27.22,16933186
2025-02-06 00:00:00+05:30,27.3,27.4,26.78,26.98,15420818
2025-02-07 00:00:00+05:30,26.8,26.9,26.29,26.6,17814308
2025-02-10 00:00:00+05:30,26.58,26.65,25.8,25.86,19323576
2025-02-11 00:00:00+05:30,26.0,26.12,24.85,25.03,32882656
2025-02-12 00:00:00+05:30,24.93,25.13,23.55,24.81,52669034
2025-02-13 00:00:00+05:30,24.95,25.42,24.58,24.74,30173892
2025-02-14 00:00:00+05:30,24.9,24.95,23.32,23.7,40591932
2025-02-17 00:00:00+05:30,23.28,24.06,22.85,23.85,38676806
2025-02-18 00:00:00+05:30,23.8,23.8,22.7,23.06,42867926
2025-02-19 00:00:00+05:30,22.85,23.82,22.7,23.54,27019346
2025-02-20 00:00:00+05:30,23.54,23.95,23.26,23.9,21392292
2025-02-21 00:00:00+05:30,23.82,24.7,23.65,23.73,33699816
2025-02-24 00:00:00+05:30,23.46,23.84,23.12,23.38,25723518
2025-02-25 00:00:00+05:30,23.18,23.66,23.02,23.19,16505206
2025-02-27 00:00:00+05:30,23.2,23.35,22.56,22.62,22958654
2025-02-28 00:00:00+05:30,22.25,22.56,21.34,21.63,55110118
2025-03-03 00:00:00+05:30,21.7,22.1,20.52,21.48,39115810
2025-03-04 00:00:00+05:30,21.03,21.74,20.92,21.28,39857298
2025-03-05 00:00:00+05:30,21.38,22.42,21.38,22.32,30286382
2025-03-06 00:00:00+05:30,22.75,22.9,22.36,22.5,24942942
2025-03-07 00:00:00+05:30,22.45,22.78,22.12,22.26,27593216
2025-03-10 00:00:00+05:30,22.58,22.98,21.69,21.82,47619452
2025-03-11 00:00:00+05:30,21.5,21.94,21.27,21.7,24545156
2025-03-12 00:00:00+05:30,21.82,22.25,21.51,21.84,40360120
2025-03-13 00:00:00+05:30,22.0,22.05,21.35,21.4,22803902
2025-03-17 00:00:00+05:30,21.45,21.84,21.32,21.38,21775900
2025-03-18 00:00:00+05:30,21.5,21.96,21.49,21.93,23091268
2025-03-19 00:00:00+05:30,22.0,22.82,21.96,22.75,42903518
2025-03-20 00:00:00+05:30,22.99,23.2,22.64,22.94,25765990
2025-03-21 00:00:00+05:30,22.92,23.56,22.8,23.4,36362356
2025-03-24 00:00:00+05:30,23.51,23.83,23.41,23.54,31675320
2025-03-25 00:00:00+05:30,23.75,23.75,23.05,23.12,33918308
2025-03-26 00:00:00+05:30,23.05,23.4,22.55,22.61,29746128
2025-03-27 00:00:00+05:30,22.38,23.18,22.3,23.02,41194006
2025-03-28 00:00:00+05:30,23.02,23.47,22.5,22.58,31887390
2025-04-01 00:00:00+05:30,22.62,23.22,22.46,23.0,21622856
2025-04-02 00:00:00+05:30,23.02,23.45,22.54,23.42,22413608
2025-04-03 00:00:00+05:30,23.0,23.87,23.0,23.8,26187330
2025-04-04 00:00:00+05:30,23.66,23.71,22.45,22.76,32899992
2025-04-07 00:00:00+05:30,20.48,21.8,20.48,21.6,40112244
2025-04-08 00:00:00+05:30,22.5,22.92,21.77,22.86,48960858
2025-04-09 00:00:00+05:30,22.86,23.25,22.68,22.8,44503416
2025-04-11 00:00:00+05:30,23.13,23.25,22.42,22.5,30900664
2025-04-15 00:00:00+05:30,23.0,23.22,22.77,23.15,26739706
2025-04-16 00:00:00+05:30,23.0,23.52,23.0,23.34,27857532
2025-04-17 00:00:00+05:30,23.25,23.68,23.14,23.46,26041716
2025-04-21 00:00:00+05:30,23.5,24.18,23.34,24.03,37445210
2025-04-22 00:00:00+05:30,24.03,24.58,23.72,24.28,44127458
2025-04-23 00:00:00+05:30,24.34,24.5,23.73,24.3,31122690
2025-04-24 00:00:00+05:30,24.2,24.56,24.12,24.24,34027856
2025-04-25 00:00:00+05:30,24.26,24.4,23.06,23.46,38643372
2025-04-28 00:00:00+05:30,23.35,23.7,23.2,23.63,21945646
2025-04-29 00:00:00+05:30,23.65,23.95,23.38,23.5,16151208
2025-04-30 00:00:00+05:30,23.5,23.58,22.63,22.8,26472018
2025-05-02 00:00:00+05:30,22.8,23.32,22.72,22.83,22740904
2025-05-05 00:00:00+05:30,22.87,23.18,22.71,22.84,18739520
2025-05-06 00:00:00+05:30,22.82,23.02,21.95,22.02,39891162
2025-05-07 00:00:00+05:30,21.32,22.65,21.32,22.56,21719438
2025-05-08 00:00:00+05:30,22.52,23.04,22.24,22.43,25118068
2025-05-09 00:00:00+05:30,21.72,22.67,21.72,22.59,30786894
2025-05-12 00:00:00+05:30,23.1,23.94,23.03,23.9,34225174
2025-05-13 00:00:00+05:30,23.95,24.19,23.7,23.94,18263194
2025-05-14 00:00:00+05:30,24.05,24.98,24.01,24.66,38771282
2025-05-15 00:00:00+05:30,24.8,25.8,24.71,25.52,50809638
2025-05-16 00:00:00+05:30,25.7,25.74,25.3,25.6,30247654
2025-05-19 00:00:00+05:30,25.8,25.82,25.21,25.34,40976004
2025-05-20 00:00:00+05:30,25.72,25.79,24.76,24.86,56943390
2025-05-21 00:00:00+05:30,24.9,26.05,24.66,25.68,57663650
2025-05-22 00:00:00+05:30,25.67,25.81,25.34,25.62,20185576
2025-05-23 00:00:00+05:30,25.7,25.7,25.28,25.45,20193570
2025-05-26 00:00:00+05:30,25.45,25.65,25.35,25.52,22535358
2025-05-27 00:00:00+05:30,25.62,25.89,25.31,25.58,25071236
2025-05-28 00:00:00+05:30,25.5,26.3,25.5,25.89,57904356
2025-05-29 00:00:00+05:30,26.0,26.09,25.62,25.72,17307002
2025-05-30 00:00:00+05:30,25.72,25.85,25.18,25.64,21383554
2025-06-02 00:00:00+05:30,25.82,26.12,25.56,25.8,29274450
2025-06-03 00:00:00+05:30,25.89,25.94,25.4,25.54,18537120
2025-06-04 00:00:00+05:30,25.54,25.79,25.2,25.55,30682664
2025-06-05 00:00:00+05:30,25.65,25.7,25.26,25.29,15671352
2025-06-06 00:00:00+05:30,25.34,26.14,25.16,25.82,56537264
2025-06-09 00:00:00+05:30,26.0,26.74,25.85,26.58,64517630
2025-06-10 00:00:00+05:30,27.07,27.14,26.37,26.49,61882618
2025-06-11 00:00:00+05:30,26.6,26.67,25.92,26.08,28791970
2025-06-12 00:00:00+05:30,26.08,26.11,25.17,25.28,31946500
2025-06-13 00:00:00+05:30,24.52,25.12,24.31,25.04,25718534
2025-06-16 00:00:00+05:30,24.98,25.07,24.34,25.0,22045318
2025-06-17 00:00:00+05:30,25.05,25.13,24.54,24.65,16321726
2025-06-18 00:00:00+05:30,24.62,24.74,24.18,24.28,18406076
2025-06-19 00:00:00+05:30,24.18,24.62,23.9,24.03,29629022
2025-06-20 00:00:00+05:30,24.0,24.45,23.95,24.32,95020626
2025-06-23 00:00:00+05:30,24.05,24.93,24.0,24.75,24895400
2025-06-24 00:00:00+05:30,25.02,25.09,24.38,24.42,35759362
2025-06-25 00:00:00+05:30,24.52,24.93,24.44,24.89,34872456
2025-06-26 00:00:00+05:30,24.96,25.2,24.68,25.12,40652738
2025-06-27 00:00:00+05:30,25.12,25.22,24.78,24.86,22311904
2025-06-30 00:00:00+05:30,24.9,25.12,24.75,24.8,13977132
2025-07-01 00:00:00+05:30,24.85,25.0,24.42,24.84,18357886
2025-07-02 00:00:00+05:30,24.85,25.08,24.57,24.81,30584264
2025-07-03 00:00:00+05:30,24.95,24.95,24.64,24.75,13019850
2025-07-04 00:00:00+05:30,24.76,24.95,24.46,24.74,16379810
2025-07-07 00:00:00+05:30,24.68,24.97,24.46,24.54,18624056
2025-07-08 00:00:00+05:30,24.67,24.82,24.44,24.72,15369656
2025-07-09 00:00:00+05:30,24.8,24.8,24.2,24.26,21618448
2025-07-10 00:00:00+05:30,24.28,24.42,24.06,24.14,11122552
2025-07-11 00:00:00+05:30,24.1,24.2,23.69,23.8,18333064
2025-07-14 00:00:00+05:30,23.9,24.08,23.71,23.98,21263102
2025-07-15 00:00:00+05:30,24.2,24.42,23.94,24.3,18771976
2025-07-16 00:00:00+05:30,24.2,24.5,24.12,24.38,12177144
2025-07-17 00:00:00+05:30,24.38,24.44,24.1,24.19,9396838
2025-07-18 00:00:00+05:30,24.15,24.25,23.9,24.03,11749836
2025-07-21 00:00:00+05:30,24.04,24.4,23.86,24.26,14768354
2025-07-22 00:00:00+05:30,24.22,24.38,23.92,24.18,13032754
2025-07-23 00:00:00+05:30,24.33,24.44,24.04,24.3,14748884
2025-07-24 00:00:00+05:30,24.35,24.4,23.65,23.73,21342956
2025-07-25 00:00:00+05:30,23.82,23.82,23.18,23.24,24299724
2025-07-28 00:00:00+05:30,23.21,23.44,22.62,22.72,15288854
2025-07-29 00:00:00+05:30,22.72,23.48,22.54,23.28,20028112
2025-07-30 00:00:00+05:30,23.44,23.44,22.96,23.02,11245078
2025-07-31 00:00:00+05:30,22.62,22.83,22.5,22.54,15237414
2025-08-01 00:00:00+05:30,22.54,22.74,22.1,22.16,16466580
2025-08-04 00:00:00+05:30,22.18,22.7,22.02,22.62,17133942
2025-08-05 00:00:00+05:30,22.62,22.72,22.4,22.5,8683450
2025-08-06 00:00:00+05:30,22.58,22.64,22.16,22.36,11609532
2025-08-07 00:00:00+05:30,22.14,22.5,21.72,22.4,22551340
2025-08-08 00:00:00+05:30,22.5,22.5,21.7,21.76,12995304
2025-08-11 00:00:00+05:30,21.82,22.18,21.62,22.12,12092938
2025-08-12 00:00:00+05:30,22.13,22.5,22.05,22.34,10873526
2025-08-13 00:00:00+05:30,22.38,22.5,22.09,22.4,12573544
2025-08-14 00:00:00+05:30,22.48,23.24,22.22,22.68,35044488
2025-08-18 00:00:00+05:30,23.3,23.3,22.41,22.48,21549684
2025-08-19 00:00:00+05:30,22.55,22.6,22.26,22.56,12986072
2025-08-20 00:00:00+05:30,22.56,22.58,22.26,22.3,18450148
2025-08-21 00:00:00+05:30,22.35,22.54,22.25,22.3,13309006
2025-08-22 00:00:00+05:30,22.3,22.38,21.76,21.89,22727102
2025-08-25 00:00:00+05:30,21.95,22.72,21.82,22.52,36341630
2025-08-26 00:00:00+05:30,22.5,22.52,22.0,22.1,18997358
2025-08-28 00:00:00+05:30,22.1,22.12,21.05,21.18,99879576
2025-08-29 00:00:00+05:30,21.25,21.84,21.11,21.45,20224712
2025-09-01 00:00:00+05:30,21.5,21.73,21.42,21.64,13688254
2025-09-02 00:00:00+05:30,21.75,21.92,21.3,21.4,18883136
2025-09-03 00:00:00+05:30,21.52,21.62,21.34,21.5,14699186
2025-09-04 00:00:00+05:30,21.75,21.8,21.28,21.36,14388416
2025-09-05 00:00:00+05:30,21.46,21.52,21.05,21.16,13454216
2025-09-08 00:00:00+05:30,21.3,21.44,21.06,21.12,10923458
2025-09-09 00:00:00+05:30,21.5,21.88,21.06,21.14,32915668
2025-09-10 00:00:00+05:30,21.3,21.41,21.12,21.16,15704592
2025-09-11 00:00:00+05:30,21.23,21.43,21.16,21.22,11741770
2025-09-12 00:00:00+05:30,21.34,21.45,21.19,21.34,12603412
2025-09-15 00:00:00+05:30,21.34,21.86,21.31,21.64,16618278
2025-09-16 00:00:00+05:30,21.75,21.84,21.54,21.7,11473142
2025-09-17 00:00:00+05:30,21.76,22.25,21.76,22.02,29260806
2025-09-18 00:00:00+05:30,22.19,22.25,21.91,22.04,13616828
2025-09-19 00:00:00+05:30,22.04,22.04,21.62,21.8,21366986
2025-09-22 00:00:00+05:30,21.8,21.98,21.65,21.73,10330118
2025-09-23 00:00:00+05:30,21.68,21.78,21.46,21.56,8727384
2025-09-24 00:00:00+05:30,21.5,21.69,21.16,21.2,15412552
2025-09-25 00:00:00+05:30,21.25,21.32,20.95,21.0,10863694
2025-09-26 00:00:00+05:30,20.98,20.99,20.26,20.5,21638034
2025-09-29 00:00:00+05:30,20.52,20.63,20.28,20.42,16692134
2025-09-30 00:00:00+05:30,20.45,20.67,20.42,20.6,10324552
2025-10-01 00:00:00+05:30,20.6,20.78,20.5,20.74,7318084
2025-10-03 00:00:00+05:30,20.75,21.08,20.7,21.0,11675552
2025-10-06 00:00:00+05:30,21.04,21.12,20.8,20.95,9306412
2025-10-07 00:00:00+05:30,20.9,21.03,20.7,20.74,9484198
2025-10-08 00:00:00+05:30,21.04,21.22,20.86,20.9,22084894
2025-10-09 00:00:00+05:30,21.24,21.24,20.88,21.16,15563774
2025-10-10 00:00:00+05:30,21.04,22.0,21.04,21.7,45690646
2025-10-13 00:00:00+05:30,21.6,21.66,21.22,21.36,13909498
2025-10-14 00:00:00+05:30,21.35,21.42,20.89,21.08,17162468
2025-10-15 00:00:00+05:30,21.0,21.26,20.97,21.07,14025006
2025-10-16 00:00:00+05:30,21.1,21.6,21.06,21.54,13366858
2025-10-17 00:00:00+05:30,21.45,21.54,21.1,21.41,13059900
2025-10-20 00:00:00+05:30,21.68,21.68,21.38,21.54,9511904
2025-10-21 00:00:00+05:30,21.58,21.75,21.55,21.62,3218412
2025-10-23 00:00:00+05:30,21.9,21.9,21.62,21.7,11355322
2025-10-24 00:00:00+05:30,21.55,21.82,21.55,21.76,12754790
2025-10-27 00:00:00+05:30,21.78,22.75,21.74,22.32,64119660
2025-10-28 00:00:00+05:30,22.45,22.5,22.2,22.33,10795674
2025-10-29 00:00:00+05:30,22.38,22.46,21.95,22.38,15283576
2025-10-30 00:00:00+05:30,22.5,22.54,22.13,22.3,12946600
2025-10-31 00:00:00+05:30,22.3,22.62,22.18,22.4,13158670
2025-11-03 00:00:00+05:30,22.5,22.88,22.4,22.6,15855516
2025-11-04 00:00:00+05:30,22.5,22.62,22.25,22.33,11498868
2025-11-06 00:00:00+05:30,22.33,22.63,22.12,22.44,18814344
2025-11-07 00:00:00+05:30,22.38,22.42,21.83,22.24,12622296
2025-11-10 00:00:00+05:30,22.24,22.26,21.64,21.71,16581584
2025-11-11 00:00:00+05:30,21.72,21.86,21.32,21.62,16148664
2025-11-12 00:00:00+05:30,21.75,22.3,21.44,21.64,34798292
2025-11-13 00:00:00+05:30,21.64,21.74,21.06,21.18,22224280
2025-11-14 00:00:00+05:30,21.1,21.62,21.04,21.48,16969894
2025-11-17 00:00:00+05:30,22.5,22.98,22.08,22.27,195848970
2025-11-18 00:00:00+05:30,22.25,22.27,21.85,22.06,23123834
2025-11-19 00:00:00+05:30,22.05,22.1,21.82,21.98,12859104
2025-11-20 00:00:00+05:30,22.0,22.12,21.8,21.98,12328378
2025-11-21 00:00:00+05:30,22.0,22.14,21.74,21.84,18693118
2025-11-24 00:00:00+05:30,21.8,21.88,21.26,21.6,16246752
2025-11-25 00:00:00+05:30,21.5,21.72,21.3,21.64,11215178
2025-11-26 00:00:00+05:30,21.64,21.88,21.48,21.64,11861442
2025-11-27 00:00:00+05:30,21.64,21.79,21.46,21.6,12000978
2025-11-28 00:00:00+05:30,21.5,21.78,21.4,21.46,24687144
2025-12-01 00:00:00+05:30,21.57,22.0,21.32,21.56,18770484
2025-12-02 00:00:00+05:30,21.56,21.72,21.22,21.4,9708336
2025-12-03 00:00:00+05:30,21.4,21.54,21.14,21.48,11604738
2025-12-04 00:00:00+05:30,21.5,21.6,21.26,21.5,9875006
2025-12-05 00:00:00+05:30,21.47,21.55,21.26,21.4,8682916
2025-12-08 00:00:00+05:30,21.35,21.4,20.76,20.94,13697240
2025-12-09 00:00:00+05:30,20.76,20.93,20.4,20.7,15336570
2025-12-10 00:00:00+05:30,21.0,21.67,20.88,20.96,28757746
2025-12-11 00:00:00+05:30,21.0,21.04,20.7,20.89,11074446
2025-12-12 00:00:00+05:30,21.0,21.16,20.5,20.63,21755344
2025-12-15 00:00:00+05:30,20.62,21.06,20.62,21.02,15819446
2025-12-16 00:00:00+05:30,21.0,21.0,20.67,20.72,8241212
2025-12-17 00:00:00+05:30,20.74,20.78,20.5,20.53,8965000
2025-12-18 00:00:00+05:30,20.53,20.56,20.28,20.38,8588540
2025-12-19 00:00:00+05:30,20.4,20.6,20.33,20.54,12046534
2025-12-22 00:00:00+05:30,20.75,21.2,20.6,21.0,13541268
2025-12-23 00:00:00+05:30,21.1,21.45,20.98,21.34,14313264
2025-12-24 00:00:00+05:30,21.34,21.54,21.13,21.24,9574158
2025-12-26 00:00:00+05:30,21.26,21.4,21.06,21.1,8216316
2025-12-29 00:00:00+05:30,21.12,21.22,20.76,20.81,9778536
2025-12-30 00:00:00+05:30,20.81,21.2,20.58,21.06,12553224
2025-12-31 00:00:00+05:30,21.1,21.2,20.95,21.02,10441368
2026-01-01 00:00:00+05:30,21.1,21.24,20.99,21.08,6582936
2026-01-02 00:00:00+05:30,21.1,21.45,21.08,21.4,11232122
2026-01-05 00:00:00+05:30,21.41,21.5,21.08,21.12,10012378
2026-01-06 00:00:00+05:30,21.12,21.22,20.9,20.94,15309960
2026-01-07 00:00:00+05:30,21.22,21.38,21.02,21.16,17345682
2026-01-08 00:00:00+05:30,21.45,21.68,20.9,21.07,35498940
2026-01-09 00:00:00+05:30,20.88,21.04,20.66,20.74,14504430
2026-01-12 00:00:00+05:30,20.74,20.74,20.14,20.48,14734686
2026-01-13 00:00:00+05:30,20.58,20.68,20.37,20.46,10495586
2026-01-14 00:00:00+05:30,20.36,20.96,20.35,20.9,13053544
2026-01-16 00:00:00+05:30,20.9,20.91,20.65,20.75,9715792
2026-01-19 00:00:00+05:30,20.55,20.77,20.36,20.58,11777492
2026-01-20 00:00:00+05:30,20.46,20.54,20.1,20.16,16131866
2026-01-21 00:00:00+05:30,20.0,20.16,19.28,19.5,28989026
2026-01-22 00:00:00+05:30,19.62,20.2,19.62,20.07,13071950
2026-01-23 00:00:00+05:30,20.3,20.32,19.75,19.86,11058116
2026-01-27 00:00:00+05:30,20.05,20.1,19.6,19.86,16641888
2026-01-28 00:00:00+05:30,20.05,20.6,19.96,20.56,15707488
2026-01-29 00:00:00+05:30,20.64,20.77,20.28,20.34,14247562
2026-01-30 00:00:00+05:30,20.32,20.86,20.12,20.78,15138322
2026-02-01 00:00:00+05:30,20.78,21.38,20.0,20.3,23220922
2026-02-02 00:00:00+05:30,20.32,20.74,19.88,20.56,14349490
2026-02-03 00:00:00+05:30,21.3,21.42,20.52,20.81,15798278
2026-02-04 00:00:00+05:30,20.8,21.05,20.64,21.02,11043598
2026-02-05 00:00:00+05:30,21.05,21.16,20.88,21.13,11925902
2026-02-06 00:00:00+05:30,21.32,21.65,21.16,21.57,26769314
2026-02-09 00:00:00+05:30,21.92,22.16,21.76,22.08,24329040
2026-02-10 00:00:00+05:30,22.12,22.46,22.06,22.17,15069452
2026-02-11 00:00:00+05:30,22.15,22.25,21.8,22.22,12005976
2026-02-12 00:00:00+05:30,22.17,22.32,21.88,22.23,22120874
2026-02-13 00:00:00+05:30,22.14,22.22,21.88,22.01,15195292
2026-02-16 00:00:00+05:30,22.0,22.0,20.94,21.12,22283460
2026-02-17 00:00:00+05:30,21.27,21.37,20.94,21.3,13477460
2026-02-18 00:00:00+05:30,21.4,21.44,20.95,21.07,9259874
2026-02-19 00:00:00+05:30,21.08,21.14,20.43,20.52,11426188
2026-02-20 00:00:00+05:30,20.38,20.46,20.16,20.34,9562164
2026-02-23 00:00:00+05:30,20.44,20.53,20.0,20.13,13851402
2026-02-24 00:00:00+05:30,20.1,20.2,19.82,20.08,11532356
2026-02-25 00:00:00+05:30,20.2,20.62,20.04,20.55,14728448
2026-02-26 00:00:00+05:30,20.55,21.05,20.5,20.78,13455998
2026-02-27 00:00:00+05:30,20.7,20.96,20.53,20.86,11652662
2026-03-02 00:00:00+05:30,19.2,20.14,19.15,19.97,21049558
2026-03-04 00:00:00+05:30,19.45,20.1,19.32,19.91,19978934
2026-03-05 00:00:00+05:30,19.92,20.25,19.88,20.18,10781532
2026-03-06 00:00:00+05:30,20.02,20.5,20.0,20.39,10708022
2026-03-09 00:00:00+05:30,20.0,20.3,19.88,20.23,15312658
2026-03-10 00:00:00+05:30,20.34,21.1,20.34,20.96,17931218
2026-03-11 00:00:00+05:30,20.9,21.24,20.85,21.05,11130346
2026-03-12 00:00:00+05:30,21.1,21.48,20.66,21.28,19440280
2026-03-13 00:00:00+05:30,21.18,21.32,20.56,20.78,12952282
2026-03-16 00:00:00+05:30,20.92,20.94,20.2,20.68,18938160
2026-03-17 00:00:00+05:30,20.65,21.04,20.58,20.76,16144924
2026-03-18 00:00:00+05:30,20.92,21.24,20.8,20.88,13246384
2026-03-19 00:00:00+05:30,20.45,20.96,20.4,20.82,10695422
2026-03-20 00:00:00+05:30,20.96,21.12,20.5,20.76,14703716
2026-03-23 00:00:00+05:30,20.5,20.64,19.88,20.12,19794726
2026-03-24 00:00:00+05:30,20.55,20.58,20.02,20.32,14053132
2026-03-25 00:00:00+05:30,20.5,20.88,20.42,20.56,12942000
2026-03-27 00:00:00+05:30,20.56,20.98,20.03,20.46,59486840
2026-03-30 00:00:00+05:30,20.56,22.7,20.1,22.14,104692549
2026-04-01 00:00:00+05:30,22.2,22.55,21.41,21.61,22314720
2026-04-02 00:00:00+05:30,21.0,22.0,20.72,21.8,11923312
2026-04-06 00:00:00+05:30,21.69,21.69,20.22,20.67,34751539
2026-04-07 00:00:00+05:30,20.67,20.94,20.46,20.55,15352433
2026-04-08 00:00:00+05:30,21.3,21.3,20.83,20.94,13303125
2026-04-09 00:00:00+05:30,21.13,21.13,20.71,20.89,10119127
2026-04-10 00:00:00+05:30,21.5,22.03,21.25,21.66,48448354
2026-04-13 00:00:00+05:30,20.97,21.57,20.76,21.38,15070334
2026-04-15 00:00:00+05:30,21.8,22.07,21.57,21.77,16485399
2026-04-16 00:00:00+05:30,22.03,22.4,21.7,22.1,19322122
2026-04-17 00:00:00+05:30,22.14,22.53,22.1,22.26,13486192
2026-04-20 00:00:00+05:30,22.25,22.25,21.68,22.0,15171680
2026-04-21 00:00:00+05:30,22.0,22.12,21.75,21.82,9553687
2026-04-22 00:00:00+05:30,21.8,22.22,21.72,22.15,10818442
2026-04-23 00:00:00+05:30,22.15,22.25,21.83,22.15,13229650
2026-04-24 00:00:00+05:30,22.19,22.27,21.55,21.63,9090593
2026-04-27 00:00:00+05:30,21.92,22.15,21.61,21.86,9356135
2026-04-28 00:00:00+05:30,21.87,22.04,21.71,21.86,10937734
2026-04-29 00:00:00+05:30,22.0,22.07,21.68,21.73,9269902
2026-04-30 00:00:00+05:30,21.74,21.83,21.32,21.54,11094710
2026-05-04 00:00:00+05:30,21.7,21.92,21.51,21.7,10463936
