date,open,high,low,close,volume
2003-01-01 00:00:00+05:30,12.5,12.5,12.3,12.35,4778329
2003-01-02 00:00:00+05:30,12.45,12.55,12.3,12.4,9264256
2003-01-03 00:00:00+05:30,12.45,12.75,12.4,12.65,27806193
2003-01-06 00:00:00+05:30,12.7,12.85,12.55,12.6,28245421
2003-01-07 00:00:00+05:30,12.65,12.8,12.6,12.7,24264850
2003-01-08 00:00:00+05:30,12.7,12.85,12.7,12.8,12480888
2003-01-09 00:00:00+05:30,12.8,12.9,12.65,12.7,13229219
2003-01-10 00:00:00+05:30,12.8,12.85,12.6,12.8,11889996
2003-01-13 00:00:00+05:30,12.8,12.85,12.7,12.8,9568469
2003-01-14 00:00:00+05:30,12.5,12.7,12.5,12.55,17206148
2003-01-15 00:00:00+05:30,12.65,12.8,12.65,12.8,10100880
2003-01-16 00:00:00+05:30,12.8,12.85,12.65,12.8,10931832
2003-01-17 00:00:00+05:30,12.9,13.0,12.65,12.7,29866379
2003-01-20 00:00:00+05:30,12.75,12.8,12.7,12.7,10523198
2003-01-21 00:00:00+05:30,12.7,12.7,12.35,12.35,18771488
2003-01-22 00:00:00+05:30,12.25,12.45,12.2,12.25,10268153
2003-01-23 00:00:00+05:30,12.25,12.4,12.2,12.25,7010783
2003-01-24 00:00:00+05:30,12.35,12.35,12.15,12.25,10526163
2003-01-27 00:00:00+05:30,12.25,12.25,11.95,12.05,28310197
2003-01-28 00:00:00+05:30,12.0,12.2,11.95,12.1,14749918
2003-01-29 00:00:00+05:30,12.15,12.15,11.75,11.8,8277113
2003-01-30 00:00:00+05:30,11.95,12.0,11.7,11.75,12417516
2003-01-31 00:00:00+05:30,11.8,12.0,11.7,11.95,29947649
2003-02-03 00:00:00+05:30,12.05,12.35,11.95,12.2,12390514
2003-02-04 00:00:00+05:30,12.05,12.25,10.5,12.15,3663715
2003-02-05 00:00:00+05:30,11.9,12.15,11.9,12.0,8835122
2003-02-06 00:00:00+05:30,12.05,12.05,11.75,12.0,12535882
2003-02-07 00:00:00+05:30,12.0,12.0,11.9,11.95,6841377
2003-02-10 00:00:00+05:30,11.85,11.95,11.75,11.8,9809519
2003-02-11 00:00:00+05:30,11.7,11.9,11.7,11.85,7162811
2003-02-12 00:00:00+05:30,11.7,11.9,11.6,11.8,3283332
2003-02-14 00:00:00+05:30,11.75,11.85,11.7,11.8,4184524
2003-02-17 00:00:00+05:30,11.95,11.95,11.8,11.9,2910962
2003-02-18 00:00:00+05:30,11.9,12.0,11.9,12.0,3766368
2003-02-19 00:00:00+05:30,12.05,12.1,11.95,12.05,10559254
2003-02-20 00:00:00+05:30,11.9,11.95,11.75,11.9,4748985
2003-02-21 00:00:00+05:30,11.9,12.05,11.85,12.0,3595973
2003-02-24 00:00:00+05:30,12.15,12.15,11.8,11.85,8086323
2003-02-25 00:00:00+05:30,11.85,11.85,11.75,11.8,13303620
2003-02-26 00:00:00+05:30,11.8,12.0,11.8,11.95,9038660
2003-02-27 00:00:00+05:30,11.95,12.05,11.9,12.0,10463365
2003-02-28 00:00:00+05:30,12.05,12.3,11.95,12.2,34563544
2003-03-03 00:00:00+05:30,12.25,12.35,12.1,12.15,10575019
2003-03-04 00:00:00+05:30,12.05,12.15,11.95,12.05,5215788
2003-03-05 00:00:00+05:30,12.0,12.0,11.9,12.0,9498230
2003-03-06 00:00:00+05:30,11.95,12.0,11.8,11.9,4795967
2003-03-07 00:00:00+05:30,11.85,12.05,11.85,12.0,11573712
2003-03-10 00:00:00+05:30,11.95,12.05,11.95,12.0,10761334
2003-03-11 00:00:00+05:30,11.95,12.05,11.9,12.05,4690452
2003-03-12 00:00:00+05:30,11.95,12.05,11.95,12.0,5216984
2003-03-13 00:00:00+05:30,12.15,12.15,11.8,11.9,3610489
2003-03-17 00:00:00+05:30,11.85,11.85,11.65,11.7,7847198
2003-03-19 00:00:00+05:30,11.8,11.85,11.7,11.75,10136155
2003-03-20 00:00:00+05:30,11.8,11.8,11.7,11.7,6789764
2003-03-21 00:00:00+05:30,11.7,11.75,11.5,11.5,11234641
2003-03-24 00:00:00+05:30,11.6,11.7,11.35,11.45,6801418
2003-03-25 00:00:00+05:30,11.45,11.5,11.3,11.5,9733660
2003-03-26 00:00:00+05:30,11.55,11.75,11.45,11.75,10534228
2003-03-27 00:00:00+05:30,11.7,11.85,11.65,11.75,11093799
2003-03-28 00:00:00+05:30,11.75,11.9,11.6,11.8,5006684
2003-03-31 00:00:00+05:30,11.75,11.8,11.65,11.75,5757356
2003-04-01 00:00:00+05:30,11.75,11.8,11.65,11.7,3707159
2003-04-02 00:00:00+05:30,11.7,11.8,11.6,11.7,3029223
2003-04-03 00:00:00+05:30,11.7,11.95,11.7,11.85,8340640
2003-04-04 00:00:00+05:30,11.85,12.0,11.8,11.95,15331549
2003-04-07 00:00:00+05:30,12.0,12.5,12.0,12.3,26937571
2003-04-08 00:00:00+05:30,12.35,12.5,12.15,12.4,17294024
2003-04-09 00:00:00+05:30,12.35,12.4,12.25,12.35,8438298
2003-04-10 00:00:00+05:30,12.2,12.7,12.2,12.6,22685983
2003-04-11 00:00:00+05:30,12.55,12.95,12.45,12.65,16839448
2003-04-15 00:00:00+05:30,12.65,12.85,12.55,12.65,13623129
2003-04-16 00:00:00+05:30,12.65,12.95,12.65,12.85,13282288
2003-04-17 00:00:00+05:30,12.75,12.85,12.65,12.8,9906292
2003-04-21 00:00:00+05:30,12.85,12.85,12.6,12.65,4312827
2003-04-22 00:00:00+05:30,12.65,12.75,12.45,12.45,4701482
2003-04-23 00:00:00+05:30,12.55,12.55,12.35,12.45,7032375
2003-04-24 00:00:00+05:30,12.45,12.5,12.35,12.4,12719648
2003-04-25 00:00:00+05:30,12.35,12.55,12.3,12.45,8604219
2003-04-28 00:00:00+05:30,12.55,12.8,12.5,12.75,10154053
2003-04-29 00:00:00+05:30,12.75,12.9,12.75,12.8,11845928
2003-04-30 00:00:00+05:30,12.75,12.85,12.65,12.8,12072773
2003-05-02 00:00:00+05:30,12.8,12.85,12.55,12.75,14560637
2003-05-05 00:00:00+05:30,12.8,12.8,12.65,12.75,6766351
2003-05-06 00:00:00+05:30,12.7,12.85,12.65,12.75,10184594
2003-05-07 00:00:00+05:30,12.75,12.9,12.6,12.65,19741826
2003-05-08 00:00:00+05:30,10.85,12.7,10.85,12.4,14458401
2003-05-09 00:00:00+05:30,12.45,12.55,12.4,12.45,5010066
2003-05-12 00:00:00+05:30,12.4,12.75,12.4,12.7,7818218
2003-05-13 00:00:00+05:30,12.7,12.75,12.5,12.55,4199613
2003-05-14 00:00:00+05:30,12.55,12.65,12.5,12.5,10749419
2003-05-15 00:00:00+05:30,12.5,12.65,12.5,12.6,6570098
2003-05-16 00:00:00+05:30,12.65,13.2,12.6,13.1,27221233
2003-05-19 00:00:00+05:30,13.2,13.5,13.05,13.15,36664937
2003-05-20 00:00:00+05:30,13.25,13.35,13.05,13.1,19523773
2003-05-21 00:00:00+05:30,13.15,13.4,13.15,13.2,17946206
2003-05-22 00:00:00+05:30,13.25,13.55,12.95,13.0,12831458
2003-05-23 00:00:00+05:30,13.1,13.2,12.65,12.75,48907794
2003-05-26 00:00:00+05:30,12.6,12.95,12.6,12.9,21990461
2003-05-27 00:00:00+05:30,12.9,13.15,12.75,13.05,25135344
2003-05-28 00:00:00+05:30,13.1,13.1,12.85,12.95,17366917
2003-05-29 00:00:00+05:30,12.95,13.05,12.85,12.9,32433639
2003-05-30 00:00:00+05:30,12.9,13.1,12.9,13.0,21862314
2003-06-02 00:00:00+05:30,12.95,13.5,12.95,13.15,40517310
2003-06-03 00:00:00+05:30,13.15,13.25,12.8,12.8,23273024
2003-06-04 00:00:00+05:30,12.65,12.9,12.6,12.75,24216098
2003-06-05 00:00:00+05:30,12.9,13.0,12.8,12.95,21186563
2003-06-06 00:00:00+05:30,13.05,13.25,12.95,13.2,32440247
2003-06-09 00:00:00+05:30,13.25,13.55,13.25,13.35,29165603
2003-06-10 00:00:00+05:30,13.3,13.55,13.1,13.2,29324759
2003-06-11 00:00:00+05:30,13.25,13.35,13.05,13.1,17204379
2003-06-12 00:00:00+05:30,13.2,13.4,13.2,13.35,19932616
2003-06-13 00:00:00+05:30,13.4,13.55,13.2,13.3,24976293
2003-06-16 00:00:00+05:30,13.35,13.4,13.1,13.2,10744164
2003-06-17 00:00:00+05:30,13.25,13.4,13.25,13.35,19544013
2003-06-18 00:00:00+05:30,13.45,13.8,13.4,13.65,42636393
2003-06-19 00:00:00+05:30,13.75,13.85,13.6,13.75,25948347
2003-06-20 00:00:00+05:30,13.75,14.0,13.65,13.9,38521066
2003-06-23 00:00:00+05:30,14.05,14.15,13.9,13.95,30497541
2003-06-24 00:00:00+05:30,13.65,13.95,13.45,13.7,18980644
2003-06-25 00:00:00+05:30,13.8,13.95,13.8,13.9,23983269
2003-06-26 00:00:00+05:30,13.95,14.5,13.95,14.4,58462735
2003-06-27 00:00:00+05:30,14.4,14.5,14.15,14.25,22177088
2003-06-30 00:00:00+05:30,14.3,14.55,14.25,14.35,27362751
2003-07-01 00:00:00+05:30,14.4,14.4,14.05,14.1,11472933
2003-07-02 00:00:00+05:30,14.1,14.3,14.1,14.2,14408713
2003-07-03 00:00:00+05:30,14.15,14.45,14.1,14.15,26206358
2003-07-04 00:00:00+05:30,14.2,14.65,14.2,14.45,29118101
2003-07-07 00:00:00+05:30,14.55,14.55,14.25,14.35,8302867
2003-07-08 00:00:00+05:30,14.35,14.7,14.35,14.5,31710282
2003-07-09 00:00:00+05:30,14.55,14.55,14.35,14.45,14056322
2003-07-10 00:00:00+05:30,14.35,14.55,14.15,14.3,22822194
2003-07-11 00:00:00+05:30,14.35,14.4,14.05,14.2,18231273
2003-07-14 00:00:00+05:30,14.1,14.2,14.0,14.15,11809611
2003-07-15 00:00:00+05:30,14.2,14.25,13.7,13.8,20164197
2003-07-16 00:00:00+05:30,13.95,14.2,13.8,14.15,12872509
2003-07-17 00:00:00+05:30,14.2,14.2,13.95,14.1,18781009
2003-07-18 00:00:00+05:30,13.9,14.1,13.75,13.95,12123606
2003-07-21 00:00:00+05:30,13.65,14.05,13.5,13.6,7797979
2003-07-22 00:00:00+05:30,13.55,13.85,13.35,13.5,13686240
2003-07-23 00:00:00+05:30,13.8,13.8,13.5,13.6,6802719
2003-07-24 00:00:00+05:30,13.55,14.0,13.5,13.9,16625870
2003-07-25 00:00:00+05:30,12.95,14.8,12.95,13.75,23068863
2003-07-28 00:00:00+05:30,14.0,14.0,13.8,13.85,18060202
2003-07-29 00:00:00+05:30,13.9,13.9,13.6,13.8,16594029
2003-07-30 00:00:00+05:30,13.85,13.9,13.45,13.6,17913168
2003-07-31 00:00:00+05:30,13.6,13.65,13.35,13.4,34778475
2003-08-01 00:00:00+05:30,13.5,13.6,13.45,13.45,23976818
2003-08-04 00:00:00+05:30,13.55,13.8,13.5,13.65,14255072
2003-08-05 00:00:00+05:30,13.8,14.05,13.6,13.7,40119809
2003-08-06 00:00:00+05:30,13.75,13.85,13.6,13.7,18319097
2003-08-07 00:00:00+05:30,13.8,14.0,13.65,13.8,32648622
2003-08-08 00:00:00+05:30,13.95,14.35,13.9,14.25,36692357
2003-08-11 00:00:00+05:30,14.25,14.65,14.2,14.4,27675705
2003-08-12 00:00:00+05:30,14.45,14.55,14.3,14.45,18969093
2003-08-13 00:00:00+05:30,14.4,14.55,14.2,14.45,17343452
2003-08-14 00:00:00+05:30,14.5,14.6,14.2,14.3,16996524
2003-08-18 00:00:00+05:30,14.35,14.45,14.15,14.45,14581188
2003-08-19 00:00:00+05:30,14.55,14.55,14.25,14.4,16383052
2003-08-20 00:00:00+05:30,14.45,14.45,14.2,14.3,15431184
2003-08-21 00:00:00+05:30,14.4,14.8,14.35,14.7,29205666
2003-08-22 00:00:00+05:30,14.85,15.35,14.8,15.15,47737716
2003-08-25 00:00:00+05:30,15.35,15.4,14.3,14.5,34555480
2003-08-26 00:00:00+05:30,14.7,15.15,14.6,14.85,25779150
2003-08-27 00:00:00+05:30,15.1,15.2,14.9,15.15,19855821
2003-08-28 00:00:00+05:30,15.2,15.4,14.95,15.3,29455351
2003-08-29 00:00:00+05:30,15.45,15.65,15.35,15.55,25599806
2003-09-01 00:00:00+05:30,15.7,16.1,15.7,16.0,22874795
2003-09-02 00:00:00+05:30,16.05,16.1,15.75,15.9,15325357
2003-09-03 00:00:00+05:30,15.95,16.05,15.5,15.55,13847634
2003-09-04 00:00:00+05:30,15.7,15.7,15.1,15.2,21603418
2003-09-05 00:00:00+05:30,15.35,15.8,15.3,15.65,20318982
2003-09-08 00:00:00+05:30,15.6,15.95,15.6,15.9,18042512
2003-09-09 00:00:00+05:30,16.0,16.0,15.35,15.5,14737951
2003-09-10 00:00:00+05:30,15.5,15.8,15.45,15.7,10167009
2003-09-11 00:00:00+05:30,15.7,15.9,15.3,15.35,16215050
2003-09-12 00:00:00+05:30,15.45,15.6,15.0,15.1,14544039
2003-09-15 00:00:00+05:30,14.95,15.2,14.75,14.85,11966791
2003-09-16 00:00:00+05:30,14.8,15.2,14.6,14.95,34170726
2003-09-17 00:00:00+05:30,15.1,15.1,14.6,14.7,20754932
2003-09-18 00:00:00+05:30,14.65,14.8,14.4,14.5,10902541
2003-09-19 00:00:00+05:30,14.7,15.1,14.55,14.9,18088453
2003-09-22 00:00:00+05:30,15.05,15.05,14.6,14.6,12633488
2003-09-23 00:00:00+05:30,14.5,14.85,14.45,14.8,10403220
2003-09-24 00:00:00+05:30,14.95,15.45,14.75,15.4,23214231
2003-09-25 00:00:00+05:30,15.0,15.5,15.0,15.2,18312905
2003-09-26 00:00:00+05:30,15.3,15.45,15.15,15.4,12410700
2003-09-29 00:00:00+05:30,15.35,15.5,15.2,15.25,6595332
2003-09-30 00:00:00+05:30,15.35,15.4,14.9,15.0,16602406
2003-10-01 00:00:00+05:30,15.1,15.3,15.0,15.2,9345629
2003-10-03 00:00:00+05:30,15.2,15.4,15.1,15.15,16288515
2003-10-06 00:00:00+05:30,15.3,15.8,15.25,15.7,28479603
2003-10-07 00:00:00+05:30,15.75,16.0,15.6,15.7,27226488
2003-10-08 00:00:00+05:30,15.85,15.9,15.6,15.75,14663602
2003-10-09 00:00:00+05:30,15.9,16.55,15.8,16.45,26765252
2003-10-10 00:00:00+05:30,16.45,16.8,16.45,16.65,15841275
2003-10-13 00:00:00+05:30,16.6,17.05,16.5,16.95,18870447
2003-10-14 00:00:00+05:30,17.05,17.1,16.2,16.4,18075290
2003-10-15 00:00:00+05:30,16.55,16.75,16.05,16.55,16311980
2003-10-16 00:00:00+05:30,16.65,16.9,16.5,16.8,15437479
2003-10-17 00:00:00+05:30,16.7,16.85,16.4,16.6,13043839
2003-10-20 00:00:00+05:30,16.55,16.65,16.35,16.4,12797432
2003-10-21 00:00:00+05:30,16.3,16.45,16.05,16.35,17051414
2003-10-22 00:00:00+05:30,16.3,16.45,16.2,16.4,13626772
2003-10-23 00:00:00+05:30,16.4,16.4,15.7,15.85,12836296
2003-10-24 00:00:00+05:30,15.85,16.15,15.7,16.05,9766283
2003-10-27 00:00:00+05:30,16.35,16.45,16.1,16.2,13834679
2003-10-28 00:00:00+05:30,16.15,16.4,16.1,16.25,13016005
2003-10-29 00:00:00+05:30,16.45,16.45,15.8,16.15,37813266
2003-10-30 00:00:00+05:30,16.15,16.2,16.05,16.1,14125884
2003-10-31 00:00:00+05:30,16.1,16.4,16.1,16.2,13077398
2003-11-03 00:00:00+05:30,16.4,16.7,16.2,16.6,20724183
2003-11-04 00:00:00+05:30,16.65,16.95,16.65,16.85,21802273
2003-11-05 00:00:00+05:30,16.75,17.05,16.5,16.65,26964210
2003-11-06 00:00:00+05:30,16.6,16.7,16.4,16.4,14840708
2003-11-07 00:00:00+05:30,16.4,16.45,16.0,16.15,16202823
2003-11-10 00:00:00+05:30,16.2,16.3,15.8,16.15,9967218
2003-11-11 00:00:00+05:30,16.3,16.3,16.15,16.2,17636947
2003-11-12 00:00:00+05:30,16.3,16.35,15.8,15.9,12178184
2003-11-13 00:00:00+05:30,16.1,16.1,15.85,15.95,14753403
2003-11-14 00:00:00+05:30,15.95,16.05,15.9,16.0,17172381
2003-11-17 00:00:00+05:30,16.0,16.2,15.95,16.05,6491379
2003-11-18 00:00:00+05:30,16.2,16.3,16.05,16.15,9361446
2003-11-19 00:00:00+05:30,16.3,16.35,15.95,16.25,8921958
2003-11-20 00:00:00+05:30,16.35,16.6,15.95,16.1,15443983
2003-11-21 00:00:00+05:30,16.15,16.45,15.9,16.35,13539415
2003-11-24 00:00:00+05:30,16.4,16.45,16.05,16.1,8219985
2003-11-25 00:00:00+05:30,16.2,16.2,15.95,16.0,10106603
2003-11-27 00:00:00+05:30,16.0,16.15,15.8,16.0,22236661
2003-11-28 00:00:00+05:30,15.9,16.25,15.9,16.05,13288115
2003-12-01 00:00:00+05:30,16.25,16.4,16.05,16.3,21278966
2003-12-02 00:00:00+05:30,16.4,16.6,16.25,16.4,16754382
2003-12-03 00:00:00+05:30,16.45,16.7,16.3,16.4,19106138
2003-12-04 00:00:00+05:30,16.4,17.05,16.35,16.85,29994995
2003-12-05 00:00:00+05:30,16.95,17.45,16.95,17.05,39828603
2003-12-08 00:00:00+05:30,17.0,17.3,17.0,17.1,19813417
2003-12-09 00:00:00+05:30,17.15,17.9,17.15,17.8,41499510
2003-12-10 00:00:00+05:30,17.95,18.5,17.9,18.3,47603899
2003-12-11 00:00:00+05:30,18.35,18.4,17.8,18.2,21635364
2003-12-12 00:00:00+05:30,17.5,18.25,17.3,18.1,12813353
2003-12-15 00:00:00+05:30,18.15,18.7,18.1,18.6,15439612
2003-12-16 00:00:00+05:30,18.65,19.45,18.4,19.3,39193123
2003-12-17 00:00:00+05:30,19.4,19.4,18.75,18.95,20208576
2003-12-18 00:00:00+05:30,19.0,19.0,18.45,18.5,18813319
2003-12-19 00:00:00+05:30,18.75,18.9,18.35,18.5,16220825
2003-12-22 00:00:00+05:30,18.6,18.6,18.35,18.45,6997567
2003-12-23 00:00:00+05:30,18.5,18.6,18.15,18.25,8785851
2003-12-24 00:00:00+05:30,18.6,18.6,18.1,18.25,20359617
2003-12-26 00:00:00+05:30,18.45,18.6,18.1,18.25,11089220
2003-12-29 00:00:00+05:30,18.45,18.95,18.2,18.6,25696163
2003-12-30 00:00:00+05:30,18.65,18.85,18.25,18.4,25839763
2003-12-31 00:00:00+05:30,18.45,18.6,18.35,18.4,18542613
2004-01-01 00:00:00+05:30,18.5,18.8,18.35,18.6,28093913
2004-01-02 00:00:00+05:30,18.6,19.3,18.6,19.15,41860278
2004-01-05 00:00:00+05:30,19.55,20.0,19.0,19.9,46862800
2004-01-06 00:00:00+05:30,19.95,20.1,19.1,19.35,21162994
2004-01-07 00:00:00+05:30,19.1,19.4,18.8,19.2,18264987
2004-01-08 00:00:00+05:30,19.3,20.3,19.25,20.2,30213048
2004-01-09 00:00:00+05:30,20.4,20.75,20.0,20.3,33529159
2004-01-12 00:00:00+05:30,20.5,21.05,20.0,20.85,28204578
2004-01-13 00:00:00+05:30,20.65,20.9,20.25,20.6,18778043
2004-01-14 00:00:00+05:30,20.8,21.3,20.05,21.2,22790768
2004-01-15 00:00:00+05:30,21.4,21.85,21.05,21.25,33801634
2004-01-16 00:00:00+05:30,21.35,21.4,20.75,21.0,18628877
2004-01-19 00:00:00+05:30,21.05,21.55,20.8,21.35,16573373
2004-01-20 00:00:00+05:30,21.45,21.6,20.65,20.95,20203790
2004-01-21 00:00:00+05:30,22.45,22.45,20.5,20.7,22782652
2004-01-22 00:00:00+05:30,20.75,21.05,20.05,20.25,23509391
2004-01-23 00:00:00+05:30,20.25,20.4,18.55,19.25,52231240
2004-01-27 00:00:00+05:30,19.65,20.05,19.0,19.75,23159757
2004-01-28 00:00:00+05:30,19.5,19.9,18.8,19.05,16196371
2004-01-29 00:00:00+05:30,19.1,19.65,19.0,19.25,37309158
2004-01-30 00:00:00+05:30,19.55,19.65,19.0,19.2,11781463
2004-02-03 00:00:00+05:30,19.1,19.6,18.3,18.9,19766591
2004-02-04 00:00:00+05:30,18.9,19.25,18.6,18.75,20340990
2004-02-05 00:00:00+05:30,18.9,18.9,18.15,18.25,17737414
2004-02-06 00:00:00+05:30,18.35,18.75,18.2,18.5,21691711
2004-02-09 00:00:00+05:30,18.3,18.9,18.3,18.65,16387214
2004-02-10 00:00:00+05:30,18.75,19.0,18.6,18.8,25728785
2004-02-11 00:00:00+05:30,19.0,19.0,18.65,18.9,18118629
2004-02-12 00:00:00+05:30,18.8,19.15,18.8,18.9,19511130
2004-02-13 00:00:00+05:30,19.1,19.9,18.9,19.85,36562753
2004-02-16 00:00:00+05:30,19.8,20.3,19.8,20.05,16867700
2004-02-17 00:00:00+05:30,20.0,20.4,19.85,20.25,22207681
2004-02-18 00:00:00+05:30,20.4,20.4,19.75,20.25,26181801
2004-02-19 00:00:00+05:30,20.25,20.3,20.1,20.2,28310249
2004-02-20 00:00:00+05:30,19.2,20.55,19.2,20.4,22043843
2004-02-23 00:00:00+05:30,20.4,20.7,20.25,20.4,18291001
2004-02-24 00:00:00+05:30,20.5,20.95,20.1,20.8,27558640
2004-02-25 00:00:00+05:30,20.6,20.75,20.05,20.15,10044533
2004-02-26 00:00:00+05:30,19.95,20.7,19.95,20.4,18890686
2004-02-27 00:00:00+05:30,20.45,20.75,20.3,20.6,10078560
2004-03-01 00:00:00+05:30,20.6,21.45,20.4,21.35,21232400
2004-03-03 00:00:00+05:30,21.35,22.3,21.0,22.0,21273451
2004-03-04 00:00:00+05:30,21.9,22.05,21.55,21.8,12480107
2004-03-05 00:00:00+05:30,21.55,22.1,21.55,21.85,12119652
2004-03-08 00:00:00+05:30,21.85,22.25,21.75,22.05,9872058
2004-03-09 00:00:00+05:30,21.85,22.1,21.7,21.9,12654508
2004-03-10 00:00:00+05:30,21.85,22.15,21.55,21.95,13979319
2004-03-11 00:00:00+05:30,21.8,21.85,21.35,21.5,17686686
2004-03-12 00:00:00+05:30,21.45,21.5,21.1,21.25,12667255
2004-03-15 00:00:00+05:30,21.45,21.45,20.4,20.6,13070947
2004-03-16 00:00:00+05:30,20.45,20.6,19.55,20.15,24005225
2004-03-17 00:00:00+05:30,20.25,20.6,19.7,20.4,27205468
2004-03-18 00:00:00+05:30,20.4,20.55,20.1,20.3,7627324
2004-03-19 00:00:00+05:30,20.2,20.2,19.9,20.05,11146607
2004-03-22 00:00:00+05:30,20.1,20.3,19.9,20.1,14748461
2004-03-23 00:00:00+05:30,19.95,20.3,19.95,20.2,12644310
2004-03-24 00:00:00+05:30,20.3,20.5,19.9,20.0,12447589
2004-03-25 00:00:00+05:30,19.9,20.3,19.9,20.05,13519123
2004-03-26 00:00:00+05:30,20.3,20.35,19.65,20.05,12287861
2004-03-29 00:00:00+05:30,20.15,20.2,19.85,20.0,5365214
2004-03-30 00:00:00+05:30,20.1,20.1,19.6,19.65,9867167
2004-03-31 00:00:00+05:30,19.3,19.8,19.3,19.55,15067346
2004-04-01 00:00:00+05:30,19.75,20.4,19.5,20.3,13453464
2004-04-02 00:00:00+05:30,20.4,20.55,20.2,20.3,10182669
2004-04-05 00:00:00+05:30,19.85,20.6,19.85,20.4,9273309
2004-04-06 00:00:00+05:30,20.4,20.55,20.25,20.3,6569890
2004-04-07 00:00:00+05:30,20.3,20.6,20.2,20.45,9458168
2004-04-08 00:00:00+05:30,20.25,20.5,19.1,20.4,11178241
2004-04-12 00:00:00+05:30,20.5,20.6,20.05,20.15,6878370
2004-04-13 00:00:00+05:30,20.1,20.45,19.75,20.3,8494073
2004-04-15 00:00:00+05:30,20.3,20.6,20.3,20.35,14548566
2004-04-16 00:00:00+05:30,19.85,20.5,19.85,20.3,7417596
2004-04-19 00:00:00+05:30,20.3,20.45,20.15,20.3,8815300
2004-04-20 00:00:00+05:30,20.4,20.4,20.05,20.15,5801372
2004-04-21 00:00:00+05:30,20.15,20.35,20.0,20.25,11751184
2004-04-22 00:00:00+05:30,20.5,20.5,20.05,20.25,5565525
2004-04-23 00:00:00+05:30,20.05,20.4,20.0,20.25,10035220
2004-04-27 00:00:00+05:30,19.15,20.4,19.15,19.8,23545134
2004-04-28 00:00:00+05:30,19.7,20.25,19.5,19.8,15391850
2004-04-29 00:00:00+05:30,19.65,20.3,19.5,20.0,17512962
2004-04-30 00:00:00+05:30,19.5,20.5,19.5,20.2,8052920
2004-05-03 00:00:00+05:30,20.1,20.3,19.7,20.1,13350134
2004-05-04 00:00:00+05:30,20.05,20.1,19.75,19.9,13567198
2004-05-05 00:00:00+05:30,19.9,20.0,19.75,19.8,23832906
2004-05-06 00:00:00+05:30,20.0,20.0,19.55,19.6,30593795
2004-05-07 00:00:00+05:30,19.4,19.55,19.1,19.3,11909923
2004-05-10 00:00:00+05:30,18.7,19.3,18.45,18.7,15862607
2004-05-11 00:00:00+05:30,18.35,18.6,17.35,17.5,25409485
2004-05-12 00:00:00+05:30,17.35,17.75,17.2,17.5,16804434
2004-05-13 00:00:00+05:30,17.25,18.15,16.4,17.85,19732201
2004-05-14 00:00:00+05:30,17.95,18.2,16.85,17.15,25221193
2004-05-17 00:00:00+05:30,17.15,17.25,15.2,15.5,15357666
2004-05-18 00:00:00+05:30,15.9,18.3,15.45,16.95,17749849
2004-05-19 00:00:00+05:30,17.35,17.65,15.7,16.85,13760849
2004-05-20 00:00:00+05:30,16.4,16.85,16.2,16.6,14309337
2004-05-21 00:00:00+05:30,16.4,16.85,16.3,16.8,12966681
2004-06-23 00:00:00+05:30,16.1,16.15,15.5,15.85,16029047
2004-06-24 00:00:00+05:30,15.9,16.2,15.8,16.1,25075251
2004-06-25 00:00:00+05:30,16.05,16.45,15.95,16.2,9860611
2004-06-28 00:00:00+05:30,16.3,16.45,16.1,16.3,8368060
2004-06-29 00:00:00+05:30,16.3,16.55,16.1,16.4,8127062
2004-06-30 00:00:00+05:30,16.45,16.75,16.3,16.6,9908477
2004-07-01 00:00:00+05:30,16.55,16.8,16.5,16.6,12807734
2004-07-02 00:00:00+05:30,16.65,17.2,16.55,17.05,12087133
2004-07-05 00:00:00+05:30,16.9,17.25,16.9,17.15,7414526
2004-07-06 00:00:00+05:30,17.2,17.75,16.95,17.55,11595408
2004-07-07 00:00:00+05:30,17.7,18.35,17.55,18.05,26590175
2004-07-08 00:00:00+05:30,17.95,19.3,17.95,18.3,34903760
2004-07-09 00:00:00+05:30,17.7,19.8,17.7,19.7,37854368
2004-07-12 00:00:00+05:30,19.7,19.95,19.4,19.75,17826332
2004-07-13 00:00:00+05:30,19.75,19.9,19.3,19.55,9855356
2004-07-14 00:00:00+05:30,19.85,19.85,18.75,18.85,14354915
2004-07-15 00:00:00+05:30,18.55,19.4,18.5,18.6,21594053
2004-07-16 00:00:00+05:30,18.6,19.25,18.6,19.2,17007554
2004-07-19 00:00:00+05:30,19.0,19.25,18.75,19.05,11686095
2004-07-20 00:00:00+05:30,19.1,19.1,18.6,18.65,12375530
2004-07-21 00:00:00+05:30,18.65,18.7,18.45,18.6,17140175
2004-07-22 00:00:00+05:30,18.8,18.8,18.35,18.4,11652172
2004-07-23 00:00:00+05:30,18.4,18.9,18.35,18.75,18302863
2004-07-26 00:00:00+05:30,18.7,19.75,18.6,19.7,25006053
2004-07-27 00:00:00+05:30,19.7,19.75,19.55,19.7,20288701
2004-07-28 00:00:00+05:30,19.55,19.65,19.35,19.4,15215472
2004-07-29 00:00:00+05:30,19.35,19.7,19.0,19.6,18715920
2004-07-30 00:00:00+05:30,19.7,19.7,19.2,19.45,17284815
2004-08-02 00:00:00+05:30,19.4,19.45,19.2,19.35,6905945
2004-08-03 00:00:00+05:30,19.4,19.45,18.85,18.95,25697152
2004-08-04 00:00:00+05:30,19.0,19.5,18.9,19.4,14962455
2004-08-05 00:00:00+05:30,19.5,19.65,19.4,19.6,14456007
2004-08-06 00:00:00+05:30,19.55,19.65,19.25,19.6,8820295
2004-08-09 00:00:00+05:30,19.6,19.65,19.4,19.6,8246676
2004-08-10 00:00:00+05:30,19.5,19.65,19.4,19.5,5924160
2004-08-11 00:00:00+05:30,19.35,19.8,19.2,19.6,14428796
2004-08-12 00:00:00+05:30,19.6,19.6,19.4,19.5,5425308
2004-08-13 00:00:00+05:30,19.5,19.5,18.9,19.1,13001697
2004-08-16 00:00:00+05:30,19.5,19.5,18.9,19.1,13001697
2004-08-17 00:00:00+05:30,19.45,19.5,18.7,19.05,11527876
2004-08-18 00:00:00+05:30,19.1,19.15,18.7,18.85,11997071
2004-08-19 00:00:00+05:30,19.0,19.45,18.9,19.35,13371570
2004-08-20 00:00:00+05:30,19.25,19.4,19.0,19.2,6649234
2004-08-23 00:00:00+05:30,19.3,19.35,18.9,19.05,5216204
2004-08-24 00:00:00+05:30,19.1,19.35,19.0,19.3,5264434
2004-08-25 00:00:00+05:30,19.45,19.5,19.3,19.35,4903302
2004-08-26 00:00:00+05:30,19.65,19.65,19.4,19.55,15490809
2004-08-27 00:00:00+05:30,19.5,19.65,19.15,19.15,6280298
2004-08-30 00:00:00+05:30,19.3,19.55,19.25,19.5,8195740
2004-08-31 00:00:00+05:30,19.4,19.65,19.35,19.6,10135271
2004-09-01 00:00:00+05:30,19.65,19.85,19.5,19.6,11898113
2004-09-02 00:00:00+05:30,19.6,19.6,19.4,19.45,6850326
2004-09-03 00:00:00+05:30,19.5,19.5,19.25,19.45,11532871
2004-09-06 00:00:00+05:30,19.45,19.5,19.35,19.4,9994221
2004-09-07 00:00:00+05:30,19.5,19.6,19.1,19.5,12424696
2004-09-08 00:00:00+05:30,19.55,19.6,19.3,19.55,8046833
2004-09-09 00:00:00+05:30,19.55,20.55,19.4,20.25,70445656
2004-09-10 00:00:00+05:30,20.05,20.85,20.05,20.7,70422192
2004-09-13 00:00:00+05:30,20.75,20.85,20.5,20.65,16798502
2004-09-14 00:00:00+05:30,20.6,20.6,20.15,20.3,11099782
2004-09-15 00:00:00+05:30,20.45,20.55,20.3,20.4,9765190
2004-09-16 00:00:00+05:30,20.35,21.5,20.35,21.4,37785171
2004-09-17 00:00:00+05:30,21.45,22.2,21.2,22.0,41152634
2004-09-20 00:00:00+05:30,21.95,22.45,21.9,22.2,28618051
2004-09-21 00:00:00+05:30,22.15,22.35,21.95,22.05,21061797
2004-09-22 00:00:00+05:30,22.0,22.1,21.7,21.85,19813105
2004-09-23 00:00:00+05:30,21.8,21.85,21.55,21.75,18870499
2004-09-24 00:00:00+05:30,21.6,22.05,21.5,21.55,18422843
2004-09-27 00:00:00+05:30,21.55,21.65,21.05,21.3,15062091
2004-09-28 00:00:00+05:30,21.15,21.55,21.05,21.1,11063778
2004-09-29 00:00:00+05:30,21.15,21.4,20.8,21.3,21471889
2004-09-30 00:00:00+05:30,21.55,21.55,21.15,21.3,23423231
2004-10-01 00:00:00+05:30,21.45,21.7,21.0,21.1,30647541
2004-10-04 00:00:00+05:30,21.3,21.55,21.25,21.45,30774699
2004-10-05 00:00:00+05:30,21.45,21.8,21.25,21.45,16439606
2004-10-06 00:00:00+05:30,21.5,21.6,21.05,21.1,13269905
2004-10-07 00:00:00+05:30,21.15,21.2,20.85,20.95,15085973
2004-10-08 00:00:00+05:30,21.05,21.25,20.75,20.9,21115908
2004-10-11 00:00:00+05:30,20.95,20.95,20.65,20.75,16274779
2004-10-12 00:00:00+05:30,20.95,20.95,20.6,20.7,10594478
2004-10-14 00:00:00+05:30,20.65,21.05,20.6,20.9,21473762
2004-10-15 00:00:00+05:30,21.05,21.2,20.85,20.9,10956078
2004-10-18 00:00:00+05:30,20.95,21.05,20.6,20.65,11815959
2004-10-19 00:00:00+05:30,20.75,20.8,20.3,20.55,15950380
2004-10-20 00:00:00+05:30,20.6,20.65,20.25,20.4,20497857
2004-10-21 00:00:00+05:30,20.45,20.45,20.25,20.3,10002338
2004-10-25 00:00:00+05:30,20.3,20.3,20.0,20.25,8168737
2004-10-26 00:00:00+05:30,20.3,20.5,20.25,20.35,15155014
2004-10-27 00:00:00+05:30,20.35,20.4,20.15,20.3,11400665
2004-10-28 00:00:00+05:30,20.6,20.6,20.25,20.3,30103943
2004-10-29 00:00:00+05:30,20.45,20.45,20.2,20.35,14488161
2004-11-01 00:00:00+05:30,20.5,20.55,20.25,20.3,15057096
2004-11-02 00:00:00+05:30,20.4,21.15,20.4,21.05,33927075
2004-11-03 00:00:00+05:30,21.1,21.35,21.0,21.25,22608615
2004-11-04 00:00:00+05:30,21.3,21.4,20.85,20.95,11751912
2004-11-05 00:00:00+05:30,21.15,21.4,21.1,21.1,12220067
2004-11-08 00:00:00+05:30,21.05,21.3,21.0,21.05,9014362
2004-11-09 00:00:00+05:30,21.05,21.45,21.05,21.1,12311690
2004-11-10 00:00:00+05:30,21.2,21.5,21.1,21.4,16054489
2004-11-11 00:00:00+05:30,21.45,21.6,21.4,21.5,16149807
2004-11-12 00:00:00+05:30,21.55,21.65,21.45,21.5,2405813
2004-11-16 00:00:00+05:30,21.6,21.75,21.45,21.55,18809105
2004-11-17 00:00:00+05:30,19.85,21.6,19.85,21.3,12714862
2004-11-18 00:00:00+05:30,21.3,21.35,21.0,21.15,12552844
2004-11-19 00:00:00+05:30,21.3,21.6,21.15,21.4,18311708
2004-11-22 00:00:00+05:30,20.85,21.6,20.85,21.5,15960526
2004-11-23 00:00:00+05:30,21.55,22.4,21.55,22.35,37998281
2004-11-24 00:00:00+05:30,22.4,23.75,22.4,23.5,54020045
2004-11-25 00:00:00+05:30,23.5,24.05,23.35,23.85,42755070
2004-11-29 00:00:00+05:30,23.8,24.45,23.7,24.2,28752494
2004-11-30 00:00:00+05:30,24.55,24.65,23.75,24.15,33048204
2004-12-01 00:00:00+05:30,24.05,24.65,23.8,24.15,38427727
2004-12-02 00:00:00+05:30,24.35,24.35,23.85,24.05,29687972
2004-12-03 00:00:00+05:30,24.1,24.55,23.8,24.0,21142286
2004-12-06 00:00:00+05:30,23.85,24.05,23.6,23.7,19562898
2004-12-07 00:00:00+05:30,23.75,24.1,23.6,23.9,14381189
2004-12-08 00:00:00+05:30,24.05,24.05,23.5,23.7,12967202
2004-12-09 00:00:00+05:30,23.6,24.05,23.55,23.9,12182087
2004-12-10 00:00:00+05:30,23.95,23.95,23.45,23.7,14950229
2004-12-13 00:00:00+05:30,24.35,24.35,23.55,23.7,12854298
2004-12-14 00:00:00+05:30,23.8,24.1,23.65,23.95,20390626
2004-12-15 00:00:00+05:30,24.05,24.3,23.85,23.95,20006860
2004-12-16 00:00:00+05:30,24.0,24.1,23.8,23.85,13098106
2004-12-17 00:00:00+05:30,23.95,23.95,23.4,23.5,12686714
2004-12-20 00:00:00+05:30,23.6,23.8,23.45,23.7,9646773
2004-12-21 00:00:00+05:30,23.75,24.75,23.6,24.55,25386696
2004-12-22 00:00:00+05:30,24.2,24.9,24.15,24.45,27971384
2004-12-23 00:00:00+05:30,24.5,24.65,24.2,24.35,18960508
2004-12-24 00:00:00+05:30,24.35,24.45,24.2,24.3,6624729
2004-12-27 00:00:00+05:30,24.35,24.75,24.15,24.55,12139423
2004-12-28 00:00:00+05:30,24.7,24.9,24.5,24.7,14112928
2004-12-29 00:00:00+05:30,24.8,25.05,24.65,24.75,19272318
2004-12-30 00:00:00+05:30,24.9,24.9,24.15,24.25,16892518
2004-12-31 00:00:00+05:30,24.2,24.65,24.2,24.55,8908899
2005-01-03 00:00:00+05:30,24.7,24.9,24.5,24.6,8000943
2005-01-04 00:00:00+05:30,24.5,24.8,24.35,24.65,8067436
2005-01-05 00:00:00+05:30,24.8,24.8,24.0,24.3,16194759
2005-01-06 00:00:00+05:30,24.25,24.25,23.6,23.9,11619030
2005-01-07 00:00:00+05:30,23.7,24.5,23.7,24.35,11417054
2005-01-10 00:00:00+05:30,24.35,24.35,23.75,23.85,7707397
2005-01-11 00:00:00+05:30,23.45,24.25,23.4,23.8,7021657
2005-01-12 00:00:00+05:30,24.15,24.3,23.45,23.8,18522737
2005-01-13 00:00:00+05:30,24.05,24.05,23.0,23.3,14690189
2005-01-14 00:00:00+05:30,23.35,23.65,22.8,23.45,16157923
2005-01-17 00:00:00+05:30,23.5,23.5,23.0,23.25,11749467
2005-01-18 00:00:00+05:30,23.35,23.65,23.25,23.4,16348036
2005-01-19 00:00:00+05:30,23.4,23.6,23.05,23.2,8109320
2005-01-20 00:00:00+05:30,23.55,26.05,22.65,25.8,151740525
2005-01-24 00:00:00+05:30,25.85,25.95,25.05,25.2,36907756
2005-01-25 00:00:00+05:30,25.1,26.35,24.6,25.45,72546684
2005-01-27 00:00:00+05:30,25.45,26.2,25.1,25.9,58751756
2005-01-28 00:00:00+05:30,25.9,26.55,25.6,26.2,49227771
2005-01-31 00:00:00+05:30,25.85,26.3,25.0,25.45,64056149
2005-02-01 00:00:00+05:30,24.95,25.75,24.95,25.25,56266754
2005-02-02 00:00:00+05:30,25.3,25.3,24.75,24.85,16872018
2005-02-03 00:00:00+05:30,25.05,25.05,24.65,24.9,33608711
2005-02-04 00:00:00+05:30,24.9,25.35,24.9,25.1,20561645
2005-02-07 00:00:00+05:30,25.25,25.8,24.85,24.95,29570752
2005-02-08 00:00:00+05:30,25.0,25.0,24.65,24.75,10942082
2005-02-09 00:00:00+05:30,24.55,25.05,24.55,24.85,16000171
2005-02-10 00:00:00+05:30,24.55,25.0,24.55,24.95,9435119
2005-02-11 00:00:00+05:30,25.2,25.6,24.85,25.0,10228247
2005-02-14 00:00:00+05:30,25.1,25.25,24.55,24.7,11281987
2005-02-15 00:00:00+05:30,25.0,25.0,24.5,24.6,14602988
2005-02-16 00:00:00+05:30,24.65,24.8,24.25,24.45,32984053
2005-02-17 00:00:00+05:30,24.4,24.55,24.05,24.3,18460772
2005-02-18 00:00:00+05:30,24.35,24.45,23.85,23.95,12396914
2005-02-21 00:00:00+05:30,24.05,24.1,23.6,23.65,15106004
2005-02-22 00:00:00+05:30,23.6,24.2,23.6,24.05,10747442
2005-02-23 00:00:00+05:30,24.05,24.35,23.85,24.05,12571783
2005-02-24 00:00:00+05:30,24.15,24.4,23.9,24.25,18523830
2005-02-25 00:00:00+05:30,24.25,24.25,24.0,24.1,14991800
2005-02-28 00:00:00+05:30,24.1,24.45,23.2,24.25,35747720
2005-03-01 00:00:00+05:30,24.0,25.3,23.95,25.05,50461062
2005-03-02 00:00:00+05:30,25.05,25.2,24.75,25.1,26491320
2005-03-03 00:00:00+05:30,25.05,25.3,25.0,25.2,15493410
2005-03-04 00:00:00+05:30,25.25,25.9,25.1,25.7,34929046
2005-03-07 00:00:00+05:30,26.15,26.15,25.3,25.55,10897806
2005-03-08 00:00:00+05:30,25.45,26.0,25.45,25.7,16951363
2005-03-09 00:00:00+05:30,25.45,26.1,25.45,25.7,7919051
2005-03-10 00:00:00+05:30,25.55,26.05,25.55,25.85,16779252
2005-03-11 00:00:00+05:30,26.1,26.1,25.05,25.15,24258242
2005-03-14 00:00:00+05:30,25.45,25.6,24.9,25.0,11300926
2005-03-15 00:00:00+05:30,25.15,25.35,24.8,25.05,7691268
2005-03-16 00:00:00+05:30,25.2,25.2,24.9,25.0,13323495
2005-03-17 00:00:00+05:30,24.8,25.2,24.8,25.0,19573460
2005-03-18 00:00:00+05:30,25.0,25.0,24.45,24.55,9355723
2005-03-21 00:00:00+05:30,24.65,25.05,24.15,24.3,28025703
2005-03-22 00:00:00+05:30,24.55,24.55,23.8,23.9,15160841
2005-03-23 00:00:00+05:30,24.05,24.2,23.7,24.05,12206019
2005-03-24 00:00:00+05:30,24.15,24.95,24.05,24.75,16233936
2005-03-28 00:00:00+05:30,24.9,25.15,24.45,24.6,11929851
2005-03-29 00:00:00+05:30,24.75,24.8,23.7,23.85,16497827
2005-03-30 00:00:00+05:30,23.95,24.8,23.45,24.0,12707057
2005-03-31 00:00:00+05:30,24.5,25.25,24.25,25.1,42143107
2005-04-01 00:00:00+05:30,25.0,25.55,24.75,25.3,23899035
2005-04-04 00:00:00+05:30,25.45,25.85,24.9,25.25,19748954
2005-04-05 00:00:00+05:30,25.55,25.75,25.2,25.25,16309431
2005-04-06 00:00:00+05:30,25.35,25.75,25.25,25.65,11354983
2005-04-07 00:00:00+05:30,25.75,26.15,25.55,25.75,26462653
2005-04-08 00:00:00+05:30,25.85,26.4,25.55,26.2,32385356
2005-04-11 00:00:00+05:30,26.3,26.35,25.9,26.2,8266499
2005-04-12 00:00:00+05:30,26.15,26.5,26.0,26.3,9241052
2005-04-13 00:00:00+05:30,26.4,26.75,26.25,26.55,17694282
2005-04-15 00:00:00+05:30,26.45,26.55,25.55,25.75,12077144
2005-04-18 00:00:00+05:30,25.5,26.3,25.25,25.8,10162742
2005-04-19 00:00:00+05:30,26.2,26.2,25.6,25.75,8768422
2005-04-20 00:00:00+05:30,25.75,26.45,25.55,25.7,24263653
2005-04-21 00:00:00+05:30,25.7,26.2,25.45,26.2,8983041
2005-04-22 00:00:00+05:30,26.3,26.4,25.95,26.1,5812559
2005-04-25 00:00:00+05:30,26.25,26.3,25.85,25.9,4528486
2005-04-26 00:00:00+05:30,26.0,26.1,25.7,25.85,6101110
2005-04-27 00:00:00+05:30,25.95,26.75,25.7,26.25,27333511
2005-04-28 00:00:00+05:30,26.3,27.55,26.2,27.15,41544671
2005-04-29 00:00:00+05:30,27.15,27.15,26.45,26.95,23603043
2005-05-02 00:00:00+05:30,26.95,27.05,26.2,26.4,13324379
2005-05-03 00:00:00+05:30,25.3,26.7,25.3,26.45,7560884
2005-05-04 00:00:00+05:30,26.55,27.05,26.35,26.7,10950043
2005-05-05 00:00:00+05:30,26.2,26.85,26.2,26.5,11933961
2005-05-06 00:00:00+05:30,27.65,27.65,26.3,27.0,15843720
2005-05-09 00:00:00+05:30,26.8,27.8,26.8,27.75,14901270
2005-05-10 00:00:00+05:30,27.75,27.75,27.4,27.55,9299063
2005-05-11 00:00:00+05:30,26.95,27.75,26.95,27.6,14373333
2005-05-12 00:00:00+05:30,27.8,27.85,27.35,27.45,18193812
2005-05-13 00:00:00+05:30,27.55,27.8,27.3,27.7,15895177
2005-05-16 00:00:00+05:30,27.6,28.0,27.5,27.85,20366901
2005-05-17 00:00:00+05:30,27.35,27.95,27.35,27.65,18722320
2005-05-18 00:00:00+05:30,27.55,27.95,27.4,27.8,34007720
2005-05-19 00:00:00+05:30,27.8,28.55,27.7,28.05,23766933
2005-05-20 00:00:00+05:30,27.7,28.2,27.7,28.05,20642653
2005-05-23 00:00:00+05:30,27.75,28.05,27.75,27.9,9605930
2005-05-24 00:00:00+05:30,27.85,28.4,27.8,28.1,18237932
2005-05-25 00:00:00+05:30,28.05,28.55,28.05,28.35,12456538
2005-05-26 00:00:00+05:30,28.4,28.75,28.1,28.7,32669486
2005-05-27 00:00:00+05:30,28.7,30.2,28.65,29.4,70852157
2005-05-30 00:00:00+05:30,29.4,29.8,29.05,29.15,33649761
2005-05-31 00:00:00+05:30,29.2,29.95,29.2,29.9,37536160
2005-06-01 00:00:00+05:30,29.95,30.1,29.6,29.8,19025337
2005-06-02 00:00:00+05:30,29.8,30.05,29.15,29.25,21562992
2005-06-03 00:00:00+05:30,29.35,29.8,29.05,29.65,19568986
2005-06-06 00:00:00+05:30,29.8,29.8,29.55,29.65,7132583
2005-06-07 00:00:00+05:30,29.75,29.75,28.95,29.05,21079487
2005-06-08 00:00:00+05:30,29.3,29.7,29.25,29.6,18828355
2005-06-09 00:00:00+05:30,29.6,29.8,29.45,29.5,17299748
2005-06-10 00:00:00+05:30,29.5,29.75,29.15,29.25,10640940
2005-06-13 00:00:00+05:30,29.35,29.5,29.25,29.45,10001713
2005-06-14 00:00:00+05:30,29.4,29.55,29.15,29.4,12636922
2005-06-15 00:00:00+05:30,29.5,29.7,29.2,29.3,16887731
2005-06-16 00:00:00+05:30,29.4,29.55,28.95,29.0,18719875
2005-06-17 00:00:00+05:30,29.2,29.5,28.55,28.95,44678161
2005-06-20 00:00:00+05:30,29.3,29.4,28.7,28.75,18805515
2005-06-21 00:00:00+05:30,28.8,29.1,28.75,28.85,9528511
2005-06-22 00:00:00+05:30,28.95,29.6,28.85,29.5,22610280
2005-06-23 00:00:00+05:30,29.6,29.75,29.25,29.45,15459279
2005-06-24 00:00:00+05:30,29.15,30.1,29.15,30.0,22381666
2005-06-27 00:00:00+05:30,30.05,31.2,30.0,30.65,49209196
2005-06-28 00:00:00+05:30,30.7,30.8,29.6,29.8,30733544
2005-06-29 00:00:00+05:30,29.8,30.35,29.7,30.2,15158344
2005-06-30 00:00:00+05:30,30.2,31.45,30.2,31.1,28421798
2005-07-01 00:00:00+05:30,30.9,31.6,30.6,31.3,10825070
2005-07-04 00:00:00+05:30,31.35,31.65,31.0,31.5,11088492
2005-07-05 00:00:00+05:30,31.55,32.05,31.25,31.35,20295881
2005-07-06 00:00:00+05:30,31.35,31.55,31.3,31.4,9828509
2005-07-07 00:00:00+05:30,31.4,31.9,31.2,31.45,23275001
2005-07-08 00:00:00+05:30,31.55,31.9,31.0,31.8,17828882
2005-07-11 00:00:00+05:30,31.85,32.15,31.75,31.95,8187988
2005-07-12 00:00:00+05:30,32.0,33.2,31.75,32.65,21118093
2005-07-13 00:00:00+05:30,32.75,32.9,32.25,32.35,11662786
2005-07-14 00:00:00+05:30,32.35,33.6,32.25,33.05,32346699
2005-07-15 00:00:00+05:30,33.05,33.25,32.65,33.1,20337660
2005-07-18 00:00:00+05:30,32.75,32.85,32.35,32.55,16962809
2005-07-19 00:00:00+05:30,32.8,32.8,31.55,31.8,25953966
2005-07-20 00:00:00+05:30,31.85,32.1,31.2,31.35,23583480
2005-07-21 00:00:00+05:30,31.45,31.6,30.5,30.6,27154324
2005-07-22 00:00:00+05:30,30.9,31.15,30.5,30.75,40792906
2005-07-25 00:00:00+05:30,31.05,31.35,30.85,31.2,17505834
2005-07-26 00:00:00+05:30,31.25,31.95,31.25,31.7,22885045
2005-07-27 00:00:00+05:30,31.9,31.9,31.3,31.7,9024716
2005-07-29 00:00:00+05:30,31.6,31.85,31.1,31.5,39756075
2005-08-01 00:00:00+05:30,31.65,31.65,31.0,31.15,8249277
2005-08-02 00:00:00+05:30,31.15,31.4,31.0,31.3,21044732
2005-08-03 00:00:00+05:30,31.85,32.65,31.5,32.2,39767365
2005-08-04 00:00:00+05:30,32.65,33.15,32.2,32.5,14677026
2005-08-05 00:00:00+05:30,32.5,32.8,32.2,32.55,15669736
2005-08-08 00:00:00+05:30,32.8,32.85,32.2,32.25,19213265
2005-08-09 00:00:00+05:30,32.35,32.55,31.65,31.85,14268547
2005-08-10 00:00:00+05:30,32.55,32.6,31.85,32.5,10473615
2005-08-11 00:00:00+05:30,32.05,32.65,32.05,32.3,14579211
2005-08-12 00:00:00+05:30,32.35,32.35,31.45,31.7,48455663
2005-08-16 00:00:00+05:30,31.65,32.2,31.65,31.85,19517686
2005-08-17 00:00:00+05:30,31.9,32.2,31.85,32.05,7483049
2005-08-18 00:00:00+05:30,32.15,32.25,31.65,31.75,13112206
2005-08-19 00:00:00+05:30,31.65,31.85,31.45,31.55,11179438
2005-08-22 00:00:00+05:30,32.35,32.35,31.5,31.65,12167154
2005-08-23 00:00:00+05:30,32.35,32.35,31.65,31.7,9404318
2005-08-24 00:00:00+05:30,32.05,32.05,31.5,31.8,9291155
2005-08-25 00:00:00+05:30,31.9,32.15,31.65,32.0,8507913
2005-08-26 00:00:00+05:30,32.05,32.25,32.0,32.15,8341317
2005-08-29 00:00:00+05:30,32.2,32.35,31.65,31.9,7630654
2005-08-30 00:00:00+05:30,32.1,32.45,31.9,32.0,17399175
2005-08-31 00:00:00+05:30,32.1,32.45,31.95,32.4,11136151
2005-09-01 00:00:00+05:30,32.45,32.75,32.25,32.4,10505665
2005-09-02 00:00:00+05:30,32.5,32.65,32.2,32.4,9252237
2005-09-05 00:00:00+05:30,32.65,33.7,32.5,33.55,26169990
2005-09-06 00:00:00+05:30,33.7,34.35,33.7,34.2,18499584
2005-09-08 00:00:00+05:30,34.35,34.45,34.0,34.1,19573824
2005-09-09 00:00:00+05:30,34.35,34.45,34.0,34.25,11096817
2005-09-12 00:00:00+05:30,34.45,35.2,34.3,35.0,19787975
2005-09-13 00:00:00+05:30,35.2,35.55,35.1,35.5,19155200
2005-09-14 00:00:00+05:30,35.5,35.5,34.6,34.75,30839423
2005-09-15 00:00:00+05:30,35.0,35.3,34.9,35.2,16484768
2005-09-16 00:00:00+05:30,35.3,35.55,34.9,35.15,19530017
2005-09-19 00:00:00+05:30,35.3,36.45,35.2,36.35,37432987
2005-09-20 00:00:00+05:30,36.45,36.8,35.9,36.15,54652508
2005-09-21 00:00:00+05:30,39.3,39.85,36.35,39.35,81556869
2005-09-22 00:00:00+05:30,39.55,41.7,38.1,38.4,85279546
2005-09-23 00:00:00+05:30,39.35,39.9,38.35,38.65,42045069
2005-09-26 00:00:00+05:30,39.05,40.3,38.75,40.2,40193041
2005-09-27 00:00:00+05:30,40.6,40.6,39.2,39.8,33775004
2005-09-28 00:00:00+05:30,39.35,40.05,39.1,39.5,24837118
2005-09-29 00:00:00+05:30,39.7,40.0,38.75,38.9,26418993
2005-09-30 00:00:00+05:30,38.75,39.2,37.65,38.4,29907327
2005-10-03 00:00:00+05:30,38.25,38.8,37.4,38.45,18847738
2005-10-04 00:00:00+05:30,38.5,38.65,38.35,38.45,15823342
2005-10-05 00:00:00+05:30,38.6,38.6,36.8,36.95,54513533
2005-10-06 00:00:00+05:30,37.0,37.0,35.75,35.85,56762058
2005-10-07 00:00:00+05:30,36.8,36.8,35.1,35.5,49410424
2005-10-10 00:00:00+05:30,35.65,36.55,35.5,36.15,37603219
2005-10-11 00:00:00+05:30,36.4,36.45,35.65,35.85,25699267
2005-10-13 00:00:00+05:30,35.9,36.9,35.7,36.05,31803063
2005-10-14 00:00:00+05:30,36.15,36.3,35.1,35.15,32157805
2005-10-17 00:00:00+05:30,35.65,35.65,34.5,34.8,23727760
2005-10-18 00:00:00+05:30,35.05,35.55,34.65,34.95,23846778
2005-10-19 00:00:00+05:30,34.7,34.8,33.7,33.75,28470213
2005-10-20 00:00:00+05:30,36.95,37.45,32.2,32.7,51732570
2005-10-21 00:00:00+05:30,32.25,34.25,32.25,34.1,41202861
2005-10-24 00:00:00+05:30,34.25,34.55,32.75,32.9,31725228
2005-10-25 00:00:00+05:30,33.4,33.95,33.0,33.15,26525084
2005-10-26 00:00:00+05:30,33.15,33.45,32.4,32.7,32040184
2005-10-27 00:00:00+05:30,32.85,33.25,32.25,32.45,44196341
2005-10-28 00:00:00+05:30,32.55,32.6,32.15,32.4,34905659
2005-10-31 00:00:00+05:30,32.5,33.95,32.5,33.75,24927770
2005-11-01 00:00:00+05:30,34.4,34.95,33.9,34.1,11313990
2005-11-02 00:00:00+05:30,34.15,35.25,33.7,35.15,43895190
2005-11-07 00:00:00+05:30,34.15,35.6,34.15,35.4,22410255
2005-11-08 00:00:00+05:30,35.6,35.8,35.1,35.55,20231234
2005-11-09 00:00:00+05:30,35.7,36.3,34.8,36.15,38622470
2005-11-10 00:00:00+05:30,36.25,36.25,35.7,35.85,17171565
2005-11-11 00:00:00+05:30,36.0,36.8,35.95,36.55,29182659
2005-11-14 00:00:00+05:30,36.8,37.0,35.75,36.05,28928999
2005-11-16 00:00:00+05:30,36.05,36.95,36.05,36.65,26621137
2005-11-17 00:00:00+05:30,36.75,36.95,36.3,36.6,19476541
2005-11-18 00:00:00+05:30,36.7,36.95,36.55,36.75,14889579
2005-11-21 00:00:00+05:30,36.8,36.8,35.4,35.6,32188339
2005-11-22 00:00:00+05:30,36.05,36.45,35.0,35.1,28720862
2005-11-23 00:00:00+05:30,35.1,36.5,35.1,36.35,27306579
2005-11-24 00:00:00+05:30,36.4,38.4,36.4,37.9,66660138
2005-11-25 00:00:00+05:30,37.95,38.8,37.5,38.4,45493666
2005-11-28 00:00:00+05:30,38.5,39.35,38.5,39.1,51204950
2005-11-29 00:00:00+05:30,39.1,39.2,38.2,38.45,27184952
2005-11-30 00:00:00+05:30,38.5,38.9,37.6,37.75,20376385
2005-12-01 00:00:00+05:30,37.9,38.3,37.2,38.15,18486352
2005-12-02 00:00:00+05:30,38.3,39.0,38.3,38.6,19728050
2005-12-05 00:00:00+05:30,38.6,38.9,37.6,37.65,30871502
2005-12-06 00:00:00+05:30,37.85,38.05,37.2,37.5,18622820
2005-12-07 00:00:00+05:30,37.6,38.6,37.55,38.05,29737816
2005-12-08 00:00:00+05:30,38.3,38.3,37.7,38.0,15998819
2005-12-09 00:00:00+05:30,38.05,38.65,37.9,38.45,22569055
2005-12-12 00:00:00+05:30,38.65,39.35,38.65,38.9,34307023
2005-12-13 00:00:00+05:30,38.9,39.9,38.75,39.75,44496823
2005-12-14 00:00:00+05:30,39.95,40.7,39.35,40.45,49262856
2005-12-15 00:00:00+05:30,40.6,40.7,38.75,39.4,24529862
2005-12-16 00:00:00+05:30,39.7,39.85,39.1,39.6,18106366
2005-12-19 00:00:00+05:30,39.7,40.85,39.7,40.65,18877023
2005-12-20 00:00:00+05:30,40.85,41.0,39.8,40.3,18441249
2005-12-21 00:00:00+05:30,40.3,40.6,39.4,39.75,21757237
2005-12-22 00:00:00+05:30,39.85,40.3,39.6,39.9,19929323
2005-12-23 00:00:00+05:30,40.0,40.1,39.0,39.15,20744828
2005-12-26 00:00:00+05:30,39.15,39.35,38.25,38.65,19318605
2005-12-27 00:00:00+05:30,38.75,39.85,38.3,39.65,15356010
2005-12-28 00:00:00+05:30,39.7,39.95,38.65,38.9,27064443
2005-12-29 00:00:00+05:30,39.05,39.4,38.95,39.15,18304989
2005-12-30 00:00:00+05:30,39.35,40.1,39.1,39.9,20280631
2006-01-02 00:00:00+05:30,39.85,40.1,37.05,39.35,12919327
2006-01-03 00:00:00+05:30,39.55,40.5,39.4,40.15,21730054
2006-01-04 00:00:00+05:30,40.45,41.75,40.45,41.3,43397018
2006-01-05 00:00:00+05:30,41.3,41.75,40.6,40.85,16133491
2006-01-06 00:00:00+05:30,41.0,41.1,39.85,40.85,33222420
2006-01-09 00:00:00+05:30,41.1,41.3,40.25,40.8,22490602
2006-01-10 00:00:00+05:30,40.9,41.15,40.0,40.1,17445048
2006-01-12 00:00:00+05:30,40.15,41.0,39.35,40.6,18001856
2006-01-13 00:00:00+05:30,40.7,41.2,40.35,40.85,28439277
2006-01-16 00:00:00+05:30,40.7,41.0,40.3,40.5,13205903
2006-01-17 00:00:00+05:30,40.5,40.75,39.85,40.0,10332807
2006-01-18 00:00:00+05:30,39.85,39.95,38.2,39.65,12890034
2006-01-19 00:00:00+05:30,39.85,40.5,39.75,40.15,13998837
2006-01-20 00:00:00+05:30,40.5,41.45,40.4,41.3,21132843
2006-01-23 00:00:00+05:30,41.3,42.8,40.85,42.65,39209952
2006-01-24 00:00:00+05:30,42.8,44.6,42.55,43.45,31401377
2006-01-25 00:00:00+05:30,43.6,44.4,42.9,44.3,27881673
2006-01-27 00:00:00+05:30,44.3,44.6,43.45,43.65,22427823
2006-01-30 00:00:00+05:30,43.65,44.15,42.65,43.6,16160807
2006-01-31 00:00:00+05:30,43.8,44.0,43.25,43.5,9047491
2006-02-01 00:00:00+05:30,43.55,43.95,43.1,43.55,19563770
2006-02-02 00:00:00+05:30,43.55,44.05,43.4,43.75,21356682
2006-02-03 00:00:00+05:30,43.65,43.75,42.65,42.8,12787606
2006-02-06 00:00:00+05:30,42.8,44.15,42.4,44.0,22522565
2006-02-07 00:00:00+05:30,44.2,45.5,44.0,45.2,25590867
2006-02-08 00:00:00+05:30,45.2,45.35,44.05,44.7,14070758
2006-02-10 00:00:00+05:30,44.7,46.1,44.7,45.8,20518560
2006-02-13 00:00:00+05:30,45.8,46.3,43.55,45.8,12076573
2006-02-14 00:00:00+05:30,45.8,46.25,45.2,45.95,18801973
2006-02-15 00:00:00+05:30,46.1,48.2,46.1,48.0,49524215
2006-02-16 00:00:00+05:30,48.05,48.45,46.5,46.65,23649279
2006-02-17 00:00:00+05:30,47.15,47.15,45.25,45.45,25612854
2006-02-20 00:00:00+05:30,45.35,45.85,44.25,45.75,28227792
2006-02-21 00:00:00+05:30,45.85,46.55,45.8,46.15,17093143
2006-02-22 00:00:00+05:30,46.05,46.3,45.6,45.95,14215444
2006-02-23 00:00:00+05:30,46.05,47.15,45.95,46.6,23219806
2006-02-24 00:00:00+05:30,46.6,46.6,45.55,45.95,16446605
2006-02-27 00:00:00+05:30,46.3,47.0,45.95,46.6,12846881
2006-02-28 00:00:00+05:30,47.0,49.3,45.7,48.45,67532908
2006-03-01 00:00:00+05:30,48.45,49.4,48.35,48.85,29349925
2006-03-02 00:00:00+05:30,48.9,50.5,48.9,49.6,33960845
2006-03-03 00:00:00+05:30,49.4,50.1,48.6,48.9,20724249
2006-03-06 00:00:00+05:30,49.65,50.5,48.9,50.1,27541310
2006-03-07 00:00:00+05:30,50.25,50.8,49.5,49.95,36952693
2006-03-08 00:00:00+05:30,50.15,50.25,48.45,48.85,27886353
2006-03-09 00:00:00+05:30,48.85,49.25,47.5,48.65,23702592
2006-03-10 00:00:00+05:30,49.1,50.4,48.9,50.0,16009468
2006-03-13 00:00:00+05:30,50.0,50.55,49.0,49.15,29346432
2006-03-14 00:00:00+05:30,49.65,50.25,49.15,49.4,17423664
2006-03-16 00:00:00+05:30,49.45,49.7,48.15,48.75,32274839
2006-03-17 00:00:00+05:30,49.1,50.25,49.0,49.3,23794694
2006-03-20 00:00:00+05:30,49.2,50.0,49.2,49.75,14324803
2006-03-21 00:00:00+05:30,50.0,50.75,49.75,50.15,22694147
2006-03-22 00:00:00+05:30,50.0,50.25,49.3,49.65,10734958
2006-03-23 00:00:00+05:30,49.95,50.65,49.7,50.25,13733343
2006-03-24 00:00:00+05:30,49.45,52.35,48.75,52.1,41777611
2006-03-27 00:00:00+05:30,52.2,54.45,51.75,54.15,30389407
2006-03-28 00:00:00+05:30,53.65,55.6,53.15,54.2,22135125
2006-03-29 00:00:00+05:30,55.0,55.65,53.8,54.25,29491115
2006-03-30 00:00:00+05:30,54.85,57.45,54.65,56.3,33000963
2006-03-31 00:00:00+05:30,56.55,56.55,54.45,54.8,18280181
2006-04-03 00:00:00+05:30,54.95,56.1,54.75,56.0,13701554
2006-04-04 00:00:00+05:30,55.9,57.55,55.6,57.3,24636997
2006-04-05 00:00:00+05:30,57.45,58.0,57.25,57.85,13290506
2006-04-07 00:00:00+05:30,57.3,58.5,53.65,56.05,40076301
2006-04-10 00:00:00+05:30,56.7,56.95,55.2,55.95,25407683
2006-04-12 00:00:00+05:30,55.95,56.7,53.65,53.95,38825536
2006-04-13 00:00:00+05:30,53.9,54.9,51.15,53.05,43268475
2006-04-17 00:00:00+05:30,53.1,54.3,53.1,54.15,15429620
2006-04-18 00:00:00+05:30,54.3,56.05,54.3,55.55,16468877
2006-04-19 00:00:00+05:30,55.6,56.7,54.95,55.7,18924620
2006-04-20 00:00:00+05:30,55.75,56.7,55.15,56.3,21532725
2006-04-21 00:00:00+05:30,56.7,57.3,55.35,56.25,26793229
2006-04-24 00:00:00+05:30,56.15,57.4,56.1,57.15,25472951
2006-04-25 00:00:00+05:30,57.15,57.3,55.2,55.4,18533055
2006-04-26 00:00:00+05:30,55.6,56.85,54.9,56.6,24421870
2006-04-27 00:00:00+05:30,56.85,58.15,56.3,56.95,41512836
2006-04-28 00:00:00+05:30,55.35,56.85,53.45,56.4,19341068
2006-05-02 00:00:00+05:30,57.45,58.9,57.3,58.3,28838406
2006-05-03 00:00:00+05:30,58.45,59.65,58.45,58.65,22960335
2006-05-04 00:00:00+05:30,58.65,59.5,58.3,58.8,24235554
2006-05-05 00:00:00+05:30,59.2,59.5,58.3,58.5,10623542
2006-05-08 00:00:00+05:30,59.15,59.15,58.0,58.35,10408624
2006-05-09 00:00:00+05:30,58.4,58.65,57.2,57.95,17789109
2006-05-10 00:00:00+05:30,58.15,58.45,57.4,57.6,8689215
2006-05-11 00:00:00+05:30,57.85,58.8,57.0,57.2,17763712
2006-05-12 00:00:00+05:30,57.0,57.1,55.6,56.55,14164712
2006-05-15 00:00:00+05:30,56.4,56.4,52.8,53.65,24854201
2006-05-16 00:00:00+05:30,54.2,55.5,51.95,54.7,32785067
2006-05-17 00:00:00+05:30,55.35,57.55,55.05,57.35,32930818
2006-05-18 00:00:00+05:30,57.85,57.85,53.1,53.7,33250783
2006-05-19 00:00:00+05:30,53.95,55.85,49.85,50.5,30304985
2006-05-22 00:00:00+05:30,51.15,52.5,40.7,48.2,39152116
2006-05-23 00:00:00+05:30,48.6,50.75,45.8,50.0,39023112
2006-05-24 00:00:00+05:30,50.3,52.05,48.0,48.9,48514005
2006-05-25 00:00:00+05:30,48.6,51.95,46.9,50.95,32065925
2006-05-26 00:00:00+05:30,51.65,53.35,50.2,51.45,34942148
2006-05-29 00:00:00+05:30,51.65,52.2,49.45,49.95,27584970
2006-05-30 00:00:00+05:30,50.25,51.15,49.05,49.55,22733280
2006-05-31 00:00:00+05:30,48.9,48.9,45.15,46.45,54328483
2006-06-01 00:00:00+05:30,47.15,48.0,44.6,44.95,47052222
2006-06-02 00:00:00+05:30,45.2,46.5,44.0,46.2,36728042
2006-06-05 00:00:00+05:30,47.7,47.7,44.35,44.95,36919852
2006-06-06 00:00:00+05:30,42.1,44.75,41.0,42.85,52867374
2006-06-07 00:00:00+05:30,42.1,43.6,41.3,42.6,38526924
2006-06-08 00:00:00+05:30,42.4,42.8,39.45,41.5,51474270
2006-06-09 00:00:00+05:30,41.6,45.4,41.6,45.05,39677855
2006-06-12 00:00:00+05:30,45.2,45.2,42.95,43.35,25164482
2006-06-13 00:00:00+05:30,42.95,42.95,40.8,41.1,35258101
2006-06-14 00:00:00+05:30,41.6,43.25,40.45,41.4,35667924
2006-06-15 00:00:00+05:30,41.8,44.35,41.8,43.7,30296813
2006-06-16 00:00:00+05:30,44.9,47.1,44.35,45.85,47432847
2006-06-19 00:00:00+05:30,45.2,46.6,45.0,46.2,21316526
2006-06-20 00:00:00+05:30,45.5,46.5,44.4,45.4,24566376
2006-06-21 00:00:00+05:30,45.2,47.9,44.9,47.4,28568729
2006-06-22 00:00:00+05:30,47.45,49.0,47.45,48.0,18193403
2006-06-23 00:00:00+05:30,47.45,48.3,46.5,47.95,18820659
2006-06-26 00:00:00+05:30,48.6,48.6,46.25,46.65,14853550
2006-06-27 00:00:00+05:30,46.9,49.6,46.35,49.4,37882858
2006-06-28 00:00:00+05:30,48.75,50.15,47.9,49.7,29182912
2006-06-29 00:00:00+05:30,50.0,50.55,48.9,49.35,31255987
2006-06-30 00:00:00+05:30,47.8,51.65,47.8,51.25,28275735
2006-07-03 00:00:00+05:30,51.35,52.5,51.05,51.95,19568213
2006-07-04 00:00:00+05:30,51.95,52.45,50.05,50.25,26362906
2006-07-05 00:00:00+05:30,50.25,51.95,49.75,51.85,26715858
2006-07-06 00:00:00+05:30,51.35,51.65,50.6,51.0,10568301
2006-07-07 00:00:00+05:30,51.5,51.8,48.9,49.15,18354829
2006-07-10 00:00:00+05:30,49.1,49.4,48.15,49.15,16484919
2006-07-11 00:00:00+05:30,49.4,49.65,48.9,49.4,11213189
2006-07-12 00:00:00+05:30,48.9,51.25,48.3,50.95,27285750
2006-07-13 00:00:00+05:30,51.1,51.45,50.3,50.9,27658633
2006-07-14 00:00:00+05:30,50.55,50.55,49.25,49.55,15406585
2006-07-17 00:00:00+05:30,49.1,49.55,48.1,48.35,11833083
2006-07-18 00:00:00+05:30,49.1,49.1,47.0,47.65,15968184
2006-07-19 00:00:00+05:30,48.45,48.9,46.7,47.0,18249668
2006-07-20 00:00:00+05:30,47.75,49.4,47.75,49.15,17918971
2006-07-21 00:00:00+05:30,49.7,49.7,46.75,46.95,32030385
2006-07-24 00:00:00+05:30,46.95,46.95,45.3,46.15,25809358
2006-07-25 00:00:00+05:30,47.45,49.1,45.8,46.1,32407668
2006-07-26 00:00:00+05:30,46.05,47.45,46.05,47.15,29117369
2006-07-27 00:00:00+05:30,47.15,47.95,45.85,46.85,49435752
2006-07-28 00:00:00+05:30,47.3,47.7,46.1,46.2,21333474
2006-07-31 00:00:00+05:30,46.6,47.45,46.6,47.0,14577414
2006-08-01 00:00:00+05:30,47.1,47.75,46.5,47.5,14784626
2006-08-02 00:00:00+05:30,47.6,48.85,47.15,48.7,17275381
2006-08-03 00:00:00+05:30,48.85,49.4,47.95,48.3,19854911
2006-08-04 00:00:00+05:30,48.6,48.8,47.1,47.2,19241914
2006-08-07 00:00:00+05:30,47.2,47.55,46.85,47.3,11830683
2006-08-08 00:00:00+05:30,47.45,48.55,47.3,48.4,10909456
2006-08-09 00:00:00+05:30,48.5,50.4,47.9,50.2,20282858
2006-08-10 00:00:00+05:30,50.5,50.5,49.1,49.5,18501848
2006-08-11 00:00:00+05:30,49.4,50.25,48.9,49.2,7896919
2006-08-14 00:00:00+05:30,49.6,50.4,49.55,50.15,10126283
2006-08-16 00:00:00+05:30,50.6,51.2,50.6,50.8,15522742
2006-08-17 00:00:00+05:30,50.85,51.3,50.2,50.85,13729857
2006-08-18 00:00:00+05:30,50.95,51.35,50.25,50.5,9079312
2006-08-21 00:00:00+05:30,50.65,51.1,49.7,50.75,11476203
2006-08-22 00:00:00+05:30,50.85,51.45,50.85,51.1,7898875
2006-08-23 00:00:00+05:30,50.85,51.15,50.05,50.2,8803120
2006-08-24 00:00:00+05:30,49.7,50.7,49.25,50.55,8688861
2006-08-25 00:00:00+05:30,50.7,51.2,50.3,50.6,10644309
2006-08-28 00:00:00+05:30,50.55,51.1,50.4,50.6,10328971
2006-08-29 00:00:00+05:30,50.55,52.0,50.55,51.85,20233211
2006-08-30 00:00:00+05:30,51.95,52.75,51.3,52.6,16860712
2006-08-31 00:00:00+05:30,53.05,54.05,52.65,53.75,44735324
2006-09-01 00:00:00+05:30,53.55,54.2,53.05,53.25,19585001
2006-09-04 00:00:00+05:30,53.6,54.0,53.1,53.4,9359824
2006-09-05 00:00:00+05:30,53.7,53.7,52.5,52.7,12293260
2006-09-06 00:00:00+05:30,52.95,53.7,52.55,53.1,15545850
2006-09-07 00:00:00+05:30,52.8,52.95,52.0,52.2,10193577
2006-09-08 00:00:00+05:30,52.5,53.1,51.8,52.8,19177041
2006-09-11 00:00:00+05:30,53.3,53.35,50.75,51.15,18561415
2006-09-12 00:00:00+05:30,51.1,51.35,49.4,51.05,19097745
2006-09-13 00:00:00+05:30,51.35,52.05,51.15,51.3,18278166
2006-09-14 00:00:00+05:30,51.15,51.9,51.15,51.4,8795014
2006-09-15 00:00:00+05:30,51.35,51.55,50.9,51.25,11371305
2006-09-18 00:00:00+05:30,52.2,52.8,51.4,52.6,17927538
2006-09-19 00:00:00+05:30,52.8,53.2,51.35,51.7,11583350
2006-09-20 00:00:00+05:30,51.7,52.8,50.85,52.6,14820560
2006-09-21 00:00:00+05:30,52.95,53.65,52.8,53.55,14364889
2006-09-22 00:00:00+05:30,53.9,53.9,52.5,52.8,16581565
2006-09-25 00:00:00+05:30,52.8,53.1,51.65,51.8,16198749
2006-09-26 00:00:00+05:30,52.1,52.1,50.8,51.6,35242405
2006-09-27 00:00:00+05:30,51.85,52.75,51.85,52.15,17234777
2006-09-28 00:00:00+05:30,52.2,52.35,51.4,51.75,12981158
2006-09-29 00:00:00+05:30,52.1,52.9,51.8,52.7,13107336
2006-10-03 00:00:00+05:30,52.2,53.35,52.0,52.75,9507528
2006-10-04 00:00:00+05:30,52.8,52.85,51.6,51.95,14094483
2006-10-05 00:00:00+05:30,52.0,52.8,52.0,52.55,8331116
2006-10-06 00:00:00+05:30,52.9,52.9,51.7,51.8,14555361
2006-10-09 00:00:00+05:30,51.95,52.45,51.35,51.85,9234740
2006-10-10 00:00:00+05:30,52.2,52.2,51.7,51.95,9552290
2006-10-11 00:00:00+05:30,51.95,52.5,51.65,52.1,15689100
2006-10-12 00:00:00+05:30,52.3,52.45,51.4,52.25,12184616
2006-10-13 00:00:00+05:30,52.8,53.5,52.3,53.0,17036151
2006-10-16 00:00:00+05:30,53.65,54.8,53.25,54.65,26542722
2006-10-17 00:00:00+05:30,55.25,55.25,54.0,54.4,12071828
2006-10-18 00:00:00+05:30,54.45,54.9,53.85,54.65,13719296
2006-10-19 00:00:00+05:30,54.65,54.95,53.05,53.55,13912347
2006-10-20 00:00:00+05:30,53.35,54.2,51.9,52.3,15156658
2006-10-23 00:00:00+05:30,53.1,53.1,51.75,51.95,7632909
2006-10-26 00:00:00+05:30,52.2,52.45,51.15,51.7,31220607
2006-10-27 00:00:00+05:30,52.35,52.9,51.95,52.7,12312497
2006-10-30 00:00:00+05:30,53.1,53.35,52.35,52.65,12754977
2006-10-31 00:00:00+05:30,52.8,53.65,52.7,53.35,14893973
2006-11-01 00:00:00+05:30,53.65,53.9,53.35,53.6,9708898
2006-11-02 00:00:00+05:30,53.45,53.7,52.8,52.95,6968250
2006-11-03 00:00:00+05:30,53.1,53.15,52.3,52.6,9101365
2006-11-06 00:00:00+05:30,52.75,53.8,52.2,53.7,17430122
2006-11-07 00:00:00+05:30,53.9,54.15,52.85,53.05,12134901
2006-11-08 00:00:00+05:30,53.2,53.3,51.75,52.05,17089349
2006-11-09 00:00:00+05:30,52.5,52.75,52.05,52.5,12139462
2006-11-10 00:00:00+05:30,53.1,53.1,52.0,52.2,7637130
2006-11-13 00:00:00+05:30,52.5,53.2,52.0,52.1,12920822
2006-11-14 00:00:00+05:30,52.45,52.5,51.55,51.7,12942580
2006-11-15 00:00:00+05:30,52.2,52.4,51.55,52.15,10544732
2006-11-16 00:00:00+05:30,52.0,52.5,51.7,52.05,12368692
2006-11-17 00:00:00+05:30,52.25,52.35,50.85,51.05,14240966
2006-11-20 00:00:00+05:30,50.6,51.85,48.9,50.05,36361111
2006-11-21 00:00:00+05:30,50.65,51.85,50.25,51.6,14083346
2006-11-22 00:00:00+05:30,51.95,52.35,50.7,50.95,18620912
2006-11-23 00:00:00+05:30,51.15,51.5,50.2,50.35,13768709
2006-11-24 00:00:00+05:30,50.35,51.25,50.15,50.45,9508659
2006-11-27 00:00:00+05:30,50.55,51.05,50.45,50.8,13294419
2006-11-28 00:00:00+05:30,50.55,50.65,50.0,50.45,8981206
2006-11-29 00:00:00+05:30,50.5,51.95,50.45,51.7,10391229
2006-11-30 00:00:00+05:30,51.95,52.5,51.25,51.95,13288990
2006-12-01 00:00:00+05:30,52.2,52.8,51.7,52.75,15133124
2006-12-04 00:00:00+05:30,52.8,53.35,51.95,53.2,12963135
2006-12-05 00:00:00+05:30,53.35,53.9,53.1,53.5,21104899
2006-12-06 00:00:00+05:30,53.5,53.9,52.4,52.9,10842647
2006-12-07 00:00:00+05:30,52.8,53.15,52.2,52.45,4838307
2006-12-08 00:00:00+05:30,52.5,52.5,51.6,51.95,7965250
2006-12-11 00:00:00+05:30,51.95,52.0,50.0,50.55,13033427
2006-12-12 00:00:00+05:30,50.45,50.85,46.75,48.7,19861550
2006-12-13 00:00:00+05:30,50.55,50.55,47.75,48.7,14937453
2006-12-14 00:00:00+05:30,49.1,50.05,48.65,49.65,8020162
2006-12-15 00:00:00+05:30,50.0,50.4,48.65,49.0,21876793
2006-12-18 00:00:00+05:30,49.5,49.5,48.1,48.9,16795037
2006-12-19 00:00:00+05:30,48.85,49.05,46.9,47.3,18867780
2006-12-20 00:00:00+05:30,47.45,49.7,47.45,47.85,31683968
2006-12-21 00:00:00+05:30,48.7,48.7,47.2,47.95,11388981
2006-12-22 00:00:00+05:30,48.1,48.3,47.45,47.6,13009060
2006-12-26 00:00:00+05:30,48.55,49.1,47.8,49.0,12301040
2006-12-27 00:00:00+05:30,49.1,49.85,49.0,49.7,8163897
2006-12-28 00:00:00+05:30,49.7,50.35,49.2,49.95,12158012
2006-12-29 00:00:00+05:30,50.1,50.2,49.05,49.45,10037254
2007-01-02 00:00:00+05:30,49.55,50.05,49.3,49.7,7697789
2007-01-03 00:00:00+05:30,49.7,49.9,49.0,49.25,8550706
2007-01-04 00:00:00+05:30,49.5,49.9,47.2,47.45,24919883
2007-01-05 00:00:00+05:30,47.75,48.0,46.35,46.45,32712184
2007-01-08 00:00:00+05:30,46.5,46.8,45.5,45.7,16224562
2007-01-09 00:00:00+05:30,46.05,46.8,45.4,45.5,19635175
2007-01-10 00:00:00+05:30,45.5,46.15,44.95,45.8,18418409
2007-01-11 00:00:00+05:30,46.0,47.75,45.7,47.5,24537462
2007-01-12 00:00:00+05:30,47.95,48.35,47.4,48.05,17637718
2007-01-15 00:00:00+05:30,48.85,48.85,47.45,48.3,14292940
2007-01-16 00:00:00+05:30,48.75,48.75,47.6,48.2,9600625
2007-01-17 00:00:00+05:30,47.75,48.55,47.45,47.6,7053238
2007-01-18 00:00:00+05:30,47.75,48.6,47.05,48.35,19526996
2007-01-19 00:00:00+05:30,47.95,49.6,47.95,49.3,24257604
2007-01-22 00:00:00+05:30,49.7,50.85,48.75,50.25,19497804
2007-01-23 00:00:00+05:30,50.55,50.55,49.45,49.75,11340202
2007-01-24 00:00:00+05:30,49.7,50.25,49.4,50.05,8697043
2007-01-25 00:00:00+05:30,50.0,50.85,48.9,49.95,28143380
2007-01-29 00:00:00+05:30,49.6,50.5,48.0,48.2,19283090
2007-01-31 00:00:00+05:30,48.3,50.15,47.55,49.0,28992003
2007-02-01 00:00:00+05:30,48.65,49.85,48.65,49.1,11895889
2007-02-02 00:00:00+05:30,49.35,50.25,49.2,49.75,11310362
2007-02-05 00:00:00+05:30,49.75,50.0,49.45,49.85,7938590
2007-02-06 00:00:00+05:30,49.85,50.35,48.9,49.15,13971219
2007-02-07 00:00:00+05:30,49.45,49.6,49.0,49.3,10309321
2007-02-08 00:00:00+05:30,49.15,49.8,48.65,49.55,9564378
2007-02-09 00:00:00+05:30,49.7,49.75,48.95,49.5,12404970
2007-02-12 00:00:00+05:30,49.5,49.6,48.1,49.2,9274347
2007-02-13 00:00:00+05:30,48.9,49.7,47.7,48.65,18771481
2007-02-14 00:00:00+05:30,48.35,49.2,47.3,48.85,8272271
2007-02-15 00:00:00+05:30,49.1,49.6,48.05,48.9,12830662
2007-02-19 00:00:00+05:30,49.25,49.4,48.7,48.95,9905963
2007-02-20 00:00:00+05:30,48.9,49.55,48.9,49.35,10199980
2007-02-21 00:00:00+05:30,49.4,49.5,48.65,48.95,11319203
2007-02-22 00:00:00+05:30,48.9,49.7,48.3,48.95,17721423
2007-02-23 00:00:00+05:30,48.9,49.1,46.5,46.9,31837277
2007-02-26 00:00:00+05:30,46.95,48.65,46.85,47.8,28535617
2007-02-27 00:00:00+05:30,48.15,48.3,46.2,46.4,15114501
2007-02-28 00:00:00+05:30,45.8,50.55,43.55,48.2,73100457
2007-03-01 00:00:00+05:30,48.5,49.1,47.45,48.45,30509969
2007-03-02 00:00:00+05:30,48.35,48.55,46.4,46.8,36620379
2007-03-05 00:00:00+05:30,46.6,46.75,44.15,45.55,29183151
2007-03-06 00:00:00+05:30,46.3,46.55,45.1,45.5,16647382
2007-03-07 00:00:00+05:30,45.8,46.05,44.3,44.4,20215039
2007-03-08 00:00:00+05:30,44.9,45.2,44.1,44.9,27161997
2007-03-09 00:00:00+05:30,45.5,45.95,42.8,43.3,39441768
2007-03-12 00:00:00+05:30,42.2,44.0,41.3,41.75,59796985
2007-03-13 00:00:00+05:30,41.8,42.35,41.05,41.8,37429064
2007-03-14 00:00:00+05:30,41.05,41.3,36.5,40.1,46393963
2007-03-15 00:00:00+05:30,40.7,42.3,40.7,41.4,27821254
2007-03-16 00:00:00+05:30,41.8,42.1,40.15,40.75,18184080
2007-03-19 00:00:00+05:30,40.85,42.1,39.6,39.85,21554591
2007-03-20 00:00:00+05:30,40.6,40.6,39.35,39.55,40243766
2007-03-21 00:00:00+05:30,39.6,40.95,39.6,40.6,37538075
2007-03-22 00:00:00+05:30,41.0,42.1,41.0,41.9,31266355
2007-03-23 00:00:00+05:30,41.8,42.1,40.35,40.45,37683337
2007-03-26 00:00:00+05:30,40.7,41.8,39.85,39.95,25173358
2007-03-28 00:00:00+05:30,39.85,40.45,39.45,40.25,23378686
2007-03-29 00:00:00+05:30,40.45,41.7,40.15,41.3,37225283
2007-03-30 00:00:00+05:30,41.3,43.05,40.75,42.45,41321262
2007-04-02 00:00:00+05:30,42.45,42.45,41.0,41.25,19375931
2007-04-03 00:00:00+05:30,41.3,42.2,41.3,41.95,10622124
2007-04-04 00:00:00+05:30,43.45,43.45,41.45,41.7,15512090
2007-04-05 00:00:00+05:30,41.65,41.8,41.3,41.65,5567516
2007-04-09 00:00:00+05:30,41.4,43.8,41.4,43.65,14596977
2007-04-10 00:00:00+05:30,43.7,45.05,43.55,44.9,22160016
2007-04-11 00:00:00+05:30,45.2,45.7,44.65,45.05,17393088
2007-04-12 00:00:00+05:30,44.7,45.05,43.65,43.9,12251918
2007-04-13 00:00:00+05:30,44.25,44.7,42.7,43.1,18475381
2007-04-16 00:00:00+05:30,43.55,44.7,43.55,44.5,12306600
2007-04-17 00:00:00+05:30,44.6,44.8,43.55,43.85,10729737
2007-04-18 00:00:00+05:30,44.0,44.5,43.7,44.1,16519175
2007-04-19 00:00:00+05:30,43.85,44.9,43.5,44.65,18505712
2007-04-20 00:00:00+05:30,45.05,45.55,44.8,45.05,22843883
2007-04-23 00:00:00+05:30,45.2,45.55,43.5,43.9,26456545
2007-04-24 00:00:00+05:30,43.9,44.25,43.5,43.95,22734643
2007-04-25 00:00:00+05:30,43.95,45.65,43.6,45.45,25270164
2007-04-26 00:00:00+05:30,45.8,46.05,44.95,45.35,26569552
2007-04-27 00:00:00+05:30,45.5,45.5,44.65,45.1,9427302
2007-04-30 00:00:00+05:30,45.35,45.5,44.15,44.95,11464070
2007-05-03 00:00:00+05:30,45.4,45.75,44.95,45.45,7200616
2007-05-04 00:00:00+05:30,45.8,45.8,44.9,45.2,11175613
2007-05-07 00:00:00+05:30,45.45,45.7,44.8,45.2,14214914
2007-05-08 00:00:00+05:30,45.2,45.45,44.65,44.9,14532739
2007-05-09 00:00:00+05:30,44.9,45.45,44.6,45.1,12308144
2007-05-10 00:00:00+05:30,46.05,46.9,45.1,46.0,20965850
2007-05-11 00:00:00+05:30,45.75,45.75,44.95,45.55,15226183
2007-05-14 00:00:00+05:30,46.05,46.45,45.35,45.5,7413152
2007-05-15 00:00:00+05:30,45.5,46.05,45.15,45.5,7008126
2007-05-16 00:00:00+05:30,45.5,46.05,44.9,45.9,8798483
2007-05-17 00:00:00+05:30,46.05,46.65,45.8,46.4,15208823
2007-05-18 00:00:00+05:30,46.35,47.15,45.65,46.9,11762695
2007-05-21 00:00:00+05:30,47.15,48.3,47.1,48.0,11967891
2007-05-22 00:00:00+05:30,48.0,48.3,46.5,47.95,14881636
2007-05-23 00:00:00+05:30,47.65,48.0,46.5,46.65,12155005
2007-05-24 00:00:00+05:30,46.9,46.95,46.25,46.6,9234178
2007-05-25 00:00:00+05:30,46.4,47.35,45.8,46.8,13521373
2007-05-28 00:00:00+05:30,47.15,47.6,46.5,46.7,12038314
2007-05-29 00:00:00+05:30,47.45,47.45,46.2,46.35,12561439
2007-05-30 00:00:00+05:30,46.35,46.35,44.95,45.6,35676911
2007-05-31 00:00:00+05:30,45.8,46.7,45.25,46.0,30457819
2007-06-01 00:00:00+05:30,45.65,46.35,44.95,45.2,36047525
2007-06-04 00:00:00+05:30,46.3,46.55,45.55,46.35,16938752
2007-06-05 00:00:00+05:30,46.3,46.3,45.25,45.45,17093154
2007-06-06 00:00:00+05:30,46.5,46.5,40.7,44.3,17139134
2007-06-07 00:00:00+05:30,44.35,44.6,43.4,43.5,14352718
2007-06-08 00:00:00+05:30,43.25,43.5,42.1,42.3,31660295
2007-06-11 00:00:00+05:30,42.95,43.8,42.65,43.2,15197151
2007-06-12 00:00:00+05:30,43.55,43.65,42.9,43.2,8640620
2007-06-13 00:00:00+05:30,43.25,43.25,42.45,42.7,10029078
2007-06-14 00:00:00+05:30,43.05,43.35,42.5,42.55,13400752
2007-06-15 00:00:00+05:30,42.95,43.1,42.65,42.8,16986300
2007-06-18 00:00:00+05:30,42.9,43.2,42.8,42.95,20567620
2007-06-19 00:00:00+05:30,42.95,43.25,42.9,43.0,9339238
2007-06-20 00:00:00+05:30,43.2,43.7,42.95,43.55,9047921
2007-06-21 00:00:00+05:30,43.25,43.6,42.9,43.35,19555476
2007-06-22 00:00:00+05:30,43.0,43.45,43.0,43.25,19768896
2007-06-25 00:00:00+05:30,43.55,43.55,43.05,43.3,16326966
2007-06-26 00:00:00+05:30,43.1,43.7,42.95,43.3,8946974
2007-06-27 00:00:00+05:30,43.4,43.4,42.9,43.15,9522530
2007-06-28 00:00:00+05:30,43.25,44.2,42.9,43.55,20590107
2007-06-29 00:00:00+05:30,44.1,44.15,43.15,43.45,7721008
2007-07-02 00:00:00+05:30,43.55,43.6,43.2,43.25,11815595
2007-07-03 00:00:00+05:30,43.25,44.05,43.25,43.95,6344197
2007-07-04 00:00:00+05:30,43.95,44.45,43.8,44.35,4496151
2007-07-05 00:00:00+05:30,44.4,44.45,43.55,43.7,7766925
2007-07-06 00:00:00+05:30,40.7,44.45,40.7,43.7,19073593
2007-07-09 00:00:00+05:30,43.85,44.15,43.5,43.7,9078396
2007-07-10 00:00:00+05:30,43.7,43.7,42.95,43.15,16372845
2007-07-11 00:00:00+05:30,43.2,43.25,42.45,42.85,23982893
2007-07-12 00:00:00+05:30,42.95,43.5,42.8,42.95,30492713
2007-07-13 00:00:00+05:30,43.15,44.2,43.15,43.65,23733074
2007-07-16 00:00:00+05:30,43.55,44.2,42.85,43.3,33331858
2007-07-17 00:00:00+05:30,43.8,43.95,43.4,43.75,35464934
2007-07-18 00:00:00+05:30,43.8,43.95,42.9,43.3,16701111
2007-07-19 00:00:00+05:30,43.4,43.55,42.85,43.25,12447811
2007-07-20 00:00:00+05:30,43.5,43.55,43.0,43.35,8208639
2007-07-23 00:00:00+05:30,43.0,43.4,42.95,43.15,7374990
2007-07-24 00:00:00+05:30,43.25,43.45,42.65,42.75,17530625
2007-07-25 00:00:00+05:30,42.75,46.9,42.65,46.55,86905417
2007-07-26 00:00:00+05:30,46.6,47.6,45.5,47.1,37384638
2007-07-27 00:00:00+05:30,46.6,50.5,45.1,48.45,88839380
2007-07-30 00:00:00+05:30,49.4,49.4,46.65,47.0,37250878
2007-07-31 00:00:00+05:30,47.15,49.1,47.15,48.0,27538251
2007-08-01 00:00:00+05:30,47.9,48.0,46.15,46.9,21070976
2007-08-02 00:00:00+05:30,47.15,47.65,46.35,47.1,14905090
2007-08-03 00:00:00+05:30,47.3,48.5,47.25,47.65,17742765
2007-08-06 00:00:00+05:30,46.35,48.75,46.1,48.45,13082067
2007-08-07 00:00:00+05:30,48.6,49.1,46.65,46.85,23323535
2007-08-08 00:00:00+05:30,48.3,48.6,46.65,47.0,17336262
2007-08-09 00:00:00+05:30,47.6,48.0,45.9,46.05,16040109
2007-08-10 00:00:00+05:30,45.95,46.25,43.9,45.9,15431355
2007-08-13 00:00:00+05:30,46.35,46.6,45.8,46.3,8348923
2007-08-14 00:00:00+05:30,46.6,46.75,45.75,46.35,9655825
2007-08-16 00:00:00+05:30,45.5,45.8,43.65,44.25,20592861
2007-08-17 00:00:00+05:30,44.35,44.8,42.8,43.1,27759533
2007-08-20 00:00:00+05:30,44.65,44.65,43.8,43.9,19238002
2007-08-21 00:00:00+05:30,44.35,44.35,42.6,42.75,21114344
2007-08-22 00:00:00+05:30,43.5,45.1,43.1,44.4,34051109
2007-08-23 00:00:00+05:30,44.95,46.05,44.75,45.05,19679042
2007-08-24 00:00:00+05:30,44.3,45.95,44.3,45.4,6991133
2007-08-27 00:00:00+05:30,45.95,46.5,45.5,46.4,8491764
2007-08-28 00:00:00+05:30,46.4,47.8,44.15,47.0,23669994
2007-08-29 00:00:00+05:30,45.8,47.7,45.8,47.3,16117702
2007-08-30 00:00:00+05:30,47.15,48.6,47.15,48.2,49306810
2007-08-31 00:00:00+05:30,48.45,48.45,47.7,47.95,12946042
2007-09-03 00:00:00+05:30,47.95,49.0,47.75,48.85,13062747
2007-09-04 00:00:00+05:30,49.05,49.05,47.85,48.5,9318679
2007-09-05 00:00:00+05:30,48.6,48.75,47.9,48.35,7403162
2007-09-06 00:00:00+05:30,47.8,49.6,47.8,49.1,8151403
2007-09-07 00:00:00+05:30,49.25,50.8,49.15,49.95,22906561
2007-09-10 00:00:00+05:30,49.4,51.95,49.2,51.85,27846169
2007-09-11 00:00:00+05:30,51.95,53.1,51.3,51.6,23547895
2007-09-12 00:00:00+05:30,51.7,52.2,50.15,50.5,10155894
2007-09-13 00:00:00+05:30,50.7,50.95,49.95,50.25,13028217
2007-09-14 00:00:00+05:30,50.65,51.85,50.45,50.85,16908041
2007-09-17 00:00:00+05:30,51.0,51.65,50.35,50.8,9832918
2007-09-18 00:00:00+05:30,50.55,51.1,50.35,50.65,6554665
2007-09-19 00:00:00+05:30,50.7,53.15,50.7,52.6,29714025
2007-09-20 00:00:00+05:30,52.8,54.75,52.5,54.5,32340489
2007-09-21 00:00:00+05:30,54.45,54.45,52.55,53.65,21050425
2007-09-24 00:00:00+05:30,52.8,54.15,52.5,52.7,14323883
2007-09-25 00:00:00+05:30,52.1,53.35,52.0,52.55,16637372
2007-09-26 00:00:00+05:30,52.8,53.2,51.6,51.8,12027270
2007-09-27 00:00:00+05:30,52.2,53.2,51.45,52.05,40444810
2007-09-28 00:00:00+05:30,52.15,54.2,51.65,53.3,18875438
2007-10-01 00:00:00+05:30,53.6,54.15,51.8,52.2,21799863
2007-10-03 00:00:00+05:30,52.2,53.6,51.7,52.65,27598151
2007-10-04 00:00:00+05:30,52.8,52.8,50.7,52.05,20797370
2007-10-05 00:00:00+05:30,52.05,52.45,49.95,50.2,12993156
2007-10-08 00:00:00+05:30,50.55,50.85,48.9,50.0,13185764
2007-10-09 00:00:00+05:30,49.1,52.8,49.1,51.9,19471682
2007-10-10 00:00:00+05:30,50.4,52.5,50.4,51.7,11363931
2007-10-11 00:00:00+05:30,50.65,53.35,50.65,53.25,18082970
2007-10-12 00:00:00+05:30,53.1,53.35,51.75,52.05,17929526
2007-10-15 00:00:00+05:30,52.1,52.95,51.25,52.55,19051876
2007-10-16 00:00:00+05:30,52.5,53.25,51.5,52.25,13272684
2007-10-17 00:00:00+05:30,50.15,52.15,47.8,51.8,16595474
2007-10-18 00:00:00+05:30,51.95,53.3,50.65,51.45,20850602
2007-10-19 00:00:00+05:30,51.1,51.1,49.0,49.45,13833354
2007-10-22 00:00:00+05:30,49.4,50.5,48.5,49.8,10844468
2007-10-23 00:00:00+05:30,50.0,52.35,50.0,52.0,21380841
2007-10-24 00:00:00+05:30,52.2,52.9,51.15,51.75,10035405
2007-10-25 00:00:00+05:30,51.5,51.65,50.75,51.35,17714638
2007-10-26 00:00:00+05:30,51.8,53.55,50.1,50.65,30851027
2007-10-29 00:00:00+05:30,51.3,51.95,51.0,51.3,21380935
2007-10-30 00:00:00+05:30,51.3,51.35,50.0,50.45,12579403
2007-10-31 00:00:00+05:30,50.55,51.1,49.7,50.25,19437176
2007-11-01 00:00:00+05:30,50.05,50.75,47.95,48.2,19257311
2007-11-02 00:00:00+05:30,48.0,49.75,47.15,49.15,19910440
2007-11-05 00:00:00+05:30,48.9,49.15,47.8,48.1,21083519
2007-11-06 00:00:00+05:30,48.9,49.1,47.85,48.8,15912836
2007-11-07 00:00:00+05:30,48.9,49.4,47.7,47.95,12957336
2007-11-08 00:00:00+05:30,48.0,48.15,46.35,47.8,5984013
2007-11-09 00:00:00+05:30,48.55,49.1,47.1,47.4,1102475
2007-11-12 00:00:00+05:30,46.9,50.65,46.35,50.2,20711137
2007-11-13 00:00:00+05:30,49.95,50.65,47.8,49.95,19616656
2007-11-14 00:00:00+05:30,51.2,51.75,50.4,51.3,16800067
2007-11-15 00:00:00+05:30,50.6,53.65,50.6,53.2,34604047
2007-11-16 00:00:00+05:30,53.35,58.45,52.5,57.6,57864779
2007-11-19 00:00:00+05:30,59.55,60.3,55.05,55.85,42894257
2007-11-20 00:00:00+05:30,55.6,57.45,54.65,55.25,26429115
2007-11-21 00:00:00+05:30,55.35,56.65,51.2,52.05,26275965
2007-11-22 00:00:00+05:30,51.95,52.75,50.6,51.95,18088381
2007-11-23 00:00:00+05:30,52.5,53.3,50.95,51.85,13512268
2007-11-26 00:00:00+05:30,52.2,53.85,52.0,52.7,12220412
2007-11-27 00:00:00+05:30,52.7,53.1,51.75,52.2,9088185
2007-11-28 00:00:00+05:30,52.85,54.4,51.95,52.55,16436234
2007-11-29 00:00:00+05:30,53.1,54.0,51.15,52.15,29033609
2007-11-30 00:00:00+05:30,52.5,53.35,51.95,52.9,13776521
2007-12-03 00:00:00+05:30,53.65,54.3,52.85,53.8,8511924
2007-12-04 00:00:00+05:30,54.0,54.4,53.5,53.95,8260092
2007-12-05 00:00:00+05:30,54.2,54.45,52.85,54.1,15203391
2007-12-06 00:00:00+05:30,54.1,55.3,53.7,54.2,11039370
2007-12-07 00:00:00+05:30,54.2,54.65,51.85,52.85,17750264
2007-12-10 00:00:00+05:30,53.7,53.85,52.05,52.45,8655531
2007-12-11 00:00:00+05:30,55.55,55.55,51.95,52.65,9956345
2007-12-12 00:00:00+05:30,52.35,53.55,51.75,53.25,26250364
2007-12-13 00:00:00+05:30,53.35,56.85,53.35,55.15,31541225
2007-12-14 00:00:00+05:30,55.75,57.25,54.85,56.35,34655681
2007-12-17 00:00:00+05:30,56.4,58.15,53.45,54.3,25998615
2007-12-18 00:00:00+05:30,56.15,58.95,53.9,55.5,14304001
2007-12-19 00:00:00+05:30,56.45,57.45,54.3,56.05,16860934
2007-12-20 00:00:00+05:30,56.15,56.7,54.9,55.2,12528342
2007-12-24 00:00:00+05:30,57.25,57.25,54.25,55.65,19646163
2007-12-26 00:00:00+05:30,55.95,56.4,55.45,56.1,12194061
2007-12-27 00:00:00+05:30,56.15,57.85,56.15,57.15,46043503
2007-12-28 00:00:00+05:30,56.15,58.2,55.95,58.0,25750110
2007-12-31 00:00:00+05:30,58.0,59.5,58.0,58.8,17163917
2008-01-01 00:00:00+05:30,59.55,62.0,59.0,61.1,39974654
2008-01-02 00:00:00+05:30,61.75,63.85,60.2,62.1,62956907
2008-01-03 00:00:00+05:30,61.8,62.05,59.55,60.25,50151943
2008-01-04 00:00:00+05:30,60.4,61.85,59.85,61.6,41246818
2008-01-07 00:00:00+05:30,59.45,66.0,59.45,64.95,58263229
2008-01-08 00:00:00+05:30,65.65,67.25,62.95,64.9,59019875
2008-01-09 00:00:00+05:30,64.45,65.8,63.45,64.05,33188695
2008-01-10 00:00:00+05:30,64.3,64.6,61.25,61.7,21555094
2008-01-11 00:00:00+05:30,61.8,63.25,60.2,61.9,18621342
2008-01-14 00:00:00+05:30,62.6,63.45,61.3,63.05,17128003
2008-01-15 00:00:00+05:30,63.2,63.7,60.3,60.8,11634956
2008-01-16 00:00:00+05:30,60.4,60.8,56.45,58.65,30669442
2008-01-17 00:00:00+05:30,58.45,62.35,58.45,61.15,19719399
2008-01-18 00:00:00+05:30,61.15,61.8,58.45,59.7,30672557
2008-01-21 00:00:00+05:30,59.8,60.1,53.35,56.65,41872509
2008-01-22 00:00:00+05:30,53.35,56.15,47.45,51.35,45749102
2008-01-23 00:00:00+05:30,53.1,56.15,50.25,54.7,42225901
2008-01-24 00:00:00+05:30,55.35,56.7,50.6,52.65,21866554
2008-01-25 00:00:00+05:30,54.45,56.45,53.45,55.75,18850444
2008-01-28 00:00:00+05:30,53.35,56.15,53.35,55.1,19106621
2008-01-29 00:00:00+05:30,55.8,57.8,55.6,56.5,17634579
2008-01-30 00:00:00+05:30,58.8,58.8,53.1,56.0,18012672
2008-01-31 00:00:00+05:30,56.45,56.45,53.75,54.9,32884283
2008-02-01 00:00:00+05:30,53.95,58.25,53.95,57.6,12930163
2008-02-04 00:00:00+05:30,58.45,59.5,56.6,57.5,13257860
2008-02-05 00:00:00+05:30,58.15,58.45,56.5,57.85,12414831
2008-02-06 00:00:00+05:30,56.45,57.0,55.15,56.15,11628859
2008-02-07 00:00:00+05:30,56.15,56.5,53.45,53.95,17116615
2008-02-08 00:00:00+05:30,54.2,56.05,53.7,55.6,20329056
2008-02-11 00:00:00+05:30,55.6,56.1,50.25,52.05,17945904
2008-02-12 00:00:00+05:30,51.9,52.7,51.15,52.1,10968197
2008-02-13 00:00:00+05:30,52.95,55.55,52.5,55.1,18988976
2008-02-14 00:00:00+05:30,56.15,57.3,55.05,56.0,14569142
2008-02-15 00:00:00+05:30,54.75,57.25,54.75,56.95,25229966
2008-02-18 00:00:00+05:30,57.05,59.35,55.85,58.9,25757609
2008-02-19 00:00:00+05:30,58.15,59.8,56.8,57.7,18671602
2008-02-20 00:00:00+05:30,57.7,57.7,55.9,56.7,11482443
2008-02-21 00:00:00+05:30,57.3,57.55,55.75,56.5,10210892
2008-02-22 00:00:00+05:30,55.9,56.7,55.9,56.2,5360933
2008-02-25 00:00:00+05:30,56.7,57.55,56.2,56.65,9573820
2008-02-26 00:00:00+05:30,56.7,57.2,56.25,56.55,9550580
2008-02-27 00:00:00+05:30,57.0,57.25,55.5,56.8,19837877
2008-02-28 00:00:00+05:30,55.6,57.2,55.6,56.8,21646329
2008-02-29 00:00:00+05:30,56.7,58.15,56.1,56.95,36254486
2008-03-03 00:00:00+05:30,55.7,55.7,53.2,54.05,81700005
2008-03-04 00:00:00+05:30,54.2,54.6,51.15,51.9,46875944
2008-03-05 00:00:00+05:30,51.6,55.0,51.15,54.65,30148894
2008-03-07 00:00:00+05:30,54.2,54.75,52.5,53.6,33411456
2008-03-10 00:00:00+05:30,52.5,54.7,52.3,53.65,19654092
2008-03-11 00:00:00+05:30,52.35,54.75,52.35,53.95,30293271
2008-03-12 00:00:00+05:30,54.5,55.6,53.3,53.5,16760854
2008-03-13 00:00:00+05:30,52.8,53.35,51.05,52.1,17958658
2008-03-14 00:00:00+05:30,53.0,54.2,52.2,53.8,21532527
2008-03-17 00:00:00+05:30,53.1,53.7,51.3,52.15,24053525
2008-03-18 00:00:00+05:30,52.45,53.35,50.65,51.4,17923261
2008-03-19 00:00:00+05:30,52.8,53.3,51.8,52.6,18967263
2008-03-24 00:00:00+05:30,55.25,55.25,51.95,53.7,15648781
2008-03-25 00:00:00+05:30,56.15,57.55,53.35,53.75,23787576
2008-03-26 00:00:00+05:30,53.65,55.2,53.4,54.85,17159730
2008-03-27 00:00:00+05:30,55.0,56.7,54.2,56.15,21044237
2008-03-28 00:00:00+05:30,56.15,58.45,56.15,58.0,17092519
2008-03-31 00:00:00+05:30,58.15,59.2,57.0,57.95,14642430
2008-04-01 00:00:00+05:30,58.45,59.75,57.8,59.15,12990288
2008-04-02 00:00:00+05:30,59.8,60.85,57.3,58.45,14766804
2008-04-03 00:00:00+05:30,58.45,59.1,57.95,58.45,14374730
2008-04-04 00:00:00+05:30,57.6,58.4,55.95,56.3,18424503
2008-04-07 00:00:00+05:30,57.5,60.25,56.3,59.05,26959718
2008-04-08 00:00:00+05:30,59.25,59.25,57.95,58.55,23337191
2008-04-09 00:00:00+05:30,57.85,58.5,57.15,58.25,8225594
2008-04-10 00:00:00+05:30,57.95,58.9,57.45,58.05,14799648
2008-04-11 00:00:00+05:30,58.15,58.5,57.05,57.3,13302483
2008-04-15 00:00:00+05:30,57.15,58.8,56.75,58.4,18204839
2008-04-16 00:00:00+05:30,58.95,59.15,58.2,58.95,13306614
2008-04-17 00:00:00+05:30,59.3,59.8,57.6,59.35,10709616
2008-04-21 00:00:00+05:30,59.6,60.4,58.3,58.45,8735923
2008-04-22 00:00:00+05:30,58.35,60.4,57.85,59.9,10933907
2008-04-23 00:00:00+05:30,60.1,60.7,59.35,59.5,9982568
2008-04-24 00:00:00+05:30,59.3,60.35,58.6,58.95,16630292
2008-04-25 00:00:00+05:30,60.05,60.05,58.75,59.8,8677265
2008-04-28 00:00:00+05:30,60.1,60.7,59.0,59.4,11150119
2008-04-29 00:00:00+05:30,59.8,60.4,59.2,59.6,12216826
2008-04-30 00:00:00+05:30,59.1,62.0,59.1,61.75,26269725
2008-05-02 00:00:00+05:30,62.35,63.1,61.35,62.05,11292065
2008-05-05 00:00:00+05:30,61.75,62.75,61.2,62.0,9299664
2008-05-06 00:00:00+05:30,61.5,63.65,61.5,63.15,19245841
2008-05-07 00:00:00+05:30,63.35,64.5,62.8,63.65,17320750
2008-05-08 00:00:00+05:30,63.6,63.6,59.95,60.4,21959572
2008-05-09 00:00:00+05:30,60.4,61.8,59.9,61.35,20233118
2008-05-12 00:00:00+05:30,61.0,63.2,60.35,62.85,12516059
2008-05-13 00:00:00+05:30,63.2,64.3,61.9,63.25,13920120
2008-05-14 00:00:00+05:30,62.65,64.1,62.5,63.55,12206836
2008-05-15 00:00:00+05:30,63.75,64.0,62.95,63.5,11575470
2008-05-16 00:00:00+05:30,63.5,64.0,62.65,63.75,8483190
2008-05-20 00:00:00+05:30,63.45,63.95,62.8,63.35,9363196
2008-05-21 00:00:00+05:30,62.9,65.3,62.8,64.05,16223716
2008-05-22 00:00:00+05:30,63.75,64.9,61.8,62.75,21044955
2008-05-23 00:00:00+05:30,62.75,63.4,59.3,60.0,20358477
2008-05-26 00:00:00+05:30,59.5,59.5,56.6,57.7,31738391
2008-05-27 00:00:00+05:30,58.0,60.55,57.85,58.7,34723578
2008-05-28 00:00:00+05:30,59.3,62.7,59.3,62.35,34452538
2008-05-29 00:00:00+05:30,62.35,62.9,59.9,60.65,18263383
2008-05-30 00:00:00+05:30,60.9,61.9,60.4,61.15,14173089
2008-06-02 00:00:00+05:30,61.55,62.9,60.85,61.75,21484830
2008-06-03 00:00:00+05:30,61.2,62.05,60.15,61.75,15641917
2008-06-04 00:00:00+05:30,62.95,62.95,59.8,60.6,10235998
2008-06-05 00:00:00+05:30,61.25,62.85,59.8,62.5,13122917
2008-06-06 00:00:00+05:30,62.9,63.2,59.35,59.95,15553540
2008-06-09 00:00:00+05:30,58.8,59.95,57.55,58.25,14883498
2008-06-10 00:00:00+05:30,58.45,58.45,55.65,56.6,26748709
2008-06-11 00:00:00+05:30,56.7,57.1,54.7,56.05,42287712
2008-06-12 00:00:00+05:30,55.1,56.9,54.8,56.15,21990591
2008-06-13 00:00:00+05:30,56.15,56.55,54.65,55.65,15690290
2008-06-16 00:00:00+05:30,56.1,56.75,55.5,56.55,16493695
2008-06-17 00:00:00+05:30,56.7,57.55,56.45,57.05,6475081
2008-06-18 00:00:00+05:30,57.55,58.2,56.85,57.85,12953153
2008-06-19 00:00:00+05:30,57.0,58.0,56.45,57.8,10544184
2008-06-20 00:00:00+05:30,57.85,57.85,54.6,55.75,15449378
2008-06-23 00:00:00+05:30,55.35,57.35,54.2,54.85,19992785
2008-06-24 00:00:00+05:30,56.1,56.1,52.5,53.75,30148172
2008-06-25 00:00:00+05:30,53.65,53.65,51.3,52.35,21258080
2008-06-26 00:00:00+05:30,53.35,54.2,52.25,53.8,23598658
2008-06-27 00:00:00+05:30,53.35,53.35,51.3,51.55,15431594
2008-06-30 00:00:00+05:30,51.6,53.6,50.85,52.75,13673486
2008-07-01 00:00:00+05:30,52.4,53.35,50.0,51.35,10124843
2008-07-02 00:00:00+05:30,51.35,52.2,49.55,50.5,28136689
2008-07-03 00:00:00+05:30,50.2,50.85,47.2,47.55,20326677
2008-07-04 00:00:00+05:30,48.0,49.95,47.0,48.1,19684856
2008-07-07 00:00:00+05:30,48.6,50.5,48.6,49.95,11559352
2008-07-08 00:00:00+05:30,49.1,49.5,47.35,48.25,15522454
2008-07-09 00:00:00+05:30,48.75,52.3,48.7,51.6,16311024
2008-07-10 00:00:00+05:30,51.3,51.6,50.0,50.3,9716151
2008-07-11 00:00:00+05:30,50.5,51.15,48.4,49.0,7672787
2008-07-14 00:00:00+05:30,49.25,50.25,47.0,47.35,18398745
2008-07-15 00:00:00+05:30,47.1,47.1,44.65,45.05,19395518
2008-07-16 00:00:00+05:30,44.9,47.3,44.0,45.6,28225818
2008-07-17 00:00:00+05:30,46.6,47.7,45.65,46.95,17591954
2008-07-18 00:00:00+05:30,47.2,50.25,46.35,49.5,17345155
2008-07-21 00:00:00+05:30,49.5,52.05,48.6,50.35,21675552
2008-07-22 00:00:00+05:30,50.3,53.45,49.8,53.35,28579769
2008-07-23 00:00:00+05:30,54.55,56.05,52.8,53.8,36869696
2008-07-24 00:00:00+05:30,53.8,55.25,52.7,53.5,12745355
2008-07-25 00:00:00+05:30,53.35,53.9,52.15,53.15,12325549
2008-07-28 00:00:00+05:30,53.1,54.3,52.8,53.55,12759098
2008-07-29 00:00:00+05:30,53.1,53.65,51.7,53.25,11839292
2008-07-30 00:00:00+05:30,52.8,53.85,51.95,52.9,13667814
2008-07-31 00:00:00+05:30,53.65,53.85,49.7,52.45,67974251
2008-08-01 00:00:00+05:30,52.5,52.8,51.3,52.55,20951150
2008-08-04 00:00:00+05:30,52.55,53.35,52.2,52.75,8061889
2008-08-05 00:00:00+05:30,53.1,53.7,52.5,53.4,16863247
2008-08-06 00:00:00+05:30,53.9,55.0,52.9,53.35,29824271
2008-08-07 00:00:00+05:30,53.35,54.65,52.8,53.9,30260271
2008-08-08 00:00:00+05:30,53.65,54.15,53.15,53.4,16489317
2008-08-11 00:00:00+05:30,53.9,54.75,53.55,54.4,5413503
2008-08-12 00:00:00+05:30,54.55,55.7,54.25,54.95,14055115
2008-08-13 00:00:00+05:30,54.45,55.55,54.45,54.75,7745396
2008-08-14 00:00:00+05:30,54.3,54.8,53.3,53.7,4595634
2008-08-18 00:00:00+05:30,53.7,54.5,51.0,52.65,15510467
2008-08-19 00:00:00+05:30,51.95,52.5,51.15,51.5,10014906
2008-08-20 00:00:00+05:30,51.9,52.4,51.2,51.35,17145613
2008-08-21 00:00:00+05:30,51.45,51.75,50.65,51.2,7491698
2008-08-22 00:00:00+05:30,51.35,51.65,50.5,51.2,4398943
2008-08-25 00:00:00+05:30,52.2,52.5,51.15,51.65,2404628
2008-08-26 00:00:00+05:30,51.35,52.0,51.2,51.9,8860724
2008-08-27 00:00:00+05:30,51.95,52.2,51.4,51.65,6171370
2008-08-28 00:00:00+05:30,51.5,51.9,50.9,51.5,17410524
2008-08-29 00:00:00+05:30,51.95,53.35,51.7,53.0,10493841
2008-09-01 00:00:00+05:30,52.8,54.15,51.85,53.9,8323270
2008-09-02 00:00:00+05:30,54.2,55.35,53.7,54.6,13256500
2008-09-04 00:00:00+05:30,54.4,54.85,52.9,53.15,8133596
2008-09-05 00:00:00+05:30,51.2,53.7,51.2,53.35,5610791
2008-09-08 00:00:00+05:30,53.65,58.95,53.1,55.2,21139506
2008-09-09 00:00:00+05:30,55.1,55.1,54.35,54.65,8154525
2008-09-10 00:00:00+05:30,54.45,55.05,54.15,54.75,8335940
2008-09-11 00:00:00+05:30,54.45,54.45,53.1,53.8,9034615
2008-09-12 00:00:00+05:30,54.45,54.85,53.1,53.7,16886744
2008-09-15 00:00:00+05:30,53.1,53.65,51.15,53.4,15448677
2008-09-16 00:00:00+05:30,52.2,54.85,51.35,54.6,15444428
2008-09-17 00:00:00+05:30,52.25,54.7,51.55,51.85,15283592
2008-09-18 00:00:00+05:30,51.9,52.75,49.7,52.15,28899780
2008-09-19 00:00:00+05:30,52.85,54.05,52.25,53.65,29267463
2008-09-22 00:00:00+05:30,54.05,56.1,53.55,54.75,36701479
2008-09-23 00:00:00+05:30,54.3,54.6,53.75,54.4,9880487
2008-09-24 00:00:00+05:30,54.45,54.8,53.95,54.2,14148573
2008-09-25 00:00:00+05:30,53.95,55.65,52.4,52.8,30608027
2008-09-26 00:00:00+05:30,52.8,54.5,51.55,54.0,16228745
2008-09-29 00:00:00+05:30,53.9,54.75,52.55,53.7,30154655
2008-09-30 00:00:00+05:30,52.65,54.0,51.95,52.8,27631987
2008-10-01 00:00:00+05:30,53.35,54.6,52.95,54.0,26832320
2008-10-03 00:00:00+05:30,53.35,55.9,53.1,53.5,42028211
2008-10-06 00:00:00+05:30,54.75,54.75,50.0,50.55,28380865
2008-10-07 00:00:00+05:30,50.7,51.35,47.25,49.0,61148153
2008-10-08 00:00:00+05:30,48.25,48.85,44.75,46.55,38915304
2008-10-10 00:00:00+05:30,45.95,48.9,43.1,45.9,51540829
2008-10-13 00:00:00+05:30,47.15,48.55,46.1,47.75,37857766
2008-10-14 00:00:00+05:30,48.85,48.85,46.75,47.45,17595256
2008-10-15 00:00:00+05:30,47.0,47.0,44.5,45.1,33307304
2008-10-16 00:00:00+05:30,43.25,46.35,42.7,45.4,37798335
2008-10-17 00:00:00+05:30,46.05,46.9,44.15,44.6,20625358
2008-10-20 00:00:00+05:30,44.9,47.45,44.9,46.4,17460590
2008-10-21 00:00:00+05:30,46.9,48.0,45.3,47.5,27199146
2008-10-22 00:00:00+05:30,47.15,50.0,46.6,48.0,31304329
2008-10-23 00:00:00+05:30,46.9,49.4,46.05,47.35,17790063
2008-10-24 00:00:00+05:30,46.35,48.25,42.4,44.6,33460370
2008-10-27 00:00:00+05:30,44.1,44.35,37.05,41.8,32377665
2008-10-28 00:00:00+05:30,43.1,44.55,43.0,43.65,2721212
2008-10-29 00:00:00+05:30,44.5,45.35,41.15,43.0,43238614
2008-10-31 00:00:00+05:30,43.85,48.0,42.4,43.6,45631627
2008-11-03 00:00:00+05:30,44.25,45.3,43.35,44.85,17867344
2008-11-04 00:00:00+05:30,44.6,48.55,43.8,47.95,15035819
2008-11-05 00:00:00+05:30,49.1,49.4,46.6,47.7,21065260
2008-11-06 00:00:00+05:30,47.1,48.9,46.0,47.35,18258849
2008-11-07 00:00:00+05:30,46.7,49.3,46.7,49.0,17633126
2008-11-10 00:00:00+05:30,49.65,49.85,47.75,48.4,12331557
2008-11-11 00:00:00+05:30,48.25,49.35,48.0,48.45,13468435
2008-11-12 00:00:00+05:30,48.0,48.55,46.5,47.75,14741695
2008-11-14 00:00:00+05:30,48.3,49.4,46.45,47.6,16070768
2008-11-17 00:00:00+05:30,47.45,48.9,45.2,46.4,20699295
2008-11-18 00:00:00+05:30,45.8,46.8,44.65,45.1,19211796
2008-11-19 00:00:00+05:30,45.35,47.65,45.1,46.4,23729414
2008-11-20 00:00:00+05:30,45.8,46.8,45.0,46.25,13270902
2008-11-21 00:00:00+05:30,46.05,48.45,45.6,47.7,16274128
2008-11-24 00:00:00+05:30,47.75,48.65,47.05,48.35,14410522
2008-11-25 00:00:00+05:30,48.7,48.9,46.75,47.35,11066078
2008-11-26 00:00:00+05:30,47.45,48.7,47.3,48.45,24867625
2008-11-28 00:00:00+05:30,45.2,49.6,45.2,48.75,29004147
2008-12-01 00:00:00+05:30,48.55,49.7,46.1,46.45,21480893
2008-12-02 00:00:00+05:30,46.2,48.15,45.5,47.6,20174138
2008-12-03 00:00:00+05:30,47.75,48.0,46.25,47.35,16009738
2008-12-04 00:00:00+05:30,47.45,49.1,47.05,48.9,12510738
2008-12-05 00:00:00+05:30,49.0,49.4,47.1,47.55,8769347
2008-12-08 00:00:00+05:30,48.2,49.5,47.4,47.7,23299290
2008-12-10 00:00:00+05:30,47.95,49.05,47.6,47.85,19722528
2008-12-11 00:00:00+05:30,48.15,48.3,47.0,48.05,14435468
2008-12-12 00:00:00+05:30,47.45,48.9,46.6,48.45,15907674
2008-12-15 00:00:00+05:30,48.95,49.1,47.6,48.75,9735402
2008-12-16 00:00:00+05:30,48.4,50.05,48.25,49.55,14377120
2008-12-17 00:00:00+05:30,50.0,50.4,47.9,48.4,17998436
2008-12-18 00:00:00+05:30,48.6,51.3,48.6,50.55,17616251
2008-12-19 00:00:00+05:30,50.4,51.8,49.75,50.3,20801605
2008-12-22 00:00:00+05:30,50.55,51.1,49.45,50.55,10630858
2008-12-23 00:00:00+05:30,50.4,50.7,49.65,49.95,11392047
2008-12-24 00:00:00+05:30,49.45,49.7,48.15,48.4,30653861
2008-12-26 00:00:00+05:30,50.0,50.25,47.75,47.95,6195036
2008-12-29 00:00:00+05:30,47.9,48.6,47.75,48.1,7522378
2008-12-30 00:00:00+05:30,48.3,48.75,47.9,48.3,11030743
2008-12-31 00:00:00+05:30,48.55,48.6,48.0,48.2,9642911
2009-01-01 00:00:00+05:30,48.4,48.6,47.95,48.2,10130767
2009-01-02 00:00:00+05:30,48.45,49.4,48.05,49.0,12282129
2009-01-05 00:00:00+05:30,49.1,49.6,48.15,48.6,12094367
2009-01-06 00:00:00+05:30,48.85,49.45,48.25,48.95,13642337
2009-01-07 00:00:00+05:30,48.6,49.1,45.5,47.2,22129128
2009-01-09 00:00:00+05:30,47.15,49.1,46.05,47.65,23818218
2009-01-12 00:00:00+05:30,48.0,48.0,45.5,46.4,20853127
2009-01-13 00:00:00+05:30,46.4,48.45,46.0,47.35,25670044
2009-01-14 00:00:00+05:30,48.3,48.75,47.1,47.95,16131379
2009-01-15 00:00:00+05:30,47.3,47.7,46.3,47.3,12009497
2009-01-16 00:00:00+05:30,47.6,48.5,47.6,48.25,13218827
2009-01-19 00:00:00+05:30,48.6,49.1,47.6,47.95,25035443
2009-01-20 00:00:00+05:30,47.45,48.3,46.9,47.95,12635660
2009-01-21 00:00:00+05:30,47.45,48.9,47.15,48.1,22625995
2009-01-22 00:00:00+05:30,48.1,48.5,47.6,47.9,9047609
2009-01-23 00:00:00+05:30,47.9,48.3,47.5,47.85,9611638
2009-01-27 00:00:00+05:30,48.45,48.75,47.65,47.95,19273298
2009-01-28 00:00:00+05:30,48.3,49.65,48.0,49.3,17872540
2009-01-29 00:00:00+05:30,49.55,49.95,48.4,49.25,25999399
2009-01-30 00:00:00+05:30,49.25,50.85,49.0,50.6,14036356
2009-02-02 00:00:00+05:30,50.0,50.5,49.7,50.05,17346268
2009-02-03 00:00:00+05:30,50.0,51.8,49.95,50.8,14902541
2009-02-04 00:00:00+05:30,50.05,51.6,50.05,50.8,11573482
2009-02-05 00:00:00+05:30,50.85,51.55,50.45,50.95,5515501
2009-02-06 00:00:00+05:30,50.6,51.65,50.6,51.3,5943007
2009-02-09 00:00:00+05:30,51.4,51.6,50.45,51.4,6000690
2009-02-10 00:00:00+05:30,51.3,51.3,50.2,50.65,8206606
2009-02-11 00:00:00+05:30,50.35,50.95,50.1,50.6,5440142
2009-02-12 00:00:00+05:30,50.7,50.7,49.8,50.05,5194911
2009-02-13 00:00:00+05:30,50.5,50.75,49.55,50.35,7415021
2009-02-16 00:00:00+05:30,50.0,51.1,49.0,50.9,13403253
2009-02-17 00:00:00+05:30,50.8,51.15,50.35,50.7,10166418
2009-02-18 00:00:00+05:30,50.5,51.3,50.3,50.55,10941635
2009-02-19 00:00:00+05:30,50.55,51.0,50.35,50.85,11271981
2009-02-20 00:00:00+05:30,50.65,50.95,49.85,50.6,7335035
2009-02-24 00:00:00+05:30,50.25,50.95,50.1,50.7,7894671
2009-02-25 00:00:00+05:30,50.9,51.25,50.0,51.1,14645933
2009-02-26 00:00:00+05:30,51.0,53.35,50.65,51.65,12871588
2009-02-27 00:00:00+05:30,51.95,52.2,50.7,51.4,12156895
2009-03-02 00:00:00+05:30,50.85,51.15,49.9,50.25,8904279
2009-03-03 00:00:00+05:30,50.0,50.35,47.9,48.35,17645915
2009-03-04 00:00:00+05:30,48.6,49.1,48.35,48.8,6555421
2009-03-05 00:00:00+05:30,48.65,49.05,46.2,46.9,29560335
2009-03-06 00:00:00+05:30,46.1,46.7,45.15,46.2,20562740
2009-03-09 00:00:00+05:30,46.05,46.2,43.8,44.45,16984017
2009-03-12 00:00:00+05:30,45.0,46.95,44.65,45.45,21704691
2009-03-13 00:00:00+05:30,45.5,46.7,45.5,46.45,16425318
2009-03-16 00:00:00+05:30,46.6,48.0,46.1,47.75,15420380
2009-03-17 00:00:00+05:30,47.75,49.1,47.55,48.7,12121543
2009-03-18 00:00:00+05:30,48.9,49.7,47.35,47.6,9490448
2009-03-19 00:00:00+05:30,48.0,48.5,46.95,47.65,11480351
2009-03-20 00:00:00+05:30,47.45,48.1,47.2,47.5,9918239
2009-03-23 00:00:00+05:30,47.75,49.25,47.75,48.95,8602583
2009-03-24 00:00:00+05:30,49.55,49.55,48.35,49.1,18500190
2009-03-25 00:00:00+05:30,49.1,51.05,49.05,49.9,21888087
2009-03-26 00:00:00+05:30,49.85,52.9,49.85,51.95,21625371
2009-03-27 00:00:00+05:30,52.1,53.05,50.7,52.3,25917391
2009-03-30 00:00:00+05:30,51.9,53.0,49.85,50.2,16890028
2009-03-31 00:00:00+05:30,50.2,52.35,50.1,51.9,18984828
2009-04-01 00:00:00+05:30,51.95,52.2,50.35,51.75,16716595
2009-04-02 00:00:00+05:30,52.35,53.35,51.4,52.0,22743977
2009-04-06 00:00:00+05:30,52.45,53.05,49.85,50.5,40229052
2009-04-08 00:00:00+05:30,50.2,54.15,49.85,53.35,33437058
2009-04-09 00:00:00+05:30,53.9,54.2,52.15,52.55,10712807
2009-04-13 00:00:00+05:30,53.1,53.35,52.25,52.5,11358332
2009-04-15 00:00:00+05:30,52.8,53.6,51.45,52.0,26423579
2009-04-16 00:00:00+05:30,52.1,54.45,51.55,53.8,18212585
2009-04-17 00:00:00+05:30,54.05,54.45,52.7,52.95,28706630
2009-04-20 00:00:00+05:30,53.35,53.45,51.2,51.85,17752932
2009-04-21 00:00:00+05:30,51.05,53.7,51.05,53.0,17239682
2009-04-22 00:00:00+05:30,52.35,53.85,52.35,53.5,16034199
2009-04-23 00:00:00+05:30,53.35,53.65,52.95,53.35,7352118
2009-04-24 00:00:00+05:30,53.65,53.85,52.65,53.55,7308320
2009-04-27 00:00:00+05:30,53.6,54.55,52.9,54.3,16720070
2009-04-28 00:00:00+05:30,54.15,54.15,52.1,52.65,12116618
2009-04-29 00:00:00+05:30,52.85,53.55,52.05,53.05,18752799
2009-05-04 00:00:00+05:30,53.4,58.35,53.35,57.75,37490257
2009-05-05 00:00:00+05:30,57.55,57.55,55.1,55.55,21782187
2009-05-06 00:00:00+05:30,55.6,55.8,53.4,54.05,21646675
2009-05-07 00:00:00+05:30,54.75,54.95,53.25,53.5,15213689
2009-05-08 00:00:00+05:30,53.35,54.0,52.1,52.9,14170162
2009-05-11 00:00:00+05:30,53.35,53.35,52.0,52.8,10371590
2009-05-12 00:00:00+05:30,52.9,54.0,52.55,53.7,15890272
2009-05-13 00:00:00+05:30,53.7,54.25,52.5,52.8,11533192
2009-05-14 00:00:00+05:30,52.25,53.0,52.0,52.45,8299478
2009-05-15 00:00:00+05:30,52.55,53.25,52.05,52.25,14112652
2009-05-18 00:00:00+05:30,54.45,62.7,54.45,58.05,528490
2009-05-19 00:00:00+05:30,58.1,59.8,53.1,53.5,70241249
2009-05-20 00:00:00+05:30,53.35,54.1,51.95,52.35,27300884
2009-05-21 00:00:00+05:30,52.5,52.8,50.85,51.15,26322056
2009-05-22 00:00:00+05:30,51.15,51.8,50.65,51.55,24730340
2009-05-25 00:00:00+05:30,51.75,53.55,51.3,53.3,27433242
2009-05-26 00:00:00+05:30,53.75,53.9,51.25,51.65,22230009
2009-05-27 00:00:00+05:30,52.1,52.65,50.45,51.7,56079241
2009-05-28 00:00:00+05:30,52.35,52.8,51.15,51.6,43239554
2009-05-29 00:00:00+05:30,51.9,52.95,51.15,51.55,37091235
2009-06-01 00:00:00+05:30,51.95,54.7,51.8,54.0,46379711
2009-06-02 00:00:00+05:30,54.75,55.55,53.0,53.95,33907210
2009-06-03 00:00:00+05:30,54.7,57.4,54.25,57.0,50335395
2009-06-04 00:00:00+05:30,57.0,58.95,55.65,56.9,42995284
2009-06-05 00:00:00+05:30,57.0,57.0,53.25,53.7,91415581
2009-06-08 00:00:00+05:30,57.0,57.0,50.7,51.55,54187137
2009-06-09 00:00:00+05:30,51.1,53.85,50.95,53.6,29882079
2009-06-10 00:00:00+05:30,53.65,55.5,53.65,54.85,46564022
2009-06-11 00:00:00+05:30,55.05,56.1,54.25,55.5,28000505
2009-06-12 00:00:00+05:30,55.85,57.0,54.9,55.25,26220006
2009-06-15 00:00:00+05:30,54.75,56.0,54.6,55.5,15611334
2009-06-16 00:00:00+05:30,54.6,56.9,54.6,55.8,21986117
2009-06-17 00:00:00+05:30,55.6,56.15,54.05,54.4,17494017
2009-06-18 00:00:00+05:30,54.45,55.05,53.9,54.3,16301506
2009-06-19 00:00:00+05:30,54.3,56.45,54.3,56.3,18913454
2009-06-22 00:00:00+05:30,57.5,57.7,56.3,57.05,24597874
2009-06-23 00:00:00+05:30,56.85,56.85,54.15,55.45,28600619
2009-06-24 00:00:00+05:30,55.6,56.55,54.3,55.85,26326506
2009-06-25 00:00:00+05:30,57.2,57.2,53.55,54.25,46353575
2009-06-26 00:00:00+05:30,54.75,55.6,53.7,55.25,19213645
2009-06-29 00:00:00+05:30,55.35,55.55,54.2,54.4,12032875
2009-06-30 00:00:00+05:30,54.6,54.85,53.15,53.6,15608351
2009-07-01 00:00:00+05:30,53.45,54.6,53.1,53.7,11859740
2009-07-02 00:00:00+05:30,54.15,54.3,53.15,53.8,21210765
2009-07-03 00:00:00+05:30,53.65,54.2,53.15,53.8,18553218
2009-07-06 00:00:00+05:30,54.05,57.0,52.55,55.55,58680631
2009-07-07 00:00:00+05:30,55.9,60.35,55.9,59.3,61082791
2009-07-08 00:00:00+05:30,59.1,59.95,58.15,58.8,23769366
2009-07-09 00:00:00+05:30,56.85,60.4,56.85,59.95,17219997
2009-07-10 00:00:00+05:30,60.2,60.35,58.3,59.15,18878775
2009-07-13 00:00:00+05:30,58.35,60.4,57.3,59.2,19857197
2009-07-14 00:00:00+05:30,59.55,60.05,58.45,59.65,14024012
2009-07-15 00:00:00+05:30,59.75,61.35,58.75,61.0,16838634
2009-07-16 00:00:00+05:30,61.15,62.2,60.5,61.0,11784440
2009-07-17 00:00:00+05:30,61.7,65.15,60.65,64.35,25862393
2009-07-20 00:00:00+05:30,65.15,65.45,62.65,63.3,15639561
2009-07-21 00:00:00+05:30,64.1,64.1,61.15,61.65,14900068
2009-07-22 00:00:00+05:30,62.85,62.95,60.4,61.2,15203862
2009-07-23 00:00:00+05:30,61.8,65.15,61.55,64.5,29471885
2009-07-24 00:00:00+05:30,64.9,65.9,62.75,65.2,20169975
2009-07-27 00:00:00+05:30,65.7,68.5,64.0,67.05,19081956
2009-07-28 00:00:00+05:30,66.85,68.9,66.05,67.7,25121711
2009-07-29 00:00:00+05:30,66.85,68.2,64.05,66.75,16602304
2009-07-30 00:00:00+05:30,66.25,69.3,65.2,68.15,35808010
2009-07-31 00:00:00+05:30,69.6,71.05,68.2,70.0,25466645
2009-08-03 00:00:00+05:30,71.05,71.05,68.85,69.7,8065212
2009-08-04 00:00:00+05:30,69.7,69.95,67.4,69.2,16921197
2009-08-05 00:00:00+05:30,69.5,69.6,67.25,68.45,13485168
2009-08-06 00:00:00+05:30,67.7,68.7,64.6,65.7,19222681
2009-08-07 00:00:00+05:30,65.85,66.25,63.75,64.5,17295731
2009-08-10 00:00:00+05:30,65.15,65.4,61.85,63.0,19921196
2009-08-11 00:00:00+05:30,62.1,63.65,61.25,63.35,18210708
2009-08-12 00:00:00+05:30,62.65,64.8,61.95,64.0,14463169
2009-08-13 00:00:00+05:30,64.7,67.95,64.65,67.2,12149174
2009-08-14 00:00:00+05:30,67.4,67.7,64.75,65.95,9528853
2009-08-17 00:00:00+05:30,65.45,65.65,61.65,62.5,16078132
2009-08-18 00:00:00+05:30,62.35,63.95,61.55,63.1,13071488
2009-08-19 00:00:00+05:30,62.0,63.2,61.2,62.6,20601026
2009-08-20 00:00:00+05:30,63.3,63.85,63.2,63.2,9271427
2009-08-21 00:00:00+05:30,63.7,64.6,61.8,64.3,12569139
2009-08-24 00:00:00+05:30,65.0,68.15,64.6,67.4,16453230
2009-08-25 00:00:00+05:30,66.55,68.5,65.6,67.55,14112912
2009-08-26 00:00:00+05:30,67.7,67.7,66.15,67.1,9733567
2009-08-27 00:00:00+05:30,64.7,68.0,64.7,67.4,17481770
2009-08-28 00:00:00+05:30,67.55,67.7,65.7,66.45,11613964
2009-08-31 00:00:00+05:30,66.2,66.4,64.2,64.85,16237417
2009-09-01 00:00:00+05:30,65.45,65.9,63.1,64.65,14536457
2009-09-02 00:00:00+05:30,64.1,65.5,63.45,64.05,10414083
2009-09-03 00:00:00+05:30,64.3,64.75,63.0,63.65,11176012
2009-09-04 00:00:00+05:30,64.0,66.2,63.1,65.5,11310532
2009-09-07 00:00:00+05:30,66.5,66.85,64.05,64.9,29141514
2009-09-08 00:00:00+05:30,65.15,66.0,64.0,64.2,19615587
2009-09-09 00:00:00+05:30,64.0,64.3,63.3,63.75,51992639
2009-09-10 00:00:00+05:30,64.15,65.05,63.6,64.3,16417389
2009-09-11 00:00:00+05:30,64.9,65.05,63.2,63.75,20744939
2009-09-14 00:00:00+05:30,63.0,64.25,62.45,62.9,11871030
2009-09-15 00:00:00+05:30,63.2,64.7,63.0,64.3,15854247
2009-09-16 00:00:00+05:30,65.15,65.35,64.4,64.9,19644217
2009-09-17 00:00:00+05:30,65.4,65.95,63.75,64.25,32630180
2009-09-18 00:00:00+05:30,64.0,64.3,63.5,63.7,18492519
2009-09-22 00:00:00+05:30,64.0,65.7,63.2,65.55,17424711
2009-09-23 00:00:00+05:30,66.0,66.5,64.25,64.75,14342524
2009-09-24 00:00:00+05:30,64.3,66.25,64.3,65.35,18461034
2009-09-25 00:00:00+05:30,65.15,66.3,65.05,66.0,10076442
2009-09-29 00:00:00+05:30,66.5,66.85,65.4,65.75,10299793
2009-09-30 00:00:00+05:30,65.7,65.8,65.05,65.45,18073716
2009-10-01 00:00:00+05:30,65.35,65.6,64.6,65.35,14567265
2009-10-05 00:00:00+05:30,65.25,67.35,64.6,67.0,26870253
2009-10-06 00:00:00+05:30,67.4,69.8,67.4,69.5,26943256
2009-10-07 00:00:00+05:30,70.1,70.9,68.55,68.8,15274192
2009-10-08 00:00:00+05:30,69.6,71.2,69.05,70.4,22525957
2009-10-09 00:00:00+05:30,70.65,70.65,68.65,70.1,7470446
2009-10-12 00:00:00+05:30,71.45,73.2,68.85,72.55,15310893
2009-10-14 00:00:00+05:30,72.4,73.5,72.1,72.65,9966622
2009-10-15 00:00:00+05:30,73.0,73.0,70.1,72.0,14204032
2009-10-16 00:00:00+05:30,72.2,72.3,70.2,70.85,8830446
2009-10-20 00:00:00+05:30,70.75,71.3,69.7,70.35,11094600
2009-10-21 00:00:00+05:30,70.9,70.9,67.9,68.4,9228472
2009-10-22 00:00:00+05:30,68.8,70.2,68.15,69.6,12080558
2009-10-23 00:00:00+05:30,70.4,73.3,70.2,73.05,27709524
2009-10-26 00:00:00+05:30,74.0,74.85,72.9,74.35,22719513
2009-10-27 00:00:00+05:30,73.55,74.55,71.9,73.15,17214468
2009-10-28 00:00:00+05:30,72.95,73.7,70.6,72.75,18881106
2009-10-29 00:00:00+05:30,71.45,74.1,71.2,72.8,25088988
2009-10-30 00:00:00+05:30,73.7,73.9,71.05,71.55,15488094
2009-11-03 00:00:00+05:30,70.85,72.95,68.25,69.8,15200311
2009-11-04 00:00:00+05:30,69.35,71.9,68.45,71.5,12012941
2009-11-05 00:00:00+05:30,71.3,71.85,69.05,70.8,13772931
2009-11-06 00:00:00+05:30,71.05,71.55,69.35,69.9,9481499
2009-11-09 00:00:00+05:30,71.05,73.0,69.9,72.75,12531585
2009-11-10 00:00:00+05:30,72.45,73.55,71.3,72.3,18205901
2009-11-11 00:00:00+05:30,71.6,72.8,71.6,72.15,14789752
2009-11-12 00:00:00+05:30,72.45,72.9,70.55,71.0,14582198
2009-11-13 00:00:00+05:30,71.85,72.1,70.75,71.45,12572639
2009-11-16 00:00:00+05:30,71.75,72.7,70.95,71.8,13201921
2009-11-17 00:00:00+05:30,71.75,72.0,70.8,71.5,11319664
2009-11-18 00:00:00+05:30,71.6,72.85,71.0,72.7,10866928
2009-11-19 00:00:00+05:30,72.75,73.05,71.65,72.1,12410905
2009-11-20 00:00:00+05:30,71.45,73.3,69.75,72.95,12398019
2009-11-23 00:00:00+05:30,73.5,75.8,73.0,75.45,25613069
2009-11-24 00:00:00+05:30,75.8,75.8,73.85,74.1,20062497
2009-11-25 00:00:00+05:30,74.15,75.65,73.65,75.5,11194982
2009-11-26 00:00:00+05:30,75.8,76.1,72.7,73.35,21396037
2009-11-27 00:00:00+05:30,72.6,73.3,70.8,72.0,15354338
2009-11-30 00:00:00+05:30,72.55,73.45,71.6,72.2,13113281
2009-12-01 00:00:00+05:30,72.45,72.95,71.75,72.5,14216336
2009-12-02 00:00:00+05:30,72.95,73.15,71.6,72.2,13780836
2009-12-03 00:00:00+05:30,72.2,72.9,71.6,71.75,10129744
2009-12-04 00:00:00+05:30,71.75,72.75,71.1,72.1,8864758
2009-12-07 00:00:00+05:30,72.2,72.7,71.4,71.55,6786725
2009-12-08 00:00:00+05:30,71.65,72.9,71.4,72.65,11757901
2009-12-09 00:00:00+05:30,72.45,72.7,71.75,72.05,9200821
2009-12-10 00:00:00+05:30,72.1,72.45,71.05,71.4,12174748
2009-12-11 00:00:00+05:30,71.85,71.85,70.3,70.95,11535013
2009-12-14 00:00:00+05:30,71.2,71.6,70.1,70.4,8786776
2009-12-15 00:00:00+05:30,70.75,71.25,69.95,70.6,8114345
2009-12-16 00:00:00+05:30,70.65,70.7,69.5,70.05,8988042
2009-12-17 00:00:00+05:30,70.35,70.55,69.65,70.0,10698277
2009-12-18 00:00:00+05:30,70.25,70.25,69.05,69.35,6950221
2009-12-21 00:00:00+05:30,69.35,69.45,68.35,68.75,9010710
2009-12-22 00:00:00+05:30,69.0,69.85,68.3,69.15,14079239
2009-12-23 00:00:00+05:30,69.35,71.6,68.65,71.2,18460427
2009-12-24 00:00:00+05:30,71.6,72.45,70.7,71.85,9959977
2009-12-29 00:00:00+05:30,71.4,72.3,71.4,71.95,7520415
2009-12-30 00:00:00+05:30,71.85,72.05,70.2,70.4,8595531
2009-12-31 00:00:00+05:30,70.65,71.3,70.2,70.4,17729449
2010-01-04 00:00:00+05:30,71.05,71.6,70.35,71.2,5967894
2010-01-05 00:00:00+05:30,71.55,72.1,70.95,71.95,12449091
2010-01-06 00:00:00+05:30,72.65,72.65,71.2,72.1,8706180
2010-01-07 00:00:00+05:30,72.2,72.6,71.25,71.9,5766483
2010-01-08 00:00:00+05:30,71.7,72.6,71.7,72.05,5643829
2010-01-11 00:00:00+05:30,72.35,72.85,71.9,72.05,8326117
2010-01-12 00:00:00+05:30,72.1,72.1,69.95,70.25,17937441
2010-01-13 00:00:00+05:30,69.95,70.7,69.35,69.9,14424855
2010-01-14 00:00:00+05:30,70.35,70.45,69.35,69.7,14249593
2010-01-15 00:00:00+05:30,70.25,71.1,69.4,70.95,9064431
2010-01-18 00:00:00+05:30,71.0,71.4,70.2,70.4,6523625
2010-01-19 00:00:00+05:30,70.55,70.55,69.75,70.2,7279017
2010-01-20 00:00:00+05:30,70.2,70.6,69.15,69.4,12062265
2010-01-21 00:00:00+05:30,69.5,70.25,68.05,68.65,13567686
2010-01-22 00:00:00+05:30,68.2,71.25,67.75,69.95,53484619
2010-01-25 00:00:00+05:30,70.2,72.0,69.5,71.65,18272540
2010-01-27 00:00:00+05:30,71.2,72.75,71.05,71.85,41102812
2010-01-28 00:00:00+05:30,72.1,72.2,69.8,71.4,22665239
2010-01-29 00:00:00+05:30,71.2,72.1,69.95,70.25,18229446
2010-02-01 00:00:00+05:30,70.2,70.9,69.0,69.2,14588875
2010-02-02 00:00:00+05:30,70.25,70.25,68.25,68.6,12513510
2010-02-03 00:00:00+05:30,68.8,71.55,68.35,70.9,16057546
2010-02-04 00:00:00+05:30,70.75,71.55,70.1,71.15,14008184
2010-02-05 00:00:00+05:30,70.75,71.1,69.35,69.75,21524459
2010-02-08 00:00:00+05:30,69.65,69.7,67.6,68.9,27067117
2010-02-09 00:00:00+05:30,68.9,69.3,68.15,68.5,13968556
2010-02-10 00:00:00+05:30,68.7,69.05,68.0,68.5,9896019
2010-02-11 00:00:00+05:30,68.8,69.6,68.75,69.4,8038646
2010-02-15 00:00:00+05:30,69.8,70.2,68.8,70.05,7501140
2010-02-16 00:00:00+05:30,70.4,70.6,69.7,70.25,7079343
2010-02-17 00:00:00+05:30,70.35,70.95,70.05,70.7,9121452
2010-02-18 00:00:00+05:30,70.8,70.95,69.2,69.7,4633368
2010-02-19 00:00:00+05:30,70.05,70.35,69.0,69.8,6941525
2010-02-22 00:00:00+05:30,70.15,70.4,69.1,69.55,7538167
2010-02-23 00:00:00+05:30,69.55,70.2,69.0,70.0,8330623
2010-02-24 00:00:00+05:30,69.75,70.35,69.3,69.55,9878149
2010-02-25 00:00:00+05:30,69.9,70.1,69.0,69.55,16547143
2010-02-26 00:00:00+05:30,69.8,70.85,64.25,65.25,81006595
2010-03-02 00:00:00+05:30,66.0,68.55,66.0,67.95,33621463
2010-03-03 00:00:00+05:30,68.05,69.15,66.95,68.4,15090411
2010-03-04 00:00:00+05:30,69.35,69.35,68.2,69.1,14881681
2010-03-05 00:00:00+05:30,69.35,69.35,68.2,68.7,9588197
2010-03-08 00:00:00+05:30,69.0,70.75,68.95,70.55,25995854
2010-03-09 00:00:00+05:30,70.7,71.25,70.1,70.5,11035769
2010-03-10 00:00:00+05:30,70.95,71.7,70.35,71.4,13830392
2010-03-11 00:00:00+05:30,71.3,72.45,70.65,71.8,10115478
2010-03-12 00:00:00+05:30,72.2,73.1,71.7,72.6,19368067
2010-03-15 00:00:00+05:30,72.55,73.5,72.55,72.8,17755811
2010-03-16 00:00:00+05:30,73.05,73.25,71.4,72.95,8648667
2010-03-17 00:00:00+05:30,72.95,74.25,72.65,73.8,14033238
2010-03-18 00:00:00+05:30,73.85,74.35,72.65,73.35,7505722
2010-03-19 00:00:00+05:30,73.15,73.9,72.75,73.35,8933883
2010-03-22 00:00:00+05:30,72.8,73.55,72.3,73.45,10300653
2010-03-23 00:00:00+05:30,73.15,73.75,71.95,73.25,11552561
2010-03-25 00:00:00+05:30,73.3,74.85,72.95,74.35,19929823
2010-03-26 00:00:00+05:30,74.35,74.7,73.6,74.25,10268048
2010-03-29 00:00:00+05:30,74.25,76.1,73.65,75.6,14630103
2010-03-30 00:00:00+05:30,75.6,76.65,75.15,75.5,9242461
2010-03-31 00:00:00+05:30,75.75,75.75,73.45,73.85,17405877
2010-04-01 00:00:00+05:30,74.15,74.95,73.9,74.15,6544384
2010-04-05 00:00:00+05:30,75.15,75.45,74.15,74.35,8481230
2010-04-06 00:00:00+05:30,74.35,75.15,73.9,74.8,11186154
2010-04-07 00:00:00+05:30,74.55,75.8,74.0,75.65,10094271
2010-04-08 00:00:00+05:30,75.25,75.5,74.8,75.15,7235659
2010-04-09 00:00:00+05:30,75.2,75.95,74.6,75.6,9715055
2010-04-12 00:00:00+05:30,75.8,76.6,75.1,76.2,9093824
2010-04-13 00:00:00+05:30,76.85,76.85,75.25,75.4,5581967
2010-04-15 00:00:00+05:30,75.85,76.0,73.35,73.8,13745373
2010-04-16 00:00:00+05:30,73.0,75.75,73.0,75.55,10251184
2010-04-19 00:00:00+05:30,75.25,76.9,73.65,74.4,9088032
2010-04-20 00:00:00+05:30,74.85,74.9,73.3,73.9,9632124
2010-04-21 00:00:00+05:30,74.15,74.4,73.4,73.7,6335536
2010-04-22 00:00:00+05:30,73.4,75.1,73.15,74.2,15231240
2010-04-23 00:00:00+05:30,74.35,75.2,73.6,75.0,5774249
2010-04-26 00:00:00+05:30,74.7,76.05,74.45,75.1,6211214
2010-04-27 00:00:00+05:30,75.25,76.05,74.6,75.7,6790884
2010-04-28 00:00:00+05:30,75.05,76.5,74.65,75.8,12199101
2010-04-29 00:00:00+05:30,76.2,76.2,74.55,75.05,11778456
2010-04-30 00:00:00+05:30,75.25,75.45,74.4,74.65,7932177
2010-05-03 00:00:00+05:30,73.35,74.9,73.35,74.4,8109960
2010-05-04 00:00:00+05:30,73.6,74.7,73.3,73.65,5470291
2010-05-05 00:00:00+05:30,70.2,74.0,70.2,73.6,8003922
2010-05-06 00:00:00+05:30,68.8,73.7,68.8,72.75,6722199
2010-05-07 00:00:00+05:30,71.3,73.25,71.2,72.75,10048353
2010-05-10 00:00:00+05:30,71.6,73.85,71.6,73.5,17216640
2010-05-11 00:00:00+05:30,72.35,73.95,72.35,72.85,11492817
2010-05-12 00:00:00+05:30,70.9,74.7,70.9,74.45,6170524
2010-05-13 00:00:00+05:30,75.0,75.25,74.05,74.85,7018067
2010-05-14 00:00:00+05:30,73.85,76.65,73.85,75.3,10297240
2010-05-17 00:00:00+05:30,74.7,75.5,74.4,74.75,8285604
2010-05-18 00:00:00+05:30,74.45,75.65,73.4,75.4,5523649
2010-05-19 00:00:00+05:30,75.35,75.35,72.45,72.75,10329155
2010-05-20 00:00:00+05:30,72.55,74.55,72.2,73.7,14607685
2010-05-21 00:00:00+05:30,73.0,77.05,72.3,76.2,41811243
2010-05-24 00:00:00+05:30,77.25,77.4,74.6,75.25,17300476
2010-05-25 00:00:00+05:30,75.15,75.85,72.65,73.15,24422623
2010-05-26 00:00:00+05:30,73.6,75.8,73.3,75.55,12824894
2010-05-27 00:00:00+05:30,75.65,78.2,75.1,77.5,33738279
2010-05-28 00:00:00+05:30,78.05,79.75,77.5,79.55,19489150
2010-05-31 00:00:00+05:30,80.8,80.8,78.4,79.55,13271356
2010-06-01 00:00:00+05:30,80.1,80.3,79.05,79.5,11071007
2010-06-02 00:00:00+05:30,79.75,79.95,78.4,79.0,9381877
2010-06-03 00:00:00+05:30,79.5,80.55,79.35,80.15,8635972
2010-06-04 00:00:00+05:30,81.1,81.95,77.75,81.7,11060740
2010-06-07 00:00:00+05:30,80.0,81.2,80.0,80.8,7626898
2010-06-08 00:00:00+05:30,81.65,82.2,80.45,81.35,10611319
2010-06-09 00:00:00+05:30,80.7,80.7,77.55,77.95,13749660
2010-06-10 00:00:00+05:30,78.35,79.1,77.3,78.65,12218734
2010-06-11 00:00:00+05:30,81.15,81.15,78.8,79.05,9784822
2010-06-14 00:00:00+05:30,79.4,80.55,79.1,80.35,9734368
2010-06-15 00:00:00+05:30,80.3,82.2,80.05,81.95,10842897
2010-06-16 00:00:00+05:30,82.75,82.75,80.9,81.7,13669483
2010-06-17 00:00:00+05:30,81.75,83.35,81.2,82.5,15408982
2010-06-18 00:00:00+05:30,82.85,84.05,82.2,82.8,18025471
2010-06-21 00:00:00+05:30,83.3,84.25,82.0,84.0,16064348
2010-06-22 00:00:00+05:30,83.7,85.3,83.45,84.7,10848950
2010-06-23 00:00:00+05:30,84.25,85.4,84.05,85.05,10732301
2010-06-24 00:00:00+05:30,85.05,86.45,84.3,85.85,23949765
2010-06-25 00:00:00+05:30,85.85,86.45,84.3,84.65,9132919
2010-06-28 00:00:00+05:30,84.55,85.2,83.4,83.6,7460595
2010-06-29 00:00:00+05:30,83.85,83.95,82.55,83.2,5825411
2010-06-30 00:00:00+05:30,82.3,86.0,82.3,85.75,16015711
2010-07-01 00:00:00+05:30,85.6,85.6,84.35,85.05,5913805
2010-07-02 00:00:00+05:30,85.65,85.9,84.7,84.95,4841696
2010-07-05 00:00:00+05:30,84.9,85.5,84.25,84.85,4970926
2010-07-06 00:00:00+05:30,84.85,85.15,84.6,85.05,5245903
2010-07-07 00:00:00+05:30,85.1,85.2,84.25,84.8,6983995
2010-07-08 00:00:00+05:30,85.35,85.75,84.75,85.1,6467249
2010-07-09 00:00:00+05:30,85.1,85.6,84.05,84.35,6901523
2010-07-12 00:00:00+05:30,84.8,84.8,84.05,84.25,8066572
2010-07-13 00:00:00+05:30,84.25,84.65,82.9,84.0,16224853
2010-07-14 00:00:00+05:30,84.3,84.85,83.6,83.85,16083547
2010-07-15 00:00:00+05:30,83.85,84.55,83.75,84.3,10603202
2010-07-16 00:00:00+05:30,84.4,84.4,83.3,83.8,13372691
2010-07-19 00:00:00+05:30,83.5,84.25,81.45,81.85,11317888
2010-07-20 00:00:00+05:30,82.0,82.35,81.45,81.85,4973694
2010-07-21 00:00:00+05:30,82.25,83.1,81.7,82.1,13370770
2010-07-22 00:00:00+05:30,74.85,83.85,74.85,83.6,25196580
2010-07-23 00:00:00+05:30,84.25,85.0,83.75,84.7,22716283
2010-07-26 00:00:00+05:30,84.8,85.1,84.25,85.0,7852062
2010-07-27 00:00:00+05:30,86.2,86.2,85.05,85.45,6202015
2010-07-28 00:00:00+05:30,85.8,86.6,85.1,86.3,11733083
2010-07-29 00:00:00+05:30,86.2,87.55,85.95,87.1,13460416
2010-07-30 00:00:00+05:30,87.0,87.55,85.95,86.7,12822618
2010-08-02 00:00:00+05:30,86.8,88.0,86.8,87.85,19265719
2010-08-03 00:00:00+05:30,89.15,89.15,86.35,86.75,9790856
2010-08-04 00:00:00+05:30,86.5,88.15,85.1,87.2,9381894
2010-08-05 00:00:00+05:30,87.4,88.3,86.7,87.5,6900355
2010-08-06 00:00:00+05:30,87.6,89.85,87.5,89.15,6913969
2010-08-09 00:00:00+05:30,89.3,89.95,88.7,89.3,4621357
2010-08-10 00:00:00+05:30,89.55,89.55,87.5,88.3,8222160
2010-08-11 00:00:00+05:30,87.6,88.15,86.7,87.05,5658608
2010-08-12 00:00:00+05:30,85.65,87.5,85.4,85.9,8424740
2010-08-13 00:00:00+05:30,85.95,88.15,85.9,87.75,8348063
2010-08-16 00:00:00+05:30,88.5,89.3,87.6,88.9,5044598
2010-08-17 00:00:00+05:30,89.3,90.0,88.05,89.6,9582859
2010-08-18 00:00:00+05:30,90.7,91.55,89.35,91.3,14240479
2010-08-19 00:00:00+05:30,91.3,93.4,91.3,92.85,14411680
2010-08-20 00:00:00+05:30,92.7,92.95,91.0,91.4,10299005
2010-08-23 00:00:00+05:30,91.0,91.4,89.4,89.55,6601224
2010-08-24 00:00:00+05:30,89.6,90.6,89.1,89.75,6005955
2010-08-25 00:00:00+05:30,89.8,90.55,89.75,90.15,7636362
2010-08-26 00:00:00+05:30,90.4,92.75,90.4,92.05,18824179
2010-08-27 00:00:00+05:30,92.15,92.85,90.05,90.55,6333600
2010-08-30 00:00:00+05:30,91.55,91.75,89.1,89.45,5291935
2010-08-31 00:00:00+05:30,90.0,92.1,89.05,91.65,15253717
2010-09-01 00:00:00+05:30,92.25,92.25,90.9,91.65,8370062
2010-09-02 00:00:00+05:30,91.95,93.15,91.65,92.9,8512407
2010-09-03 00:00:00+05:30,93.05,93.05,91.2,92.1,7043216
2010-09-06 00:00:00+05:30,92.55,94.0,91.95,93.1,12260647
2010-09-07 00:00:00+05:30,93.25,93.95,92.55,93.35,9879786
2010-09-08 00:00:00+05:30,92.75,93.15,91.7,92.25,6961881
2010-09-09 00:00:00+05:30,93.0,93.0,90.65,91.2,8559594
2010-09-13 00:00:00+05:30,91.75,92.55,91.05,91.65,7560865
2010-09-14 00:00:00+05:30,91.5,93.35,90.9,92.75,13038856
2010-09-15 00:00:00+05:30,92.3,94.35,91.85,94.15,11992133
2010-09-16 00:00:00+05:30,93.8,95.15,93.55,94.05,7959085
2010-09-17 00:00:00+05:30,94.25,95.05,93.45,94.55,13158033
2010-09-20 00:00:00+05:30,94.9,99.95,94.35,99.2,24029418
2010-09-21 00:00:00+05:30,99.9,100.7,96.3,96.95,27996658
2010-09-22 00:00:00+05:30,96.25,98.75,96.25,98.1,12659111
2010-09-23 00:00:00+05:30,98.25,99.95,97.1,99.1,11025617
2010-09-24 00:00:00+05:30,99.8,101.55,99.2,100.7,15398375
2010-09-27 00:00:00+05:30,101.35,101.4,99.55,100.2,13694623
2010-09-28 00:00:00+05:30,100.5,101.1,99.0,100.2,12603590
2010-09-29 00:00:00+05:30,100.25,101.3,97.15,97.5,11614466
2010-09-30 00:00:00+05:30,97.6,101.1,96.55,100.15,28284736
2010-10-01 00:00:00+05:30,100.5,101.1,99.0,100.35,17780896
2010-10-04 00:00:00+05:30,101.1,102.1,98.25,98.45,14990747
2010-10-05 00:00:00+05:30,98.85,99.35,97.45,97.6,14434026
2010-10-06 00:00:00+05:30,98.95,99.35,95.95,97.1,12475507
2010-10-07 00:00:00+05:30,97.6,97.95,96.15,96.55,13630079
2010-10-08 00:00:00+05:30,96.6,97.35,95.25,96.85,13054984
2010-10-11 00:00:00+05:30,97.65,98.0,96.25,97.1,8639577
2010-10-12 00:00:00+05:30,96.55,97.05,95.0,96.0,8883464
2010-10-13 00:00:00+05:30,97.15,98.8,95.75,98.35,18568982
2010-10-14 00:00:00+05:30,99.2,99.3,97.65,98.3,8169038
2010-10-15 00:00:00+05:30,98.85,98.85,96.25,96.6,7755888
2010-10-18 00:00:00+05:30,96.6,97.05,93.85,96.35,14768077
2010-10-19 00:00:00+05:30,96.45,97.3,94.95,95.75,10250452
2010-10-20 00:00:00+05:30,95.05,96.2,94.1,94.35,10030892
2010-10-21 00:00:00+05:30,95.4,98.3,94.0,97.9,7695351
2010-10-22 00:00:00+05:30,97.8,98.0,95.6,96.15,5832820
2010-10-25 00:00:00+05:30,97.3,97.4,94.65,95.0,11882888
2010-10-26 00:00:00+05:30,95.65,97.35,94.95,96.5,10609751
2010-10-27 00:00:00+05:30,96.5,96.55,93.9,94.25,8625695
2010-10-28 00:00:00+05:30,95.0,96.45,92.65,93.85,40068760
2010-10-29 00:00:00+05:30,94.95,96.55,93.05,96.15,31904101
2010-11-01 00:00:00+05:30,96.85,97.45,95.95,96.55,14801177
2010-11-02 00:00:00+05:30,96.7,97.7,96.05,97.4,8029002
2010-11-03 00:00:00+05:30,97.7,99.45,97.7,98.6,16668606
2010-11-04 00:00:00+05:30,99.6,99.65,98.3,99.4,10194446
2010-11-05 00:00:00+05:30,99.95,100.25,99.0,99.45,1939081
2010-11-08 00:00:00+05:30,100.75,100.75,98.05,98.65,8040674
2010-11-09 00:00:00+05:30,98.85,100.2,97.8,99.85,7903273
2010-11-10 00:00:00+05:30,99.65,100.2,99.05,99.4,6306290
2010-11-11 00:00:00+05:30,99.65,99.95,98.1,98.5,4340046
2010-11-12 00:00:00+05:30,98.8,99.4,96.8,97.65,7190011
2010-11-15 00:00:00+05:30,97.4,98.6,96.2,98.4,4598167
2010-11-16 00:00:00+05:30,98.85,99.1,94.65,95.45,9948589
2010-11-18 00:00:00+05:30,98.7,98.7,94.6,96.6,14272579
2010-11-19 00:00:00+05:30,96.7,97.15,95.25,96.0,10213802
2010-11-22 00:00:00+05:30,96.2,99.05,95.7,98.8,14161816
2010-11-23 00:00:00+05:30,98.45,98.85,95.2,96.85,14782963
2010-11-24 00:00:00+05:30,97.7,97.85,96.45,97.55,10635760
2010-11-25 00:00:00+05:30,96.9,97.4,94.4,95.3,15571375
2010-11-26 00:00:00+05:30,95.6,95.95,93.25,94.15,17063868
2010-11-29 00:00:00+05:30,94.35,95.35,92.1,94.65,22089105
2010-11-30 00:00:00+05:30,94.1,97.15,93.25,96.55,22932364
2010-12-01 00:00:00+05:30,96.85,96.85,95.4,96.3,8196989
2010-12-02 00:00:00+05:30,96.65,97.1,95.35,96.0,14712864
2010-12-03 00:00:00+05:30,94.1,96.6,92.65,96.2,16403577
2010-12-06 00:00:00+05:30,96.05,96.05,94.6,94.95,6933406
2010-12-07 00:00:00+05:30,94.65,95.3,93.4,94.45,11539706
2010-12-08 00:00:00+05:30,94.35,95.45,93.4,93.65,11282323
2010-12-09 00:00:00+05:30,94.05,94.6,93.1,94.0,12820282
2010-12-10 00:00:00+05:30,94.25,96.0,93.8,95.65,7252429
2010-12-13 00:00:00+05:30,95.9,96.05,92.95,93.9,10400154
2010-12-14 00:00:00+05:30,94.35,95.25,93.85,94.55,8295385
2010-12-15 00:00:00+05:30,93.65,94.8,93.5,93.8,9198415
2010-12-16 00:00:00+05:30,94.6,94.6,92.15,94.35,8255692
2010-12-20 00:00:00+05:30,94.45,94.45,93.0,93.8,6770781
2010-12-21 00:00:00+05:30,93.8,94.1,93.1,93.9,5946614
2010-12-22 00:00:00+05:30,94.75,94.75,93.35,94.05,5958141
2010-12-23 00:00:00+05:30,94.55,94.55,93.3,93.75,5061921
2010-12-24 00:00:00+05:30,93.05,95.7,93.05,95.4,8606531
2010-12-27 00:00:00+05:30,95.35,96.2,94.95,95.35,8006915
2010-12-28 00:00:00+05:30,95.35,96.5,95.35,96.15,4988706
2010-12-29 00:00:00+05:30,96.15,98.05,96.15,97.85,11806063
2010-12-30 00:00:00+05:30,97.3,99.0,96.95,98.05,34103126
2010-12-31 00:00:00+05:30,97.65,98.85,97.5,98.1,12036874
2011-01-03 00:00:00+05:30,98.85,98.85,97.65,98.15,4037632
2011-01-04 00:00:00+05:30,98.3,100.0,98.3,99.65,17273560
2011-01-05 00:00:00+05:30,99.6,101.2,98.75,101.0,14788214
2011-01-06 00:00:00+05:30,101.3,101.65,98.8,100.5,10298003
2011-01-07 00:00:00+05:30,100.0,101.1,95.8,96.85,12491949
2011-01-10 00:00:00+05:30,96.7,96.8,94.65,95.8,14342139
2011-01-11 00:00:00+05:30,95.6,97.7,94.35,95.55,13752432
2011-01-12 00:00:00+05:30,96.65,97.95,94.65,97.6,8873101
2011-01-13 00:00:00+05:30,97.15,98.1,96.3,97.25,13081139
2011-01-14 00:00:00+05:30,96.9,99.45,94.95,95.8,10393317
2011-01-17 00:00:00+05:30,95.55,98.25,94.15,96.6,16389080
2011-01-18 00:00:00+05:30,96.8,99.25,96.65,98.95,11112717
2011-01-19 00:00:00+05:30,99.1,100.15,97.5,98.55,16297318
2011-01-20 00:00:00+05:30,97.9,98.8,95.85,96.45,12735719
2011-01-21 00:00:00+05:30,96.15,96.9,94.55,94.85,15635463
2011-01-24 00:00:00+05:30,95.45,95.75,94.35,94.95,8886542
2011-01-25 00:00:00+05:30,95.0,95.65,94.1,94.35,9048106
2011-01-27 00:00:00+05:30,94.8,95.35,93.8,94.25,13546569
2011-01-28 00:00:00+05:30,94.8,95.6,93.0,94.4,18511172
2011-01-31 00:00:00+05:30,93.85,94.25,90.4,91.35,19668019
2011-02-01 00:00:00+05:30,91.9,91.95,87.7,89.6,24564728
2011-02-02 00:00:00+05:30,90.25,90.8,88.75,89.3,11141610
2011-02-03 00:00:00+05:30,88.95,90.55,88.5,89.55,8193534
2011-02-04 00:00:00+05:30,89.6,90.25,85.2,85.95,16913799
2011-02-07 00:00:00+05:30,87.5,89.15,86.1,88.25,16957689
2011-02-08 00:00:00+05:30,88.45,88.9,87.6,87.65,10809168
2011-02-09 00:00:00+05:30,87.6,87.9,85.8,86.45,14655474
2011-02-10 00:00:00+05:30,86.6,89.3,86.6,87.7,12398390
2011-02-11 00:00:00+05:30,88.1,88.25,86.5,87.1,10006198
2011-02-14 00:00:00+05:30,86.9,89.75,86.9,88.45,11573954
2011-02-15 00:00:00+05:30,89.1,89.15,86.85,88.25,7550564
2011-02-16 00:00:00+05:30,87.7,89.25,87.7,88.1,6339682
2011-02-17 00:00:00+05:30,88.45,89.25,87.0,89.0,11964886
2011-02-18 00:00:00+05:30,88.95,89.95,87.1,87.45,8257574
2011-02-21 00:00:00+05:30,87.45,89.25,86.85,88.85,4513592
2011-02-22 00:00:00+05:30,88.7,88.7,87.3,88.0,7908660
2011-02-23 00:00:00+05:30,88.15,88.45,87.1,87.35,6062835
2011-02-24 00:00:00+05:30,86.7,87.7,83.7,84.65,30894845
2011-02-25 00:00:00+05:30,85.75,88.1,85.05,87.75,15812611
2011-02-28 00:00:00+05:30,87.6,95.45,86.75,94.9,52598429
2011-03-01 00:00:00+05:30,95.95,97.7,95.8,97.5,25384386
2011-03-03 00:00:00+05:30,96.6,98.85,96.15,97.45,23097904
2011-03-04 00:00:00+05:30,98.05,98.15,96.6,96.8,14362711
2011-03-07 00:00:00+05:30,96.2,97.6,94.35,96.95,11674200
2011-03-08 00:00:00+05:30,97.55,97.65,96.15,96.6,9908419
2011-03-09 00:00:00+05:30,96.8,97.25,95.8,96.5,7311964
2011-03-10 00:00:00+05:30,96.3,96.6,95.1,96.2,7677460
2011-03-11 00:00:00+05:30,95.9,97.15,95.2,96.25,6908589
2011-03-14 00:00:00+05:30,96.5,97.65,95.75,97.4,7803623
2011-03-15 00:00:00+05:30,96.1,97.05,94.2,95.55,12033208
2011-03-16 00:00:00+05:30,95.85,96.75,95.85,96.15,5715424
2011-03-17 00:00:00+05:30,95.2,96.0,94.0,94.35,13543243
2011-03-18 00:00:00+05:30,95.25,95.4,93.0,94.3,11234586
2011-03-21 00:00:00+05:30,94.7,95.4,94.1,94.25,7107290
2011-03-22 00:00:00+05:30,94.65,96.0,94.1,95.5,7108336
2011-03-23 00:00:00+05:30,95.45,96.85,95.0,96.6,9874434
2011-03-24 00:00:00+05:30,97.15,97.5,96.55,97.15,9403212
2011-03-25 00:00:00+05:30,98.3,99.95,97.45,99.65,20303414
2011-03-28 00:00:00+05:30,99.1,100.9,99.0,100.35,15190242
2011-03-29 00:00:00+05:30,100.8,101.1,100.05,100.7,14532166
2011-03-30 00:00:00+05:30,101.05,101.85,99.25,99.75,18455433
2011-03-31 00:00:00+05:30,100.1,103.35,100.1,102.25,38172742
2011-04-01 00:00:00+05:30,102.25,103.85,101.85,102.5,19190886
2011-04-04 00:00:00+05:30,103.05,103.9,102.65,103.8,11184771
2011-04-05 00:00:00+05:30,103.8,104.3,102.95,103.45,9457686
2011-04-06 00:00:00+05:30,103.0,103.7,101.5,102.75,6292796
2011-04-07 00:00:00+05:30,102.8,103.05,101.85,102.5,6495121
2011-04-08 00:00:00+05:30,102.7,104.15,102.1,103.2,11968997
2011-04-11 00:00:00+05:30,103.4,105.6,103.15,103.9,14294017
2011-04-13 00:00:00+05:30,103.9,107.45,103.2,106.75,18173022
2011-04-15 00:00:00+05:30,106.75,108.2,105.95,107.55,19255902
2011-04-18 00:00:00+05:30,107.65,109.35,105.3,106.8,15181930
2011-04-19 00:00:00+05:30,106.15,107.25,104.95,105.3,13851236
2011-04-20 00:00:00+05:30,106.0,107.45,105.3,107.05,9849622
2011-04-21 00:00:00+05:30,108.4,108.4,106.4,106.8,16453964
2011-04-25 00:00:00+05:30,106.7,108.25,106.55,106.85,4954473
2011-04-26 00:00:00+05:30,107.0,108.05,103.95,107.65,13531149
2011-04-27 00:00:00+05:30,107.85,108.95,107.4,108.75,9575759
2011-04-28 00:00:00+05:30,109.1,109.4,107.3,107.75,13952481
2011-04-29 00:00:00+05:30,106.9,109.4,106.9,108.05,17930202
2011-05-02 00:00:00+05:30,108.4,108.95,107.0,107.35,8979711
2011-05-03 00:00:00+05:30,107.0,107.25,104.25,104.95,8933120
2011-05-04 00:00:00+05:30,105.5,105.75,103.05,104.9,9506254
2011-05-05 00:00:00+05:30,105.0,105.25,102.0,102.5,10500948
2011-05-06 00:00:00+05:30,102.8,103.35,99.7,103.15,12170626
2011-05-09 00:00:00+05:30,103.3,104.9,102.25,103.6,9714604
2011-05-10 00:00:00+05:30,103.9,105.9,103.55,104.2,7103915
2011-05-11 00:00:00+05:30,104.2,104.9,103.6,104.65,3663692
2011-05-12 00:00:00+05:30,104.1,105.45,103.0,103.25,4837468
2011-05-13 00:00:00+05:30,103.2,107.8,102.45,106.15,12258420
2011-05-16 00:00:00+05:30,106.7,107.1,104.2,104.5,13349306
2011-05-17 00:00:00+05:30,104.75,106.7,104.3,105.5,10098931
2011-05-18 00:00:00+05:30,105.5,107.05,105.5,106.15,7835757
2011-05-19 00:00:00+05:30,106.75,107.75,105.7,106.15,13677839
2011-05-20 00:00:00+05:30,106.95,107.55,103.2,104.75,45455390
2011-05-23 00:00:00+05:30,105.0,107.1,104.55,106.8,15856913
2011-05-24 00:00:00+05:30,107.05,107.2,104.55,105.0,10327202
2011-05-25 00:00:00+05:30,104.8,106.55,104.1,106.2,11169664
2011-05-26 00:00:00+05:30,106.15,106.15,104.45,105.0,17150448
2011-05-27 00:00:00+05:30,105.3,106.6,105.2,106.15,10567199
2011-05-30 00:00:00+05:30,106.15,106.45,104.65,105.35,10318794
2011-05-31 00:00:00+05:30,105.6,108.85,105.6,108.55,15802433
2011-06-01 00:00:00+05:30,109.5,109.5,108.15,108.85,9681252
2011-06-02 00:00:00+05:30,108.25,111.1,108.05,109.7,12252572
2011-06-03 00:00:00+05:30,109.7,110.65,108.4,108.6,6677341
2011-06-06 00:00:00+05:30,108.65,109.25,107.4,108.3,5078921
2011-06-07 00:00:00+05:30,107.85,109.15,107.55,108.7,3671168
2011-06-08 00:00:00+05:30,108.65,110.3,108.4,109.5,10493214
2011-06-09 00:00:00+05:30,109.25,109.95,108.55,109.5,6797882
2011-06-10 00:00:00+05:30,107.55,108.55,107.0,107.65,15348421
2011-06-13 00:00:00+05:30,107.45,108.05,106.65,107.2,7059671
2011-06-14 00:00:00+05:30,107.2,109.15,107.2,108.85,7139066
2011-06-15 00:00:00+05:30,108.9,109.6,108.45,109.0,9384755
2011-06-16 00:00:00+05:30,109.25,109.7,108.4,108.95,7731546
2011-06-17 00:00:00+05:30,109.0,109.95,107.45,107.7,8529485
2011-06-20 00:00:00+05:30,108.35,108.35,103.5,104.7,14136411
2011-06-21 00:00:00+05:30,105.3,106.1,103.5,103.8,7869914
2011-06-22 00:00:00+05:30,104.1,104.9,102.2,104.0,10302980
2011-06-23 00:00:00+05:30,104.2,107.7,103.55,107.5,13379314
2011-06-24 00:00:00+05:30,107.7,110.35,107.7,109.55,19288640
2011-06-27 00:00:00+05:30,108.45,109.95,108.15,108.7,10864142
2011-06-28 00:00:00+05:30,109.05,109.2,107.0,108.85,7721650
2011-06-29 00:00:00+05:30,109.1,112.3,109.1,112.05,13309931
2011-06-30 00:00:00+05:30,112.15,114.55,112.05,113.95,20179871
2011-07-01 00:00:00+05:30,115.95,115.95,112.4,113.2,12536395
2011-07-04 00:00:00+05:30,114.05,114.65,111.3,111.6,10280249
2011-07-05 00:00:00+05:30,112.25,112.25,109.65,109.9,14452679
2011-07-06 00:00:00+05:30,109.8,111.0,109.1,110.5,10448277
2011-07-07 00:00:00+05:30,110.7,114.55,110.7,114.25,13874642
2011-07-08 00:00:00+05:30,114.45,115.2,112.15,112.65,11254066
2011-07-11 00:00:00+05:30,112.8,114.45,112.6,113.75,8042857
2011-07-12 00:00:00+05:30,113.2,115.15,112.45,113.3,9468825
2011-07-13 00:00:00+05:30,113.35,115.15,113.35,114.55,11343303
2011-07-14 00:00:00+05:30,114.55,115.15,112.55,114.0,14719848
2011-07-15 00:00:00+05:30,113.75,114.35,112.95,113.3,4883235
2011-07-18 00:00:00+05:30,113.7,113.95,112.7,113.3,3397788
2011-07-19 00:00:00+05:30,113.7,115.1,113.25,114.65,7089789
2011-07-20 00:00:00+05:30,114.55,116.45,114.3,115.55,14585292
2011-07-21 00:00:00+05:30,114.85,116.7,114.85,116.3,8554841
2011-07-22 00:00:00+05:30,117.1,117.5,116.0,116.45,15885618
2011-07-25 00:00:00+05:30,116.25,116.4,114.1,115.35,16150130
2011-07-26 00:00:00+05:30,115.15,116.05,112.15,112.85,10963997
2011-07-27 00:00:00+05:30,113.55,113.7,111.5,112.85,8937943
2011-07-28 00:00:00+05:30,111.4,116.25,111.4,115.8,28218149
2011-07-29 00:00:00+05:30,115.45,118.65,115.3,117.0,23046382
2011-08-01 00:00:00+05:30,117.95,118.65,116.85,117.35,12320655
2011-08-02 00:00:00+05:30,116.65,117.0,113.9,115.0,13259560
2011-08-03 00:00:00+05:30,114.2,116.95,113.8,116.15,11546883
2011-08-04 00:00:00+05:30,115.1,116.1,111.85,112.3,18213654
2011-08-05 00:00:00+05:30,109.5,111.2,107.0,110.3,23282567
2011-08-08 00:00:00+05:30,108.9,111.05,106.5,109.5,15613083
2011-08-09 00:00:00+05:30,106.85,113.5,106.75,112.2,33303213
2011-08-10 00:00:00+05:30,113.45,113.9,110.1,110.7,16085659
2011-08-11 00:00:00+05:30,110.1,112.35,109.85,111.6,11038067
2011-08-12 00:00:00+05:30,112.15,112.85,109.8,111.2,14243904
2011-08-16 00:00:00+05:30,113.05,113.4,111.2,112.6,11269942
2011-08-17 00:00:00+05:30,112.35,115.15,112.05,114.7,16814111
2011-08-18 00:00:00+05:30,114.85,115.7,113.85,114.5,12434914
2011-08-19 00:00:00+05:30,113.45,115.0,111.25,111.85,22507376
2011-08-22 00:00:00+05:30,111.35,113.9,110.4,113.45,10583828
2011-08-23 00:00:00+05:30,113.45,114.7,111.75,114.1,20608093
2011-08-24 00:00:00+05:30,113.9,114.75,111.95,113.4,8634591
2011-08-25 00:00:00+05:30,113.5,114.45,112.9,113.65,14928201
2011-08-26 00:00:00+05:30,113.95,114.1,109.35,110.55,10774018
2011-08-29 00:00:00+05:30,111.2,114.0,109.5,113.4,13723546
2011-08-30 00:00:00+05:30,114.55,114.55,111.75,112.35,12128956
2011-09-02 00:00:00+05:30,115.7,115.95,110.45,114.15,22327026
2011-09-05 00:00:00+05:30,114.0,114.5,112.45,113.85,14107795
2011-09-06 00:00:00+05:30,113.45,114.2,112.5,113.9,14057581
2011-09-07 00:00:00+05:30,114.0,114.3,112.05,112.35,12464182
2011-09-08 00:00:00+05:30,112.55,113.2,111.25,111.85,8146367
2011-09-09 00:00:00+05:30,112.15,112.75,110.35,111.0,13967453
2011-09-12 00:00:00+05:30,110.2,111.3,109.35,110.2,8820010
2011-09-13 00:00:00+05:30,110.45,112.0,109.9,110.7,9066204
2011-09-14 00:00:00+05:30,110.9,112.35,109.0,112.0,9139933
2011-09-15 00:00:00+05:30,113.35,113.35,110.1,112.0,9022865
2011-09-16 00:00:00+05:30,112.35,112.8,110.85,111.15,15569367
2011-09-19 00:00:00+05:30,111.2,111.3,109.45,109.7,8589999
2011-09-20 00:00:00+05:30,109.95,111.85,109.65,111.45,9479827
2011-09-21 00:00:00+05:30,111.75,112.15,110.4,110.95,5074353
2011-09-22 00:00:00+05:30,110.3,110.55,106.7,107.25,13125133
2011-09-23 00:00:00+05:30,106.75,109.15,106.15,107.65,14476682
2011-09-26 00:00:00+05:30,108.35,108.35,103.9,105.9,11229949
2011-09-27 00:00:00+05:30,106.7,108.9,106.55,108.6,10926515
2011-09-28 00:00:00+05:30,108.9,110.95,108.25,110.7,22635000
2011-09-29 00:00:00+05:30,109.95,113.95,109.95,113.55,21027902
2011-09-30 00:00:00+05:30,113.45,113.45,110.75,111.2,11917742
2011-10-03 00:00:00+05:30,109.7,110.7,108.55,109.15,8891584
2011-10-04 00:00:00+05:30,108.8,109.65,105.95,107.65,21245628
2011-10-05 00:00:00+05:30,107.9,110.9,107.9,109.0,21988330
2011-10-07 00:00:00+05:30,111.05,112.45,108.95,111.85,39575778
2011-10-10 00:00:00+05:30,111.2,113.15,110.95,112.4,12068063
2011-10-11 00:00:00+05:30,113.2,113.65,111.85,112.05,8738380
2011-10-12 00:00:00+05:30,112.35,114.85,112.1,114.55,11197434
2011-10-13 00:00:00+05:30,113.7,115.35,112.95,113.35,7061240
2011-10-14 00:00:00+05:30,113.1,115.65,113.1,115.25,9931540
2011-10-17 00:00:00+05:30,114.95,115.8,114.3,115.55,7929366
2011-10-18 00:00:00+05:30,114.8,115.6,114.05,114.7,4921876
2011-10-19 00:00:00+05:30,115.25,116.65,114.45,116.3,7971615
2011-10-20 00:00:00+05:30,115.55,115.95,114.65,115.15,8983024
2011-10-21 00:00:00+05:30,115.55,116.05,114.2,114.55,9953722
2011-10-24 00:00:00+05:30,114.55,116.8,114.55,116.2,16051466
2011-10-25 00:00:00+05:30,116.75,119.65,115.7,118.5,19926357
2011-10-28 00:00:00+05:30,120.55,121.4,119.55,121.0,21110664
2011-10-31 00:00:00+05:30,120.95,121.0,118.95,119.7,11495475
2011-11-01 00:00:00+05:30,118.8,119.35,116.65,117.0,18440521
2011-11-02 00:00:00+05:30,116.8,118.45,116.55,117.6,8783186
2011-11-03 00:00:00+05:30,117.0,118.35,116.8,118.05,7431788
2011-11-04 00:00:00+05:30,118.65,118.9,117.85,118.1,8247578
2011-11-08 00:00:00+05:30,118.0,119.1,117.1,118.35,8278057
2011-11-09 00:00:00+05:30,118.3,120.5,117.95,119.05,12829508
2011-11-11 00:00:00+05:30,118.85,120.75,118.1,119.45,12335913
2011-11-14 00:00:00+05:30,119.85,120.9,118.3,118.8,8638449
2011-11-15 00:00:00+05:30,118.35,120.0,117.8,118.3,8980208
2011-11-16 00:00:00+05:30,117.95,120.15,116.95,119.4,9853227
2011-11-17 00:00:00+05:30,119.2,119.2,115.75,116.65,9527946
2011-11-18 00:00:00+05:30,115.8,116.45,112.4,113.3,13939200
2011-11-21 00:00:00+05:30,112.7,113.55,111.25,112.0,16718003
2011-11-22 00:00:00+05:30,113.65,113.8,109.65,110.2,15967239
2011-11-23 00:00:00+05:30,110.2,110.2,106.3,108.55,15524029
2011-11-24 00:00:00+05:30,108.6,110.0,106.5,108.0,18942350
2011-11-25 00:00:00+05:30,107.75,108.6,107.5,108.0,9209790
2011-11-28 00:00:00+05:30,109.5,111.6,108.5,110.35,7950644
2011-11-29 00:00:00+05:30,110.95,111.4,109.8,111.1,11029356
2011-11-30 00:00:00+05:30,110.7,113.2,110.3,112.75,17738572
2011-12-01 00:00:00+05:30,114.55,115.65,114.1,114.35,11391709
2011-12-02 00:00:00+05:30,114.3,116.25,113.7,115.95,8491095
2011-12-05 00:00:00+05:30,115.7,116.6,113.8,114.65,6734644
2011-12-07 00:00:00+05:30,115.15,116.8,114.3,115.1,13096885
2011-12-08 00:00:00+05:30,115.1,115.8,110.95,111.75,11736970
2011-12-09 00:00:00+05:30,110.7,111.5,109.35,110.75,9683288
2011-12-12 00:00:00+05:30,111.65,111.95,109.4,110.1,11743891
2011-12-13 00:00:00+05:30,109.8,111.2,109.55,110.85,8541443
2011-12-14 00:00:00+05:30,110.85,113.2,110.65,112.25,18706770
2011-12-15 00:00:00+05:30,111.75,113.2,110.9,112.1,16829952
2011-12-16 00:00:00+05:30,111.8,114.2,108.95,109.95,11622666
2011-12-19 00:00:00+05:30,109.35,111.2,108.0,110.95,12621429
2011-12-20 00:00:00+05:30,111.75,112.75,111.25,112.0,15006203
2011-12-21 00:00:00+05:30,113.05,113.95,112.05,113.55,12094882
2011-12-22 00:00:00+05:30,112.85,114.55,112.6,114.45,10916595
2011-12-23 00:00:00+05:30,114.8,115.15,113.55,114.55,9569442
2011-12-26 00:00:00+05:30,114.25,115.65,113.9,115.1,6672757
2011-12-27 00:00:00+05:30,115.1,115.7,113.6,115.15,8080470
2011-12-28 00:00:00+05:30,115.5,115.55,113.2,113.45,5433680
2011-12-29 00:00:00+05:30,113.05,114.25,112.35,112.75,11210816
2011-12-30 00:00:00+05:30,112.7,114.0,112.45,113.05,4009028
2012-01-02 00:00:00+05:30,113.35,113.35,111.1,111.55,3307708
2012-01-03 00:00:00+05:30,112.25,113.2,111.95,112.55,7013050
2012-01-04 00:00:00+05:30,113.2,113.3,111.45,112.05,13730000
2012-01-05 00:00:00+05:30,111.8,112.35,110.95,112.2,13139649
2012-01-06 00:00:00+05:30,111.8,114.05,111.4,113.5,10160951
2012-01-09 00:00:00+05:30,113.3,113.6,112.15,113.45,8565427
2012-01-10 00:00:00+05:30,113.55,115.55,113.55,115.25,6257825
2012-01-11 00:00:00+05:30,115.25,115.5,113.7,114.15,9381447
2012-01-12 00:00:00+05:30,114.0,115.35,113.85,115.1,8547421
2012-01-13 00:00:00+05:30,115.1,116.65,114.75,116.25,13284221
2012-01-16 00:00:00+05:30,116.15,117.8,115.95,117.45,10867465
2012-01-17 00:00:00+05:30,117.4,118.05,116.15,117.05,11827801
2012-01-18 00:00:00+05:30,116.45,118.3,116.25,117.85,11556987
2012-01-19 00:00:00+05:30,118.1,118.5,116.95,117.5,10775032
2012-01-20 00:00:00+05:30,117.95,118.65,112.2,113.05,29855074
2012-01-23 00:00:00+05:30,113.3,115.15,111.4,114.9,15334515
2012-01-24 00:00:00+05:30,115.2,116.4,114.7,115.7,10798438
2012-01-25 00:00:00+05:30,115.95,116.25,115.0,115.7,12041006
2012-01-27 00:00:00+05:30,116.55,116.55,112.15,113.3,17728416
2012-01-30 00:00:00+05:30,113.45,114.35,112.15,112.8,14351347
2012-01-31 00:00:00+05:30,113.95,115.05,113.05,114.55,13424468
2012-02-01 00:00:00+05:30,114.2,114.25,112.5,113.25,10072546
2012-02-02 00:00:00+05:30,113.45,113.55,111.4,111.8,12720885
2012-02-03 00:00:00+05:30,111.75,113.05,110.65,112.7,14946726
2012-02-06 00:00:00+05:30,113.45,113.95,112.45,113.65,12248206
2012-02-07 00:00:00+05:30,114.8,115.65,113.5,115.45,13913539
2012-02-08 00:00:00+05:30,115.7,116.5,113.45,114.85,13126841
2012-02-09 00:00:00+05:30,114.3,115.1,113.45,114.5,8792841
2012-02-10 00:00:00+05:30,114.5,115.05,113.45,114.45,11867543
2012-02-13 00:00:00+05:30,114.45,115.0,113.5,113.9,8195685
2012-02-14 00:00:00+05:30,113.75,114.4,113.45,113.75,7377719
2012-02-15 00:00:00+05:30,114.05,114.55,113.5,114.1,17969408
2012-02-16 00:00:00+05:30,114.3,114.9,113.5,114.55,15937294
2012-02-17 00:00:00+05:30,114.65,115.65,114.05,115.4,19079947
2012-02-21 00:00:00+05:30,115.4,117.2,115.4,116.45,17817813
2012-02-22 00:00:00+05:30,116.25,117.6,115.75,117.15,14934178
2012-02-23 00:00:00+05:30,117.3,118.0,115.5,117.15,18901803
2012-02-24 00:00:00+05:30,117.15,118.45,117.0,117.6,10506744
2012-02-27 00:00:00+05:30,117.95,119.55,117.1,119.25,20131388
2012-02-28 00:00:00+05:30,119.15,119.9,118.0,118.3,15202576
2012-02-29 00:00:00+05:30,118.5,119.65,116.05,116.6,15363384
2012-03-01 00:00:00+05:30,116.6,117.9,115.05,116.15,8794367
2012-03-02 00:00:00+05:30,116.3,116.55,114.25,115.3,9896883
2012-03-05 00:00:00+05:30,115.2,116.8,114.4,116.25,13940886
2012-03-06 00:00:00+05:30,116.05,118.9,115.25,118.15,17427446
2012-03-07 00:00:00+05:30,117.95,118.5,116.85,117.95,9102965
2012-03-09 00:00:00+05:30,118.55,119.5,116.55,116.95,17144541
2012-03-12 00:00:00+05:30,118.15,118.15,115.75,116.15,6636491
2012-03-13 00:00:00+05:30,116.25,117.7,116.25,117.4,10099515
2012-03-14 00:00:00+05:30,117.95,119.85,117.95,119.35,11349187
2012-03-15 00:00:00+05:30,119.05,119.7,116.7,117.35,18016835
2012-03-16 00:00:00+05:30,116.95,126.35,116.95,121.4,76144214
2012-03-19 00:00:00+05:30,121.85,125.6,121.0,123.85,41049795
2012-03-20 00:00:00+05:30,123.8,126.05,123.05,125.55,18599438
2012-03-21 00:00:00+05:30,125.55,126.3,124.05,125.7,18625830
2012-03-22 00:00:00+05:30,125.6,127.35,122.55,123.35,19108861
2012-03-23 00:00:00+05:30,124.35,126.2,123.4,124.95,13621401
2012-03-26 00:00:00+05:30,125.25,125.95,124.1,125.1,11947662
2012-03-27 00:00:00+05:30,125.7,127.65,124.7,126.95,13135674
2012-03-28 00:00:00+05:30,126.95,128.0,126.15,127.4,10220403
2012-03-29 00:00:00+05:30,125.8,127.65,124.55,126.1,19339044
2012-03-30 00:00:00+05:30,126.15,127.95,126.05,127.45,15855416
2012-04-02 00:00:00+05:30,127.7,128.25,126.75,127.5,16876400
2012-04-03 00:00:00+05:30,128.1,128.25,127.25,127.55,10195728
2012-04-04 00:00:00+05:30,127.2,128.55,126.7,127.7,8269721
2012-04-09 00:00:00+05:30,126.7,127.55,125.35,125.8,6000229
2012-04-10 00:00:00+05:30,125.9,129.2,125.35,128.8,9514843
2012-04-11 00:00:00+05:30,128.55,129.25,127.15,129.05,10951465
2012-04-12 00:00:00+05:30,128.4,132.0,128.4,131.85,22607134
2012-04-13 00:00:00+05:30,131.85,135.25,130.75,132.65,16823978
2012-04-16 00:00:00+05:30,132.4,135.9,131.8,135.35,6879594
2012-04-17 00:00:00+05:30,137.9,139.0,134.55,138.25,9432265
2012-04-18 00:00:00+05:30,138.35,139.35,135.15,135.75,15055038
2012-04-19 00:00:00+05:30,136.3,137.45,134.1,137.1,11041913
2012-04-20 00:00:00+05:30,136.85,138.95,136.3,137.7,7322479
2012-04-23 00:00:00+05:30,137.85,139.15,137.1,137.45,11431795
2012-04-24 00:00:00+05:30,137.65,138.0,133.6,137.6,10856036
2012-04-25 00:00:00+05:30,137.8,138.6,136.25,138.1,7275545
2012-04-26 00:00:00+05:30,138.4,140.35,137.3,139.85,12203132
2012-04-27 00:00:00+05:30,139.65,142.0,137.55,138.05,10732210
2012-04-30 00:00:00+05:30,139.3,140.0,137.65,137.85,5526393
2012-05-02 00:00:00+05:30,137.9,139.2,136.75,137.35,8296642
2012-05-03 00:00:00+05:30,137.8,138.1,135.35,135.75,6535006
2012-05-04 00:00:00+05:30,135.55,137.55,133.3,133.75,11088319
2012-05-07 00:00:00+05:30,132.0,134.25,131.05,132.7,8764265
2012-05-08 00:00:00+05:30,133.1,135.85,125.7,127.45,19687385
2012-05-09 00:00:00+05:30,129.2,135.35,127.55,134.75,23094994
2012-05-10 00:00:00+05:30,135.55,136.7,132.7,134.4,11301594
2012-05-11 00:00:00+05:30,133.5,133.8,129.95,131.55,9043323
2012-05-14 00:00:00+05:30,131.4,132.5,130.3,131.7,5752597
2012-05-15 00:00:00+05:30,130.55,132.35,129.25,129.65,8804907
2012-05-16 00:00:00+05:30,128.6,129.75,127.15,127.65,8845376
2012-05-17 00:00:00+05:30,128.6,132.9,128.6,131.85,17572638
2012-05-18 00:00:00+05:30,130.4,135.35,129.2,134.55,14527234
2012-05-21 00:00:00+05:30,134.6,135.3,131.4,131.9,7192627
2012-05-22 00:00:00+05:30,133.25,134.35,129.25,130.7,11851854
2012-05-23 00:00:00+05:30,129.8,130.85,129.2,130.1,7565004
2012-05-24 00:00:00+05:30,130.1,131.85,129.75,131.05,10036028
2012-05-25 00:00:00+05:30,130.85,132.5,129.65,130.2,15844303
2012-05-28 00:00:00+05:30,130.85,132.5,130.35,132.05,6133368
2012-05-29 00:00:00+05:30,132.4,132.5,129.2,129.7,9149417
2012-05-30 00:00:00+05:30,129.7,131.6,129.45,130.2,9427291
2012-05-31 00:00:00+05:30,128.7,130.55,127.75,128.8,35691794
2012-06-01 00:00:00+05:30,128.55,131.85,128.55,131.35,11714196
2012-06-04 00:00:00+05:30,130.5,131.55,128.8,129.25,6977075
2012-06-05 00:00:00+05:30,129.6,130.7,126.35,126.9,8796398
2012-06-06 00:00:00+05:30,126.9,133.1,126.9,131.75,17804600
2012-06-07 00:00:00+05:30,132.35,134.4,130.6,132.7,11442347
2012-06-08 00:00:00+05:30,132.95,135.5,131.85,134.35,8186925
2012-06-11 00:00:00+05:30,133.55,135.35,132.8,134.65,5740881
2012-06-12 00:00:00+05:30,133.2,137.2,132.3,136.5,7530085
2012-06-13 00:00:00+05:30,136.1,137.55,136.0,137.1,6467566
2012-06-14 00:00:00+05:30,136.5,139.6,136.5,137.4,10177646
2012-06-15 00:00:00+05:30,137.55,139.7,137.05,139.3,12075428
2012-06-18 00:00:00+05:30,139.0,140.4,136.2,136.6,5912868
2012-06-19 00:00:00+05:30,136.3,140.4,136.3,140.05,10791074
2012-06-20 00:00:00+05:30,140.05,140.2,137.5,138.2,7256343
2012-06-21 00:00:00+05:30,137.9,141.55,137.85,141.2,8052630
2012-06-22 00:00:00+05:30,140.4,142.05,138.6,140.7,4566405
2012-06-25 00:00:00+05:30,140.4,142.6,139.9,140.4,6055724
2012-06-26 00:00:00+05:30,140.05,140.3,138.35,138.75,7087559
2012-06-27 00:00:00+05:30,139.45,140.15,138.85,139.2,5840312
2012-06-28 00:00:00+05:30,139.3,141.95,138.8,141.15,14640833
2012-06-29 00:00:00+05:30,141.35,146.05,141.35,145.4,15811403
2012-07-02 00:00:00+05:30,145.55,146.25,139.0,140.4,17045877
2012-07-03 00:00:00+05:30,140.4,140.55,137.85,138.45,17431209
2012-07-04 00:00:00+05:30,139.7,139.75,137.3,138.25,9890291
2012-07-05 00:00:00+05:30,138.75,140.95,138.35,140.75,6496786
2012-07-06 00:00:00+05:30,140.95,142.35,139.65,141.95,7989954
2012-07-09 00:00:00+05:30,140.75,143.15,140.7,141.35,7726856
2012-07-10 00:00:00+05:30,141.4,145.55,139.9,145.1,10470345
2012-07-11 00:00:00+05:30,144.3,144.75,141.95,142.25,8508342
2012-07-12 00:00:00+05:30,142.35,144.25,141.05,141.4,5503058
2012-07-13 00:00:00+05:30,141.15,142.9,140.6,142.4,4045743
2012-07-16 00:00:00+05:30,141.95,143.0,140.95,141.55,2949061
2012-07-17 00:00:00+05:30,142.35,143.8,141.95,143.5,5436388
2012-07-18 00:00:00+05:30,144.0,144.2,142.5,143.2,5721761
2012-07-19 00:00:00+05:30,143.0,143.8,141.95,142.7,5120447
2012-07-20 00:00:00+05:30,142.0,143.2,141.7,142.0,3291315
2012-07-23 00:00:00+05:30,141.2,141.3,139.55,140.15,4447761
2012-07-24 00:00:00+05:30,140.85,141.75,139.6,140.55,6110981
2012-07-25 00:00:00+05:30,140.7,143.4,139.55,143.05,9182777
2012-07-26 00:00:00+05:30,143.65,144.35,139.35,140.1,24373047
2012-07-27 00:00:00+05:30,143.0,143.55,141.45,143.2,11143110
2012-07-30 00:00:00+05:30,143.7,145.35,142.95,145.0,9407850
2012-07-31 00:00:00+05:30,145.15,146.5,143.6,144.95,10150954
2012-08-01 00:00:00+05:30,144.85,145.75,143.95,145.5,3319993
2012-08-02 00:00:00+05:30,146.05,147.1,145.45,146.8,6075426
2012-08-03 00:00:00+05:30,145.95,146.55,144.7,145.65,4308340
2012-08-06 00:00:00+05:30,146.4,147.1,144.6,145.1,3328954
2012-08-07 00:00:00+05:30,145.2,147.05,144.35,146.75,5887534
2012-08-08 00:00:00+05:30,146.6,148.0,145.7,146.85,8013977
2012-08-09 00:00:00+05:30,146.8,149.85,146.8,149.15,8743846
2012-08-10 00:00:00+05:30,148.55,151.1,148.45,150.4,9572785
2012-08-13 00:00:00+05:30,150.15,151.05,148.4,149.9,8337189
2012-08-14 00:00:00+05:30,149.9,151.3,148.65,150.4,6151045
2012-08-16 00:00:00+05:30,150.15,150.8,144.6,145.1,16933268
2012-08-17 00:00:00+05:30,144.95,147.95,144.95,147.2,9025548
2012-08-21 00:00:00+05:30,147.2,147.25,145.65,146.45,11066071
2012-08-22 00:00:00+05:30,146.1,147.75,145.65,146.95,5137416
2012-08-23 00:00:00+05:30,147.25,148.8,146.85,148.4,8748630
2012-08-24 00:00:00+05:30,148.1,149.55,147.2,148.95,12417484
2012-08-27 00:00:00+05:30,148.9,149.5,148.25,149.05,2969182
2012-08-28 00:00:00+05:30,149.05,150.8,149.05,150.6,6720115
2012-08-29 00:00:00+05:30,151.05,151.5,149.8,151.3,6749089
2012-08-30 00:00:00+05:30,151.05,153.5,149.45,151.95,27701416
2012-08-31 00:00:00+05:30,151.6,151.9,149.55,150.3,9068987
2012-09-03 00:00:00+05:30,151.1,151.55,149.55,150.3,6910892
2012-09-04 00:00:00+05:30,150.0,151.0,149.15,149.65,4509444
2012-09-05 00:00:00+05:30,149.4,151.25,149.4,150.4,7391709
2012-09-06 00:00:00+05:30,149.95,150.2,146.1,146.3,7980130
2012-09-07 00:00:00+05:30,147.7,148.1,146.25,147.55,11899579
2012-09-10 00:00:00+05:30,148.2,149.1,147.25,148.65,7372562
2012-09-11 00:00:00+05:30,148.6,150.45,147.75,150.1,4326482
2012-09-12 00:00:00+05:30,150.4,151.6,149.85,151.25,6408440
2012-09-13 00:00:00+05:30,151.15,151.8,150.5,151.45,6261111
2012-09-14 00:00:00+05:30,152.55,153.2,149.85,150.65,19096538
2012-09-17 00:00:00+05:30,150.85,151.0,141.05,142.35,32919516
2012-09-18 00:00:00+05:30,142.6,145.05,141.45,142.75,15214162
2012-09-20 00:00:00+05:30,143.05,144.5,142.4,144.05,12554041
2012-09-21 00:00:00+05:30,144.9,148.6,144.3,146.9,20834798
2012-09-24 00:00:00+05:30,146.85,146.9,142.65,143.7,13083260
2012-09-25 00:00:00+05:30,143.75,147.0,143.2,146.5,12372891
2012-09-26 00:00:00+05:30,147.55,148.6,146.3,148.15,17789776
2012-09-27 00:00:00+05:30,148.35,150.5,147.2,149.9,21381955
2012-09-28 00:00:00+05:30,149.65,153.25,149.45,153.0,16382186
2012-10-01 00:00:00+05:30,152.45,154.45,151.95,153.5,8749982
2012-10-03 00:00:00+05:30,153.6,153.75,150.3,151.75,14840417
2012-10-04 00:00:00+05:30,151.8,155.25,151.8,154.6,11446464
2012-10-05 00:00:00+05:30,155.3,157.25,123.7,154.8,14151445
2012-10-08 00:00:00+05:30,154.85,156.9,153.9,156.0,9946692
2012-10-09 00:00:00+05:30,156.4,157.95,156.05,157.3,6684343
2012-10-10 00:00:00+05:30,156.95,158.3,156.15,157.8,6933203
2012-10-11 00:00:00+05:30,156.7,159.85,155.2,159.2,10166883
2012-10-12 00:00:00+05:30,159.95,160.2,158.15,159.2,5645906
2012-10-15 00:00:00+05:30,158.95,161.5,157.3,161.05,5957076
2012-10-16 00:00:00+05:30,160.05,161.95,159.55,160.9,7900557
2012-10-17 00:00:00+05:30,160.8,162.5,160.1,161.9,5061942
2012-10-18 00:00:00+05:30,162.0,164.0,160.7,163.75,14695495
2012-10-19 00:00:00+05:30,163.65,167.95,163.0,167.1,23383850
2012-10-22 00:00:00+05:30,167.35,167.55,163.5,165.15,12706950
2012-10-23 00:00:00+05:30,165.6,165.6,162.0,162.9,6128300
2012-10-25 00:00:00+05:30,163.6,165.15,162.1,164.0,13776033
2012-10-26 00:00:00+05:30,163.45,163.95,160.15,160.55,7231757
2012-10-29 00:00:00+05:30,160.65,162.9,160.5,161.9,5135202
2012-10-30 00:00:00+05:30,161.25,161.95,159.25,159.55,5986073
2012-10-31 00:00:00+05:30,160.05,160.4,158.0,158.65,6591675
2012-11-01 00:00:00+05:30,158.45,158.8,155.7,156.85,7599177
2012-11-02 00:00:00+05:30,158.1,161.05,158.05,159.05,12345307
2012-11-05 00:00:00+05:30,159.5,162.3,158.85,162.1,6748647
2012-11-06 00:00:00+05:30,162.25,163.5,160.6,162.4,6724218
2012-11-07 00:00:00+05:30,162.8,163.3,161.2,162.85,7306232
2012-11-08 00:00:00+05:30,161.75,163.65,161.4,162.3,4331410
2012-11-09 00:00:00+05:30,161.75,163.1,161.0,161.8,4403778
2012-11-12 00:00:00+05:30,161.7,162.9,159.05,159.4,6164606
2012-11-13 00:00:00+05:30,160.5,160.55,158.9,159.45,1162541
2012-11-15 00:00:00+05:30,158.85,158.85,154.75,155.25,14114257
2012-11-16 00:00:00+05:30,155.85,157.85,153.4,154.25,9490611
2012-11-19 00:00:00+05:30,153.9,158.75,153.35,158.2,9512849
2012-11-20 00:00:00+05:30,159.2,159.95,156.8,157.55,7767876
2012-11-21 00:00:00+05:30,157.55,161.3,156.45,160.7,9570611
2012-11-22 00:00:00+05:30,161.4,162.45,159.85,162.3,7090436
2012-11-23 00:00:00+05:30,162.3,162.3,158.85,161.0,4395516
2012-11-26 00:00:00+05:30,161.6,161.75,160.05,161.2,2477771
2012-11-27 00:00:00+05:30,161.2,165.7,161.15,165.25,10805541
2012-11-29 00:00:00+05:30,165.15,168.45,164.95,167.35,17948010
2012-11-30 00:00:00+05:30,166.3,167.95,165.0,167.65,9904793
2012-12-03 00:00:00+05:30,167.1,167.55,165.2,166.3,6345877
2012-12-04 00:00:00+05:30,165.55,166.35,164.55,165.8,5349135
2012-12-05 00:00:00+05:30,165.45,167.9,165.45,167.3,10307420
2012-12-06 00:00:00+05:30,167.65,169.75,165.7,169.25,10241881
2012-12-07 00:00:00+05:30,168.9,170.2,167.85,169.35,5926673
2012-12-10 00:00:00+05:30,168.8,170.0,167.35,169.6,4696547
2012-12-11 00:00:00+05:30,169.6,171.7,169.05,170.35,9886740
2012-12-12 00:00:00+05:30,170.4,172.15,170.4,171.85,8067942
2012-12-13 00:00:00+05:30,171.35,171.5,164.15,165.8,21293400
2012-12-14 00:00:00+05:30,164.35,166.75,163.0,166.2,7761338
2012-12-17 00:00:00+05:30,164.85,165.7,163.85,164.6,6565058
2012-12-18 00:00:00+05:30,164.9,166.25,162.95,164.6,7350303
2012-12-19 00:00:00+05:30,164.2,165.9,162.15,162.95,17569671
2012-12-20 00:00:00+05:30,162.85,162.95,160.65,161.2,13259178
2012-12-21 00:00:00+05:30,160.45,162.55,158.1,161.2,41093538
2012-12-24 00:00:00+05:30,162.55,163.3,160.85,161.2,8471713
2012-12-26 00:00:00+05:30,161.45,163.4,160.45,163.15,7489732
2012-12-27 00:00:00+05:30,164.25,164.4,161.45,161.95,12317224
2012-12-28 00:00:00+05:30,161.3,162.9,161.3,162.55,5869154
2012-12-31 00:00:00+05:30,161.8,162.55,160.65,161.05,3958766
2013-01-01 00:00:00+05:30,161.35,162.45,161.0,161.3,4604073
2013-01-02 00:00:00+05:30,161.75,162.65,159.8,160.3,11325388
2013-01-03 00:00:00+05:30,160.7,160.95,158.8,159.25,7543539
2013-01-04 00:00:00+05:30,159.95,159.95,157.3,158.65,10454914
2013-01-07 00:00:00+05:30,159.65,160.05,156.4,156.7,14067865
2013-01-08 00:00:00+05:30,156.75,160.75,156.75,160.45,15533076
2013-01-09 00:00:00+05:30,159.95,160.45,156.5,156.95,12335643
2013-01-10 00:00:00+05:30,157.3,158.4,156.4,157.8,14475544
2013-01-11 00:00:00+05:30,157.1,157.65,152.8,153.55,16084110
2013-01-14 00:00:00+05:30,153.65,156.4,153.65,156.1,11882111
2013-01-15 00:00:00+05:30,156.25,160.2,154.3,159.55,20589403
2013-01-16 00:00:00+05:30,160.05,160.55,158.65,159.5,10326451
2013-01-17 00:00:00+05:30,158.95,161.1,158.1,160.25,14116910
2013-01-18 00:00:00+05:30,161.05,162.8,159.85,161.4,28393703
2013-01-21 00:00:00+05:30,162.3,164.0,160.8,163.7,23305133
2013-01-22 00:00:00+05:30,163.75,163.85,161.75,162.4,14614562
2013-01-23 00:00:00+05:30,162.6,164.8,162.15,164.4,13552807
2013-01-24 00:00:00+05:30,164.55,167.7,164.45,167.05,23258334
2013-01-25 00:00:00+05:30,167.95,168.75,166.9,168.3,23877065
2013-01-28 00:00:00+05:30,168.45,169.15,167.6,168.9,9648964
2013-01-29 00:00:00+05:30,168.0,172.3,168.0,171.35,16569213
2013-01-30 00:00:00+05:30,171.15,172.4,168.45,170.8,12878575
2013-01-31 00:00:00+05:30,171.65,173.75,170.25,172.8,15944945
2013-02-01 00:00:00+05:30,172.85,174.05,171.0,173.75,11454036
2013-02-04 00:00:00+05:30,173.75,174.6,172.0,172.55,13423926
2013-02-05 00:00:00+05:30,171.3,172.25,169.6,169.85,9226849
2013-02-06 00:00:00+05:30,170.4,171.8,169.1,171.2,14257137
2013-02-07 00:00:00+05:30,170.2,171.5,169.6,170.75,7488365
2013-02-08 00:00:00+05:30,169.6,172.05,168.05,169.45,13054162
2013-02-11 00:00:00+05:30,170.2,170.5,166.55,168.05,9309401
2013-02-12 00:00:00+05:30,167.65,169.0,167.35,168.5,7661865
2013-02-13 00:00:00+05:30,169.05,171.0,168.05,168.65,12249360
2013-02-14 00:00:00+05:30,168.65,169.6,168.0,168.9,13366726
2013-02-15 00:00:00+05:30,168.2,169.6,168.15,168.8,8103124
2013-02-18 00:00:00+05:30,168.75,169.0,167.8,168.65,12951842
2013-02-19 00:00:00+05:30,168.45,169.95,167.65,169.4,6461467
2013-02-20 00:00:00+05:30,170.15,171.7,168.15,168.45,12808019
2013-02-21 00:00:00+05:30,168.2,168.75,165.55,166.55,17896585
2013-02-22 00:00:00+05:30,166.25,167.5,163.25,164.0,11307372
2013-02-25 00:00:00+05:30,164.5,165.6,162.35,164.35,9541069
2013-02-26 00:00:00+05:30,164.55,167.55,162.2,163.35,12281587
2013-02-27 00:00:00+05:30,164.0,167.0,163.55,165.6,18444712
2013-02-28 00:00:00+05:30,166.15,170.65,163.5,165.6,55894996
2013-03-01 00:00:00+05:30,165.7,167.2,162.3,163.55,19494594
2013-03-04 00:00:00+05:30,163.55,165.15,159.85,164.25,15872348
2013-03-05 00:00:00+05:30,164.95,167.2,162.9,164.3,17603214
2013-03-06 00:00:00+05:30,166.15,166.15,160.85,161.2,16653279
2013-03-07 00:00:00+05:30,160.7,165.6,160.2,164.2,18307241
2013-03-08 00:00:00+05:30,165.4,167.95,164.25,167.2,10434515
2013-03-11 00:00:00+05:30,167.35,168.2,166.5,167.1,7665911
2013-03-12 00:00:00+05:30,166.75,168.75,165.8,167.85,6978993
2013-03-13 00:00:00+05:30,167.35,170.05,167.35,169.4,12958186
2013-03-14 00:00:00+05:30,169.4,170.65,168.45,169.55,9573608
2013-03-15 00:00:00+05:30,169.65,170.2,169.15,169.55,10911032
2013-03-18 00:00:00+05:30,168.95,171.5,168.8,170.85,7006922
2013-03-19 00:00:00+05:30,172.45,172.7,170.55,172.05,14755292
2013-03-20 00:00:00+05:30,171.3,172.95,170.8,172.55,17606530
2013-03-21 00:00:00+05:30,172.55,172.95,170.8,171.3,16257658
2013-03-22 00:00:00+05:30,172.1,172.45,170.3,171.65,8902149
2013-03-25 00:00:00+05:30,171.95,172.95,169.2,169.85,10636442
2013-03-26 00:00:00+05:30,170.2,172.95,169.6,172.05,10378911
2013-03-28 00:00:00+05:30,172.85,174.1,171.05,173.8,14427146
2013-04-01 00:00:00+05:30,173.5,174.05,171.7,172.55,4693467
2013-04-02 00:00:00+05:30,172.2,173.3,170.95,172.5,7087591
2013-04-03 00:00:00+05:30,172.4,173.75,170.9,172.8,8368609
2013-04-04 00:00:00+05:30,172.35,172.65,167.7,168.2,7699290
2013-04-05 00:00:00+05:30,168.2,168.2,162.9,163.6,12210862
2013-04-08 00:00:00+05:30,164.25,165.0,160.4,164.45,8736823
2013-04-09 00:00:00+05:30,164.7,165.9,160.6,161.3,10770247
2013-04-10 00:00:00+05:30,163.4,163.4,157.9,160.0,15517380
2013-04-11 00:00:00+05:30,161.5,162.2,159.1,160.25,17664597
2013-04-12 00:00:00+05:30,161.65,166.0,160.65,164.5,14963192
2013-04-15 00:00:00+05:30,164.0,169.0,162.45,168.45,13007129
2013-04-16 00:00:00+05:30,168.4,173.45,167.2,172.95,11655789
2013-04-17 00:00:00+05:30,172.95,176.35,172.5,175.85,13034992
2013-04-18 00:00:00+05:30,174.75,177.75,174.3,177.1,10204492
2013-04-22 00:00:00+05:30,176.15,178.6,175.8,178.0,7890124
2013-04-23 00:00:00+05:30,178.3,178.6,176.35,178.35,5053552
2013-04-25 00:00:00+05:30,177.1,181.55,177.05,179.65,21460205
2013-04-26 00:00:00+05:30,178.3,179.65,177.85,179.1,7464019
2013-04-29 00:00:00+05:30,178.65,182.5,177.8,182.35,7173449
2013-04-30 00:00:00+05:30,183.05,188.5,183.05,184.7,14817210
2013-05-02 00:00:00+05:30,183.95,188.1,182.6,187.3,10624867
2013-05-03 00:00:00+05:30,187.1,187.25,184.75,185.7,10036418
2013-05-06 00:00:00+05:30,185.3,186.75,182.75,183.2,4575992
2013-05-07 00:00:00+05:30,183.15,188.7,183.15,188.3,8867527
2013-05-08 00:00:00+05:30,189.15,193.65,187.75,192.5,8247194
2013-05-09 00:00:00+05:30,193.45,194.3,191.9,193.5,6942101
2013-05-10 00:00:00+05:30,192.95,198.9,192.05,198.35,11448001
2013-05-13 00:00:00+05:30,198.85,198.85,187.75,188.6,18983933
2013-05-14 00:00:00+05:30,190.35,190.85,187.05,188.6,11796927
2013-05-15 00:00:00+05:30,189.85,193.15,188.7,192.3,14342075
2013-05-16 00:00:00+05:30,191.6,192.9,186.85,189.3,12807447
2013-05-17 00:00:00+05:30,190.2,191.8,187.1,188.1,28214014
2013-05-20 00:00:00+05:30,188.15,192.1,187.55,187.95,12814311
2013-05-21 00:00:00+05:30,187.55,188.35,184.7,185.9,8910631
2013-05-22 00:00:00+05:30,184.9,189.3,184.9,188.45,11281603
2013-05-23 00:00:00+05:30,187.25,188.7,185.5,186.75,8932851
2013-05-24 00:00:00+05:30,187.55,187.65,184.6,185.25,12273007
2013-05-27 00:00:00+05:30,185.3,187.9,185.05,187.5,9259429
2013-05-28 00:00:00+05:30,186.85,192.0,186.8,190.95,9477975
2013-05-29 00:00:00+05:30,191.55,192.7,189.55,192.4,7904739
2013-05-30 00:00:00+05:30,192.3,199.85,192.05,199.0,19528876
2013-05-31 00:00:00+05:30,197.4,197.4,190.15,190.9,12864264
2013-06-03 00:00:00+05:30,191.35,192.05,187.15,188.75,8414889
2013-06-04 00:00:00+05:30,188.6,190.2,188.2,189.45,10699818
2013-06-05 00:00:00+05:30,188.4,189.25,185.5,187.55,9671777
2013-06-06 00:00:00+05:30,187.55,189.15,185.35,188.1,7393877
2013-06-07 00:00:00+05:30,187.05,190.1,186.0,187.5,7541854
2013-06-10 00:00:00+05:30,187.6,189.8,187.5,189.3,5521422
2013-06-11 00:00:00+05:30,188.0,189.4,187.05,187.75,11412998
2013-06-12 00:00:00+05:30,186.9,187.55,184.25,185.9,11683571
2013-06-13 00:00:00+05:30,184.9,185.5,181.7,183.65,14281992
2013-06-14 00:00:00+05:30,185.0,187.05,183.2,186.35,9373445
2013-06-17 00:00:00+05:30,186.9,186.9,183.15,186.4,5907000
2013-06-18 00:00:00+05:30,185.65,186.55,184.4,185.4,9370253
2013-06-19 00:00:00+05:30,185.3,185.7,183.75,185.25,7873561
2013-06-20 00:00:00+05:30,184.15,184.15,179.15,181.25,18060914
2013-06-21 00:00:00+05:30,180.85,182.45,178.3,181.05,11655798
2013-06-24 00:00:00+05:30,179.95,182.85,174.85,176.55,14667410
2013-06-25 00:00:00+05:30,177.75,180.55,174.7,179.55,14404919
2013-06-26 00:00:00+05:30,180.7,183.6,179.0,181.4,15248399
2013-06-27 00:00:00+05:30,183.0,183.6,178.05,180.65,17860928
2013-06-28 00:00:00+05:30,181.2,185.3,180.4,182.2,15978297
2013-07-01 00:00:00+05:30,182.5,183.55,181.1,183.05,15370463
2013-07-02 00:00:00+05:30,182.5,183.4,181.1,182.45,10441688
2013-07-03 00:00:00+05:30,181.85,183.95,179.85,183.3,11718979
2013-07-04 00:00:00+05:30,183.35,190.85,183.3,190.3,11152437
2013-07-05 00:00:00+05:30,192.05,193.75,191.3,192.4,7879572
2013-07-08 00:00:00+05:30,191.65,195.8,190.25,194.7,9194598
2013-07-09 00:00:00+05:30,194.05,196.5,194.05,195.1,8024802
2013-07-10 00:00:00+05:30,195.95,195.95,192.7,194.1,7769071
2013-07-11 00:00:00+05:30,197.6,199.05,194.25,198.5,7995552
2013-07-12 00:00:00+05:30,198.4,198.4,195.2,196.9,7392874
2013-07-15 00:00:00+05:30,197.9,198.45,195.35,198.05,7696735
2013-07-16 00:00:00+05:30,195.45,203.3,195.45,202.2,11287647
2013-07-17 00:00:00+05:30,202.75,208.05,202.6,206.85,20771442
2013-07-18 00:00:00+05:30,206.8,208.85,204.9,207.05,13222931
2013-07-19 00:00:00+05:30,206.95,208.85,205.1,207.25,9369767
2013-07-22 00:00:00+05:30,206.3,208.1,205.8,207.1,6878841
2013-07-23 00:00:00+05:30,208.0,211.2,207.5,211.05,8570682
2013-07-24 00:00:00+05:30,210.9,213.45,207.15,211.1,12355937
2013-07-25 00:00:00+05:30,210.0,210.05,199.8,201.6,24552425
2013-07-26 00:00:00+05:30,202.55,209.35,196.4,206.75,20304512
2013-07-29 00:00:00+05:30,205.0,206.5,199.7,201.05,9208504
2013-07-30 00:00:00+05:30,199.7,201.4,196.0,196.9,6457712
2013-07-31 00:00:00+05:30,196.6,199.3,188.75,191.95,23082955
2013-08-01 00:00:00+05:30,192.9,196.05,189.3,190.6,11038080
2013-08-02 00:00:00+05:30,190.95,193.2,185.1,187.0,10456801
2013-08-05 00:00:00+05:30,187.2,191.5,186.55,188.35,9984762
2013-08-06 00:00:00+05:30,188.35,188.6,184.8,185.45,12845144
2013-08-07 00:00:00+05:30,185.9,186.9,178.85,180.9,13685470
2013-08-08 00:00:00+05:30,180.9,183.75,179.95,182.7,10539789
2013-08-12 00:00:00+05:30,185.25,189.55,182.5,188.5,21211937
2013-08-13 00:00:00+05:30,189.5,190.5,186.8,187.7,17238806
2013-08-14 00:00:00+05:30,187.1,189.3,184.85,188.05,11145170
2013-08-16 00:00:00+05:30,187.55,189.8,178.3,179.95,20814043
2013-08-19 00:00:00+05:30,179.95,180.75,174.1,176.3,14313401
2013-08-20 00:00:00+05:30,175.35,181.25,170.2,177.1,21630793
2013-08-21 00:00:00+05:30,179.75,180.2,166.3,168.95,17253010
2013-08-22 00:00:00+05:30,169.05,174.5,162.9,172.95,23257086
2013-08-23 00:00:00+05:30,173.35,174.0,169.05,173.25,17041423
2013-08-26 00:00:00+05:30,174.25,175.55,171.9,172.7,10054847
2013-08-27 00:00:00+05:30,172.0,172.3,163.25,167.3,20009487
2013-08-28 00:00:00+05:30,166.25,171.15,160.2,167.5,23946421
2013-08-29 00:00:00+05:30,168.3,173.5,165.7,171.6,20069965
2013-08-30 00:00:00+05:30,171.85,175.25,168.45,173.35,19719952
2013-09-02 00:00:00+05:30,174.1,181.85,173.4,179.95,15853897
2013-09-03 00:00:00+05:30,180.5,181.8,166.0,168.85,23361672
2013-09-04 00:00:00+05:30,171.3,171.3,164.9,168.4,24229524
2013-09-05 00:00:00+05:30,172.85,177.7,172.7,175.35,15752695
2013-09-06 00:00:00+05:30,175.8,179.05,174.3,177.7,12757066
2013-09-10 00:00:00+05:30,179.75,190.05,179.15,188.65,20998637
2013-09-11 00:00:00+05:30,188.7,189.3,183.7,185.3,13068450
2013-09-12 00:00:00+05:30,186.35,190.35,184.9,189.0,18737946
2013-09-13 00:00:00+05:30,189.7,190.35,185.3,186.1,12725029
2013-09-16 00:00:00+05:30,188.15,190.4,185.5,187.55,12311113
2013-09-17 00:00:00+05:30,186.55,190.85,186.2,190.2,7606789
2013-09-18 00:00:00+05:30,191.55,193.75,190.5,192.95,11715570
2013-09-19 00:00:00+05:30,195.65,200.2,195.6,199.6,17093060
2013-09-20 00:00:00+05:30,199.3,201.1,194.45,199.55,14853445
2013-09-23 00:00:00+05:30,197.15,200.5,194.65,196.5,9098067
2013-09-24 00:00:00+05:30,195.05,198.65,193.9,196.0,14569751
2013-09-25 00:00:00+05:30,196.3,196.6,189.2,193.6,12550260
2013-09-26 00:00:00+05:30,192.8,196.6,191.55,196.2,13699009
2013-09-27 00:00:00+05:30,197.05,197.05,193.8,195.4,9574573
2013-09-30 00:00:00+05:30,193.95,194.6,190.0,191.2,9633399
2013-10-01 00:00:00+05:30,191.15,192.9,189.8,192.6,7400439
2013-10-03 00:00:00+05:30,194.35,194.35,189.3,190.25,13382502
2013-10-04 00:00:00+05:30,190.25,191.95,188.35,190.85,7704111
2013-10-07 00:00:00+05:30,190.35,191.5,186.45,191.0,9066083
2013-10-08 00:00:00+05:30,192.2,195.8,190.7,195.25,9701593
2013-10-09 00:00:00+05:30,195.15,196.85,192.95,195.75,9000290
2013-10-10 00:00:00+05:30,194.7,197.0,193.6,194.95,5930899
2013-10-11 00:00:00+05:30,195.8,196.55,191.35,192.15,6180327
2013-10-14 00:00:00+05:30,192.9,192.9,190.2,190.85,4647866
2013-10-15 00:00:00+05:30,190.4,192.5,187.25,190.95,8689292
2013-10-17 00:00:00+05:30,190.95,194.6,190.5,194.05,7795013
2013-10-18 00:00:00+05:30,195.25,200.0,193.85,199.15,13588919
2013-10-21 00:00:00+05:30,199.35,199.95,192.6,193.6,11296636
2013-10-22 00:00:00+05:30,192.3,193.65,191.25,191.85,7546584
2013-10-23 00:00:00+05:30,192.15,193.5,190.1,191.85,8204633
2013-10-24 00:00:00+05:30,192.3,195.65,191.05,192.5,11169370
2013-10-25 00:00:00+05:30,193.7,194.85,188.7,191.0,10177320
2013-10-28 00:00:00+05:30,189.8,189.8,183.25,184.2,23356803
2013-10-29 00:00:00+05:30,183.8,186.5,181.4,184.15,19726005
2013-10-30 00:00:00+05:30,185.05,187.3,182.8,187.1,18156141
2013-10-31 00:00:00+05:30,186.1,189.0,185.5,188.15,19021671
2013-11-01 00:00:00+05:30,187.1,187.55,183.65,184.25,11955746
2013-11-05 00:00:00+05:30,184.85,185.25,178.65,179.15,22560860
2013-11-06 00:00:00+05:30,179.75,181.15,178.15,179.0,10527556
2013-11-07 00:00:00+05:30,179.2,181.85,176.9,180.0,12509620
2013-11-08 00:00:00+05:30,180.15,181.8,178.15,179.5,7702614
2013-11-11 00:00:00+05:30,178.55,180.8,175.85,177.8,10886508
2013-11-12 00:00:00+05:30,178.6,180.2,177.9,179.7,7385410
2013-11-13 00:00:00+05:30,179.75,179.75,176.05,176.45,8552216
2013-11-14 00:00:00+05:30,175.25,178.6,175.25,176.6,7437841
2013-11-18 00:00:00+05:30,177.5,183.65,177.5,183.15,14484666
2013-11-19 00:00:00+05:30,183.6,184.0,181.1,181.7,8306202
2013-11-20 00:00:00+05:30,181.6,183.0,179.75,180.1,13016050
2013-11-21 00:00:00+05:30,179.35,179.75,174.75,175.75,11549985
2013-11-22 00:00:00+05:30,176.9,177.45,172.85,173.35,10350073
2013-11-25 00:00:00+05:30,174.85,177.95,174.7,177.6,7534678
2013-11-26 00:00:00+05:30,177.05,177.6,173.55,174.55,11815813
2013-11-27 00:00:00+05:30,173.55,177.05,173.55,176.45,8514560
2013-11-28 00:00:00+05:30,177.5,177.9,175.25,176.05,11762525
2013-11-29 00:00:00+05:30,175.8,180.25,175.8,179.95,8642326
2013-12-02 00:00:00+05:30,180.25,181.8,178.95,180.55,5880126
2013-12-03 00:00:00+05:30,180.8,180.8,178.3,179.3,6441395
2013-12-04 00:00:00+05:30,179.15,179.4,175.15,175.7,7618894
2013-12-05 00:00:00+05:30,177.5,178.85,172.75,173.4,17819749
2013-12-06 00:00:00+05:30,173.95,175.4,173.2,174.7,14707227
2013-12-09 00:00:00+05:30,177.5,178.35,174.5,175.8,10839908
2013-12-10 00:00:00+05:30,175.9,178.85,175.8,178.55,18622559
2013-12-11 00:00:00+05:30,178.0,180.7,178.0,180.15,12148550
2013-12-12 00:00:00+05:30,180.15,180.85,177.3,177.9,7229425
2013-12-13 00:00:00+05:30,177.25,178.3,175.4,177.1,8272881
2013-12-16 00:00:00+05:30,176.55,176.9,174.5,175.65,7391577
2013-12-17 00:00:00+05:30,176.85,177.4,175.3,177.1,9447053
2013-12-18 00:00:00+05:30,177.1,178.4,175.65,177.25,13847499
2013-12-19 00:00:00+05:30,178.0,178.3,174.75,176.15,12978390
2013-12-20 00:00:00+05:30,176.35,177.45,174.3,177.05,17372825
2013-12-23 00:00:00+05:30,177.05,179.7,176.85,179.3,10102575
2013-12-24 00:00:00+05:30,179.6,179.75,178.3,179.2,7632583
2013-12-26 00:00:00+05:30,179.2,180.5,178.4,179.9,17876242
2013-12-27 00:00:00+05:30,180.25,181.8,179.75,181.1,9459660
2013-12-30 00:00:00+05:30,180.85,182.0,179.75,181.05,6658565
2013-12-31 00:00:00+05:30,181.4,182.0,179.9,180.75,6020087
2014-01-01 00:00:00+05:30,181.0,181.65,180.3,181.05,2149702
2014-01-02 00:00:00+05:30,181.05,182.5,176.5,176.9,7844586
2014-01-03 00:00:00+05:30,176.9,177.5,174.3,176.8,13874287
2014-01-06 00:00:00+05:30,176.9,177.85,176.05,177.3,9428978
2014-01-07 00:00:00+05:30,177.75,178.25,175.65,177.85,8994258
2014-01-08 00:00:00+05:30,178.3,178.6,176.2,177.95,8643176
2014-01-09 00:00:00+05:30,177.85,177.85,175.55,177.25,8860984
2014-01-10 00:00:00+05:30,178.4,182.25,176.35,181.2,10622387
2014-01-13 00:00:00+05:30,181.75,183.25,181.2,182.75,7351593
2014-01-14 00:00:00+05:30,183.05,185.3,181.9,182.25,8750488
2014-01-15 00:00:00+05:30,182.55,185.05,180.45,184.7,10230986
2014-01-16 00:00:00+05:30,184.8,185.85,181.8,182.8,5486860
2014-01-17 00:00:00+05:30,183.05,184.2,181.1,182.45,13039526
2014-01-20 00:00:00+05:30,182.25,185.6,181.45,185.45,9951644
2014-01-21 00:00:00+05:30,185.45,186.65,184.5,184.85,8064546
2014-01-22 00:00:00+05:30,184.5,184.65,181.3,183.85,13144183
2014-01-23 00:00:00+05:30,183.3,185.3,182.65,184.75,7276120
2014-01-24 00:00:00+05:30,184.15,185.55,181.65,182.1,5928453
2014-01-27 00:00:00+05:30,180.0,182.8,178.95,182.1,10687909
2014-01-28 00:00:00+05:30,182.05,184.2,179.1,183.45,15163086
2014-01-29 00:00:00+05:30,183.8,184.5,182.1,182.5,10550786
2014-01-30 00:00:00+05:30,180.55,182.9,178.6,182.35,17738981
2014-01-31 00:00:00+05:30,182.5,182.9,180.9,182.55,10847007
2014-02-03 00:00:00+05:30,181.2,182.4,179.55,179.9,7648686
2014-02-04 00:00:00+05:30,178.85,182.95,177.45,182.5,14893556
2014-02-05 00:00:00+05:30,181.1,182.4,178.3,179.15,10549158
2014-02-06 00:00:00+05:30,179.75,182.65,177.75,182.3,13413102
2014-02-07 00:00:00+05:30,183.65,183.65,179.85,181.65,13793586
2014-02-10 00:00:00+05:30,181.15,182.7,180.25,182.5,7885464
2014-02-11 00:00:00+05:30,182.05,183.2,181.15,182.55,8761318
2014-02-12 00:00:00+05:30,182.8,183.65,179.15,180.05,10545710
2014-02-13 00:00:00+05:30,180.1,181.4,177.05,177.95,4791594
2014-02-14 00:00:00+05:30,178.65,179.9,176.75,179.6,6715350
2014-02-17 00:00:00+05:30,180.25,181.0,178.35,179.8,5724325
2014-02-18 00:00:00+05:30,179.75,180.55,177.55,177.95,6762599
2014-02-19 00:00:00+05:30,178.5,179.05,177.55,177.8,3740102
2014-02-20 00:00:00+05:30,177.5,178.0,174.9,175.15,7879248
2014-02-21 00:00:00+05:30,176.05,178.5,175.55,178.35,7956123
2014-02-24 00:00:00+05:30,177.5,180.0,177.5,179.75,4797536
2014-02-25 00:00:00+05:30,179.2,181.05,179.2,180.8,6190372
2014-02-26 00:00:00+05:30,181.3,185.25,181.1,184.65,13795769
2014-02-28 00:00:00+05:30,182.5,186.45,182.5,184.0,13768803
2014-03-03 00:00:00+05:30,184.1,185.85,183.1,184.9,10864997
2014-03-04 00:00:00+05:30,185.55,187.55,184.35,186.25,10744579
2014-03-05 00:00:00+05:30,186.35,187.55,185.0,187.2,7018511
2014-03-06 00:00:00+05:30,186.85,188.2,185.5,187.9,6568214
2014-03-07 00:00:00+05:30,186.55,190.6,185.9,189.9,23180419
2014-03-10 00:00:00+05:30,188.7,189.8,187.7,188.5,10406255
2014-03-11 00:00:00+05:30,188.35,188.9,184.7,187.55,10414836
2014-03-12 00:00:00+05:30,187.75,192.6,187.7,191.55,11942392
2014-03-13 00:00:00+05:30,191.75,194.75,191.7,192.85,6966369
2014-03-14 00:00:00+05:30,192.1,195.55,190.95,195.0,7679097
2014-03-18 00:00:00+05:30,196.6,200.5,195.25,199.85,15307242
2014-03-19 00:00:00+05:30,199.95,202.15,199.65,202.0,9842109
2014-03-20 00:00:00+05:30,201.4,201.4,197.85,199.8,12769781
2014-03-21 00:00:00+05:30,200.2,201.45,198.0,200.9,12462309
2014-03-24 00:00:00+05:30,199.95,204.0,199.55,202.55,12189291
2014-03-25 00:00:00+05:30,201.6,205.0,201.45,203.8,10028973
2014-03-26 00:00:00+05:30,203.9,204.15,198.7,201.6,16866081
2014-03-27 00:00:00+05:30,201.6,203.7,199.95,202.1,29458539
2014-03-28 00:00:00+05:30,203.05,203.05,198.85,201.35,10836848
2014-03-31 00:00:00+05:30,201.7,202.75,196.4,198.15,13873708
2014-04-01 00:00:00+05:30,198.55,198.6,194.25,197.65,11417598
2014-04-02 00:00:00+05:30,198.05,198.25,191.15,193.4,29039644
2014-04-03 00:00:00+05:30,193.55,195.25,191.4,194.3,11979559
2014-04-04 00:00:00+05:30,194.8,195.9,192.2,193.6,11921085
2014-04-07 00:00:00+05:30,193.6,194.75,191.35,194.05,13080340
2014-04-09 00:00:00+05:30,194.1,196.3,192.6,195.4,10466310
2014-04-10 00:00:00+05:30,195.55,196.4,192.6,193.1,12283232
2014-04-11 00:00:00+05:30,192.5,193.65,191.15,192.9,13506864
2014-04-15 00:00:00+05:30,192.45,193.15,189.1,191.5,8016773
2014-04-16 00:00:00+05:30,191.5,195.25,191.5,194.4,7556367
2014-04-17 00:00:00+05:30,195.0,198.7,193.2,198.4,9493885
2014-04-21 00:00:00+05:30,197.9,199.75,196.05,198.5,7660515
2014-04-22 00:00:00+05:30,198.2,198.85,196.05,196.95,5730425
2014-04-23 00:00:00+05:30,197.7,199.35,195.75,198.35,13092155
2014-04-25 00:00:00+05:30,198.65,199.95,192.35,192.9,7931936
2014-04-28 00:00:00+05:30,194.05,194.05,190.95,192.05,8424317
2014-04-29 00:00:00+05:30,191.55,192.55,190.1,191.1,7438198
2014-04-30 00:00:00+05:30,191.1,193.75,190.15,191.4,7464105
2014-05-02 00:00:00+05:30,191.6,192.35,190.95,191.1,5021783
2014-05-05 00:00:00+05:30,191.25,194.05,191.25,193.6,7584543
2014-05-06 00:00:00+05:30,194.35,197.1,193.95,195.4,8657676
2014-05-07 00:00:00+05:30,195.45,196.8,194.05,194.65,8135668
2014-05-08 00:00:00+05:30,194.85,195.35,191.3,192.15,9612972
2014-05-09 00:00:00+05:30,192.5,196.1,191.65,194.1,9141488
2014-05-12 00:00:00+05:30,193.95,202.15,193.75,201.7,12847138
2014-05-13 00:00:00+05:30,202.15,204.9,201.1,202.65,12767017
2014-05-14 00:00:00+05:30,202.9,207.25,202.9,205.35,11923200
2014-05-15 00:00:00+05:30,205.35,207.65,204.5,206.75,11055894
2014-05-16 00:00:00+05:30,207.7,217.65,197.95,200.45,44915040
2014-05-19 00:00:00+05:30,202.15,202.75,189.0,189.85,28019242
2014-05-20 00:00:00+05:30,192.05,199.35,187.9,191.45,10685073
2014-05-21 00:00:00+05:30,190.7,192.55,190.2,191.9,12325404
2014-05-22 00:00:00+05:30,192.6,195.15,191.15,194.25,12171344
2014-05-23 00:00:00+05:30,196.0,196.1,191.35,192.7,11544791
2014-05-26 00:00:00+05:30,194.25,195.35,191.05,193.55,14258441
2014-05-27 00:00:00+05:30,193.75,195.2,192.15,193.1,7917587
2014-05-28 00:00:00+05:30,193.2,193.3,191.3,192.55,7226709
2014-05-29 00:00:00+05:30,193.75,195.45,191.2,192.35,17706800
2014-05-30 00:00:00+05:30,193.65,193.65,188.8,191.95,12772425
2014-06-02 00:00:00+05:30,192.05,192.7,188.35,189.1,12559052
2014-06-03 00:00:00+05:30,187.2,188.4,185.9,187.25,12461559
2014-06-04 00:00:00+05:30,186.75,187.45,184.65,185.85,17428448
2014-06-05 00:00:00+05:30,185.9,188.65,183.05,187.4,24497279
2014-06-06 00:00:00+05:30,188.15,190.3,187.05,189.1,17840210
2014-06-09 00:00:00+05:30,190.15,191.45,188.3,189.8,13929624
2014-06-10 00:00:00+05:30,190.4,190.9,187.9,189.5,9810589
2014-06-11 00:00:00+05:30,190.4,190.8,185.6,187.2,19584821
2014-06-12 00:00:00+05:30,187.55,188.85,186.0,187.6,11350063
2014-06-13 00:00:00+05:30,189.2,189.2,186.4,186.8,9370357
2014-06-16 00:00:00+05:30,187.7,189.5,186.9,188.85,11299286
2014-06-17 00:00:00+05:30,188.7,189.9,187.75,188.75,6789677
2014-06-18 00:00:00+05:30,188.95,189.15,186.6,187.0,7643584
2014-06-19 00:00:00+05:30,188.05,189.25,187.15,188.85,9784523
2014-06-20 00:00:00+05:30,189.0,189.95,187.25,188.55,7782642
2014-06-23 00:00:00+05:30,188.15,188.15,175.5,176.9,37158952
2014-06-24 00:00:00+05:30,176.9,181.25,176.9,180.0,20126570
2014-06-25 00:00:00+05:30,179.2,179.55,177.2,177.5,15112440
2014-06-26 00:00:00+05:30,176.9,178.5,176.05,177.65,15207970
2014-06-27 00:00:00+05:30,178.0,180.25,177.55,179.6,12736372
2014-06-30 00:00:00+05:30,180.1,183.9,180.05,182.55,24842810
2014-07-01 00:00:00+05:30,184.0,184.0,182.0,182.6,16658411
2014-07-02 00:00:00+05:30,183.15,185.45,182.8,184.95,10360632
2014-07-03 00:00:00+05:30,185.05,186.85,184.7,186.1,11262342
2014-07-04 00:00:00+05:30,186.6,188.2,185.3,187.25,11921838
2014-07-07 00:00:00+05:30,187.25,188.7,185.15,188.0,18957030
2014-07-08 00:00:00+05:30,187.55,189.55,186.2,188.6,17594749
2014-07-09 00:00:00+05:30,189.0,192.6,188.55,191.8,29237120
2014-07-10 00:00:00+05:30,191.25,196.0,189.3,192.15,47238725
2014-07-11 00:00:00+05:30,193.75,196.85,192.6,194.3,16073645
2014-07-14 00:00:00+05:30,195.0,196.2,191.7,193.75,7696036
2014-07-15 00:00:00+05:30,194.05,195.4,191.75,192.25,6573101
2014-07-16 00:00:00+05:30,191.95,193.9,190.95,193.3,9572542
2014-07-17 00:00:00+05:30,192.7,194.35,192.4,193.35,6353660
2014-07-18 00:00:00+05:30,192.6,194.85,191.95,193.25,6791867
2014-07-21 00:00:00+05:30,193.75,196.6,193.25,196.5,9104037
2014-07-22 00:00:00+05:30,197.1,198.75,196.4,198.2,9072236
2014-07-23 00:00:00+05:30,198.55,199.35,196.1,198.65,8956610
2014-07-24 00:00:00+05:30,198.85,200.55,197.95,200.2,6989499
2014-07-25 00:00:00+05:30,200.5,201.7,197.9,200.65,9458775
2014-07-28 00:00:00+05:30,199.5,201.2,199.15,200.6,5005737
2014-07-30 00:00:00+05:30,202.4,204.7,201.0,201.75,13191682
2014-07-31 00:00:00+05:30,201.1,202.15,198.85,199.95,11422642
2014-08-01 00:00:00+05:30,199.95,201.05,195.55,196.35,10627345
2014-08-04 00:00:00+05:30,198.85,199.35,196.2,199.1,7208986
2014-08-05 00:00:00+05:30,199.95,200.6,195.75,199.95,5535047
2014-08-06 00:00:00+05:30,199.05,199.55,193.25,194.4,8517967
2014-08-07 00:00:00+05:30,194.5,196.9,192.9,194.45,5478368
2014-08-08 00:00:00+05:30,193.9,196.3,192.75,195.75,4885548
2014-08-11 00:00:00+05:30,196.85,197.6,194.4,195.25,6229053
2014-08-12 00:00:00+05:30,196.4,196.4,192.9,194.9,4841266
2014-08-13 00:00:00+05:30,196.3,201.1,195.15,200.65,12012708
2014-08-14 00:00:00+05:30,200.4,203.25,199.35,200.4,7657899
2014-08-18 00:00:00+05:30,199.15,199.35,194.6,196.9,8044043
2014-08-19 00:00:00+05:30,197.1,197.9,195.05,195.8,8965313
2014-08-20 00:00:00+05:30,197.1,197.1,193.15,193.75,7904049
2014-08-21 00:00:00+05:30,193.75,195.45,193.35,194.45,6942371
2014-08-22 00:00:00+05:30,194.45,195.35,191.85,193.0,7931220
2014-08-25 00:00:00+05:30,194.7,196.6,192.95,196.2,4688004
2014-08-26 00:00:00+05:30,196.55,198.7,196.35,197.95,6865720
2014-08-27 00:00:00+05:30,198.65,199.3,197.3,197.9,8257804
2014-08-28 00:00:00+05:30,197.7,200.5,197.6,199.55,14584028
2014-09-01 00:00:00+05:30,201.1,201.1,196.4,196.85,8172597
2014-09-02 00:00:00+05:30,196.85,200.05,196.0,199.2,8481311
2014-09-03 00:00:00+05:30,199.55,199.75,195.6,195.95,11360611
2014-09-04 00:00:00+05:30,196.35,198.15,196.05,196.8,10162365
2014-09-05 00:00:00+05:30,196.9,197.7,195.65,197.0,8452326
2014-09-08 00:00:00+05:30,198.25,199.35,196.75,198.8,7307299
2014-09-09 00:00:00+05:30,197.1,201.95,197.1,201.2,6699311
2014-09-10 00:00:00+05:30,200.5,200.5,196.95,197.15,11688886
2014-09-11 00:00:00+05:30,197.15,198.25,196.3,197.2,10188907
2014-09-12 00:00:00+05:30,197.2,201.05,197.2,199.75,9421457
2014-09-15 00:00:00+05:30,199.1,199.35,196.6,197.5,7338409
2014-09-16 00:00:00+05:30,197.45,199.55,196.6,198.35,9012725
2014-09-17 00:00:00+05:30,198.55,201.35,197.55,199.2,10792346
2014-09-18 00:00:00+05:30,199.4,201.6,198.35,201.45,7341910
2014-09-19 00:00:00+05:30,201.1,202.65,198.95,201.85,9626493
2014-09-22 00:00:00+05:30,201.6,208.9,200.75,208.25,14601854
2014-09-23 00:00:00+05:30,207.8,210.55,206.55,208.25,15811592
2014-09-24 00:00:00+05:30,208.15,212.85,208.05,211.85,11699173
2014-09-25 00:00:00+05:30,212.0,213.4,209.05,211.5,15165376
2014-09-26 00:00:00+05:30,210.35,211.4,207.0,208.75,11772140
2014-09-29 00:00:00+05:30,208.2,209.4,204.7,205.6,3483325
2014-09-30 00:00:00+05:30,204.65,209.15,203.9,207.9,11350654
2014-10-01 00:00:00+05:30,207.8,207.8,204.05,204.45,4555028
2014-10-07 00:00:00+05:30,203.7,205.8,201.15,203.75,11234715
2014-10-08 00:00:00+05:30,203.9,206.65,203.45,205.4,9642554
2014-10-09 00:00:00+05:30,205.6,206.85,204.35,205.25,6912367
2014-10-10 00:00:00+05:30,204.75,205.15,197.9,198.3,5973855
2014-10-13 00:00:00+05:30,198.2,198.2,195.0,196.85,6365411
2014-10-14 00:00:00+05:30,196.85,197.7,192.9,194.85,9024197
2014-10-16 00:00:00+05:30,193.75,198.55,192.9,197.95,14746925
2014-10-17 00:00:00+05:30,197.6,202.1,197.3,198.8,13036351
2014-10-20 00:00:00+05:30,199.35,201.0,197.0,197.7,9292203
2014-10-21 00:00:00+05:30,197.75,198.2,195.45,197.3,7488615
2014-10-22 00:00:00+05:30,197.95,198.25,195.75,196.0,9409651
2014-10-23 00:00:00+05:30,196.65,197.3,196.1,196.8,813859
2014-10-27 00:00:00+05:30,197.25,197.35,195.45,196.35,6486033
2014-10-28 00:00:00+05:30,197.25,197.55,195.95,196.65,5680082
2014-10-29 00:00:00+05:30,198.2,199.35,196.75,199.1,7969926
2014-10-30 00:00:00+05:30,198.3,200.95,197.4,199.3,17174985
2014-10-31 00:00:00+05:30,200.4,202.15,197.85,199.45,17082033
2014-11-03 00:00:00+05:30,200.45,200.9,198.35,199.6,8603732
2014-11-05 00:00:00+05:30,199.75,202.05,199.65,201.7,8777727
2014-11-07 00:00:00+05:30,201.25,202.45,198.25,199.75,10793398
2014-11-10 00:00:00+05:30,199.95,209.2,199.75,208.75,27268297
2014-11-11 00:00:00+05:30,207.95,209.0,203.65,204.45,8342563
2014-11-12 00:00:00+05:30,204.55,207.8,204.5,207.5,7684354
2014-11-13 00:00:00+05:30,208.3,208.3,205.75,206.85,5609858
2014-11-14 00:00:00+05:30,206.7,208.15,206.35,207.35,8648341
2014-11-17 00:00:00+05:30,207.25,208.65,204.75,207.9,6923431
2014-11-18 00:00:00+05:30,207.4,208.75,206.35,207.95,11026374
2014-11-19 00:00:00+05:30,207.95,211.85,205.9,206.55,14705638
2014-11-20 00:00:00+05:30,207.25,208.6,206.7,207.85,5853996
2014-11-21 00:00:00+05:30,207.9,211.55,207.55,211.25,7684684
2014-11-24 00:00:00+05:30,208.9,211.15,208.9,210.6,9913740
2014-11-25 00:00:00+05:30,210.15,212.75,195.8,199.6,29151508
2014-11-26 00:00:00+05:30,201.35,205.75,201.15,204.05,24790858
2014-11-27 00:00:00+05:30,203.4,204.1,199.5,202.5,18470968
2014-11-28 00:00:00+05:30,202.5,205.55,202.15,203.95,12097919
2014-12-01 00:00:00+05:30,203.4,206.1,203.4,204.75,9500382
2014-12-02 00:00:00+05:30,204.65,206.1,204.2,205.45,9935754
2014-12-03 00:00:00+05:30,205.55,205.55,200.55,204.0,9089867
2014-12-04 00:00:00+05:30,209.5,215.7,209.5,215.2,30842106
2014-12-05 00:00:00+05:30,215.1,220.15,214.9,219.8,18824887
2014-12-08 00:00:00+05:30,220.8,224.5,220.35,223.4,17437399
2014-12-09 00:00:00+05:30,223.8,224.65,220.05,221.45,16048976
2014-12-10 00:00:00+05:30,222.25,222.7,217.0,221.85,10743221
2014-12-11 00:00:00+05:30,221.85,224.05,219.3,222.75,12497079
2014-12-12 00:00:00+05:30,222.4,224.85,220.7,222.25,10066588
2014-12-15 00:00:00+05:30,221.85,224.5,219.85,220.5,9910711
2014-12-16 00:00:00+05:30,218.45,219.0,212.25,213.75,15667172
2014-12-17 00:00:00+05:30,212.05,216.05,205.9,208.8,18087182
2014-12-18 00:00:00+05:30,212.6,212.6,205.0,210.55,7237067
2014-12-19 00:00:00+05:30,211.15,211.15,206.35,207.1,10897858
2014-12-22 00:00:00+05:30,207.6,212.4,207.25,210.1,19414668
2014-12-23 00:00:00+05:30,210.0,212.0,209.35,210.4,5858842
2014-12-24 00:00:00+05:30,210.35,212.55,206.3,208.6,23846337
2014-12-26 00:00:00+05:30,209.4,209.4,205.8,206.65,3369019
2014-12-29 00:00:00+05:30,206.2,208.65,206.15,207.7,3822642
2014-12-30 00:00:00+05:30,207.95,208.65,206.3,206.85,3655263
2014-12-31 00:00:00+05:30,207.2,208.15,206.35,207.05,4257772
2015-01-01 00:00:00+05:30,207.6,208.35,206.7,207.35,2935574
2015-01-02 00:00:00+05:30,207.4,209.05,207.4,208.0,7630565
2015-01-05 00:00:00+05:30,208.25,210.0,207.6,208.8,9525941
2015-01-06 00:00:00+05:30,208.2,208.65,202.75,203.45,15138212
2015-01-07 00:00:00+05:30,201.6,205.6,199.35,199.65,13828858
2015-01-08 00:00:00+05:30,200.75,205.2,200.75,204.65,9768949
2015-01-09 00:00:00+05:30,205.05,206.6,199.4,201.6,12496835
2015-01-12 00:00:00+05:30,201.85,204.05,201.15,202.1,11410510
2015-01-13 00:00:00+05:30,202.4,204.25,201.75,203.4,13439129
2015-01-14 00:00:00+05:30,203.15,203.15,195.45,196.45,18759223
2015-01-15 00:00:00+05:30,199.4,203.25,198.2,202.1,18554419
2015-01-16 00:00:00+05:30,202.45,204.4,200.1,203.4,12502704
2015-01-19 00:00:00+05:30,203.35,204.3,201.05,202.65,7923731
2015-01-20 00:00:00+05:30,202.8,210.0,202.25,209.6,13891401
2015-01-21 00:00:00+05:30,210.65,210.65,197.2,199.2,37516724
2015-01-22 00:00:00+05:30,199.35,203.2,197.0,198.05,34255492
2015-01-23 00:00:00+05:30,199.6,201.05,196.95,197.35,19363509
2015-01-27 00:00:00+05:30,197.65,203.9,197.3,203.4,29200903
2015-01-28 00:00:00+05:30,203.35,205.25,201.9,204.6,14241876
2015-01-29 00:00:00+05:30,205.0,210.1,203.35,209.05,24388678
2015-01-30 00:00:00+05:30,208.95,210.1,205.4,208.15,16091060
2015-02-02 00:00:00+05:30,207.25,208.55,203.0,203.7,9820628
2015-02-03 00:00:00+05:30,204.1,207.25,204.1,206.7,7282816
2015-02-04 00:00:00+05:30,207.55,209.25,206.35,207.6,6714314
2015-02-05 00:00:00+05:30,206.65,210.15,205.4,208.35,10958708
2015-02-06 00:00:00+05:30,206.75,211.45,206.75,210.95,8469042
2015-02-09 00:00:00+05:30,209.6,211.15,207.1,207.8,8310796
2015-02-10 00:00:00+05:30,207.9,210.1,207.2,208.9,9263208
2015-02-11 00:00:00+05:30,209.55,210.6,207.75,209.6,5255490
2015-02-12 00:00:00+05:30,210.1,210.1,205.95,209.15,6121199
2015-02-13 00:00:00+05:30,209.65,214.15,208.95,213.5,10435923
2015-02-16 00:00:00+05:30,213.7,220.8,213.5,220.05,13419440
2015-02-18 00:00:00+05:30,217.45,227.05,217.45,222.1,15804511
2015-02-19 00:00:00+05:30,221.95,222.35,216.65,219.85,8070512
2015-02-20 00:00:00+05:30,218.85,224.75,217.05,223.65,10326521
2015-02-23 00:00:00+05:30,223.05,225.25,219.85,220.4,6766364
2015-02-24 00:00:00+05:30,221.35,224.8,219.5,223.45,9525704
2015-02-25 00:00:00+05:30,224.55,225.9,222.2,225.7,18212281
2015-02-26 00:00:00+05:30,224.75,226.7,221.35,223.45,13530520
2015-02-27 00:00:00+05:30,223.0,224.0,216.9,222.35,39793199
2015-03-02 00:00:00+05:30,202.2,202.2,193.15,193.85,58645711
2015-03-03 00:00:00+05:30,194.0,195.1,191.45,192.9,52022221
2015-03-04 00:00:00+05:30,194.85,198.1,193.65,194.45,37197320
2015-03-05 00:00:00+05:30,196.0,197.15,192.95,195.55,23701465
2015-03-09 00:00:00+05:30,194.1,194.75,190.45,191.1,18848324
2015-03-10 00:00:00+05:30,192.05,193.55,189.25,191.2,15073284
2015-03-11 00:00:00+05:30,192.2,192.4,190.65,191.0,14686904
2015-03-12 00:00:00+05:30,191.5,196.7,191.35,195.8,31591084
2015-03-13 00:00:00+05:30,196.75,197.65,190.15,191.7,18096337
2015-03-16 00:00:00+05:30,192.55,192.9,189.2,189.45,9937852
2015-03-17 00:00:00+05:30,191.75,192.35,189.9,192.05,12649452
2015-03-18 00:00:00+05:30,192.7,192.7,189.75,190.1,10124973
2015-03-19 00:00:00+05:30,191.2,192.5,187.25,188.25,12096600
2015-03-20 00:00:00+05:30,188.45,188.45,184.35,184.9,12224433
2015-03-23 00:00:00+05:30,184.35,186.25,183.55,184.9,13173253
2015-03-24 00:00:00+05:30,184.75,186.25,184.1,184.45,12389277
2015-03-25 00:00:00+05:30,185.6,185.6,184.1,184.55,8382191
2015-03-26 00:00:00+05:30,184.1,185.75,181.05,182.1,27972131
2015-03-27 00:00:00+05:30,182.95,183.7,177.95,179.3,24746505
2015-03-30 00:00:00+05:30,180.5,186.1,180.5,184.95,19096736
2015-03-31 00:00:00+05:30,185.7,185.7,182.95,184.05,14197671
2015-04-01 00:00:00+05:30,184.05,188.05,183.05,187.75,12532985
2015-04-06 00:00:00+05:30,186.0,192.95,185.85,192.55,22333134
2015-04-07 00:00:00+05:30,192.65,193.75,190.3,192.35,12197450
2015-04-08 00:00:00+05:30,193.15,195.95,192.85,195.55,14315688
2015-04-09 00:00:00+05:30,195.95,197.05,194.3,196.05,8865229
2015-04-10 00:00:00+05:30,196.0,196.3,193.3,195.8,6467072
2015-04-13 00:00:00+05:30,196.0,199.05,194.75,198.5,12592962
2015-04-15 00:00:00+05:30,199.9,202.5,198.45,200.45,20224585
2015-04-16 00:00:00+05:30,199.25,201.3,195.8,197.7,9094390
2015-04-17 00:00:00+05:30,197.95,199.5,196.4,198.75,10183072
2015-04-20 00:00:00+05:30,198.85,198.85,192.35,193.1,13036804
2015-04-21 00:00:00+05:30,193.05,196.9,192.55,193.1,12591431
2015-04-22 00:00:00+05:30,192.05,194.85,191.2,193.95,12450589
2015-04-23 00:00:00+05:30,193.95,195.7,191.05,193.2,10318684
2015-04-24 00:00:00+05:30,193.15,197.65,192.65,196.55,20024070
2015-04-27 00:00:00+05:30,197.05,198.7,194.4,194.75,10835806
2015-04-28 00:00:00+05:30,194.75,194.85,188.4,190.65,12355888
2015-04-29 00:00:00+05:30,189.25,189.75,184.85,185.3,11667293
2015-04-30 00:00:00+05:30,185.1,185.45,181.4,182.05,23167610
2015-05-04 00:00:00+05:30,182.6,186.9,180.75,186.5,8335498
2015-05-05 00:00:00+05:30,185.55,185.8,182.75,184.25,15560231
2015-05-06 00:00:00+05:30,184.1,185.15,178.55,179.8,23369014
2015-05-07 00:00:00+05:30,179.9,182.8,178.2,182.2,12257925
2015-05-08 00:00:00+05:30,183.85,185.95,182.25,185.25,14055844
2015-05-11 00:00:00+05:30,186.4,186.8,183.2,184.4,10169933
2015-05-12 00:00:00+05:30,184.95,185.25,182.5,183.1,16529398
2015-05-13 00:00:00+05:30,184.6,186.25,181.3,185.15,12288075
2015-05-14 00:00:00+05:30,184.7,184.7,182.1,183.35,9293904
2015-05-15 00:00:00+05:30,183.6,185.15,183.45,184.35,6300371
2015-05-18 00:00:00+05:30,184.85,188.6,184.25,188.05,7988866
2015-05-19 00:00:00+05:30,187.35,189.7,186.8,187.8,9909745
2015-05-20 00:00:00+05:30,187.75,188.75,186.65,187.45,5968379
2015-05-21 00:00:00+05:30,188.05,188.3,184.1,184.9,8303651
2015-05-22 00:00:00+05:30,185.8,188.2,183.8,185.9,14431317
2015-05-25 00:00:00+05:30,181.55,183.25,178.7,178.9,27089652
2015-05-26 00:00:00+05:30,179.3,179.3,176.65,177.35,12745556
2015-05-27 00:00:00+05:30,177.9,180.05,177.35,179.45,10560394
2015-05-28 00:00:00+05:30,179.65,182.15,178.75,181.55,23118529
2015-05-29 00:00:00+05:30,181.85,186.35,180.0,184.75,22893804
2015-06-01 00:00:00+05:30,183.85,188.5,183.85,187.5,11632057
2015-06-02 00:00:00+05:30,185.75,185.95,179.4,180.0,12543262
2015-06-03 00:00:00+05:30,177.25,177.25,169.8,171.9,23903248
2015-06-04 00:00:00+05:30,172.25,173.15,168.4,170.35,12724261
2015-06-05 00:00:00+05:30,170.25,173.9,166.6,171.85,19600349
2015-06-08 00:00:00+05:30,173.35,174.1,170.7,171.9,11900737
2015-06-09 00:00:00+05:30,170.5,171.1,169.25,169.8,11458956
2015-06-10 00:00:00+05:30,169.8,171.35,168.65,170.05,10978931
2015-06-11 00:00:00+05:30,170.6,170.6,166.7,167.8,12826378
2015-06-12 00:00:00+05:30,167.65,169.5,166.6,168.05,9633649
2015-06-15 00:00:00+05:30,167.75,170.95,166.0,168.55,9664141
2015-06-16 00:00:00+05:30,168.3,169.5,166.75,168.8,9163937
2015-06-17 00:00:00+05:30,168.55,171.15,167.9,170.05,12115053
2015-06-18 00:00:00+05:30,170.1,171.9,169.55,170.5,12576287
2015-06-19 00:00:00+05:30,171.0,172.5,170.75,172.25,9749483
2015-06-22 00:00:00+05:30,172.95,176.3,172.1,175.3,8013170
2015-06-23 00:00:00+05:30,175.3,177.9,173.7,177.65,8445868
2015-06-24 00:00:00+05:30,178.0,179.65,175.65,177.15,8203819
2015-06-25 00:00:00+05:30,175.4,178.15,174.95,176.4,12119048
2015-06-26 00:00:00+05:30,176.4,176.4,173.4,173.9,6131769
2015-06-29 00:00:00+05:30,172.4,175.6,171.55,175.05,10820713
2015-06-30 00:00:00+05:30,175.2,178.95,173.95,177.95,12958969
2015-07-01 00:00:00+05:30,178.05,178.7,176.5,177.1,9853845
2015-07-02 00:00:00+05:30,177.4,179.2,177.05,177.9,7305844
2015-07-03 00:00:00+05:30,177.5,178.95,176.4,178.2,5702676
2015-07-06 00:00:00+05:30,176.7,180.0,176.2,179.85,4920162
2015-07-07 00:00:00+05:30,180.0,180.3,178.5,179.25,8456576
2015-07-08 00:00:00+05:30,177.95,178.45,174.75,176.75,12927728
2015-07-09 00:00:00+05:30,176.65,177.8,175.0,175.4,7472546
2015-07-10 00:00:00+05:30,174.5,176.05,173.1,175.05,8343260
2015-07-13 00:00:00+05:30,176.8,178.7,174.5,177.7,7374393
2015-07-14 00:00:00+05:30,177.3,178.75,175.4,176.35,6084692
2015-07-15 00:00:00+05:30,175.85,178.0,175.85,177.35,6332407
2015-07-16 00:00:00+05:30,177.75,180.65,176.35,179.6,6500170
2015-07-17 00:00:00+05:30,179.95,182.9,179.4,182.05,6828719
2015-07-20 00:00:00+05:30,181.75,182.65,180.25,181.0,5506975
2015-07-21 00:00:00+05:30,181.0,182.15,176.5,177.0,7870936
2015-07-22 00:00:00+05:30,176.25,179.6,175.45,177.65,8973707
2015-07-23 00:00:00+05:30,177.95,179.3,176.2,177.95,6269140
2015-07-24 00:00:00+05:30,177.9,178.2,176.5,177.65,4675373
2015-07-27 00:00:00+05:30,175.9,177.0,175.0,176.0,5917907
2015-07-28 00:00:00+05:30,176.15,177.3,174.85,175.75,7565709
2015-07-29 00:00:00+05:30,175.6,176.2,169.8,171.7,10819694
2015-07-30 00:00:00+05:30,171.7,179.5,169.45,178.4,23094851
2015-07-31 00:00:00+05:30,179.6,184.9,178.05,184.1,18869708
2015-08-03 00:00:00+05:30,184.1,188.35,183.6,187.25,16595087
2015-08-04 00:00:00+05:30,187.2,187.25,183.3,186.3,11487199
2015-08-05 00:00:00+05:30,186.3,188.1,184.45,187.35,6601906
2015-08-06 00:00:00+05:30,186.7,186.95,182.95,184.25,9781705
2015-08-07 00:00:00+05:30,182.95,183.9,181.85,183.25,5170356
2015-08-10 00:00:00+05:30,183.25,184.85,180.35,181.25,6457220
2015-08-11 00:00:00+05:30,180.75,181.8,178.65,180.75,6145968
2015-08-12 00:00:00+05:30,180.7,180.7,178.45,178.9,13789670
2015-08-13 00:00:00+05:30,179.25,180.55,171.1,178.65,7682653
2015-08-14 00:00:00+05:30,179.3,180.85,177.7,179.7,8784627
2015-08-17 00:00:00+05:30,180.3,180.6,178.15,178.95,5005109
2015-08-18 00:00:00+05:30,178.75,179.95,176.55,177.8,10498150
2015-08-19 00:00:00+05:30,177.35,179.6,174.5,178.95,8525722
2015-08-20 00:00:00+05:30,179.65,186.6,178.65,186.0,20821368
2015-08-21 00:00:00+05:30,185.75,187.15,182.3,186.8,20543713
2015-08-24 00:00:00+05:30,181.3,186.1,178.2,180.85,19060168
2015-08-25 00:00:00+05:30,181.9,184.2,176.5,180.65,24598470
2015-08-26 00:00:00+05:30,179.4,181.2,177.1,179.4,18679256
2015-08-27 00:00:00+05:30,182.7,184.95,178.65,183.95,23168961
2015-08-28 00:00:00+05:30,186.0,186.0,183.35,184.7,11244446
2015-08-31 00:00:00+05:30,183.4,185.5,181.65,183.65,11139649
2015-09-01 00:00:00+05:30,182.15,182.9,177.5,178.15,10950243
2015-09-02 00:00:00+05:30,180.1,182.45,177.95,180.75,15047612
2015-09-03 00:00:00+05:30,180.35,183.35,180.2,180.7,11664294
2015-09-04 00:00:00+05:30,180.7,181.55,177.75,179.1,18171577
2015-09-07 00:00:00+05:30,178.65,180.4,175.7,177.05,8223294
2015-09-08 00:00:00+05:30,176.85,178.2,175.25,176.7,11840173
2015-09-09 00:00:00+05:30,178.05,178.7,176.7,177.55,7079670
2015-09-10 00:00:00+05:30,175.6,178.35,175.3,177.0,10369146
2015-09-11 00:00:00+05:30,177.75,178.55,176.3,177.2,7760807
2015-09-14 00:00:00+05:30,177.2,178.0,175.95,177.15,8641942
2015-09-15 00:00:00+05:30,176.8,179.55,176.5,179.25,5983183
2015-09-16 00:00:00+05:30,180.0,182.35,179.15,181.95,6462695
2015-09-18 00:00:00+05:30,183.55,185.25,177.75,179.6,14832067
2015-09-21 00:00:00+05:30,178.7,179.2,177.0,177.5,7860444
2015-09-22 00:00:00+05:30,178.4,179.75,175.1,176.3,17271948
2015-09-23 00:00:00+05:30,173.35,180.15,173.35,178.5,13475549
2015-09-24 00:00:00+05:30,177.75,182.6,177.65,182.2,16327036
2015-09-28 00:00:00+05:30,182.5,183.55,179.85,180.3,7351540
2015-09-29 00:00:00+05:30,180.1,183.55,179.05,180.95,9594835
2015-09-30 00:00:00+05:30,181.85,186.3,180.7,185.7,15566333
2015-10-01 00:00:00+05:30,184.7,188.55,184.7,185.65,7176260
2015-10-05 00:00:00+05:30,186.4,187.25,184.6,186.1,10777166
2015-10-06 00:00:00+05:30,187.5,194.1,185.7,193.65,12395084
2015-10-07 00:00:00+05:30,194.25,197.65,193.3,196.1,12380051
2015-10-08 00:00:00+05:30,195.85,195.85,189.45,191.55,10831672
2015-10-09 00:00:00+05:30,192.5,194.7,192.1,194.0,6399253
2015-10-12 00:00:00+05:30,193.75,196.8,191.4,192.45,7016323
2015-10-13 00:00:00+05:30,192.05,195.35,191.85,194.35,8099473
2015-10-14 00:00:00+05:30,194.4,195.2,193.45,194.35,10501351
2015-10-15 00:00:00+05:30,194.3,199.05,194.1,197.3,10978781
2015-10-16 00:00:00+05:30,196.6,197.65,194.0,196.95,11142195
2015-10-19 00:00:00+05:30,196.55,198.8,194.95,198.25,12935267
2015-10-20 00:00:00+05:30,197.95,198.4,196.45,196.9,8540498
2015-10-21 00:00:00+05:30,197.15,197.65,196.35,196.85,6319559
2015-10-23 00:00:00+05:30,197.7,202.7,197.7,202.35,10087591
2015-10-26 00:00:00+05:30,202.65,203.2,200.5,201.35,9129992
2015-10-27 00:00:00+05:30,200.3,201.6,199.5,201.05,17273815
2015-10-28 00:00:00+05:30,200.1,202.7,199.9,200.6,11229573
2015-10-29 00:00:00+05:30,200.55,201.05,196.05,197.65,8831849
2015-10-30 00:00:00+05:30,198.5,198.5,186.9,189.0,32117061
2015-11-02 00:00:00+05:30,188.05,191.85,186.35,190.45,11938989
2015-11-03 00:00:00+05:30,190.2,191.4,187.95,189.1,4522004
2015-11-04 00:00:00+05:30,190.25,191.0,188.65,189.6,5757992
2015-11-05 00:00:00+05:30,188.65,191.6,188.2,190.4,6229740
2015-11-06 00:00:00+05:30,189.6,191.75,189.2,190.7,5160479
2015-11-09 00:00:00+05:30,187.25,194.3,186.6,193.75,13874290
2015-11-10 00:00:00+05:30,192.45,194.85,189.3,190.15,8357898
2015-11-11 00:00:00+05:30,191.4,191.45,188.1,188.8,916915
2015-11-13 00:00:00+05:30,186.6,188.5,184.75,186.25,21541126
2015-11-16 00:00:00+05:30,186.4,191.45,186.15,191.05,10144235
2015-11-17 00:00:00+05:30,193.25,197.8,191.55,197.15,13380607
2015-11-18 00:00:00+05:30,198.25,198.3,194.35,196.45,11522975
2015-11-19 00:00:00+05:30,197.65,199.35,196.95,198.85,19583502
2015-11-20 00:00:00+05:30,198.95,198.95,193.8,194.5,11398012
2015-11-23 00:00:00+05:30,193.95,194.75,189.9,190.45,10393919
2015-11-24 00:00:00+05:30,191.55,191.8,187.65,189.7,15130478
2015-11-26 00:00:00+05:30,189.8,194.85,189.1,193.6,10886200
2015-11-27 00:00:00+05:30,194.5,194.85,191.4,194.45,6563911
2015-11-30 00:00:00+05:30,193.85,195.85,192.3,193.45,19950474
2015-12-01 00:00:00+05:30,194.95,196.0,192.55,195.55,11708781
2015-12-02 00:00:00+05:30,195.4,197.5,193.4,197.3,5359021
2015-12-03 00:00:00+05:30,195.45,196.5,193.3,193.95,6468049
2015-12-04 00:00:00+05:30,192.75,193.0,189.2,189.7,15751906
2015-12-07 00:00:00+05:30,189.2,189.7,175.35,177.1,58816540
2015-12-08 00:00:00+05:30,175.6,179.7,175.4,177.75,21972757
2015-12-09 00:00:00+05:30,180.4,180.4,178.05,179.25,17429124
2015-12-10 00:00:00+05:30,179.3,181.7,179.05,181.45,9629205
2015-12-11 00:00:00+05:30,181.3,182.15,178.1,181.3,10418807
2015-12-14 00:00:00+05:30,180.7,182.1,179.1,180.75,8431247
2015-12-15 00:00:00+05:30,180.7,182.9,179.6,182.4,11665590
2015-12-16 00:00:00+05:30,182.45,183.35,179.65,180.3,9016877
2015-12-17 00:00:00+05:30,180.55,181.7,178.65,181.0,10040269
2015-12-18 00:00:00+05:30,181.25,182.45,178.7,179.1,16448494
2015-12-21 00:00:00+05:30,180.7,184.9,179.05,184.45,9298918
2015-12-22 00:00:00+05:30,183.55,183.85,180.4,180.85,7043843
2015-12-23 00:00:00+05:30,181.85,182.95,180.7,181.55,6096105
2015-12-24 00:00:00+05:30,182.45,183.4,181.05,182.8,4229652
2015-12-28 00:00:00+05:30,182.25,184.7,182.15,184.25,10501053
2015-12-29 00:00:00+05:30,184.4,185.25,182.6,183.45,5128137
2015-12-30 00:00:00+05:30,184.4,184.95,183.1,184.45,5549434
2015-12-31 00:00:00+05:30,183.85,186.4,182.6,185.1,9287811
2016-01-01 00:00:00+05:30,185.0,185.8,183.9,184.95,1710554
2016-01-04 00:00:00+05:30,183.85,184.2,181.6,183.6,6829049
2016-01-05 00:00:00+05:30,183.6,184.35,183.0,183.45,6725035
2016-01-06 00:00:00+05:30,184.7,184.7,177.65,177.95,17614151
2016-01-07 00:00:00+05:30,177.25,177.25,174.3,174.85,13653845
2016-01-08 00:00:00+05:30,175.75,179.05,174.95,177.15,11377426
2016-01-11 00:00:00+05:30,175.1,178.9,174.95,178.5,7950888
2016-01-12 00:00:00+05:30,178.05,179.0,176.5,177.95,8041122
2016-01-13 00:00:00+05:30,179.25,180.95,177.75,178.3,7934543
2016-01-14 00:00:00+05:30,177.15,180.05,176.35,179.2,13286188
2016-01-15 00:00:00+05:30,177.95,179.25,176.35,177.3,9226205
2016-01-18 00:00:00+05:30,177.3,180.0,176.9,178.1,13677894
2016-01-19 00:00:00+05:30,178.05,179.3,176.15,177.4,7903932
2016-01-20 00:00:00+05:30,175.3,180.7,172.25,174.5,11150083
2016-01-21 00:00:00+05:30,176.0,176.0,171.5,173.0,14521054
2016-01-22 00:00:00+05:30,174.5,176.65,170.9,174.35,17622243
2016-01-25 00:00:00+05:30,172.45,176.1,171.7,174.75,10786731
2016-01-27 00:00:00+05:30,174.8,177.45,173.35,176.75,9840942
2016-01-28 00:00:00+05:30,176.6,181.8,176.0,179.95,16060272
2016-01-29 00:00:00+05:30,182.35,184.1,178.95,180.85,14448181
2016-02-01 00:00:00+05:30,180.0,183.55,177.8,183.4,8499888
2016-02-02 00:00:00+05:30,182.9,184.05,181.55,183.1,8170687
2016-02-03 00:00:00+05:30,181.7,183.1,180.5,181.85,5690592
2016-02-04 00:00:00+05:30,182.1,183.3,181.3,181.75,3684553
2016-02-05 00:00:00+05:30,182.45,184.1,181.85,182.95,7520051
2016-02-08 00:00:00+05:30,183.45,183.5,177.5,178.05,7246947
2016-02-09 00:00:00+05:30,176.9,177.2,174.95,176.45,13265463
2016-02-10 00:00:00+05:30,176.25,176.75,173.35,174.5,9094296
2016-02-11 00:00:00+05:30,175.45,175.45,168.0,168.6,16233021
2016-02-12 00:00:00+05:30,168.95,172.35,168.75,169.5,15256717
2016-02-15 00:00:00+05:30,171.1,172.85,168.5,171.5,13893092
2016-02-16 00:00:00+05:30,171.95,172.85,165.8,166.9,12234280
2016-02-17 00:00:00+05:30,167.45,170.45,163.25,169.35,15139780
2016-02-18 00:00:00+05:30,170.3,173.2,169.9,172.5,10856176
2016-02-19 00:00:00+05:30,172.25,172.9,170.0,172.0,8009351
2016-02-22 00:00:00+05:30,170.9,170.9,165.7,169.35,17001137
2016-02-23 00:00:00+05:30,168.25,168.25,165.3,165.9,10240409
2016-02-24 00:00:00+05:30,165.5,166.8,161.5,162.45,15979770
2016-02-25 00:00:00+05:30,160.75,163.95,160.4,161.6,16843586
2016-02-26 00:00:00+05:30,163.25,164.9,161.05,164.3,13881588
2016-02-29 00:00:00+05:30,163.75,170.4,151.4,166.95,88433609
2016-03-01 00:00:00+05:30,172.25,184.7,172.25,183.75,75040420
2016-03-02 00:00:00+05:30,185.25,188.6,179.85,180.45,27477530
2016-03-03 00:00:00+05:30,182.45,183.55,178.9,179.7,11386614
2016-03-04 00:00:00+05:30,180.7,181.7,177.75,178.0,13157806
2016-03-08 00:00:00+05:30,178.45,182.95,178.45,180.85,14595477
2016-03-09 00:00:00+05:30,179.05,181.1,176.6,180.65,23272584
2016-03-10 00:00:00+05:30,180.55,181.75,176.7,178.5,15492927
2016-03-11 00:00:00+05:30,178.5,181.85,177.9,181.45,13526899
2016-03-14 00:00:00+05:30,182.15,184.1,181.85,183.55,8582320
2016-03-15 00:00:00+05:30,184.1,184.1,177.9,178.75,18046912
2016-03-16 00:00:00+05:30,178.75,182.6,178.45,181.9,10830947
2016-03-17 00:00:00+05:30,182.55,183.55,181.55,182.75,14512773
2016-03-18 00:00:00+05:30,183.75,184.6,181.85,183.4,16014001
2016-03-21 00:00:00+05:30,184.55,189.85,184.25,187.2,18683725
2016-03-22 00:00:00+05:30,185.5,186.85,182.0,182.5,22023796
2016-03-23 00:00:00+05:30,183.55,183.6,180.9,183.1,17830279
2016-03-28 00:00:00+05:30,184.7,186.25,180.9,182.15,19007929
2016-03-29 00:00:00+05:30,181.4,184.7,180.15,180.7,20820976
2016-03-30 00:00:00+05:30,181.05,185.95,181.05,184.9,16071210
2016-03-31 00:00:00+05:30,184.0,187.75,183.5,185.35,31762181
2016-04-01 00:00:00+05:30,184.2,190.2,183.85,189.75,16533714
2016-04-04 00:00:00+05:30,184.7,188.05,184.15,186.8,15819656
2016-04-05 00:00:00+05:30,185.3,186.6,183.1,184.4,9979943
2016-04-06 00:00:00+05:30,184.6,185.75,183.55,184.05,7673613
2016-04-07 00:00:00+05:30,184.7,184.7,180.15,180.4,11592888
2016-04-08 00:00:00+05:30,180.4,182.15,180.15,181.4,5550769
2016-04-11 00:00:00+05:30,181.85,185.4,179.05,184.85,15993817
2016-04-12 00:00:00+05:30,183.55,183.9,181.3,182.1,6888959
2016-04-13 00:00:00+05:30,183.55,187.9,183.25,187.1,13802579
2016-04-18 00:00:00+05:30,189.2,191.1,187.0,189.45,16417522
2016-04-20 00:00:00+05:30,189.4,191.05,187.8,189.5,10404696
2016-04-21 00:00:00+05:30,189.55,190.0,185.0,186.35,8029549
2016-04-22 00:00:00+05:30,184.1,187.05,183.25,184.0,7253409
2016-04-25 00:00:00+05:30,181.45,183.85,180.95,181.25,7041261
2016-04-26 00:00:00+05:30,176.9,185.45,176.5,184.9,16725833
2016-04-27 00:00:00+05:30,184.15,188.9,184.15,188.4,10774318
2016-04-28 00:00:00+05:30,186.4,187.5,181.6,182.4,22517050
2016-04-29 00:00:00+05:30,182.5,184.2,180.75,183.5,11945237
2016-05-02 00:00:00+05:30,182.55,182.95,180.35,181.4,3772167
2016-05-03 00:00:00+05:30,181.65,182.65,177.35,178.5,12384908
2016-05-04 00:00:00+05:30,177.9,180.4,175.2,176.55,7128255
2016-05-05 00:00:00+05:30,176.2,180.9,175.95,179.4,7321705
2016-05-06 00:00:00+05:30,176.75,180.35,172.85,179.45,18017950
2016-05-09 00:00:00+05:30,180.7,184.05,180.4,183.45,9861254
2016-05-10 00:00:00+05:30,183.55,184.1,181.7,182.7,9534884
2016-05-11 00:00:00+05:30,180.7,181.7,178.5,179.6,12418772
2016-05-12 00:00:00+05:30,180.15,181.35,177.95,179.7,6438292
2016-05-13 00:00:00+05:30,179.6,181.7,177.95,180.35,10915611
2016-05-16 00:00:00+05:30,179.8,186.4,179.1,186.05,14996149
2016-05-17 00:00:00+05:30,186.4,188.3,185.65,186.65,13854557
2016-05-18 00:00:00+05:30,185.0,189.1,184.0,187.9,8804941
2016-05-19 00:00:00+05:30,188.65,188.65,182.15,183.45,9929212
2016-05-20 00:00:00+05:30,184.55,191.3,183.45,186.6,23429447
2016-05-23 00:00:00+05:30,197.45,200.2,191.75,195.9,61069030
2016-05-24 00:00:00+05:30,196.55,198.7,195.8,196.6,18116028
2016-05-25 00:00:00+05:30,197.9,201.85,197.55,201.1,11510571
2016-05-26 00:00:00+05:30,201.05,205.6,199.7,204.7,14555923
2016-05-27 00:00:00+05:30,205.0,205.5,201.2,202.9,12163527
2016-05-30 00:00:00+05:30,199.55,202.45,199.2,201.35,8512607
2016-05-31 00:00:00+05:30,201.05,203.0,197.2,198.25,16760940
2016-06-01 00:00:00+05:30,199.35,204.55,199.35,204.1,13815844
2016-06-02 00:00:00+05:30,203.25,203.6,199.45,202.2,15261755
2016-06-03 00:00:00+05:30,203.25,203.25,199.15,199.85,8217699
2016-06-06 00:00:00+05:30,199.75,201.6,198.45,200.85,8566885
2016-06-07 00:00:00+05:30,201.6,205.45,201.6,204.85,12255525
2016-06-08 00:00:00+05:30,205.6,206.15,203.75,204.9,8474405
2016-06-09 00:00:00+05:30,204.75,205.0,199.15,200.0,13432385
2016-06-10 00:00:00+05:30,199.35,202.55,197.7,198.05,12428483
2016-06-13 00:00:00+05:30,196.85,199.65,195.2,197.6,13565604
2016-06-14 00:00:00+05:30,198.2,199.9,196.45,199.5,8738945
2016-06-15 00:00:00+05:30,199.9,203.35,199.75,203.05,11010853
2016-06-16 00:00:00+05:30,203.0,203.0,198.3,200.45,10084221
2016-06-17 00:00:00+05:30,200.7,203.75,200.7,203.25,10383113
2016-06-20 00:00:00+05:30,203.6,203.9,200.55,202.2,10043027
2016-06-21 00:00:00+05:30,201.9,203.15,200.8,202.45,7697293
2016-06-22 00:00:00+05:30,201.05,202.85,199.15,200.3,10304123
2016-06-23 00:00:00+05:30,200.5,204.15,200.5,203.45,10010134
2016-06-24 00:00:00+05:30,199.15,203.4,197.8,200.0,13929222
2016-06-27 00:00:00+05:30,200.0,204.1,200.0,202.7,11845330
2016-06-28 00:00:00+05:30,203.35,208.5,202.7,208.15,18148410
2016-06-29 00:00:00+05:30,208.9,208.9,205.6,206.85,13359714
2016-06-30 00:00:00+05:30,207.85,209.9,206.75,208.05,24166898
2016-07-01 00:00:00+05:30,206.15,220.05,205.5,213.75,32309205
2016-07-04 00:00:00+05:30,215.2,215.2,206.7,207.45,16183218
2016-07-05 00:00:00+05:30,208.3,209.25,205.2,206.35,10393871
2016-07-07 00:00:00+05:30,207.1,210.65,206.6,209.25,10360586
2016-07-08 00:00:00+05:30,209.6,209.6,205.45,208.3,7977495
2016-07-11 00:00:00+05:30,210.35,213.15,209.0,211.1,8403293
2016-07-12 00:00:00+05:30,212.6,213.45,209.25,210.45,4790564
2016-07-13 00:00:00+05:30,210.5,211.15,208.4,209.3,5021562
2016-07-14 00:00:00+05:30,209.25,212.65,207.65,210.7,7043571
2016-07-15 00:00:00+05:30,210.95,213.95,209.7,210.85,10805810
2016-07-18 00:00:00+05:30,211.0,211.75,209.75,210.85,7891540
2016-07-19 00:00:00+05:30,210.95,211.8,208.05,211.0,7771083
2016-07-20 00:00:00+05:30,211.0,213.5,210.05,212.0,10767251
2016-07-21 00:00:00+05:30,214.3,214.75,208.8,212.3,13547145
2016-07-22 00:00:00+05:30,214.45,217.05,209.35,211.65,18245313
2016-07-25 00:00:00+05:30,211.35,213.5,210.95,213.3,10256315
2016-07-26 00:00:00+05:30,213.2,214.8,212.2,213.3,7882749
2016-07-27 00:00:00+05:30,212.65,214.95,208.65,209.6,10288358
2016-07-28 00:00:00+05:30,211.25,216.35,210.3,215.45,13123120
2016-07-29 00:00:00+05:30,215.35,217.3,213.0,213.85,14024460
2016-08-01 00:00:00+05:30,213.5,216.15,211.4,212.3,11050974
2016-08-02 00:00:00+05:30,212.65,221.95,212.65,220.9,19400328
2016-08-03 00:00:00+05:30,220.25,220.25,212.85,214.05,12701777
2016-08-04 00:00:00+05:30,215.2,215.9,211.95,213.55,10014771
2016-08-05 00:00:00+05:30,213.6,217.3,212.75,213.95,5046915
2016-08-08 00:00:00+05:30,214.3,215.85,211.35,211.75,9729693
2016-08-09 00:00:00+05:30,211.8,211.8,208.5,209.8,10820231
2016-08-10 00:00:00+05:30,210.1,210.45,208.25,208.8,6076188
2016-08-11 00:00:00+05:30,209.25,214.15,208.85,213.2,12422657
2016-08-12 00:00:00+05:30,212.25,216.45,212.05,215.25,9578637
2016-08-16 00:00:00+05:30,215.4,218.55,214.7,216.1,11901132
2016-08-17 00:00:00+05:30,215.65,217.5,213.65,214.95,9629212
2016-08-18 00:00:00+05:30,215.55,216.35,213.05,213.6,7725853
2016-08-19 00:00:00+05:30,213.5,213.8,211.55,212.6,6158205
2016-08-22 00:00:00+05:30,213.2,215.85,213.05,215.25,4838475
2016-08-23 00:00:00+05:30,215.55,216.0,212.05,213.0,7453416
2016-08-24 00:00:00+05:30,212.8,213.5,211.05,212.0,6223701
2016-08-25 00:00:00+05:30,213.55,216.0,212.0,214.7,11005055
2016-08-26 00:00:00+05:30,214.6,215.9,213.5,215.0,5495784
2016-08-29 00:00:00+05:30,214.3,215.15,212.7,214.15,4940014
2016-08-30 00:00:00+05:30,214.95,218.45,214.35,218.0,8894438
2016-08-31 00:00:00+05:30,218.8,221.5,217.2,220.3,14768912
2016-09-01 00:00:00+05:30,221.1,222.8,219.5,221.1,9681036
2016-09-02 00:00:00+05:30,221.95,223.35,220.5,222.75,10584296
2016-09-06 00:00:00+05:30,222.8,225.3,221.2,222.45,10598708
2016-09-07 00:00:00+05:30,223.65,224.45,221.95,222.65,7410914
2016-09-08 00:00:00+05:30,223.2,224.95,222.55,224.4,9625389
2016-09-09 00:00:00+05:30,222.8,224.0,217.75,218.8,11279856
2016-09-12 00:00:00+05:30,216.8,217.45,213.3,213.65,8491474
2016-09-14 00:00:00+05:30,212.65,214.4,211.4,213.4,14496112
2016-09-15 00:00:00+05:30,213.9,218.45,213.9,216.8,8993194
2016-09-16 00:00:00+05:30,216.85,222.15,216.35,220.6,16230960
2016-09-19 00:00:00+05:30,221.5,222.45,218.75,219.3,7486389
2016-09-20 00:00:00+05:30,219.6,219.65,216.2,217.7,7731153
2016-09-21 00:00:00+05:30,217.45,219.25,214.3,214.9,10174947
2016-09-22 00:00:00+05:30,216.4,217.9,214.95,216.2,8893745
2016-09-23 00:00:00+05:30,216.0,217.75,213.35,214.7,5725846
2016-09-26 00:00:00+05:30,214.3,214.55,209.65,210.15,11200151
2016-09-27 00:00:00+05:30,210.65,211.15,207.55,208.3,7682851
2016-09-28 00:00:00+05:30,208.65,211.25,208.0,209.2,8513006
2016-09-29 00:00:00+05:30,210.2,211.15,204.15,208.15,20156620
2016-09-30 00:00:00+05:30,208.1,209.2,203.75,204.45,11036100
2016-10-03 00:00:00+05:30,206.85,206.85,204.6,205.25,7475942
2016-10-04 00:00:00+05:30,205.85,206.65,203.65,204.3,8909646
2016-10-05 00:00:00+05:30,204.85,206.1,202.65,203.5,7203737
2016-10-06 00:00:00+05:30,205.0,205.0,199.6,201.15,10004465
2016-10-07 00:00:00+05:30,201.55,203.55,200.55,202.4,4636536
2016-10-10 00:00:00+05:30,205.0,205.5,202.95,203.4,5835229
2016-10-13 00:00:00+05:30,203.4,204.55,200.75,202.4,12345980
2016-10-14 00:00:00+05:30,202.45,203.75,201.65,203.25,10664650
2016-10-17 00:00:00+05:30,203.25,204.8,202.05,203.85,7103009
2016-10-18 00:00:00+05:30,204.15,208.85,203.6,208.35,13620969
2016-10-19 00:00:00+05:30,208.1,208.1,201.95,202.85,9724404
2016-10-20 00:00:00+05:30,204.15,204.45,201.7,202.75,5090370
2016-10-21 00:00:00+05:30,202.45,204.25,202.25,203.45,12246515
2016-10-24 00:00:00+05:30,204.15,205.0,203.05,204.45,11071622
2016-10-25 00:00:00+05:30,205.8,205.8,201.75,202.25,6877383
2016-10-26 00:00:00+05:30,203.2,205.45,197.8,202.25,27669425
2016-10-27 00:00:00+05:30,204.3,207.4,203.0,205.95,17750659
2016-10-28 00:00:00+05:30,206.95,206.95,202.9,205.95,10770777
2016-11-01 00:00:00+05:30,205.7,205.7,202.6,203.3,6379830
2016-11-02 00:00:00+05:30,200.8,202.4,199.2,201.05,5419551
2016-11-03 00:00:00+05:30,200.8,205.25,199.9,203.6,10254332
2016-11-04 00:00:00+05:30,213.05,217.2,209.25,211.0,40771223
2016-11-07 00:00:00+05:30,215.0,219.95,209.25,217.3,28058847
2016-11-08 00:00:00+05:30,217.3,218.1,213.65,216.5,11487250
2016-11-09 00:00:00+05:30,202.6,216.0,202.05,210.2,26624240
2016-11-10 00:00:00+05:30,214.2,214.3,208.05,212.7,13374015
2016-11-11 00:00:00+05:30,210.1,210.9,204.15,205.85,14732325
2016-11-15 00:00:00+05:30,204.95,209.15,199.75,201.2,24507341
2016-11-16 00:00:00+05:30,201.6,202.55,193.2,195.6,35455993
2016-11-17 00:00:00+05:30,193.55,198.25,193.5,196.1,10733101
2016-11-18 00:00:00+05:30,194.85,196.05,192.35,193.0,9547256
2016-11-21 00:00:00+05:30,193.3,193.65,189.45,189.9,8770837
2016-11-22 00:00:00+05:30,190.6,193.25,189.35,191.55,10654859
2016-11-23 00:00:00+05:30,192.5,192.95,189.35,190.3,11935411
2016-11-24 00:00:00+05:30,190.6,190.8,188.15,189.35,20816318
2016-11-25 00:00:00+05:30,190.15,195.2,188.95,193.85,8784253
2016-11-28 00:00:00+05:30,193.5,198.4,192.55,198.0,10545437
2016-11-29 00:00:00+05:30,197.4,199.6,195.05,195.75,9959083
2016-11-30 00:00:00+05:30,196.55,198.6,194.15,196.95,12812100
2016-12-01 00:00:00+05:30,197.2,199.1,195.75,197.8,5966041
2016-12-02 00:00:00+05:30,197.35,197.35,193.15,193.6,9678807
2016-12-05 00:00:00+05:30,193.95,197.55,192.65,197.0,5923287
2016-12-06 00:00:00+05:30,197.35,197.35,194.15,195.0,5678503
2016-12-07 00:00:00+05:30,196.1,196.1,191.9,192.45,9373951
2016-12-08 00:00:00+05:30,194.05,199.3,193.4,197.65,8515768
2016-12-09 00:00:00+05:30,198.3,203.0,197.0,200.05,9629114
2016-12-12 00:00:00+05:30,198.4,198.85,196.5,196.8,3513260
2016-12-13 00:00:00+05:30,198.95,200.7,196.75,199.6,8602868
2016-12-14 00:00:00+05:30,199.9,200.35,196.55,197.5,7299462
2016-12-15 00:00:00+05:30,196.55,198.6,193.6,194.55,6165943
2016-12-16 00:00:00+05:30,195.5,195.5,191.45,191.75,14944158
2016-12-19 00:00:00+05:30,190.9,194.0,190.9,192.3,6307463
2016-12-20 00:00:00+05:30,193.6,195.5,192.7,194.8,6841843
2016-12-21 00:00:00+05:30,194.0,194.65,191.05,191.75,14895430
2016-12-22 00:00:00+05:30,190.8,193.5,189.95,192.75,7423781
2016-12-23 00:00:00+05:30,192.7,192.7,189.6,190.35,12444310
2016-12-26 00:00:00+05:30,190.5,191.35,188.05,190.6,10099779
2016-12-27 00:00:00+05:30,191.45,199.0,190.05,198.3,18043484
2016-12-28 00:00:00+05:30,197.1,200.25,197.1,199.45,16378923
2016-12-29 00:00:00+05:30,199.3,200.8,196.8,199.9,16247809
2016-12-30 00:00:00+05:30,201.15,205.35,200.2,204.7,12047737
2017-01-02 00:00:00+05:30,205.0,205.2,202.1,204.1,5650947
2017-01-03 00:00:00+05:30,204.05,208.15,202.7,206.15,8681842
2017-01-04 00:00:00+05:30,205.75,209.25,203.4,207.95,10764370
2017-01-05 00:00:00+05:30,207.1,209.95,206.75,209.0,10612400
2017-01-06 00:00:00+05:30,209.25,210.95,205.2,205.6,9357484
2017-01-09 00:00:00+05:30,205.75,208.9,205.1,208.3,5612986
2017-01-10 00:00:00+05:30,208.4,211.65,208.15,210.9,13848231
2017-01-11 00:00:00+05:30,211.6,212.2,208.9,209.7,8830247
2017-01-12 00:00:00+05:30,209.85,209.85,206.8,207.25,6475969
2017-01-13 00:00:00+05:30,208.4,212.65,205.45,211.45,5069741
2017-01-16 00:00:00+05:30,211.15,212.5,209.3,210.8,5359475
2017-01-17 00:00:00+05:30,210.8,213.7,210.8,213.45,5563207
2017-01-18 00:00:00+05:30,213.15,215.45,211.6,212.5,8387950
2017-01-19 00:00:00+05:30,211.55,215.85,211.4,215.3,10619064
2017-01-20 00:00:00+05:30,215.4,217.1,214.95,216.35,12537752
2017-01-23 00:00:00+05:30,216.1,220.4,216.05,219.95,12360034
2017-01-24 00:00:00+05:30,219.95,220.85,218.05,220.15,9286374
2017-01-25 00:00:00+05:30,220.25,225.65,219.95,224.95,20177473
2017-01-27 00:00:00+05:30,223.2,226.15,216.95,218.1,28323541
2017-01-30 00:00:00+05:30,218.9,221.1,216.45,216.95,10302453
2017-01-31 00:00:00+05:30,217.05,220.25,215.7,218.65,11557042
2017-02-01 00:00:00+05:30,220.25,228.8,219.0,228.45,39126831
2017-02-02 00:00:00+05:30,229.6,237.15,228.3,232.4,34365459
2017-02-03 00:00:00+05:30,232.15,233.4,229.15,231.3,10417280
2017-02-06 00:00:00+05:30,232.85,236.35,232.2,234.5,9505783
2017-02-07 00:00:00+05:30,236.0,247.5,233.45,234.75,28113256
2017-02-08 00:00:00+05:30,233.4,236.35,230.4,232.75,12374470
2017-02-09 00:00:00+05:30,233.8,235.85,230.95,235.2,5645015
2017-02-10 00:00:00+05:30,236.1,236.45,230.05,231.55,8879639
2017-02-13 00:00:00+05:30,233.3,234.1,227.55,229.25,10368306
2017-02-14 00:00:00+05:30,228.7,231.7,228.0,229.4,7695255
2017-02-15 00:00:00+05:30,229.75,233.4,229.75,231.6,8714666
2017-02-16 00:00:00+05:30,228.75,230.0,225.1,225.9,12227321
2017-02-17 00:00:00+05:30,226.5,227.8,223.65,227.15,10800166
2017-02-20 00:00:00+05:30,225.35,226.55,224.95,225.4,6606924
2017-02-21 00:00:00+05:30,225.35,225.55,220.9,222.95,11412967
2017-02-22 00:00:00+05:30,224.0,225.55,221.65,223.15,9813968
2017-02-23 00:00:00+05:30,223.65,227.2,221.6,225.05,14292096
2017-02-27 00:00:00+05:30,224.95,225.35,218.4,224.15,5867832
2017-02-28 00:00:00+05:30,222.8,224.15,221.0,222.15,9528026
2017-03-01 00:00:00+05:30,222.3,228.45,222.3,227.5,16855605
2017-03-02 00:00:00+05:30,227.5,228.95,223.2,224.3,11638396
2017-03-03 00:00:00+05:30,221.95,223.1,218.65,221.55,11547260
2017-03-06 00:00:00+05:30,222.55,224.55,221.55,223.7,11052400
2017-03-07 00:00:00+05:30,223.9,224.5,221.2,223.85,7997606
2017-03-08 00:00:00+05:30,224.0,224.95,223.2,223.75,6672834
2017-03-09 00:00:00+05:30,225.45,225.55,222.2,224.45,10963045
2017-03-10 00:00:00+05:30,224.45,224.55,222.5,223.15,6546771
2017-03-14 00:00:00+05:30,225.5,230.15,224.65,226.25,20605451
2017-03-15 00:00:00+05:30,224.65,229.35,224.65,227.2,16115924
2017-03-16 00:00:00+05:30,228.95,229.8,226.6,227.45,10042240
2017-03-17 00:00:00+05:30,234.5,244.7,234.5,238.25,60136747
2017-03-20 00:00:00+05:30,239.7,240.75,235.3,238.8,18380460
2017-03-21 00:00:00+05:30,239.9,244.5,239.75,243.9,15290860
2017-03-22 00:00:00+05:30,241.45,243.85,236.0,237.1,14333466
2017-03-23 00:00:00+05:30,235.05,239.35,233.05,235.15,19536539
2017-03-24 00:00:00+05:30,236.25,239.75,236.15,238.05,8236736
2017-03-27 00:00:00+05:30,237.55,239.7,234.05,238.55,14053616
2017-03-28 00:00:00+05:30,238.55,239.05,237.25,237.6,7272371
2017-03-29 00:00:00+05:30,237.4,240.3,237.4,239.9,9828563
2017-03-30 00:00:00+05:30,240.6,241.15,237.25,239.55,16642447
2017-03-31 00:00:00+05:30,238.05,239.75,236.15,237.45,11054570
2017-04-03 00:00:00+05:30,239.6,240.25,236.05,238.5,8357943
2017-04-05 00:00:00+05:30,239.9,240.15,235.25,236.3,11895922
2017-04-06 00:00:00+05:30,235.65,236.5,231.45,232.2,18084831
2017-04-07 00:00:00+05:30,231.25,232.25,229.5,230.95,10554505
2017-04-10 00:00:00+05:30,232.95,232.95,230.5,231.75,6331888
2017-04-11 00:00:00+05:30,231.35,239.4,230.25,238.95,12642624
2017-04-12 00:00:00+05:30,238.65,241.25,236.85,238.8,8358198
2017-04-13 00:00:00+05:30,238.8,238.9,235.05,236.5,4548788
2017-04-17 00:00:00+05:30,234.3,239.35,233.4,236.45,5585636
2017-04-18 00:00:00+05:30,237.4,240.6,235.6,236.4,5007493
2017-04-19 00:00:00+05:30,238.15,238.45,235.35,236.1,5726623
2017-04-20 00:00:00+05:30,236.95,238.45,235.8,236.8,4899539
2017-04-21 00:00:00+05:30,238.9,238.9,231.0,232.45,10066403
2017-04-24 00:00:00+05:30,234.15,235.1,229.7,234.45,8230748
2017-04-25 00:00:00+05:30,235.5,238.9,232.05,238.3,14708263
2017-04-26 00:00:00+05:30,240.0,248.15,238.9,246.45,21900847
2017-04-27 00:00:00+05:30,246.9,247.25,241.0,242.15,15670731
2017-04-28 00:00:00+05:30,242.15,242.7,235.0,235.5,14307828
2017-05-02 00:00:00+05:30,237.6,238.3,234.25,236.55,8125827
2017-05-03 00:00:00+05:30,236.8,236.8,233.4,234.9,6982645
2017-05-04 00:00:00+05:30,235.4,239.05,233.95,238.2,8985478
2017-05-05 00:00:00+05:30,238.0,238.0,234.15,234.8,4667344
2017-05-08 00:00:00+05:30,235.1,235.9,230.9,231.2,12289920
2017-05-09 00:00:00+05:30,231.7,234.35,229.6,230.0,7803020
2017-05-10 00:00:00+05:30,230.6,233.55,230.4,232.1,5293361
2017-05-11 00:00:00+05:30,233.4,236.5,232.15,234.35,10886110
2017-05-12 00:00:00+05:30,234.95,234.95,232.2,232.9,5202208
2017-05-15 00:00:00+05:30,233.75,236.25,233.4,235.45,6316169
2017-05-16 00:00:00+05:30,235.9,240.85,235.5,240.1,12954455
2017-05-17 00:00:00+05:30,240.65,240.95,236.55,238.6,9593826
2017-05-18 00:00:00+05:30,235.5,238.1,234.7,235.4,9162054
2017-05-19 00:00:00+05:30,239.1,250.45,238.85,242.45,41304344
2017-05-22 00:00:00+05:30,247.75,258.2,246.8,257.2,41553144
2017-05-23 00:00:00+05:30,255.75,257.45,252.65,254.25,22875173
2017-05-24 00:00:00+05:30,254.1,255.8,252.35,254.1,10935192
2017-05-25 00:00:00+05:30,254.1,258.15,250.2,254.15,26326713
2017-05-26 00:00:00+05:30,255.85,265.85,253.8,261.85,25138706
2017-05-29 00:00:00+05:30,257.55,270.95,257.1,267.6,22736901
2017-05-30 00:00:00+05:30,265.1,267.0,262.65,263.8,9882236
2017-05-31 00:00:00+05:30,263.8,265.5,260.05,264.15,14230623
2017-06-01 00:00:00+05:30,264.3,268.35,263.3,266.15,9542192
2017-06-02 00:00:00+05:30,267.8,271.0,267.0,270.45,12803502
2017-06-05 00:00:00+05:30,266.85,269.6,265.4,268.9,10963594
2017-06-06 00:00:00+05:30,268.95,270.25,262.0,263.55,11378431
2017-06-07 00:00:00+05:30,263.7,266.65,262.9,264.5,13336079
2017-06-08 00:00:00+05:30,265.15,265.4,262.1,263.95,8996895
2017-06-09 00:00:00+05:30,263.25,264.8,258.15,259.2,11637724
2017-06-12 00:00:00+05:30,260.05,260.5,256.3,257.9,7245114
2017-06-13 00:00:00+05:30,258.45,259.2,256.0,258.6,5904731
2017-06-14 00:00:00+05:30,258.35,259.2,253.45,254.05,16850558
2017-06-15 00:00:00+05:30,256.6,256.6,253.75,255.75,8587878
2017-06-16 00:00:00+05:30,256.3,262.25,256.3,259.9,14248671
2017-06-19 00:00:00+05:30,261.75,264.15,261.05,263.4,8073362
2017-06-20 00:00:00+05:30,264.3,264.45,261.05,261.5,9551311
2017-06-21 00:00:00+05:30,262.1,263.5,260.25,261.7,9573091
2017-06-22 00:00:00+05:30,261.45,266.15,261.1,263.7,10341951
2017-06-23 00:00:00+05:30,262.6,265.1,261.4,263.5,8297908
2017-06-27 00:00:00+05:30,264.1,268.15,263.5,264.6,11202075
2017-06-28 00:00:00+05:30,263.95,263.95,260.15,261.25,9156055
2017-06-29 00:00:00+05:30,261.85,265.4,261.4,263.95,11480185
2017-06-30 00:00:00+05:30,262.85,275.1,262.85,274.15,26820394
2017-07-03 00:00:00+05:30,293.1,300.55,288.3,290.15,54433600
2017-07-04 00:00:00+05:30,290.4,290.95,284.85,285.7,12986480
2017-07-05 00:00:00+05:30,285.7,286.2,279.8,280.45,13849366
2017-07-06 00:00:00+05:30,283.2,287.0,280.65,285.55,15527184
2017-07-07 00:00:00+05:30,286.35,286.5,282.15,283.2,11469291
2017-07-10 00:00:00+05:30,288.9,311.45,280.4,282.35,1615419
2017-07-11 00:00:00+05:30,283.8,283.85,279.55,279.9,9638900
2017-07-12 00:00:00+05:30,278.2,282.65,277.35,278.55,11850229
2017-07-13 00:00:00+05:30,281.25,287.6,280.4,287.0,20224236
2017-07-14 00:00:00+05:30,287.95,287.95,283.6,285.6,6459256
2017-07-17 00:00:00+05:30,283.8,283.8,271.65,275.45,23494288
2017-07-18 00:00:00+05:30,247.9,247.9,234.15,241.05,172828856
2017-07-19 00:00:00+05:30,243.8,248.15,242.45,246.9,45247153
2017-07-20 00:00:00+05:30,249.1,249.8,244.35,245.25,17697842
2017-07-21 00:00:00+05:30,246.9,247.15,242.75,244.7,15232283
2017-07-24 00:00:00+05:30,245.65,250.2,244.1,248.45,20573866
2017-07-25 00:00:00+05:30,249.9,250.05,246.4,246.9,11052904
2017-07-26 00:00:00+05:30,247.35,249.3,246.9,248.8,10648159
2017-07-27 00:00:00+05:30,249.65,250.25,242.9,244.45,21843912
2017-07-28 00:00:00+05:30,249.3,249.7,243.25,246.95,21383546
2017-07-31 00:00:00+05:30,245.25,245.95,241.0,241.65,24566115
2017-08-01 00:00:00+05:30,241.7,244.45,241.45,243.85,15657320
2017-08-02 00:00:00+05:30,245.5,245.6,240.85,241.85,11408663
2017-08-03 00:00:00+05:30,241.45,241.8,237.75,238.4,11792381
2017-08-04 00:00:00+05:30,237.5,240.95,236.9,237.8,13045462
2017-08-07 00:00:00+05:30,238.55,239.75,236.75,237.1,9771380
2017-08-08 00:00:00+05:30,237.3,238.4,231.7,232.25,14731319
2017-08-09 00:00:00+05:30,232.15,233.3,229.05,231.15,11458188
2017-08-10 00:00:00+05:30,230.95,232.65,229.35,231.35,11557251
2017-08-11 00:00:00+05:30,229.6,232.5,228.8,230.0,16660416
2017-08-14 00:00:00+05:30,232.5,232.5,229.15,229.8,11207123
2017-08-16 00:00:00+05:30,230.4,238.7,229.9,236.55,21612135
2017-08-17 00:00:00+05:30,238.75,239.7,235.4,237.2,15844605
2017-08-18 00:00:00+05:30,236.55,240.6,234.5,238.75,17192629
2017-08-21 00:00:00+05:30,239.2,241.45,238.0,238.55,15132563
2017-08-22 00:00:00+05:30,238.9,241.45,237.45,239.7,13824626
2017-08-23 00:00:00+05:30,240.15,241.95,238.55,239.4,10114041
2017-08-24 00:00:00+05:30,238.9,240.15,238.1,238.45,12509311
2017-08-28 00:00:00+05:30,239.0,239.75,236.6,239.3,11532464
2017-08-29 00:00:00+05:30,239.2,239.7,236.7,237.4,7100519
2017-08-30 00:00:00+05:30,238.15,239.7,237.7,238.9,7554900
2017-08-31 00:00:00+05:30,239.75,239.85,237.5,239.1,12974715
2017-09-01 00:00:00+05:30,239.05,240.9,237.8,240.25,8379994
2017-09-04 00:00:00+05:30,240.1,240.45,238.9,239.8,9805280
2017-09-05 00:00:00+05:30,239.45,240.5,238.55,239.65,9041724
2017-09-06 00:00:00+05:30,237.6,238.05,233.15,233.55,16377914
2017-09-07 00:00:00+05:30,234.7,235.1,228.35,229.05,22220073
2017-09-08 00:00:00+05:30,229.7,231.55,228.7,230.7,11233776
2017-09-11 00:00:00+05:30,230.75,232.5,230.0,231.8,10768911
2017-09-12 00:00:00+05:30,233.4,235.7,232.6,235.2,13255614
2017-09-13 00:00:00+05:30,235.0,235.05,229.55,230.0,14020288
2017-09-14 00:00:00+05:30,230.65,230.85,229.05,230.4,8140957
2017-09-15 00:00:00+05:30,230.4,231.05,227.2,228.1,15201288
2017-09-18 00:00:00+05:30,229.6,230.2,225.55,226.2,11738113
2017-09-19 00:00:00+05:30,227.05,228.7,223.7,226.9,39174960
2017-09-20 00:00:00+05:30,228.2,230.4,226.85,230.05,11105060
2017-09-21 00:00:00+05:30,230.4,230.75,226.25,228.35,8971936
2017-09-22 00:00:00+05:30,228.3,229.55,226.2,227.45,7951815
2017-09-25 00:00:00+05:30,227.5,228.4,221.0,222.15,20329774
2017-09-26 00:00:00+05:30,223.05,223.4,221.15,222.35,11077997
2017-09-27 00:00:00+05:30,224.6,224.95,217.55,219.0,20272424
2017-09-28 00:00:00+05:30,220.6,223.1,219.5,221.55,24979432
2017-09-29 00:00:00+05:30,222.65,222.75,218.1,218.8,14073317
2017-10-03 00:00:00+05:30,222.4,222.6,219.0,221.45,13293938
2017-10-04 00:00:00+05:30,223.7,227.5,222.95,226.5,12463084
2017-10-05 00:00:00+05:30,226.5,228.2,224.0,224.7,8020925
2017-10-06 00:00:00+05:30,225.2,226.6,224.2,225.45,9083350
2017-10-09 00:00:00+05:30,227.05,228.0,225.65,227.05,7039684
2017-10-10 00:00:00+05:30,226.25,226.95,224.65,225.5,6327365
2017-10-11 00:00:00+05:30,225.75,226.85,224.0,224.85,8861934
2017-10-12 00:00:00+05:30,224.95,228.05,223.65,226.2,10597540
2017-10-13 00:00:00+05:30,225.55,226.7,223.8,225.3,13921565
2017-10-16 00:00:00+05:30,225.35,228.7,224.95,226.6,10581852
2017-10-17 00:00:00+05:30,227.05,227.65,225.3,226.4,12289113
2017-10-18 00:00:00+05:30,227.05,229.35,226.25,229.05,8359208
2017-10-23 00:00:00+05:30,228.7,231.05,225.2,226.2,11293874
2017-10-24 00:00:00+05:30,227.45,227.45,225.45,226.2,9712332
2017-10-25 00:00:00+05:30,227.4,230.0,227.2,228.05,6868536
2017-10-26 00:00:00+05:30,229.4,229.4,226.3,227.4,10706621
2017-10-27 00:00:00+05:30,229.25,233.8,226.55,228.15,26555874
2017-10-30 00:00:00+05:30,227.85,229.25,223.15,224.65,20336583
2017-10-31 00:00:00+05:30,225.4,226.15,223.55,225.1,9410850
2017-11-01 00:00:00+05:30,226.2,229.75,225.55,228.6,8368230
2017-11-02 00:00:00+05:30,228.45,228.7,224.75,225.05,11196507
2017-11-03 00:00:00+05:30,226.2,226.95,224.4,224.85,6914259
2017-11-06 00:00:00+05:30,225.55,226.95,223.9,224.4,10429789
2017-11-07 00:00:00+05:30,225.1,226.8,223.35,224.75,10991692
2017-11-08 00:00:00+05:30,224.8,225.75,224.25,224.85,6887633
2017-11-09 00:00:00+05:30,225.65,225.75,219.65,220.3,23408892
2017-11-10 00:00:00+05:30,220.7,224.65,219.75,221.7,19415001
2017-11-13 00:00:00+05:30,222.8,223.05,218.55,218.8,8551488
2017-11-14 00:00:00+05:30,219.0,220.95,216.85,217.35,9637535
2017-11-15 00:00:00+05:30,217.75,218.05,212.1,214.6,19669009
2017-11-16 00:00:00+05:30,215.8,216.5,213.8,216.1,11515603
2017-11-17 00:00:00+05:30,217.3,219.4,216.85,218.55,11560293
2017-11-20 00:00:00+05:30,219.05,220.85,217.95,219.6,9152813
2017-11-21 00:00:00+05:30,219.85,219.85,216.15,216.7,19223281
2017-11-22 00:00:00+05:30,216.85,219.1,216.5,218.65,9954862
2017-11-23 00:00:00+05:30,218.85,220.85,217.2,218.65,8699671
2017-11-24 00:00:00+05:30,219.0,221.5,218.6,220.85,8495498
2017-11-27 00:00:00+05:30,220.25,220.7,218.0,219.65,5592016
2017-11-28 00:00:00+05:30,219.5,219.6,216.85,217.75,20243844
2017-11-29 00:00:00+05:30,218.55,219.15,217.75,218.6,10056447
2017-11-30 00:00:00+05:30,218.45,218.7,215.75,216.9,25570857
2017-12-01 00:00:00+05:30,217.7,219.95,215.75,216.15,7623467
2017-12-04 00:00:00+05:30,216.85,217.1,214.8,216.1,7066471
2017-12-05 00:00:00+05:30,216.0,216.3,213.9,215.05,10395898
2017-12-06 00:00:00+05:30,214.55,214.55,212.5,213.15,9532314
2017-12-07 00:00:00+05:30,211.8,215.25,211.8,214.6,6274085
2017-12-08 00:00:00+05:30,214.95,223.0,214.65,222.15,15184348
2017-12-11 00:00:00+05:30,224.2,226.6,223.05,225.55,19864741
2017-12-12 00:00:00+05:30,224.05,224.65,220.7,221.55,10686841
2017-12-13 00:00:00+05:30,219.95,222.3,218.25,219.4,10005162
2017-12-14 00:00:00+05:30,221.0,225.45,218.2,223.85,9299834
2017-12-15 00:00:00+05:30,225.35,226.2,223.15,224.15,14186052
2017-12-18 00:00:00+05:30,224.95,224.95,219.45,223.0,10744663
2017-12-19 00:00:00+05:30,223.1,224.85,222.9,223.85,6799839
2017-12-20 00:00:00+05:30,224.25,224.25,222.55,223.05,8603898
2017-12-21 00:00:00+05:30,225.3,225.3,221.6,222.85,7829122
2017-12-22 00:00:00+05:30,223.2,223.8,222.1,222.9,7405901
2017-12-26 00:00:00+05:30,223.05,224.5,222.5,223.75,11041573
2017-12-27 00:00:00+05:30,223.8,223.9,221.65,222.1,7042451
2017-12-28 00:00:00+05:30,223.1,223.7,221.15,221.8,18372025
2017-12-29 00:00:00+05:30,222.4,223.65,222.15,223.05,7591185
2018-01-01 00:00:00+05:30,223.05,225.55,221.3,222.2,12095052
2018-01-02 00:00:00+05:30,222.45,223.8,220.65,220.85,6576927
2018-01-03 00:00:00+05:30,221.35,222.5,220.75,221.2,12740196
2018-01-04 00:00:00+05:30,221.05,222.6,220.75,221.55,10832365
2018-01-05 00:00:00+05:30,221.85,223.2,221.85,222.75,10650889
2018-01-08 00:00:00+05:30,223.65,226.0,223.05,225.0,16687754
2018-01-09 00:00:00+05:30,224.95,230.4,224.3,229.2,29757963
2018-01-10 00:00:00+05:30,231.65,232.15,227.9,228.2,19009479
2018-01-11 00:00:00+05:30,228.3,229.6,227.15,228.55,13050580
2018-01-12 00:00:00+05:30,228.95,229.9,225.45,226.65,9457465
2018-01-15 00:00:00+05:30,227.05,229.65,226.2,226.7,12184449
2018-01-16 00:00:00+05:30,227.2,227.65,220.9,221.7,14956309
2018-01-17 00:00:00+05:30,221.95,226.2,219.9,225.4,18933586
2018-01-18 00:00:00+05:30,227.05,233.15,225.9,231.6,30573131
2018-01-19 00:00:00+05:30,233.8,235.05,229.65,232.6,29726582
2018-01-22 00:00:00+05:30,232.95,233.4,230.2,231.85,9641757
2018-01-23 00:00:00+05:30,232.15,234.9,231.75,234.35,21094216
2018-01-24 00:00:00+05:30,234.35,238.9,233.85,238.45,20008363
2018-01-25 00:00:00+05:30,238.05,239.9,236.0,238.25,15174607
2018-01-29 00:00:00+05:30,238.15,240.0,232.95,233.5,11064542
2018-01-30 00:00:00+05:30,232.95,234.2,230.35,233.1,15096862
2018-01-31 00:00:00+05:30,232.05,233.8,228.6,229.95,21905358
2018-02-01 00:00:00+05:30,230.4,245.95,226.5,233.2,68634701
2018-02-02 00:00:00+05:30,232.5,242.0,229.4,233.25,40476704
2018-02-05 00:00:00+05:30,231.75,238.65,230.25,236.55,22784529
2018-02-06 00:00:00+05:30,228.7,234.95,227.15,231.7,18294280
2018-02-07 00:00:00+05:30,235.5,236.15,232.15,233.1,14979885
2018-02-08 00:00:00+05:30,233.55,234.6,230.95,232.2,11307562
2018-02-09 00:00:00+05:30,229.6,230.85,226.85,229.9,16422850
2018-02-12 00:00:00+05:30,230.8,232.0,228.1,228.6,7762376
2018-02-14 00:00:00+05:30,228.7,229.6,224.6,225.75,13068819
2018-02-15 00:00:00+05:30,225.75,228.65,224.35,227.15,13569483
2018-02-16 00:00:00+05:30,228.6,229.35,225.0,225.7,7127052
2018-02-19 00:00:00+05:30,225.35,226.85,222.4,223.7,7017672
2018-02-20 00:00:00+05:30,223.65,225.2,222.1,223.05,10753864
2018-02-21 00:00:00+05:30,223.65,227.85,223.15,227.2,12203902
2018-02-22 00:00:00+05:30,226.35,227.85,224.9,226.25,22105082
2018-02-23 00:00:00+05:30,226.55,228.7,225.45,227.9,7549142
2018-02-26 00:00:00+05:30,227.5,228.3,225.35,225.8,9687615
2018-02-27 00:00:00+05:30,227.05,227.2,224.95,225.65,8590500
2018-02-28 00:00:00+05:30,224.5,225.55,222.85,224.55,15552255
2018-03-01 00:00:00+05:30,223.8,225.45,222.7,223.65,8997055
2018-03-05 00:00:00+05:30,223.05,223.05,220.25,220.5,7658241
2018-03-06 00:00:00+05:30,221.15,222.3,216.45,217.3,9458172
2018-03-07 00:00:00+05:30,217.3,220.7,214.8,220.2,17520197
2018-03-08 00:00:00+05:30,220.55,221.85,218.35,219.3,6968472
2018-03-09 00:00:00+05:30,219.4,221.0,218.75,219.65,7064792
2018-03-12 00:00:00+05:30,223.65,229.45,222.8,228.8,23008887
2018-03-13 00:00:00+05:30,228.4,230.4,226.35,228.25,9627568
2018-03-14 00:00:00+05:30,227.1,227.9,224.75,227.1,9142214
2018-03-15 00:00:00+05:30,226.2,228.65,224.65,224.95,6425792
2018-03-16 00:00:00+05:30,225.65,225.65,219.3,220.7,23910893
2018-03-19 00:00:00+05:30,220.7,222.15,218.8,219.55,14945263
2018-03-20 00:00:00+05:30,218.65,220.25,218.15,219.6,8649656
2018-03-21 00:00:00+05:30,220.3,221.65,219.15,219.45,14939145
2018-03-22 00:00:00+05:30,220.25,221.5,218.4,218.8,9262494
2018-03-23 00:00:00+05:30,216.85,219.25,215.85,216.85,12932913
2018-03-26 00:00:00+05:30,214.25,220.25,213.9,218.65,14452218
2018-03-27 00:00:00+05:30,219.25,220.7,217.65,219.3,10139224
2018-03-28 00:00:00+05:30,218.55,219.35,215.5,216.45,14187165
2018-04-02 00:00:00+05:30,217.75,219.35,216.4,218.75,8127025
2018-04-03 00:00:00+05:30,218.55,220.25,218.15,219.0,5894568
2018-04-04 00:00:00+05:30,219.85,220.1,217.8,219.05,9703951
2018-04-05 00:00:00+05:30,216.45,220.25,216.45,219.95,10537183
2018-04-06 00:00:00+05:30,220.7,221.95,220.3,220.95,7051635
2018-04-09 00:00:00+05:30,221.2,225.85,221.0,225.2,10657272
2018-04-10 00:00:00+05:30,225.6,227.65,224.6,225.9,16976005
2018-04-11 00:00:00+05:30,226.1,226.65,223.1,224.65,6049518
2018-04-12 00:00:00+05:30,224.6,224.65,221.45,221.9,7081750
2018-04-13 00:00:00+05:30,222.8,223.2,220.25,220.85,5770972
2018-04-16 00:00:00+05:30,220.7,224.4,220.25,224.0,6026340
2018-04-17 00:00:00+05:30,224.85,227.4,222.55,226.7,15270860
2018-04-18 00:00:00+05:30,227.65,236.25,227.05,233.25,27535892
2018-04-19 00:00:00+05:30,234.9,237.2,233.15,235.0,14826523
2018-04-20 00:00:00+05:30,233.8,236.55,231.7,234.0,12476071
2018-04-23 00:00:00+05:30,233.8,234.85,232.95,233.4,13581015
2018-04-24 00:00:00+05:30,233.8,236.25,232.65,233.8,9769167
2018-04-25 00:00:00+05:30,233.4,234.05,231.0,232.2,5698713
2018-04-26 00:00:00+05:30,232.6,236.45,231.25,235.7,23451239
2018-04-27 00:00:00+05:30,236.9,238.0,235.85,236.7,11253141
2018-04-30 00:00:00+05:30,236.9,240.45,236.9,238.45,6843526
2018-05-02 00:00:00+05:30,239.0,244.55,237.4,243.35,18582130
2018-05-03 00:00:00+05:30,243.55,245.4,239.75,241.45,10829511
2018-05-04 00:00:00+05:30,243.15,243.15,233.7,234.8,12607463
2018-05-07 00:00:00+05:30,235.75,240.05,234.6,239.1,7487301
2018-05-08 00:00:00+05:30,239.85,242.2,238.9,239.5,7618113
2018-05-09 00:00:00+05:30,238.45,240.6,238.45,239.15,4872674
2018-05-10 00:00:00+05:30,239.7,240.55,234.95,237.35,6558218
2018-05-11 00:00:00+05:30,238.8,240.6,237.0,240.3,4500065
2018-05-14 00:00:00+05:30,239.75,243.4,238.9,241.25,7491388
2018-05-15 00:00:00+05:30,241.3,242.25,237.8,238.75,8992417
2018-05-16 00:00:00+05:30,237.2,244.65,236.85,242.15,20884343
2018-05-17 00:00:00+05:30,244.0,244.55,235.9,236.3,12435060
2018-05-18 00:00:00+05:30,235.95,241.9,233.8,239.15,17831122
2018-05-21 00:00:00+05:30,239.15,240.6,235.9,239.2,9919297
2018-05-22 00:00:00+05:30,238.9,239.8,235.55,236.15,5469978
2018-05-23 00:00:00+05:30,236.35,236.7,231.2,231.65,9124637
2018-05-24 00:00:00+05:30,232.15,234.5,230.2,232.8,7263673
2018-05-25 00:00:00+05:30,230.75,232.95,227.7,230.65,10688256
2018-05-28 00:00:00+05:30,232.15,235.05,230.75,233.2,8090046
2018-05-29 00:00:00+05:30,232.75,235.3,230.8,232.2,10210426
2018-05-30 00:00:00+05:30,230.85,231.85,229.3,230.3,9256100
2018-05-31 00:00:00+05:30,230.6,231.0,228.4,230.15,15276531
2018-06-01 00:00:00+05:30,229.7,230.2,227.95,228.7,7639921
2018-06-04 00:00:00+05:30,228.95,230.35,226.6,227.8,9231254
2018-06-05 00:00:00+05:30,227.85,228.6,226.05,226.6,6692474
2018-06-06 00:00:00+05:30,227.05,229.7,226.85,229.05,8436579
2018-06-07 00:00:00+05:30,229.15,230.65,228.8,229.65,7859628
2018-06-08 00:00:00+05:30,229.65,230.0,226.2,226.95,7827039
2018-06-11 00:00:00+05:30,227.5,230.3,227.15,228.05,9912098
2018-06-12 00:00:00+05:30,228.1,232.6,228.05,228.95,9769355
2018-06-13 00:00:00+05:30,230.0,230.25,226.35,226.9,9039029
2018-06-14 00:00:00+05:30,225.75,227.8,225.35,226.4,10601920
2018-06-15 00:00:00+05:30,226.6,226.85,223.3,224.05,12503868
2018-06-18 00:00:00+05:30,224.0,224.95,223.2,224.1,7262219
2018-06-19 00:00:00+05:30,224.4,226.3,222.5,225.4,8482012
2018-06-20 00:00:00+05:30,225.7,226.2,222.85,223.4,11030416
2018-06-21 00:00:00+05:30,224.0,224.35,220.6,220.95,8252377
2018-06-22 00:00:00+05:30,220.7,226.0,220.25,224.65,19448106
2018-06-25 00:00:00+05:30,224.65,224.85,220.05,222.45,15744846
2018-06-26 00:00:00+05:30,222.35,225.45,222.1,224.35,11662724
2018-06-27 00:00:00+05:30,224.4,224.5,221.5,222.6,11604771
2018-06-28 00:00:00+05:30,221.95,223.65,219.4,220.7,16923355
2018-06-29 00:00:00+05:30,221.8,226.65,220.55,225.5,12610729
2018-07-02 00:00:00+05:30,226.2,226.25,220.3,222.85,20924940
2018-07-03 00:00:00+05:30,223.2,225.95,221.2,224.9,12007173
2018-07-04 00:00:00+05:30,225.55,225.55,222.15,224.0,9112358
2018-07-05 00:00:00+05:30,224.15,231.95,223.2,230.85,17890159
2018-07-06 00:00:00+05:30,231.05,232.75,228.85,230.95,14957523
2018-07-09 00:00:00+05:30,232.95,233.8,230.6,232.5,11310061
2018-07-10 00:00:00+05:30,233.4,235.05,231.35,234.7,13280405
2018-07-11 00:00:00+05:30,234.55,237.45,231.9,233.6,13137544
2018-07-12 00:00:00+05:30,233.6,235.6,231.55,234.85,11449686
2018-07-13 00:00:00+05:30,235.5,235.75,228.05,229.05,21493959
2018-07-16 00:00:00+05:30,229.0,231.55,228.45,230.1,11886944
2018-07-17 00:00:00+05:30,229.65,231.25,228.1,228.6,11600570
2018-07-18 00:00:00+05:30,229.65,229.85,226.7,227.5,8151524
2018-07-19 00:00:00+05:30,227.8,232.6,225.55,231.55,10355833
2018-07-20 00:00:00+05:30,231.5,232.75,229.3,232.15,7599185
2018-07-23 00:00:00+05:30,236.8,242.8,234.8,240.7,30126327
2018-07-24 00:00:00+05:30,241.0,243.15,240.2,242.0,14003401
2018-07-25 00:00:00+05:30,240.8,243.1,239.9,242.4,15379608
2018-07-26 00:00:00+05:30,243.15,246.65,240.75,243.3,23931642
2018-07-27 00:00:00+05:30,254.1,260.2,249.9,256.35,87712065
2018-07-30 00:00:00+05:30,255.85,257.2,254.1,255.05,19748788
2018-07-31 00:00:00+05:30,254.75,255.3,250.35,252.2,16838101
2018-08-01 00:00:00+05:30,252.5,256.6,250.85,255.5,16909090
2018-08-02 00:00:00+05:30,254.55,257.1,251.85,253.5,11385788
2018-08-03 00:00:00+05:30,254.1,258.75,252.55,257.5,14418282
2018-08-06 00:00:00+05:30,258.4,260.0,254.1,255.7,8884206
2018-08-07 00:00:00+05:30,256.6,257.7,253.95,255.05,8311801
2018-08-08 00:00:00+05:30,254.35,256.2,254.1,254.95,7448558
2018-08-09 00:00:00+05:30,255.65,258.05,254.15,256.3,10661793
2018-08-10 00:00:00+05:30,255.85,260.0,255.1,258.2,17086289
2018-08-13 00:00:00+05:30,257.55,260.75,256.8,259.15,11512997
2018-08-14 00:00:00+05:30,260.05,262.8,259.95,260.85,14239711
2018-08-16 00:00:00+05:30,260.85,261.3,258.5,260.45,21591269
2018-08-17 00:00:00+05:30,260.75,267.1,260.75,265.8,29383448
2018-08-20 00:00:00+05:30,266.15,266.85,263.7,265.4,22220046
2018-08-21 00:00:00+05:30,266.4,268.5,264.3,265.1,15746087
2018-08-23 00:00:00+05:30,266.0,268.05,260.4,264.3,13076208
2018-08-24 00:00:00+05:30,263.5,264.3,260.05,262.95,6296506
2018-08-27 00:00:00+05:30,263.6,266.7,263.05,265.5,6103325
2018-08-28 00:00:00+05:30,266.0,267.55,263.5,264.0,7642201
2018-08-29 00:00:00+05:30,264.05,267.25,262.6,265.0,11966128
2018-08-30 00:00:00+05:30,265.6,271.6,265.6,270.95,28873866
2018-08-31 00:00:00+05:30,272.8,273.25,268.7,270.95,20909583
2018-09-03 00:00:00+05:30,273.55,273.55,263.55,265.35,10536476
2018-09-04 00:00:00+05:30,264.3,264.45,260.05,262.25,12931484
2018-09-05 00:00:00+05:30,262.95,266.35,261.95,262.85,11722979
2018-09-06 00:00:00+05:30,263.8,264.1,261.0,263.3,8798374
2018-09-07 00:00:00+05:30,263.95,265.35,261.05,263.0,8311340
2018-09-10 00:00:00+05:30,262.8,263.25,258.85,259.7,11140998
2018-09-11 00:00:00+05:30,259.75,259.85,250.35,251.75,30068937
2018-09-12 00:00:00+05:30,252.2,260.6,250.25,259.9,22457625
2018-09-14 00:00:00+05:30,260.05,261.45,258.45,260.2,14826545
2018-09-17 00:00:00+05:30,258.4,259.3,255.4,255.85,6735609
2018-09-18 00:00:00+05:30,256.0,258.3,253.55,256.9,9480429
2018-09-19 00:00:00+05:30,257.95,258.9,252.45,253.85,7111037
2018-09-21 00:00:00+05:30,254.45,259.75,254.45,257.5,18889140
2018-09-24 00:00:00+05:30,258.4,259.5,247.8,252.4,16710218
2018-09-25 00:00:00+05:30,251.55,256.15,247.65,255.1,15347361
2018-09-26 00:00:00+05:30,256.65,256.65,245.45,248.35,22998944
2018-09-27 00:00:00+05:30,248.65,250.0,245.25,248.5,13972542
2018-09-28 00:00:00+05:30,249.9,254.1,247.2,252.2,28450530
2018-10-01 00:00:00+05:30,254.85,256.6,248.55,251.7,10435348
2018-10-03 00:00:00+05:30,251.65,254.1,249.6,250.05,8752642
2018-10-04 00:00:00+05:30,248.95,250.5,241.6,243.2,9371907
2018-10-05 00:00:00+05:30,241.9,242.25,233.05,234.25,20375730
2018-10-08 00:00:00+05:30,236.35,236.7,228.0,231.45,18996978
2018-10-09 00:00:00+05:30,233.4,233.4,226.85,227.5,12187159
2018-10-10 00:00:00+05:30,228.65,229.7,226.35,228.8,13272806
2018-10-11 00:00:00+05:30,224.5,228.1,223.35,224.65,12267238
2018-10-12 00:00:00+05:30,226.6,235.2,226.45,233.1,15523032
2018-10-15 00:00:00+05:30,236.3,240.25,233.8,239.35,20734561
2018-10-16 00:00:00+05:30,239.75,240.35,234.1,239.45,13721810
2018-10-17 00:00:00+05:30,240.5,247.05,238.5,242.65,17698374
2018-10-19 00:00:00+05:30,241.45,246.95,241.25,245.2,9286768
2018-10-22 00:00:00+05:30,247.35,248.3,243.4,244.4,14435045
2018-10-23 00:00:00+05:30,242.25,246.7,240.2,242.25,12537831
2018-10-24 00:00:00+05:30,244.55,245.35,242.55,243.75,10047430
2018-10-25 00:00:00+05:30,242.25,245.25,241.0,243.6,11081300
2018-10-26 00:00:00+05:30,245.4,245.5,233.8,237.95,24830085
2018-10-29 00:00:00+05:30,238.8,241.65,236.3,240.15,13114325
2018-10-30 00:00:00+05:30,239.95,240.45,235.5,236.3,7916694
2018-10-31 00:00:00+05:30,236.85,238.05,231.15,237.3,15610890
2018-11-01 00:00:00+05:30,237.2,238.75,232.75,235.0,10929261
2018-11-02 00:00:00+05:30,235.75,242.2,235.75,239.95,13463615
2018-11-05 00:00:00+05:30,241.65,241.65,235.85,236.9,8534203
2018-11-06 00:00:00+05:30,238.1,238.75,233.9,234.95,11291877
2018-11-09 00:00:00+05:30,236.35,236.95,233.75,234.9,17383273
2018-11-12 00:00:00+05:30,235.3,235.65,231.5,232.0,8148341
2018-11-13 00:00:00+05:30,232.1,235.4,231.4,234.55,7747433
2018-11-14 00:00:00+05:30,235.6,235.85,232.65,234.2,7996271
2018-11-15 00:00:00+05:30,234.55,236.55,231.7,232.55,14052334
2018-11-16 00:00:00+05:30,233.65,235.75,233.15,234.3,14609227
2018-11-19 00:00:00+05:30,235.0,241.45,234.25,241.0,19331830
2018-11-20 00:00:00+05:30,241.45,242.8,238.75,240.45,9014490
2018-11-21 00:00:00+05:30,241.0,241.25,237.2,238.7,6532620
2018-11-22 00:00:00+05:30,238.9,241.0,236.9,237.6,7723845
2018-11-26 00:00:00+05:30,238.25,242.55,237.8,242.0,10345753
2018-11-27 00:00:00+05:30,242.35,242.65,239.6,241.3,7956690
2018-11-28 00:00:00+05:30,241.8,243.95,237.85,239.05,10240214
2018-11-29 00:00:00+05:30,240.3,245.05,240.1,243.6,15790818
2018-11-30 00:00:00+05:30,245.25,245.65,241.25,242.15,9989451
2018-12-03 00:00:00+05:30,243.35,245.25,239.4,239.7,9903562
2018-12-04 00:00:00+05:30,238.05,240.0,238.0,238.75,7290880
2018-12-05 00:00:00+05:30,238.05,238.75,232.3,233.25,13242320
2018-12-06 00:00:00+05:30,232.55,232.85,230.0,231.3,11194494
2018-12-07 00:00:00+05:30,232.9,234.0,231.55,232.2,9369619
2018-12-10 00:00:00+05:30,230.4,230.65,228.0,229.1,7727013
2018-12-11 00:00:00+05:30,227.4,233.85,227.2,232.7,11838131
2018-12-12 00:00:00+05:30,233.55,235.25,230.9,233.85,11659940
2018-12-13 00:00:00+05:30,236.35,236.7,231.7,233.2,18292779
2018-12-14 00:00:00+05:30,232.45,234.9,232.05,233.6,9937292
2018-12-17 00:00:00+05:30,234.7,238.4,233.75,237.1,14142904
2018-12-18 00:00:00+05:30,236.4,237.7,234.7,235.6,10212494
2018-12-19 00:00:00+05:30,236.35,240.6,235.9,240.1,15184956
2018-12-20 00:00:00+05:30,238.05,240.95,238.05,239.45,5739965
2018-12-21 00:00:00+05:30,239.75,240.6,233.85,234.45,7881394
2018-12-24 00:00:00+05:30,236.25,237.8,233.15,233.8,9874638
2018-12-26 00:00:00+05:30,234.1,236.2,232.75,234.35,9820925
2018-12-27 00:00:00+05:30,236.35,238.6,234.95,237.8,13228239
2018-12-28 00:00:00+05:30,236.5,240.6,236.5,239.1,15255273
2018-12-31 00:00:00+05:30,239.6,240.45,238.1,238.6,6304087
2019-01-01 00:00:00+05:30,239.05,240.2,237.05,239.5,2879579
2019-01-02 00:00:00+05:30,239.1,239.95,235.1,237.7,11485937
2019-01-03 00:00:00+05:30,237.7,239.3,235.3,236.25,7070119
2019-01-04 00:00:00+05:30,236.5,239.7,236.5,238.0,9024336
2019-01-07 00:00:00+05:30,240.85,241.65,238.05,238.6,11281684
2019-01-08 00:00:00+05:30,238.9,241.9,238.35,240.8,8649002
2019-01-09 00:00:00+05:30,241.95,247.1,241.1,246.0,14085001
2019-01-10 00:00:00+05:30,246.3,248.8,244.7,245.35,11895687
2019-01-11 00:00:00+05:30,247.25,250.75,246.9,250.2,19393033
2019-01-14 00:00:00+05:30,249.45,249.7,245.65,249.3,7399869
2019-01-15 00:00:00+05:30,250.1,251.9,249.1,251.25,8339883
2019-01-16 00:00:00+05:30,250.75,251.25,247.1,249.1,8999925
2019-01-17 00:00:00+05:30,249.15,250.4,245.8,249.05,12257024
2019-01-18 00:00:00+05:30,248.45,250.0,246.25,246.9,12712229
2019-01-21 00:00:00+05:30,248.1,248.4,244.55,245.6,9484718
2019-01-22 00:00:00+05:30,245.55,246.55,241.6,245.45,11943072
2019-01-23 00:00:00+05:30,246.9,249.4,232.95,234.95,46465698
2019-01-24 00:00:00+05:30,236.6,240.0,235.35,236.25,32404264
2019-01-25 00:00:00+05:30,237.2,239.5,235.9,236.55,10287786
2019-01-28 00:00:00+05:30,236.25,236.75,232.3,232.75,10396735
2019-01-29 00:00:00+05:30,233.2,236.35,232.75,235.9,8091558
2019-01-30 00:00:00+05:30,237.3,237.4,232.3,233.4,12081990
2019-01-31 00:00:00+05:30,234.25,236.9,231.8,236.05,17743561
2019-02-01 00:00:00+05:30,237.75,241.6,236.45,237.9,21220752
2019-02-04 00:00:00+05:30,238.8,238.8,233.85,234.75,7002681
2019-02-05 00:00:00+05:30,235.0,235.3,230.85,232.25,11362076
2019-02-06 00:00:00+05:30,232.95,235.85,232.6,235.25,9362446
2019-02-07 00:00:00+05:30,235.4,238.05,234.7,237.45,6877056
2019-02-08 00:00:00+05:30,236.8,238.2,232.6,233.4,5094100
2019-02-11 00:00:00+05:30,233.65,235.65,227.45,234.75,11506905
2019-02-12 00:00:00+05:30,234.7,237.6,232.6,233.2,8488093
2019-02-13 00:00:00+05:30,237.25,240.5,233.1,234.55,17740994
2019-02-14 00:00:00+05:30,234.7,237.4,234.7,235.4,11554844
2019-02-15 00:00:00+05:30,236.35,238.0,233.3,237.3,43417900
2019-02-18 00:00:00+05:30,236.2,239.3,232.05,232.7,47018619
2019-02-19 00:00:00+05:30,232.15,236.55,232.15,233.75,39832485
2019-02-20 00:00:00+05:30,234.9,235.05,232.35,233.7,6911643
2019-02-21 00:00:00+05:30,233.75,234.45,232.3,233.0,8087670
2019-02-22 00:00:00+05:30,233.45,233.75,231.35,232.4,10132321
2019-02-25 00:00:00+05:30,232.55,234.8,231.25,234.4,34741013
2019-02-26 00:00:00+05:30,232.9,234.7,232.2,233.4,13619616
2019-02-27 00:00:00+05:30,233.8,236.25,232.05,233.05,15179109
2019-02-28 00:00:00+05:30,234.95,234.95,232.35,233.85,49958255
2019-03-01 00:00:00+05:30,234.2,236.35,234.05,235.65,10210253
2019-03-05 00:00:00+05:30,237.2,240.6,233.85,239.4,15701591
2019-03-06 00:00:00+05:30,241.45,245.0,241.25,242.1,23176807
2019-03-07 00:00:00+05:30,242.85,246.55,242.15,245.75,16519258
2019-03-08 00:00:00+05:30,245.95,248.2,244.35,247.35,14662335
2019-03-11 00:00:00+05:30,248.2,249.8,246.6,248.15,17020427
2019-03-12 00:00:00+05:30,249.1,250.45,248.35,249.45,16351142
2019-03-13 00:00:00+05:30,249.9,251.65,249.2,249.8,12799507
2019-03-14 00:00:00+05:30,250.25,250.75,246.05,250.35,11693793
2019-03-15 00:00:00+05:30,250.7,251.25,245.1,246.35,24737510
2019-03-18 00:00:00+05:30,247.35,249.25,246.8,248.85,10598776
2019-03-19 00:00:00+05:30,249.55,254.1,248.5,253.7,18217620
2019-03-20 00:00:00+05:30,254.1,255.8,251.3,253.2,18059801
2019-03-22 00:00:00+05:30,254.1,254.1,251.25,252.6,9327534
2019-03-25 00:00:00+05:30,251.65,251.65,248.4,249.95,9267974
2019-03-26 00:00:00+05:30,249.9,251.05,246.6,248.55,12444940
2019-03-27 00:00:00+05:30,249.1,251.35,247.0,248.3,9749701
2019-03-28 00:00:00+05:30,249.15,255.85,248.2,254.1,20525355
2019-03-29 00:00:00+05:30,255.85,256.65,250.3,251.8,13774234
2019-04-01 00:00:00+05:30,251.65,253.5,251.25,251.8,7172246
2019-04-02 00:00:00+05:30,251.9,254.1,249.6,252.35,11387925
2019-04-03 00:00:00+05:30,252.45,253.3,250.05,250.9,10480711
2019-04-04 00:00:00+05:30,250.75,251.85,248.85,249.7,8053015
2019-04-05 00:00:00+05:30,249.95,251.1,247.9,249.5,9026466
2019-04-08 00:00:00+05:30,249.6,249.9,247.1,248.0,6114988
2019-04-09 00:00:00+05:30,247.8,251.35,247.55,251.0,7140330
2019-04-10 00:00:00+05:30,250.8,251.25,248.65,249.65,6167929
2019-04-11 00:00:00+05:30,249.5,251.95,248.2,251.1,12446488
2019-04-12 00:00:00+05:30,251.3,260.4,250.4,259.0,25226374
2019-04-15 00:00:00+05:30,260.85,262.6,257.85,258.85,14582511
2019-04-16 00:00:00+05:30,259.9,262.6,259.35,260.25,11268549
2019-04-18 00:00:00+05:30,261.15,261.15,257.15,257.9,10218663
2019-04-22 00:00:00+05:30,257.4,258.85,255.05,255.7,7714714
2019-04-23 00:00:00+05:30,256.0,258.2,255.45,257.0,8666942
2019-04-24 00:00:00+05:30,257.0,260.25,252.85,259.6,13236071
2019-04-25 00:00:00+05:30,260.3,262.45,255.85,257.65,26870938
2019-04-26 00:00:00+05:30,258.05,259.55,256.35,258.0,5381865
2019-04-30 00:00:00+05:30,258.0,260.55,253.75,255.3,12906937
2019-05-02 00:00:00+05:30,255.05,259.65,254.65,258.4,8663742
2019-05-03 00:00:00+05:30,257.75,260.45,256.9,257.75,6805289
2019-05-06 00:00:00+05:30,257.55,260.5,254.75,260.05,7790065
2019-05-07 00:00:00+05:30,261.15,262.2,254.85,255.75,10007944
2019-05-08 00:00:00+05:30,254.1,257.0,253.0,254.7,9106291
2019-05-09 00:00:00+05:30,253.65,255.25,251.05,254.05,11820575
2019-05-10 00:00:00+05:30,254.1,254.5,251.55,252.2,7983185
2019-05-13 00:00:00+05:30,250.0,257.1,243.75,245.05,41485209
2019-05-14 00:00:00+05:30,246.55,252.65,244.7,249.35,24448196
2019-05-15 00:00:00+05:30,252.05,253.55,247.35,251.65,20689133
2019-05-16 00:00:00+05:30,251.65,251.65,248.45,249.7,8503150
2019-05-17 00:00:00+05:30,250.0,256.15,250.0,255.35,12943577
2019-05-20 00:00:00+05:30,259.95,260.55,255.95,260.05,12733785
2019-05-21 00:00:00+05:30,260.05,262.6,258.65,259.1,12161964
2019-05-22 00:00:00+05:30,256.0,256.5,251.45,253.95,15883563
2019-05-23 00:00:00+05:30,258.4,258.85,243.15,244.15,36282229
2019-05-24 00:00:00+05:30,246.9,247.05,243.4,246.05,12579092
2019-05-27 00:00:00+05:30,246.75,248.7,244.85,246.4,10433799
2019-05-28 00:00:00+05:30,247.2,247.35,244.1,244.7,18035149
2019-05-29 00:00:00+05:30,244.65,247.1,243.65,244.1,8388849
2019-05-30 00:00:00+05:30,244.8,246.6,244.25,244.55,10008453
2019-05-31 00:00:00+05:30,245.1,246.9,235.0,235.95,30387109
2019-06-03 00:00:00+05:30,238.4,238.45,233.2,235.95,22626453
2019-06-04 00:00:00+05:30,236.55,239.05,236.2,236.55,16014264
2019-06-06 00:00:00+05:30,237.5,237.5,233.2,233.6,12326237
2019-06-07 00:00:00+05:30,234.5,234.5,232.3,233.15,8901845
2019-06-10 00:00:00+05:30,235.75,237.65,234.6,236.7,9961091
2019-06-11 00:00:00+05:30,237.95,238.4,236.55,237.1,9783063
2019-06-12 00:00:00+05:30,238.4,238.4,235.7,237.2,9536209
2019-06-13 00:00:00+05:30,236.25,238.35,235.95,237.7,8323024
2019-06-14 00:00:00+05:30,237.6,237.6,234.8,235.55,9143298
2019-06-17 00:00:00+05:30,236.25,236.25,232.5,232.95,11577382
2019-06-18 00:00:00+05:30,233.95,235.35,232.15,233.05,16008478
2019-06-19 00:00:00+05:30,233.55,236.25,233.45,234.85,10459608
2019-06-20 00:00:00+05:30,234.7,235.45,233.25,234.7,12216568
2019-06-21 00:00:00+05:30,234.35,234.35,231.5,232.35,21500530
2019-06-24 00:00:00+05:30,232.35,235.05,232.35,234.05,10330750
2019-06-25 00:00:00+05:30,233.0,237.2,232.35,235.9,14313674
2019-06-26 00:00:00+05:30,235.9,236.1,234.1,235.0,8580493
2019-06-27 00:00:00+05:30,235.45,235.65,231.1,231.7,26949028
2019-06-28 00:00:00+05:30,232.2,233.35,230.85,232.0,9769600
2019-07-01 00:00:00+05:30,232.5,234.05,232.25,232.9,5830092
2019-07-02 00:00:00+05:30,233.25,233.5,231.45,232.0,11534789
2019-07-03 00:00:00+05:30,232.4,235.1,230.55,234.4,20951334
2019-07-04 00:00:00+05:30,235.0,235.7,233.1,235.2,11212391
2019-07-05 00:00:00+05:30,235.2,238.75,227.05,236.75,42834231
2019-07-08 00:00:00+05:30,237.35,239.7,233.65,235.0,14070122
2019-07-09 00:00:00+05:30,234.65,235.1,230.55,231.35,8910267
2019-07-10 00:00:00+05:30,231.75,233.15,229.35,231.4,9437789
2019-07-11 00:00:00+05:30,232.15,234.6,231.8,233.5,9716377
2019-07-12 00:00:00+05:30,233.3,234.2,231.35,233.0,12104215
2019-07-15 00:00:00+05:30,232.95,233.45,229.2,229.55,9870164
2019-07-16 00:00:00+05:30,229.6,231.05,229.25,230.35,7350589
2019-07-17 00:00:00+05:30,230.8,231.4,229.35,231.2,7277376
2019-07-18 00:00:00+05:30,231.2,233.05,230.65,231.25,10517698
2019-07-19 00:00:00+05:30,232.2,232.35,227.05,227.3,9234416
2019-07-22 00:00:00+05:30,227.05,227.2,223.65,224.0,15628350
2019-07-23 00:00:00+05:30,224.95,230.2,224.5,229.3,16645838
2019-07-24 00:00:00+05:30,229.0,231.55,226.95,229.45,13958380
2019-07-25 00:00:00+05:30,229.6,230.85,226.1,226.9,20430005
2019-07-26 00:00:00+05:30,227.7,229.6,226.1,229.05,5535946
2019-07-29 00:00:00+05:30,228.7,229.7,225.75,226.85,6388378
2019-07-30 00:00:00+05:30,227.05,228.8,225.8,227.8,15300440
2019-07-31 00:00:00+05:30,227.55,229.65,225.35,228.9,15781898
2019-08-01 00:00:00+05:30,229.1,229.35,225.75,226.65,6851209
2019-08-02 00:00:00+05:30,226.35,226.35,222.9,224.05,10279698
2019-08-05 00:00:00+05:30,224.0,224.05,218.3,220.1,13361941
2019-08-06 00:00:00+05:30,219.2,221.5,218.65,219.3,10878187
2019-08-07 00:00:00+05:30,219.45,219.7,214.4,214.9,9815946
2019-08-08 00:00:00+05:30,216.0,219.15,214.3,218.35,7366014
2019-08-09 00:00:00+05:30,219.3,219.3,214.75,215.35,11478017
2019-08-13 00:00:00+05:30,215.0,215.2,206.7,208.65,24272047
2019-08-14 00:00:00+05:30,208.65,214.85,206.75,210.75,15966043
2019-08-16 00:00:00+05:30,210.75,214.65,209.6,214.3,11952084
2019-08-19 00:00:00+05:30,214.75,218.0,212.6,213.1,14481011
2019-08-20 00:00:00+05:30,213.15,213.45,207.95,208.8,17343358
2019-08-21 00:00:00+05:30,208.95,209.15,204.0,204.55,17038069
2019-08-22 00:00:00+05:30,205.2,208.4,202.45,203.35,12155238
2019-08-23 00:00:00+05:30,202.45,202.85,198.8,200.0,19008358
2019-08-26 00:00:00+05:30,203.95,206.25,199.05,205.45,14865408
2019-08-27 00:00:00+05:30,206.65,208.65,205.6,208.0,16799372
2019-08-28 00:00:00+05:30,208.55,209.8,205.95,208.35,10283835
2019-08-29 00:00:00+05:30,206.65,207.95,203.45,204.3,12839918
2019-08-30 00:00:00+05:30,205.65,209.4,202.5,208.1,13611107
2019-09-03 00:00:00+05:30,207.05,207.05,203.9,204.6,11037379
2019-09-04 00:00:00+05:30,204.65,207.15,204.4,206.1,8130873
2019-09-05 00:00:00+05:30,205.0,209.15,205.0,206.9,9771778
2019-09-06 00:00:00+05:30,206.95,208.3,206.1,206.6,10064364
2019-09-09 00:00:00+05:30,207.25,208.8,206.05,208.0,10504368
2019-09-11 00:00:00+05:30,207.2,207.95,205.85,206.45,10369618
2019-09-12 00:00:00+05:30,206.95,207.55,203.35,203.95,9346466
2019-09-13 00:00:00+05:30,204.15,205.4,202.1,203.25,16223775
2019-09-16 00:00:00+05:30,202.9,204.0,201.85,202.8,8191287
2019-09-17 00:00:00+05:30,203.15,203.4,200.6,200.95,12339321
2019-09-18 00:00:00+05:30,201.4,205.25,198.3,202.7,23073579
2019-09-19 00:00:00+05:30,203.3,203.3,200.0,200.5,9808427
2019-09-20 00:00:00+05:30,200.8,210.55,198.5,201.65,73497659
2019-09-23 00:00:00+05:30,211.8,220.7,211.7,215.9,60169169
2019-09-24 00:00:00+05:30,216.0,218.55,215.0,216.85,19848834
2019-09-25 00:00:00+05:30,216.1,217.1,205.6,209.7,23814423
2019-09-26 00:00:00+05:30,209.5,213.0,208.65,212.1,20635467
2019-09-27 00:00:00+05:30,211.8,218.55,211.8,214.3,20274790
2019-09-30 00:00:00+05:30,215.85,220.9,211.25,220.15,23804242
2019-10-01 00:00:00+05:30,219.5,222.35,216.0,216.8,17852814
2019-10-03 00:00:00+05:30,218.3,222.1,216.9,221.65,14286434
2019-10-04 00:00:00+05:30,222.8,223.55,216.15,217.95,20910005
2019-10-07 00:00:00+05:30,218.15,218.55,212.4,213.4,24585001
2019-10-09 00:00:00+05:30,212.9,213.65,208.65,209.3,24862838
2019-10-10 00:00:00+05:30,209.25,209.8,205.55,206.05,28089913
2019-10-11 00:00:00+05:30,206.05,208.6,204.25,206.65,28988545
2019-10-14 00:00:00+05:30,207.95,208.75,205.85,206.75,17012139
2019-10-15 00:00:00+05:30,207.6,211.15,207.6,209.75,11549533
2019-10-16 00:00:00+05:30,209.6,209.75,205.15,206.4,18572430
2019-10-17 00:00:00+05:30,206.7,208.95,206.55,208.3,15781706
2019-10-18 00:00:00+05:30,208.4,209.9,207.65,208.8,14838194
2019-10-22 00:00:00+05:30,207.55,212.75,207.5,210.85,21130345
2019-10-23 00:00:00+05:30,212.1,213.45,211.0,212.7,14835774
2019-10-24 00:00:00+05:30,213.95,215.2,210.05,211.0,19414198
2019-10-25 00:00:00+05:30,217.65,217.9,209.25,209.85,37682034
2019-10-27 00:00:00+05:30,211.75,212.75,211.5,212.1,3621373
2019-10-29 00:00:00+05:30,212.6,216.1,211.4,214.55,13802245
2019-10-30 00:00:00+05:30,216.85,223.65,215.45,219.75,39647539
2019-10-31 00:00:00+05:30,220.25,222.7,217.05,218.3,19256554
2019-11-01 00:00:00+05:30,219.7,222.8,219.2,221.35,14535308
2019-11-04 00:00:00+05:30,222.8,224.45,220.3,220.85,9128537
2019-11-05 00:00:00+05:30,221.1,223.65,219.05,222.75,11883873
2019-11-06 00:00:00+05:30,222.8,223.45,220.25,221.4,10240974
2019-11-07 00:00:00+05:30,222.75,225.55,221.95,225.25,17091495
2019-11-08 00:00:00+05:30,224.35,224.9,220.25,220.7,13758068
2019-11-11 00:00:00+05:30,220.75,222.25,219.25,219.8,8376865
2019-11-13 00:00:00+05:30,219.3,219.65,214.45,215.05,11873460
2019-11-14 00:00:00+05:30,215.25,216.8,214.55,215.1,10267931
2019-11-15 00:00:00+05:30,215.4,216.65,211.8,212.35,19356532
2019-11-18 00:00:00+05:30,213.05,213.65,210.75,212.4,9093443
2019-11-19 00:00:00+05:30,213.3,213.35,210.8,211.15,14051313
2019-11-20 00:00:00+05:30,211.15,212.9,208.95,212.4,11536678
2019-11-21 00:00:00+05:30,213.0,213.0,207.6,208.15,12016671
2019-11-22 00:00:00+05:30,209.35,214.0,208.95,209.8,18927487
2019-11-25 00:00:00+05:30,209.9,210.45,208.65,209.9,12240360
2019-11-26 00:00:00+05:30,210.65,212.1,209.85,211.1,22867418
2019-11-27 00:00:00+05:30,211.55,211.8,208.9,209.2,10222708
2019-11-28 00:00:00+05:30,209.5,210.05,208.1,208.95,12709814
2019-11-29 00:00:00+05:30,209.0,209.6,207.55,208.75,11340015
2019-12-02 00:00:00+05:30,208.4,209.15,207.15,207.5,11530424
2019-12-03 00:00:00+05:30,207.5,208.25,205.55,206.75,9399053
2019-12-04 00:00:00+05:30,206.3,206.75,205.0,206.0,13812765
2019-12-05 00:00:00+05:30,206.0,209.65,205.95,209.2,13025618
2019-12-06 00:00:00+05:30,209.25,209.35,205.45,206.15,11994762
2019-12-09 00:00:00+05:30,205.85,206.15,204.15,204.55,7772873
2019-12-10 00:00:00+05:30,204.65,204.75,199.1,199.55,17782670
2019-12-11 00:00:00+05:30,199.55,202.3,199.55,201.3,15955399
2019-12-12 00:00:00+05:30,201.65,203.5,201.3,202.05,11917044
2019-12-13 00:00:00+05:30,203.35,205.45,202.65,204.65,9487174
2019-12-16 00:00:00+05:30,205.85,206.2,200.2,200.7,13890934
2019-12-17 00:00:00+05:30,201.2,204.75,201.2,204.2,18408135
2019-12-18 00:00:00+05:30,203.85,209.55,203.1,207.7,19811229
2019-12-19 00:00:00+05:30,208.45,210.0,206.1,207.0,10798605
2019-12-20 00:00:00+05:30,207.0,207.65,203.45,204.25,16138670
2019-12-23 00:00:00+05:30,205.0,205.7,202.15,202.35,22062809
2019-12-24 00:00:00+05:30,202.45,203.5,201.75,202.25,9129552
2019-12-26 00:00:00+05:30,202.35,202.8,200.2,200.6,16719071
2019-12-27 00:00:00+05:30,201.2,202.0,200.3,200.7,10073464
2019-12-30 00:00:00+05:30,201.6,204.05,201.2,201.75,15230817
2019-12-31 00:00:00+05:30,202.05,202.4,201.15,201.4,8257661
2020-01-01 00:00:00+05:30,202.1,202.1,200.85,201.7,4866270
2020-01-02 00:00:00+05:30,201.75,204.1,201.7,203.2,9715550
2020-01-03 00:00:00+05:30,204.15,204.15,201.6,202.05,10734741
2020-01-06 00:00:00+05:30,201.2,201.85,199.1,199.2,8829479
2020-01-07 00:00:00+05:30,199.95,201.55,198.75,199.35,9731461
2020-01-08 00:00:00+05:30,198.25,199.75,197.6,198.4,8143382
2020-01-09 00:00:00+05:30,199.55,200.45,199.15,199.75,10929186
2020-01-10 00:00:00+05:30,201.3,202.25,200.6,201.6,11531675
2020-01-13 00:00:00+05:30,202.05,203.75,201.8,202.7,14156132
2020-01-14 00:00:00+05:30,203.55,206.5,201.85,206.1,13693425
2020-01-15 00:00:00+05:30,205.5,205.85,204.25,205.35,6332210
2020-01-16 00:00:00+05:30,205.45,206.6,203.4,203.95,10833238
2020-01-17 00:00:00+05:30,203.95,205.1,202.8,203.3,8547119
2020-01-20 00:00:00+05:30,203.35,206.1,203.35,204.9,9273692
2020-01-21 00:00:00+05:30,204.55,204.55,201.6,202.0,11066100
2020-01-22 00:00:00+05:30,203.0,203.0,200.85,201.65,8850639
2020-01-23 00:00:00+05:30,201.7,202.25,200.7,201.55,7076464
2020-01-24 00:00:00+05:30,201.15,202.55,200.8,201.75,7864347
2020-01-27 00:00:00+05:30,200.8,201.15,198.5,198.75,7905669
2020-01-28 00:00:00+05:30,198.9,199.85,195.25,195.5,16860801
2020-01-29 00:00:00+05:30,196.1,201.35,195.8,200.5,23667138
2020-01-30 00:00:00+05:30,200.75,200.8,197.35,198.3,12017746
2020-01-31 00:00:00+05:30,199.7,201.95,198.3,199.2,21338744
2020-02-01 00:00:00+05:30,200.7,202.7,182.55,185.5,48870551
2020-02-03 00:00:00+05:30,182.15,183.75,173.65,175.85,92223804
2020-02-04 00:00:00+05:30,178.55,184.35,177.2,182.65,41354852
2020-02-05 00:00:00+05:30,183.25,184.25,179.2,183.35,24573484
2020-02-06 00:00:00+05:30,184.7,186.3,179.45,180.9,31666761
2020-02-07 00:00:00+05:30,181.1,182.7,180.2,180.75,19809697
2020-02-10 00:00:00+05:30,181.3,181.35,177.9,178.35,11119652
2020-02-11 00:00:00+05:30,183.4,183.8,179.45,180.1,34459224
2020-02-12 00:00:00+05:30,180.75,182.0,179.45,180.45,11479264
2020-02-13 00:00:00+05:30,180.45,180.8,178.9,179.5,10582878
2020-02-14 00:00:00+05:30,179.85,180.35,175.2,175.95,15876623
2020-02-17 00:00:00+05:30,176.2,176.75,172.85,173.5,17992777
2020-02-18 00:00:00+05:30,173.25,173.3,169.85,172.7,24204953
2020-02-19 00:00:00+05:30,173.85,175.45,172.7,175.1,10468909
2020-02-20 00:00:00+05:30,175.35,176.65,174.05,175.7,18028495
2020-02-24 00:00:00+05:30,175.35,175.7,170.95,171.95,19186086
2020-02-25 00:00:00+05:30,172.65,174.0,170.7,170.95,17705533
2020-02-26 00:00:00+05:30,170.0,171.05,166.3,168.2,20660469
2020-02-27 00:00:00+05:30,168.1,168.7,165.95,167.35,19968858
2020-02-28 00:00:00+05:30,165.2,169.35,162.7,167.35,37725105
2020-03-02 00:00:00+05:30,169.0,172.35,164.05,165.45,21459184
2020-03-03 00:00:00+05:30,166.9,167.25,163.15,164.2,20750856
2020-03-04 00:00:00+05:30,165.15,165.7,158.05,158.8,31985288
2020-03-05 00:00:00+05:30,158.85,161.95,158.05,159.3,23154033
2020-03-06 00:00:00+05:30,156.6,156.6,152.25,153.95,30945200
2020-03-09 00:00:00+05:30,151.6,151.6,147.85,150.1,25200484
2020-03-11 00:00:00+05:30,147.4,149.7,146.0,148.8,32324819
2020-03-12 00:00:00+05:30,143.15,143.3,127.55,132.0,60169896
2020-03-13 00:00:00+05:30,127.1,138.95,114.0,137.45,71213239
2020-03-16 00:00:00+05:30,133.85,133.95,123.05,124.75,38449629
2020-03-17 00:00:00+05:30,125.35,132.0,123.7,126.35,55102857
2020-03-18 00:00:00+05:30,128.85,131.0,124.85,127.65,58097797
2020-03-19 00:00:00+05:30,127.65,138.55,122.65,137.15,103773478
2020-03-20 00:00:00+05:30,139.85,149.5,139.85,148.7,71682263
2020-03-23 00:00:00+05:30,133.85,137.2,126.4,130.7,59375805
2020-03-24 00:00:00+05:30,138.05,138.7,124.9,126.85,60780715
2020-03-25 00:00:00+05:30,127.9,128.75,117.75,124.85,72269880
2020-03-26 00:00:00+05:30,127.1,135.0,121.35,132.45,67572552
2020-03-27 00:00:00+05:30,137.2,140.6,131.3,138.25,37734871
2020-03-30 00:00:00+05:30,132.2,139.65,132.2,134.85,32512884
2020-03-31 00:00:00+05:30,138.95,147.25,136.85,145.45,49290000
2020-04-01 00:00:00+05:30,145.45,146.35,139.4,140.95,20975891
2020-04-03 00:00:00+05:30,142.2,154.8,141.5,150.7,72688268
2020-04-07 00:00:00+05:30,157.3,157.3,147.1,153.8,41760915
2020-04-08 00:00:00+05:30,153.2,155.9,149.65,151.35,43428513
2020-04-09 00:00:00+05:30,155.9,157.8,152.5,156.9,49304824
2020-04-13 00:00:00+05:30,156.25,158.15,153.4,153.85,20516620
2020-04-15 00:00:00+05:30,155.95,164.1,154.75,160.4,56761426
2020-04-16 00:00:00+05:30,160.7,161.95,157.1,157.85,31313037
2020-04-17 00:00:00+05:30,161.3,162.15,158.4,159.35,30835092
2020-04-20 00:00:00+05:30,160.95,160.95,152.05,153.1,41353994
2020-04-21 00:00:00+05:30,150.8,156.15,149.1,152.15,26979477
2020-04-22 00:00:00+05:30,151.6,155.5,149.1,154.4,29094807
2020-04-23 00:00:00+05:30,155.0,155.9,152.2,152.95,38117979
2020-04-24 00:00:00+05:30,153.35,154.85,151.9,152.55,20869635
2020-04-27 00:00:00+05:30,152.7,154.4,151.9,152.35,15130966
2020-04-28 00:00:00+05:30,152.5,153.15,150.85,152.0,20583548
2020-04-29 00:00:00+05:30,152.9,154.95,152.2,154.3,24813455
2020-04-30 00:00:00+05:30,156.6,156.6,152.85,154.2,34881634
2020-05-04 00:00:00+05:30,153.95,153.95,144.55,147.45,35030706
2020-05-05 00:00:00+05:30,148.25,150.35,145.7,147.3,20475866
2020-05-06 00:00:00+05:30,145.2,145.2,135.95,138.85,75831601
2020-05-07 00:00:00+05:30,138.95,140.5,135.95,136.4,28037805
2020-05-08 00:00:00+05:30,138.9,139.05,133.1,134.05,29260666
2020-05-11 00:00:00+05:30,135.55,138.5,133.85,134.25,20922295
2020-05-12 00:00:00+05:30,134.25,140.55,133.4,139.8,24728850
2020-05-13 00:00:00+05:30,146.85,147.05,139.4,140.1,23145510
2020-05-14 00:00:00+05:30,139.4,142.5,137.2,138.75,17285227
2020-05-15 00:00:00+05:30,137.4,140.2,136.55,139.5,17286030
2020-05-18 00:00:00+05:30,140.6,141.75,138.2,139.55,24051757
2020-05-19 00:00:00+05:30,141.05,145.4,139.85,144.65,23288465
2020-05-20 00:00:00+05:30,145.65,149.95,144.85,148.9,29276161
2020-05-21 00:00:00+05:30,148.8,161.3,146.25,160.05,67502586
2020-05-22 00:00:00+05:30,159.25,162.55,156.35,157.85,45107880
2020-05-26 00:00:00+05:30,161.0,165.15,159.1,162.4,61551343
2020-05-27 00:00:00+05:30,163.1,164.25,158.35,162.8,28380520
2020-05-28 00:00:00+05:30,162.9,163.4,160.1,161.5,28418759
2020-05-29 00:00:00+05:30,161.3,167.75,160.1,167.2,41434495
2020-06-01 00:00:00+05:30,170.3,173.85,168.55,169.9,32962220
2020-06-02 00:00:00+05:30,171.0,171.0,166.65,167.1,26166889
2020-06-03 00:00:00+05:30,169.45,170.2,165.7,166.65,21943969
2020-06-04 00:00:00+05:30,167.55,171.55,165.2,169.55,25436321
2020-06-05 00:00:00+05:30,170.95,171.1,168.25,169.45,16918590
2020-06-08 00:00:00+05:30,171.9,172.55,166.9,167.45,22609989
2020-06-09 00:00:00+05:30,167.95,174.7,167.45,168.2,46149769
2020-06-10 00:00:00+05:30,168.95,172.1,168.0,168.6,31454129
2020-06-11 00:00:00+05:30,169.45,170.5,164.0,164.55,22948042
2020-06-12 00:00:00+05:30,160.05,165.4,159.1,164.25,26087393
2020-06-15 00:00:00+05:30,164.25,164.3,157.85,158.6,28284947
2020-06-16 00:00:00+05:30,161.6,161.75,154.1,156.7,31954439
2020-06-17 00:00:00+05:30,155.9,156.7,153.1,153.5,27781676
2020-06-18 00:00:00+05:30,153.5,158.8,153.1,158.1,33399997
2020-06-19 00:00:00+05:30,158.5,159.2,155.55,155.95,35300593
2020-06-22 00:00:00+05:30,158.0,158.8,155.15,156.7,36300603
2020-06-23 00:00:00+05:30,157.05,158.8,156.5,157.45,30694187
2020-06-24 00:00:00+05:30,158.75,164.95,157.7,162.55,63190005
2020-06-25 00:00:00+05:30,162.9,172.4,162.35,171.2,87381057
2020-06-26 00:00:00+05:30,174.5,177.4,163.75,165.4,83197431
2020-06-29 00:00:00+05:30,171.55,171.95,166.2,167.1,105797952
2020-06-30 00:00:00+05:30,168.9,168.9,164.35,164.9,47654087
2020-07-01 00:00:00+05:30,164.9,172.7,164.9,171.9,51217919
2020-07-02 00:00:00+05:30,173.2,175.15,171.6,174.4,45463656
2020-07-03 00:00:00+05:30,176.2,176.65,174.5,175.8,43815854
2020-07-06 00:00:00+05:30,169.75,171.05,168.5,169.25,40132509
2020-07-07 00:00:00+05:30,169.45,169.85,164.35,164.55,36169318
2020-07-08 00:00:00+05:30,164.55,167.7,164.55,166.3,24599825
2020-07-09 00:00:00+05:30,166.8,166.9,164.45,165.6,21701793
2020-07-10 00:00:00+05:30,165.35,166.45,164.35,164.65,18721259
2020-07-13 00:00:00+05:30,165.95,168.35,165.3,167.35,23468615
2020-07-14 00:00:00+05:30,167.25,169.0,163.3,165.95,21362369
2020-07-15 00:00:00+05:30,166.3,169.45,164.75,168.3,27492080
2020-07-16 00:00:00+05:30,168.3,168.45,162.65,164.2,25603830
2020-07-17 00:00:00+05:30,163.75,165.55,163.5,164.4,17207602
2020-07-20 00:00:00+05:30,165.2,165.5,162.95,163.25,21874125
2020-07-21 00:00:00+05:30,162.75,164.5,162.25,162.9,32386099
2020-07-22 00:00:00+05:30,163.5,167.65,163.1,166.5,37660678
2020-07-23 00:00:00+05:30,167.45,170.7,166.7,170.05,36406682
2020-07-24 00:00:00+05:30,170.3,170.85,167.15,169.1,69586659
2020-07-27 00:00:00+05:30,169.85,169.85,165.35,166.35,26183037
2020-07-28 00:00:00+05:30,166.9,168.25,165.25,165.55,22299990
2020-07-29 00:00:00+05:30,163.85,167.9,163.8,166.65,17148381
2020-07-30 00:00:00+05:30,168.1,168.1,163.1,163.8,18863720
2020-07-31 00:00:00+05:30,163.9,166.85,163.9,164.45,19255215
2020-08-03 00:00:00+05:30,164.35,164.35,162.55,163.2,15337536
2020-08-04 00:00:00+05:30,163.2,165.85,163.2,164.05,19874340
2020-08-05 00:00:00+05:30,164.75,164.85,162.4,163.35,56386249
2020-08-06 00:00:00+05:30,164.5,165.7,163.55,165.5,20680114
2020-08-07 00:00:00+05:30,165.65,166.9,164.45,166.05,24180779
2020-08-10 00:00:00+05:30,166.35,169.15,166.35,168.45,19048115
2020-08-11 00:00:00+05:30,169.45,175.95,169.45,172.0,63756615
2020-08-12 00:00:00+05:30,171.55,173.55,169.8,172.95,24612440
2020-08-13 00:00:00+05:30,172.4,172.95,166.95,170.65,26244645
2020-08-14 00:00:00+05:30,170.75,172.3,165.65,166.35,33243610
2020-08-17 00:00:00+05:30,167.8,169.0,166.75,168.35,13575065
2020-08-18 00:00:00+05:30,169.35,169.35,167.1,168.2,14439217
2020-08-19 00:00:00+05:30,168.2,170.85,167.85,168.15,17892063
2020-08-20 00:00:00+05:30,166.9,167.05,164.8,165.85,19552152
2020-08-21 00:00:00+05:30,167.75,168.75,166.3,166.7,19926102
2020-08-24 00:00:00+05:30,167.1,168.55,166.3,166.65,17039840
2020-08-25 00:00:00+05:30,167.1,168.0,165.3,165.55,17573459
2020-08-26 00:00:00+05:30,166.45,166.5,164.05,165.15,26166706
2020-08-27 00:00:00+05:30,168.2,168.5,164.25,164.55,54588346
2020-08-28 00:00:00+05:30,164.85,166.3,164.4,165.7,40057571
2020-08-31 00:00:00+05:30,168.55,168.55,161.0,161.9,112149811
2020-09-01 00:00:00+05:30,161.9,162.95,159.45,161.1,45992964
2020-09-02 00:00:00+05:30,162.05,163.5,160.7,162.1,23801206
2020-09-03 00:00:00+05:30,162.15,163.7,161.0,162.3,18143697
2020-09-04 00:00:00+05:30,161.0,161.0,157.3,158.2,47854226
2020-09-07 00:00:00+05:30,158.65,161.35,153.15,160.2,37766203
2020-09-08 00:00:00+05:30,160.65,161.4,156.35,159.4,29588848
2020-09-09 00:00:00+05:30,157.15,157.8,154.4,155.7,32177357
2020-09-10 00:00:00+05:30,156.0,157.3,155.2,156.6,20563158
2020-09-11 00:00:00+05:30,156.6,158.0,154.8,155.85,22264771
2020-09-14 00:00:00+05:30,157.4,157.45,155.05,155.35,35834237
2020-09-15 00:00:00+05:30,155.9,156.05,153.15,154.0,35578799
2020-09-16 00:00:00+05:30,154.05,155.45,152.55,153.05,58556688
2020-09-17 00:00:00+05:30,153.15,153.8,150.65,151.3,39237077
2020-09-18 00:00:00+05:30,152.1,152.35,149.95,151.7,34435434
2020-09-21 00:00:00+05:30,152.5,153.0,148.3,148.9,27624592
2020-09-22 00:00:00+05:30,148.9,149.7,147.2,147.55,21427490
2020-09-23 00:00:00+05:30,148.2,150.4,145.45,146.15,71436879
2020-09-24 00:00:00+05:30,145.45,145.5,140.75,141.1,36405232
2020-09-25 00:00:00+05:30,143.1,145.0,141.5,144.65,30787117
2020-09-28 00:00:00+05:30,144.85,148.1,144.4,146.8,26817827
2020-09-29 00:00:00+05:30,148.05,148.05,143.15,143.5,29619166
2020-09-30 00:00:00+05:30,144.05,145.8,142.9,145.45,21369005
2020-10-01 00:00:00+05:30,147.85,147.9,144.1,144.7,22844606
2020-10-05 00:00:00+05:30,144.95,146.4,142.95,143.4,28097094
2020-10-06 00:00:00+05:30,143.6,145.35,142.4,143.95,25305006
2020-10-07 00:00:00+05:30,144.05,144.75,143.15,143.6,18830726
2020-10-08 00:00:00+05:30,144.1,144.35,141.4,141.6,29487772
2020-10-09 00:00:00+05:30,141.9,143.1,140.95,142.15,25868281
2020-10-12 00:00:00+05:30,144.4,148.45,144.05,145.9,76599205
2020-10-13 00:00:00+05:30,146.45,148.15,143.6,144.15,41259512
2020-10-14 00:00:00+05:30,144.45,144.85,141.55,142.15,44189033
2020-10-15 00:00:00+05:30,142.05,142.15,139.4,139.8,31352709
2020-10-16 00:00:00+05:30,140.2,141.3,138.75,140.35,23386649
2020-10-19 00:00:00+05:30,141.3,143.1,140.75,142.5,21987329
2020-10-20 00:00:00+05:30,142.3,142.55,141.25,141.9,18671570
2020-10-21 00:00:00+05:30,142.45,143.1,141.15,142.0,19053294
2020-10-22 00:00:00+05:30,141.95,143.25,141.5,142.8,25487863
2020-10-23 00:00:00+05:30,143.1,144.85,142.1,144.65,23294450
2020-10-26 00:00:00+05:30,145.3,145.35,142.5,142.8,18593481
2020-10-27 00:00:00+05:30,142.75,143.45,141.25,141.65,53053456
2020-10-28 00:00:00+05:30,142.75,142.75,139.75,140.2,19448305
2020-10-29 00:00:00+05:30,139.75,140.6,138.45,138.8,24290386
2020-10-30 00:00:00+05:30,138.95,141.3,138.4,139.95,18901040
2020-11-02 00:00:00+05:30,141.3,141.65,139.35,141.25,16615387
2020-11-03 00:00:00+05:30,141.65,144.65,141.55,144.1,26133544
2020-11-04 00:00:00+05:30,144.1,145.55,142.5,143.85,21746813
2020-11-05 00:00:00+05:30,145.05,148.25,144.2,148.05,31214754
2020-11-06 00:00:00+05:30,149.5,150.1,146.85,147.35,39602271
2020-11-09 00:00:00+05:30,147.35,150.2,145.6,146.4,40798339
2020-11-10 00:00:00+05:30,148.25,152.1,145.6,151.1,66434772
2020-11-11 00:00:00+05:30,152.15,157.5,151.3,156.95,73209206
2020-11-12 00:00:00+05:30,156.9,159.9,155.75,159.25,53610580
2020-11-13 00:00:00+05:30,158.6,159.95,157.2,158.5,32603450
2020-11-14 00:00:00+05:30,160.15,161.0,159.3,159.75,8980395
2020-11-17 00:00:00+05:30,160.1,160.45,157.9,158.7,24223134
2020-11-18 00:00:00+05:30,158.25,159.65,154.8,155.95,30750366
2020-11-19 00:00:00+05:30,154.85,162.5,154.75,159.15,56636153
2020-11-20 00:00:00+05:30,159.95,162.65,157.6,162.4,52384450
2020-11-23 00:00:00+05:30,162.65,163.1,159.8,161.65,26801313
2020-11-24 00:00:00+05:30,161.45,166.4,161.45,165.7,52505277
2020-11-25 00:00:00+05:30,166.0,167.7,163.1,164.2,48166468
2020-11-26 00:00:00+05:30,165.3,165.9,163.15,165.05,28006654
2020-11-27 00:00:00+05:30,164.75,165.8,163.65,164.05,36287889
2020-12-01 00:00:00+05:30,165.2,166.3,163.0,164.7,18375934
2020-12-02 00:00:00+05:30,165.2,168.35,163.95,166.0,32866166
2020-12-03 00:00:00+05:30,167.05,167.05,164.8,166.2,32384138
2020-12-04 00:00:00+05:30,166.75,168.85,166.45,167.9,25612593
2020-12-07 00:00:00+05:30,167.9,172.6,167.4,172.1,41268874
2020-12-08 00:00:00+05:30,172.75,173.4,169.05,171.5,35673445
2020-12-09 00:00:00+05:30,173.65,176.05,173.35,174.0,45883217
2020-12-10 00:00:00+05:30,175.1,181.0,172.1,180.15,75416225
2020-12-11 00:00:00+05:30,181.7,184.65,180.75,183.25,69744992
2020-12-14 00:00:00+05:30,184.65,185.15,182.15,182.9,31205992
2020-12-15 00:00:00+05:30,182.35,183.3,179.25,180.9,26888205
2020-12-16 00:00:00+05:30,181.05,182.6,180.85,181.3,22605653
2020-12-17 00:00:00+05:30,181.45,182.25,178.95,180.45,25882974
2020-12-18 00:00:00+05:30,180.5,182.95,177.7,181.7,27488788
2020-12-21 00:00:00+05:30,181.7,181.9,168.7,171.95,48369518
2020-12-22 00:00:00+05:30,172.05,174.75,166.8,172.3,47388544
2020-12-23 00:00:00+05:30,171.95,176.4,171.1,176.0,27397001
2020-12-24 00:00:00+05:30,177.9,178.45,174.15,176.7,26324758
2020-12-28 00:00:00+05:30,177.05,178.05,176.05,177.5,18199791
2020-12-29 00:00:00+05:30,178.3,180.85,177.95,179.2,30693107
2020-12-30 00:00:00+05:30,180.15,180.85,177.55,178.85,21881445
2020-12-31 00:00:00+05:30,178.35,179.0,176.65,177.05,21095236
2021-01-01 00:00:00+05:30,177.8,181.45,177.3,181.15,22577561
2021-01-04 00:00:00+05:30,181.3,182.95,179.7,180.75,31092379
2021-01-05 00:00:00+05:30,180.0,180.65,178.4,179.15,20839499
2021-01-06 00:00:00+05:30,179.15,179.2,173.2,174.0,56732380
2021-01-07 00:00:00+05:30,174.6,175.85,171.2,171.8,40412071
2021-01-08 00:00:00+05:30,173.1,174.5,169.65,170.7,65241483
2021-01-11 00:00:00+05:30,172.85,174.6,170.5,171.55,49683179
2021-01-12 00:00:00+05:30,171.95,175.3,170.75,174.9,41180949
2021-01-13 00:00:00+05:30,175.7,180.4,173.85,178.95,73911428
2021-01-14 00:00:00+05:30,179.6,183.4,179.25,181.4,55849534
2021-01-15 00:00:00+05:30,182.05,185.1,178.9,184.55,67431098
2021-01-18 00:00:00+05:30,185.0,188.05,181.8,186.15,78168367
2021-01-19 00:00:00+05:30,187.25,187.8,184.25,185.4,36750015
2021-01-20 00:00:00+05:30,185.1,185.5,182.7,184.4,51650417
2021-01-21 00:00:00+05:30,185.5,185.95,179.8,181.05,33528920
2021-01-22 00:00:00+05:30,181.3,181.95,177.2,178.5,28572299
2021-01-25 00:00:00+05:30,179.6,180.05,175.25,176.05,28867960
2021-01-27 00:00:00+05:30,176.2,180.1,175.4,178.45,56042728
2021-01-28 00:00:00+05:30,177.3,178.75,174.3,175.05,25589065
2021-01-29 00:00:00+05:30,176.65,176.9,171.4,172.2,27476764
2021-02-01 00:00:00+05:30,172.85,184.65,170.95,182.95,66764265
2021-02-02 00:00:00+05:30,186.4,189.35,183.85,184.85,56027032
2021-02-03 00:00:00+05:30,187.65,188.05,182.7,183.6,62022502
2021-02-04 00:00:00+05:30,183.05,196.05,182.95,194.8,122348126
2021-02-05 00:00:00+05:30,196.7,202.35,192.5,198.55,145092262
2021-02-08 00:00:00+05:30,201.2,201.65,196.1,197.45,47977608
2021-02-09 00:00:00+05:30,198.75,202.65,193.3,194.0,81692634
2021-02-10 00:00:00+05:30,194.0,195.8,189.0,192.75,54668893
2021-02-11 00:00:00+05:30,194.0,194.25,190.15,191.85,50446726
2021-02-12 00:00:00+05:30,191.25,191.25,182.8,184.2,127839178
2021-02-15 00:00:00+05:30,185.05,187.25,184.25,185.15,36740148
2021-02-16 00:00:00+05:30,185.55,187.9,184.05,184.9,33702035
2021-02-17 00:00:00+05:30,184.35,185.0,183.45,184.5,22951226
2021-02-18 00:00:00+05:30,184.85,186.9,184.6,185.4,27830457
2021-02-19 00:00:00+05:30,185.4,185.45,181.3,182.95,32518444
2021-02-22 00:00:00+05:30,179.6,179.6,174.5,175.4,59597973
2021-02-23 00:00:00+05:30,176.2,178.35,175.35,176.65,30842817
2021-02-24 00:00:00+05:30,177.15,177.75,174.95,176.95,15216345
2021-02-25 00:00:00+05:30,177.5,178.9,176.9,177.2,30008257
2021-02-26 00:00:00+05:30,175.55,176.2,171.95,172.7,50213079
2021-03-01 00:00:00+05:30,174.05,176.0,172.9,175.3,18760013
2021-03-02 00:00:00+05:30,175.35,178.55,174.95,177.8,29603617
2021-03-03 00:00:00+05:30,179.6,179.6,176.9,177.85,24102343
2021-03-04 00:00:00+05:30,176.9,179.0,175.85,177.65,28788544
2021-03-05 00:00:00+05:30,176.2,177.9,175.5,176.65,20029587
2021-03-08 00:00:00+05:30,177.65,178.55,175.95,176.2,26579650
2021-03-09 00:00:00+05:30,176.8,177.7,173.45,176.05,26122194
2021-03-10 00:00:00+05:30,177.15,177.25,174.35,174.95,22665295
2021-03-12 00:00:00+05:30,176.2,176.2,172.4,173.85,35597132
2021-03-15 00:00:00+05:30,174.4,174.5,170.75,174.05,47538334
2021-03-16 00:00:00+05:30,174.85,177.0,173.6,176.05,56380143
2021-03-17 00:00:00+05:30,179.8,181.2,176.65,178.4,90852926
2021-03-18 00:00:00+05:30,180.4,185.6,179.5,184.4,106362703
2021-03-19 00:00:00+05:30,185.5,191.6,182.6,188.9,155145093
2021-03-22 00:00:00+05:30,189.2,191.8,187.65,191.45,53243431
2021-03-23 00:00:00+05:30,190.6,193.25,187.45,188.25,48057211
2021-03-24 00:00:00+05:30,187.25,188.75,182.35,182.95,31921890
2021-03-25 00:00:00+05:30,182.3,182.95,177.1,179.25,47035820
2021-03-26 00:00:00+05:30,181.5,181.7,178.2,178.65,30153121
2021-03-30 00:00:00+05:30,180.65,182.15,178.2,181.75,32133699
2021-03-31 00:00:00+05:30,181.35,185.75,180.15,185.1,42184439
2021-04-01 00:00:00+05:30,186.4,186.9,184.1,186.4,33602453
2021-04-05 00:00:00+05:30,184.35,186.4,178.3,180.1,36279390
2021-04-06 00:00:00+05:30,181.1,182.1,178.0,180.1,29684618
2021-04-07 00:00:00+05:30,180.15,182.35,180.0,181.1,17579931
2021-04-08 00:00:00+05:30,182.0,183.05,180.3,180.65,16321972
2021-04-09 00:00:00+05:30,181.05,182.95,180.1,180.5,18920391
2021-04-12 00:00:00+05:30,177.9,178.75,173.65,173.9,39902496
2021-04-13 00:00:00+05:30,175.35,177.65,174.5,176.8,23410381
2021-04-15 00:00:00+05:30,177.05,178.25,174.5,175.1,20269096
2021-04-16 00:00:00+05:30,176.2,177.3,174.95,176.15,15391289
2021-04-19 00:00:00+05:30,173.65,174.6,172.6,174.15,18259103
2021-04-20 00:00:00+05:30,174.7,175.35,171.55,172.45,24702141
2021-04-22 00:00:00+05:30,171.1,174.8,169.9,174.45,26754231
2021-04-23 00:00:00+05:30,173.0,175.35,173.0,173.95,22690924
2021-04-26 00:00:00+05:30,174.35,175.15,173.4,173.9,22992500
2021-04-27 00:00:00+05:30,173.9,175.35,173.7,174.0,13232528
2021-04-28 00:00:00+05:30,174.5,174.95,173.9,174.1,14693052
2021-04-29 00:00:00+05:30,175.4,175.8,172.9,173.05,15142507
2021-04-30 00:00:00+05:30,172.75,174.25,171.1,171.65,19072328
2021-05-03 00:00:00+05:30,170.45,171.0,169.45,170.25,23831224
2021-05-04 00:00:00+05:30,170.45,171.4,168.65,169.1,21111437
2021-05-05 00:00:00+05:30,170.65,171.1,169.0,170.6,16028043
2021-05-06 00:00:00+05:30,171.35,174.5,171.2,171.75,16557855
2021-05-07 00:00:00+05:30,171.95,174.9,171.95,173.95,22503751
2021-05-10 00:00:00+05:30,175.45,175.7,173.65,174.15,18840753
2021-05-11 00:00:00+05:30,172.75,174.95,172.6,172.85,15894948
2021-05-12 00:00:00+05:30,172.75,173.85,171.85,172.2,19120837
2021-05-14 00:00:00+05:30,173.65,180.6,172.85,179.85,71276585
2021-05-17 00:00:00+05:30,183.65,183.85,179.3,180.1,43937828
2021-05-18 00:00:00+05:30,181.4,181.8,177.65,177.9,35240548
2021-05-19 00:00:00+05:30,177.9,179.1,175.8,176.0,28217503
2021-05-20 00:00:00+05:30,176.6,177.3,175.2,175.35,24146568
2021-05-21 00:00:00+05:30,175.85,177.75,175.7,177.1,26174147
2021-05-24 00:00:00+05:30,177.5,179.65,176.0,179.2,33374722
2021-05-25 00:00:00+05:30,180.4,180.75,178.1,178.65,29292262
2021-05-26 00:00:00+05:30,179.45,180.0,178.15,178.4,20321582
2021-05-27 00:00:00+05:30,178.75,181.4,178.15,178.85,54982331
2021-05-28 00:00:00+05:30,180.05,180.85,179.2,180.35,29595964
2021-05-31 00:00:00+05:30,182.15,184.6,181.65,183.5,84448525
2021-06-01 00:00:00+05:30,184.7,185.85,181.5,182.35,44808776
2021-06-02 00:00:00+05:30,178.3,180.0,176.7,177.05,111752791
2021-06-03 00:00:00+05:30,178.55,178.55,176.8,177.1,53945565
2021-06-04 00:00:00+05:30,177.5,177.65,176.2,176.85,34831796
2021-06-07 00:00:00+05:30,178.2,179.95,178.05,179.15,36343253
2021-06-08 00:00:00+05:30,179.8,181.5,178.9,181.0,24582449
2021-06-09 00:00:00+05:30,181.3,181.95,179.2,180.05,28775492
2021-06-10 00:00:00+05:30,176.8,179.1,175.75,177.3,35518079
2021-06-11 00:00:00+05:30,178.15,178.25,176.0,176.1,24770830
2021-06-14 00:00:00+05:30,176.15,176.6,173.85,175.6,20439228
2021-06-15 00:00:00+05:30,175.8,176.55,175.35,175.4,17174579
2021-06-16 00:00:00+05:30,175.4,177.35,175.4,176.05,23244587
2021-06-17 00:00:00+05:30,175.35,176.2,173.65,174.2,24831648
2021-06-18 00:00:00+05:30,174.5,174.9,171.55,173.25,27248871
2021-06-21 00:00:00+05:30,172.05,174.5,171.45,173.2,22054208
2021-06-22 00:00:00+05:30,174.6,174.75,173.1,173.75,20860995
2021-06-23 00:00:00+05:30,174.2,174.4,172.5,172.8,14539496
2021-06-24 00:00:00+05:30,173.2,173.35,171.6,172.2,25939729
2021-06-25 00:00:00+05:30,172.85,174.15,172.6,173.7,16044870
2021-06-28 00:00:00+05:30,174.45,174.45,172.3,172.5,16911958
2021-06-29 00:00:00+05:30,172.5,173.9,172.1,172.25,15407640
2021-06-30 00:00:00+05:30,173.05,173.15,171.6,171.7,18432660
2021-07-01 00:00:00+05:30,171.9,172.65,171.25,171.95,11783207
2021-07-02 00:00:00+05:30,172.25,172.6,171.35,171.45,14682366
2021-07-05 00:00:00+05:30,171.95,172.95,171.7,172.55,11849056
2021-07-06 00:00:00+05:30,172.2,172.65,171.35,171.55,12820741
2021-07-07 00:00:00+05:30,171.55,173.85,171.35,172.6,20672266
2021-07-08 00:00:00+05:30,172.4,173.2,170.95,171.1,24193557
2021-07-09 00:00:00+05:30,171.1,171.4,170.2,170.6,13682558
2021-07-12 00:00:00+05:30,171.1,171.6,170.25,170.4,15129290
2021-07-13 00:00:00+05:30,171.1,171.3,170.6,171.0,12522154
2021-07-14 00:00:00+05:30,171.0,173.8,170.85,172.95,23679507
2021-07-15 00:00:00+05:30,173.15,176.65,171.9,174.75,33359066
2021-07-16 00:00:00+05:30,175.95,177.65,175.5,176.1,33552808
2021-07-19 00:00:00+05:30,175.2,177.5,174.8,176.0,19036851
2021-07-20 00:00:00+05:30,176.35,177.3,174.85,175.2,27352078
2021-07-22 00:00:00+05:30,175.35,176.4,174.4,175.35,21171854
2021-07-23 00:00:00+05:30,175.35,180.95,174.95,179.95,51481998
2021-07-26 00:00:00+05:30,181.3,182.45,178.55,178.85,54646514
2021-07-27 00:00:00+05:30,179.6,180.4,176.15,176.75,28254074
2021-07-28 00:00:00+05:30,176.45,177.9,175.7,177.15,17038779
2021-07-29 00:00:00+05:30,177.15,178.05,174.2,174.55,18041083
2021-07-30 00:00:00+05:30,174.6,175.4,173.3,173.6,17274061
2021-08-02 00:00:00+05:30,174.9,175.75,174.05,175.6,11185256
2021-08-03 00:00:00+05:30,175.75,178.65,174.9,177.8,21353366
2021-08-04 00:00:00+05:30,178.65,178.85,176.3,176.7,12716221
2021-08-05 00:00:00+05:30,176.7,183.6,175.3,182.35,54547884
2021-08-06 00:00:00+05:30,182.5,182.95,180.1,181.5,27265159
2021-08-09 00:00:00+05:30,182.15,183.95,180.15,181.1,23538149
2021-08-10 00:00:00+05:30,181.3,181.7,176.65,177.75,20991936
2021-08-11 00:00:00+05:30,177.75,178.4,175.7,176.75,17827071
2021-08-12 00:00:00+05:30,178.1,181.45,176.5,177.0,32017814
2021-08-13 00:00:00+05:30,177.75,179.85,177.25,179.15,21795512
2021-08-16 00:00:00+05:30,179.1,180.65,178.3,178.65,12937998
2021-08-17 00:00:00+05:30,178.55,179.2,176.9,177.25,9086005
2021-08-18 00:00:00+05:30,177.6,179.2,176.5,177.0,12412600
2021-08-20 00:00:00+05:30,175.35,178.5,175.1,177.0,22454623
2021-08-23 00:00:00+05:30,177.5,178.05,174.5,174.8,11488455
2021-08-24 00:00:00+05:30,175.35,175.35,173.4,174.3,14441084
2021-08-25 00:00:00+05:30,174.85,176.1,174.5,174.85,12240599
2021-08-26 00:00:00+05:30,174.85,175.25,173.1,173.3,17153628
2021-08-27 00:00:00+05:30,173.65,175.25,173.55,174.45,12112827
2021-08-30 00:00:00+05:30,174.5,176.35,174.5,176.2,13972533
2021-08-31 00:00:00+05:30,176.25,179.25,175.55,179.0,29839784
2021-09-01 00:00:00+05:30,178.75,179.85,177.3,177.5,18779003
2021-09-02 00:00:00+05:30,177.05,179.2,177.05,177.7,16558173
2021-09-03 00:00:00+05:30,177.7,178.95,177.7,178.4,11826631
2021-09-06 00:00:00+05:30,178.75,178.9,177.1,177.3,12292931
2021-09-07 00:00:00+05:30,178.65,181.6,178.0,179.4,43345523
2021-09-08 00:00:00+05:30,179.85,180.4,177.65,178.95,19925211
2021-09-09 00:00:00+05:30,178.8,181.2,178.35,180.1,22027115
2021-09-13 00:00:00+05:30,180.75,182.3,179.45,181.4,18550001
2021-09-14 00:00:00+05:30,182.05,184.05,181.45,183.05,22686841
2021-09-15 00:00:00+05:30,183.9,184.0,182.4,182.95,23411675
2021-09-16 00:00:00+05:30,183.8,197.95,183.25,195.5,172550465
2021-09-17 00:00:00+05:30,197.35,201.05,194.1,195.8,91920225
2021-09-20 00:00:00+05:30,195.7,202.75,195.05,198.0,81386250
2021-09-21 00:00:00+05:30,199.05,205.4,196.3,204.55,65524142
2021-09-22 00:00:00+05:30,206.3,208.25,203.95,206.3,60841562
2021-09-23 00:00:00+05:30,207.55,208.05,204.75,205.45,25194924
2021-09-24 00:00:00+05:30,206.7,206.7,201.4,202.0,28700764
2021-09-27 00:00:00+05:30,203.15,204.9,199.5,202.2,26466111
2021-09-28 00:00:00+05:30,203.2,204.65,200.2,201.45,18168513
2021-09-29 00:00:00+05:30,199.9,204.5,199.65,201.7,17863390
2021-09-30 00:00:00+05:30,203.25,203.65,199.25,200.05,18913055
2021-10-01 00:00:00+05:30,199.2,200.8,197.3,199.35,18448540
2021-10-04 00:00:00+05:30,199.9,201.9,199.4,200.45,12355823
2021-10-05 00:00:00+05:30,200.25,201.15,198.65,198.85,10664351
2021-10-06 00:00:00+05:30,198.95,200.25,195.35,195.9,20239519
2021-10-07 00:00:00+05:30,197.35,199.05,196.8,197.35,11991600
2021-10-08 00:00:00+05:30,198.9,198.95,195.85,196.3,11260539
2021-10-11 00:00:00+05:30,196.55,202.9,196.3,201.65,24493499
2021-10-12 00:00:00+05:30,202.1,205.85,201.6,204.4,33786596
2021-10-13 00:00:00+05:30,205.5,212.55,203.45,211.15,57994709
2021-10-14 00:00:00+05:30,214.55,221.8,212.1,217.35,98747716
2021-10-18 00:00:00+05:30,221.1,224.75,218.05,222.45,69710833
2021-10-19 00:00:00+05:30,221.45,222.45,207.6,208.35,68287391
2021-10-20 00:00:00+05:30,208.35,210.55,205.3,208.9,55292131
2021-10-21 00:00:00+05:30,210.1,210.4,205.95,207.3,26036220
2021-10-22 00:00:00+05:30,207.3,208.25,198.0,200.45,41088161
2021-10-25 00:00:00+05:30,198.3,200.5,195.25,197.7,25822544
2021-10-26 00:00:00+05:30,198.3,202.45,197.05,200.5,21891744
2021-10-27 00:00:00+05:30,203.55,204.4,200.1,202.0,29958953
2021-10-28 00:00:00+05:30,199.2,199.85,189.85,190.7,53511925
2021-10-29 00:00:00+05:30,190.6,193.35,188.3,189.1,30803685
2021-11-01 00:00:00+05:30,189.85,192.75,188.5,192.15,26821064
2021-11-02 00:00:00+05:30,193.15,194.25,190.15,191.1,16584413
2021-11-03 00:00:00+05:30,191.45,192.15,187.8,188.45,20630508
2021-11-04 00:00:00+05:30,190.45,192.55,189.75,191.95,8122090
2021-11-08 00:00:00+05:30,194.55,195.45,191.2,194.65,23436880
2021-11-09 00:00:00+05:30,194.7,195.6,193.0,193.8,13320403
2021-11-10 00:00:00+05:30,192.65,197.25,192.45,195.55,15529087
2021-11-11 00:00:00+05:30,195.15,196.1,193.6,194.85,9405667
2021-11-12 00:00:00+05:30,195.85,198.2,194.15,197.3,13707401
2021-11-15 00:00:00+05:30,198.2,202.45,197.45,201.7,44808956
2021-11-16 00:00:00+05:30,202.5,203.0,199.1,199.45,16968399
2021-11-17 00:00:00+05:30,199.9,207.75,199.6,202.9,53992162
2021-11-18 00:00:00+05:30,203.35,205.85,200.2,201.2,23385444
2021-11-22 00:00:00+05:30,201.55,203.95,194.45,195.6,26100389
2021-11-23 00:00:00+05:30,194.15,197.1,194.15,196.2,15531720
2021-11-24 00:00:00+05:30,196.9,197.1,192.25,192.9,16348542
2021-11-25 00:00:00+05:30,192.3,196.75,191.25,195.95,27638855
2021-11-26 00:00:00+05:30,193.95,194.85,189.0,189.75,31248724
2021-11-29 00:00:00+05:30,188.05,189.5,186.55,187.65,25590186
2021-11-30 00:00:00+05:30,188.05,190.8,186.4,187.3,27174763
2021-12-01 00:00:00+05:30,188.05,189.2,186.9,187.95,15025783
2021-12-02 00:00:00+05:30,187.95,191.6,187.45,191.0,18389231
2021-12-03 00:00:00+05:30,190.6,191.65,187.5,187.75,15949412
2021-12-06 00:00:00+05:30,187.75,188.25,184.25,184.6,15190605
2021-12-07 00:00:00+05:30,185.45,188.0,184.8,186.95,10294649
2021-12-08 00:00:00+05:30,187.25,191.15,187.25,190.55,11402297
2021-12-09 00:00:00+05:30,188.9,200.3,188.9,199.4,44215358
2021-12-10 00:00:00+05:30,200.1,202.4,198.0,200.0,40655438
2021-12-13 00:00:00+05:30,201.6,202.25,198.35,198.75,25499296
2021-12-14 00:00:00+05:30,199.1,200.85,192.75,193.65,43367377
2021-12-15 00:00:00+05:30,194.85,196.75,189.25,189.8,40065951
2021-12-16 00:00:00+05:30,191.45,191.6,187.05,188.85,27979193
2021-12-17 00:00:00+05:30,188.75,188.8,183.6,184.65,34320709
2021-12-20 00:00:00+05:30,183.2,183.2,177.75,179.95,43173533
2021-12-21 00:00:00+05:30,181.3,182.5,178.8,180.05,22425256
2021-12-22 00:00:00+05:30,181.3,181.45,178.85,179.6,19932343
2021-12-23 00:00:00+05:30,181.2,185.05,180.6,184.1,25678945
2021-12-24 00:00:00+05:30,184.7,186.75,183.35,184.7,19171678
2021-12-27 00:00:00+05:30,185.0,185.05,182.65,184.3,9426646
2021-12-28 00:00:00+05:30,184.7,186.9,184.7,186.4,13375885
2021-12-29 00:00:00+05:30,186.4,186.65,183.25,183.6,13274313
2021-12-30 00:00:00+05:30,183.5,184.6,182.55,182.95,11262802
2021-12-31 00:00:00+05:30,183.75,185.35,183.1,184.75,8768430
2022-01-03 00:00:00+05:30,184.75,186.25,183.9,185.6,8978489
2022-01-04 00:00:00+05:30,185.95,187.8,185.55,186.6,10463930
2022-01-05 00:00:00+05:30,186.1,187.65,185.2,186.85,12984840
2022-01-06 00:00:00+05:30,185.5,186.7,184.85,185.25,10348698
2022-01-07 00:00:00+05:30,186.2,186.95,184.25,185.0,10238225
2022-01-10 00:00:00+05:30,186.3,190.35,185.45,189.2,18315757
2022-01-11 00:00:00+05:30,189.25,189.95,187.35,188.0,9273552
2022-01-12 00:00:00+05:30,188.5,189.5,187.7,188.7,15214353
2022-01-13 00:00:00+05:30,189.65,191.3,188.7,189.7,13297592
2022-01-14 00:00:00+05:30,189.7,190.45,188.3,188.6,12220748
2022-01-17 00:00:00+05:30,188.6,191.1,187.5,190.25,14242470
2022-01-18 00:00:00+05:30,190.25,192.55,186.65,187.05,16642498
2022-01-19 00:00:00+05:30,187.05,188.4,185.25,186.7,13266037
2022-01-20 00:00:00+05:30,186.85,188.2,184.7,185.3,20036878
2022-01-21 00:00:00+05:30,185.1,186.8,182.95,183.9,19177088
2022-01-24 00:00:00+05:30,183.9,184.5,178.65,179.45,20065836
2022-01-25 00:00:00+05:30,179.6,181.9,177.55,181.55,21185032
2022-01-27 00:00:00+05:30,178.95,182.55,178.85,181.8,26765734
2022-01-28 00:00:00+05:30,182.25,185.75,182.25,184.35,17663303
2022-01-31 00:00:00+05:30,185.1,187.05,183.9,186.55,17388144
2022-02-01 00:00:00+05:30,187.25,193.85,185.65,192.95,49956149
2022-02-02 00:00:00+05:30,194.85,197.65,194.0,196.7,47555367
2022-02-03 00:00:00+05:30,196.7,199.2,196.4,198.65,32195586
2022-02-04 00:00:00+05:30,201.0,202.05,196.15,198.5,65563591
2022-02-07 00:00:00+05:30,198.25,198.9,193.6,195.0,27946679
2022-02-08 00:00:00+05:30,195.1,196.8,194.05,195.9,18731969
2022-02-09 00:00:00+05:30,196.8,197.35,193.8,194.95,13751655
2022-02-10 00:00:00+05:30,193.75,197.7,192.95,196.75,22619470
2022-02-11 00:00:00+05:30,196.55,197.65,194.65,196.9,20923298
2022-02-14 00:00:00+05:30,191.45,191.45,185.1,185.9,26298101
2022-02-15 00:00:00+05:30,187.25,189.35,185.1,188.9,14886473
2022-02-16 00:00:00+05:30,189.6,190.35,187.95,188.7,12986005
2022-02-17 00:00:00+05:30,188.95,190.05,187.1,188.6,16214763
2022-02-18 00:00:00+05:30,188.6,189.3,187.65,187.95,10025375
2022-02-21 00:00:00+05:30,186.65,187.45,183.95,184.7,18648418
2022-02-22 00:00:00+05:30,182.15,183.75,180.4,182.0,29771464
2022-02-23 00:00:00+05:30,183.65,184.25,182.2,182.95,12734747
2022-02-24 00:00:00+05:30,177.9,180.7,175.35,176.65,47799193
2022-02-25 00:00:00+05:30,179.2,183.4,178.35,181.25,27325304
2022-02-28 00:00:00+05:30,180.6,183.35,178.55,182.85,23164103
2022-03-02 00:00:00+05:30,181.65,183.5,180.0,182.4,22310086
2022-03-03 00:00:00+05:30,183.0,186.55,182.95,185.85,32989556
2022-03-04 00:00:00+05:30,184.45,192.65,183.85,191.05,77275678
2022-03-07 00:00:00+05:30,188.05,192.3,186.45,190.55,52328209
2022-03-08 00:00:00+05:30,189.65,193.55,189.55,192.2,41665320
2022-03-09 00:00:00+05:30,192.9,196.05,191.55,194.25,48901497
2022-03-10 00:00:00+05:30,195.7,196.95,193.0,196.55,41776210
2022-03-11 00:00:00+05:30,196.45,200.85,194.95,200.2,48212722
2022-03-14 00:00:00+05:30,200.15,202.85,199.3,202.45,40598494
2022-03-15 00:00:00+05:30,202.45,204.5,199.85,201.5,38152739
2022-03-16 00:00:00+05:30,203.35,205.85,202.55,205.5,25008117
2022-03-17 00:00:00+05:30,207.75,207.9,205.6,207.45,39569591
2022-03-21 00:00:00+05:30,208.35,209.9,206.5,207.1,32344934
2022-03-22 00:00:00+05:30,207.15,212.4,206.35,211.55,42716412
2022-03-23 00:00:00+05:30,213.05,214.95,210.55,213.5,46816548
2022-03-24 00:00:00+05:30,213.45,217.3,213.05,215.9,44212531
2022-03-25 00:00:00+05:30,216.25,216.65,211.15,214.6,33858992
2022-03-28 00:00:00+05:30,215.2,218.55,213.95,217.75,28808419
2022-03-29 00:00:00+05:30,217.75,218.15,214.95,215.7,20953536
2022-03-30 00:00:00+05:30,216.1,217.2,210.65,211.15,20353598
2022-03-31 00:00:00+05:30,211.45,215.5,211.35,212.35,29664465
2022-04-01 00:00:00+05:30,211.8,216.3,210.8,214.6,16540304
2022-04-04 00:00:00+05:30,214.4,218.45,212.75,216.4,18392181
2022-04-05 00:00:00+05:30,216.9,221.8,216.1,219.8,31429230
2022-04-06 00:00:00+05:30,218.15,223.05,218.0,219.95,22659198
2022-04-07 00:00:00+05:30,218.55,222.15,216.7,217.45,18569879
2022-04-08 00:00:00+05:30,218.55,227.8,216.85,226.85,43735460
2022-04-11 00:00:00+05:30,227.7,231.4,225.35,226.6,53356055
2022-04-12 00:00:00+05:30,226.1,227.6,222.9,224.35,27232930
2022-04-13 00:00:00+05:30,224.75,229.25,223.35,228.35,24759374
2022-04-18 00:00:00+05:30,227.05,230.85,226.4,228.8,28210710
2022-04-19 00:00:00+05:30,230.4,230.85,219.25,221.55,27032186
2022-04-20 00:00:00+05:30,222.75,224.9,218.2,219.9,28339243
2022-04-21 00:00:00+05:30,220.0,224.0,219.95,220.6,27069347
2022-04-22 00:00:00+05:30,220.25,222.8,219.0,221.2,18119173
2022-04-25 00:00:00+05:30,219.25,219.4,213.9,216.2,27990108
2022-04-26 00:00:00+05:30,217.4,220.85,217.1,219.35,23744610
2022-04-27 00:00:00+05:30,217.05,219.0,216.65,218.15,19170798
2022-04-28 00:00:00+05:30,219.85,223.35,218.65,221.2,32286257
2022-04-29 00:00:00+05:30,222.8,222.8,219.0,219.9,23609554
2022-05-02 00:00:00+05:30,218.55,224.05,217.75,222.95,21928338
2022-05-04 00:00:00+05:30,223.65,225.4,219.05,220.05,30005779
2022-05-05 00:00:00+05:30,221.95,224.65,220.6,222.0,20734067
2022-05-06 00:00:00+05:30,219.4,226.5,219.3,225.9,39877584
2022-05-09 00:00:00+05:30,225.45,225.45,220.7,222.8,24747034
2022-05-10 00:00:00+05:30,221.95,226.0,219.5,220.05,20850109
2022-05-11 00:00:00+05:30,219.4,222.15,213.3,216.55,20053299
2022-05-12 00:00:00+05:30,216.0,217.2,211.1,214.25,23175772
2022-05-13 00:00:00+05:30,215.95,220.95,215.6,219.05,13783821
2022-05-16 00:00:00+05:30,220.25,220.25,214.3,215.25,9465671
2022-05-17 00:00:00+05:30,216.0,224.95,215.9,224.25,20578071
2022-05-18 00:00:00+05:30,225.35,226.85,222.95,226.0,23355684
2022-05-19 00:00:00+05:30,222.45,236.55,222.45,233.5,90516489
2022-05-20 00:00:00+05:30,234.7,239.2,234.7,237.2,37427183
2022-05-23 00:00:00+05:30,237.2,237.55,231.3,232.55,25089796
2022-05-24 00:00:00+05:30,232.95,232.95,228.7,229.45,17976607
2022-05-25 00:00:00+05:30,231.2,232.05,229.15,231.0,17676781
2022-05-26 00:00:00+05:30,227.25,227.25,223.5,225.9,21297443
2022-05-27 00:00:00+05:30,227.85,229.35,224.55,228.05,15571819
2022-05-30 00:00:00+05:30,229.15,229.6,226.7,227.9,13665281
2022-05-31 00:00:00+05:30,227.9,232.55,225.65,229.3,26833558
2022-06-01 00:00:00+05:30,229.3,232.2,228.9,230.25,16995944
2022-06-02 00:00:00+05:30,229.35,232.5,226.9,231.7,16465480
2022-06-03 00:00:00+05:30,232.95,233.55,230.1,231.0,14438504
2022-06-06 00:00:00+05:30,230.75,233.65,228.45,232.75,12631728
2022-06-07 00:00:00+05:30,231.45,232.95,230.6,232.05,12519989
2022-06-08 00:00:00+05:30,232.1,232.5,225.5,226.95,16605352
2022-06-09 00:00:00+05:30,226.85,230.2,225.15,229.45,11400386
2022-06-10 00:00:00+05:30,227.9,229.6,227.7,228.85,9678646
2022-06-13 00:00:00+05:30,225.65,227.95,222.8,224.2,12825401
2022-06-14 00:00:00+05:30,223.0,226.55,222.85,224.9,8581562
2022-06-15 00:00:00+05:30,225.35,226.45,222.85,223.1,5849779
2022-06-16 00:00:00+05:30,226.2,226.95,219.85,220.85,16526022
2022-06-17 00:00:00+05:30,219.4,223.75,219.0,223.05,19256168
2022-06-20 00:00:00+05:30,223.05,225.45,221.4,223.7,19749261
2022-06-21 00:00:00+05:30,224.5,229.45,223.7,228.65,16051606
2022-06-22 00:00:00+05:30,226.2,229.0,224.4,224.75,13089279
2022-06-23 00:00:00+05:30,224.95,226.4,222.3,224.95,10483584
2022-06-24 00:00:00+05:30,225.45,227.35,224.65,225.25,8108604
2022-06-27 00:00:00+05:30,226.2,229.3,225.75,228.7,9449605
2022-06-28 00:00:00+05:30,227.8,230.6,227.5,230.25,12995900
2022-06-29 00:00:00+05:30,228.05,232.95,228.0,232.2,18520579
2022-06-30 00:00:00+05:30,232.1,232.7,230.4,231.7,22270845
2022-07-01 00:00:00+05:30,231.7,241.45,229.75,240.9,40658647
2022-07-04 00:00:00+05:30,242.0,248.5,241.25,247.25,46111383
2022-07-05 00:00:00+05:30,248.2,248.2,242.1,243.05,21469135
2022-07-06 00:00:00+05:30,242.35,245.65,241.7,245.05,21150335
2022-07-07 00:00:00+05:30,246.55,248.35,244.4,247.3,15949810
2022-07-08 00:00:00+05:30,248.15,249.4,246.0,248.25,12845899
2022-07-11 00:00:00+05:30,248.2,251.6,247.4,249.9,14282191
2022-07-12 00:00:00+05:30,248.2,250.2,246.45,247.95,16273127
2022-07-13 00:00:00+05:30,248.2,249.7,247.95,249.1,10726754
2022-07-14 00:00:00+05:30,249.3,251.05,244.95,246.4,15509720
2022-07-15 00:00:00+05:30,247.35,249.1,245.25,248.7,12747624
2022-07-18 00:00:00+05:30,249.9,251.0,248.85,250.15,13083450
2022-07-19 00:00:00+05:30,249.9,250.4,247.95,249.55,10623678
2022-07-20 00:00:00+05:30,249.8,253.75,248.75,252.6,18255614
2022-07-21 00:00:00+05:30,253.3,256.0,252.45,253.8,18548780
2022-07-22 00:00:00+05:30,254.1,256.3,252.55,254.6,11524505
2022-07-25 00:00:00+05:30,253.3,256.6,253.15,255.05,12302840
2022-07-26 00:00:00+05:30,255.0,257.3,254.5,256.25,11260466
2022-07-27 00:00:00+05:30,256.55,258.4,254.65,257.65,10806042
2022-07-28 00:00:00+05:30,258.3,258.55,256.2,257.05,12532165
2022-07-29 00:00:00+05:30,258.4,259.1,255.3,256.7,19577688
2022-08-01 00:00:00+05:30,257.55,261.6,256.75,260.5,18371552
2022-08-02 00:00:00+05:30,262.6,268.25,261.1,262.6,45071749
2022-08-03 00:00:00+05:30,263.4,263.4,257.25,261.05,20459276
2022-08-04 00:00:00+05:30,260.95,262.9,260.2,262.2,18385845
2022-08-05 00:00:00+05:30,262.2,264.15,261.85,263.35,11664612
2022-08-08 00:00:00+05:30,263.45,266.0,262.65,265.3,9604740
2022-08-10 00:00:00+05:30,265.3,266.05,263.25,263.6,10317456
2022-08-11 00:00:00+05:30,265.15,265.55,258.65,259.45,12586414
2022-08-12 00:00:00+05:30,259.45,262.1,257.95,261.35,7425718
2022-08-16 00:00:00+05:30,261.35,263.85,261.35,263.1,9954751
2022-08-17 00:00:00+05:30,264.05,265.4,263.5,264.75,9221706
2022-08-18 00:00:00+05:30,265.15,267.7,264.8,267.4,11427738
2022-08-19 00:00:00+05:30,267.85,267.85,263.6,264.3,12050425
2022-08-22 00:00:00+05:30,263.6,268.5,263.5,266.3,13129653
2022-08-23 00:00:00+05:30,265.1,267.7,264.4,267.6,10797649
2022-08-24 00:00:00+05:30,267.5,270.65,265.2,266.05,13119311
2022-08-25 00:00:00+05:30,267.25,268.05,263.95,264.6,8971099
2022-08-26 00:00:00+05:30,266.65,267.2,264.3,265.1,8043228
2022-08-29 00:00:00+05:30,262.6,266.8,261.6,265.65,13136085
2022-08-30 00:00:00+05:30,266.2,272.3,266.2,271.5,20614438
2022-09-01 00:00:00+05:30,270.7,272.7,267.7,269.05,15325453
2022-09-02 00:00:00+05:30,270.0,274.7,269.45,273.75,29782471
2022-09-05 00:00:00+05:30,275.35,279.2,274.25,278.55,20201070
2022-09-06 00:00:00+05:30,279.55,279.55,276.5,277.15,13840617
2022-09-07 00:00:00+05:30,276.15,278.1,275.55,276.25,9348854
2022-09-08 00:00:00+05:30,278.7,280.1,277.45,279.5,12615481
2022-09-09 00:00:00+05:30,280.1,282.35,279.55,280.0,10877671
2022-09-12 00:00:00+05:30,281.25,281.6,279.55,280.3,10073637
2022-09-13 00:00:00+05:30,281.0,283.8,280.1,283.25,12163495
2022-09-14 00:00:00+05:30,280.4,287.2,280.35,284.1,14183171
2022-09-15 00:00:00+05:30,285.0,285.5,282.05,283.0,9733694
2022-09-16 00:00:00+05:30,281.55,283.45,279.3,280.65,14444272
2022-09-19 00:00:00+05:30,278.8,285.4,278.8,284.3,16609389
2022-09-20 00:00:00+05:30,287.0,287.65,283.8,284.65,11014068
2022-09-21 00:00:00+05:30,284.65,292.4,284.2,288.85,24271106
2022-09-22 00:00:00+05:30,288.9,295.45,288.8,292.3,27956974
2022-09-23 00:00:00+05:30,294.4,296.15,290.8,293.45,26406297
2022-09-26 00:00:00+05:30,292.15,293.05,281.05,281.75,18737182
2022-09-27 00:00:00+05:30,283.8,287.65,282.95,283.65,11551684
2022-09-28 00:00:00+05:30,281.2,282.35,274.75,275.3,17982322
2022-09-29 00:00:00+05:30,278.7,283.7,277.65,282.15,21136937
2022-09-30 00:00:00+05:30,282.15,284.45,279.7,281.4,14369197
2022-10-03 00:00:00+05:30,282.05,282.1,273.85,274.8,10534500
2022-10-04 00:00:00+05:30,278.45,282.95,277.9,282.0,10178350
2022-10-06 00:00:00+05:30,283.8,287.45,281.7,285.15,25708280
2022-10-07 00:00:00+05:30,285.3,285.35,280.65,283.0,12147159
2022-10-10 00:00:00+05:30,279.55,280.75,276.2,277.75,10855585
2022-10-11 00:00:00+05:30,278.7,279.95,275.45,276.4,12267263
2022-10-12 00:00:00+05:30,277.85,280.75,275.15,279.65,11952299
2022-10-13 00:00:00+05:30,279.5,280.65,277.9,278.4,8401808
2022-10-14 00:00:00+05:30,281.5,282.85,280.3,281.35,7428506
2022-10-17 00:00:00+05:30,280.45,283.6,279.2,281.45,8011403
2022-10-18 00:00:00+05:30,282.9,288.9,282.6,288.3,24150094
2022-10-19 00:00:00+05:30,290.65,294.35,287.85,293.4,18841577
2022-10-20 00:00:00+05:30,293.95,297.3,292.1,296.25,21360511
2022-10-21 00:00:00+05:30,299.25,299.25,291.85,292.75,31647774
2022-10-24 00:00:00+05:30,295.6,296.25,293.95,294.6,3665816
2022-10-25 00:00:00+05:30,296.05,296.1,291.1,293.35,19935496
2022-10-27 00:00:00+05:30,293.65,295.1,291.3,292.95,21457506
2022-10-28 00:00:00+05:30,294.45,295.3,292.35,292.95,15110610
2022-10-31 00:00:00+05:30,294.8,296.95,292.05,295.4,15985628
2022-11-01 00:00:00+05:30,295.85,296.95,294.15,296.1,22736963
2022-11-02 00:00:00+05:30,295.2,301.8,295.2,300.45,19402829
2022-11-03 00:00:00+05:30,299.85,303.7,299.05,299.6,12413175
2022-11-04 00:00:00+05:30,299.85,301.6,298.65,299.55,9696900
2022-11-07 00:00:00+05:30,300.75,301.85,296.5,299.45,11620190
2022-11-09 00:00:00+05:30,299.45,306.2,299.25,305.55,23830587
2022-11-10 00:00:00+05:30,304.15,304.9,299.95,301.6,22346658
2022-11-11 00:00:00+05:30,304.95,305.8,300.45,301.85,12661466
2022-11-14 00:00:00+05:30,301.85,302.4,293.6,294.15,20395293
2022-11-15 00:00:00+05:30,295.6,295.6,287.35,292.45,17864968
2022-11-16 00:00:00+05:30,292.85,293.85,289.45,291.5,8792836
2022-11-17 00:00:00+05:30,291.5,294.35,290.2,291.15,11555405
2022-11-18 00:00:00+05:30,291.15,292.05,287.85,288.9,9062663
2022-11-21 00:00:00+05:30,287.3,288.0,283.25,285.65,10635699
2022-11-22 00:00:00+05:30,285.45,288.9,284.4,288.25,7510515
2022-11-23 00:00:00+05:30,289.75,289.75,285.9,287.85,8981721
2022-11-24 00:00:00+05:30,287.85,290.15,285.95,288.65,9412483
2022-11-25 00:00:00+05:30,288.9,289.65,286.15,288.3,8016249
2022-11-28 00:00:00+05:30,288.0,289.55,287.0,288.05,11449577
2022-11-29 00:00:00+05:30,288.0,292.25,288.0,289.95,11781541
2022-11-30 00:00:00+05:30,289.1,291.55,287.2,288.0,26079895
2022-12-01 00:00:00+05:30,289.5,289.5,285.3,287.65,19228138
2022-12-02 00:00:00+05:30,287.5,288.7,285.25,285.6,9699196
2022-12-05 00:00:00+05:30,286.05,287.05,283.05,285.25,11234119
2022-12-06 00:00:00+05:30,283.0,286.5,283.0,285.75,7315794
2022-12-07 00:00:00+05:30,286.75,289.3,285.15,288.1,11346061
2022-12-08 00:00:00+05:30,288.2,289.85,285.9,286.7,7168975
2022-12-09 00:00:00+05:30,287.8,290.15,286.35,289.25,9402506
2022-12-12 00:00:00+05:30,288.9,291.45,288.1,290.75,12966426
2022-12-13 00:00:00+05:30,291.85,293.1,290.05,292.75,12363771
2022-12-14 00:00:00+05:30,293.1,294.25,291.2,292.6,8532637
2022-12-15 00:00:00+05:30,292.05,293.2,286.35,287.05,9428756
2022-12-16 00:00:00+05:30,285.9,287.1,280.65,283.9,14370771
2022-12-19 00:00:00+05:30,285.3,290.0,284.1,288.45,9033184
2022-12-20 00:00:00+05:30,288.05,288.85,285.25,288.15,6338557
2022-12-21 00:00:00+05:30,288.9,289.1,283.35,283.9,8145683
2022-12-22 00:00:00+05:30,284.35,285.8,279.5,281.65,7612955
2022-12-23 00:00:00+05:30,280.3,281.15,275.6,276.75,11647455
2022-12-26 00:00:00+05:30,276.6,283.9,275.7,283.45,11060481
2022-12-27 00:00:00+05:30,284.3,285.0,279.7,282.25,7778174
2022-12-28 00:00:00+05:30,282.0,283.8,280.8,283.25,8946192
2022-12-29 00:00:00+05:30,283.25,284.45,280.85,284.1,9371440
2022-12-30 00:00:00+05:30,284.15,285.25,280.0,280.85,8047478
2023-01-02 00:00:00+05:30,280.3,282.95,279.25,282.0,6881597
2023-01-03 00:00:00+05:30,280.8,282.4,279.8,280.45,6933808
2023-01-04 00:00:00+05:30,281.1,281.7,276.15,277.0,7734731
2023-01-05 00:00:00+05:30,278.4,282.85,278.0,282.5,9447840
2023-01-06 00:00:00+05:30,283.55,285.95,282.2,283.85,9578142
2023-01-09 00:00:00+05:30,285.45,289.15,284.8,286.4,12277472
2023-01-10 00:00:00+05:30,286.25,286.7,281.7,282.45,8035154
2023-01-11 00:00:00+05:30,283.9,283.9,280.65,281.05,5300373
2023-01-12 00:00:00+05:30,282.45,282.65,277.95,279.45,7675363
2023-01-13 00:00:00+05:30,279.45,281.45,276.5,278.5,16663973
2023-01-16 00:00:00+05:30,279.85,281.4,277.5,279.75,9543233
2023-01-17 00:00:00+05:30,279.75,282.55,278.8,281.45,15854476
2023-01-18 00:00:00+05:30,282.95,285.1,281.6,283.5,14516738
2023-01-19 00:00:00+05:30,282.95,284.35,280.95,281.4,9649821
2023-01-20 00:00:00+05:30,281.25,283.95,278.9,283.45,15150496
2023-01-23 00:00:00+05:30,284.65,286.45,282.15,286.1,8237723
2023-01-24 00:00:00+05:30,286.15,288.65,286.0,287.15,14224620
2023-01-25 00:00:00+05:30,287.1,288.9,284.0,287.4,14449696
2023-01-27 00:00:00+05:30,289.55,295.5,289.3,293.1,24326672
2023-01-30 00:00:00+05:30,293.9,298.0,289.6,292.1,16292657
2023-01-31 00:00:00+05:30,293.1,300.75,288.9,298.5,19810719
2023-02-01 00:00:00+05:30,299.05,309.8,278.8,306.15,74597023
2023-02-02 00:00:00+05:30,306.35,325.9,305.3,320.75,64452734
2023-02-03 00:00:00+05:30,323.5,323.8,315.15,322.45,25777917
2023-02-06 00:00:00+05:30,324.0,328.85,321.55,324.8,29818652
2023-02-07 00:00:00+05:30,325.25,325.25,312.1,316.15,23868316
2023-02-08 00:00:00+05:30,317.45,319.65,314.75,318.15,12048169
2023-02-09 00:00:00+05:30,316.8,321.9,315.25,317.05,13713950
2023-02-10 00:00:00+05:30,315.3,319.3,313.7,314.6,11884145
2023-02-13 00:00:00+05:30,316.0,317.8,313.45,317.0,11447737
2023-02-14 00:00:00+05:30,317.7,328.4,316.6,327.4,33674472
2023-02-15 00:00:00+05:30,323.4,324.35,320.7,323.75,14116487
2023-02-16 00:00:00+05:30,323.6,326.35,322.8,324.05,11302208
2023-02-17 00:00:00+05:30,322.8,325.75,321.25,324.8,8870546
2023-02-20 00:00:00+05:30,325.9,328.25,323.05,325.35,9024137
2023-02-21 00:00:00+05:30,326.15,326.9,323.35,323.8,9549744
2023-02-22 00:00:00+05:30,323.6,326.05,321.9,325.2,10360824
2023-02-23 00:00:00+05:30,325.65,333.75,324.55,328.35,21771987
2023-02-24 00:00:00+05:30,329.55,329.55,322.8,326.2,14926835
2023-02-27 00:00:00+05:30,326.2,327.7,320.3,323.75,9414174
2023-02-28 00:00:00+05:30,324.0,325.55,317.7,319.1,18924126
2023-03-01 00:00:00+05:30,317.05,322.25,316.5,320.85,8979844
2023-03-02 00:00:00+05:30,321.5,321.7,317.45,318.15,5803680
2023-03-03 00:00:00+05:30,319.35,326.5,318.6,326.1,9458560
2023-03-06 00:00:00+05:30,326.9,332.5,326.35,328.8,12387951
2023-03-08 00:00:00+05:30,328.7,333.05,326.2,332.45,10310670
2023-03-09 00:00:00+05:30,332.2,333.4,326.7,328.25,11139187
2023-03-10 00:00:00+05:30,327.8,330.55,324.9,328.7,9668476
2023-03-13 00:00:00+05:30,329.7,331.15,324.0,325.0,10165189
2023-03-14 00:00:00+05:30,326.75,327.4,319.55,321.65,11827686
2023-03-15 00:00:00+05:30,322.8,325.6,320.25,321.4,9739498
2023-03-16 00:00:00+05:30,322.45,323.9,319.25,323.15,18164058
2023-03-17 00:00:00+05:30,326.15,326.15,313.15,318.15,56543245
2023-03-20 00:00:00+05:30,316.2,321.35,315.15,320.9,11703280
2023-03-21 00:00:00+05:30,320.9,320.9,316.85,319.3,13424479
2023-03-22 00:00:00+05:30,319.3,320.9,317.0,320.0,5520716
2023-03-23 00:00:00+05:30,319.35,324.25,317.15,322.45,11275669
2023-03-24 00:00:00+05:30,323.2,324.45,320.25,320.85,11486300
2023-03-27 00:00:00+05:30,320.2,325.65,318.8,322.1,12505899
2023-03-28 00:00:00+05:30,322.1,323.9,320.35,321.7,10603000
2023-03-29 00:00:00+05:30,322.1,325.3,319.5,324.25,11747395
2023-03-31 00:00:00+05:30,323.6,325.7,321.9,324.9,10996865
2023-04-03 00:00:00+05:30,325.3,325.3,320.65,320.95,8161868
2023-04-05 00:00:00+05:30,320.95,327.9,320.95,327.35,13421695
2023-04-06 00:00:00+05:30,327.55,330.6,325.5,328.1,14912321
2023-04-10 00:00:00+05:30,328.1,330.4,325.9,329.15,7842550
2023-04-11 00:00:00+05:30,329.15,337.25,328.7,335.45,21086196
2023-04-12 00:00:00+05:30,336.95,337.0,332.2,333.4,11270119
2023-04-13 00:00:00+05:30,335.05,335.95,333.5,335.15,7005485
2023-04-17 00:00:00+05:30,332.8,340.55,332.8,339.0,12765918
2023-04-18 00:00:00+05:30,338.85,340.55,336.3,337.6,10977732
2023-04-19 00:00:00+05:30,335.5,340.0,335.45,337.8,11266276
2023-04-20 00:00:00+05:30,338.85,341.1,336.9,339.1,7709308
2023-04-21 00:00:00+05:30,339.1,346.5,338.05,345.85,16478441
2023-04-24 00:00:00+05:30,347.3,347.3,342.4,346.25,6916129
2023-04-25 00:00:00+05:30,346.25,350.35,345.1,348.65,10221052
2023-04-26 00:00:00+05:30,349.05,349.85,346.55,349.25,8811103
2023-04-27 00:00:00+05:30,349.2,353.6,348.15,352.4,14584649
2023-04-28 00:00:00+05:30,354.15,362.8,350.45,360.5,14705423
2023-05-02 00:00:00+05:30,360.9,361.7,356.8,359.55,11855159
2023-05-03 00:00:00+05:30,359.15,363.0,357.55,361.85,8469745
2023-05-04 00:00:00+05:30,360.3,361.7,359.15,359.7,9232203
2023-05-05 00:00:00+05:30,360.85,365.9,359.45,363.25,14351273
2023-05-08 00:00:00+05:30,365.1,367.2,363.75,365.5,8375114
2023-05-09 00:00:00+05:30,366.65,366.95,357.05,359.05,11553893
2023-05-10 00:00:00+05:30,359.1,361.2,357.65,360.35,11278165
2023-05-11 00:00:00+05:30,361.95,362.05,354.85,356.15,18478925
2023-05-12 00:00:00+05:30,356.15,358.1,352.45,356.2,12875354
2023-05-15 00:00:00+05:30,355.8,363.2,355.0,362.4,10580532
2023-05-16 00:00:00+05:30,364.25,364.25,358.8,359.1,9242915
2023-05-17 00:00:00+05:30,359.3,363.4,358.0,362.25,10960447
2023-05-18 00:00:00+05:30,364.25,366.35,354.2,355.55,27743283
2023-05-19 00:00:00+05:30,356.65,358.45,348.5,355.7,29792485
2023-05-22 00:00:00+05:30,357.45,360.7,355.05,359.8,17830593
2023-05-23 00:00:00+05:30,360.9,365.3,359.35,363.55,10096668
2023-05-24 00:00:00+05:30,362.85,368.3,361.7,367.25,13272871
2023-05-25 00:00:00+05:30,370.15,374.85,368.35,373.7,21048056
2023-05-26 00:00:00+05:30,375.65,376.75,372.3,375.75,15025674
2023-05-29 00:00:00+05:30,377.0,382.75,376.2,380.5,22923174
2023-05-30 00:00:00+05:30,373.55,382.45,373.55,381.1,21852239
2023-05-31 00:00:00+05:30,380.6,382.9,374.85,377.4,16501667
2023-06-01 00:00:00+05:30,378.65,378.65,371.9,372.5,10178213
2023-06-02 00:00:00+05:30,372.75,376.9,372.6,375.65,10641510
2023-06-05 00:00:00+05:30,377.0,378.55,372.85,373.3,8269371
2023-06-06 00:00:00+05:30,373.4,375.75,373.1,375.15,7462696
2023-06-07 00:00:00+05:30,376.1,377.55,375.1,376.05,8721739
2023-06-08 00:00:00+05:30,377.6,377.65,374.35,375.2,8121660
2023-06-09 00:00:00+05:30,368.6,376.7,368.6,371.4,8160299
2023-06-12 00:00:00+05:30,372.75,373.55,367.55,370.15,10081137
2023-06-13 00:00:00+05:30,373.55,378.15,371.3,377.35,18628581
2023-06-14 00:00:00+05:30,378.05,379.3,375.9,376.55,10063797
2023-06-15 00:00:00+05:30,377.0,380.15,376.75,379.6,8670051
2023-06-16 00:00:00+05:30,380.4,385.95,379.45,383.85,13561892
2023-06-19 00:00:00+05:30,385.25,386.2,383.1,384.25,4843542
2023-06-20 00:00:00+05:30,385.3,385.3,381.35,383.6,5170677
2023-06-21 00:00:00+05:30,382.9,384.8,377.0,378.7,7006017
2023-06-22 00:00:00+05:30,379.55,380.9,377.7,379.2,7673834
2023-06-23 00:00:00+05:30,379.1,379.2,375.05,376.75,7042318
2023-06-26 00:00:00+05:30,378.55,382.4,376.1,377.6,6332916
2023-06-27 00:00:00+05:30,377.95,378.85,375.45,377.05,5625617
2023-06-28 00:00:00+05:30,377.0,381.7,376.55,380.65,13970115
2023-06-30 00:00:00+05:30,381.2,382.9,378.3,382.6,10528470
2023-07-03 00:00:00+05:30,382.6,394.75,381.25,392.45,12370381
2023-07-04 00:00:00+05:30,393.95,396.45,389.55,395.05,8931762
2023-07-05 00:00:00+05:30,395.05,407.15,393.3,402.45,18791758
2023-07-06 00:00:00+05:30,404.4,404.4,398.6,401.5,10950461
2023-07-07 00:00:00+05:30,400.7,402.8,396.15,396.8,8467396
2023-07-10 00:00:00+05:30,398.15,398.95,392.8,394.65,7539947
2023-07-11 00:00:00+05:30,394.8,402.0,394.8,400.85,9778653
2023-07-12 00:00:00+05:30,404.7,404.7,398.55,400.1,14268625
2023-07-13 00:00:00+05:30,401.5,403.9,399.0,399.85,9145285
2023-07-14 00:00:00+05:30,400.7,402.4,399.3,400.6,5875120
2023-07-17 00:00:00+05:30,402.0,403.05,398.65,400.15,7042130
2023-07-18 00:00:00+05:30,400.3,401.75,399.0,400.25,6188326
2023-07-19 00:00:00+05:30,400.5,407.0,396.55,405.65,16033440
2023-07-20 00:00:00+05:30,406.55,418.25,403.5,416.9,23413349
2023-07-21 00:00:00+05:30,416.6,421.6,412.55,415.5,16154448
2023-07-24 00:00:00+05:30,418.05,423.35,396.6,399.3,45065110
2023-07-25 00:00:00+05:30,396.4,396.9,385.8,391.65,50334972
2023-07-26 00:00:00+05:30,393.85,400.7,391.45,400.05,20977479
2023-07-27 00:00:00+05:30,401.9,402.5,390.6,393.95,16174652
2023-07-28 00:00:00+05:30,396.2,397.7,392.55,396.85,11536861
2023-07-31 00:00:00+05:30,397.3,397.9,392.65,394.55,9474849
2023-08-01 00:00:00+05:30,394.8,397.2,392.9,393.75,7443890
2023-08-02 00:00:00+05:30,393.6,393.75,387.95,389.8,11929957
2023-08-03 00:00:00+05:30,389.8,392.85,384.85,386.35,12276444
2023-08-04 00:00:00+05:30,386.55,390.85,384.85,385.4,7901955
2023-08-07 00:00:00+05:30,384.7,386.75,382.05,385.35,10592127
2023-08-08 00:00:00+05:30,387.15,387.15,382.1,383.2,7391014
2023-08-09 00:00:00+05:30,383.2,389.6,378.55,388.55,11282625
2023-08-10 00:00:00+05:30,388.75,389.1,380.4,382.7,15255139
2023-08-11 00:00:00+05:30,384.55,384.55,376.75,380.15,13391520
2023-08-14 00:00:00+05:30,380.15,382.3,377.0,380.5,8744141
2023-08-16 00:00:00+05:30,382.05,387.5,379.7,381.4,17250863
2023-08-17 00:00:00+05:30,381.2,381.2,372.75,373.55,18810924
2023-08-18 00:00:00+05:30,373.55,375.6,371.45,374.15,22342770
2023-08-21 00:00:00+05:30,374.45,379.95,373.85,379.35,11067223
2023-08-22 00:00:00+05:30,380.4,385.55,378.65,384.85,11394317
2023-08-23 00:00:00+05:30,385.95,386.0,380.05,381.6,9764168
2023-08-24 00:00:00+05:30,381.7,384.2,380.6,382.0,7039281
2023-08-25 00:00:00+05:30,382.0,382.05,374.5,375.6,10719144
2023-08-28 00:00:00+05:30,377.0,378.55,373.55,373.9,7990230
2023-08-29 00:00:00+05:30,375.25,376.1,372.05,372.85,10960808
2023-08-30 00:00:00+05:30,373.55,376.1,373.2,375.15,8515347
2023-08-31 00:00:00+05:30,375.3,376.9,369.45,372.5,23008800
2023-09-01 00:00:00+05:30,372.75,377.0,371.3,373.6,13225371
2023-09-04 00:00:00+05:30,375.6,375.6,369.9,370.65,15729689
2023-09-05 00:00:00+05:30,371.8,376.55,371.45,375.4,9687727
2023-09-06 00:00:00+05:30,376.05,379.95,374.45,379.05,14872284
2023-09-07 00:00:00+05:30,380.2,380.4,376.65,377.75,9354109
2023-09-08 00:00:00+05:30,379.45,379.45,374.3,375.0,11492099
2023-09-11 00:00:00+05:30,377.85,379.6,375.0,378.85,10776479
2023-09-12 00:00:00+05:30,380.3,384.85,377.5,382.2,16656770
2023-09-13 00:00:00+05:30,383.05,387.15,382.15,384.2,13658423
2023-09-14 00:00:00+05:30,386.2,386.2,378.8,381.15,16685085
2023-09-15 00:00:00+05:30,379.55,382.95,378.65,379.85,17432230
2023-09-18 00:00:00+05:30,379.85,384.6,378.0,382.95,9477887
2023-09-20 00:00:00+05:30,382.7,385.5,380.8,383.7,11515376
2023-09-21 00:00:00+05:30,383.6,384.25,376.55,379.1,12393883
2023-09-22 00:00:00+05:30,379.1,379.85,374.65,375.4,8678817
2023-09-25 00:00:00+05:30,375.4,376.8,371.35,374.95,6686270
2023-09-26 00:00:00+05:30,375.75,376.55,372.5,374.85,6160056
2023-09-27 00:00:00+05:30,374.85,381.05,371.7,380.5,12129478
2023-09-28 00:00:00+05:30,381.15,381.15,372.4,373.35,11812621
2023-09-29 00:00:00+05:30,374.45,377.5,372.05,376.45,9434684
2023-10-03 00:00:00+05:30,373.55,375.2,372.1,372.55,8650576
2023-10-04 00:00:00+05:30,372.55,374.2,367.05,369.45,15489315
2023-10-05 00:00:00+05:30,372.75,373.2,368.55,369.4,11597013
2023-10-06 00:00:00+05:30,370.95,375.75,369.9,374.55,9733587
2023-10-09 00:00:00+05:30,373.55,375.45,370.45,373.15,6487633
2023-10-10 00:00:00+05:30,373.15,376.85,373.15,376.45,5798078
2023-10-11 00:00:00+05:30,378.85,380.75,376.8,379.75,8846702
2023-10-12 00:00:00+05:30,380.9,383.3,378.0,381.8,13613697
2023-10-13 00:00:00+05:30,381.1,382.75,378.65,379.85,8824700
2023-10-16 00:00:00+05:30,379.55,382.05,378.0,380.35,4873347
2023-10-17 00:00:00+05:30,381.05,385.05,380.4,384.15,8019676
2023-10-18 00:00:00+05:30,384.85,388.15,382.05,382.65,7971958
2023-10-19 00:00:00+05:30,381.0,385.35,378.55,381.55,10943997
2023-10-20 00:00:00+05:30,377.0,380.4,370.5,371.3,15054192
2023-10-23 00:00:00+05:30,371.05,372.7,366.9,369.25,8411921
2023-10-25 00:00:00+05:30,370.1,371.05,361.75,366.55,12590150
2023-10-26 00:00:00+05:30,363.85,369.85,363.85,367.95,21738020
2023-10-27 00:00:00+05:30,367.95,370.05,366.15,367.45,15183821
2023-10-30 00:00:00+05:30,368.15,370.35,362.9,364.65,8807993
2023-10-31 00:00:00+05:30,364.25,367.1,362.5,362.9,9966648
2023-11-01 00:00:00+05:30,364.25,365.2,360.45,362.65,9238345
2023-11-02 00:00:00+05:30,364.3,366.55,363.15,365.25,9425403
2023-11-03 00:00:00+05:30,366.65,368.0,365.2,367.0,15958608
2023-11-06 00:00:00+05:30,367.25,370.05,366.4,368.8,8449796
2023-11-07 00:00:00+05:30,368.45,368.45,366.1,366.55,5924398
2023-11-08 00:00:00+05:30,366.95,370.65,366.2,370.15,8070122
2023-11-09 00:00:00+05:30,370.9,371.05,367.6,368.0,9001927
2023-11-10 00:00:00+05:30,368.0,371.05,366.35,369.8,4716389
2023-11-12 00:00:00+05:30,371.75,372.05,371.05,371.4,1365834
2023-11-13 00:00:00+05:30,371.35,371.35,368.55,369.35,4329696
2023-11-15 00:00:00+05:30,371.1,374.85,370.65,374.4,8598020
2023-11-16 00:00:00+05:30,374.4,376.55,370.75,371.6,12553894
2023-11-17 00:00:00+05:30,372.1,374.0,371.3,372.1,7694852
2023-11-20 00:00:00+05:30,372.65,373.0,368.1,370.05,5012589
2023-11-21 00:00:00+05:30,370.35,372.15,368.9,369.55,6934686
2023-11-22 00:00:00+05:30,370.2,373.1,368.35,372.5,5650002
2023-11-23 00:00:00+05:30,373.55,374.65,371.25,373.05,7361089
2023-11-24 00:00:00+05:30,373.55,374.65,370.1,370.9,7887476
2023-11-28 00:00:00+05:30,371.05,371.9,368.45,368.7,10111794
2023-11-29 00:00:00+05:30,369.35,371.45,367.8,370.4,15938508
2023-11-30 00:00:00+05:30,369.95,371.4,368.1,369.15,17490467
2023-12-01 00:00:00+05:30,371.0,382.05,370.55,381.05,22357331
2023-12-04 00:00:00+05:30,385.45,386.65,382.05,384.65,14799653
2023-12-05 00:00:00+05:30,385.45,387.8,381.3,382.7,14032017
2023-12-06 00:00:00+05:30,384.55,393.5,382.95,392.45,23606843
2023-12-07 00:00:00+05:30,393.7,393.75,387.5,388.05,13077717
2023-12-08 00:00:00+05:30,389.65,391.05,379.95,380.5,21583876
2023-12-11 00:00:00+05:30,382.5,384.25,380.6,383.25,7630909
2023-12-12 00:00:00+05:30,384.8,389.7,383.2,383.85,11744827
2023-12-13 00:00:00+05:30,386.55,388.7,383.85,386.0,13046442
2023-12-14 00:00:00+05:30,389.7,390.5,380.75,389.8,16615566
2023-12-15 00:00:00+05:30,391.3,392.2,385.45,388.15,18256266
2023-12-18 00:00:00+05:30,385.45,386.3,381.5,382.65,13906370
2023-12-19 00:00:00+05:30,384.05,387.95,382.95,386.4,11872765
2023-12-20 00:00:00+05:30,388.85,389.05,380.6,382.05,11987125
2023-12-21 00:00:00+05:30,380.4,384.4,376.5,382.45,12897011
2023-12-22 00:00:00+05:30,383.75,386.2,381.7,385.6,12748661
2023-12-26 00:00:00+05:30,386.35,388.75,385.2,386.7,6788416
2023-12-27 00:00:00+05:30,387.15,388.4,384.4,387.25,8721682
2023-12-28 00:00:00+05:30,387.35,393.65,386.4,393.15,23928894
2023-12-29 00:00:00+05:30,393.15,396.4,390.8,391.45,14901452
2024-01-01 00:00:00+05:30,392.65,398.1,391.95,396.5,10806194
2024-01-02 00:00:00+05:30,398.15,399.3,392.7,398.45,12162991
2024-01-03 00:00:00+05:30,398.35,407.2,397.6,404.3,27790509
2024-01-04 00:00:00+05:30,406.65,407.85,401.75,403.6,13628117
2024-01-05 00:00:00+05:30,406.15,406.15,399.85,401.5,10647942
2024-01-08 00:00:00+05:30,402.4,402.8,393.55,394.35,9253297
2024-01-09 00:00:00+05:30,396.05,398.1,392.75,393.55,6586634
2024-01-10 00:00:00+05:30,393.55,395.4,389.75,392.45,6817115
2024-01-11 00:00:00+05:30,393.15,395.2,390.6,391.95,7555526
2024-01-12 00:00:00+05:30,392.45,396.2,390.0,395.35,10815500
2024-01-15 00:00:00+05:30,398.15,398.6,394.85,396.15,7980293
2024-01-16 00:00:00+05:30,396.3,402.4,393.3,400.1,13951147
2024-01-17 00:00:00+05:30,399.35,404.1,394.1,395.25,12843910
2024-01-18 00:00:00+05:30,394.15,396.35,385.1,394.35,10572070
2024-01-19 00:00:00+05:30,396.95,400.7,395.1,399.45,14109518
2024-01-20 00:00:00+05:30,401.05,402.4,396.45,396.8,3811316
2024-01-23 00:00:00+05:30,401.35,401.35,386.65,389.1,9717323
2024-01-24 00:00:00+05:30,389.8,395.95,388.05,392.7,25004258
2024-01-25 00:00:00+05:30,392.65,393.9,382.95,386.0,22751416
2024-01-29 00:00:00+05:30,386.2,387.4,379.1,381.05,20660367
2024-01-30 00:00:00+05:30,378.65,384.35,370.55,371.05,50311535
2024-01-31 00:00:00+05:30,372.75,374.85,371.65,374.05,22988720
2024-02-01 00:00:00+05:30,374.45,379.3,372.15,375.2,22159103
2024-02-02 00:00:00+05:30,377.0,378.85,372.3,372.85,19835843
2024-02-05 00:00:00+05:30,374.45,375.8,369.8,371.05,13922877
2024-02-06 00:00:00+05:30,372.75,373.5,363.8,365.45,21695422
2024-02-07 00:00:00+05:30,368.55,368.55,364.95,365.8,14892847
2024-02-08 00:00:00+05:30,363.45,363.55,346.15,351.2,55710349
2024-02-09 00:00:00+05:30,347.4,359.35,346.15,351.95,37326817
2024-02-12 00:00:00+05:30,353.75,354.15,344.0,344.7,12610607
2024-02-13 00:00:00+05:30,344.75,348.0,341.65,344.6,18044519
2024-02-14 00:00:00+05:30,343.95,349.25,342.55,348.65,14047955
2024-02-15 00:00:00+05:30,349.85,351.2,341.55,342.2,23568022
2024-02-16 00:00:00+05:30,343.1,346.95,338.35,342.75,43379403
2024-02-19 00:00:00+05:30,343.1,349.65,342.75,346.7,19597402
2024-02-20 00:00:00+05:30,347.7,347.7,342.5,344.05,16284215
2024-02-21 00:00:00+05:30,344.75,347.4,339.95,341.7,22447280
2024-02-22 00:00:00+05:30,344.75,351.7,341.8,351.1,21510763
2024-02-23 00:00:00+05:30,352.3,352.3,347.75,348.5,12888930
2024-02-26 00:00:00+05:30,348.25,349.9,345.0,346.65,9228980
2024-02-27 00:00:00+05:30,347.3,349.65,346.1,348.3,8999587
2024-02-28 00:00:00+05:30,348.3,349.35,344.65,345.9,9963889
2024-02-29 00:00:00+05:30,346.5,348.2,342.65,344.2,17221810
2024-03-01 00:00:00+05:30,346.4,350.0,345.2,346.95,14331867
2024-03-02 00:00:00+05:30,348.15,349.7,347.4,349.1,1130368
2024-03-04 00:00:00+05:30,349.25,349.8,346.0,346.6,7908836
2024-03-05 00:00:00+05:30,347.05,348.5,342.25,344.1,11253910
2024-03-06 00:00:00+05:30,344.4,347.25,339.45,345.5,12841779
2024-03-07 00:00:00+05:30,345.5,351.55,341.95,350.35,26616423
2024-03-11 00:00:00+05:30,353.1,354.35,345.65,346.85,20372391
2024-03-12 00:00:00+05:30,344.4,344.4,338.3,342.6,40331412
2024-03-13 00:00:00+05:30,368.55,371.05,356.75,357.9,117484594
2024-03-14 00:00:00+05:30,357.45,360.45,354.15,355.5,35570271
2024-03-15 00:00:00+05:30,353.45,363.05,351.8,355.05,84696210
2024-03-18 00:00:00+05:30,354.95,356.4,353.2,353.65,18422596
2024-03-19 00:00:00+05:30,354.15,355.4,346.25,346.95,24273977
2024-03-20 00:00:00+05:30,347.3,352.95,346.95,352.15,22672356
2024-03-21 00:00:00+05:30,354.95,357.5,352.55,356.85,22231450
2024-03-22 00:00:00+05:30,356.85,363.95,356.85,363.1,44932151
2024-03-26 00:00:00+05:30,360.5,363.6,360.5,362.25,11878997
2024-03-27 00:00:00+05:30,361.7,363.35,361.3,362.6,14137524
2024-03-28 00:00:00+05:30,362.6,367.0,361.7,362.9,32296462
2024-04-01 00:00:00+05:30,363.55,365.4,360.7,361.45,10847853
2024-04-02 00:00:00+05:30,363.2,363.2,359.7,360.75,10236649
2024-04-03 00:00:00+05:30,360.9,363.25,356.65,360.2,14642756
2024-04-04 00:00:00+05:30,360.5,362.0,355.7,358.15,21226049
2024-04-05 00:00:00+05:30,357.9,365.75,355.75,362.2,18669247
2024-04-08 00:00:00+05:30,362.85,365.45,362.35,363.55,9846955
2024-04-09 00:00:00+05:30,364.65,365.55,360.5,361.2,7756843
2024-04-10 00:00:00+05:30,362.85,370.9,360.7,370.15,16196235
2024-04-12 00:00:00+05:30,368.55,369.15,362.85,364.35,20913830
2024-04-15 00:00:00+05:30,362.6,363.55,358.25,360.8,10112432
2024-04-16 00:00:00+05:30,358.55,361.7,358.55,360.8,11531550
2024-04-18 00:00:00+05:30,360.9,361.65,353.85,354.8,24641447
2024-04-19 00:00:00+05:30,354.15,361.1,352.4,359.8,19172891
2024-04-22 00:00:00+05:30,361.7,362.25,358.65,360.3,8223076
2024-04-23 00:00:00+05:30,360.3,364.7,360.1,363.6,13899183
2024-04-24 00:00:00+05:30,363.65,364.95,362.85,363.35,6758203
2024-04-25 00:00:00+05:30,365.1,371.3,363.45,370.7,33774999
2024-04-26 00:00:00+05:30,372.1,375.55,369.7,372.75,17081714
2024-04-29 00:00:00+05:30,374.45,374.85,368.2,371.2,13444192
2024-04-30 00:00:00+05:30,372.7,373.2,368.6,369.05,13948483
2024-05-02 00:00:00+05:30,369.35,374.95,368.4,371.9,26857334
2024-05-03 00:00:00+05:30,372.8,372.8,365.4,369.75,26481993
2024-05-06 00:00:00+05:30,371.05,373.15,367.1,368.3,11972547
2024-05-07 00:00:00+05:30,370.1,377.85,368.65,373.05,30025344
2024-05-08 00:00:00+05:30,373.8,376.7,371.2,373.55,12153597
2024-05-09 00:00:00+05:30,372.8,374.0,358.65,360.1,27069729
2024-05-10 00:00:00+05:30,361.35,369.65,361.35,367.1,16170612
2024-05-13 00:00:00+05:30,367.0,368.85,363.8,365.85,8443703
2024-05-14 00:00:00+05:30,364.7,367.05,363.05,364.0,12718352
2024-05-15 00:00:00+05:30,364.9,367.0,361.5,362.4,8746768
2024-05-16 00:00:00+05:30,364.25,366.45,358.25,365.5,26621789
2024-05-17 00:00:00+05:30,366.3,370.65,363.35,369.6,13242818
2024-05-18 00:00:00+05:30,370.2,370.75,368.65,369.9,825366
2024-05-21 00:00:00+05:30,369.35,370.3,366.95,368.35,12441584
2024-05-22 00:00:00+05:30,370.5,374.4,368.85,372.65,12287657
2024-05-23 00:00:00+05:30,373.9,376.9,369.8,373.85,30332256
2024-05-24 00:00:00+05:30,373.55,374.85,368.75,369.5,14754835
2024-05-27 00:00:00+05:30,371.7,371.8,364.85,365.55,13674471
2024-05-28 00:00:00+05:30,366.05,366.35,362.8,363.45,10764479
2024-05-29 00:00:00+05:30,360.45,366.3,360.45,365.1,12059617
2024-05-30 00:00:00+05:30,363.0,365.1,357.8,359.05,23730405
2024-05-31 00:00:00+05:30,361.5,363.85,359.4,361.3,32621229
2024-06-03 00:00:00+05:30,367.65,368.45,363.15,364.55,17943285
2024-06-04 00:00:00+05:30,360.9,361.15,341.25,351.75,53208037
2024-06-05 00:00:00+05:30,357.5,369.35,354.15,364.5,31392473
2024-06-06 00:00:00+05:30,369.35,370.8,365.2,368.85,35981036
2024-06-07 00:00:00+05:30,365.45,374.15,365.2,372.0,32891710
2024-06-10 00:00:00+05:30,372.75,373.55,369.2,370.1,13218167
2024-06-11 00:00:00+05:30,370.2,370.9,366.2,366.8,14649773
2024-06-12 00:00:00+05:30,364.75,368.0,364.45,366.2,11970096
2024-06-13 00:00:00+05:30,370.1,370.1,364.05,364.5,10733960
2024-06-14 00:00:00+05:30,365.1,365.9,363.5,365.25,10657653
2024-06-18 00:00:00+05:30,366.8,367.85,362.75,363.25,16300356
2024-06-19 00:00:00+05:30,364.25,364.9,358.4,358.9,12613947
2024-06-20 00:00:00+05:30,359.2,361.35,357.05,358.6,16864153
2024-06-21 00:00:00+05:30,360.05,360.3,354.55,355.45,29142822
2024-06-24 00:00:00+05:30,355.8,359.1,355.8,358.6,10824873
2024-06-25 00:00:00+05:30,358.35,359.15,355.6,358.6,11863162
2024-06-26 00:00:00+05:30,358.35,361.25,357.55,359.1,12816285
2024-06-27 00:00:00+05:30,359.1,361.95,356.7,360.55,42794066
2024-06-28 00:00:00+05:30,360.45,362.6,358.8,359.95,20657100
2024-07-01 00:00:00+05:30,361.15,364.45,359.75,363.5,14908945
2024-07-02 00:00:00+05:30,364.25,364.8,357.95,360.45,12444600
2024-07-03 00:00:00+05:30,361.0,363.95,360.45,362.85,8278131
2024-07-04 00:00:00+05:30,364.25,365.55,361.75,363.5,10553058
2024-07-05 00:00:00+05:30,363.45,367.65,362.25,367.35,14949226
2024-07-08 00:00:00+05:30,368.6,376.6,367.35,375.75,23726565
2024-07-09 00:00:00+05:30,379.2,385.45,376.1,383.4,30604994
2024-07-10 00:00:00+05:30,384.35,385.75,378.25,382.45,13433009
2024-07-11 00:00:00+05:30,381.2,389.25,380.15,388.55,21772858
2024-07-12 00:00:00+05:30,388.55,392.45,386.15,388.9,21924846
2024-07-15 00:00:00+05:30,388.9,395.15,387.35,392.55,18789492
2024-07-16 00:00:00+05:30,392.6,395.4,390.85,394.4,15026836
2024-07-18 00:00:00+05:30,392.25,398.95,391.95,398.35,24389798
2024-07-19 00:00:00+05:30,399.0,406.15,397.65,402.0,28878914
2024-07-22 00:00:00+05:30,402.05,406.2,394.65,395.2,20888641
2024-07-23 00:00:00+05:30,395.2,421.35,395.1,416.95,62486324
2024-07-24 00:00:00+05:30,420.2,432.6,415.65,418.55,48645302
2024-07-25 00:00:00+05:30,415.1,420.2,410.55,415.05,20671746
2024-07-26 00:00:00+05:30,418.55,429.0,412.9,425.45,23975134
2024-07-29 00:00:00+05:30,428.25,428.8,418.55,420.25,14448947
2024-07-30 00:00:00+05:30,420.45,421.7,413.95,415.0,15465263
2024-07-31 00:00:00+05:30,417.15,421.85,415.55,419.65,13340519
2024-08-01 00:00:00+05:30,420.15,420.85,415.9,418.25,13487720
2024-08-02 00:00:00+05:30,410.7,423.1,410.7,414.3,24650322
2024-08-05 00:00:00+05:30,406.7,416.7,406.25,411.7,27857716
2024-08-06 00:00:00+05:30,411.9,416.5,410.05,411.95,15866406
2024-08-07 00:00:00+05:30,415.1,419.85,413.5,417.35,12603289
2024-08-08 00:00:00+05:30,418.5,421.85,417.2,419.1,23769376
2024-08-09 00:00:00+05:30,421.85,421.85,417.75,420.1,10639141
2024-08-12 00:00:00+05:30,416.8,423.55,416.8,419.0,10493811
2024-08-13 00:00:00+05:30,420.15,421.75,413.65,415.1,8969483
2024-08-14 00:00:00+05:30,416.75,422.75,415.0,416.95,10699038
2024-08-16 00:00:00+05:30,418.9,427.15,417.35,425.85,15189492
2024-08-19 00:00:00+05:30,427.6,431.45,423.25,424.8,11791796
2024-08-20 00:00:00+05:30,424.4,426.45,421.6,422.55,7669292
2024-08-21 00:00:00+05:30,423.55,431.2,422.8,428.15,9798624
2024-08-22 00:00:00+05:30,430.25,430.75,424.8,427.45,9670817
2024-08-23 00:00:00+05:30,427.85,429.45,423.5,428.45,9124114
2024-08-26 00:00:00+05:30,428.65,430.35,425.3,428.4,9047331
2024-08-27 00:00:00+05:30,430.0,430.0,423.55,424.05,9196570
2024-08-28 00:00:00+05:30,423.9,425.55,420.6,421.25,8997821
2024-08-29 00:00:00+05:30,421.85,430.1,421.3,427.9,21587041
2024-08-30 00:00:00+05:30,425.25,431.3,423.7,425.2,17282541
2024-09-02 00:00:00+05:30,426.95,434.5,426.35,432.1,18366827
2024-09-03 00:00:00+05:30,432.1,437.1,430.3,431.55,13896030
2024-09-04 00:00:00+05:30,423.55,432.1,423.5,428.95,9729410
2024-09-05 00:00:00+05:30,430.6,433.65,429.55,433.05,12601327
2024-09-06 00:00:00+05:30,433.75,433.75,421.15,425.0,15859350
2024-09-09 00:00:00+05:30,425.3,434.3,423.85,433.5,15881655
2024-09-10 00:00:00+05:30,433.65,436.25,430.95,435.1,12616481
2024-09-11 00:00:00+05:30,434.6,440.1,433.7,435.7,17253823
2024-09-12 00:00:00+05:30,436.35,440.95,430.8,440.1,21248178
2024-09-13 00:00:00+05:30,440.1,440.5,433.75,435.35,10203715
2024-09-16 00:00:00+05:30,437.05,437.95,431.8,433.0,8708063
2024-09-17 00:00:00+05:30,432.95,435.05,428.85,430.15,12123962
2024-09-18 00:00:00+05:30,430.25,434.05,427.9,429.8,6277742
2024-09-19 00:00:00+05:30,432.05,436.1,429.95,430.6,16100486
2024-09-20 00:00:00+05:30,433.75,438.25,430.35,435.75,27527105
2024-09-23 00:00:00+05:30,436.65,440.05,435.1,437.9,9024070
2024-09-24 00:00:00+05:30,437.95,438.65,435.55,436.5,7810521
2024-09-25 00:00:00+05:30,436.7,439.95,434.0,438.45,9800234
2024-09-26 00:00:00+05:30,438.5,443.7,437.95,442.85,17909574
2024-09-27 00:00:00+05:30,440.7,447.7,440.7,442.8,19946770
2024-09-30 00:00:00+05:30,441.0,444.2,435.45,438.95,12176375
2024-10-01 00:00:00+05:30,438.95,440.3,435.4,437.3,5884281
2024-10-03 00:00:00+05:30,430.8,436.9,430.45,434.4,18349112
2024-10-04 00:00:00+05:30,432.05,438.25,424.9,426.55,21076323
2024-10-07 00:00:00+05:30,429.5,436.25,429.3,432.2,19053962
2024-10-08 00:00:00+05:30,432.05,434.2,428.65,430.35,10986665
2024-10-09 00:00:00+05:30,431.9,431.9,415.6,416.5,27693905
2024-10-10 00:00:00+05:30,419.65,419.9,414.65,416.8,14798627
2024-10-11 00:00:00+05:30,417.65,418.45,412.9,413.6,16643526
2024-10-14 00:00:00+05:30,415.95,422.75,413.95,421.0,7760554
2024-10-15 00:00:00+05:30,421.85,423.1,418.9,422.35,9293169
2024-10-16 00:00:00+05:30,420.2,422.6,417.1,417.8,7725844
2024-10-17 00:00:00+05:30,419.35,419.35,413.4,414.15,8538905
2024-10-18 00:00:00+05:30,414.0,416.4,405.25,412.3,25179903
2024-10-21 00:00:00+05:30,412.3,413.1,404.4,409.7,8550438
2024-10-22 00:00:00+05:30,409.7,413.75,407.3,408.15,14220474
2024-10-23 00:00:00+05:30,407.45,409.4,406.2,406.9,11749994
2024-10-24 00:00:00+05:30,408.35,408.7,398.15,399.6,15137471
2024-10-25 00:00:00+05:30,403.05,418.1,401.75,408.6,35797924
2024-10-28 00:00:00+05:30,408.3,411.6,403.25,410.15,9960048
2024-10-29 00:00:00+05:30,410.9,414.4,407.75,413.4,7939304
2024-10-30 00:00:00+05:30,413.4,417.85,412.1,416.4,7392571
2024-10-31 00:00:00+05:30,416.8,417.65,410.6,414.05,9030956
2024-11-01 00:00:00+05:30,415.95,416.85,414.5,415.35,1689909
2024-11-04 00:00:00+05:30,418.05,418.05,406.25,410.55,9746480
2024-11-05 00:00:00+05:30,409.15,410.9,404.05,406.75,8472459
2024-11-06 00:00:00+05:30,406.75,410.35,404.9,407.55,13081263
2024-11-07 00:00:00+05:30,408.1,408.95,403.35,404.85,10318279
2024-11-08 00:00:00+05:30,404.85,407.2,402.05,404.95,7041810
2024-11-11 00:00:00+05:30,404.95,407.9,401.65,404.05,6346338
2024-11-12 00:00:00+05:30,404.6,404.9,399.15,400.55,5829478
2024-11-13 00:00:00+05:30,398.2,402.1,396.7,400.0,12857418
2024-11-14 00:00:00+05:30,399.2,400.65,391.6,394.75,13457697
2024-11-18 00:00:00+05:30,394.8,396.3,391.4,395.2,9406012
2024-11-19 00:00:00+05:30,396.45,401.35,394.95,395.9,7928516
2024-11-21 00:00:00+05:30,390.5,393.1,385.8,387.3,22615154
2024-11-22 00:00:00+05:30,386.45,403.65,385.85,402.05,22504992
2024-11-25 00:00:00+05:30,405.8,408.5,400.2,403.95,16061962
2024-11-26 00:00:00+05:30,406.65,408.9,401.65,404.1,7561390
2024-11-27 00:00:00+05:30,404.5,406.75,400.7,404.05,8170902
2024-11-28 00:00:00+05:30,404.1,409.85,398.65,402.3,16663821
2024-11-29 00:00:00+05:30,400.85,405.7,400.35,403.9,9650465
2024-12-02 00:00:00+05:30,403.25,406.05,401.05,404.3,6334371
2024-12-03 00:00:00+05:30,394.8,401.05,392.05,400.3,25688808
2024-12-04 00:00:00+05:30,401.9,405.1,395.1,395.7,15538772
2024-12-05 00:00:00+05:30,396.1,400.5,391.8,396.05,30541164
2024-12-06 00:00:00+05:30,398.15,402.35,396.2,399.15,8730959
2024-12-09 00:00:00+05:30,399.45,399.85,392.2,393.9,13531488
2024-12-10 00:00:00+05:30,394.25,395.15,391.9,394.3,10202110
2024-12-11 00:00:00+05:30,395.8,396.65,393.65,394.15,7799533
2024-12-12 00:00:00+05:30,394.35,396.4,388.95,390.15,14896983
2024-12-13 00:00:00+05:30,389.7,401.9,382.65,398.15,36713906
2024-12-16 00:00:00+05:30,398.35,401.9,396.45,398.25,10414226
2024-12-17 00:00:00+05:30,398.15,403.05,392.3,397.75,22943868
2024-12-18 00:00:00+05:30,400.45,401.4,395.5,398.6,14296643
2024-12-19 00:00:00+05:30,397.3,401.85,394.2,395.2,16879720
2024-12-20 00:00:00+05:30,395.2,396.0,389.1,393.65,22524324
2024-12-23 00:00:00+05:30,399.2,404.65,396.15,401.8,21779938
2024-12-24 00:00:00+05:30,402.3,406.8,400.4,405.3,13370906
2024-12-26 00:00:00+05:30,407.1,408.2,403.25,404.05,10230159
2024-12-27 00:00:00+05:30,406.45,408.25,403.25,405.45,18822349
2024-12-30 00:00:00+05:30,407.25,407.85,403.25,404.1,15117135
2024-12-31 00:00:00+05:30,405.3,410.55,402.0,409.7,15349976
2025-01-01 00:00:00+05:30,411.7,412.45,408.45,409.95,21076572
2025-01-02 00:00:00+05:30,411.2,415.1,408.6,414.3,30205780
2025-01-03 00:00:00+05:30,415.3,415.95,406.5,408.0,42863905
2025-01-06 00:00:00+05:30,446.25,452.25,432.2,433.55,22009958
2025-01-07 00:00:00+05:30,436.35,438.4,431.1,432.05,14294780
2025-01-08 00:00:00+05:30,433.9,442.75,428.15,440.3,13482926
2025-01-09 00:00:00+05:30,440.15,451.2,436.9,440.85,19732649
2025-01-10 00:00:00+05:30,440.7,442.7,433.4,435.75,9145729
2025-01-13 00:00:00+05:30,426.05,434.9,426.05,430.05,17799607
2025-01-14 00:00:00+05:30,431.95,432.45,426.9,427.65,18048459
2025-01-15 00:00:00+05:30,427.65,432.75,426.4,428.35,9786805
2025-01-16 00:00:00+05:30,429.05,430.45,422.25,423.95,15774070
2025-01-17 00:00:00+05:30,424.1,432.75,423.6,431.15,11270061
2025-01-20 00:00:00+05:30,430.0,432.15,427.05,428.7,8742771
2025-01-21 00:00:00+05:30,429.0,437.8,426.3,428.55,15686500
2025-01-22 00:00:00+05:30,430.85,432.9,427.6,428.05,9619648
2025-01-23 00:00:00+05:30,426.05,432.8,425.2,431.15,8888248
2025-01-24 00:00:00+05:30,430.4,435.85,430.05,432.55,9665384
2025-01-27 00:00:00+05:30,431.75,435.85,427.6,431.05,10480203
2025-01-28 00:00:00+05:30,430.95,432.75,425.6,426.5,20813072
2025-01-29 00:00:00+05:30,427.0,428.5,421.25,424.45,15158510
2025-01-30 00:00:00+05:30,424.1,429.0,422.6,427.25,22496695
2025-01-31 00:00:00+05:30,427.55,439.0,426.15,438.3,13546181
2025-02-01 00:00:00+05:30,438.8,461.8,430.55,453.05,30393007
2025-02-03 00:00:00+05:30,452.5,455.65,443.0,445.0,16991730
2025-02-04 00:00:00+05:30,448.6,450.9,439.55,445.8,18923681
2025-02-05 00:00:00+05:30,445.8,446.5,437.35,438.95,12836283
2025-02-06 00:00:00+05:30,440.75,440.75,429.2,432.05,17469129
2025-02-07 00:00:00+05:30,430.95,436.35,419.6,422.0,18875982
2025-02-10 00:00:00+05:30,418.25,424.4,417.75,418.45,12227140
2025-02-11 00:00:00+05:30,420.0,421.7,408.95,409.7,14288751
2025-02-12 00:00:00+05:30,404.65,405.3,399.25,401.5,13884574
2025-02-13 00:00:00+05:30,401.55,405.45,400.6,401.3,12989029
2025-02-14 00:00:00+05:30,403.3,407.65,400.0,401.85,14124236
2025-02-17 00:00:00+05:30,401.4,402.95,398.4,400.2,11975265
2025-02-18 00:00:00+05:30,399.6,402.4,395.7,396.95,12998403
2025-02-19 00:00:00+05:30,396.5,400.4,396.2,398.05,7079032
2025-02-20 00:00:00+05:30,391.75,395.6,388.05,393.8,15355585
2025-02-21 00:00:00+05:30,393.8,394.95,391.0,392.65,8240986
2025-02-24 00:00:00+05:30,391.8,395.1,390.55,393.65,7037625
2025-02-25 00:00:00+05:30,393.75,398.65,392.3,396.55,15760891
2025-02-27 00:00:00+05:30,396.55,398.15,391.3,393.35,19051003
2025-02-28 00:00:00+05:30,390.8,394.25,384.15,386.9,31954776
2025-03-03 00:00:00+05:30,387.8,390.8,383.15,389.3,10702826
2025-03-04 00:00:00+05:30,387.3,389.05,384.8,386.75,13404774
2025-03-05 00:00:00+05:30,386.4,404.3,386.4,396.75,15665018
2025-03-06 00:00:00+05:30,400.75,401.3,392.35,397.35,17869996
2025-03-07 00:00:00+05:30,395.25,397.5,393.45,395.6,11180761
2025-03-10 00:00:00+05:30,392.8,398.5,392.2,396.7,9785018
2025-03-11 00:00:00+05:30,393.25,400.0,392.95,397.85,11099475
2025-03-12 00:00:00+05:30,398.05,404.8,395.7,403.95,13844306
2025-03-13 00:00:00+05:30,404.5,405.9,399.8,403.6,8196569
2025-03-17 00:00:00+05:30,404.5,407.7,398.65,399.6,5257859
2025-03-18 00:00:00+05:30,401.6,403.5,399.4,400.7,13861897
2025-03-19 00:00:00+05:30,401.6,402.3,394.35,394.8,12830387
2025-03-20 00:00:00+05:30,396.7,398.3,393.65,395.65,16994037
2025-03-21 00:00:00+05:30,397.6,399.15,393.45,397.2,25302035
2025-03-24 00:00:00+05:30,398.65,404.4,397.25,402.45,14362572
2025-03-25 00:00:00+05:30,403.55,406.75,400.3,401.4,20338110
2025-03-26 00:00:00+05:30,401.9,402.75,397.9,399.0,13891436
2025-03-27 00:00:00+05:30,399.6,402.25,397.3,401.05,18642328
2025-03-28 00:00:00+05:30,402.45,407.05,399.75,401.35,12981873
2025-04-01 00:00:00+05:30,401.4,405.9,397.25,398.3,15206240
2025-04-02 00:00:00+05:30,398.7,401.6,397.7,400.65,8001323
2025-04-03 00:00:00+05:30,398.7,401.8,398.35,401.0,7059566
2025-04-04 00:00:00+05:30,399.15,404.35,396.2,401.3,18627592
2025-04-07 00:00:00+05:30,382.15,399.7,382.15,397.7,26762866
2025-04-08 00:00:00+05:30,403.45,407.25,398.9,404.1,18600796
2025-04-09 00:00:00+05:30,404.5,410.45,402.8,407.75,21785572
2025-04-11 00:00:00+05:30,411.4,413.8,408.45,412.9,8939356
2025-04-15 00:00:00+05:30,420.4,420.4,410.4,411.75,11685880
2025-04-16 00:00:00+05:30,409.4,417.3,409.4,415.75,13034594
2025-04-17 00:00:00+05:30,416.3,419.05,412.9,418.5,22410217
2025-04-21 00:00:00+05:30,419.25,420.3,412.85,414.15,27388236
2025-04-22 00:00:00+05:30,417.2,425.85,414.85,424.7,32031936
2025-04-23 00:00:00+05:30,427.25,428.45,420.05,422.0,19566317
2025-04-24 00:00:00+05:30,423.0,427.1,420.5,421.2,26064089
2025-04-25 00:00:00+05:30,421.2,423.8,414.6,419.0,22944377
2025-04-28 00:00:00+05:30,417.9,421.65,416.05,420.0,6287095
2025-04-29 00:00:00+05:30,420.1,420.8,416.3,417.25,11189930
2025-04-30 00:00:00+05:30,418.65,420.5,413.35,417.05,10026546
2025-05-02 00:00:00+05:30,415.4,422.65,415.4,421.4,12769461
2025-05-05 00:00:00+05:30,421.4,429.5,420.55,428.0,11525305
2025-05-06 00:00:00+05:30,428.5,430.6,424.1,426.6,15026568
2025-05-07 00:00:00+05:30,424.5,426.05,420.9,422.3,9710361
2025-05-08 00:00:00+05:30,420.2,422.65,414.85,421.75,19937960
2025-05-09 00:00:00+05:30,417.2,420.35,414.3,414.85,8226512
2025-05-12 00:00:00+05:30,420.7,427.25,419.35,426.55,8031891
2025-05-13 00:00:00+05:30,425.95,428.95,416.6,419.1,14976369
2025-05-14 00:00:00+05:30,418.35,423.0,417.15,420.3,9557309
2025-05-15 00:00:00+05:30,420.3,426.45,417.25,423.75,24263510
2025-05-16 00:00:00+05:30,425.95,427.25,423.25,426.75,16402035
2025-05-19 00:00:00+05:30,426.05,429.5,423.75,426.4,7543854
2025-05-20 00:00:00+05:30,428.05,431.75,424.0,425.95,9868414
2025-05-21 00:00:00+05:30,427.65,429.2,423.15,424.1,5776672
2025-05-22 00:00:00+05:30,424.1,424.1,414.2,417.35,19451749
2025-05-23 00:00:00+05:30,425.1,430.0,420.2,427.35,18536884
2025-05-26 00:00:00+05:30,429.25,434.45,427.8,433.8,13107662
2025-05-27 00:00:00+05:30,433.8,435.1,422.0,425.0,26986022
2025-05-28 00:00:00+05:30,409.15,413.9,404.5,411.55,431851622
2025-05-29 00:00:00+05:30,413.35,414.1,408.05,410.15,21478547
2025-05-30 00:00:00+05:30,410.5,411.45,407.85,409.45,30656239
2025-06-02 00:00:00+05:30,409.7,411.8,406.05,410.7,14973380
2025-06-03 00:00:00+05:30,410.4,413.05,407.1,408.4,13216486
2025-06-04 00:00:00+05:30,408.6,410.4,407.4,408.45,12598933
2025-06-05 00:00:00+05:30,409.9,412.3,407.2,410.5,13212523
2025-06-06 00:00:00+05:30,411.65,412.65,410.4,412.4,8774988
2025-06-09 00:00:00+05:30,413.35,414.9,411.85,414.35,10473123
2025-06-10 00:00:00+05:30,415.8,419.75,414.35,418.25,13041075
2025-06-11 00:00:00+05:30,419.2,419.3,416.15,417.4,20789182
2025-06-12 00:00:00+05:30,418.25,418.45,410.95,412.35,18508835
2025-06-13 00:00:00+05:30,406.5,410.75,405.0,405.4,17873926
2025-06-16 00:00:00+05:30,406.45,410.3,404.75,409.6,7006629
2025-06-17 00:00:00+05:30,409.5,410.45,407.15,408.85,9028406
2025-06-18 00:00:00+05:30,408.45,409.85,406.4,407.35,8036215
2025-06-19 00:00:00+05:30,407.1,409.65,406.3,407.45,12601006
2025-06-20 00:00:00+05:30,407.45,410.9,407.45,409.95,13203184
2025-06-23 00:00:00+05:30,408.45,408.95,403.3,405.4,14839890
2025-06-24 00:00:00+05:30,408.35,412.0,405.25,405.85,16690068
2025-06-25 00:00:00+05:30,407.85,409.55,406.6,407.8,9946718
2025-06-26 00:00:00+05:30,408.65,412.25,407.7,411.65,13703918
2025-06-27 00:00:00+05:30,412.35,413.35,409.2,410.05,21409935
2025-06-30 00:00:00+05:30,411.2,412.1,407.25,407.9,12317124
2025-07-01 00:00:00+05:30,408.45,410.25,406.4,406.6,13670465
2025-07-02 00:00:00+05:30,408.35,408.35,403.25,404.45,15990899
2025-07-03 00:00:00+05:30,405.5,407.45,402.8,404.85,14185298
2025-07-04 00:00:00+05:30,406.4,406.5,403.3,404.1,8256733
2025-07-07 00:00:00+05:30,404.5,408.65,403.55,407.6,6845218
2025-07-08 00:00:00+05:30,407.6,409.5,406.15,408.65,6807192
2025-07-09 00:00:00+05:30,407.65,411.65,406.9,410.85,9930533
2025-07-10 00:00:00+05:30,411.65,411.65,407.85,408.3,6220360
2025-07-11 00:00:00+05:30,408.45,409.45,406.95,408.25,8578844
2025-07-14 00:00:00+05:30,408.5,411.35,408.0,410.8,6896989
2025-07-15 00:00:00+05:30,412.25,413.75,410.4,413.45,8532755
2025-07-16 00:00:00+05:30,413.45,416.7,411.65,415.9,9780773
2025-07-17 00:00:00+05:30,417.05,417.15,414.3,415.25,7240795
2025-07-18 00:00:00+05:30,416.45,416.45,411.5,414.05,6730256
2025-07-21 00:00:00+05:30,413.35,414.05,409.8,411.5,4822343
2025-07-22 00:00:00+05:30,411.5,411.75,406.7,407.45,9869507
2025-07-23 00:00:00+05:30,408.55,409.3,405.5,406.45,12196187
2025-07-24 00:00:00+05:30,407.3,407.3,401.05,401.55,9005157
2025-07-25 00:00:00+05:30,401.6,401.85,399.4,401.0,5824089
2025-07-28 00:00:00+05:30,402.35,402.4,400.2,401.5,8123337
2025-07-29 00:00:00+05:30,401.6,402.95,399.6,400.05,6811772
2025-07-30 00:00:00+05:30,400.6,400.9,397.4,399.25,10915863
2025-07-31 00:00:00+05:30,397.6,405.5,397.2,403.5,19364174
2025-08-01 00:00:00+05:30,403.95,410.75,403.35,407.9,14324065
2025-08-04 00:00:00+05:30,411.55,413.85,406.6,408.3,18352458
2025-08-05 00:00:00+05:30,408.65,409.35,404.5,405.65,8495104
2025-08-06 00:00:00+05:30,405.65,406.5,402.05,403.55,9080543
2025-08-07 00:00:00+05:30,403.55,406.25,403.2,405.1,11514878
2025-08-08 00:00:00+05:30,405.4,406.8,404.45,406.0,9814361
2025-08-11 00:00:00+05:30,406.0,408.45,405.5,408.3,8514272
2025-08-12 00:00:00+05:30,408.45,411.2,406.75,407.8,13635738
2025-08-13 00:00:00+05:30,408.65,408.95,405.1,405.6,10874910
2025-08-14 00:00:00+05:30,405.75,406.55,402.55,403.0,9580361
2025-08-18 00:00:00+05:30,404.5,405.2,396.55,397.95,30950814
2025-08-19 00:00:00+05:30,398.0,401.0,396.2,400.7,16681331
2025-08-20 00:00:00+05:30,400.7,401.85,397.15,397.7,18188129
2025-08-21 00:00:00+05:30,397.7,398.5,395.05,397.2,15028966
2025-08-22 00:00:00+05:30,397.65,398.15,389.35,390.1,13087624
2025-08-25 00:00:00+05:30,390.8,392.35,388.1,391.15,10440286
2025-08-26 00:00:00+05:30,391.1,397.1,390.2,395.05,13715752
2025-08-28 00:00:00+05:30,396.2,396.2,391.8,392.65,12471719
2025-08-29 00:00:00+05:30,393.75,402.0,393.65,401.35,25255050
2025-09-01 00:00:00+05:30,401.35,401.8,396.7,397.5,12268090
2025-09-02 00:00:00+05:30,398.2,399.5,396.15,398.4,19808255
2025-09-03 00:00:00+05:30,400.1,404.75,398.95,403.3,12936588
2025-09-04 00:00:00+05:30,415.25,418.25,406.5,407.35,27274123
2025-09-05 00:00:00+05:30,408.35,408.45,396.1,399.0,16000675
2025-09-08 00:00:00+05:30,399.1,402.1,398.45,399.2,7419022
2025-09-09 00:00:00+05:30,400.1,402.5,399.05,401.65,8825896
2025-09-10 00:00:00+05:30,402.55,405.2,400.55,404.55,9252397
2025-09-11 00:00:00+05:30,404.55,408.15,404.0,406.55,8274406
2025-09-12 00:00:00+05:30,406.8,408.5,404.4,405.25,7803379
2025-09-15 00:00:00+05:30,404.55,405.8,403.3,404.2,5707331
2025-09-16 00:00:00+05:30,404.7,405.85,403.55,404.6,8239087
2025-09-17 00:00:00+05:30,405.45,406.1,399.65,400.9,14113882
2025-09-18 00:00:00+05:30,402.9,404.55,401.7,403.1,15647808
2025-09-19 00:00:00+05:30,403.1,404.15,400.55,402.2,19505321
2025-09-22 00:00:00+05:30,402.2,402.55,397.7,398.6,8930779
2025-09-23 00:00:00+05:30,398.75,399.7,393.85,394.9,14936357
2025-09-24 00:00:00+05:30,394.9,396.35,392.45,392.75,12380865
2025-09-25 00:00:00+05:30,393.2,394.75,389.85,391.9,22006368
2025-09-26 00:00:00+05:30,391.9,397.55,391.6,396.8,14414044
2025-09-29 00:00:00+05:30,398.55,399.6,394.9,398.9,19717660
2025-09-30 00:00:00+05:30,398.4,398.4,392.2,393.3,9465490
2025-10-01 00:00:00+05:30,394.1,397.65,391.55,397.25,17643039
2025-10-03 00:00:00+05:30,396.6,397.2,394.05,396.0,16987141
2025-10-06 00:00:00+05:30,394.75,395.6,391.6,392.5,13989077
2025-10-07 00:00:00+05:30,394.25,394.35,391.3,391.6,12298968
2025-10-08 00:00:00+05:30,391.8,393.5,389.85,391.55,8402463
2025-10-09 00:00:00+05:30,390.8,393.15,390.75,391.7,15656267
2025-10-10 00:00:00+05:30,392.25,395.55,391.3,394.55,15085738
2025-10-13 00:00:00+05:30,391.8,392.7,390.35,391.05,9508594
2025-10-14 00:00:00+05:30,391.8,392.6,388.05,388.65,10291102
2025-10-15 00:00:00+05:30,389.85,392.6,389.1,391.7,16043867
2025-10-16 00:00:00+05:30,392.75,397.65,391.35,396.85,22962049
2025-10-17 00:00:00+05:30,397.05,405.35,396.95,403.7,21071344
2025-10-20 00:00:00+05:30,404.1,406.35,402.85,404.55,13083621
2025-10-21 00:00:00+05:30,405.0,405.45,403.9,404.4,1142130
2025-10-23 00:00:00+05:30,407.45,411.8,405.05,407.4,24305990
2025-10-24 00:00:00+05:30,407.4,409.35,404.95,408.25,14935678
2025-10-27 00:00:00+05:30,408.45,414.0,408.05,412.0,11603679
2025-10-28 00:00:00+05:30,411.85,413.0,407.35,409.3,17163147
2025-10-29 00:00:00+05:30,409.6,413.55,407.5,412.95,11470661
2025-10-30 00:00:00+05:30,412.95,413.05,407.6,410.15,12938674
2025-10-31 00:00:00+05:30,411.85,417.65,409.6,411.7,18599864
2025-11-03 00:00:00+05:30,411.35,413.0,404.8,405.45,7635440
2025-11-04 00:00:00+05:30,405.5,406.0,399.95,400.5,10085404
2025-11-06 00:00:00+05:30,401.6,404.8,398.2,399.15,10095563
2025-11-07 00:00:00+05:30,397.7,400.7,394.85,395.75,8411611
2025-11-10 00:00:00+05:30,395.75,398.75,395.35,397.2,6650003
2025-11-11 00:00:00+05:30,397.65,399.65,396.3,398.5,12005318
2025-11-12 00:00:00+05:30,399.6,399.7,397.2,398.65,7987236
2025-11-13 00:00:00+05:30,398.65,399.15,396.2,397.35,6617185
2025-11-14 00:00:00+05:30,396.4,400.35,391.9,399.75,64020258
2025-11-17 00:00:00+05:30,401.35,403.55,397.65,398.75,7855399
2025-11-18 00:00:00+05:30,399.85,401.4,396.25,397.5,7661681
2025-11-19 00:00:00+05:30,396.55,397.2,394.55,395.25,7882450
2025-11-20 00:00:00+05:30,395.25,398.65,394.95,397.15,6693410
2025-11-21 00:00:00+05:30,396.7,400.1,396.4,399.5,5808131
2025-11-24 00:00:00+05:30,400.0,400.4,394.6,395.25,11037491
2025-11-25 00:00:00+05:30,395.25,396.2,391.9,392.55,8199785
2025-11-26 00:00:00+05:30,392.75,395.65,392.7,394.05,11443953
2025-11-27 00:00:00+05:30,395.2,397.6,393.85,396.0,8679529
2025-11-28 00:00:00+05:30,396.0,396.7,394.25,395.95,6883500
2025-12-01 00:00:00+05:30,394.55,397.2,390.05,395.95,13442658
2025-12-02 00:00:00+05:30,395.95,397.2,392.3,392.7,8093808
2025-12-03 00:00:00+05:30,393.45,393.95,390.65,392.3,10772192
2025-12-04 00:00:00+05:30,391.9,395.25,390.85,394.8,8057989
2025-12-05 00:00:00+05:30,394.8,397.05,393.75,396.65,4419747
2025-12-08 00:00:00+05:30,396.65,396.95,392.35,394.05,6056866
2025-12-09 00:00:00+05:30,393.75,396.2,391.8,392.8,9426717
2025-12-10 00:00:00+05:30,392.85,396.1,392.75,394.85,6969146
2025-12-11 00:00:00+05:30,394.85,395.7,392.85,394.65,6980147
2025-12-12 00:00:00+05:30,394.65,395.7,391.65,391.9,12407516
2025-12-15 00:00:00+05:30,391.9,395.05,391.3,394.05,7756564
2025-12-16 00:00:00+05:30,393.15,397.4,392.8,393.45,12347384
2025-12-17 00:00:00+05:30,392.75,394.85,390.9,391.6,8087490
2025-12-18 00:00:00+05:30,391.8,393.7,391.65,392.2,7227668
2025-12-19 00:00:00+05:30,392.05,394.4,392.05,392.8,10654835
2025-12-22 00:00:00+05:30,393.35,395.35,392.95,394.45,6847871
2025-12-23 00:00:00+05:30,394.25,400.5,393.55,399.0,10081997
2025-12-24 00:00:00+05:30,399.6,401.1,397.3,398.25,5777430
2025-12-26 00:00:00+05:30,398.15,398.8,395.55,395.85,3152453
2025-12-29 00:00:00+05:30,395.8,396.5,393.2,394.35,6647710
2025-12-30 00:00:00+05:30,394.75,395.15,392.1,392.4,12340527
2025-12-31 00:00:00+05:30,392.85,395.45,392.6,394.75,9945109
2026-01-01 00:00:00+05:30,394.45,394.45,355.25,356.4,282626710
2026-01-02 00:00:00+05:30,352.6,352.6,338.15,342.85,118790358
2026-01-05 00:00:00+05:30,343.0,346.7,338.95,342.5,48358124
2026-01-06 00:00:00+05:30,343.05,343.5,330.8,335.4,72582738
2026-01-07 00:00:00+05:30,335.95,337.5,332.35,334.25,29440734
2026-01-08 00:00:00+05:30,334.5,338.05,332.1,333.9,36706319
2026-01-09 00:00:00+05:30,333.9,334.0,329.2,330.25,35193201
2026-01-12 00:00:00+05:30,331.3,332.55,328.9,331.45,16156143
2026-01-13 00:00:00+05:30,332.05,332.55,326.85,327.85,24922339
2026-01-14 00:00:00+05:30,329.1,329.1,326.6,327.9,14913422
2026-01-16 00:00:00+05:30,330.55,330.55,321.8,322.45,30526898
2026-01-19 00:00:00+05:30,323.25,327.8,320.6,326.35,15507440
2026-01-20 00:00:00+05:30,327.2,327.65,318.8,319.6,18771011
2026-01-21 00:00:00+05:30,319.3,322.55,317.7,318.1,14177965
2026-01-22 00:00:00+05:30,319.4,321.95,314.45,318.2,18622852
2026-01-23 00:00:00+05:30,318.85,319.7,316.1,316.75,11950089
2026-01-27 00:00:00+05:30,316.95,318.05,311.35,312.1,47847784
2026-01-28 00:00:00+05:30,313.4,317.05,312.8,314.55,28400238
2026-01-29 00:00:00+05:30,316.0,316.0,311.5,312.05,17719420
2026-01-30 00:00:00+05:30,312.25,318.5,309.95,315.55,41975824
2026-02-01 00:00:00+05:30,317.95,317.95,299.75,303.1,33278995
2026-02-02 00:00:00+05:30,303.1,308.95,295.8,308.25,35227572
2026-02-03 00:00:00+05:30,314.6,318.1,305.2,310.15,33168353
2026-02-04 00:00:00+05:30,312.5,314.95,311.35,313.85,11196759
2026-02-05 00:00:00+05:30,313.95,315.35,309.3,310.2,15816704
2026-02-06 00:00:00+05:30,310.0,327.7,308.3,325.8,68057745
2026-02-09 00:00:00+05:30,327.95,328.7,321.65,322.8,20059198
2026-02-10 00:00:00+05:30,323.0,323.55,320.75,321.4,11489090
2026-02-11 00:00:00+05:30,321.95,322.2,316.3,318.25,24843366
2026-02-12 00:00:00+05:30,317.3,320.4,316.9,317.45,13294561
2026-02-13 00:00:00+05:30,316.0,318.4,313.25,313.75,8730618
2026-02-16 00:00:00+05:30,313.75,318.25,313.15,317.95,11693763
2026-02-17 00:00:00+05:30,318.45,328.05,318.15,325.45,39360672
2026-02-18 00:00:00+05:30,326.0,332.95,324.8,332.45,35473203
2026-02-19 00:00:00+05:30,334.05,334.25,325.0,326.0,19911747
2026-02-20 00:00:00+05:30,325.05,327.85,325.05,327.0,11282027
2026-02-23 00:00:00+05:30,327.0,328.1,324.4,325.4,13486092
2026-02-24 00:00:00+05:30,324.0,325.4,322.05,323.5,13135859
2026-02-25 00:00:00+05:30,325.5,326.6,318.1,319.75,13492101
2026-02-26 00:00:00+05:30,320.0,321.4,317.6,318.3,11270119
2026-02-27 00:00:00+05:30,316.0,317.75,312.65,313.6,13892595
2026-03-02 00:00:00+05:30,307.0,315.75,307.0,314.9,22194311
2026-03-04 00:00:00+05:30,310.6,315.5,310.5,311.95,24165489
2026-03-05 00:00:00+05:30,312.2,313.6,308.2,311.5,19938009
2026-03-06 00:00:00+05:30,310.05,312.3,309.2,309.7,21288269
2026-03-09 00:00:00+05:30,305.0,307.2,303.6,306.0,14084931
2026-03-10 00:00:00+05:30,309.0,310.0,303.75,309.05,18352950
2026-03-11 00:00:00+05:30,309.05,310.65,307.7,309.0,14842485
2026-03-12 00:00:00+05:30,307.05,308.0,302.85,304.1,23319679
2026-03-13 00:00:00+05:30,304.0,306.0,300.65,301.45,25659996
2026-03-16 00:00:00+05:30,302.55,309.45,302.0,308.25,37472204
2026-03-17 00:00:00+05:30,309.95,309.95,304.05,304.85,25649286
2026-03-18 00:00:00+05:30,305.9,306.95,303.5,304.05,16702554
2026-03-19 00:00:00+05:30,301.5,305.5,297.1,298.0,17851126
2026-03-20 00:00:00+05:30,301.05,308.75,298.15,299.95,58679529
2026-03-23 00:00:00+05:30,298.9,299.0,289.55,290.45,31788160
2026-03-24 00:00:00+05:30,295.95,296.0,288.75,291.25,33335721
2026-03-25 00:00:00+05:30,292.7,298.5,292.25,295.7,26184716
2026-03-27 00:00:00+05:30,294.7,296.85,291.55,294.7,22179022
2026-03-30 00:00:00+05:30,293.6,294.45,287.0,287.7,24586921
2026-04-01 00:00:00+05:30,293.0,294.45,290.9,291.7,18604340
2026-04-02 00:00:00+05:30,290.25,293.65,288.4,292.85,18082775
2026-04-06 00:00:00+05:30,293.0,295.35,290.25,294.85,18047063
2026-04-07 00:00:00+05:30,294.15,299.0,292.75,298.45,26963485
2026-04-08 00:00:00+05:30,303.9,304.6,301.55,302.45,22310207
2026-04-09 00:00:00+05:30,301.5,304.4,301.25,303.0,17691477
2026-04-10 00:00:00+05:30,303.0,305.4,302.6,304.25,17744386
2026-04-13 00:00:00+05:30,300.0,301.45,298.1,298.65,16522014
2026-04-15 00:00:00+05:30,300.7,304.0,300.55,302.05,18701403
2026-04-16 00:00:00+05:30,302.95,305.35,301.85,303.4,16512053
2026-04-17 00:00:00+05:30,303.85,309.95,303.85,306.8,35111203
2026-04-20 00:00:00+05:30,307.0,307.95,304.45,305.0,13540471
2026-04-21 00:00:00+05:30,305.0,311.1,304.55,309.65,24411865
2026-04-22 00:00:00+05:30,310.0,310.55,305.1,305.5,24500511
2026-04-23 00:00:00+05:30,304.0,306.35,303.25,305.3,10701849
2026-04-24 00:00:00+05:30,306.65,306.65,301.1,301.6,17011704
2026-04-27 00:00:00+05:30,303.65,305.65,302.85,303.85,14382348
2026-04-28 00:00:00+05:30,304.4,305.8,302.55,304.45,12907339
2026-04-29 00:00:00+05:30,305.1,317.5,305.1,316.25,31199038
2026-04-30 00:00:00+05:30,316.25,317.5,313.3,314.9,11541956
