date,open,high,low,close,volume
2015-12-23 00:00:00+05:30,360.0,421.8,355.6,412.5,44435808
2015-12-24 00:00:00+05:30,419.0,454.4,418.0,448.0,18476998
2015-12-28 00:00:00+05:30,450.0,453.5,414.0,417.7,6848450
2015-12-29 00:00:00+05:30,421.0,424.9,399.0,405.5,5289334
2015-12-30 00:00:00+05:30,406.4,414.2,401.5,403.3,2615288
2015-12-31 00:00:00+05:30,405.0,409.6,393.6,402.2,2823162
2016-01-01 00:00:00+05:30,403.8,409.5,400.5,401.8,1364126
2016-01-04 00:00:00+05:30,401.0,412.0,396.7,406.1,2577434
2016-01-05 00:00:00+05:30,409.3,414.0,404.0,408.5,1557498
2016-01-06 00:00:00+05:30,408.4,431.5,405.1,417.9,3650356
2016-01-07 00:00:00+05:30,411.0,415.0,400.2,401.9,746264
2016-01-08 00:00:00+05:30,405.0,411.0,402.5,403.4,656416
2016-01-11 00:00:00+05:30,401.5,402.4,393.4,398.5,709616
2016-01-12 00:00:00+05:30,399.9,408.0,398.5,401.1,743720
2016-01-13 00:00:00+05:30,404.5,407.4,388.2,399.8,877192
2016-01-14 00:00:00+05:30,386.2,410.4,386.2,407.2,741664
2016-01-15 00:00:00+05:30,411.1,411.8,391.0,394.6,295088
2016-01-18 00:00:00+05:30,390.0,396.2,382.6,385.9,345846
2016-01-19 00:00:00+05:30,388.4,388.4,353.0,361.1,1941366
2016-01-20 00:00:00+05:30,356.5,372.8,348.2,360.2,1373798
2016-01-21 00:00:00+05:30,364.0,368.8,362.5,364.5,241322
2016-01-22 00:00:00+05:30,368.5,372.2,355.0,368.8,305760
2016-01-25 00:00:00+05:30,367.5,382.2,366.4,374.3,482452
2016-01-27 00:00:00+05:30,376.5,388.0,369.2,379.2,300448
2016-01-28 00:00:00+05:30,375.1,384.5,374.6,378.9,148520
2016-01-29 00:00:00+05:30,379.0,395.5,376.5,387.1,633920
2016-02-01 00:00:00+05:30,388.7,405.5,387.5,399.6,413038
2016-02-02 00:00:00+05:30,402.4,408.6,392.8,399.0,364226
2016-02-03 00:00:00+05:30,392.5,402.0,385.0,393.3,207970
2016-02-04 00:00:00+05:30,390.5,404.0,390.5,401.4,1034600
2016-02-05 00:00:00+05:30,403.5,405.0,398.4,400.1,98412
2016-02-08 00:00:00+05:30,395.0,406.8,395.0,400.4,82344
2016-02-09 00:00:00+05:30,396.5,399.0,392.6,397.4,75584
2016-02-10 00:00:00+05:30,395.6,404.0,392.0,401.4,112654
2016-02-11 00:00:00+05:30,393.5,407.5,393.5,399.6,291942
2016-02-12 00:00:00+05:30,399.5,410.0,388.5,401.3,355286
2016-02-15 00:00:00+05:30,416.5,425.0,405.6,412.7,297574
2016-02-16 00:00:00+05:30,411.5,426.8,402.5,420.3,312532
2016-02-17 00:00:00+05:30,424.3,428.0,411.0,425.6,609722
2016-02-18 00:00:00+05:30,428.2,437.1,422.5,428.8,298244
2016-02-19 00:00:00+05:30,428.9,437.4,423.0,433.2,144092
2016-02-22 00:00:00+05:30,435.0,439.5,417.6,423.6,186540
2016-02-23 00:00:00+05:30,424.5,435.0,408.2,426.0,226250
2016-02-24 00:00:00+05:30,415.0,426.4,412.0,415.2,79314
2016-02-25 00:00:00+05:30,417.5,420.0,413.5,418.2,157484
2016-02-26 00:00:00+05:30,419.3,420.8,410.0,414.2,44636
2016-02-29 00:00:00+05:30,417.0,417.0,407.2,413.4,284088
2016-03-01 00:00:00+05:30,413.0,422.0,413.0,414.4,59204
2016-03-02 00:00:00+05:30,417.0,432.6,414.9,426.5,197158
2016-03-03 00:00:00+05:30,432.0,473.5,428.9,447.0,1015102
2016-03-04 00:00:00+05:30,444.9,444.9,427.5,429.5,188310
2016-03-08 00:00:00+05:30,430.2,433.0,420.0,422.3,129184
2016-03-09 00:00:00+05:30,419.9,452.4,417.0,436.9,502522
2016-03-10 00:00:00+05:30,434.5,440.0,425.0,432.2,145782
2016-03-11 00:00:00+05:30,426.5,439.8,426.5,431.4,78144
2016-03-14 00:00:00+05:30,430.5,452.4,428.6,445.3,274012
2016-03-15 00:00:00+05:30,447.0,457.5,438.0,453.3,270550
2016-03-16 00:00:00+05:30,455.0,455.0,439.0,441.0,95940
2016-03-17 00:00:00+05:30,442.0,474.7,441.1,453.1,686976
2016-03-18 00:00:00+05:30,454.0,468.5,452.5,461.4,193990
2016-03-21 00:00:00+05:30,460.0,471.0,455.5,459.1,185880
2016-03-22 00:00:00+05:30,459.0,472.4,458.0,470.0,178722
2016-03-23 00:00:00+05:30,469.0,483.4,457.5,460.7,264846
2016-03-28 00:00:00+05:30,462.2,469.5,460.5,465.8,123520
2016-03-29 00:00:00+05:30,464.5,471.5,460.0,463.5,119904
2016-03-30 00:00:00+05:30,466.5,472.5,463.6,465.3,174104
2016-03-31 00:00:00+05:30,469.0,469.5,456.0,461.6,233542
2016-04-01 00:00:00+05:30,460.0,477.0,459.0,471.2,183066
2016-04-04 00:00:00+05:30,471.5,498.7,471.5,494.0,386384
2016-04-05 00:00:00+05:30,494.0,507.2,492.5,494.6,400314
2016-04-06 00:00:00+05:30,497.4,502.0,483.8,494.0,115766
2016-04-07 00:00:00+05:30,496.4,501.0,492.5,495.4,287636
2016-04-08 00:00:00+05:30,499.8,505.7,492.4,501.7,94272
2016-04-11 00:00:00+05:30,510.0,522.2,504.2,511.0,460972
2016-04-12 00:00:00+05:30,514.0,516.6,506.0,511.5,75292
2016-04-13 00:00:00+05:30,515.0,515.9,503.0,505.9,67338
2016-04-18 00:00:00+05:30,507.5,507.5,491.7,493.5,64406
2016-04-20 00:00:00+05:30,495.0,501.8,492.0,493.5,70074
2016-04-21 00:00:00+05:30,497.8,500.0,487.5,488.9,69706
2016-04-22 00:00:00+05:30,486.0,495.0,470.9,482.6,64224
2016-04-25 00:00:00+05:30,485.0,492.4,481.5,484.5,38564
2016-04-26 00:00:00+05:30,486.8,491.9,484.9,486.2,28864
2016-04-27 00:00:00+05:30,488.7,503.9,487.8,498.0,113134
2016-04-28 00:00:00+05:30,500.5,504.4,493.5,496.3,65372
2016-04-29 00:00:00+05:30,495.2,503.0,488.1,492.6,131322
2016-05-02 00:00:00+05:30,494.0,496.2,481.5,483.4,104274
2016-05-03 00:00:00+05:30,486.0,495.5,485.6,490.6,345162
2016-05-04 00:00:00+05:30,485.1,490.1,485.1,487.2,27658
2016-05-05 00:00:00+05:30,495.5,495.5,487.5,489.4,15208
2016-05-06 00:00:00+05:30,490.1,490.1,482.0,485.8,16386
2016-05-09 00:00:00+05:30,495.5,502.5,460.2,490.9,84672
2016-05-10 00:00:00+05:30,491.0,492.4,475.0,477.5,30282
2016-05-11 00:00:00+05:30,477.0,487.0,472.5,478.9,34268
2016-05-12 00:00:00+05:30,482.4,484.0,476.5,477.8,15298
2016-05-13 00:00:00+05:30,478.5,482.5,474.0,476.4,13166
2016-05-16 00:00:00+05:30,516.5,516.5,475.0,478.8,34270
2016-05-17 00:00:00+05:30,480.0,489.5,479.0,487.2,55610
2016-05-18 00:00:00+05:30,489.5,495.5,481.2,492.4,28088
2016-05-19 00:00:00+05:30,497.5,497.5,486.8,490.0,14202
2016-05-20 00:00:00+05:30,490.6,495.0,480.5,487.5,15784
2016-05-23 00:00:00+05:30,493.9,493.9,480.5,481.5,55880
2016-05-24 00:00:00+05:30,480.0,486.8,478.0,479.8,12474
2016-05-25 00:00:00+05:30,487.0,487.0,480.8,485.4,10276
2016-05-26 00:00:00+05:30,487.0,492.5,481.5,490.0,20114
2016-05-27 00:00:00+05:30,490.0,507.4,463.0,470.8,447318
2016-05-30 00:00:00+05:30,472.5,484.2,470.6,473.0,80438
2016-05-31 00:00:00+05:30,471.5,477.4,468.0,469.8,34634
2016-06-01 00:00:00+05:30,465.0,475.5,465.0,474.4,27336
2016-06-02 00:00:00+05:30,476.0,482.5,473.5,481.8,96006
2016-06-03 00:00:00+05:30,486.0,507.8,482.5,496.2,251852
2016-06-06 00:00:00+05:30,498.7,498.7,488.0,494.7,45492
2016-06-07 00:00:00+05:30,499.4,505.0,494.0,498.1,93800
2016-06-08 00:00:00+05:30,503.2,503.2,492.5,494.9,70134
2016-06-09 00:00:00+05:30,498.5,509.5,492.5,494.5,44770
2016-06-10 00:00:00+05:30,499.4,506.7,490.0,494.0,68726
2016-06-13 00:00:00+05:30,491.5,502.0,491.5,498.0,77076
2016-06-14 00:00:00+05:30,498.0,499.5,486.3,489.4,66446
2016-06-15 00:00:00+05:30,494.0,494.4,476.2,478.2,46416
2016-06-16 00:00:00+05:30,477.5,478.4,457.4,468.4,303556
2016-06-17 00:00:00+05:30,472.0,472.4,442.5,448.6,733124
2016-06-20 00:00:00+05:30,443.6,446.8,432.6,434.8,107610
2016-06-21 00:00:00+05:30,432.9,441.9,419.3,421.1,203292
2016-06-22 00:00:00+05:30,422.0,428.4,407.5,423.6,202278
2016-06-23 00:00:00+05:30,424.0,424.0,415.6,418.9,77516
2016-06-24 00:00:00+05:30,410.0,412.6,385.0,410.3,66394
2016-06-27 00:00:00+05:30,412.4,423.0,407.6,418.7,87024
2016-06-28 00:00:00+05:30,416.0,425.5,416.0,420.4,47326
2016-06-29 00:00:00+05:30,423.8,429.0,419.8,427.7,109584
2016-06-30 00:00:00+05:30,430.4,430.4,416.5,423.6,175660
2016-07-01 00:00:00+05:30,427.4,427.4,417.6,419.1,38864
2016-07-04 00:00:00+05:30,422.0,448.4,421.0,440.9,243654
2016-07-05 00:00:00+05:30,440.9,458.4,440.9,456.7,249650
2016-07-07 00:00:00+05:30,458.5,486.0,457.3,464.0,311240
2016-07-08 00:00:00+05:30,466.0,477.2,466.0,475.4,187268
2016-07-11 00:00:00+05:30,478.3,498.7,475.0,497.4,222876
2016-07-12 00:00:00+05:30,500.0,504.0,490.0,497.0,95938
2016-07-13 00:00:00+05:30,497.0,501.8,481.6,484.2,60140
2016-07-14 00:00:00+05:30,488.0,493.0,483.0,488.0,26696
2016-07-15 00:00:00+05:30,486.2,499.3,486.2,491.4,34044
2016-07-18 00:00:00+05:30,489.0,498.0,489.0,492.9,18948
2016-07-19 00:00:00+05:30,492.9,497.5,487.6,490.8,30372
2016-07-20 00:00:00+05:30,493.0,498.5,490.5,494.5,32304
2016-07-21 00:00:00+05:30,493.1,497.4,487.5,493.4,43590
2016-07-22 00:00:00+05:30,493.8,494.2,488.4,489.5,187106
2016-07-25 00:00:00+05:30,494.0,497.5,482.0,486.2,33150
2016-07-26 00:00:00+05:30,488.8,490.2,482.8,485.7,54578
2016-07-27 00:00:00+05:30,485.7,491.0,482.1,484.1,13710
2016-07-28 00:00:00+05:30,485.6,490.0,479.0,480.9,36496
2016-07-29 00:00:00+05:30,484.5,504.7,480.5,486.2,626934
2016-08-01 00:00:00+05:30,487.5,494.5,483.3,487.0,78872
2016-08-02 00:00:00+05:30,487.5,490.5,475.1,477.8,47532
2016-08-03 00:00:00+05:30,478.0,480.2,464.8,466.9,35920
2016-08-04 00:00:00+05:30,467.5,477.9,462.5,465.3,17594
2016-08-05 00:00:00+05:30,467.9,473.1,463.0,464.8,88412
2016-08-08 00:00:00+05:30,468.7,469.4,459.5,462.5,31050
2016-08-09 00:00:00+05:30,464.2,465.3,452.6,455.7,30142
2016-08-10 00:00:00+05:30,457.4,457.4,450.0,452.3,20088
2016-08-11 00:00:00+05:30,451.8,455.0,448.7,454.2,24586
2016-08-12 00:00:00+05:30,455.4,470.0,453.5,466.6,50440
2016-08-16 00:00:00+05:30,469.0,472.6,457.5,460.5,18718
2016-08-17 00:00:00+05:30,474.0,474.0,451.0,458.6,45924
2016-08-18 00:00:00+05:30,464.5,467.5,460.0,463.1,50404
2016-08-19 00:00:00+05:30,463.1,471.0,463.1,465.5,24640
2016-08-22 00:00:00+05:30,465.0,470.0,460.5,463.9,12812
2016-08-23 00:00:00+05:30,463.9,467.9,458.8,460.8,12822
2016-08-24 00:00:00+05:30,460.8,479.0,460.8,466.2,541922
2016-08-25 00:00:00+05:30,466.0,474.5,464.5,467.6,22570
2016-08-26 00:00:00+05:30,461.6,467.5,456.6,460.9,48922
2016-08-29 00:00:00+05:30,459.7,466.5,459.7,462.8,14920
2016-08-30 00:00:00+05:30,467.5,521.2,467.0,502.9,858286
2016-08-31 00:00:00+05:30,504.0,560.0,502.2,540.9,1403932
2016-09-01 00:00:00+05:30,539.0,542.5,525.0,530.6,305812
2016-09-02 00:00:00+05:30,530.0,635.0,525.6,580.6,2932644
2016-09-06 00:00:00+05:30,587.4,599.5,557.0,563.5,413674
2016-09-07 00:00:00+05:30,567.0,580.0,561.5,568.2,287418
2016-09-08 00:00:00+05:30,568.2,581.0,559.0,563.5,224556
2016-09-09 00:00:00+05:30,565.5,598.5,564.0,570.8,508312
2016-09-12 00:00:00+05:30,562.5,584.0,555.0,575.0,353132
2016-09-14 00:00:00+05:30,577.6,588.2,562.5,567.6,209728
2016-09-15 00:00:00+05:30,573.0,573.5,562.5,566.1,75222
2016-09-16 00:00:00+05:30,571.8,604.6,567.5,599.4,808554
2016-09-19 00:00:00+05:30,595.0,638.0,586.2,624.0,817938
2016-09-20 00:00:00+05:30,627.5,629.4,596.0,600.7,234538
2016-09-21 00:00:00+05:30,603.5,615.0,591.0,596.5,156808
2016-09-22 00:00:00+05:30,599.5,610.0,590.0,593.4,99838
2016-09-23 00:00:00+05:30,595.0,598.4,585.0,587.4,85154
2016-09-26 00:00:00+05:30,581.0,602.4,579.8,583.4,149914
2016-09-27 00:00:00+05:30,587.3,594.0,577.5,581.2,97714
2016-09-28 00:00:00+05:30,584.5,586.8,568.0,572.4,63332
2016-09-29 00:00:00+05:30,575.5,576.8,495.0,541.5,170092
2016-09-30 00:00:00+05:30,542.5,542.5,526.1,535.0,119214
2016-10-03 00:00:00+05:30,533.1,545.0,533.1,538.8,97252
2016-10-04 00:00:00+05:30,542.4,549.5,531.0,536.0,67276
2016-10-05 00:00:00+05:30,539.0,545.8,530.5,531.5,76208
2016-10-06 00:00:00+05:30,531.5,540.0,525.5,531.4,65902
2016-10-07 00:00:00+05:30,531.4,534.0,521.2,524.8,32368
2016-10-10 00:00:00+05:30,525.0,532.0,520.0,523.6,57738
2016-10-13 00:00:00+05:30,524.4,524.5,511.0,518.0,154442
2016-10-14 00:00:00+05:30,524.0,524.0,514.6,519.0,75222
2016-10-17 00:00:00+05:30,515.0,531.8,501.1,505.4,357856
2016-10-18 00:00:00+05:30,507.5,515.0,507.0,512.2,161966
2016-10-19 00:00:00+05:30,516.9,519.5,510.5,513.8,62718
2016-10-20 00:00:00+05:30,517.5,548.8,510.5,536.7,182684
2016-10-21 00:00:00+05:30,541.2,567.5,540.0,561.2,436918
2016-10-24 00:00:00+05:30,571.0,594.9,567.6,590.0,366972
2016-10-25 00:00:00+05:30,592.0,594.4,572.0,575.4,119668
2016-10-26 00:00:00+05:30,575.4,585.0,563.5,574.2,137970
2016-10-27 00:00:00+05:30,574.5,592.5,573.0,589.2,103546
2016-10-28 00:00:00+05:30,582.5,599.9,575.6,589.0,120326
2016-11-01 00:00:00+05:30,595.0,599.5,566.0,581.0,121316
2016-11-02 00:00:00+05:30,581.5,593.8,571.3,585.0,88678
2016-11-03 00:00:00+05:30,600.0,633.5,592.2,597.0,1713558
2016-11-04 00:00:00+05:30,599.5,604.4,571.0,576.3,296000
2016-11-07 00:00:00+05:30,580.0,592.5,577.8,586.0,152816
2016-11-08 00:00:00+05:30,590.0,604.5,584.2,592.2,667634
2016-11-09 00:00:00+05:30,540.0,605.0,500.5,593.6,232174
2016-11-10 00:00:00+05:30,602.0,616.4,585.1,600.1,302066
2016-11-11 00:00:00+05:30,592.0,607.5,580.0,590.7,474616
2016-11-15 00:00:00+05:30,590.7,592.5,531.1,552.0,159800
2016-11-16 00:00:00+05:30,565.5,574.6,550.7,563.2,55692
2016-11-17 00:00:00+05:30,560.5,572.0,557.0,559.1,27564
2016-11-18 00:00:00+05:30,551.0,599.5,551.0,592.8,122452
2016-11-21 00:00:00+05:30,592.5,640.0,592.5,617.9,444464
2016-11-22 00:00:00+05:30,620.5,624.4,587.8,596.0,140278
2016-11-23 00:00:00+05:30,598.0,612.4,593.8,602.0,91238
2016-11-24 00:00:00+05:30,607.5,607.5,590.0,594.0,46194
2016-11-25 00:00:00+05:30,594.0,601.0,574.0,582.7,96810
2016-11-28 00:00:00+05:30,587.0,595.0,575.0,579.8,54184
2016-11-29 00:00:00+05:30,584.5,595.0,580.8,586.1,29764
2016-11-30 00:00:00+05:30,589.5,599.5,575.0,578.0,144560
2016-12-01 00:00:00+05:30,578.0,588.4,578.0,582.3,56420
2016-12-02 00:00:00+05:30,580.5,584.0,544.0,568.6,360308
2016-12-05 00:00:00+05:30,561.1,577.5,557.5,575.2,63010
2016-12-06 00:00:00+05:30,580.0,587.5,575.5,584.8,62714
2016-12-07 00:00:00+05:30,568.8,587.5,560.1,563.6,117852
2016-12-08 00:00:00+05:30,569.5,573.5,557.6,559.7,103402
2016-12-09 00:00:00+05:30,564.0,567.0,548.2,553.8,93536
2016-12-12 00:00:00+05:30,553.8,559.0,546.5,548.4,65248
2016-12-13 00:00:00+05:30,550.6,554.5,534.5,538.6,115900
2016-12-14 00:00:00+05:30,538.5,545.0,529.6,531.3,67000
2016-12-15 00:00:00+05:30,530.0,537.5,515.0,530.0,112166
2016-12-16 00:00:00+05:30,530.5,547.4,517.3,544.1,176528
2016-12-19 00:00:00+05:30,548.0,548.0,520.5,524.9,93794
2016-12-20 00:00:00+05:30,525.0,531.0,507.6,513.9,157530
2016-12-21 00:00:00+05:30,516.5,525.0,511.7,514.5,98938
2016-12-22 00:00:00+05:30,513.5,529.4,510.5,521.7,57736
2016-12-23 00:00:00+05:30,521.8,524.0,505.8,510.7,70758
2016-12-26 00:00:00+05:30,510.0,515.2,505.0,507.5,44116
2016-12-27 00:00:00+05:30,510.5,518.7,508.0,515.8,59886
2016-12-28 00:00:00+05:30,523.8,532.0,515.1,525.0,55978
2016-12-29 00:00:00+05:30,526.3,535.0,517.5,533.4,56866
2016-12-30 00:00:00+05:30,535.0,543.8,531.0,535.5,63208
2017-01-02 00:00:00+05:30,537.5,545.0,533.4,544.3,46730
2017-01-03 00:00:00+05:30,545.5,548.2,534.0,536.1,59712
2017-01-04 00:00:00+05:30,537.5,555.8,537.0,543.6,64944
2017-01-05 00:00:00+05:30,549.5,555.0,544.0,551.8,228876
2017-01-06 00:00:00+05:30,555.0,568.3,555.0,557.9,160938
2017-01-09 00:00:00+05:30,560.0,560.5,554.3,558.6,259978
2017-01-10 00:00:00+05:30,559.8,562.5,548.5,553.8,159052
2017-01-11 00:00:00+05:30,545.2,555.5,545.2,551.8,41220
2017-01-12 00:00:00+05:30,552.5,555.1,545.0,546.6,35930
2017-01-13 00:00:00+05:30,547.6,551.0,545.6,546.6,14896
2017-01-16 00:00:00+05:30,545.7,554.2,542.5,548.8,14562
2017-01-17 00:00:00+05:30,552.5,552.5,545.5,547.5,14260
2017-01-18 00:00:00+05:30,552.0,552.4,541.8,545.1,24238
2017-01-19 00:00:00+05:30,547.0,549.5,542.6,546.0,16112
2017-01-20 00:00:00+05:30,545.5,552.0,535.1,543.6,831676
2017-01-23 00:00:00+05:30,544.0,551.0,539.0,548.5,20366
2017-01-24 00:00:00+05:30,552.2,556.0,547.5,554.3,50484
2017-01-25 00:00:00+05:30,557.6,557.6,548.0,552.2,55064
2017-01-27 00:00:00+05:30,548.5,552.9,545.2,552.0,19048
2017-01-30 00:00:00+05:30,551.9,562.5,550.0,559.6,62182
2017-01-31 00:00:00+05:30,562.5,562.5,555.0,558.0,22946
2017-02-01 00:00:00+05:30,550.5,559.0,545.0,549.4,42418
2017-02-02 00:00:00+05:30,550.0,559.0,517.5,541.2,347918
2017-02-03 00:00:00+05:30,555.0,557.5,540.0,546.6,169328
2017-02-06 00:00:00+05:30,535.0,555.0,535.0,553.9,80124
2017-02-07 00:00:00+05:30,555.0,556.6,541.0,550.2,51516
2017-02-08 00:00:00+05:30,550.0,553.8,537.0,543.4,134162
2017-02-09 00:00:00+05:30,547.5,547.5,534.0,537.4,82396
2017-02-10 00:00:00+05:30,547.0,547.0,534.0,537.2,52328
2017-02-13 00:00:00+05:30,533.0,536.7,525.0,529.1,52202
2017-02-14 00:00:00+05:30,530.0,530.0,520.0,523.8,96068
2017-02-15 00:00:00+05:30,530.0,532.5,487.5,499.9,3144012
2017-02-16 00:00:00+05:30,502.0,517.4,492.5,499.6,371306
2017-02-17 00:00:00+05:30,503.5,507.5,493.5,497.7,318102
2017-02-20 00:00:00+05:30,499.5,505.0,495.0,499.2,115874
2017-02-21 00:00:00+05:30,502.5,502.5,493.2,495.9,96796
2017-02-22 00:00:00+05:30,496.9,500.0,490.5,492.9,144040
2017-02-23 00:00:00+05:30,492.0,497.5,489.5,491.5,114360
2017-02-27 00:00:00+05:30,491.5,497.5,485.5,487.1,156944
2017-02-28 00:00:00+05:30,489.5,492.0,485.0,486.8,143914
2017-03-01 00:00:00+05:30,488.9,488.9,473.6,475.2,516712
2017-03-02 00:00:00+05:30,478.0,483.0,466.5,468.0,1989424
2017-03-03 00:00:00+05:30,468.6,472.5,463.6,466.8,242266
2017-03-06 00:00:00+05:30,467.8,476.8,466.4,475.6,202098
2017-03-07 00:00:00+05:30,479.0,479.0,468.3,470.6,131652
2017-03-08 00:00:00+05:30,472.5,474.5,468.5,472.0,103392
2017-03-09 00:00:00+05:30,472.0,475.0,466.3,471.6,193624
2017-03-10 00:00:00+05:30,472.5,473.2,465.5,470.2,216228
2017-03-14 00:00:00+05:30,480.6,483.0,469.0,475.5,862864
2017-03-15 00:00:00+05:30,478.8,480.4,470.0,475.6,634060
2017-03-16 00:00:00+05:30,475.0,479.8,471.5,472.7,319654
2017-03-17 00:00:00+05:30,473.2,481.8,471.0,474.6,1790920
2017-03-20 00:00:00+05:30,475.6,485.8,473.5,475.6,720048
2017-03-21 00:00:00+05:30,476.8,479.5,468.0,471.8,255366
2017-03-22 00:00:00+05:30,467.5,470.5,466.0,469.2,124888
2017-03-23 00:00:00+05:30,472.5,478.0,470.0,473.5,155716
2017-03-24 00:00:00+05:30,473.5,478.0,469.2,470.7,147402
2017-03-27 00:00:00+05:30,473.5,475.5,464.5,474.8,202886
2017-03-28 00:00:00+05:30,474.0,476.5,470.1,471.1,104886
2017-03-29 00:00:00+05:30,472.5,475.0,467.5,470.4,165648
2017-03-30 00:00:00+05:30,470.0,473.5,468.2,470.2,101714
2017-03-31 00:00:00+05:30,472.0,490.0,470.2,483.8,601972
2017-04-03 00:00:00+05:30,484.0,496.6,482.5,486.4,856338
2017-04-05 00:00:00+05:30,486.8,494.4,483.5,488.2,293472
2017-04-06 00:00:00+05:30,488.5,490.0,480.5,483.2,173036
2017-04-07 00:00:00+05:30,482.0,488.0,478.7,480.4,200408
2017-04-10 00:00:00+05:30,481.2,485.5,480.5,482.8,112350
2017-04-11 00:00:00+05:30,484.9,486.0,470.7,479.6,246398
2017-04-12 00:00:00+05:30,480.0,487.0,476.6,484.0,160890
2017-04-13 00:00:00+05:30,485.0,490.0,482.5,484.8,276738
2017-04-17 00:00:00+05:30,484.1,487.6,477.5,482.0,103402
2017-04-18 00:00:00+05:30,481.2,484.0,474.8,477.6,110438
2017-04-19 00:00:00+05:30,479.0,483.7,476.0,482.8,55952
2017-04-20 00:00:00+05:30,482.8,482.8,474.0,474.9,813974
2017-04-21 00:00:00+05:30,479.9,479.9,475.0,475.6,99882
2017-04-24 00:00:00+05:30,477.0,483.8,477.0,482.2,78642
2017-04-25 00:00:00+05:30,483.0,483.5,478.2,480.2,40868
2017-04-26 00:00:00+05:30,480.5,482.5,477.5,480.1,68636
2017-04-27 00:00:00+05:30,479.0,480.5,476.0,477.4,62666
2017-04-28 00:00:00+05:30,476.0,485.0,475.0,480.0,116458
2017-05-02 00:00:00+05:30,481.5,484.0,472.8,476.2,70148
2017-05-03 00:00:00+05:30,476.5,477.5,465.0,468.0,476890
2017-05-04 00:00:00+05:30,468.0,474.5,462.5,465.0,96598
2017-05-05 00:00:00+05:30,462.5,481.0,462.5,479.6,354776
2017-05-08 00:00:00+05:30,480.0,482.5,475.0,479.8,192318
2017-05-09 00:00:00+05:30,479.5,480.0,472.5,475.8,126414
2017-05-10 00:00:00+05:30,480.0,484.0,473.8,480.8,327356
2017-05-11 00:00:00+05:30,482.5,485.0,477.5,482.0,132982
2017-05-12 00:00:00+05:30,478.0,481.0,435.7,445.6,742820
2017-05-15 00:00:00+05:30,447.5,457.1,440.5,450.3,515310
2017-05-16 00:00:00+05:30,455.0,462.5,447.5,455.5,209792
2017-05-17 00:00:00+05:30,456.5,462.5,454.5,455.8,144920
2017-05-18 00:00:00+05:30,454.0,459.7,451.5,454.9,75414
2017-05-19 00:00:00+05:30,458.5,458.5,452.9,455.1,162164
2017-05-22 00:00:00+05:30,454.5,457.0,452.5,454.9,300170
2017-05-23 00:00:00+05:30,457.0,457.0,437.5,443.4,403552
2017-05-24 00:00:00+05:30,443.4,451.5,441.9,447.4,168482
2017-05-25 00:00:00+05:30,449.0,450.5,447.1,449.1,482464
2017-05-26 00:00:00+05:30,451.7,454.0,440.0,446.8,150336
2017-05-29 00:00:00+05:30,439.0,452.5,439.0,450.1,99836
2017-05-30 00:00:00+05:30,452.4,458.2,446.5,450.6,64166
2017-05-31 00:00:00+05:30,451.8,457.5,447.5,452.1,548118
2017-06-01 00:00:00+05:30,458.0,459.9,448.6,450.3,216554
2017-06-02 00:00:00+05:30,454.0,456.0,443.5,451.9,206772
2017-06-05 00:00:00+05:30,455.2,455.8,448.5,452.2,191110
2017-06-06 00:00:00+05:30,458.5,458.5,449.9,452.3,75280
2017-06-07 00:00:00+05:30,451.0,458.4,449.2,457.4,77822
2017-06-08 00:00:00+05:30,457.5,458.0,450.5,453.2,161736
2017-06-09 00:00:00+05:30,455.0,456.8,445.5,449.5,155734
2017-06-12 00:00:00+05:30,450.0,452.4,445.0,447.6,74134
2017-06-13 00:00:00+05:30,451.5,456.1,447.6,453.6,80288
2017-06-14 00:00:00+05:30,454.0,456.2,448.5,449.7,78278
2017-06-15 00:00:00+05:30,449.5,451.8,437.0,439.6,170186
2017-06-16 00:00:00+05:30,440.0,445.0,436.0,442.7,70418
2017-06-19 00:00:00+05:30,446.0,446.0,430.0,431.0,109086
2017-06-20 00:00:00+05:30,430.0,434.4,422.5,426.1,150952
2017-06-21 00:00:00+05:30,425.0,432.4,420.0,429.1,117470
2017-06-22 00:00:00+05:30,429.5,431.9,419.0,423.0,180320
2017-06-23 00:00:00+05:30,423.0,427.4,414.2,421.9,143184
2017-06-27 00:00:00+05:30,422.6,422.8,406.0,409.2,212932
2017-06-28 00:00:00+05:30,409.8,409.8,395.3,399.9,294496
2017-06-29 00:00:00+05:30,395.0,423.9,391.9,417.4,354056
2017-06-30 00:00:00+05:30,417.0,417.0,390.0,391.0,4094580
2017-07-03 00:00:00+05:30,391.5,393.7,381.1,387.7,439194
2017-07-04 00:00:00+05:30,389.0,393.7,387.0,389.6,187644
2017-07-05 00:00:00+05:30,390.5,408.4,390.0,403.6,1216390
2017-07-06 00:00:00+05:30,403.5,410.8,399.5,404.2,263024
2017-07-07 00:00:00+05:30,401.8,422.5,400.5,420.2,721064
2017-07-10 00:00:00+05:30,425.0,425.0,416.5,423.4,37772
2017-07-11 00:00:00+05:30,424.5,426.5,418.5,420.6,126458
2017-07-12 00:00:00+05:30,421.0,424.9,415.2,420.3,99056
2017-07-13 00:00:00+05:30,420.5,423.6,417.6,420.6,82450
2017-07-14 00:00:00+05:30,419.0,422.8,413.1,416.8,134866
2017-07-17 00:00:00+05:30,416.5,440.5,416.5,430.1,573566
2017-07-18 00:00:00+05:30,432.0,440.0,430.2,432.1,220336
2017-07-19 00:00:00+05:30,433.6,435.9,427.0,428.8,134880
2017-07-20 00:00:00+05:30,428.8,429.0,422.1,424.3,87126
2017-07-21 00:00:00+05:30,424.0,427.7,417.6,420.2,92916
2017-07-24 00:00:00+05:30,426.0,426.6,417.2,420.6,181330
2017-07-25 00:00:00+05:30,417.6,425.5,417.0,419.7,85576
2017-07-26 00:00:00+05:30,421.0,421.0,417.5,419.2,68948
2017-07-27 00:00:00+05:30,420.8,422.4,410.0,412.9,192374
2017-07-28 00:00:00+05:30,413.0,420.7,408.2,416.8,69260
2017-07-31 00:00:00+05:30,420.0,420.0,410.5,417.0,114808
2017-08-01 00:00:00+05:30,418.4,419.0,410.5,412.0,78970
2017-08-02 00:00:00+05:30,412.2,417.5,411.0,415.9,43686
2017-08-03 00:00:00+05:30,416.5,416.5,405.6,413.0,45960
2017-08-04 00:00:00+05:30,410.0,412.5,405.1,407.1,52628
2017-08-07 00:00:00+05:30,410.0,429.0,407.1,415.8,389458
2017-08-08 00:00:00+05:30,424.4,428.0,410.0,413.0,507842
2017-08-09 00:00:00+05:30,412.5,412.5,402.5,405.0,90078
2017-08-10 00:00:00+05:30,404.0,404.0,394.5,399.4,79204
2017-08-11 00:00:00+05:30,398.0,411.0,387.5,403.5,82096
2017-08-14 00:00:00+05:30,405.0,410.0,400.6,403.2,43536
2017-08-16 00:00:00+05:30,403.5,405.0,396.5,403.4,53022
2017-08-17 00:00:00+05:30,405.0,405.0,402.0,404.3,139450
2017-08-18 00:00:00+05:30,403.0,405.0,401.9,404.3,38570
2017-08-21 00:00:00+05:30,404.3,406.8,400.5,404.8,55234
2017-08-22 00:00:00+05:30,404.4,405.5,400.0,405.0,77160
2017-08-23 00:00:00+05:30,404.9,406.4,399.8,404.4,66692
2017-08-24 00:00:00+05:30,403.8,405.4,402.5,403.8,146100
2017-08-28 00:00:00+05:30,406.0,410.0,402.5,403.3,53330
2017-08-29 00:00:00+05:30,403.5,405.0,390.0,399.0,732976
2017-08-30 00:00:00+05:30,399.0,403.8,399.0,402.3,107488
2017-08-31 00:00:00+05:30,402.4,424.0,397.5,405.4,230768
2017-09-01 00:00:00+05:30,406.2,410.0,402.0,405.1,151172
2017-09-04 00:00:00+05:30,405.1,419.0,403.5,412.0,137524
2017-09-05 00:00:00+05:30,415.0,419.0,406.7,415.3,100052
2017-09-06 00:00:00+05:30,415.0,417.2,410.3,414.1,60792
2017-09-07 00:00:00+05:30,412.0,415.3,410.5,413.8,41844
2017-09-08 00:00:00+05:30,415.0,424.0,403.6,405.7,145882
2017-09-11 00:00:00+05:30,406.5,409.9,398.2,400.2,136644
2017-09-12 00:00:00+05:30,399.0,407.4,399.0,402.1,47290
2017-09-13 00:00:00+05:30,402.5,407.4,400.0,401.6,64222
2017-09-14 00:00:00+05:30,402.5,405.4,400.0,400.2,89686
2017-09-15 00:00:00+05:30,401.5,405.5,400.0,404.3,110210
2017-09-18 00:00:00+05:30,406.2,407.8,402.4,404.0,98726
2017-09-19 00:00:00+05:30,407.0,407.0,400.0,400.8,125770
2017-09-20 00:00:00+05:30,404.0,404.6,400.0,401.1,42698
2017-09-21 00:00:00+05:30,401.1,404.0,400.0,401.4,80606
2017-09-22 00:00:00+05:30,403.5,403.5,390.0,394.4,138754
2017-09-25 00:00:00+05:30,393.6,403.5,383.5,398.7,82940
2017-09-26 00:00:00+05:30,395.0,404.6,393.0,400.4,51624
2017-09-27 00:00:00+05:30,400.4,402.0,395.0,398.2,42036
2017-09-28 00:00:00+05:30,395.5,400.8,392.5,394.5,44398
2017-09-29 00:00:00+05:30,397.0,401.0,390.8,398.7,111098
2017-10-03 00:00:00+05:30,397.5,400.9,387.5,395.1,82198
2017-10-04 00:00:00+05:30,393.5,395.7,389.0,390.4,110242
2017-10-05 00:00:00+05:30,391.0,394.0,385.0,386.4,138210
2017-10-06 00:00:00+05:30,390.0,390.0,385.0,389.0,116920
2017-10-09 00:00:00+05:30,391.0,392.5,385.5,388.3,61014
2017-10-10 00:00:00+05:30,392.5,392.5,382.5,383.4,156902
2017-10-11 00:00:00+05:30,382.5,387.5,381.0,384.8,68756
2017-10-12 00:00:00+05:30,389.0,389.0,383.2,384.6,62066
2017-10-13 00:00:00+05:30,385.0,386.5,377.4,382.6,67684
2017-10-16 00:00:00+05:30,386.5,386.5,378.4,379.6,103992
2017-10-17 00:00:00+05:30,380.0,383.0,378.0,378.5,86288
2017-10-18 00:00:00+05:30,379.0,382.5,376.5,378.4,319760
2017-10-23 00:00:00+05:30,380.8,381.6,375.2,378.2,79660
2017-10-24 00:00:00+05:30,380.0,380.0,361.5,368.7,557402
2017-10-25 00:00:00+05:30,375.0,377.0,369.4,370.8,164428
2017-10-26 00:00:00+05:30,374.4,374.5,370.1,371.4,291124
2017-10-27 00:00:00+05:30,374.7,374.7,370.0,371.6,80750
2017-10-30 00:00:00+05:30,374.2,379.4,372.5,374.5,986344
2017-10-31 00:00:00+05:30,375.0,394.0,375.0,386.3,386120
2017-11-01 00:00:00+05:30,394.0,395.0,387.6,391.7,144098
2017-11-02 00:00:00+05:30,391.7,407.0,387.9,404.8,191448
2017-11-03 00:00:00+05:30,404.8,419.5,404.8,417.7,207756
2017-11-06 00:00:00+05:30,418.8,420.5,409.6,413.9,71840
2017-11-07 00:00:00+05:30,415.0,418.0,405.0,409.3,72340
2017-11-08 00:00:00+05:30,408.5,410.8,394.4,400.0,85632
2017-11-09 00:00:00+05:30,402.5,422.5,395.0,416.9,412036
2017-11-10 00:00:00+05:30,422.5,435.0,405.0,426.2,292770
2017-11-13 00:00:00+05:30,428.0,438.3,425.5,435.8,207604
2017-11-14 00:00:00+05:30,435.0,450.5,435.0,448.6,403150
2017-11-15 00:00:00+05:30,450.0,453.7,430.6,450.2,308518
2017-11-16 00:00:00+05:30,450.5,454.0,441.5,448.6,223322
2017-11-17 00:00:00+05:30,452.5,452.5,442.0,450.0,233060
2017-11-20 00:00:00+05:30,450.0,451.5,447.2,450.0,127976
2017-11-21 00:00:00+05:30,452.5,452.5,430.0,444.0,513288
2017-11-22 00:00:00+05:30,441.5,446.0,432.0,445.0,263510
2017-11-23 00:00:00+05:30,446.0,446.1,439.0,444.8,140530
2017-11-24 00:00:00+05:30,445.0,450.0,440.6,445.0,216974
2017-11-27 00:00:00+05:30,445.5,447.0,442.5,444.7,251520
2017-11-28 00:00:00+05:30,442.5,445.1,440.5,443.8,121774
2017-11-29 00:00:00+05:30,444.2,445.8,442.0,443.4,108498
2017-11-30 00:00:00+05:30,443.5,445.0,438.0,444.9,154806
2017-12-01 00:00:00+05:30,443.0,445.0,441.0,444.6,151518
2017-12-04 00:00:00+05:30,443.2,445.2,427.5,443.6,85556
2017-12-05 00:00:00+05:30,442.0,442.1,432.1,436.6,40282
2017-12-06 00:00:00+05:30,435.0,445.0,431.0,444.6,75614
2017-12-07 00:00:00+05:30,444.5,445.5,436.5,444.9,130028
2017-12-08 00:00:00+05:30,445.0,448.0,441.5,444.1,64374
2017-12-11 00:00:00+05:30,445.5,445.5,442.1,443.4,64556
2017-12-12 00:00:00+05:30,444.5,444.5,439.0,440.8,45072
2017-12-13 00:00:00+05:30,442.5,443.8,439.0,442.5,80550
2017-12-14 00:00:00+05:30,442.7,444.9,432.6,444.4,68006
2017-12-15 00:00:00+05:30,445.5,449.4,441.6,444.5,48642
2017-12-18 00:00:00+05:30,441.5,446.3,434.0,445.7,42860
2017-12-19 00:00:00+05:30,443.6,445.0,434.0,436.3,254896
2017-12-20 00:00:00+05:30,438.5,445.0,434.0,443.0,52896
2017-12-21 00:00:00+05:30,442.5,446.9,440.0,443.9,129896
2017-12-22 00:00:00+05:30,443.5,449.5,437.5,441.8,127262
2017-12-26 00:00:00+05:30,439.5,442.5,434.6,436.7,57104
2017-12-27 00:00:00+05:30,437.5,441.2,431.0,434.4,43560
2017-12-28 00:00:00+05:30,433.4,450.0,432.5,445.9,72486
2017-12-29 00:00:00+05:30,448.5,453.0,435.6,440.6,287354
2018-01-01 00:00:00+05:30,441.0,448.5,436.5,442.3,56044
2018-01-02 00:00:00+05:30,440.7,444.0,438.0,441.2,37672
2018-01-03 00:00:00+05:30,444.0,445.0,440.5,442.9,198898
2018-01-04 00:00:00+05:30,443.5,450.0,441.1,448.1,75872
2018-01-05 00:00:00+05:30,449.0,450.0,444.0,449.5,100352
2018-01-08 00:00:00+05:30,449.5,451.9,444.5,448.1,1138970
2018-01-09 00:00:00+05:30,450.0,450.4,440.5,444.2,77378
2018-01-10 00:00:00+05:30,445.5,446.6,440.4,441.5,73466
2018-01-11 00:00:00+05:30,442.0,443.0,438.0,439.8,52688
2018-01-12 00:00:00+05:30,439.5,465.0,438.5,459.0,469242
2018-01-15 00:00:00+05:30,461.0,462.0,454.5,456.1,155776
2018-01-16 00:00:00+05:30,454.5,457.5,440.6,457.4,181692
2018-01-17 00:00:00+05:30,455.5,460.0,443.0,457.8,76108
2018-01-18 00:00:00+05:30,457.0,458.5,450.0,452.8,50310
2018-01-19 00:00:00+05:30,456.0,456.0,446.0,451.5,68032
2018-01-22 00:00:00+05:30,451.0,463.4,445.6,456.5,103718
2018-01-23 00:00:00+05:30,457.5,458.5,447.6,455.0,62030
2018-01-24 00:00:00+05:30,455.0,456.5,449.5,454.7,1039124
2018-01-25 00:00:00+05:30,451.5,457.5,447.5,449.4,590234
2018-01-29 00:00:00+05:30,449.0,452.5,446.1,450.3,43432
2018-01-30 00:00:00+05:30,449.0,449.7,438.5,445.4,50312
2018-01-31 00:00:00+05:30,445.5,459.5,441.5,451.8,918016
2018-02-01 00:00:00+05:30,457.0,457.5,450.5,455.2,70694
2018-02-02 00:00:00+05:30,454.0,456.0,438.0,453.0,74534
2018-02-05 00:00:00+05:30,447.5,451.7,441.0,445.3,93458
2018-02-06 00:00:00+05:30,438.0,440.0,425.6,434.8,56106
2018-02-07 00:00:00+05:30,433.2,439.9,433.2,436.7,34592
2018-02-08 00:00:00+05:30,438.2,449.9,433.6,446.6,155530
2018-02-09 00:00:00+05:30,449.0,455.0,435.0,449.2,94030
2018-02-12 00:00:00+05:30,455.1,455.1,443.6,454.4,118754
2018-02-14 00:00:00+05:30,455.0,455.0,449.0,451.4,78074
2018-02-15 00:00:00+05:30,452.5,452.8,450.0,451.1,26922
2018-02-16 00:00:00+05:30,451.5,462.5,449.6,457.5,75552
2018-02-19 00:00:00+05:30,457.4,457.5,445.0,450.8,268156
2018-02-20 00:00:00+05:30,454.5,456.4,450.0,453.0,34664
2018-02-21 00:00:00+05:30,453.0,455.0,450.6,452.6,60504
2018-02-22 00:00:00+05:30,450.0,457.0,450.0,452.9,26914
2018-02-23 00:00:00+05:30,456.5,456.5,450.5,452.8,26840
2018-02-26 00:00:00+05:30,453.0,456.0,452.0,454.8,15152
2018-02-27 00:00:00+05:30,454.6,455.4,453.0,453.8,22444
2018-02-28 00:00:00+05:30,454.8,456.4,452.5,455.8,26650
2018-03-01 00:00:00+05:30,454.0,457.4,454.0,455.2,833292
2018-03-05 00:00:00+05:30,454.5,456.0,454.5,455.3,22966
2018-03-06 00:00:00+05:30,454.0,455.5,445.5,448.7,24650
2018-03-07 00:00:00+05:30,448.0,448.0,435.0,437.6,22546
2018-03-08 00:00:00+05:30,437.5,448.0,432.1,445.6,19912
2018-03-09 00:00:00+05:30,447.0,447.0,440.6,444.0,21168
2018-03-12 00:00:00+05:30,445.0,464.2,442.5,458.4,52004
2018-03-13 00:00:00+05:30,451.0,457.2,450.6,454.2,69890
2018-03-14 00:00:00+05:30,454.0,456.6,447.0,450.0,144676
2018-03-15 00:00:00+05:30,450.0,454.9,448.1,452.0,13652
2018-03-16 00:00:00+05:30,448.5,458.0,438.3,447.4,82556
2018-03-19 00:00:00+05:30,453.5,453.9,438.0,440.2,22948
2018-03-20 00:00:00+05:30,440.5,441.8,423.3,434.6,51246
2018-03-21 00:00:00+05:30,433.0,442.0,432.0,440.4,42134
2018-03-22 00:00:00+05:30,439.5,448.4,432.5,435.3,30420
2018-03-23 00:00:00+05:30,432.5,434.0,411.3,425.7,111354
2018-03-26 00:00:00+05:30,425.5,441.5,421.5,430.1,50558
2018-03-27 00:00:00+05:30,429.0,445.0,429.0,435.2,67548
2018-03-28 00:00:00+05:30,437.0,449.5,427.6,438.2,90336
2018-04-02 00:00:00+05:30,438.2,442.4,433.5,435.8,25256
2018-04-03 00:00:00+05:30,435.0,439.4,428.1,434.4,18000
2018-04-04 00:00:00+05:30,434.5,441.5,421.0,426.0,650394
2018-04-05 00:00:00+05:30,426.5,439.9,426.5,438.3,31026
2018-04-06 00:00:00+05:30,436.0,453.5,430.0,436.1,123314
2018-04-09 00:00:00+05:30,435.5,441.0,432.5,435.1,28798
2018-04-10 00:00:00+05:30,435.1,439.5,433.5,436.8,15844
2018-04-11 00:00:00+05:30,438.0,439.9,433.7,439.5,51868
2018-04-12 00:00:00+05:30,438.0,441.5,436.8,440.8,35312
2018-04-13 00:00:00+05:30,440.5,442.0,429.5,437.6,58214
2018-04-16 00:00:00+05:30,439.0,440.5,434.4,437.4,99382
2018-04-17 00:00:00+05:30,436.8,437.4,425.0,428.5,55042
2018-04-18 00:00:00+05:30,428.6,435.0,425.7,427.6,258832
2018-04-19 00:00:00+05:30,427.9,430.0,426.0,427.1,39054
2018-04-20 00:00:00+05:30,425.9,429.0,421.6,423.2,47566
2018-04-23 00:00:00+05:30,420.0,425.6,420.0,423.4,40604
2018-04-24 00:00:00+05:30,425.0,425.0,420.2,421.5,44532
2018-04-25 00:00:00+05:30,425.0,425.0,422.6,423.8,85066
2018-04-26 00:00:00+05:30,425.0,425.0,422.0,423.9,26454
2018-04-27 00:00:00+05:30,422.6,424.7,420.5,423.8,39258
2018-04-30 00:00:00+05:30,424.0,426.2,420.6,422.1,30162
2018-05-02 00:00:00+05:30,422.1,424.4,415.5,419.4,23960
2018-05-03 00:00:00+05:30,419.4,421.4,417.5,418.9,19054
2018-05-04 00:00:00+05:30,419.5,421.5,416.4,419.1,17672
2018-05-07 00:00:00+05:30,420.0,420.2,413.1,417.0,84002
2018-05-08 00:00:00+05:30,417.4,419.8,410.2,417.7,218878
2018-05-09 00:00:00+05:30,421.2,424.0,412.0,414.3,57994
2018-05-10 00:00:00+05:30,415.6,418.0,410.0,415.0,217524
2018-05-11 00:00:00+05:30,420.0,420.0,405.5,408.5,44342
2018-05-14 00:00:00+05:30,414.0,414.0,399.2,403.6,90154
2018-05-15 00:00:00+05:30,414.0,466.2,412.5,443.8,2273114
2018-05-16 00:00:00+05:30,442.4,454.5,428.0,444.8,456156
2018-05-17 00:00:00+05:30,444.5,444.5,428.8,433.2,313956
2018-05-18 00:00:00+05:30,434.0,441.5,431.0,433.7,354956
2018-05-21 00:00:00+05:30,432.2,454.8,425.0,445.1,244890
2018-05-22 00:00:00+05:30,448.5,449.5,432.6,437.4,133380
2018-05-23 00:00:00+05:30,437.5,449.4,425.6,441.2,184592
2018-05-24 00:00:00+05:30,437.5,447.9,433.7,445.0,197598
2018-05-25 00:00:00+05:30,446.0,449.4,435.0,445.0,367344
2018-05-28 00:00:00+05:30,444.5,450.0,440.0,441.0,43236
2018-05-29 00:00:00+05:30,441.5,444.5,437.5,439.8,19554
2018-05-30 00:00:00+05:30,442.0,442.0,426.0,428.4,194124
2018-05-31 00:00:00+05:30,432.5,438.5,425.2,430.6,997900
2018-06-01 00:00:00+05:30,434.4,438.5,419.0,435.1,93070
2018-06-04 00:00:00+05:30,436.1,436.5,424.0,431.0,382024
2018-06-05 00:00:00+05:30,432.4,432.4,421.6,429.5,72070
2018-06-06 00:00:00+05:30,427.5,433.0,421.0,424.8,28514
2018-06-07 00:00:00+05:30,424.8,441.5,420.8,439.6,72114
2018-06-08 00:00:00+05:30,440.0,445.4,438.0,440.8,29916
2018-06-11 00:00:00+05:30,440.0,443.4,425.0,431.0,761156
2018-06-12 00:00:00+05:30,432.5,437.4,427.5,430.7,61806
2018-06-13 00:00:00+05:30,432.5,435.5,428.6,432.6,185778
2018-06-14 00:00:00+05:30,433.5,442.0,429.3,437.8,68274
2018-06-15 00:00:00+05:30,439.9,447.0,430.0,433.7,88144
2018-06-18 00:00:00+05:30,435.0,443.0,431.3,437.0,91788
2018-06-19 00:00:00+05:30,438.4,439.8,426.0,429.3,21484
2018-06-20 00:00:00+05:30,431.4,441.0,428.0,438.5,48336
2018-06-21 00:00:00+05:30,440.5,456.0,434.2,451.0,102632
2018-06-22 00:00:00+05:30,452.0,472.5,444.0,466.4,389066
2018-06-25 00:00:00+05:30,465.9,484.0,463.0,472.8,316678
2018-06-26 00:00:00+05:30,465.9,475.0,462.1,467.8,175592
2018-06-27 00:00:00+05:30,465.4,472.4,463.4,465.8,500658
2018-06-28 00:00:00+05:30,468.1,472.5,458.4,467.0,98546
2018-06-29 00:00:00+05:30,468.6,492.3,465.0,478.8,207256
2018-07-02 00:00:00+05:30,480.0,484.6,451.0,459.5,134594
2018-07-03 00:00:00+05:30,461.7,473.0,451.0,469.4,102746
2018-07-04 00:00:00+05:30,469.2,471.1,460.5,465.0,77866
2018-07-05 00:00:00+05:30,465.0,470.0,457.6,460.1,117904
2018-07-06 00:00:00+05:30,459.6,463.6,453.0,456.6,68428
2018-07-09 00:00:00+05:30,462.2,474.5,451.4,454.3,143864
2018-07-10 00:00:00+05:30,454.6,462.4,442.5,451.1,170882
2018-07-11 00:00:00+05:30,448.8,455.0,447.9,451.4,64674
2018-07-12 00:00:00+05:30,453.6,459.8,445.6,450.9,88330
2018-07-13 00:00:00+05:30,450.9,465.0,446.1,459.5,110420
2018-07-16 00:00:00+05:30,461.5,461.8,448.2,455.6,659316
2018-07-17 00:00:00+05:30,453.5,477.0,452.6,458.8,810412
2018-07-18 00:00:00+05:30,462.2,462.2,449.0,451.2,240412
2018-07-19 00:00:00+05:30,453.5,454.0,442.3,444.4,58668
2018-07-20 00:00:00+05:30,446.0,446.5,437.5,440.5,48898
2018-07-23 00:00:00+05:30,439.0,452.5,439.0,448.8,70140
2018-07-24 00:00:00+05:30,448.5,467.0,448.0,463.6,147664
2018-07-25 00:00:00+05:30,466.4,473.0,461.7,470.2,115542
2018-07-26 00:00:00+05:30,472.4,472.8,468.8,471.9,78966
2018-07-27 00:00:00+05:30,472.8,472.8,456.0,461.6,150086
2018-07-30 00:00:00+05:30,465.0,470.0,455.0,467.3,53276
2018-07-31 00:00:00+05:30,464.4,471.5,460.6,470.0,78044
2018-08-01 00:00:00+05:30,470.0,471.0,464.5,468.7,97674
2018-08-02 00:00:00+05:30,468.7,473.9,461.0,462.8,188342
2018-08-03 00:00:00+05:30,465.5,469.8,454.3,467.3,67330
2018-08-06 00:00:00+05:30,470.0,470.0,461.0,466.7,25282
2018-08-07 00:00:00+05:30,465.0,470.0,456.1,466.4,91998
2018-08-08 00:00:00+05:30,469.2,472.1,462.0,468.9,83706
2018-08-09 00:00:00+05:30,466.1,475.0,462.5,469.7,92244
2018-08-10 00:00:00+05:30,478.5,489.0,451.5,463.0,300076
2018-08-13 00:00:00+05:30,457.9,474.5,455.6,472.0,837650
2018-08-14 00:00:00+05:30,470.5,486.5,469.2,482.9,237478
2018-08-16 00:00:00+05:30,485.0,486.1,478.6,483.2,150640
2018-08-17 00:00:00+05:30,480.5,534.3,480.5,519.6,615682
2018-08-20 00:00:00+05:30,521.0,529.8,510.0,517.8,263306
2018-08-21 00:00:00+05:30,516.5,523.5,512.9,522.0,136678
2018-08-23 00:00:00+05:30,518.5,526.6,500.0,510.8,137104
2018-08-24 00:00:00+05:30,507.7,517.0,502.8,509.4,44362
2018-08-27 00:00:00+05:30,514.3,544.4,508.0,539.5,366618
2018-08-28 00:00:00+05:30,536.2,542.3,525.0,531.9,78656
2018-08-29 00:00:00+05:30,528.6,561.0,507.8,521.3,263866
2018-08-30 00:00:00+05:30,523.0,535.0,514.1,521.6,119718
2018-08-31 00:00:00+05:30,524.0,527.4,511.5,523.1,67316
2018-09-03 00:00:00+05:30,525.8,535.1,513.0,520.0,65514
2018-09-04 00:00:00+05:30,517.8,522.5,505.5,518.7,54450
2018-09-05 00:00:00+05:30,514.5,534.4,507.6,517.7,89194
2018-09-06 00:00:00+05:30,514.6,519.9,500.0,503.7,105742
2018-09-07 00:00:00+05:30,503.5,522.5,501.2,505.3,113382
2018-09-10 00:00:00+05:30,507.4,515.5,493.6,497.5,74712
2018-09-11 00:00:00+05:30,499.0,505.5,476.6,495.3,142712
2018-09-12 00:00:00+05:30,495.3,506.7,483.0,492.9,92822
2018-09-14 00:00:00+05:30,495.0,512.4,488.6,493.0,82090
2018-09-17 00:00:00+05:30,490.5,496.7,483.2,484.9,30788
2018-09-18 00:00:00+05:30,485.2,493.0,475.6,479.0,44478
2018-09-19 00:00:00+05:30,484.2,499.0,471.6,480.1,233990
2018-09-21 00:00:00+05:30,483.7,488.0,457.8,467.4,87716
2018-09-24 00:00:00+05:30,464.4,480.0,450.5,473.7,72060
2018-09-25 00:00:00+05:30,470.8,491.0,466.5,481.8,95310
2018-09-26 00:00:00+05:30,478.2,489.0,478.2,483.9,173766
2018-09-27 00:00:00+05:30,484.0,500.0,481.0,489.0,80330
2018-09-28 00:00:00+05:30,486.1,492.5,460.0,479.3,112744
2018-10-01 00:00:00+05:30,476.4,482.0,458.3,470.9,66434
2018-10-03 00:00:00+05:30,468.5,487.5,461.0,479.3,201646
2018-10-04 00:00:00+05:30,476.4,477.6,459.0,463.3,52956
2018-10-05 00:00:00+05:30,460.5,466.9,446.2,456.0,58654
2018-10-08 00:00:00+05:30,442.4,480.0,442.4,477.0,99614
2018-10-09 00:00:00+05:30,474.2,483.0,470.4,475.2,59090
2018-10-10 00:00:00+05:30,472.5,490.9,472.5,482.7,93048
2018-10-11 00:00:00+05:30,467.7,485.0,467.7,480.6,23124
2018-10-12 00:00:00+05:30,480.5,486.1,475.0,483.2,18364
2018-10-15 00:00:00+05:30,480.3,503.5,476.0,479.8,78804
2018-10-16 00:00:00+05:30,479.5,490.0,479.5,487.9,69526
2018-10-17 00:00:00+05:30,490.0,490.0,463.0,471.9,85008
2018-10-19 00:00:00+05:30,469.0,473.0,459.5,464.6,107716
2018-10-22 00:00:00+05:30,465.2,466.5,440.0,454.9,160462
2018-10-23 00:00:00+05:30,450.2,456.2,436.2,447.8,164826
2018-10-24 00:00:00+05:30,445.1,451.0,426.0,432.4,221790
2018-10-25 00:00:00+05:30,431.8,442.0,425.6,437.9,168312
2018-10-26 00:00:00+05:30,430.0,451.4,426.0,446.8,55010
2018-10-29 00:00:00+05:30,436.8,454.9,435.7,447.8,358326
2018-10-30 00:00:00+05:30,450.0,450.0,435.0,440.6,322308
2018-10-31 00:00:00+05:30,446.0,446.0,431.1,439.8,151728
2018-11-01 00:00:00+05:30,443.8,445.0,433.0,435.0,80708
2018-11-02 00:00:00+05:30,437.0,445.4,435.0,443.7,332556
2018-11-05 00:00:00+05:30,443.5,451.0,437.6,443.4,264204
2018-11-06 00:00:00+05:30,454.0,455.0,437.0,440.2,184620
2018-11-09 00:00:00+05:30,443.0,449.8,428.0,430.7,124442
2018-11-12 00:00:00+05:30,433.0,434.0,415.8,420.4,194488
2018-11-13 00:00:00+05:30,421.1,437.2,419.5,432.4,167736
2018-11-14 00:00:00+05:30,429.8,435.0,422.5,426.0,33856
2018-11-15 00:00:00+05:30,423.4,436.4,423.0,430.0,80658
2018-11-16 00:00:00+05:30,428.0,432.0,410.6,416.2,129454
2018-11-19 00:00:00+05:30,414.8,428.5,406.7,423.3,139622
2018-11-20 00:00:00+05:30,423.3,430.5,418.0,428.5,167360
2018-11-21 00:00:00+05:30,429.5,449.5,428.6,441.6,221846
2018-11-22 00:00:00+05:30,444.0,444.0,430.8,434.2,72810
2018-11-26 00:00:00+05:30,431.6,439.4,431.6,435.0,31694
2018-11-27 00:00:00+05:30,438.6,443.6,429.0,437.4,55238
2018-11-28 00:00:00+05:30,437.7,440.0,427.7,437.5,132002
2018-11-29 00:00:00+05:30,437.6,442.6,432.6,437.8,174234
2018-11-30 00:00:00+05:30,438.0,442.5,426.0,431.2,830586
2018-12-03 00:00:00+05:30,431.3,457.6,431.0,450.0,187084
2018-12-04 00:00:00+05:30,449.8,482.4,444.6,472.4,1695662
2018-12-05 00:00:00+05:30,470.6,487.5,459.2,484.3,210754
2018-12-06 00:00:00+05:30,477.5,500.0,467.5,480.5,200214
2018-12-07 00:00:00+05:30,491.0,491.4,476.5,482.4,146368
2018-12-10 00:00:00+05:30,477.0,487.5,455.3,476.5,160932
2018-12-11 00:00:00+05:30,467.5,486.9,466.5,473.5,234714
2018-12-12 00:00:00+05:30,476.2,487.1,470.6,482.4,64338
2018-12-13 00:00:00+05:30,478.0,487.5,478.0,483.4,111382
2018-12-14 00:00:00+05:30,482.4,490.5,475.7,481.2,88374
2018-12-17 00:00:00+05:30,478.6,484.0,475.6,482.1,80000
2018-12-18 00:00:00+05:30,480.5,484.0,472.5,475.9,41772
2018-12-19 00:00:00+05:30,477.5,486.3,475.6,480.0,104648
2018-12-20 00:00:00+05:30,477.2,480.0,472.4,475.3,59748
2018-12-21 00:00:00+05:30,475.0,484.5,472.2,477.6,110476
2018-12-24 00:00:00+05:30,476.6,480.1,466.6,469.5,47450
2018-12-26 00:00:00+05:30,469.5,471.0,460.5,464.9,62188
2018-12-27 00:00:00+05:30,465.0,475.6,462.8,464.9,57490
2018-12-28 00:00:00+05:30,466.0,466.0,453.2,454.2,1199286
2018-12-31 00:00:00+05:30,455.6,461.0,445.5,455.2,683376
2019-01-01 00:00:00+05:30,455.0,464.0,451.2,462.4,315174
2019-01-02 00:00:00+05:30,462.0,462.0,450.0,457.6,188364
2019-01-03 00:00:00+05:30,454.8,459.0,448.6,456.5,143512
2019-01-04 00:00:00+05:30,454.0,472.4,454.0,470.0,313290
2019-01-07 00:00:00+05:30,470.5,478.4,470.0,474.4,317112
2019-01-08 00:00:00+05:30,471.5,479.5,470.5,471.8,175936
2019-01-09 00:00:00+05:30,472.0,480.0,472.0,476.3,192586
2019-01-10 00:00:00+05:30,474.5,489.5,472.7,486.8,462312
2019-01-11 00:00:00+05:30,489.0,504.4,485.5,492.7,248082
2019-01-14 00:00:00+05:30,496.5,496.5,484.2,485.8,82216
2019-01-15 00:00:00+05:30,485.8,502.5,482.4,498.2,131106
2019-01-16 00:00:00+05:30,495.2,514.5,495.2,510.7,117494
2019-01-17 00:00:00+05:30,515.0,547.2,512.5,536.5,485482
2019-01-18 00:00:00+05:30,536.5,539.8,520.0,523.6,114666
2019-01-21 00:00:00+05:30,527.3,527.3,504.4,509.4,137864
2019-01-22 00:00:00+05:30,508.8,522.5,495.6,516.1,274410
2019-01-23 00:00:00+05:30,518.8,547.0,514.3,535.0,125790
2019-01-24 00:00:00+05:30,537.0,542.5,505.7,510.3,105684
2019-01-25 00:00:00+05:30,513.4,537.0,513.1,529.2,176804
2019-01-28 00:00:00+05:30,534.8,534.8,500.0,501.0,153948
2019-01-29 00:00:00+05:30,500.5,514.5,495.5,511.6,116118
2019-01-30 00:00:00+05:30,508.6,537.0,506.1,533.3,95432
2019-01-31 00:00:00+05:30,530.1,542.5,519.8,539.3,56994
2019-02-01 00:00:00+05:30,540.0,545.0,514.0,520.4,123874
2019-02-04 00:00:00+05:30,522.0,531.6,515.0,519.9,61964
2019-02-05 00:00:00+05:30,520.5,532.9,520.5,525.9,69294
2019-02-06 00:00:00+05:30,523.7,562.5,519.4,543.5,186438
2019-02-07 00:00:00+05:30,540.4,554.9,535.2,543.5,437680
2019-02-08 00:00:00+05:30,550.0,557.5,532.6,540.0,295062
2019-02-11 00:00:00+05:30,543.2,548.0,510.6,515.3,70232
2019-02-12 00:00:00+05:30,525.0,532.8,500.5,504.9,76192
2019-02-13 00:00:00+05:30,504.0,524.4,504.0,509.0,163986
2019-02-14 00:00:00+05:30,512.1,515.8,501.1,504.8,45536
2019-02-15 00:00:00+05:30,505.3,515.0,501.8,507.2,175328
2019-02-18 00:00:00+05:30,504.5,522.5,504.5,517.8,268754
2019-02-19 00:00:00+05:30,521.0,521.0,506.7,514.5,218342
2019-02-20 00:00:00+05:30,511.8,522.0,507.5,517.0,65862
2019-02-21 00:00:00+05:30,513.9,525.0,511.5,519.4,86994
2019-02-22 00:00:00+05:30,519.4,528.1,513.0,516.3,263516
2019-02-25 00:00:00+05:30,519.0,520.2,510.0,513.6,52846
2019-02-26 00:00:00+05:30,506.0,512.6,504.7,506.9,234450
2019-02-27 00:00:00+05:30,510.0,514.5,505.8,509.3,58470
2019-02-28 00:00:00+05:30,510.1,512.0,492.1,505.6,111806
2019-03-01 00:00:00+05:30,505.6,512.2,505.6,509.2,73658
2019-03-05 00:00:00+05:30,509.5,512.0,502.6,508.8,111548
2019-03-06 00:00:00+05:30,512.0,514.5,508.0,509.8,108452
2019-03-07 00:00:00+05:30,510.0,513.0,502.5,505.8,94786
2019-03-08 00:00:00+05:30,505.8,512.5,500.5,509.1,89950
2019-03-11 00:00:00+05:30,508.5,525.0,506.0,520.6,123922
2019-03-12 00:00:00+05:30,524.5,536.0,520.8,532.0,91868
2019-03-13 00:00:00+05:30,535.2,541.2,516.0,525.4,76886
2019-03-14 00:00:00+05:30,530.0,530.0,520.2,526.3,17724
2019-03-15 00:00:00+05:30,529.0,533.7,508.0,529.5,665138
2019-03-18 00:00:00+05:30,526.2,545.0,516.6,537.3,52022
2019-03-19 00:00:00+05:30,540.0,544.5,521.4,524.4,41212
2019-03-20 00:00:00+05:30,528.6,528.6,519.2,525.1,43224
2019-03-22 00:00:00+05:30,528.5,543.8,523.1,541.0,71188
2019-03-25 00:00:00+05:30,541.0,549.0,533.7,538.9,114910
2019-03-26 00:00:00+05:30,535.6,549.6,535.6,544.8,45434
2019-03-27 00:00:00+05:30,544.8,545.2,526.2,535.5,42354
2019-03-28 00:00:00+05:30,535.5,543.9,532.8,537.0,38610
2019-03-29 00:00:00+05:30,544.0,544.0,516.5,522.2,94104
2019-04-01 00:00:00+05:30,526.1,527.9,519.0,525.0,44230
2019-04-02 00:00:00+05:30,525.3,543.9,519.0,522.2,116834
2019-04-03 00:00:00+05:30,526.4,529.0,517.5,520.6,47172
2019-04-04 00:00:00+05:30,522.5,522.5,510.0,511.4,54586
2019-04-05 00:00:00+05:30,508.4,519.8,501.1,513.3,50488
2019-04-08 00:00:00+05:30,513.3,522.5,512.0,513.9,38524
2019-04-09 00:00:00+05:30,510.8,515.2,505.0,507.4,40844
2019-04-10 00:00:00+05:30,511.4,522.2,507.0,510.1,88736
2019-04-11 00:00:00+05:30,510.5,517.4,509.5,511.3,31844
2019-04-12 00:00:00+05:30,514.0,519.3,508.2,516.8,100356
2019-04-15 00:00:00+05:30,519.0,542.6,518.6,532.6,431664
2019-04-16 00:00:00+05:30,532.8,540.0,522.6,527.0,57668
2019-04-18 00:00:00+05:30,524.0,536.8,521.0,531.7,69354
2019-04-22 00:00:00+05:30,528.6,542.5,522.0,528.9,53290
2019-04-23 00:00:00+05:30,532.5,550.0,525.0,528.9,94086
2019-04-24 00:00:00+05:30,531.5,537.8,525.0,534.9,34338
2019-04-25 00:00:00+05:30,535.0,536.5,527.5,531.6,15408
2019-04-26 00:00:00+05:30,531.6,531.6,514.2,519.9,49690
2019-04-30 00:00:00+05:30,522.5,525.5,515.7,522.2,58834
2019-05-02 00:00:00+05:30,517.5,538.6,517.5,536.6,450564
2019-05-03 00:00:00+05:30,538.7,538.7,520.8,522.2,307422
2019-05-06 00:00:00+05:30,518.0,526.4,510.0,512.5,39780
2019-05-07 00:00:00+05:30,507.8,516.0,503.4,506.6,40226
2019-05-08 00:00:00+05:30,507.0,509.9,501.0,503.0,36096
2019-05-09 00:00:00+05:30,507.0,507.0,488.8,491.4,121078
2019-05-10 00:00:00+05:30,495.0,497.2,481.8,490.3,61136
2019-05-13 00:00:00+05:30,485.4,498.0,480.0,488.1,74374
2019-05-14 00:00:00+05:30,483.2,507.0,477.5,497.0,236872
2019-05-15 00:00:00+05:30,503.0,509.9,499.0,506.5,81588
2019-05-16 00:00:00+05:30,510.0,524.0,505.0,520.6,117002
2019-05-17 00:00:00+05:30,515.4,539.6,515.4,532.7,1083100
2019-05-20 00:00:00+05:30,544.0,552.6,521.0,545.0,143978
2019-05-21 00:00:00+05:30,536.0,546.5,530.0,538.4,291312
2019-05-22 00:00:00+05:30,536.5,536.5,520.5,523.5,106400
2019-05-23 00:00:00+05:30,522.5,529.9,505.0,514.4,224496
2019-05-24 00:00:00+05:30,515.0,522.7,502.8,519.2,166558
2019-05-27 00:00:00+05:30,521.5,525.0,516.8,521.0,99154
2019-05-28 00:00:00+05:30,520.0,549.0,519.0,543.7,89558
2019-05-29 00:00:00+05:30,547.5,547.5,519.0,524.0,193184
2019-05-30 00:00:00+05:30,519.8,527.9,511.5,515.8,71350
2019-05-31 00:00:00+05:30,517.5,523.5,512.8,518.8,100414
2019-06-03 00:00:00+05:30,518.5,546.9,518.5,541.3,157674
2019-06-04 00:00:00+05:30,541.0,541.0,524.0,525.3,92406
2019-06-06 00:00:00+05:30,524.5,525.1,515.0,524.8,600204
2019-06-07 00:00:00+05:30,529.0,529.0,510.0,516.0,601106
2019-06-10 00:00:00+05:30,520.2,534.8,512.8,530.8,170276
2019-06-11 00:00:00+05:30,529.0,535.1,519.0,522.7,115744
2019-06-12 00:00:00+05:30,526.9,539.9,521.4,536.8,90966
2019-06-13 00:00:00+05:30,535.0,565.1,530.0,545.2,287168
2019-06-14 00:00:00+05:30,544.5,554.5,532.6,541.6,773926
2019-06-17 00:00:00+05:30,546.0,573.8,538.1,546.6,205030
2019-06-18 00:00:00+05:30,545.9,556.7,536.5,555.2,121892
2019-06-19 00:00:00+05:30,555.6,559.7,535.0,550.0,161534
2019-06-20 00:00:00+05:30,553.0,573.0,540.0,568.5,116352
2019-06-21 00:00:00+05:30,570.5,584.7,566.0,581.2,269886
2019-06-24 00:00:00+05:30,581.5,589.0,581.0,585.8,185028
2019-06-25 00:00:00+05:30,587.0,587.6,575.0,579.8,102852
2019-06-26 00:00:00+05:30,576.0,589.0,558.8,565.0,174990
2019-06-27 00:00:00+05:30,562.0,564.3,546.0,549.3,89018
2019-06-28 00:00:00+05:30,548.0,548.1,531.0,534.8,140234
2019-07-01 00:00:00+05:30,535.0,549.5,526.0,530.0,130304
2019-07-02 00:00:00+05:30,534.2,534.2,515.7,525.9,100684
2019-07-03 00:00:00+05:30,522.6,534.4,521.3,532.0,746390
2019-07-04 00:00:00+05:30,528.3,542.0,528.3,538.4,130792
2019-07-05 00:00:00+05:30,538.4,557.5,533.2,539.2,134318
2019-07-08 00:00:00+05:30,536.0,574.0,535.0,559.2,192892
2019-07-09 00:00:00+05:30,562.0,569.5,544.0,552.1,116844
2019-07-10 00:00:00+05:30,556.5,559.0,541.8,548.4,57524
2019-07-11 00:00:00+05:30,549.0,556.0,535.6,547.3,70072
2019-07-12 00:00:00+05:30,547.0,547.0,534.5,537.6,78422
2019-07-15 00:00:00+05:30,541.5,542.7,523.6,526.7,104560
2019-07-16 00:00:00+05:30,528.2,540.1,517.5,536.2,209614
2019-07-17 00:00:00+05:30,537.5,550.0,520.5,546.4,115542
2019-07-18 00:00:00+05:30,546.0,565.5,536.3,558.6,75826
2019-07-19 00:00:00+05:30,558.6,561.4,532.5,536.9,122800
2019-07-22 00:00:00+05:30,533.2,554.7,527.6,547.4,52236
2019-07-23 00:00:00+05:30,541.3,552.5,535.5,549.8,26094
2019-07-24 00:00:00+05:30,549.0,554.0,540.0,542.8,35236
2019-07-25 00:00:00+05:30,550.0,580.0,542.5,574.0,116224
2019-07-26 00:00:00+05:30,566.0,587.2,556.5,561.0,80332
2019-07-29 00:00:00+05:30,565.6,569.0,549.5,557.6,78718
2019-07-30 00:00:00+05:30,557.5,560.0,538.6,541.8,53518
2019-07-31 00:00:00+05:30,544.0,547.5,533.6,543.9,35294
2019-08-01 00:00:00+05:30,540.0,547.5,527.5,532.0,196904
2019-08-02 00:00:00+05:30,531.5,545.0,527.0,541.6,376360
2019-08-05 00:00:00+05:30,539.5,554.5,529.0,535.1,116144
2019-08-06 00:00:00+05:30,538.5,554.5,533.0,550.2,66022
2019-08-07 00:00:00+05:30,554.0,554.0,542.1,544.2,46318
2019-08-08 00:00:00+05:30,544.2,547.4,537.6,544.1,30430
2019-08-09 00:00:00+05:30,543.0,549.8,531.3,543.2,99288
2019-08-13 00:00:00+05:30,546.8,549.6,530.2,537.5,75404
2019-08-14 00:00:00+05:30,541.8,560.4,541.8,556.7,851240
2019-08-16 00:00:00+05:30,556.5,601.0,555.0,585.1,645944
2019-08-19 00:00:00+05:30,587.5,597.0,583.0,593.0,198728
2019-08-20 00:00:00+05:30,592.5,595.0,580.9,592.1,116450
2019-08-21 00:00:00+05:30,594.0,605.5,587.6,600.9,119764
2019-08-22 00:00:00+05:30,600.5,607.4,580.0,588.9,118248
2019-08-23 00:00:00+05:30,595.0,596.6,562.3,572.2,112548
2019-08-26 00:00:00+05:30,582.5,592.5,564.5,588.9,151036
2019-08-27 00:00:00+05:30,595.0,599.0,580.6,585.6,52724
2019-08-28 00:00:00+05:30,580.6,594.2,579.0,587.7,31634
2019-08-29 00:00:00+05:30,589.0,598.0,586.5,595.2,48196
2019-08-30 00:00:00+05:30,596.0,630.0,588.0,622.1,188936
2019-09-03 00:00:00+05:30,620.4,625.9,585.0,591.8,201254
2019-09-04 00:00:00+05:30,591.5,637.0,590.8,628.1,755660
2019-09-05 00:00:00+05:30,628.1,629.5,615.0,621.1,171158
2019-09-06 00:00:00+05:30,618.1,639.0,618.1,632.5,288296
2019-09-09 00:00:00+05:30,637.0,655.0,637.0,648.8,574306
2019-09-11 00:00:00+05:30,647.5,672.0,647.5,661.9,252564
2019-09-12 00:00:00+05:30,668.9,669.6,650.7,654.6,50460
2019-09-13 00:00:00+05:30,662.5,680.0,652.0,662.2,121802
2019-09-16 00:00:00+05:30,659.2,664.5,642.5,646.3,80670
2019-09-17 00:00:00+05:30,654.8,656.4,615.0,620.5,129866
2019-09-18 00:00:00+05:30,622.5,635.0,609.0,617.1,91212
2019-09-19 00:00:00+05:30,618.0,627.9,610.8,623.2,75396
2019-09-20 00:00:00+05:30,627.8,667.4,622.1,658.4,417758
2019-09-23 00:00:00+05:30,668.1,737.0,650.5,699.4,370778
2019-09-24 00:00:00+05:30,710.0,717.0,688.1,701.7,261290
2019-09-25 00:00:00+05:30,701.7,703.5,690.6,695.2,57526
2019-09-26 00:00:00+05:30,697.2,707.5,681.5,693.5,322948
2019-09-27 00:00:00+05:30,693.5,706.5,691.0,693.0,100314
2019-09-30 00:00:00+05:30,693.0,701.5,690.0,696.4,98192
2019-10-01 00:00:00+05:30,699.1,699.1,655.5,667.8,196680
2019-10-03 00:00:00+05:30,671.5,699.0,660.6,694.9,114276
2019-10-04 00:00:00+05:30,697.2,697.2,671.0,675.4,95494
2019-10-07 00:00:00+05:30,684.4,684.4,664.6,670.2,132244
2019-10-09 00:00:00+05:30,670.0,674.1,655.0,660.1,112942
2019-10-10 00:00:00+05:30,668.0,711.5,668.0,683.7,266718
2019-10-11 00:00:00+05:30,684.0,692.5,668.0,686.8,317180
2019-10-14 00:00:00+05:30,688.4,700.0,678.0,695.0,92036
2019-10-15 00:00:00+05:30,697.5,697.5,680.6,686.9,51736
2019-10-16 00:00:00+05:30,694.0,694.9,681.8,687.0,44542
2019-10-17 00:00:00+05:30,687.0,695.5,683.6,694.1,103152
2019-10-18 00:00:00+05:30,694.1,725.0,689.2,709.6,117468
2019-10-22 00:00:00+05:30,714.4,774.4,710.0,740.1,240862
2019-10-23 00:00:00+05:30,749.5,750.0,725.0,730.8,175226
2019-10-24 00:00:00+05:30,738.0,750.4,729.0,739.4,114026
2019-10-25 00:00:00+05:30,744.5,767.0,740.2,759.8,202024
2019-10-27 00:00:00+05:30,790.0,825.0,762.5,805.0,96460
2019-10-29 00:00:00+05:30,810.5,832.5,807.5,820.2,631804
2019-10-30 00:00:00+05:30,808.5,815.0,786.2,792.6,139598
2019-10-31 00:00:00+05:30,799.0,799.9,766.4,768.7,186084
2019-11-01 00:00:00+05:30,775.0,775.0,723.1,725.7,444936
2019-11-04 00:00:00+05:30,730.2,733.0,707.5,720.6,410606
2019-11-05 00:00:00+05:30,725.1,748.9,724.5,732.2,260384
2019-11-06 00:00:00+05:30,730.0,751.4,730.0,743.7,182366
2019-11-07 00:00:00+05:30,752.0,753.0,744.0,747.9,163686
2019-11-08 00:00:00+05:30,752.4,760.0,720.2,726.4,755260
2019-11-11 00:00:00+05:30,742.5,753.9,735.0,741.1,614246
2019-11-13 00:00:00+05:30,740.0,755.0,736.6,751.5,775232
2019-11-14 00:00:00+05:30,755.0,800.0,753.6,794.1,639668
2019-11-15 00:00:00+05:30,796.5,810.0,779.5,801.2,347114
2019-11-18 00:00:00+05:30,804.9,805.2,786.0,800.0,155546
2019-11-19 00:00:00+05:30,804.5,849.2,802.8,824.2,459504
2019-11-20 00:00:00+05:30,833.4,833.4,792.6,797.5,256412
2019-11-21 00:00:00+05:30,799.0,808.5,787.5,790.6,126542
2019-11-22 00:00:00+05:30,795.0,802.2,785.0,787.6,131238
2019-11-25 00:00:00+05:30,787.5,790.9,770.5,776.6,135074
2019-11-26 00:00:00+05:30,783.8,810.0,772.5,795.5,219208
2019-11-27 00:00:00+05:30,795.5,812.5,795.5,803.0,246344
2019-11-28 00:00:00+05:30,808.0,808.0,787.5,794.4,84484
2019-11-29 00:00:00+05:30,794.5,806.0,775.5,784.0,107766
2019-12-02 00:00:00+05:30,788.6,807.5,787.5,796.8,267730
2019-12-03 00:00:00+05:30,800.0,830.0,797.4,819.6,274424
2019-12-04 00:00:00+05:30,817.4,840.0,810.0,838.0,232500
2019-12-05 00:00:00+05:30,838.0,844.0,815.8,832.7,193568
2019-12-06 00:00:00+05:30,827.8,844.0,825.5,833.1,240912
2019-12-09 00:00:00+05:30,829.0,836.0,803.7,811.8,251158
2019-12-10 00:00:00+05:30,815.0,815.0,753.0,768.0,456620
2019-12-11 00:00:00+05:30,766.0,782.5,753.1,774.1,331682
2019-12-12 00:00:00+05:30,770.5,775.5,752.5,755.6,187666
2019-12-13 00:00:00+05:30,760.0,760.0,727.5,733.8,326630
2019-12-16 00:00:00+05:30,739.0,740.6,725.0,726.6,714078
2019-12-17 00:00:00+05:30,730.3,739.9,725.8,732.0,245420
2019-12-18 00:00:00+05:30,732.5,753.8,732.5,744.6,199030
2019-12-19 00:00:00+05:30,746.6,749.3,740.6,745.2,79956
2019-12-20 00:00:00+05:30,747.5,759.5,730.0,735.4,164232
2019-12-23 00:00:00+05:30,737.3,737.3,725.5,728.2,132936
2019-12-24 00:00:00+05:30,730.0,735.5,725.6,732.6,93220
2019-12-26 00:00:00+05:30,733.8,749.8,732.6,745.0,164698
2019-12-27 00:00:00+05:30,749.5,755.0,741.1,748.4,84286
2019-12-30 00:00:00+05:30,752.0,760.0,740.5,747.1,112932
2019-12-31 00:00:00+05:30,747.4,749.5,743.5,747.0,64090
2020-01-01 00:00:00+05:30,747.5,773.0,743.8,766.7,119066
2020-01-02 00:00:00+05:30,770.0,786.0,764.0,767.4,183630
2020-01-03 00:00:00+05:30,765.0,777.4,756.9,770.1,157368
2020-01-06 00:00:00+05:30,768.5,768.5,748.6,765.7,215642
2020-01-07 00:00:00+05:30,772.0,780.0,766.3,775.5,120056
2020-01-08 00:00:00+05:30,767.5,804.0,760.7,783.0,264530
2020-01-09 00:00:00+05:30,790.0,833.5,787.0,826.8,366882
2020-01-10 00:00:00+05:30,824.5,843.5,814.5,820.3,201840
2020-01-13 00:00:00+05:30,824.5,835.0,807.5,812.4,182044
2020-01-14 00:00:00+05:30,814.0,818.0,790.7,802.0,114142
2020-01-15 00:00:00+05:30,803.5,817.0,790.0,810.6,112440
2020-01-16 00:00:00+05:30,815.0,865.0,812.2,839.4,244870
2020-01-17 00:00:00+05:30,840.5,850.0,830.0,835.0,135004
2020-01-20 00:00:00+05:30,840.2,840.2,816.0,825.5,97748
2020-01-21 00:00:00+05:30,817.5,825.2,805.6,807.8,54914
2020-01-22 00:00:00+05:30,815.9,819.5,793.9,797.6,80756
2020-01-23 00:00:00+05:30,800.0,822.5,791.1,818.2,158460
2020-01-24 00:00:00+05:30,821.5,860.2,821.5,846.8,246564
2020-01-27 00:00:00+05:30,855.5,890.0,850.0,876.5,326596
2020-01-28 00:00:00+05:30,890.0,897.3,877.8,883.3,144516
2020-01-29 00:00:00+05:30,886.1,892.9,878.5,885.6,142460
2020-01-30 00:00:00+05:30,886.2,888.2,847.5,860.7,143294
2020-01-31 00:00:00+05:30,867.5,892.4,863.2,885.6,224002
2020-02-01 00:00:00+05:30,883.5,923.0,869.2,884.6,395764
2020-02-03 00:00:00+05:30,880.5,915.0,855.0,870.4,577802
2020-02-04 00:00:00+05:30,880.5,882.6,843.6,853.5,525748
2020-02-05 00:00:00+05:30,857.5,868.9,838.2,846.2,146464
2020-02-06 00:00:00+05:30,842.5,842.5,803.9,806.2,641506
2020-02-07 00:00:00+05:30,812.0,828.0,804.0,808.0,269762
2020-02-10 00:00:00+05:30,811.0,812.6,782.5,807.8,295600
2020-02-11 00:00:00+05:30,812.4,829.5,800.5,821.3,253628
2020-02-12 00:00:00+05:30,824.0,837.4,809.9,822.1,472254
2020-02-13 00:00:00+05:30,825.0,835.0,813.0,816.1,347840
2020-02-14 00:00:00+05:30,819.6,834.0,815.6,824.8,458584
2020-02-17 00:00:00+05:30,828.7,838.1,816.5,830.5,264606
2020-02-18 00:00:00+05:30,830.0,830.3,790.0,814.1,233812
2020-02-19 00:00:00+05:30,809.2,829.0,808.9,820.6,121136
2020-02-20 00:00:00+05:30,823.5,825.8,801.2,809.4,133484
2020-02-24 00:00:00+05:30,805.0,827.8,795.3,820.5,125498
2020-02-25 00:00:00+05:30,825.5,843.1,820.0,824.9,305858
2020-02-26 00:00:00+05:30,825.0,833.5,817.6,822.3,137164
2020-02-27 00:00:00+05:30,822.8,830.0,812.3,821.1,158152
2020-02-28 00:00:00+05:30,806.0,845.0,798.0,814.1,345480
2020-03-02 00:00:00+05:30,826.0,854.8,812.6,822.5,331150
2020-03-03 00:00:00+05:30,850.0,858.9,830.5,838.3,502958
2020-03-04 00:00:00+05:30,850.0,879.0,833.0,856.6,966148
2020-03-05 00:00:00+05:30,857.5,868.5,843.0,852.9,330356
2020-03-06 00:00:00+05:30,827.5,850.0,820.3,844.2,262410
2020-03-09 00:00:00+05:30,835.0,842.0,780.0,815.5,382560
2020-03-11 00:00:00+05:30,786.5,836.4,786.5,812.6,161800
2020-03-12 00:00:00+05:30,795.0,825.0,753.1,811.4,493928
2020-03-13 00:00:00+05:30,765.5,825.0,680.2,786.4,601450
2020-03-16 00:00:00+05:30,780.0,805.7,716.5,728.7,390310
2020-03-17 00:00:00+05:30,742.5,786.2,741.0,751.3,577878
2020-03-18 00:00:00+05:30,789.0,820.0,720.6,736.3,569466
2020-03-19 00:00:00+05:30,710.0,720.0,626.1,676.0,801186
2020-03-20 00:00:00+05:30,676.0,730.0,676.0,703.0,425446
2020-03-23 00:00:00+05:30,667.9,775.0,615.2,626.0,887072
2020-03-24 00:00:00+05:30,705.0,705.0,589.8,670.9,712894
2020-03-25 00:00:00+05:30,680.0,734.0,677.7,699.5,680484
2020-03-26 00:00:00+05:30,720.0,730.2,702.5,707.5,343610
2020-03-27 00:00:00+05:30,735.0,785.0,714.2,751.0,723680
2020-03-30 00:00:00+05:30,748.5,776.0,707.5,712.4,449764
2020-03-31 00:00:00+05:30,724.5,732.0,692.6,700.8,414282
2020-04-01 00:00:00+05:30,705.2,721.8,685.4,694.3,255206
2020-04-03 00:00:00+05:30,699.5,703.3,652.5,669.9,408616
2020-04-07 00:00:00+05:30,695.0,700.5,675.0,694.9,660708
2020-04-08 00:00:00+05:30,714.5,737.5,700.5,730.8,464600
2020-04-09 00:00:00+05:30,732.4,750.0,694.1,737.7,752216
2020-04-13 00:00:00+05:30,740.0,774.5,729.4,750.0,616790
2020-04-15 00:00:00+05:30,774.4,783.7,740.0,748.6,586614
2020-04-16 00:00:00+05:30,754.0,772.4,744.0,748.2,346342
2020-04-17 00:00:00+05:30,764.5,775.0,754.0,760.8,298962
2020-04-20 00:00:00+05:30,778.8,778.8,743.0,749.3,523926
2020-04-21 00:00:00+05:30,738.0,755.0,730.5,742.7,201850
2020-04-22 00:00:00+05:30,741.0,749.4,722.5,742.7,329218
2020-04-23 00:00:00+05:30,743.0,757.4,736.0,744.4,156804
2020-04-24 00:00:00+05:30,737.5,754.2,736.0,748.1,262972
2020-04-27 00:00:00+05:30,754.5,783.0,752.2,778.1,884434
2020-04-28 00:00:00+05:30,795.0,840.0,787.6,800.3,671358
2020-04-29 00:00:00+05:30,809.0,820.0,782.5,788.1,259016
2020-04-30 00:00:00+05:30,797.5,808.5,788.5,792.9,302278
2020-05-04 00:00:00+05:30,782.5,786.6,750.0,766.9,198706
2020-05-05 00:00:00+05:30,780.0,780.0,764.6,771.8,122776
2020-05-06 00:00:00+05:30,767.5,798.0,767.5,791.4,212946
2020-05-07 00:00:00+05:30,786.0,800.0,777.8,787.5,122946
2020-05-08 00:00:00+05:30,795.0,809.5,770.1,776.3,390374
2020-05-11 00:00:00+05:30,776.5,786.8,771.5,776.7,144702
2020-05-12 00:00:00+05:30,777.0,797.5,767.8,794.9,122456
2020-05-13 00:00:00+05:30,807.5,807.5,773.5,790.9,227128
2020-05-14 00:00:00+05:30,780.7,804.5,778.4,797.8,245170
2020-05-15 00:00:00+05:30,798.0,805.0,780.8,798.0,232450
2020-05-18 00:00:00+05:30,798.0,807.5,781.0,791.4,776816
2020-05-19 00:00:00+05:30,770.0,790.0,754.1,773.4,460058
2020-05-20 00:00:00+05:30,771.0,785.0,766.7,780.0,190284
2020-05-21 00:00:00+05:30,783.0,791.0,754.2,757.0,203488
2020-05-22 00:00:00+05:30,757.4,767.0,750.0,756.1,120700
2020-05-26 00:00:00+05:30,755.0,775.0,754.0,773.7,111140
2020-05-27 00:00:00+05:30,776.0,780.0,761.0,770.4,106406
2020-05-28 00:00:00+05:30,777.5,780.3,768.5,777.6,64890
2020-05-29 00:00:00+05:30,768.5,775.0,757.5,766.3,402088
2020-06-01 00:00:00+05:30,774.0,775.0,759.0,761.2,130436
2020-06-02 00:00:00+05:30,762.5,771.4,756.6,758.4,175734
2020-06-03 00:00:00+05:30,758.1,767.5,755.0,760.1,198288
2020-06-04 00:00:00+05:30,762.8,777.5,760.5,767.6,270288
2020-06-05 00:00:00+05:30,770.0,837.2,765.0,820.1,547390
2020-06-08 00:00:00+05:30,829.5,845.5,815.5,824.4,261256
2020-06-09 00:00:00+05:30,821.5,834.8,790.2,795.1,194096
2020-06-10 00:00:00+05:30,803.0,821.5,797.5,814.1,209916
2020-06-11 00:00:00+05:30,815.0,824.0,804.6,809.0,71738
2020-06-12 00:00:00+05:30,776.0,814.5,776.0,808.4,95408
2020-06-15 00:00:00+05:30,815.0,824.3,787.5,794.7,112558
2020-06-16 00:00:00+05:30,799.0,807.5,782.8,795.3,106206
2020-06-17 00:00:00+05:30,784.0,794.0,782.5,787.6,89564
2020-06-18 00:00:00+05:30,780.6,782.5,771.1,777.5,118806
2020-06-19 00:00:00+05:30,787.5,787.5,758.0,764.0,705560
2020-06-22 00:00:00+05:30,775.0,787.6,762.7,783.9,243864
2020-06-23 00:00:00+05:30,784.0,814.0,767.0,803.7,767954
2020-06-24 00:00:00+05:30,810.0,812.4,782.5,784.0,151684
2020-06-25 00:00:00+05:30,789.5,792.4,773.2,777.7,81792
2020-06-26 00:00:00+05:30,778.1,787.5,773.2,779.7,243302
2020-06-29 00:00:00+05:30,771.5,789.8,771.5,784.3,125702
2020-06-30 00:00:00+05:30,787.0,792.2,777.5,782.3,280266
2020-07-01 00:00:00+05:30,785.5,790.0,771.6,788.8,189196
2020-07-02 00:00:00+05:30,794.0,794.0,782.5,785.4,92176
2020-07-03 00:00:00+05:30,789.5,813.0,786.6,808.9,254250
2020-07-06 00:00:00+05:30,815.0,840.0,815.0,833.3,551598
2020-07-07 00:00:00+05:30,833.2,874.4,827.5,858.6,392268
2020-07-08 00:00:00+05:30,866.0,887.5,866.0,880.9,799516
2020-07-09 00:00:00+05:30,889.0,921.5,887.5,907.9,676942
2020-07-10 00:00:00+05:30,911.0,911.0,883.0,891.1,148296
2020-07-13 00:00:00+05:30,907.5,960.0,896.0,946.2,1099240
2020-07-14 00:00:00+05:30,941.4,963.0,927.0,946.6,434228
2020-07-15 00:00:00+05:30,951.0,969.0,937.5,957.5,299354
2020-07-16 00:00:00+05:30,954.5,970.0,922.5,928.9,304786
2020-07-17 00:00:00+05:30,931.8,950.0,919.0,926.6,221716
2020-07-20 00:00:00+05:30,933.8,965.0,933.8,960.9,261092
2020-07-21 00:00:00+05:30,972.4,1014.5,965.0,989.9,465454
2020-07-22 00:00:00+05:30,995.5,999.0,967.6,974.7,243542
2020-07-23 00:00:00+05:30,982.5,987.0,962.5,972.8,158026
2020-07-24 00:00:00+05:30,970.0,974.5,955.7,962.8,76668
2020-07-27 00:00:00+05:30,977.4,992.0,963.0,976.0,149404
2020-07-28 00:00:00+05:30,990.0,1005.0,963.0,973.3,193748
2020-07-29 00:00:00+05:30,979.5,981.7,950.6,955.2,116760
2020-07-30 00:00:00+05:30,968.0,972.1,930.5,940.5,199980
2020-07-31 00:00:00+05:30,947.5,981.0,931.4,945.8,870970
2020-08-03 00:00:00+05:30,937.5,958.0,922.5,932.6,317750
2020-08-04 00:00:00+05:30,937.0,944.8,907.5,920.1,553026
2020-08-05 00:00:00+05:30,917.5,940.0,917.5,923.1,196268
2020-08-06 00:00:00+05:30,923.5,939.4,919.2,925.4,129920
2020-08-07 00:00:00+05:30,927.0,959.8,927.0,951.5,526314
2020-08-10 00:00:00+05:30,956.0,961.0,933.8,942.7,197216
2020-08-11 00:00:00+05:30,943.0,950.0,925.5,931.4,75074
2020-08-12 00:00:00+05:30,931.5,944.4,920.0,922.6,205382
2020-08-13 00:00:00+05:30,922.6,933.0,912.8,927.2,245436
2020-08-14 00:00:00+05:30,943.0,948.0,900.0,931.4,279894
2020-08-17 00:00:00+05:30,933.2,971.0,926.6,957.0,701018
2020-08-18 00:00:00+05:30,967.0,968.3,937.5,940.5,488864
2020-08-19 00:00:00+05:30,945.5,948.4,933.0,935.9,147658
2020-08-20 00:00:00+05:30,937.0,937.9,918.0,920.1,467968
2020-08-21 00:00:00+05:30,929.5,932.5,912.5,922.4,281598
2020-08-24 00:00:00+05:30,922.5,930.8,920.0,922.5,251954
2020-08-25 00:00:00+05:30,925.0,935.5,915.5,920.6,303428
2020-08-26 00:00:00+05:30,921.0,938.4,918.5,925.9,377144
2020-08-27 00:00:00+05:30,929.4,929.9,923.0,928.0,104374
2020-08-28 00:00:00+05:30,934.4,944.7,916.4,920.3,255822
2020-08-31 00:00:00+05:30,920.3,927.5,875.0,887.4,224634
2020-09-01 00:00:00+05:30,880.0,935.0,868.3,898.2,341502
2020-09-02 00:00:00+05:30,905.4,935.0,902.6,930.6,129438
2020-09-03 00:00:00+05:30,930.6,945.0,923.0,926.7,130548
2020-09-04 00:00:00+05:30,920.5,937.5,910.1,922.8,100562
2020-09-07 00:00:00+05:30,927.0,932.4,902.0,908.5,153216
2020-09-08 00:00:00+05:30,907.0,917.6,897.5,899.2,105056
2020-09-09 00:00:00+05:30,888.5,904.5,883.8,887.0,157152
2020-09-10 00:00:00+05:30,896.0,910.0,884.6,899.1,116084
2020-09-11 00:00:00+05:30,895.1,922.0,895.0,919.5,148508
2020-09-14 00:00:00+05:30,935.0,973.5,922.5,967.2,780520
2020-09-15 00:00:00+05:30,972.5,972.5,953.3,961.4,257236
2020-09-16 00:00:00+05:30,964.0,989.5,964.0,980.2,805112
2020-09-17 00:00:00+05:30,980.0,1004.0,970.8,988.0,258208
2020-09-18 00:00:00+05:30,999.0,1005.0,970.8,993.1,597368
2020-09-21 00:00:00+05:30,998.0,1003.1,908.5,942.5,183698
2020-09-22 00:00:00+05:30,960.0,962.8,899.4,902.2,315374
2020-09-23 00:00:00+05:30,915.8,921.6,883.0,907.0,196428
2020-09-24 00:00:00+05:30,899.9,916.2,889.0,893.6,213190
2020-09-25 00:00:00+05:30,900.0,920.3,880.0,914.4,211280
2020-09-28 00:00:00+05:30,922.5,972.4,908.2,950.1,285984
2020-09-29 00:00:00+05:30,960.0,975.0,937.7,941.1,227300
2020-09-30 00:00:00+05:30,945.5,947.5,933.4,939.9,111820
2020-10-01 00:00:00+05:30,944.5,948.8,920.0,931.4,390134
2020-10-05 00:00:00+05:30,932.5,970.0,929.5,963.8,273588
2020-10-06 00:00:00+05:30,970.3,1002.5,964.5,998.1,470476
2020-10-07 00:00:00+05:30,1000.0,1165.0,968.0,1114.2,2999208
2020-10-08 00:00:00+05:30,1096.9,1096.9,1062.7,1071.0,840158
2020-10-09 00:00:00+05:30,1050.0,1090.0,1023.6,1027.3,908390
2020-10-12 00:00:00+05:30,1020.0,1105.0,1005.5,1089.6,1002900
2020-10-13 00:00:00+05:30,1086.0,1086.0,1055.6,1064.4,283066
2020-10-14 00:00:00+05:30,1065.0,1070.6,1023.0,1028.8,366352
2020-10-15 00:00:00+05:30,1033.5,1049.0,1012.5,1038.0,378336
2020-10-16 00:00:00+05:30,1025.0,1041.5,1006.0,1033.2,382338
2020-10-19 00:00:00+05:30,1037.5,1070.0,1030.0,1062.4,345004
2020-10-20 00:00:00+05:30,1059.8,1111.0,1032.8,1063.2,627160
2020-10-21 00:00:00+05:30,1058.2,1107.5,1058.2,1094.5,467382
2020-10-22 00:00:00+05:30,1085.0,1125.0,1080.4,1112.0,450328
2020-10-23 00:00:00+05:30,1114.2,1157.5,1100.8,1148.4,421648
2020-10-26 00:00:00+05:30,1154.8,1197.4,1119.0,1134.5,674502
2020-10-27 00:00:00+05:30,1116.5,1149.0,1116.0,1136.5,272042
2020-10-28 00:00:00+05:30,1122.5,1142.6,1111.1,1130.4,334076
2020-10-29 00:00:00+05:30,1132.0,1165.0,1125.9,1157.2,299876
2020-10-30 00:00:00+05:30,1157.2,1161.8,1131.1,1148.4,252334
2020-11-02 00:00:00+05:30,1162.5,1170.5,1112.9,1139.2,204722
2020-11-03 00:00:00+05:30,1150.3,1166.5,1136.5,1149.9,553108
2020-11-04 00:00:00+05:30,1150.0,1157.5,1133.1,1145.0,814702
2020-11-05 00:00:00+05:30,1157.5,1182.8,1147.5,1161.3,289060
2020-11-06 00:00:00+05:30,1165.5,1188.9,1132.5,1159.3,375046
2020-11-09 00:00:00+05:30,1151.0,1159.3,1125.5,1136.9,325244
2020-11-10 00:00:00+05:30,1130.0,1131.6,1046.5,1064.4,794650
2020-11-11 00:00:00+05:30,1072.5,1102.6,1066.0,1078.0,200492
2020-11-12 00:00:00+05:30,1076.5,1086.4,1062.6,1081.2,164106
2020-11-13 00:00:00+05:30,1075.5,1091.0,1066.0,1087.3,127970
2020-11-14 00:00:00+05:30,1100.0,1101.1,1090.2,1096.1,21004
2020-11-17 00:00:00+05:30,1096.7,1100.0,1070.0,1072.6,482612
2020-11-18 00:00:00+05:30,1072.8,1087.4,1072.8,1076.5,212860
2020-11-19 00:00:00+05:30,1075.0,1087.8,1060.0,1062.4,166798
2020-11-20 00:00:00+05:30,1073.5,1122.2,1065.3,1098.5,505990
2020-11-23 00:00:00+05:30,1109.8,1164.4,1093.4,1145.4,413576
2020-11-24 00:00:00+05:30,1160.5,1187.4,1130.0,1135.1,330832
2020-11-25 00:00:00+05:30,1132.5,1137.3,1096.1,1119.0,279982
2020-11-26 00:00:00+05:30,1119.0,1134.5,1102.5,1114.4,123188
2020-11-27 00:00:00+05:30,1114.5,1151.5,1114.5,1145.2,259366
2020-12-01 00:00:00+05:30,1145.2,1151.1,1130.6,1139.3,208804
2020-12-02 00:00:00+05:30,1139.5,1144.1,1110.3,1123.3,252164
2020-12-03 00:00:00+05:30,1134.6,1142.5,1121.0,1125.6,151414
2020-12-04 00:00:00+05:30,1126.5,1131.0,1115.0,1118.6,112976
2020-12-07 00:00:00+05:30,1118.6,1149.0,1110.0,1117.7,330332
2020-12-08 00:00:00+05:30,1125.0,1128.0,1110.0,1118.0,288772
2020-12-09 00:00:00+05:30,1123.0,1124.5,1085.0,1091.8,859266
2020-12-10 00:00:00+05:30,1097.5,1102.8,1081.5,1087.8,392646
2020-12-11 00:00:00+05:30,1082.5,1099.2,1082.5,1093.4,103642
2020-12-14 00:00:00+05:30,1098.8,1098.8,1065.5,1070.4,200322
2020-12-15 00:00:00+05:30,1070.0,1098.5,1059.0,1088.0,211892
2020-12-16 00:00:00+05:30,1090.5,1102.0,1067.0,1087.9,261552
2020-12-17 00:00:00+05:30,1076.2,1099.0,1072.1,1078.0,251098
2020-12-18 00:00:00+05:30,1087.2,1099.2,1078.0,1090.8,325478
2020-12-21 00:00:00+05:30,1104.1,1130.0,1054.0,1100.0,743210
2020-12-22 00:00:00+05:30,1101.0,1127.5,1072.5,1087.9,375472
2020-12-23 00:00:00+05:30,1092.0,1115.5,1092.0,1113.0,342920
2020-12-24 00:00:00+05:30,1124.5,1146.5,1111.3,1136.0,239242
2020-12-28 00:00:00+05:30,1150.0,1168.0,1140.0,1149.0,332960
2020-12-29 00:00:00+05:30,1156.0,1171.6,1137.6,1155.4,203818
2020-12-30 00:00:00+05:30,1164.4,1166.0,1144.1,1159.4,144636
2020-12-31 00:00:00+05:30,1159.4,1162.0,1150.0,1152.6,145862
2021-01-01 00:00:00+05:30,1159.6,1212.5,1155.0,1203.6,1097056
2021-01-04 00:00:00+05:30,1203.6,1230.0,1190.5,1199.7,511830
2021-01-05 00:00:00+05:30,1195.0,1213.5,1180.6,1193.0,587388
2021-01-06 00:00:00+05:30,1193.5,1202.5,1163.5,1176.0,364814
2021-01-07 00:00:00+05:30,1180.0,1214.0,1179.5,1197.7,1276638
2021-01-08 00:00:00+05:30,1212.0,1222.5,1187.6,1203.4,641338
2021-01-11 00:00:00+05:30,1209.0,1212.0,1178.7,1187.8,296714
2021-01-12 00:00:00+05:30,1193.8,1206.9,1187.5,1194.9,202394
2021-01-13 00:00:00+05:30,1196.5,1202.7,1187.6,1198.1,175234
2021-01-14 00:00:00+05:30,1200.0,1202.5,1163.0,1165.9,332266
2021-01-15 00:00:00+05:30,1165.9,1176.6,1140.8,1147.7,162980
2021-01-18 00:00:00+05:30,1142.5,1166.2,1112.5,1117.4,248310
2021-01-19 00:00:00+05:30,1117.5,1147.8,1106.0,1135.6,194484
2021-01-20 00:00:00+05:30,1141.0,1154.7,1133.2,1148.0,178320
2021-01-21 00:00:00+05:30,1153.8,1161.5,1125.0,1148.4,628192
2021-01-22 00:00:00+05:30,1140.0,1154.8,1137.6,1149.4,400128
2021-01-25 00:00:00+05:30,1155.0,1167.0,1123.5,1141.4,217942
2021-01-27 00:00:00+05:30,1145.0,1179.1,1134.7,1175.3,403850
2021-01-28 00:00:00+05:30,1174.9,1175.0,1103.4,1123.0,420592
2021-01-29 00:00:00+05:30,1141.2,1141.2,1103.8,1123.8,244538
2021-02-01 00:00:00+05:30,1135.0,1160.0,1106.0,1148.1,407110
2021-02-02 00:00:00+05:30,1169.1,1247.8,1132.8,1218.4,838102
2021-02-03 00:00:00+05:30,1219.0,1234.8,1099.1,1186.3,341024
2021-02-04 00:00:00+05:30,1194.9,1252.5,1194.9,1239.0,473816
2021-02-05 00:00:00+05:30,1239.0,1239.5,1193.5,1198.2,233312
2021-02-08 00:00:00+05:30,1212.5,1234.0,1201.3,1205.2,187034
2021-02-09 00:00:00+05:30,1205.0,1227.7,1194.5,1204.3,121652
2021-02-10 00:00:00+05:30,1195.0,1204.3,1175.3,1195.7,195790
2021-02-11 00:00:00+05:30,1195.7,1222.0,1182.0,1217.9,242742
2021-02-12 00:00:00+05:30,1222.5,1227.2,1195.0,1213.0,218076
2021-02-15 00:00:00+05:30,1213.0,1227.5,1202.6,1208.2,98672
2021-02-16 00:00:00+05:30,1208.0,1219.2,1190.0,1193.9,168396
2021-02-17 00:00:00+05:30,1195.0,1313.0,1195.0,1297.1,2853338
2021-02-18 00:00:00+05:30,1308.8,1310.0,1240.5,1251.0,735074
2021-02-19 00:00:00+05:30,1246.0,1246.0,1198.0,1214.4,377616
2021-02-22 00:00:00+05:30,1237.4,1271.3,1173.0,1197.6,879796
2021-02-23 00:00:00+05:30,1215.0,1224.5,1140.0,1142.8,940054
2021-02-24 00:00:00+05:30,1165.0,1165.0,1123.0,1143.3,410328
2021-02-25 00:00:00+05:30,1160.0,1169.7,1143.0,1152.6,464306
2021-02-26 00:00:00+05:30,1140.0,1177.5,1117.9,1150.4,447260
2021-03-01 00:00:00+05:30,1171.1,1172.9,1143.0,1168.0,249600
2021-03-02 00:00:00+05:30,1173.0,1184.4,1150.8,1168.2,240406
2021-03-03 00:00:00+05:30,1171.0,1187.5,1157.5,1162.6,283650
2021-03-04 00:00:00+05:30,1159.0,1186.6,1150.0,1171.2,225502
2021-03-05 00:00:00+05:30,1169.0,1169.8,1145.0,1152.0,196110
2021-03-08 00:00:00+05:30,1155.0,1200.0,1145.8,1159.1,404006
2021-03-09 00:00:00+05:30,1160.0,1185.0,1154.2,1181.0,196668
2021-03-10 00:00:00+05:30,1181.6,1190.0,1165.0,1175.1,133832
2021-03-12 00:00:00+05:30,1185.0,1192.8,1161.3,1170.1,233296
2021-03-15 00:00:00+05:30,1170.0,1212.5,1156.0,1204.9,530976
2021-03-16 00:00:00+05:30,1216.0,1275.0,1214.7,1263.2,1446120
2021-03-17 00:00:00+05:30,1272.8,1284.0,1215.5,1225.2,540988
2021-03-18 00:00:00+05:30,1245.0,1260.6,1186.0,1209.3,318820
2021-03-19 00:00:00+05:30,1208.0,1267.5,1192.3,1258.6,579984
2021-03-22 00:00:00+05:30,1270.0,1293.2,1265.0,1284.4,615802
2021-03-23 00:00:00+05:30,1289.2,1310.0,1253.8,1278.5,641450
2021-03-24 00:00:00+05:30,1279.4,1292.8,1230.9,1238.6,295802
2021-03-25 00:00:00+05:30,1240.0,1262.0,1222.1,1231.4,514812
2021-03-26 00:00:00+05:30,1247.5,1295.5,1241.7,1285.7,458692
2021-03-30 00:00:00+05:30,1300.0,1344.8,1294.7,1307.4,711034
2021-03-31 00:00:00+05:30,1315.3,1368.0,1307.1,1353.5,1038776
2021-04-01 00:00:00+05:30,1358.5,1375.0,1333.0,1365.3,579210
2021-04-05 00:00:00+05:30,1386.0,1462.5,1360.0,1449.2,1885438
2021-04-06 00:00:00+05:30,1459.7,1545.2,1442.5,1530.5,1543854
2021-04-07 00:00:00+05:30,1540.0,1545.4,1485.0,1493.7,1073998
2021-04-08 00:00:00+05:30,1509.4,1610.0,1504.9,1566.7,2059972
2021-04-09 00:00:00+05:30,1580.5,1617.0,1560.0,1568.5,1565198
2021-04-12 00:00:00+05:30,1577.0,1699.6,1560.0,1668.3,4086416
2021-04-13 00:00:00+05:30,1667.5,1680.0,1452.5,1474.0,3167274
2021-04-15 00:00:00+05:30,1528.5,1530.0,1450.5,1468.1,2599574
2021-04-16 00:00:00+05:30,1475.0,1510.6,1454.0,1460.1,1455586
2021-04-19 00:00:00+05:30,1455.0,1522.0,1409.4,1499.0,2531332
2021-04-20 00:00:00+05:30,1500.0,1500.4,1430.5,1452.4,1535520
2021-04-22 00:00:00+05:30,1452.0,1485.0,1435.8,1440.5,975150
2021-04-23 00:00:00+05:30,1448.3,1464.2,1402.5,1442.4,1349862
2021-04-26 00:00:00+05:30,1449.5,1462.5,1416.5,1420.1,595084
2021-04-27 00:00:00+05:30,1422.5,1429.9,1400.5,1408.0,538076
2021-04-28 00:00:00+05:30,1405.0,1447.0,1400.0,1429.8,967150
2021-04-29 00:00:00+05:30,1443.0,1472.5,1427.8,1463.2,1155338
2021-04-30 00:00:00+05:30,1480.0,1492.5,1460.0,1466.4,1106318
2021-05-03 00:00:00+05:30,1470.9,1479.6,1452.5,1464.4,454584
2021-05-04 00:00:00+05:30,1476.8,1477.5,1421.5,1427.8,475380
2021-05-05 00:00:00+05:30,1435.0,1443.5,1412.5,1418.0,969280
2021-05-06 00:00:00+05:30,1428.5,1432.3,1414.0,1420.7,503356
2021-05-07 00:00:00+05:30,1422.0,1449.0,1420.7,1430.0,576492
2021-05-10 00:00:00+05:30,1439.5,1462.0,1421.4,1447.2,830432
2021-05-11 00:00:00+05:30,1444.0,1447.5,1415.0,1416.6,440494
2021-05-12 00:00:00+05:30,1422.5,1422.5,1378.3,1384.8,568298
2021-05-14 00:00:00+05:30,1391.7,1395.0,1354.7,1359.7,492746
2021-05-17 00:00:00+05:30,1345.0,1392.5,1316.0,1375.9,1139998
2021-05-18 00:00:00+05:30,1382.1,1410.0,1370.0,1398.2,779464
2021-05-19 00:00:00+05:30,1399.0,1427.5,1390.0,1405.3,934802
2021-05-20 00:00:00+05:30,1416.7,1432.5,1403.0,1427.5,574352
2021-05-21 00:00:00+05:30,1449.1,1449.1,1400.0,1415.4,965692
2021-05-24 00:00:00+05:30,1375.0,1404.8,1370.0,1392.2,1005436
2021-05-25 00:00:00+05:30,1397.2,1408.2,1376.0,1386.5,421746
2021-05-26 00:00:00+05:30,1386.6,1404.0,1375.0,1394.2,444508
2021-05-27 00:00:00+05:30,1396.5,1405.0,1380.5,1391.6,568130
2021-05-28 00:00:00+05:30,1392.0,1429.0,1383.7,1402.9,563962
2021-05-31 00:00:00+05:30,1410.9,1486.7,1407.6,1478.1,2434488
2021-06-01 00:00:00+05:30,1483.5,1491.0,1440.1,1448.9,895516
2021-06-02 00:00:00+05:30,1444.4,1461.5,1435.8,1454.7,393054
2021-06-03 00:00:00+05:30,1455.0,1464.0,1445.0,1449.6,220998
2021-06-04 00:00:00+05:30,1448.0,1460.0,1425.0,1434.0,341292
2021-06-07 00:00:00+05:30,1437.5,1492.5,1435.0,1484.0,962938
2021-06-08 00:00:00+05:30,1494.5,1517.5,1465.0,1491.6,1202178
2021-06-09 00:00:00+05:30,1503.0,1517.0,1475.0,1497.2,813210
2021-06-10 00:00:00+05:30,1500.0,1617.0,1500.0,1590.9,3748266
2021-06-11 00:00:00+05:30,1605.0,1621.0,1569.5,1607.3,804678
2021-06-14 00:00:00+05:30,1606.0,1617.5,1550.5,1608.2,525486
2021-06-15 00:00:00+05:30,1607.5,1630.0,1582.5,1597.4,501208
2021-06-16 00:00:00+05:30,1598.5,1614.8,1567.8,1576.4,321874
2021-06-17 00:00:00+05:30,1569.4,1585.0,1552.3,1575.1,334402
2021-06-18 00:00:00+05:30,1571.8,1646.0,1555.0,1588.1,2457464
2021-06-21 00:00:00+05:30,1567.5,1585.8,1550.0,1575.9,355566
2021-06-22 00:00:00+05:30,1587.4,1600.0,1562.1,1569.2,408282
2021-06-23 00:00:00+05:30,1568.5,1639.8,1565.0,1615.5,1265630
2021-06-24 00:00:00+05:30,1620.0,1647.4,1580.0,1597.0,972122
2021-06-25 00:00:00+05:30,1594.5,1605.0,1575.2,1580.0,319338
2021-06-28 00:00:00+05:30,1580.0,1586.0,1548.2,1573.0,644070
2021-06-29 00:00:00+05:30,1575.0,1607.0,1573.5,1592.1,584074
2021-06-30 00:00:00+05:30,1610.0,1645.0,1602.0,1636.2,912508
2021-07-01 00:00:00+05:30,1645.0,1663.7,1626.0,1633.7,503648
2021-07-02 00:00:00+05:30,1633.7,1680.0,1629.2,1668.7,573262
2021-07-05 00:00:00+05:30,1668.6,1688.5,1647.3,1679.2,360352
2021-07-06 00:00:00+05:30,1677.0,1748.8,1675.0,1736.2,1130998
2021-07-07 00:00:00+05:30,1745.0,1745.0,1708.1,1728.0,456940
2021-07-08 00:00:00+05:30,1737.5,1737.5,1713.0,1728.9,267000
2021-07-09 00:00:00+05:30,1727.9,1766.5,1719.3,1743.3,503542
2021-07-12 00:00:00+05:30,1750.0,1762.5,1738.4,1757.7,340224
2021-07-13 00:00:00+05:30,1757.7,1765.6,1703.2,1722.5,480372
2021-07-14 00:00:00+05:30,1722.5,1737.0,1706.0,1731.1,302270
2021-07-15 00:00:00+05:30,1731.1,1737.6,1700.5,1714.2,325328
2021-07-16 00:00:00+05:30,1714.5,1725.0,1690.8,1708.1,251140
2021-07-19 00:00:00+05:30,1705.0,1752.0,1681.5,1725.7,375750
2021-07-20 00:00:00+05:30,1719.1,1732.5,1681.2,1685.5,289330
2021-07-22 00:00:00+05:30,1699.0,1699.0,1657.8,1666.5,681340
2021-07-23 00:00:00+05:30,1666.5,1742.0,1666.5,1720.9,826340
2021-07-26 00:00:00+05:30,1732.5,1796.0,1722.6,1767.3,1206904
2021-07-27 00:00:00+05:30,1777.5,1835.0,1771.0,1807.5,1105390
2021-07-28 00:00:00+05:30,1820.0,1828.0,1777.9,1810.7,825658
2021-07-29 00:00:00+05:30,1830.0,1878.0,1802.9,1860.5,634082
2021-07-30 00:00:00+05:30,1877.5,2025.0,1726.1,1778.2,4349514
2021-08-02 00:00:00+05:30,1791.0,1890.0,1785.6,1859.3,1862940
2021-08-03 00:00:00+05:30,1860.0,1971.9,1845.0,1944.3,2069226
2021-08-04 00:00:00+05:30,1950.0,1985.2,1900.2,1912.8,1344796
2021-08-05 00:00:00+05:30,1939.2,1997.5,1925.5,1978.3,1903292
2021-08-06 00:00:00+05:30,1989.1,2007.0,1962.4,1981.6,986612
2021-08-09 00:00:00+05:30,1967.5,1987.1,1920.0,1944.7,497306
2021-08-10 00:00:00+05:30,1954.8,1965.0,1911.8,1943.2,427094
2021-08-11 00:00:00+05:30,1949.7,1956.6,1870.0,1894.3,473354
2021-08-12 00:00:00+05:30,1912.5,1930.0,1880.1,1916.8,363672
2021-08-13 00:00:00+05:30,1923.0,1937.5,1900.8,1910.1,244252
2021-08-16 00:00:00+05:30,1920.0,1964.3,1906.9,1922.8,839682
2021-08-17 00:00:00+05:30,1928.6,1939.8,1894.5,1927.7,461372
2021-08-18 00:00:00+05:30,1943.4,2034.0,1927.7,2002.1,1433950
2021-08-20 00:00:00+05:30,1991.0,2020.0,1917.2,1926.3,811136
2021-08-23 00:00:00+05:30,1942.8,1945.0,1884.1,1905.5,328968
2021-08-24 00:00:00+05:30,1917.5,1930.2,1900.0,1915.6,302448
2021-08-25 00:00:00+05:30,1915.5,1930.0,1900.0,1908.6,245514
2021-08-26 00:00:00+05:30,1910.0,1927.5,1896.9,1900.6,351450
2021-08-27 00:00:00+05:30,1905.0,1927.4,1900.6,1912.6,385356
2021-08-30 00:00:00+05:30,1927.5,1999.5,1925.0,1982.7,601582
2021-08-31 00:00:00+05:30,1990.0,2041.5,1966.6,2025.8,670558
2021-09-01 00:00:00+05:30,2025.8,2119.0,2023.6,2089.8,1126072
2021-09-02 00:00:00+05:30,2095.5,2121.5,2050.5,2062.5,589604
2021-09-03 00:00:00+05:30,2077.2,2107.4,2035.0,2047.0,486424
2021-09-06 00:00:00+05:30,2062.0,2081.8,2041.8,2049.0,256782
2021-09-07 00:00:00+05:30,2057.0,2062.1,2018.1,2040.6,211810
2021-09-08 00:00:00+05:30,2042.4,2096.8,2025.0,2041.1,607496
2021-09-09 00:00:00+05:30,2047.2,2078.0,2025.0,2058.7,249504
2021-09-13 00:00:00+05:30,2057.5,2091.0,2046.4,2085.2,373074
2021-09-14 00:00:00+05:30,2085.2,2087.0,2061.0,2070.8,187754
2021-09-15 00:00:00+05:30,2078.5,2122.8,2063.5,2104.3,482286
2021-09-16 00:00:00+05:30,2116.9,2118.5,2039.5,2046.5,462476
2021-09-17 00:00:00+05:30,2054.5,2054.5,1975.0,1990.6,946712
2021-09-20 00:00:00+05:30,1987.5,1987.5,1937.8,1972.9,395878
2021-09-21 00:00:00+05:30,1972.5,1990.0,1930.6,1979.9,468886
2021-09-22 00:00:00+05:30,1995.0,2006.0,1981.2,1992.8,205156
2021-09-23 00:00:00+05:30,2006.0,2029.8,1994.0,2020.0,460416
2021-09-24 00:00:00+05:30,2025.0,2025.0,1920.0,1944.8,651390
2021-09-27 00:00:00+05:30,1954.5,1957.5,1875.5,1898.4,627100
2021-09-28 00:00:00+05:30,1898.5,1910.7,1800.0,1822.0,749508
2021-09-29 00:00:00+05:30,1800.0,1866.3,1786.6,1861.8,423246
2021-09-30 00:00:00+05:30,1866.3,1878.2,1825.0,1838.4,432914
2021-10-01 00:00:00+05:30,1838.5,1860.0,1816.4,1853.5,427650
2021-10-04 00:00:00+05:30,1855.0,1886.0,1822.0,1881.4,292292
2021-10-05 00:00:00+05:30,1879.8,1892.4,1857.5,1887.6,295660
2021-10-06 00:00:00+05:30,1891.2,1900.0,1842.5,1852.5,421614
2021-10-07 00:00:00+05:30,1880.0,1891.6,1837.0,1843.2,403952
2021-10-08 00:00:00+05:30,1857.0,1857.0,1826.0,1836.0,223360
2021-10-11 00:00:00+05:30,1841.5,1869.0,1825.0,1848.1,313814
2021-10-12 00:00:00+05:30,1840.0,1872.0,1831.6,1844.6,269412
2021-10-13 00:00:00+05:30,1853.0,1891.4,1849.5,1886.1,362718
2021-10-14 00:00:00+05:30,1890.0,1890.0,1837.5,1841.6,375136
2021-10-18 00:00:00+05:30,1850.0,1850.0,1800.0,1803.6,346914
2021-10-19 00:00:00+05:30,1805.0,1859.2,1803.6,1848.5,434136
2021-10-20 00:00:00+05:30,1850.0,1857.4,1756.2,1763.3,424054
2021-10-21 00:00:00+05:30,1767.5,1790.5,1745.0,1759.2,477958
2021-10-22 00:00:00+05:30,1775.0,1775.0,1674.0,1691.7,520728
2021-10-25 00:00:00+05:30,1717.5,1757.8,1642.6,1746.8,621816
2021-10-26 00:00:00+05:30,1746.8,1789.5,1708.0,1778.2,409436
2021-10-27 00:00:00+05:30,1787.5,1846.4,1725.6,1756.4,830040
2021-10-28 00:00:00+05:30,1775.0,1804.0,1740.5,1787.1,473840
2021-10-29 00:00:00+05:30,1765.0,1789.8,1743.9,1754.4,231926
2021-11-01 00:00:00+05:30,1743.0,1830.8,1743.0,1825.5,368414
2021-11-02 00:00:00+05:30,1825.5,1835.3,1780.3,1800.1,288764
2021-11-03 00:00:00+05:30,1810.0,1827.5,1790.6,1808.6,226194
2021-11-04 00:00:00+05:30,1832.4,1832.4,1812.3,1819.8,19342
2021-11-08 00:00:00+05:30,1820.0,1836.5,1791.0,1827.2,143114
2021-11-09 00:00:00+05:30,1824.4,1841.6,1801.4,1822.6,134266
2021-11-10 00:00:00+05:30,1822.5,1845.0,1805.0,1817.9,153116
2021-11-11 00:00:00+05:30,1805.0,1808.0,1755.5,1786.0,341940
2021-11-12 00:00:00+05:30,1790.0,1831.5,1788.0,1818.0,182942
2021-11-15 00:00:00+05:30,1828.7,1854.8,1817.4,1834.2,445684
2021-11-16 00:00:00+05:30,1837.0,1848.0,1800.0,1803.3,445502
2021-11-17 00:00:00+05:30,1803.0,1845.0,1795.5,1825.9,327786
2021-11-18 00:00:00+05:30,1826.0,1835.5,1776.0,1802.0,212026
2021-11-22 00:00:00+05:30,1801.5,1814.8,1725.5,1735.9,254996
2021-11-23 00:00:00+05:30,1686.6,1723.5,1650.0,1707.4,740110
2021-11-24 00:00:00+05:30,1707.6,1745.8,1699.4,1714.4,251392
2021-11-25 00:00:00+05:30,1705.6,1727.5,1697.0,1711.8,181212
2021-11-26 00:00:00+05:30,1700.0,1858.0,1697.5,1828.6,1208978
2021-11-29 00:00:00+05:30,1875.0,1972.4,1859.2,1942.7,2601374
2021-11-30 00:00:00+05:30,1961.0,1961.7,1828.2,1894.7,1642914
2021-12-01 00:00:00+05:30,1915.0,1918.8,1850.0,1861.4,478458
2021-12-02 00:00:00+05:30,1880.0,1936.6,1870.7,1896.5,901992
2021-12-03 00:00:00+05:30,1917.5,1939.5,1829.0,1855.0,910140
2021-12-06 00:00:00+05:30,1873.5,1889.3,1796.1,1807.7,575240
2021-12-07 00:00:00+05:30,1819.9,1825.0,1765.0,1778.6,537890
2021-12-08 00:00:00+05:30,1770.0,1797.0,1752.9,1780.8,292604
2021-12-09 00:00:00+05:30,1854.5,1854.5,1760.6,1770.4,767924
2021-12-10 00:00:00+05:30,1757.5,1778.4,1741.5,1751.2,253984
2021-12-13 00:00:00+05:30,1752.6,1766.0,1710.0,1716.0,367084
2021-12-14 00:00:00+05:30,1712.5,1757.4,1712.5,1738.8,376588
2021-12-15 00:00:00+05:30,1748.0,1760.0,1717.6,1739.9,220634
2021-12-16 00:00:00+05:30,1742.6,1767.2,1713.5,1762.8,329334
2021-12-17 00:00:00+05:30,1763.2,1765.6,1699.1,1706.3,233692
2021-12-20 00:00:00+05:30,1705.0,1705.0,1655.0,1693.2,275560
2021-12-21 00:00:00+05:30,1709.2,1718.5,1682.4,1702.1,291672
2021-12-22 00:00:00+05:30,1715.0,1725.0,1676.8,1701.4,225500
2021-12-23 00:00:00+05:30,1701.0,1750.0,1697.5,1740.8,189172
2021-12-24 00:00:00+05:30,1756.6,1786.8,1720.5,1757.4,333656
2021-12-27 00:00:00+05:30,1760.0,1779.0,1735.0,1768.0,209274
2021-12-28 00:00:00+05:30,1768.2,1794.5,1748.0,1782.2,143972
2021-12-29 00:00:00+05:30,1787.2,1835.4,1776.5,1831.5,376290
2021-12-30 00:00:00+05:30,1862.6,1880.0,1840.5,1865.3,905808
2021-12-31 00:00:00+05:30,1868.5,1916.4,1863.4,1911.1,413568
2022-01-03 00:00:00+05:30,1916.0,1937.5,1902.4,1930.6,321514
2022-01-04 00:00:00+05:30,1937.5,1940.0,1905.5,1915.6,316590
2022-01-05 00:00:00+05:30,1914.2,1946.5,1900.0,1912.0,638122
2022-01-06 00:00:00+05:30,1910.0,1920.9,1892.5,1904.1,203776
2022-01-07 00:00:00+05:30,1892.5,1919.0,1867.1,1874.9,225408
2022-01-10 00:00:00+05:30,1893.6,1893.6,1831.0,1847.4,299406
2022-01-11 00:00:00+05:30,1840.0,1871.2,1830.0,1833.8,214056
2022-01-12 00:00:00+05:30,1832.5,1864.0,1828.6,1836.4,277940
2022-01-13 00:00:00+05:30,1849.5,1885.0,1836.9,1859.0,321022
2022-01-14 00:00:00+05:30,1864.4,1864.5,1800.0,1818.6,239410
2022-01-17 00:00:00+05:30,1823.5,1826.5,1746.0,1751.3,502406
2022-01-18 00:00:00+05:30,1748.6,1749.4,1675.8,1682.5,721142
2022-01-19 00:00:00+05:30,1685.0,1687.5,1615.6,1632.6,717582
2022-01-20 00:00:00+05:30,1631.0,1632.5,1581.1,1594.7,564494
2022-01-21 00:00:00+05:30,1575.0,1577.4,1501.0,1506.8,847980
2022-01-24 00:00:00+05:30,1485.0,1499.5,1410.1,1435.5,756740
2022-01-25 00:00:00+05:30,1420.5,1497.0,1390.5,1482.4,732980
2022-01-27 00:00:00+05:30,1475.0,1475.0,1409.4,1418.8,693194
2022-01-28 00:00:00+05:30,1420.0,1460.5,1401.0,1411.0,553910
2022-01-31 00:00:00+05:30,1440.0,1519.4,1428.0,1485.2,712562
2022-02-01 00:00:00+05:30,1500.0,1512.5,1475.8,1490.6,273096
2022-02-02 00:00:00+05:30,1499.8,1637.5,1485.0,1605.7,952500
2022-02-03 00:00:00+05:30,1607.0,1616.9,1540.0,1550.6,348412
2022-02-04 00:00:00+05:30,1554.5,1570.0,1510.2,1543.1,334076
2022-02-07 00:00:00+05:30,1540.0,1552.5,1498.5,1514.7,337440
2022-02-08 00:00:00+05:30,1515.0,1531.5,1478.0,1499.0,266684
2022-02-09 00:00:00+05:30,1501.7,1512.5,1476.0,1479.9,361370
2022-02-10 00:00:00+05:30,1487.0,1498.0,1447.8,1464.1,695836
2022-02-11 00:00:00+05:30,1430.0,1452.1,1401.0,1418.6,492586
2022-02-14 00:00:00+05:30,1390.0,1403.8,1337.1,1349.4,572486
2022-02-15 00:00:00+05:30,1350.0,1362.5,1300.6,1356.2,568230
2022-02-16 00:00:00+05:30,1370.0,1381.2,1340.0,1356.4,401704
2022-02-17 00:00:00+05:30,1367.5,1379.9,1350.0,1357.5,261788
2022-02-18 00:00:00+05:30,1350.0,1370.0,1337.1,1364.8,263138
2022-02-21 00:00:00+05:30,1362.5,1374.5,1317.9,1342.2,655790
2022-02-22 00:00:00+05:30,1319.0,1349.4,1287.5,1333.8,600288
2022-02-23 00:00:00+05:30,1355.3,1363.4,1322.3,1332.2,408338
2022-02-24 00:00:00+05:30,1311.5,1311.5,1247.5,1273.9,818722
2022-02-25 00:00:00+05:30,1287.5,1298.0,1232.8,1260.5,937342
2022-02-28 00:00:00+05:30,1260.5,1262.5,1241.4,1258.1,519232
2022-03-02 00:00:00+05:30,1257.5,1265.0,1241.8,1246.3,312150
2022-03-03 00:00:00+05:30,1262.5,1263.9,1218.0,1223.6,427556
2022-03-04 00:00:00+05:30,1222.5,1222.5,1170.3,1175.4,636704
2022-03-07 00:00:00+05:30,1160.0,1173.7,1131.7,1163.0,662984
2022-03-08 00:00:00+05:30,1159.4,1227.5,1155.1,1218.9,501022
2022-03-09 00:00:00+05:30,1238.5,1312.5,1221.2,1307.4,701408
2022-03-10 00:00:00+05:30,1349.5,1349.5,1277.2,1291.2,668428
2022-03-11 00:00:00+05:30,1300.1,1326.0,1270.0,1318.8,516296
2022-03-14 00:00:00+05:30,1318.5,1323.4,1292.2,1315.0,262198
2022-03-15 00:00:00+05:30,1315.0,1337.5,1300.8,1309.3,388870
2022-03-16 00:00:00+05:30,1335.0,1354.5,1317.8,1349.7,325152
2022-03-17 00:00:00+05:30,1365.0,1421.3,1337.0,1378.1,1404034
2022-03-21 00:00:00+05:30,1380.0,1380.0,1325.0,1331.8,639816
2022-03-22 00:00:00+05:30,1329.7,1335.0,1297.6,1326.3,475188
2022-03-23 00:00:00+05:30,1337.5,1364.3,1325.0,1331.6,390648
2022-03-24 00:00:00+05:30,1320.0,1339.0,1310.1,1329.2,267928
2022-03-25 00:00:00+05:30,1335.0,1339.0,1311.6,1318.3,268142
2022-03-28 00:00:00+05:30,1317.8,1327.5,1276.1,1282.3,429276
2022-03-29 00:00:00+05:30,1287.5,1321.8,1278.5,1307.5,453036
2022-03-30 00:00:00+05:30,1324.9,1332.5,1307.0,1312.0,310520
2022-03-31 00:00:00+05:30,1314.5,1339.9,1300.0,1305.4,475040
2022-04-01 00:00:00+05:30,1310.0,1319.8,1293.1,1298.9,396880
2022-04-04 00:00:00+05:30,1317.0,1374.5,1305.5,1365.8,513190
2022-04-05 00:00:00+05:30,1372.5,1425.0,1366.5,1389.4,534764
2022-04-06 00:00:00+05:30,1392.5,1404.2,1340.5,1350.0,706588
2022-04-07 00:00:00+05:30,1361.8,1420.1,1350.0,1413.6,817024
2022-04-08 00:00:00+05:30,1421.2,1439.3,1388.8,1401.9,545004
2022-04-11 00:00:00+05:30,1412.4,1412.4,1372.5,1381.6,343962
2022-04-12 00:00:00+05:30,1381.5,1381.8,1314.0,1326.9,710316
2022-04-13 00:00:00+05:30,1337.5,1374.5,1332.0,1346.9,439012
2022-04-18 00:00:00+05:30,1340.0,1370.2,1326.0,1348.5,330178
2022-04-19 00:00:00+05:30,1362.0,1397.5,1326.0,1357.5,556422
2022-04-20 00:00:00+05:30,1374.0,1405.1,1353.0,1363.7,587430
2022-04-21 00:00:00+05:30,1378.5,1410.0,1377.5,1390.3,625240
2022-04-22 00:00:00+05:30,1376.5,1393.8,1365.0,1367.9,232322
2022-04-25 00:00:00+05:30,1347.5,1369.8,1336.1,1362.2,421104
2022-04-26 00:00:00+05:30,1369.5,1382.2,1347.5,1359.2,230578
2022-04-27 00:00:00+05:30,1359.2,1405.0,1347.8,1393.2,865974
2022-04-28 00:00:00+05:30,1397.5,1420.0,1333.5,1340.6,638260
2022-04-29 00:00:00+05:30,1342.3,1366.6,1290.0,1300.0,428104
2022-05-02 00:00:00+05:30,1285.0,1305.3,1240.0,1245.3,569566
2022-05-04 00:00:00+05:30,1259.5,1259.5,1185.7,1195.5,471538
2022-05-05 00:00:00+05:30,1207.4,1237.5,1196.0,1224.4,325824
2022-05-06 00:00:00+05:30,1218.5,1218.5,1179.4,1190.1,264988
2022-05-09 00:00:00+05:30,1190.0,1209.5,1166.8,1180.4,287256
2022-05-10 00:00:00+05:30,1175.0,1207.5,1155.0,1158.2,304446
2022-05-11 00:00:00+05:30,1158.0,1190.0,1135.1,1141.9,300454
2022-05-12 00:00:00+05:30,1130.0,1160.0,1108.6,1150.4,275494
2022-05-13 00:00:00+05:30,1177.5,1177.7,1135.0,1142.6,275868
2022-05-16 00:00:00+05:30,1130.0,1132.5,1075.6,1103.2,1509336
2022-05-17 00:00:00+05:30,1105.4,1112.5,1078.0,1092.3,694512
2022-05-18 00:00:00+05:30,1047.5,1071.5,1008.8,1026.0,3226870
2022-05-19 00:00:00+05:30,1000.0,1002.4,951.5,959.6,1641602
2022-05-20 00:00:00+05:30,962.6,989.7,962.6,981.6,916698
2022-05-23 00:00:00+05:30,981.5,1009.4,969.3,990.1,1085950
2022-05-24 00:00:00+05:30,999.0,1002.5,945.7,983.5,1125292
2022-05-25 00:00:00+05:30,982.5,982.5,910.4,918.0,851600
2022-05-26 00:00:00+05:30,925.0,1044.9,902.8,1005.1,2335206
2022-05-27 00:00:00+05:30,1017.2,1105.6,1001.0,1102.2,2996032
2022-05-30 00:00:00+05:30,1125.0,1125.0,1035.5,1048.2,1833518
2022-05-31 00:00:00+05:30,1051.4,1077.5,1030.0,1042.4,1374546
2022-06-01 00:00:00+05:30,1042.4,1074.5,1037.5,1067.3,669308
2022-06-02 00:00:00+05:30,1063.8,1076.0,1041.0,1071.7,578896
2022-06-03 00:00:00+05:30,1073.0,1099.5,1065.2,1072.3,585668
2022-06-06 00:00:00+05:30,1084.5,1129.0,1071.2,1088.6,1654910
2022-06-07 00:00:00+05:30,1089.0,1089.0,1053.0,1058.0,411032
2022-06-08 00:00:00+05:30,1061.2,1075.0,1039.6,1063.0,512238
2022-06-09 00:00:00+05:30,1062.5,1082.5,1040.3,1065.3,392184
2022-06-10 00:00:00+05:30,1052.5,1060.0,1030.0,1038.7,394604
2022-06-13 00:00:00+05:30,1030.0,1046.0,1010.5,1028.1,346100
2022-06-14 00:00:00+05:30,1020.0,1032.4,1005.1,1019.3,275888
2022-06-15 00:00:00+05:30,1025.4,1032.5,1006.8,1017.2,225392
2022-06-16 00:00:00+05:30,1026.5,1027.0,981.9,1010.8,430410
2022-06-17 00:00:00+05:30,1000.0,1006.4,979.3,987.5,369056
2022-06-20 00:00:00+05:30,998.0,1025.0,986.0,997.9,334300
2022-06-21 00:00:00+05:30,1001.5,1018.4,998.0,1007.5,341886
2022-06-22 00:00:00+05:30,1005.0,1005.5,973.0,986.4,489220
2022-06-23 00:00:00+05:30,994.7,1003.0,985.4,997.9,370580
2022-06-24 00:00:00+05:30,1004.0,1030.0,1001.2,1015.4,509156
2022-06-27 00:00:00+05:30,1030.0,1073.4,1021.8,1054.3,1021184
2022-06-28 00:00:00+05:30,1053.8,1092.5,1030.0,1085.3,559278
2022-06-29 00:00:00+05:30,1060.5,1117.5,1056.7,1091.0,761082
2022-06-30 00:00:00+05:30,1093.5,1112.6,1075.1,1080.2,466142
2022-07-01 00:00:00+05:30,1084.0,1124.0,1074.2,1119.6,421392
2022-07-04 00:00:00+05:30,1118.9,1118.9,1092.5,1098.5,242040
2022-07-05 00:00:00+05:30,1098.4,1117.5,1092.2,1108.4,246574
2022-07-06 00:00:00+05:30,1107.8,1134.5,1104.0,1109.6,282652
2022-07-07 00:00:00+05:30,1119.0,1122.4,1087.5,1090.0,257642
2022-07-08 00:00:00+05:30,1091.5,1108.5,1085.0,1089.0,228318
2022-07-11 00:00:00+05:30,1085.0,1092.0,1061.4,1068.9,270438
2022-07-12 00:00:00+05:30,1068.8,1068.8,1035.0,1039.1,474206
2022-07-13 00:00:00+05:30,1044.0,1044.0,1000.5,1003.3,659350
2022-07-14 00:00:00+05:30,1003.3,1012.4,989.0,994.3,531864
2022-07-15 00:00:00+05:30,1000.0,1007.4,979.0,982.9,383432
2022-07-18 00:00:00+05:30,994.0,1012.5,984.0,1008.8,332392
2022-07-19 00:00:00+05:30,1011.0,1048.6,998.4,1011.0,891368
2022-07-20 00:00:00+05:30,1025.5,1054.4,1018.0,1046.7,608864
2022-07-21 00:00:00+05:30,1054.0,1066.0,1046.2,1051.6,353858
2022-07-22 00:00:00+05:30,1057.5,1060.0,1037.5,1044.8,256332
2022-07-25 00:00:00+05:30,1046.8,1062.5,1038.2,1049.0,379142
2022-07-26 00:00:00+05:30,1049.4,1052.1,1022.3,1039.8,256052
2022-07-27 00:00:00+05:30,1035.5,1089.0,1031.5,1085.0,539874
2022-07-28 00:00:00+05:30,1095.0,1095.9,1027.5,1072.2,1307770
2022-07-29 00:00:00+05:30,1070.0,1171.8,1063.8,1151.8,1402278
2022-08-01 00:00:00+05:30,1159.5,1165.0,1133.3,1154.4,470490
2022-08-02 00:00:00+05:30,1162.5,1187.0,1154.6,1162.5,565850
2022-08-03 00:00:00+05:30,1162.0,1191.6,1150.8,1179.5,789636
2022-08-04 00:00:00+05:30,1197.0,1205.0,1175.6,1199.4,500790
2022-08-05 00:00:00+05:30,1199.4,1225.0,1139.0,1213.5,416202
2022-08-08 00:00:00+05:30,1213.4,1226.0,1190.0,1209.0,309704
2022-08-10 00:00:00+05:30,1209.0,1224.8,1207.2,1213.8,375648
2022-08-11 00:00:00+05:30,1220.0,1223.5,1207.5,1218.0,244714
2022-08-12 00:00:00+05:30,1220.0,1224.5,1208.2,1218.7,243566
2022-08-16 00:00:00+05:30,1230.0,1249.0,1217.5,1242.9,493230
2022-08-17 00:00:00+05:30,1239.9,1269.9,1232.5,1240.3,380386
2022-08-18 00:00:00+05:30,1247.5,1266.5,1238.2,1262.6,406190
2022-08-19 00:00:00+05:30,1259.5,1262.4,1220.1,1225.5,314826
2022-08-22 00:00:00+05:30,1224.5,1281.7,1215.8,1253.7,882330
2022-08-23 00:00:00+05:30,1249.0,1260.0,1227.5,1248.7,390996
2022-08-24 00:00:00+05:30,1247.5,1263.0,1235.7,1241.4,407248
2022-08-25 00:00:00+05:30,1252.4,1303.2,1243.5,1292.6,981206
2022-08-26 00:00:00+05:30,1275.0,1345.0,1262.5,1318.4,764582
2022-08-29 00:00:00+05:30,1275.0,1308.6,1258.0,1298.7,409646
2022-08-30 00:00:00+05:30,1299.0,1306.0,1275.5,1283.2,397146
2022-09-01 00:00:00+05:30,1270.0,1280.0,1230.2,1238.4,334336
2022-09-02 00:00:00+05:30,1238.5,1266.8,1202.6,1219.6,306786
2022-09-05 00:00:00+05:30,1203.9,1214.9,1180.6,1184.6,491692
2022-09-06 00:00:00+05:30,1185.2,1210.0,1180.6,1197.5,416802
2022-09-07 00:00:00+05:30,1176.2,1301.7,1176.2,1266.2,739500
2022-09-08 00:00:00+05:30,1266.2,1301.5,1266.2,1279.6,699576
2022-09-09 00:00:00+05:30,1281.5,1312.5,1258.0,1266.0,823012
2022-09-12 00:00:00+05:30,1266.0,1266.0,1245.0,1248.0,276042
2022-09-13 00:00:00+05:30,1215.0,1236.7,1206.5,1217.3,844036
2022-09-14 00:00:00+05:30,1198.5,1214.0,1192.5,1198.5,444480
2022-09-15 00:00:00+05:30,1195.0,1224.0,1175.0,1181.9,302386
2022-09-16 00:00:00+05:30,1179.4,1182.7,1141.2,1148.4,291102
2022-09-19 00:00:00+05:30,1148.0,1158.2,1132.5,1140.5,259278
2022-09-20 00:00:00+05:30,1141.2,1179.0,1141.2,1166.8,312350
2022-09-21 00:00:00+05:30,1172.6,1199.9,1165.5,1194.0,536900
2022-09-22 00:00:00+05:30,1192.5,1225.0,1190.0,1222.8,431844
2022-09-23 00:00:00+05:30,1220.3,1269.5,1211.9,1257.4,1057866
2022-09-26 00:00:00+05:30,1256.0,1292.5,1242.4,1283.6,1116672
2022-09-27 00:00:00+05:30,1285.0,1330.0,1271.7,1324.6,1011904
2022-09-28 00:00:00+05:30,1324.5,1375.0,1304.5,1347.2,1551106
2022-09-29 00:00:00+05:30,1358.4,1359.0,1280.0,1295.7,869134
2022-09-30 00:00:00+05:30,1290.0,1305.0,1254.2,1259.4,514410
2022-10-03 00:00:00+05:30,1256.0,1264.5,1188.5,1196.0,537814
2022-10-04 00:00:00+05:30,1196.0,1215.0,1186.0,1208.8,645706
2022-10-06 00:00:00+05:30,1214.8,1250.0,1210.0,1238.4,374338
2022-10-07 00:00:00+05:30,1235.0,1245.5,1213.0,1220.9,289946
2022-10-10 00:00:00+05:30,1207.5,1214.7,1182.6,1187.2,468004
2022-10-11 00:00:00+05:30,1180.0,1185.0,1125.8,1133.6,589346
2022-10-12 00:00:00+05:30,1133.6,1164.5,1128.6,1151.8,411860
2022-10-13 00:00:00+05:30,1155.0,1200.0,1151.8,1179.4,870072
2022-10-14 00:00:00+05:30,1187.7,1209.0,1185.0,1188.8,351172
2022-10-17 00:00:00+05:30,1177.5,1204.5,1170.5,1198.8,250612
2022-10-18 00:00:00+05:30,1202.5,1224.0,1201.5,1221.6,222958
2022-10-19 00:00:00+05:30,1230.2,1243.5,1223.2,1235.6,267430
2022-10-20 00:00:00+05:30,1236.6,1255.5,1218.0,1251.4,328500
2022-10-21 00:00:00+05:30,1259.0,1287.5,1250.0,1281.0,501964
2022-10-24 00:00:00+05:30,1298.5,1298.5,1267.7,1275.4,59608
2022-10-25 00:00:00+05:30,1288.2,1317.5,1282.7,1312.4,551950
2022-10-27 00:00:00+05:30,1314.2,1336.4,1285.0,1298.3,549156
2022-10-28 00:00:00+05:30,1304.2,1310.5,1269.8,1280.6,323972
2022-10-31 00:00:00+05:30,1285.5,1305.0,1270.0,1281.5,227018
2022-11-01 00:00:00+05:30,1291.1,1327.5,1288.4,1306.2,903732
2022-11-02 00:00:00+05:30,1312.2,1342.3,1305.0,1319.1,453002
2022-11-03 00:00:00+05:30,1319.0,1320.0,1297.5,1308.4,170228
2022-11-04 00:00:00+05:30,1301.5,1309.1,1276.0,1289.2,247908
2022-11-07 00:00:00+05:30,1295.0,1320.0,1276.0,1312.6,222078
2022-11-09 00:00:00+05:30,1275.0,1287.2,1195.5,1202.9,1684868
2022-11-10 00:00:00+05:30,1195.0,1198.8,1158.0,1180.0,868072
2022-11-11 00:00:00+05:30,1189.5,1210.0,1166.5,1176.4,639128
2022-11-14 00:00:00+05:30,1181.5,1254.8,1176.0,1242.1,1227936
2022-11-15 00:00:00+05:30,1250.0,1250.0,1195.0,1240.8,1080578
2022-11-16 00:00:00+05:30,1245.0,1248.8,1217.8,1232.3,491048
2022-11-17 00:00:00+05:30,1229.8,1229.8,1191.0,1203.2,426456
2022-11-18 00:00:00+05:30,1208.8,1222.0,1183.2,1193.3,475030
2022-11-21 00:00:00+05:30,1193.0,1232.5,1185.8,1214.3,642378
2022-11-22 00:00:00+05:30,1220.0,1228.0,1194.1,1216.8,260422
2022-11-23 00:00:00+05:30,1214.3,1226.6,1209.5,1219.6,324682
2022-11-24 00:00:00+05:30,1220.3,1228.8,1191.5,1196.3,358648
2022-11-25 00:00:00+05:30,1196.5,1219.8,1185.0,1214.0,268212
2022-11-28 00:00:00+05:30,1219.0,1223.8,1206.5,1212.0,155430
2022-11-29 00:00:00+05:30,1206.0,1230.0,1199.6,1206.9,306218
2022-11-30 00:00:00+05:30,1203.0,1237.5,1202.5,1222.8,419832
2022-12-01 00:00:00+05:30,1228.2,1234.5,1215.0,1219.4,445526
2022-12-02 00:00:00+05:30,1225.5,1242.5,1219.5,1239.1,498386
2022-12-05 00:00:00+05:30,1239.7,1255.0,1232.8,1246.6,377068
2022-12-06 00:00:00+05:30,1251.6,1251.6,1231.4,1243.0,492882
2022-12-07 00:00:00+05:30,1232.6,1244.9,1223.3,1232.2,277846
2022-12-08 00:00:00+05:30,1238.0,1238.3,1221.1,1227.0,125688
2022-12-09 00:00:00+05:30,1225.7,1237.5,1218.0,1228.0,164290
2022-12-12 00:00:00+05:30,1227.5,1230.0,1200.4,1213.5,397600
2022-12-13 00:00:00+05:30,1214.0,1225.0,1162.0,1179.4,857564
2022-12-14 00:00:00+05:30,1189.5,1214.5,1178.9,1188.5,483710
2022-12-15 00:00:00+05:30,1187.5,1191.4,1170.9,1181.5,224008
2022-12-16 00:00:00+05:30,1175.0,1177.8,1140.0,1144.4,291388
2022-12-19 00:00:00+05:30,1144.0,1151.0,1125.6,1140.6,294106
2022-12-20 00:00:00+05:30,1145.6,1158.0,1127.5,1143.6,307194
2022-12-21 00:00:00+05:30,1167.4,1220.0,1155.4,1215.2,3563660
2022-12-22 00:00:00+05:30,1224.0,1229.7,1162.8,1186.7,1204502
2022-12-23 00:00:00+05:30,1182.0,1207.4,1156.8,1172.9,1105522
2022-12-26 00:00:00+05:30,1175.0,1181.6,1120.6,1139.3,830614
2022-12-27 00:00:00+05:30,1147.4,1157.0,1122.8,1126.2,603518
2022-12-28 00:00:00+05:30,1130.9,1156.5,1128.0,1136.2,914652
2022-12-29 00:00:00+05:30,1140.5,1164.7,1127.0,1142.4,1173218
2022-12-30 00:00:00+05:30,1150.0,1154.6,1125.0,1130.2,531284
2023-01-02 00:00:00+05:30,1130.2,1136.4,1080.0,1100.1,1002408
2023-01-03 00:00:00+05:30,1102.7,1130.6,1096.5,1119.6,564152
2023-01-04 00:00:00+05:30,1117.5,1135.1,1110.0,1124.5,570440
2023-01-05 00:00:00+05:30,1130.1,1138.0,1100.8,1133.6,406224
2023-01-06 00:00:00+05:30,1127.5,1137.1,1110.0,1112.5,312546
2023-01-09 00:00:00+05:30,1116.0,1134.5,1107.4,1114.4,371782
2023-01-10 00:00:00+05:30,1117.5,1126.8,1109.2,1114.8,211342
2023-01-11 00:00:00+05:30,1120.4,1124.0,1087.5,1090.6,328998
2023-01-12 00:00:00+05:30,1096.1,1096.5,1075.0,1085.9,351086
2023-01-13 00:00:00+05:30,1091.6,1091.6,1075.0,1086.1,224208
2023-01-16 00:00:00+05:30,1085.5,1088.0,1073.8,1075.9,191418
2023-01-17 00:00:00+05:30,1081.3,1081.3,1060.5,1068.8,274600
2023-01-18 00:00:00+05:30,1074.4,1081.0,1065.0,1079.4,137186
2023-01-19 00:00:00+05:30,1079.4,1082.3,1063.0,1064.2,203824
2023-01-20 00:00:00+05:30,1068.5,1072.5,1050.0,1053.0,260380
2023-01-23 00:00:00+05:30,1061.7,1081.2,1049.1,1077.0,253884
2023-01-24 00:00:00+05:30,1075.0,1084.5,1055.9,1060.6,269330
2023-01-25 00:00:00+05:30,1056.5,1058.9,1030.0,1034.8,299774
2023-01-27 00:00:00+05:30,1039.5,1052.5,1011.8,1025.2,239366
2023-01-30 00:00:00+05:30,1026.0,1035.0,1017.0,1029.2,150144
2023-01-31 00:00:00+05:30,1035.0,1056.2,1020.3,1050.6,174920
2023-02-01 00:00:00+05:30,1051.5,1059.0,1020.5,1026.2,173458
2023-02-02 00:00:00+05:30,1029.4,1029.4,986.5,1010.7,545116
2023-02-03 00:00:00+05:30,1003.0,1008.8,939.5,942.6,842454
2023-02-06 00:00:00+05:30,942.6,999.9,939.6,983.6,718726
2023-02-07 00:00:00+05:30,983.6,985.3,953.1,957.4,416616
2023-02-08 00:00:00+05:30,964.0,983.0,955.3,974.8,397882
2023-02-09 00:00:00+05:30,965.1,987.5,963.1,984.0,246320
2023-02-10 00:00:00+05:30,985.5,992.5,971.8,983.2,137776
2023-02-13 00:00:00+05:30,977.5,989.5,972.6,976.6,168330
2023-02-14 00:00:00+05:30,981.5,996.2,969.0,986.2,293318
2023-02-15 00:00:00+05:30,989.7,995.0,978.5,982.2,159252
2023-02-16 00:00:00+05:30,982.0,1006.8,978.6,995.6,533788
2023-02-17 00:00:00+05:30,995.5,1004.5,978.8,983.6,513834
2023-02-20 00:00:00+05:30,989.5,996.6,968.5,982.3,480486
2023-02-21 00:00:00+05:30,987.5,1010.0,983.8,991.4,626712
2023-02-22 00:00:00+05:30,990.4,992.4,956.2,969.9,368048
2023-02-23 00:00:00+05:30,969.9,971.9,936.1,954.0,591600
2023-02-24 00:00:00+05:30,958.8,975.0,940.8,970.0,347062
2023-02-27 00:00:00+05:30,961.5,965.8,936.8,950.7,345562
2023-02-28 00:00:00+05:30,957.0,1000.0,950.0,994.7,626062
2023-03-01 00:00:00+05:30,992.5,1002.6,980.0,985.0,265180
2023-03-02 00:00:00+05:30,985.0,999.5,977.5,990.5,360692
2023-03-03 00:00:00+05:30,990.5,995.4,976.0,979.4,233856
2023-03-06 00:00:00+05:30,980.5,990.9,977.5,979.5,228202
2023-03-08 00:00:00+05:30,979.9,983.0,950.5,955.0,468818
2023-03-09 00:00:00+05:30,955.5,962.4,938.5,940.6,474600
2023-03-10 00:00:00+05:30,940.5,940.5,908.6,915.3,450370
2023-03-13 00:00:00+05:30,912.5,928.3,905.2,916.7,665400
2023-03-14 00:00:00+05:30,916.7,927.4,890.0,916.7,886932
2023-03-15 00:00:00+05:30,922.0,936.0,917.8,926.4,435158
2023-03-16 00:00:00+05:30,931.0,935.0,918.0,933.5,343554
2023-03-17 00:00:00+05:30,934.4,936.8,910.0,914.2,380790
2023-03-20 00:00:00+05:30,914.2,919.0,881.0,894.8,550600
2023-03-21 00:00:00+05:30,899.3,905.1,886.6,889.9,312164
2023-03-22 00:00:00+05:30,892.5,924.5,887.6,914.8,611266
2023-03-23 00:00:00+05:30,912.5,925.0,905.2,914.6,418994
2023-03-24 00:00:00+05:30,916.5,917.5,902.1,908.6,224802
2023-03-27 00:00:00+05:30,913.3,937.0,910.0,913.8,707532
2023-03-28 00:00:00+05:30,919.1,919.1,898.6,905.2,242602
2023-03-29 00:00:00+05:30,905.2,909.3,897.4,900.0,277084
2023-03-31 00:00:00+05:30,900.5,917.5,895.5,914.0,387134
2023-04-03 00:00:00+05:30,914.9,922.0,910.5,920.8,153468
2023-04-05 00:00:00+05:30,920.8,928.0,912.5,926.8,172552
2023-04-06 00:00:00+05:30,930.0,933.0,915.0,918.0,209964
2023-04-10 00:00:00+05:30,929.5,935.3,920.5,925.6,248126
2023-04-11 00:00:00+05:30,934.0,936.0,924.0,930.7,270412
2023-04-12 00:00:00+05:30,936.4,968.4,932.5,958.4,915886
2023-04-13 00:00:00+05:30,959.9,963.4,942.5,954.1,269464
2023-04-17 00:00:00+05:30,954.5,955.5,941.6,945.3,241880
2023-04-18 00:00:00+05:30,943.0,961.0,938.0,949.3,462498
2023-04-19 00:00:00+05:30,954.3,954.9,936.3,952.0,724422
2023-04-20 00:00:00+05:30,952.0,955.0,940.0,951.5,276218
2023-04-21 00:00:00+05:30,950.4,960.0,946.7,954.6,407846
2023-04-24 00:00:00+05:30,960.0,962.5,940.8,958.2,319634
2023-04-25 00:00:00+05:30,948.5,971.0,946.4,965.7,350622
2023-04-26 00:00:00+05:30,958.5,968.5,955.6,965.1,430308
2023-04-27 00:00:00+05:30,962.5,969.5,955.3,965.7,329472
2023-04-28 00:00:00+05:30,961.4,980.8,957.5,977.2,273020
2023-05-02 00:00:00+05:30,977.0,986.0,972.7,978.2,326874
2023-05-03 00:00:00+05:30,976.5,982.0,964.5,967.0,209434
2023-05-04 00:00:00+05:30,967.8,983.6,966.7,981.3,162732
2023-05-05 00:00:00+05:30,983.0,983.0,970.0,972.8,137844
2023-05-08 00:00:00+05:30,973.0,974.0,955.4,965.0,428712
2023-05-09 00:00:00+05:30,965.0,978.1,961.3,964.6,166586
2023-05-10 00:00:00+05:30,963.0,977.5,963.0,974.9,209350
2023-05-11 00:00:00+05:30,975.0,985.0,944.0,953.2,864094
2023-05-12 00:00:00+05:30,955.0,1029.5,946.1,1020.4,1545492
2023-05-15 00:00:00+05:30,1010.5,1039.0,1000.5,1004.4,945190
2023-05-16 00:00:00+05:30,1006.5,1026.9,1005.0,1016.7,640988
2023-05-17 00:00:00+05:30,1020.0,1021.5,992.5,1006.8,283818
2023-05-18 00:00:00+05:30,1009.0,1012.5,985.2,988.1,221116
2023-05-19 00:00:00+05:30,993.3,993.3,967.0,970.1,271624
2023-05-22 00:00:00+05:30,972.0,1012.5,965.5,1009.1,414380
2023-05-23 00:00:00+05:30,1008.4,1021.6,991.0,1012.8,421448
2023-05-24 00:00:00+05:30,1012.8,1027.8,993.0,1023.1,460076
2023-05-25 00:00:00+05:30,1017.5,1028.5,1009.4,1012.8,216368
2023-05-26 00:00:00+05:30,1012.5,1036.8,1010.0,1013.0,273924
2023-05-29 00:00:00+05:30,1013.0,1024.5,1008.5,1022.8,173924
2023-05-30 00:00:00+05:30,1022.5,1028.5,1014.0,1016.4,150958
2023-05-31 00:00:00+05:30,1013.2,1029.0,1007.3,1016.5,295494
2023-06-01 00:00:00+05:30,1024.0,1028.0,1000.0,1002.7,389758
2023-06-02 00:00:00+05:30,1014.2,1016.7,999.6,1007.6,336478
2023-06-05 00:00:00+05:30,1010.0,1019.7,1000.8,1009.3,248144
2023-06-06 00:00:00+05:30,1009.3,1017.5,1005.5,1009.4,279750
2023-06-07 00:00:00+05:30,1016.8,1020.5,1009.5,1014.4,240128
2023-06-08 00:00:00+05:30,1017.4,1022.5,1000.0,1003.8,315776
2023-06-09 00:00:00+05:30,1005.0,1008.0,975.0,977.8,415732
2023-06-12 00:00:00+05:30,979.0,984.2,958.0,979.8,480080
2023-06-13 00:00:00+05:30,981.0,1004.9,981.0,993.8,323042
2023-06-14 00:00:00+05:30,1003.8,1004.4,986.5,998.6,822082
2023-06-15 00:00:00+05:30,997.5,1010.4,995.0,997.2,732720
2023-06-16 00:00:00+05:30,997.0,1017.5,996.2,1013.2,1056554
2023-06-19 00:00:00+05:30,1025.0,1071.2,1020.2,1060.6,2532464
2023-06-20 00:00:00+05:30,1067.0,1115.0,1064.0,1111.6,3280650
2023-06-21 00:00:00+05:30,1111.6,1122.8,1096.0,1115.9,735422
2023-06-22 00:00:00+05:30,1115.0,1126.6,1087.5,1090.2,626280
2023-06-23 00:00:00+05:30,1085.0,1090.8,1049.5,1054.9,628828
2023-06-26 00:00:00+05:30,1054.9,1092.5,1037.8,1083.3,765004
2023-06-27 00:00:00+05:30,1091.4,1114.7,1082.5,1110.0,915774
2023-06-28 00:00:00+05:30,1110.5,1124.4,1097.6,1103.0,612828
2023-06-30 00:00:00+05:30,1105.0,1145.0,1103.0,1129.7,831620
2023-07-03 00:00:00+05:30,1134.4,1152.8,1122.5,1126.6,629934
2023-07-04 00:00:00+05:30,1133.5,1136.2,1115.0,1120.6,323182
2023-07-05 00:00:00+05:30,1120.6,1150.0,1117.5,1144.7,512162
2023-07-06 00:00:00+05:30,1150.0,1177.8,1146.6,1169.6,762570
2023-07-07 00:00:00+05:30,1170.0,1190.0,1159.2,1179.8,893424
2023-07-10 00:00:00+05:30,1183.7,1203.5,1180.0,1196.2,753248
2023-07-11 00:00:00+05:30,1199.0,1222.2,1193.8,1218.0,604372
2023-07-12 00:00:00+05:30,1217.5,1227.0,1182.8,1190.5,387620
2023-07-13 00:00:00+05:30,1193.5,1199.4,1173.9,1177.6,162286
2023-07-14 00:00:00+05:30,1180.0,1193.8,1175.0,1178.3,208482
2023-07-17 00:00:00+05:30,1175.1,1179.8,1160.4,1169.4,343060
2023-07-18 00:00:00+05:30,1172.9,1214.5,1169.5,1182.2,1127106
2023-07-19 00:00:00+05:30,1188.7,1191.9,1168.5,1172.8,260558
2023-07-20 00:00:00+05:30,1174.2,1185.2,1167.1,1174.1,199346
2023-07-21 00:00:00+05:30,1174.0,1175.1,1140.8,1143.4,386226
2023-07-24 00:00:00+05:30,1145.0,1182.5,1143.5,1173.2,240582
2023-07-25 00:00:00+05:30,1178.0,1204.0,1178.0,1191.5,553136
2023-07-26 00:00:00+05:30,1202.4,1220.7,1178.8,1208.3,519908
2023-07-27 00:00:00+05:30,1215.0,1249.5,1207.5,1241.0,1191102
2023-07-28 00:00:00+05:30,1247.2,1247.2,1162.5,1177.3,1495570
2023-07-31 00:00:00+05:30,1178.5,1180.9,1157.5,1163.2,806212
2023-08-01 00:00:00+05:30,1164.0,1184.0,1163.7,1174.4,443314
2023-08-02 00:00:00+05:30,1173.8,1178.6,1140.5,1149.8,266562
2023-08-03 00:00:00+05:30,1147.5,1164.7,1141.5,1162.7,412548
2023-08-04 00:00:00+05:30,1165.0,1181.0,1155.6,1175.0,244538
2023-08-07 00:00:00+05:30,1172.5,1193.0,1172.0,1187.1,299332
2023-08-08 00:00:00+05:30,1187.1,1192.5,1173.8,1184.8,235576
2023-08-09 00:00:00+05:30,1189.7,1196.6,1177.5,1191.6,231612
2023-08-10 00:00:00+05:30,1193.0,1195.8,1174.9,1180.2,164676
2023-08-11 00:00:00+05:30,1175.0,1181.4,1146.6,1149.0,420940
2023-08-14 00:00:00+05:30,1134.0,1149.3,1127.7,1133.0,226504
2023-08-16 00:00:00+05:30,1125.5,1147.2,1118.4,1141.1,364266
2023-08-17 00:00:00+05:30,1145.0,1152.8,1127.0,1129.2,186746
2023-08-18 00:00:00+05:30,1128.9,1132.9,1114.5,1121.0,177016
2023-08-21 00:00:00+05:30,1119.5,1137.2,1110.9,1135.5,185826
2023-08-22 00:00:00+05:30,1133.0,1140.7,1123.0,1125.5,173232
2023-08-23 00:00:00+05:30,1124.6,1132.5,1115.8,1117.8,102598
2023-08-24 00:00:00+05:30,1122.5,1126.6,1101.0,1104.3,243408
2023-08-25 00:00:00+05:30,1102.5,1109.0,1095.6,1102.3,233716
2023-08-28 00:00:00+05:30,1102.6,1114.0,1089.2,1093.4,209860
2023-08-29 00:00:00+05:30,1093.4,1100.0,1083.4,1085.7,137610
2023-08-30 00:00:00+05:30,1090.4,1107.0,1084.7,1104.7,303096
2023-08-31 00:00:00+05:30,1110.0,1117.5,1082.6,1088.0,296564
2023-09-01 00:00:00+05:30,1090.7,1105.0,1078.6,1100.6,222918
2023-09-04 00:00:00+05:30,1111.6,1111.6,1082.6,1085.3,243714
2023-09-05 00:00:00+05:30,1091.9,1106.4,1085.5,1102.9,234226
2023-09-06 00:00:00+05:30,1105.0,1127.1,1104.0,1119.7,404978
2023-09-07 00:00:00+05:30,1120.0,1124.5,1112.2,1120.2,145234
2023-09-08 00:00:00+05:30,1130.0,1134.9,1105.6,1108.7,330446
2023-09-11 00:00:00+05:30,1109.0,1124.5,1101.0,1110.5,248578
2023-09-12 00:00:00+05:30,1110.5,1120.0,1090.2,1102.9,226420
2023-09-13 00:00:00+05:30,1105.0,1126.3,1094.0,1120.2,247456
2023-09-14 00:00:00+05:30,1129.0,1165.0,1122.6,1155.6,1285556
2023-09-15 00:00:00+05:30,1165.5,1185.0,1160.0,1167.9,817618
2023-09-18 00:00:00+05:30,1182.0,1205.0,1164.9,1180.8,1219780
2023-09-20 00:00:00+05:30,1165.0,1214.9,1164.5,1207.7,1022824
2023-09-21 00:00:00+05:30,1214.0,1221.1,1181.0,1195.5,883738
2023-09-22 00:00:00+05:30,1196.0,1202.5,1158.5,1169.8,355788
2023-09-25 00:00:00+05:30,1169.8,1203.0,1155.8,1193.0,446734
2023-09-26 00:00:00+05:30,1188.0,1212.5,1185.1,1210.3,462054
2023-09-27 00:00:00+05:30,1207.5,1235.5,1201.5,1223.8,587370
2023-09-28 00:00:00+05:30,1227.5,1237.5,1197.5,1204.3,444648
2023-09-29 00:00:00+05:30,1211.0,1271.8,1202.0,1262.2,992856
2023-10-03 00:00:00+05:30,1271.4,1274.9,1240.0,1258.7,819180
2023-10-04 00:00:00+05:30,1258.3,1268.4,1207.6,1216.6,603630
2023-10-05 00:00:00+05:30,1224.5,1236.6,1215.4,1220.0,305070
2023-10-06 00:00:00+05:30,1224.4,1241.5,1217.5,1239.8,270498
2023-10-09 00:00:00+05:30,1222.8,1259.5,1221.0,1239.6,439608
2023-10-10 00:00:00+05:30,1240.0,1247.5,1225.5,1240.9,243048
2023-10-11 00:00:00+05:30,1252.4,1252.4,1238.8,1247.6,190980
2023-10-12 00:00:00+05:30,1247.6,1285.8,1247.6,1273.8,749162
2023-10-13 00:00:00+05:30,1268.0,1295.0,1265.8,1273.7,460302
2023-10-16 00:00:00+05:30,1272.5,1287.5,1265.0,1277.2,216996
2023-10-17 00:00:00+05:30,1278.0,1284.4,1269.4,1273.4,376800
2023-10-18 00:00:00+05:30,1270.0,1283.0,1248.5,1252.2,258768
2023-10-19 00:00:00+05:30,1207.6,1260.0,1195.0,1253.8,604968
2023-10-20 00:00:00+05:30,1250.0,1279.8,1239.3,1255.8,349632
2023-10-23 00:00:00+05:30,1250.0,1261.0,1218.1,1221.2,188266
2023-10-25 00:00:00+05:30,1218.0,1226.9,1176.8,1189.6,355836
2023-10-26 00:00:00+05:30,1180.0,1187.4,1156.2,1174.6,317216
2023-10-27 00:00:00+05:30,1177.5,1197.2,1170.8,1181.4,170092
2023-10-30 00:00:00+05:30,1181.4,1189.9,1165.1,1181.7,363478
2023-10-31 00:00:00+05:30,1185.0,1214.6,1185.0,1209.6,374914
2023-11-01 00:00:00+05:30,1209.6,1219.5,1180.0,1190.4,973218
2023-11-02 00:00:00+05:30,1197.4,1240.0,1191.3,1231.6,1174770
2023-11-03 00:00:00+05:30,1236.0,1319.4,1219.5,1297.3,3073072
2023-11-06 00:00:00+05:30,1300.0,1325.5,1289.6,1323.4,742324
2023-11-07 00:00:00+05:30,1325.5,1343.4,1323.0,1331.2,934718
2023-11-08 00:00:00+05:30,1330.0,1361.4,1330.0,1337.2,681404
2023-11-09 00:00:00+05:30,1344.0,1372.0,1339.9,1366.3,688542
2023-11-10 00:00:00+05:30,1362.5,1364.6,1333.6,1338.4,525986
2023-11-12 00:00:00+05:30,1357.0,1357.0,1343.5,1345.5,47566
2023-11-13 00:00:00+05:30,1344.0,1344.0,1309.0,1311.6,273628
2023-11-15 00:00:00+05:30,1323.9,1324.0,1302.7,1316.3,203336
2023-11-16 00:00:00+05:30,1317.3,1355.5,1315.2,1340.3,593710
2023-11-17 00:00:00+05:30,1345.0,1360.0,1345.0,1349.4,270228
2023-11-20 00:00:00+05:30,1359.7,1383.6,1294.1,1348.6,738292
2023-11-21 00:00:00+05:30,1359.9,1372.2,1348.9,1357.0,310216
2023-11-22 00:00:00+05:30,1357.0,1369.9,1336.0,1347.8,250626
2023-11-23 00:00:00+05:30,1345.0,1357.2,1300.8,1304.9,408316
2023-11-24 00:00:00+05:30,1305.0,1363.5,1305.0,1343.8,1017056
2023-11-28 00:00:00+05:30,1340.0,1352.4,1320.8,1323.8,444716
2023-11-29 00:00:00+05:30,1326.4,1342.9,1321.3,1334.5,379714
2023-11-30 00:00:00+05:30,1334.5,1358.2,1334.5,1348.9,572776
2023-12-01 00:00:00+05:30,1355.0,1382.0,1349.1,1371.5,551198
2023-12-04 00:00:00+05:30,1376.0,1382.4,1344.0,1345.6,347528
2023-12-05 00:00:00+05:30,1352.5,1363.9,1340.5,1349.2,247260
2023-12-06 00:00:00+05:30,1357.4,1360.2,1329.5,1341.8,244380
2023-12-07 00:00:00+05:30,1347.0,1350.0,1336.8,1345.2,193772
2023-12-08 00:00:00+05:30,1347.5,1354.8,1303.5,1319.3,384504
2023-12-11 00:00:00+05:30,1301.1,1314.4,1270.2,1280.9,896714
2023-12-12 00:00:00+05:30,1286.7,1289.9,1256.5,1260.5,414014
2023-12-13 00:00:00+05:30,1262.5,1275.4,1246.8,1272.8,584260
2023-12-14 00:00:00+05:30,1277.5,1282.5,1262.5,1269.8,396986
2023-12-15 00:00:00+05:30,1285.4,1285.4,1261.8,1264.0,225224
2023-12-18 00:00:00+05:30,1258.6,1291.0,1247.0,1261.0,399410
2023-12-19 00:00:00+05:30,1275.0,1293.9,1258.1,1266.5,724744
2023-12-20 00:00:00+05:30,1287.5,1301.0,1230.6,1234.8,940214
2023-12-21 00:00:00+05:30,1234.0,1309.4,1223.3,1295.4,1680468
2023-12-22 00:00:00+05:30,1300.4,1329.2,1277.7,1298.2,1062684
2023-12-26 00:00:00+05:30,1309.5,1316.8,1298.0,1300.0,337146
2023-12-27 00:00:00+05:30,1305.0,1307.4,1273.8,1285.8,296266
2023-12-28 00:00:00+05:30,1287.5,1294.1,1271.0,1282.0,411810
2023-12-29 00:00:00+05:30,1282.0,1292.4,1271.5,1288.8,241778
2024-01-01 00:00:00+05:30,1290.0,1297.5,1280.7,1287.7,194216
2024-01-02 00:00:00+05:30,1288.0,1327.5,1285.0,1322.4,568470
2024-01-03 00:00:00+05:30,1329.0,1329.0,1310.6,1319.0,371458
2024-01-04 00:00:00+05:30,1319.4,1331.0,1307.0,1319.4,237542
2024-01-05 00:00:00+05:30,1319.6,1329.6,1288.5,1298.8,270306
2024-01-08 00:00:00+05:30,1298.8,1304.6,1250.5,1253.0,436120
2024-01-09 00:00:00+05:30,1265.0,1285.4,1237.2,1243.4,453332
2024-01-10 00:00:00+05:30,1245.0,1282.4,1238.7,1251.0,234188
2024-01-11 00:00:00+05:30,1261.5,1264.7,1244.4,1251.9,171060
2024-01-12 00:00:00+05:30,1257.0,1261.0,1218.0,1226.7,363520
2024-01-15 00:00:00+05:30,1237.5,1258.0,1225.0,1242.4,280468
2024-01-16 00:00:00+05:30,1242.4,1249.4,1210.5,1212.2,279696
2024-01-17 00:00:00+05:30,1212.2,1220.9,1201.5,1218.8,458518
2024-01-18 00:00:00+05:30,1218.8,1230.0,1190.8,1227.9,259216
2024-01-19 00:00:00+05:30,1235.0,1235.0,1219.0,1224.0,201172
2024-01-20 00:00:00+05:30,1225.5,1234.8,1202.5,1212.4,180884
2024-01-23 00:00:00+05:30,1204.1,1209.0,1176.4,1185.5,222128
2024-01-24 00:00:00+05:30,1185.5,1216.8,1176.8,1212.3,479050
2024-01-25 00:00:00+05:30,1222.0,1232.0,1196.2,1200.2,510542
2024-01-29 00:00:00+05:30,1200.0,1229.5,1181.6,1214.6,338874
2024-01-30 00:00:00+05:30,1214.6,1256.5,1214.6,1238.1,491420
2024-01-31 00:00:00+05:30,1249.0,1263.0,1237.5,1258.7,611036
2024-02-01 00:00:00+05:30,1253.2,1283.3,1235.0,1249.8,985330
2024-02-02 00:00:00+05:30,1256.5,1260.0,1218.0,1226.6,693072
2024-02-05 00:00:00+05:30,1226.6,1246.4,1205.4,1210.6,1199052
2024-02-06 00:00:00+05:30,1204.0,1259.0,1201.9,1256.6,648422
2024-02-07 00:00:00+05:30,1257.5,1258.0,1232.2,1250.7,195086
2024-02-08 00:00:00+05:30,1251.5,1254.0,1203.8,1209.0,329232
2024-02-09 00:00:00+05:30,1220.0,1231.0,1203.0,1226.0,236688
2024-02-12 00:00:00+05:30,1239.0,1252.5,1224.1,1229.4,238108
2024-02-13 00:00:00+05:30,1222.5,1242.4,1216.2,1238.5,154044
2024-02-14 00:00:00+05:30,1222.6,1247.5,1210.0,1227.4,172184
2024-02-15 00:00:00+05:30,1230.0,1238.0,1212.5,1217.1,216770
2024-02-16 00:00:00+05:30,1218.5,1264.0,1218.5,1235.8,772142
2024-02-19 00:00:00+05:30,1247.0,1264.0,1237.5,1250.4,550898
2024-02-20 00:00:00+05:30,1252.5,1262.1,1222.0,1236.2,356824
2024-02-21 00:00:00+05:30,1226.0,1240.0,1208.8,1214.4,257106
2024-02-22 00:00:00+05:30,1214.4,1230.7,1206.5,1222.2,247602
2024-02-23 00:00:00+05:30,1225.0,1239.4,1218.6,1224.0,174706
2024-02-26 00:00:00+05:30,1220.0,1224.0,1204.7,1208.9,192394
2024-02-27 00:00:00+05:30,1205.0,1219.0,1182.0,1185.0,275790
2024-02-28 00:00:00+05:30,1185.1,1192.0,1150.0,1156.5,245714
2024-02-29 00:00:00+05:30,1150.0,1180.1,1142.5,1175.8,514920
2024-03-01 00:00:00+05:30,1170.0,1184.2,1157.7,1164.0,329854
2024-03-02 00:00:00+05:30,1165.0,1186.8,1160.0,1167.0,16528
2024-03-04 00:00:00+05:30,1157.5,1174.9,1134.9,1137.6,535100
2024-03-05 00:00:00+05:30,1137.5,1146.0,1111.1,1118.9,410738
2024-03-06 00:00:00+05:30,1118.9,1129.4,1087.3,1098.1,402000
2024-03-07 00:00:00+05:30,1108.1,1109.2,1087.5,1089.5,290562
2024-03-11 00:00:00+05:30,1090.0,1095.9,1066.5,1071.4,392380
2024-03-12 00:00:00+05:30,1071.5,1080.0,1044.0,1046.7,510078
2024-03-13 00:00:00+05:30,1050.0,1053.4,1000.0,1006.0,781282
2024-03-14 00:00:00+05:30,1005.5,1053.5,989.9,1025.7,1097514
2024-03-15 00:00:00+05:30,1030.0,1032.5,1006.6,1011.1,364412
2024-03-18 00:00:00+05:30,1011.5,1017.5,1004.2,1005.7,775732
2024-03-19 00:00:00+05:30,1004.6,1008.0,971.8,1005.5,968390
2024-03-20 00:00:00+05:30,1008.5,1029.5,1007.4,1022.7,588842
2024-03-21 00:00:00+05:30,1037.4,1042.8,1021.4,1038.4,544028
2024-03-22 00:00:00+05:30,1057.5,1066.4,1032.6,1064.4,621918
2024-03-26 00:00:00+05:30,1073.0,1137.2,1073.0,1133.8,2185680
2024-03-27 00:00:00+05:30,1135.0,1142.7,1123.0,1137.4,764404
2024-03-28 00:00:00+05:30,1130.5,1154.0,1126.6,1131.4,1045056
2024-04-01 00:00:00+05:30,1131.4,1155.0,1131.4,1144.1,1131892
2024-04-02 00:00:00+05:30,1151.5,1151.5,1130.3,1139.1,510188
2024-04-03 00:00:00+05:30,1145.0,1149.0,1128.5,1145.8,223736
2024-04-04 00:00:00+05:30,1155.0,1156.5,1131.0,1138.4,200806
2024-04-05 00:00:00+05:30,1126.2,1146.1,1126.2,1142.2,333656
2024-04-08 00:00:00+05:30,1142.4,1154.7,1131.3,1145.4,275074
2024-04-09 00:00:00+05:30,1145.4,1161.0,1140.2,1144.3,443846
2024-04-10 00:00:00+05:30,1145.0,1159.4,1135.1,1152.2,293056
2024-04-12 00:00:00+05:30,1155.0,1196.2,1155.0,1179.2,1333538
2024-04-15 00:00:00+05:30,1170.0,1179.2,1141.0,1160.0,415118
2024-04-16 00:00:00+05:30,1150.0,1169.5,1141.4,1163.7,461096
2024-04-18 00:00:00+05:30,1162.0,1163.5,1117.5,1122.3,706820
2024-04-19 00:00:00+05:30,1117.5,1118.9,1082.9,1104.6,491428
2024-04-22 00:00:00+05:30,1120.5,1138.5,1113.2,1131.3,598976
2024-04-23 00:00:00+05:30,1140.5,1140.5,1120.4,1124.7,350668
2024-04-24 00:00:00+05:30,1124.7,1175.0,1124.7,1164.4,1082306
2024-04-25 00:00:00+05:30,1167.5,1171.5,1153.5,1165.3,233490
2024-04-26 00:00:00+05:30,1165.3,1200.0,1165.3,1194.2,533692
2024-04-29 00:00:00+05:30,1200.0,1215.4,1165.0,1173.5,851626
2024-04-30 00:00:00+05:30,1183.4,1189.8,1176.6,1186.2,395168
2024-05-02 00:00:00+05:30,1186.5,1199.0,1171.5,1174.9,164282
2024-05-03 00:00:00+05:30,1180.0,1183.1,1145.5,1159.2,224274
2024-05-06 00:00:00+05:30,1157.5,1184.5,1151.0,1169.8,141722
2024-05-07 00:00:00+05:30,1175.8,1175.8,1146.5,1161.3,192334
2024-05-08 00:00:00+05:30,1161.3,1178.8,1151.0,1164.6,206766
2024-05-09 00:00:00+05:30,1172.0,1173.4,1100.6,1115.8,381968
2024-05-10 00:00:00+05:30,1115.5,1202.5,1105.6,1174.0,1780172
2024-05-13 00:00:00+05:30,1208.5,1270.0,1208.5,1247.2,3742758
2024-05-14 00:00:00+05:30,1245.4,1259.0,1221.5,1245.8,683176
2024-05-15 00:00:00+05:30,1250.4,1268.9,1233.5,1236.8,373152
2024-05-16 00:00:00+05:30,1240.0,1270.0,1237.5,1261.0,692908
2024-05-17 00:00:00+05:30,1262.5,1282.3,1250.2,1274.6,566068
2024-05-18 00:00:00+05:30,1277.5,1282.5,1265.1,1267.8,40044
2024-05-21 00:00:00+05:30,1267.9,1280.6,1250.0,1278.2,711064
2024-05-22 00:00:00+05:30,1275.6,1303.2,1263.2,1293.0,1017286
2024-05-23 00:00:00+05:30,1291.0,1293.0,1266.6,1290.6,278582
2024-05-24 00:00:00+05:30,1277.5,1317.5,1277.5,1313.1,792148
2024-05-27 00:00:00+05:30,1313.7,1324.0,1297.6,1316.2,219546
2024-05-28 00:00:00+05:30,1312.6,1323.2,1300.0,1308.6,211884
2024-05-29 00:00:00+05:30,1301.5,1330.0,1285.8,1327.0,332188
2024-05-30 00:00:00+05:30,1327.0,1327.0,1304.5,1313.7,302410
2024-05-31 00:00:00+05:30,1323.7,1328.0,1308.8,1323.9,431216
2024-06-03 00:00:00+05:30,1332.0,1341.0,1315.5,1337.1,254622
2024-06-04 00:00:00+05:30,1337.1,1337.1,1254.0,1322.2,482340
2024-06-05 00:00:00+05:30,1312.5,1400.4,1312.5,1387.4,763784
2024-06-06 00:00:00+05:30,1388.1,1411.0,1352.8,1377.4,724680
2024-06-07 00:00:00+05:30,1397.5,1401.7,1371.4,1399.2,432102
2024-06-10 00:00:00+05:30,1415.0,1444.5,1385.6,1391.9,750074
2024-06-11 00:00:00+05:30,1387.5,1411.3,1385.0,1401.0,306898
2024-06-12 00:00:00+05:30,1401.0,1411.0,1365.7,1375.9,723286
2024-06-13 00:00:00+05:30,1395.0,1421.3,1376.0,1388.8,856434
2024-06-14 00:00:00+05:30,1395.3,1400.0,1358.3,1375.1,472944
2024-06-18 00:00:00+05:30,1366.8,1376.9,1352.6,1361.9,463244
2024-06-19 00:00:00+05:30,1360.0,1368.1,1336.0,1339.6,299660
2024-06-20 00:00:00+05:30,1339.5,1362.7,1325.2,1349.4,443212
2024-06-21 00:00:00+05:30,1358.2,1358.5,1330.5,1336.8,583398
2024-06-24 00:00:00+05:30,1316.2,1350.0,1315.8,1344.8,271198
2024-06-25 00:00:00+05:30,1344.8,1385.6,1343.5,1359.5,506814
2024-06-26 00:00:00+05:30,1355.6,1377.5,1351.0,1373.4,240194
2024-06-27 00:00:00+05:30,1376.0,1396.7,1365.3,1374.0,356414
2024-06-28 00:00:00+05:30,1374.0,1418.0,1374.0,1390.4,652038
2024-07-01 00:00:00+05:30,1397.5,1434.0,1391.1,1411.8,467714
2024-07-02 00:00:00+05:30,1422.2,1424.0,1387.5,1390.2,214498
2024-07-03 00:00:00+05:30,1402.2,1425.0,1392.0,1410.5,492008
2024-07-04 00:00:00+05:30,1418.7,1463.5,1411.0,1453.3,850956
2024-07-05 00:00:00+05:30,1463.4,1467.0,1435.0,1442.5,470176
2024-07-08 00:00:00+05:30,1444.8,1469.6,1434.0,1453.2,724966
2024-07-09 00:00:00+05:30,1467.0,1499.4,1455.8,1462.6,1248556
2024-07-10 00:00:00+05:30,1466.8,1480.5,1433.9,1474.4,757016
2024-07-11 00:00:00+05:30,1480.5,1485.2,1453.2,1473.2,674696
2024-07-12 00:00:00+05:30,1473.2,1481.4,1463.0,1475.4,224948
2024-07-15 00:00:00+05:30,1487.5,1527.5,1477.5,1498.4,849670
2024-07-16 00:00:00+05:30,1502.5,1510.2,1477.7,1499.0,616512
2024-07-18 00:00:00+05:30,1494.0,1518.7,1486.1,1494.5,699694
2024-07-19 00:00:00+05:30,1495.0,1509.9,1480.0,1496.9,888316
2024-07-22 00:00:00+05:30,1495.7,1545.0,1494.5,1533.2,1401306
2024-07-23 00:00:00+05:30,1535.0,1547.5,1488.1,1532.6,639394
2024-07-24 00:00:00+05:30,1525.0,1528.2,1498.0,1515.6,428376
2024-07-25 00:00:00+05:30,1514.0,1523.8,1482.1,1509.4,319932
2024-07-26 00:00:00+05:30,1487.5,1541.2,1486.0,1539.3,161430
2024-07-29 00:00:00+05:30,1547.4,1560.9,1535.5,1539.1,157638
2024-07-30 00:00:00+05:30,1541.1,1572.8,1534.0,1545.8,460136
2024-07-31 00:00:00+05:30,1535.0,1575.0,1535.0,1545.3,473230
2024-08-01 00:00:00+05:30,1553.1,1563.0,1535.3,1549.5,285848
2024-08-02 00:00:00+05:30,1543.5,1563.8,1530.7,1548.3,187842
2024-08-05 00:00:00+05:30,1525.1,1592.5,1525.1,1580.1,1080060
2024-08-06 00:00:00+05:30,1600.0,1605.0,1555.5,1584.1,789988
2024-08-07 00:00:00+05:30,1594.0,1680.0,1578.6,1637.3,1123804
2024-08-08 00:00:00+05:30,1636.5,1639.5,1576.2,1593.2,1738932
2024-08-09 00:00:00+05:30,1610.0,1632.5,1598.8,1605.8,360476
2024-08-12 00:00:00+05:30,1593.2,1625.0,1551.8,1613.6,667034
2024-08-13 00:00:00+05:30,1612.5,1653.2,1597.1,1628.3,430402
2024-08-14 00:00:00+05:30,1628.3,1632.5,1600.0,1603.9,288740
2024-08-16 00:00:00+05:30,1605.1,1659.4,1605.1,1650.4,454020
2024-08-19 00:00:00+05:30,1655.0,1669.4,1645.0,1655.4,173318
2024-08-20 00:00:00+05:30,1651.5,1675.0,1645.1,1670.7,319226
2024-08-21 00:00:00+05:30,1662.5,1692.5,1642.5,1645.0,924184
2024-08-22 00:00:00+05:30,1648.0,1664.5,1644.4,1653.2,461226
2024-08-23 00:00:00+05:30,1645.0,1662.4,1640.0,1652.0,408616
2024-08-26 00:00:00+05:30,1651.0,1667.5,1646.0,1660.1,563792
2024-08-27 00:00:00+05:30,1660.1,1682.0,1655.5,1672.7,406676
2024-08-28 00:00:00+05:30,1677.5,1698.4,1663.4,1681.4,324290
2024-08-29 00:00:00+05:30,1666.0,1687.4,1664.2,1679.4,437590
2024-08-30 00:00:00+05:30,1676.0,1729.7,1674.8,1708.7,524892
2024-09-02 00:00:00+05:30,1710.0,1726.4,1684.2,1694.6,222526
2024-09-03 00:00:00+05:30,1695.0,1717.5,1681.8,1686.9,275426
2024-09-04 00:00:00+05:30,1684.0,1707.3,1677.6,1701.6,679758
2024-09-05 00:00:00+05:30,1712.5,1719.3,1696.2,1702.2,368320
2024-09-06 00:00:00+05:30,1712.0,1724.8,1682.0,1689.2,275864
2024-09-09 00:00:00+05:30,1685.0,1695.0,1675.6,1689.4,214862
2024-09-10 00:00:00+05:30,1689.0,1716.0,1675.5,1688.9,247544
2024-09-11 00:00:00+05:30,1690.1,1704.8,1690.1,1698.1,148462
2024-09-12 00:00:00+05:30,1704.8,1718.0,1702.6,1708.4,370898
2024-09-13 00:00:00+05:30,1710.8,1716.1,1687.6,1690.9,462910
2024-09-16 00:00:00+05:30,1690.9,1703.1,1667.0,1671.4,293626
2024-09-17 00:00:00+05:30,1673.3,1677.0,1638.7,1641.8,148572
2024-09-18 00:00:00+05:30,1640.4,1643.0,1605.0,1618.1,208820
2024-09-19 00:00:00+05:30,1622.4,1648.0,1620.0,1637.4,228052
2024-09-20 00:00:00+05:30,1652.5,1658.0,1631.2,1646.0,363092
2024-09-23 00:00:00+05:30,1647.2,1655.4,1634.2,1644.0,179470
2024-09-24 00:00:00+05:30,1653.0,1688.8,1640.8,1675.0,673780
2024-09-25 00:00:00+05:30,1685.0,1696.8,1658.3,1665.6,171592
2024-09-26 00:00:00+05:30,1665.0,1669.8,1611.1,1640.6,348454
2024-09-27 00:00:00+05:30,1639.9,1651.7,1622.5,1635.9,507724
2024-09-30 00:00:00+05:30,1623.5,1660.0,1623.5,1651.4,201818
2024-10-01 00:00:00+05:30,1655.0,1710.8,1651.6,1707.8,224240
2024-10-03 00:00:00+05:30,1707.4,1731.4,1682.5,1709.7,548844
2024-10-04 00:00:00+05:30,1719.0,1762.5,1698.0,1747.6,1474390
2024-10-07 00:00:00+05:30,1765.0,1779.2,1687.5,1729.9,712590
2024-10-08 00:00:00+05:30,1730.0,1794.6,1712.5,1786.2,575130
2024-10-09 00:00:00+05:30,1787.5,1810.8,1778.0,1802.8,305932
2024-10-10 00:00:00+05:30,1817.0,1827.0,1744.6,1764.4,323194
2024-10-11 00:00:00+05:30,1764.4,1771.7,1745.3,1753.0,149244
2024-10-14 00:00:00+05:30,1757.1,1759.6,1696.1,1710.1,212118
2024-10-15 00:00:00+05:30,1709.1,1716.4,1683.5,1695.7,170668
2024-10-16 00:00:00+05:30,1692.4,1695.4,1644.1,1664.9,416932
2024-10-17 00:00:00+05:30,1664.9,1673.3,1639.5,1656.4,567268
2024-10-18 00:00:00+05:30,1658.5,1691.4,1656.0,1678.0,425538
2024-10-21 00:00:00+05:30,1690.0,1706.0,1640.0,1648.4,216424
2024-10-22 00:00:00+05:30,1657.0,1672.6,1636.2,1655.0,347566
2024-10-23 00:00:00+05:30,1650.4,1669.0,1620.5,1627.8,329950
2024-10-24 00:00:00+05:30,1659.5,1688.0,1510.5,1524.6,2466024
2024-10-25 00:00:00+05:30,1536.7,1572.2,1522.8,1568.8,647570
2024-10-28 00:00:00+05:30,1552.5,1567.4,1527.0,1548.8,539226
2024-10-29 00:00:00+05:30,1550.0,1557.0,1511.4,1527.6,481028
2024-10-30 00:00:00+05:30,1527.6,1536.0,1517.6,1522.2,454036
2024-10-31 00:00:00+05:30,1527.5,1565.0,1506.0,1556.5,798734
2024-11-01 00:00:00+05:30,1558.0,1574.2,1532.0,1543.9,39932
2024-11-04 00:00:00+05:30,1544.4,1550.0,1527.5,1536.2,154230
2024-11-05 00:00:00+05:30,1532.5,1552.4,1520.7,1535.4,203262
2024-11-06 00:00:00+05:30,1536.5,1557.2,1534.0,1550.2,158078
2024-11-07 00:00:00+05:30,1550.0,1562.0,1525.0,1536.0,164830
2024-11-08 00:00:00+05:30,1522.6,1550.7,1522.6,1530.1,164880
2024-11-11 00:00:00+05:30,1522.7,1540.0,1492.8,1504.9,561832
2024-11-12 00:00:00+05:30,1505.6,1534.0,1505.6,1515.0,267682
2024-11-13 00:00:00+05:30,1501.2,1514.0,1471.0,1478.6,412992
2024-11-14 00:00:00+05:30,1480.0,1495.0,1464.0,1478.2,298466
2024-11-18 00:00:00+05:30,1478.7,1506.7,1459.0,1483.9,272580
2024-11-19 00:00:00+05:30,1485.7,1536.6,1485.2,1520.7,426826
2024-11-21 00:00:00+05:30,1510.5,1526.0,1505.6,1513.0,130354
2024-11-22 00:00:00+05:30,1507.1,1531.4,1507.1,1526.8,97866
2024-11-25 00:00:00+05:30,1542.8,1551.0,1522.6,1545.6,225830
2024-11-26 00:00:00+05:30,1546.1,1571.8,1543.1,1549.0,228718
2024-11-27 00:00:00+05:30,1549.0,1553.3,1510.6,1516.0,182392
2024-11-28 00:00:00+05:30,1516.0,1521.5,1485.0,1490.3,173024
2024-11-29 00:00:00+05:30,1490.3,1507.0,1485.5,1501.4,145092
2024-12-02 00:00:00+05:30,1500.6,1514.0,1492.0,1509.1,172316
2024-12-03 00:00:00+05:30,1509.6,1510.8,1483.0,1486.4,279264
2024-12-04 00:00:00+05:30,1486.5,1496.6,1475.5,1485.4,187726
2024-12-05 00:00:00+05:30,1485.4,1500.0,1475.6,1492.8,518610
2024-12-06 00:00:00+05:30,1491.5,1543.2,1489.9,1534.0,629502
2024-12-09 00:00:00+05:30,1536.9,1573.4,1513.2,1568.4,363204
2024-12-10 00:00:00+05:30,1570.5,1603.5,1570.5,1583.1,623940
2024-12-11 00:00:00+05:30,1585.1,1589.6,1568.6,1576.7,216290
2024-12-12 00:00:00+05:30,1576.7,1583.2,1515.5,1519.7,324726
2024-12-13 00:00:00+05:30,1524.1,1526.2,1493.9,1501.0,439878
2024-12-16 00:00:00+05:30,1501.0,1514.5,1477.5,1489.2,286464
2024-12-17 00:00:00+05:30,1487.4,1521.0,1487.4,1513.4,248524
2024-12-18 00:00:00+05:30,1512.5,1532.8,1509.3,1519.5,345884
2024-12-19 00:00:00+05:30,1505.5,1518.5,1497.3,1511.2,128524
2024-12-20 00:00:00+05:30,1510.0,1515.4,1467.5,1473.1,177060
2024-12-23 00:00:00+05:30,1400.1,1507.2,1400.1,1473.1,567540
2024-12-24 00:00:00+05:30,1476.9,1479.9,1458.0,1462.1,91984
2024-12-26 00:00:00+05:30,1458.5,1485.0,1454.2,1477.3,192690
2024-12-27 00:00:00+05:30,1469.0,1496.2,1464.9,1474.4,300698
2024-12-30 00:00:00+05:30,1466.3,1507.2,1465.5,1477.4,1678882
2024-12-31 00:00:00+05:30,1468.0,1507.2,1465.5,1500.2,173042
2025-01-01 00:00:00+05:30,1495.6,1532.5,1490.9,1526.5,358328
2025-01-02 00:00:00+05:30,1529.4,1531.1,1488.5,1500.5,744248
2025-01-03 00:00:00+05:30,1501.0,1517.4,1454.1,1472.3,666292
2025-01-06 00:00:00+05:30,1492.5,1538.5,1475.1,1500.2,2603778
2025-01-07 00:00:00+05:30,1500.0,1572.0,1491.1,1550.3,1038036
2025-01-08 00:00:00+05:30,1550.4,1555.5,1490.6,1497.3,305970
2025-01-09 00:00:00+05:30,1504.8,1506.2,1482.4,1502.1,192944
2025-01-10 00:00:00+05:30,1501.7,1501.7,1454.3,1464.1,307982
2025-01-13 00:00:00+05:30,1450.0,1456.0,1425.0,1431.9,280780
2025-01-14 00:00:00+05:30,1431.0,1436.1,1392.8,1401.5,726646
2025-01-15 00:00:00+05:30,1402.5,1410.6,1365.0,1385.7,456440
2025-01-16 00:00:00+05:30,1402.2,1409.8,1378.0,1406.7,262712
2025-01-17 00:00:00+05:30,1412.5,1415.0,1396.5,1405.0,101800
2025-01-20 00:00:00+05:30,1405.0,1419.5,1396.5,1410.2,125274
2025-01-21 00:00:00+05:30,1407.9,1425.3,1387.4,1397.2,259382
2025-01-22 00:00:00+05:30,1404.2,1425.0,1397.2,1421.4,328576
2025-01-23 00:00:00+05:30,1435.0,1464.5,1430.8,1438.8,502662
2025-01-24 00:00:00+05:30,1430.0,1434.3,1405.4,1414.4,591898
2025-01-27 00:00:00+05:30,1412.2,1412.2,1369.9,1373.4,232918
2025-01-28 00:00:00+05:30,1375.0,1381.0,1333.5,1341.0,423532
2025-01-29 00:00:00+05:30,1338.6,1393.4,1338.6,1379.5,578978
2025-01-30 00:00:00+05:30,1379.5,1446.0,1377.5,1438.9,1904936
2025-01-31 00:00:00+05:30,1444.0,1467.5,1411.0,1426.5,465324
2025-02-01 00:00:00+05:30,1444.5,1447.0,1397.5,1430.8,152432
2025-02-03 00:00:00+05:30,1425.0,1429.0,1385.6,1408.6,278502
2025-02-04 00:00:00+05:30,1427.5,1430.8,1392.4,1415.1,298602
2025-02-05 00:00:00+05:30,1423.0,1425.0,1392.0,1396.2,194994
2025-02-06 00:00:00+05:30,1380.0,1409.0,1380.0,1402.8,230960
2025-02-07 00:00:00+05:30,1402.5,1409.8,1385.0,1405.9,130266
2025-02-10 00:00:00+05:30,1416.6,1416.6,1383.6,1386.4,145130
2025-02-11 00:00:00+05:30,1376.0,1386.1,1338.8,1358.2,362132
2025-02-12 00:00:00+05:30,1338.0,1361.5,1321.5,1336.7,203870
2025-02-13 00:00:00+05:30,1330.0,1345.0,1307.6,1311.8,178694
2025-02-14 00:00:00+05:30,1311.8,1331.2,1293.5,1310.2,201854
2025-02-17 00:00:00+05:30,1303.6,1318.5,1296.3,1314.8,395890
2025-02-18 00:00:00+05:30,1314.8,1320.9,1301.6,1313.6,101008
2025-02-19 00:00:00+05:30,1300.0,1314.8,1283.1,1306.4,202494
2025-02-20 00:00:00+05:30,1306.0,1320.0,1286.2,1312.7,232254
2025-02-21 00:00:00+05:30,1312.7,1315.0,1273.0,1299.8,354404
2025-02-24 00:00:00+05:30,1296.0,1312.4,1288.9,1294.9,419306
2025-02-25 00:00:00+05:30,1294.9,1308.4,1191.5,1205.0,1655332
2025-02-27 00:00:00+05:30,1199.5,1217.5,1151.2,1179.3,1757204
2025-02-28 00:00:00+05:30,1176.0,1179.2,1150.0,1155.2,253896
2025-03-03 00:00:00+05:30,1154.4,1177.5,1146.8,1174.8,313404
2025-03-04 00:00:00+05:30,1162.5,1200.0,1155.4,1193.4,373130
2025-03-05 00:00:00+05:30,1191.0,1217.4,1184.8,1213.6,712416
2025-03-06 00:00:00+05:30,1225.5,1262.5,1211.5,1259.2,277216
2025-03-07 00:00:00+05:30,1250.0,1266.7,1241.5,1246.6,154760
2025-03-10 00:00:00+05:30,1255.9,1314.0,1246.1,1302.0,800266
2025-03-11 00:00:00+05:30,1279.3,1300.7,1253.5,1264.2,405496
2025-03-12 00:00:00+05:30,1255.5,1275.7,1247.3,1261.6,133736
2025-03-13 00:00:00+05:30,1251.0,1268.7,1246.9,1262.5,110926
2025-03-17 00:00:00+05:30,1262.5,1291.0,1262.5,1271.6,244258
2025-03-18 00:00:00+05:30,1284.0,1284.0,1250.0,1266.1,260276
2025-03-19 00:00:00+05:30,1260.5,1290.0,1260.5,1279.9,274884
2025-03-20 00:00:00+05:30,1295.5,1295.5,1255.5,1259.1,115676
2025-03-21 00:00:00+05:30,1253.4,1278.7,1249.0,1266.9,315344
2025-03-24 00:00:00+05:30,1259.2,1272.4,1239.2,1245.2,796254
2025-03-25 00:00:00+05:30,1257.0,1264.5,1240.0,1251.4,351612
2025-03-26 00:00:00+05:30,1251.5,1258.7,1220.3,1223.9,446850
2025-03-27 00:00:00+05:30,1205.0,1277.6,1205.0,1244.0,676666
2025-03-28 00:00:00+05:30,1243.9,1252.5,1230.0,1239.4,175304
2025-04-01 00:00:00+05:30,1244.9,1259.5,1188.0,1199.7,833222
2025-04-02 00:00:00+05:30,1200.0,1255.0,1185.5,1248.6,1977554
2025-04-03 00:00:00+05:30,1242.5,1288.1,1231.8,1257.4,202304
2025-04-04 00:00:00+05:30,1255.0,1270.5,1232.5,1257.8,203346
2025-04-07 00:00:00+05:30,1191.1,1242.7,1175.8,1231.6,782598
2025-04-08 00:00:00+05:30,1262.3,1272.7,1226.9,1268.0,118468
2025-04-09 00:00:00+05:30,1253.0,1343.0,1253.0,1333.9,1075014
2025-04-11 00:00:00+05:30,1335.0,1357.5,1320.0,1350.9,348208
2025-04-15 00:00:00+05:30,1351.0,1384.0,1340.7,1376.4,250222
2025-04-16 00:00:00+05:30,1375.5,1389.8,1364.5,1386.2,162492
2025-04-17 00:00:00+05:30,1375.0,1386.2,1350.5,1357.0,189744
2025-04-21 00:00:00+05:30,1347.0,1372.3,1347.0,1363.6,130340
2025-04-22 00:00:00+05:30,1370.0,1392.5,1361.8,1381.0,127388
2025-04-23 00:00:00+05:30,1389.5,1393.2,1366.8,1384.1,102642
2025-04-24 00:00:00+05:30,1387.5,1420.4,1378.6,1394.1,238666
2025-04-25 00:00:00+05:30,1418.5,1489.5,1361.6,1455.6,2362236
2025-04-28 00:00:00+05:30,1397.5,1440.0,1386.2,1405.8,936796
2025-04-29 00:00:00+05:30,1417.5,1425.8,1376.3,1388.9,425970
2025-04-30 00:00:00+05:30,1389.0,1425.0,1370.2,1384.6,459734
2025-05-02 00:00:00+05:30,1381.5,1419.8,1361.4,1396.8,275418
2025-05-05 00:00:00+05:30,1398.1,1401.9,1365.6,1379.2,141936
2025-05-06 00:00:00+05:30,1379.0,1408.6,1366.8,1403.9,270446
2025-05-07 00:00:00+05:30,1378.0,1430.5,1377.5,1426.2,267370
2025-05-08 00:00:00+05:30,1422.5,1451.5,1378.3,1387.6,308424
2025-05-09 00:00:00+05:30,1369.5,1437.5,1354.0,1387.2,334690
2025-05-12 00:00:00+05:30,1415.3,1424.4,1382.0,1403.6,317536
2025-05-13 00:00:00+05:30,1406.0,1430.0,1375.0,1389.9,252394
2025-05-14 00:00:00+05:30,1404.9,1413.4,1385.0,1403.2,1018226
2025-05-15 00:00:00+05:30,1405.3,1411.6,1390.0,1396.4,183508
2025-05-16 00:00:00+05:30,1407.0,1411.8,1375.4,1399.8,243342
2025-05-19 00:00:00+05:30,1410.0,1413.0,1386.6,1397.2,347016
2025-05-20 00:00:00+05:30,1411.8,1425.0,1390.5,1410.6,354244
2025-05-21 00:00:00+05:30,1417.5,1442.5,1401.8,1417.6,309648
2025-05-22 00:00:00+05:30,1417.5,1424.2,1395.9,1410.1,140140
2025-05-23 00:00:00+05:30,1414.9,1434.5,1394.7,1424.9,181716
2025-05-26 00:00:00+05:30,1425.0,1453.1,1415.0,1432.0,175972
2025-05-27 00:00:00+05:30,1437.4,1437.5,1415.5,1424.4,129360
2025-05-28 00:00:00+05:30,1424.4,1426.2,1398.6,1413.4,230128
2025-05-29 00:00:00+05:30,1423.5,1427.2,1410.0,1414.7,70100
2025-05-30 00:00:00+05:30,1426.0,1426.0,1387.9,1393.3,227602
2025-06-02 00:00:00+05:30,1400.0,1400.0,1373.1,1383.0,203376
2025-06-03 00:00:00+05:30,1382.5,1427.0,1377.5,1411.9,237582
2025-06-04 00:00:00+05:30,1424.0,1432.0,1411.6,1425.2,219956
2025-06-05 00:00:00+05:30,1432.5,1444.0,1422.6,1428.5,221144
2025-06-06 00:00:00+05:30,1440.0,1442.5,1417.6,1423.1,152980
2025-06-09 00:00:00+05:30,1427.5,1447.4,1427.5,1437.4,126272
2025-06-10 00:00:00+05:30,1445.0,1486.8,1416.0,1480.0,412320
2025-06-11 00:00:00+05:30,1495.0,1508.8,1472.0,1492.6,575230
2025-06-12 00:00:00+05:30,1490.0,1514.8,1472.7,1485.8,330210
2025-06-13 00:00:00+05:30,1480.5,1482.6,1452.9,1476.7,282078
2025-06-16 00:00:00+05:30,1476.7,1485.0,1446.2,1473.5,169750
2025-06-17 00:00:00+05:30,1472.0,1476.4,1450.5,1464.1,117372
2025-06-18 00:00:00+05:30,1452.5,1469.9,1437.5,1455.8,93768
2025-06-19 00:00:00+05:30,1463.4,1463.4,1435.0,1439.8,73404
2025-06-20 00:00:00+05:30,1447.0,1467.0,1432.7,1456.2,251726
2025-06-23 00:00:00+05:30,1424.5,1448.0,1396.6,1402.0,388362
2025-06-24 00:00:00+05:30,1403.8,1417.5,1365.0,1368.6,250954
2025-06-25 00:00:00+05:30,1377.5,1398.0,1372.5,1383.6,488590
2025-06-26 00:00:00+05:30,1390.5,1390.5,1365.4,1374.7,419314
2025-06-27 00:00:00+05:30,1381.4,1395.0,1370.0,1384.4,403450
2025-06-30 00:00:00+05:30,1392.5,1412.1,1391.4,1398.2,124912
2025-07-01 00:00:00+05:30,1409.4,1409.4,1380.4,1387.0,581184
2025-07-02 00:00:00+05:30,1385.0,1409.7,1382.8,1386.4,404520
2025-07-03 00:00:00+05:30,1396.0,1396.0,1371.4,1378.4,191874
2025-07-04 00:00:00+05:30,1375.0,1429.5,1373.8,1424.5,459852
2025-07-07 00:00:00+05:30,1427.5,1437.0,1407.5,1427.4,252398
2025-07-08 00:00:00+05:30,1429.5,1461.5,1412.4,1440.0,414414
2025-07-09 00:00:00+05:30,1449.0,1496.0,1448.4,1481.8,680046
2025-07-10 00:00:00+05:30,1490.0,1495.0,1449.0,1464.8,272338
2025-07-11 00:00:00+05:30,1464.5,1474.0,1442.7,1463.2,463172
2025-07-14 00:00:00+05:30,1455.0,1463.2,1440.0,1448.8,126738
2025-07-15 00:00:00+05:30,1450.0,1491.0,1437.9,1487.2,420598
2025-07-16 00:00:00+05:30,1480.1,1500.1,1472.9,1492.8,338502
2025-07-17 00:00:00+05:30,1499.0,1514.0,1476.5,1491.2,161692
2025-07-18 00:00:00+05:30,1477.9,1507.0,1473.0,1501.8,264208
2025-07-21 00:00:00+05:30,1494.3,1497.4,1461.8,1486.8,188992
2025-07-22 00:00:00+05:30,1486.8,1509.9,1473.8,1502.0,199262
2025-07-23 00:00:00+05:30,1499.7,1527.6,1490.0,1508.6,276208
2025-07-24 00:00:00+05:30,1508.6,1555.6,1503.8,1546.4,460260
2025-07-25 00:00:00+05:30,1546.4,1569.0,1525.0,1538.6,170942
2025-07-28 00:00:00+05:30,1538.5,1561.2,1500.4,1516.2,143122
2025-07-29 00:00:00+05:30,1524.8,1526.2,1505.0,1513.1,130726
2025-07-30 00:00:00+05:30,1525.0,1560.0,1507.6,1549.6,224152
2025-07-31 00:00:00+05:30,1515.5,1587.5,1515.5,1575.4,542008
2025-08-01 00:00:00+05:30,1595.0,1608.0,1554.0,1588.6,408492
2025-08-04 00:00:00+05:30,1603.0,1603.0,1542.6,1550.0,183238
2025-08-05 00:00:00+05:30,1550.5,1607.0,1550.5,1597.2,348856
2025-08-06 00:00:00+05:30,1590.5,1610.5,1583.8,1604.4,254856
2025-08-07 00:00:00+05:30,1596.4,1613.7,1573.2,1606.6,160162
2025-08-08 00:00:00+05:30,1609.5,1611.9,1585.0,1595.2,120546
2025-08-11 00:00:00+05:30,1595.0,1614.6,1587.4,1609.5,103296
2025-08-12 00:00:00+05:30,1609.5,1632.7,1609.1,1628.0,125318
2025-08-13 00:00:00+05:30,1628.0,1655.4,1616.6,1647.7,196788
2025-08-14 00:00:00+05:30,1659.0,1682.5,1630.0,1673.9,190960
2025-08-18 00:00:00+05:30,1690.0,1721.0,1673.2,1714.4,239498
2025-08-19 00:00:00+05:30,1723.0,1753.2,1680.8,1693.2,359150
2025-08-20 00:00:00+05:30,1696.2,1747.8,1696.2,1725.4,332108
2025-08-21 00:00:00+05:30,1727.5,1728.5,1669.3,1691.7,219118
2025-08-22 00:00:00+05:30,1694.5,1717.0,1664.5,1687.4,210544
2025-08-25 00:00:00+05:30,1680.5,1701.2,1670.0,1680.0,176170
2025-08-26 00:00:00+05:30,1665.0,1697.5,1649.3,1654.2,229048
2025-08-28 00:00:00+05:30,1654.0,1684.4,1637.5,1661.6,284760
2025-08-29 00:00:00+05:30,1650.6,1704.6,1646.4,1654.4,575410
2025-09-01 00:00:00+05:30,1654.4,1672.5,1612.5,1636.0,137016
2025-09-02 00:00:00+05:30,1649.5,1649.5,1600.0,1614.2,240404
2025-09-03 00:00:00+05:30,1614.2,1697.5,1604.2,1668.8,416852
2025-09-04 00:00:00+05:30,1699.5,1707.7,1652.2,1659.7,565084
2025-09-05 00:00:00+05:30,1654.5,1667.5,1614.7,1624.8,724518
2025-09-08 00:00:00+05:30,1622.5,1624.8,1585.0,1597.5,136998
2025-09-09 00:00:00+05:30,1605.4,1605.4,1580.0,1588.0,82022
2025-09-10 00:00:00+05:30,1590.0,1626.8,1587.0,1611.8,235914
2025-09-11 00:00:00+05:30,1624.0,1655.0,1600.8,1642.0,161266
2025-09-12 00:00:00+05:30,1643.2,1675.0,1632.5,1672.0,157522
2025-09-15 00:00:00+05:30,1671.0,1680.0,1630.0,1649.0,203858
2025-09-16 00:00:00+05:30,1660.0,1660.0,1630.0,1635.2,233190
2025-09-17 00:00:00+05:30,1641.8,1645.6,1618.0,1630.6,147826
2025-09-18 00:00:00+05:30,1630.5,1645.8,1626.0,1642.7,310690
2025-09-19 00:00:00+05:30,1646.1,1770.0,1638.0,1736.8,834152
2025-09-22 00:00:00+05:30,1728.4,1728.4,1681.1,1694.2,235074
2025-09-23 00:00:00+05:30,1702.9,1702.9,1652.5,1665.2,218380
2025-09-24 00:00:00+05:30,1665.2,1665.4,1642.5,1652.2,328448
2025-09-25 00:00:00+05:30,1644.8,1656.6,1614.1,1630.6,266386
2025-09-26 00:00:00+05:30,1615.1,1619.5,1590.8,1597.2,214344
2025-09-29 00:00:00+05:30,1590.5,1605.4,1551.0,1566.4,241792
2025-09-30 00:00:00+05:30,1577.4,1590.0,1551.2,1559.0,253684
2025-10-01 00:00:00+05:30,1552.5,1595.2,1552.5,1584.4,159610
2025-10-03 00:00:00+05:30,1575.5,1584.4,1558.5,1563.8,100878
2025-10-06 00:00:00+05:30,1563.8,1603.2,1549.2,1589.8,439510
2025-10-07 00:00:00+05:30,1595.4,1600.3,1561.7,1573.3,123510
2025-10-08 00:00:00+05:30,1573.3,1573.3,1531.0,1539.8,390350
2025-10-09 00:00:00+05:30,1530.5,1555.0,1510.4,1544.1,379486
2025-10-10 00:00:00+05:30,1531.5,1552.9,1527.8,1548.4,79358
2025-10-13 00:00:00+05:30,1550.0,1617.5,1534.4,1611.6,346764
2025-10-14 00:00:00+05:30,1610.0,1610.0,1575.2,1588.1,216710
2025-10-15 00:00:00+05:30,1600.3,1609.4,1554.0,1561.2,230826
2025-10-16 00:00:00+05:30,1553.0,1592.5,1551.0,1578.4,232078
2025-10-17 00:00:00+05:30,1578.8,1601.3,1548.0,1554.0,121672
2025-10-20 00:00:00+05:30,1554.0,1595.0,1534.1,1573.6,130908
2025-10-21 00:00:00+05:30,1573.6,1582.0,1563.2,1568.2,12836
2025-10-23 00:00:00+05:30,1558.0,1571.8,1530.0,1535.8,156520
2025-10-24 00:00:00+05:30,1536.2,1542.6,1501.4,1524.1,277820
2025-10-27 00:00:00+05:30,1550.0,1597.8,1530.1,1572.0,555596
2025-10-28 00:00:00+05:30,1580.0,1584.0,1540.0,1545.8,220780
2025-10-29 00:00:00+05:30,1556.0,1556.0,1531.5,1544.8,116694
2025-10-30 00:00:00+05:30,1541.5,1558.6,1535.0,1544.7,189218
2025-10-31 00:00:00+05:30,1545.0,1604.4,1531.5,1567.8,1056738
2025-11-03 00:00:00+05:30,1577.4,1645.0,1575.6,1627.4,729236
2025-11-04 00:00:00+05:30,1624.9,1625.0,1565.0,1576.8,289784
2025-11-06 00:00:00+05:30,1569.0,1584.4,1544.4,1554.0,199872
2025-11-07 00:00:00+05:30,1554.0,1555.0,1521.1,1548.4,122290
2025-11-10 00:00:00+05:30,1542.0,1568.2,1537.5,1544.7,108604
2025-11-11 00:00:00+05:30,1541.8,1550.0,1522.5,1532.0,153466
2025-11-12 00:00:00+05:30,1563.0,1563.6,1512.2,1540.4,168398
2025-11-13 00:00:00+05:30,1538.0,1587.5,1532.6,1571.8,264226
2025-11-14 00:00:00+05:30,1557.6,1582.5,1555.2,1576.6,94512
2025-11-17 00:00:00+05:30,1577.2,1582.2,1564.8,1579.2,134276
2025-11-18 00:00:00+05:30,1578.5,1600.0,1565.0,1591.3,206506
2025-11-19 00:00:00+05:30,1591.3,1654.6,1591.3,1604.0,615380
2025-11-20 00:00:00+05:30,1604.0,1611.4,1560.9,1563.7,302952
2025-11-21 00:00:00+05:30,1565.0,1582.8,1541.5,1571.1,197220
2025-11-24 00:00:00+05:30,1575.0,1576.4,1537.5,1560.6,145704
2025-11-25 00:00:00+05:30,1565.0,1575.6,1530.0,1571.2,176186
2025-11-26 00:00:00+05:30,1561.5,1565.0,1544.0,1549.0,208718
2025-11-27 00:00:00+05:30,1558.5,1569.4,1549.0,1557.2,102160
2025-11-28 00:00:00+05:30,1561.0,1562.5,1512.5,1525.9,391568
2025-12-01 00:00:00+05:30,1527.5,1534.4,1510.0,1526.0,239850
2025-12-02 00:00:00+05:30,1525.0,1530.0,1505.0,1522.0,354882
2025-12-03 00:00:00+05:30,1531.3,1534.6,1483.6,1497.6,222406
2025-12-04 00:00:00+05:30,1498.0,1533.0,1489.6,1527.0,91344
2025-12-05 00:00:00+05:30,1520.0,1527.0,1486.0,1514.8,136630
2025-12-08 00:00:00+05:30,1507.6,1520.9,1465.2,1483.8,200828
2025-12-09 00:00:00+05:30,1467.5,1474.4,1446.2,1457.2,226952
2025-12-10 00:00:00+05:30,1457.2,1477.0,1423.2,1437.2,336578
2025-12-11 00:00:00+05:30,1437.2,1445.2,1420.8,1442.6,347990
2025-12-12 00:00:00+05:30,1451.4,1462.0,1426.4,1437.2,307950
2025-12-15 00:00:00+05:30,1449.0,1457.5,1412.5,1429.6,323668
2025-12-16 00:00:00+05:30,1430.0,1433.3,1412.5,1416.1,467262
2025-12-17 00:00:00+05:30,1420.0,1433.0,1397.0,1408.0,278866
2025-12-18 00:00:00+05:30,1412.5,1415.0,1387.5,1396.8,474748
2025-12-19 00:00:00+05:30,1381.6,1397.9,1348.0,1391.6,487016
2025-12-22 00:00:00+05:30,1387.6,1421.4,1375.9,1415.3,244020
2025-12-23 00:00:00+05:30,1398.1,1417.5,1397.8,1411.1,287712
2025-12-24 00:00:00+05:30,1404.0,1420.0,1397.4,1407.8,331053
2025-12-26 00:00:00+05:30,1402.0,1433.9,1387.6,1404.5,232338
2025-12-29 00:00:00+05:30,1409.0,1439.0,1397.1,1428.2,671315
2025-12-30 00:00:00+05:30,1434.8,1464.5,1410.3,1458.0,439848
2025-12-31 00:00:00+05:30,1458.0,1487.0,1438.5,1482.6,199004
2026-01-01 00:00:00+05:30,1483.3,1520.0,1469.4,1509.8,239371
2026-01-02 00:00:00+05:30,1509.0,1509.0,1460.6,1474.2,637719
2026-01-05 00:00:00+05:30,1483.5,1510.0,1462.0,1502.1,299517
2026-01-06 00:00:00+05:30,1510.0,1514.0,1472.0,1479.3,284649
2026-01-07 00:00:00+05:30,1480.0,1505.0,1446.3,1473.8,365429
2026-01-08 00:00:00+05:30,1465.0,1465.0,1435.9,1453.4,357648
2026-01-09 00:00:00+05:30,1448.0,1448.0,1404.9,1418.2,328317
2026-01-12 00:00:00+05:30,1416.4,1416.4,1377.0,1381.0,285518
2026-01-13 00:00:00+05:30,1385.0,1428.9,1364.3,1421.0,639672
2026-01-14 00:00:00+05:30,1424.4,1455.0,1401.4,1410.2,505949
2026-01-16 00:00:00+05:30,1409.0,1410.3,1390.3,1397.9,521271
2026-01-19 00:00:00+05:30,1397.9,1410.9,1378.1,1383.4,146725
2026-01-20 00:00:00+05:30,1381.4,1397.6,1356.7,1377.2,508684
2026-01-21 00:00:00+05:30,1384.0,1429.0,1345.2,1398.4,563399
2026-01-22 00:00:00+05:30,1398.4,1426.6,1380.6,1417.9,415641
2026-01-23 00:00:00+05:30,1425.0,1425.0,1371.0,1376.4,430231
2026-01-27 00:00:00+05:30,1380.0,1410.2,1368.9,1401.4,212535
2026-01-28 00:00:00+05:30,1401.7,1404.6,1382.4,1400.4,176222
2026-01-29 00:00:00+05:30,1408.0,1408.1,1380.7,1395.2,172482
2026-01-30 00:00:00+05:30,1390.0,1420.0,1379.2,1409.5,434875
2026-02-01 00:00:00+05:30,1397.1,1434.7,1373.9,1429.5,135073
2026-02-02 00:00:00+05:30,1424.6,1430.0,1363.3,1417.7,222114
2026-02-03 00:00:00+05:30,1443.8,1443.8,1390.0,1405.8,291370
2026-02-04 00:00:00+05:30,1412.0,1414.0,1383.0,1406.8,326387
2026-02-05 00:00:00+05:30,1400.5,1416.0,1385.0,1411.0,213161
2026-02-06 00:00:00+05:30,1410.0,1449.9,1395.9,1443.4,195854
2026-02-09 00:00:00+05:30,1444.9,1455.9,1422.0,1444.9,181613
2026-02-10 00:00:00+05:30,1451.0,1466.0,1434.2,1455.8,282978
2026-02-11 00:00:00+05:30,1443.9,1474.0,1438.3,1443.8,121088
2026-02-12 00:00:00+05:30,1453.0,1457.3,1429.6,1435.3,156744
2026-02-13 00:00:00+05:30,1430.0,1430.0,1389.1,1398.7,137684
2026-02-16 00:00:00+05:30,1405.7,1449.0,1396.4,1420.8,141058
2026-02-17 00:00:00+05:30,1411.0,1447.0,1395.6,1439.0,140237
2026-02-18 00:00:00+05:30,1437.0,1438.9,1400.6,1405.5,180612
2026-02-19 00:00:00+05:30,1419.7,1427.7,1401.5,1408.6,192376
2026-02-20 00:00:00+05:30,1402.1,1416.7,1393.6,1402.3,132907
2026-02-23 00:00:00+05:30,1404.1,1417.6,1380.0,1396.0,145096
2026-02-24 00:00:00+05:30,1396.0,1414.6,1376.4,1409.1,252709
2026-02-25 00:00:00+05:30,1409.1,1430.3,1403.6,1425.0,99166
2026-02-26 00:00:00+05:30,1425.0,1425.0,1399.5,1405.9,266623
2026-02-27 00:00:00+05:30,1399.9,1409.9,1377.0,1399.9,591288
2026-03-02 00:00:00+05:30,1361.0,1428.3,1359.0,1405.9,504704
2026-03-04 00:00:00+05:30,1378.2,1389.0,1350.0,1359.5,572198
2026-03-05 00:00:00+05:30,1369.9,1372.5,1322.8,1339.2,354485
2026-03-06 00:00:00+05:30,1338.9,1366.9,1332.5,1360.0,272779
2026-03-09 00:00:00+05:30,1350.0,1373.0,1312.7,1363.8,186273
2026-03-10 00:00:00+05:30,1372.1,1390.0,1364.1,1378.2,247821
2026-03-11 00:00:00+05:30,1380.1,1414.9,1368.0,1404.7,325616
2026-03-12 00:00:00+05:30,1392.0,1392.1,1360.1,1377.0,256122
2026-03-13 00:00:00+05:30,1374.0,1377.0,1343.3,1355.1,250449
2026-03-16 00:00:00+05:30,1355.2,1364.8,1326.9,1341.0,205389
2026-03-17 00:00:00+05:30,1337.0,1347.9,1323.9,1331.7,327294
2026-03-18 00:00:00+05:30,1341.0,1362.1,1327.1,1346.9,171465
2026-03-19 00:00:00+05:30,1344.9,1344.9,1314.1,1325.4,101783
2026-03-20 00:00:00+05:30,1355.0,1355.0,1302.2,1308.2,435450
2026-03-23 00:00:00+05:30,1295.1,1326.5,1272.6,1307.6,367170
2026-03-24 00:00:00+05:30,1330.0,1334.9,1294.2,1310.9,366295
2026-03-25 00:00:00+05:30,1326.0,1364.0,1304.1,1346.6,282604
2026-03-27 00:00:00+05:30,1342.0,1346.6,1301.1,1325.4,257866
2026-03-30 00:00:00+05:30,1313.0,1326.6,1291.1,1312.1,521125
2026-04-01 00:00:00+05:30,1316.2,1335.9,1302.5,1323.6,291338
2026-04-02 00:00:00+05:30,1319.0,1358.0,1285.0,1328.7,167885
2026-04-06 00:00:00+05:30,1328.7,1369.1,1310.8,1352.3,328697
2026-04-07 00:00:00+05:30,1341.3,1387.8,1325.0,1363.2,344890
2026-04-08 00:00:00+05:30,1391.1,1391.1,1355.6,1378.6,492646
2026-04-09 00:00:00+05:30,1380.0,1405.7,1365.0,1395.2,254907
2026-04-10 00:00:00+05:30,1409.9,1416.2,1389.0,1404.7,337894
2026-04-13 00:00:00+05:30,1380.0,1403.7,1365.5,1379.8,221024
2026-04-15 00:00:00+05:30,1394.7,1471.5,1383.4,1437.7,526477
2026-04-16 00:00:00+05:30,1440.7,1440.7,1400.0,1410.8,348772
2026-04-17 00:00:00+05:30,1410.8,1419.4,1394.6,1402.1,185175
2026-04-20 00:00:00+05:30,1404.5,1424.9,1394.2,1418.6,257134
2026-04-21 00:00:00+05:30,1418.6,1449.8,1406.8,1437.0,914770
2026-04-22 00:00:00+05:30,1442.0,1468.0,1437.5,1459.1,388485
2026-04-23 00:00:00+05:30,1450.0,1469.0,1423.0,1430.9,217043
2026-04-24 00:00:00+05:30,1435.5,1435.5,1399.9,1408.9,324606
2026-04-27 00:00:00+05:30,1405.0,1429.0,1394.1,1416.0,259248
2026-04-28 00:00:00+05:30,1416.0,1428.7,1403.4,1411.7,121659
2026-04-29 00:00:00+05:30,1411.6,1425.8,1389.2,1397.8,203821
2026-04-30 00:00:00+05:30,1386.1,1400.0,1363.0,1367.2,295679
2026-05-04 00:00:00+05:30,1390.4,1640.6,1390.0,1573.4,8280710
