date,open,high,low,close,volume
2003-01-01 00:00:00+05:30,6.9,7.0,6.86,6.95,73098
2003-01-02 00:00:00+05:30,7.0,7.15,6.9,7.0,77424
2003-01-03 00:00:00+05:30,7.0,7.1,6.86,6.95,284914
2003-01-06 00:00:00+05:30,6.86,6.95,6.81,6.86,58588
2003-01-07 00:00:00+05:30,6.86,6.86,6.71,6.76,64570
2003-01-08 00:00:00+05:30,6.76,6.86,6.76,6.76,61266
2003-01-09 00:00:00+05:30,7.05,7.05,6.81,6.86,125039
2003-01-10 00:00:00+05:30,7.0,7.1,6.86,7.05,185513
2003-01-13 00:00:00+05:30,7.05,7.1,6.86,6.9,79754
2003-01-14 00:00:00+05:30,6.9,7.0,6.9,6.9,28293
2003-01-15 00:00:00+05:30,6.9,6.95,6.81,6.86,76116
2003-01-16 00:00:00+05:30,6.86,7.0,6.81,6.81,73816
2003-01-17 00:00:00+05:30,6.86,6.9,6.81,6.86,95994
2003-01-20 00:00:00+05:30,6.81,6.95,6.81,6.81,86167
2003-01-21 00:00:00+05:30,6.81,6.9,6.61,6.81,90290
2003-01-22 00:00:00+05:30,6.76,7.69,6.76,7.49,352168
2003-01-23 00:00:00+05:30,8.42,8.77,7.69,8.52,1215598
2003-01-24 00:00:00+05:30,8.81,9.06,8.32,8.37,546453
2003-01-27 00:00:00+05:30,8.42,8.52,7.59,7.69,263023
2003-01-28 00:00:00+05:30,7.79,7.79,7.35,7.69,177013
2003-01-29 00:00:00+05:30,7.79,7.83,7.54,7.64,108943
2003-01-30 00:00:00+05:30,7.79,7.79,7.49,7.54,51745
2003-01-31 00:00:00+05:30,7.49,7.49,7.05,7.39,246093
2003-02-03 00:00:00+05:30,7.88,8.08,7.44,7.98,162273
2003-02-04 00:00:00+05:30,8.72,8.72,7.59,7.79,239227
2003-02-05 00:00:00+05:30,7.74,7.98,7.69,7.88,74023
2003-02-06 00:00:00+05:30,7.83,7.83,7.59,7.64,59889
2003-02-07 00:00:00+05:30,7.59,7.74,7.54,7.64,42910
2003-02-10 00:00:00+05:30,7.39,7.69,7.39,7.49,67838
2003-02-11 00:00:00+05:30,7.44,7.69,7.44,7.64,99570
2003-02-12 00:00:00+05:30,7.64,7.93,7.54,7.88,142985
2003-02-14 00:00:00+05:30,7.54,7.93,7.49,7.54,82826
2003-02-17 00:00:00+05:30,7.64,7.93,7.64,7.83,122113
2003-02-18 00:00:00+05:30,7.83,7.98,7.69,7.88,108158
2003-02-19 00:00:00+05:30,8.23,8.67,8.03,8.57,425162
2003-02-20 00:00:00+05:30,9.11,9.11,8.32,8.42,300695
2003-02-21 00:00:00+05:30,8.62,8.81,8.47,8.57,356553
2003-02-24 00:00:00+05:30,8.52,8.72,8.42,8.47,86947
2003-02-25 00:00:00+05:30,8.72,8.72,8.13,8.18,120402
2003-02-26 00:00:00+05:30,8.37,8.42,7.93,8.03,95233
2003-02-27 00:00:00+05:30,8.13,8.23,7.98,8.18,49420
2003-02-28 00:00:00+05:30,8.23,8.28,7.88,7.93,129568
2003-03-03 00:00:00+05:30,8.08,8.32,7.83,7.83,86111
2003-03-04 00:00:00+05:30,8.32,8.62,7.93,7.98,131279
2003-03-05 00:00:00+05:30,7.98,9.3,7.93,8.96,738125
2003-03-06 00:00:00+05:30,9.65,9.65,8.67,8.86,392359
2003-03-07 00:00:00+05:30,8.52,8.81,8.42,8.47,210908
2003-03-10 00:00:00+05:30,8.37,8.52,8.18,8.28,141417
2003-03-11 00:00:00+05:30,8.18,8.42,8.08,8.37,134652
2003-03-12 00:00:00+05:30,8.57,8.86,8.32,8.37,302954
2003-03-13 00:00:00+05:30,8.42,8.62,8.37,8.42,91902
2003-03-17 00:00:00+05:30,8.47,8.47,8.18,8.32,103565
2003-03-19 00:00:00+05:30,8.37,8.72,8.23,8.28,101865
2003-03-20 00:00:00+05:30,8.03,8.37,7.83,8.23,126566
2003-03-21 00:00:00+05:30,8.32,8.42,8.03,8.23,96283
2003-03-24 00:00:00+05:30,8.47,8.47,8.08,8.13,92784
2003-03-25 00:00:00+05:30,8.08,8.18,7.98,7.98,101742
2003-03-26 00:00:00+05:30,8.28,8.28,7.88,7.93,105353
2003-03-27 00:00:00+05:30,7.93,8.03,7.93,7.98,69406
2003-03-28 00:00:00+05:30,8.03,8.03,7.83,7.93,73112
2003-03-31 00:00:00+05:30,8.32,8.32,7.93,8.03,135129
2003-04-01 00:00:00+05:30,8.18,8.32,8.08,8.23,69266
2003-04-02 00:00:00+05:30,8.32,8.47,8.23,8.42,80586
2003-04-03 00:00:00+05:30,8.42,8.52,8.23,8.23,82213
2003-04-04 00:00:00+05:30,8.32,8.42,8.28,8.37,83936
2003-04-07 00:00:00+05:30,8.37,8.72,8.37,8.62,115934
2003-04-08 00:00:00+05:30,8.57,8.81,8.52,8.72,120761
2003-04-09 00:00:00+05:30,8.77,8.86,8.67,8.77,121187
2003-04-10 00:00:00+05:30,8.81,8.86,8.32,8.42,184985
2003-04-11 00:00:00+05:30,8.32,8.62,7.93,8.42,137913
2003-04-15 00:00:00+05:30,8.62,9.06,8.42,8.91,198278
2003-04-16 00:00:00+05:30,8.91,9.21,8.91,9.01,132396
2003-04-17 00:00:00+05:30,8.81,9.11,8.81,8.91,132844
2003-04-21 00:00:00+05:30,9.01,9.21,8.91,9.16,146785
2003-04-22 00:00:00+05:30,9.16,9.5,9.06,9.4,206749
2003-04-23 00:00:00+05:30,9.35,10.19,9.35,9.84,466253
2003-04-24 00:00:00+05:30,10.04,10.28,9.84,9.89,251398
2003-04-25 00:00:00+05:30,9.79,10.04,9.74,9.79,233061
2003-04-28 00:00:00+05:30,9.89,9.89,9.65,9.65,152755
2003-04-29 00:00:00+05:30,9.94,9.94,9.4,9.45,120344
2003-04-30 00:00:00+05:30,9.35,9.5,9.3,9.35,99988
2003-05-02 00:00:00+05:30,9.5,9.94,9.5,9.7,313058
2003-05-05 00:00:00+05:30,10.09,10.19,9.74,9.99,329561
2003-05-06 00:00:00+05:30,9.89,10.19,9.89,9.99,190443
2003-05-07 00:00:00+05:30,9.99,10.23,9.94,10.09,273863
2003-05-08 00:00:00+05:30,9.99,10.04,9.79,9.89,164832
2003-05-09 00:00:00+05:30,9.99,10.09,9.79,9.94,180319
2003-05-12 00:00:00+05:30,10.28,10.28,9.99,10.09,260702
2003-05-13 00:00:00+05:30,10.14,10.43,9.94,10.33,308924
2003-05-14 00:00:00+05:30,10.33,11.56,10.33,11.46,807201
2003-05-15 00:00:00+05:30,11.65,13.76,11.65,13.76,2279805
2003-05-16 00:00:00+05:30,14.59,16.55,14.59,16.55,3140484
2003-05-19 00:00:00+05:30,18.12,19.68,16.94,17.04,5410083
2003-05-20 00:00:00+05:30,16.89,17.04,15.87,16.7,2372999
2003-05-21 00:00:00+05:30,17.33,18.41,16.84,17.97,3288356
2003-05-22 00:00:00+05:30,18.31,19.29,17.63,18.22,3090236
2003-05-23 00:00:00+05:30,18.56,18.75,17.58,17.92,1635255
2003-05-26 00:00:00+05:30,18.56,18.61,17.53,18.07,1186412
2003-05-27 00:00:00+05:30,18.36,18.36,16.94,17.09,1294082
2003-05-28 00:00:00+05:30,17.43,17.82,16.84,16.99,657069
2003-05-29 00:00:00+05:30,16.89,17.82,16.75,17.48,1188801
2003-05-30 00:00:00+05:30,17.63,19.24,17.14,18.75,3644464
2003-06-02 00:00:00+05:30,19.29,21.25,18.17,20.27,5652667
2003-06-03 00:00:00+05:30,20.81,21.06,19.24,19.88,3444744
2003-06-04 00:00:00+05:30,20.08,20.81,19.88,20.13,2077811
2003-06-05 00:00:00+05:30,20.37,20.81,19.39,19.64,1467378
2003-06-06 00:00:00+05:30,19.64,19.83,18.66,19.0,1108433
2003-06-09 00:00:00+05:30,19.34,19.59,18.9,19.44,973089
2003-06-10 00:00:00+05:30,19.59,19.83,18.61,18.66,750059
2003-06-11 00:00:00+05:30,19.24,20.57,19.0,19.54,2017168
2003-06-12 00:00:00+05:30,20.08,20.47,19.64,20.17,1672848
2003-06-13 00:00:00+05:30,20.27,22.92,20.13,22.48,9554339
2003-06-16 00:00:00+05:30,22.04,23.85,21.55,22.77,4844874
2003-06-17 00:00:00+05:30,23.26,23.5,22.62,22.77,1620942
2003-06-18 00:00:00+05:30,22.97,23.11,22.23,22.33,1155189
2003-06-19 00:00:00+05:30,21.06,23.6,21.06,22.87,2433078
2003-06-20 00:00:00+05:30,22.62,22.92,22.23,22.33,1028001
2003-06-23 00:00:00+05:30,22.92,23.99,22.72,23.31,2815181
2003-06-24 00:00:00+05:30,23.11,24.68,23.01,24.14,3193837
2003-06-25 00:00:00+05:30,24.48,24.88,24.29,24.34,1697534
2003-06-26 00:00:00+05:30,24.78,24.97,23.6,23.75,1255825
2003-06-27 00:00:00+05:30,24.09,24.43,23.5,23.9,1070155
2003-06-30 00:00:00+05:30,24.24,24.24,23.36,23.46,977499
2003-07-01 00:00:00+05:30,23.5,23.8,23.01,23.06,803043
2003-07-02 00:00:00+05:30,23.11,23.31,22.43,22.52,884000
2003-07-03 00:00:00+05:30,22.97,23.36,22.08,22.67,1305138
2003-07-04 00:00:00+05:30,23.11,23.9,22.38,23.31,2308886
2003-07-07 00:00:00+05:30,23.5,24.24,23.31,23.5,1306690
2003-07-08 00:00:00+05:30,23.99,23.99,23.01,23.06,582378
2003-07-09 00:00:00+05:30,22.97,23.36,22.43,22.52,570779
2003-07-10 00:00:00+05:30,22.72,22.72,22.04,22.33,624205
2003-07-11 00:00:00+05:30,21.94,22.62,21.94,22.13,528943
2003-07-14 00:00:00+05:30,22.33,22.52,21.79,21.94,670884
2003-07-15 00:00:00+05:30,22.43,22.43,21.06,21.25,717790
2003-07-16 00:00:00+05:30,21.94,21.94,20.86,21.59,574282
2003-07-17 00:00:00+05:30,21.55,22.04,21.06,21.15,512777
2003-07-18 00:00:00+05:30,21.06,21.06,20.17,20.32,666797
2003-07-21 00:00:00+05:30,20.52,20.52,19.1,19.15,692496
2003-07-22 00:00:00+05:30,18.71,19.1,18.41,18.56,578439
2003-07-23 00:00:00+05:30,18.66,19.64,18.51,19.29,561856
2003-07-24 00:00:00+05:30,19.78,21.15,19.39,20.71,1109977
2003-07-25 00:00:00+05:30,20.76,21.01,20.42,20.76,769292
2003-07-28 00:00:00+05:30,20.91,21.55,20.76,21.2,760034
2003-07-29 00:00:00+05:30,21.55,21.55,20.86,21.01,365665
2003-07-30 00:00:00+05:30,21.06,21.55,21.06,21.15,527847
2003-07-31 00:00:00+05:30,21.4,24.24,21.3,23.85,4726912
2003-08-01 00:00:00+05:30,23.99,24.39,22.92,23.46,4102012
2003-08-04 00:00:00+05:30,22.92,24.14,22.92,23.94,2264891
2003-08-05 00:00:00+05:30,23.6,24.39,22.28,23.06,1737240
2003-08-06 00:00:00+05:30,22.92,23.99,22.62,23.26,1337265
2003-08-07 00:00:00+05:30,23.11,23.99,23.11,23.9,1901240
2003-08-08 00:00:00+05:30,24.29,26.78,23.99,26.49,10623371
2003-08-11 00:00:00+05:30,26.93,29.87,25.66,29.04,8879797
2003-08-12 00:00:00+05:30,29.77,31.83,29.48,30.16,6058227
2003-08-13 00:00:00+05:30,30.7,31.44,29.18,31.19,5143265
2003-08-14 00:00:00+05:30,31.63,32.12,31.05,31.39,3366206
2003-08-18 00:00:00+05:30,31.73,37.7,31.73,37.31,10483435
2003-08-19 00:00:00+05:30,39.47,42.01,31.49,35.21,6913457
2003-08-20 00:00:00+05:30,35.26,38.98,35.26,36.28,3806582
2003-08-21 00:00:00+05:30,36.48,37.7,36.04,36.58,2450768
2003-08-22 00:00:00+05:30,36.24,37.95,35.75,36.48,2831904
2003-08-25 00:00:00+05:30,37.21,37.85,32.56,34.77,3949042
2003-08-26 00:00:00+05:30,34.77,37.41,34.77,37.02,2584473
2003-08-27 00:00:00+05:30,37.7,40.99,37.26,40.15,9038231
2003-08-28 00:00:00+05:30,40.74,42.8,38.39,40.45,6337356
2003-08-29 00:00:00+05:30,41.13,42.55,40.69,41.13,3313900
2003-09-01 00:00:00+05:30,41.92,42.99,41.03,41.72,3102785
2003-09-02 00:00:00+05:30,42.11,42.21,39.17,40.05,2138675
2003-09-03 00:00:00+05:30,40.2,41.03,37.51,38.1,2447918
2003-09-04 00:00:00+05:30,38.98,39.37,37.21,37.66,1821591
2003-09-05 00:00:00+05:30,38.29,38.63,37.21,37.51,1759646
2003-09-08 00:00:00+05:30,38.19,39.12,37.8,38.24,1367575
2003-09-09 00:00:00+05:30,38.88,38.88,36.73,36.97,1248283
2003-09-10 00:00:00+05:30,37.02,37.02,34.82,36.04,1575246
2003-09-11 00:00:00+05:30,35.99,39.32,35.84,38.44,3309475
2003-09-12 00:00:00+05:30,39.08,39.91,37.21,37.56,3328264
2003-09-15 00:00:00+05:30,38.0,38.15,35.5,35.7,2019880
2003-09-16 00:00:00+05:30,36.04,36.14,31.98,34.96,3495871
2003-09-17 00:00:00+05:30,35.65,36.58,34.52,35.16,1807334
2003-09-18 00:00:00+05:30,35.55,35.75,33.2,33.4,1612578
2003-09-19 00:00:00+05:30,33.79,34.28,31.44,32.66,1808762
2003-09-22 00:00:00+05:30,33.25,33.79,32.47,32.71,1307739
2003-09-23 00:00:00+05:30,32.81,33.79,32.12,33.59,1113266
2003-09-24 00:00:00+05:30,34.13,35.4,33.1,34.86,1629211
2003-09-25 00:00:00+05:30,35.26,38.59,34.47,36.63,3939666
2003-09-26 00:00:00+05:30,37.02,38.19,36.73,36.97,1975884
2003-09-29 00:00:00+05:30,37.17,38.1,36.87,37.12,1922147
2003-09-30 00:00:00+05:30,37.51,37.85,36.82,36.92,1274496
2003-10-01 00:00:00+05:30,37.31,37.61,36.48,36.73,1288643
2003-10-03 00:00:00+05:30,38.24,38.24,36.63,36.97,1179129
2003-10-06 00:00:00+05:30,37.7,37.8,37.12,37.61,1515894
2003-10-07 00:00:00+05:30,37.95,39.17,37.02,37.75,2985007
2003-10-08 00:00:00+05:30,38.1,38.24,37.26,37.61,1277553
2003-10-09 00:00:00+05:30,37.9,38.83,37.41,38.19,1797606
2003-10-10 00:00:00+05:30,38.49,38.49,37.02,37.26,1068554
2003-10-13 00:00:00+05:30,37.41,37.7,37.02,37.17,1083217
2003-10-14 00:00:00+05:30,37.41,37.46,35.5,35.84,1114921
2003-10-15 00:00:00+05:30,35.84,36.24,35.06,35.65,852882
2003-10-16 00:00:00+05:30,35.89,36.14,35.11,35.26,661904
2003-10-17 00:00:00+05:30,35.5,35.89,34.86,35.45,652263
2003-10-20 00:00:00+05:30,35.75,36.63,35.01,35.31,1083668
2003-10-21 00:00:00+05:30,35.26,35.7,34.28,34.37,693309
2003-10-22 00:00:00+05:30,34.28,34.42,32.22,32.61,864761
2003-10-23 00:00:00+05:30,32.95,33.89,32.47,33.35,768526
2003-10-24 00:00:00+05:30,33.54,33.89,32.66,33.64,618014
2003-10-27 00:00:00+05:30,35.65,35.75,34.57,34.72,737317
2003-10-28 00:00:00+05:30,34.67,34.91,33.3,33.54,583552
2003-10-29 00:00:00+05:30,34.28,34.28,33.3,34.13,493509
2003-10-30 00:00:00+05:30,34.08,35.99,33.93,35.4,891179
2003-10-31 00:00:00+05:30,35.65,37.21,35.4,36.68,1834485
2003-11-03 00:00:00+05:30,37.21,37.61,35.26,35.65,1115873
2003-11-04 00:00:00+05:30,35.94,37.7,35.55,36.53,2091507
2003-11-05 00:00:00+05:30,36.73,37.9,36.33,36.97,2320716
2003-11-06 00:00:00+05:30,37.7,39.17,37.7,38.83,4537591
2003-11-07 00:00:00+05:30,39.32,41.03,39.27,39.86,5365558
2003-11-10 00:00:00+05:30,40.3,47.5,40.2,46.71,7295833
2003-11-11 00:00:00+05:30,47.55,50.24,46.91,47.55,10544798
2003-11-12 00:00:00+05:30,47.94,48.62,45.29,45.59,4839115
2003-11-13 00:00:00+05:30,47.01,47.35,44.07,44.36,4533523
2003-11-14 00:00:00+05:30,44.8,44.95,42.75,43.04,2298323
2003-11-17 00:00:00+05:30,45.59,45.93,43.53,44.36,2485761
2003-11-18 00:00:00+05:30,44.46,46.03,44.46,45.1,2889435
2003-11-19 00:00:00+05:30,45.44,45.44,43.24,43.53,1453149
2003-11-20 00:00:00+05:30,43.92,44.46,41.82,42.26,1247153
2003-11-21 00:00:00+05:30,42.11,43.29,41.18,42.94,2044874
2003-11-24 00:00:00+05:30,43.48,48.77,43.48,47.2,7941644
2003-11-25 00:00:00+05:30,46.91,47.89,45.1,45.54,3066795
2003-11-27 00:00:00+05:30,45.64,46.62,45.2,45.49,1708100
2003-11-28 00:00:00+05:30,45.78,45.78,44.66,44.85,1394239
2003-12-01 00:00:00+05:30,45.44,45.93,45.2,45.64,1395956
2003-12-02 00:00:00+05:30,43.34,46.71,43.34,45.25,965496
2003-12-03 00:00:00+05:30,45.29,45.88,44.76,45.0,1102461
2003-12-04 00:00:00+05:30,45.0,47.55,45.0,46.76,2986366
2003-12-05 00:00:00+05:30,47.01,47.4,45.05,45.25,1444439
2003-12-08 00:00:00+05:30,45.83,45.93,44.36,45.05,782958
2003-12-09 00:00:00+05:30,45.78,45.88,45.1,45.29,918457
2003-12-10 00:00:00+05:30,45.83,49.51,45.34,48.58,6873518
2003-12-11 00:00:00+05:30,49.46,50.39,47.84,49.85,7545239
2003-12-12 00:00:00+05:30,50.73,51.42,49.26,49.8,4393132
2003-12-15 00:00:00+05:30,50.29,50.93,49.75,49.9,2441706
2003-12-16 00:00:00+05:30,49.46,50.14,47.4,48.23,2168323
2003-12-17 00:00:00+05:30,48.18,49.75,47.5,48.43,2399547
2003-12-18 00:00:00+05:30,48.28,50.44,48.09,49.75,3313055
2003-12-19 00:00:00+05:30,50.04,50.53,48.58,48.97,2004039
2003-12-22 00:00:00+05:30,48.97,49.95,48.48,48.72,1316228
2003-12-23 00:00:00+05:30,48.72,49.06,47.5,47.69,1058979
2003-12-24 00:00:00+05:30,47.99,48.87,47.99,48.23,958366
2003-12-26 00:00:00+05:30,48.77,49.41,48.38,48.97,1254837
2003-12-29 00:00:00+05:30,49.36,50.68,48.97,49.55,1715880
2003-12-30 00:00:00+05:30,49.7,52.1,48.48,49.8,5450573
2003-12-31 00:00:00+05:30,49.95,51.66,49.16,50.14,3208617
2004-01-01 00:00:00+05:30,50.44,51.37,49.85,50.14,2210838
2004-01-02 00:00:00+05:30,50.44,52.74,49.95,52.3,4670554
2004-01-05 00:00:00+05:30,53.47,54.26,51.86,53.18,5716156
2004-01-06 00:00:00+05:30,53.81,56.21,52.98,53.52,6524940
2004-01-07 00:00:00+05:30,54.35,64.15,53.86,56.07,6036034
2004-01-08 00:00:00+05:30,58.76,65.52,57.29,63.66,12690604
2004-01-09 00:00:00+05:30,66.01,67.72,62.48,63.41,7804910
2004-01-12 00:00:00+05:30,63.66,64.1,60.57,61.06,4214553
2004-01-13 00:00:00+05:30,61.65,62.19,59.45,60.33,2756119
2004-01-14 00:00:00+05:30,61.36,64.88,61.31,62.73,4850770
2004-01-15 00:00:00+05:30,64.78,64.78,61.6,61.94,3313368
2004-01-16 00:00:00+05:30,62.33,62.53,58.76,59.54,2615662
2004-01-19 00:00:00+05:30,58.76,59.74,56.36,58.47,2916909
2004-01-20 00:00:00+05:30,59.25,61.01,58.12,58.66,2213962
2004-01-21 00:00:00+05:30,58.76,58.76,49.6,50.68,2722996
2004-01-22 00:00:00+05:30,50.93,55.19,48.97,51.51,4385250
2004-01-23 00:00:00+05:30,51.9,58.37,51.9,57.1,4371704
2004-01-27 00:00:00+05:30,59.35,60.57,57.0,60.03,3252999
2004-01-28 00:00:00+05:30,59.74,60.23,56.02,56.65,3039033
2004-01-29 00:00:00+05:30,57.68,57.68,55.92,56.75,1991221
2004-01-30 00:00:00+05:30,57.63,57.78,52.88,53.28,1932690
2004-02-03 00:00:00+05:30,53.86,54.84,49.95,50.73,2538057
2004-02-04 00:00:00+05:30,51.42,52.59,49.95,51.9,2207003
2004-02-05 00:00:00+05:30,52.49,53.13,51.12,51.56,1760458
2004-02-06 00:00:00+05:30,52.05,52.69,51.42,52.35,1266747
2004-02-09 00:00:00+05:30,52.93,54.7,52.39,54.4,2018074
2004-02-10 00:00:00+05:30,54.84,55.82,54.01,54.79,2553932
2004-02-11 00:00:00+05:30,54.94,57.0,53.42,55.77,2264238
2004-02-12 00:00:00+05:30,58.27,61.6,56.8,57.34,4681184
2004-02-13 00:00:00+05:30,58.27,58.56,56.02,57.05,2319653
2004-02-16 00:00:00+05:30,57.39,59.15,56.8,57.68,2785982
2004-02-17 00:00:00+05:30,58.03,58.22,56.85,57.24,1449210
2004-02-18 00:00:00+05:30,57.73,58.66,57.14,57.78,2434702
2004-02-19 00:00:00+05:30,59.74,59.98,56.65,57.0,4419048
2004-02-20 00:00:00+05:30,56.8,56.8,55.04,55.92,1998359
2004-02-23 00:00:00+05:30,55.82,56.65,53.62,54.06,1789300
2004-02-24 00:00:00+05:30,53.37,54.65,52.84,53.77,1789703
2004-02-25 00:00:00+05:30,54.16,54.3,51.66,52.0,1211730
2004-02-26 00:00:00+05:30,52.69,53.57,51.42,51.56,1454592
2004-02-27 00:00:00+05:30,52.2,52.69,51.22,52.35,1165845
2004-03-01 00:00:00+05:30,52.88,53.86,52.88,53.72,1306554
2004-03-03 00:00:00+05:30,54.06,55.04,53.67,54.01,1448138
2004-03-04 00:00:00+05:30,59.64,59.64,52.74,53.13,847226
2004-03-05 00:00:00+05:30,54.6,57.78,52.79,56.75,4328846
2004-03-08 00:00:00+05:30,57.19,59.84,57.14,59.01,5986955
2004-03-09 00:00:00+05:30,58.71,58.71,53.86,56.9,3073860
2004-03-10 00:00:00+05:30,56.8,58.96,55.63,57.63,4520669
2004-03-11 00:00:00+05:30,56.7,57.54,55.63,55.87,1940514
2004-03-12 00:00:00+05:30,55.82,56.02,54.5,55.68,1983982
2004-03-15 00:00:00+05:30,55.82,56.8,52.1,52.88,2053131
2004-03-16 00:00:00+05:30,51.9,54.06,51.42,52.3,2260020
2004-03-17 00:00:00+05:30,53.28,54.26,52.88,53.62,1707000
2004-03-18 00:00:00+05:30,54.45,54.45,51.61,51.95,1640672
2004-03-19 00:00:00+05:30,52.74,52.79,51.12,51.61,1209010
2004-03-22 00:00:00+05:30,52.0,52.0,48.28,48.62,1320168
2004-03-23 00:00:00+05:30,48.87,48.97,44.17,46.18,2249784
2004-03-24 00:00:00+05:30,46.91,47.06,45.34,46.27,1523027
2004-03-25 00:00:00+05:30,46.67,49.46,46.13,48.92,1644524
2004-03-26 00:00:00+05:30,49.06,50.53,49.06,49.55,1805996
2004-03-29 00:00:00+05:30,50.88,53.42,50.19,53.18,2079245
2004-03-30 00:00:00+05:30,53.86,54.26,52.69,53.23,1891321
2004-03-31 00:00:00+05:30,53.57,55.23,52.44,53.42,2081530
2004-04-01 00:00:00+05:30,53.86,55.09,53.62,54.7,1394335
2004-04-02 00:00:00+05:30,54.21,55.82,53.96,55.28,1812118
2004-04-05 00:00:00+05:30,55.82,57.54,55.82,56.21,2112893
2004-04-06 00:00:00+05:30,56.41,56.61,54.16,54.75,1267388
2004-04-07 00:00:00+05:30,55.04,55.63,54.16,54.45,1036692
2004-04-08 00:00:00+05:30,55.23,57.0,54.79,56.46,2386564
2004-04-12 00:00:00+05:30,57.0,58.96,56.9,57.63,2994841
2004-04-13 00:00:00+05:30,60.72,60.72,56.31,57.63,1456864
2004-04-15 00:00:00+05:30,58.17,58.61,57.14,57.68,1497407
2004-04-16 00:00:00+05:30,58.27,58.66,57.54,57.78,1555189
2004-04-19 00:00:00+05:30,58.42,60.28,56.95,57.73,2886590
2004-04-20 00:00:00+05:30,58.12,58.12,56.07,57.05,1449584
2004-04-21 00:00:00+05:30,57.19,59.74,56.8,59.15,3446594
2004-04-22 00:00:00+05:30,59.49,59.74,50.29,58.66,1954346
2004-04-23 00:00:00+05:30,59.05,60.62,58.52,59.05,3009295
2004-04-27 00:00:00+05:30,57.78,58.76,54.35,54.99,1921078
2004-04-28 00:00:00+05:30,54.84,56.36,54.11,55.68,1549459
2004-04-29 00:00:00+05:30,56.8,58.56,56.12,56.41,1483596
2004-04-30 00:00:00+05:30,56.8,56.8,55.09,55.43,736957
2004-05-03 00:00:00+05:30,55.72,55.72,52.1,53.57,1384745
2004-05-04 00:00:00+05:30,54.11,55.92,54.11,55.48,874699
2004-05-05 00:00:00+05:30,56.26,56.51,55.53,56.07,914923
2004-05-06 00:00:00+05:30,56.8,58.22,56.02,56.26,847121
2004-05-07 00:00:00+05:30,56.75,56.75,55.09,55.48,674788
2004-05-10 00:00:00+05:30,52.44,55.72,52.44,54.6,1041172
2004-05-11 00:00:00+05:30,54.06,54.6,52.05,52.35,934288
2004-05-12 00:00:00+05:30,53.42,53.42,50.04,51.76,1426032
2004-05-13 00:00:00+05:30,51.9,53.77,42.11,52.05,2041922
2004-05-14 00:00:00+05:30,52.39,52.74,42.6,43.43,3064317
2004-05-17 00:00:00+05:30,42.6,43.09,34.77,35.26,1793111
2004-05-18 00:00:00+05:30,36.24,42.11,32.32,41.08,1734116
2004-05-19 00:00:00+05:30,43.09,46.76,42.11,46.08,2069108
2004-05-20 00:00:00+05:30,54.3,54.3,45.78,46.37,1445789
2004-05-21 00:00:00+05:30,44.07,47.4,42.36,46.76,1452776
2004-06-23 00:00:00+05:30,36.24,36.24,32.66,32.91,861614
2004-06-24 00:00:00+05:30,33.2,33.64,31.73,33.25,1186218
2004-06-25 00:00:00+05:30,33.49,35.4,32.61,35.01,1316717
2004-06-28 00:00:00+05:30,36.24,36.48,29.48,36.24,849818
2004-06-29 00:00:00+05:30,36.33,38.1,36.09,37.07,1233041
2004-06-30 00:00:00+05:30,37.31,37.75,36.24,36.97,600551
2004-07-01 00:00:00+05:30,37.21,37.9,36.48,37.02,586568
2004-07-02 00:00:00+05:30,37.21,38.0,36.38,37.17,860823
2004-07-05 00:00:00+05:30,37.61,37.61,36.33,36.43,448283
2004-07-06 00:00:00+05:30,36.28,38.0,36.24,37.41,492674
2004-07-07 00:00:00+05:30,37.66,39.08,37.51,38.39,1293187
2004-07-08 00:00:00+05:30,38.83,38.88,35.35,36.04,1292134
2004-07-09 00:00:00+05:30,35.75,36.73,34.57,36.28,738287
2004-07-12 00:00:00+05:30,36.14,36.87,35.35,36.43,409607
2004-07-13 00:00:00+05:30,36.97,36.97,36.04,36.33,285856
2004-07-14 00:00:00+05:30,36.73,36.73,35.26,35.5,493810
2004-07-15 00:00:00+05:30,35.75,36.77,35.65,36.68,527723
2004-07-16 00:00:00+05:30,36.73,44.02,36.73,44.02,5868181
2004-07-19 00:00:00+05:30,44.36,48.72,43.78,45.0,9042975
2004-07-20 00:00:00+05:30,45.54,46.27,44.07,44.46,3383802
2004-07-21 00:00:00+05:30,44.85,45.83,44.56,45.25,1992092
2004-07-22 00:00:00+05:30,46.03,46.37,44.76,44.95,1390586
2004-07-23 00:00:00+05:30,46.03,47.4,45.44,46.13,2017506
2004-07-26 00:00:00+05:30,46.42,47.74,45.59,46.27,2243134
2004-07-27 00:00:00+05:30,46.81,46.91,44.76,44.95,1253679
2004-07-28 00:00:00+05:30,45.05,45.54,44.07,44.71,810775
2004-07-29 00:00:00+05:30,45.54,45.78,44.56,45.49,1237162
2004-07-30 00:00:00+05:30,45.93,47.16,45.29,46.67,3129347
2004-08-02 00:00:00+05:30,47.2,47.2,45.15,45.59,3093122
2004-08-03 00:00:00+05:30,45.98,46.13,44.61,44.76,1230852
2004-08-04 00:00:00+05:30,44.9,45.98,44.56,44.71,1317847
2004-08-05 00:00:00+05:30,45.05,45.93,44.8,45.0,952264
2004-08-06 00:00:00+05:30,44.56,45.34,43.58,44.36,847574
2004-08-09 00:00:00+05:30,43.97,44.46,43.58,43.68,673570
2004-08-10 00:00:00+05:30,44.02,45.54,43.68,43.97,781124
2004-08-11 00:00:00+05:30,44.32,44.56,42.65,42.9,792268
2004-08-12 00:00:00+05:30,43.09,43.78,41.77,42.06,698851
2004-08-13 00:00:00+05:30,43.78,43.78,41.67,41.92,908280
2004-08-16 00:00:00+05:30,43.78,43.78,41.67,41.92,908280
2004-08-17 00:00:00+05:30,41.18,42.31,41.18,41.62,944355
2004-08-18 00:00:00+05:30,41.62,42.06,39.27,40.64,868185
2004-08-19 00:00:00+05:30,40.54,42.01,40.3,40.5,958072
2004-08-20 00:00:00+05:30,40.35,40.4,38.29,38.98,1412911
2004-08-23 00:00:00+05:30,39.27,39.61,38.54,38.88,600157
2004-08-24 00:00:00+05:30,39.08,39.71,38.88,39.52,580023
2004-08-25 00:00:00+05:30,40.45,40.45,39.27,39.47,470050
2004-08-26 00:00:00+05:30,39.47,40.99,39.47,40.35,896597
2004-08-27 00:00:00+05:30,41.62,43.19,40.35,42.8,3153812
2004-08-30 00:00:00+05:30,43.09,44.02,42.16,42.99,2146843
2004-08-31 00:00:00+05:30,43.38,44.22,43.24,43.38,1423850
2004-09-01 00:00:00+05:30,43.97,43.97,43.19,43.34,810886
2004-09-02 00:00:00+05:30,41.72,44.22,41.72,42.36,1363388
2004-09-03 00:00:00+05:30,42.6,42.6,41.67,42.16,727599
2004-09-06 00:00:00+05:30,42.5,44.8,42.11,44.41,2965370
2004-09-07 00:00:00+05:30,45.1,45.54,44.41,44.61,2568434
2004-09-08 00:00:00+05:30,44.9,44.95,43.58,43.78,936967
2004-09-09 00:00:00+05:30,43.87,43.97,42.7,42.9,743657
2004-09-10 00:00:00+05:30,43.09,43.48,42.6,42.94,754876
2004-09-13 00:00:00+05:30,43.87,43.87,43.09,43.48,763013
2004-09-14 00:00:00+05:30,43.38,43.87,42.7,42.99,682377
2004-09-15 00:00:00+05:30,43.87,43.87,42.7,42.85,558382
2004-09-16 00:00:00+05:30,43.29,44.51,42.85,44.12,1837780
2004-09-17 00:00:00+05:30,44.07,44.8,43.73,43.92,2088877
2004-09-20 00:00:00+05:30,44.27,44.8,43.87,44.17,1319934
2004-09-21 00:00:00+05:30,44.51,44.56,43.83,44.22,853565
2004-09-22 00:00:00+05:30,44.07,44.46,43.58,43.73,796553
2004-09-23 00:00:00+05:30,43.83,45.74,43.38,44.22,2886897
2004-09-24 00:00:00+05:30,44.22,44.46,43.19,43.34,955812
2004-09-27 00:00:00+05:30,43.09,43.83,43.09,43.24,664370
2004-09-28 00:00:00+05:30,43.68,43.97,42.31,43.14,901281
2004-09-29 00:00:00+05:30,43.58,44.85,43.34,44.36,2445382
2004-09-30 00:00:00+05:30,44.56,45.54,43.87,44.02,1130948
2004-10-01 00:00:00+05:30,44.36,44.8,43.58,44.61,1091965
2004-10-04 00:00:00+05:30,44.85,45.49,44.32,44.61,1441313
2004-10-05 00:00:00+05:30,42.31,46.47,42.31,46.18,4013265
2004-10-06 00:00:00+05:30,46.52,47.5,45.88,46.18,3572428
2004-10-07 00:00:00+05:30,46.62,46.91,42.75,45.98,1160560
2004-10-08 00:00:00+05:30,46.13,46.22,45.54,45.78,665580
2004-10-11 00:00:00+05:30,46.03,46.47,45.25,45.49,730799
2004-10-12 00:00:00+05:30,44.85,45.74,44.17,44.36,529776
2004-10-14 00:00:00+05:30,43.58,44.46,42.6,44.07,593255
2004-10-15 00:00:00+05:30,44.51,44.9,43.83,43.92,550084
2004-10-18 00:00:00+05:30,44.32,44.51,43.14,43.24,488367
2004-10-19 00:00:00+05:30,43.58,44.17,43.38,43.73,610769
2004-10-20 00:00:00+05:30,44.07,45.15,43.92,44.17,849055
2004-10-21 00:00:00+05:30,44.76,44.76,43.58,43.73,481112
2004-10-25 00:00:00+05:30,44.07,44.27,43.09,43.34,479130
2004-10-26 00:00:00+05:30,43.78,43.78,42.45,43.09,611273
2004-10-27 00:00:00+05:30,43.87,45.78,43.38,45.25,2444150
2004-10-28 00:00:00+05:30,46.03,47.5,45.54,45.69,2336028
2004-10-29 00:00:00+05:30,46.27,46.52,44.27,44.41,974884
2004-11-01 00:00:00+05:30,44.56,44.71,43.78,44.02,630120
2004-11-02 00:00:00+05:30,44.66,44.85,44.07,44.22,476276
2004-11-03 00:00:00+05:30,44.51,44.56,44.07,44.17,505362
2004-11-04 00:00:00+05:30,44.41,44.71,44.17,44.27,503704
2004-11-05 00:00:00+05:30,45.05,46.03,44.61,44.76,956461
2004-11-08 00:00:00+05:30,44.8,45.05,44.22,44.32,625979
2004-11-09 00:00:00+05:30,44.46,44.71,43.68,43.78,539159
2004-11-10 00:00:00+05:30,43.87,44.56,43.73,43.87,567292
2004-11-11 00:00:00+05:30,44.22,44.22,43.24,43.53,521576
2004-11-12 00:00:00+05:30,45.05,45.05,43.68,43.92,217698
2004-11-16 00:00:00+05:30,44.07,44.32,43.34,43.53,433303
2004-11-17 00:00:00+05:30,44.02,44.02,43.68,43.83,513168
2004-11-18 00:00:00+05:30,43.92,44.32,43.58,44.07,817539
2004-11-19 00:00:00+05:30,44.27,46.76,44.22,44.66,2854208
2004-11-22 00:00:00+05:30,43.78,44.46,43.78,44.12,673662
2004-11-23 00:00:00+05:30,44.56,45.88,44.32,44.66,1186872
2004-11-24 00:00:00+05:30,44.8,45.25,44.61,44.76,579712
2004-11-25 00:00:00+05:30,45.05,45.05,44.22,44.41,605894
2004-11-29 00:00:00+05:30,45.0,45.0,44.27,44.76,551568
2004-11-30 00:00:00+05:30,44.61,45.44,44.07,44.12,654838
2004-12-01 00:00:00+05:30,44.17,44.66,43.87,44.12,607536
2004-12-02 00:00:00+05:30,44.56,47.84,44.32,47.4,5422280
2004-12-03 00:00:00+05:30,48.38,51.76,48.09,50.58,12915689
2004-12-06 00:00:00+05:30,50.93,52.69,50.68,51.02,4874276
2004-12-07 00:00:00+05:30,50.48,51.42,49.31,49.85,2605113
2004-12-08 00:00:00+05:30,49.95,50.93,49.21,49.46,1736739
2004-12-09 00:00:00+05:30,49.8,50.09,49.02,49.65,1409236
2004-12-10 00:00:00+05:30,50.19,51.37,49.7,49.9,2413399
2004-12-13 00:00:00+05:30,50.14,50.44,49.7,49.9,1238627
2004-12-14 00:00:00+05:30,50.88,50.88,49.75,49.9,923104
2004-12-15 00:00:00+05:30,50.44,50.63,49.16,49.36,997733
2004-12-16 00:00:00+05:30,49.8,51.56,49.02,50.19,2554686
2004-12-17 00:00:00+05:30,50.83,50.83,49.16,49.36,1145751
2004-12-20 00:00:00+05:30,49.8,49.8,49.06,49.16,822191
2004-12-21 00:00:00+05:30,49.75,51.42,49.16,50.44,3018391
2004-12-22 00:00:00+05:30,51.32,51.42,49.46,49.55,1402821
2004-12-23 00:00:00+05:30,50.19,50.44,49.46,49.6,831892
2004-12-24 00:00:00+05:30,50.19,50.93,49.55,49.8,1859705
2004-12-27 00:00:00+05:30,49.95,50.63,49.11,49.9,1161783
2004-12-28 00:00:00+05:30,50.24,50.44,49.95,50.04,1185747
2004-12-29 00:00:00+05:30,50.88,50.88,49.21,49.41,1258119
2004-12-30 00:00:00+05:30,49.9,49.95,48.97,49.11,959629
2004-12-31 00:00:00+05:30,50.04,53.57,49.11,53.13,6905468
2005-01-03 00:00:00+05:30,53.86,56.17,53.72,54.3,5879109
2005-01-04 00:00:00+05:30,54.84,56.7,53.86,55.38,5362301
2005-01-05 00:00:00+05:30,55.04,55.82,49.95,51.71,3804606
2005-01-06 00:00:00+05:30,51.9,52.05,49.46,50.58,2467484
2005-01-07 00:00:00+05:30,51.9,52.54,50.63,51.37,1641575
2005-01-10 00:00:00+05:30,52.88,53.62,51.17,51.37,2541595
2005-01-11 00:00:00+05:30,51.71,51.71,49.21,49.6,1465821
2005-01-12 00:00:00+05:30,50.39,50.39,47.01,47.4,1807216
2005-01-13 00:00:00+05:30,48.28,50.24,47.89,49.65,1558259
2005-01-14 00:00:00+05:30,50.44,50.44,48.53,48.77,969049
2005-01-17 00:00:00+05:30,48.97,49.41,47.5,47.79,960298
2005-01-18 00:00:00+05:30,48.38,48.92,47.55,47.84,784448
2005-01-19 00:00:00+05:30,47.89,48.13,47.11,47.2,558061
2005-01-20 00:00:00+05:30,47.3,47.35,45.54,45.98,990673
2005-01-24 00:00:00+05:30,46.52,50.19,45.69,48.97,4574608
2005-01-25 00:00:00+05:30,49.95,50.83,48.72,49.75,3280611
2005-01-27 00:00:00+05:30,50.34,50.73,49.6,49.95,1583710
2005-01-28 00:00:00+05:30,50.29,50.93,49.55,50.0,1382578
2005-01-31 00:00:00+05:30,50.93,51.32,50.34,50.68,1311260
2005-02-01 00:00:00+05:30,51.17,51.76,50.39,51.22,1649596
2005-02-02 00:00:00+05:30,51.22,51.76,50.19,50.39,1424565
2005-02-03 00:00:00+05:30,50.39,51.81,50.39,51.07,1303906
2005-02-04 00:00:00+05:30,51.27,51.56,50.19,50.63,994365
2005-02-07 00:00:00+05:30,51.32,52.1,50.63,50.88,1692331
2005-02-08 00:00:00+05:30,50.93,53.37,50.48,51.95,3161713
2005-02-09 00:00:00+05:30,52.59,53.28,51.71,52.39,2735667
2005-02-10 00:00:00+05:30,52.69,53.57,51.9,52.05,2389512
2005-02-11 00:00:00+05:30,52.88,54.65,52.54,53.08,5034843
2005-02-14 00:00:00+05:30,53.62,53.67,51.66,52.05,1641669
2005-02-15 00:00:00+05:30,52.3,52.3,50.93,51.02,1253256
2005-02-16 00:00:00+05:30,51.32,51.71,50.19,50.53,955119
2005-02-17 00:00:00+05:30,50.78,50.93,49.95,50.19,862071
2005-02-18 00:00:00+05:30,50.78,51.32,50.04,50.14,979344
2005-02-21 00:00:00+05:30,50.73,50.83,49.51,49.6,623704
2005-02-22 00:00:00+05:30,50.04,50.68,49.51,49.6,919742
2005-02-23 00:00:00+05:30,49.85,50.48,49.51,49.7,703560
2005-02-24 00:00:00+05:30,49.95,50.19,49.06,49.16,784490
2005-02-25 00:00:00+05:30,49.85,50.29,48.48,48.67,1301470
2005-02-28 00:00:00+05:30,49.21,49.9,48.72,49.31,1268072
2005-03-01 00:00:00+05:30,49.65,49.8,48.53,48.62,790307
2005-03-02 00:00:00+05:30,48.87,49.11,48.18,48.38,724161
2005-03-03 00:00:00+05:30,48.77,49.16,48.48,48.87,1021454
2005-03-04 00:00:00+05:30,48.97,49.95,48.97,49.55,1384784
2005-03-07 00:00:00+05:30,50.63,54.26,50.44,51.37,3608568
2005-03-08 00:00:00+05:30,51.71,51.86,50.34,50.68,1191636
2005-03-09 00:00:00+05:30,50.97,51.17,49.55,50.14,1333776
2005-03-10 00:00:00+05:30,50.24,50.93,49.6,50.34,1185447
2005-03-11 00:00:00+05:30,50.88,51.76,49.8,50.0,1354012
2005-03-14 00:00:00+05:30,49.65,50.34,49.06,49.21,661821
2005-03-15 00:00:00+05:30,49.46,49.65,48.62,48.77,689095
2005-03-16 00:00:00+05:30,48.97,50.73,48.77,50.39,1708928
2005-03-17 00:00:00+05:30,51.42,51.71,48.67,49.16,2854087
2005-03-18 00:00:00+05:30,49.16,49.36,48.13,48.62,1050595
2005-03-21 00:00:00+05:30,49.36,50.14,49.02,49.06,1357178
2005-03-22 00:00:00+05:30,49.55,49.95,47.55,47.84,922190
2005-03-23 00:00:00+05:30,47.99,48.33,45.25,45.78,1178768
2005-03-24 00:00:00+05:30,46.42,46.52,45.1,45.34,821575
2005-03-28 00:00:00+05:30,46.03,46.52,45.15,46.18,685013
2005-03-29 00:00:00+05:30,46.52,46.52,44.17,44.46,800061
2005-03-30 00:00:00+05:30,45.05,46.27,44.32,45.83,777661
2005-03-31 00:00:00+05:30,47.99,47.99,46.13,46.42,749717
2005-04-01 00:00:00+05:30,46.96,47.5,45.88,47.3,740496
2005-04-04 00:00:00+05:30,47.99,48.23,47.35,47.74,709651
2005-04-05 00:00:00+05:30,48.04,48.04,46.57,46.86,480144
2005-04-06 00:00:00+05:30,47.5,47.5,46.42,46.76,504357
2005-04-07 00:00:00+05:30,47.11,48.18,46.91,47.25,771494
2005-04-08 00:00:00+05:30,47.89,48.58,47.2,47.6,1022652
2005-04-11 00:00:00+05:30,47.94,48.23,46.62,46.81,374866
2005-04-12 00:00:00+05:30,47.2,47.45,46.62,46.76,282013
2005-04-13 00:00:00+05:30,47.01,47.16,46.42,46.57,277479
2005-04-15 00:00:00+05:30,45.88,46.52,44.12,45.49,548708
2005-04-18 00:00:00+05:30,45.05,45.54,43.68,45.0,475459
2005-04-19 00:00:00+05:30,45.54,46.03,44.12,44.22,351466
2005-04-20 00:00:00+05:30,44.41,45.0,44.17,44.8,587153
2005-04-21 00:00:00+05:30,44.9,45.93,44.41,45.59,398737
2005-04-22 00:00:00+05:30,45.64,45.98,45.34,45.44,302586
2005-04-25 00:00:00+05:30,45.98,46.22,44.9,45.39,503681
2005-04-26 00:00:00+05:30,46.03,48.38,46.03,47.4,2211727
2005-04-27 00:00:00+05:30,38.98,47.89,38.98,46.32,513394
2005-04-28 00:00:00+05:30,46.86,46.86,45.34,45.54,426946
2005-04-29 00:00:00+05:30,45.59,45.78,44.46,45.0,455821
2005-05-02 00:00:00+05:30,45.34,45.69,43.97,44.56,448121
2005-05-03 00:00:00+05:30,45.0,45.0,44.17,44.56,230814
2005-05-04 00:00:00+05:30,44.76,45.44,44.76,45.15,302463
2005-05-05 00:00:00+05:30,45.15,45.93,45.15,45.54,323965
2005-05-06 00:00:00+05:30,45.54,45.93,44.85,45.49,405784
2005-05-09 00:00:00+05:30,44.22,47.16,44.22,46.67,906881
2005-05-10 00:00:00+05:30,47.01,47.06,45.83,46.32,546482
2005-05-11 00:00:00+05:30,46.32,46.32,45.29,45.54,356579
2005-05-12 00:00:00+05:30,45.74,46.42,45.44,46.08,429187
2005-05-13 00:00:00+05:30,45.78,47.01,45.34,46.47,532435
2005-05-16 00:00:00+05:30,47.01,47.2,46.32,46.42,283833
2005-05-17 00:00:00+05:30,46.91,46.91,45.59,45.78,249969
2005-05-18 00:00:00+05:30,45.83,46.03,45.15,45.39,204846
2005-05-19 00:00:00+05:30,45.78,46.52,45.25,45.39,327132
2005-05-20 00:00:00+05:30,45.54,46.03,45.54,45.69,283137
2005-05-23 00:00:00+05:30,46.03,46.91,45.64,46.67,632059
2005-05-24 00:00:00+05:30,47.01,47.69,46.47,46.62,856776
2005-05-25 00:00:00+05:30,47.6,48.18,47.16,47.2,1005929
2005-05-26 00:00:00+05:30,47.16,47.5,46.42,46.62,1008909
2005-05-27 00:00:00+05:30,46.81,47.4,45.59,46.32,765012
2005-05-30 00:00:00+05:30,46.71,47.11,46.13,46.27,445733
2005-05-31 00:00:00+05:30,46.52,46.76,46.18,46.22,388650
2005-06-01 00:00:00+05:30,45.83,46.71,45.83,46.47,387254
2005-06-02 00:00:00+05:30,46.81,46.96,46.18,46.47,410450
2005-06-03 00:00:00+05:30,46.91,46.91,46.32,46.62,370816
2005-06-06 00:00:00+05:30,50.78,50.78,48.09,48.33,2829531
2005-06-07 00:00:00+05:30,48.87,49.75,48.58,48.97,1839211
2005-06-08 00:00:00+05:30,49.36,49.75,48.48,48.58,924947
2005-06-09 00:00:00+05:30,48.97,49.21,48.09,48.28,528211
2005-06-10 00:00:00+05:30,48.53,48.77,47.01,47.16,453709
2005-06-13 00:00:00+05:30,47.5,47.69,46.32,46.81,472488
2005-06-14 00:00:00+05:30,47.06,47.35,46.62,46.71,275462
2005-06-15 00:00:00+05:30,46.67,48.82,46.52,48.48,1427283
2005-06-16 00:00:00+05:30,48.77,49.16,46.71,46.91,909587
2005-06-17 00:00:00+05:30,47.01,47.2,46.37,46.52,323502
2005-06-20 00:00:00+05:30,47.01,47.69,46.08,46.18,891613
2005-06-21 00:00:00+05:30,46.32,47.01,46.13,46.18,377645
2005-06-22 00:00:00+05:30,46.32,46.76,45.69,45.83,481664
2005-06-23 00:00:00+05:30,46.08,46.22,45.59,45.83,294189
2005-06-24 00:00:00+05:30,46.08,46.91,45.64,45.98,529083
2005-06-27 00:00:00+05:30,46.32,46.42,45.54,45.64,456730
2005-06-28 00:00:00+05:30,45.64,45.88,44.61,44.8,342519
2005-06-29 00:00:00+05:30,44.8,45.15,44.56,44.9,309065
2005-06-30 00:00:00+05:30,45.05,45.39,42.8,43.63,2509693
2005-07-01 00:00:00+05:30,43.68,44.46,43.34,44.22,600956
2005-07-04 00:00:00+05:30,44.36,45.2,44.07,45.0,598203
2005-07-05 00:00:00+05:30,45.25,45.49,44.56,44.66,482867
2005-07-06 00:00:00+05:30,44.95,45.2,44.76,45.0,293569
2005-07-07 00:00:00+05:30,44.8,44.95,43.58,44.07,611007
2005-07-08 00:00:00+05:30,44.27,44.56,44.02,44.22,412582
2005-07-11 00:00:00+05:30,44.51,45.05,44.07,44.12,339231
2005-07-12 00:00:00+05:30,44.12,44.41,43.63,43.87,395936
2005-07-13 00:00:00+05:30,44.07,44.17,43.63,43.68,382217
2005-07-14 00:00:00+05:30,43.87,43.92,43.09,43.38,446286
2005-07-15 00:00:00+05:30,43.58,44.56,43.43,44.27,766315
2005-07-18 00:00:00+05:30,45.15,48.18,44.12,47.84,3056973
2005-07-19 00:00:00+05:30,47.99,48.09,45.59,46.18,829123
2005-07-20 00:00:00+05:30,46.47,47.25,46.08,46.22,920881
2005-07-21 00:00:00+05:30,46.47,47.16,45.34,45.64,466241
2005-07-22 00:00:00+05:30,46.42,47.84,45.64,47.6,2585179
2005-07-25 00:00:00+05:30,48.53,51.12,47.99,50.78,8687999
2005-07-26 00:00:00+05:30,51.42,51.86,49.65,50.39,5235515
2005-07-27 00:00:00+05:30,50.78,50.78,49.46,49.75,1144955
2005-07-29 00:00:00+05:30,49.46,49.46,47.3,49.02,2546180
2005-08-01 00:00:00+05:30,48.97,50.34,48.04,49.95,1384586
2005-08-02 00:00:00+05:30,50.34,55.28,49.95,54.84,11095946
2005-08-03 00:00:00+05:30,55.72,55.72,53.03,53.62,5457496
2005-08-04 00:00:00+05:30,53.62,54.94,52.88,53.47,2945151
2005-08-05 00:00:00+05:30,53.77,55.04,53.03,54.11,3434504
2005-08-08 00:00:00+05:30,54.6,54.6,52.0,52.25,1439091
2005-08-09 00:00:00+05:30,52.39,52.79,50.78,51.22,1548317
2005-08-10 00:00:00+05:30,51.12,52.98,51.12,52.69,1232748
2005-08-11 00:00:00+05:30,52.1,52.49,50.78,51.12,1206070
2005-08-12 00:00:00+05:30,51.37,52.0,50.44,50.88,934445
2005-08-16 00:00:00+05:30,51.32,51.37,50.09,50.29,517057
2005-08-17 00:00:00+05:30,50.44,51.81,50.04,50.97,782688
2005-08-18 00:00:00+05:30,50.93,52.35,50.53,50.73,841102
2005-08-19 00:00:00+05:30,50.93,51.32,50.29,50.48,601565
2005-08-22 00:00:00+05:30,50.97,51.27,48.97,49.31,1179655
2005-08-23 00:00:00+05:30,49.46,50.34,48.67,48.82,864039
2005-08-24 00:00:00+05:30,49.36,49.6,46.96,47.69,1138157
2005-08-25 00:00:00+05:30,48.97,48.97,45.05,45.93,3899472
2005-08-26 00:00:00+05:30,46.91,48.04,46.67,47.84,1191931
2005-08-29 00:00:00+05:30,48.23,50.0,47.25,49.75,2532342
2005-08-30 00:00:00+05:30,50.34,50.83,49.7,49.85,1106767
2005-08-31 00:00:00+05:30,49.46,52.44,49.46,52.0,3462275
2005-09-01 00:00:00+05:30,52.88,53.18,52.0,52.2,1921948
2005-09-02 00:00:00+05:30,52.69,53.37,52.39,52.79,3224509
2005-09-05 00:00:00+05:30,53.08,53.57,51.42,51.71,1135335
2005-09-06 00:00:00+05:30,52.15,53.96,51.71,53.37,4248231
2005-09-08 00:00:00+05:30,53.86,54.21,52.64,53.28,2211430
2005-09-09 00:00:00+05:30,55.33,55.33,52.05,52.79,1154876
2005-09-12 00:00:00+05:30,50.09,53.62,50.09,53.28,912169
2005-09-13 00:00:00+05:30,53.72,55.58,53.18,55.04,5307060
2005-09-14 00:00:00+05:30,55.43,57.19,53.96,55.14,5506933
2005-09-15 00:00:00+05:30,56.31,56.31,55.04,55.43,1295217
2005-09-16 00:00:00+05:30,55.82,57.05,55.82,56.07,2342863
2005-09-19 00:00:00+05:30,56.31,57.29,55.82,56.9,2515985
2005-09-20 00:00:00+05:30,57.78,57.78,55.48,55.92,2305798
2005-09-21 00:00:00+05:30,55.58,55.77,51.17,54.16,2215373
2005-09-22 00:00:00+05:30,53.86,54.35,50.04,50.53,1831548
2005-09-23 00:00:00+05:30,49.55,52.0,49.55,50.73,1649098
2005-09-26 00:00:00+05:30,51.61,52.93,51.32,52.74,974104
2005-09-27 00:00:00+05:30,53.18,53.42,52.0,52.59,913289
2005-09-28 00:00:00+05:30,52.59,53.13,52.2,53.03,573400
2005-09-29 00:00:00+05:30,53.18,53.77,52.15,52.3,1398146
2005-09-30 00:00:00+05:30,52.49,52.74,50.58,51.51,979025
2005-10-03 00:00:00+05:30,52.1,53.62,51.61,53.33,1334431
2005-10-04 00:00:00+05:30,53.77,54.55,53.13,53.86,1948066
2005-10-05 00:00:00+05:30,52.88,54.16,52.79,53.28,630030
2005-10-06 00:00:00+05:30,52.88,53.18,52.0,52.44,654348
2005-10-07 00:00:00+05:30,52.39,54.75,51.71,53.67,1715941
2005-10-10 00:00:00+05:30,53.67,54.11,52.74,52.98,734963
2005-10-11 00:00:00+05:30,52.98,53.57,51.71,52.79,835288
2005-10-13 00:00:00+05:30,52.79,53.57,52.0,52.25,614413
2005-10-14 00:00:00+05:30,52.35,52.64,50.97,51.12,699456
2005-10-17 00:00:00+05:30,51.81,51.9,50.24,50.39,622119
2005-10-18 00:00:00+05:30,50.73,51.27,49.46,50.0,465646
2005-10-19 00:00:00+05:30,50.0,50.0,47.79,48.13,1097871
2005-10-20 00:00:00+05:30,48.92,49.7,44.95,46.18,1295315
2005-10-21 00:00:00+05:30,46.52,47.79,44.07,47.16,1481241
2005-10-24 00:00:00+05:30,47.3,48.18,46.03,47.2,556549
2005-10-25 00:00:00+05:30,47.79,48.23,47.11,47.74,801817
2005-10-26 00:00:00+05:30,47.3,47.3,46.13,46.71,758523
2005-10-27 00:00:00+05:30,46.91,47.01,43.97,44.61,2532597
2005-10-28 00:00:00+05:30,44.27,45.05,43.58,43.73,1192370
2005-10-31 00:00:00+05:30,44.27,44.85,43.43,44.61,534306
2005-11-01 00:00:00+05:30,46.71,46.71,44.85,45.15,276341
2005-11-02 00:00:00+05:30,45.44,45.49,43.97,45.34,696087
2005-11-07 00:00:00+05:30,46.03,46.86,45.34,46.62,691003
2005-11-08 00:00:00+05:30,47.01,47.6,46.71,47.06,599013
2005-11-09 00:00:00+05:30,47.16,47.74,46.52,46.62,328775
2005-11-10 00:00:00+05:30,46.52,47.16,46.52,46.91,310591
2005-11-11 00:00:00+05:30,47.25,48.87,47.25,48.23,1382328
2005-11-14 00:00:00+05:30,48.67,48.97,47.6,47.94,709664
2005-11-16 00:00:00+05:30,48.04,48.48,47.74,47.84,486281
2005-11-17 00:00:00+05:30,48.18,48.18,47.45,47.79,1026946
2005-11-18 00:00:00+05:30,48.23,48.48,47.69,47.89,508238
2005-11-21 00:00:00+05:30,48.38,48.48,46.71,46.86,428600
2005-11-22 00:00:00+05:30,51.81,51.81,46.13,46.22,567617
2005-11-23 00:00:00+05:30,46.52,46.52,45.54,45.88,550509
2005-11-24 00:00:00+05:30,46.81,46.81,44.56,45.15,1841846
2005-11-25 00:00:00+05:30,46.52,47.01,45.74,46.27,680489
2005-11-28 00:00:00+05:30,47.89,47.89,46.71,46.81,570039
2005-11-29 00:00:00+05:30,47.35,47.55,46.27,46.81,444921
2005-11-30 00:00:00+05:30,46.81,48.82,46.76,46.96,1657113
2005-12-01 00:00:00+05:30,47.06,47.4,46.57,46.86,640558
2005-12-02 00:00:00+05:30,47.4,47.64,46.52,46.67,573567
2005-12-05 00:00:00+05:30,46.71,46.96,46.18,46.32,392725
2005-12-06 00:00:00+05:30,46.27,46.52,45.83,46.08,277914
2005-12-07 00:00:00+05:30,46.13,46.76,45.93,45.98,422056
2005-12-08 00:00:00+05:30,46.13,46.52,45.93,46.27,295949
2005-12-09 00:00:00+05:30,46.27,47.01,46.08,46.76,417481
2005-12-12 00:00:00+05:30,46.81,49.46,46.76,48.97,2465126
2005-12-13 00:00:00+05:30,49.55,50.34,49.06,49.36,3117054
2005-12-14 00:00:00+05:30,49.46,49.75,48.04,48.18,861354
2005-12-15 00:00:00+05:30,48.92,48.92,47.5,47.84,640180
2005-12-16 00:00:00+05:30,48.87,48.87,47.25,47.4,481396
2005-12-19 00:00:00+05:30,47.25,48.38,47.25,47.69,372761
2005-12-20 00:00:00+05:30,48.18,48.38,47.5,47.64,420273
2005-12-21 00:00:00+05:30,48.23,48.23,47.2,47.4,358257
2005-12-22 00:00:00+05:30,47.89,47.89,47.01,47.06,395548
2005-12-23 00:00:00+05:30,47.06,47.4,46.03,46.13,486582
2005-12-26 00:00:00+05:30,45.83,46.47,45.05,45.25,491197
2005-12-27 00:00:00+05:30,45.83,46.03,45.05,45.93,373094
2005-12-28 00:00:00+05:30,46.03,47.01,45.64,45.88,736027
2005-12-29 00:00:00+05:30,46.22,46.22,45.54,45.88,525421
2005-12-30 00:00:00+05:30,46.03,46.47,45.93,46.03,612318
2006-01-02 00:00:00+05:30,46.27,47.01,46.08,46.67,516294
2006-01-03 00:00:00+05:30,47.01,47.25,46.67,47.06,397213
2006-01-04 00:00:00+05:30,47.06,47.99,46.91,47.25,487004
2006-01-05 00:00:00+05:30,47.06,49.41,47.06,48.92,2332597
2006-01-06 00:00:00+05:30,48.97,50.29,48.38,48.97,2009763
2006-01-09 00:00:00+05:30,49.02,50.44,48.97,50.09,1830778
2006-01-10 00:00:00+05:30,50.09,50.34,48.62,48.82,1116281
2006-01-12 00:00:00+05:30,48.77,48.97,47.99,48.23,662617
2006-01-13 00:00:00+05:30,48.43,48.87,47.79,47.99,495012
2006-01-16 00:00:00+05:30,47.6,47.99,47.06,47.16,246290
2006-01-17 00:00:00+05:30,47.25,47.64,46.03,46.13,407985
2006-01-18 00:00:00+05:30,46.27,46.52,45.59,46.37,430718
2006-01-19 00:00:00+05:30,46.37,47.2,44.66,46.96,295639
2006-01-20 00:00:00+05:30,47.2,47.64,46.81,47.01,443023
2006-01-23 00:00:00+05:30,46.62,46.96,46.32,46.47,244578
2006-01-24 00:00:00+05:30,46.52,46.96,46.47,46.52,277564
2006-01-25 00:00:00+05:30,47.5,47.5,45.25,45.64,1131994
2006-01-27 00:00:00+05:30,46.42,46.91,45.83,46.76,735717
2006-01-30 00:00:00+05:30,47.4,47.99,45.15,45.44,983035
2006-01-31 00:00:00+05:30,45.15,45.25,44.17,44.36,938834
2006-02-01 00:00:00+05:30,44.36,44.85,42.75,43.09,946514
2006-02-02 00:00:00+05:30,43.58,43.78,42.55,42.8,708356
2006-02-03 00:00:00+05:30,43.58,43.58,42.36,42.6,859320
2006-02-06 00:00:00+05:30,42.6,43.34,42.31,42.41,479404
2006-02-07 00:00:00+05:30,42.5,43.09,42.11,42.36,616326
2006-02-08 00:00:00+05:30,42.31,42.8,41.67,41.87,669183
2006-02-10 00:00:00+05:30,41.92,42.5,41.92,42.06,574048
2006-02-13 00:00:00+05:30,42.36,42.9,42.26,42.45,582743
2006-02-14 00:00:00+05:30,42.41,43.04,42.31,42.45,503231
2006-02-15 00:00:00+05:30,42.8,44.8,42.8,43.87,1720520
2006-02-16 00:00:00+05:30,44.8,44.95,43.97,44.12,870501
2006-02-17 00:00:00+05:30,44.12,44.46,43.09,43.19,466198
2006-02-20 00:00:00+05:30,42.31,43.48,42.21,42.65,313401
2006-02-21 00:00:00+05:30,42.6,43.19,41.23,42.7,396722
2006-02-22 00:00:00+05:30,42.99,43.04,42.31,42.5,332443
2006-02-23 00:00:00+05:30,42.7,42.85,41.87,41.96,717065
2006-02-24 00:00:00+05:30,42.9,43.04,42.21,42.9,351187
2006-02-27 00:00:00+05:30,43.09,43.87,42.36,43.24,341962
2006-02-28 00:00:00+05:30,44.07,44.07,42.41,42.55,491882
2006-03-01 00:00:00+05:30,42.94,42.99,41.67,41.87,356903
2006-03-02 00:00:00+05:30,41.92,42.85,41.77,41.87,321664
2006-03-03 00:00:00+05:30,42.11,42.26,41.52,41.87,264645
2006-03-06 00:00:00+05:30,42.6,50.24,42.6,45.05,2862982
2006-03-07 00:00:00+05:30,45.34,45.49,44.17,44.41,883679
2006-03-08 00:00:00+05:30,44.76,44.76,42.99,43.14,422361
2006-03-09 00:00:00+05:30,43.34,43.73,42.16,42.55,452287
2006-03-10 00:00:00+05:30,42.21,43.48,42.21,42.7,244632
2006-03-13 00:00:00+05:30,43.34,44.41,42.65,43.83,968212
2006-03-14 00:00:00+05:30,44.41,44.56,42.8,42.94,403029
2006-03-16 00:00:00+05:30,42.9,43.34,42.41,42.45,336720
2006-03-17 00:00:00+05:30,42.99,42.99,42.01,42.11,330738
2006-03-20 00:00:00+05:30,42.85,43.04,42.11,42.26,554426
2006-03-21 00:00:00+05:30,42.75,42.75,41.92,42.06,425340
2006-03-22 00:00:00+05:30,41.82,42.31,41.62,41.77,371404
2006-03-23 00:00:00+05:30,42.11,42.11,41.62,41.72,319904
2006-03-24 00:00:00+05:30,42.11,42.11,41.52,41.57,687684
2006-03-27 00:00:00+05:30,41.82,42.31,41.23,41.38,734026
2006-03-28 00:00:00+05:30,42.06,42.06,41.03,41.13,603170
2006-03-29 00:00:00+05:30,40.89,41.48,40.89,41.13,319206
2006-03-30 00:00:00+05:30,41.33,41.62,40.69,41.23,796430
2006-03-31 00:00:00+05:30,42.41,42.41,41.18,41.57,442974
2006-04-03 00:00:00+05:30,41.52,42.7,41.52,42.5,505554
2006-04-04 00:00:00+05:30,42.5,47.74,42.5,47.16,5687888
2006-04-05 00:00:00+05:30,47.99,47.99,46.03,46.27,1908017
2006-04-07 00:00:00+05:30,46.71,47.2,43.63,44.36,1479959
2006-04-10 00:00:00+05:30,49.21,49.21,44.17,45.0,619811
2006-04-12 00:00:00+05:30,45.05,46.42,44.61,44.85,718191
2006-04-13 00:00:00+05:30,45.05,45.05,42.16,42.94,957848
2006-04-17 00:00:00+05:30,42.85,43.73,42.11,43.14,658235
2006-04-18 00:00:00+05:30,46.42,46.42,43.09,43.24,582136
2006-04-19 00:00:00+05:30,43.92,47.89,43.87,46.08,3904649
2006-04-20 00:00:00+05:30,46.76,48.38,45.25,47.11,3203983
2006-04-21 00:00:00+05:30,47.25,48.87,45.39,46.81,3116460
2006-04-24 00:00:00+05:30,47.45,47.79,45.88,47.2,1785010
2006-04-25 00:00:00+05:30,47.4,47.99,45.64,45.98,1287836
2006-04-26 00:00:00+05:30,46.47,47.16,45.29,46.18,1018309
2006-04-27 00:00:00+05:30,46.27,50.88,46.27,49.8,6194325
2006-04-28 00:00:00+05:30,48.97,53.03,40.64,51.66,7847201
2006-05-02 00:00:00+05:30,51.51,53.28,50.97,51.17,1905668
2006-05-03 00:00:00+05:30,51.86,53.62,50.68,52.79,3173071
2006-05-04 00:00:00+05:30,53.13,53.37,51.07,51.42,2081429
2006-05-05 00:00:00+05:30,51.56,52.35,50.78,51.12,1131892
2006-05-08 00:00:00+05:30,51.46,54.65,51.22,54.11,3622600
2006-05-09 00:00:00+05:30,54.35,55.97,52.69,55.38,5599379
2006-05-10 00:00:00+05:30,55.77,61.55,51.22,60.96,14228050
2006-05-11 00:00:00+05:30,62.68,63.07,55.09,55.77,6731256
2006-05-12 00:00:00+05:30,54.84,55.82,53.37,54.11,2800486
2006-05-15 00:00:00+05:30,54.06,54.11,49.11,49.51,2401580
2006-05-16 00:00:00+05:30,49.7,50.53,45.29,48.43,4082390
2006-05-17 00:00:00+05:30,48.97,52.88,48.97,52.59,2498967
2006-05-18 00:00:00+05:30,51.9,51.9,45.93,46.42,3613406
2006-05-19 00:00:00+05:30,47.99,49.41,43.09,43.68,3243273
2006-05-22 00:00:00+05:30,45.05,46.37,38.19,39.42,3470550
2006-05-23 00:00:00+05:30,40.05,43.43,37.7,43.14,2689615
2006-05-24 00:00:00+05:30,44.07,44.76,42.26,43.43,2796539
2006-05-25 00:00:00+05:30,43.19,43.83,41.13,43.29,2323320
2006-05-26 00:00:00+05:30,44.9,46.03,44.07,45.05,1396128
2006-05-29 00:00:00+05:30,45.54,45.88,44.17,44.46,1170914
2006-05-30 00:00:00+05:30,44.95,45.34,43.09,43.97,813462
2006-05-31 00:00:00+05:30,43.09,43.09,40.79,41.87,1381081
2006-06-01 00:00:00+05:30,42.21,43.09,40.05,40.35,909703
2006-06-02 00:00:00+05:30,40.35,41.03,38.78,40.64,1170236
2006-06-05 00:00:00+05:30,40.64,41.13,39.66,39.86,583220
2006-06-06 00:00:00+05:30,40.15,40.15,37.85,38.15,1098711
2006-06-07 00:00:00+05:30,37.9,38.88,34.77,35.11,1087564
2006-06-08 00:00:00+05:30,35.11,35.75,29.43,30.41,1826562
2006-06-09 00:00:00+05:30,30.26,33.54,30.11,33.15,1264026
2006-06-12 00:00:00+05:30,34.08,35.01,32.42,33.35,1261803
2006-06-13 00:00:00+05:30,33.49,33.49,31.34,31.63,795779
2006-06-14 00:00:00+05:30,32.32,33.3,30.56,31.49,846167
2006-06-15 00:00:00+05:30,32.81,33.79,31.93,33.1,760270
2006-06-16 00:00:00+05:30,34.08,35.01,33.4,33.84,1107446
2006-06-19 00:00:00+05:30,31.93,34.28,31.93,33.98,493591
2006-06-20 00:00:00+05:30,33.98,36.82,33.2,35.5,1273419
2006-06-21 00:00:00+05:30,35.75,38.1,35.26,35.99,788455
2006-06-22 00:00:00+05:30,37.12,37.51,36.43,36.63,848099
2006-06-23 00:00:00+05:30,35.79,37.17,35.45,36.53,526864
2006-06-26 00:00:00+05:30,37.8,37.8,34.77,35.45,558456
2006-06-27 00:00:00+05:30,35.26,36.04,34.33,34.96,522826
2006-06-28 00:00:00+05:30,34.33,34.86,33.49,34.47,460247
2006-06-29 00:00:00+05:30,35.35,35.65,33.84,34.47,1417438
2006-06-30 00:00:00+05:30,35.5,35.75,34.91,35.21,521983
2006-07-03 00:00:00+05:30,35.26,36.09,34.77,35.4,372591
2006-07-04 00:00:00+05:30,35.94,35.94,34.62,34.86,217301
2006-07-05 00:00:00+05:30,35.75,35.75,34.47,35.06,210689
2006-07-06 00:00:00+05:30,34.57,35.89,34.57,35.11,402491
2006-07-07 00:00:00+05:30,35.26,35.5,33.84,34.18,279716
2006-07-10 00:00:00+05:30,36.24,36.24,32.86,33.4,458123
2006-07-11 00:00:00+05:30,33.79,33.79,33.05,33.25,208620
2006-07-12 00:00:00+05:30,31.83,33.2,31.83,33.0,317648
2006-07-13 00:00:00+05:30,33.0,34.18,32.56,33.59,309062
2006-07-14 00:00:00+05:30,32.66,33.4,32.47,33.0,224548
2006-07-17 00:00:00+05:30,33.79,33.79,31.88,32.17,322486
2006-07-18 00:00:00+05:30,32.86,33.0,30.51,30.75,606956
2006-07-19 00:00:00+05:30,32.02,32.02,30.6,30.9,537686
2006-07-20 00:00:00+05:30,31.93,32.22,31.05,31.78,360205
2006-07-21 00:00:00+05:30,32.22,32.22,30.6,31.29,219798
2006-07-24 00:00:00+05:30,31.34,31.63,30.85,31.34,413824
2006-07-25 00:00:00+05:30,36.14,36.14,31.34,34.42,977366
2006-07-26 00:00:00+05:30,34.86,35.4,33.4,34.47,1352465
2006-07-27 00:00:00+05:30,34.77,35.16,34.08,34.62,1228846
2006-07-28 00:00:00+05:30,33.4,34.67,33.3,34.18,288035
2006-07-31 00:00:00+05:30,37.21,37.21,34.18,34.37,258685
2006-08-01 00:00:00+05:30,34.23,34.37,33.54,33.79,242366
2006-08-02 00:00:00+05:30,33.3,35.75,33.3,35.21,1030867
2006-08-03 00:00:00+05:30,35.6,36.04,34.67,34.91,493451
2006-08-04 00:00:00+05:30,35.06,35.89,34.47,35.01,510893
2006-08-07 00:00:00+05:30,34.37,35.35,34.37,34.62,251815
2006-08-08 00:00:00+05:30,35.94,35.94,34.37,34.47,458839
2006-08-09 00:00:00+05:30,34.77,35.35,34.57,34.82,313385
2006-08-10 00:00:00+05:30,34.82,35.5,34.67,35.01,284171
2006-08-11 00:00:00+05:30,35.06,36.73,34.91,35.75,839476
2006-08-14 00:00:00+05:30,36.04,38.49,36.04,37.9,1515350
2006-08-16 00:00:00+05:30,38.59,39.66,37.21,38.49,1911518
2006-08-17 00:00:00+05:30,38.78,39.66,37.46,37.75,871995
2006-08-18 00:00:00+05:30,38.15,40.3,37.21,39.86,2277456
2006-08-21 00:00:00+05:30,40.15,40.4,38.44,39.22,1123536
2006-08-22 00:00:00+05:30,39.27,40.05,38.34,38.68,631161
2006-08-23 00:00:00+05:30,38.78,39.57,38.19,38.83,949895
2006-08-24 00:00:00+05:30,39.08,39.52,38.29,39.22,715490
2006-08-25 00:00:00+05:30,39.66,41.28,38.88,40.79,2705705
2006-08-28 00:00:00+05:30,40.64,44.07,40.15,40.94,1389882
2006-08-29 00:00:00+05:30,41.62,42.01,41.13,41.48,1222369
2006-08-30 00:00:00+05:30,41.72,41.77,40.94,41.38,669046
2006-08-31 00:00:00+05:30,41.38,41.77,40.59,40.74,479498
2006-09-01 00:00:00+05:30,40.99,41.57,40.3,41.23,622000
2006-09-04 00:00:00+05:30,41.77,42.5,41.43,41.92,1130187
2006-09-05 00:00:00+05:30,42.21,42.41,41.82,41.96,781923
2006-09-06 00:00:00+05:30,41.92,43.48,41.92,42.85,1438219
2006-09-07 00:00:00+05:30,42.21,43.09,41.96,42.16,628047
2006-09-08 00:00:00+05:30,42.21,44.02,42.16,43.24,1646133
2006-09-11 00:00:00+05:30,43.83,43.83,40.45,40.94,916322
2006-09-12 00:00:00+05:30,41.03,41.48,39.47,40.84,640719
2006-09-13 00:00:00+05:30,41.13,44.71,41.13,44.12,2558446
2006-09-14 00:00:00+05:30,44.95,45.2,43.24,43.43,1222465
2006-09-15 00:00:00+05:30,42.11,44.51,42.11,43.29,663496
2006-09-18 00:00:00+05:30,43.83,44.02,42.8,42.99,502649
2006-09-19 00:00:00+05:30,43.04,43.43,41.57,41.77,849907
2006-09-20 00:00:00+05:30,41.62,42.75,40.69,42.31,562036
2006-09-21 00:00:00+05:30,42.65,43.38,42.16,42.41,620109
2006-09-22 00:00:00+05:30,42.55,42.55,40.94,41.03,1539817
2006-09-25 00:00:00+05:30,41.96,41.96,40.64,40.74,883011
2006-09-26 00:00:00+05:30,41.03,41.38,40.84,41.03,494404
2006-09-27 00:00:00+05:30,41.03,41.62,40.74,40.84,341140
2006-09-28 00:00:00+05:30,40.94,41.72,40.5,41.48,639468
2006-09-29 00:00:00+05:30,41.62,42.31,41.23,41.72,609662
2006-10-03 00:00:00+05:30,42.06,42.26,41.52,41.67,418414
2006-10-04 00:00:00+05:30,41.87,43.24,41.82,42.21,1138078
2006-10-05 00:00:00+05:30,42.99,42.99,42.31,42.36,487649
2006-10-06 00:00:00+05:30,42.6,44.41,42.11,43.97,2426952
2006-10-09 00:00:00+05:30,43.09,43.68,42.8,43.04,631434
2006-10-10 00:00:00+05:30,43.19,43.78,42.65,42.8,338525
2006-10-11 00:00:00+05:30,43.09,43.53,41.72,41.96,472893
2006-10-12 00:00:00+05:30,42.6,42.99,41.72,42.75,411178
2006-10-13 00:00:00+05:30,43.29,43.92,42.21,42.5,753325
2006-10-16 00:00:00+05:30,42.94,42.94,41.87,42.21,646765
2006-10-17 00:00:00+05:30,42.55,42.55,41.62,41.72,322421
2006-10-18 00:00:00+05:30,41.72,42.11,41.62,41.67,418138
2006-10-19 00:00:00+05:30,41.92,42.7,41.08,41.23,828192
2006-10-20 00:00:00+05:30,41.33,42.06,41.23,41.33,544657
2006-10-23 00:00:00+05:30,42.16,42.16,41.48,41.67,234314
2006-10-26 00:00:00+05:30,41.67,42.01,41.23,41.28,396130
2006-10-27 00:00:00+05:30,41.62,42.5,41.43,42.11,569739
2006-10-30 00:00:00+05:30,41.62,42.55,41.18,41.92,400703
2006-10-31 00:00:00+05:30,41.38,41.38,39.22,40.25,688553
2006-11-01 00:00:00+05:30,40.2,40.74,39.71,40.05,386911
2006-11-02 00:00:00+05:30,39.91,40.45,39.66,40.01,272915
2006-11-03 00:00:00+05:30,40.15,40.4,39.47,39.71,361165
2006-11-06 00:00:00+05:30,40.01,40.74,39.66,39.96,445708
2006-11-07 00:00:00+05:30,40.15,40.64,39.32,39.47,342527
2006-11-08 00:00:00+05:30,39.57,39.76,37.7,38.49,509490
2006-11-09 00:00:00+05:30,38.68,39.32,38.44,38.63,385223
2006-11-10 00:00:00+05:30,38.68,39.47,38.68,38.88,302693
2006-11-13 00:00:00+05:30,39.57,40.54,38.83,38.93,298171
2006-11-14 00:00:00+05:30,39.17,39.32,38.73,38.98,353259
2006-11-15 00:00:00+05:30,38.78,39.81,38.68,39.12,388654
2006-11-16 00:00:00+05:30,39.17,41.87,38.98,41.13,1857336
2006-11-17 00:00:00+05:30,42.01,42.6,40.64,40.94,3166082
2006-11-20 00:00:00+05:30,40.74,41.13,40.15,40.64,850798
2006-11-21 00:00:00+05:30,40.64,41.62,40.35,40.94,628896
2006-11-22 00:00:00+05:30,41.13,41.13,40.15,40.2,286370
2006-11-23 00:00:00+05:30,40.3,40.64,39.66,39.81,652520
2006-11-24 00:00:00+05:30,39.42,40.94,39.42,40.45,780835
2006-11-27 00:00:00+05:30,40.35,41.13,40.1,40.79,697792
2006-11-28 00:00:00+05:30,40.59,41.13,39.66,40.89,992088
2006-11-29 00:00:00+05:30,40.89,42.11,40.64,41.33,1707668
2006-11-30 00:00:00+05:30,41.62,42.01,38.98,39.47,856604
2006-12-01 00:00:00+05:30,40.5,41.23,39.66,40.79,1204431
2006-12-04 00:00:00+05:30,42.11,42.11,40.54,40.69,415938
2006-12-05 00:00:00+05:30,40.74,42.21,40.2,41.77,1557312
2006-12-06 00:00:00+05:30,41.77,42.6,40.64,41.28,582996
2006-12-07 00:00:00+05:30,40.94,42.26,40.74,41.77,1485974
2006-12-08 00:00:00+05:30,41.62,41.92,40.64,40.99,350190
2006-12-11 00:00:00+05:30,41.43,41.43,38.88,39.17,406065
2006-12-12 00:00:00+05:30,39.57,39.61,35.5,36.58,473515
2006-12-13 00:00:00+05:30,37.36,37.85,35.75,37.41,618708
2006-12-14 00:00:00+05:30,38.19,39.37,37.61,39.12,804378
2006-12-15 00:00:00+05:30,38.19,39.91,38.19,38.98,257018
2006-12-18 00:00:00+05:30,38.19,39.96,38.19,39.37,556108
2006-12-19 00:00:00+05:30,39.22,39.57,38.73,38.93,207382
2006-12-20 00:00:00+05:30,38.19,39.37,38.19,38.88,189393
2006-12-21 00:00:00+05:30,38.19,39.12,38.19,38.59,170351
2006-12-22 00:00:00+05:30,40.15,40.15,38.19,38.63,133364
2006-12-26 00:00:00+05:30,39.17,39.37,38.34,39.08,342438
2006-12-27 00:00:00+05:30,39.37,39.52,39.08,39.22,384912
2006-12-28 00:00:00+05:30,39.37,40.15,38.68,39.52,776460
2006-12-29 00:00:00+05:30,40.54,40.54,39.27,39.96,611236
2007-01-02 00:00:00+05:30,39.17,40.25,39.17,39.66,139912
2007-01-03 00:00:00+05:30,39.17,39.91,39.17,39.32,226515
2007-01-04 00:00:00+05:30,40.15,41.13,39.47,40.01,301404
2007-01-05 00:00:00+05:30,39.17,40.94,39.17,40.3,383863
2007-01-08 00:00:00+05:30,41.13,41.13,39.81,39.96,197098
2007-01-09 00:00:00+05:30,40.25,40.59,39.42,39.52,141054
2007-01-10 00:00:00+05:30,39.27,39.61,38.73,38.88,153574
2007-01-11 00:00:00+05:30,39.17,39.61,38.88,39.32,149192
2007-01-12 00:00:00+05:30,39.17,41.28,39.17,40.69,603527
2007-01-15 00:00:00+05:30,40.15,42.8,40.15,42.45,1297960
2007-01-16 00:00:00+05:30,42.11,44.56,42.11,43.92,1780358
2007-01-17 00:00:00+05:30,44.66,46.81,44.07,45.93,2740714
2007-01-18 00:00:00+05:30,46.03,47.5,45.05,45.74,1922496
2007-01-19 00:00:00+05:30,46.03,46.91,45.05,45.34,845098
2007-01-22 00:00:00+05:30,45.54,45.74,44.12,44.27,471208
2007-01-23 00:00:00+05:30,43.34,44.76,43.34,43.58,384033
2007-01-24 00:00:00+05:30,44.66,45.93,44.22,44.46,887150
2007-01-25 00:00:00+05:30,46.03,46.03,44.17,45.2,1822600
2007-01-29 00:00:00+05:30,45.05,45.93,45.0,45.2,859734
2007-01-31 00:00:00+05:30,45.54,45.54,43.63,43.68,515580
2007-02-01 00:00:00+05:30,44.07,44.07,42.7,43.34,380417
2007-02-02 00:00:00+05:30,42.7,44.02,40.45,43.29,272091
2007-02-05 00:00:00+05:30,43.38,43.78,42.5,42.7,188595
2007-02-06 00:00:00+05:30,43.09,43.09,42.21,42.5,235255
2007-02-07 00:00:00+05:30,42.31,43.34,41.92,42.45,259698
2007-02-08 00:00:00+05:30,43.09,43.09,41.52,41.67,287998
2007-02-09 00:00:00+05:30,42.01,42.11,40.25,40.84,373387
2007-02-12 00:00:00+05:30,41.13,41.13,38.44,38.78,482617
2007-02-13 00:00:00+05:30,38.78,39.71,37.66,38.49,381563
2007-02-14 00:00:00+05:30,37.21,38.98,37.21,38.73,310097
2007-02-15 00:00:00+05:30,38.19,39.96,38.19,39.76,266380
2007-02-19 00:00:00+05:30,39.17,40.1,39.17,39.66,179135
2007-02-20 00:00:00+05:30,39.76,39.76,39.08,39.22,129191
2007-02-21 00:00:00+05:30,39.17,39.52,38.63,38.88,555811
2007-02-22 00:00:00+05:30,39.17,39.17,36.38,37.02,1545141
2007-02-23 00:00:00+05:30,37.02,37.61,36.38,36.68,440648
2007-02-26 00:00:00+05:30,37.51,37.51,36.14,36.97,274992
2007-02-27 00:00:00+05:30,36.97,37.46,36.73,37.02,253157
2007-02-28 00:00:00+05:30,37.21,37.21,32.32,35.89,481938
2007-03-01 00:00:00+05:30,36.48,36.73,35.7,36.38,304890
2007-03-02 00:00:00+05:30,35.75,36.97,35.75,35.99,209999
2007-03-05 00:00:00+05:30,35.75,35.75,32.51,33.25,535354
2007-03-06 00:00:00+05:30,34.23,35.16,33.2,34.03,360221
2007-03-07 00:00:00+05:30,33.79,34.77,32.76,32.86,419654
2007-03-08 00:00:00+05:30,33.49,34.28,32.32,33.89,311650
2007-03-09 00:00:00+05:30,34.03,34.57,33.69,33.84,252766
2007-03-12 00:00:00+05:30,34.28,34.52,33.4,34.28,259905
2007-03-13 00:00:00+05:30,33.3,34.52,33.3,34.37,147057
2007-03-14 00:00:00+05:30,33.4,33.89,32.86,33.0,290499
2007-03-15 00:00:00+05:30,34.28,34.28,33.15,33.3,137371
2007-03-16 00:00:00+05:30,33.3,33.69,32.56,33.1,153055
2007-03-19 00:00:00+05:30,33.1,33.54,32.86,33.25,148680
2007-03-20 00:00:00+05:30,33.64,33.74,33.3,33.54,154465
2007-03-21 00:00:00+05:30,33.54,33.64,33.3,33.54,143162
2007-03-22 00:00:00+05:30,33.89,34.23,33.69,34.03,232329
2007-03-23 00:00:00+05:30,33.3,34.18,33.3,33.84,145842
2007-03-26 00:00:00+05:30,33.35,33.98,33.35,33.64,223567
2007-03-28 00:00:00+05:30,33.69,33.74,32.91,33.25,201023
2007-03-29 00:00:00+05:30,33.25,33.59,32.02,32.66,2323779
2007-03-30 00:00:00+05:30,32.42,33.3,32.42,33.15,287761
2007-04-02 00:00:00+05:30,32.07,33.15,31.83,32.66,175875
2007-04-03 00:00:00+05:30,32.81,33.25,32.56,32.91,119848
2007-04-04 00:00:00+05:30,33.0,33.2,32.32,32.51,178626
2007-04-05 00:00:00+05:30,33.1,33.1,32.32,32.81,141979
2007-04-09 00:00:00+05:30,32.81,33.54,32.66,33.35,375290
2007-04-10 00:00:00+05:30,33.3,34.62,33.3,34.33,258023
2007-04-11 00:00:00+05:30,34.62,35.75,34.42,34.86,569663
2007-04-12 00:00:00+05:30,34.28,34.96,34.28,34.62,162651
2007-04-13 00:00:00+05:30,34.72,34.96,34.37,34.57,171772
2007-04-16 00:00:00+05:30,35.16,36.63,34.62,36.19,1393392
2007-04-17 00:00:00+05:30,36.48,36.53,35.5,35.84,546679
2007-04-18 00:00:00+05:30,35.99,36.87,35.84,36.09,682286
2007-04-19 00:00:00+05:30,35.65,36.38,35.31,35.75,399883
2007-04-20 00:00:00+05:30,37.31,37.31,35.26,35.84,389247
2007-04-23 00:00:00+05:30,36.24,36.24,35.7,35.75,169447
2007-04-24 00:00:00+05:30,35.99,36.48,35.99,36.14,473430
2007-04-25 00:00:00+05:30,35.31,37.21,35.31,36.87,1059605
2007-04-26 00:00:00+05:30,36.97,38.54,36.97,38.29,1561640
2007-04-27 00:00:00+05:30,39.12,40.25,37.7,38.88,1555312
2007-04-30 00:00:00+05:30,38.19,40.35,37.7,39.66,1124613
2007-05-03 00:00:00+05:30,40.15,40.54,39.81,40.05,545152
2007-05-04 00:00:00+05:30,39.86,40.4,39.22,39.47,338240
2007-05-07 00:00:00+05:30,39.47,40.2,38.59,39.66,529605
2007-05-08 00:00:00+05:30,39.17,41.48,39.17,40.1,1389479
2007-05-09 00:00:00+05:30,40.4,41.08,39.71,40.69,956686
2007-05-10 00:00:00+05:30,40.69,41.48,40.05,40.3,669119
2007-05-11 00:00:00+05:30,40.15,41.28,39.47,40.74,603217
2007-05-14 00:00:00+05:30,41.13,43.87,41.13,43.38,2566623
2007-05-15 00:00:00+05:30,43.58,44.76,43.43,43.73,1708123
2007-05-16 00:00:00+05:30,44.02,44.07,42.5,42.99,976402
2007-05-17 00:00:00+05:30,42.7,43.53,42.36,42.6,618940
2007-05-18 00:00:00+05:30,41.13,43.43,41.13,42.11,724674
2007-05-21 00:00:00+05:30,41.18,44.61,41.18,43.97,2261506
2007-05-22 00:00:00+05:30,43.97,44.46,42.9,43.24,701263
2007-05-23 00:00:00+05:30,43.53,44.07,41.92,42.31,1025559
2007-05-24 00:00:00+05:30,41.33,42.8,41.33,42.11,569638
2007-05-25 00:00:00+05:30,41.62,42.6,39.66,42.31,412615
2007-05-28 00:00:00+05:30,42.99,42.99,42.11,42.26,324910
2007-05-29 00:00:00+05:30,43.09,43.09,41.62,41.92,432171
2007-05-30 00:00:00+05:30,41.52,42.5,40.94,41.28,359861
2007-05-31 00:00:00+05:30,41.52,41.77,40.15,40.35,908386
2007-06-01 00:00:00+05:30,41.13,41.43,40.54,40.69,373683
2007-06-04 00:00:00+05:30,41.62,41.67,39.42,39.66,418741
2007-06-05 00:00:00+05:30,40.01,41.43,39.52,41.08,487357
2007-06-06 00:00:00+05:30,41.62,41.62,39.37,39.52,252289
2007-06-07 00:00:00+05:30,39.52,40.01,38.98,39.12,354725
2007-06-08 00:00:00+05:30,38.49,39.17,36.87,38.15,414298
2007-06-11 00:00:00+05:30,39.08,39.08,38.0,38.19,217058
2007-06-12 00:00:00+05:30,38.19,38.39,36.97,37.46,237922
2007-06-13 00:00:00+05:30,37.51,38.24,37.21,37.46,316085
2007-06-14 00:00:00+05:30,37.51,38.0,37.51,37.66,189634
2007-06-15 00:00:00+05:30,37.8,38.0,37.46,37.56,180142
2007-06-18 00:00:00+05:30,38.0,38.34,37.46,37.61,344647
2007-06-19 00:00:00+05:30,38.0,39.91,37.61,39.66,1927313
2007-06-20 00:00:00+05:30,40.05,40.79,38.68,40.45,1544554
2007-06-21 00:00:00+05:30,40.59,41.72,39.76,41.33,1366747
2007-06-22 00:00:00+05:30,41.57,41.57,40.15,40.3,350827
2007-06-25 00:00:00+05:30,40.4,41.03,39.86,40.64,781889
2007-06-26 00:00:00+05:30,40.74,40.84,40.15,40.64,372676
2007-06-27 00:00:00+05:30,40.74,40.74,39.71,39.81,297399
2007-06-28 00:00:00+05:30,40.05,40.15,38.29,38.98,1380148
2007-06-29 00:00:00+05:30,39.86,40.2,38.73,39.52,503720
2007-07-02 00:00:00+05:30,39.52,41.08,39.42,40.45,636136
2007-07-03 00:00:00+05:30,40.89,41.03,40.35,40.54,363464
2007-07-04 00:00:00+05:30,40.64,41.08,40.01,40.59,487598
2007-07-05 00:00:00+05:30,40.94,40.94,39.52,39.86,222621
2007-07-06 00:00:00+05:30,40.15,42.01,40.01,40.64,1321459
2007-07-09 00:00:00+05:30,40.94,41.82,40.79,40.89,677819
2007-07-10 00:00:00+05:30,41.13,41.33,40.4,40.54,353686
2007-07-11 00:00:00+05:30,40.2,41.52,39.96,40.94,471747
2007-07-12 00:00:00+05:30,42.11,42.11,40.94,41.28,753026
2007-07-13 00:00:00+05:30,41.87,42.06,40.89,40.99,623575
2007-07-16 00:00:00+05:30,41.62,41.82,41.03,41.48,1139950
2007-07-17 00:00:00+05:30,41.52,41.52,39.76,40.15,798188
2007-07-18 00:00:00+05:30,40.54,40.64,39.81,40.3,391407
2007-07-19 00:00:00+05:30,40.59,41.33,40.4,40.99,428157
2007-07-20 00:00:00+05:30,41.33,44.95,41.33,44.32,7780176
2007-07-23 00:00:00+05:30,44.56,47.16,44.17,45.54,7948607
2007-07-24 00:00:00+05:30,45.25,46.22,43.58,43.87,2528847
2007-07-25 00:00:00+05:30,43.58,43.87,42.36,43.43,1019672
2007-07-26 00:00:00+05:30,43.92,44.9,43.43,44.07,1426734
2007-07-27 00:00:00+05:30,42.31,43.53,42.16,42.5,887100
2007-07-30 00:00:00+05:30,42.85,42.85,41.92,42.26,403999
2007-07-31 00:00:00+05:30,42.85,44.36,42.45,43.43,1085708
2007-08-01 00:00:00+05:30,42.11,42.5,40.15,40.25,681384
2007-08-02 00:00:00+05:30,41.13,41.96,40.35,40.79,462880
2007-08-03 00:00:00+05:30,41.28,42.01,40.89,40.99,277113
2007-08-06 00:00:00+05:30,41.13,41.13,39.27,40.5,246830
2007-08-07 00:00:00+05:30,40.64,41.62,40.64,40.89,258861
2007-08-08 00:00:00+05:30,41.38,42.36,41.13,41.87,522812
2007-08-09 00:00:00+05:30,42.36,43.14,40.99,41.18,813757
2007-08-10 00:00:00+05:30,40.05,40.94,39.66,40.64,588371
2007-08-13 00:00:00+05:30,41.13,41.62,40.69,40.84,298923
2007-08-14 00:00:00+05:30,40.99,42.36,40.64,41.38,661430
2007-08-16 00:00:00+05:30,40.25,42.26,39.32,40.54,1705990
2007-08-17 00:00:00+05:30,40.2,41.62,38.78,39.91,1039742
2007-08-20 00:00:00+05:30,41.08,41.92,40.2,40.35,360510
2007-08-21 00:00:00+05:30,40.89,42.31,39.37,40.1,1271459
2007-08-22 00:00:00+05:30,41.62,41.92,39.57,40.99,931596
2007-08-23 00:00:00+05:30,41.62,41.62,39.57,39.81,476228
2007-08-24 00:00:00+05:30,40.15,40.64,39.76,40.15,392090
2007-08-27 00:00:00+05:30,40.59,41.03,40.3,40.64,269975
2007-08-28 00:00:00+05:30,40.64,41.13,40.35,40.79,384645
2007-08-29 00:00:00+05:30,40.1,41.82,39.86,41.28,897324
2007-08-30 00:00:00+05:30,41.13,42.06,40.35,40.5,866025
2007-08-31 00:00:00+05:30,40.15,41.92,40.15,41.48,698516
2007-09-03 00:00:00+05:30,41.92,43.92,41.52,43.58,2099108
2007-09-04 00:00:00+05:30,44.07,46.37,43.68,45.93,4486420
2007-09-05 00:00:00+05:30,46.22,46.76,44.8,45.15,1757087
2007-09-06 00:00:00+05:30,45.05,46.91,44.8,46.08,2841546
2007-09-07 00:00:00+05:30,46.71,47.01,45.34,45.59,2294187
2007-09-10 00:00:00+05:30,44.76,48.23,44.76,47.5,2814791
2007-09-11 00:00:00+05:30,48.28,49.36,47.6,47.94,3431508
2007-09-12 00:00:00+05:30,48.43,48.67,46.81,47.11,1381072
2007-09-13 00:00:00+05:30,47.5,49.16,47.16,48.43,3516435
2007-09-14 00:00:00+05:30,48.82,49.31,47.11,47.35,1985133
2007-09-17 00:00:00+05:30,47.01,48.38,47.01,47.35,941904
2007-09-18 00:00:00+05:30,46.91,47.94,46.91,47.74,803984
2007-09-19 00:00:00+05:30,48.87,48.97,47.79,47.94,1607876
2007-09-20 00:00:00+05:30,48.18,50.88,47.64,50.39,4828238
2007-09-21 00:00:00+05:30,50.53,54.99,50.29,52.84,7310464
2007-09-24 00:00:00+05:30,53.08,58.27,52.84,57.0,8419627
2007-09-25 00:00:00+05:30,57.78,65.86,55.82,64.24,12817215
2007-09-26 00:00:00+05:30,65.62,81.19,65.62,72.76,43604545
2007-09-27 00:00:00+05:30,75.41,77.17,67.92,70.66,13631438
2007-09-28 00:00:00+05:30,71.44,73.45,66.6,71.2,8777812
2007-10-01 00:00:00+05:30,71.98,74.14,68.7,71.88,9164776
2007-10-03 00:00:00+05:30,72.86,74.18,65.96,69.63,5291746
2007-10-04 00:00:00+05:30,67.97,71.0,67.48,69.53,4223010
2007-10-05 00:00:00+05:30,70.37,70.37,64.73,66.35,2339003
2007-10-08 00:00:00+05:30,67.08,67.57,56.8,57.93,4374217
2007-10-09 00:00:00+05:30,56.31,60.57,50.93,59.64,8351685
2007-10-10 00:00:00+05:30,60.72,64.93,60.03,60.62,4499577
2007-10-11 00:00:00+05:30,60.72,63.9,57.88,62.87,4373615
2007-10-12 00:00:00+05:30,62.92,64.44,59.64,60.67,4036334
2007-10-15 00:00:00+05:30,61.21,62.68,60.77,61.85,2005213
2007-10-16 00:00:00+05:30,61.85,65.18,60.18,62.73,4628488
2007-10-17 00:00:00+05:30,58.17,60.03,51.9,58.81,2726912
2007-10-18 00:00:00+05:30,59.69,63.66,55.82,57.05,3555437
2007-10-19 00:00:00+05:30,57.73,58.17,53.08,55.82,4334757
2007-10-22 00:00:00+05:30,54.84,56.31,52.88,54.5,921277
2007-10-23 00:00:00+05:30,54.84,59.74,54.84,57.59,1279538
2007-10-24 00:00:00+05:30,56.9,60.77,56.9,59.89,2890508
2007-10-25 00:00:00+05:30,60.03,60.72,56.9,57.78,1838912
2007-10-26 00:00:00+05:30,60.13,60.43,57.83,59.54,1719128
2007-10-29 00:00:00+05:30,60.72,63.56,60.18,62.48,3690980
2007-10-30 00:00:00+05:30,63.46,80.7,63.46,79.13,36152767
2007-10-31 00:00:00+05:30,80.7,85.2,79.42,80.35,21694058
2007-11-01 00:00:00+05:30,81.29,83.59,74.43,75.75,8971374
2007-11-02 00:00:00+05:30,70.02,83.15,70.02,80.6,15360176
2007-11-05 00:00:00+05:30,81.09,88.14,78.84,85.59,18965483
2007-11-06 00:00:00+05:30,88.83,90.93,81.33,83.49,11620181
2007-11-07 00:00:00+05:30,87.06,87.8,79.82,84.08,7442425
2007-11-08 00:00:00+05:30,79.47,87.55,79.47,85.06,7476951
2007-11-09 00:00:00+05:30,86.08,86.48,83.54,84.71,1571585
2007-11-12 00:00:00+05:30,83.24,98.91,79.03,97.1,25000757
2007-11-13 00:00:00+05:30,100.28,100.87,93.77,94.9,12934413
2007-11-14 00:00:00+05:30,93.18,104.2,93.18,102.59,22171483
2007-11-15 00:00:00+05:30,104.79,128.88,104.01,125.4,49015305
2007-11-16 00:00:00+05:30,117.52,145.63,117.52,127.71,44919996
2007-11-19 00:00:00+05:30,128.29,134.9,121.44,124.72,14017331
2007-11-20 00:00:00+05:30,122.42,125.75,113.7,116.15,7821375
2007-11-21 00:00:00+05:30,112.62,122.91,101.85,104.64,10203281
2007-11-22 00:00:00+05:30,102.44,110.67,94.02,103.61,11829153
2007-11-23 00:00:00+05:30,111.79,112.62,104.1,110.47,10613808
2007-11-26 00:00:00+05:30,112.62,121.83,111.64,116.25,10893867
2007-11-27 00:00:00+05:30,116.25,122.22,112.13,120.12,13211004
2007-11-28 00:00:00+05:30,122.42,125.75,114.09,115.12,11416962
2007-11-29 00:00:00+05:30,117.52,119.68,110.76,113.16,8607909
2007-11-30 00:00:00+05:30,111.69,120.41,111.69,118.5,10927527
2007-12-03 00:00:00+05:30,120.46,126.04,118.55,124.72,11339298
2007-12-04 00:00:00+05:30,125.85,141.32,124.38,136.67,22208220
2007-12-05 00:00:00+05:30,137.74,142.69,134.17,137.7,12513087
2007-12-06 00:00:00+05:30,138.09,141.42,130.55,133.63,9830244
2007-12-07 00:00:00+05:30,135.15,136.91,125.6,130.55,6195290
2007-12-10 00:00:00+05:30,130.94,142.64,128.0,141.51,18690552
2007-12-11 00:00:00+05:30,142.84,142.93,134.17,136.13,9438987
2007-12-12 00:00:00+05:30,129.27,139.07,129.27,136.37,5610331
2007-12-13 00:00:00+05:30,135.25,136.96,130.89,132.06,4910191
2007-12-14 00:00:00+05:30,131.33,134.37,130.5,132.46,3146394
2007-12-17 00:00:00+05:30,126.63,137.89,121.05,125.26,6562525
2007-12-18 00:00:00+05:30,126.58,132.6,121.44,129.17,7337904
2007-12-19 00:00:00+05:30,131.72,136.32,125.36,129.76,6196581
2007-12-20 00:00:00+05:30,129.62,130.99,125.36,126.29,2758803
2007-12-24 00:00:00+05:30,126.82,131.13,126.33,129.32,2607918
2007-12-26 00:00:00+05:30,130.25,134.56,129.47,132.8,4373961
2007-12-27 00:00:00+05:30,134.37,136.13,128.93,130.74,12693545
2007-12-28 00:00:00+05:30,129.37,133.63,129.03,132.06,3961730
2007-12-31 00:00:00+05:30,130.74,135.93,130.74,133.53,3246678
2008-01-01 00:00:00+05:30,133.53,140.98,132.41,139.6,9242055
2008-01-02 00:00:00+05:30,140.54,141.47,134.17,137.21,5036319
2008-01-03 00:00:00+05:30,139.07,142.89,134.17,139.41,7613005
2008-01-04 00:00:00+05:30,140.05,145.87,138.28,139.41,9545794
2008-01-07 00:00:00+05:30,138.97,141.51,136.37,138.33,4014355
2008-01-08 00:00:00+05:30,136.13,140.78,129.81,132.99,3225739
2008-01-09 00:00:00+05:30,133.19,135.15,129.86,131.57,2363901
2008-01-10 00:00:00+05:30,132.8,134.17,121.44,123.4,3314904
2008-01-11 00:00:00+05:30,121.0,128.0,119.14,126.14,3137843
2008-01-14 00:00:00+05:30,126.92,135.05,125.36,131.23,5104465
2008-01-15 00:00:00+05:30,132.7,136.37,126.33,128.49,5003031
2008-01-16 00:00:00+05:30,127.9,127.9,119.63,125.01,2974145
2008-01-17 00:00:00+05:30,123.89,133.63,123.89,129.81,4369135
2008-01-18 00:00:00+05:30,123.0,130.25,113.6,117.72,2721058
2008-01-21 00:00:00+05:30,112.62,116.05,79.33,85.35,7352719
2008-01-22 00:00:00+05:30,82.26,82.26,58.76,65.86,7017732
2008-01-23 00:00:00+05:30,69.53,84.22,69.53,80.84,6715659
2008-01-24 00:00:00+05:30,82.22,90.78,73.01,76.58,6553827
2008-01-25 00:00:00+05:30,61.85,87.06,61.85,85.64,3648829
2008-01-28 00:00:00+05:30,79.47,85.06,76.49,83.83,2849740
2008-01-29 00:00:00+05:30,85.2,87.16,82.75,84.03,2350619
2008-01-30 00:00:00+05:30,78.69,84.17,78.54,79.42,2597059
2008-01-31 00:00:00+05:30,74.77,82.9,72.96,76.09,6288479
2008-02-01 00:00:00+05:30,78.54,79.77,75.51,78.89,2929371
2008-02-04 00:00:00+05:30,79.33,84.32,79.33,82.95,3989554
2008-02-05 00:00:00+05:30,82.36,87.55,80.31,86.03,3827212
2008-02-06 00:00:00+05:30,78.49,91.47,78.49,89.71,6605098
2008-02-07 00:00:00+05:30,89.12,94.26,82.9,83.73,8155099
2008-02-08 00:00:00+05:30,84.22,90.1,80.4,87.16,7534484
2008-02-11 00:00:00+05:30,87.16,87.5,74.09,76.88,3981812
2008-02-12 00:00:00+05:30,80.01,80.6,75.51,79.42,4188087
2008-02-13 00:00:00+05:30,79.62,82.07,75.7,78.4,2811423
2008-02-14 00:00:00+05:30,79.72,85.69,79.72,85.01,4259764
2008-02-15 00:00:00+05:30,83.34,88.53,82.36,86.62,5962412
2008-02-18 00:00:00+05:30,85.84,88.53,85.3,86.52,3943754
2008-02-19 00:00:00+05:30,86.18,90.1,84.86,85.84,5635992
2008-02-20 00:00:00+05:30,75.02,87.16,75.02,84.42,3236032
2008-02-21 00:00:00+05:30,85.2,86.62,83.24,84.86,2198057
2008-02-22 00:00:00+05:30,83.64,84.52,81.38,83.29,1480889
2008-02-25 00:00:00+05:30,84.42,84.71,80.84,82.61,1427683
2008-02-26 00:00:00+05:30,82.41,85.01,82.41,83.83,1515776
2008-02-27 00:00:00+05:30,84.22,86.97,83.24,83.88,2300628
2008-02-28 00:00:00+05:30,81.53,84.47,81.53,83.29,2853762
2008-02-29 00:00:00+05:30,76.54,85.45,76.54,84.47,2189648
2008-03-03 00:00:00+05:30,73.74,83.44,73.74,82.22,2712673
2008-03-04 00:00:00+05:30,82.26,83.15,76.98,79.38,2413807
2008-03-05 00:00:00+05:30,76.44,81.19,76.44,80.16,2096532
2008-03-07 00:00:00+05:30,73.84,79.57,72.47,75.75,2872196
2008-03-10 00:00:00+05:30,65.62,74.43,65.62,73.4,1927526
2008-03-11 00:00:00+05:30,77.37,77.37,70.56,75.7,1841118
2008-03-12 00:00:00+05:30,78.35,80.8,75.41,76.49,2083182
2008-03-13 00:00:00+05:30,70.07,75.12,70.07,73.25,1868956
2008-03-14 00:00:00+05:30,73.94,75.12,72.57,74.04,1327409
2008-03-17 00:00:00+05:30,70.61,72.86,65.62,66.94,1417358
2008-03-18 00:00:00+05:30,59.74,72.81,59.74,68.8,2565663
2008-03-19 00:00:00+05:30,70.61,73.84,66.6,67.77,1379896
2008-03-24 00:00:00+05:30,60.72,69.53,60.72,68.55,1533349
2008-03-25 00:00:00+05:30,69.53,71.49,68.95,70.71,1995822
2008-03-26 00:00:00+05:30,69.53,73.21,69.53,70.9,1297484
2008-03-27 00:00:00+05:30,70.51,71.3,69.19,70.32,2262040
2008-03-28 00:00:00+05:30,67.13,74.43,67.13,73.84,1809553
2008-03-31 00:00:00+05:30,71.98,80.11,71.98,76.49,4427326
2008-04-01 00:00:00+05:30,77.91,85.59,77.47,84.08,4946579
2008-04-02 00:00:00+05:30,85.74,87.85,80.4,80.89,3308815
2008-04-03 00:00:00+05:30,73.45,82.26,73.45,80.65,1482127
2008-04-04 00:00:00+05:30,76.93,84.86,76.93,82.95,3848160
2008-04-07 00:00:00+05:30,78.45,87.7,78.45,85.94,4104785
2008-04-08 00:00:00+05:30,85.99,90.2,83.83,88.19,6953422
2008-04-09 00:00:00+05:30,87.16,90.98,83.98,88.63,4571335
2008-04-10 00:00:00+05:30,86.67,91.57,86.52,87.21,3788700
2008-04-11 00:00:00+05:30,84.86,90.3,84.86,88.04,3399800
2008-04-15 00:00:00+05:30,83.59,90.98,83.59,90.05,3149893
2008-04-16 00:00:00+05:30,89.81,92.99,89.81,90.54,3321207
2008-04-17 00:00:00+05:30,90.25,95.88,90.25,95.24,3796087
2008-04-21 00:00:00+05:30,96.95,98.33,82.26,95.04,4267963
2008-04-22 00:00:00+05:30,91.08,97.44,91.08,95.63,3169250
2008-04-23 00:00:00+05:30,93.09,106.26,93.09,104.05,12352010
2008-04-24 00:00:00+05:30,101.36,107.68,98.52,99.45,7214703
2008-04-25 00:00:00+05:30,98.91,104.01,98.33,100.87,6312140
2008-04-28 00:00:00+05:30,96.12,103.22,96.12,100.19,2483901
2008-04-29 00:00:00+05:30,96.12,103.03,96.12,101.21,3579502
2008-04-30 00:00:00+05:30,101.56,104.69,98.72,99.6,3969224
2008-05-02 00:00:00+05:30,100.92,102.1,99.99,100.48,1937705
2008-05-05 00:00:00+05:30,100.87,103.61,100.43,101.12,2629288
2008-05-06 00:00:00+05:30,99.5,105.28,99.5,102.44,8824673
2008-05-07 00:00:00+05:30,102.83,103.81,99.6,100.53,4491890
2008-05-08 00:00:00+05:30,98.82,99.4,94.51,95.73,5601058
2008-05-09 00:00:00+05:30,95.39,95.78,87.65,89.17,3879732
2008-05-12 00:00:00+05:30,85.4,88.53,83.24,87.8,4001932
2008-05-13 00:00:00+05:30,88.39,90.93,84.71,85.2,3746329
2008-05-14 00:00:00+05:30,85.1,86.48,83.49,85.69,3267722
2008-05-15 00:00:00+05:30,87.16,87.5,85.3,86.33,1996969
2008-05-16 00:00:00+05:30,95.88,95.88,87.16,89.81,4068479
2008-05-20 00:00:00+05:30,90.98,90.98,86.57,87.5,1934680
2008-05-21 00:00:00+05:30,84.27,92.74,84.27,92.2,5039494
2008-05-22 00:00:00+05:30,91.08,91.57,88.19,88.83,4192415
2008-05-23 00:00:00+05:30,88.39,90.49,86.28,86.67,2187656
2008-05-26 00:00:00+05:30,83.73,86.08,83.73,84.22,1554212
2008-05-27 00:00:00+05:30,85.4,87.06,81.77,82.31,2742598
2008-05-28 00:00:00+05:30,83.24,84.96,82.41,84.57,1677401
2008-05-29 00:00:00+05:30,85.99,87.85,81.58,82.66,2894833
2008-05-30 00:00:00+05:30,83.64,84.61,79.87,81.38,1676430
2008-06-02 00:00:00+05:30,83.0,84.76,76.93,78.25,2402060
2008-06-03 00:00:00+05:30,78.25,80.21,74.97,79.42,1646180
2008-06-04 00:00:00+05:30,80.4,81.19,71.25,72.47,5263090
2008-06-05 00:00:00+05:30,75.31,75.75,72.52,74.77,2485475
2008-06-06 00:00:00+05:30,76.29,76.54,71.64,72.28,2052291
2008-06-09 00:00:00+05:30,69.53,71.3,65.18,67.87,1972769
2008-06-10 00:00:00+05:30,66.6,69.73,66.11,67.77,1778565
2008-06-11 00:00:00+05:30,68.55,69.73,67.82,68.55,1184789
2008-06-12 00:00:00+05:30,66.35,71.1,64.2,70.32,1987647
2008-06-13 00:00:00+05:30,71.05,71.05,68.6,69.14,998779
2008-06-16 00:00:00+05:30,69.78,72.96,69.78,70.56,1642029
2008-06-17 00:00:00+05:30,71.1,73.06,70.02,72.47,1487241
2008-06-18 00:00:00+05:30,72.32,74.33,71.49,71.69,1942636
2008-06-19 00:00:00+05:30,71.0,71.74,69.68,70.51,1284889
2008-06-20 00:00:00+05:30,70.51,71.39,66.2,66.89,1339299
2008-06-23 00:00:00+05:30,65.86,66.64,62.68,63.46,1404902
2008-06-24 00:00:00+05:30,62.68,66.5,58.96,59.74,1581491
2008-06-25 00:00:00+05:30,58.76,61.06,56.8,60.38,1613358
2008-06-26 00:00:00+05:30,61.89,62.29,57.19,58.03,3072747
2008-06-27 00:00:00+05:30,56.46,57.68,54.45,55.92,1339953
2008-06-30 00:00:00+05:30,55.33,56.7,50.14,51.02,1828859
2008-07-01 00:00:00+05:30,50.93,51.46,45.74,46.62,1692929
2008-07-02 00:00:00+05:30,46.03,48.77,42.11,47.55,4424031
2008-07-03 00:00:00+05:30,47.01,47.89,42.7,43.73,3389864
2008-07-04 00:00:00+05:30,44.07,47.5,43.09,45.25,3685862
2008-07-07 00:00:00+05:30,45.74,48.13,45.39,45.83,2869906
2008-07-08 00:00:00+05:30,44.46,46.37,43.34,45.34,1630329
2008-07-09 00:00:00+05:30,46.27,49.8,46.27,48.87,4159640
2008-07-10 00:00:00+05:30,48.97,51.02,47.4,50.53,3628561
2008-07-11 00:00:00+05:30,50.93,53.86,49.11,50.04,4689540
2008-07-14 00:00:00+05:30,50.44,51.66,48.48,49.8,2151604
2008-07-15 00:00:00+05:30,48.48,49.36,47.11,47.79,2047652
2008-07-16 00:00:00+05:30,47.99,49.9,46.13,47.45,1816673
2008-07-17 00:00:00+05:30,48.72,51.42,47.69,48.67,1353825
2008-07-18 00:00:00+05:30,49.75,52.3,48.09,51.12,2688030
2008-07-21 00:00:00+05:30,51.71,52.1,49.36,50.53,1451365
2008-07-22 00:00:00+05:30,51.81,52.25,49.46,50.73,2239047
2008-07-23 00:00:00+05:30,50.93,55.82,50.93,55.04,3190930
2008-07-24 00:00:00+05:30,55.82,58.27,54.99,56.65,2983903
2008-07-25 00:00:00+05:30,51.02,67.87,51.02,65.86,27737969
2008-07-28 00:00:00+05:30,67.57,69.88,65.62,66.69,18738469
2008-07-29 00:00:00+05:30,63.31,66.5,62.92,65.03,7591977
2008-07-30 00:00:00+05:30,66.4,67.28,65.47,65.81,4317207
2008-07-31 00:00:00+05:30,65.66,66.55,64.29,64.93,2858944
2008-08-01 00:00:00+05:30,61.36,69.29,61.36,68.16,7226423
2008-08-04 00:00:00+05:30,68.41,75.31,66.5,73.65,11568302
2008-08-05 00:00:00+05:30,74.82,76.58,72.96,73.65,9645016
2008-08-06 00:00:00+05:30,74.09,76.09,70.07,70.76,5808557
2008-08-07 00:00:00+05:30,68.55,72.76,68.55,70.95,3093095
2008-08-08 00:00:00+05:30,71.49,71.98,69.09,69.78,2853335
2008-08-11 00:00:00+05:30,68.7,72.67,68.7,71.3,2360887
2008-08-12 00:00:00+05:30,71.49,71.93,67.87,68.6,2202043
2008-08-13 00:00:00+05:30,68.26,70.32,66.94,68.02,2451570
2008-08-14 00:00:00+05:30,68.55,73.94,65.42,65.76,1967127
2008-08-18 00:00:00+05:30,65.62,66.11,64.0,64.64,1451946
2008-08-19 00:00:00+05:30,64.64,67.57,63.27,66.89,4097683
2008-08-20 00:00:00+05:30,67.82,68.8,66.89,67.72,2561938
2008-08-21 00:00:00+05:30,66.15,67.57,64.05,64.59,1693682
2008-08-22 00:00:00+05:30,59.89,66.06,59.89,65.08,1798836
2008-08-25 00:00:00+05:30,66.11,66.99,63.75,64.34,1361968
2008-08-26 00:00:00+05:30,64.05,64.44,62.68,63.75,1278232
2008-08-27 00:00:00+05:30,64.24,64.83,62.29,62.68,1293349
2008-08-28 00:00:00+05:30,53.86,63.56,53.86,58.86,2407258
2008-08-29 00:00:00+05:30,60.08,62.78,60.03,61.01,1785532
2008-09-01 00:00:00+05:30,60.72,62.43,59.74,61.85,1969302
2008-09-02 00:00:00+05:30,62.38,63.02,61.7,62.04,2010878
2008-09-04 00:00:00+05:30,60.96,63.61,60.96,62.19,1596404
2008-09-05 00:00:00+05:30,60.72,61.99,60.38,61.26,1059609
2008-09-08 00:00:00+05:30,61.94,63.17,61.31,61.55,707574
2008-09-09 00:00:00+05:30,61.4,62.09,60.96,61.36,714266
2008-09-10 00:00:00+05:30,60.72,61.94,59.98,61.01,1242557
2008-09-11 00:00:00+05:30,60.72,60.72,57.54,58.22,1349889
2008-09-12 00:00:00+05:30,59.15,59.4,55.82,56.41,1187350
2008-09-15 00:00:00+05:30,56.12,56.12,51.07,52.49,1323760
2008-09-16 00:00:00+05:30,50.0,55.48,49.06,54.84,2079533
2008-09-17 00:00:00+05:30,55.82,56.21,52.39,53.03,1475888
2008-09-18 00:00:00+05:30,49.26,53.13,46.67,52.59,1612254
2008-09-19 00:00:00+05:30,54.01,55.82,53.42,54.79,1152913
2008-09-22 00:00:00+05:30,55.82,56.07,54.4,54.65,920929
2008-09-23 00:00:00+05:30,54.16,54.84,52.98,53.47,794221
2008-09-24 00:00:00+05:30,53.37,54.5,53.08,53.81,673412
2008-09-25 00:00:00+05:30,53.96,54.06,51.46,52.15,1436321
2008-09-26 00:00:00+05:30,51.9,52.84,49.55,50.39,918283
2008-09-29 00:00:00+05:30,50.39,50.53,47.69,49.8,1655080
2008-09-30 00:00:00+05:30,45.54,53.18,45.54,52.39,1758383
2008-10-01 00:00:00+05:30,52.69,54.79,51.37,54.3,1284214
2008-10-03 00:00:00+05:30,52.39,54.7,52.39,53.77,1301505
2008-10-06 00:00:00+05:30,53.33,53.33,50.44,51.12,1902857
2008-10-07 00:00:00+05:30,51.12,52.74,46.52,47.45,1430024
2008-10-08 00:00:00+05:30,46.03,46.27,43.58,45.69,1036292
2008-10-10 00:00:00+05:30,46.03,46.03,39.27,43.19,851317
2008-10-13 00:00:00+05:30,44.66,46.03,44.07,45.15,762569
2008-10-14 00:00:00+05:30,47.01,49.8,46.27,46.81,1222316
2008-10-15 00:00:00+05:30,45.83,46.52,43.58,44.27,769630
2008-10-16 00:00:00+05:30,42.11,44.07,39.76,42.55,1113195
2008-10-17 00:00:00+05:30,43.19,45.0,41.62,42.06,1108030
2008-10-20 00:00:00+05:30,42.11,43.24,40.74,41.77,768333
2008-10-21 00:00:00+05:30,42.45,43.58,41.62,42.01,819253
2008-10-22 00:00:00+05:30,40.15,41.87,40.15,41.13,472377
2008-10-23 00:00:00+05:30,41.13,41.13,39.17,39.32,569259
2008-10-24 00:00:00+05:30,39.17,39.17,34.28,35.01,1049055
2008-10-27 00:00:00+05:30,34.77,36.73,29.43,32.42,1188009
2008-10-28 00:00:00+05:30,34.08,37.21,32.81,33.98,293717
2008-10-29 00:00:00+05:30,35.5,38.59,32.32,37.17,1452789
2008-10-31 00:00:00+05:30,37.36,38.98,35.84,37.12,804725
2008-11-03 00:00:00+05:30,37.7,42.99,37.7,41.57,909672
2008-11-04 00:00:00+05:30,42.6,46.52,41.72,46.03,1429440
2008-11-05 00:00:00+05:30,48.43,48.43,40.89,41.23,1275206
2008-11-06 00:00:00+05:30,40.1,41.82,38.34,41.08,871527
2008-11-07 00:00:00+05:30,40.64,42.94,40.15,41.82,882700
2008-11-10 00:00:00+05:30,42.36,43.48,42.21,43.14,511481
2008-11-11 00:00:00+05:30,42.36,43.09,40.25,40.84,626201
2008-11-12 00:00:00+05:30,39.57,40.84,38.88,40.01,637301
2008-11-14 00:00:00+05:30,41.43,41.43,39.22,39.76,429789
2008-11-17 00:00:00+05:30,39.66,40.05,37.31,38.83,477274
2008-11-18 00:00:00+05:30,38.19,38.19,36.73,37.07,336894
2008-11-19 00:00:00+05:30,37.21,37.7,33.98,34.33,575792
2008-11-20 00:00:00+05:30,33.3,34.18,31.93,33.69,691924
2008-11-21 00:00:00+05:30,33.4,34.28,32.71,33.98,487927
2008-11-24 00:00:00+05:30,34.28,35.26,32.42,34.86,439804
2008-11-25 00:00:00+05:30,35.7,35.75,34.03,34.33,342359
2008-11-26 00:00:00+05:30,32.66,34.67,32.66,34.18,295733
2008-11-28 00:00:00+05:30,33.3,34.28,32.71,33.64,385554
2008-12-01 00:00:00+05:30,33.74,35.45,32.91,34.03,428849
2008-12-02 00:00:00+05:30,33.3,33.69,31.68,32.86,453843
2008-12-03 00:00:00+05:30,33.79,33.79,32.71,33.0,276225
2008-12-04 00:00:00+05:30,33.64,33.93,32.37,33.49,578925
2008-12-05 00:00:00+05:30,33.69,34.42,33.0,33.2,399649
2008-12-08 00:00:00+05:30,33.84,34.18,33.1,33.35,277895
2008-12-10 00:00:00+05:30,33.3,34.47,33.1,34.18,401711
2008-12-11 00:00:00+05:30,34.28,37.7,34.13,36.87,1876091
2008-12-12 00:00:00+05:30,37.21,40.54,35.45,38.63,3060610
2008-12-15 00:00:00+05:30,39.47,40.45,38.73,39.12,1168133
2008-12-16 00:00:00+05:30,39.66,41.43,38.73,41.08,1627380
2008-12-17 00:00:00+05:30,42.06,42.06,37.51,38.1,1254051
2008-12-18 00:00:00+05:30,38.63,41.08,37.75,40.54,1414864
2008-12-19 00:00:00+05:30,41.13,41.77,40.25,40.79,1442393
2008-12-22 00:00:00+05:30,48.97,48.97,40.89,42.36,3241096
2008-12-23 00:00:00+05:30,43.34,43.58,40.54,41.08,1446685
2008-12-24 00:00:00+05:30,40.59,41.52,38.73,39.22,749458
2008-12-26 00:00:00+05:30,39.57,40.54,37.8,37.95,784172
2008-12-29 00:00:00+05:30,38.19,39.57,37.02,38.78,666453
2008-12-30 00:00:00+05:30,39.08,40.4,38.93,39.37,763678
2008-12-31 00:00:00+05:30,40.15,41.33,39.32,40.25,1219187
2009-01-01 00:00:00+05:30,41.13,42.31,40.94,41.57,1370516
2009-01-02 00:00:00+05:30,42.06,42.75,41.23,41.48,1022012
2009-01-05 00:00:00+05:30,42.06,42.7,41.72,42.11,920303
2009-01-06 00:00:00+05:30,42.5,44.27,40.15,42.36,2417416
2009-01-07 00:00:00+05:30,42.8,43.53,38.1,39.42,1522982
2009-01-09 00:00:00+05:30,37.41,39.27,36.33,38.34,524150
2009-01-12 00:00:00+05:30,39.17,39.17,37.36,37.61,366904
2009-01-13 00:00:00+05:30,37.21,38.19,35.84,36.43,625905
2009-01-14 00:00:00+05:30,37.17,38.1,36.53,37.41,399391
2009-01-15 00:00:00+05:30,37.12,44.07,35.35,36.53,350260
2009-01-16 00:00:00+05:30,37.21,37.66,36.24,37.36,554807
2009-01-19 00:00:00+05:30,38.68,38.68,37.12,37.66,362508
2009-01-20 00:00:00+05:30,37.21,38.78,34.62,36.04,3402358
2009-01-21 00:00:00+05:30,35.75,36.63,34.62,35.75,695487
2009-01-22 00:00:00+05:30,35.89,36.73,35.45,36.48,608497
2009-01-23 00:00:00+05:30,36.24,36.48,34.77,36.04,535994
2009-01-27 00:00:00+05:30,37.21,37.21,35.94,36.33,311280
2009-01-28 00:00:00+05:30,36.73,37.8,36.24,37.26,324090
2009-01-29 00:00:00+05:30,37.7,38.15,36.19,36.33,363177
2009-01-30 00:00:00+05:30,35.01,36.97,34.82,36.19,352098
2009-02-02 00:00:00+05:30,36.09,37.12,35.75,36.28,316736
2009-02-03 00:00:00+05:30,36.43,37.07,35.45,36.28,257232
2009-02-04 00:00:00+05:30,36.73,38.39,36.04,36.33,478647
2009-02-05 00:00:00+05:30,36.73,36.97,36.24,36.77,221896
2009-02-06 00:00:00+05:30,37.12,38.29,36.73,37.75,376855
2009-02-09 00:00:00+05:30,38.19,39.37,37.21,39.08,516164
2009-02-10 00:00:00+05:30,39.42,39.96,38.19,38.54,500361
2009-02-11 00:00:00+05:30,38.19,39.76,37.7,39.42,544905
2009-02-12 00:00:00+05:30,39.17,40.54,38.93,39.91,774290
2009-02-13 00:00:00+05:30,40.1,40.79,39.76,40.15,326544
2009-02-16 00:00:00+05:30,40.15,40.4,38.83,39.12,614413
2009-02-17 00:00:00+05:30,38.19,40.5,38.15,39.27,626243
2009-02-18 00:00:00+05:30,38.68,39.32,38.44,38.83,237470
2009-02-19 00:00:00+05:30,39.08,40.45,38.88,40.2,436118
2009-02-20 00:00:00+05:30,39.32,39.91,38.68,39.71,364420
2009-02-24 00:00:00+05:30,38.68,39.47,38.29,38.93,203674
2009-02-25 00:00:00+05:30,40.1,40.1,37.85,38.05,180606
2009-02-26 00:00:00+05:30,38.19,38.19,37.31,37.85,258727
2009-02-27 00:00:00+05:30,38.1,38.44,37.51,38.29,194378
2009-03-02 00:00:00+05:30,37.7,38.39,37.51,38.1,178836
2009-03-03 00:00:00+05:30,36.82,37.9,36.73,37.21,128018
2009-03-04 00:00:00+05:30,37.51,37.7,36.87,37.21,132466
2009-03-05 00:00:00+05:30,37.26,37.7,36.04,36.73,173170
2009-03-06 00:00:00+05:30,36.33,36.68,35.5,36.28,176155
2009-03-09 00:00:00+05:30,35.75,37.07,34.77,36.24,203067
2009-03-12 00:00:00+05:30,36.73,36.97,36.04,36.53,223326
2009-03-13 00:00:00+05:30,36.73,37.41,36.63,37.02,228625
2009-03-16 00:00:00+05:30,38.29,38.59,37.02,37.85,321892
2009-03-17 00:00:00+05:30,37.85,39.12,37.46,37.61,286041
2009-03-18 00:00:00+05:30,37.9,40.05,37.85,38.59,474802
2009-03-19 00:00:00+05:30,39.12,39.47,38.49,38.59,148290
2009-03-20 00:00:00+05:30,38.59,40.2,38.19,39.66,669424
2009-03-23 00:00:00+05:30,40.64,40.64,39.66,39.91,431617
2009-03-24 00:00:00+05:30,40.15,41.62,39.76,39.96,676146
2009-03-25 00:00:00+05:30,40.15,41.28,39.91,40.25,517547
2009-03-26 00:00:00+05:30,40.64,41.62,39.71,41.18,662211
2009-03-27 00:00:00+05:30,41.33,42.5,41.18,41.77,681036
2009-03-30 00:00:00+05:30,41.13,41.28,39.76,40.45,428451
2009-03-31 00:00:00+05:30,40.05,40.69,39.91,40.15,267128
2009-04-01 00:00:00+05:30,40.54,41.13,40.1,40.79,245753
2009-04-02 00:00:00+05:30,41.87,43.73,41.03,42.99,1146413
2009-04-06 00:00:00+05:30,44.27,52.1,43.24,51.27,6009721
2009-04-08 00:00:00+05:30,48.97,52.2,48.28,50.14,4324789
2009-04-09 00:00:00+05:30,50.93,52.74,49.26,49.75,2591269
2009-04-13 00:00:00+05:30,51.61,51.9,49.8,50.63,1538193
2009-04-15 00:00:00+05:30,50.39,56.07,49.16,53.47,4907109
2009-04-16 00:00:00+05:30,54.35,54.84,46.81,48.09,2098465
2009-04-17 00:00:00+05:30,48.04,50.53,45.15,48.28,1761897
2009-04-20 00:00:00+05:30,48.77,50.83,47.99,48.62,1168523
2009-04-21 00:00:00+05:30,48.43,49.75,47.01,48.92,994238
2009-04-22 00:00:00+05:30,48.92,50.44,46.62,47.64,842151
2009-04-23 00:00:00+05:30,47.89,48.18,46.08,47.84,534747
2009-04-24 00:00:00+05:30,48.67,50.93,47.6,50.09,1250075
2009-04-27 00:00:00+05:30,50.93,51.37,48.04,48.33,896703
2009-04-28 00:00:00+05:30,48.04,49.55,46.71,47.11,745569
2009-04-29 00:00:00+05:30,47.5,48.48,46.71,48.13,962213
2009-05-04 00:00:00+05:30,48.97,50.88,48.97,49.65,930493
2009-05-05 00:00:00+05:30,50.93,52.0,49.46,51.51,1467882
2009-05-06 00:00:00+05:30,51.81,53.37,49.46,50.09,1349680
2009-05-07 00:00:00+05:30,50.93,52.3,50.44,51.9,1027250
2009-05-08 00:00:00+05:30,51.9,53.62,50.44,51.71,1228898
2009-05-11 00:00:00+05:30,53.37,55.14,52.15,53.18,3426044
2009-05-12 00:00:00+05:30,53.18,53.18,51.51,52.54,1008609
2009-05-13 00:00:00+05:30,52.88,54.06,50.93,51.51,1146648
2009-05-14 00:00:00+05:30,50.83,51.17,50.04,50.39,585066
2009-05-15 00:00:00+05:30,50.93,52.15,50.0,50.19,639146
2009-05-18 00:00:00+05:30,53.37,58.76,52.35,56.41,8718
2009-05-19 00:00:00+05:30,57.19,60.72,51.9,55.14,2259979
2009-05-20 00:00:00+05:30,54.84,59.25,54.3,58.17,2246740
2009-05-21 00:00:00+05:30,58.61,64.49,58.61,60.96,4365430
2009-05-22 00:00:00+05:30,60.72,62.68,59.45,61.26,1694223
2009-05-25 00:00:00+05:30,61.21,69.04,61.21,68.26,4369297
2009-05-26 00:00:00+05:30,69.53,70.46,63.66,64.39,3085327
2009-05-27 00:00:00+05:30,66.11,75.16,65.76,74.38,13219594
2009-05-28 00:00:00+05:30,75.6,75.6,70.56,71.1,6779079
2009-05-29 00:00:00+05:30,73.16,77.66,71.88,74.14,9442940
2009-06-01 00:00:00+05:30,73.45,76.19,72.96,74.87,3053860
2009-06-02 00:00:00+05:30,75.41,75.85,72.18,73.21,1673358
2009-06-03 00:00:00+05:30,73.94,75.75,71.59,72.86,2161988
2009-06-04 00:00:00+05:30,71.88,75.41,71.3,74.18,2099160
2009-06-05 00:00:00+05:30,75.41,93.48,74.53,91.62,35853016
2009-06-08 00:00:00+05:30,93.82,100.33,87.16,90.39,40174056
2009-06-09 00:00:00+05:30,90.59,95.19,88.73,93.09,19119387
2009-06-10 00:00:00+05:30,94.6,96.37,89.22,90.39,10971265
2009-06-11 00:00:00+05:30,90.59,92.74,88.39,89.32,5834379
2009-06-12 00:00:00+05:30,89.9,91.86,83.29,84.42,4684656
2009-06-15 00:00:00+05:30,82.85,85.79,80.75,81.77,4060609
2009-06-16 00:00:00+05:30,82.02,95.19,78.59,93.23,17838513
2009-06-17 00:00:00+05:30,95.0,95.0,83.59,84.81,10185379
2009-06-18 00:00:00+05:30,84.47,85.64,77.17,78.59,6765179
2009-06-19 00:00:00+05:30,80.6,84.61,78.45,81.97,7786374
2009-06-22 00:00:00+05:30,81.82,88.63,79.72,85.3,18782253
2009-06-23 00:00:00+05:30,86.18,86.18,81.43,83.44,6838472
2009-06-24 00:00:00+05:30,83.93,86.13,82.8,84.27,5457495
2009-06-25 00:00:00+05:30,85.1,88.14,82.46,83.34,6690685
2009-06-26 00:00:00+05:30,84.91,85.99,83.49,84.52,3897746
2009-06-29 00:00:00+05:30,84.91,87.06,84.03,84.96,4026468
2009-06-30 00:00:00+05:30,85.79,86.97,79.57,80.5,3428725
2009-07-01 00:00:00+05:30,81.29,83.54,77.96,81.92,3651819
2009-07-02 00:00:00+05:30,83.05,85.69,81.53,82.41,4995557
2009-07-03 00:00:00+05:30,81.68,82.75,80.6,81.58,2280966
2009-07-06 00:00:00+05:30,82.95,83.15,76.49,76.98,2688956
2009-07-07 00:00:00+05:30,77.96,77.96,73.55,76.24,1900095
2009-07-08 00:00:00+05:30,75.41,75.41,69.24,69.92,2081484
2009-07-09 00:00:00+05:30,68.55,71.3,67.38,68.9,3365459
2009-07-10 00:00:00+05:30,69.53,74.18,68.6,71.54,6007722
2009-07-13 00:00:00+05:30,69.53,72.23,67.38,69.24,2845114
2009-07-14 00:00:00+05:30,70.32,72.86,70.32,71.79,1878294
2009-07-15 00:00:00+05:30,72.47,75.31,72.32,74.67,2300527
2009-07-16 00:00:00+05:30,76.39,77.51,73.65,74.38,2083557
2009-07-17 00:00:00+05:30,75.41,78.35,74.67,77.22,2663758
2009-07-20 00:00:00+05:30,79.33,79.33,76.49,78.3,1614960
2009-07-21 00:00:00+05:30,78.35,86.08,77.47,83.64,9792437
2009-07-22 00:00:00+05:30,84.08,85.64,80.21,83.05,5618856
2009-07-23 00:00:00+05:30,84.32,84.57,79.33,80.94,5884722
2009-07-24 00:00:00+05:30,81.68,82.9,81.29,81.48,1855232
2009-07-27 00:00:00+05:30,81.77,82.51,80.65,81.29,1205226
2009-07-28 00:00:00+05:30,81.77,82.75,80.8,81.43,1363797
2009-07-29 00:00:00+05:30,81.09,83.24,78.59,81.97,2180807
2009-07-30 00:00:00+05:30,81.68,84.42,80.84,83.29,3341420
2009-07-31 00:00:00+05:30,84.61,85.2,81.68,82.75,1977747
2009-08-03 00:00:00+05:30,82.85,83.93,80.94,82.46,1265654
2009-08-04 00:00:00+05:30,82.95,87.65,82.61,86.43,6059966
2009-08-05 00:00:00+05:30,86.97,91.27,86.92,89.76,10026885
2009-08-06 00:00:00+05:30,89.12,89.22,83.05,84.17,3904015
2009-08-07 00:00:00+05:30,83.34,84.22,80.4,82.22,3027169
2009-08-10 00:00:00+05:30,84.03,84.47,80.45,81.97,1512605
2009-08-11 00:00:00+05:30,81.38,82.95,78.84,80.4,1917928
2009-08-12 00:00:00+05:30,79.08,80.16,76.78,79.38,1834398
2009-08-13 00:00:00+05:30,80.4,83.0,80.16,82.66,1762727
2009-08-14 00:00:00+05:30,83.19,84.71,81.77,82.9,2515041
2009-08-17 00:00:00+05:30,81.24,81.97,76.19,77.07,1691453
2009-08-18 00:00:00+05:30,77.42,80.99,77.12,80.21,1915742
2009-08-19 00:00:00+05:30,80.7,81.29,77.03,77.47,1280421
2009-08-20 00:00:00+05:30,78.64,80.21,78.1,78.54,864329
2009-08-21 00:00:00+05:30,78.59,79.72,78.1,79.18,880025
2009-08-24 00:00:00+05:30,80.8,81.19,79.96,80.5,867382
2009-08-25 00:00:00+05:30,80.31,82.07,79.42,81.43,1582522
2009-08-26 00:00:00+05:30,81.77,83.73,80.99,82.71,2068023
2009-08-27 00:00:00+05:30,82.07,83.05,80.8,81.43,1518733
2009-08-28 00:00:00+05:30,81.77,82.61,80.45,82.12,1061534
2009-08-31 00:00:00+05:30,78.35,84.71,78.35,83.98,2363748
2009-09-01 00:00:00+05:30,85.01,87.99,83.64,84.22,5464758
2009-09-02 00:00:00+05:30,83.19,86.67,82.75,84.86,3187959
2009-09-03 00:00:00+05:30,85.5,88.04,84.32,85.69,4235973
2009-09-04 00:00:00+05:30,86.57,87.06,85.45,86.03,1624181
2009-09-07 00:00:00+05:30,86.67,88.14,86.38,87.31,2533658
2009-09-08 00:00:00+05:30,88.34,88.73,84.81,85.59,1414611
2009-09-09 00:00:00+05:30,85.2,87.8,84.86,85.79,1598154
2009-09-10 00:00:00+05:30,86.82,87.16,84.47,85.06,1520645
2009-09-11 00:00:00+05:30,85.84,85.84,82.46,83.73,1004536
2009-09-14 00:00:00+05:30,83.24,85.1,82.12,84.71,1326111
2009-09-15 00:00:00+05:30,85.4,85.84,84.22,85.06,1031494
2009-09-16 00:00:00+05:30,85.45,85.69,83.73,84.57,798877
2009-09-17 00:00:00+05:30,85.5,89.71,83.88,88.78,4836545
2009-09-18 00:00:00+05:30,88.48,88.73,85.59,86.57,2238111
2009-09-22 00:00:00+05:30,85.2,87.06,85.2,85.79,1162286
2009-09-23 00:00:00+05:30,86.08,86.48,83.49,83.98,1017826
2009-09-24 00:00:00+05:30,82.8,84.37,82.8,84.08,1230976
2009-09-25 00:00:00+05:30,83.88,85.89,83.24,84.61,1354808
2009-09-29 00:00:00+05:30,85.4,91.62,84.76,91.18,8010707
2009-09-30 00:00:00+05:30,91.72,91.76,88.53,89.41,6444877
2009-10-01 00:00:00+05:30,89.41,90.49,87.16,87.5,3030735
2009-10-05 00:00:00+05:30,86.28,87.36,84.03,84.66,935022
2009-10-06 00:00:00+05:30,85.4,85.74,81.38,83.34,1202557
2009-10-07 00:00:00+05:30,84.13,85.06,82.9,83.29,1295001
2009-10-08 00:00:00+05:30,83.49,84.66,82.36,83.39,1298702
2009-10-09 00:00:00+05:30,84.03,85.94,83.05,83.44,1867857
2009-10-12 00:00:00+05:30,83.49,84.91,73.45,83.98,806099
2009-10-14 00:00:00+05:30,84.22,87.36,84.13,86.62,2105076
2009-10-15 00:00:00+05:30,87.94,87.99,85.5,86.18,1856687
2009-10-16 00:00:00+05:30,85.4,88.68,85.4,87.16,2575668
2009-10-20 00:00:00+05:30,87.41,87.65,84.76,85.01,791729
2009-10-21 00:00:00+05:30,85.01,86.18,83.73,84.13,798480
2009-10-22 00:00:00+05:30,84.03,84.52,81.53,82.02,688418
2009-10-23 00:00:00+05:30,82.8,83.78,80.65,81.38,681399
2009-10-26 00:00:00+05:30,81.97,82.46,79.72,80.16,715147
2009-10-27 00:00:00+05:30,78.59,79.42,74.67,75.41,1187574
2009-10-28 00:00:00+05:30,75.16,76.19,71.3,73.4,1262201
2009-10-29 00:00:00+05:30,71.98,73.74,71.0,72.13,2126608
2009-10-30 00:00:00+05:30,74.04,74.48,72.86,73.16,802894
2009-11-03 00:00:00+05:30,72.76,73.25,69.58,70.41,1045207
2009-11-04 00:00:00+05:30,71.39,71.93,68.65,71.49,909267
2009-11-05 00:00:00+05:30,71.98,73.89,70.9,73.4,719125
2009-11-06 00:00:00+05:30,75.12,76.98,73.65,75.65,986525
2009-11-09 00:00:00+05:30,75.85,77.56,74.04,76.68,956635
2009-11-10 00:00:00+05:30,77.37,80.26,76.58,77.32,1782675
2009-11-11 00:00:00+05:30,77.32,80.21,76.49,79.62,1604824
2009-11-12 00:00:00+05:30,78.84,79.23,77.27,77.96,827099
2009-11-13 00:00:00+05:30,77.37,80.31,77.37,78.89,1271913
2009-11-16 00:00:00+05:30,79.33,79.67,77.96,78.25,600119
2009-11-17 00:00:00+05:30,78.54,81.43,78.25,80.5,1820675
2009-11-18 00:00:00+05:30,80.5,81.53,79.67,80.4,1118842
2009-11-19 00:00:00+05:30,79.87,80.21,76.44,76.98,752778
2009-11-20 00:00:00+05:30,76.58,77.86,76.09,77.37,714459
2009-11-23 00:00:00+05:30,77.47,78.15,76.93,77.47,491114
2009-11-24 00:00:00+05:30,76.98,79.13,76.39,77.91,563545
2009-11-25 00:00:00+05:30,78.2,79.47,77.51,78.45,794370
2009-11-26 00:00:00+05:30,78.35,79.18,75.85,76.19,446162
2009-11-27 00:00:00+05:30,75.16,75.16,72.67,74.43,888799
2009-11-30 00:00:00+05:30,75.65,77.22,74.92,76.24,593626
2009-12-01 00:00:00+05:30,76.24,78.93,76.24,77.37,1281061
2009-12-02 00:00:00+05:30,77.86,78.93,74.67,75.02,1290370
2009-12-03 00:00:00+05:30,75.46,77.56,75.16,75.8,1461638
2009-12-04 00:00:00+05:30,75.31,79.91,75.12,79.42,2502309
2009-12-07 00:00:00+05:30,79.42,80.06,77.22,77.76,2235114
2009-12-08 00:00:00+05:30,77.86,79.91,77.61,79.13,1442845
2009-12-09 00:00:00+05:30,78.54,79.72,77.86,78.2,1107327
2009-12-10 00:00:00+05:30,78.45,78.45,77.07,77.66,945523
2009-12-11 00:00:00+05:30,78.35,78.74,75.41,75.75,1228069
2009-12-14 00:00:00+05:30,75.36,76.39,74.33,75.16,1219235
2009-12-15 00:00:00+05:30,75.41,75.9,74.43,74.92,875250
2009-12-16 00:00:00+05:30,75.31,75.31,73.94,74.53,547724
2009-12-17 00:00:00+05:30,75.02,75.7,74.33,74.72,467928
2009-12-18 00:00:00+05:30,74.53,76.88,74.18,75.02,1034156
2009-12-21 00:00:00+05:30,75.31,75.51,73.35,73.55,510524
2009-12-22 00:00:00+05:30,73.99,74.82,73.45,74.43,448301
2009-12-23 00:00:00+05:30,74.43,76.19,74.43,75.8,654915
2009-12-24 00:00:00+05:30,76.63,77.56,75.9,76.39,686536
2009-12-29 00:00:00+05:30,77.07,77.81,76.0,77.37,884314
2009-12-30 00:00:00+05:30,77.56,78.1,76.88,77.07,445116
2009-12-31 00:00:00+05:30,77.17,77.66,76.24,76.49,487808
2010-01-04 00:00:00+05:30,77.17,78.25,76.54,77.76,976011
2010-01-05 00:00:00+05:30,78.93,80.21,78.05,79.57,3354667
2010-01-06 00:00:00+05:30,80.21,83.59,79.72,82.46,6240124
2010-01-07 00:00:00+05:30,83.15,83.39,80.7,82.56,2828729
2010-01-08 00:00:00+05:30,83.05,84.08,81.68,82.07,2716407
2010-01-11 00:00:00+05:30,82.95,83.34,81.29,81.48,1583348
2010-01-12 00:00:00+05:30,81.77,83.24,79.96,80.5,2108295
2010-01-13 00:00:00+05:30,79.96,81.73,79.38,81.29,1482485
2010-01-14 00:00:00+05:30,81.77,82.85,81.33,82.26,1288044
2010-01-15 00:00:00+05:30,82.71,83.83,81.58,83.19,2192395
2010-01-18 00:00:00+05:30,83.19,88.48,83.05,87.26,10501563
2010-01-19 00:00:00+05:30,89.12,89.12,83.98,84.47,5250890
2010-01-20 00:00:00+05:30,86.57,87.9,83.73,84.32,3603991
2010-01-21 00:00:00+05:30,84.32,84.37,80.45,80.94,1421311
2010-01-22 00:00:00+05:30,77.81,79.57,76.78,78.35,1531402
2010-01-25 00:00:00+05:30,77.37,78.89,77.03,77.76,743450
2010-01-27 00:00:00+05:30,77.37,80.21,74.43,75.46,2441002
2010-01-28 00:00:00+05:30,76.39,77.47,73.94,75.26,2754194
2010-01-29 00:00:00+05:30,74.28,77.17,72.67,76.34,1632142
2010-02-01 00:00:00+05:30,76.63,77.96,75.46,76.88,752647
2010-02-02 00:00:00+05:30,77.37,79.42,76.39,76.78,1545881
2010-02-03 00:00:00+05:30,77.37,79.23,77.37,78.74,838823
2010-02-04 00:00:00+05:30,79.18,79.72,76.58,76.78,1035594
2010-02-05 00:00:00+05:30,74.43,75.41,73.25,73.6,800003
2010-02-08 00:00:00+05:30,75.36,75.6,73.99,75.12,526441
2010-02-09 00:00:00+05:30,75.02,76.68,74.72,76.05,827939
2010-02-10 00:00:00+05:30,76.19,76.88,74.48,74.67,556402
2010-02-11 00:00:00+05:30,75.07,76.29,74.92,75.7,472096
2010-02-15 00:00:00+05:30,76.29,76.83,74.43,74.58,297525
2010-02-16 00:00:00+05:30,74.92,76.54,74.48,76.0,517516
2010-02-17 00:00:00+05:30,76.83,77.22,75.51,75.65,499785
2010-02-18 00:00:00+05:30,75.7,77.03,74.82,75.56,695495
2010-02-19 00:00:00+05:30,75.36,76.39,73.7,74.04,613251
2010-02-22 00:00:00+05:30,75.02,75.41,72.96,73.55,380856
2010-02-23 00:00:00+05:30,73.35,73.79,71.98,72.23,460110
2010-02-24 00:00:00+05:30,72.96,72.96,70.76,71.98,576070
2010-02-25 00:00:00+05:30,72.32,72.72,70.12,70.51,1109994
2010-02-26 00:00:00+05:30,70.71,73.4,70.51,72.57,972547
2010-03-02 00:00:00+05:30,72.76,73.84,72.57,73.3,474328
2010-03-03 00:00:00+05:30,73.7,74.82,73.25,74.23,561588
2010-03-04 00:00:00+05:30,75.21,75.21,73.94,74.82,479335
2010-03-05 00:00:00+05:30,75.41,77.61,74.97,76.78,1277697
2010-03-08 00:00:00+05:30,77.96,78.69,76.39,76.73,1641148
2010-03-09 00:00:00+05:30,77.22,77.22,74.97,75.16,517191
2010-03-10 00:00:00+05:30,74.92,76.29,74.72,75.16,386295
2010-03-11 00:00:00+05:30,73.6,75.26,73.55,74.18,436601
2010-03-12 00:00:00+05:30,73.5,75.21,73.5,73.89,438350
2010-03-15 00:00:00+05:30,73.99,74.58,73.11,73.35,520718
2010-03-16 00:00:00+05:30,73.35,74.72,73.35,74.53,574768
2010-03-17 00:00:00+05:30,74.72,75.41,73.99,74.14,433234
2010-03-18 00:00:00+05:30,74.53,75.12,73.7,74.09,332621
2010-03-19 00:00:00+05:30,74.09,74.87,73.25,73.65,454750
2010-03-22 00:00:00+05:30,72.52,73.7,72.18,72.52,593690
2010-03-23 00:00:00+05:30,72.86,73.45,72.47,72.91,407273
2010-03-25 00:00:00+05:30,72.72,73.7,72.47,72.91,1035937
2010-03-26 00:00:00+05:30,73.01,74.43,73.01,73.4,616893
2010-03-29 00:00:00+05:30,71.59,74.38,68.6,73.99,839927
2010-03-30 00:00:00+05:30,75.21,76.05,74.04,74.58,1222774
2010-03-31 00:00:00+05:30,74.58,75.85,74.23,74.63,532873
2010-04-01 00:00:00+05:30,75.21,77.27,75.07,76.54,1016890
2010-04-05 00:00:00+05:30,80.31,80.31,75.9,76.39,555809
2010-04-06 00:00:00+05:30,77.37,78.1,76.58,76.78,847218
2010-04-07 00:00:00+05:30,77.03,77.91,76.0,76.58,467955
2010-04-08 00:00:00+05:30,76.49,79.47,76.14,77.76,1845447
2010-04-09 00:00:00+05:30,77.81,81.77,77.56,81.38,2920529
2010-04-12 00:00:00+05:30,82.26,82.26,78.98,79.67,1502644
2010-04-13 00:00:00+05:30,80.21,80.21,77.61,77.81,778773
2010-04-15 00:00:00+05:30,78.45,79.82,76.39,76.93,1035784
2010-04-16 00:00:00+05:30,76.68,77.71,75.26,75.51,886368
2010-04-19 00:00:00+05:30,74.63,76.19,73.74,75.46,882165
2010-04-20 00:00:00+05:30,75.9,76.78,75.07,75.9,624585
2010-04-21 00:00:00+05:30,76.39,76.78,75.41,75.6,532944
2010-04-22 00:00:00+05:30,75.7,76.29,74.48,74.87,584765
2010-04-23 00:00:00+05:30,75.02,75.8,74.18,74.43,642102
2010-04-26 00:00:00+05:30,75.8,75.8,74.04,74.09,509538
2010-04-27 00:00:00+05:30,74.14,74.63,73.5,73.65,591948
2010-04-28 00:00:00+05:30,72.47,73.74,71.88,72.13,828928
2010-04-29 00:00:00+05:30,73.35,73.55,71.69,73.01,788749
2010-04-30 00:00:00+05:30,72.96,75.7,72.96,74.87,911827
2010-05-03 00:00:00+05:30,74.28,76.24,74.18,75.51,793019
2010-05-04 00:00:00+05:30,76.09,76.44,73.11,73.4,730487
2010-05-05 00:00:00+05:30,72.47,73.5,71.49,73.3,568403
2010-05-06 00:00:00+05:30,73.11,74.28,72.08,73.4,673937
2010-05-07 00:00:00+05:30,72.52,72.76,70.81,71.1,533682
2010-05-10 00:00:00+05:30,71.79,73.45,71.79,73.11,397325
2010-05-11 00:00:00+05:30,72.81,73.84,71.79,72.18,508494
2010-05-12 00:00:00+05:30,71.39,73.45,71.39,73.11,461598
2010-05-13 00:00:00+05:30,72.47,72.57,71.59,71.88,502624
2010-05-14 00:00:00+05:30,71.49,71.79,68.95,69.63,551075
2010-05-17 00:00:00+05:30,68.65,70.17,68.41,69.97,310369
2010-05-18 00:00:00+05:30,69.73,70.22,69.04,69.29,342686
2010-05-19 00:00:00+05:30,68.55,69.24,66.69,67.13,280087
2010-05-20 00:00:00+05:30,67.48,68.8,66.74,67.08,570155
2010-05-21 00:00:00+05:30,66.64,66.64,64.88,65.66,335545
2010-05-24 00:00:00+05:30,66.69,67.87,66.4,66.79,379201
2010-05-25 00:00:00+05:30,66.5,66.55,63.02,63.75,339047
2010-05-26 00:00:00+05:30,64.64,65.13,64.15,64.78,276552
2010-05-27 00:00:00+05:30,64.54,66.6,63.36,63.61,817849
2010-05-28 00:00:00+05:30,64.59,65.62,64.54,64.93,627698
2010-05-31 00:00:00+05:30,65.27,67.23,64.49,66.79,1375811
2010-06-01 00:00:00+05:30,66.69,69.24,65.42,65.66,1158851
2010-06-02 00:00:00+05:30,65.62,66.89,65.52,66.64,767358
2010-06-03 00:00:00+05:30,66.84,67.97,66.84,67.43,481609
2010-06-04 00:00:00+05:30,67.57,69.29,67.28,68.5,1111282
2010-06-07 00:00:00+05:30,66.6,68.06,64.69,66.94,505062
2010-06-08 00:00:00+05:30,66.69,67.08,64.2,64.39,706969
2010-06-09 00:00:00+05:30,64.64,65.81,64.64,65.22,284014
2010-06-10 00:00:00+05:30,64.83,67.13,64.83,66.55,517399
2010-06-11 00:00:00+05:30,67.08,67.18,65.47,65.71,381842
2010-06-14 00:00:00+05:30,65.91,67.28,65.91,67.04,370400
2010-06-15 00:00:00+05:30,67.08,67.82,66.35,66.84,542597
2010-06-16 00:00:00+05:30,67.33,67.53,66.74,67.08,401330
2010-06-17 00:00:00+05:30,67.48,68.6,66.64,67.82,734399
2010-06-18 00:00:00+05:30,67.57,68.46,66.69,66.89,501016
2010-06-21 00:00:00+05:30,67.87,68.06,67.23,67.43,451770
2010-06-22 00:00:00+05:30,67.57,70.61,66.69,69.39,3151645
2010-06-23 00:00:00+05:30,69.53,71.1,68.8,69.88,1776548
2010-06-24 00:00:00+05:30,70.41,70.66,68.46,68.75,1374596
2010-06-25 00:00:00+05:30,69.24,73.45,68.95,71.79,3561893
2010-06-28 00:00:00+05:30,72.47,75.85,72.23,74.09,5184275
2010-06-29 00:00:00+05:30,74.43,74.53,72.03,72.72,1886804
2010-06-30 00:00:00+05:30,71.1,74.77,71.1,74.14,2545565
2010-07-01 00:00:00+05:30,74.18,75.31,73.01,74.63,2965499
2010-07-02 00:00:00+05:30,75.41,82.71,74.82,81.19,20175051
2010-07-05 00:00:00+05:30,81.29,82.51,79.96,80.31,4365815
2010-07-06 00:00:00+05:30,80.5,81.19,79.23,79.72,2926642
2010-07-07 00:00:00+05:30,79.77,81.68,79.33,80.4,6244268
2010-07-08 00:00:00+05:30,81.48,83.64,80.94,82.26,5625144
2010-07-09 00:00:00+05:30,83.15,84.52,82.51,83.0,3634791
2010-07-12 00:00:00+05:30,83.24,84.61,82.75,83.64,2720385
2010-07-13 00:00:00+05:30,83.24,84.42,83.05,83.39,1210777
2010-07-14 00:00:00+05:30,83.73,84.22,82.26,82.51,1639678
2010-07-15 00:00:00+05:30,82.17,82.17,78.45,79.18,1957135
2010-07-16 00:00:00+05:30,79.33,80.75,78.35,79.03,1521455
2010-07-19 00:00:00+05:30,79.03,80.6,78.74,79.38,963211
2010-07-20 00:00:00+05:30,79.57,80.16,77.71,78.25,912588
2010-07-21 00:00:00+05:30,78.69,79.62,77.47,78.74,1580137
2010-07-22 00:00:00+05:30,78.59,79.42,78.15,78.59,611565
2010-07-23 00:00:00+05:30,79.03,80.6,78.54,78.93,1855631
2010-07-26 00:00:00+05:30,79.33,79.52,78.2,78.49,821990
2010-07-27 00:00:00+05:30,78.69,79.33,77.91,78.05,745491
2010-07-28 00:00:00+05:30,77.37,77.37,74.04,75.07,1323467
2010-07-29 00:00:00+05:30,75.07,75.26,72.57,73.84,837366
2010-07-30 00:00:00+05:30,74.18,76.05,73.94,74.97,1079084
2010-08-02 00:00:00+05:30,75.41,75.9,74.67,75.36,843060
2010-08-03 00:00:00+05:30,75.41,77.27,75.36,76.44,1373542
2010-08-04 00:00:00+05:30,77.27,78.3,76.73,77.42,1190674
2010-08-05 00:00:00+05:30,77.86,78.25,76.44,76.58,755440
2010-08-06 00:00:00+05:30,76.58,77.61,75.51,75.8,603909
2010-08-09 00:00:00+05:30,75.95,76.93,75.8,76.05,401634
2010-08-10 00:00:00+05:30,76.39,77.07,75.46,75.65,701663
2010-08-11 00:00:00+05:30,76.29,77.86,75.56,76.09,1200208
2010-08-12 00:00:00+05:30,75.9,78.3,75.51,77.96,1671078
2010-08-13 00:00:00+05:30,78.84,86.18,78.74,79.38,3478232
2010-08-16 00:00:00+05:30,80.26,80.8,77.37,77.86,1376459
2010-08-17 00:00:00+05:30,78.74,79.23,76.93,78.45,1261963
2010-08-18 00:00:00+05:30,79.13,79.91,77.91,78.54,1528080
2010-08-19 00:00:00+05:30,79.03,79.82,78.35,79.23,1150566
2010-08-20 00:00:00+05:30,78.35,79.72,78.05,78.49,994816
2010-08-23 00:00:00+05:30,78.93,81.43,78.1,80.6,3805988
2010-08-24 00:00:00+05:30,81.48,81.87,78.15,78.45,1888629
2010-08-25 00:00:00+05:30,77.86,79.33,75.9,76.29,1236734
2010-08-26 00:00:00+05:30,77.37,77.37,74.63,75.26,1259761
2010-08-27 00:00:00+05:30,75.26,77.47,74.48,74.97,1507455
2010-08-30 00:00:00+05:30,75.85,76.39,74.48,74.72,581672
2010-08-31 00:00:00+05:30,74.92,75.02,72.86,73.65,1196020
2010-09-01 00:00:00+05:30,74.43,75.21,73.7,74.97,1038947
2010-09-02 00:00:00+05:30,75.02,75.75,74.72,74.97,560060
2010-09-03 00:00:00+05:30,75.12,76.54,75.02,75.26,770212
2010-09-06 00:00:00+05:30,75.9,76.73,75.51,76.0,737397
2010-09-07 00:00:00+05:30,76.14,77.37,75.8,76.09,875027
2010-09-08 00:00:00+05:30,76.39,76.93,75.46,76.29,837983
2010-09-09 00:00:00+05:30,76.68,77.07,75.65,75.75,516172
2010-09-13 00:00:00+05:30,76.29,76.63,75.46,76.09,812864
2010-09-14 00:00:00+05:30,76.0,79.03,75.7,78.3,3217799
2010-09-15 00:00:00+05:30,78.84,79.23,77.47,77.81,1402006
2010-09-16 00:00:00+05:30,77.81,78.93,75.9,76.14,1310299
2010-09-17 00:00:00+05:30,76.19,77.17,76.14,76.63,1274791
2010-09-20 00:00:00+05:30,76.88,78.84,76.68,77.96,1718254
2010-09-21 00:00:00+05:30,78.59,80.26,77.76,78.69,3364793
2010-09-22 00:00:00+05:30,79.13,79.13,76.98,77.66,974568
2010-09-23 00:00:00+05:30,77.86,78.25,76.78,77.07,732387
2010-09-24 00:00:00+05:30,77.17,78.25,76.54,77.86,981663
2010-09-27 00:00:00+05:30,79.23,79.23,77.12,77.37,1175749
2010-09-28 00:00:00+05:30,77.47,78.25,77.07,77.42,697259
2010-09-29 00:00:00+05:30,77.66,77.76,75.9,76.14,498391
2010-09-30 00:00:00+05:30,76.29,76.29,74.53,74.87,488692
2010-10-01 00:00:00+05:30,75.41,77.37,75.41,76.78,871792
2010-10-04 00:00:00+05:30,77.32,79.03,76.88,77.96,1376886
2010-10-05 00:00:00+05:30,77.96,81.73,77.86,80.6,4160013
2010-10-06 00:00:00+05:30,80.8,81.97,79.82,80.55,1761429
2010-10-07 00:00:00+05:30,80.6,82.75,79.72,80.06,2713217
2010-10-08 00:00:00+05:30,80.4,81.63,79.42,80.01,1717783
2010-10-11 00:00:00+05:30,81.14,81.14,79.87,80.26,662831
2010-10-12 00:00:00+05:30,79.82,80.55,78.64,79.33,689262
2010-10-13 00:00:00+05:30,79.82,81.33,79.13,80.31,1232098
2010-10-14 00:00:00+05:30,80.8,81.14,78.0,78.59,825425
2010-10-15 00:00:00+05:30,78.84,81.53,78.49,79.13,2760903
2010-10-18 00:00:00+05:30,79.57,79.77,77.51,79.28,1425861
2010-10-19 00:00:00+05:30,79.52,80.45,77.86,78.3,914303
2010-10-20 00:00:00+05:30,77.56,79.47,71.54,77.91,760303
2010-10-21 00:00:00+05:30,78.35,79.47,78.15,78.84,876267
2010-10-22 00:00:00+05:30,79.42,81.97,78.79,81.09,4066761
2010-10-25 00:00:00+05:30,81.29,83.73,80.84,82.46,4455017
2010-10-26 00:00:00+05:30,82.56,83.05,80.45,80.8,1309158
2010-10-27 00:00:00+05:30,81.29,83.98,80.94,82.12,3073219
2010-10-28 00:00:00+05:30,82.75,83.15,79.82,80.35,2186469
2010-10-29 00:00:00+05:30,80.55,81.87,78.49,79.52,1700488
2010-11-01 00:00:00+05:30,79.87,81.63,79.87,80.89,1392778
2010-11-02 00:00:00+05:30,80.4,82.02,80.16,81.63,1922079
2010-11-03 00:00:00+05:30,81.92,82.51,81.19,81.48,1220415
2010-11-04 00:00:00+05:30,81.87,85.84,81.58,85.2,5159315
2010-11-05 00:00:00+05:30,86.18,86.28,85.2,85.74,805961
2010-11-08 00:00:00+05:30,86.43,86.43,83.88,84.52,1415553
2010-11-09 00:00:00+05:30,85.59,87.06,84.32,86.72,2729434
2010-11-10 00:00:00+05:30,88.14,89.12,85.3,85.84,2320978
2010-11-11 00:00:00+05:30,86.18,86.77,83.05,83.59,1362885
2010-11-12 00:00:00+05:30,83.24,84.13,80.31,80.7,1395444
2010-11-15 00:00:00+05:30,80.8,81.68,78.93,80.4,1119311
2010-11-16 00:00:00+05:30,81.19,81.29,75.6,76.14,2105518
2010-11-18 00:00:00+05:30,76.39,77.27,72.96,75.51,1205724
2010-11-19 00:00:00+05:30,75.95,76.29,71.79,72.76,1210874
2010-11-22 00:00:00+05:30,73.35,74.63,71.64,74.14,1286828
2010-11-23 00:00:00+05:30,73.45,74.43,70.07,72.72,908966
2010-11-24 00:00:00+05:30,72.96,74.23,70.61,72.47,776978
2010-11-25 00:00:00+05:30,73.3,73.3,69.68,70.41,1055817
2010-11-26 00:00:00+05:30,71.3,71.49,64.73,67.87,1439233
2010-11-29 00:00:00+05:30,68.55,69.44,66.79,68.95,764699
2010-11-30 00:00:00+05:30,68.46,70.76,67.82,70.12,928184
2010-12-01 00:00:00+05:30,70.41,72.96,69.58,72.42,844350
2010-12-02 00:00:00+05:30,73.45,73.89,72.47,73.01,509655
2010-12-03 00:00:00+05:30,73.4,73.45,70.66,71.34,729203
2010-12-06 00:00:00+05:30,71.64,72.67,71.25,71.49,559996
2010-12-07 00:00:00+05:30,70.76,72.18,70.56,71.2,658328
2010-12-08 00:00:00+05:30,71.1,71.83,68.95,69.53,837381
2010-12-09 00:00:00+05:30,70.32,70.41,64.69,65.66,960249
2010-12-10 00:00:00+05:30,65.18,67.77,64.64,67.18,871900
2010-12-13 00:00:00+05:30,67.53,68.5,66.69,68.31,593665
2010-12-14 00:00:00+05:30,68.31,69.97,68.31,69.68,611945
2010-12-15 00:00:00+05:30,70.51,71.39,68.85,69.34,987676
2010-12-16 00:00:00+05:30,70.17,70.86,68.06,70.02,1026905
2010-12-20 00:00:00+05:30,70.17,70.81,69.39,70.17,555650
2010-12-21 00:00:00+05:30,70.51,71.0,69.83,70.86,382607
2010-12-22 00:00:00+05:30,71.3,71.74,70.56,70.9,431055
2010-12-23 00:00:00+05:30,71.2,71.39,70.22,70.61,303605
2010-12-24 00:00:00+05:30,70.51,71.1,70.02,70.9,273087
2010-12-27 00:00:00+05:30,71.39,71.49,70.17,70.37,262184
2010-12-28 00:00:00+05:30,69.92,71.25,69.92,70.86,372751
2010-12-29 00:00:00+05:30,70.86,71.39,70.56,70.76,378614
2010-12-30 00:00:00+05:30,70.9,70.9,69.58,70.07,496686
2010-12-31 00:00:00+05:30,70.17,72.57,70.17,71.83,1006379
2011-01-03 00:00:00+05:30,72.47,74.23,72.47,73.7,1139499
2011-01-04 00:00:00+05:30,74.18,76.54,73.01,75.75,1507230
2011-01-05 00:00:00+05:30,75.9,76.83,73.79,73.94,970444
2011-01-06 00:00:00+05:30,74.82,75.12,72.47,72.62,795699
2011-01-07 00:00:00+05:30,72.96,72.96,70.02,70.27,535532
2011-01-10 00:00:00+05:30,70.22,70.27,66.6,66.94,612447
2011-01-11 00:00:00+05:30,66.89,68.02,66.45,67.18,1055908
2011-01-12 00:00:00+05:30,68.06,68.55,65.42,68.16,739347
2011-01-13 00:00:00+05:30,68.55,69.09,67.28,67.62,486156
2011-01-14 00:00:00+05:30,67.28,69.78,66.6,67.23,929748
2011-01-17 00:00:00+05:30,67.62,68.46,66.69,67.72,760732
2011-01-18 00:00:00+05:30,68.46,68.55,67.33,68.26,364897
2011-01-19 00:00:00+05:30,68.55,69.19,67.87,68.65,469679
2011-01-20 00:00:00+05:30,68.55,68.75,67.77,68.06,453219
2011-01-21 00:00:00+05:30,67.67,68.85,67.57,68.6,715684
2011-01-24 00:00:00+05:30,69.63,69.88,68.02,68.46,746848
2011-01-25 00:00:00+05:30,68.8,69.29,67.77,68.11,312171
2011-01-27 00:00:00+05:30,68.55,68.55,66.74,67.23,845764
2011-01-28 00:00:00+05:30,65.76,68.55,64.39,66.99,1481097
2011-01-31 00:00:00+05:30,66.6,66.94,65.71,66.01,435426
2011-02-01 00:00:00+05:30,65.18,66.69,64.39,64.83,311079
2011-02-02 00:00:00+05:30,65.32,66.01,64.83,65.47,340312
2011-02-03 00:00:00+05:30,65.62,66.6,64.88,66.06,214821
2011-02-04 00:00:00+05:30,65.62,67.48,65.42,66.35,440201
2011-02-07 00:00:00+05:30,66.6,68.16,65.86,67.87,587258
2011-02-08 00:00:00+05:30,68.36,68.36,65.13,65.62,613627
2011-02-09 00:00:00+05:30,66.11,66.6,58.86,60.18,1670837
2011-02-10 00:00:00+05:30,59.74,61.16,57.05,58.07,917258
2011-02-11 00:00:00+05:30,57.78,61.11,57.39,60.62,695678
2011-02-14 00:00:00+05:30,61.21,62.43,60.47,62.04,531744
2011-02-15 00:00:00+05:30,56.8,62.68,56.8,61.94,424618
2011-02-16 00:00:00+05:30,62.63,63.36,61.16,62.78,406694
2011-02-17 00:00:00+05:30,62.78,63.36,62.19,62.68,293385
2011-02-18 00:00:00+05:30,62.97,63.31,59.01,59.59,728507
2011-02-21 00:00:00+05:30,60.18,61.11,58.61,60.52,399107
2011-02-22 00:00:00+05:30,61.21,61.21,59.59,59.94,519983
2011-02-23 00:00:00+05:30,60.23,60.62,59.1,59.45,265395
2011-02-24 00:00:00+05:30,59.05,59.59,54.16,55.09,2500401
2011-02-25 00:00:00+05:30,55.33,56.8,54.35,55.58,674041
2011-02-28 00:00:00+05:30,55.92,56.8,53.86,55.72,1111683
2011-03-01 00:00:00+05:30,56.21,58.03,55.87,57.68,485862
2011-03-03 00:00:00+05:30,57.68,58.52,56.85,57.68,449914
2011-03-04 00:00:00+05:30,58.61,58.66,55.09,57.49,279205
2011-03-07 00:00:00+05:30,57.78,59.54,56.07,59.05,1326617
2011-03-08 00:00:00+05:30,59.74,60.38,59.3,59.64,645661
2011-03-09 00:00:00+05:30,60.23,61.06,59.05,60.62,615134
2011-03-10 00:00:00+05:30,60.03,61.7,59.54,61.31,842168
2011-03-11 00:00:00+05:30,60.57,61.6,59.98,60.43,388143
2011-03-14 00:00:00+05:30,60.33,61.6,60.13,61.36,428522
2011-03-15 00:00:00+05:30,59.74,62.38,58.96,60.82,947921
2011-03-16 00:00:00+05:30,61.21,62.04,61.11,61.36,387025
2011-03-17 00:00:00+05:30,60.96,61.6,60.23,60.47,233345
2011-03-18 00:00:00+05:30,60.72,61.26,57.44,58.07,815906
2011-03-21 00:00:00+05:30,57.88,58.17,56.8,57.54,655788
2011-03-22 00:00:00+05:30,57.78,59.01,57.59,58.71,546007
2011-03-23 00:00:00+05:30,59.49,60.87,58.27,60.47,575198
2011-03-24 00:00:00+05:30,60.72,61.31,60.03,60.43,417750
2011-03-25 00:00:00+05:30,61.55,61.55,60.52,60.91,403700
2011-03-28 00:00:00+05:30,61.11,61.89,60.72,60.91,398134
2011-03-29 00:00:00+05:30,61.36,61.85,60.77,61.7,742435
2011-03-30 00:00:00+05:30,61.21,63.36,61.21,63.02,891969
2011-03-31 00:00:00+05:30,63.27,63.8,62.63,63.17,1027009
2011-04-01 00:00:00+05:30,64.34,64.59,62.92,64.29,405560
2011-04-04 00:00:00+05:30,64.59,65.86,64.2,64.83,433101
2011-04-05 00:00:00+05:30,64.88,67.92,64.73,67.04,837515
2011-04-06 00:00:00+05:30,66.6,68.7,66.15,67.23,801791
2011-04-07 00:00:00+05:30,66.6,69.04,66.6,67.72,655827
2011-04-08 00:00:00+05:30,66.84,71.74,66.84,70.56,3719233
2011-04-11 00:00:00+05:30,71.0,71.1,68.06,68.41,621689
2011-04-13 00:00:00+05:30,68.55,70.51,67.67,69.78,809409
2011-04-15 00:00:00+05:30,69.83,71.0,68.31,69.58,682111
2011-04-18 00:00:00+05:30,69.78,73.25,69.29,72.32,2918055
2011-04-19 00:00:00+05:30,72.37,72.37,69.92,70.86,896084
2011-04-20 00:00:00+05:30,71.44,71.98,70.32,70.95,701291
2011-04-21 00:00:00+05:30,71.88,72.28,70.86,71.54,478359
2011-04-25 00:00:00+05:30,71.15,72.96,71.15,72.03,612365
2011-04-26 00:00:00+05:30,72.03,73.94,71.69,73.3,1202863
2011-04-27 00:00:00+05:30,73.65,74.28,72.67,73.16,833147
2011-04-28 00:00:00+05:30,73.45,74.77,72.67,73.55,966646
2011-04-29 00:00:00+05:30,74.14,74.82,71.74,72.13,761806
2011-05-02 00:00:00+05:30,71.49,72.47,70.51,70.9,365205
2011-05-03 00:00:00+05:30,70.61,71.49,68.55,69.09,406449
2011-05-04 00:00:00+05:30,68.55,71.1,68.55,70.12,536072
2011-05-05 00:00:00+05:30,70.46,71.98,70.17,71.2,862016
2011-05-06 00:00:00+05:30,71.3,71.74,70.02,70.95,266663
2011-05-09 00:00:00+05:30,71.05,75.07,71.05,73.7,1886247
2011-05-10 00:00:00+05:30,73.5,74.43,72.13,72.42,457500
2011-05-11 00:00:00+05:30,73.3,74.43,72.47,73.99,466630
2011-05-12 00:00:00+05:30,72.23,74.63,72.23,72.52,448343
2011-05-13 00:00:00+05:30,72.57,73.94,71.1,72.81,391970
2011-05-16 00:00:00+05:30,73.7,74.09,72.62,73.11,440326
2011-05-17 00:00:00+05:30,73.06,74.04,69.24,69.83,873814
2011-05-18 00:00:00+05:30,69.92,70.46,68.55,69.44,395334
2011-05-19 00:00:00+05:30,70.51,70.51,68.85,69.34,182661
2011-05-20 00:00:00+05:30,69.53,74.09,69.53,72.42,4180719
2011-05-23 00:00:00+05:30,71.49,73.16,70.12,71.34,1140444
2011-05-24 00:00:00+05:30,71.34,71.64,69.58,70.46,750816
2011-05-25 00:00:00+05:30,70.02,70.51,66.45,68.36,1484647
2011-05-26 00:00:00+05:30,68.65,68.99,67.67,68.16,792644
2011-05-27 00:00:00+05:30,68.36,70.51,68.36,70.12,397572
2011-05-30 00:00:00+05:30,71.0,72.08,70.02,71.49,432007
2011-05-31 00:00:00+05:30,72.18,72.86,71.49,72.42,389053
2011-06-01 00:00:00+05:30,72.52,73.01,71.79,72.52,352000
2011-06-02 00:00:00+05:30,72.32,73.35,71.1,72.42,862484
2011-06-03 00:00:00+05:30,72.81,76.19,72.76,75.02,2512669
2011-06-06 00:00:00+05:30,75.02,76.78,74.67,76.05,1744796
2011-06-07 00:00:00+05:30,76.34,76.68,75.46,75.65,573188
2011-06-08 00:00:00+05:30,75.65,75.65,72.96,73.25,659149
2011-06-09 00:00:00+05:30,72.72,76.58,72.72,76.14,1705369
2011-06-10 00:00:00+05:30,76.44,76.58,74.23,74.58,950466
2011-06-13 00:00:00+05:30,74.14,74.72,73.45,74.48,434893
2011-06-14 00:00:00+05:30,74.58,78.15,73.94,77.37,1092331
2011-06-15 00:00:00+05:30,78.84,78.93,77.12,77.81,2245190
2011-06-16 00:00:00+05:30,77.81,77.81,75.9,76.58,862787
2011-06-17 00:00:00+05:30,77.17,77.17,75.41,75.8,565513
2011-06-20 00:00:00+05:30,75.9,76.29,69.53,71.2,719343
2011-06-21 00:00:00+05:30,71.25,72.67,69.68,70.76,583008
2011-06-22 00:00:00+05:30,71.49,73.35,70.32,72.62,990917
2011-06-23 00:00:00+05:30,71.79,74.04,71.69,73.65,739569
2011-06-24 00:00:00+05:30,73.65,74.92,73.65,74.48,595571
2011-06-27 00:00:00+05:30,75.6,76.88,74.58,75.46,926203
2011-06-28 00:00:00+05:30,75.9,75.9,74.14,75.02,416134
2011-06-29 00:00:00+05:30,75.41,75.9,74.14,74.63,365629
2011-06-30 00:00:00+05:30,74.43,76.39,74.14,76.09,744664
2011-07-01 00:00:00+05:30,76.29,76.88,75.21,76.14,332548
2011-07-04 00:00:00+05:30,77.37,81.53,76.39,81.14,2412690
2011-07-05 00:00:00+05:30,80.8,81.53,80.11,80.35,815501
2011-07-06 00:00:00+05:30,79.33,81.19,76.39,80.11,721460
2011-07-07 00:00:00+05:30,79.52,81.43,78.89,80.31,759299
2011-07-08 00:00:00+05:30,80.75,82.17,79.38,79.87,1037953
2011-07-11 00:00:00+05:30,80.11,80.75,78.64,78.89,642972
2011-07-12 00:00:00+05:30,78.35,79.82,76.63,77.17,579587
2011-07-13 00:00:00+05:30,78.1,79.82,77.47,79.33,615970
2011-07-14 00:00:00+05:30,78.45,80.31,78.45,79.13,450737
2011-07-15 00:00:00+05:30,79.13,79.67,78.35,78.79,290347
2011-07-18 00:00:00+05:30,79.33,79.52,78.05,78.25,271777
2011-07-19 00:00:00+05:30,78.25,78.74,76.68,76.88,1131657
2011-07-20 00:00:00+05:30,77.56,77.76,75.95,76.39,383796
2011-07-21 00:00:00+05:30,76.39,78.54,75.6,77.66,931488
2011-07-22 00:00:00+05:30,78.0,80.7,77.96,79.47,1657489
2011-07-25 00:00:00+05:30,78.64,82.66,78.64,81.48,1484258
2011-07-26 00:00:00+05:30,82.26,82.75,78.15,78.64,1491178
2011-07-27 00:00:00+05:30,80.16,82.12,78.0,78.54,4004535
2011-07-28 00:00:00+05:30,78.84,79.33,77.17,77.56,1168755
2011-07-29 00:00:00+05:30,77.56,78.49,76.29,76.78,766422
2011-08-01 00:00:00+05:30,78.3,78.64,76.54,77.03,525968
2011-08-02 00:00:00+05:30,76.78,76.88,74.04,74.38,531524
2011-08-03 00:00:00+05:30,73.45,75.12,72.13,74.58,742599
2011-08-04 00:00:00+05:30,75.12,75.8,72.96,73.16,412319
2011-08-05 00:00:00+05:30,73.16,73.16,69.53,71.15,940226
2011-08-08 00:00:00+05:30,69.58,70.51,68.41,68.9,911850
2011-08-09 00:00:00+05:30,67.38,69.14,66.6,66.84,608005
2011-08-10 00:00:00+05:30,68.55,69.88,67.57,69.19,675642
2011-08-11 00:00:00+05:30,69.19,70.71,68.75,69.24,640680
2011-08-12 00:00:00+05:30,69.53,70.02,67.13,67.57,352026
2011-08-16 00:00:00+05:30,67.57,68.5,63.66,64.15,425580
2011-08-17 00:00:00+05:30,64.15,66.4,61.06,65.32,1038411
2011-08-18 00:00:00+05:30,63.66,65.57,60.91,61.7,893967
2011-08-19 00:00:00+05:30,61.7,61.7,57.83,58.81,706571
2011-08-22 00:00:00+05:30,59.69,61.16,58.56,60.62,578596
2011-08-23 00:00:00+05:30,61.21,63.41,60.03,62.92,588991
2011-08-24 00:00:00+05:30,63.36,63.75,62.19,62.68,704739
2011-08-25 00:00:00+05:30,62.68,63.36,58.81,59.35,993852
2011-08-26 00:00:00+05:30,61.6,61.6,56.51,57.19,657753
2011-08-29 00:00:00+05:30,57.73,60.28,57.73,59.74,445806
2011-08-30 00:00:00+05:30,60.67,62.04,60.33,61.5,593692
2011-09-02 00:00:00+05:30,61.6,63.22,61.01,62.33,574778
2011-09-05 00:00:00+05:30,62.29,63.56,60.52,62.87,622999
2011-09-06 00:00:00+05:30,62.68,65.62,62.68,65.13,1708633
2011-09-07 00:00:00+05:30,65.62,66.6,64.88,66.06,844641
2011-09-08 00:00:00+05:30,66.55,67.87,66.2,67.08,845416
2011-09-09 00:00:00+05:30,67.08,68.31,65.91,66.3,738485
2011-09-12 00:00:00+05:30,64.88,67.18,64.88,65.52,830538
2011-09-13 00:00:00+05:30,65.42,66.99,64.93,65.13,327091
2011-09-14 00:00:00+05:30,65.42,66.6,64.24,65.81,391619
2011-09-15 00:00:00+05:30,66.6,67.82,66.15,66.99,449835
2011-09-16 00:00:00+05:30,65.62,68.26,64.44,64.83,929845
2011-09-19 00:00:00+05:30,65.22,66.01,63.75,65.47,393075
2011-09-20 00:00:00+05:30,63.56,66.4,63.56,65.86,238844
2011-09-21 00:00:00+05:30,65.91,66.55,65.13,66.01,400637
2011-09-22 00:00:00+05:30,64.93,65.47,62.87,63.22,244457
2011-09-23 00:00:00+05:30,62.78,63.56,61.21,62.33,396932
2011-09-26 00:00:00+05:30,62.68,62.68,60.23,60.67,383380
2011-09-27 00:00:00+05:30,61.26,62.78,61.26,62.38,339844
2011-09-28 00:00:00+05:30,62.68,62.68,60.62,61.16,252383
2011-09-29 00:00:00+05:30,61.06,61.11,59.84,60.38,492682
2011-09-30 00:00:00+05:30,60.23,61.94,60.23,60.82,363187
2011-10-03 00:00:00+05:30,58.86,61.11,58.86,60.28,385717
2011-10-04 00:00:00+05:30,59.74,61.06,58.07,58.56,584291
2011-10-05 00:00:00+05:30,58.76,59.84,57.78,58.71,546750
2011-10-07 00:00:00+05:30,59.35,60.77,59.35,60.18,288723
2011-10-10 00:00:00+05:30,60.23,61.8,59.45,61.7,356418
2011-10-11 00:00:00+05:30,62.14,63.17,62.04,62.78,546806
2011-10-12 00:00:00+05:30,59.98,64.34,56.9,64.15,291253
2011-10-13 00:00:00+05:30,64.64,64.69,63.66,63.71,206239
2011-10-14 00:00:00+05:30,62.78,64.29,62.63,63.95,204080
2011-10-17 00:00:00+05:30,63.95,66.5,63.71,65.37,487636
2011-10-18 00:00:00+05:30,65.13,65.37,61.7,63.12,717309
2011-10-19 00:00:00+05:30,62.68,64.15,60.13,63.61,238376
2011-10-20 00:00:00+05:30,63.61,63.75,62.43,63.17,125267
2011-10-21 00:00:00+05:30,63.17,63.17,61.8,62.09,194373
2011-10-24 00:00:00+05:30,61.7,62.92,59.15,59.54,938832
2011-10-25 00:00:00+05:30,59.25,61.75,58.81,61.4,1909785
2011-10-28 00:00:00+05:30,62.68,65.13,62.09,63.9,415048
2011-10-31 00:00:00+05:30,63.07,65.03,62.73,63.12,348269
2011-11-01 00:00:00+05:30,62.78,63.61,61.21,61.36,397032
2011-11-02 00:00:00+05:30,61.21,62.58,60.82,61.7,337786
2011-11-03 00:00:00+05:30,61.7,62.58,61.45,62.04,189937
2011-11-04 00:00:00+05:30,62.78,63.31,62.19,62.78,204583
2011-11-08 00:00:00+05:30,63.31,63.31,62.24,62.38,103566
2011-11-09 00:00:00+05:30,61.94,63.07,59.89,60.62,310436
2011-11-11 00:00:00+05:30,60.23,61.7,59.94,61.36,241952
2011-11-14 00:00:00+05:30,61.94,62.19,60.91,61.26,250531
2011-11-15 00:00:00+05:30,61.4,61.55,60.03,60.23,239165
2011-11-16 00:00:00+05:30,60.43,62.19,59.45,61.85,617144
2011-11-17 00:00:00+05:30,61.7,62.19,60.72,61.4,382656
2011-11-18 00:00:00+05:30,60.91,61.01,59.74,60.77,677585
2011-11-21 00:00:00+05:30,60.67,61.45,57.78,59.79,479584
2011-11-22 00:00:00+05:30,58.86,60.23,58.76,59.89,535073
2011-11-23 00:00:00+05:30,59.74,59.74,57.29,58.42,566392
2011-11-24 00:00:00+05:30,58.37,60.43,57.59,59.4,359377
2011-11-25 00:00:00+05:30,57.14,61.99,57.14,60.96,310881
2011-11-28 00:00:00+05:30,65.52,65.52,60.57,61.16,232272
2011-11-29 00:00:00+05:30,55.04,62.09,55.04,60.03,131820
2011-11-30 00:00:00+05:30,58.86,60.52,58.86,59.2,114632
2011-12-01 00:00:00+05:30,67.57,67.57,58.76,59.05,250767
2011-12-02 00:00:00+05:30,59.25,61.31,58.96,60.72,139309
2011-12-05 00:00:00+05:30,60.77,61.89,60.72,60.87,121035
2011-12-07 00:00:00+05:30,61.11,61.65,59.94,60.28,61203
2011-12-08 00:00:00+05:30,60.23,60.23,58.52,59.01,294115
2011-12-09 00:00:00+05:30,59.01,59.54,57.59,58.81,117069
2011-12-12 00:00:00+05:30,58.86,59.98,58.22,58.81,266857
2011-12-13 00:00:00+05:30,58.81,59.1,57.78,58.56,114767
2011-12-14 00:00:00+05:30,58.76,59.4,57.78,57.88,162744
2011-12-15 00:00:00+05:30,57.29,60.33,57.29,59.49,280526
2011-12-16 00:00:00+05:30,60.08,60.13,56.51,57.19,117963
2011-12-19 00:00:00+05:30,57.19,57.19,53.86,54.84,145578
2011-12-20 00:00:00+05:30,54.84,55.72,52.2,52.49,157302
2011-12-21 00:00:00+05:30,53.47,54.84,52.54,54.4,182835
2011-12-22 00:00:00+05:30,52.98,54.84,52.98,54.65,110976
2011-12-23 00:00:00+05:30,56.75,56.75,53.96,54.84,149957
2011-12-26 00:00:00+05:30,55.72,55.72,54.55,55.19,74208
2011-12-27 00:00:00+05:30,55.38,55.53,52.1,52.49,133041
2011-12-28 00:00:00+05:30,52.88,52.93,49.21,49.65,359952
2011-12-29 00:00:00+05:30,49.65,51.42,48.28,50.78,403065
2011-12-30 00:00:00+05:30,50.44,51.37,50.24,50.63,169885
2012-01-02 00:00:00+05:30,50.93,51.27,49.21,50.0,95423
2012-01-03 00:00:00+05:30,50.83,52.69,50.48,52.3,132265
2012-01-04 00:00:00+05:30,52.54,53.18,51.95,52.35,209515
2012-01-05 00:00:00+05:30,52.54,53.18,52.15,52.59,133522
2012-01-06 00:00:00+05:30,52.39,53.08,51.66,52.74,104588
2012-01-09 00:00:00+05:30,52.88,53.52,52.2,53.23,113158
2012-01-10 00:00:00+05:30,52.93,55.19,52.93,54.65,227362
2012-01-11 00:00:00+05:30,54.65,55.87,54.65,55.28,150241
2012-01-12 00:00:00+05:30,54.84,56.9,54.6,55.48,210106
2012-01-13 00:00:00+05:30,56.31,57.73,55.68,56.31,254048
2012-01-16 00:00:00+05:30,57.0,57.68,55.97,57.44,223978
2012-01-17 00:00:00+05:30,57.59,59.15,57.29,57.63,311857
2012-01-18 00:00:00+05:30,58.17,58.56,55.43,55.68,316121
2012-01-19 00:00:00+05:30,55.87,56.8,55.82,56.51,105429
2012-01-20 00:00:00+05:30,56.26,57.63,55.43,56.07,217927
2012-01-23 00:00:00+05:30,56.31,58.07,54.89,57.24,440676
2012-01-24 00:00:00+05:30,57.78,59.25,56.7,58.81,562640
2012-01-25 00:00:00+05:30,58.52,60.67,55.72,60.08,1006585
2012-01-27 00:00:00+05:30,59.74,60.91,59.64,59.94,289668
2012-01-30 00:00:00+05:30,59.45,61.7,58.66,58.86,437000
2012-01-31 00:00:00+05:30,59.74,60.67,58.91,59.94,176543
2012-02-01 00:00:00+05:30,59.35,61.31,59.35,60.28,238587
2012-02-02 00:00:00+05:30,61.21,61.21,58.96,59.45,245861
2012-02-03 00:00:00+05:30,59.45,61.99,59.45,61.21,339847
2012-02-06 00:00:00+05:30,62.38,65.52,60.82,64.78,1521819
2012-02-07 00:00:00+05:30,66.11,66.3,63.36,65.13,1297074
2012-02-08 00:00:00+05:30,65.22,67.08,64.15,66.55,734448
2012-02-09 00:00:00+05:30,65.62,68.36,65.62,67.62,481150
2012-02-10 00:00:00+05:30,68.06,69.53,67.04,68.75,989633
2012-02-13 00:00:00+05:30,68.55,72.13,67.43,71.15,1392883
2012-02-14 00:00:00+05:30,69.97,71.98,69.97,70.9,675860
2012-02-15 00:00:00+05:30,70.17,72.42,69.53,70.07,634779
2012-02-16 00:00:00+05:30,70.07,70.81,68.99,69.97,330281
2012-02-17 00:00:00+05:30,69.92,71.39,69.24,69.78,345252
2012-02-21 00:00:00+05:30,69.39,71.79,67.67,71.05,834063
2012-02-22 00:00:00+05:30,71.74,72.37,65.37,66.11,981441
2012-02-23 00:00:00+05:30,65.13,67.87,65.13,66.84,462764
2012-02-24 00:00:00+05:30,67.97,67.97,65.27,66.11,313812
2012-02-27 00:00:00+05:30,65.66,66.4,64.05,65.81,539169
2012-02-28 00:00:00+05:30,66.01,70.32,65.81,69.58,925587
2012-02-29 00:00:00+05:30,69.63,70.81,68.06,69.58,666083
2012-03-01 00:00:00+05:30,70.07,70.81,67.72,68.5,654599
2012-03-02 00:00:00+05:30,68.65,70.76,67.67,68.85,755157
2012-03-05 00:00:00+05:30,69.39,70.95,68.16,68.65,1288485
2012-03-06 00:00:00+05:30,67.62,69.88,65.62,66.06,471178
2012-03-07 00:00:00+05:30,66.06,66.3,64.54,65.62,375436
2012-03-09 00:00:00+05:30,66.11,67.92,65.91,67.57,691005
2012-03-12 00:00:00+05:30,68.5,68.55,66.4,68.02,320812
2012-03-13 00:00:00+05:30,68.55,68.55,67.08,67.28,291825
2012-03-14 00:00:00+05:30,68.02,68.41,66.6,66.84,187638
2012-03-15 00:00:00+05:30,67.48,68.21,64.73,65.18,290758
2012-03-16 00:00:00+05:30,65.27,66.4,64.2,64.54,341461
2012-03-19 00:00:00+05:30,65.32,65.52,62.97,64.69,453563
2012-03-20 00:00:00+05:30,65.08,66.11,63.95,65.47,243569
2012-03-21 00:00:00+05:30,65.32,68.26,64.83,67.38,383654
2012-03-22 00:00:00+05:30,66.89,67.48,63.17,63.46,572942
2012-03-23 00:00:00+05:30,63.66,64.64,59.79,61.26,1073649
2012-03-26 00:00:00+05:30,61.7,62.24,59.54,60.08,244463
2012-03-27 00:00:00+05:30,60.67,61.7,59.89,60.96,358021
2012-03-28 00:00:00+05:30,60.91,61.06,57.59,58.22,384645
2012-03-29 00:00:00+05:30,57.78,60.08,57.1,59.59,610658
2012-03-30 00:00:00+05:30,59.89,68.02,59.89,66.79,1348310
2012-04-02 00:00:00+05:30,67.08,67.08,64.73,66.35,506107
2012-04-03 00:00:00+05:30,60.82,68.16,60.82,67.33,543348
2012-04-04 00:00:00+05:30,67.08,67.43,65.62,66.35,186842
2012-04-09 00:00:00+05:30,65.76,66.35,62.87,63.56,159582
2012-04-10 00:00:00+05:30,63.66,64.73,60.77,64.24,322457
2012-04-11 00:00:00+05:30,64.15,65.32,63.31,63.66,190728
2012-04-12 00:00:00+05:30,64.1,65.76,63.56,65.42,331474
2012-04-13 00:00:00+05:30,63.66,65.62,61.4,62.63,855984
2012-04-16 00:00:00+05:30,62.68,63.95,61.94,63.56,139271
2012-04-17 00:00:00+05:30,63.66,66.5,63.36,65.76,531117
2012-04-18 00:00:00+05:30,66.11,66.6,65.13,65.32,191966
2012-04-19 00:00:00+05:30,65.37,65.71,64.05,64.49,235375
2012-04-20 00:00:00+05:30,63.17,64.34,60.72,61.06,1116145
2012-04-23 00:00:00+05:30,59.79,61.6,59.79,60.62,210972
2012-04-24 00:00:00+05:30,59.74,61.99,59.74,61.6,207891
2012-04-25 00:00:00+05:30,60.23,62.09,59.4,60.33,282497
2012-04-26 00:00:00+05:30,60.77,61.55,59.94,60.33,1117347
2012-04-27 00:00:00+05:30,61.11,61.31,59.79,60.18,228069
2012-04-30 00:00:00+05:30,60.47,61.36,60.13,60.87,153457
2012-05-02 00:00:00+05:30,60.77,61.94,59.94,60.23,234524
2012-05-03 00:00:00+05:30,60.23,60.77,59.15,59.59,323702
2012-05-04 00:00:00+05:30,59.05,59.05,57.44,57.88,242485
2012-05-07 00:00:00+05:30,57.14,58.22,54.94,57.49,368114
2012-05-08 00:00:00+05:30,57.34,58.66,55.14,55.63,203816
2012-05-09 00:00:00+05:30,55.33,56.41,55.04,55.43,190209
2012-05-10 00:00:00+05:30,55.92,57.29,54.35,54.55,320683
2012-05-11 00:00:00+05:30,54.55,55.33,54.16,54.79,115544
2012-05-14 00:00:00+05:30,55.23,55.23,53.67,53.91,105034
2012-05-15 00:00:00+05:30,54.21,56.8,52.69,55.82,235460
2012-05-16 00:00:00+05:30,55.82,57.73,53.91,55.72,434387
2012-05-17 00:00:00+05:30,56.51,57.1,54.84,55.58,214693
2012-05-18 00:00:00+05:30,54.65,58.27,54.01,57.19,222614
2012-05-21 00:00:00+05:30,57.54,59.25,57.1,57.29,360816
2012-05-22 00:00:00+05:30,57.59,58.91,55.87,56.17,308811
2012-05-23 00:00:00+05:30,56.17,57.19,55.43,56.02,461761
2012-05-24 00:00:00+05:30,57.54,58.76,56.8,57.24,519940
2012-05-25 00:00:00+05:30,57.49,57.78,56.61,56.95,168301
2012-05-28 00:00:00+05:30,57.0,57.68,57.0,57.39,120123
2012-05-29 00:00:00+05:30,57.1,57.78,56.41,56.65,115505
2012-05-30 00:00:00+05:30,56.7,56.7,53.86,54.4,205007
2012-05-31 00:00:00+05:30,54.16,54.79,51.9,54.5,411724
2012-06-01 00:00:00+05:30,54.84,55.23,51.9,52.59,532234
2012-06-04 00:00:00+05:30,52.69,52.69,50.09,51.02,644478
2012-06-05 00:00:00+05:30,51.51,52.1,50.73,51.27,342553
2012-06-06 00:00:00+05:30,51.9,52.49,51.27,51.61,953975
2012-06-07 00:00:00+05:30,52.93,53.81,52.39,52.64,1721289
2012-06-08 00:00:00+05:30,52.84,52.88,51.02,51.61,768399
2012-06-11 00:00:00+05:30,52.54,53.33,50.09,50.73,787982
2012-06-12 00:00:00+05:30,50.04,51.22,49.26,50.88,644432
2012-06-13 00:00:00+05:30,51.32,52.3,51.02,51.56,1208559
2012-06-14 00:00:00+05:30,51.81,52.25,51.02,51.27,985616
2012-06-15 00:00:00+05:30,51.66,52.64,51.42,51.76,521981
2012-06-18 00:00:00+05:30,51.95,52.64,51.37,52.1,483132
2012-06-19 00:00:00+05:30,51.95,52.25,51.17,51.61,200173
2012-06-20 00:00:00+05:30,51.66,52.3,51.46,51.66,750070
2012-06-21 00:00:00+05:30,51.9,53.62,51.61,53.37,1600319
2012-06-22 00:00:00+05:30,52.88,54.5,52.88,53.28,883458
2012-06-25 00:00:00+05:30,53.67,54.3,52.98,53.67,754686
2012-06-26 00:00:00+05:30,53.52,54.21,53.28,53.52,259949
2012-06-27 00:00:00+05:30,53.86,54.21,53.37,53.52,253277
2012-06-28 00:00:00+05:30,53.42,54.3,51.61,52.1,1002597
2012-06-29 00:00:00+05:30,52.49,53.37,52.3,53.23,463238
2012-07-02 00:00:00+05:30,54.26,54.84,53.23,54.65,718247
2012-07-03 00:00:00+05:30,55.33,60.57,54.75,59.25,3328032
2012-07-04 00:00:00+05:30,59.45,59.64,57.34,57.83,1044207
2012-07-05 00:00:00+05:30,57.93,58.96,57.34,58.17,473379
2012-07-06 00:00:00+05:30,58.71,58.91,57.14,57.49,458778
2012-07-09 00:00:00+05:30,56.07,58.07,56.07,57.78,458673
2012-07-10 00:00:00+05:30,58.17,58.52,57.44,57.98,233437
2012-07-11 00:00:00+05:30,57.29,59.4,57.29,58.76,610395
2012-07-12 00:00:00+05:30,57.78,57.88,56.85,57.29,208453
2012-07-13 00:00:00+05:30,57.68,58.07,56.9,57.19,132981
2012-07-16 00:00:00+05:30,57.34,57.78,56.9,57.05,149927
2012-07-17 00:00:00+05:30,57.1,57.63,55.87,56.02,125552
2012-07-18 00:00:00+05:30,60.72,60.72,55.43,56.07,126044
2012-07-19 00:00:00+05:30,56.51,58.37,56.26,57.68,308548
2012-07-20 00:00:00+05:30,58.27,58.56,56.8,56.95,508323
2012-07-23 00:00:00+05:30,56.36,56.8,55.53,55.82,145099
2012-07-24 00:00:00+05:30,56.07,57.88,55.19,57.19,363716
2012-07-25 00:00:00+05:30,56.8,56.8,54.5,55.77,352748
2012-07-26 00:00:00+05:30,55.82,56.41,54.5,55.63,238015
2012-07-27 00:00:00+05:30,56.61,57.05,48.48,53.72,4047301
2012-07-30 00:00:00+05:30,54.11,56.7,52.15,56.17,473156
2012-07-31 00:00:00+05:30,56.17,57.98,55.09,57.24,410383
2012-08-01 00:00:00+05:30,56.8,57.29,55.97,56.46,223252
2012-08-02 00:00:00+05:30,56.07,57.05,55.92,56.51,214682
2012-08-03 00:00:00+05:30,56.07,56.31,54.01,54.75,315245
2012-08-06 00:00:00+05:30,54.75,55.68,54.06,55.28,297254
2012-08-07 00:00:00+05:30,55.72,56.61,55.33,56.36,429405
2012-08-08 00:00:00+05:30,56.61,57.59,55.63,56.8,407429
2012-08-09 00:00:00+05:30,56.85,57.24,56.41,56.8,177227
2012-08-10 00:00:00+05:30,56.8,58.96,56.07,57.63,492687
2012-08-13 00:00:00+05:30,57.78,58.32,56.46,57.59,313527
2012-08-14 00:00:00+05:30,57.49,57.78,56.8,57.34,105280
2012-08-16 00:00:00+05:30,57.54,59.89,56.07,58.96,513715
2012-08-17 00:00:00+05:30,59.05,63.85,59.05,62.19,2834921
2012-08-21 00:00:00+05:30,62.14,65.42,61.8,64.93,1490970
2012-08-22 00:00:00+05:30,65.32,65.32,62.92,63.22,282826
2012-08-23 00:00:00+05:30,63.07,64.39,60.77,61.55,389614
2012-08-24 00:00:00+05:30,56.8,61.45,56.8,60.18,458103
2012-08-27 00:00:00+05:30,59.98,64.15,59.98,63.27,1088124
2012-08-28 00:00:00+05:30,63.75,63.85,60.33,63.07,841503
2012-08-29 00:00:00+05:30,63.17,63.22,60.82,61.06,504295
2012-08-30 00:00:00+05:30,61.65,62.48,59.98,61.7,293741
2012-08-31 00:00:00+05:30,61.7,61.7,59.79,60.57,345576
2012-09-03 00:00:00+05:30,60.82,61.7,58.86,59.15,256996
2012-09-04 00:00:00+05:30,59.05,61.16,58.03,60.13,517037
2012-09-05 00:00:00+05:30,59.54,60.43,58.91,59.94,327335
2012-09-06 00:00:00+05:30,59.64,61.16,59.45,60.38,896578
2012-09-07 00:00:00+05:30,60.62,61.65,59.49,60.23,509203
2012-09-10 00:00:00+05:30,61.26,61.5,60.13,60.38,245531
2012-09-11 00:00:00+05:30,60.23,60.91,59.74,60.43,172472
2012-09-12 00:00:00+05:30,60.82,60.82,59.74,59.84,126841
2012-09-13 00:00:00+05:30,60.13,60.52,59.69,59.84,126384
2012-09-14 00:00:00+05:30,61.5,63.8,59.74,60.18,459851
2012-09-17 00:00:00+05:30,59.98,61.21,58.76,59.15,261201
2012-09-18 00:00:00+05:30,59.35,60.96,58.76,58.91,512234
2012-09-20 00:00:00+05:30,57.88,59.15,57.39,57.83,251306
2012-09-21 00:00:00+05:30,55.82,59.74,55.82,58.71,798438
2012-09-24 00:00:00+05:30,58.66,59.84,58.12,58.37,526100
2012-09-25 00:00:00+05:30,59.25,59.74,57.83,57.98,292403
2012-09-26 00:00:00+05:30,54.65,58.56,54.65,57.98,203642
2012-09-27 00:00:00+05:30,58.27,59.94,57.1,59.01,675354
2012-09-28 00:00:00+05:30,59.25,60.38,58.91,59.74,422452
2012-10-01 00:00:00+05:30,59.64,60.62,59.35,60.43,287209
2012-10-03 00:00:00+05:30,60.47,63.46,60.23,63.12,947922
2012-10-04 00:00:00+05:30,63.07,65.37,62.87,64.39,496915
2012-10-05 00:00:00+05:30,64.49,67.97,62.19,66.99,1195879
2012-10-08 00:00:00+05:30,66.84,67.38,63.71,64.93,664949
2012-10-09 00:00:00+05:30,65.08,67.08,64.44,66.25,1156111
2012-10-10 00:00:00+05:30,66.89,68.99,63.27,64.05,1753878
2012-10-11 00:00:00+05:30,55.14,65.32,55.14,64.64,374911
2012-10-12 00:00:00+05:30,65.47,65.47,63.46,64.1,249087
2012-10-15 00:00:00+05:30,63.95,65.13,63.36,64.34,208770
2012-10-16 00:00:00+05:30,63.85,66.35,63.85,64.83,563887
2012-10-17 00:00:00+05:30,63.9,65.62,63.41,63.85,234975
2012-10-18 00:00:00+05:30,64.15,65.81,63.71,65.37,575665
2012-10-19 00:00:00+05:30,65.13,65.47,64.15,64.34,167290
2012-10-22 00:00:00+05:30,63.9,64.78,63.75,64.34,142418
2012-10-23 00:00:00+05:30,64.64,64.64,63.71,64.24,187980
2012-10-25 00:00:00+05:30,64.39,65.13,63.9,64.59,309298
2012-10-26 00:00:00+05:30,64.59,65.13,63.95,64.15,193719
2012-10-29 00:00:00+05:30,63.75,64.59,63.71,63.95,371001
2012-10-30 00:00:00+05:30,63.07,64.78,61.4,61.99,138081
2012-10-31 00:00:00+05:30,61.94,63.07,61.16,62.48,167317
2012-11-01 00:00:00+05:30,62.14,63.31,61.7,62.78,165693
2012-11-02 00:00:00+05:30,63.27,65.42,63.07,63.61,1238248
2012-11-05 00:00:00+05:30,66.6,68.5,63.17,64.54,2643154
2012-11-06 00:00:00+05:30,64.64,66.6,64.15,65.27,1060569
2012-11-07 00:00:00+05:30,65.52,65.96,63.51,64.49,358444
2012-11-08 00:00:00+05:30,63.75,64.88,63.46,63.8,292922
2012-11-09 00:00:00+05:30,64.24,64.73,62.68,63.02,376394
2012-11-12 00:00:00+05:30,63.17,63.36,61.7,62.04,221513
2012-11-13 00:00:00+05:30,62.48,62.58,62.19,62.48,46173
2012-11-15 00:00:00+05:30,61.94,63.66,61.85,62.24,269292
2012-11-16 00:00:00+05:30,62.29,63.22,60.82,61.4,225246
2012-11-19 00:00:00+05:30,61.5,61.94,60.52,60.87,181104
2012-11-20 00:00:00+05:30,61.4,62.09,60.87,60.91,195797
2012-11-21 00:00:00+05:30,61.65,61.99,60.82,61.16,435916
2012-11-22 00:00:00+05:30,62.29,62.29,60.62,60.72,225411
2012-11-23 00:00:00+05:30,61.6,61.6,59.74,60.18,173062
2012-11-26 00:00:00+05:30,60.33,61.01,58.56,58.71,245391
2012-11-27 00:00:00+05:30,59.15,59.74,58.27,58.66,302174
2012-11-29 00:00:00+05:30,58.71,60.08,58.71,59.64,304750
2012-11-30 00:00:00+05:30,59.69,60.23,59.15,59.35,390889
2012-12-03 00:00:00+05:30,59.35,62.58,57.78,62.09,543619
2012-12-04 00:00:00+05:30,63.17,63.51,61.6,61.85,443513
2012-12-05 00:00:00+05:30,61.85,62.92,59.89,60.28,402473
2012-12-06 00:00:00+05:30,60.62,61.65,60.28,60.47,255112
2012-12-07 00:00:00+05:30,60.52,61.85,60.52,61.01,254232
2012-12-10 00:00:00+05:30,60.96,61.55,60.52,61.06,155804
2012-12-11 00:00:00+05:30,60.91,61.55,60.28,60.57,175414
2012-12-12 00:00:00+05:30,60.43,61.06,60.23,60.57,164229
2012-12-13 00:00:00+05:30,60.43,60.96,59.35,59.59,213038
2012-12-14 00:00:00+05:30,59.94,60.52,59.35,60.03,192222
2012-12-17 00:00:00+05:30,60.13,60.47,59.4,60.23,105226
2012-12-18 00:00:00+05:30,59.74,60.96,59.3,60.28,148463
2012-12-19 00:00:00+05:30,60.72,60.72,59.64,59.89,300704
2012-12-20 00:00:00+05:30,60.08,60.43,59.64,60.08,379861
2012-12-21 00:00:00+05:30,59.94,60.33,59.45,59.98,159854
2012-12-24 00:00:00+05:30,59.74,60.33,59.74,59.79,95010
2012-12-26 00:00:00+05:30,60.47,60.47,59.25,59.69,124741
2012-12-27 00:00:00+05:30,59.74,60.13,58.52,59.05,265256
2012-12-28 00:00:00+05:30,60.23,60.96,58.61,58.96,543414
2012-12-31 00:00:00+05:30,60.03,60.03,58.03,59.79,165744
2013-01-01 00:00:00+05:30,59.15,61.5,59.15,60.47,187720
2013-01-02 00:00:00+05:30,60.87,61.16,60.28,60.62,213090
2013-01-03 00:00:00+05:30,60.72,63.56,60.47,63.36,763549
2013-01-04 00:00:00+05:30,63.71,64.93,63.46,64.29,769869
2013-01-07 00:00:00+05:30,64.64,68.02,64.64,67.53,1553030
2013-01-08 00:00:00+05:30,67.08,67.97,65.22,65.66,368151
2013-01-09 00:00:00+05:30,65.42,66.4,64.54,65.13,307783
2013-01-10 00:00:00+05:30,65.08,66.79,62.97,63.51,441591
2013-01-11 00:00:00+05:30,64.05,64.88,63.02,64.29,316420
2013-01-14 00:00:00+05:30,64.69,65.71,63.75,64.78,437598
2013-01-15 00:00:00+05:30,65.03,65.27,64.15,64.69,155833
2013-01-16 00:00:00+05:30,65.03,65.81,63.36,63.75,222638
2013-01-17 00:00:00+05:30,64.34,66.35,63.66,65.57,833854
2013-01-18 00:00:00+05:30,65.62,67.97,65.22,65.57,1469138
2013-01-21 00:00:00+05:30,65.62,66.4,64.83,65.37,394737
2013-01-22 00:00:00+05:30,65.52,65.81,63.9,64.0,339523
2013-01-23 00:00:00+05:30,63.71,64.49,61.5,61.85,504142
2013-01-24 00:00:00+05:30,61.99,62.58,60.67,60.82,294906
2013-01-25 00:00:00+05:30,61.11,61.85,60.03,61.31,235252
2013-01-28 00:00:00+05:30,61.65,62.38,61.6,61.85,128774
2013-01-29 00:00:00+05:30,62.24,62.33,60.13,60.87,169955
2013-01-30 00:00:00+05:30,61.21,61.6,60.87,61.31,147428
2013-01-31 00:00:00+05:30,61.6,63.41,61.55,62.68,665505
2013-02-01 00:00:00+05:30,62.19,62.19,60.23,60.72,922253
2013-02-04 00:00:00+05:30,60.96,61.4,59.35,59.64,230835
2013-02-05 00:00:00+05:30,59.69,59.74,58.76,59.2,125581
2013-02-06 00:00:00+05:30,59.54,61.36,59.05,60.62,653564
2013-02-07 00:00:00+05:30,60.67,61.16,57.83,58.03,463775
2013-02-08 00:00:00+05:30,58.22,58.66,56.9,57.19,357242
2013-02-11 00:00:00+05:30,57.68,58.03,56.9,57.44,148638
2013-02-12 00:00:00+05:30,57.54,59.84,57.24,59.49,292400
2013-02-13 00:00:00+05:30,59.45,59.94,58.03,59.1,296324
2013-02-14 00:00:00+05:30,59.1,59.4,56.85,57.14,155877
2013-02-15 00:00:00+05:30,68.55,68.55,56.75,58.61,252151
2013-02-18 00:00:00+05:30,58.96,59.25,57.83,58.96,188895
2013-02-19 00:00:00+05:30,58.96,59.54,58.17,58.61,100714
2013-02-20 00:00:00+05:30,58.86,60.38,58.56,58.81,406247
2013-02-21 00:00:00+05:30,58.56,58.56,57.29,57.88,111898
2013-02-22 00:00:00+05:30,57.83,58.32,56.9,57.63,105040
2013-02-25 00:00:00+05:30,58.22,58.22,56.36,57.0,455712
2013-02-26 00:00:00+05:30,57.14,57.44,55.82,56.26,121666
2013-02-27 00:00:00+05:30,56.31,57.05,55.53,56.65,115319
2013-02-28 00:00:00+05:30,57.44,59.64,56.36,57.49,455430
2013-03-01 00:00:00+05:30,59.25,59.25,54.65,56.61,522103
2013-03-04 00:00:00+05:30,57.14,57.78,55.33,55.68,206044
2013-03-05 00:00:00+05:30,55.19,56.56,55.19,55.72,223322
2013-03-06 00:00:00+05:30,56.02,57.29,55.63,55.97,160270
2013-03-07 00:00:00+05:30,55.63,56.21,54.7,54.79,281114
2013-03-08 00:00:00+05:30,55.43,56.31,54.26,54.5,395016
2013-03-11 00:00:00+05:30,54.79,55.28,53.77,53.96,321144
2013-03-12 00:00:00+05:30,54.06,54.55,52.69,52.88,552867
2013-03-13 00:00:00+05:30,52.84,53.37,52.1,52.44,185771
2013-03-14 00:00:00+05:30,52.79,52.84,50.73,51.37,982744
2013-03-15 00:00:00+05:30,51.81,52.2,51.07,51.17,285360
2013-03-18 00:00:00+05:30,50.93,52.98,50.44,52.44,613203
2013-03-19 00:00:00+05:30,53.37,55.68,50.48,50.93,363946
2013-03-20 00:00:00+05:30,51.42,51.66,50.44,51.42,324729
2013-03-21 00:00:00+05:30,51.51,51.61,50.09,50.24,171065
2013-03-22 00:00:00+05:30,50.44,50.93,48.97,49.21,153947
2013-03-25 00:00:00+05:30,49.95,50.24,47.99,48.23,1699542
2013-03-26 00:00:00+05:30,48.67,48.67,47.99,48.18,86627
2013-03-28 00:00:00+05:30,49.06,49.21,47.6,48.53,166511
2013-04-01 00:00:00+05:30,49.6,49.95,48.97,49.8,123982
2013-04-02 00:00:00+05:30,49.46,51.12,49.36,50.88,171384
2013-04-03 00:00:00+05:30,51.32,51.81,48.82,49.36,197761
2013-04-04 00:00:00+05:30,49.51,49.55,48.23,48.48,84359
2013-04-05 00:00:00+05:30,48.04,49.51,48.04,48.87,95678
2013-04-08 00:00:00+05:30,48.92,49.41,48.48,48.77,53504
2013-04-09 00:00:00+05:30,49.85,49.85,48.13,48.33,77216
2013-04-10 00:00:00+05:30,48.48,48.67,46.52,47.64,103022
2013-04-11 00:00:00+05:30,48.48,48.58,47.74,48.09,59885
2013-04-12 00:00:00+05:30,47.74,48.87,47.01,48.38,104182
2013-04-15 00:00:00+05:30,48.09,50.04,48.09,48.58,209005
2013-04-16 00:00:00+05:30,47.99,49.8,47.99,48.53,160637
2013-04-17 00:00:00+05:30,48.97,49.26,48.04,48.33,187308
2013-04-18 00:00:00+05:30,47.99,48.82,47.89,48.28,142931
2013-04-22 00:00:00+05:30,49.41,49.41,47.79,47.94,144408
2013-04-23 00:00:00+05:30,48.43,48.62,47.5,47.84,191310
2013-04-25 00:00:00+05:30,48.43,48.43,47.79,47.89,161304
2013-04-26 00:00:00+05:30,48.62,48.62,46.86,47.06,242856
2013-04-29 00:00:00+05:30,47.01,47.6,45.93,46.37,233880
2013-04-30 00:00:00+05:30,46.62,47.2,46.32,46.47,158522
2013-05-02 00:00:00+05:30,46.03,46.57,45.93,46.13,193674
2013-05-03 00:00:00+05:30,46.42,46.57,45.93,46.18,135863
2013-05-06 00:00:00+05:30,46.27,46.67,46.08,46.47,146359
2013-05-07 00:00:00+05:30,46.22,47.06,46.22,46.67,268699
2013-05-08 00:00:00+05:30,46.76,46.96,46.22,46.37,156133
2013-05-09 00:00:00+05:30,46.71,46.71,45.29,45.49,288401
2013-05-10 00:00:00+05:30,45.54,46.03,45.54,45.78,178294
2013-05-13 00:00:00+05:30,46.08,46.52,45.25,45.39,156918
2013-05-14 00:00:00+05:30,45.25,46.52,45.25,45.54,218211
2013-05-15 00:00:00+05:30,45.54,47.99,45.54,45.93,855215
2013-05-16 00:00:00+05:30,46.03,47.11,45.49,45.64,418521
2013-05-17 00:00:00+05:30,45.64,46.13,45.1,45.34,223932
2013-05-20 00:00:00+05:30,45.15,45.93,45.05,45.2,179095
2013-05-21 00:00:00+05:30,45.34,45.54,43.68,44.12,413415
2013-05-22 00:00:00+05:30,43.83,44.56,43.34,43.87,373724
2013-05-23 00:00:00+05:30,43.58,44.02,40.84,40.99,454835
2013-05-24 00:00:00+05:30,41.13,42.36,39.17,41.67,1420197
2013-05-27 00:00:00+05:30,41.62,42.31,41.18,41.87,216605
2013-05-28 00:00:00+05:30,42.6,42.7,41.92,42.41,124633
2013-05-29 00:00:00+05:30,42.5,43.04,42.21,42.41,112351
2013-05-30 00:00:00+05:30,42.11,44.27,41.92,43.53,190132
2013-05-31 00:00:00+05:30,43.09,43.53,42.11,42.36,101062
2013-06-03 00:00:00+05:30,42.11,45.44,41.33,44.02,197716
2013-06-04 00:00:00+05:30,44.07,45.0,42.9,44.56,252670
2013-06-05 00:00:00+05:30,44.07,44.76,43.68,44.22,233753
2013-06-06 00:00:00+05:30,44.02,44.76,43.43,43.73,212814
2013-06-07 00:00:00+05:30,43.09,43.87,42.6,42.9,78487
2013-06-10 00:00:00+05:30,43.09,43.97,41.08,41.23,128156
2013-06-11 00:00:00+05:30,41.18,41.48,39.86,40.01,138190
2013-06-12 00:00:00+05:30,39.96,40.89,39.27,39.47,188340
2013-06-13 00:00:00+05:30,39.17,40.15,39.17,39.57,132520
2013-06-14 00:00:00+05:30,40.1,40.5,37.46,38.39,463717
2013-06-17 00:00:00+05:30,39.12,39.47,37.85,38.49,455205
2013-06-18 00:00:00+05:30,38.39,38.93,37.75,37.9,189654
2013-06-19 00:00:00+05:30,38.19,38.19,37.26,37.7,161793
2013-06-20 00:00:00+05:30,37.21,37.61,36.48,36.92,223549
2013-06-21 00:00:00+05:30,36.73,37.7,36.58,37.02,154310
2013-06-24 00:00:00+05:30,36.24,37.31,35.84,36.04,165958
2013-06-25 00:00:00+05:30,35.31,36.04,34.37,34.52,205180
2013-06-26 00:00:00+05:30,35.06,35.11,33.79,33.93,144291
2013-06-27 00:00:00+05:30,33.4,34.13,33.3,33.44,158848
2013-06-28 00:00:00+05:30,34.28,35.75,34.28,35.26,922672
2013-07-01 00:00:00+05:30,35.35,37.07,35.35,36.92,157567
2013-07-02 00:00:00+05:30,38.1,38.1,36.77,36.97,170446
2013-07-03 00:00:00+05:30,36.97,37.02,35.5,35.75,94970
2013-07-04 00:00:00+05:30,36.48,36.48,35.55,36.14,100616
2013-07-05 00:00:00+05:30,37.07,38.19,36.38,36.73,234898
2013-07-08 00:00:00+05:30,36.28,41.92,35.79,36.68,2740039
2013-07-09 00:00:00+05:30,37.17,38.1,36.68,36.97,367285
2013-07-10 00:00:00+05:30,37.7,37.7,35.31,35.6,511646
2013-07-11 00:00:00+05:30,36.24,36.73,35.35,35.94,177907
2013-07-12 00:00:00+05:30,36.33,36.53,35.75,36.09,188930
2013-07-15 00:00:00+05:30,35.4,36.48,35.4,36.14,131559
2013-07-16 00:00:00+05:30,35.55,36.24,34.08,34.18,498047
2013-07-17 00:00:00+05:30,34.28,35.94,33.59,33.74,656980
2013-07-18 00:00:00+05:30,33.59,34.67,33.59,34.37,161340
2013-07-19 00:00:00+05:30,34.72,35.16,34.23,34.52,164393
2013-07-22 00:00:00+05:30,34.37,35.75,33.35,35.06,225541
2013-07-23 00:00:00+05:30,35.65,35.65,34.37,35.26,130153
2013-07-24 00:00:00+05:30,35.84,35.84,34.67,35.16,336597
2013-07-25 00:00:00+05:30,35.26,35.26,34.47,35.21,271835
2013-07-26 00:00:00+05:30,35.26,35.65,34.03,35.11,238368
2013-07-29 00:00:00+05:30,34.42,35.06,33.2,33.3,127773
2013-07-30 00:00:00+05:30,33.3,33.79,32.37,32.66,110617
2013-07-31 00:00:00+05:30,33.3,33.3,31.14,31.88,113741
2013-08-01 00:00:00+05:30,32.76,34.37,31.53,31.78,244626
2013-08-02 00:00:00+05:30,33.3,33.3,30.95,31.49,158877
2013-08-05 00:00:00+05:30,30.85,31.63,27.32,28.16,401936
2013-08-06 00:00:00+05:30,28.4,29.38,27.91,28.55,263104
2013-08-07 00:00:00+05:30,28.45,29.28,28.45,29.09,195044
2013-08-08 00:00:00+05:30,29.82,30.36,28.99,29.38,268353
2013-08-12 00:00:00+05:30,29.58,30.36,29.58,30.26,244031
2013-08-13 00:00:00+05:30,30.46,30.51,29.53,29.77,161937
2013-08-14 00:00:00+05:30,30.51,30.51,28.3,29.28,854654
2013-08-16 00:00:00+05:30,29.28,29.43,25.76,26.88,879795
2013-08-19 00:00:00+05:30,26.83,26.88,26.05,26.64,280922
2013-08-20 00:00:00+05:30,27.37,28.6,26.34,27.96,222528
2013-08-21 00:00:00+05:30,28.89,29.53,28.35,28.94,549594
2013-08-22 00:00:00+05:30,29.04,29.38,28.5,28.94,298785
2013-08-23 00:00:00+05:30,28.69,29.82,28.69,29.38,318490
2013-08-26 00:00:00+05:30,29.58,29.92,29.14,29.77,143363
2013-08-27 00:00:00+05:30,29.58,29.82,28.3,28.84,488775
2013-08-28 00:00:00+05:30,28.79,29.23,27.57,28.5,508132
2013-08-29 00:00:00+05:30,28.84,29.67,28.65,29.18,672104
2013-08-30 00:00:00+05:30,29.67,32.71,28.06,30.16,956926
2013-09-02 00:00:00+05:30,29.58,31.24,29.58,30.7,201160
2013-09-03 00:00:00+05:30,31.05,31.05,29.92,30.26,134217
2013-09-04 00:00:00+05:30,30.36,30.36,29.48,30.02,107234
2013-09-05 00:00:00+05:30,30.16,30.85,30.16,30.31,137991
2013-09-06 00:00:00+05:30,30.75,31.58,30.21,30.95,503127
2013-09-10 00:00:00+05:30,31.24,31.83,30.36,30.7,316031
2013-09-11 00:00:00+05:30,30.41,31.83,30.36,31.34,212154
2013-09-12 00:00:00+05:30,31.83,32.81,31.34,31.53,228483
2013-09-13 00:00:00+05:30,31.39,32.71,31.39,32.22,231323
2013-09-16 00:00:00+05:30,32.81,33.3,32.22,32.32,196163
2013-09-17 00:00:00+05:30,33.05,34.18,32.32,33.93,520631
2013-09-18 00:00:00+05:30,34.52,34.91,33.84,34.08,1241351
2013-09-19 00:00:00+05:30,35.21,35.21,34.08,34.42,420037
2013-09-20 00:00:00+05:30,34.47,34.72,33.2,33.64,721236
2013-09-23 00:00:00+05:30,33.3,34.13,32.71,33.3,155052
2013-09-24 00:00:00+05:30,33.0,33.89,32.81,33.4,1675316
2013-09-25 00:00:00+05:30,33.3,33.4,32.61,32.91,172508
2013-09-26 00:00:00+05:30,32.56,33.1,32.37,32.51,123944
2013-09-27 00:00:00+05:30,32.56,33.2,32.32,32.51,225144
2013-09-30 00:00:00+05:30,33.1,33.1,32.42,32.81,202273
2013-10-01 00:00:00+05:30,32.66,33.05,32.22,32.51,561639
2013-10-03 00:00:00+05:30,33.15,33.15,32.71,32.95,99505
2013-10-04 00:00:00+05:30,32.81,32.95,32.61,32.81,69283
2013-10-07 00:00:00+05:30,32.56,33.15,32.51,32.66,86824
2013-10-08 00:00:00+05:30,32.71,33.35,32.61,32.86,225612
2013-10-09 00:00:00+05:30,32.42,33.1,32.42,32.81,66350
2013-10-10 00:00:00+05:30,32.81,33.44,32.81,33.0,100849
2013-10-11 00:00:00+05:30,33.15,33.69,32.91,33.1,137817
2013-10-14 00:00:00+05:30,33.59,35.84,33.4,35.55,644836
2013-10-15 00:00:00+05:30,35.75,36.19,35.31,35.84,361150
2013-10-17 00:00:00+05:30,35.79,36.68,35.35,36.24,244675
2013-10-18 00:00:00+05:30,36.43,37.8,36.14,37.31,445023
2013-10-21 00:00:00+05:30,37.31,39.17,37.17,38.83,376821
2013-10-22 00:00:00+05:30,39.61,42.6,39.42,40.89,1808002
2013-10-23 00:00:00+05:30,41.08,41.08,38.88,39.52,362424
2013-10-24 00:00:00+05:30,39.66,40.4,38.44,38.73,258783
2013-10-25 00:00:00+05:30,38.78,38.88,37.95,38.15,139769
2013-10-28 00:00:00+05:30,37.7,39.03,37.7,38.73,330152
2013-10-29 00:00:00+05:30,38.68,41.13,38.0,40.4,829816
2013-10-30 00:00:00+05:30,40.15,40.15,38.68,38.98,233806
2013-10-31 00:00:00+05:30,38.68,39.76,38.68,39.42,184324
2013-11-01 00:00:00+05:30,39.42,39.71,38.93,39.22,159382
2013-11-05 00:00:00+05:30,39.27,40.05,38.83,39.08,677635
2013-11-06 00:00:00+05:30,39.17,40.05,39.17,39.57,315421
2013-11-07 00:00:00+05:30,39.66,42.31,39.08,41.33,891992
2013-11-08 00:00:00+05:30,41.18,42.11,40.2,40.79,422437
2013-11-11 00:00:00+05:30,40.54,40.59,38.63,39.12,148846
2013-11-12 00:00:00+05:30,39.17,39.37,38.19,38.34,112203
2013-11-13 00:00:00+05:30,38.29,38.29,37.31,37.46,125898
2013-11-14 00:00:00+05:30,37.41,38.68,37.31,37.7,90452
2013-11-18 00:00:00+05:30,37.75,40.94,37.75,40.64,389016
2013-11-19 00:00:00+05:30,41.13,43.09,40.89,42.75,1436407
2013-11-20 00:00:00+05:30,43.04,43.97,39.81,41.23,504392
2013-11-21 00:00:00+05:30,41.13,41.77,39.96,40.2,194272
2013-11-22 00:00:00+05:30,40.89,41.62,38.73,39.57,188452
2013-11-25 00:00:00+05:30,42.6,43.58,41.62,41.96,1523282
2013-11-26 00:00:00+05:30,42.36,42.45,41.13,41.52,430165
2013-11-27 00:00:00+05:30,41.23,42.36,40.25,42.06,543899
2013-11-28 00:00:00+05:30,41.92,42.21,40.89,41.03,176533
2013-11-29 00:00:00+05:30,41.13,42.41,40.64,41.08,166230
2013-12-02 00:00:00+05:30,41.87,42.7,40.69,41.08,365428
2013-12-03 00:00:00+05:30,41.38,41.48,40.15,40.3,199700
2013-12-04 00:00:00+05:30,40.15,40.99,40.15,40.3,145227
2013-12-05 00:00:00+05:30,40.69,41.48,39.91,40.1,218546
2013-12-06 00:00:00+05:30,40.1,41.96,40.05,41.67,364701
2013-12-09 00:00:00+05:30,43.09,43.58,40.54,41.13,893765
2013-12-10 00:00:00+05:30,41.57,41.57,39.52,40.2,382743
2013-12-11 00:00:00+05:30,40.54,40.54,39.27,39.61,190789
2013-12-12 00:00:00+05:30,39.66,40.54,39.22,40.2,200702
2013-12-13 00:00:00+05:30,40.2,40.2,39.17,39.22,161644
2013-12-16 00:00:00+05:30,39.17,39.66,38.78,39.17,130089
2013-12-17 00:00:00+05:30,39.27,39.61,38.19,38.68,149448
2013-12-18 00:00:00+05:30,38.49,40.45,38.49,40.3,351388
2013-12-19 00:00:00+05:30,40.25,41.52,39.71,40.45,358735
2013-12-20 00:00:00+05:30,40.4,41.33,40.4,41.08,252873
2013-12-23 00:00:00+05:30,41.13,41.38,40.4,40.69,154747
2013-12-24 00:00:00+05:30,41.13,41.67,40.4,41.23,226066
2013-12-26 00:00:00+05:30,42.75,44.02,41.72,42.26,1591286
2013-12-27 00:00:00+05:30,42.26,42.6,41.43,41.57,246213
2013-12-30 00:00:00+05:30,42.5,42.5,40.69,40.94,233166
2013-12-31 00:00:00+05:30,41.13,41.96,40.54,41.57,335103
2014-01-01 00:00:00+05:30,42.06,42.94,41.87,42.7,507788
2014-01-02 00:00:00+05:30,42.75,43.14,41.62,41.87,440998
2014-01-03 00:00:00+05:30,41.92,41.96,41.13,41.72,268059
2014-01-06 00:00:00+05:30,42.11,42.85,41.92,42.7,346251
2014-01-07 00:00:00+05:30,42.5,42.99,41.13,42.26,325052
2014-01-08 00:00:00+05:30,42.11,42.9,41.72,42.16,189692
2014-01-09 00:00:00+05:30,42.11,44.36,41.33,43.83,731047
2014-01-10 00:00:00+05:30,44.07,44.07,42.01,42.26,755872
2014-01-13 00:00:00+05:30,42.7,43.04,42.01,42.41,192467
2014-01-14 00:00:00+05:30,42.45,43.04,42.11,42.21,141756
2014-01-15 00:00:00+05:30,42.6,43.29,42.21,43.04,317690
2014-01-16 00:00:00+05:30,42.94,44.17,42.7,42.9,528969
2014-01-17 00:00:00+05:30,43.09,43.09,41.57,42.01,161485
2014-01-20 00:00:00+05:30,42.11,42.45,41.43,41.62,124676
2014-01-21 00:00:00+05:30,42.01,42.31,41.52,41.96,95439
2014-01-22 00:00:00+05:30,41.33,42.75,41.33,42.6,177598
2014-01-23 00:00:00+05:30,42.21,42.9,42.16,42.65,101506
2014-01-24 00:00:00+05:30,42.94,42.94,41.38,41.52,99650
2014-01-27 00:00:00+05:30,41.13,41.18,39.27,39.61,143325
2014-01-28 00:00:00+05:30,39.61,40.59,39.57,39.91,135566
2014-01-29 00:00:00+05:30,40.15,41.03,39.71,39.86,129590
2014-01-30 00:00:00+05:30,39.37,40.01,39.22,39.42,64169
2014-01-31 00:00:00+05:30,39.37,42.26,39.37,41.72,223368
2014-02-03 00:00:00+05:30,43.63,43.97,42.21,42.41,865398
2014-02-04 00:00:00+05:30,41.77,42.6,41.23,41.62,207085
2014-02-05 00:00:00+05:30,41.28,42.99,41.28,42.26,262143
2014-02-06 00:00:00+05:30,42.26,43.43,42.21,43.04,347096
2014-02-07 00:00:00+05:30,43.09,43.53,42.6,42.99,274978
2014-02-10 00:00:00+05:30,42.7,42.7,41.13,41.96,375329
2014-02-11 00:00:00+05:30,41.82,41.82,40.01,40.3,294769
2014-02-12 00:00:00+05:30,40.3,41.08,39.96,40.05,135687
2014-02-13 00:00:00+05:30,39.91,40.5,39.47,39.57,118579
2014-02-14 00:00:00+05:30,39.37,40.15,39.22,39.61,97337
2014-02-17 00:00:00+05:30,39.61,40.15,38.83,39.03,84480
2014-02-18 00:00:00+05:30,39.32,39.47,38.29,38.93,222087
2014-02-19 00:00:00+05:30,38.59,39.27,38.05,38.34,168872
2014-02-20 00:00:00+05:30,38.0,39.37,38.0,39.12,133817
2014-02-21 00:00:00+05:30,39.17,39.66,38.73,39.12,82453
2014-02-24 00:00:00+05:30,38.44,39.03,37.36,37.85,170321
2014-02-25 00:00:00+05:30,38.15,38.39,37.75,37.95,99462
2014-02-26 00:00:00+05:30,38.0,38.24,37.56,37.75,89979
2014-02-28 00:00:00+05:30,37.26,38.15,37.26,37.51,107064
2014-03-03 00:00:00+05:30,37.21,38.29,37.21,37.56,85116
2014-03-04 00:00:00+05:30,37.56,38.05,37.51,37.95,78913
2014-03-05 00:00:00+05:30,38.63,39.47,37.9,39.27,240639
2014-03-06 00:00:00+05:30,38.98,40.69,38.98,40.45,241039
2014-03-07 00:00:00+05:30,40.15,41.13,40.05,40.59,232949
2014-03-10 00:00:00+05:30,40.25,40.74,39.81,40.15,108145
2014-03-11 00:00:00+05:30,39.71,40.94,39.71,40.79,196529
2014-03-12 00:00:00+05:30,40.25,40.64,39.86,40.15,80401
2014-03-13 00:00:00+05:30,40.15,42.31,40.05,41.57,514323
2014-03-14 00:00:00+05:30,40.35,41.92,40.25,40.94,124844
2014-03-18 00:00:00+05:30,40.45,41.96,40.45,41.62,185803
2014-03-19 00:00:00+05:30,41.38,42.8,41.23,42.6,296597
2014-03-20 00:00:00+05:30,41.92,42.8,41.03,42.45,213654
2014-03-21 00:00:00+05:30,41.18,42.8,40.64,40.89,160900
2014-03-24 00:00:00+05:30,41.13,43.09,40.94,42.7,366205
2014-03-25 00:00:00+05:30,43.09,43.09,40.89,42.36,664211
2014-03-26 00:00:00+05:30,42.75,43.09,42.31,42.8,318779
2014-03-27 00:00:00+05:30,42.11,44.07,42.11,43.78,453119
2014-03-28 00:00:00+05:30,43.09,44.02,43.09,43.73,190735
2014-03-31 00:00:00+05:30,44.17,47.6,44.17,46.71,1173756
2014-04-01 00:00:00+05:30,46.32,47.01,46.03,46.27,228768
2014-04-02 00:00:00+05:30,46.18,47.45,46.18,46.52,212187
2014-04-03 00:00:00+05:30,46.13,47.01,45.54,45.69,207861
2014-04-04 00:00:00+05:30,45.54,47.64,45.54,46.42,393450
2014-04-07 00:00:00+05:30,47.01,47.01,46.03,46.13,158456
2014-04-09 00:00:00+05:30,46.13,48.77,46.13,47.99,743708
2014-04-10 00:00:00+05:30,48.58,50.04,47.2,49.36,939119
2014-04-11 00:00:00+05:30,48.77,51.81,48.67,51.17,778923
2014-04-15 00:00:00+05:30,51.17,51.9,50.53,50.93,315205
2014-04-16 00:00:00+05:30,50.83,51.27,49.95,50.24,240248
2014-04-17 00:00:00+05:30,50.0,52.0,50.0,51.17,294991
2014-04-21 00:00:00+05:30,51.81,53.28,51.66,52.88,509076
2014-04-22 00:00:00+05:30,52.59,54.35,52.05,53.96,410027
2014-04-23 00:00:00+05:30,53.18,64.39,53.18,62.87,4854736
2014-04-25 00:00:00+05:30,62.09,62.09,57.88,58.37,2469147
2014-04-28 00:00:00+05:30,58.12,62.09,57.39,60.28,2108939
2014-04-29 00:00:00+05:30,59.4,61.6,58.81,59.79,763609
2014-04-30 00:00:00+05:30,59.64,60.43,56.8,58.47,591655
2014-05-02 00:00:00+05:30,57.88,59.45,57.1,58.37,805112
2014-05-05 00:00:00+05:30,58.07,61.4,57.93,58.86,884872
2014-05-06 00:00:00+05:30,59.35,59.94,57.93,58.37,378809
2014-05-07 00:00:00+05:30,58.37,59.25,56.02,56.7,283194
2014-05-08 00:00:00+05:30,56.36,57.49,54.4,54.65,259444
2014-05-09 00:00:00+05:30,55.04,57.29,54.11,55.82,455008
2014-05-12 00:00:00+05:30,55.33,57.78,55.33,56.36,567164
2014-05-13 00:00:00+05:30,56.8,59.25,56.61,56.8,609932
2014-05-14 00:00:00+05:30,56.8,57.78,56.31,56.85,383751
2014-05-15 00:00:00+05:30,56.51,58.03,56.51,57.34,396606
2014-05-16 00:00:00+05:30,59.54,60.96,57.29,58.71,1099165
2014-05-19 00:00:00+05:30,58.76,62.92,58.76,62.14,1330508
2014-05-20 00:00:00+05:30,63.66,67.57,63.66,66.3,1384543
2014-05-21 00:00:00+05:30,71.44,79.13,70.51,73.5,6128890
2014-05-22 00:00:00+05:30,75.12,75.41,71.54,71.79,1329466
2014-05-23 00:00:00+05:30,72.86,74.14,70.9,71.2,1138140
2014-05-26 00:00:00+05:30,71.54,73.3,66.15,68.41,1332610
2014-05-27 00:00:00+05:30,69.04,69.04,65.37,66.69,649917
2014-05-28 00:00:00+05:30,67.48,67.48,65.76,66.2,467123
2014-05-29 00:00:00+05:30,66.6,67.04,65.32,65.57,411278
2014-05-30 00:00:00+05:30,64.98,66.5,64.98,65.52,497266
2014-06-02 00:00:00+05:30,65.13,71.0,65.13,70.12,1462706
2014-06-03 00:00:00+05:30,69.63,70.95,68.85,69.44,824461
2014-06-04 00:00:00+05:30,69.58,72.18,69.04,70.76,1720997
2014-06-05 00:00:00+05:30,74.23,74.82,71.3,72.03,3207294
2014-06-06 00:00:00+05:30,72.96,74.77,72.47,73.01,2175271
2014-06-09 00:00:00+05:30,73.5,74.72,72.62,73.55,1444676
2014-06-10 00:00:00+05:30,73.01,73.45,70.81,71.1,1645470
2014-06-11 00:00:00+05:30,71.44,72.08,69.48,70.07,1106394
2014-06-12 00:00:00+05:30,70.07,70.41,67.62,68.11,818285
2014-06-13 00:00:00+05:30,68.36,70.76,63.66,64.24,1549453
2014-06-16 00:00:00+05:30,63.56,63.9,61.99,63.12,767598
2014-06-17 00:00:00+05:30,63.46,65.76,62.92,65.27,678783
2014-06-18 00:00:00+05:30,65.13,67.38,64.15,65.08,666587
2014-06-19 00:00:00+05:30,64.44,66.3,63.71,64.24,401424
2014-06-20 00:00:00+05:30,63.71,66.06,63.71,64.98,546074
2014-06-23 00:00:00+05:30,64.34,69.29,64.34,68.75,1276617
2014-06-24 00:00:00+05:30,68.75,70.51,68.06,69.88,1177474
2014-06-25 00:00:00+05:30,69.92,70.32,68.95,69.24,641061
2014-06-26 00:00:00+05:30,67.97,68.8,66.25,67.18,701622
2014-06-27 00:00:00+05:30,67.23,68.75,67.23,67.62,382774
2014-06-30 00:00:00+05:30,68.26,72.13,67.08,70.56,1196389
2014-07-01 00:00:00+05:30,72.32,73.35,71.64,73.06,1780469
2014-07-02 00:00:00+05:30,72.81,73.7,71.98,73.21,1184352
2014-07-03 00:00:00+05:30,72.76,74.04,70.51,71.15,486956
2014-07-04 00:00:00+05:30,71.0,72.47,70.51,71.1,389122
2014-07-07 00:00:00+05:30,71.1,71.98,70.02,70.46,298116
2014-07-08 00:00:00+05:30,70.51,70.95,65.62,66.55,404664
2014-07-09 00:00:00+05:30,66.79,67.28,63.85,64.78,466690
2014-07-10 00:00:00+05:30,64.15,68.02,64.15,66.45,453672
2014-07-11 00:00:00+05:30,65.81,68.31,64.34,64.78,341523
2014-07-14 00:00:00+05:30,64.64,67.57,64.64,65.18,460085
2014-07-15 00:00:00+05:30,66.11,67.13,64.98,65.27,346699
2014-07-16 00:00:00+05:30,66.5,68.06,65.62,67.23,632470
2014-07-17 00:00:00+05:30,69.48,71.0,68.65,69.09,2451482
2014-07-18 00:00:00+05:30,68.55,68.9,67.43,68.11,548883
2014-07-21 00:00:00+05:30,68.41,69.04,67.72,67.97,240028
2014-07-22 00:00:00+05:30,68.16,68.55,67.67,67.87,349000
2014-07-23 00:00:00+05:30,68.02,68.36,66.84,67.08,286246
2014-07-24 00:00:00+05:30,67.33,67.33,66.2,66.45,245597
2014-07-25 00:00:00+05:30,66.6,66.69,64.49,64.78,266156
2014-07-28 00:00:00+05:30,64.15,65.13,63.75,64.59,223492
2014-07-30 00:00:00+05:30,64.15,65.71,63.22,64.2,180735
2014-07-31 00:00:00+05:30,63.66,65.13,63.56,63.66,332196
2014-08-01 00:00:00+05:30,63.07,63.61,62.63,63.22,218761
2014-08-04 00:00:00+05:30,62.68,64.44,62.24,63.71,217565
2014-08-05 00:00:00+05:30,63.71,65.13,63.71,64.93,226539
2014-08-06 00:00:00+05:30,64.34,66.3,64.34,65.13,252512
2014-08-07 00:00:00+05:30,64.93,66.99,62.97,63.31,565013
2014-08-08 00:00:00+05:30,62.68,63.07,61.26,61.94,272893
2014-08-11 00:00:00+05:30,62.19,63.56,62.19,63.02,371256
2014-08-12 00:00:00+05:30,61.55,62.19,59.4,60.08,785456
2014-08-13 00:00:00+05:30,59.25,61.31,57.93,59.05,499584
2014-08-14 00:00:00+05:30,59.01,59.74,57.39,58.42,276871
2014-08-18 00:00:00+05:30,58.27,61.16,58.27,60.62,363276
2014-08-19 00:00:00+05:30,60.77,64.88,60.77,63.9,1166627
2014-08-20 00:00:00+05:30,64.39,64.88,63.27,63.75,520938
2014-08-21 00:00:00+05:30,63.85,64.98,62.09,62.53,830545
2014-08-22 00:00:00+05:30,63.12,63.12,60.96,61.21,467657
2014-08-25 00:00:00+05:30,61.89,61.99,59.84,60.38,296084
2014-08-26 00:00:00+05:30,60.91,60.91,59.35,59.59,177631
2014-08-27 00:00:00+05:30,59.94,61.21,59.35,59.74,328843
2014-08-28 00:00:00+05:30,59.74,60.87,59.74,60.28,283769
2014-09-01 00:00:00+05:30,60.47,61.21,60.23,60.52,366225
2014-09-02 00:00:00+05:30,60.57,61.7,60.47,60.62,569711
2014-09-03 00:00:00+05:30,61.21,62.09,60.62,60.72,1726910
2014-09-04 00:00:00+05:30,60.82,62.38,59.89,61.4,789228
2014-09-05 00:00:00+05:30,60.87,63.56,60.87,62.82,726219
2014-09-08 00:00:00+05:30,62.92,65.62,62.78,65.18,1036211
2014-09-09 00:00:00+05:30,65.57,66.94,64.15,64.29,979890
2014-09-10 00:00:00+05:30,64.15,64.15,62.19,62.63,456034
2014-09-11 00:00:00+05:30,62.92,65.22,62.73,63.22,1359791
2014-09-12 00:00:00+05:30,63.71,64.15,61.8,62.68,2058440
2014-09-15 00:00:00+05:30,63.12,65.42,62.73,63.31,1222879
2014-09-16 00:00:00+05:30,63.85,63.9,61.8,62.53,1913132
2014-09-17 00:00:00+05:30,62.19,62.97,60.72,61.4,361813
2014-09-18 00:00:00+05:30,60.87,63.07,60.62,61.7,3227433
2014-09-19 00:00:00+05:30,62.14,63.17,59.98,60.77,2702819
2014-09-22 00:00:00+05:30,60.23,62.53,60.03,61.7,1719885
2014-09-23 00:00:00+05:30,62.09,63.41,61.7,62.73,1722361
2014-09-24 00:00:00+05:30,62.92,64.0,60.82,61.7,815004
2014-09-25 00:00:00+05:30,61.7,62.19,58.61,60.03,724665
2014-09-26 00:00:00+05:30,59.94,62.63,58.81,59.89,441617
2014-09-29 00:00:00+05:30,59.64,60.62,59.25,60.23,278275
2014-09-30 00:00:00+05:30,59.94,61.16,59.94,60.28,263686
2014-10-01 00:00:00+05:30,59.89,60.91,59.25,59.64,188355
2014-10-07 00:00:00+05:30,59.05,60.08,58.56,58.86,188092
2014-10-08 00:00:00+05:30,58.27,62.04,57.98,61.75,945425
2014-10-09 00:00:00+05:30,62.58,62.97,60.72,60.96,1188789
2014-10-10 00:00:00+05:30,60.23,60.96,59.64,59.84,354461
2014-10-13 00:00:00+05:30,58.52,60.62,58.27,59.1,433291
2014-10-14 00:00:00+05:30,59.25,60.03,58.81,58.96,318846
2014-10-16 00:00:00+05:30,58.37,59.01,58.27,58.42,658759
2014-10-17 00:00:00+05:30,58.76,59.94,57.29,57.49,281979
2014-10-20 00:00:00+05:30,58.91,60.23,56.8,57.14,736559
2014-10-21 00:00:00+05:30,57.59,58.27,56.95,57.39,239665
2014-10-22 00:00:00+05:30,58.12,58.17,57.29,57.59,239895
2014-10-23 00:00:00+05:30,58.27,58.56,58.07,58.32,91495
2014-10-27 00:00:00+05:30,58.47,58.86,57.1,57.34,162807
2014-10-28 00:00:00+05:30,57.39,57.73,56.85,57.39,187250
2014-10-29 00:00:00+05:30,57.49,57.83,57.1,57.68,204683
2014-10-30 00:00:00+05:30,57.1,57.88,57.1,57.39,174785
2014-10-31 00:00:00+05:30,57.44,58.52,57.39,57.59,432862
2014-11-03 00:00:00+05:30,57.63,58.56,57.63,57.98,440217
2014-11-05 00:00:00+05:30,58.22,58.76,57.49,57.54,469533
2014-11-07 00:00:00+05:30,57.98,60.18,57.0,59.64,2083303
2014-11-10 00:00:00+05:30,60.52,63.61,60.23,62.43,5003925
2014-11-11 00:00:00+05:30,63.02,63.02,60.47,60.77,775973
2014-11-12 00:00:00+05:30,60.91,61.4,60.33,60.57,618145
2014-11-13 00:00:00+05:30,60.52,61.11,56.9,58.42,2725168
2014-11-14 00:00:00+05:30,57.78,57.78,55.92,56.07,841207
2014-11-17 00:00:00+05:30,56.51,57.14,56.02,56.17,390915
2014-11-18 00:00:00+05:30,56.51,57.05,56.02,56.12,250735
2014-11-19 00:00:00+05:30,56.31,56.56,54.65,54.7,400097
2014-11-20 00:00:00+05:30,54.75,55.14,53.28,53.37,296093
2014-11-21 00:00:00+05:30,53.86,54.55,52.98,53.08,244055
2014-11-24 00:00:00+05:30,53.08,53.62,52.1,52.39,252365
2014-11-25 00:00:00+05:30,52.1,52.44,50.14,50.44,321315
2014-11-26 00:00:00+05:30,49.95,51.61,49.95,50.24,348232
2014-11-27 00:00:00+05:30,50.14,50.88,49.02,50.58,260024
2014-11-28 00:00:00+05:30,51.17,54.45,51.17,53.86,1225742
2014-12-01 00:00:00+05:30,53.86,54.79,51.32,51.86,340943
2014-12-02 00:00:00+05:30,51.32,53.37,51.32,53.03,317229
2014-12-03 00:00:00+05:30,53.13,54.35,52.49,53.03,410985
2014-12-04 00:00:00+05:30,52.98,54.06,52.93,53.28,235645
2014-12-05 00:00:00+05:30,53.37,53.86,52.3,52.54,191719
2014-12-08 00:00:00+05:30,53.77,54.45,51.9,52.05,332534
2014-12-09 00:00:00+05:30,52.0,52.79,49.7,50.63,235804
2014-12-10 00:00:00+05:30,50.73,51.12,50.34,50.83,150164
2014-12-11 00:00:00+05:30,51.42,51.42,49.51,49.75,179650
2014-12-12 00:00:00+05:30,48.28,49.65,47.3,47.94,308359
2014-12-15 00:00:00+05:30,47.45,47.79,46.32,46.52,220058
2014-12-16 00:00:00+05:30,46.52,46.76,44.61,44.76,291491
2014-12-17 00:00:00+05:30,44.85,45.49,44.17,44.85,270171
2014-12-18 00:00:00+05:30,45.49,46.37,45.29,46.08,201940
2014-12-19 00:00:00+05:30,46.81,49.46,46.67,47.25,588448
2014-12-22 00:00:00+05:30,47.06,47.64,45.83,46.91,248589
2014-12-23 00:00:00+05:30,46.62,47.3,46.32,46.67,115762
2014-12-24 00:00:00+05:30,46.76,46.96,45.64,46.08,135159
2014-12-26 00:00:00+05:30,46.03,46.86,45.74,46.03,100907
2014-12-29 00:00:00+05:30,45.64,47.01,45.64,46.08,230604
2014-12-30 00:00:00+05:30,46.18,46.62,45.83,46.08,133285
2014-12-31 00:00:00+05:30,46.27,46.76,45.93,46.08,159565
2015-01-01 00:00:00+05:30,46.27,47.5,46.08,46.86,298211
2015-01-02 00:00:00+05:30,46.62,48.28,46.62,47.45,292873
2015-01-05 00:00:00+05:30,47.25,48.48,47.25,47.74,196563
2015-01-06 00:00:00+05:30,47.79,47.79,45.93,46.03,159594
2015-01-07 00:00:00+05:30,45.59,46.62,45.1,45.34,150332
2015-01-08 00:00:00+05:30,45.64,47.11,45.64,46.96,221668
2015-01-09 00:00:00+05:30,47.3,50.24,46.52,49.26,822317
2015-01-12 00:00:00+05:30,48.97,49.75,47.94,48.33,243824
2015-01-13 00:00:00+05:30,48.53,48.62,47.01,47.16,153486
2015-01-14 00:00:00+05:30,47.89,47.89,45.59,45.98,214656
2015-01-15 00:00:00+05:30,46.81,47.2,46.18,46.52,199724
2015-01-16 00:00:00+05:30,46.62,46.86,46.03,46.08,127567
2015-01-19 00:00:00+05:30,46.03,46.91,46.03,46.62,162907
2015-01-20 00:00:00+05:30,46.52,46.81,46.08,46.27,151762
2015-01-21 00:00:00+05:30,46.32,50.63,46.32,47.94,1596548
2015-01-22 00:00:00+05:30,48.38,48.38,46.81,47.06,279504
2015-01-23 00:00:00+05:30,47.11,50.04,46.81,49.46,930999
2015-01-27 00:00:00+05:30,51.12,51.86,50.09,50.53,1343782
2015-01-28 00:00:00+05:30,50.34,52.25,49.36,51.81,759753
2015-01-29 00:00:00+05:30,51.81,56.8,50.93,56.12,2642029
2015-01-30 00:00:00+05:30,57.73,58.22,55.14,57.83,1705119
2015-02-02 00:00:00+05:30,57.39,57.59,55.09,55.53,396949
2015-02-03 00:00:00+05:30,55.82,56.02,53.37,53.67,285459
2015-02-04 00:00:00+05:30,54.4,57.19,54.26,54.84,603862
2015-02-05 00:00:00+05:30,54.84,55.72,52.3,52.64,339031
2015-02-06 00:00:00+05:30,52.69,53.86,52.25,52.88,322139
2015-02-09 00:00:00+05:30,52.59,54.11,51.61,53.23,298938
2015-02-10 00:00:00+05:30,53.91,55.72,53.67,54.26,613405
2015-02-11 00:00:00+05:30,55.23,55.38,53.08,53.37,343012
2015-02-12 00:00:00+05:30,54.3,54.35,52.49,52.88,190257
2015-02-13 00:00:00+05:30,53.77,59.74,52.0,57.73,4164452
2015-02-16 00:00:00+05:30,56.02,56.02,54.06,55.09,1263035
2015-02-18 00:00:00+05:30,55.92,60.62,55.19,60.08,2171648
2015-02-19 00:00:00+05:30,60.62,63.07,59.98,62.04,1638346
2015-02-20 00:00:00+05:30,61.45,62.58,60.72,61.89,809780
2015-02-23 00:00:00+05:30,61.99,64.15,61.75,63.61,1275339
2015-02-24 00:00:00+05:30,63.75,64.1,62.19,63.66,1200957
2015-02-25 00:00:00+05:30,63.8,64.54,61.21,61.99,482710
2015-02-26 00:00:00+05:30,61.7,62.29,60.72,61.06,769855
2015-02-27 00:00:00+05:30,61.45,63.41,61.16,61.65,544052
2015-03-02 00:00:00+05:30,62.19,62.19,61.01,61.75,333012
2015-03-03 00:00:00+05:30,60.82,62.82,60.82,61.99,844808
2015-03-04 00:00:00+05:30,62.73,64.15,62.73,63.46,800817
2015-03-05 00:00:00+05:30,63.46,67.57,63.46,66.84,1622690
2015-03-09 00:00:00+05:30,66.06,67.38,65.08,66.35,522364
2015-03-10 00:00:00+05:30,65.91,68.36,65.91,67.57,575949
2015-03-11 00:00:00+05:30,66.6,68.4,65.76,66.68,534685
2015-03-12 00:00:00+05:30,66.64,67.82,64.97,65.62,332792
2015-03-13 00:00:00+05:30,66.19,66.4,62.38,62.68,318970
2015-03-16 00:00:00+05:30,62.68,63.12,61.11,62.33,253241
2015-03-17 00:00:00+05:30,63.01,63.56,61.8,62.92,147901
2015-03-18 00:00:00+05:30,63.41,65.46,62.33,64.69,379292
2015-03-19 00:00:00+05:30,65.32,65.91,63.26,65.13,349137
2015-03-20 00:00:00+05:30,64.23,68.21,63.9,64.93,1689671
2015-03-23 00:00:00+05:30,65.03,66.6,61.7,62.29,148313
2015-03-24 00:00:00+05:30,61.85,63.85,61.7,61.94,204380
2015-03-25 00:00:00+05:30,62.38,63.5,61.94,63.07,213147
2015-03-26 00:00:00+05:30,62.33,63.17,62.04,62.73,132755
2015-03-27 00:00:00+05:30,63.41,65.57,62.82,63.61,389157
2015-03-30 00:00:00+05:30,63.22,66.11,63.22,65.91,265448
2015-03-31 00:00:00+05:30,66.19,67.82,65.62,66.01,753272
2015-04-01 00:00:00+05:30,66.35,69.44,66.19,69.04,862514
2015-04-06 00:00:00+05:30,69.48,72.07,69.34,70.56,854434
2015-04-07 00:00:00+05:30,70.76,71.98,70.22,71.58,558906
2015-04-08 00:00:00+05:30,71.58,72.42,70.27,71.09,288057
2015-04-09 00:00:00+05:30,71.0,74.23,70.17,70.76,1041265
2015-04-10 00:00:00+05:30,70.71,73.25,70.71,72.37,564709
2015-04-13 00:00:00+05:30,72.42,73.35,71.39,71.74,565725
2015-04-15 00:00:00+05:30,71.88,72.67,67.91,69.44,375001
2015-04-16 00:00:00+05:30,69.53,71.49,67.66,70.46,274971
2015-04-17 00:00:00+05:30,70.51,73.11,70.22,72.8,1616817
2015-04-20 00:00:00+05:30,73.5,74.63,72.52,73.05,1450859
2015-04-21 00:00:00+05:30,72.47,73.99,72.07,72.62,366229
2015-04-22 00:00:00+05:30,72.18,73.25,69.83,70.95,298130
2015-04-23 00:00:00+05:30,71.49,72.18,70.56,71.09,265243
2015-04-24 00:00:00+05:30,71.49,71.79,68.8,69.38,226444
2015-04-27 00:00:00+05:30,71.09,71.09,65.7,66.25,212499
2015-04-28 00:00:00+05:30,65.66,69.04,65.66,68.11,707705
2015-04-29 00:00:00+05:30,68.55,69.04,67.72,68.06,212766
2015-04-30 00:00:00+05:30,67.53,70.71,67.53,68.5,325627
2015-05-04 00:00:00+05:30,68.06,70.9,68.06,68.8,293333
2015-05-05 00:00:00+05:30,69.53,70.32,68.5,69.29,864113
2015-05-06 00:00:00+05:30,68.64,69.92,66.5,66.74,144435
2015-05-07 00:00:00+05:30,66.11,69.04,65.37,68.55,301158
2015-05-08 00:00:00+05:30,68.21,69.97,67.57,67.97,212936
2015-05-11 00:00:00+05:30,68.55,69.04,67.62,68.11,108583
2015-05-12 00:00:00+05:30,67.97,68.02,63.95,65.18,241063
2015-05-13 00:00:00+05:30,65.86,66.99,65.08,66.15,137170
2015-05-14 00:00:00+05:30,66.99,67.82,65.81,67.42,99168
2015-05-15 00:00:00+05:30,66.01,70.51,66.01,70.11,1303002
2015-05-18 00:00:00+05:30,70.51,70.51,67.87,68.46,154356
2015-05-19 00:00:00+05:30,68.6,69.44,67.72,67.97,135921
2015-05-20 00:00:00+05:30,68.02,69.44,67.62,68.15,98086
2015-05-21 00:00:00+05:30,68.55,68.8,66.5,67.08,129619
2015-05-22 00:00:00+05:30,67.53,68.4,66.6,66.79,232896
2015-05-25 00:00:00+05:30,70.02,70.51,65.81,67.53,4936962
2015-05-26 00:00:00+05:30,67.97,69.34,64.78,65.66,564353
2015-05-27 00:00:00+05:30,65.37,66.6,64.23,65.62,343354
2015-05-28 00:00:00+05:30,66.55,67.08,65.21,66.64,330473
2015-05-29 00:00:00+05:30,66.89,69.83,66.89,69.04,1048943
2015-06-01 00:00:00+05:30,69.04,71.69,68.8,69.53,577014
2015-06-02 00:00:00+05:30,68.64,69.62,64.64,65.66,1006060
2015-06-03 00:00:00+05:30,65.62,66.06,64.23,65.03,355324
2015-06-04 00:00:00+05:30,67.53,67.53,64.1,65.03,359150
2015-06-05 00:00:00+05:30,65.57,65.57,64.23,64.48,333239
2015-06-08 00:00:00+05:30,63.41,64.59,63.07,64.2,719027
2015-06-09 00:00:00+05:30,64.15,64.59,63.66,64.29,208768
2015-06-10 00:00:00+05:30,63.9,68.06,63.9,65.32,672514
2015-06-11 00:00:00+05:30,65.7,67.87,64.59,64.72,558772
2015-06-12 00:00:00+05:30,64.64,73.45,64.64,70.02,4010982
2015-06-15 00:00:00+05:30,69.29,70.51,67.23,68.5,1278112
2015-06-16 00:00:00+05:30,68.55,72.47,68.55,70.66,1801787
2015-06-17 00:00:00+05:30,71.09,75.31,71.0,72.86,3918232
2015-06-18 00:00:00+05:30,73.25,76.23,72.96,74.52,3179437
2015-06-19 00:00:00+05:30,74.72,75.6,72.52,73.01,1006990
2015-06-22 00:00:00+05:30,73.35,75.01,72.62,72.96,926600
2015-06-23 00:00:00+05:30,73.35,74.18,71.44,72.56,1922647
2015-06-24 00:00:00+05:30,72.42,73.45,70.51,70.9,1143332
2015-06-25 00:00:00+05:30,70.56,70.95,69.24,69.58,602409
2015-06-26 00:00:00+05:30,69.53,70.27,68.55,68.64,573779
2015-06-29 00:00:00+05:30,67.53,71.49,65.62,70.81,1245701
2015-06-30 00:00:00+05:30,71.0,75.8,70.32,73.5,5323774
2015-07-01 00:00:00+05:30,73.84,75.12,72.47,73.16,1096379
2015-07-02 00:00:00+05:30,73.65,75.7,72.86,73.45,1519884
2015-07-03 00:00:00+05:30,73.7,74.87,71.93,72.37,1166967
2015-07-06 00:00:00+05:30,71.69,74.23,71.15,73.45,1255444
2015-07-07 00:00:00+05:30,73.78,75.7,73.16,74.72,2360044
2015-07-08 00:00:00+05:30,74.72,78.25,73.11,73.84,5554342
2015-07-09 00:00:00+05:30,75.41,75.85,70.76,71.34,2170057
2015-07-10 00:00:00+05:30,72.47,74.03,71.74,72.23,1406213
2015-07-13 00:00:00+05:30,72.67,73.84,72.28,72.91,1372981
2015-07-14 00:00:00+05:30,73.4,79.23,71.69,77.37,11801587
2015-07-15 00:00:00+05:30,76.14,76.44,73.5,73.99,5041170
2015-07-16 00:00:00+05:30,74.03,79.08,73.25,77.12,7170135
2015-07-17 00:00:00+05:30,77.37,77.76,75.16,75.9,1990362
2015-07-20 00:00:00+05:30,76.05,78.25,75.01,76.58,2400122
2015-07-21 00:00:00+05:30,76.48,76.83,72.56,73.05,1247729
2015-07-22 00:00:00+05:30,73.54,75.6,73.4,74.23,1468543
2015-07-23 00:00:00+05:30,74.76,75.99,73.05,73.5,1335555
2015-07-24 00:00:00+05:30,73.84,74.82,72.18,72.47,1039916
2015-07-27 00:00:00+05:30,72.13,72.96,69.73,70.41,913346
2015-07-28 00:00:00+05:30,70.51,71.44,68.64,69.04,974493
2015-07-29 00:00:00+05:30,69.44,71.39,68.7,69.34,1960263
2015-07-30 00:00:00+05:30,69.87,72.56,69.68,70.81,1737431
2015-07-31 00:00:00+05:30,71.25,72.91,70.81,71.2,928238
2015-08-03 00:00:00+05:30,71.54,71.93,69.83,70.11,957783
2015-08-04 00:00:00+05:30,70.51,71.39,69.73,70.22,781101
2015-08-05 00:00:00+05:30,70.66,72.37,70.02,70.32,1675775
2015-08-06 00:00:00+05:30,70.66,74.43,70.51,73.29,3394254
2015-08-07 00:00:00+05:30,73.45,81.48,73.45,80.4,12254582
2015-08-10 00:00:00+05:30,78.35,78.35,71.09,71.79,10981697
2015-08-11 00:00:00+05:30,72.31,73.74,70.46,71.88,3288505
2015-08-12 00:00:00+05:30,71.49,72.86,67.57,67.82,1974573
2015-08-13 00:00:00+05:30,68.4,69.13,65.18,65.62,1497337
2015-08-14 00:00:00+05:30,66.01,68.15,64.93,67.04,1206704
2015-08-17 00:00:00+05:30,66.99,67.33,64.97,65.32,962292
2015-08-18 00:00:00+05:30,65.81,68.89,65.66,67.77,1701028
2015-08-19 00:00:00+05:30,67.77,68.55,66.01,66.3,1002491
2015-08-20 00:00:00+05:30,66.01,67.33,64.05,64.64,1295829
2015-08-21 00:00:00+05:30,63.36,64.83,61.99,64.2,1078323
2015-08-24 00:00:00+05:30,60.82,61.5,51.9,53.77,1941930
2015-08-25 00:00:00+05:30,55.04,55.72,46.47,50.39,2960397
2015-08-26 00:00:00+05:30,50.39,54.26,48.87,50.53,1850585
2015-08-27 00:00:00+05:30,52.0,52.79,51.66,52.25,1227812
2015-08-28 00:00:00+05:30,53.77,55.82,53.37,54.6,1865950
2015-08-31 00:00:00+05:30,54.84,55.38,53.96,54.26,575395
2015-09-01 00:00:00+05:30,53.77,53.77,50.24,50.53,1284359
2015-09-02 00:00:00+05:30,51.07,52.69,50.68,51.95,868022
2015-09-03 00:00:00+05:30,52.69,53.86,52.39,52.64,519838
2015-09-04 00:00:00+05:30,52.74,52.74,50.19,51.07,514070
2015-09-07 00:00:00+05:30,51.71,52.39,49.36,49.8,505014
2015-09-08 00:00:00+05:30,50.24,50.44,47.74,48.82,1043642
2015-09-09 00:00:00+05:30,50.53,52.1,49.95,51.17,1427058
2015-09-10 00:00:00+05:30,50.78,53.18,50.0,51.86,1868689
2015-09-11 00:00:00+05:30,52.44,52.64,50.19,50.44,912727
2015-09-14 00:00:00+05:30,50.93,51.71,50.24,50.53,989028
2015-09-15 00:00:00+05:30,50.58,51.51,50.44,50.53,481412
2015-09-16 00:00:00+05:30,50.97,51.27,50.24,50.44,353597
2015-09-18 00:00:00+05:30,50.93,51.51,48.97,49.65,1197236
2015-09-21 00:00:00+05:30,49.11,50.88,48.72,50.58,798087
2015-09-22 00:00:00+05:30,50.44,53.18,50.44,50.97,1528560
2015-09-23 00:00:00+05:30,50.78,51.76,50.44,51.32,584952
2015-09-24 00:00:00+05:30,51.56,51.86,50.58,50.83,505337
2015-09-28 00:00:00+05:30,51.22,51.42,50.44,50.73,368506
2015-09-29 00:00:00+05:30,50.04,52.39,49.95,51.56,644440
2015-09-30 00:00:00+05:30,53.03,53.96,52.2,52.64,2153495
2015-10-01 00:00:00+05:30,52.98,53.81,51.51,52.0,796867
2015-10-05 00:00:00+05:30,52.3,53.28,52.2,52.69,420392
2015-10-06 00:00:00+05:30,52.84,53.67,52.69,53.23,639234
2015-10-07 00:00:00+05:30,53.77,55.23,53.28,53.86,1105934
2015-10-08 00:00:00+05:30,54.11,54.45,53.47,53.62,476249
2015-10-09 00:00:00+05:30,54.11,54.6,53.23,53.57,549493
2015-10-12 00:00:00+05:30,53.62,54.55,52.74,53.03,481000
2015-10-13 00:00:00+05:30,53.23,55.28,53.08,54.75,1026106
2015-10-14 00:00:00+05:30,54.94,55.82,54.75,55.04,667858
2015-10-15 00:00:00+05:30,55.33,55.53,54.3,54.6,375865
2015-10-16 00:00:00+05:30,54.84,55.43,54.16,54.7,425440
2015-10-19 00:00:00+05:30,55.72,57.29,55.63,56.31,1183218
2015-10-20 00:00:00+05:30,56.51,57.54,56.21,56.51,704763
2015-10-21 00:00:00+05:30,56.75,57.05,55.48,55.63,511370
2015-10-23 00:00:00+05:30,56.51,56.8,55.38,55.48,335796
2015-10-26 00:00:00+05:30,55.82,56.02,54.06,54.99,453614
2015-10-27 00:00:00+05:30,55.04,55.28,54.16,54.6,262735
2015-10-28 00:00:00+05:30,54.65,55.58,54.26,54.99,341978
2015-10-29 00:00:00+05:30,55.28,56.21,55.14,55.48,533702
2015-10-30 00:00:00+05:30,51.07,54.5,49.65,53.62,3474764
2015-11-02 00:00:00+05:30,52.98,53.57,51.95,52.93,512607
2015-11-03 00:00:00+05:30,53.08,53.62,51.07,51.56,474183
2015-11-04 00:00:00+05:30,52.35,53.28,51.9,52.05,963305
2015-11-05 00:00:00+05:30,52.0,52.79,51.56,52.39,740748
2015-11-06 00:00:00+05:30,52.59,52.84,51.12,51.32,429783
2015-11-09 00:00:00+05:30,51.32,53.13,50.0,52.84,862613
2015-11-10 00:00:00+05:30,52.69,53.37,51.9,52.88,1085957
2015-11-11 00:00:00+05:30,52.64,53.37,52.64,52.84,43829
2015-11-13 00:00:00+05:30,52.1,52.44,51.02,51.56,354478
2015-11-16 00:00:00+05:30,51.51,52.88,51.17,52.44,531032
2015-11-17 00:00:00+05:30,52.79,53.37,52.0,53.08,395025
2015-11-18 00:00:00+05:30,53.28,53.86,52.39,52.49,470807
2015-11-19 00:00:00+05:30,52.79,56.21,52.69,55.77,1113266
2015-11-20 00:00:00+05:30,56.02,57.49,54.45,55.38,1520720
2015-11-23 00:00:00+05:30,54.89,55.82,54.55,54.79,253347
2015-11-24 00:00:00+05:30,54.84,59.01,54.75,58.56,1984798
2015-11-26 00:00:00+05:30,58.47,63.46,58.47,62.82,3524093
2015-11-27 00:00:00+05:30,63.12,67.38,60.91,66.55,4034772
2015-11-30 00:00:00+05:30,65.21,67.17,64.23,65.42,1725802
2015-12-01 00:00:00+05:30,65.13,67.57,63.85,66.55,949498
2015-12-02 00:00:00+05:30,65.62,67.53,65.46,65.95,461292
2015-12-03 00:00:00+05:30,65.66,67.77,65.13,65.57,778542
2015-12-04 00:00:00+05:30,65.37,66.3,64.64,64.93,311226
2015-12-07 00:00:00+05:30,65.46,66.11,63.07,63.71,367158
2015-12-08 00:00:00+05:30,62.97,63.56,60.52,61.65,719501
2015-12-09 00:00:00+05:30,61.6,61.6,59.45,60.28,788699
2015-12-10 00:00:00+05:30,60.23,62.38,59.1,62.09,332250
2015-12-11 00:00:00+05:30,61.8,64.2,61.01,61.99,622982
2015-12-14 00:00:00+05:30,61.99,63.26,61.01,61.75,255061
2015-12-15 00:00:00+05:30,62.38,63.12,61.8,62.48,283187
2015-12-16 00:00:00+05:30,62.68,65.46,62.48,63.99,816770
2015-12-17 00:00:00+05:30,63.85,66.93,63.85,66.5,906729
2015-12-18 00:00:00+05:30,65.52,67.13,65.32,66.55,626228
2015-12-21 00:00:00+05:30,66.4,67.33,65.32,65.62,413448
2015-12-22 00:00:00+05:30,65.91,66.79,65.32,66.06,451135
2015-12-23 00:00:00+05:30,66.11,66.89,65.21,65.57,235906
2015-12-24 00:00:00+05:30,65.86,66.01,63.99,64.23,216256
2015-12-28 00:00:00+05:30,64.23,65.42,63.56,63.71,254925
2015-12-29 00:00:00+05:30,64.15,65.08,62.63,63.07,387688
2015-12-30 00:00:00+05:30,63.46,64.05,63.17,63.75,260644
2015-12-31 00:00:00+05:30,63.75,68.55,63.61,66.45,1058102
2016-01-01 00:00:00+05:30,66.6,67.77,65.66,67.53,542860
2016-01-04 00:00:00+05:30,66.6,67.48,63.9,64.83,391990
2016-01-05 00:00:00+05:30,64.64,66.3,64.64,65.22,219863
2016-01-06 00:00:00+05:30,65.52,69.34,64.73,67.28,1704398
2016-01-07 00:00:00+05:30,66.6,66.6,64.83,65.66,987449
2016-01-08 00:00:00+05:30,64.93,67.04,64.93,65.42,475371
2016-01-11 00:00:00+05:30,65.22,66.99,63.56,66.55,385590
2016-01-12 00:00:00+05:30,66.6,67.92,65.91,66.74,604577
2016-01-13 00:00:00+05:30,67.57,67.57,61.8,65.52,840990
2016-01-14 00:00:00+05:30,62.73,69.44,62.73,67.48,1406661
2016-01-15 00:00:00+05:30,67.77,68.99,63.75,64.64,598937
2016-01-18 00:00:00+05:30,64.93,67.38,61.36,62.73,869816
2016-01-19 00:00:00+05:30,63.27,64.83,61.16,63.31,440993
2016-01-20 00:00:00+05:30,63.36,63.66,60.57,61.55,417661
2016-01-21 00:00:00+05:30,62.63,64.64,61.21,61.8,618266
2016-01-22 00:00:00+05:30,62.78,65.91,62.19,65.08,616054
2016-01-25 00:00:00+05:30,65.52,66.5,63.17,63.61,308278
2016-01-27 00:00:00+05:30,64.64,64.64,62.78,63.07,141846
2016-01-28 00:00:00+05:30,63.17,64.34,63.02,63.31,160265
2016-01-29 00:00:00+05:30,63.31,64.34,63.02,63.9,176064
2016-02-01 00:00:00+05:30,63.95,64.64,63.17,63.46,158328
2016-02-02 00:00:00+05:30,63.66,64.1,59.05,60.43,390016
2016-02-03 00:00:00+05:30,59.94,60.96,57.19,58.76,324550
2016-02-04 00:00:00+05:30,60.62,60.62,58.03,59.15,242930
2016-02-05 00:00:00+05:30,59.15,62.73,58.37,61.5,332023
2016-02-08 00:00:00+05:30,61.7,64.15,61.21,61.7,470232
2016-02-09 00:00:00+05:30,61.11,63.17,59.35,60.18,314703
2016-02-10 00:00:00+05:30,60.18,60.62,57.78,58.37,206494
2016-02-11 00:00:00+05:30,58.42,58.61,53.96,54.89,242866
2016-02-12 00:00:00+05:30,54.84,56.61,50.88,55.82,445179
2016-02-15 00:00:00+05:30,59.74,60.91,58.17,59.54,701751
2016-02-16 00:00:00+05:30,60.38,61.21,57.05,57.49,249372
2016-02-17 00:00:00+05:30,57.78,59.89,56.12,58.86,262720
2016-02-18 00:00:00+05:30,59.64,59.98,58.07,58.56,191251
2016-02-19 00:00:00+05:30,57.19,59.05,57.19,57.88,346505
2016-02-22 00:00:00+05:30,58.61,58.76,57.78,58.32,118555
2016-02-23 00:00:00+05:30,58.66,58.66,52.88,53.18,618344
2016-02-24 00:00:00+05:30,53.28,54.65,52.93,54.45,413807
2016-02-25 00:00:00+05:30,54.65,55.04,53.52,54.84,207486
2016-02-26 00:00:00+05:30,55.58,55.72,53.33,53.86,174775
2016-02-29 00:00:00+05:30,54.06,57.19,52.93,56.41,370352
2016-03-01 00:00:00+05:30,55.97,59.15,55.97,58.61,366552
2016-03-02 00:00:00+05:30,59.74,59.74,55.09,56.07,405014
2016-03-03 00:00:00+05:30,56.12,59.49,55.63,59.05,587907
2016-03-04 00:00:00+05:30,61.4,62.19,58.86,59.45,1084677
2016-03-08 00:00:00+05:30,59.94,60.82,58.37,58.71,538316
2016-03-09 00:00:00+05:30,58.56,58.56,56.7,57.29,281706
2016-03-10 00:00:00+05:30,58.76,58.86,57.1,57.34,469901
2016-03-11 00:00:00+05:30,56.95,58.52,56.31,56.56,474457
2016-03-14 00:00:00+05:30,57.0,57.44,56.31,56.61,200013
2016-03-15 00:00:00+05:30,56.75,56.9,55.28,55.53,267236
2016-03-16 00:00:00+05:30,55.72,56.07,53.86,54.3,459627
2016-03-17 00:00:00+05:30,54.89,57.1,54.89,56.7,692484
2016-03-18 00:00:00+05:30,57.29,57.59,55.14,55.97,1286661
2016-03-21 00:00:00+05:30,55.43,56.9,55.43,55.97,473873
2016-03-22 00:00:00+05:30,56.41,58.86,55.97,58.17,566243
2016-03-23 00:00:00+05:30,58.27,63.31,57.73,62.53,2916291
2016-03-28 00:00:00+05:30,62.68,62.68,59.45,60.57,644598
2016-03-29 00:00:00+05:30,60.82,63.61,58.61,63.27,746736
2016-03-30 00:00:00+05:30,63.85,66.89,63.56,66.4,1480513
2016-03-31 00:00:00+05:30,66.84,66.99,64.98,66.01,431009
2016-04-01 00:00:00+05:30,65.42,68.16,65.03,67.77,696460
2016-04-04 00:00:00+05:30,68.06,68.26,65.71,66.6,269071
2016-04-05 00:00:00+05:30,66.5,67.08,64.34,65.03,179346
2016-04-06 00:00:00+05:30,65.13,68.55,64.69,67.57,731183
2016-04-07 00:00:00+05:30,68.02,70.12,66.64,68.55,694044
2016-04-08 00:00:00+05:30,68.55,70.81,68.26,70.17,1153849
2016-04-11 00:00:00+05:30,70.51,71.54,66.06,66.69,863165
2016-04-12 00:00:00+05:30,67.57,67.77,61.99,63.61,1859306
2016-04-13 00:00:00+05:30,65.22,66.01,64.15,65.71,1008262
2016-04-18 00:00:00+05:30,65.91,66.69,64.93,65.66,861640
2016-04-20 00:00:00+05:30,65.42,66.45,64.24,64.73,360388
2016-04-21 00:00:00+05:30,65.32,70.07,64.64,68.8,2596675
2016-04-22 00:00:00+05:30,67.87,69.04,67.08,67.33,337437
2016-04-25 00:00:00+05:30,67.92,69.53,67.72,68.75,935613
2016-04-26 00:00:00+05:30,68.65,69.44,67.13,67.67,278908
2016-04-27 00:00:00+05:30,67.62,69.29,66.15,68.75,766092
2016-04-28 00:00:00+05:30,68.95,69.34,67.08,67.48,264522
2016-04-29 00:00:00+05:30,66.69,67.87,65.76,66.2,219415
2016-05-02 00:00:00+05:30,66.11,68.41,66.11,67.97,340542
2016-05-03 00:00:00+05:30,67.97,68.9,66.84,67.04,163053
2016-05-04 00:00:00+05:30,65.86,69.53,65.86,68.11,697662
2016-05-05 00:00:00+05:30,68.16,69.63,65.81,66.06,603716
2016-05-06 00:00:00+05:30,66.01,66.74,64.78,66.15,149417
2016-05-09 00:00:00+05:30,68.46,68.8,66.35,66.64,303901
2016-05-10 00:00:00+05:30,66.99,68.16,66.45,67.43,375840
2016-05-11 00:00:00+05:30,67.57,71.98,67.57,70.46,3759018
2016-05-12 00:00:00+05:30,71.1,72.08,66.3,67.97,7442094
2016-05-13 00:00:00+05:30,67.57,69.83,66.69,67.92,2148699
2016-05-16 00:00:00+05:30,67.28,68.31,66.3,66.69,887674
2016-05-17 00:00:00+05:30,66.69,67.87,66.35,66.45,547741
2016-05-18 00:00:00+05:30,66.35,66.84,65.52,65.86,484175
2016-05-19 00:00:00+05:30,65.52,66.3,64.15,64.44,528348
2016-05-20 00:00:00+05:30,64.64,64.93,63.07,63.36,333339
2016-05-23 00:00:00+05:30,64.34,65.62,63.56,64.05,756349
2016-05-24 00:00:00+05:30,63.9,64.59,62.78,63.41,396883
2016-05-25 00:00:00+05:30,63.9,64.54,63.22,63.46,290814
2016-05-26 00:00:00+05:30,63.85,66.2,62.87,65.62,426607
2016-05-27 00:00:00+05:30,65.81,67.77,65.27,66.15,987095
2016-05-30 00:00:00+05:30,66.3,66.45,65.18,65.47,245898
2016-05-31 00:00:00+05:30,65.47,66.84,65.13,66.45,378643
2016-06-01 00:00:00+05:30,67.67,67.67,66.3,66.64,1917175
2016-06-02 00:00:00+05:30,66.11,66.6,65.47,65.76,260879
2016-06-03 00:00:00+05:30,65.91,66.6,65.42,65.81,349866
2016-06-06 00:00:00+05:30,66.01,66.6,65.62,66.25,273537
2016-06-07 00:00:00+05:30,66.6,67.38,65.81,66.6,313849
2016-06-08 00:00:00+05:30,66.3,66.99,66.01,66.15,210004
2016-06-09 00:00:00+05:30,66.6,66.89,65.66,65.91,539809
2016-06-10 00:00:00+05:30,66.11,66.4,65.37,65.86,291106
2016-06-13 00:00:00+05:30,65.86,65.86,65.03,65.22,207978
2016-06-14 00:00:00+05:30,65.22,65.86,64.24,64.44,338788
2016-06-15 00:00:00+05:30,64.69,65.71,64.2,64.59,558192
2016-06-16 00:00:00+05:30,64.59,65.03,64.05,64.39,172771
2016-06-17 00:00:00+05:30,64.73,65.13,63.27,63.41,399606
2016-06-20 00:00:00+05:30,63.12,64.34,62.97,63.46,411210
2016-06-21 00:00:00+05:30,63.66,65.52,63.66,64.39,519145
2016-06-22 00:00:00+05:30,64.44,64.98,63.95,64.24,199650
2016-06-23 00:00:00+05:30,64.24,65.08,64.0,64.64,279690
2016-06-24 00:00:00+05:30,63.51,63.51,61.7,62.87,384446
2016-06-27 00:00:00+05:30,63.27,65.08,63.17,64.34,410426
2016-06-28 00:00:00+05:30,64.64,65.13,64.05,64.24,153359
2016-06-29 00:00:00+05:30,64.64,65.08,64.29,64.73,402819
2016-06-30 00:00:00+05:30,64.64,66.99,64.64,66.6,897550
2016-07-01 00:00:00+05:30,66.84,67.82,66.15,66.55,595904
2016-07-04 00:00:00+05:30,66.6,67.28,66.06,66.5,304319
2016-07-05 00:00:00+05:30,66.69,69.34,66.2,68.02,1195706
2016-07-07 00:00:00+05:30,69.53,69.68,67.38,68.11,969181
2016-07-08 00:00:00+05:30,68.26,68.5,66.64,66.94,198992
2016-07-11 00:00:00+05:30,67.67,67.82,66.5,66.74,310949
2016-07-12 00:00:00+05:30,67.13,68.55,66.2,66.69,446388
2016-07-13 00:00:00+05:30,67.18,71.2,67.18,70.22,3042755
2016-07-14 00:00:00+05:30,70.41,71.98,70.22,71.39,1168978
2016-07-15 00:00:00+05:30,71.49,71.74,68.7,69.09,400160
2016-07-18 00:00:00+05:30,69.48,73.84,69.48,71.44,1943278
2016-07-19 00:00:00+05:30,71.49,73.89,70.61,73.55,2089359
2016-07-20 00:00:00+05:30,73.45,75.9,72.76,75.51,1917766
2016-07-21 00:00:00+05:30,75.41,80.01,75.41,78.49,4514628
2016-07-22 00:00:00+05:30,78.3,80.7,76.49,79.23,2418092
2016-07-25 00:00:00+05:30,79.82,90.74,79.62,87.21,12350516
2016-07-26 00:00:00+05:30,87.06,87.9,83.88,84.81,2294461
2016-07-27 00:00:00+05:30,84.81,85.3,78.93,79.42,2228389
2016-07-28 00:00:00+05:30,80.26,81.68,78.98,79.82,1204766
2016-07-29 00:00:00+05:30,80.11,81.53,78.84,79.28,1183432
2016-08-01 00:00:00+05:30,79.33,81.29,77.37,79.13,1549785
2016-08-02 00:00:00+05:30,78.49,80.16,75.7,76.49,1645768
2016-08-03 00:00:00+05:30,76.39,76.68,74.18,74.58,805559
2016-08-04 00:00:00+05:30,75.02,80.01,74.82,78.98,2098018
2016-08-05 00:00:00+05:30,79.23,80.21,76.98,77.51,762575
2016-08-08 00:00:00+05:30,77.96,79.13,77.47,77.71,655644
2016-08-09 00:00:00+05:30,77.81,78.1,74.53,74.67,883296
2016-08-10 00:00:00+05:30,75.16,76.24,74.82,75.16,1889653
2016-08-11 00:00:00+05:30,75.41,77.17,74.92,75.8,1154748
2016-08-12 00:00:00+05:30,76.0,76.0,72.72,73.25,759701
2016-08-16 00:00:00+05:30,73.45,75.12,73.06,74.77,684621
2016-08-17 00:00:00+05:30,74.58,76.29,74.28,75.41,639517
2016-08-18 00:00:00+05:30,75.41,80.11,75.31,79.42,2257330
2016-08-19 00:00:00+05:30,79.62,80.94,78.15,78.35,1210587
2016-08-22 00:00:00+05:30,78.35,79.67,76.98,77.22,503761
2016-08-23 00:00:00+05:30,77.96,78.69,77.42,78.35,488359
2016-08-24 00:00:00+05:30,78.35,79.33,76.39,76.88,796885
2016-08-25 00:00:00+05:30,78.35,79.08,75.8,76.34,1429215
2016-08-26 00:00:00+05:30,76.88,77.12,74.58,74.92,475004
2016-08-29 00:00:00+05:30,75.65,78.59,75.02,77.66,1486520
2016-08-30 00:00:00+05:30,77.37,78.74,76.88,77.27,652074
2016-08-31 00:00:00+05:30,76.93,78.2,76.14,76.54,579537
2016-09-01 00:00:00+05:30,76.98,80.21,76.88,78.4,1669175
2016-09-02 00:00:00+05:30,78.35,80.11,76.93,77.47,1148909
2016-09-06 00:00:00+05:30,80.21,82.61,80.16,82.02,3018359
2016-09-07 00:00:00+05:30,82.26,82.8,79.87,80.45,694813
2016-09-08 00:00:00+05:30,80.8,82.75,79.08,81.92,1058492
2016-09-09 00:00:00+05:30,81.97,84.91,81.04,82.61,1993932
2016-09-12 00:00:00+05:30,79.42,81.24,79.42,80.7,1131811
2016-09-14 00:00:00+05:30,81.53,82.22,80.26,81.33,1708202
2016-09-15 00:00:00+05:30,81.92,83.0,80.6,81.29,555778
2016-09-16 00:00:00+05:30,81.73,86.08,80.6,84.52,1825002
2016-09-19 00:00:00+05:30,85.4,88.14,85.25,87.65,2030392
2016-09-20 00:00:00+05:30,87.41,89.51,87.16,87.75,1269085
2016-09-21 00:00:00+05:30,87.65,89.61,86.33,87.5,699679
2016-09-22 00:00:00+05:30,88.53,89.12,86.57,87.45,585839
2016-09-23 00:00:00+05:30,88.14,88.19,86.62,86.77,537367
2016-09-26 00:00:00+05:30,86.87,88.63,86.23,86.72,546993
2016-09-27 00:00:00+05:30,87.41,88.53,86.67,86.77,557843
2016-09-28 00:00:00+05:30,87.55,88.09,86.67,86.97,400455
2016-09-29 00:00:00+05:30,87.94,88.68,79.33,81.33,1363967
2016-09-30 00:00:00+05:30,82.17,85.15,81.38,84.61,533488
2016-10-03 00:00:00+05:30,85.59,87.8,85.2,86.82,1432908
2016-10-04 00:00:00+05:30,87.55,87.94,86.87,87.55,588711
2016-10-05 00:00:00+05:30,87.65,89.85,87.16,87.8,1000571
2016-10-06 00:00:00+05:30,88.43,88.78,86.08,86.62,909725
2016-10-07 00:00:00+05:30,88.88,95.44,87.94,91.18,4815585
2016-10-10 00:00:00+05:30,91.86,93.38,90.1,92.3,1292701
2016-10-13 00:00:00+05:30,92.45,94.7,90.15,91.67,1121511
2016-10-14 00:00:00+05:30,91.57,92.55,89.85,90.39,454291
2016-10-17 00:00:00+05:30,90.98,91.81,88.14,88.83,584209
2016-10-18 00:00:00+05:30,89.81,90.54,87.26,88.78,597466
2016-10-19 00:00:00+05:30,88.92,92.25,88.92,89.95,1156881
2016-10-20 00:00:00+05:30,90.54,90.78,89.27,89.51,301537
2016-10-21 00:00:00+05:30,89.95,90.1,86.82,87.41,468231
2016-10-24 00:00:00+05:30,87.85,89.61,87.45,88.29,584214
2016-10-25 00:00:00+05:30,88.63,92.55,87.9,90.98,1174830
2016-10-26 00:00:00+05:30,91.42,91.72,89.12,90.15,475799
2016-10-27 00:00:00+05:30,89.71,91.52,89.22,90.78,465309
2016-10-28 00:00:00+05:30,90.59,91.37,87.45,88.43,669887
2016-11-01 00:00:00+05:30,90.1,90.59,88.83,89.46,451787
2016-11-02 00:00:00+05:30,89.12,89.12,87.41,88.43,538027
2016-11-03 00:00:00+05:30,88.19,90.0,87.94,88.43,394583
2016-11-04 00:00:00+05:30,89.07,89.12,85.64,87.16,493133
2016-11-07 00:00:00+05:30,88.78,88.78,86.82,87.11,285117
2016-11-08 00:00:00+05:30,88.04,88.04,86.28,86.72,338561
2016-11-09 00:00:00+05:30,78.35,85.89,76.68,85.06,618540
2016-11-10 00:00:00+05:30,88.14,88.19,85.01,86.18,424624
2016-11-11 00:00:00+05:30,86.28,86.62,84.42,84.91,281434
2016-11-15 00:00:00+05:30,84.71,85.69,83.24,84.27,267764
2016-11-16 00:00:00+05:30,84.27,85.69,83.78,84.91,218561
2016-11-17 00:00:00+05:30,84.91,85.69,84.22,84.96,165613
2016-11-18 00:00:00+05:30,85.1,86.33,83.34,83.68,666720
2016-11-21 00:00:00+05:30,84.57,84.76,79.62,80.16,176616
2016-11-22 00:00:00+05:30,80.45,87.41,79.52,86.38,623994
2016-11-23 00:00:00+05:30,87.55,87.85,82.95,87.16,412348
2016-11-24 00:00:00+05:30,84.57,87.16,84.57,86.13,193479
2016-11-25 00:00:00+05:30,86.72,87.31,85.45,86.28,289572
2016-11-28 00:00:00+05:30,85.45,102.34,85.45,98.96,4891295
2016-11-29 00:00:00+05:30,98.82,101.26,95.44,96.22,2489238
2016-11-30 00:00:00+05:30,96.46,98.82,95.49,97.0,1163616
2016-12-01 00:00:00+05:30,97.15,97.69,93.23,93.92,843181
2016-12-02 00:00:00+05:30,91.86,101.12,91.86,96.17,3163869
2016-12-05 00:00:00+05:30,95.98,103.27,95.29,102.34,4684365
2016-12-06 00:00:00+05:30,101.46,103.52,97.49,98.08,1666155
2016-12-07 00:00:00+05:30,99.06,99.84,94.7,95.34,1585887
2016-12-08 00:00:00+05:30,96.76,96.76,93.87,94.36,1048052
2016-12-09 00:00:00+05:30,95.19,96.17,92.74,94.11,1606367
2016-12-12 00:00:00+05:30,95.49,95.98,92.45,92.84,1298884
2016-12-13 00:00:00+05:30,92.6,94.9,92.6,93.43,782686
2016-12-14 00:00:00+05:30,93.92,94.9,91.57,91.86,858914
2016-12-15 00:00:00+05:30,91.08,95.73,90.3,94.75,1072232
2016-12-16 00:00:00+05:30,95.39,96.37,92.25,92.69,637111
2016-12-19 00:00:00+05:30,92.94,93.82,91.18,91.76,757941
2016-12-20 00:00:00+05:30,92.01,92.45,90.25,90.69,365816
2016-12-21 00:00:00+05:30,91.18,91.52,90.1,90.44,411278
2016-12-22 00:00:00+05:30,90.05,90.39,87.36,88.04,382628
2016-12-23 00:00:00+05:30,87.85,90.78,86.38,86.92,468489
2016-12-26 00:00:00+05:30,86.23,87.26,83.83,85.64,361302
2016-12-27 00:00:00+05:30,85.4,87.11,84.42,86.28,836354
2016-12-28 00:00:00+05:30,86.67,94.85,86.43,93.97,2294687
2016-12-29 00:00:00+05:30,94.21,97.84,93.92,96.51,2361241
2016-12-30 00:00:00+05:30,97.15,97.35,95.14,96.17,744942
2017-01-02 00:00:00+05:30,96.17,98.82,95.09,97.1,1253458
2017-01-03 00:00:00+05:30,97.74,101.41,97.25,100.19,1847296
2017-01-04 00:00:00+05:30,100.87,109.59,100.63,104.89,7227319
2017-01-05 00:00:00+05:30,105.72,110.03,104.45,107.92,3479265
2017-01-06 00:00:00+05:30,107.09,108.41,105.82,106.55,1325559
2017-01-09 00:00:00+05:30,106.94,108.02,105.03,105.62,757568
2017-01-10 00:00:00+05:30,106.75,113.55,106.75,110.27,4256709
2017-01-11 00:00:00+05:30,109.83,111.06,108.31,109.25,952309
2017-01-12 00:00:00+05:30,109.69,110.08,106.31,108.27,971124
2017-01-13 00:00:00+05:30,108.61,109.0,104.54,105.08,930379
2017-01-16 00:00:00+05:30,105.92,108.71,105.92,106.75,759434
2017-01-17 00:00:00+05:30,107.83,109.54,106.26,108.02,1063998
2017-01-18 00:00:00+05:30,107.73,108.71,105.28,105.87,813221
2017-01-19 00:00:00+05:30,105.96,108.71,105.28,106.5,1124831
2017-01-20 00:00:00+05:30,106.26,106.55,97.44,98.52,1682486
2017-01-23 00:00:00+05:30,99.4,101.7,97.44,99.75,1110007
2017-01-24 00:00:00+05:30,101.21,103.42,99.4,99.79,1185070
2017-01-25 00:00:00+05:30,100.33,101.8,99.5,100.24,858267
2017-01-27 00:00:00+05:30,101.21,102.15,97.44,97.88,1263875
2017-01-30 00:00:00+05:30,98.23,99.7,96.56,97.0,902361
2017-01-31 00:00:00+05:30,99.06,100.87,95.29,95.68,2112437
2017-02-01 00:00:00+05:30,95.73,100.09,95.73,99.21,1247143
2017-02-02 00:00:00+05:30,100.97,103.81,100.97,102.59,2611381
2017-02-03 00:00:00+05:30,101.85,104.79,101.21,103.17,1064628
2017-02-06 00:00:00+05:30,104.79,105.77,103.81,105.13,1334270
2017-02-07 00:00:00+05:30,105.13,112.18,103.12,109.69,6095557
2017-02-08 00:00:00+05:30,109.69,111.84,108.02,109.54,2329925
2017-02-09 00:00:00+05:30,110.81,111.11,107.24,108.27,1350481
2017-02-10 00:00:00+05:30,110.42,111.94,105.38,106.21,2329984
2017-02-13 00:00:00+05:30,106.26,107.43,104.1,105.57,1371999
2017-02-14 00:00:00+05:30,106.11,106.16,103.32,103.52,684740
2017-02-15 00:00:00+05:30,103.81,104.2,99.5,100.04,820909
2017-02-16 00:00:00+05:30,100.33,104.79,99.16,104.3,1142043
2017-02-17 00:00:00+05:30,104.74,108.46,102.98,107.58,1965818
2017-02-20 00:00:00+05:30,107.14,108.02,105.43,105.92,831155
2017-02-21 00:00:00+05:30,106.31,109.39,104.35,106.99,1564865
2017-02-22 00:00:00+05:30,107.38,107.38,103.47,104.05,900072
2017-02-23 00:00:00+05:30,104.1,105.67,103.81,104.2,618438
2017-02-27 00:00:00+05:30,103.08,105.92,103.08,105.38,596040
2017-02-28 00:00:00+05:30,107.73,108.71,105.38,106.01,1481114
2017-03-01 00:00:00+05:30,106.55,108.51,105.33,107.34,1253364
2017-03-02 00:00:00+05:30,107.53,107.58,103.52,104.2,673619
2017-03-03 00:00:00+05:30,104.15,104.25,103.12,103.76,337064
2017-03-06 00:00:00+05:30,104.3,104.64,102.73,102.93,414398
2017-03-07 00:00:00+05:30,103.52,103.81,102.24,102.59,268582
2017-03-08 00:00:00+05:30,103.52,103.52,100.38,100.97,466975
2017-03-09 00:00:00+05:30,101.56,105.67,100.87,102.0,1059858
2017-03-10 00:00:00+05:30,102.44,103.17,99.89,100.53,651217
2017-03-14 00:00:00+05:30,102.29,103.57,99.35,99.6,653310
2017-03-15 00:00:00+05:30,99.89,101.36,99.6,100.09,374286
2017-03-16 00:00:00+05:30,100.87,101.75,100.28,100.82,643165
2017-03-17 00:00:00+05:30,101.66,101.66,99.4,99.75,394564
2017-03-20 00:00:00+05:30,99.89,100.38,98.91,99.11,374217
2017-03-21 00:00:00+05:30,99.94,100.24,98.37,98.82,401861
2017-03-22 00:00:00+05:30,98.13,99.99,97.49,98.52,533178
2017-03-23 00:00:00+05:30,99.89,99.99,99.01,99.6,535245
2017-03-24 00:00:00+05:30,100.19,101.07,99.06,99.84,806601
2017-03-27 00:00:00+05:30,100.77,100.77,98.18,98.47,264920
2017-03-28 00:00:00+05:30,99.26,99.4,96.76,98.13,743985
2017-03-29 00:00:00+05:30,100.19,102.34,99.06,101.36,2315408
2017-03-30 00:00:00+05:30,102.29,103.81,101.46,102.29,979850
2017-03-31 00:00:00+05:30,101.85,105.47,101.85,104.45,1539568
2017-04-03 00:00:00+05:30,103.81,106.6,103.57,106.06,815002
2017-04-05 00:00:00+05:30,106.16,108.31,104.79,107.83,1155840
2017-04-06 00:00:00+05:30,107.14,107.34,105.28,105.72,419276
2017-04-07 00:00:00+05:30,105.38,108.71,103.66,104.89,1259679
2017-04-10 00:00:00+05:30,105.18,109.69,105.18,108.12,3816326
2017-04-11 00:00:00+05:30,109.2,111.25,108.8,110.81,1600604
2017-04-12 00:00:00+05:30,111.4,119.38,110.86,116.25,5592033
2017-04-13 00:00:00+05:30,117.32,120.26,116.0,116.59,2311332
2017-04-17 00:00:00+05:30,116.44,117.08,114.63,116.1,683246
2017-04-18 00:00:00+05:30,118.26,119.63,112.48,113.41,1176589
2017-04-19 00:00:00+05:30,115.32,119.87,113.11,119.19,2007888
2017-04-20 00:00:00+05:30,121.44,124.82,121.44,124.03,2899431
2017-04-21 00:00:00+05:30,125.11,126.53,116.2,121.44,1595955
2017-04-24 00:00:00+05:30,121.44,125.06,120.21,124.67,1447109
2017-04-25 00:00:00+05:30,127.8,128.24,125.45,125.85,1325266
2017-04-26 00:00:00+05:30,125.85,129.17,121.93,123.15,1834844
2017-04-27 00:00:00+05:30,124.13,130.2,124.08,129.37,3428251
2017-04-28 00:00:00+05:30,130.25,133.04,130.25,130.84,3324850
2017-05-02 00:00:00+05:30,131.23,131.33,125.4,126.58,1279549
2017-05-03 00:00:00+05:30,127.31,131.82,125.31,129.22,1520975
2017-05-04 00:00:00+05:30,129.66,130.11,126.97,127.61,521303
2017-05-05 00:00:00+05:30,127.75,129.57,122.76,124.18,1318473
2017-05-08 00:00:00+05:30,123.64,133.53,123.49,132.5,3575712
2017-05-09 00:00:00+05:30,133.43,134.12,130.25,130.64,1689844
2017-05-10 00:00:00+05:30,131.72,132.99,129.27,130.79,1338472
2017-05-11 00:00:00+05:30,130.99,131.97,129.27,130.01,708763
2017-05-12 00:00:00+05:30,130.01,130.25,125.8,126.33,747477
2017-05-15 00:00:00+05:30,128.64,132.65,128.49,131.43,1866640
2017-05-16 00:00:00+05:30,130.45,131.82,127.85,128.98,891972
2017-05-17 00:00:00+05:30,128.54,133.53,128.54,132.31,4107759
2017-05-18 00:00:00+05:30,136.81,139.85,132.21,133.29,10309477
2017-05-19 00:00:00+05:30,136.13,136.13,129.42,130.84,2148214
2017-05-22 00:00:00+05:30,132.06,132.06,125.7,126.58,1911642
2017-05-23 00:00:00+05:30,127.66,127.66,117.62,122.12,2571835
2017-05-24 00:00:00+05:30,123.25,124.38,119.77,120.75,1688484
2017-05-25 00:00:00+05:30,122.27,128.24,120.46,127.46,2420541
2017-05-26 00:00:00+05:30,126.73,132.95,126.48,131.57,1872542
2017-05-29 00:00:00+05:30,130.3,130.74,125.7,126.29,918740
2017-05-30 00:00:00+05:30,126.33,128.29,124.43,126.48,1050077
2017-05-31 00:00:00+05:30,126.63,129.76,126.33,128.44,1371655
2017-06-01 00:00:00+05:30,130.74,135.93,130.74,132.06,3824947
2017-06-02 00:00:00+05:30,133.19,133.48,129.76,130.15,1588343
2017-06-05 00:00:00+05:30,130.25,130.79,128.49,129.13,953409
2017-06-06 00:00:00+05:30,128.88,129.86,125.4,125.8,1155695
2017-06-07 00:00:00+05:30,126.33,127.8,125.85,126.48,846869
2017-06-08 00:00:00+05:30,126.82,128.2,125.89,126.38,766893
2017-06-09 00:00:00+05:30,126.29,129.76,121.93,126.87,1293915
2017-06-12 00:00:00+05:30,126.29,128.1,125.45,126.53,663919
2017-06-13 00:00:00+05:30,126.53,127.61,124.96,125.31,651913
2017-06-14 00:00:00+05:30,125.75,126.58,124.62,125.31,894873
2017-06-15 00:00:00+05:30,125.26,126.92,124.47,125.31,988847
2017-06-16 00:00:00+05:30,125.6,126.29,124.08,124.33,575830
2017-06-19 00:00:00+05:30,126.73,127.12,124.91,125.11,573616
2017-06-20 00:00:00+05:30,125.36,126.09,123.49,124.13,823739
2017-06-21 00:00:00+05:30,123.89,123.89,120.46,121.49,1324910
2017-06-22 00:00:00+05:30,123.15,123.79,119.53,119.92,1322060
2017-06-23 00:00:00+05:30,120.61,121.0,114.39,114.93,1345520
2017-06-27 00:00:00+05:30,114.58,117.86,112.62,117.18,1334380
2017-06-28 00:00:00+05:30,116.54,119.72,116.05,117.08,1669076
2017-06-29 00:00:00+05:30,117.62,118.79,115.81,116.44,3242086
2017-06-30 00:00:00+05:30,116.2,116.44,114.93,115.81,653905
2017-07-03 00:00:00+05:30,116.05,118.16,115.9,117.37,714430
2017-07-04 00:00:00+05:30,117.62,119.48,117.62,118.35,962912
2017-07-05 00:00:00+05:30,118.5,120.95,117.13,120.31,1235413
2017-07-06 00:00:00+05:30,120.36,124.43,117.81,120.56,2056013
2017-07-07 00:00:00+05:30,120.31,121.0,118.7,119.23,984795
2017-07-10 00:00:00+05:30,118.84,120.26,118.84,119.87,197754
2017-07-11 00:00:00+05:30,119.87,122.17,119.33,120.26,2135202
2017-07-12 00:00:00+05:30,121.78,125.99,120.56,124.47,6603453
2017-07-13 00:00:00+05:30,126.63,126.63,123.49,124.33,2219304
2017-07-14 00:00:00+05:30,124.13,127.22,121.93,122.81,1920268
2017-07-17 00:00:00+05:30,122.91,124.03,118.84,120.56,9162008
2017-07-18 00:00:00+05:30,118.99,122.07,118.99,120.7,1221375
2017-07-19 00:00:00+05:30,120.46,129.71,120.46,127.95,5271618
2017-07-20 00:00:00+05:30,128.83,130.11,121.98,123.4,4099955
2017-07-21 00:00:00+05:30,124.13,127.22,123.45,123.98,3346626
2017-07-24 00:00:00+05:30,115.95,121.34,113.85,117.08,22650748
2017-07-25 00:00:00+05:30,116.54,121.05,116.25,120.26,3548509
2017-07-26 00:00:00+05:30,121.44,121.44,118.01,118.55,1603490
2017-07-27 00:00:00+05:30,118.65,121.34,117.86,119.28,5878173
2017-07-28 00:00:00+05:30,118.94,122.81,118.21,121.58,2199387
2017-07-31 00:00:00+05:30,121.34,122.81,120.46,121.68,1265717
2017-08-01 00:00:00+05:30,121.73,127.61,120.95,126.19,4240173
2017-08-02 00:00:00+05:30,126.24,127.31,121.63,125.4,3911868
2017-08-03 00:00:00+05:30,124.57,127.22,124.13,125.36,2679182
2017-08-04 00:00:00+05:30,125.65,127.51,124.38,127.17,1870292
2017-08-07 00:00:00+05:30,127.8,130.06,126.92,129.47,2665024
2017-08-08 00:00:00+05:30,130.11,138.28,129.71,136.13,7887620
2017-08-09 00:00:00+05:30,134.95,134.95,129.42,131.62,2992806
2017-08-10 00:00:00+05:30,123.69,124.43,112.62,117.03,5028311
2017-08-11 00:00:00+05:30,112.87,117.96,111.84,116.15,3552428
2017-08-14 00:00:00+05:30,117.52,120.16,117.37,118.6,866679
2017-08-16 00:00:00+05:30,118.5,122.61,118.06,121.88,2058579
2017-08-17 00:00:00+05:30,122.42,122.42,118.26,118.65,961882
2017-08-18 00:00:00+05:30,117.52,123.74,115.66,121.98,3126706
2017-08-21 00:00:00+05:30,121.93,126.04,120.46,120.85,3661159
2017-08-22 00:00:00+05:30,121.44,122.91,119.58,120.9,2511235
2017-08-23 00:00:00+05:30,122.03,123.54,120.46,122.96,1889286
2017-08-24 00:00:00+05:30,122.91,129.27,119.82,122.37,7893159
2017-08-28 00:00:00+05:30,122.81,126.09,121.88,125.36,2498302
2017-08-29 00:00:00+05:30,124.47,128.0,122.96,123.79,3421030
2017-08-30 00:00:00+05:30,124.87,130.5,124.43,129.91,3957323
2017-08-31 00:00:00+05:30,130.25,138.04,129.76,135.98,8626255
2017-09-01 00:00:00+05:30,135.98,140.58,134.22,136.67,4104177
2017-09-04 00:00:00+05:30,136.13,139.26,130.89,132.6,2563903
2017-09-05 00:00:00+05:30,133.14,136.52,132.21,135.69,1819587
2017-09-06 00:00:00+05:30,134.71,135.0,132.65,133.24,1059148
2017-09-07 00:00:00+05:30,135.54,135.64,131.33,132.06,1362504
2017-09-08 00:00:00+05:30,132.7,133.88,129.81,131.23,992539
2017-09-11 00:00:00+05:30,132.21,135.39,132.21,133.34,1126618
2017-09-12 00:00:00+05:30,134.17,137.11,134.17,135.74,1349154
2017-09-13 00:00:00+05:30,135.34,136.42,129.22,131.62,1988545
2017-09-14 00:00:00+05:30,133.68,135.49,130.35,132.26,1477792
2017-09-15 00:00:00+05:30,131.23,134.12,130.94,133.04,1578928
2017-09-18 00:00:00+05:30,133.29,134.76,132.41,132.8,655239
2017-09-19 00:00:00+05:30,133.92,137.45,132.16,134.07,2875119
2017-09-20 00:00:00+05:30,135.15,135.83,131.33,131.62,1170911
2017-09-21 00:00:00+05:30,132.95,132.95,126.73,129.17,1658599
2017-09-22 00:00:00+05:30,127.85,128.29,123.2,124.62,1878603
2017-09-25 00:00:00+05:30,124.18,124.38,115.81,120.7,3245669
2017-09-26 00:00:00+05:30,121.93,122.32,117.32,117.96,1487712
2017-09-27 00:00:00+05:30,118.5,122.66,118.11,118.74,2406578
2017-09-28 00:00:00+05:30,120.56,121.05,117.72,119.58,1477652
2017-09-29 00:00:00+05:30,121.44,127.95,120.36,124.28,4839535
2017-10-03 00:00:00+05:30,123.4,126.63,123.4,124.47,963228
2017-10-04 00:00:00+05:30,125.36,125.75,122.22,122.61,939793
2017-10-05 00:00:00+05:30,123.4,124.77,123.25,123.84,530679
2017-10-06 00:00:00+05:30,124.33,126.04,123.4,124.33,1352008
2017-10-09 00:00:00+05:30,124.38,125.6,122.52,123.3,929323
2017-10-10 00:00:00+05:30,123.4,125.16,123.4,124.23,442005
2017-10-11 00:00:00+05:30,124.87,128.29,123.79,124.18,2575053
2017-10-12 00:00:00+05:30,124.52,127.02,123.54,126.19,1213331
2017-10-13 00:00:00+05:30,126.82,129.22,125.31,126.87,1275487
2017-10-16 00:00:00+05:30,127.36,127.95,123.98,124.67,1036188
2017-10-17 00:00:00+05:30,124.28,126.97,124.18,125.99,968459
2017-10-18 00:00:00+05:30,126.04,129.76,124.67,128.0,1173446
2017-10-23 00:00:00+05:30,127.31,128.59,126.43,126.92,646910
2017-10-24 00:00:00+05:30,127.31,129.08,126.63,127.9,791932
2017-10-25 00:00:00+05:30,128.05,129.32,126.33,127.02,742227
2017-10-26 00:00:00+05:30,127.12,132.7,126.48,131.62,2836553
2017-10-27 00:00:00+05:30,132.41,135.49,130.59,131.53,3137426
2017-10-30 00:00:00+05:30,131.38,134.71,130.89,132.65,1587297
2017-10-31 00:00:00+05:30,132.7,143.67,130.06,139.41,9570445
2017-11-01 00:00:00+05:30,142.0,142.25,136.57,137.06,3632538
2017-11-02 00:00:00+05:30,135.54,139.26,134.27,135.2,1364430
2017-11-03 00:00:00+05:30,135.39,136.81,132.46,133.29,1331169
2017-11-06 00:00:00+05:30,133.78,133.78,130.4,130.89,1418897
2017-11-07 00:00:00+05:30,131.87,132.46,127.31,128.15,2188035
2017-11-08 00:00:00+05:30,128.39,128.64,123.45,124.43,1443887
2017-11-09 00:00:00+05:30,125.45,127.22,124.03,125.36,1355939
2017-11-10 00:00:00+05:30,125.06,125.36,123.15,123.69,973369
2017-11-13 00:00:00+05:30,123.4,124.08,119.58,120.02,1521736
2017-11-14 00:00:00+05:30,119.97,122.17,119.04,119.48,1802902
2017-11-15 00:00:00+05:30,122.42,122.66,117.86,118.84,1970558
2017-11-16 00:00:00+05:30,119.48,120.46,117.28,118.11,1644350
2017-11-17 00:00:00+05:30,119.58,121.44,118.11,119.09,1452702
2017-11-20 00:00:00+05:30,119.09,125.16,118.65,124.28,2233071
2017-11-21 00:00:00+05:30,126.19,126.24,122.81,123.59,1330952
2017-11-22 00:00:00+05:30,123.79,124.62,120.95,122.27,555566
2017-11-23 00:00:00+05:30,123.49,125.26,121.54,122.81,1307959
2017-11-24 00:00:00+05:30,122.91,125.16,122.91,123.49,1418928
2017-11-27 00:00:00+05:30,123.89,124.67,122.12,123.94,890820
2017-11-28 00:00:00+05:30,124.52,124.77,122.27,122.76,612881
2017-11-29 00:00:00+05:30,123.2,124.03,121.83,122.56,1019227
2017-11-30 00:00:00+05:30,122.03,123.15,118.06,119.77,2442525
2017-12-01 00:00:00+05:30,120.36,122.76,119.87,121.14,1514990
2017-12-04 00:00:00+05:30,121.14,122.37,118.7,119.04,504508
2017-12-05 00:00:00+05:30,118.99,120.85,117.57,119.19,1323439
2017-12-06 00:00:00+05:30,119.38,119.97,118.01,118.35,844918
2017-12-07 00:00:00+05:30,118.7,120.7,118.11,120.26,1150674
2017-12-08 00:00:00+05:30,120.95,121.93,120.31,120.8,1319563
2017-12-11 00:00:00+05:30,122.12,122.12,120.51,121.0,577970
2017-12-12 00:00:00+05:30,121.39,121.39,117.62,118.11,627145
2017-12-13 00:00:00+05:30,118.3,123.74,116.93,121.54,3627293
2017-12-14 00:00:00+05:30,120.16,122.71,118.6,121.0,2400988
2017-12-15 00:00:00+05:30,122.32,124.08,121.05,123.0,1093801
2017-12-18 00:00:00+05:30,123.0,123.4,115.66,120.26,2294648
2017-12-19 00:00:00+05:30,120.51,121.93,119.58,121.24,1242176
2017-12-20 00:00:00+05:30,121.83,123.3,120.8,121.88,701012
2017-12-21 00:00:00+05:30,122.81,124.57,121.73,123.74,1232163
2017-12-22 00:00:00+05:30,124.38,127.31,124.38,125.6,2377976
2017-12-26 00:00:00+05:30,126.73,129.27,124.23,128.44,1599418
2017-12-27 00:00:00+05:30,129.08,129.17,124.47,125.7,848227
2017-12-28 00:00:00+05:30,125.36,127.31,124.82,126.53,1218250
2017-12-29 00:00:00+05:30,127.07,127.07,125.36,126.19,617009
2018-01-01 00:00:00+05:30,125.4,127.02,123.4,124.52,569509
2018-01-02 00:00:00+05:30,125.16,125.94,122.32,122.76,971310
2018-01-03 00:00:00+05:30,123.4,124.47,121.44,123.74,1351955
2018-01-04 00:00:00+05:30,123.74,126.14,123.74,125.55,1473032
2018-01-05 00:00:00+05:30,125.55,126.92,124.72,125.89,1124339
2018-01-08 00:00:00+05:30,125.94,132.99,125.85,130.89,3131974
2018-01-09 00:00:00+05:30,131.67,132.21,128.1,129.66,1060387
2018-01-10 00:00:00+05:30,130.25,134.32,129.52,130.64,2470745
2018-01-11 00:00:00+05:30,130.64,132.21,129.17,130.89,1130834
2018-01-12 00:00:00+05:30,131.08,132.75,127.17,130.94,1375250
2018-01-15 00:00:00+05:30,131.23,133.39,127.41,129.76,1300305
2018-01-16 00:00:00+05:30,129.66,130.5,123.05,127.27,2711450
2018-01-17 00:00:00+05:30,125.85,127.17,122.96,125.89,1223608
2018-01-18 00:00:00+05:30,125.85,127.07,122.12,123.4,1329628
2018-01-19 00:00:00+05:30,123.4,124.87,121.44,123.35,1012424
2018-01-22 00:00:00+05:30,126.33,127.8,124.18,127.17,1899683
2018-01-23 00:00:00+05:30,128.2,129.37,127.22,128.78,1637914
2018-01-24 00:00:00+05:30,128.29,129.91,126.38,128.73,1312319
2018-01-25 00:00:00+05:30,127.41,129.76,123.84,124.91,2368240
2018-01-29 00:00:00+05:30,125.6,127.71,124.72,125.89,1120464
2018-01-30 00:00:00+05:30,125.75,127.31,124.38,126.38,944189
2018-01-31 00:00:00+05:30,127.22,127.31,123.54,126.29,2040743
2018-02-01 00:00:00+05:30,125.94,127.8,122.81,126.38,1176851
2018-02-02 00:00:00+05:30,124.43,125.75,112.67,114.63,4927906
2018-02-05 00:00:00+05:30,113.6,116.54,106.5,115.51,3315310
2018-02-06 00:00:00+05:30,107.73,113.75,105.87,112.58,2402919
2018-02-07 00:00:00+05:30,113.95,116.49,112.43,112.77,1302817
2018-02-08 00:00:00+05:30,114.63,116.25,113.85,115.61,1222177
2018-02-09 00:00:00+05:30,113.51,118.35,111.3,116.3,1254990
2018-02-12 00:00:00+05:30,116.54,118.4,116.05,116.3,548590
2018-02-14 00:00:00+05:30,116.79,119.33,115.66,117.52,1314655
2018-02-15 00:00:00+05:30,117.57,119.28,115.61,116.84,597675
2018-02-16 00:00:00+05:30,116.84,117.72,114.44,115.61,656619
2018-02-19 00:00:00+05:30,116.05,116.64,114.83,115.76,1390100
2018-02-20 00:00:00+05:30,115.51,117.28,114.34,115.95,1193681
2018-02-21 00:00:00+05:30,116.2,116.93,115.07,116.3,873414
2018-02-22 00:00:00+05:30,116.0,116.93,111.99,113.31,1995300
2018-02-23 00:00:00+05:30,113.55,114.68,112.87,114.19,774740
2018-02-26 00:00:00+05:30,115.46,118.94,113.41,118.3,1593554
2018-02-27 00:00:00+05:30,121.1,121.24,117.81,120.12,2990732
2018-02-28 00:00:00+05:30,118.06,118.79,116.35,116.79,974650
2018-03-01 00:00:00+05:30,116.25,117.81,115.12,115.71,578643
2018-03-05 00:00:00+05:30,115.9,116.15,108.71,111.35,1564915
2018-03-06 00:00:00+05:30,111.89,114.88,111.89,113.36,1840184
2018-03-07 00:00:00+05:30,111.89,114.48,111.89,114.0,1972673
2018-03-08 00:00:00+05:30,114.14,115.46,110.91,114.83,1198709
2018-03-09 00:00:00+05:30,114.97,115.22,112.87,113.26,520993
2018-03-12 00:00:00+05:30,113.85,114.44,112.53,114.04,531424
2018-03-13 00:00:00+05:30,114.48,117.52,113.6,117.13,972706
2018-03-14 00:00:00+05:30,116.64,117.52,115.66,116.54,574559
2018-03-15 00:00:00+05:30,116.79,116.93,115.56,115.81,514266
2018-03-16 00:00:00+05:30,116.05,116.39,112.92,114.29,703644
2018-03-19 00:00:00+05:30,114.04,114.93,109.49,109.78,944570
2018-03-20 00:00:00+05:30,109.64,112.82,108.51,111.5,1642036
2018-03-21 00:00:00+05:30,111.74,112.72,109.54,110.37,1376168
2018-03-22 00:00:00+05:30,109.69,112.13,105.77,109.54,3196136
2018-03-23 00:00:00+05:30,106.75,108.56,105.96,107.97,690791
2018-03-26 00:00:00+05:30,106.94,109.78,106.94,109.15,652627
2018-03-27 00:00:00+05:30,109.69,111.5,107.97,108.8,1230194
2018-03-28 00:00:00+05:30,108.56,109.39,106.94,107.58,854098
2018-04-02 00:00:00+05:30,108.12,109.69,108.02,109.49,329735
2018-04-03 00:00:00+05:30,111.06,111.06,108.31,109.49,1030832
2018-04-04 00:00:00+05:30,110.32,111.06,107.73,108.17,705539
2018-04-05 00:00:00+05:30,109.2,110.18,108.71,109.2,433073
2018-04-06 00:00:00+05:30,109.49,112.87,109.0,111.01,1535762
2018-04-09 00:00:00+05:30,111.69,112.62,110.03,111.79,1546502
2018-04-10 00:00:00+05:30,112.38,112.43,110.76,111.11,489601
2018-04-11 00:00:00+05:30,111.64,111.84,106.75,107.87,2268597
2018-04-12 00:00:00+05:30,107.73,108.12,106.06,106.55,1160697
2018-04-13 00:00:00+05:30,107.14,109.25,106.41,107.19,704596
2018-04-16 00:00:00+05:30,107.19,107.63,106.31,106.99,711158
2018-04-17 00:00:00+05:30,107.24,107.68,106.36,107.09,610900
2018-04-18 00:00:00+05:30,107.34,107.63,103.66,104.94,1249822
2018-04-19 00:00:00+05:30,103.22,103.61,100.58,103.17,2292413
2018-04-20 00:00:00+05:30,102.83,106.16,102.24,105.52,734481
2018-04-23 00:00:00+05:30,105.77,106.36,104.79,105.38,462630
2018-04-24 00:00:00+05:30,105.38,106.36,104.25,105.67,715813
2018-04-25 00:00:00+05:30,105.67,107.53,105.28,106.55,1072311
2018-04-26 00:00:00+05:30,106.26,108.46,105.96,106.85,3118544
2018-04-27 00:00:00+05:30,107.14,108.07,104.69,105.08,1634478
2018-04-30 00:00:00+05:30,105.67,106.36,104.59,105.82,391002
2018-05-02 00:00:00+05:30,105.82,106.16,104.59,104.79,744255
2018-05-03 00:00:00+05:30,104.69,106.55,102.44,102.88,1430985
2018-05-04 00:00:00+05:30,102.68,103.76,102.19,103.03,328822
2018-05-07 00:00:00+05:30,102.83,104.3,101.51,103.42,555751
2018-05-08 00:00:00+05:30,102.73,104.59,102.15,103.76,846792
2018-05-09 00:00:00+05:30,100.87,104.2,100.53,103.71,1241782
2018-05-10 00:00:00+05:30,103.71,105.77,102.54,103.17,1174196
2018-05-11 00:00:00+05:30,103.27,105.62,102.83,103.91,972849
2018-05-14 00:00:00+05:30,104.05,105.67,103.76,104.4,372118
2018-05-15 00:00:00+05:30,103.61,105.57,102.63,103.27,811266
2018-05-16 00:00:00+05:30,99.01,105.03,97.05,103.32,3581268
2018-05-17 00:00:00+05:30,102.93,104.64,100.97,101.95,1162049
2018-05-18 00:00:00+05:30,101.9,103.32,101.02,101.31,1342496
2018-05-21 00:00:00+05:30,101.36,101.75,97.25,97.79,887246
2018-05-22 00:00:00+05:30,98.82,99.35,97.79,98.08,541138
2018-05-23 00:00:00+05:30,98.18,98.62,93.92,95.0,1245948
2018-05-24 00:00:00+05:30,95.39,96.95,94.02,94.75,1149910
2018-05-25 00:00:00+05:30,94.11,97.1,91.81,95.68,3023143
2018-05-28 00:00:00+05:30,97.35,100.38,96.61,98.23,2281837
2018-05-29 00:00:00+05:30,97.88,98.47,94.07,94.7,1233745
2018-05-30 00:00:00+05:30,94.31,95.14,92.06,92.84,1333448
2018-05-31 00:00:00+05:30,93.23,93.67,90.54,90.88,2079181
2018-06-01 00:00:00+05:30,91.37,92.74,89.17,89.76,1179938
2018-06-04 00:00:00+05:30,90.59,90.69,87.8,88.53,934664
2018-06-05 00:00:00+05:30,88.53,90.74,87.65,89.12,1383319
2018-06-06 00:00:00+05:30,89.56,91.86,88.24,89.41,1358562
2018-06-07 00:00:00+05:30,89.81,92.94,89.41,92.3,706507
2018-06-08 00:00:00+05:30,91.96,94.02,90.74,93.72,770005
2018-06-11 00:00:00+05:30,94.02,95.24,92.4,93.53,474004
2018-06-12 00:00:00+05:30,93.53,94.51,93.04,93.62,357573
2018-06-13 00:00:00+05:30,93.92,94.36,89.9,92.35,923332
2018-06-14 00:00:00+05:30,91.67,93.28,91.08,92.55,743524
2018-06-15 00:00:00+05:30,92.45,92.5,86.67,87.16,3518129
2018-06-18 00:00:00+05:30,87.85,88.97,86.18,88.14,5150321
2018-06-19 00:00:00+05:30,88.14,88.39,84.42,85.89,3320420
2018-06-20 00:00:00+05:30,85.45,86.28,84.86,85.5,762174
2018-06-21 00:00:00+05:30,85.25,86.92,83.93,86.33,1082796
2018-06-22 00:00:00+05:30,86.43,87.01,85.3,86.43,545773
2018-06-25 00:00:00+05:30,87.31,88.88,85.74,88.53,1030418
2018-06-26 00:00:00+05:30,87.65,90.3,86.97,88.53,1813268
2018-06-27 00:00:00+05:30,87.65,87.99,84.61,85.2,1553201
2018-06-28 00:00:00+05:30,82.46,82.46,74.92,76.0,5988314
2018-06-29 00:00:00+05:30,78.05,79.82,76.0,79.38,1919244
2018-07-02 00:00:00+05:30,79.33,79.96,76.58,77.12,782655
2018-07-03 00:00:00+05:30,77.61,77.96,75.21,76.88,1011062
2018-07-04 00:00:00+05:30,76.88,77.03,75.31,76.19,659434
2018-07-05 00:00:00+05:30,75.41,75.75,74.14,74.92,1188798
2018-07-06 00:00:00+05:30,75.31,77.37,74.77,76.73,724421
2018-07-09 00:00:00+05:30,77.32,78.35,76.49,76.93,552350
2018-07-10 00:00:00+05:30,77.22,77.56,76.63,77.27,435979
2018-07-11 00:00:00+05:30,77.37,77.56,74.53,75.26,679923
2018-07-12 00:00:00+05:30,77.03,79.91,76.39,78.79,3333472
2018-07-13 00:00:00+05:30,78.35,78.79,75.41,76.49,2093499
2018-07-16 00:00:00+05:30,76.39,77.17,71.83,72.23,994872
2018-07-17 00:00:00+05:30,73.74,81.33,73.01,78.93,4059661
2018-07-18 00:00:00+05:30,79.52,80.11,75.26,76.44,2263483
2018-07-19 00:00:00+05:30,76.73,77.42,74.48,76.34,643943
2018-07-20 00:00:00+05:30,76.0,80.75,74.77,80.26,2039498
2018-07-23 00:00:00+05:30,79.33,80.75,77.66,79.03,1993605
2018-07-24 00:00:00+05:30,79.96,80.31,78.0,78.79,1557009
2018-07-25 00:00:00+05:30,79.03,80.26,77.37,78.25,1156283
2018-07-26 00:00:00+05:30,78.35,79.13,76.78,77.32,995278
2018-07-27 00:00:00+05:30,77.86,80.11,77.22,79.13,1391226
2018-07-30 00:00:00+05:30,79.67,82.22,79.33,81.24,1598504
2018-07-31 00:00:00+05:30,82.02,82.17,78.64,79.28,1055550
2018-08-01 00:00:00+05:30,79.72,81.58,79.42,80.89,1406679
2018-08-02 00:00:00+05:30,80.84,84.27,80.84,82.9,2788851
2018-08-03 00:00:00+05:30,83.44,84.22,81.87,82.56,936574
2018-08-06 00:00:00+05:30,83.15,83.54,80.89,81.48,1018615
2018-08-07 00:00:00+05:30,81.53,81.77,79.33,80.06,893375
2018-08-08 00:00:00+05:30,80.06,80.65,78.35,78.89,677013
2018-08-09 00:00:00+05:30,80.45,83.0,79.33,82.07,1628465
2018-08-10 00:00:00+05:30,83.15,84.47,80.94,82.02,2059564
2018-08-13 00:00:00+05:30,82.26,82.46,79.72,80.26,1186893
2018-08-14 00:00:00+05:30,80.8,80.94,77.81,79.18,894402
2018-08-16 00:00:00+05:30,78.0,79.03,77.61,78.45,713033
2018-08-17 00:00:00+05:30,78.84,80.6,77.22,79.38,777279
2018-08-20 00:00:00+05:30,79.47,80.4,78.84,79.67,698978
2018-08-21 00:00:00+05:30,79.52,80.6,79.03,79.72,486364
2018-08-23 00:00:00+05:30,79.82,81.87,78.93,80.99,989693
2018-08-24 00:00:00+05:30,81.29,82.26,80.55,80.84,815377
2018-08-27 00:00:00+05:30,80.99,84.47,80.94,82.66,1684094
2018-08-28 00:00:00+05:30,82.66,83.24,79.72,80.26,748132
2018-08-29 00:00:00+05:30,80.31,80.99,78.93,79.23,1087697
2018-08-30 00:00:00+05:30,79.33,80.21,78.45,79.72,650602
2018-08-31 00:00:00+05:30,79.72,80.35,78.93,79.18,842048
2018-09-03 00:00:00+05:30,79.28,79.96,77.61,78.1,1119402
2018-09-04 00:00:00+05:30,78.35,78.69,74.82,75.31,1540893
2018-09-05 00:00:00+05:30,75.16,75.85,71.54,72.28,1737131
2018-09-06 00:00:00+05:30,72.67,75.9,71.98,75.56,1293078
2018-09-07 00:00:00+05:30,75.41,76.83,74.53,76.24,769594
2018-09-10 00:00:00+05:30,75.46,76.19,73.94,74.38,623161
2018-09-11 00:00:00+05:30,75.07,75.07,72.37,72.67,1030371
2018-09-12 00:00:00+05:30,73.4,73.4,70.51,71.34,1797109
2018-09-14 00:00:00+05:30,72.37,73.74,71.59,72.52,2759441
2018-09-17 00:00:00+05:30,73.45,79.23,71.98,77.03,4029032
2018-09-18 00:00:00+05:30,76.05,78.1,71.59,72.13,2169042
2018-09-19 00:00:00+05:30,72.72,74.63,72.23,73.4,1273379
2018-09-21 00:00:00+05:30,73.84,75.07,68.7,73.5,2441292
2018-09-24 00:00:00+05:30,73.94,74.18,70.95,72.67,1297389
2018-09-25 00:00:00+05:30,72.08,73.06,69.53,71.3,1249077
2018-09-26 00:00:00+05:30,71.79,74.18,71.05,73.55,1280041
2018-09-27 00:00:00+05:30,73.45,73.99,71.74,73.16,715136
2018-09-28 00:00:00+05:30,73.21,73.45,69.29,70.32,1350997
2018-10-01 00:00:00+05:30,69.68,72.08,67.67,68.06,2833024
2018-10-03 00:00:00+05:30,66.6,74.43,62.87,70.37,9933048
2018-10-04 00:00:00+05:30,68.8,70.32,67.04,69.04,2936409
2018-10-05 00:00:00+05:30,65.13,66.11,60.33,62.68,6072846
2018-10-08 00:00:00+05:30,63.27,64.93,60.57,63.12,3874210
2018-10-09 00:00:00+05:30,63.66,63.9,59.98,62.14,3113487
2018-10-10 00:00:00+05:30,62.63,69.19,62.14,68.5,5459961
2018-10-11 00:00:00+05:30,67.53,76.39,65.91,75.9,4407478
2018-10-12 00:00:00+05:30,76.44,83.05,76.24,81.29,4550928
2018-10-15 00:00:00+05:30,82.22,82.95,78.45,80.55,3690324
2018-10-16 00:00:00+05:30,80.5,83.54,79.38,83.05,2046593
2018-10-17 00:00:00+05:30,84.71,84.71,78.59,79.52,1863195
2018-10-19 00:00:00+05:30,77.81,83.44,77.56,82.41,2590591
2018-10-22 00:00:00+05:30,83.64,84.03,80.55,81.68,1158468
2018-10-23 00:00:00+05:30,81.48,82.8,78.3,81.68,1258413
2018-10-24 00:00:00+05:30,84.42,84.42,79.23,81.87,2993480
2018-10-25 00:00:00+05:30,81.29,82.17,80.06,81.53,1592620
2018-10-26 00:00:00+05:30,81.68,81.68,77.86,79.67,1795884
2018-10-29 00:00:00+05:30,80.01,82.02,78.49,81.24,1141205
2018-10-30 00:00:00+05:30,80.8,80.8,77.96,78.59,1895339
2018-10-31 00:00:00+05:30,78.54,80.31,76.63,80.01,1021527
2018-11-01 00:00:00+05:30,80.31,83.68,80.16,80.84,3076386
2018-11-02 00:00:00+05:30,82.61,83.24,80.01,80.99,3325956
2018-11-05 00:00:00+05:30,81.29,81.68,77.91,78.84,1670736
2018-11-06 00:00:00+05:30,78.89,82.46,78.89,80.84,3651026
2018-11-09 00:00:00+05:30,81.38,82.26,80.21,81.04,1404659
2018-11-12 00:00:00+05:30,81.04,81.43,78.84,79.13,1049652
2018-11-13 00:00:00+05:30,79.77,80.6,78.25,79.82,1403688
2018-11-14 00:00:00+05:30,81.29,85.45,79.08,80.01,7498166
2018-11-15 00:00:00+05:30,78.35,80.55,77.17,79.47,2969635
2018-11-16 00:00:00+05:30,79.82,79.87,78.4,78.98,1799366
2018-11-19 00:00:00+05:30,78.84,79.82,78.0,78.59,1366383
2018-11-20 00:00:00+05:30,78.35,79.23,74.04,75.41,2698918
2018-11-21 00:00:00+05:30,76.54,77.61,72.52,74.67,5191748
2018-11-22 00:00:00+05:30,74.67,75.21,72.52,72.86,1380030
2018-11-26 00:00:00+05:30,73.84,74.87,72.91,74.58,1150495
2018-11-27 00:00:00+05:30,74.43,75.51,73.45,75.02,826167
2018-11-28 00:00:00+05:30,74.92,74.92,71.39,71.88,1019134
2018-11-29 00:00:00+05:30,72.03,73.7,70.56,73.4,1631396
2018-11-30 00:00:00+05:30,73.55,74.33,71.59,72.37,772917
2018-12-03 00:00:00+05:30,72.37,72.47,71.3,71.74,740519
2018-12-04 00:00:00+05:30,71.74,72.47,71.3,71.74,620716
2018-12-05 00:00:00+05:30,71.49,72.13,68.9,69.97,1131233
2018-12-06 00:00:00+05:30,69.73,69.97,68.55,69.53,756917
2018-12-07 00:00:00+05:30,70.02,70.46,69.34,69.68,501012
2018-12-10 00:00:00+05:30,68.9,69.78,68.06,69.53,569923
2018-12-11 00:00:00+05:30,68.55,71.05,68.16,70.51,667589
2018-12-12 00:00:00+05:30,70.81,72.47,70.41,72.32,749332
2018-12-13 00:00:00+05:30,72.32,74.04,71.83,72.47,581572
2018-12-14 00:00:00+05:30,72.08,73.11,71.0,71.44,600933
2018-12-17 00:00:00+05:30,71.49,72.32,71.1,71.44,458235
2018-12-18 00:00:00+05:30,71.49,72.42,70.22,71.64,1136699
2018-12-19 00:00:00+05:30,72.72,73.79,71.74,73.01,1592134
2018-12-20 00:00:00+05:30,72.52,76.93,72.37,76.09,1897040
2018-12-21 00:00:00+05:30,75.21,76.68,72.81,73.16,1780075
2018-12-24 00:00:00+05:30,73.45,74.09,70.81,71.3,1732190
2018-12-26 00:00:00+05:30,71.64,74.33,70.32,73.84,1981018
2018-12-27 00:00:00+05:30,74.23,74.28,72.57,73.4,2014900
2018-12-28 00:00:00+05:30,73.45,74.28,72.81,73.35,1275485
2018-12-31 00:00:00+05:30,73.94,75.8,73.45,73.94,1736432
2019-01-01 00:00:00+05:30,74.14,74.38,72.96,73.5,745220
2019-01-02 00:00:00+05:30,73.35,74.04,71.59,72.42,918289
2019-01-03 00:00:00+05:30,72.76,72.76,70.27,70.66,890344
2019-01-04 00:00:00+05:30,71.1,71.34,69.88,70.66,835745
2019-01-07 00:00:00+05:30,71.3,71.49,70.07,70.41,493801
2019-01-08 00:00:00+05:30,70.9,71.25,70.22,70.56,637622
2019-01-09 00:00:00+05:30,71.1,71.1,69.14,69.83,934771
2019-01-10 00:00:00+05:30,70.41,70.41,68.6,69.53,1114366
2019-01-11 00:00:00+05:30,69.53,70.22,68.95,69.14,699610
2019-01-14 00:00:00+05:30,69.24,69.48,67.28,67.87,1004087
2019-01-15 00:00:00+05:30,67.97,69.14,67.97,68.95,556046
2019-01-16 00:00:00+05:30,69.24,69.97,68.65,69.39,630332
2019-01-17 00:00:00+05:30,69.39,69.78,68.16,68.9,678311
2019-01-18 00:00:00+05:30,69.39,69.39,67.62,67.92,737450
2019-01-21 00:00:00+05:30,67.57,68.41,66.99,67.62,579455
2019-01-22 00:00:00+05:30,67.48,68.26,67.33,67.62,828583
2019-01-23 00:00:00+05:30,68.02,68.31,67.33,67.72,980770
2019-01-24 00:00:00+05:30,67.87,68.41,67.38,68.21,535744
2019-01-25 00:00:00+05:30,68.21,68.65,66.64,67.08,613706
2019-01-28 00:00:00+05:30,67.18,68.41,65.96,67.33,1358411
2019-01-29 00:00:00+05:30,66.6,67.28,66.15,66.74,1217127
2019-01-30 00:00:00+05:30,66.99,67.28,65.52,66.94,1360363
2019-01-31 00:00:00+05:30,66.79,67.57,65.27,66.45,1807343
2019-02-01 00:00:00+05:30,66.45,67.13,65.52,66.11,676602
2019-02-04 00:00:00+05:30,65.71,65.96,63.17,63.9,759183
2019-02-05 00:00:00+05:30,64.44,64.44,61.99,62.73,997786
2019-02-06 00:00:00+05:30,62.48,64.49,61.36,63.9,1355457
2019-02-07 00:00:00+05:30,63.95,66.79,63.36,65.52,1075685
2019-02-08 00:00:00+05:30,65.03,67.13,62.97,64.1,2044308
2019-02-11 00:00:00+05:30,63.46,63.46,61.8,62.48,481107
2019-02-12 00:00:00+05:30,62.48,63.46,62.19,62.53,449576
2019-02-13 00:00:00+05:30,63.36,63.36,61.5,62.29,825208
2019-02-14 00:00:00+05:30,62.63,63.41,61.5,62.97,580443
2019-02-15 00:00:00+05:30,62.68,63.27,61.99,62.29,537324
2019-02-18 00:00:00+05:30,62.29,62.63,61.5,61.94,459290
2019-02-19 00:00:00+05:30,61.8,62.68,60.72,61.75,991234
2019-02-20 00:00:00+05:30,62.24,62.92,61.8,62.33,958658
2019-02-21 00:00:00+05:30,62.43,63.17,61.89,62.63,867531
2019-02-22 00:00:00+05:30,63.12,63.12,61.21,61.65,2088336
2019-02-25 00:00:00+05:30,61.31,62.87,61.26,62.43,826828
2019-02-26 00:00:00+05:30,62.58,64.05,60.96,63.46,1821293
2019-02-27 00:00:00+05:30,64.15,64.39,62.33,62.87,1178844
2019-02-28 00:00:00+05:30,62.97,64.15,62.43,63.8,916327
2019-03-01 00:00:00+05:30,63.8,66.6,63.75,66.01,1242440
2019-03-05 00:00:00+05:30,66.11,69.29,66.01,68.75,1275937
2019-03-06 00:00:00+05:30,69.97,70.66,68.6,69.58,1107848
2019-03-07 00:00:00+05:30,70.02,70.37,68.85,69.34,606624
2019-03-08 00:00:00+05:30,69.04,69.24,66.6,67.13,666414
2019-03-11 00:00:00+05:30,67.08,70.9,67.08,70.56,1641283
2019-03-12 00:00:00+05:30,70.56,72.37,70.56,71.59,2518617
2019-03-13 00:00:00+05:30,71.98,72.67,70.71,71.74,942314
2019-03-14 00:00:00+05:30,71.74,72.37,71.2,72.08,710661
2019-03-15 00:00:00+05:30,72.32,72.57,70.71,71.93,810377
2019-03-18 00:00:00+05:30,72.67,73.35,70.56,71.59,1072666
2019-03-19 00:00:00+05:30,71.98,74.63,71.49,73.06,1585547
2019-03-20 00:00:00+05:30,73.01,73.01,71.59,72.08,739358
2019-03-22 00:00:00+05:30,72.57,72.96,70.9,72.03,814143
2019-03-25 00:00:00+05:30,70.71,73.65,70.71,72.18,1684125
2019-03-26 00:00:00+05:30,72.18,73.79,72.13,72.96,1011732
2019-03-27 00:00:00+05:30,72.62,73.7,72.13,72.52,1133077
2019-03-28 00:00:00+05:30,72.62,73.35,72.47,72.76,862385
2019-03-29 00:00:00+05:30,72.72,74.04,72.42,72.76,891326
2019-04-01 00:00:00+05:30,72.96,73.65,72.42,72.72,482542
2019-04-02 00:00:00+05:30,72.81,72.81,71.34,72.32,642710
2019-04-03 00:00:00+05:30,72.72,72.72,70.61,71.05,760371
2019-04-04 00:00:00+05:30,71.0,71.0,67.82,69.09,1175879
2019-04-05 00:00:00+05:30,69.09,70.86,68.65,70.32,662991
2019-04-08 00:00:00+05:30,70.02,70.51,69.04,69.39,449753
2019-04-09 00:00:00+05:30,68.6,69.78,67.97,68.55,930903
2019-04-10 00:00:00+05:30,67.97,69.44,67.97,69.09,730492
2019-04-11 00:00:00+05:30,69.19,70.51,68.7,69.14,920850
2019-04-12 00:00:00+05:30,68.85,70.32,68.85,69.73,446368
2019-04-15 00:00:00+05:30,69.92,70.51,69.19,69.48,457776
2019-04-16 00:00:00+05:30,69.53,70.81,69.48,70.12,574963
2019-04-18 00:00:00+05:30,70.46,70.46,68.6,68.99,1325537
2019-04-22 00:00:00+05:30,68.99,68.99,66.69,68.16,1182779
2019-04-23 00:00:00+05:30,68.46,69.53,67.82,69.14,824737
2019-04-24 00:00:00+05:30,69.04,70.17,68.31,69.34,914697
2019-04-25 00:00:00+05:30,69.24,70.22,68.95,69.19,586839
2019-04-26 00:00:00+05:30,68.85,70.81,68.85,69.19,1115166
2019-04-30 00:00:00+05:30,68.95,71.39,68.65,70.37,1393007
2019-05-02 00:00:00+05:30,70.51,71.0,68.9,69.53,982752
2019-05-03 00:00:00+05:30,69.48,70.17,68.9,69.19,813789
2019-05-06 00:00:00+05:30,68.85,69.68,68.16,68.85,667310
2019-05-07 00:00:00+05:30,69.14,69.14,66.79,67.18,571040
2019-05-08 00:00:00+05:30,67.08,67.08,65.52,65.81,575662
2019-05-09 00:00:00+05:30,65.62,65.66,61.4,63.36,4115417
2019-05-10 00:00:00+05:30,63.07,63.66,62.19,62.48,788097
2019-05-13 00:00:00+05:30,62.24,62.87,60.23,61.26,1768843
2019-05-14 00:00:00+05:30,61.5,62.92,60.28,61.99,3054832
2019-05-15 00:00:00+05:30,61.8,62.29,61.21,61.8,1387931
2019-05-16 00:00:00+05:30,62.09,62.58,60.72,61.21,1497366
2019-05-17 00:00:00+05:30,61.5,63.17,60.72,60.96,507843
2019-05-20 00:00:00+05:30,61.94,63.66,61.11,61.65,2682346
2019-05-21 00:00:00+05:30,61.85,62.24,59.01,60.43,1834868
2019-05-22 00:00:00+05:30,60.67,61.45,59.59,60.72,4062002
2019-05-23 00:00:00+05:30,61.7,62.43,60.52,61.4,2233129
2019-05-24 00:00:00+05:30,62.92,62.92,61.01,61.65,3177413
2019-05-27 00:00:00+05:30,61.6,61.99,60.62,61.36,2397471
2019-05-28 00:00:00+05:30,61.31,64.34,61.31,63.36,2314721
2019-05-29 00:00:00+05:30,63.71,63.8,61.7,62.04,1099196
2019-05-30 00:00:00+05:30,62.19,62.19,60.91,61.11,1191900
2019-05-31 00:00:00+05:30,61.94,62.43,61.11,61.99,1677043
2019-06-03 00:00:00+05:30,62.68,63.46,61.85,61.99,1290636
2019-06-04 00:00:00+05:30,61.99,62.24,61.31,61.7,923174
2019-06-06 00:00:00+05:30,61.7,62.04,59.94,60.43,1597952
2019-06-07 00:00:00+05:30,60.23,60.33,58.91,59.3,764247
2019-06-10 00:00:00+05:30,59.25,59.69,57.0,58.22,1057914
2019-06-11 00:00:00+05:30,58.86,59.2,57.1,59.01,841930
2019-06-12 00:00:00+05:30,58.96,59.94,58.56,59.3,839246
2019-06-13 00:00:00+05:30,59.69,59.69,57.68,57.78,766309
2019-06-14 00:00:00+05:30,57.05,58.32,56.61,57.78,1464093
2019-06-17 00:00:00+05:30,57.39,57.98,57.1,57.78,632685
2019-06-18 00:00:00+05:30,57.68,58.22,57.59,57.98,833284
2019-06-19 00:00:00+05:30,57.73,58.27,57.34,57.78,1716458
2019-06-20 00:00:00+05:30,57.78,59.01,57.39,58.61,539242
2019-06-21 00:00:00+05:30,58.61,61.4,58.07,60.28,1406584
2019-06-24 00:00:00+05:30,60.28,60.43,58.17,59.59,556201
2019-06-25 00:00:00+05:30,59.15,61.31,58.03,60.33,838163
2019-06-26 00:00:00+05:30,60.72,62.19,60.23,61.7,1421968
2019-06-27 00:00:00+05:30,61.99,61.99,59.3,59.59,1480020
2019-06-28 00:00:00+05:30,59.74,59.79,59.01,59.15,245899
2019-07-01 00:00:00+05:30,59.45,59.64,58.47,58.96,459301
2019-07-02 00:00:00+05:30,58.86,59.3,58.47,58.96,317828
2019-07-03 00:00:00+05:30,59.64,59.69,58.76,59.1,321165
2019-07-04 00:00:00+05:30,58.96,59.45,58.76,59.01,308836
2019-07-05 00:00:00+05:30,59.15,59.15,58.17,58.37,350557
2019-07-08 00:00:00+05:30,57.78,59.15,56.8,57.73,470902
2019-07-09 00:00:00+05:30,57.83,57.98,56.95,57.49,300259
2019-07-10 00:00:00+05:30,57.54,58.17,56.8,57.34,230677
2019-07-11 00:00:00+05:30,57.63,59.74,57.29,59.2,338748
2019-07-12 00:00:00+05:30,59.35,59.69,58.17,58.61,214555
2019-07-15 00:00:00+05:30,58.86,60.03,58.03,58.91,357138
2019-07-16 00:00:00+05:30,58.91,59.15,58.27,58.56,387551
2019-07-17 00:00:00+05:30,59.25,59.25,57.63,58.17,361742
2019-07-18 00:00:00+05:30,58.17,58.37,56.56,56.8,279212
2019-07-19 00:00:00+05:30,57.59,57.59,56.02,56.75,274126
2019-07-22 00:00:00+05:30,56.31,56.56,54.6,55.92,223599
2019-07-23 00:00:00+05:30,55.92,56.12,54.94,55.33,261754
2019-07-24 00:00:00+05:30,55.43,55.77,52.39,52.84,512303
2019-07-25 00:00:00+05:30,52.69,53.86,51.9,53.42,485734
2019-07-26 00:00:00+05:30,53.42,54.5,53.37,53.86,246445
2019-07-29 00:00:00+05:30,53.47,54.75,52.98,54.16,233470
2019-07-30 00:00:00+05:30,53.33,54.3,52.54,53.57,360861
2019-07-31 00:00:00+05:30,52.93,61.4,52.15,58.61,869404
2019-08-01 00:00:00+05:30,57.78,57.78,53.37,55.38,671311
2019-08-02 00:00:00+05:30,55.87,56.12,53.91,54.5,464843
2019-08-05 00:00:00+05:30,51.02,52.84,48.97,49.85,651923
2019-08-06 00:00:00+05:30,48.97,50.88,48.97,50.58,354447
2019-08-07 00:00:00+05:30,50.19,52.2,50.19,51.66,266588
2019-08-08 00:00:00+05:30,50.34,52.39,50.34,51.37,236519
2019-08-09 00:00:00+05:30,50.97,52.3,50.63,51.22,201238
2019-08-13 00:00:00+05:30,51.02,51.22,49.31,49.51,230790
2019-08-14 00:00:00+05:30,49.51,50.14,48.97,49.55,217122
2019-08-16 00:00:00+05:30,49.55,49.8,49.02,49.46,202351
2019-08-19 00:00:00+05:30,49.46,49.95,49.26,49.7,147890
2019-08-20 00:00:00+05:30,49.21,49.46,47.01,47.4,466702
2019-08-21 00:00:00+05:30,47.4,47.5,45.59,46.13,398741
2019-08-22 00:00:00+05:30,46.13,46.27,44.66,44.95,132673
2019-08-23 00:00:00+05:30,43.97,46.91,43.09,44.8,535197
2019-08-26 00:00:00+05:30,45.69,45.78,42.11,43.97,438387
2019-08-27 00:00:00+05:30,44.46,46.52,44.07,45.98,275128
2019-08-28 00:00:00+05:30,46.03,46.47,45.54,46.22,176575
2019-08-29 00:00:00+05:30,46.22,46.22,44.71,45.1,238600
2019-08-30 00:00:00+05:30,44.66,45.69,44.66,45.0,150065
2019-09-03 00:00:00+05:30,45.0,45.2,43.58,44.46,106265
2019-09-04 00:00:00+05:30,44.12,44.56,43.68,44.41,144177
2019-09-05 00:00:00+05:30,44.76,48.62,44.36,45.78,752047
2019-09-06 00:00:00+05:30,45.78,46.22,44.46,45.78,207121
2019-09-09 00:00:00+05:30,45.74,45.78,44.85,45.05,205764
2019-09-11 00:00:00+05:30,45.44,46.62,45.44,46.37,232910
2019-09-12 00:00:00+05:30,47.35,47.4,46.32,46.81,302348
2019-09-13 00:00:00+05:30,46.81,51.81,45.64,50.58,1146739
2019-09-16 00:00:00+05:30,51.42,51.42,49.95,50.73,984829
2019-09-17 00:00:00+05:30,50.93,50.93,47.74,48.13,349383
2019-09-18 00:00:00+05:30,48.97,50.93,47.79,48.48,462792
2019-09-19 00:00:00+05:30,48.97,49.02,46.71,47.2,201839
2019-09-20 00:00:00+05:30,47.6,48.92,45.25,46.03,1955263
2019-09-23 00:00:00+05:30,50.73,50.73,47.3,47.94,1018545
2019-09-24 00:00:00+05:30,47.99,48.38,46.71,47.2,359880
2019-09-25 00:00:00+05:30,46.52,47.94,45.54,45.83,368459
2019-09-26 00:00:00+05:30,45.69,49.41,45.69,47.89,1079302
2019-09-27 00:00:00+05:30,48.23,48.23,46.76,47.11,320579
2019-09-30 00:00:00+05:30,47.79,49.26,47.01,47.5,1164311
2019-10-01 00:00:00+05:30,48.23,50.68,46.67,47.3,1724235
2019-10-03 00:00:00+05:30,47.79,50.73,47.2,50.29,1709502
2019-10-04 00:00:00+05:30,51.71,52.39,50.04,50.73,1825587
2019-10-07 00:00:00+05:30,50.63,50.63,47.69,48.62,651789
2019-10-09 00:00:00+05:30,48.62,49.85,48.18,49.51,452823
2019-10-10 00:00:00+05:30,49.46,49.85,48.77,49.6,280748
2019-10-11 00:00:00+05:30,49.6,50.39,49.51,49.85,321437
2019-10-14 00:00:00+05:30,49.85,50.44,49.41,50.24,214077
2019-10-15 00:00:00+05:30,49.95,50.83,49.7,50.48,214740
2019-10-16 00:00:00+05:30,50.83,51.42,50.39,50.53,285156
2019-10-17 00:00:00+05:30,50.53,50.78,49.65,50.44,209320
2019-10-18 00:00:00+05:30,50.88,51.71,47.6,47.99,897694
2019-10-22 00:00:00+05:30,50.53,50.83,49.46,50.44,1040783
2019-10-23 00:00:00+05:30,49.65,50.39,49.21,49.41,310645
2019-10-24 00:00:00+05:30,49.75,49.75,48.09,48.13,343845
2019-10-25 00:00:00+05:30,48.23,48.38,47.25,47.5,525243
2019-10-27 00:00:00+05:30,47.6,48.38,47.5,48.18,43576
2019-10-29 00:00:00+05:30,48.38,49.65,47.55,49.51,489128
2019-10-30 00:00:00+05:30,50.63,51.81,49.65,51.22,888382
2019-10-31 00:00:00+05:30,51.32,54.35,50.29,53.52,1052095
2019-11-01 00:00:00+05:30,54.35,55.43,52.15,52.44,864030
2019-11-04 00:00:00+05:30,53.08,53.13,51.02,51.51,450248
2019-11-05 00:00:00+05:30,50.88,50.88,49.11,49.36,540818
2019-11-06 00:00:00+05:30,49.46,50.44,48.72,49.65,525964
2019-11-07 00:00:00+05:30,50.34,50.34,48.58,48.92,333397
2019-11-08 00:00:00+05:30,49.11,49.11,47.5,47.74,421272
2019-11-11 00:00:00+05:30,47.99,48.04,47.01,47.25,420340
2019-11-13 00:00:00+05:30,47.3,48.18,47.01,47.11,224301
2019-11-14 00:00:00+05:30,47.11,47.64,46.47,47.3,194191
2019-11-15 00:00:00+05:30,47.11,47.55,46.57,46.76,145505
2019-11-18 00:00:00+05:30,47.01,47.5,46.52,46.71,159705
2019-11-19 00:00:00+05:30,46.76,47.25,46.47,46.81,166601
2019-11-20 00:00:00+05:30,47.01,48.48,47.01,47.5,278045
2019-11-21 00:00:00+05:30,47.3,47.5,46.42,46.57,139644
2019-11-22 00:00:00+05:30,46.76,47.11,46.37,46.81,135895
2019-11-25 00:00:00+05:30,47.94,47.94,47.01,47.11,149009
2019-11-26 00:00:00+05:30,47.84,47.84,46.71,46.81,126761
2019-11-27 00:00:00+05:30,46.81,47.35,46.52,46.62,136246
2019-11-28 00:00:00+05:30,46.62,47.16,46.42,46.81,116917
2019-11-29 00:00:00+05:30,47.3,47.3,46.47,46.67,121646
2019-12-02 00:00:00+05:30,47.01,47.01,46.03,46.22,141789
2019-12-03 00:00:00+05:30,46.22,46.32,45.44,45.54,106181
2019-12-04 00:00:00+05:30,45.15,45.83,45.05,45.54,116923
2019-12-05 00:00:00+05:30,45.59,46.96,45.34,46.22,268943
2019-12-06 00:00:00+05:30,46.96,47.01,45.05,45.34,196629
2019-12-09 00:00:00+05:30,45.34,45.98,44.8,45.05,205065
2019-12-10 00:00:00+05:30,45.39,45.49,43.78,44.12,184036
2019-12-11 00:00:00+05:30,44.22,45.39,43.68,44.02,238435
2019-12-12 00:00:00+05:30,44.07,44.95,43.83,43.87,249028
2019-12-13 00:00:00+05:30,44.17,44.46,43.38,43.53,326223
2019-12-16 00:00:00+05:30,44.02,44.02,42.7,42.9,271714
2019-12-17 00:00:00+05:30,42.99,43.14,41.67,41.82,766704
2019-12-18 00:00:00+05:30,41.72,41.92,38.83,40.64,1050253
2019-12-19 00:00:00+05:30,40.64,40.64,39.71,40.15,819514
2019-12-20 00:00:00+05:30,40.45,41.03,40.15,40.4,639816
2019-12-23 00:00:00+05:30,40.15,40.59,39.96,40.15,158313
2019-12-24 00:00:00+05:30,40.15,40.15,39.47,39.96,165511
2019-12-26 00:00:00+05:30,40.01,40.15,39.57,39.86,171798
2019-12-27 00:00:00+05:30,39.71,41.87,39.71,41.72,532705
2019-12-30 00:00:00+05:30,41.87,43.29,40.89,43.04,524626
2019-12-31 00:00:00+05:30,43.38,44.12,42.36,44.02,872322
2020-01-01 00:00:00+05:30,44.07,44.22,42.5,42.8,263049
2020-01-02 00:00:00+05:30,43.19,43.48,42.01,43.09,437588
2020-01-03 00:00:00+05:30,42.8,43.58,42.8,43.04,280877
2020-01-06 00:00:00+05:30,43.04,43.24,41.82,42.06,232448
2020-01-07 00:00:00+05:30,42.26,42.75,41.96,42.21,168475
2020-01-08 00:00:00+05:30,41.38,42.01,41.28,41.67,121246
2020-01-09 00:00:00+05:30,42.55,42.99,42.26,42.5,214766
2020-01-10 00:00:00+05:30,42.5,48.18,42.5,44.46,8081904
2020-01-13 00:00:00+05:30,44.95,45.39,43.29,44.07,5471429
2020-01-14 00:00:00+05:30,44.27,45.54,43.73,43.92,2857722
2020-01-15 00:00:00+05:30,43.97,44.8,43.73,44.41,868471
2020-01-16 00:00:00+05:30,44.66,47.79,44.61,46.27,8358908
2020-01-17 00:00:00+05:30,46.71,46.91,45.2,45.74,1322273
2020-01-20 00:00:00+05:30,47.6,47.79,45.49,45.69,1766160
2020-01-21 00:00:00+05:30,45.34,45.69,44.12,44.56,890009
2020-01-22 00:00:00+05:30,44.71,45.05,43.87,43.97,843712
2020-01-23 00:00:00+05:30,44.27,44.8,43.38,44.02,863969
2020-01-24 00:00:00+05:30,44.51,46.42,44.27,46.08,1591573
2020-01-27 00:00:00+05:30,46.32,47.2,45.98,46.96,1522330
2020-01-28 00:00:00+05:30,47.01,47.35,45.05,45.29,640807
2020-01-29 00:00:00+05:30,45.69,45.78,45.05,45.44,290964
2020-01-30 00:00:00+05:30,45.1,45.74,43.24,44.27,541610
2020-01-31 00:00:00+05:30,43.92,45.29,42.8,45.1,809305
2020-02-01 00:00:00+05:30,45.0,45.29,42.31,43.34,464893
2020-02-03 00:00:00+05:30,42.31,43.92,41.72,42.01,403600
2020-02-04 00:00:00+05:30,42.99,42.99,41.23,41.52,748958
2020-02-05 00:00:00+05:30,41.82,42.11,41.38,41.82,330092
2020-02-06 00:00:00+05:30,42.06,42.6,41.72,42.21,359746
2020-02-07 00:00:00+05:30,42.31,42.6,42.11,42.16,203768
2020-02-10 00:00:00+05:30,42.5,42.5,41.72,42.01,205940
2020-02-11 00:00:00+05:30,42.11,42.41,41.62,41.77,238127
2020-02-12 00:00:00+05:30,42.01,42.31,41.23,41.48,645128
2020-02-13 00:00:00+05:30,41.18,42.11,41.18,41.52,230696
2020-02-14 00:00:00+05:30,41.82,42.8,41.23,41.38,361803
2020-02-17 00:00:00+05:30,41.43,41.62,40.05,40.2,250271
2020-02-18 00:00:00+05:30,40.3,40.35,38.78,39.42,452457
2020-02-19 00:00:00+05:30,40.59,40.59,39.22,39.57,388985
2020-02-20 00:00:00+05:30,39.61,40.59,39.27,40.25,555863
2020-02-24 00:00:00+05:30,39.76,40.64,39.71,40.1,445891
2020-02-25 00:00:00+05:30,40.1,40.1,39.22,39.37,194761
2020-02-26 00:00:00+05:30,39.17,39.52,38.68,38.83,265469
2020-02-27 00:00:00+05:30,38.78,38.83,37.21,37.51,300705
2020-02-28 00:00:00+05:30,33.84,37.9,33.84,37.21,703574
2020-03-02 00:00:00+05:30,37.21,38.15,36.92,37.21,314422
2020-03-03 00:00:00+05:30,36.63,37.85,36.63,37.26,440887
2020-03-04 00:00:00+05:30,37.26,37.46,36.24,37.31,411908
2020-03-05 00:00:00+05:30,37.21,37.51,36.73,37.07,406315
2020-03-06 00:00:00+05:30,36.24,36.43,35.7,36.24,225732
2020-03-09 00:00:00+05:30,35.79,37.75,35.79,36.38,433949
2020-03-11 00:00:00+05:30,36.19,37.21,36.04,36.24,322432
2020-03-12 00:00:00+05:30,35.31,35.6,33.3,35.11,814424
2020-03-13 00:00:00+05:30,33.2,37.21,28.11,36.33,959269
2020-03-16 00:00:00+05:30,33.59,36.43,33.59,35.65,234736
2020-03-17 00:00:00+05:30,35.84,36.24,33.54,33.64,321838
2020-03-18 00:00:00+05:30,33.89,34.03,31.29,31.73,308168
2020-03-19 00:00:00+05:30,31.34,31.63,28.2,28.4,722297
2020-03-20 00:00:00+05:30,28.84,30.16,27.42,27.86,815858
2020-03-23 00:00:00+05:30,26.44,26.44,22.33,22.33,1093115
2020-03-24 00:00:00+05:30,23.31,23.65,20.32,22.23,325950
2020-03-25 00:00:00+05:30,22.08,22.62,20.66,22.38,332189
2020-03-26 00:00:00+05:30,23.01,23.5,20.76,22.77,334735
2020-03-27 00:00:00+05:30,23.6,24.39,22.52,22.92,353244
2020-03-30 00:00:00+05:30,22.67,22.92,21.5,21.84,275070
2020-03-31 00:00:00+05:30,21.99,23.16,21.84,22.67,468076
2020-04-01 00:00:00+05:30,22.62,23.16,21.84,22.97,240533
2020-04-03 00:00:00+05:30,23.5,23.5,22.52,23.06,307876
2020-04-07 00:00:00+05:30,24.39,24.39,23.21,23.9,473496
2020-04-08 00:00:00+05:30,23.6,24.48,23.36,23.8,461764
2020-04-09 00:00:00+05:30,24.48,25.85,23.7,25.51,524172
2020-04-13 00:00:00+05:30,26.2,27.37,25.9,26.59,490443
2020-04-15 00:00:00+05:30,27.62,27.81,26.83,27.42,423742
2020-04-16 00:00:00+05:30,27.42,29.23,27.03,28.89,779342
2020-04-17 00:00:00+05:30,29.87,34.08,29.28,32.56,1627200
2020-04-20 00:00:00+05:30,33.89,35.65,33.3,33.93,1936189
2020-04-21 00:00:00+05:30,34.08,34.08,31.24,31.53,664629
2020-04-22 00:00:00+05:30,30.56,31.93,29.48,31.14,406486
2020-04-23 00:00:00+05:30,31.34,34.72,31.05,31.49,1206975
2020-04-24 00:00:00+05:30,32.27,32.27,31.14,31.68,422785
2020-04-27 00:00:00+05:30,33.3,34.37,31.93,32.07,416271
2020-04-28 00:00:00+05:30,32.71,33.0,31.44,31.68,394311
2020-04-29 00:00:00+05:30,31.83,32.07,31.24,31.34,341776
2020-04-30 00:00:00+05:30,31.83,32.22,31.34,31.78,582394
2020-05-04 00:00:00+05:30,31.24,32.47,30.36,30.6,272353
2020-05-05 00:00:00+05:30,31.34,31.88,30.36,30.51,301140
2020-05-06 00:00:00+05:30,32.02,32.02,29.67,30.21,352146
2020-05-07 00:00:00+05:30,29.87,30.51,29.63,29.77,164982
2020-05-08 00:00:00+05:30,29.87,30.41,28.79,29.09,263651
2020-05-11 00:00:00+05:30,29.82,29.87,27.91,28.06,631048
2020-05-12 00:00:00+05:30,28.06,28.35,27.03,27.23,502819
2020-05-13 00:00:00+05:30,29.28,29.28,27.42,27.72,605104
2020-05-14 00:00:00+05:30,27.72,28.2,26.98,27.76,340756
2020-05-15 00:00:00+05:30,28.35,28.6,27.62,27.86,355532
2020-05-18 00:00:00+05:30,27.91,28.84,26.74,27.18,275555
2020-05-19 00:00:00+05:30,27.42,28.16,26.93,27.03,302072
2020-05-20 00:00:00+05:30,26.93,27.62,26.74,26.88,383904
2020-05-21 00:00:00+05:30,26.54,27.18,26.44,26.49,361829
2020-05-22 00:00:00+05:30,26.83,26.88,25.95,26.05,396895
2020-05-26 00:00:00+05:30,26.64,26.64,26.1,26.34,192645
2020-05-27 00:00:00+05:30,26.54,26.64,25.66,26.1,460895
2020-05-28 00:00:00+05:30,26.54,27.91,26.44,27.32,558069
2020-05-29 00:00:00+05:30,27.42,28.65,27.03,28.11,1017173
2020-06-01 00:00:00+05:30,28.45,32.07,28.45,30.75,4189636
2020-06-02 00:00:00+05:30,31.68,31.68,30.07,30.41,1013506
2020-06-03 00:00:00+05:30,31.0,31.29,30.36,30.51,834550
2020-06-04 00:00:00+05:30,30.65,31.44,29.92,30.07,683506
2020-06-05 00:00:00+05:30,29.87,31.34,29.87,31.14,1366715
2020-06-08 00:00:00+05:30,31.49,33.59,31.49,32.32,2330804
2020-06-09 00:00:00+05:30,33.05,33.93,32.32,32.61,1685705
2020-06-10 00:00:00+05:30,31.78,32.71,30.6,32.42,1911280
2020-06-11 00:00:00+05:30,32.12,32.51,31.24,31.53,1067717
2020-06-12 00:00:00+05:30,30.36,33.54,29.97,32.02,1581778
2020-06-15 00:00:00+05:30,32.32,32.51,31.44,31.63,530946
2020-06-16 00:00:00+05:30,32.02,32.66,31.44,31.78,929944
2020-06-17 00:00:00+05:30,31.78,32.17,31.14,31.63,444601
2020-06-18 00:00:00+05:30,31.73,32.32,31.44,31.93,557405
2020-06-19 00:00:00+05:30,32.32,32.66,31.34,31.49,547689
2020-06-22 00:00:00+05:30,32.02,33.3,31.83,32.42,1229851
2020-06-23 00:00:00+05:30,32.51,34.96,32.17,34.57,3436511
2020-06-24 00:00:00+05:30,35.5,41.48,35.5,40.89,22946888
2020-06-25 00:00:00+05:30,39.91,40.1,36.24,38.59,5418713
2020-06-26 00:00:00+05:30,39.57,40.15,38.19,38.39,2848899
2020-06-29 00:00:00+05:30,38.34,38.83,36.92,37.41,1292924
2020-06-30 00:00:00+05:30,37.61,37.75,35.75,35.89,1093991
2020-07-01 00:00:00+05:30,35.84,36.87,35.5,36.14,864975
2020-07-02 00:00:00+05:30,36.33,37.56,36.33,36.63,1253010
2020-07-03 00:00:00+05:30,36.87,37.66,35.75,36.04,1060630
2020-07-06 00:00:00+05:30,36.09,36.58,35.65,35.89,1021891
2020-07-07 00:00:00+05:30,35.89,36.24,35.55,35.75,729407
2020-07-08 00:00:00+05:30,37.12,38.78,36.28,36.53,3021287
2020-07-09 00:00:00+05:30,36.92,37.07,36.09,36.19,746238
2020-07-10 00:00:00+05:30,36.24,36.68,35.55,35.7,736837
2020-07-13 00:00:00+05:30,35.7,36.19,34.77,35.11,645217
2020-07-14 00:00:00+05:30,34.96,35.11,33.84,34.13,524510
2020-07-15 00:00:00+05:30,34.52,35.21,33.35,33.59,700263
2020-07-16 00:00:00+05:30,33.1,34.08,32.95,33.49,556995
2020-07-17 00:00:00+05:30,34.03,34.86,33.49,34.13,3191663
2020-07-20 00:00:00+05:30,34.28,34.52,33.98,34.28,675469
2020-07-21 00:00:00+05:30,34.47,40.15,34.37,37.07,8262782
2020-07-22 00:00:00+05:30,37.95,38.68,34.62,36.09,8556061
2020-07-23 00:00:00+05:30,35.35,37.02,35.35,35.84,2146148
2020-07-24 00:00:00+05:30,35.45,35.84,34.37,34.96,1804932
2020-07-27 00:00:00+05:30,36.53,36.73,35.26,35.55,2163493
2020-07-28 00:00:00+05:30,35.55,36.63,35.01,36.04,2333822
2020-07-29 00:00:00+05:30,36.04,38.39,35.55,37.36,6020473
2020-07-30 00:00:00+05:30,37.61,37.7,35.84,36.53,1444767
2020-07-31 00:00:00+05:30,36.63,36.68,35.5,35.65,940584
2020-08-03 00:00:00+05:30,35.26,36.92,35.26,35.4,1249708
2020-08-04 00:00:00+05:30,35.75,36.33,35.45,35.75,1148321
2020-08-05 00:00:00+05:30,34.33,34.47,33.4,34.03,2790826
2020-08-06 00:00:00+05:30,34.52,35.7,33.89,34.13,3753985
2020-08-07 00:00:00+05:30,34.13,34.67,33.79,33.84,1328804
2020-08-10 00:00:00+05:30,34.42,34.47,33.54,33.69,1254810
2020-08-11 00:00:00+05:30,33.93,34.18,33.0,33.2,1924141
2020-08-12 00:00:00+05:30,33.15,33.59,32.86,33.0,1340738
2020-08-13 00:00:00+05:30,33.3,33.3,32.22,32.42,2091579
2020-08-14 00:00:00+05:30,32.42,33.54,32.17,32.66,2885160
2020-08-17 00:00:00+05:30,33.05,33.1,31.98,32.22,1477870
2020-08-18 00:00:00+05:30,32.37,32.86,32.17,32.22,1726718
2020-08-19 00:00:00+05:30,32.61,33.49,32.32,32.91,2035014
2020-08-20 00:00:00+05:30,32.61,34.18,32.61,33.69,2384591
2020-08-21 00:00:00+05:30,34.28,34.52,33.69,33.74,1366354
2020-08-24 00:00:00+05:30,34.18,34.23,33.44,33.54,841870
2020-08-25 00:00:00+05:30,33.59,33.89,33.05,33.2,1105711
2020-08-26 00:00:00+05:30,33.69,33.74,33.2,33.3,1025608
2020-08-27 00:00:00+05:30,33.44,33.59,33.1,33.2,726307
2020-08-28 00:00:00+05:30,33.44,33.74,32.71,32.81,1679585
2020-08-31 00:00:00+05:30,33.05,33.3,31.09,31.24,3346360
2020-09-01 00:00:00+05:30,31.34,31.93,30.6,30.85,1125396
2020-09-02 00:00:00+05:30,30.75,31.24,30.65,31.14,560985
2020-09-03 00:00:00+05:30,31.29,31.73,30.8,30.85,743478
2020-09-04 00:00:00+05:30,30.7,31.09,30.36,30.85,641427
2020-09-07 00:00:00+05:30,31.14,31.29,29.67,29.82,1748969
2020-09-08 00:00:00+05:30,29.87,29.97,28.06,28.65,1838111
2020-09-09 00:00:00+05:30,28.55,28.55,28.01,28.4,667016
2020-09-10 00:00:00+05:30,28.5,29.58,28.5,29.38,603634
2020-09-11 00:00:00+05:30,29.97,30.16,29.14,29.33,1242363
2020-09-14 00:00:00+05:30,29.48,30.02,29.04,29.23,982594
2020-09-15 00:00:00+05:30,29.48,29.58,28.94,29.04,485311
2020-09-16 00:00:00+05:30,29.38,29.38,28.65,28.74,615815
2020-09-17 00:00:00+05:30,28.69,29.48,28.4,28.45,1289732
2020-09-18 00:00:00+05:30,28.74,29.04,28.11,28.25,949839
2020-09-21 00:00:00+05:30,28.45,28.79,27.42,27.52,802130
2020-09-22 00:00:00+05:30,27.62,27.86,26.15,26.83,758255
2020-09-23 00:00:00+05:30,26.83,27.42,26.64,26.88,500382
2020-09-24 00:00:00+05:30,26.83,26.83,26.05,26.15,556248
2020-09-25 00:00:00+05:30,26.15,26.74,26.15,26.44,849906
2020-09-28 00:00:00+05:30,26.83,27.81,26.39,26.44,2241385
2020-09-29 00:00:00+05:30,26.54,27.03,25.85,25.9,1471614
2020-09-30 00:00:00+05:30,26.1,26.2,25.02,25.17,1199637
2020-10-01 00:00:00+05:30,25.22,26.0,24.97,25.81,1424873
2020-10-05 00:00:00+05:30,25.95,26.69,25.76,26.39,695552
2020-10-06 00:00:00+05:30,26.69,26.83,25.76,26.25,535323
2020-10-07 00:00:00+05:30,25.95,26.64,25.9,26.0,645662
2020-10-08 00:00:00+05:30,26.2,26.34,25.61,25.85,452068
2020-10-09 00:00:00+05:30,25.85,26.34,25.71,25.9,600040
2020-10-12 00:00:00+05:30,26.15,26.3,25.41,25.51,492493
2020-10-13 00:00:00+05:30,25.51,25.66,25.27,25.36,269227
2020-10-14 00:00:00+05:30,25.46,25.56,24.97,25.12,374002
2020-10-15 00:00:00+05:30,25.51,25.56,24.73,24.83,511589
2020-10-16 00:00:00+05:30,24.92,25.17,24.78,25.07,220824
2020-10-19 00:00:00+05:30,25.36,25.85,25.22,25.56,425410
2020-10-20 00:00:00+05:30,25.9,26.44,25.81,26.2,1248870
2020-10-21 00:00:00+05:30,26.44,26.98,26.3,26.49,904372
2020-10-22 00:00:00+05:30,26.98,30.56,26.69,29.38,12494191
2020-10-23 00:00:00+05:30,29.48,30.02,28.5,28.69,1566633
2020-10-26 00:00:00+05:30,28.94,29.28,27.72,28.06,976352
2020-10-27 00:00:00+05:30,27.91,28.55,27.76,28.16,1186664
2020-10-28 00:00:00+05:30,28.16,28.4,27.57,27.76,421182
2020-10-29 00:00:00+05:30,27.57,27.91,27.03,27.57,539217
2020-10-30 00:00:00+05:30,29.04,29.23,28.11,28.3,3008243
2020-11-02 00:00:00+05:30,28.4,28.69,27.03,27.42,811306
2020-11-03 00:00:00+05:30,27.62,27.72,26.93,27.08,488340
2020-11-04 00:00:00+05:30,27.18,27.37,26.44,26.64,437483
2020-11-05 00:00:00+05:30,26.69,27.32,26.39,26.44,1539498
2020-11-06 00:00:00+05:30,26.69,26.98,26.54,26.64,761617
2020-11-09 00:00:00+05:30,27.03,27.13,26.74,26.98,492793
2020-11-10 00:00:00+05:30,27.42,27.47,27.08,27.32,587255
2020-11-11 00:00:00+05:30,27.23,27.81,27.03,27.27,1249107
2020-11-12 00:00:00+05:30,27.27,27.81,26.93,27.18,996113
2020-11-13 00:00:00+05:30,27.27,27.42,26.83,26.93,718062
2020-11-14 00:00:00+05:30,27.32,27.42,27.08,27.37,235502
2020-11-17 00:00:00+05:30,27.86,28.11,27.42,27.52,1758193
2020-11-18 00:00:00+05:30,27.76,27.76,27.27,27.37,1079098
2020-11-19 00:00:00+05:30,27.47,28.01,27.18,27.37,1231668
2020-11-20 00:00:00+05:30,27.67,27.67,27.13,27.23,897682
2020-11-23 00:00:00+05:30,27.62,28.16,27.27,28.01,1255330
2020-11-24 00:00:00+05:30,28.01,28.84,27.91,28.45,1897398
2020-11-25 00:00:00+05:30,28.65,29.18,28.4,28.65,1923934
2020-11-26 00:00:00+05:30,29.18,29.23,28.65,28.74,1132298
2020-11-27 00:00:00+05:30,28.79,29.23,28.65,28.89,1529072
2020-12-01 00:00:00+05:30,29.14,31.93,28.65,31.29,7712697
2020-12-02 00:00:00+05:30,31.58,33.49,31.58,32.76,9190190
2020-12-03 00:00:00+05:30,33.0,33.3,32.47,33.05,3001885
2020-12-04 00:00:00+05:30,33.15,33.49,31.44,32.17,2767939
2020-12-07 00:00:00+05:30,32.32,33.3,32.17,33.15,2518266
2020-12-08 00:00:00+05:30,33.4,36.14,33.15,34.96,11538689
2020-12-09 00:00:00+05:30,35.26,35.6,34.03,34.18,3440352
2020-12-10 00:00:00+05:30,34.28,34.37,32.81,33.54,1874273
2020-12-11 00:00:00+05:30,33.64,35.16,33.64,34.08,4119543
2020-12-14 00:00:00+05:30,34.42,36.43,34.42,36.14,12736861
2020-12-15 00:00:00+05:30,36.43,36.63,35.35,35.7,4201793
2020-12-16 00:00:00+05:30,35.99,36.14,35.5,35.6,1743874
2020-12-17 00:00:00+05:30,36.24,36.43,34.57,35.26,4868584
2020-12-18 00:00:00+05:30,35.45,35.5,33.98,34.23,2323932
2020-12-21 00:00:00+05:30,34.23,34.28,30.36,32.22,3060633
2020-12-22 00:00:00+05:30,32.02,33.2,29.82,32.76,2495314
2020-12-23 00:00:00+05:30,32.47,33.4,32.47,33.2,842688
2020-12-24 00:00:00+05:30,33.49,34.23,32.56,33.44,3086160
2020-12-28 00:00:00+05:30,33.74,33.98,33.05,33.64,1195255
2020-12-29 00:00:00+05:30,33.89,34.13,33.25,33.54,908009
2020-12-30 00:00:00+05:30,33.79,35.16,33.3,34.52,4340790
2020-12-31 00:00:00+05:30,34.67,34.96,34.42,34.72,1274532
2021-01-01 00:00:00+05:30,34.91,35.5,34.67,35.21,1346047
2021-01-04 00:00:00+05:30,35.55,36.14,35.26,35.55,1743156
2021-01-05 00:00:00+05:30,35.55,39.66,34.96,38.68,18603395
2021-01-06 00:00:00+05:30,39.03,39.47,37.56,38.44,6525603
2021-01-07 00:00:00+05:30,38.88,39.17,37.8,37.95,1742358
2021-01-08 00:00:00+05:30,38.29,38.63,37.31,37.9,2079836
2021-01-11 00:00:00+05:30,38.15,40.35,37.51,40.01,11716391
2021-01-12 00:00:00+05:30,40.35,40.5,39.47,39.66,5825264
2021-01-13 00:00:00+05:30,39.57,42.41,39.27,39.91,11995094
2021-01-14 00:00:00+05:30,40.05,40.79,39.47,39.96,2824665
2021-01-15 00:00:00+05:30,39.86,40.1,38.49,38.68,1920132
2021-01-18 00:00:00+05:30,38.68,38.73,36.77,37.46,1849879
2021-01-19 00:00:00+05:30,37.61,39.96,37.61,39.27,1724678
2021-01-20 00:00:00+05:30,39.32,39.61,38.49,38.68,1845721
2021-01-21 00:00:00+05:30,38.98,39.47,37.36,37.51,1390302
2021-01-22 00:00:00+05:30,37.7,37.95,36.87,37.31,972713
2021-01-25 00:00:00+05:30,37.61,38.39,36.14,36.33,1216948
2021-01-27 00:00:00+05:30,36.04,36.04,33.84,34.33,1314166
2021-01-28 00:00:00+05:30,33.89,37.56,33.59,36.97,2111802
2021-01-29 00:00:00+05:30,37.36,37.7,34.57,35.16,1233055
2021-02-01 00:00:00+05:30,35.89,35.89,34.28,34.77,1826666
2021-02-02 00:00:00+05:30,34.08,34.42,33.1,33.4,4281950
2021-02-03 00:00:00+05:30,33.69,34.08,33.4,33.93,1888704
2021-02-04 00:00:00+05:30,33.84,35.6,33.69,35.35,2888362
2021-02-05 00:00:00+05:30,35.7,35.7,34.37,34.67,1187531
2021-02-08 00:00:00+05:30,34.91,35.4,34.13,34.28,1604349
2021-02-09 00:00:00+05:30,34.57,35.35,34.33,34.52,1288869
2021-02-10 00:00:00+05:30,34.72,35.11,33.89,34.13,1024435
2021-02-11 00:00:00+05:30,34.08,35.06,33.93,34.52,1252384
2021-02-12 00:00:00+05:30,34.37,34.72,33.98,34.08,757009
2021-02-15 00:00:00+05:30,34.62,34.62,33.59,33.69,558920
2021-02-16 00:00:00+05:30,33.98,34.28,33.64,33.79,693104
2021-02-17 00:00:00+05:30,33.84,38.98,33.84,38.05,12221790
2021-02-18 00:00:00+05:30,38.29,39.57,38.0,38.39,5114591
2021-02-19 00:00:00+05:30,38.19,38.39,35.89,36.82,2079962
2021-02-22 00:00:00+05:30,36.82,37.46,35.5,35.99,1190091
2021-02-23 00:00:00+05:30,36.28,38.29,36.28,37.51,3031048
2021-02-24 00:00:00+05:30,37.75,38.39,37.21,37.36,1200847
2021-02-25 00:00:00+05:30,37.7,39.61,37.66,38.39,3998498
2021-02-26 00:00:00+05:30,37.8,41.33,37.41,39.52,10178374
2021-03-01 00:00:00+05:30,40.3,43.87,40.05,42.5,11738101
2021-03-02 00:00:00+05:30,43.09,45.15,42.41,42.75,8317854
2021-03-03 00:00:00+05:30,43.09,43.48,41.77,42.06,4275157
2021-03-04 00:00:00+05:30,41.48,42.6,41.13,41.77,2415131
2021-03-05 00:00:00+05:30,42.6,44.36,40.74,41.52,6097872
2021-03-08 00:00:00+05:30,42.11,44.9,42.11,43.38,11007299
2021-03-09 00:00:00+05:30,43.83,44.02,40.25,41.48,3918577
2021-03-10 00:00:00+05:30,41.77,42.6,41.28,42.16,3240774
2021-03-12 00:00:00+05:30,42.65,42.7,40.64,41.03,2097735
2021-03-15 00:00:00+05:30,41.28,41.28,38.78,39.27,3412159
2021-03-16 00:00:00+05:30,39.47,40.84,39.27,40.01,2273904
2021-03-17 00:00:00+05:30,40.15,41.87,39.17,40.4,4923087
2021-03-18 00:00:00+05:30,40.94,41.08,38.44,39.42,2208791
2021-03-19 00:00:00+05:30,38.73,41.03,37.51,40.05,3130434
2021-03-22 00:00:00+05:30,40.05,40.1,39.17,39.42,1066938
2021-03-23 00:00:00+05:30,39.71,39.76,38.19,38.44,1289946
2021-03-24 00:00:00+05:30,38.44,39.61,37.9,38.88,2158229
2021-03-25 00:00:00+05:30,38.88,39.12,37.8,38.39,1280139
2021-03-26 00:00:00+05:30,39.17,40.1,37.51,37.9,1509163
2021-03-30 00:00:00+05:30,38.19,38.63,38.0,38.39,1274638
2021-03-31 00:00:00+05:30,38.29,38.68,37.85,38.05,998350
2021-04-01 00:00:00+05:30,38.44,39.71,38.19,39.22,1267870
2021-04-05 00:00:00+05:30,39.22,39.37,37.61,38.24,1266417
2021-04-06 00:00:00+05:30,38.24,38.93,37.95,38.49,583781
2021-04-07 00:00:00+05:30,38.68,38.98,38.29,38.39,668040
2021-04-08 00:00:00+05:30,38.88,38.88,38.19,38.29,759584
2021-04-09 00:00:00+05:30,38.39,38.68,38.0,38.15,490791
2021-04-12 00:00:00+05:30,37.75,37.75,35.01,35.26,1545378
2021-04-13 00:00:00+05:30,35.5,35.75,34.82,35.16,1338567
2021-04-15 00:00:00+05:30,35.16,36.14,34.77,35.7,1473657
2021-04-16 00:00:00+05:30,35.99,36.87,35.7,36.77,1226153
2021-04-19 00:00:00+05:30,35.99,36.14,34.57,34.96,656733
2021-04-20 00:00:00+05:30,35.31,36.53,35.26,36.24,1212801
2021-04-22 00:00:00+05:30,36.24,36.24,35.16,35.89,870486
2021-04-23 00:00:00+05:30,36.04,38.15,35.84,36.68,2769083
2021-04-26 00:00:00+05:30,37.02,39.61,36.73,37.51,4168835
2021-04-27 00:00:00+05:30,37.66,38.15,37.17,37.41,1482551
2021-04-28 00:00:00+05:30,37.7,37.95,36.97,37.17,2142001
2021-04-29 00:00:00+05:30,38.19,42.26,37.46,41.77,18684756
2021-04-30 00:00:00+05:30,41.62,42.9,40.4,42.36,9254259
2021-05-03 00:00:00+05:30,42.21,43.29,41.43,42.6,4078600
2021-05-04 00:00:00+05:30,42.7,45.34,42.31,42.7,8990584
2021-05-05 00:00:00+05:30,43.38,43.83,42.21,42.75,2813977
2021-05-06 00:00:00+05:30,43.19,43.73,42.31,43.24,2879921
2021-05-07 00:00:00+05:30,43.48,43.97,42.45,43.04,3669674
2021-05-10 00:00:00+05:30,43.19,43.48,42.11,42.41,3178149
2021-05-11 00:00:00+05:30,42.11,46.62,41.23,45.59,13560658
2021-05-12 00:00:00+05:30,46.03,52.3,46.03,47.06,27537975
2021-05-14 00:00:00+05:30,47.5,49.16,46.03,46.52,6427725
2021-05-17 00:00:00+05:30,46.86,49.46,46.13,47.6,6428460
2021-05-18 00:00:00+05:30,52.88,54.11,50.53,51.86,37249844
2021-05-19 00:00:00+05:30,51.42,51.61,50.24,50.83,8760856
2021-05-20 00:00:00+05:30,50.73,51.32,48.77,49.11,3916528
2021-05-21 00:00:00+05:30,49.75,52.0,48.38,50.63,13634956
2021-05-24 00:00:00+05:30,50.88,51.12,49.16,49.65,4801854
2021-05-25 00:00:00+05:30,50.0,50.53,49.11,49.36,3580024
2021-05-26 00:00:00+05:30,49.85,51.66,49.26,50.48,9615015
2021-05-27 00:00:00+05:30,50.83,51.22,50.09,50.29,3279760
2021-05-28 00:00:00+05:30,50.63,51.12,48.72,48.92,3436985
2021-05-31 00:00:00+05:30,49.21,49.36,47.79,48.23,2487522
2021-06-01 00:00:00+05:30,48.43,50.63,48.38,49.16,6342720
2021-06-02 00:00:00+05:30,49.21,51.71,49.02,51.17,10027177
2021-06-03 00:00:00+05:30,51.37,51.61,50.0,50.24,2886568
2021-06-04 00:00:00+05:30,50.63,51.22,50.0,50.09,2634235
2021-06-07 00:00:00+05:30,50.48,51.37,50.04,50.24,2489360
2021-06-08 00:00:00+05:30,50.34,50.88,49.6,49.85,2077109
2021-06-09 00:00:00+05:30,50.29,50.53,48.48,48.87,3418820
2021-06-10 00:00:00+05:30,49.36,50.78,49.16,50.24,2954033
2021-06-11 00:00:00+05:30,51.02,51.9,50.04,50.29,6034647
2021-06-14 00:00:00+05:30,50.44,51.17,49.16,50.29,3278931
2021-06-15 00:00:00+05:30,50.39,55.43,50.29,53.72,34898018
2021-06-16 00:00:00+05:30,54.11,55.04,52.44,52.79,8873419
2021-06-17 00:00:00+05:30,52.35,53.18,51.71,51.95,3696268
2021-06-18 00:00:00+05:30,52.39,52.44,49.26,50.19,4601829
2021-06-21 00:00:00+05:30,49.26,51.42,48.62,50.97,2730081
2021-06-22 00:00:00+05:30,51.32,54.65,51.22,51.61,9952434
2021-06-23 00:00:00+05:30,52.1,52.39,50.58,50.83,2790216
2021-06-24 00:00:00+05:30,51.12,52.79,50.63,50.88,3542456
2021-06-25 00:00:00+05:30,51.17,51.51,50.14,50.34,2180268
2021-06-28 00:00:00+05:30,50.97,51.51,50.58,50.88,2044772
2021-06-29 00:00:00+05:30,50.93,52.1,50.53,50.78,1655485
2021-06-30 00:00:00+05:30,50.97,51.71,50.0,50.24,2038837
2021-07-01 00:00:00+05:30,50.29,50.58,49.75,49.95,1025475
2021-07-02 00:00:00+05:30,50.04,50.58,49.7,49.85,1602123
2021-07-05 00:00:00+05:30,50.24,50.73,49.26,49.41,1917034
2021-07-06 00:00:00+05:30,49.65,50.34,48.23,48.48,3100445
2021-07-07 00:00:00+05:30,48.38,48.77,47.74,47.94,1734982
2021-07-08 00:00:00+05:30,48.13,49.41,47.25,47.35,2364017
2021-07-09 00:00:00+05:30,47.35,48.23,47.35,47.89,1711862
2021-07-12 00:00:00+05:30,48.09,48.48,47.45,47.89,1832039
2021-07-13 00:00:00+05:30,48.09,48.67,47.69,47.84,2093218
2021-07-14 00:00:00+05:30,47.94,48.28,47.55,47.69,1200515
2021-07-15 00:00:00+05:30,47.69,48.04,47.11,47.25,965693
2021-07-16 00:00:00+05:30,47.6,47.64,46.62,46.76,1103234
2021-07-19 00:00:00+05:30,46.71,47.16,46.03,46.52,1894498
2021-07-20 00:00:00+05:30,46.52,46.67,44.07,44.56,2229353
2021-07-22 00:00:00+05:30,45.29,45.49,44.61,45.0,1215328
2021-07-23 00:00:00+05:30,45.1,45.25,44.46,44.61,863707
2021-07-26 00:00:00+05:30,44.61,44.71,43.14,43.83,1856205
2021-07-27 00:00:00+05:30,44.07,46.52,43.97,45.34,7766601
2021-07-28 00:00:00+05:30,45.78,45.93,44.32,45.54,2117852
2021-07-29 00:00:00+05:30,45.78,45.83,44.51,44.76,1355495
2021-07-30 00:00:00+05:30,43.29,44.36,43.14,43.78,2505732
2021-08-02 00:00:00+05:30,43.97,44.56,43.83,44.12,1734575
2021-08-03 00:00:00+05:30,44.36,44.56,43.19,43.48,1546924
2021-08-04 00:00:00+05:30,43.68,43.87,42.16,42.41,1497390
2021-08-05 00:00:00+05:30,42.6,42.65,41.18,41.48,1460401
2021-08-06 00:00:00+05:30,41.72,43.09,41.72,42.45,1944488
2021-08-09 00:00:00+05:30,42.94,42.94,41.13,41.96,1142595
2021-08-10 00:00:00+05:30,41.92,42.45,39.66,40.5,1304410
2021-08-11 00:00:00+05:30,40.15,40.64,38.93,39.71,1638249
2021-08-12 00:00:00+05:30,39.86,43.04,39.76,42.11,2439982
2021-08-13 00:00:00+05:30,42.11,42.7,41.52,42.26,1441538
2021-08-16 00:00:00+05:30,42.11,42.26,40.94,41.67,1496161
2021-08-17 00:00:00+05:30,41.67,44.56,41.38,44.02,3860245
2021-08-18 00:00:00+05:30,44.22,44.46,42.65,44.17,2538408
2021-08-20 00:00:00+05:30,43.58,44.02,41.23,41.96,1700807
2021-08-23 00:00:00+05:30,42.11,42.41,40.4,40.69,1451695
2021-08-24 00:00:00+05:30,40.89,41.67,40.5,40.79,1031431
2021-08-25 00:00:00+05:30,41.23,41.96,41.23,41.38,944321
2021-08-26 00:00:00+05:30,41.92,42.01,41.13,41.33,568162
2021-08-27 00:00:00+05:30,41.57,41.87,41.23,41.38,443485
2021-08-30 00:00:00+05:30,41.87,42.41,41.52,41.87,712882
2021-08-31 00:00:00+05:30,42.36,43.04,41.67,42.06,890030
2021-09-01 00:00:00+05:30,42.41,42.41,41.62,41.77,572093
2021-09-02 00:00:00+05:30,41.67,42.41,41.67,42.11,603521
2021-09-03 00:00:00+05:30,42.11,42.94,42.11,42.7,1103654
2021-09-06 00:00:00+05:30,43.09,43.58,41.23,42.36,1659195
2021-09-07 00:00:00+05:30,42.6,42.85,41.77,42.11,596782
2021-09-08 00:00:00+05:30,41.82,42.45,41.67,41.92,539496
2021-09-09 00:00:00+05:30,41.92,42.9,41.77,42.06,1320542
2021-09-13 00:00:00+05:30,42.5,42.5,42.11,42.26,726309
2021-09-14 00:00:00+05:30,42.41,42.75,42.31,42.41,747204
2021-09-15 00:00:00+05:30,42.6,44.02,42.36,43.63,2305507
2021-09-16 00:00:00+05:30,43.97,44.56,43.73,44.12,1474445
2021-09-17 00:00:00+05:30,44.51,44.51,42.99,43.97,2219905
2021-09-20 00:00:00+05:30,43.73,43.87,42.11,42.41,959977
2021-09-21 00:00:00+05:30,42.5,42.6,41.33,42.01,764693
2021-09-22 00:00:00+05:30,42.31,42.75,41.87,42.06,725179
2021-09-23 00:00:00+05:30,42.21,43.83,42.21,43.29,1530159
2021-09-24 00:00:00+05:30,43.34,44.22,42.65,43.58,1913512
2021-09-27 00:00:00+05:30,43.83,44.95,43.58,43.92,1769349
2021-09-28 00:00:00+05:30,44.36,44.56,43.48,43.78,1426437
2021-09-29 00:00:00+05:30,43.53,45.49,43.34,44.85,2747325
2021-09-30 00:00:00+05:30,45.39,46.22,44.61,45.74,3350274
2021-10-01 00:00:00+05:30,52.84,52.84,49.51,49.8,28519404
2021-10-04 00:00:00+05:30,50.53,50.83,48.87,49.41,4544260
2021-10-05 00:00:00+05:30,49.31,53.03,48.97,51.56,13762896
2021-10-06 00:00:00+05:30,51.9,52.88,50.09,50.53,5411324
2021-10-07 00:00:00+05:30,50.53,51.32,49.95,50.09,3214891
2021-10-08 00:00:00+05:30,50.53,50.88,49.26,49.41,2264611
2021-10-11 00:00:00+05:30,49.55,50.68,49.51,49.75,2060084
2021-10-12 00:00:00+05:30,49.46,50.44,49.46,49.95,1480435
2021-10-13 00:00:00+05:30,50.24,50.88,49.46,49.65,2763635
2021-10-14 00:00:00+05:30,49.95,52.35,49.55,50.93,6622494
2021-10-18 00:00:00+05:30,51.42,51.86,50.93,51.42,2621817
2021-10-19 00:00:00+05:30,51.76,53.57,49.55,50.73,5055282
2021-10-20 00:00:00+05:30,50.04,50.44,48.97,49.55,1993067
2021-10-21 00:00:00+05:30,49.95,50.63,49.36,49.8,1465035
2021-10-22 00:00:00+05:30,49.9,50.24,48.97,49.31,1215924
2021-10-25 00:00:00+05:30,49.46,56.61,47.4,54.21,25004966
2021-10-26 00:00:00+05:30,53.23,54.3,50.04,50.58,10159910
2021-10-27 00:00:00+05:30,50.19,51.32,49.55,50.93,4045588
2021-10-28 00:00:00+05:30,50.63,50.63,48.58,49.02,2454448
2021-10-29 00:00:00+05:30,48.72,49.31,47.64,48.13,1665926
2021-11-01 00:00:00+05:30,48.97,49.26,47.89,48.09,1294300
2021-11-02 00:00:00+05:30,48.33,48.58,47.79,47.94,634191
2021-11-03 00:00:00+05:30,48.13,49.6,47.99,48.28,1587108
2021-11-04 00:00:00+05:30,48.58,48.97,48.28,48.72,211752
2021-11-08 00:00:00+05:30,48.72,50.14,48.18,49.55,1469105
2021-11-09 00:00:00+05:30,49.46,50.19,49.26,49.41,744744
2021-11-10 00:00:00+05:30,49.26,49.8,48.82,48.97,701376
2021-11-11 00:00:00+05:30,49.16,49.16,48.18,48.43,601696
2021-11-12 00:00:00+05:30,48.58,49.06,47.89,48.04,690728
2021-11-15 00:00:00+05:30,48.09,48.67,47.3,47.55,593466
2021-11-16 00:00:00+05:30,47.5,48.23,47.01,47.16,715675
2021-11-17 00:00:00+05:30,47.01,47.5,46.08,46.27,622912
2021-11-18 00:00:00+05:30,46.52,46.71,45.34,45.59,635119
2021-11-22 00:00:00+05:30,45.59,45.88,42.21,43.24,1101546
2021-11-23 00:00:00+05:30,42.6,48.48,42.6,45.83,1833462
2021-11-24 00:00:00+05:30,46.32,46.91,44.76,45.15,1425669
2021-11-25 00:00:00+05:30,45.15,45.88,44.56,44.9,840531
2021-11-26 00:00:00+05:30,44.56,45.83,43.38,44.71,1678918
2021-11-29 00:00:00+05:30,44.56,44.71,42.11,42.5,919960
2021-11-30 00:00:00+05:30,42.9,44.9,42.36,43.48,1398350
2021-12-01 00:00:00+05:30,43.87,44.27,42.85,43.83,620304
2021-12-02 00:00:00+05:30,43.63,44.02,43.14,43.68,536250
2021-12-03 00:00:00+05:30,44.02,44.51,43.58,44.22,847023
2021-12-06 00:00:00+05:30,44.61,44.85,43.43,43.68,520514
2021-12-07 00:00:00+05:30,43.97,43.97,43.53,43.73,471477
2021-12-08 00:00:00+05:30,44.07,44.22,43.53,43.63,789661
2021-12-09 00:00:00+05:30,43.78,44.46,43.63,43.97,750406
2021-12-10 00:00:00+05:30,44.07,44.71,43.83,43.97,1236561
2021-12-13 00:00:00+05:30,44.27,44.61,43.92,43.97,643359
2021-12-14 00:00:00+05:30,44.76,44.85,44.17,44.32,1182572
2021-12-15 00:00:00+05:30,44.36,44.41,43.48,43.83,614693
2021-12-16 00:00:00+05:30,44.07,44.07,42.9,42.99,515698
2021-12-17 00:00:00+05:30,43.24,43.87,42.06,43.19,874710
2021-12-20 00:00:00+05:30,42.9,42.9,40.1,40.84,891007
2021-12-21 00:00:00+05:30,41.67,42.55,40.99,41.33,712407
2021-12-22 00:00:00+05:30,41.52,42.31,41.43,41.62,386381
2021-12-23 00:00:00+05:30,42.31,42.31,41.77,41.92,358410
2021-12-24 00:00:00+05:30,41.92,42.31,41.23,41.43,421430
2021-12-27 00:00:00+05:30,41.43,41.43,40.64,40.79,780816
2021-12-28 00:00:00+05:30,41.08,43.29,41.03,42.45,1170145
2021-12-29 00:00:00+05:30,42.8,43.34,42.45,42.65,580779
2021-12-30 00:00:00+05:30,42.5,42.9,41.72,41.92,517908
2021-12-31 00:00:00+05:30,42.11,42.6,41.96,42.21,364595
2022-01-03 00:00:00+05:30,42.5,43.04,42.31,42.85,575705
2022-01-04 00:00:00+05:30,42.99,43.78,42.94,43.34,906641
2022-01-05 00:00:00+05:30,43.34,45.1,43.24,43.48,2238538
2022-01-06 00:00:00+05:30,43.24,44.8,42.85,44.36,1895435
2022-01-07 00:00:00+05:30,44.95,45.29,43.83,44.02,1540931
2022-01-10 00:00:00+05:30,44.56,44.66,43.58,43.92,1438137
2022-01-11 00:00:00+05:30,44.07,44.51,43.63,43.73,1295352
2022-01-12 00:00:00+05:30,44.12,44.22,43.19,43.43,1738586
2022-01-13 00:00:00+05:30,43.83,44.51,43.29,43.53,2074097
2022-01-14 00:00:00+05:30,43.38,44.51,43.38,44.02,1095798
2022-01-17 00:00:00+05:30,44.07,44.51,44.07,44.32,1211368
2022-01-18 00:00:00+05:30,44.56,48.23,44.46,44.95,13275957
2022-01-19 00:00:00+05:30,45.25,46.22,44.22,44.41,2583146
2022-01-20 00:00:00+05:30,44.61,44.95,43.38,43.63,1927421
2022-01-21 00:00:00+05:30,43.48,44.32,42.7,43.34,1550057
2022-01-24 00:00:00+05:30,43.38,43.73,40.45,40.59,1933839
2022-01-25 00:00:00+05:30,40.89,42.36,39.42,40.45,2046104
2022-01-27 00:00:00+05:30,40.15,42.9,40.15,42.5,3098354
2022-01-28 00:00:00+05:30,43.09,46.18,42.8,45.54,5742003
2022-01-31 00:00:00+05:30,46.52,47.01,44.56,44.95,5319081
2022-02-01 00:00:00+05:30,45.05,45.29,44.17,44.71,1470927
2022-02-02 00:00:00+05:30,45.0,45.83,44.8,45.44,1786462
2022-02-03 00:00:00+05:30,45.44,47.99,45.25,46.71,4828308
2022-02-04 00:00:00+05:30,47.16,47.84,46.13,46.47,2765007
2022-02-07 00:00:00+05:30,46.22,47.64,45.98,46.86,1367866
2022-02-08 00:00:00+05:30,46.86,47.16,45.29,45.98,1214226
2022-02-09 00:00:00+05:30,46.13,46.81,45.34,45.88,868348
2022-02-10 00:00:00+05:30,45.83,46.52,45.05,45.34,846967
2022-02-11 00:00:00+05:30,44.8,45.74,44.71,45.05,786439
2022-02-14 00:00:00+05:30,44.12,44.46,40.25,41.08,1692371
2022-02-15 00:00:00+05:30,41.18,43.48,40.94,43.29,1471004
2022-02-16 00:00:00+05:30,43.53,43.83,42.5,42.94,1466995
2022-02-17 00:00:00+05:30,43.58,43.73,41.96,42.41,701522
2022-02-18 00:00:00+05:30,42.75,42.75,41.62,41.82,500903
2022-02-21 00:00:00+05:30,42.11,42.21,40.74,41.03,918603
2022-02-22 00:00:00+05:30,40.15,40.74,39.76,40.15,1055349
2022-02-23 00:00:00+05:30,40.74,41.13,40.45,40.89,639347
2022-02-24 00:00:00+05:30,39.17,40.01,36.28,36.58,2100040
2022-02-25 00:00:00+05:30,38.44,39.37,37.7,38.63,1302511
2022-02-28 00:00:00+05:30,38.19,39.86,37.75,39.37,1181321
2022-03-02 00:00:00+05:30,39.57,41.03,39.37,40.05,1466755
2022-03-03 00:00:00+05:30,41.13,41.52,40.4,41.08,1571891
2022-03-04 00:00:00+05:30,40.15,40.94,39.66,39.96,1016075
2022-03-07 00:00:00+05:30,39.76,42.36,38.78,41.13,2899117
2022-03-08 00:00:00+05:30,41.13,42.5,40.64,41.08,2176959
2022-03-09 00:00:00+05:30,41.57,42.6,40.89,42.01,2889358
2022-03-10 00:00:00+05:30,42.6,44.17,42.11,43.04,2995683
2022-03-11 00:00:00+05:30,42.94,43.97,42.7,42.94,1620844
2022-03-14 00:00:00+05:30,43.04,43.24,42.11,42.21,984673
2022-03-15 00:00:00+05:30,42.55,42.55,41.03,41.23,898130
2022-03-16 00:00:00+05:30,41.87,41.96,41.13,41.48,720042
2022-03-17 00:00:00+05:30,41.87,41.96,39.76,40.35,2067211
2022-03-21 00:00:00+05:30,40.69,41.28,40.54,40.69,1131804
2022-03-22 00:00:00+05:30,40.69,42.9,40.69,41.62,3719008
2022-03-23 00:00:00+05:30,41.87,42.5,41.38,41.62,1310585
2022-03-24 00:00:00+05:30,41.62,42.16,41.18,41.28,980590
2022-03-25 00:00:00+05:30,41.52,41.72,40.64,40.79,973281
2022-03-28 00:00:00+05:30,41.18,41.38,39.17,39.86,1763437
2022-03-29 00:00:00+05:30,40.35,40.99,39.71,40.05,1461398
2022-03-30 00:00:00+05:30,40.3,42.11,39.96,41.43,2241569
2022-03-31 00:00:00+05:30,41.33,42.01,40.54,40.74,1137091
2022-04-01 00:00:00+05:30,40.74,42.41,40.74,42.16,1298498
2022-04-04 00:00:00+05:30,43.09,43.43,42.5,43.09,1089266
2022-04-05 00:00:00+05:30,43.29,49.36,43.29,48.23,15534797
2022-04-06 00:00:00+05:30,47.99,50.83,47.3,49.55,7900149
2022-04-07 00:00:00+05:30,49.75,51.61,49.06,49.36,6176255
2022-04-08 00:00:00+05:30,49.7,50.09,48.62,49.36,2195456
2022-04-11 00:00:00+05:30,49.36,53.67,49.21,53.37,14622902
2022-04-12 00:00:00+05:30,53.86,54.11,52.2,52.69,7803767
2022-04-13 00:00:00+05:30,53.03,53.67,51.17,51.56,3188181
2022-04-18 00:00:00+05:30,51.51,52.35,50.58,51.81,2836603
2022-04-19 00:00:00+05:30,52.15,62.14,52.05,56.46,72649710
2022-04-20 00:00:00+05:30,57.39,67.72,57.29,66.5,109691252
2022-04-21 00:00:00+05:30,69.78,71.39,64.2,67.28,37933762
2022-04-22 00:00:00+05:30,65.37,70.17,64.98,68.36,25951465
2022-04-25 00:00:00+05:30,67.57,67.97,63.66,64.93,8289366
2022-04-26 00:00:00+05:30,65.62,66.64,62.68,63.22,6649514
2022-04-27 00:00:00+05:30,62.97,65.91,60.47,63.85,11972731
2022-04-28 00:00:00+05:30,66.6,70.22,65.76,67.57,29235991
2022-04-29 00:00:00+05:30,69.73,74.23,69.04,72.23,30575783
2022-05-02 00:00:00+05:30,72.18,79.13,68.65,78.2,28382804
2022-05-04 00:00:00+05:30,78.59,82.85,74.58,77.32,31101904
2022-05-05 00:00:00+05:30,78.15,79.96,73.74,75.16,16541802
2022-05-06 00:00:00+05:30,73.45,78.05,72.91,76.24,16431211
2022-05-09 00:00:00+05:30,76.39,76.78,71.1,72.13,11232270
2022-05-10 00:00:00+05:30,72.47,75.02,72.47,73.11,11656485
2022-05-11 00:00:00+05:30,73.7,74.14,66.11,67.04,12287871
2022-05-12 00:00:00+05:30,68.41,72.18,64.93,65.47,19888522
2022-05-13 00:00:00+05:30,68.02,70.37,65.86,66.35,12310226
2022-05-16 00:00:00+05:30,67.48,72.96,66.06,72.37,14599304
2022-05-17 00:00:00+05:30,74.77,79.57,74.14,79.57,15212980
2022-05-18 00:00:00+05:30,82.46,87.5,81.77,87.5,29077841
2022-05-19 00:00:00+05:30,84.71,91.42,84.42,86.52,29757422
2022-05-20 00:00:00+05:30,89.56,90.83,89.12,90.83,15206517
2022-05-23 00:00:00+05:30,92.84,93.82,86.33,86.33,3484113
2022-05-24 00:00:00+05:30,82.02,82.02,82.02,82.02,506079
2022-05-25 00:00:00+05:30,77.96,77.96,77.96,77.96,216622
2022-05-26 00:00:00+05:30,76.88,81.82,74.09,81.77,19802871
2022-05-27 00:00:00+05:30,83.15,84.57,77.71,77.71,4604923
2022-05-30 00:00:00+05:30,78.45,80.01,74.43,76.19,7266354
2022-05-31 00:00:00+05:30,77.32,79.96,77.07,79.47,5777231
2022-06-01 00:00:00+05:30,80.31,83.05,79.08,81.24,7511214
2022-06-02 00:00:00+05:30,80.65,82.07,78.59,80.45,5980503
2022-06-03 00:00:00+05:30,80.84,84.47,80.65,84.42,8289160
2022-06-06 00:00:00+05:30,86.52,88.63,85.79,88.63,2454803
2022-06-07 00:00:00+05:30,93.53,106.36,93.33,105.92,49321987
2022-06-08 00:00:00+05:30,107.83,125.01,107.78,115.56,86968940
2022-06-09 00:00:00+05:30,115.66,123.98,110.67,118.16,55105857
2022-06-10 00:00:00+05:30,116.54,120.75,112.92,117.52,31413703
2022-06-13 00:00:00+05:30,114.24,114.24,107.73,108.95,20653564
2022-06-14 00:00:00+05:30,106.94,112.43,94.02,96.76,25975514
2022-06-15 00:00:00+05:30,98.91,103.12,92.65,100.82,44084274
2022-06-16 00:00:00+05:30,103.81,106.8,92.69,94.21,28706243
2022-06-17 00:00:00+05:30,94.21,97.25,76.39,92.65,24884485
2022-06-20 00:00:00+05:30,89.61,92.45,74.14,75.12,30581149
2022-06-21 00:00:00+05:30,76.88,82.61,76.88,82.61,18150916
2022-06-22 00:00:00+05:30,84.27,89.07,83.39,86.23,25691211
2022-06-23 00:00:00+05:30,85.89,86.77,80.01,82.95,15104019
2022-06-24 00:00:00+05:30,85.2,86.08,81.29,81.82,6989681
2022-06-27 00:00:00+05:30,83.98,84.66,80.16,80.45,6566939
2022-06-28 00:00:00+05:30,81.77,88.48,81.77,88.48,15572272
2022-06-29 00:00:00+05:30,91.27,96.61,90.25,91.18,21544259
2022-06-30 00:00:00+05:30,92.06,93.23,86.62,88.73,12014874
2022-07-01 00:00:00+05:30,86.23,89.36,79.87,79.87,26739501
2022-07-04 00:00:00+05:30,78.0,81.77,75.9,77.27,12083139
2022-07-05 00:00:00+05:30,78.3,79.77,74.92,75.56,7568790
2022-07-06 00:00:00+05:30,73.45,73.94,68.06,69.24,15316422
2022-07-07 00:00:00+05:30,68.5,72.67,67.82,70.95,11455011
2022-07-08 00:00:00+05:30,72.96,73.89,70.02,70.46,7659437
2022-07-11 00:00:00+05:30,70.46,71.74,69.39,70.41,6637949
2022-07-12 00:00:00+05:30,70.41,71.74,69.44,70.27,4739472
2022-07-13 00:00:00+05:30,69.44,70.27,68.55,69.78,3297040
2022-07-14 00:00:00+05:30,69.92,71.39,68.95,70.27,5158156
2022-07-15 00:00:00+05:30,70.46,70.76,69.14,69.63,1792599
2022-07-18 00:00:00+05:30,69.04,70.76,68.95,70.07,3041261
2022-07-19 00:00:00+05:30,70.9,73.25,70.76,71.2,6063417
2022-07-20 00:00:00+05:30,74.72,74.72,73.25,74.72,5133739
2022-07-21 00:00:00+05:30,76.93,76.93,71.54,71.98,6733542
2022-07-22 00:00:00+05:30,72.28,72.47,70.27,70.9,3423197
2022-07-25 00:00:00+05:30,70.9,72.28,69.53,71.74,4804635
2022-07-26 00:00:00+05:30,73.7,73.7,71.88,72.42,3864038
2022-07-27 00:00:00+05:30,72.47,72.76,71.2,71.34,1546071
2022-07-28 00:00:00+05:30,72.18,73.65,71.74,73.06,3372854
2022-07-29 00:00:00+05:30,72.91,72.91,71.0,71.3,4375340
2022-08-01 00:00:00+05:30,72.47,74.77,71.0,71.88,5917156
2022-08-02 00:00:00+05:30,71.49,72.91,70.9,71.34,2923077
2022-08-03 00:00:00+05:30,71.59,72.18,70.37,70.76,2226239
2022-08-04 00:00:00+05:30,71.3,71.74,69.24,70.95,3352103
2022-08-05 00:00:00+05:30,71.98,72.08,70.12,70.41,3954851
2022-08-08 00:00:00+05:30,71.0,71.64,69.63,70.81,2390227
2022-08-10 00:00:00+05:30,70.95,71.49,69.34,70.17,3326632
2022-08-11 00:00:00+05:30,70.61,71.0,69.88,70.37,1352434
2022-08-12 00:00:00+05:30,70.46,78.1,70.02,73.6,26621581
2022-08-16 00:00:00+05:30,73.89,74.14,71.69,72.13,3764467
2022-08-17 00:00:00+05:30,72.47,73.84,70.32,72.37,6620211
2022-08-18 00:00:00+05:30,72.47,75.16,72.47,73.16,7758026
2022-08-19 00:00:00+05:30,73.06,73.11,68.55,69.09,12200806
2022-08-22 00:00:00+05:30,68.55,69.24,66.89,67.57,3666328
2022-08-23 00:00:00+05:30,67.43,71.98,67.18,71.2,12554650
2022-08-24 00:00:00+05:30,72.67,74.87,72.03,72.76,13597293
2022-08-25 00:00:00+05:30,73.6,74.23,72.28,72.57,4283398
2022-08-26 00:00:00+05:30,72.91,73.45,71.44,71.59,2751250
2022-08-29 00:00:00+05:30,69.53,71.59,69.53,70.86,2524863
2022-08-30 00:00:00+05:30,71.88,73.16,71.34,71.49,3110290
2022-09-01 00:00:00+05:30,70.61,71.0,69.44,69.97,3662287
2022-09-02 00:00:00+05:30,71.49,72.96,70.9,71.2,6209097
2022-09-05 00:00:00+05:30,71.49,71.59,69.63,70.41,2438514
2022-09-06 00:00:00+05:30,71.1,71.83,70.17,70.32,4509611
2022-09-07 00:00:00+05:30,70.27,73.94,69.83,72.08,12090937
2022-09-08 00:00:00+05:30,72.08,72.67,70.51,71.2,3523727
2022-09-09 00:00:00+05:30,71.79,71.79,70.22,70.37,2624859
2022-09-12 00:00:00+05:30,71.1,71.1,69.97,70.46,2032918
2022-09-13 00:00:00+05:30,70.9,71.0,70.02,70.27,1707743
2022-09-14 00:00:00+05:30,69.58,71.93,69.53,70.51,4305488
2022-09-15 00:00:00+05:30,71.0,71.0,69.63,69.88,1798621
2022-09-16 00:00:00+05:30,69.92,70.32,68.6,69.04,2809368
2022-09-19 00:00:00+05:30,70.07,70.51,68.06,68.26,2539925
2022-09-20 00:00:00+05:30,68.75,68.9,66.11,66.69,2932994
2022-09-21 00:00:00+05:30,66.6,66.69,63.51,63.85,4803434
2022-09-22 00:00:00+05:30,63.27,64.98,62.68,63.8,3204595
2022-09-23 00:00:00+05:30,64.2,64.29,61.8,62.04,1879865
2022-09-26 00:00:00+05:30,61.75,61.99,58.47,58.96,2890790
2022-09-27 00:00:00+05:30,59.84,61.31,59.25,59.59,2440111
2022-09-28 00:00:00+05:30,59.01,59.01,56.61,57.39,2256510
2022-09-29 00:00:00+05:30,57.93,59.1,57.68,57.88,1998245
2022-09-30 00:00:00+05:30,58.66,58.66,57.34,58.12,2613145
2022-10-03 00:00:00+05:30,58.76,63.56,58.12,58.96,10526727
2022-10-04 00:00:00+05:30,60.72,61.11,58.86,59.1,2751875
2022-10-06 00:00:00+05:30,60.33,60.67,59.74,60.03,2519398
2022-10-07 00:00:00+05:30,59.84,60.18,58.96,59.54,2955575
2022-10-10 00:00:00+05:30,59.64,59.94,58.52,58.81,2229134
2022-10-11 00:00:00+05:30,59.05,59.05,56.7,57.05,2247194
2022-10-12 00:00:00+05:30,57.14,57.49,56.12,57.34,1994501
2022-10-13 00:00:00+05:30,57.59,57.78,56.61,56.95,1045638
2022-10-14 00:00:00+05:30,57.78,58.07,56.8,56.95,1243945
2022-10-17 00:00:00+05:30,56.07,56.21,54.35,54.7,2878703
2022-10-18 00:00:00+05:30,54.89,56.31,54.89,55.87,1820657
2022-10-19 00:00:00+05:30,56.07,57.24,55.77,56.41,1389013
2022-10-20 00:00:00+05:30,56.12,59.98,55.87,58.07,5696631
2022-10-21 00:00:00+05:30,58.27,58.37,56.41,56.85,1388311
2022-10-24 00:00:00+05:30,57.29,57.88,57.29,57.63,472549
2022-10-25 00:00:00+05:30,57.83,57.93,55.77,55.87,2709868
2022-10-27 00:00:00+05:30,55.53,55.82,54.21,54.75,3726507
2022-10-28 00:00:00+05:30,54.6,56.41,54.6,55.43,2790567
2022-10-31 00:00:00+05:30,53.86,53.86,51.32,52.93,3883543
2022-11-01 00:00:00+05:30,52.39,53.67,52.39,53.03,1455817
2022-11-02 00:00:00+05:30,52.88,54.06,52.88,53.42,1767501
2022-11-03 00:00:00+05:30,53.37,54.55,53.18,53.81,1712883
2022-11-04 00:00:00+05:30,54.11,54.45,53.67,53.91,1912935
2022-11-07 00:00:00+05:30,54.16,54.45,53.23,53.47,2077217
2022-11-09 00:00:00+05:30,53.47,55.43,53.03,53.86,3821584
2022-11-10 00:00:00+05:30,53.42,54.4,52.93,53.13,1450039
2022-11-11 00:00:00+05:30,53.42,53.72,52.59,52.79,1703960
2022-11-14 00:00:00+05:30,53.18,53.28,52.15,52.25,1244401
2022-11-15 00:00:00+05:30,52.54,52.69,52.0,52.15,1199261
2022-11-16 00:00:00+05:30,52.44,53.91,52.2,52.64,2598397
2022-11-17 00:00:00+05:30,52.64,53.28,52.35,52.79,1170003
2022-11-18 00:00:00+05:30,52.49,53.18,52.2,52.35,810407
2022-11-21 00:00:00+05:30,52.64,52.64,51.66,51.86,890719
2022-11-22 00:00:00+05:30,52.1,52.15,51.12,51.37,961417
2022-11-23 00:00:00+05:30,51.61,52.39,51.27,51.76,1382717
2022-11-24 00:00:00+05:30,52.3,56.26,52.1,54.89,12165882
2022-11-25 00:00:00+05:30,55.23,56.51,54.6,55.87,4081164
2022-11-28 00:00:00+05:30,56.17,58.66,55.87,57.73,6653826
2022-11-29 00:00:00+05:30,58.03,58.17,56.41,56.56,2650716
2022-11-30 00:00:00+05:30,56.65,58.32,55.87,57.63,3941450
2022-12-01 00:00:00+05:30,57.93,58.47,56.8,56.95,1715811
2022-12-02 00:00:00+05:30,58.27,59.98,57.88,58.07,7812808
2022-12-05 00:00:00+05:30,58.27,59.15,57.54,57.98,2879399
2022-12-06 00:00:00+05:30,57.78,57.93,56.95,57.14,1259224
2022-12-07 00:00:00+05:30,57.39,60.13,56.8,59.59,7994012
2022-12-08 00:00:00+05:30,59.94,60.13,58.76,58.91,3430640
2022-12-09 00:00:00+05:30,59.15,59.54,55.97,56.56,3187121
2022-12-12 00:00:00+05:30,56.36,58.22,55.87,57.93,2536519
2022-12-13 00:00:00+05:30,58.22,58.91,57.29,57.49,2005877
2022-12-14 00:00:00+05:30,57.78,61.5,57.19,60.23,12080966
2022-12-15 00:00:00+05:30,60.13,62.29,59.59,60.62,9185848
2022-12-16 00:00:00+05:30,61.36,62.48,60.18,60.47,6480092
2022-12-19 00:00:00+05:30,60.67,60.91,59.1,60.38,2847660
2022-12-20 00:00:00+05:30,60.03,60.62,58.86,59.25,1900012
2022-12-21 00:00:00+05:30,59.45,60.03,55.72,56.36,3179536
2022-12-22 00:00:00+05:30,56.8,57.29,54.3,54.99,2276602
2022-12-23 00:00:00+05:30,54.35,54.65,50.93,51.51,2506155
2022-12-26 00:00:00+05:30,51.9,53.28,51.32,52.64,2487466
2022-12-27 00:00:00+05:30,53.18,54.75,53.08,53.77,2379488
2022-12-28 00:00:00+05:30,53.77,54.3,53.47,53.91,2146367
2022-12-29 00:00:00+05:30,53.86,54.35,53.23,54.26,1285323
2022-12-30 00:00:00+05:30,54.4,56.02,54.35,54.94,2061388
2023-01-02 00:00:00+05:30,55.23,56.85,54.99,56.51,2339303
2023-01-03 00:00:00+05:30,56.12,57.1,55.82,55.92,1922512
2023-01-04 00:00:00+05:30,55.87,56.12,54.84,55.43,1312243
2023-01-05 00:00:00+05:30,55.82,56.21,54.84,55.04,1464523
2023-01-06 00:00:00+05:30,55.23,55.48,54.01,54.21,1421856
2023-01-09 00:00:00+05:30,54.5,55.19,54.45,54.75,877222
2023-01-10 00:00:00+05:30,54.65,55.92,54.16,55.38,2334708
2023-01-11 00:00:00+05:30,55.58,58.61,55.14,57.63,11468695
2023-01-12 00:00:00+05:30,57.63,58.42,56.65,57.14,2771532
2023-01-13 00:00:00+05:30,57.29,57.44,56.31,56.65,2155081
2023-01-16 00:00:00+05:30,56.85,57.1,56.31,56.61,2316325
2023-01-17 00:00:00+05:30,58.22,59.25,57.1,57.78,7795674
2023-01-18 00:00:00+05:30,58.07,58.71,56.65,58.07,3281828
2023-01-19 00:00:00+05:30,57.78,58.07,57.05,57.24,1266237
2023-01-20 00:00:00+05:30,57.39,57.54,56.61,56.8,1095763
2023-01-23 00:00:00+05:30,57.05,57.88,56.7,57.29,1644221
2023-01-24 00:00:00+05:30,57.44,57.63,56.7,57.05,1465374
2023-01-25 00:00:00+05:30,57.29,57.39,55.43,55.77,1251952
2023-01-27 00:00:00+05:30,56.07,57.93,55.04,56.65,4866880
2023-01-30 00:00:00+05:30,56.95,57.39,55.58,56.36,2053373
2023-01-31 00:00:00+05:30,56.85,58.17,56.17,56.41,3197585
2023-02-01 00:00:00+05:30,56.75,56.75,53.96,54.65,1720626
2023-02-02 00:00:00+05:30,54.65,54.99,53.37,53.67,1312494
2023-02-03 00:00:00+05:30,53.86,54.06,51.76,52.84,1505223
2023-02-06 00:00:00+05:30,52.69,53.47,52.44,52.98,1270232
2023-02-07 00:00:00+05:30,53.28,54.26,52.88,53.86,1931145
2023-02-08 00:00:00+05:30,54.26,55.14,53.72,53.86,1227600
2023-02-09 00:00:00+05:30,54.16,54.16,53.18,53.37,764689
2023-02-10 00:00:00+05:30,53.23,53.57,52.74,52.88,801179
2023-02-13 00:00:00+05:30,52.98,53.23,52.3,52.49,677987
2023-02-14 00:00:00+05:30,52.84,52.93,51.42,51.95,1070416
2023-02-15 00:00:00+05:30,51.71,52.93,51.46,52.64,1418218
2023-02-16 00:00:00+05:30,53.62,54.3,53.28,53.47,2263601
2023-02-17 00:00:00+05:30,53.08,53.62,52.69,52.88,682743
2023-02-20 00:00:00+05:30,53.13,53.13,51.81,52.0,786793
2023-02-21 00:00:00+05:30,52.15,52.3,51.81,51.9,629992
2023-02-22 00:00:00+05:30,51.71,52.0,51.02,51.22,817385
2023-02-23 00:00:00+05:30,51.07,51.37,50.19,50.58,874570
2023-02-24 00:00:00+05:30,50.83,50.93,49.85,49.95,980468
2023-02-27 00:00:00+05:30,49.9,49.9,48.23,48.82,1632526
2023-02-28 00:00:00+05:30,48.92,50.14,48.23,48.82,1695013
2023-03-01 00:00:00+05:30,49.02,50.58,48.72,50.29,1215575
2023-03-02 00:00:00+05:30,50.14,50.48,49.65,49.9,835769
2023-03-03 00:00:00+05:30,50.09,50.48,49.7,50.0,1085568
2023-03-06 00:00:00+05:30,50.53,52.54,50.44,52.25,3050917
2023-03-08 00:00:00+05:30,52.0,54.11,51.9,53.28,3584728
2023-03-09 00:00:00+05:30,53.37,54.84,53.37,53.67,2685504
2023-03-10 00:00:00+05:30,53.18,58.76,52.64,57.63,22903826
2023-03-13 00:00:00+05:30,57.93,59.84,53.18,55.58,9232539
2023-03-14 00:00:00+05:30,55.53,57.0,54.45,55.82,5400865
2023-03-15 00:00:00+05:30,56.65,59.25,56.21,57.88,9741639
2023-03-16 00:00:00+05:30,58.07,59.49,55.38,56.26,6020418
2023-03-17 00:00:00+05:30,57.0,58.27,55.48,57.88,5455748
2023-03-20 00:00:00+05:30,57.83,58.76,54.55,55.09,3631397
2023-03-21 00:00:00+05:30,55.82,57.05,54.06,54.4,4102855
2023-03-22 00:00:00+05:30,54.84,54.89,53.28,53.52,2047291
2023-03-23 00:00:00+05:30,53.37,53.62,52.79,53.03,1414070
2023-03-24 00:00:00+05:30,52.98,53.57,50.93,51.51,2171609
2023-03-27 00:00:00+05:30,51.51,51.51,49.46,49.8,2045819
2023-03-28 00:00:00+05:30,49.95,50.14,48.77,49.7,2606248
2023-03-29 00:00:00+05:30,49.7,50.34,48.72,50.04,2956063
2023-03-31 00:00:00+05:30,50.53,51.86,50.53,51.46,2521962
2023-04-03 00:00:00+05:30,52.0,53.23,51.95,52.59,2368806
2023-04-05 00:00:00+05:30,54.55,55.14,53.47,53.81,3470644
2023-04-06 00:00:00+05:30,53.37,53.62,52.88,53.13,1295336
2023-04-10 00:00:00+05:30,53.18,53.28,52.64,53.13,1227727
2023-04-11 00:00:00+05:30,53.18,53.72,52.98,53.13,790352
2023-04-12 00:00:00+05:30,53.18,53.47,52.2,52.39,1461097
2023-04-13 00:00:00+05:30,52.35,53.18,52.05,52.2,1470594
2023-04-17 00:00:00+05:30,52.2,52.59,51.76,52.44,1020748
2023-04-18 00:00:00+05:30,52.39,53.33,52.25,52.64,1393194
2023-04-19 00:00:00+05:30,53.33,53.77,52.79,53.13,1995674
2023-04-20 00:00:00+05:30,53.18,53.72,52.54,53.03,3811004
2023-04-21 00:00:00+05:30,52.88,53.28,52.05,52.15,1781783
2023-04-24 00:00:00+05:30,52.39,52.69,51.9,52.44,1095381
2023-04-25 00:00:00+05:30,52.39,53.67,52.39,53.08,1639324
2023-04-26 00:00:00+05:30,52.98,54.21,52.88,53.57,3263064
2023-04-27 00:00:00+05:30,53.08,60.57,53.08,59.69,28171286
2023-04-28 00:00:00+05:30,60.18,64.93,59.94,62.92,52371104
2023-05-02 00:00:00+05:30,61.7,61.7,59.15,59.35,12691240
2023-05-03 00:00:00+05:30,59.45,61.85,59.05,60.18,8939866
2023-05-04 00:00:00+05:30,60.28,61.4,60.28,60.62,4393837
2023-05-05 00:00:00+05:30,60.62,60.91,59.59,59.79,3353806
2023-05-08 00:00:00+05:30,60.13,60.13,59.49,59.79,2327716
2023-05-09 00:00:00+05:30,59.79,63.07,59.74,61.65,13650015
2023-05-10 00:00:00+05:30,61.99,61.99,59.94,60.67,3230214
2023-05-11 00:00:00+05:30,60.96,62.63,60.82,61.65,4443001
2023-05-12 00:00:00+05:30,61.5,62.43,60.91,61.31,3302597
2023-05-15 00:00:00+05:30,61.6,61.75,60.91,61.06,1924984
2023-05-16 00:00:00+05:30,61.6,63.31,61.5,61.94,6098024
2023-05-17 00:00:00+05:30,62.09,64.64,61.8,63.22,15290038
2023-05-18 00:00:00+05:30,63.61,67.04,63.22,64.98,24293149
2023-05-19 00:00:00+05:30,65.37,66.79,62.73,63.61,11845129
2023-05-22 00:00:00+05:30,63.85,63.9,62.38,63.12,3096182
2023-05-23 00:00:00+05:30,63.12,64.39,62.87,63.61,3831288
2023-05-24 00:00:00+05:30,63.56,65.81,63.27,65.27,12052816
2023-05-25 00:00:00+05:30,65.13,67.28,64.15,66.06,13059698
2023-05-26 00:00:00+05:30,66.4,66.94,64.64,65.08,5513339
2023-05-29 00:00:00+05:30,65.52,65.52,64.0,64.98,3829151
2023-05-30 00:00:00+05:30,64.98,66.35,64.69,65.42,4184536
2023-05-31 00:00:00+05:30,64.73,65.37,63.9,64.1,2705886
2023-06-01 00:00:00+05:30,64.2,64.64,63.46,63.71,2330230
2023-06-02 00:00:00+05:30,64.0,64.15,63.17,63.31,2401519
2023-06-05 00:00:00+05:30,63.66,65.66,63.46,64.64,6400374
2023-06-06 00:00:00+05:30,64.64,64.64,63.51,63.75,2627944
2023-06-07 00:00:00+05:30,63.95,64.93,62.78,63.95,5517053
2023-06-08 00:00:00+05:30,64.05,65.08,63.17,63.46,4781965
2023-06-09 00:00:00+05:30,63.71,64.0,63.07,63.27,1510154
2023-06-12 00:00:00+05:30,63.36,64.24,62.78,63.51,2697435
2023-06-13 00:00:00+05:30,63.66,64.54,63.66,64.24,2860921
2023-06-14 00:00:00+05:30,64.49,64.83,63.66,63.85,2914660
2023-06-15 00:00:00+05:30,64.2,65.96,63.75,65.47,8414663
2023-06-16 00:00:00+05:30,66.11,72.91,65.81,70.32,41178604
2023-06-19 00:00:00+05:30,71.05,77.76,70.95,77.07,42578753
2023-06-20 00:00:00+05:30,77.27,77.91,72.47,74.04,11065143
2023-06-21 00:00:00+05:30,74.63,77.37,74.09,75.31,11878605
2023-06-22 00:00:00+05:30,75.6,77.27,74.04,75.07,8217725
2023-06-23 00:00:00+05:30,75.41,76.29,73.7,75.12,5317558
2023-06-26 00:00:00+05:30,75.12,75.9,74.18,75.41,3612446
2023-06-27 00:00:00+05:30,75.75,79.13,75.6,77.07,8864939
2023-06-28 00:00:00+05:30,77.37,77.76,75.6,76.0,3760515
2023-06-30 00:00:00+05:30,76.39,76.39,75.31,75.46,2880606
2023-07-03 00:00:00+05:30,75.36,78.93,75.21,76.98,11266639
2023-07-04 00:00:00+05:30,77.42,78.1,76.0,77.61,4254861
2023-07-05 00:00:00+05:30,77.86,89.12,76.78,86.97,62334561
2023-07-06 00:00:00+05:30,86.62,90.34,85.69,88.53,21961420
2023-07-07 00:00:00+05:30,87.55,91.47,84.47,85.89,19819754
2023-07-10 00:00:00+05:30,86.18,86.77,82.26,82.66,7553287
2023-07-11 00:00:00+05:30,83.1,85.64,81.63,85.15,13691421
2023-07-12 00:00:00+05:30,85.5,86.87,84.52,85.55,6064786
2023-07-13 00:00:00+05:30,85.69,86.57,82.41,83.78,6040697
2023-07-14 00:00:00+05:30,84.08,85.84,83.39,85.2,4852785
2023-07-17 00:00:00+05:30,83.44,85.15,82.85,84.61,5141937
2023-07-18 00:00:00+05:30,85.06,89.81,84.17,86.43,16454958
2023-07-19 00:00:00+05:30,86.92,86.92,84.03,85.1,7411141
2023-07-20 00:00:00+05:30,85.45,86.77,84.37,84.66,3797033
2023-07-21 00:00:00+05:30,84.86,85.5,83.39,84.86,4439597
2023-07-24 00:00:00+05:30,85.25,87.94,85.01,85.55,4392103
2023-07-25 00:00:00+05:30,83.59,83.59,79.82,80.35,9170379
2023-07-26 00:00:00+05:30,81.63,82.66,80.35,80.65,4299441
2023-07-27 00:00:00+05:30,81.29,81.87,80.26,80.65,2301606
2023-07-28 00:00:00+05:30,81.24,83.49,80.6,82.41,6555821
2023-07-31 00:00:00+05:30,78.59,81.77,78.59,81.33,5928816
2023-08-01 00:00:00+05:30,81.19,82.71,80.8,81.97,3605853
2023-08-02 00:00:00+05:30,82.31,83.93,80.26,80.84,3984027
2023-08-03 00:00:00+05:30,81.29,81.48,79.42,80.11,1967458
2023-08-04 00:00:00+05:30,80.8,81.73,80.31,81.04,1762982
2023-08-07 00:00:00+05:30,81.33,81.58,79.87,80.16,1792229
2023-08-08 00:00:00+05:30,80.31,83.19,80.31,82.95,4388943
2023-08-09 00:00:00+05:30,83.19,85.79,82.07,84.13,6607482
2023-08-10 00:00:00+05:30,84.22,85.3,82.46,84.96,3700720
2023-08-11 00:00:00+05:30,85.1,86.38,84.13,84.91,4278841
2023-08-14 00:00:00+05:30,84.91,85.84,82.36,83.73,3978165
2023-08-16 00:00:00+05:30,82.75,83.0,81.33,81.68,2495246
2023-08-17 00:00:00+05:30,81.68,84.61,81.68,83.49,3918852
2023-08-18 00:00:00+05:30,83.73,84.86,82.85,83.98,4893851
2023-08-21 00:00:00+05:30,84.66,90.49,84.22,90.0,28204964
2023-08-22 00:00:00+05:30,91.08,91.96,89.12,89.76,8946485
2023-08-23 00:00:00+05:30,90.05,90.25,87.36,89.27,6435996
2023-08-24 00:00:00+05:30,89.76,93.14,89.32,90.44,10352080
2023-08-25 00:00:00+05:30,90.0,91.52,88.63,91.08,6499022
2023-08-28 00:00:00+05:30,91.81,93.53,91.27,92.06,5429262
2023-08-29 00:00:00+05:30,92.55,94.9,90.64,92.74,13297999
2023-08-30 00:00:00+05:30,93.04,94.16,92.01,93.09,7898340
2023-08-31 00:00:00+05:30,93.53,94.26,92.6,93.28,4234912
2023-09-01 00:00:00+05:30,93.23,96.66,92.65,94.36,13243017
2023-09-04 00:00:00+05:30,94.85,96.86,93.09,95.88,7325771
2023-09-05 00:00:00+05:30,96.42,97.35,94.07,95.04,7215536
2023-09-06 00:00:00+05:30,95.63,95.68,92.4,93.67,4699576
2023-09-07 00:00:00+05:30,93.67,94.21,92.55,93.14,3427836
2023-09-08 00:00:00+05:30,93.28,97.3,92.35,92.79,18213728
2023-09-11 00:00:00+05:30,93.53,96.51,93.48,93.77,11121941
2023-09-12 00:00:00+05:30,95.0,96.61,83.64,89.22,11349441
2023-09-13 00:00:00+05:30,89.22,91.18,85.84,89.51,5549273
2023-09-14 00:00:00+05:30,90.3,92.69,89.85,90.49,5477458
2023-09-15 00:00:00+05:30,91.08,93.28,91.08,92.16,5001037
2023-09-18 00:00:00+05:30,92.06,94.8,90.88,92.69,5309283
2023-09-20 00:00:00+05:30,92.06,95.24,91.13,93.62,10711135
2023-09-21 00:00:00+05:30,93.53,95.0,91.23,91.52,3580858
2023-09-22 00:00:00+05:30,91.86,93.38,91.47,92.5,3202562
2023-09-25 00:00:00+05:30,92.79,93.04,90.49,91.18,2091835
2023-09-26 00:00:00+05:30,91.67,93.33,91.08,91.37,3080436
2023-09-27 00:00:00+05:30,91.37,92.16,90.64,91.18,2020059
2023-09-28 00:00:00+05:30,91.76,94.31,91.03,92.01,5324829
2023-09-29 00:00:00+05:30,92.4,94.02,91.86,93.62,2746471
2023-10-03 00:00:00+05:30,94.02,95.09,92.2,93.53,3506155
2023-10-04 00:00:00+05:30,93.43,101.31,92.65,95.83,38959628
2023-10-05 00:00:00+05:30,97.05,100.19,95.98,96.76,12792503
2023-10-06 00:00:00+05:30,97.44,97.54,93.23,94.46,10690914
2023-10-09 00:00:00+05:30,92.99,93.28,88.63,90.59,5100094
2023-10-10 00:00:00+05:30,91.08,94.95,91.08,94.41,5731150
2023-10-11 00:00:00+05:30,94.8,97.54,94.51,96.07,6037906
2023-10-12 00:00:00+05:30,96.07,100.73,95.88,98.23,11728764
2023-10-13 00:00:00+05:30,96.95,100.33,96.81,98.91,5944857
2023-10-16 00:00:00+05:30,99.21,104.54,99.21,101.31,13141537
2023-10-17 00:00:00+05:30,101.85,115.27,101.17,109.88,70644888
2023-10-18 00:00:00+05:30,112.13,114.97,104.45,105.23,21095767
2023-10-19 00:00:00+05:30,105.23,107.24,103.76,105.87,7957567
2023-10-20 00:00:00+05:30,106.16,106.75,100.04,100.58,7723913
2023-10-23 00:00:00+05:30,100.58,101.51,93.33,93.87,8147068
2023-10-25 00:00:00+05:30,95.49,96.76,90.59,94.95,7547947
2023-10-26 00:00:00+05:30,95.98,97.4,91.27,94.65,9240296
2023-10-27 00:00:00+05:30,95.98,100.33,94.36,98.03,10104714
2023-10-30 00:00:00+05:30,98.72,104.5,97.98,103.66,17394302
2023-10-31 00:00:00+05:30,104.69,105.18,99.99,101.56,9616149
2023-11-01 00:00:00+05:30,99.89,106.36,99.01,101.75,11117550
2023-11-02 00:00:00+05:30,103.81,104.4,101.46,102.1,4867859
2023-11-03 00:00:00+05:30,102.93,112.23,102.93,107.63,29930353
2023-11-06 00:00:00+05:30,108.46,110.03,106.06,106.85,5603146
2023-11-07 00:00:00+05:30,107.63,111.45,105.13,111.01,10056685
2023-11-08 00:00:00+05:30,111.64,115.37,110.27,111.5,11447519
2023-11-09 00:00:00+05:30,112.04,113.21,109.0,109.69,6155511
2023-11-10 00:00:00+05:30,109.54,111.94,109.0,111.4,4068796
2023-11-12 00:00:00+05:30,112.53,112.58,109.29,110.57,912576
2023-11-13 00:00:00+05:30,110.42,113.6,109.93,112.38,4459004
2023-11-15 00:00:00+05:30,113.11,118.99,112.23,115.86,16794690
2023-11-16 00:00:00+05:30,116.3,117.18,113.41,114.88,8336136
2023-11-17 00:00:00+05:30,115.95,116.15,111.3,115.42,7140014
2023-11-20 00:00:00+05:30,115.37,116.93,111.74,113.11,3995854
2023-11-21 00:00:00+05:30,113.6,114.73,113.02,113.7,2814580
2023-11-22 00:00:00+05:30,114.14,114.34,110.37,110.81,2326308
2023-11-23 00:00:00+05:30,110.91,113.6,109.73,111.74,4013668
2023-11-24 00:00:00+05:30,112.13,118.6,111.15,116.44,11265057
2023-11-28 00:00:00+05:30,117.77,121.63,117.42,118.74,11249238
2023-11-29 00:00:00+05:30,119.72,123.54,117.57,119.04,9756805
2023-11-30 00:00:00+05:30,119.72,120.65,117.91,118.79,4489693
2023-12-01 00:00:00+05:30,119.72,122.91,118.89,119.28,5013219
2023-12-04 00:00:00+05:30,120.95,125.99,120.7,122.61,8430708
2023-12-05 00:00:00+05:30,123.79,124.08,119.77,122.32,3987357
2023-12-06 00:00:00+05:30,123.3,123.94,121.44,122.81,3007773
2023-12-07 00:00:00+05:30,123.64,130.06,123.64,127.22,10796183
2023-12-08 00:00:00+05:30,127.61,128.98,121.93,125.31,4347652
2023-12-11 00:00:00+05:30,125.6,126.33,123.45,124.03,2354633
2023-12-12 00:00:00+05:30,124.38,125.65,122.96,124.13,2503634
2023-12-13 00:00:00+05:30,124.82,125.65,123.4,123.94,1987097
2023-12-14 00:00:00+05:30,125.21,129.13,124.87,127.02,5221152
2023-12-15 00:00:00+05:30,128.0,129.66,126.48,126.92,3128877
2023-12-18 00:00:00+05:30,126.92,126.92,124.57,124.77,1681094
2023-12-19 00:00:00+05:30,126.63,131.97,126.33,128.54,7312611
2023-12-20 00:00:00+05:30,129.52,132.6,119.72,121.14,7836734
2023-12-21 00:00:00+05:30,120.46,122.56,116.35,121.68,4777635
2023-12-22 00:00:00+05:30,122.81,130.64,122.81,127.27,7379967
2023-12-26 00:00:00+05:30,127.8,129.17,125.94,127.02,2117864
2023-12-27 00:00:00+05:30,126.82,129.62,126.82,128.39,3444078
2023-12-28 00:00:00+05:30,128.49,133.14,128.29,130.45,9171079
2023-12-29 00:00:00+05:30,130.25,133.19,127.51,130.4,2930967
2024-01-01 00:00:00+05:30,130.64,131.43,129.66,130.01,1384128
2024-01-02 00:00:00+05:30,129.86,130.45,125.36,126.87,2836841
2024-01-03 00:00:00+05:30,126.97,130.74,126.43,130.01,3009841
2024-01-04 00:00:00+05:30,130.01,131.97,128.83,131.48,1880372
2024-01-05 00:00:00+05:30,131.53,134.85,130.55,131.38,3528932
2024-01-08 00:00:00+05:30,131.43,132.5,130.15,131.13,1558019
2024-01-09 00:00:00+05:30,131.38,132.9,130.74,131.23,1255731
2024-01-10 00:00:00+05:30,132.11,132.21,128.83,131.43,2068651
2024-01-11 00:00:00+05:30,131.48,157.67,131.48,157.28,60637503
2024-01-12 00:00:00+05:30,160.12,161.05,153.27,156.01,23794037
2024-01-15 00:00:00+05:30,158.95,182.16,158.9,165.8,29427230
2024-01-16 00:00:00+05:30,167.47,175.79,165.85,170.45,14606264
2024-01-17 00:00:00+05:30,167.52,172.95,164.87,167.66,6900079
2024-01-18 00:00:00+05:30,167.66,176.04,160.61,173.93,8865480
2024-01-19 00:00:00+05:30,176.28,177.65,171.92,173.34,7352246
2024-01-20 00:00:00+05:30,174.52,175.01,169.43,171.29,2109506
2024-01-23 00:00:00+05:30,166.29,175.2,157.23,167.37,12034231
2024-01-24 00:00:00+05:30,167.37,169.92,162.52,168.2,3519120
2024-01-25 00:00:00+05:30,168.1,173.88,167.71,170.8,3270472
2024-01-29 00:00:00+05:30,171.83,180.44,169.43,175.89,10262174
2024-01-30 00:00:00+05:30,177.31,180.3,173.0,175.6,4830130
2024-01-31 00:00:00+05:30,175.6,176.97,172.36,173.39,1877284
2024-02-01 00:00:00+05:30,174.71,178.58,172.36,174.96,3964871
2024-02-02 00:00:00+05:30,177.26,194.69,176.28,187.64,21839790
2024-02-05 00:00:00+05:30,189.16,202.09,188.52,192.93,14970646
2024-02-06 00:00:00+05:30,194.15,194.74,183.97,190.09,6303984
2024-02-07 00:00:00+05:30,191.36,199.49,191.36,198.41,7860261
2024-02-08 00:00:00+05:30,199.59,202.53,194.4,196.7,4596283
2024-02-09 00:00:00+05:30,196.7,197.83,173.0,185.68,7116572
2024-02-12 00:00:00+05:30,184.8,191.12,171.04,181.13,9104566
2024-02-13 00:00:00+05:30,180.15,183.82,175.3,178.93,3048091
2024-02-14 00:00:00+05:30,174.32,204.68,173.1,199.74,21364386
2024-02-15 00:00:00+05:30,201.11,239.64,199.0,239.35,65831941
2024-02-16 00:00:00+05:30,234.75,243.51,226.28,236.07,35332362
2024-02-19 00:00:00+05:30,246.79,283.27,242.68,280.19,46170497
2024-02-20 00:00:00+05:30,280.97,280.97,263.0,267.56,13275282
2024-02-21 00:00:00+05:30,270.3,279.11,242.88,246.99,14377886
2024-02-22 00:00:00+05:30,251.49,254.53,237.73,247.82,10444602
2024-02-23 00:00:00+05:30,250.51,250.51,239.15,240.77,5802449
2024-02-26 00:00:00+05:30,241.02,246.06,231.71,238.52,5913775
2024-02-27 00:00:00+05:30,238.96,242.14,229.65,230.73,3932890
2024-02-28 00:00:00+05:30,231.12,246.21,223.29,225.39,11976447
2024-02-29 00:00:00+05:30,227.21,230.78,220.99,223.09,3609539
2024-03-01 00:00:00+05:30,225.64,232.98,223.34,224.42,4075258
2024-03-02 00:00:00+05:30,225.25,230.0,224.17,228.28,609019
2024-03-04 00:00:00+05:30,229.21,229.56,221.38,224.42,3067083
2024-03-05 00:00:00+05:30,224.56,243.27,223.97,234.75,13556465
2024-03-06 00:00:00+05:30,234.89,238.66,223.53,229.75,4397666
2024-03-07 00:00:00+05:30,229.8,232.2,226.37,228.38,2873368
2024-03-11 00:00:00+05:30,228.87,229.61,212.52,214.33,3025137
2024-03-12 00:00:00+05:30,214.33,217.02,201.3,205.66,5119228
2024-03-13 00:00:00+05:30,205.66,209.77,185.1,185.1,5564331
2024-03-14 00:00:00+05:30,183.14,203.6,178.34,203.6,5621377
2024-03-15 00:00:00+05:30,203.21,213.99,192.59,211.19,8757494
2024-03-18 00:00:00+05:30,203.95,217.36,203.95,207.52,5533738
2024-03-19 00:00:00+05:30,208.45,227.4,204.73,215.45,16535076
2024-03-20 00:00:00+05:30,217.41,222.31,210.7,214.28,8298617
2024-03-21 00:00:00+05:30,216.78,221.33,211.83,213.45,4241829
2024-03-22 00:00:00+05:30,213.99,221.04,211.93,216.87,4627479
2024-03-26 00:00:00+05:30,217.9,225.64,213.3,219.13,7148180
2024-03-27 00:00:00+05:30,219.37,222.85,213.54,215.16,3949031
2024-03-28 00:00:00+05:30,215.16,218.0,212.22,214.03,2480435
2024-04-01 00:00:00+05:30,214.48,224.76,214.48,224.02,4538462
2024-04-02 00:00:00+05:30,226.42,234.94,226.23,232.89,7370309
2024-04-03 00:00:00+05:30,234.01,239.84,231.12,232.79,5978189
2024-04-04 00:00:00+05:30,234.06,234.85,227.7,230.1,2284008
2024-04-05 00:00:00+05:30,230.68,237.59,225.3,233.33,4515447
2024-04-08 00:00:00+05:30,235.34,236.36,227.55,228.33,2431771
2024-04-09 00:00:00+05:30,229.17,230.44,220.35,222.51,2256475
2024-04-10 00:00:00+05:30,222.55,224.66,217.8,218.88,2405692
2024-04-12 00:00:00+05:30,218.83,226.13,216.24,217.32,4528615
2024-04-15 00:00:00+05:30,213.3,225.05,204.78,218.29,7422162
2024-04-16 00:00:00+05:30,218.0,223.68,216.48,220.74,2884823
2024-04-18 00:00:00+05:30,220.74,228.87,217.22,218.54,3214220
2024-04-19 00:00:00+05:30,217.32,224.27,211.29,222.31,4323901
2024-04-22 00:00:00+05:30,224.27,225.25,217.76,218.59,2197288
2024-04-23 00:00:00+05:30,220.16,224.17,218.39,219.91,1921727
2024-04-24 00:00:00+05:30,221.58,248.46,220.45,243.56,39849649
2024-04-25 00:00:00+05:30,245.77,251.4,241.06,244.88,16189162
2024-04-26 00:00:00+05:30,245.91,253.84,240.57,245.77,13778089
2024-04-29 00:00:00+05:30,247.23,251.59,243.37,245.28,5756512
2024-04-30 00:00:00+05:30,246.55,254.53,242.88,244.98,7059373
2024-05-02 00:00:00+05:30,246.21,251.84,241.06,248.8,5786927
2024-05-03 00:00:00+05:30,250.07,253.26,242.88,246.3,5741569
2024-05-06 00:00:00+05:30,248.75,251.2,223.29,224.32,11818155
2024-05-07 00:00:00+05:30,226.37,229.07,209.58,210.26,8075118
2024-05-08 00:00:00+05:30,211.34,222.65,211.05,217.17,6688582
2024-05-09 00:00:00+05:30,217.41,218.05,208.75,210.02,3380710
2024-05-10 00:00:00+05:30,213.5,213.84,203.11,206.2,4939616
2024-05-13 00:00:00+05:30,206.44,206.44,195.38,201.16,5939153
2024-05-14 00:00:00+05:30,201.74,210.02,200.27,205.61,6823380
2024-05-15 00:00:00+05:30,206.25,209.24,205.32,206.1,3590719
2024-05-16 00:00:00+05:30,207.42,212.32,203.7,204.39,3620949
2024-05-17 00:00:00+05:30,205.66,206.93,203.02,204.88,3268675
2024-05-18 00:00:00+05:30,206.74,210.61,205.95,209.33,854799
2024-05-21 00:00:00+05:30,209.58,211.98,205.66,207.57,3667361
2024-05-22 00:00:00+05:30,209.28,210.31,204.19,205.27,3170858
2024-05-23 00:00:00+05:30,205.95,212.32,205.76,207.47,4315317
2024-05-24 00:00:00+05:30,208.45,218.0,206.2,214.13,10440953
2024-05-27 00:00:00+05:30,216.04,217.9,211.73,213.74,4299274
2024-05-28 00:00:00+05:30,215.45,215.45,207.13,209.48,3148044
2024-05-29 00:00:00+05:30,208.31,211.88,205.91,211.24,2602678
2024-05-30 00:00:00+05:30,209.58,211.88,201.74,203.07,2077745
2024-05-31 00:00:00+05:30,203.7,206.35,197.19,198.95,3843161
2024-06-03 00:00:00+05:30,206.74,212.03,202.38,208.21,4637350
2024-06-04 00:00:00+05:30,209.58,209.58,166.59,194.84,7035629
2024-06-05 00:00:00+05:30,195.87,199.49,183.53,194.89,3186574
2024-06-06 00:00:00+05:30,196.9,204.93,196.36,197.58,3289031
2024-06-07 00:00:00+05:30,200.27,203.9,197.97,201.16,2212723
2024-06-10 00:00:00+05:30,203.01,204.92,200.27,201.17,1612353
2024-06-11 00:00:00+05:30,202.72,211.44,200.78,208.79,6699297
2024-06-12 00:00:00+05:30,209.97,213.99,208.51,209.2,3286243
2024-06-13 00:00:00+05:30,210.56,213.99,208.23,212.82,3644046
2024-06-14 00:00:00+05:30,213.3,215.75,209.92,210.68,3180985
2024-06-18 00:00:00+05:30,211.83,215.75,209.58,210.36,2170953
2024-06-19 00:00:00+05:30,211.34,215.26,204.06,210.14,3553040
2024-06-20 00:00:00+05:30,210.22,211.48,207.62,208.25,1411542
2024-06-21 00:00:00+05:30,208.75,213.38,207.0,208.27,2507593
2024-06-24 00:00:00+05:30,206.35,225.25,204.5,219.72,20326064
2024-06-25 00:00:00+05:30,219.72,220.06,210.9,211.49,4164226
2024-06-26 00:00:00+05:30,212.03,215.26,209.18,214.05,3442543
2024-06-27 00:00:00+05:30,213.69,214.87,207.72,209.63,1935897
2024-06-28 00:00:00+05:30,211.19,215.26,208.84,209.9,2024591
2024-07-01 00:00:00+05:30,210.46,212.52,208.8,211.46,1491018
2024-07-02 00:00:00+05:30,211.46,215.43,209.56,209.96,1910355
2024-07-03 00:00:00+05:30,211.15,216.42,209.16,214.49,3101661
2024-07-04 00:00:00+05:30,216.24,217.22,212.52,212.8,1771402
2024-07-05 00:00:00+05:30,212.8,216.38,211.54,213.46,2302889
2024-07-08 00:00:00+05:30,214.08,219.71,213.3,214.36,3729938
2024-07-09 00:00:00+05:30,214.96,239.48,214.96,228.01,55320068
2024-07-10 00:00:00+05:30,231.61,233.96,219.57,225.03,11372488
2024-07-11 00:00:00+05:30,226.81,243.66,224.27,236.91,30364383
2024-07-12 00:00:00+05:30,238.76,239.78,233.77,235.25,6374593
2024-07-15 00:00:00+05:30,237.6,242.88,230.35,235.98,10708332
2024-07-16 00:00:00+05:30,236.51,248.32,232.1,233.68,32391179
2024-07-18 00:00:00+05:30,234.55,236.22,223.4,224.4,8308978
2024-07-19 00:00:00+05:30,224.99,225.17,209.58,211.64,8167913
2024-07-22 00:00:00+05:30,210.56,217.27,206.99,210.28,4328726
2024-07-23 00:00:00+05:30,195.87,206.98,194.4,199.18,13020058
2024-07-24 00:00:00+05:30,199.38,215.45,199.09,213.28,10065855
2024-07-25 00:00:00+05:30,211.53,220.25,207.24,212.11,8699987
2024-07-26 00:00:00+05:30,212.52,213.89,209.21,210.44,3223891
2024-07-29 00:00:00+05:30,211.55,217.07,209.58,215.62,4877109
2024-07-30 00:00:00+05:30,215.45,219.76,213.5,214.44,5080158
2024-07-31 00:00:00+05:30,215.19,217.56,212.73,215.94,3362677
2024-08-01 00:00:00+05:30,217.27,218.76,213.25,216.68,3857246
2024-08-02 00:00:00+05:30,213.89,215.17,208.8,213.47,3043392
2024-08-05 00:00:00+05:30,207.62,209.48,198.96,204.61,3668179
2024-08-06 00:00:00+05:30,205.66,210.16,193.79,194.78,6145635
2024-08-07 00:00:00+05:30,200.62,202.04,196.65,199.63,2660210
2024-08-08 00:00:00+05:30,200.03,201.45,196.99,197.92,1629434
2024-08-09 00:00:00+05:30,198.8,204.39,198.49,200.73,3118191
2024-08-12 00:00:00+05:30,196.86,206.59,194.4,202.86,4269388
2024-08-13 00:00:00+05:30,203.7,203.7,198.62,199.82,2379482
2024-08-14 00:00:00+05:30,200.08,203.7,196.59,199.64,3237291
2024-08-16 00:00:00+05:30,201.74,203.55,197.97,199.46,1379563
2024-08-19 00:00:00+05:30,201.55,211.54,201.55,207.17,6048514
2024-08-20 00:00:00+05:30,209.62,209.77,206.05,207.84,2042065
2024-08-21 00:00:00+05:30,208.6,210.55,206.64,208.83,1614082
2024-08-22 00:00:00+05:30,208.45,210.9,207.62,208.32,1324750
2024-08-23 00:00:00+05:30,208.61,215.44,208.35,209.33,5600916
2024-08-26 00:00:00+05:30,210.56,211.05,206.15,207.03,1325276
2024-08-27 00:00:00+05:30,207.62,208.39,201.79,202.91,1632017
2024-08-28 00:00:00+05:30,203.46,206.68,199.79,204.14,2455446
2024-08-29 00:00:00+05:30,204.68,206.64,202.39,205.86,1877341
2024-08-30 00:00:00+05:30,205.86,207.41,202.72,203.09,1136482
2024-09-02 00:00:00+05:30,205.66,206.0,198.22,199.39,2920633
2024-09-03 00:00:00+05:30,200.76,201.28,198.61,199.49,1128778
2024-09-04 00:00:00+05:30,199.12,201.01,197.04,197.51,1324493
2024-09-05 00:00:00+05:30,196.85,201.55,196.75,197.74,1593908
2024-09-06 00:00:00+05:30,197.83,198.7,192.1,193.14,1644223
2024-09-09 00:00:00+05:30,192.93,192.93,185.1,185.84,1899406
2024-09-10 00:00:00+05:30,186.07,191.61,186.07,190.66,1705369
2024-09-11 00:00:00+05:30,190.97,191.71,182.17,183.3,1613314
2024-09-12 00:00:00+05:30,185.1,185.78,181.24,185.01,1336309
2024-09-13 00:00:00+05:30,185.78,189.6,184.19,187.03,1295825
2024-09-16 00:00:00+05:30,188.03,188.65,184.7,185.57,667464
2024-09-17 00:00:00+05:30,186.07,187.25,182.55,183.03,897883
2024-09-18 00:00:00+05:30,185.43,191.81,183.38,186.5,6171306
2024-09-19 00:00:00+05:30,186.56,186.96,178.24,180.19,1849584
2024-09-20 00:00:00+05:30,181.94,182.49,176.63,177.99,1771823
2024-09-23 00:00:00+05:30,179.7,183.87,179.12,180.31,1746805
2024-09-24 00:00:00+05:30,181.08,181.62,176.77,177.58,1368166
2024-09-25 00:00:00+05:30,177.6,178.95,173.17,174.2,1533669
2024-09-26 00:00:00+05:30,175.3,175.3,170.99,174.12,1462081
2024-09-27 00:00:00+05:30,175.3,182.06,174.86,176.05,4971714
2024-09-30 00:00:00+05:30,177.25,179.86,174.65,178.42,1790903
2024-10-01 00:00:00+05:30,179.27,182.6,176.43,177.16,2125412
2024-10-03 00:00:00+05:30,176.28,176.87,172.85,174.13,1152169
2024-10-04 00:00:00+05:30,174.03,177.18,170.71,175.68,1908907
2024-10-07 00:00:00+05:30,176.23,177.25,164.3,168.61,2088634
2024-10-08 00:00:00+05:30,168.62,172.56,165.02,171.5,1175310
2024-10-09 00:00:00+05:30,172.26,175.56,172.25,173.53,711934
2024-10-10 00:00:00+05:30,174.32,174.52,171.58,172.07,581679
2024-10-11 00:00:00+05:30,172.15,175.89,170.4,171.12,1121622
2024-10-14 00:00:00+05:30,171.38,171.74,168.06,168.92,800826
2024-10-15 00:00:00+05:30,169.52,171.77,165.85,166.37,1206470
2024-10-16 00:00:00+05:30,166.37,169.2,165.31,166.45,1210555
2024-10-17 00:00:00+05:30,166.45,173.0,164.25,165.29,3927867
2024-10-18 00:00:00+05:30,164.44,165.28,161.17,162.11,1292952
2024-10-21 00:00:00+05:30,156.18,158.46,153.28,154.98,3872796
2024-10-22 00:00:00+05:30,155.09,155.64,143.33,144.1,3971959
2024-10-23 00:00:00+05:30,144.1,153.86,138.45,151.43,4603722
2024-10-24 00:00:00+05:30,152.68,153.49,146.38,152.14,2375770
2024-10-25 00:00:00+05:30,151.8,151.8,140.24,141.85,2639413
2024-10-28 00:00:00+05:30,142.93,145.33,139.71,141.08,2525796
2024-10-29 00:00:00+05:30,141.92,146.66,140.07,143.55,2138443
2024-10-30 00:00:00+05:30,143.37,147.37,140.78,145.63,1914610
2024-10-31 00:00:00+05:30,145.59,146.64,143.2,144.71,1121987
2024-11-01 00:00:00+05:30,145.54,148.85,145.54,148.37,471013
2024-11-04 00:00:00+05:30,148.86,149.07,142.13,144.53,1477870
2024-11-05 00:00:00+05:30,143.08,164.43,142.1,160.45,30378727
2024-11-06 00:00:00+05:30,164.39,167.47,161.36,164.55,17037292
2024-11-07 00:00:00+05:30,164.55,168.94,161.59,162.9,6730828
2024-11-08 00:00:00+05:30,162.07,162.07,154.1,157.48,4035333
2024-11-11 00:00:00+05:30,157.16,157.42,152.02,155.81,2537632
2024-11-12 00:00:00+05:30,155.81,158.21,149.4,150.48,1671520
2024-11-13 00:00:00+05:30,147.98,152.1,144.17,149.47,4018132
2024-11-14 00:00:00+05:30,146.6,152.19,145.33,146.18,2350584
2024-11-18 00:00:00+05:30,146.9,147.56,143.0,144.66,2182084
2024-11-19 00:00:00+05:30,146.9,152.17,143.78,144.91,2897145
2024-11-21 00:00:00+05:30,144.34,145.7,141.07,142.05,1490292
2024-11-22 00:00:00+05:30,142.98,157.42,142.98,154.0,23773291
2024-11-25 00:00:00+05:30,155.71,160.04,151.26,152.34,4237305
2024-11-26 00:00:00+05:30,151.64,154.59,149.93,150.39,1820039
2024-11-27 00:00:00+05:30,150.51,152.21,149.15,151.15,1821730
2024-11-28 00:00:00+05:30,150.82,154.73,150.43,151.36,2097311
2024-11-29 00:00:00+05:30,151.36,152.29,149.35,151.37,1373542
2024-12-02 00:00:00+05:30,152.04,154.72,148.96,152.34,3338163
2024-12-03 00:00:00+05:30,152.43,155.67,151.8,152.72,2095582
2024-12-04 00:00:00+05:30,153.17,157.48,152.78,153.85,2932106
2024-12-05 00:00:00+05:30,154.05,154.77,151.12,151.54,1687744
2024-12-06 00:00:00+05:30,151.11,154.01,151.0,151.73,1778585
2024-12-09 00:00:00+05:30,151.32,153.22,150.82,151.3,1460214
2024-12-10 00:00:00+05:30,151.59,152.38,147.98,148.73,1680565
2024-12-11 00:00:00+05:30,148.86,151.0,148.65,149.85,1281609
2024-12-12 00:00:00+05:30,150.52,150.72,147.36,147.83,1276828
2024-12-13 00:00:00+05:30,146.9,147.87,144.35,146.31,1361130
2024-12-16 00:00:00+05:30,146.41,148.4,144.94,145.26,1274133
2024-12-17 00:00:00+05:30,144.07,147.29,142.98,143.44,1663331
2024-12-18 00:00:00+05:30,142.0,144.0,141.51,143.33,1584354
2024-12-19 00:00:00+05:30,141.51,145.9,139.69,142.91,2293380
2024-12-20 00:00:00+05:30,143.96,144.84,137.46,139.28,1168197
2024-12-23 00:00:00+05:30,139.55,141.91,137.13,139.44,1762250
2024-12-24 00:00:00+05:30,139.44,146.8,139.12,145.66,6209398
2024-12-26 00:00:00+05:30,145.92,146.75,142.15,142.63,1004089
2024-12-27 00:00:00+05:30,142.98,144.33,141.17,142.35,1159993
2024-12-30 00:00:00+05:30,142.0,142.27,138.43,139.12,1067158
2024-12-31 00:00:00+05:30,138.43,151.21,138.39,145.34,15515122
2025-01-01 00:00:00+05:30,145.34,146.85,144.39,146.19,1264394
2025-01-02 00:00:00+05:30,145.43,147.78,144.6,146.62,1387653
2025-01-03 00:00:00+05:30,145.62,149.58,145.62,146.44,1462258
2025-01-06 00:00:00+05:30,146.6,146.61,139.8,141.02,1742673
2025-01-07 00:00:00+05:30,141.02,146.26,141.02,141.53,2204103
2025-01-08 00:00:00+05:30,142.0,151.31,141.62,145.41,17257510
2025-01-09 00:00:00+05:30,146.12,146.41,142.1,142.97,1713107
2025-01-10 00:00:00+05:30,142.96,143.18,137.21,137.87,1831332
2025-01-13 00:00:00+05:30,136.13,141.46,129.77,131.35,3311980
2025-01-14 00:00:00+05:30,132.2,134.83,130.36,133.98,1672464
2025-01-15 00:00:00+05:30,134.76,140.54,133.74,134.72,3125849
2025-01-16 00:00:00+05:30,135.64,137.77,135.26,135.71,1291515
2025-01-17 00:00:00+05:30,135.71,141.43,134.73,137.62,3412519
2025-01-20 00:00:00+05:30,137.84,145.51,137.13,140.91,9905243
2025-01-21 00:00:00+05:30,142.0,142.73,137.11,138.07,2239313
2025-01-22 00:00:00+05:30,138.08,138.08,132.57,134.85,1592277
2025-01-23 00:00:00+05:30,134.66,136.75,133.28,134.2,1065943
2025-01-24 00:00:00+05:30,134.56,136.32,129.98,130.83,1414305
2025-01-27 00:00:00+05:30,129.23,129.23,123.4,124.31,1882719
2025-01-28 00:00:00+05:30,124.47,126.24,118.11,120.53,2192385
2025-01-29 00:00:00+05:30,120.7,124.18,120.7,123.54,1149446
2025-01-30 00:00:00+05:30,124.58,126.56,123.13,123.78,1046473
2025-01-31 00:00:00+05:30,123.4,127.29,123.12,126.82,1449847
2025-02-01 00:00:00+05:30,127.31,129.6,124.16,125.52,1218213
2025-02-03 00:00:00+05:30,123.4,123.87,118.02,119.35,1477953
2025-02-04 00:00:00+05:30,120.02,121.83,119.61,121.48,965398
2025-02-05 00:00:00+05:30,123.4,126.07,122.7,124.57,1491817
2025-02-06 00:00:00+05:30,126.33,126.42,122.56,123.44,961709
2025-02-07 00:00:00+05:30,124.46,124.46,120.6,121.57,937701
2025-02-10 00:00:00+05:30,123.2,123.4,118.36,118.79,998350
2025-02-11 00:00:00+05:30,119.16,119.95,114.24,115.2,1354352
2025-02-12 00:00:00+05:30,112.62,114.84,108.04,112.9,2211847
2025-02-13 00:00:00+05:30,112.98,115.17,112.62,113.13,900499
2025-02-14 00:00:00+05:30,113.11,113.51,106.75,108.38,1257365
2025-02-17 00:00:00+05:30,107.92,109.29,105.52,108.71,1472347
2025-02-18 00:00:00+05:30,109.98,110.63,105.77,108.0,1220283
2025-02-19 00:00:00+05:30,107.24,112.13,106.31,111.71,1166924
2025-02-20 00:00:00+05:30,112.12,118.33,111.12,114.95,3857420
2025-02-21 00:00:00+05:30,115.55,117.41,112.5,113.24,1442416
2025-02-24 00:00:00+05:30,112.04,113.07,110.31,111.99,914007
2025-02-25 00:00:00+05:30,113.09,113.09,110.59,111.95,900557
2025-02-27 00:00:00+05:30,111.71,112.2,107.54,108.21,772004
2025-02-28 00:00:00+05:30,107.72,107.72,103.01,103.61,1174522
2025-03-03 00:00:00+05:30,104.58,105.11,96.88,99.3,3132937
2025-03-04 00:00:00+05:30,98.48,102.63,97.47,101.18,1991300
2025-03-05 00:00:00+05:30,100.49,104.58,100.48,104.09,1538966
2025-03-06 00:00:00+05:30,105.47,112.34,105.47,110.76,13510293
2025-03-07 00:00:00+05:30,110.67,114.51,109.5,111.32,5071709
2025-03-10 00:00:00+05:30,111.64,113.34,107.83,108.98,1372317
2025-03-11 00:00:00+05:30,106.94,112.13,106.05,110.35,5063228
2025-03-12 00:00:00+05:30,110.96,112.6,108.9,109.77,1270755
2025-03-13 00:00:00+05:30,110.42,119.28,108.42,116.86,40026749
2025-03-17 00:00:00+05:30,119.21,119.23,113.6,115.04,8211417
2025-03-18 00:00:00+05:30,114.58,114.64,112.13,112.47,4392210
2025-03-19 00:00:00+05:30,112.62,116.84,112.58,113.55,5333497
2025-03-20 00:00:00+05:30,114.81,117.85,114.11,115.44,4073603
2025-03-21 00:00:00+05:30,116.05,134.95,115.09,132.73,32575538
2025-03-24 00:00:00+05:30,134.07,144.6,132.02,140.28,18892289
2025-03-25 00:00:00+05:30,140.28,141.02,132.7,137.28,10020273
2025-03-26 00:00:00+05:30,137.29,143.38,135.76,138.01,14997837
2025-03-27 00:00:00+05:30,136.86,137.83,133.39,134.09,5260675
2025-03-28 00:00:00+05:30,134.95,137.79,130.75,131.66,3728253
2025-04-01 00:00:00+05:30,131.03,133.53,128.11,131.84,3778788
2025-04-02 00:00:00+05:30,132.19,137.29,128.59,135.49,4383305
2025-04-03 00:00:00+05:30,133.19,136.96,132.32,133.91,3549244
2025-04-04 00:00:00+05:30,134.56,138.97,129.89,132.11,10805830
2025-04-07 00:00:00+05:30,117.52,128.44,115.57,126.51,6751442
2025-04-08 00:00:00+05:30,127.51,133.17,126.92,132.12,3850788
2025-04-09 00:00:00+05:30,132.7,133.19,128.54,129.51,2733956
2025-04-11 00:00:00+05:30,131.92,132.8,126.82,128.11,3479712
2025-04-15 00:00:00+05:30,129.21,130.68,128.54,129.76,2166198
2025-04-16 00:00:00+05:30,130.3,137.52,129.81,134.74,10050157
2025-04-17 00:00:00+05:30,134.74,135.13,132.61,133.4,2066086
2025-04-21 00:00:00+05:30,134.16,141.4,133.13,138.17,7789651
2025-04-22 00:00:00+05:30,139.56,140.63,136.91,140.11,3938388
2025-04-23 00:00:00+05:30,140.98,142.25,135.49,138.34,4014711
2025-04-24 00:00:00+05:30,138.33,139.56,137.32,138.28,2077768
2025-04-25 00:00:00+05:30,138.82,138.97,131.23,134.28,4475928
2025-04-28 00:00:00+05:30,130.25,134.07,128.0,132.86,4870594
2025-04-29 00:00:00+05:30,134.37,135.57,129.77,131.13,3938421
2025-04-30 00:00:00+05:30,131.44,133.66,130.15,131.44,2571950
2025-05-02 00:00:00+05:30,132.01,133.39,129.91,131.23,1917268
2025-05-05 00:00:00+05:30,133.39,136.47,129.84,130.59,6057710
2025-05-06 00:00:00+05:30,131.08,131.6,124.67,125.34,2503518
2025-05-07 00:00:00+05:30,123.15,128.94,123.0,128.28,2354687
2025-05-08 00:00:00+05:30,129.27,129.72,121.54,122.57,4028421
2025-05-09 00:00:00+05:30,117.77,123.45,117.52,122.8,2371406
2025-05-12 00:00:00+05:30,126.92,129.61,126.92,129.11,1750419
2025-05-13 00:00:00+05:30,129.81,130.81,127.8,129.31,1385231
2025-05-14 00:00:00+05:30,127.8,131.66,127.8,131.46,1485958
2025-05-15 00:00:00+05:30,132.16,136.17,131.51,133.05,2970746
2025-05-16 00:00:00+05:30,133.29,136.39,132.31,135.15,3447927
2025-05-19 00:00:00+05:30,135.83,138.87,134.34,134.9,2307576
2025-05-20 00:00:00+05:30,136.71,141.77,133.7,136.71,6959117
2025-05-21 00:00:00+05:30,137.06,138.97,134.56,136.83,2947744
2025-05-22 00:00:00+05:30,136.62,137.89,133.33,134.36,1540432
2025-05-23 00:00:00+05:30,134.46,140.29,133.39,138.32,3819113
2025-05-26 00:00:00+05:30,139.39,140.54,137.94,139.06,2148675
2025-05-27 00:00:00+05:30,139.56,139.75,136.37,137.73,1258556
2025-05-28 00:00:00+05:30,137.73,148.66,137.11,145.76,16057629
2025-05-29 00:00:00+05:30,147.4,149.84,144.63,146.87,7445404
2025-05-30 00:00:00+05:30,146.9,147.31,140.24,141.06,3141193
2025-06-02 00:00:00+05:30,141.51,142.16,138.65,140.54,1705474
2025-06-03 00:00:00+05:30,140.84,144.83,137.6,138.13,3186028
2025-06-04 00:00:00+05:30,138.27,140.73,135.64,138.77,2119109
2025-06-05 00:00:00+05:30,139.18,140.3,137.69,138.42,1479564
2025-06-06 00:00:00+05:30,138.67,139.07,137.7,138.16,1014149
2025-06-09 00:00:00+05:30,138.96,141.71,138.28,140.19,1836952
2025-06-10 00:00:00+05:30,140.98,142.33,139.31,140.94,2317326
2025-06-11 00:00:00+05:30,141.02,147.88,139.76,142.89,8599169
2025-06-12 00:00:00+05:30,144.16,144.16,137.99,139.83,2921052
2025-06-13 00:00:00+05:30,136.13,138.87,135.27,136.05,2043916
2025-06-16 00:00:00+05:30,136.69,137.83,131.79,133.85,2716008
2025-06-17 00:00:00+05:30,134.84,137.21,133.51,134.85,1730302
2025-06-18 00:00:00+05:30,134.41,134.85,131.86,132.85,1147792
2025-06-19 00:00:00+05:30,133.19,134.46,128.9,130.03,1272512
2025-06-20 00:00:00+05:30,130.03,133.14,129.17,132.26,1843799
2025-06-23 00:00:00+05:30,131.13,143.96,131.01,142.73,22203082
2025-06-24 00:00:00+05:30,141.12,142.58,138.28,138.81,3328739
2025-06-25 00:00:00+05:30,139.07,140.91,136.81,138.31,2427555
2025-06-26 00:00:00+05:30,139.09,142.0,138.87,139.82,3227224
2025-06-27 00:00:00+05:30,140.24,141.81,139.52,140.45,1823581
2025-06-30 00:00:00+05:30,140.83,141.95,139.71,140.37,1206354
2025-07-01 00:00:00+05:30,140.93,144.65,139.21,139.84,2815609
2025-07-02 00:00:00+05:30,140.63,144.45,139.85,141.25,5979722
2025-07-03 00:00:00+05:30,141.32,148.27,141.12,144.57,12948492
2025-07-04 00:00:00+05:30,145.24,150.82,143.33,147.75,18070998
2025-07-07 00:00:00+05:30,148.49,150.34,142.06,142.6,4197162
2025-07-08 00:00:00+05:30,143.16,144.08,140.15,141.84,2367602
2025-07-09 00:00:00+05:30,142.22,147.78,141.33,143.71,5663730
2025-07-10 00:00:00+05:30,144.45,144.64,142.01,142.55,1714211
2025-07-11 00:00:00+05:30,142.37,142.84,139.07,139.5,1701975
2025-07-14 00:00:00+05:30,139.44,140.74,138.23,139.05,1357590
2025-07-15 00:00:00+05:30,139.14,143.28,139.14,142.77,2471832
2025-07-16 00:00:00+05:30,142.49,145.25,141.55,143.92,2096477
2025-07-17 00:00:00+05:30,143.96,146.11,143.12,144.45,2160346
2025-07-18 00:00:00+05:30,145.1,147.15,144.09,146.13,5010602
2025-07-21 00:00:00+05:30,138.03,139.65,133.94,136.28,7694176
2025-07-22 00:00:00+05:30,138.09,143.91,138.09,141.82,11041192
2025-07-23 00:00:00+05:30,142.89,153.27,141.08,152.67,38817846
2025-07-24 00:00:00+05:30,152.77,155.03,146.27,148.26,12543029
2025-07-25 00:00:00+05:30,148.26,148.27,137.31,137.91,6797403
2025-07-28 00:00:00+05:30,138.09,139.12,131.37,132.17,5158527
2025-07-29 00:00:00+05:30,131.82,132.6,127.08,128.61,5268397
2025-07-30 00:00:00+05:30,129.57,132.01,126.82,127.19,3580398
2025-07-31 00:00:00+05:30,126.04,126.79,122.81,123.5,4210226
2025-08-01 00:00:00+05:30,123.54,124.73,120.46,121.0,1935692
2025-08-04 00:00:00+05:30,121.83,124.86,120.3,124.31,2080001
2025-08-05 00:00:00+05:30,125.25,126.54,123.26,124.3,1902724
2025-08-06 00:00:00+05:30,124.38,125.2,120.78,122.49,1670100
2025-08-07 00:00:00+05:30,122.61,122.81,117.91,121.11,1886937
2025-08-08 00:00:00+05:30,121.79,126.33,120.63,123.17,3316455
2025-08-11 00:00:00+05:30,123.79,123.79,121.24,123.26,1266217
2025-08-12 00:00:00+05:30,123.89,125.74,123.08,123.68,1124759
2025-08-13 00:00:00+05:30,123.68,123.89,121.44,122.15,1818752
2025-08-14 00:00:00+05:30,123.4,123.58,119.87,121.05,1604239
2025-08-18 00:00:00+05:30,122.42,122.42,120.27,120.9,1202226
2025-08-19 00:00:00+05:30,121.48,123.1,121.12,122.56,1453250
2025-08-20 00:00:00+05:30,122.91,125.14,122.05,122.5,1753970
2025-08-21 00:00:00+05:30,123.0,126.14,122.76,124.01,2518365
2025-08-22 00:00:00+05:30,124.13,124.13,121.58,122.31,844374
2025-08-25 00:00:00+05:30,123.2,123.51,120.46,120.94,939787
2025-08-26 00:00:00+05:30,120.5,121.93,119.06,121.39,1336562
2025-08-28 00:00:00+05:30,121.24,121.45,118.99,119.14,745333
2025-08-29 00:00:00+05:30,119.48,120.16,117.96,119.5,870415
2025-09-01 00:00:00+05:30,120.25,124.37,119.72,123.27,1923747
2025-09-02 00:00:00+05:30,124.16,125.79,122.47,124.13,1719181
2025-09-03 00:00:00+05:30,124.37,125.75,124.12,124.62,725810
2025-09-04 00:00:00+05:30,125.97,126.24,121.64,122.41,1282308
2025-09-05 00:00:00+05:30,123.59,124.63,122.47,123.85,822238
2025-09-08 00:00:00+05:30,124.23,125.75,123.89,124.07,692452
2025-09-09 00:00:00+05:30,124.37,126.43,122.42,122.73,1475567
2025-09-10 00:00:00+05:30,123.4,126.07,123.05,124.39,1347251
2025-09-11 00:00:00+05:30,125.01,129.12,124.28,124.97,4302455
2025-09-12 00:00:00+05:30,125.36,125.94,123.41,123.88,1010837
2025-09-15 00:00:00+05:30,124.33,125.94,123.58,124.28,1150630
2025-09-16 00:00:00+05:30,125.16,126.08,124.37,125.23,698896
2025-09-17 00:00:00+05:30,125.73,128.28,125.4,127.25,2622122
2025-09-18 00:00:00+05:30,128.86,129.47,127.56,128.38,2168871
2025-09-19 00:00:00+05:30,128.39,129.47,126.82,127.13,1201776
2025-09-22 00:00:00+05:30,127.08,129.87,126.36,127.2,1665608
2025-09-23 00:00:00+05:30,127.8,128.01,125.94,126.44,695274
2025-09-24 00:00:00+05:30,126.68,127.11,124.5,124.83,785037
2025-09-25 00:00:00+05:30,125.36,128.2,124.72,127.02,1782834
2025-09-26 00:00:00+05:30,126.53,127.89,123.49,124.76,1843966
2025-09-29 00:00:00+05:30,125.54,134.76,124.92,131.34,15577557
2025-09-30 00:00:00+05:30,132.6,132.68,128.95,130.05,2183300
2025-10-01 00:00:00+05:30,130.06,133.48,129.9,130.56,2150382
2025-10-03 00:00:00+05:30,131.71,143.74,129.42,140.44,17510619
2025-10-06 00:00:00+05:30,141.02,145.37,138.68,144.56,10653696
2025-10-07 00:00:00+05:30,144.94,151.01,143.85,146.2,18883831
2025-10-08 00:00:00+05:30,145.73,146.21,143.23,143.71,3319283
2025-10-09 00:00:00+05:30,143.77,145.26,141.43,142.34,1863295
2025-10-10 00:00:00+05:30,142.89,143.33,140.19,140.88,1533737
2025-10-13 00:00:00+05:30,140.88,140.88,138.58,139.7,1228465
2025-10-14 00:00:00+05:30,140.05,140.59,135.44,138.1,2609175
2025-10-15 00:00:00+05:30,138.1,141.02,136.23,139.16,2588751
2025-10-16 00:00:00+05:30,149.0,151.31,140.05,140.62,43781730
2025-10-17 00:00:00+05:30,140.62,141.22,137.11,137.96,3174176
2025-10-20 00:00:00+05:30,138.09,150.23,136.45,148.4,31615782
2025-10-21 00:00:00+05:30,148.13,148.93,146.51,147.35,1710720
2025-10-23 00:00:00+05:30,147.35,147.38,141.32,142.98,4940589
2025-10-24 00:00:00+05:30,142.98,144.16,140.45,142.31,4510342
2025-10-27 00:00:00+05:30,142.68,149.74,141.22,146.63,13234294
2025-10-28 00:00:00+05:30,146.9,151.11,145.8,149.74,10108430
2025-10-29 00:00:00+05:30,149.84,160.11,149.07,156.13,31201335
2025-10-30 00:00:00+05:30,156.69,165.26,154.87,159.22,28581922
2025-10-31 00:00:00+05:30,158.35,167.85,156.03,162.96,27857587
2025-11-03 00:00:00+05:30,162.96,169.43,161.2,165.11,16102581
2025-11-04 00:00:00+05:30,164.53,176.57,163.63,172.29,40337240
2025-11-06 00:00:00+05:30,171.4,174.57,164.77,166.35,15743582
2025-11-07 00:00:00+05:30,166.35,171.68,164.18,168.93,12549932
2025-11-10 00:00:00+05:30,169.77,174.67,165.39,167.05,8500922
2025-11-11 00:00:00+05:30,167.03,176.09,165.77,174.67,15409648
2025-11-12 00:00:00+05:30,175.1,178.44,169.43,170.9,9113334
2025-11-13 00:00:00+05:30,170.99,174.49,169.01,170.04,4633087
2025-11-14 00:00:00+05:30,169.98,171.74,167.56,168.28,2851039
2025-11-17 00:00:00+05:30,168.62,181.18,168.62,179.73,23868096
2025-11-18 00:00:00+05:30,179.81,179.9,173.9,174.7,8350448
2025-11-19 00:00:00+05:30,174.81,174.81,169.52,170.49,3829133
2025-11-20 00:00:00+05:30,170.5,177.15,170.1,170.63,11327871
2025-11-21 00:00:00+05:30,171.09,173.15,165.98,166.76,6951116
2025-11-24 00:00:00+05:30,167.62,168.38,160.61,163.37,4621689
2025-11-25 00:00:00+05:30,163.55,165.85,160.88,162.36,3788991
2025-11-26 00:00:00+05:30,163.2,163.94,154.83,157.3,7942141
2025-11-27 00:00:00+05:30,158.08,159.28,155.4,156.93,4033016
2025-11-28 00:00:00+05:30,156.84,157.58,154.32,154.79,2743765
2025-12-01 00:00:00+05:30,155.91,161.05,155.58,158.61,7051687
2025-12-02 00:00:00+05:30,158.16,160.99,154.83,155.7,4799558
2025-12-03 00:00:00+05:30,155.71,156.6,153.07,156.12,3343453
2025-12-04 00:00:00+05:30,155.89,157.22,152.79,153.49,2099580
2025-12-05 00:00:00+05:30,153.46,153.59,150.24,150.56,1552519
2025-12-08 00:00:00+05:30,150.43,152.78,146.07,147.4,3340973
2025-12-09 00:00:00+05:30,146.67,152.14,143.12,150.53,5266920
2025-12-10 00:00:00+05:30,149.84,153.16,148.28,150.47,2215644
2025-12-11 00:00:00+05:30,149.6,149.89,146.31,146.59,1659882
2025-12-12 00:00:00+05:30,147.1,148.23,145.33,145.87,2111817
2025-12-15 00:00:00+05:30,146.12,150.2,145.73,146.67,3099048
2025-12-16 00:00:00+05:30,147.15,151.21,144.6,145.64,6917759
2025-12-17 00:00:00+05:30,145.81,147.88,144.37,145.19,3299560
2025-12-18 00:00:00+05:30,144.26,144.88,140.07,140.73,2369861
2025-12-19 00:00:00+05:30,140.84,146.23,140.84,145.16,4187018
2025-12-22 00:00:00+05:30,146.9,147.34,144.75,145.8,1497087
2025-12-23 00:00:00+05:30,145.43,147.59,143.18,143.63,1870727
2025-12-24 00:00:00+05:30,143.66,145.38,142.49,143.03,1458854
2025-12-26 00:00:00+05:30,141.58,143.91,141.43,142.01,1443674
2025-12-29 00:00:00+05:30,142.01,143.57,140.54,141.23,1321523
2025-12-30 00:00:00+05:30,141.5,141.83,138.31,138.83,1544027
2025-12-31 00:00:00+05:30,139.55,155.23,139.37,148.89,50277974
2026-01-01 00:00:00+05:30,147.88,153.55,146.68,150.31,12509505
2026-01-02 00:00:00+05:30,149.59,150.41,146.12,148.18,3886148
2026-01-05 00:00:00+05:30,148.37,153.14,145.43,146.27,3402933
2026-01-06 00:00:00+05:30,146.41,146.41,142.1,145.11,3784131
2026-01-07 00:00:00+05:30,144.93,148.04,143.19,143.79,2180076
2026-01-08 00:00:00+05:30,143.95,143.96,138.81,139.67,2839012
2026-01-09 00:00:00+05:30,140.05,140.45,135.54,136.32,2403031
2026-01-12 00:00:00+05:30,136.81,139.98,133.21,137.46,3942949
2026-01-13 00:00:00+05:30,143.96,143.96,139.31,142.18,11169983
2026-01-14 00:00:00+05:30,142.0,158.95,141.39,155.08,23944802
2026-01-16 00:00:00+05:30,155.84,160.61,146.14,148.13,17579062
2026-01-19 00:00:00+05:30,146.02,146.76,139.56,140.29,7146901
2026-01-20 00:00:00+05:30,140.31,141.91,135.93,136.53,5572400
2026-01-21 00:00:00+05:30,136.13,151.79,135.15,149.02,66171691
2026-01-22 00:00:00+05:30,151.8,158.16,149.21,151.1,28042542
2026-01-23 00:00:00+05:30,151.8,155.47,149.45,152.19,6952785
2026-01-27 00:00:00+05:30,153.48,154.49,150.14,153.12,7911749
2026-01-28 00:00:00+05:30,152.97,166.09,150.43,160.58,37222182
2026-01-29 00:00:00+05:30,161.2,175.24,160.86,173.28,43631437
2026-01-30 00:00:00+05:30,172.77,174.51,169.73,172.89,9708285
2026-02-01 00:00:00+05:30,172.89,173.33,156.89,159.41,4072873
2026-02-02 00:00:00+05:30,160.61,175.74,160.61,173.79,30805245
2026-02-03 00:00:00+05:30,180.2,180.2,168.15,175.6,18458021
2026-02-04 00:00:00+05:30,174.42,186.73,173.25,179.15,26619723
2026-02-05 00:00:00+05:30,179.72,184.81,177.8,178.82,11675305
2026-02-06 00:00:00+05:30,179.51,184.46,176.98,181.42,14481024
2026-02-09 00:00:00+05:30,184.02,191.71,182.26,190.24,19035222
2026-02-10 00:00:00+05:30,190.97,191.94,185.64,190.68,8310410
2026-02-11 00:00:00+05:30,190.68,192.93,185.64,189.72,7357763
2026-02-12 00:00:00+05:30,189.85,191.73,185.88,187.17,5987418
2026-02-13 00:00:00+05:30,186.06,186.07,180.25,181.77,5232925
2026-02-16 00:00:00+05:30,181.77,183.21,178.73,182.16,3344910
2026-02-17 00:00:00+05:30,182.16,190.33,180.98,188.91,10101422
2026-02-18 00:00:00+05:30,189.5,191.9,185.19,186.12,7423613
2026-02-19 00:00:00+05:30,189.64,194.4,187.27,189.75,14861850
2026-02-20 00:00:00+05:30,189.75,192.33,186.48,187.3,6119547
2026-02-23 00:00:00+05:30,187.3,191.95,185.63,188.3,5671332
2026-02-24 00:00:00+05:30,188.3,193.52,187.54,192.79,10306016
2026-02-25 00:00:00+05:30,193.91,199.68,193.03,195.97,13271249
2026-02-26 00:00:00+05:30,196.46,196.83,190.19,193.07,4618513
2026-02-27 00:00:00+05:30,192.93,195.37,189.31,192.59,6300759
2026-03-02 00:00:00+05:30,183.87,189.31,181.77,184.62,6543818
2026-03-04 00:00:00+05:30,183.62,189.5,179.23,187.36,13057930
2026-03-05 00:00:00+05:30,189.5,198.14,188.35,192.19,20844935
2026-03-06 00:00:00+05:30,196.84,207.92,192.44,202.28,34921630
2026-03-09 00:00:00+05:30,203.8,206.47,184.21,186.1,17639316
2026-03-10 00:00:00+05:30,191.95,194.34,182.66,189.6,14614050
2026-03-11 00:00:00+05:30,190.1,195.49,185.09,186.92,5960972
2026-03-12 00:00:00+05:30,186.0,194.0,177.37,191.44,12972081
2026-03-13 00:00:00+05:30,189.05,190.53,177.04,178.14,8462814
2026-03-16 00:00:00+05:30,178.1,209.96,173.91,206.77,145192265
2026-03-17 00:00:00+05:30,208.22,212.0,192.3,200.36,86744760
2026-03-18 00:00:00+05:30,199.85,202.0,190.15,192.05,17341476
2026-03-19 00:00:00+05:30,190.0,195.4,184.0,184.78,16705764
2026-03-20 00:00:00+05:30,186.61,200.58,185.75,191.19,46357562
2026-03-23 00:00:00+05:30,191.14,195.64,181.15,183.15,19049656
2026-03-24 00:00:00+05:30,189.8,190.0,174.2,181.72,20193005
2026-03-25 00:00:00+05:30,185.0,188.2,180.8,186.14,12309133
2026-03-27 00:00:00+05:30,186.0,189.7,175.15,177.1,11222384
2026-03-30 00:00:00+05:30,175.0,186.23,170.9,179.84,22122348
2026-04-01 00:00:00+05:30,183.0,186.4,180.51,184.14,8671995
2026-04-02 00:00:00+05:30,181.91,182.88,176.0,182.14,7062575
2026-04-06 00:00:00+05:30,181.2,183.19,177.8,178.94,5827483
2026-04-07 00:00:00+05:30,178.0,181.56,176.81,179.33,5355923
2026-04-08 00:00:00+05:30,186.0,187.0,179.01,179.5,7186644
2026-04-09 00:00:00+05:30,180.75,181.95,175.8,176.24,5301448
2026-04-10 00:00:00+05:30,176.3,179.71,172.63,174.62,4669479
2026-04-13 00:00:00+05:30,173.0,173.34,168.4,170.85,5212083
2026-04-15 00:00:00+05:30,173.3,177.39,172.1,175.8,5580071
2026-04-16 00:00:00+05:30,177.0,180.79,174.0,174.93,5520247
2026-04-17 00:00:00+05:30,175.3,184.6,175.3,183.13,10916404
2026-04-20 00:00:00+05:30,184.29,184.3,179.14,180.0,4038371
2026-04-21 00:00:00+05:30,180.5,186.4,180.0,180.66,7035917
2026-04-22 00:00:00+05:30,181.8,188.7,181.14,187.22,10501379
2026-04-23 00:00:00+05:30,187.22,192.9,186.12,187.01,10673838
2026-04-24 00:00:00+05:30,188.77,194.85,182.26,186.38,17485280
2026-04-27 00:00:00+05:30,177.62,180.0,170.37,172.1,16906664
2026-04-28 00:00:00+05:30,173.3,178.15,171.8,173.72,14192932
2026-04-29 00:00:00+05:30,175.45,177.15,172.41,173.28,7564837
2026-04-30 00:00:00+05:30,174.11,175.55,166.2,167.55,6996938
2026-05-04 00:00:00+05:30,169.0,169.9,158.59,159.47,7989173
