date,open,high,low,close,volume
2008-03-03 00:00:00+05:30,45.15,45.15,43.15,45.0,370872
2008-03-04 00:00:00+05:30,45.65,45.65,42.75,42.75,132333
2008-03-05 00:00:00+05:30,41.55,42.3,40.55,42.05,116529
2008-03-07 00:00:00+05:30,42.8,42.8,39.95,40.0,158253
2008-03-10 00:00:00+05:30,35.95,41.55,35.95,40.6,270990
2008-03-11 00:00:00+05:30,41.65,44.65,40.8,44.65,228846
2008-03-12 00:00:00+05:30,49.2,49.2,49.2,49.2,81972
2008-03-13 00:00:00+05:30,52.6,52.6,44.2,44.2,742590
2008-03-14 00:00:00+05:30,44.4,48.7,40.7,48.15,684009
2008-03-17 00:00:00+05:30,44.35,46.25,43.25,43.25,297963
2008-03-18 00:00:00+05:30,44.8,45.65,40.65,42.05,356334
2008-03-19 00:00:00+05:30,44.7,45.65,38.15,38.75,247179
2008-03-24 00:00:00+05:30,40.65,40.65,34.9,36.1,299439
2008-03-25 00:00:00+05:30,32.9,39.05,32.9,38.5,305550
2008-03-26 00:00:00+05:30,39.95,39.95,37.1,37.95,174900
2008-03-27 00:00:00+05:30,36.95,39.25,36.6,38.7,160782
2008-03-28 00:00:00+05:30,38.7,42.65,36.6,41.9,195972
2008-03-31 00:00:00+05:30,42.65,46.1,41.95,42.2,639123
2008-04-01 00:00:00+05:30,43.8,46.45,42.3,44.55,432615
2008-04-02 00:00:00+05:30,46.85,48.55,43.65,44.05,230532
2008-04-03 00:00:00+05:30,44.0,44.0,41.55,42.2,164574
2008-04-04 00:00:00+05:30,43.55,46.05,41.15,41.5,400164
2008-04-07 00:00:00+05:30,43.1,45.65,42.6,45.65,1055724
2008-04-08 00:00:00+05:30,49.3,50.3,47.7,50.3,401007
2008-04-09 00:00:00+05:30,55.3,55.3,55.3,55.3,378882
2008-04-10 00:00:00+05:30,58.15,58.15,58.15,58.15,154902
2008-04-11 00:00:00+05:30,61.1,61.1,61.1,61.1,108228
2008-04-15 00:00:00+05:30,64.15,64.15,58.0,58.0,1416969
2008-04-16 00:00:00+05:30,55.25,55.9,55.05,55.05,634236
2008-04-17 00:00:00+05:30,55.45,57.85,52.85,53.2,1274265
2008-04-21 00:00:00+05:30,54.55,55.1,52.95,53.5,307530
2008-04-22 00:00:00+05:30,53.65,53.65,50.9,51.2,285510
2008-04-23 00:00:00+05:30,51.15,51.65,48.9,49.4,307656
2008-04-24 00:00:00+05:30,50.6,51.6,49.05,50.05,177681
2008-04-25 00:00:00+05:30,51.4,52.5,48.55,52.5,342636
2008-04-28 00:00:00+05:30,55.15,55.15,53.8,55.15,143628
2008-04-29 00:00:00+05:30,58.0,58.0,54.05,54.95,1159086
2008-04-30 00:00:00+05:30,55.55,57.75,55.55,57.75,448272
2008-05-02 00:00:00+05:30,60.6,60.6,60.6,60.6,85512
2008-05-05 00:00:00+05:30,63.65,63.65,59.65,62.5,2905770
2008-05-06 00:00:00+05:30,63.25,63.25,59.8,60.3,983193
2008-05-07 00:00:00+05:30,61.25,61.45,57.6,57.95,497433
2008-05-08 00:00:00+05:30,57.75,60.85,55.45,60.85,557910
2008-05-09 00:00:00+05:30,62.85,63.9,58.35,58.85,1435806
2008-05-12 00:00:00+05:30,58.8,61.8,56.55,60.5,826584
2008-05-13 00:00:00+05:30,61.6,63.1,59.0,59.6,694080
2008-05-14 00:00:00+05:30,59.2,61.65,59.2,60.75,692142
2008-05-15 00:00:00+05:30,60.85,61.25,58.85,60.7,598938
2008-05-16 00:00:00+05:30,61.2,61.25,58.5,59.15,506706
2008-05-20 00:00:00+05:30,59.65,61.05,56.75,57.4,1104759
2008-05-21 00:00:00+05:30,58.65,60.25,58.15,60.25,1142247
2008-05-22 00:00:00+05:30,63.25,63.25,60.5,62.75,1681503
2008-05-23 00:00:00+05:30,63.0,63.0,59.6,59.6,753765
2008-05-26 00:00:00+05:30,58.65,58.65,56.55,56.55,182949
2008-05-27 00:00:00+05:30,54.1,56.9,53.7,53.7,408732
2008-05-28 00:00:00+05:30,53.4,53.8,51.15,52.4,341127
2008-05-29 00:00:00+05:30,53.3,53.8,52.05,52.65,204045
2008-05-30 00:00:00+05:30,53.65,53.65,50.15,50.6,116304
2008-06-02 00:00:00+05:30,51.25,51.75,48.05,48.05,178554
2008-06-03 00:00:00+05:30,45.7,47.3,45.6,46.4,183483
2008-06-04 00:00:00+05:30,45.95,46.95,44.1,44.1,100830
2008-06-05 00:00:00+05:30,43.0,44.55,42.3,43.95,133572
2008-06-06 00:00:00+05:30,43.9,46.15,43.9,45.6,155184
2008-06-09 00:00:00+05:30,43.8,47.65,43.3,46.45,207276
2008-06-10 00:00:00+05:30,46.6,48.2,44.9,46.2,180090
2008-06-11 00:00:00+05:30,46.95,47.7,46.1,46.6,137835
2008-06-12 00:00:00+05:30,46.2,47.6,44.8,46.75,90759
2008-06-13 00:00:00+05:30,46.85,47.95,44.85,45.85,124509
2008-06-16 00:00:00+05:30,46.85,47.25,46.0,46.4,79128
2008-06-17 00:00:00+05:30,45.25,46.8,45.25,46.15,31722
2008-06-18 00:00:00+05:30,45.85,47.6,44.55,46.55,90345
2008-06-19 00:00:00+05:30,46.45,46.45,45.3,45.45,32022
2008-06-20 00:00:00+05:30,45.0,45.45,43.2,43.2,96351
2008-06-23 00:00:00+05:30,41.55,42.65,41.05,41.05,82647
2008-06-24 00:00:00+05:30,41.05,41.55,38.95,38.95,155436
2008-06-25 00:00:00+05:30,37.0,38.35,37.0,37.35,270141
2008-06-26 00:00:00+05:30,37.95,38.95,36.6,36.9,186519
2008-06-27 00:00:00+05:30,35.4,36.6,35.0,35.0,221358
2008-06-30 00:00:00+05:30,35.0,35.0,33.25,33.25,109218
2008-07-01 00:00:00+05:30,32.9,32.9,31.55,31.55,109275
2008-07-02 00:00:00+05:30,30.5,31.9,29.95,31.1,257538
2008-07-03 00:00:00+05:30,31.9,31.9,29.55,29.55,50118
2008-07-04 00:00:00+05:30,28.05,29.8,28.05,28.05,77934
2008-07-07 00:00:00+05:30,26.65,27.9,26.65,26.65,367923
2008-07-08 00:00:00+05:30,25.3,27.95,25.3,27.95,653790
2008-07-09 00:00:00+05:30,29.45,29.45,29.45,29.45,17484
2008-07-10 00:00:00+05:30,30.95,30.95,29.45,30.65,713355
2008-07-11 00:00:00+05:30,32.2,32.2,29.15,29.4,599964
2008-07-14 00:00:00+05:30,28.75,30.9,28.6,30.55,1006695
2008-07-15 00:00:00+05:30,30.2,30.2,29.05,29.05,293616
2008-07-16 00:00:00+05:30,28.6,29.8,27.6,27.6,172380
2008-07-17 00:00:00+05:30,28.6,28.85,26.3,26.55,323136
2008-07-18 00:00:00+05:30,26.7,27.95,26.35,27.95,584715
2008-07-21 00:00:00+05:30,29.4,29.4,26.5,27.15,316899
2008-07-22 00:00:00+05:30,27.65,28.5,27.0,28.5,334488
2008-07-23 00:00:00+05:30,29.95,29.95,29.95,29.95,51648
2008-07-24 00:00:00+05:30,31.45,31.45,30.7,31.45,647229
2008-07-25 00:00:00+05:30,31.55,33.05,30.1,33.05,946557
2008-07-28 00:00:00+05:30,32.85,34.7,32.85,34.7,268167
2008-07-29 00:00:00+05:30,35.65,36.5,34.15,36.5,1490523
2008-07-30 00:00:00+05:30,38.35,38.35,37.8,38.35,31947
2008-07-31 00:00:00+05:30,40.25,40.25,40.25,40.25,55596
2008-08-01 00:00:00+05:30,41.95,42.3,40.5,42.3,1283019
2008-08-04 00:00:00+05:30,44.3,44.35,44.3,44.35,127551
2008-08-05 00:00:00+05:30,46.6,46.6,42.8,44.25,2559123
2008-08-06 00:00:00+05:30,45.25,45.85,42.05,42.05,869922
2008-08-07 00:00:00+05:30,39.95,41.75,39.95,40.05,519216
2008-08-08 00:00:00+05:30,39.05,42.0,38.1,42.0,975924
2008-08-11 00:00:00+05:30,44.15,44.15,42.05,44.15,967299
2008-08-12 00:00:00+05:30,46.35,46.35,42.55,44.0,1332546
2008-08-13 00:00:00+05:30,43.35,45.5,42.8,43.9,1337385
2008-08-14 00:00:00+05:30,44.0,44.7,42.8,43.0,502272
2008-08-18 00:00:00+05:30,42.8,44.25,41.9,42.3,452766
2008-08-19 00:00:00+05:30,44.5,44.5,40.3,40.65,518001
2008-08-20 00:00:00+05:30,40.9,42.75,40.9,42.75,1780851
2008-08-21 00:00:00+05:30,42.4,43.0,40.6,40.65,537948
2008-08-22 00:00:00+05:30,40.55,40.65,39.45,39.9,284658
2008-08-25 00:00:00+05:30,40.9,41.6,37.95,38.35,359142
2008-08-26 00:00:00+05:30,38.1,38.7,36.8,37.55,347484
2008-08-27 00:00:00+05:30,36.8,38.05,36.8,37.05,388089
2008-08-28 00:00:00+05:30,36.8,37.25,35.15,35.35,286977
2008-08-29 00:00:00+05:30,35.95,37.1,35.65,37.1,376845
2008-09-01 00:00:00+05:30,37.1,38.6,37.1,37.95,712119
2008-09-02 00:00:00+05:30,38.1,38.95,37.6,38.1,328131
2008-09-04 00:00:00+05:30,38.2,39.7,37.7,38.25,410652
2008-09-05 00:00:00+05:30,37.0,38.1,36.3,36.4,320223
2008-09-08 00:00:00+05:30,37.55,37.95,35.75,36.15,340887
2008-09-09 00:00:00+05:30,36.1,37.1,35.5,36.35,234534
2008-09-10 00:00:00+05:30,35.75,36.35,32.95,34.65,588333
2008-09-11 00:00:00+05:30,34.75,35.05,33.95,34.45,590271
2008-09-12 00:00:00+05:30,34.35,35.25,33.55,34.05,594957
2008-09-15 00:00:00+05:30,33.6,33.6,30.6,30.8,622476
2008-09-16 00:00:00+05:30,30.5,30.8,27.8,28.1,1011057
2008-09-17 00:00:00+05:30,28.5,30.5,26.3,27.1,951282
2008-09-18 00:00:00+05:30,26.7,26.7,24.4,25.1,996420
2008-09-19 00:00:00+05:30,26.2,26.4,26.05,26.4,214677
2008-09-22 00:00:00+05:30,27.75,27.75,27.0,27.75,167244
2008-09-23 00:00:00+05:30,29.15,29.15,27.95,29.05,686544
2008-09-24 00:00:00+05:30,29.8,30.2,28.0,29.0,500307
2008-09-25 00:00:00+05:30,29.7,30.3,28.75,29.45,650187
2008-09-26 00:00:00+05:30,29.05,29.45,27.95,28.4,391968
2008-09-29 00:00:00+05:30,28.05,28.05,26.95,26.95,382104
2008-09-30 00:00:00+05:30,26.2,26.85,25.6,26.25,432249
2008-10-01 00:00:00+05:30,26.85,27.3,26.4,26.8,300996
2008-10-03 00:00:00+05:30,26.2,26.95,25.8,26.3,207255
2008-10-06 00:00:00+05:30,25.05,25.5,24.95,24.95,163338
2008-10-07 00:00:00+05:30,24.7,25.25,23.7,23.75,306153
2008-10-08 00:00:00+05:30,23.55,23.75,22.55,23.1,285516
2008-10-10 00:00:00+05:30,22.4,22.4,21.9,22.2,216222
2008-10-13 00:00:00+05:30,22.55,23.3,21.05,22.35,418089
2008-10-14 00:00:00+05:30,22.55,23.4,22.55,23.2,265926
2008-10-15 00:00:00+05:30,22.4,23.2,22.0,22.4,179313
2008-10-16 00:00:00+05:30,21.3,22.4,21.3,22.3,546603
2008-10-17 00:00:00+05:30,22.4,23.1,21.2,21.2,139308
2008-10-20 00:00:00+05:30,22.0,22.3,20.2,20.5,330612
2008-10-21 00:00:00+05:30,21.5,21.5,20.7,21.0,82554
2008-10-22 00:00:00+05:30,20.95,21.2,19.9,20.05,111270
2008-10-23 00:00:00+05:30,19.0,19.5,19.0,19.0,119586
2008-10-24 00:00:00+05:30,18.6,18.6,18.1,18.1,55995
2008-10-27 00:00:00+05:30,17.9,17.9,17.15,17.15,44055
2008-10-28 00:00:00+05:30,17.65,18.0,17.15,17.5,80118
2008-10-29 00:00:00+05:30,17.9,17.9,16.7,17.2,115110
2008-10-31 00:00:00+05:30,17.5,17.9,17.0,17.35,174078
2008-11-03 00:00:00+05:30,17.35,18.3,17.35,18.3,150576
2008-11-04 00:00:00+05:30,19.1,19.15,17.9,19.15,168060
2008-11-05 00:00:00+05:30,20.15,20.15,18.75,19.2,404190
2008-11-06 00:00:00+05:30,18.95,19.2,18.3,18.5,140250
2008-11-07 00:00:00+05:30,18.6,19.65,18.25,18.85,260904
2008-11-10 00:00:00+05:30,19.35,22.65,18.95,21.9,602718
2008-11-11 00:00:00+05:30,22.1,24.9,21.5,22.5,2608989
2008-11-12 00:00:00+05:30,23.1,23.75,21.05,21.45,938028
2008-11-14 00:00:00+05:30,23.2,23.2,20.75,20.95,474276
2008-11-17 00:00:00+05:30,21.35,21.35,18.6,19.3,378741
2008-11-18 00:00:00+05:30,19.1,19.1,17.9,18.2,325110
2008-11-19 00:00:00+05:30,18.55,19.45,17.95,18.25,359895
2008-11-20 00:00:00+05:30,17.5,17.9,16.9,17.05,399630
2008-11-21 00:00:00+05:30,17.0,17.5,16.7,17.25,317988
2008-11-24 00:00:00+05:30,16.9,18.0,16.8,16.95,173424
2008-11-25 00:00:00+05:30,17.7,17.7,16.8,16.85,174261
2008-11-26 00:00:00+05:30,17.0,17.0,15.45,15.6,275493
2008-11-28 00:00:00+05:30,14.95,15.85,14.3,15.25,188661
2008-12-01 00:00:00+05:30,15.5,16.25,15.3,15.5,167847
2008-12-02 00:00:00+05:30,14.8,15.05,14.55,14.95,102804
2008-12-03 00:00:00+05:30,15.6,17.1,15.05,16.05,665394
2008-12-04 00:00:00+05:30,16.0,17.0,15.85,16.6,417063
2008-12-05 00:00:00+05:30,16.15,17.0,15.7,15.85,256185
2008-12-08 00:00:00+05:30,17.0,18.0,16.4,16.7,375306
2008-12-10 00:00:00+05:30,17.0,17.0,16.55,16.8,188247
2008-12-11 00:00:00+05:30,16.55,17.75,16.55,17.0,395991
2008-12-12 00:00:00+05:30,16.3,17.75,16.3,17.1,343773
2008-12-15 00:00:00+05:30,17.35,19.65,16.95,19.0,699012
2008-12-16 00:00:00+05:30,19.5,22.8,18.5,21.95,5323290
2008-12-17 00:00:00+05:30,23.0,23.65,20.0,20.6,1594257
2008-12-18 00:00:00+05:30,20.6,21.7,19.65,21.05,899607
2008-12-19 00:00:00+05:30,20.6,21.85,20.6,20.85,488442
2008-12-22 00:00:00+05:30,21.05,21.3,20.1,20.3,302193
2008-12-23 00:00:00+05:30,19.95,20.5,19.55,19.7,351276
2008-12-24 00:00:00+05:30,19.4,20.7,19.35,19.85,610044
2008-12-26 00:00:00+05:30,19.7,20.4,18.6,18.9,322632
2008-12-29 00:00:00+05:30,18.95,19.95,18.4,19.65,296391
2008-12-30 00:00:00+05:30,19.85,20.7,19.7,20.0,455070
2008-12-31 00:00:00+05:30,20.65,20.9,19.9,20.05,302304
2009-01-01 00:00:00+05:30,20.2,23.75,20.2,23.25,2410845
2009-01-02 00:00:00+05:30,23.4,24.4,22.25,22.9,3249798
2009-01-05 00:00:00+05:30,23.35,23.75,22.5,22.75,1027641
2009-01-06 00:00:00+05:30,23.1,23.35,21.95,22.4,586662
2009-01-07 00:00:00+05:30,22.45,22.7,18.9,19.4,619752
2009-01-09 00:00:00+05:30,17.25,19.15,17.25,17.9,443916
2009-01-12 00:00:00+05:30,17.9,18.6,17.5,17.75,331869
2009-01-13 00:00:00+05:30,18.15,18.95,17.35,17.55,494358
2009-01-14 00:00:00+05:30,18.6,18.6,17.8,18.05,144396
2009-01-15 00:00:00+05:30,17.45,18.15,17.0,17.6,197139
2009-01-16 00:00:00+05:30,18.15,18.45,17.5,18.3,341589
2009-01-19 00:00:00+05:30,18.45,18.9,18.25,18.5,461499
2009-01-20 00:00:00+05:30,18.5,18.5,18.15,18.25,133965
2009-01-21 00:00:00+05:30,17.9,18.3,17.65,17.9,277305
2009-01-22 00:00:00+05:30,18.15,18.2,17.5,17.8,224007
2009-01-23 00:00:00+05:30,17.35,17.95,17.35,17.55,325983
2009-01-27 00:00:00+05:30,17.35,18.3,17.35,17.8,303918
2009-01-28 00:00:00+05:30,18.0,21.0,17.9,20.65,2555625
2009-01-29 00:00:00+05:30,21.15,21.6,19.75,20.05,937038
2009-01-30 00:00:00+05:30,19.85,20.6,19.25,20.15,581976
2009-02-02 00:00:00+05:30,20.2,20.85,19.4,19.9,321894
2009-02-03 00:00:00+05:30,20.55,20.55,19.65,19.85,230532
2009-02-04 00:00:00+05:30,20.2,20.45,19.8,19.95,248751
2009-02-05 00:00:00+05:30,19.6,20.2,19.15,19.35,152319
2009-02-06 00:00:00+05:30,19.4,19.8,19.05,19.25,222321
2009-02-09 00:00:00+05:30,19.65,21.2,19.65,20.8,1041564
2009-02-10 00:00:00+05:30,20.9,21.5,20.4,20.6,544362
2009-02-11 00:00:00+05:30,19.95,20.95,19.9,20.4,367572
2009-02-12 00:00:00+05:30,20.4,20.95,20.15,20.35,344013
2009-02-13 00:00:00+05:30,20.6,20.7,20.35,20.4,168039
2009-02-16 00:00:00+05:30,20.6,20.85,19.95,20.1,165453
2009-02-17 00:00:00+05:30,19.7,20.1,19.45,19.6,146832
2009-02-18 00:00:00+05:30,19.7,19.7,19.1,19.35,137391
2009-02-19 00:00:00+05:30,19.5,19.8,19.05,19.2,152340
2009-02-20 00:00:00+05:30,19.0,19.25,18.15,18.45,142920
2009-02-24 00:00:00+05:30,18.35,18.6,17.65,18.45,151608
2009-02-25 00:00:00+05:30,18.75,18.95,18.05,18.15,199842
2009-02-26 00:00:00+05:30,18.15,18.3,17.75,17.85,168171
2009-02-27 00:00:00+05:30,18.2,18.9,17.8,18.3,253080
2009-03-02 00:00:00+05:30,18.2,18.4,17.8,18.25,148911
2009-03-03 00:00:00+05:30,18.15,18.5,17.35,17.55,244143
2009-03-04 00:00:00+05:30,17.5,17.9,17.3,17.65,137673
2009-03-05 00:00:00+05:30,17.9,18.0,17.35,17.75,327702
2009-03-06 00:00:00+05:30,17.75,17.75,16.9,17.35,92886
2009-03-09 00:00:00+05:30,17.25,18.15,17.05,17.2,108432
2009-03-12 00:00:00+05:30,17.5,17.5,17.2,17.3,81888
2009-03-13 00:00:00+05:30,17.5,17.9,17.15,17.35,168690
2009-03-16 00:00:00+05:30,17.35,19.05,16.95,18.15,962979
2009-03-17 00:00:00+05:30,18.25,19.1,18.05,18.2,428814
2009-03-18 00:00:00+05:30,18.35,19.05,18.3,18.4,395070
2009-03-19 00:00:00+05:30,18.45,19.3,18.3,18.3,427473
2009-03-20 00:00:00+05:30,18.55,18.8,18.15,18.3,256401
2009-03-23 00:00:00+05:30,18.6,20.35,18.3,19.7,1622907
2009-03-24 00:00:00+05:30,20.2,20.85,18.6,18.85,1418739
2009-03-25 00:00:00+05:30,18.9,19.5,18.4,18.9,512325
2009-03-26 00:00:00+05:30,19.1,19.85,18.5,18.75,646449
2009-03-27 00:00:00+05:30,19.25,19.85,18.75,19.35,691152
2009-03-30 00:00:00+05:30,18.95,19.65,18.65,18.85,568419
2009-03-31 00:00:00+05:30,19.1,19.35,18.75,18.85,344892
2009-04-01 00:00:00+05:30,18.85,19.6,18.75,18.9,471936
2009-04-02 00:00:00+05:30,19.25,20.0,19.1,19.55,755253
2009-04-06 00:00:00+05:30,19.9,20.6,19.85,19.9,859359
2009-04-08 00:00:00+05:30,19.45,21.6,19.25,20.85,1269510
2009-04-09 00:00:00+05:30,21.05,22.0,19.95,20.25,1412016
2009-04-13 00:00:00+05:30,20.7,24.4,20.4,24.4,4517244
2009-04-15 00:00:00+05:30,24.55,29.35,23.55,27.7,10424379
2009-04-16 00:00:00+05:30,27.95,29.15,24.9,25.0,3170820
2009-04-17 00:00:00+05:30,25.65,26.7,24.8,25.05,1605075
2009-04-20 00:00:00+05:30,25.0,25.45,24.0,25.05,1380729
2009-04-21 00:00:00+05:30,24.15,26.85,23.85,25.25,2273439
2009-04-22 00:00:00+05:30,25.9,26.3,24.4,24.7,980292
2009-04-23 00:00:00+05:30,25.0,26.05,24.8,25.3,1071051
2009-04-24 00:00:00+05:30,25.45,26.25,25.25,25.6,981459
2009-04-27 00:00:00+05:30,25.45,26.2,24.95,25.1,576687
2009-04-28 00:00:00+05:30,25.5,25.6,23.2,23.5,424593
2009-04-29 00:00:00+05:30,23.9,24.7,23.1,24.0,607278
2009-05-04 00:00:00+05:30,24.8,25.35,24.3,24.4,665766
2009-05-05 00:00:00+05:30,24.75,26.85,24.45,26.3,2126115
2009-05-06 00:00:00+05:30,26.8,28.75,26.35,26.8,5291007
2009-05-07 00:00:00+05:30,27.9,27.9,26.85,27.35,1062384
2009-05-08 00:00:00+05:30,27.65,28.75,26.95,27.95,2505552
2009-05-11 00:00:00+05:30,28.45,28.45,26.7,27.2,1057353
2009-05-12 00:00:00+05:30,26.7,27.4,26.3,27.05,811032
2009-05-13 00:00:00+05:30,27.1,27.9,26.2,26.45,767976
2009-05-14 00:00:00+05:30,26.2,28.45,25.25,27.55,4522308
2009-05-15 00:00:00+05:30,27.95,28.2,26.6,27.0,1048623
2009-05-18 00:00:00+05:30,32.5,32.5,32.5,32.5,109422
2009-05-19 00:00:00+05:30,31.7,35.25,27.4,31.55,3534921
2009-05-20 00:00:00+05:30,31.0,34.45,31.0,33.7,3230664
2009-05-21 00:00:00+05:30,33.9,37.95,33.75,35.4,3499359
2009-05-22 00:00:00+05:30,35.4,37.4,35.4,36.3,1771896
2009-05-25 00:00:00+05:30,37.2,41.75,36.65,41.05,3616029
2009-05-26 00:00:00+05:30,41.95,45.2,41.55,43.0,4942737
2009-05-27 00:00:00+05:30,44.35,47.35,43.8,47.35,3125016
2009-05-28 00:00:00+05:30,50.3,52.1,49.05,52.1,9319836
2009-05-29 00:00:00+05:30,53.05,56.65,53.05,54.95,5770086
2009-06-01 00:00:00+05:30,56.35,58.1,54.95,55.85,3646758
2009-06-02 00:00:00+05:30,56.55,56.55,53.1,53.1,655239
2009-06-03 00:00:00+05:30,50.4,50.45,50.4,50.4,272106
2009-06-04 00:00:00+05:30,47.85,52.95,47.85,52.95,2372100
2009-06-05 00:00:00+05:30,55.4,55.6,50.25,51.05,2830881
2009-06-08 00:00:00+05:30,52.25,52.6,48.55,48.55,1200408
2009-06-09 00:00:00+05:30,47.8,50.95,46.1,50.6,2841303
2009-06-10 00:00:00+05:30,50.8,52.05,48.3,51.0,2640441
2009-06-11 00:00:00+05:30,50.9,51.65,48.55,49.1,1447860
2009-06-12 00:00:00+05:30,49.55,51.25,47.7,48.5,1611753
2009-06-15 00:00:00+05:30,48.1,50.15,48.1,48.3,1032510
2009-06-16 00:00:00+05:30,47.7,50.7,46.85,49.25,1485066
2009-06-17 00:00:00+05:30,49.3,49.45,46.85,46.85,861099
2009-06-18 00:00:00+05:30,45.25,47.05,44.45,44.45,854787
2009-06-19 00:00:00+05:30,44.5,45.85,42.25,43.55,889533
2009-06-22 00:00:00+05:30,44.85,44.85,42.2,42.75,419184
2009-06-23 00:00:00+05:30,42.05,44.9,40.65,44.75,1487202
2009-06-24 00:00:00+05:30,45.85,46.2,44.0,44.55,1029420
2009-06-25 00:00:00+05:30,45.45,45.7,43.55,43.8,565392
2009-06-26 00:00:00+05:30,44.5,45.45,43.8,45.05,600471
2009-06-29 00:00:00+05:30,45.25,45.6,44.15,44.55,503904
2009-06-30 00:00:00+05:30,44.65,45.8,43.45,43.85,651324
2009-07-01 00:00:00+05:30,44.0,44.55,42.2,43.8,580353
2009-07-02 00:00:00+05:30,44.15,45.7,43.5,45.2,862764
2009-07-03 00:00:00+05:30,45.0,45.45,43.65,44.05,448854
2009-07-06 00:00:00+05:30,44.55,45.45,41.85,41.85,769029
2009-07-07 00:00:00+05:30,39.75,44.55,38.0,38.75,835056
2009-07-08 00:00:00+05:30,37.85,42.75,37.55,40.4,2712600
2009-07-09 00:00:00+05:30,40.9,42.65,39.7,40.1,1360074
2009-07-10 00:00:00+05:30,40.4,41.15,37.0,37.75,706611
2009-07-13 00:00:00+05:30,37.8,40.15,36.35,38.05,1771518
2009-07-14 00:00:00+05:30,38.65,39.7,38.55,39.05,1056420
2009-07-15 00:00:00+05:30,39.7,43.05,39.7,42.95,4743351
2009-07-16 00:00:00+05:30,43.95,45.85,43.5,43.8,5242914
2009-07-17 00:00:00+05:30,44.85,48.2,44.85,47.65,10817484
2009-07-20 00:00:00+05:30,49.05,49.05,45.6,45.95,3002754
2009-07-21 00:00:00+05:30,45.95,46.45,44.25,44.6,1478106
2009-07-22 00:00:00+05:30,46.9,46.9,45.0,45.35,3011289
2009-07-23 00:00:00+05:30,46.05,46.45,44.95,45.5,1197711
2009-07-24 00:00:00+05:30,46.45,46.45,44.75,45.25,789903
2009-07-27 00:00:00+05:30,45.85,45.85,44.85,45.4,758058
2009-07-28 00:00:00+05:30,45.5,47.55,45.15,46.15,2485203
2009-07-29 00:00:00+05:30,46.1,46.7,44.0,44.8,895302
2009-07-30 00:00:00+05:30,44.65,44.85,42.7,44.3,666897
2009-07-31 00:00:00+05:30,45.1,45.55,43.65,43.85,486702
2009-08-03 00:00:00+05:30,43.65,44.35,42.4,44.05,670908
2009-08-04 00:00:00+05:30,44.15,46.2,44.0,45.0,1035594
2009-08-05 00:00:00+05:30,46.45,47.25,46.1,47.25,2389458
2009-08-06 00:00:00+05:30,48.3,49.25,46.0,46.7,3476922
2009-08-07 00:00:00+05:30,47.05,47.95,45.7,46.1,1712592
2009-08-10 00:00:00+05:30,47.05,47.45,44.65,45.0,678480
2009-08-11 00:00:00+05:30,45.4,45.5,44.0,44.6,722157
2009-08-12 00:00:00+05:30,44.55,45.1,43.55,44.0,913296
2009-08-13 00:00:00+05:30,44.55,45.7,44.4,45.55,773778
2009-08-14 00:00:00+05:30,45.8,45.8,44.25,44.55,784854
2009-08-17 00:00:00+05:30,44.3,44.7,43.25,43.45,406773
2009-08-18 00:00:00+05:30,43.5,45.0,43.5,44.0,710883
2009-08-19 00:00:00+05:30,44.5,44.65,42.2,42.8,495684
2009-08-20 00:00:00+05:30,44.0,44.35,43.05,43.5,620391
2009-08-21 00:00:00+05:30,43.35,44.35,43.1,43.65,400551
2009-08-24 00:00:00+05:30,44.0,44.55,43.8,44.0,417015
2009-08-25 00:00:00+05:30,44.0,44.55,43.65,44.4,581844
2009-08-26 00:00:00+05:30,44.4,46.05,44.15,44.95,1299897
2009-08-27 00:00:00+05:30,44.45,46.25,44.45,45.65,1264608
2009-08-28 00:00:00+05:30,46.3,46.9,45.45,45.8,1627320
2009-08-31 00:00:00+05:30,45.25,46.45,44.85,46.0,781476
2009-09-01 00:00:00+05:30,46.1,46.35,44.55,45.0,531444
2009-09-02 00:00:00+05:30,44.95,45.25,43.65,44.05,307044
2009-09-03 00:00:00+05:30,44.7,44.7,43.7,43.9,300477
2009-09-04 00:00:00+05:30,44.3,44.85,43.8,44.45,420357
2009-09-07 00:00:00+05:30,44.55,46.25,44.55,45.6,1182033
2009-09-08 00:00:00+05:30,45.7,46.45,44.7,44.9,374082
2009-09-09 00:00:00+05:30,45.3,46.3,45.15,45.3,665838
2009-09-10 00:00:00+05:30,45.85,46.1,44.5,44.65,427179
2009-09-11 00:00:00+05:30,45.25,46.1,43.7,43.9,1418022
2009-09-14 00:00:00+05:30,43.9,44.85,43.4,43.85,493515
2009-09-15 00:00:00+05:30,44.0,45.0,44.0,44.15,416058
2009-09-16 00:00:00+05:30,44.55,45.2,44.3,44.4,479565
2009-09-17 00:00:00+05:30,44.85,45.15,43.8,43.95,329535
2009-09-18 00:00:00+05:30,43.8,44.5,43.65,44.25,401007
2009-09-22 00:00:00+05:30,44.7,45.0,44.25,44.65,515865
2009-09-23 00:00:00+05:30,44.4,44.7,43.65,43.9,182052
2009-09-24 00:00:00+05:30,43.35,44.2,42.65,43.4,511566
2009-09-25 00:00:00+05:30,43.4,44.85,43.25,43.75,609075
2009-09-29 00:00:00+05:30,44.35,44.35,43.0,43.2,437385
2009-09-30 00:00:00+05:30,43.4,45.0,43.4,43.9,778011
2009-10-01 00:00:00+05:30,44.3,44.3,43.4,43.55,449037
2009-10-05 00:00:00+05:30,43.25,43.85,42.45,42.75,268095
2009-10-06 00:00:00+05:30,43.0,43.35,41.4,42.55,387864
2009-10-07 00:00:00+05:30,44.0,44.0,42.4,42.8,289056
2009-10-08 00:00:00+05:30,43.35,43.35,42.05,42.2,317337
2009-10-09 00:00:00+05:30,42.8,42.8,41.55,41.85,361068
2009-10-12 00:00:00+05:30,42.05,42.2,41.45,41.6,313614
2009-10-14 00:00:00+05:30,41.9,42.5,41.6,42.2,395415
2009-10-15 00:00:00+05:30,42.65,42.8,41.65,42.05,388545
2009-10-16 00:00:00+05:30,42.4,43.8,41.85,42.6,709800
2009-10-20 00:00:00+05:30,43.35,43.35,42.55,42.85,527709
2009-10-21 00:00:00+05:30,42.8,43.9,42.15,42.35,757494
2009-10-22 00:00:00+05:30,42.4,42.65,41.25,41.45,516870
2009-10-23 00:00:00+05:30,41.65,42.0,40.75,41.05,329931
2009-10-26 00:00:00+05:30,41.45,41.45,39.7,40.0,438312
2009-10-27 00:00:00+05:30,40.0,40.0,37.85,38.05,381774
2009-10-28 00:00:00+05:30,37.85,38.8,36.6,38.2,446136
2009-10-29 00:00:00+05:30,37.35,37.95,34.4,36.75,424341
2009-10-30 00:00:00+05:30,37.35,38.5,36.5,36.7,337404
2009-11-03 00:00:00+05:30,37.05,37.75,34.45,35.2,407307
2009-11-04 00:00:00+05:30,35.75,36.6,34.65,35.6,705024
2009-11-05 00:00:00+05:30,35.95,38.1,35.45,37.45,858684
2009-11-06 00:00:00+05:30,38.8,41.35,38.6,41.35,403143
2009-11-09 00:00:00+05:30,42.75,45.25,42.4,44.05,4252653
2009-11-10 00:00:00+05:30,52.75,52.9,44.9,52.9,19955997
2009-11-11 00:00:00+05:30,54.4,58.15,53.45,56.55,31289022
2009-11-12 00:00:00+05:30,56.85,56.85,53.05,53.4,9270687
2009-11-13 00:00:00+05:30,53.0,55.85,50.6,53.35,21948081
2009-11-16 00:00:00+05:30,53.65,54.95,52.85,53.3,5819823
2009-11-17 00:00:00+05:30,53.3,53.75,51.75,52.15,2914515
2009-11-18 00:00:00+05:30,52.15,53.7,51.15,52.15,5472981
2009-11-19 00:00:00+05:30,52.15,53.35,51.05,51.4,3016479
2009-11-20 00:00:00+05:30,50.95,51.8,50.4,50.6,2057877
2009-11-23 00:00:00+05:30,50.55,51.6,49.6,51.2,4121190
2009-11-24 00:00:00+05:30,51.65,52.3,50.8,51.05,2956065
2009-11-25 00:00:00+05:30,51.4,51.9,49.8,49.95,2002050
2009-11-26 00:00:00+05:30,50.05,50.6,49.55,50.1,1466277
2009-11-27 00:00:00+05:30,49.55,49.55,45.25,48.45,1968348
2009-11-30 00:00:00+05:30,49.05,51.45,48.95,50.15,3489006
2009-12-01 00:00:00+05:30,51.2,51.75,50.65,50.9,2752884
2009-12-02 00:00:00+05:30,51.3,52.3,50.8,50.95,2881377
2009-12-03 00:00:00+05:30,51.35,52.1,51.0,51.1,2640639
2009-12-04 00:00:00+05:30,51.1,51.9,50.65,50.8,1813860
2009-12-07 00:00:00+05:30,50.8,51.4,49.8,50.05,742224
2009-12-08 00:00:00+05:30,50.05,50.5,49.65,49.8,772134
2009-12-09 00:00:00+05:30,49.65,53.6,49.15,51.65,7344663
2009-12-10 00:00:00+05:30,52.25,53.05,51.4,51.6,2635512
2009-12-11 00:00:00+05:30,52.05,52.15,50.9,51.35,1996689
2009-12-14 00:00:00+05:30,51.65,52.35,51.0,51.05,1486407
2009-12-15 00:00:00+05:30,51.95,51.95,49.0,49.55,1060017
2009-12-16 00:00:00+05:30,49.55,49.95,48.55,48.85,1026735
2009-12-17 00:00:00+05:30,49.4,50.05,48.95,49.1,724446
2009-12-18 00:00:00+05:30,49.1,49.65,48.3,48.45,991095
2009-12-21 00:00:00+05:30,49.0,51.05,48.1,49.45,2730231
2009-12-22 00:00:00+05:30,49.8,50.95,49.65,50.55,3410523
2009-12-23 00:00:00+05:30,50.95,51.55,50.6,50.9,2441202
2009-12-24 00:00:00+05:30,51.25,51.8,50.55,50.9,2230767
2009-12-29 00:00:00+05:30,51.55,53.0,51.25,52.05,3279903
2009-12-30 00:00:00+05:30,52.6,53.0,52.05,52.2,1663389
2009-12-31 00:00:00+05:30,52.6,52.65,51.55,51.85,802140
2010-01-04 00:00:00+05:30,52.15,52.6,51.35,52.25,1169739
2010-01-05 00:00:00+05:30,52.4,52.9,52.05,52.1,918909
2010-01-06 00:00:00+05:30,53.15,53.15,52.1,52.25,1553544
2010-01-07 00:00:00+05:30,52.05,52.8,50.7,51.4,2335596
2010-01-08 00:00:00+05:30,51.25,52.25,50.9,51.35,2217633
2010-01-11 00:00:00+05:30,52.65,55.0,52.4,53.1,3034602
2010-01-12 00:00:00+05:30,53.55,53.65,52.0,52.1,1348566
2010-01-13 00:00:00+05:30,51.9,52.3,51.0,52.1,823872
2010-01-14 00:00:00+05:30,52.35,52.8,52.05,52.2,588348
2010-01-15 00:00:00+05:30,52.55,60.4,52.35,58.7,31005243
2010-01-18 00:00:00+05:30,58.1,67.05,57.55,64.5,56499045
2010-01-19 00:00:00+05:30,65.55,70.0,65.05,68.15,48053880
2010-01-20 00:00:00+05:30,68.75,70.0,64.6,65.35,24238947
2010-01-21 00:00:00+05:30,64.35,64.5,60.15,61.05,14021619
2010-01-22 00:00:00+05:30,59.4,67.25,56.55,65.5,44084511
2010-01-25 00:00:00+05:30,64.25,66.55,62.6,63.35,23304114
2010-01-27 00:00:00+05:30,61.6,64.05,55.1,57.3,12993609
2010-01-28 00:00:00+05:30,58.15,61.6,57.9,58.6,22041240
2010-01-29 00:00:00+05:30,57.8,62.2,56.45,60.95,14931675
2010-02-01 00:00:00+05:30,60.0,62.95,59.1,61.2,14117589
2010-02-02 00:00:00+05:30,62.0,62.7,58.8,59.25,8448381
2010-02-03 00:00:00+05:30,60.0,60.65,59.05,59.5,5883765
2010-02-04 00:00:00+05:30,59.05,61.35,58.15,58.65,10671831
2010-02-05 00:00:00+05:30,57.4,57.4,53.8,54.75,6265764
2010-02-08 00:00:00+05:30,55.55,56.75,54.6,55.0,5093853
2010-02-09 00:00:00+05:30,55.0,60.65,53.7,60.1,27915447
2010-02-10 00:00:00+05:30,60.1,62.75,59.1,59.7,35532789
2010-02-11 00:00:00+05:30,60.0,61.25,59.15,59.65,12672636
2010-02-15 00:00:00+05:30,60.5,61.1,59.2,59.55,6839775
2010-02-16 00:00:00+05:30,60.6,61.05,59.4,59.9,7419777
2010-02-17 00:00:00+05:30,60.25,60.6,58.5,58.85,6118041
2010-02-18 00:00:00+05:30,59.4,59.4,56.05,56.55,5315205
2010-02-19 00:00:00+05:30,55.7,58.5,54.1,56.05,16191753
2010-02-22 00:00:00+05:30,57.3,57.55,53.55,54.2,6509952
2010-02-23 00:00:00+05:30,53.85,55.45,53.35,53.65,7295562
2010-02-24 00:00:00+05:30,53.5,54.45,52.25,52.65,4768299
2010-02-25 00:00:00+05:30,53.3,53.75,52.05,52.3,5428041
2010-02-26 00:00:00+05:30,52.6,54.6,52.45,53.1,9934911
2010-03-02 00:00:00+05:30,53.7,54.55,52.6,53.15,2764011
2010-03-03 00:00:00+05:30,53.65,54.95,52.75,53.3,6263094
2010-03-04 00:00:00+05:30,53.65,54.6,53.0,53.4,7324854
2010-03-05 00:00:00+05:30,53.65,53.65,50.85,50.95,12907635
2010-03-08 00:00:00+05:30,50.95,51.25,46.95,49.15,22865859
2010-03-09 00:00:00+05:30,45.25,47.05,44.6,46.15,17657280
2010-03-10 00:00:00+05:30,45.0,47.55,44.15,46.7,22832964
2010-03-11 00:00:00+05:30,44.0,45.85,43.8,44.15,9638457
2010-03-12 00:00:00+05:30,44.0,45.15,43.4,44.35,16068636
2010-03-15 00:00:00+05:30,43.7,43.8,41.6,42.05,12050067
2010-03-16 00:00:00+05:30,41.35,41.55,39.9,40.65,9530307
2010-03-17 00:00:00+05:30,40.15,44.85,39.7,44.25,47180334
2010-03-18 00:00:00+05:30,45.25,45.75,43.15,43.8,31225182
2010-03-19 00:00:00+05:30,43.1,44.55,42.95,44.05,12396819
2010-03-22 00:00:00+05:30,45.15,45.15,41.55,42.2,9891036
2010-03-23 00:00:00+05:30,42.15,42.15,39.5,39.95,16619283
2010-03-25 00:00:00+05:30,38.0,38.7,37.05,37.25,43507179
2010-03-26 00:00:00+05:30,37.35,37.75,35.65,36.45,30655722
2010-03-29 00:00:00+05:30,36.2,36.2,34.5,34.75,90123939
2010-03-30 00:00:00+05:30,34.95,36.7,34.9,35.9,74892573
2010-03-31 00:00:00+05:30,36.35,36.7,35.75,35.9,28262733
2010-04-01 00:00:00+05:30,36.35,36.4,35.9,36.0,9324906
2010-04-05 00:00:00+05:30,36.35,36.8,35.95,36.4,12125007
2010-04-06 00:00:00+05:30,36.6,37.15,36.35,37.0,31666611
2010-04-07 00:00:00+05:30,37.25,38.2,37.1,37.5,38557242
2010-04-08 00:00:00+05:30,37.7,37.8,36.85,37.15,15343830
2010-04-09 00:00:00+05:30,37.35,37.4,36.85,36.85,8761848
2010-04-12 00:00:00+05:30,37.1,37.2,36.2,36.7,13729308
2010-04-13 00:00:00+05:30,36.55,36.65,35.65,35.8,10618884
2010-04-15 00:00:00+05:30,35.95,36.55,35.8,35.9,7331562
2010-04-16 00:00:00+05:30,35.85,36.3,35.55,35.7,5737473
2010-04-19 00:00:00+05:30,35.5,36.5,35.15,35.95,8614053
2010-04-20 00:00:00+05:30,36.1,36.85,36.1,36.2,10549830
2010-04-21 00:00:00+05:30,36.5,36.75,36.25,36.6,7483101
2010-04-22 00:00:00+05:30,36.6,37.15,36.35,36.45,11068215
2010-04-23 00:00:00+05:30,36.5,36.85,36.4,36.7,6366723
2010-04-26 00:00:00+05:30,36.75,36.9,36.5,36.65,6110736
2010-04-27 00:00:00+05:30,36.6,36.8,36.35,36.6,7332096
2010-04-28 00:00:00+05:30,35.95,36.35,35.85,36.1,3467730
2010-04-29 00:00:00+05:30,36.2,36.4,35.95,36.1,2091993
2010-04-30 00:00:00+05:30,36.45,36.6,36.15,36.55,3687837
2010-05-03 00:00:00+05:30,36.45,36.6,36.25,36.4,2252970
2010-05-04 00:00:00+05:30,36.25,36.6,35.8,36.1,3398379
2010-05-05 00:00:00+05:30,35.4,35.95,35.15,35.7,5624667
2010-05-06 00:00:00+05:30,35.95,36.15,35.25,35.55,5490975
2010-05-07 00:00:00+05:30,34.9,36.45,34.8,35.95,9283473
2010-05-10 00:00:00+05:30,36.1,36.3,35.7,35.9,1850067
2010-05-11 00:00:00+05:30,35.95,36.05,35.5,35.55,1499277
2010-05-12 00:00:00+05:30,35.75,36.95,35.55,36.0,5549121
2010-05-13 00:00:00+05:30,36.2,36.5,35.8,35.9,1494276
2010-05-14 00:00:00+05:30,35.8,36.0,35.45,35.55,1997427
2010-05-17 00:00:00+05:30,34.75,35.8,34.45,35.65,2617845
2010-05-18 00:00:00+05:30,35.5,35.7,34.5,34.6,4356624
2010-05-19 00:00:00+05:30,34.5,35.0,33.7,34.0,2248623
2010-05-20 00:00:00+05:30,34.15,34.7,33.65,33.8,2603910
2010-05-21 00:00:00+05:30,33.4,33.8,32.75,33.4,2608644
2010-05-24 00:00:00+05:30,34.0,34.15,33.05,33.2,1925592
2010-05-25 00:00:00+05:30,33.05,33.05,32.25,32.45,2741610
2010-05-26 00:00:00+05:30,32.55,33.2,32.55,32.75,1715646
2010-05-27 00:00:00+05:30,32.8,33.1,32.2,32.35,1508442
2010-05-28 00:00:00+05:30,32.6,33.0,32.25,32.45,1954257
2010-05-31 00:00:00+05:30,32.5,34.7,32.35,34.25,16127433
2010-06-01 00:00:00+05:30,34.6,34.6,33.3,33.5,6955119
2010-06-02 00:00:00+05:30,33.55,34.05,33.1,33.5,2714343
2010-06-03 00:00:00+05:30,33.9,34.15,33.4,33.4,2351469
2010-06-04 00:00:00+05:30,33.65,33.65,33.05,33.35,2019489
2010-06-07 00:00:00+05:30,32.25,32.9,31.7,32.05,2775369
2010-06-08 00:00:00+05:30,31.65,32.5,31.1,31.25,4449912
2010-06-09 00:00:00+05:30,31.6,32.05,31.0,31.05,3182943
2010-06-10 00:00:00+05:30,31.35,31.55,31.05,31.15,2306382
2010-06-11 00:00:00+05:30,31.4,31.75,31.15,31.25,2235594
2010-06-14 00:00:00+05:30,31.35,31.55,31.05,31.15,1940187
2010-06-15 00:00:00+05:30,31.15,32.6,31.05,31.95,7398810
2010-06-16 00:00:00+05:30,32.2,32.3,31.85,31.9,1912386
2010-06-17 00:00:00+05:30,31.95,33.35,31.95,32.35,5791839
2010-06-18 00:00:00+05:30,32.35,32.6,32.25,32.3,3203946
2010-06-21 00:00:00+05:30,32.55,32.65,32.35,32.55,2478501
2010-06-22 00:00:00+05:30,32.55,32.85,32.2,32.3,2231394
2010-06-23 00:00:00+05:30,32.3,32.4,31.9,32.0,2098959
2010-06-24 00:00:00+05:30,32.2,32.4,32.15,32.25,1788039
2010-06-25 00:00:00+05:30,32.2,32.55,32.05,32.45,2269092
2010-06-28 00:00:00+05:30,32.45,33.25,32.1,32.75,2202636
2010-06-29 00:00:00+05:30,32.75,33.45,32.35,32.5,3259437
2010-06-30 00:00:00+05:30,32.35,32.9,32.05,32.4,2790900
2010-07-01 00:00:00+05:30,32.45,33.45,32.35,32.4,6245409
2010-07-02 00:00:00+05:30,32.55,32.7,32.0,32.05,5002752
2010-07-05 00:00:00+05:30,32.1,32.2,31.85,31.9,3858150
2010-07-06 00:00:00+05:30,32.0,32.8,31.9,32.1,7996941
2010-07-07 00:00:00+05:30,32.5,33.3,32.1,32.2,3901440
2010-07-08 00:00:00+05:30,32.45,32.75,32.0,32.1,5155392
2010-07-09 00:00:00+05:30,32.3,32.5,32.2,32.25,2544429
2010-07-12 00:00:00+05:30,32.4,32.75,32.25,32.3,3721947
2010-07-13 00:00:00+05:30,32.2,32.65,31.9,32.3,4230927
2010-07-14 00:00:00+05:30,32.4,32.8,32.2,32.3,5028882
2010-07-15 00:00:00+05:30,32.2,32.4,32.05,32.2,2396979
2010-07-16 00:00:00+05:30,32.2,32.5,32.1,32.2,2223849
2010-07-19 00:00:00+05:30,32.0,32.2,31.8,31.95,2745861
2010-07-20 00:00:00+05:30,32.0,32.2,31.3,31.45,2862243
2010-07-21 00:00:00+05:30,31.6,32.1,31.4,31.5,3883191
2010-07-22 00:00:00+05:30,31.6,32.0,31.45,31.9,2351499
2010-07-23 00:00:00+05:30,31.95,32.05,31.55,31.6,1790946
2010-07-26 00:00:00+05:30,31.8,31.9,31.65,31.85,1652865
2010-07-27 00:00:00+05:30,32.1,32.15,31.8,31.9,1792422
2010-07-28 00:00:00+05:30,31.95,31.95,31.8,31.85,1152312
2010-07-29 00:00:00+05:30,31.9,32.05,31.8,31.85,1236618
2010-07-30 00:00:00+05:30,31.8,32.25,31.7,31.8,2293458
2010-08-02 00:00:00+05:30,32.1,32.1,31.9,31.95,1864755
2010-08-03 00:00:00+05:30,32.55,33.25,32.45,32.6,10524093
2010-08-04 00:00:00+05:30,32.65,33.15,32.65,32.75,3894633
2010-08-05 00:00:00+05:30,32.85,32.95,32.45,32.5,1971009
2010-08-06 00:00:00+05:30,32.6,33.1,32.35,32.75,3991053
2010-08-09 00:00:00+05:30,32.9,32.9,32.45,32.6,1929348
2010-08-10 00:00:00+05:30,32.7,32.75,31.9,32.0,2050803
2010-08-11 00:00:00+05:30,32.05,32.5,31.85,31.9,2072493
2010-08-12 00:00:00+05:30,32.0,32.0,31.05,31.3,3185577
2010-08-13 00:00:00+05:30,31.4,31.7,31.2,31.3,1618737
2010-08-16 00:00:00+05:30,31.4,31.5,30.65,31.25,2035905
2010-08-17 00:00:00+05:30,31.4,31.4,30.9,30.95,1279527
2010-08-18 00:00:00+05:30,31.3,31.65,31.0,31.3,1893429
2010-08-19 00:00:00+05:30,31.15,31.35,30.95,31.05,2262735
2010-08-20 00:00:00+05:30,31.15,32.15,30.95,31.45,4524930
2010-08-23 00:00:00+05:30,31.5,31.7,31.15,31.25,1268604
2010-08-24 00:00:00+05:30,31.3,31.45,30.95,30.95,958869
2010-08-25 00:00:00+05:30,31.0,31.05,30.7,30.8,1953771
2010-08-26 00:00:00+05:30,30.7,30.9,30.55,30.65,2173677
2010-08-27 00:00:00+05:30,30.6,30.95,29.9,30.05,1722024
2010-08-30 00:00:00+05:30,30.7,30.7,29.95,29.95,2011539
2010-08-31 00:00:00+05:30,29.95,29.95,29.25,29.3,1366077
2010-09-01 00:00:00+05:30,29.45,31.2,29.45,30.45,8905077
2010-09-02 00:00:00+05:30,30.7,30.95,30.3,30.4,1732266
2010-09-03 00:00:00+05:30,30.45,30.9,30.1,30.35,2455119
2010-09-06 00:00:00+05:30,30.7,31.1,30.55,31.0,2676399
2010-09-07 00:00:00+05:30,30.95,32.5,30.65,31.9,8662554
2010-09-08 00:00:00+05:30,31.8,32.15,31.3,31.55,2236836
2010-09-09 00:00:00+05:30,32.3,32.7,31.55,31.7,2790267
2010-09-13 00:00:00+05:30,31.85,32.15,31.7,31.95,2393349
2010-09-14 00:00:00+05:30,31.95,32.25,31.55,31.75,2380101
2010-09-15 00:00:00+05:30,31.75,32.0,31.6,31.7,2168217
2010-09-16 00:00:00+05:30,31.7,31.9,31.5,31.75,2405268
2010-09-17 00:00:00+05:30,31.75,32.65,31.2,32.5,7614801
2010-09-20 00:00:00+05:30,32.6,33.5,31.9,33.15,8407536
2010-09-21 00:00:00+05:30,33.25,33.25,32.45,33.0,5283822
2010-09-22 00:00:00+05:30,33.05,34.0,32.75,33.05,5021358
2010-09-23 00:00:00+05:30,33.25,33.4,32.55,32.65,2001768
2010-09-24 00:00:00+05:30,32.75,32.9,32.4,32.55,1161051
2010-09-27 00:00:00+05:30,32.75,32.9,32.45,32.5,1307385
2010-09-28 00:00:00+05:30,32.75,33.25,32.45,32.75,3558690
2010-09-29 00:00:00+05:30,32.55,33.05,32.05,32.25,1464963
2010-09-30 00:00:00+05:30,32.0,32.35,31.7,31.9,1575789
2010-10-01 00:00:00+05:30,32.3,34.0,32.15,33.8,11687574
2010-10-04 00:00:00+05:30,34.15,34.85,33.95,34.65,8396922
2010-10-05 00:00:00+05:30,34.5,34.9,33.85,33.95,4796664
2010-10-06 00:00:00+05:30,34.35,35.4,34.05,35.15,11353185
2010-10-07 00:00:00+05:30,35.0,36.5,34.45,35.15,17040891
2010-10-08 00:00:00+05:30,35.4,35.8,34.5,34.7,4402848
2010-10-11 00:00:00+05:30,34.9,35.7,34.9,35.25,2324160
2010-10-12 00:00:00+05:30,34.75,35.4,34.2,34.8,3024114
2010-10-13 00:00:00+05:30,35.15,35.5,34.75,35.0,4803876
2010-10-14 00:00:00+05:30,35.0,35.4,34.85,35.1,3847923
2010-10-15 00:00:00+05:30,35.25,35.75,34.75,35.05,4669899
2010-10-18 00:00:00+05:30,35.25,35.5,33.9,34.9,3502050
2010-10-19 00:00:00+05:30,35.1,35.4,34.25,34.5,1434831
2010-10-20 00:00:00+05:30,34.75,34.75,33.55,33.75,1468518
2010-10-21 00:00:00+05:30,34.0,34.35,33.85,34.2,1954362
2010-10-22 00:00:00+05:30,34.45,34.5,34.0,34.2,1598238
2010-10-25 00:00:00+05:30,34.5,34.5,33.75,33.85,927852
2010-10-26 00:00:00+05:30,34.2,34.25,33.55,33.75,1338522
2010-10-27 00:00:00+05:30,33.65,33.8,33.25,33.55,1299561
2010-10-28 00:00:00+05:30,33.9,35.65,33.45,34.35,9131568
2010-10-29 00:00:00+05:30,34.75,35.0,33.4,33.85,4687992
2010-11-01 00:00:00+05:30,34.2,34.35,33.55,33.8,1800666
2010-11-02 00:00:00+05:30,33.9,34.15,33.4,33.95,1528959
2010-11-03 00:00:00+05:30,34.15,35.2,33.95,34.45,5072310
2010-11-04 00:00:00+05:30,34.85,36.4,34.5,35.45,16245642
2010-11-05 00:00:00+05:30,35.8,35.95,35.15,35.45,2218995
2010-11-08 00:00:00+05:30,35.95,35.95,34.5,34.6,2107257
2010-11-09 00:00:00+05:30,34.5,35.05,34.45,34.65,1596885
2010-11-10 00:00:00+05:30,34.6,35.2,34.3,34.6,1640982
2010-11-11 00:00:00+05:30,34.6,34.85,34.0,34.2,1644570
2010-11-12 00:00:00+05:30,34.15,34.45,32.95,33.1,2674776
2010-11-15 00:00:00+05:30,33.15,33.4,32.6,33.1,1184253
2010-11-16 00:00:00+05:30,33.1,33.55,32.0,32.25,2272176
2010-11-18 00:00:00+05:30,32.45,32.85,31.3,32.5,2605272
2010-11-19 00:00:00+05:30,32.45,32.7,31.4,31.6,2169405
2010-11-22 00:00:00+05:30,32.2,32.25,31.35,31.95,1533477
2010-11-23 00:00:00+05:30,31.8,31.8,30.7,31.55,2830467
2010-11-24 00:00:00+05:30,31.7,31.9,31.05,31.25,1588560
2010-11-25 00:00:00+05:30,31.3,31.45,28.05,29.15,8081991
2010-11-26 00:00:00+05:30,29.45,29.45,27.65,29.05,5057505
2010-11-29 00:00:00+05:30,30.2,30.2,28.5,29.25,1408188
2010-11-30 00:00:00+05:30,29.0,30.35,28.9,29.65,1515081
2010-12-01 00:00:00+05:30,28.5,31.0,28.5,30.65,2572071
2010-12-02 00:00:00+05:30,31.0,31.4,30.75,31.1,1786674
2010-12-03 00:00:00+05:30,31.0,32.55,31.0,32.1,5652636
2010-12-06 00:00:00+05:30,32.25,32.45,31.15,31.35,2147145
2010-12-07 00:00:00+05:30,31.9,32.0,31.05,31.35,825039
2010-12-08 00:00:00+05:30,31.3,31.3,30.55,30.7,1226403
2010-12-09 00:00:00+05:30,31.4,32.3,29.45,29.9,4441356
2010-12-10 00:00:00+05:30,29.9,30.85,29.35,30.6,1582140
2010-12-13 00:00:00+05:30,30.9,31.4,30.6,31.25,1079334
2010-12-14 00:00:00+05:30,31.55,31.55,31.15,31.35,936660
2010-12-15 00:00:00+05:30,31.45,31.9,30.85,30.95,1093254
2010-12-16 00:00:00+05:30,30.95,31.15,30.6,31.05,566292
2010-12-20 00:00:00+05:30,31.0,31.5,30.8,31.3,1142886
2010-12-21 00:00:00+05:30,31.45,32.3,31.25,32.1,1704759
2010-12-22 00:00:00+05:30,32.3,32.75,32.05,32.15,1476159
2010-12-23 00:00:00+05:30,32.3,32.55,31.9,32.0,851478
2010-12-24 00:00:00+05:30,32.05,32.45,31.85,32.1,576948
2010-12-27 00:00:00+05:30,32.45,33.05,32.45,32.6,2581251
2010-12-28 00:00:00+05:30,32.35,33.25,32.3,33.25,2266920
2010-12-29 00:00:00+05:30,33.25,33.55,33.05,33.5,1310370
2010-12-30 00:00:00+05:30,34.0,34.2,33.1,33.35,6201768
2010-12-31 00:00:00+05:30,33.65,34.2,33.5,34.0,2399031
2011-01-03 00:00:00+05:30,34.45,34.7,34.2,34.6,2329512
2011-01-04 00:00:00+05:30,34.6,34.9,34.15,34.3,2303511
2011-01-05 00:00:00+05:30,34.35,34.9,34.0,34.2,2778402
2011-01-06 00:00:00+05:30,34.5,34.75,33.85,33.95,1640889
2011-01-07 00:00:00+05:30,34.15,34.15,32.3,32.55,1335510
2011-01-10 00:00:00+05:30,32.55,32.65,31.3,31.75,963153
2011-01-11 00:00:00+05:30,31.6,32.15,31.4,31.7,1095426
2011-01-12 00:00:00+05:30,31.85,32.6,31.7,32.5,852018
2011-01-13 00:00:00+05:30,32.25,32.7,32.25,32.6,1275609
2011-01-14 00:00:00+05:30,32.3,32.4,31.3,31.4,601173
2011-01-17 00:00:00+05:30,31.7,32.3,31.4,31.55,2508114
2011-01-18 00:00:00+05:30,31.55,32.75,31.55,32.4,3414711
2011-01-19 00:00:00+05:30,32.4,32.8,32.35,32.55,790326
2011-01-20 00:00:00+05:30,32.45,33.4,32.45,33.1,3275358
2011-01-21 00:00:00+05:30,33.4,33.4,32.7,32.95,628329
2011-01-24 00:00:00+05:30,33.2,33.35,32.75,32.85,548148
2011-01-25 00:00:00+05:30,33.15,33.25,32.5,32.6,684768
2011-01-27 00:00:00+05:30,32.6,33.15,32.5,32.6,2097843
2011-01-28 00:00:00+05:30,32.45,32.9,31.45,32.5,4033710
2011-01-31 00:00:00+05:30,31.7,32.4,31.3,32.05,1437114
2011-02-01 00:00:00+05:30,32.05,33.0,32.05,32.35,6251415
2011-02-02 00:00:00+05:30,32.75,33.25,32.25,32.5,4109088
2011-02-03 00:00:00+05:30,32.5,33.05,32.5,32.8,1316634
2011-02-04 00:00:00+05:30,32.65,33.05,32.2,32.45,1561215
2011-02-07 00:00:00+05:30,32.45,32.9,32.45,32.8,784263
2011-02-08 00:00:00+05:30,32.75,33.6,32.65,33.25,2872779
2011-02-09 00:00:00+05:30,33.4,33.4,31.95,32.4,2214297
2011-02-10 00:00:00+05:30,32.2,32.55,31.05,31.55,1479918
2011-02-11 00:00:00+05:30,31.55,32.1,31.3,31.75,1193412
2011-02-14 00:00:00+05:30,31.9,32.4,31.85,32.25,711633
2011-02-15 00:00:00+05:30,32.3,33.85,32.05,32.85,3262497
2011-02-16 00:00:00+05:30,33.2,33.25,32.65,32.7,1016235
2011-02-17 00:00:00+05:30,32.7,32.75,32.4,32.5,645333
2011-02-18 00:00:00+05:30,32.3,33.55,32.2,32.3,2527749
2011-02-21 00:00:00+05:30,32.15,33.05,32.05,32.85,1725678
2011-02-22 00:00:00+05:30,32.9,33.35,32.5,33.05,1850553
2011-02-23 00:00:00+05:30,33.15,33.2,32.65,32.75,948867
2011-02-24 00:00:00+05:30,32.75,33.2,31.95,32.5,2541318
2011-02-25 00:00:00+05:30,32.2,32.85,32.0,32.7,1151169
2011-02-28 00:00:00+05:30,32.6,33.25,31.65,32.05,2209128
2011-03-01 00:00:00+05:30,32.45,33.05,31.7,32.9,1952346
2011-03-03 00:00:00+05:30,32.6,33.0,32.4,32.75,1145718
2011-03-04 00:00:00+05:30,32.8,33.25,32.4,32.65,1593702
2011-03-07 00:00:00+05:30,32.45,33.0,32.35,32.7,9497244
2011-03-08 00:00:00+05:30,32.95,33.5,32.6,32.9,1575396
2011-03-09 00:00:00+05:30,32.9,33.25,32.75,33.15,994797
2011-03-10 00:00:00+05:30,32.9,34.2,32.9,33.8,1896975
2011-03-11 00:00:00+05:30,33.55,34.35,33.3,33.8,2187936
2011-03-14 00:00:00+05:30,33.65,34.15,33.25,33.4,810969
2011-03-15 00:00:00+05:30,33.15,33.3,32.65,32.9,739512
2011-03-16 00:00:00+05:30,33.0,34.0,33.0,33.65,1375104
2011-03-17 00:00:00+05:30,33.5,33.65,33.1,33.15,736794
2011-03-18 00:00:00+05:30,33.35,35.0,32.85,34.3,7440069
2011-03-21 00:00:00+05:30,34.6,34.6,33.65,34.1,2642514
2011-03-22 00:00:00+05:30,30.25,35.1,30.25,34.2,3010389
2011-03-23 00:00:00+05:30,34.15,34.7,33.85,34.6,3031707
2011-03-24 00:00:00+05:30,34.6,34.85,34.05,34.2,2249151
2011-03-25 00:00:00+05:30,34.3,34.35,34.0,34.05,958407
2011-03-28 00:00:00+05:30,34.25,34.25,33.65,34.0,721617
2011-03-29 00:00:00+05:30,34.0,34.25,33.6,33.75,810231
2011-03-30 00:00:00+05:30,34.0,34.2,33.65,33.95,509943
2011-03-31 00:00:00+05:30,33.8,34.8,33.75,34.65,2348478
2011-04-01 00:00:00+05:30,34.75,36.2,34.6,36.0,5857572
2011-04-04 00:00:00+05:30,36.1,37.0,36.1,36.55,5957595
2011-04-05 00:00:00+05:30,36.5,37.0,35.8,36.2,2868825
2011-04-06 00:00:00+05:30,36.4,36.7,35.85,36.3,2399451
2011-04-07 00:00:00+05:30,36.2,37.25,36.0,36.3,9082167
2011-04-08 00:00:00+05:30,36.6,36.6,35.4,35.5,2055255
2011-04-11 00:00:00+05:30,35.45,35.9,34.6,34.9,1571682
2011-04-13 00:00:00+05:30,34.65,35.05,34.55,34.95,1296906
2011-04-15 00:00:00+05:30,35.0,35.55,34.55,35.2,1934019
2011-04-18 00:00:00+05:30,35.15,35.5,34.15,34.25,1163889
2011-04-19 00:00:00+05:30,34.2,34.55,33.5,33.8,1504131
2011-04-20 00:00:00+05:30,34.15,34.3,33.8,34.1,576609
2011-04-21 00:00:00+05:30,34.2,34.5,34.0,34.1,630507
2011-04-25 00:00:00+05:30,34.0,34.25,33.8,33.95,589668
2011-04-26 00:00:00+05:30,34.05,34.1,33.6,33.7,985821
2011-04-27 00:00:00+05:30,33.85,34.0,33.6,33.65,986124
2011-04-28 00:00:00+05:30,33.85,33.9,33.0,33.2,1232880
2011-04-29 00:00:00+05:30,33.55,34.0,33.2,33.25,1137858
2011-05-02 00:00:00+05:30,33.6,33.6,32.55,32.8,706752
2011-05-03 00:00:00+05:30,32.95,33.05,32.25,32.45,1018041
2011-05-04 00:00:00+05:30,32.45,32.6,32.1,32.3,845823
2011-05-05 00:00:00+05:30,32.45,32.6,32.05,32.25,738798
2011-05-06 00:00:00+05:30,32.55,33.55,31.95,32.05,659580
2011-05-09 00:00:00+05:30,32.35,33.15,32.25,32.8,861543
2011-05-10 00:00:00+05:30,32.65,32.95,32.25,32.55,812745
2011-05-11 00:00:00+05:30,32.5,32.6,32.2,32.35,381297
2011-05-12 00:00:00+05:30,32.45,32.55,30.65,30.95,2370189
2011-05-13 00:00:00+05:30,31.4,31.7,29.95,31.15,790959
2011-05-16 00:00:00+05:30,31.05,31.55,31.0,31.1,504408
2011-05-17 00:00:00+05:30,31.3,31.3,30.6,30.75,600294
2011-05-18 00:00:00+05:30,36.5,36.5,30.5,30.7,539811
2011-05-19 00:00:00+05:30,30.65,31.2,30.6,31.0,1150656
2011-05-20 00:00:00+05:30,31.05,31.9,30.95,31.75,1175289
2011-05-23 00:00:00+05:30,31.55,31.55,30.55,30.65,801270
2011-05-24 00:00:00+05:30,30.65,30.85,30.1,30.25,845745
2011-05-25 00:00:00+05:30,30.5,31.9,30.1,31.25,4996374
2011-05-26 00:00:00+05:30,31.55,31.55,30.6,30.8,956403
2011-05-27 00:00:00+05:30,31.0,31.9,31.0,31.5,1343637
2011-05-30 00:00:00+05:30,33.15,33.25,31.95,32.45,2023929
2011-05-31 00:00:00+05:30,32.6,33.2,32.2,32.65,5427681
2011-06-01 00:00:00+05:30,33.1,33.35,32.75,32.9,1447221
2011-06-02 00:00:00+05:30,32.65,32.65,31.95,32.1,686952
2011-06-03 00:00:00+05:30,31.8,32.65,31.8,32.05,681057
2011-06-06 00:00:00+05:30,32.3,32.55,31.85,32.05,331095
2011-06-07 00:00:00+05:30,32.3,33.3,32.15,33.25,2000433
2011-06-08 00:00:00+05:30,33.7,34.05,33.3,33.5,4108053
2011-06-09 00:00:00+05:30,33.3,33.9,33.1,33.75,2439567
2011-06-10 00:00:00+05:30,34.1,34.15,32.6,32.75,1557282
2011-06-13 00:00:00+05:30,32.9,32.9,32.0,32.45,568329
2011-06-14 00:00:00+05:30,32.6,32.7,32.05,32.45,968835
2011-06-15 00:00:00+05:30,32.55,32.55,32.0,32.05,298146
2011-06-16 00:00:00+05:30,32.25,32.25,31.55,31.6,815556
2011-06-17 00:00:00+05:30,31.7,32.05,31.1,31.25,561051
2011-06-20 00:00:00+05:30,31.25,31.25,30.3,30.45,614652
2011-06-21 00:00:00+05:30,30.55,31.15,30.2,30.55,927654
2011-06-22 00:00:00+05:30,30.85,31.45,30.55,31.4,1163313
2011-06-23 00:00:00+05:30,30.6,31.3,30.55,30.65,403092
2011-06-24 00:00:00+05:30,31.0,31.5,30.7,31.25,789216
2011-06-27 00:00:00+05:30,31.15,31.6,30.75,31.2,609315
2011-06-28 00:00:00+05:30,32.25,32.25,31.25,31.4,370353
2011-06-29 00:00:00+05:30,31.65,32.1,31.35,31.55,658905
2011-06-30 00:00:00+05:30,31.6,31.85,30.95,31.0,1491858
2011-07-01 00:00:00+05:30,31.15,32.4,31.1,32.2,1142148
2011-07-04 00:00:00+05:30,32.4,32.65,31.8,31.9,749823
2011-07-05 00:00:00+05:30,32.2,32.2,31.45,31.6,632802
2011-07-06 00:00:00+05:30,31.7,32.25,31.7,31.85,798978
2011-07-07 00:00:00+05:30,32.05,32.6,31.9,32.4,1258680
2011-07-08 00:00:00+05:30,31.7,32.65,31.15,31.35,1757055
2011-07-11 00:00:00+05:30,31.15,31.65,31.05,31.2,280572
2011-07-12 00:00:00+05:30,30.95,31.35,30.85,31.0,672672
2011-07-13 00:00:00+05:30,31.0,31.75,31.0,31.4,455808
2011-07-14 00:00:00+05:30,31.3,31.4,30.95,31.0,1196058
2011-07-15 00:00:00+05:30,31.0,31.25,30.8,30.85,709422
2011-07-18 00:00:00+05:30,30.85,31.15,30.85,30.95,236958
2011-07-19 00:00:00+05:30,30.95,31.15,30.7,30.9,501774
2011-07-20 00:00:00+05:30,30.95,31.1,30.65,30.75,519666
2011-07-21 00:00:00+05:30,30.85,31.3,30.75,31.2,1391112
2011-07-22 00:00:00+05:30,31.3,31.55,31.0,31.05,850254
2011-07-25 00:00:00+05:30,31.25,31.7,30.95,31.5,766527
2011-07-26 00:00:00+05:30,31.6,31.7,30.75,30.9,433683
2011-07-27 00:00:00+05:30,30.85,31.15,30.55,30.65,682962
2011-07-28 00:00:00+05:30,30.55,30.55,29.85,30.0,1555194
2011-07-29 00:00:00+05:30,30.1,30.2,27.45,29.25,6678867
2011-08-01 00:00:00+05:30,29.45,30.2,28.95,29.85,4014951
2011-08-02 00:00:00+05:30,29.8,30.1,29.1,29.25,2315028
2011-08-03 00:00:00+05:30,28.65,29.85,28.65,29.65,2060193
2011-08-04 00:00:00+05:30,29.4,30.0,28.95,29.15,1166208
2011-08-05 00:00:00+05:30,28.6,31.15,27.5,30.15,2013300
2011-08-08 00:00:00+05:30,29.8,30.5,28.65,29.8,3881949
2011-08-09 00:00:00+05:30,28.8,29.35,28.6,28.85,1779756
2011-08-10 00:00:00+05:30,29.25,29.9,29.1,29.25,3357330
2011-08-11 00:00:00+05:30,29.25,29.45,28.6,28.7,1242813
2011-08-12 00:00:00+05:30,29.1,29.1,28.1,28.35,1004898
2011-08-16 00:00:00+05:30,28.6,28.95,27.95,28.1,1876332
2011-08-17 00:00:00+05:30,28.2,28.35,26.6,26.75,1834917
2011-08-18 00:00:00+05:30,26.85,27.35,26.35,26.7,3715026
2011-08-19 00:00:00+05:30,26.45,26.7,25.85,26.5,927282
2011-08-22 00:00:00+05:30,26.45,26.45,25.65,26.0,1373424
2011-08-23 00:00:00+05:30,26.3,27.9,25.9,26.85,2605539
2011-08-24 00:00:00+05:30,27.2,27.35,26.65,26.9,1349304
2011-08-25 00:00:00+05:30,27.15,27.4,26.1,26.45,4336773
2011-08-26 00:00:00+05:30,26.45,26.55,24.85,25.3,1797225
2011-08-29 00:00:00+05:30,25.8,27.25,25.4,26.45,1702119
2011-08-30 00:00:00+05:30,27.15,27.15,26.3,26.8,1204068
2011-09-02 00:00:00+05:30,27.0,27.2,26.15,27.0,1615392
2011-09-05 00:00:00+05:30,26.7,28.2,26.35,28.05,2065512
2011-09-06 00:00:00+05:30,28.35,28.35,27.4,27.85,1127889
2011-09-07 00:00:00+05:30,27.95,28.1,27.8,27.95,806391
2011-09-08 00:00:00+05:30,28.4,28.55,27.95,28.15,1090044
2011-09-09 00:00:00+05:30,28.2,30.3,27.65,28.25,3331896
2011-09-12 00:00:00+05:30,27.8,28.45,27.4,27.65,874770
2011-09-13 00:00:00+05:30,27.7,28.05,27.5,27.85,551625
2011-09-14 00:00:00+05:30,27.95,28.95,27.9,28.5,1365321
2011-09-15 00:00:00+05:30,28.6,28.9,28.2,28.45,668142
2011-09-16 00:00:00+05:30,29.2,30.95,27.0,30.5,6766920
2011-09-19 00:00:00+05:30,30.5,30.7,29.45,30.25,1930803
2011-09-20 00:00:00+05:30,30.65,31.0,30.15,30.4,2654637
2011-09-21 00:00:00+05:30,30.4,31.0,30.4,30.75,1779153
2011-09-22 00:00:00+05:30,30.2,30.95,28.75,29.2,2964843
2011-09-23 00:00:00+05:30,28.95,29.15,27.05,27.25,4986714
2011-09-26 00:00:00+05:30,27.25,27.25,26.05,26.5,2359842
2011-09-27 00:00:00+05:30,27.25,27.8,26.75,27.45,804837
2011-09-28 00:00:00+05:30,27.4,28.3,27.4,27.8,1120143
2011-09-29 00:00:00+05:30,27.8,28.35,27.0,27.55,2699466
2011-09-30 00:00:00+05:30,27.8,28.2,27.0,27.7,3181320
2011-10-03 00:00:00+05:30,27.4,27.4,26.25,26.45,1170162
2011-10-04 00:00:00+05:30,26.45,27.15,26.2,26.9,1057635
2011-10-05 00:00:00+05:30,27.25,27.4,26.65,27.05,1019697
2011-10-07 00:00:00+05:30,27.65,29.15,27.4,28.7,1784253
2011-10-10 00:00:00+05:30,28.75,29.35,28.4,29.25,1199355
2011-10-11 00:00:00+05:30,29.2,29.8,29.2,29.55,8050992
2011-10-12 00:00:00+05:30,29.55,30.2,29.4,30.1,1006971
2011-10-13 00:00:00+05:30,30.1,30.95,30.1,30.7,1365924
2011-10-14 00:00:00+05:30,30.5,31.0,30.25,30.95,1543353
2011-10-17 00:00:00+05:30,31.15,31.15,30.35,30.5,1185285
2011-10-18 00:00:00+05:30,30.15,30.15,29.2,29.3,961062
2011-10-19 00:00:00+05:30,29.4,30.3,29.25,30.2,1593906
2011-10-20 00:00:00+05:30,29.45,30.2,28.95,29.75,1228896
2011-10-21 00:00:00+05:30,29.8,30.0,29.2,29.3,435678
2011-10-24 00:00:00+05:30,29.8,29.8,28.05,28.3,734637
2011-10-25 00:00:00+05:30,28.55,28.85,27.85,28.05,1926954
2011-10-28 00:00:00+05:30,29.25,29.75,29.25,29.45,1220847
2011-10-31 00:00:00+05:30,29.75,29.9,28.55,28.85,1120704
2011-11-01 00:00:00+05:30,28.85,30.65,28.75,28.85,7586187
2011-11-02 00:00:00+05:30,28.95,29.1,28.1,28.2,2205897
2011-11-03 00:00:00+05:30,28.1,28.55,27.8,27.9,2307822
2011-11-04 00:00:00+05:30,28.25,28.45,27.9,28.0,1331253
2011-11-08 00:00:00+05:30,28.3,28.6,27.9,27.95,1167126
2011-11-09 00:00:00+05:30,28.1,28.1,27.55,27.7,1289472
2011-11-11 00:00:00+05:30,27.45,27.65,26.55,26.8,1228152
2011-11-14 00:00:00+05:30,27.35,27.35,26.3,26.4,795798
2011-11-15 00:00:00+05:30,26.3,26.85,25.25,25.4,1697700
2011-11-16 00:00:00+05:30,25.4,26.05,25.1,25.6,1744923
2011-11-17 00:00:00+05:30,25.5,25.65,24.2,24.6,1318554
2011-11-18 00:00:00+05:30,24.3,24.45,23.4,23.5,1551078
2011-11-21 00:00:00+05:30,23.4,23.45,22.5,22.6,1122699
2011-11-22 00:00:00+05:30,22.95,23.3,22.55,23.1,1529100
2011-11-23 00:00:00+05:30,23.1,23.3,21.85,21.95,2010954
2011-11-24 00:00:00+05:30,22.05,22.7,21.05,21.95,4700523
2011-11-25 00:00:00+05:30,22.0,22.95,21.5,22.75,1548564
2011-11-28 00:00:00+05:30,23.1,23.65,22.8,23.1,1548171
2011-11-29 00:00:00+05:30,23.3,23.4,22.55,22.7,1260900
2011-11-30 00:00:00+05:30,22.7,23.3,22.35,22.4,1434612
2011-12-01 00:00:00+05:30,22.95,23.45,22.5,22.75,2001774
2011-12-02 00:00:00+05:30,22.8,23.75,22.55,23.1,3191301
2011-12-05 00:00:00+05:30,23.1,23.35,22.7,22.8,1256664
2011-12-07 00:00:00+05:30,22.8,23.2,22.4,22.5,1497543
2011-12-08 00:00:00+05:30,22.5,22.65,21.7,21.85,1497498
2011-12-09 00:00:00+05:30,21.7,21.85,21.3,21.45,2113092
2011-12-12 00:00:00+05:30,21.7,21.8,20.3,20.4,2003586
2011-12-13 00:00:00+05:30,20.4,20.7,19.65,20.4,2135346
2011-12-14 00:00:00+05:30,20.6,21.15,19.85,20.05,2898039
2011-12-15 00:00:00+05:30,19.95,19.95,19.25,19.3,2598030
2011-12-16 00:00:00+05:30,19.45,19.7,18.4,18.55,3129762
2011-12-19 00:00:00+05:30,18.55,18.75,17.15,17.45,3145398
2011-12-20 00:00:00+05:30,17.55,17.7,16.35,16.55,3239853
2011-12-21 00:00:00+05:30,16.8,17.45,16.8,17.35,1864890
2011-12-22 00:00:00+05:30,17.25,18.35,17.1,18.25,2926065
2011-12-23 00:00:00+05:30,18.45,19.3,18.25,18.95,3241041
2011-12-26 00:00:00+05:30,19.05,19.75,18.75,19.2,2020500
2011-12-27 00:00:00+05:30,19.65,19.65,18.5,19.3,1460292
2011-12-28 00:00:00+05:30,19.3,19.35,18.7,19.0,1402203
2011-12-29 00:00:00+05:30,18.9,19.35,18.65,18.85,1208493
2011-12-30 00:00:00+05:30,19.05,19.9,18.85,19.5,4479762
2012-01-02 00:00:00+05:30,19.35,19.85,18.1,18.8,2859441
2012-01-03 00:00:00+05:30,18.9,20.15,18.9,20.0,3900675
2012-01-04 00:00:00+05:30,19.95,21.8,19.95,20.8,12026313
2012-01-05 00:00:00+05:30,20.9,20.9,20.05,20.5,4821732
2012-01-06 00:00:00+05:30,20.45,20.8,19.8,20.0,4050942
2012-01-09 00:00:00+05:30,21.1,21.55,20.25,20.35,4289487
2012-01-10 00:00:00+05:30,20.05,20.7,19.75,20.45,2847498
2012-01-11 00:00:00+05:30,20.7,21.15,20.45,20.95,5261337
2012-01-12 00:00:00+05:30,20.95,21.55,20.95,21.2,4834890
2012-01-13 00:00:00+05:30,21.35,21.75,21.05,21.25,3998985
2012-01-16 00:00:00+05:30,20.75,21.35,19.15,20.7,1961274
2012-01-17 00:00:00+05:30,20.75,22.1,20.75,21.9,5622981
2012-01-18 00:00:00+05:30,22.05,22.3,21.05,21.15,4774602
2012-01-19 00:00:00+05:30,21.05,21.55,20.95,21.25,3629592
2012-01-20 00:00:00+05:30,21.5,21.7,20.7,20.8,2726502
2012-01-23 00:00:00+05:30,20.85,21.65,20.85,21.4,3820746
2012-01-24 00:00:00+05:30,21.5,21.6,21.2,21.5,3020427
2012-01-25 00:00:00+05:30,21.5,22.6,21.5,22.25,8763342
2012-01-27 00:00:00+05:30,22.4,23.0,21.85,22.05,4255152
2012-01-30 00:00:00+05:30,22.05,22.05,20.75,20.95,3112443
2012-01-31 00:00:00+05:30,21.05,21.85,21.05,21.65,3918873
2012-02-01 00:00:00+05:30,21.9,22.55,21.8,22.45,6214812
2012-02-02 00:00:00+05:30,22.5,23.0,21.95,22.4,4020267
2012-02-03 00:00:00+05:30,22.35,22.7,22.05,22.15,2639115
2012-02-06 00:00:00+05:30,22.4,23.75,22.4,22.95,9305451
2012-02-07 00:00:00+05:30,23.25,23.4,22.45,22.55,3298299
2012-02-08 00:00:00+05:30,22.85,22.9,22.4,22.75,2838276
2012-02-09 00:00:00+05:30,22.75,23.4,22.2,23.15,4410666
2012-02-10 00:00:00+05:30,23.1,23.75,22.8,22.95,4695297
2012-02-13 00:00:00+05:30,22.95,23.25,22.4,22.7,2696508
2012-02-14 00:00:00+05:30,22.95,23.1,22.2,22.65,2816262
2012-02-15 00:00:00+05:30,23.2,24.0,22.65,23.85,7005186
2012-02-16 00:00:00+05:30,24.0,25.1,23.9,24.2,6956880
2012-02-17 00:00:00+05:30,24.7,24.8,23.95,24.2,3388749
2012-02-21 00:00:00+05:30,24.15,24.55,23.75,23.85,2034219
2012-02-22 00:00:00+05:30,23.95,24.1,22.6,22.8,2833452
2012-02-23 00:00:00+05:30,22.8,22.95,21.6,21.75,5069151
2012-02-24 00:00:00+05:30,22.05,22.3,21.35,21.5,2221806
2012-02-27 00:00:00+05:30,22.0,22.0,20.9,21.05,2258007
2012-02-28 00:00:00+05:30,22.25,22.25,21.1,21.7,3065949
2012-02-29 00:00:00+05:30,21.75,22.4,21.5,21.8,3747330
2012-03-01 00:00:00+05:30,22.0,22.9,21.6,22.3,5711022
2012-03-02 00:00:00+05:30,22.4,22.7,22.05,22.4,5485239
2012-03-05 00:00:00+05:30,22.15,22.65,22.0,22.4,4317990
2012-03-06 00:00:00+05:30,22.3,23.05,22.0,22.25,5135619
2012-03-07 00:00:00+05:30,22.1,22.25,21.5,22.1,3843069
2012-03-09 00:00:00+05:30,22.2,22.65,21.95,22.3,2274171
2012-03-12 00:00:00+05:30,22.7,22.7,21.7,21.8,2780475
2012-03-13 00:00:00+05:30,22.3,22.4,21.65,21.75,2721303
2012-03-14 00:00:00+05:30,22.05,22.15,21.5,21.55,4209048
2012-03-15 00:00:00+05:30,21.55,21.7,20.5,20.7,4284780
2012-03-16 00:00:00+05:30,20.75,20.75,18.8,18.95,31022127
2012-03-19 00:00:00+05:30,18.95,19.65,18.75,19.05,10179594
2012-03-20 00:00:00+05:30,19.15,19.9,19.1,19.8,11833614
2012-03-21 00:00:00+05:30,19.65,19.9,19.45,19.85,8436096
2012-03-22 00:00:00+05:30,19.95,20.35,19.35,19.5,10848072
2012-03-23 00:00:00+05:30,19.45,20.0,19.4,19.9,2293887
2012-03-26 00:00:00+05:30,19.95,19.95,19.35,19.45,1749918
2012-03-27 00:00:00+05:30,19.9,19.9,19.45,19.7,3023826
2012-03-28 00:00:00+05:30,19.7,19.7,18.95,19.15,1547097
2012-03-29 00:00:00+05:30,19.0,19.25,18.65,18.85,7163052
2012-03-30 00:00:00+05:30,18.95,19.65,18.95,19.5,2065182
2012-04-02 00:00:00+05:30,18.95,20.05,18.95,19.95,3052302
2012-04-03 00:00:00+05:30,20.1,20.55,20.0,20.45,2315106
2012-04-04 00:00:00+05:30,20.45,20.5,20.1,20.4,1276473
2012-04-09 00:00:00+05:30,20.4,20.4,19.7,19.8,1124244
2012-04-10 00:00:00+05:30,19.85,19.95,19.6,19.7,913239
2012-04-11 00:00:00+05:30,19.7,19.7,19.25,19.5,1156044
2012-04-12 00:00:00+05:30,19.5,19.8,19.5,19.65,1804215
2012-04-13 00:00:00+05:30,19.8,20.5,19.7,19.9,3255930
2012-04-16 00:00:00+05:30,20.05,20.2,19.9,20.1,1651404
2012-04-17 00:00:00+05:30,19.95,20.75,19.9,20.45,4022064
2012-04-18 00:00:00+05:30,20.7,20.7,19.95,20.3,1223748
2012-04-19 00:00:00+05:30,20.4,20.75,20.15,20.45,1207221
2012-04-20 00:00:00+05:30,20.6,21.2,20.4,20.7,4428726
2012-04-23 00:00:00+05:30,20.9,21.05,20.7,20.9,4308732
2012-04-24 00:00:00+05:30,20.85,21.05,20.6,20.65,1016025
2012-04-25 00:00:00+05:30,20.85,20.85,20.3,20.6,929334
2012-04-26 00:00:00+05:30,20.45,20.75,20.3,20.45,4183788
2012-04-27 00:00:00+05:30,20.45,20.8,20.45,20.75,1075596
2012-04-30 00:00:00+05:30,21.3,21.7,21.0,21.15,3705510
2012-05-02 00:00:00+05:30,21.5,21.7,21.25,21.4,1637112
2012-05-03 00:00:00+05:30,21.15,21.45,20.85,21.05,1078890
2012-05-04 00:00:00+05:30,21.0,21.3,20.75,20.85,1690353
2012-05-07 00:00:00+05:30,20.85,21.0,20.4,20.85,2109666
2012-05-08 00:00:00+05:30,20.9,21.15,19.9,20.2,1372392
2012-05-09 00:00:00+05:30,20.2,20.2,19.75,19.9,633105
2012-05-10 00:00:00+05:30,19.9,20.45,19.85,20.35,1240530
2012-05-11 00:00:00+05:30,20.35,20.45,20.0,20.35,1298205
2012-05-14 00:00:00+05:30,20.2,20.55,20.0,20.1,1398573
2012-05-15 00:00:00+05:30,20.0,21.55,19.6,21.2,3753891
2012-05-16 00:00:00+05:30,20.55,21.2,19.9,20.15,2287452
2012-05-17 00:00:00+05:30,20.35,21.65,20.1,20.8,4751202
2012-05-18 00:00:00+05:30,20.55,21.6,20.55,21.35,3112983
2012-05-21 00:00:00+05:30,21.55,21.55,20.3,20.4,3028257
2012-05-22 00:00:00+05:30,20.75,21.05,19.65,20.1,6192060
2012-05-23 00:00:00+05:30,20.2,20.9,20.05,20.45,3025089
2012-05-24 00:00:00+05:30,20.85,20.9,19.75,20.2,2673225
2012-05-25 00:00:00+05:30,20.2,20.8,19.25,20.7,4091274
2012-05-28 00:00:00+05:30,20.7,20.8,20.15,20.35,2741337
2012-05-29 00:00:00+05:30,21.05,21.05,19.9,20.25,2663130
2012-05-30 00:00:00+05:30,20.15,20.75,19.85,19.9,3431688
2012-05-31 00:00:00+05:30,19.9,20.35,19.75,20.15,1406721
2012-06-01 00:00:00+05:30,20.2,20.35,19.95,19.95,1016124
2012-06-04 00:00:00+05:30,19.8,20.3,19.8,20.05,1022016
2012-06-05 00:00:00+05:30,20.15,20.35,20.1,20.1,1501335
2012-06-06 00:00:00+05:30,20.3,20.4,20.1,20.3,1638396
2012-06-07 00:00:00+05:30,20.55,20.55,20.2,20.25,1217238
2012-06-08 00:00:00+05:30,20.2,20.6,19.95,20.35,7297671
2012-06-11 00:00:00+05:30,20.4,20.7,20.1,20.2,1064709
2012-06-12 00:00:00+05:30,20.15,20.2,19.9,20.15,1218957
2012-06-13 00:00:00+05:30,20.15,20.3,19.9,20.0,602457
2012-06-14 00:00:00+05:30,20.0,20.55,19.9,20.4,2590044
2012-06-15 00:00:00+05:30,20.4,20.8,20.25,20.35,1876647
2012-06-18 00:00:00+05:30,20.45,20.65,20.15,20.25,1024185
2012-06-19 00:00:00+05:30,20.35,20.95,20.3,20.85,3120324
2012-06-20 00:00:00+05:30,20.85,21.3,20.85,21.15,1988142
2012-06-21 00:00:00+05:30,21.05,21.35,20.75,21.15,595890
2012-06-22 00:00:00+05:30,20.75,21.5,20.75,21.4,1393782
2012-06-25 00:00:00+05:30,21.05,21.5,21.05,21.4,2178312
2012-06-26 00:00:00+05:30,21.5,21.9,21.2,21.85,2185020
2012-06-27 00:00:00+05:30,21.95,22.3,21.9,22.1,1660479
2012-06-28 00:00:00+05:30,22.1,22.65,21.7,21.95,4697715
2012-06-29 00:00:00+05:30,22.2,22.7,21.95,22.65,1547976
2012-07-02 00:00:00+05:30,22.75,24.05,22.7,23.8,4454793
2012-07-03 00:00:00+05:30,24.0,24.35,23.55,24.1,4015110
2012-07-04 00:00:00+05:30,24.2,24.7,24.05,24.15,7164009
2012-07-05 00:00:00+05:30,24.2,24.2,23.7,24.05,2052888
2012-07-06 00:00:00+05:30,24.15,24.15,23.7,23.9,979428
2012-07-09 00:00:00+05:30,23.9,23.9,23.2,23.45,1889409
2012-07-10 00:00:00+05:30,23.5,23.55,23.1,23.45,1679079
2012-07-11 00:00:00+05:30,23.25,23.5,22.45,22.55,8396700
2012-07-12 00:00:00+05:30,22.55,22.95,22.1,22.75,1579485
2012-07-13 00:00:00+05:30,22.45,23.15,22.05,22.85,2265480
2012-07-16 00:00:00+05:30,23.1,23.15,22.4,22.7,3744978
2012-07-17 00:00:00+05:30,22.7,23.05,22.4,22.65,865602
2012-07-18 00:00:00+05:30,22.45,23.2,22.2,23.1,1696506
2012-07-19 00:00:00+05:30,23.2,23.7,23.2,23.3,5714940
2012-07-20 00:00:00+05:30,22.55,23.3,22.55,23.2,3467646
2012-07-23 00:00:00+05:30,23.05,23.1,22.55,22.9,2900940
2012-07-24 00:00:00+05:30,22.6,23.0,22.6,22.9,984507
2012-07-25 00:00:00+05:30,22.65,22.9,22.45,22.65,2225184
2012-07-26 00:00:00+05:30,22.6,23.1,21.9,22.1,4129506
2012-07-27 00:00:00+05:30,22.15,22.8,22.1,22.4,2211999
2012-07-30 00:00:00+05:30,22.45,22.95,22.45,22.8,2618829
2012-07-31 00:00:00+05:30,22.9,23.0,22.55,22.75,924669
2012-08-01 00:00:00+05:30,22.55,23.4,22.45,23.1,1825125
2012-08-02 00:00:00+05:30,23.05,23.25,22.4,22.5,2691045
2012-08-03 00:00:00+05:30,22.4,22.7,22.1,22.45,1058169
2012-08-06 00:00:00+05:30,22.55,22.85,22.1,22.15,1464801
2012-08-07 00:00:00+05:30,22.3,22.5,22.15,22.25,464808
2012-08-08 00:00:00+05:30,22.35,22.75,22.2,22.3,2483397
2012-08-09 00:00:00+05:30,22.35,22.4,22.0,22.1,807957
2012-08-10 00:00:00+05:30,22.25,22.25,21.9,21.95,695691
2012-08-13 00:00:00+05:30,22.1,22.75,22.1,22.7,2175321
2012-08-14 00:00:00+05:30,22.9,23.15,22.5,22.6,2597301
2012-08-16 00:00:00+05:30,22.7,22.7,21.9,22.1,3138711
2012-08-17 00:00:00+05:30,22.2,22.3,21.7,21.85,3211350
2012-08-21 00:00:00+05:30,21.9,22.15,21.85,21.95,3512445
2012-08-22 00:00:00+05:30,22.1,23.1,22.1,22.75,7744011
2012-08-23 00:00:00+05:30,22.9,23.0,22.65,22.75,3323088
2012-08-24 00:00:00+05:30,22.75,22.8,22.1,22.4,2332146
2012-08-27 00:00:00+05:30,22.3,22.8,22.3,22.7,1856775
2012-08-28 00:00:00+05:30,22.75,23.65,22.65,23.45,6182655
2012-08-29 00:00:00+05:30,23.5,23.85,23.25,23.4,5236809
2012-08-30 00:00:00+05:30,23.3,23.7,23.0,23.4,5079792
2012-08-31 00:00:00+05:30,23.4,23.6,22.95,23.1,1797444
2012-09-03 00:00:00+05:30,23.1,23.55,22.35,22.7,5940324
2012-09-04 00:00:00+05:30,22.95,23.05,22.3,22.95,6139191
2012-09-05 00:00:00+05:30,22.95,22.95,22.0,22.1,4209306
2012-09-06 00:00:00+05:30,22.1,22.4,21.9,22.2,1628976
2012-09-07 00:00:00+05:30,22.7,23.0,22.45,22.7,2991129
2012-09-10 00:00:00+05:30,23.0,23.45,22.8,23.35,3059712
2012-09-11 00:00:00+05:30,23.2,23.4,22.75,22.95,1453740
2012-09-12 00:00:00+05:30,23.1,23.4,22.8,23.05,2027856
2012-09-13 00:00:00+05:30,22.85,23.4,22.75,23.3,2550528
2012-09-14 00:00:00+05:30,23.35,23.6,23.15,23.3,2329605
2012-09-17 00:00:00+05:30,23.65,23.7,23.0,23.25,2074995
2012-09-18 00:00:00+05:30,23.5,23.8,22.9,23.3,2826624
2012-09-20 00:00:00+05:30,23.05,23.2,22.45,22.7,4030410
2012-09-21 00:00:00+05:30,23.65,24.5,22.75,23.75,11351427
2012-09-24 00:00:00+05:30,24.0,24.0,22.9,23.05,3286767
2012-09-25 00:00:00+05:30,23.1,23.35,22.75,22.85,5447160
2012-09-26 00:00:00+05:30,22.9,23.1,22.6,22.95,2296689
2012-09-27 00:00:00+05:30,23.1,24.25,22.7,23.15,10258203
2012-09-28 00:00:00+05:30,23.25,23.85,23.2,23.5,4175901
2012-10-01 00:00:00+05:30,23.5,24.0,23.25,23.35,3287568
2012-10-03 00:00:00+05:30,23.5,23.75,23.1,23.5,3160893
2012-10-04 00:00:00+05:30,23.65,24.0,23.4,23.75,4993149
2012-10-05 00:00:00+05:30,23.75,23.85,22.8,23.05,4182987
2012-10-08 00:00:00+05:30,23.1,23.25,22.75,22.85,2223387
2012-10-09 00:00:00+05:30,22.7,23.3,22.65,23.05,4003704
2012-10-10 00:00:00+05:30,23.1,23.1,22.75,23.0,2142321
2012-10-11 00:00:00+05:30,23.1,23.35,22.75,23.15,2206767
2012-10-12 00:00:00+05:30,23.2,23.35,22.8,22.9,1506765
2012-10-15 00:00:00+05:30,23.2,23.2,22.85,23.05,1526622
2012-10-16 00:00:00+05:30,23.15,23.25,22.7,22.8,1680399
2012-10-17 00:00:00+05:30,23.1,23.15,22.5,22.75,1799613
2012-10-18 00:00:00+05:30,22.7,22.95,22.4,22.6,2057400
2012-10-19 00:00:00+05:30,22.6,22.95,22.45,22.55,1652859
2012-10-22 00:00:00+05:30,22.55,22.75,22.45,22.55,582699
2012-10-23 00:00:00+05:30,22.55,22.8,22.4,22.6,1728999
2012-10-25 00:00:00+05:30,22.7,22.85,22.3,22.4,2220582
2012-10-26 00:00:00+05:30,22.55,22.65,22.1,22.2,1911324
2012-10-29 00:00:00+05:30,22.2,22.35,21.9,22.2,2280645
2012-10-30 00:00:00+05:30,22.4,22.4,21.65,21.75,1203780
2012-10-31 00:00:00+05:30,21.8,21.85,21.3,21.4,2107095
2012-11-01 00:00:00+05:30,21.35,21.6,21.0,21.5,1796304
2012-11-02 00:00:00+05:30,21.7,21.95,21.5,21.8,904230
2012-11-05 00:00:00+05:30,21.5,22.25,21.5,22.1,1462659
2012-11-06 00:00:00+05:30,22.35,22.8,22.05,22.65,2878047
2012-11-07 00:00:00+05:30,22.25,22.7,22.05,22.1,1161591
2012-11-08 00:00:00+05:30,21.9,22.4,21.4,22.35,4375806
2012-11-09 00:00:00+05:30,22.1,22.3,21.5,21.65,2639292
2012-11-12 00:00:00+05:30,21.5,22.15,21.1,21.35,2438856
2012-11-13 00:00:00+05:30,21.95,21.95,21.5,21.5,211671
2012-11-15 00:00:00+05:30,21.5,21.5,20.4,20.5,3999657
2012-11-16 00:00:00+05:30,20.65,20.9,20.45,20.55,1164072
2012-11-19 00:00:00+05:30,20.45,21.05,20.35,20.55,2593536
2012-11-20 00:00:00+05:30,20.8,20.8,20.1,20.3,1587423
2012-11-21 00:00:00+05:30,20.55,20.85,20.35,20.7,1976382
2012-11-22 00:00:00+05:30,20.7,21.3,20.4,20.55,4693212
2012-11-23 00:00:00+05:30,20.55,20.65,20.15,20.2,1469346
2012-11-26 00:00:00+05:30,20.2,20.35,19.65,19.75,2800107
2012-11-27 00:00:00+05:30,19.9,19.95,19.1,19.35,3521619
2012-11-29 00:00:00+05:30,19.4,19.9,19.15,19.3,4833372
2012-11-30 00:00:00+05:30,19.35,19.9,19.35,19.7,2681268
2012-12-03 00:00:00+05:30,19.9,20.2,19.7,19.95,3454509
2012-12-04 00:00:00+05:30,20.1,20.1,19.75,19.8,2200467
2012-12-05 00:00:00+05:30,19.9,20.0,19.75,19.85,2145333
2012-12-06 00:00:00+05:30,19.75,20.3,19.65,19.8,3198678
2012-12-07 00:00:00+05:30,19.8,19.9,19.0,19.15,4814610
2012-12-10 00:00:00+05:30,19.0,19.1,18.15,18.7,20283204
2012-12-11 00:00:00+05:30,18.25,19.85,18.25,19.3,34052592
2012-12-12 00:00:00+05:30,19.0,19.8,18.5,18.65,191933028
2012-12-13 00:00:00+05:30,18.7,19.5,18.7,18.95,310002840
2012-12-14 00:00:00+05:30,19.05,19.45,19.05,19.4,95958078
2012-12-17 00:00:00+05:30,19.35,19.95,19.35,19.75,103641900
2012-12-18 00:00:00+05:30,19.85,19.9,19.6,19.7,69284013
2012-12-19 00:00:00+05:30,19.8,19.95,19.7,19.7,55021446
2012-12-20 00:00:00+05:30,19.7,19.75,19.2,19.45,46936977
2012-12-21 00:00:00+05:30,19.4,19.4,19.05,19.15,41276340
2012-12-24 00:00:00+05:30,19.2,19.35,19.1,19.3,22093719
2012-12-26 00:00:00+05:30,19.45,19.55,19.3,19.4,51241200
2012-12-27 00:00:00+05:30,19.4,19.7,19.25,19.4,119739228
2012-12-28 00:00:00+05:30,19.4,19.95,19.35,19.85,35605608
2012-12-31 00:00:00+05:30,20.05,20.35,19.85,19.95,31672878
2013-01-01 00:00:00+05:30,20.1,20.55,20.1,20.4,33867963
2013-01-02 00:00:00+05:30,20.5,20.7,20.2,20.35,33617034
2013-01-03 00:00:00+05:30,20.35,20.4,19.65,19.7,78750666
2013-01-04 00:00:00+05:30,19.75,19.95,19.65,19.8,60762510
2013-01-07 00:00:00+05:30,19.9,20.0,19.7,19.8,42351972
2013-01-08 00:00:00+05:30,19.7,19.95,19.7,19.8,21469323
2013-01-09 00:00:00+05:30,19.8,20.1,19.8,19.9,32061261
2013-01-10 00:00:00+05:30,19.95,20.2,19.75,19.9,27377484
2013-01-11 00:00:00+05:30,19.85,19.95,19.5,19.6,33715476
2013-01-14 00:00:00+05:30,19.65,19.75,19.5,19.7,21132747
2013-01-15 00:00:00+05:30,19.7,19.9,19.65,19.8,21344223
2013-01-16 00:00:00+05:30,19.85,20.0,19.2,19.35,24354372
2013-01-17 00:00:00+05:30,19.4,19.65,19.2,19.35,18129966
2013-01-18 00:00:00+05:30,19.45,19.7,19.45,19.6,17597919
2013-01-21 00:00:00+05:30,19.7,19.9,19.6,19.6,20157219
2013-01-22 00:00:00+05:30,19.65,19.8,19.35,19.45,11781480
2013-01-23 00:00:00+05:30,19.5,19.65,19.3,19.35,16670418
2013-01-24 00:00:00+05:30,19.35,19.35,19.1,19.2,17323359
2013-01-25 00:00:00+05:30,19.2,19.55,19.05,19.4,18624879
2013-01-28 00:00:00+05:30,19.5,19.55,19.15,19.2,5245152
2013-01-29 00:00:00+05:30,19.2,19.45,19.1,19.2,16513815
2013-01-30 00:00:00+05:30,19.15,19.3,18.5,18.95,46949409
2013-01-31 00:00:00+05:30,19.05,19.1,18.55,18.65,57035970
2013-02-01 00:00:00+05:30,18.75,18.95,18.55,18.7,15835665
2013-02-04 00:00:00+05:30,18.8,18.8,18.1,18.2,19872735
2013-02-05 00:00:00+05:30,18.15,18.3,17.85,18.0,26732247
2013-02-06 00:00:00+05:30,18.0,18.45,18.0,18.3,27685089
2013-02-07 00:00:00+05:30,18.3,18.3,18.0,18.15,12983340
2013-02-08 00:00:00+05:30,18.2,18.3,17.5,17.8,17681907
2013-02-11 00:00:00+05:30,17.9,18.0,17.55,17.75,14081520
2013-02-12 00:00:00+05:30,17.8,17.85,17.65,17.8,10618671
2013-02-13 00:00:00+05:30,18.0,18.15,17.2,17.75,32835432
2013-02-14 00:00:00+05:30,18.0,18.3,17.75,18.0,41474454
2013-02-15 00:00:00+05:30,18.0,18.3,17.75,18.2,8515236
2013-02-18 00:00:00+05:30,18.3,18.45,18.15,18.3,14980332
2013-02-19 00:00:00+05:30,18.3,18.65,18.25,18.55,10827099
2013-02-20 00:00:00+05:30,18.7,18.9,18.3,18.3,9908589
2013-02-21 00:00:00+05:30,18.2,18.2,17.7,17.75,27000042
2013-02-22 00:00:00+05:30,17.85,17.9,17.45,17.5,18140193
2013-02-25 00:00:00+05:30,17.6,17.7,17.15,17.25,11474553
2013-02-26 00:00:00+05:30,17.25,17.4,16.75,16.8,30945978
2013-02-27 00:00:00+05:30,16.85,17.1,16.7,17.05,23458383
2013-02-28 00:00:00+05:30,17.15,17.15,16.15,16.55,46838373
2013-03-01 00:00:00+05:30,16.65,16.9,16.6,16.7,12784902
2013-03-04 00:00:00+05:30,16.3,16.65,16.0,16.3,22662012
2013-03-05 00:00:00+05:30,16.45,16.95,16.25,16.9,12005154
2013-03-06 00:00:00+05:30,17.0,17.4,16.9,17.3,18695985
2013-03-07 00:00:00+05:30,17.2,17.75,17.2,17.6,24504864
2013-03-08 00:00:00+05:30,17.65,17.9,17.35,17.7,35304189
2013-03-11 00:00:00+05:30,17.8,18.0,17.45,17.5,30486243
2013-03-12 00:00:00+05:30,17.65,17.9,17.35,17.55,43465125
2013-03-13 00:00:00+05:30,17.6,17.6,17.2,17.3,14457057
2013-03-14 00:00:00+05:30,17.35,17.7,17.15,17.55,22432644
2013-03-15 00:00:00+05:30,17.6,17.9,17.2,17.4,51976434
2013-03-18 00:00:00+05:30,17.25,17.25,16.6,16.7,29387538
2013-03-19 00:00:00+05:30,16.7,16.8,16.5,16.7,27742140
2013-03-20 00:00:00+05:30,16.8,16.8,16.0,16.15,40452171
2013-03-21 00:00:00+05:30,16.3,16.7,15.95,16.1,24086031
2013-03-22 00:00:00+05:30,16.1,16.2,15.45,15.75,19636800
2013-03-25 00:00:00+05:30,15.85,16.4,15.8,16.1,14787582
2013-03-26 00:00:00+05:30,16.0,16.35,15.9,16.2,18331545
2013-03-28 00:00:00+05:30,16.3,16.8,16.2,16.55,54458280
2013-04-01 00:00:00+05:30,16.7,16.7,16.1,16.3,14716779
2013-04-02 00:00:00+05:30,16.4,16.55,16.2,16.45,21502041
2013-04-03 00:00:00+05:30,16.35,16.45,15.6,15.7,32022180
2013-04-04 00:00:00+05:30,15.6,15.85,15.35,15.7,25432026
2013-04-05 00:00:00+05:30,15.6,15.85,14.95,15.05,45440538
2013-04-08 00:00:00+05:30,15.05,15.15,14.8,14.95,17652918
2013-04-09 00:00:00+05:30,14.95,15.15,14.65,14.75,22483443
2013-04-10 00:00:00+05:30,14.9,15.1,14.75,15.0,16636962
2013-04-11 00:00:00+05:30,15.1,15.3,15.0,15.1,13080204
2013-04-12 00:00:00+05:30,15.05,15.2,15.0,15.1,7915743
2013-04-15 00:00:00+05:30,15.05,15.6,15.0,15.5,18330261
2013-04-16 00:00:00+05:30,15.3,15.6,15.2,15.5,16374183
2013-04-17 00:00:00+05:30,15.6,15.6,15.25,15.3,11800269
2013-04-18 00:00:00+05:30,15.3,15.4,14.7,14.95,16277088
2013-04-22 00:00:00+05:30,15.05,15.55,14.95,15.4,12132321
2013-04-23 00:00:00+05:30,15.6,15.65,15.4,15.6,13175682
2013-04-25 00:00:00+05:30,15.7,15.8,15.45,15.5,27356004
2013-04-26 00:00:00+05:30,15.55,15.6,15.15,15.25,8687259
2013-04-29 00:00:00+05:30,15.5,15.5,14.85,14.9,27530250
2013-04-30 00:00:00+05:30,14.95,15.2,14.75,15.15,22657389
2013-05-02 00:00:00+05:30,15.15,15.4,15.1,15.3,18484818
2013-05-03 00:00:00+05:30,15.3,15.55,15.15,15.2,12209853
2013-05-06 00:00:00+05:30,15.15,15.7,15.15,15.65,12239346
2013-05-07 00:00:00+05:30,15.8,15.85,15.6,15.65,18578295
2013-05-08 00:00:00+05:30,15.8,15.8,15.3,15.5,16730580
2013-05-09 00:00:00+05:30,15.45,15.6,14.9,15.0,13899882
2013-05-10 00:00:00+05:30,15.0,15.4,15.0,15.3,7814112
2013-05-13 00:00:00+05:30,15.55,15.55,15.1,15.15,7089582
2013-05-14 00:00:00+05:30,15.1,15.6,15.05,15.25,18689172
2013-05-15 00:00:00+05:30,15.25,15.6,15.2,15.5,13576548
2013-05-16 00:00:00+05:30,15.4,15.5,14.95,15.05,16738167
2013-05-17 00:00:00+05:30,15.05,15.15,14.45,14.7,28630515
2013-05-20 00:00:00+05:30,15.0,15.0,14.55,14.65,25145415
2013-05-21 00:00:00+05:30,14.6,14.9,14.6,14.65,11005371
2013-05-22 00:00:00+05:30,14.75,14.85,14.5,14.55,10217175
2013-05-23 00:00:00+05:30,14.4,14.5,13.8,14.05,19739529
2013-05-24 00:00:00+05:30,14.05,14.15,13.8,14.05,14279043
2013-05-27 00:00:00+05:30,13.95,14.3,13.95,14.25,7816845
2013-05-28 00:00:00+05:30,14.25,14.35,14.1,14.15,6247410
2013-05-29 00:00:00+05:30,14.15,14.35,13.95,14.05,16941192
2013-05-30 00:00:00+05:30,14.15,14.6,13.85,14.35,36449289
2013-05-31 00:00:00+05:30,14.4,14.45,14.1,14.15,12663111
2013-06-03 00:00:00+05:30,14.1,14.25,13.95,14.15,6832359
2013-06-04 00:00:00+05:30,14.1,14.3,13.95,13.95,12554904
2013-06-05 00:00:00+05:30,14.1,14.1,13.85,13.9,9630378
2013-06-06 00:00:00+05:30,13.85,14.0,13.65,13.9,14955945
2013-06-07 00:00:00+05:30,13.7,14.05,13.7,13.9,9655791
2013-06-10 00:00:00+05:30,14.0,14.1,13.85,14.0,9144099
2013-06-11 00:00:00+05:30,13.8,13.95,13.55,13.7,11540004
2013-06-12 00:00:00+05:30,13.55,13.75,13.4,13.5,8229573
2013-06-13 00:00:00+05:30,13.3,13.55,12.6,12.85,34295619
2013-06-14 00:00:00+05:30,12.85,13.25,12.85,13.15,10670355
2013-06-17 00:00:00+05:30,13.15,13.3,12.9,13.0,8986428
2013-06-18 00:00:00+05:30,13.0,13.25,12.85,12.85,54217881
2013-06-19 00:00:00+05:30,12.85,13.0,12.8,12.85,9612882
2013-06-20 00:00:00+05:30,12.75,12.75,11.95,12.4,23568276
2013-06-21 00:00:00+05:30,12.5,12.75,12.2,12.6,22751640
2013-06-24 00:00:00+05:30,12.6,12.7,12.3,12.35,15099390
2013-06-25 00:00:00+05:30,12.35,12.4,11.8,12.0,26670828
2013-06-26 00:00:00+05:30,11.95,12.1,11.9,11.95,15200298
2013-06-27 00:00:00+05:30,12.0,12.15,11.95,12.0,48712821
2013-06-28 00:00:00+05:30,12.05,12.8,12.05,12.65,22599891
2013-07-01 00:00:00+05:30,12.75,12.85,12.6,12.7,10233246
2013-07-02 00:00:00+05:30,12.6,12.8,12.35,12.4,11054883
2013-07-03 00:00:00+05:30,12.2,12.4,11.9,11.95,9602970
2013-07-04 00:00:00+05:30,11.95,12.25,11.85,12.05,10472544
2013-07-05 00:00:00+05:30,12.15,12.5,12.15,12.5,10434276
2013-07-08 00:00:00+05:30,12.4,12.45,12.05,12.25,8388642
2013-07-09 00:00:00+05:30,12.3,12.4,12.2,12.35,6436824
2013-07-10 00:00:00+05:30,12.35,12.7,12.35,12.55,10828209
2013-07-11 00:00:00+05:30,12.7,13.0,12.65,12.85,10907484
2013-07-12 00:00:00+05:30,12.85,12.95,12.6,12.85,9022083
2013-07-15 00:00:00+05:30,12.9,13.15,12.7,12.95,6788991
2013-07-16 00:00:00+05:30,12.9,12.9,12.75,12.8,4992243
2013-07-17 00:00:00+05:30,12.7,12.85,12.35,12.45,7422615
2013-07-18 00:00:00+05:30,12.45,12.75,12.3,12.65,9477795
2013-07-19 00:00:00+05:30,12.7,12.9,12.65,12.9,9293769
2013-07-22 00:00:00+05:30,13.05,13.1,12.9,12.9,8105838
2013-07-23 00:00:00+05:30,12.9,13.25,12.9,13.1,8198562
2013-07-24 00:00:00+05:30,13.05,13.25,12.9,12.95,8090919
2013-07-25 00:00:00+05:30,12.95,13.05,12.35,12.5,22853883
2013-07-26 00:00:00+05:30,12.5,12.65,12.45,12.5,7695636
2013-07-29 00:00:00+05:30,12.6,12.6,12.2,12.35,12705453
2013-07-30 00:00:00+05:30,12.35,12.4,11.65,11.9,34933185
2013-07-31 00:00:00+05:30,11.95,11.95,11.35,11.7,13193115
2013-08-01 00:00:00+05:30,11.75,12.2,11.7,11.8,12220761
2013-08-02 00:00:00+05:30,11.85,11.95,11.45,11.55,19668501
2013-08-05 00:00:00+05:30,11.5,11.95,11.45,11.85,17364381
2013-08-06 00:00:00+05:30,11.85,11.85,11.1,11.35,26177877
2013-08-07 00:00:00+05:30,11.25,12.4,11.1,11.95,41142192
2013-08-08 00:00:00+05:30,11.95,12.35,11.8,12.2,15239331
2013-08-12 00:00:00+05:30,12.35,13.15,12.25,13.05,30634536
2013-08-13 00:00:00+05:30,13.2,13.25,12.9,13.05,52507332
2013-08-14 00:00:00+05:30,13.05,13.85,13.05,13.8,26953443
2013-08-16 00:00:00+05:30,13.85,13.85,12.9,13.05,43016157
2013-08-19 00:00:00+05:30,13.05,13.6,12.8,13.2,34095276
2013-08-20 00:00:00+05:30,13.15,13.75,12.95,13.55,34526409
2013-08-21 00:00:00+05:30,13.7,13.8,12.95,13.1,14215695
2013-08-22 00:00:00+05:30,13.1,14.3,13.0,14.1,42133758
2013-08-23 00:00:00+05:30,14.3,14.35,13.65,14.05,25994679
2013-08-26 00:00:00+05:30,14.1,14.45,13.9,14.25,26359449
2013-08-27 00:00:00+05:30,14.1,14.2,13.45,13.55,14694255
2013-08-28 00:00:00+05:30,13.45,14.15,13.2,13.95,45122907
2013-08-29 00:00:00+05:30,14.25,14.5,13.8,14.4,88584282
2013-08-30 00:00:00+05:30,14.55,14.7,14.2,14.3,33332388
2013-09-02 00:00:00+05:30,14.3,14.9,14.3,14.75,29630748
2013-09-03 00:00:00+05:30,14.95,15.0,14.1,14.2,23814780
2013-09-04 00:00:00+05:30,14.25,14.7,14.05,14.6,25967187
2013-09-05 00:00:00+05:30,15.05,15.05,14.4,14.6,15415695
2013-09-06 00:00:00+05:30,14.55,14.75,14.35,14.55,17439165
2013-09-10 00:00:00+05:30,14.75,14.8,14.15,14.4,37302966
2013-09-11 00:00:00+05:30,14.3,15.15,14.15,15.05,32813859
2013-09-12 00:00:00+05:30,15.25,15.25,14.85,14.9,20721957
2013-09-13 00:00:00+05:30,15.0,15.15,14.8,15.05,17107236
2013-09-16 00:00:00+05:30,15.2,15.3,14.8,14.85,11624490
2013-09-17 00:00:00+05:30,14.85,15.1,14.75,14.95,18138474
2013-09-18 00:00:00+05:30,15.1,15.1,14.3,14.7,33165720
2013-09-19 00:00:00+05:30,14.4,14.8,14.3,14.75,24853092
2013-09-20 00:00:00+05:30,14.9,15.05,14.25,14.9,28735470
2013-09-23 00:00:00+05:30,14.8,14.9,14.5,14.7,13260942
2013-09-24 00:00:00+05:30,14.65,14.95,14.55,14.95,19668909
2013-09-25 00:00:00+05:30,15.05,15.15,14.85,15.1,16810950
2013-09-26 00:00:00+05:30,15.05,15.45,15.05,15.3,27308589
2013-09-27 00:00:00+05:30,15.5,15.5,15.05,15.25,11888898
2013-09-30 00:00:00+05:30,15.05,15.05,14.35,14.4,11835327
2013-10-01 00:00:00+05:30,14.45,14.55,14.15,14.35,20924631
2013-10-03 00:00:00+05:30,14.4,15.0,14.35,14.95,25543767
2013-10-04 00:00:00+05:30,14.9,15.05,14.7,14.95,12797673
2013-10-07 00:00:00+05:30,15.0,15.0,14.45,14.8,12090975
2013-10-08 00:00:00+05:30,14.8,14.9,14.65,14.8,16407948
2013-10-09 00:00:00+05:30,14.75,15.45,14.55,15.3,20837685
2013-10-10 00:00:00+05:30,15.45,15.85,15.2,15.75,30848463
2013-10-11 00:00:00+05:30,15.85,15.85,15.6,15.65,12249090
2013-10-14 00:00:00+05:30,15.7,16.0,15.55,15.6,21515985
2013-10-15 00:00:00+05:30,15.6,15.8,15.35,15.6,13540452
2013-10-17 00:00:00+05:30,15.55,15.95,15.55,15.7,21614448
2013-10-18 00:00:00+05:30,15.7,16.0,15.7,15.75,14777553
2013-10-21 00:00:00+05:30,15.75,16.4,15.75,16.3,20306214
2013-10-22 00:00:00+05:30,16.35,16.35,16.0,16.2,21784524
2013-10-23 00:00:00+05:30,16.2,16.7,16.15,16.5,41278116
2013-10-24 00:00:00+05:30,16.55,17.05,16.5,16.9,84572331
2013-10-25 00:00:00+05:30,16.45,16.85,16.1,16.3,44886075
2013-10-28 00:00:00+05:30,16.3,16.5,16.1,16.3,48499716
2013-10-29 00:00:00+05:30,16.2,16.5,16.2,16.35,26190879
2013-10-30 00:00:00+05:30,16.35,16.5,16.2,16.3,5559399
2013-10-31 00:00:00+05:30,16.3,17.0,16.15,16.75,25892541
2013-11-01 00:00:00+05:30,16.75,17.25,16.6,16.95,15485646
2013-11-05 00:00:00+05:30,17.0,17.7,16.95,17.5,40156224
2013-11-06 00:00:00+05:30,17.3,17.65,16.9,17.0,37062438
2013-11-07 00:00:00+05:30,16.9,17.15,16.5,16.6,20031909
2013-11-08 00:00:00+05:30,16.8,16.8,16.35,16.55,10867299
2013-11-11 00:00:00+05:30,16.65,16.65,15.8,15.9,12660195
2013-11-12 00:00:00+05:30,15.9,16.05,15.6,15.75,14663553
2013-11-13 00:00:00+05:30,15.65,16.05,15.6,15.85,5977227
2013-11-14 00:00:00+05:30,15.85,16.55,15.85,15.9,11049369
2013-11-18 00:00:00+05:30,16.0,16.25,15.75,15.85,14996805
2013-11-19 00:00:00+05:30,15.85,16.0,15.6,15.75,10403136
2013-11-20 00:00:00+05:30,15.75,16.2,15.7,15.8,10987797
2013-11-21 00:00:00+05:30,15.8,15.85,15.6,15.65,19193580
2013-11-22 00:00:00+05:30,15.8,15.85,15.35,15.45,28140330
2013-11-25 00:00:00+05:30,15.5,15.85,15.45,15.75,9570906
2013-11-26 00:00:00+05:30,15.75,15.95,15.15,15.2,14365215
2013-11-27 00:00:00+05:30,15.2,15.45,14.8,15.1,18864351
2013-11-28 00:00:00+05:30,15.1,15.2,14.9,15.0,15936765
2013-11-29 00:00:00+05:30,15.1,16.0,15.1,15.95,21819447
2013-12-02 00:00:00+05:30,16.0,16.4,15.95,16.15,9994692
2013-12-03 00:00:00+05:30,16.15,16.7,16.0,16.6,29214408
2013-12-04 00:00:00+05:30,16.55,16.95,16.45,16.9,27282384
2013-12-05 00:00:00+05:30,16.9,17.25,16.8,17.15,19542045
2013-12-06 00:00:00+05:30,17.15,17.35,16.95,17.25,14671314
2013-12-09 00:00:00+05:30,17.35,17.6,17.0,17.3,20891280
2013-12-10 00:00:00+05:30,17.3,17.4,16.7,17.1,22181976
2013-12-11 00:00:00+05:30,17.1,17.1,16.65,16.9,15358068
2013-12-12 00:00:00+05:30,16.8,17.05,16.6,16.8,9711690
2013-12-13 00:00:00+05:30,16.8,16.8,16.4,16.7,10035363
2013-12-16 00:00:00+05:30,16.6,16.7,16.35,16.45,12281028
2013-12-17 00:00:00+05:30,16.5,16.8,16.45,16.75,11762895
2013-12-18 00:00:00+05:30,16.7,16.9,16.5,16.75,8435709
2013-12-19 00:00:00+05:30,16.9,17.15,15.85,16.35,29029434
2013-12-20 00:00:00+05:30,16.05,16.55,15.85,16.5,16215405
2013-12-23 00:00:00+05:30,16.4,16.8,16.35,16.75,7760034
2013-12-24 00:00:00+05:30,16.7,16.8,16.45,16.7,7033500
2013-12-26 00:00:00+05:30,16.7,17.1,16.5,16.75,32630958
2013-12-27 00:00:00+05:30,16.7,17.2,16.7,17.05,19370601
2013-12-30 00:00:00+05:30,17.2,17.35,17.1,17.2,16309617
2013-12-31 00:00:00+05:30,17.35,17.5,17.05,17.1,12562590
2014-01-01 00:00:00+05:30,17.15,17.35,17.1,17.25,5396601
2014-01-02 00:00:00+05:30,17.15,17.45,16.75,16.95,17179098
2014-01-03 00:00:00+05:30,16.9,17.0,16.55,16.7,12877257
2014-01-06 00:00:00+05:30,16.7,16.75,16.35,16.55,10435806
2014-01-07 00:00:00+05:30,16.55,16.8,16.3,16.45,19776960
2014-01-08 00:00:00+05:30,16.7,17.6,16.55,16.75,29421225
2014-01-09 00:00:00+05:30,16.9,17.15,16.65,16.85,19398642
2014-01-10 00:00:00+05:30,16.85,17.1,16.7,16.8,7281156
2014-01-13 00:00:00+05:30,16.8,17.15,16.7,17.1,12908667
2014-01-14 00:00:00+05:30,17.0,17.2,16.65,16.7,12252363
2014-01-15 00:00:00+05:30,17.1,17.35,16.95,17.2,26696319
2014-01-16 00:00:00+05:30,17.25,17.75,17.2,17.45,19096065
2014-01-17 00:00:00+05:30,17.5,17.7,17.35,17.55,24520530
2014-01-20 00:00:00+05:30,17.6,17.6,17.05,17.35,14600607
2014-01-21 00:00:00+05:30,17.35,17.6,17.2,17.45,16246365
2014-01-22 00:00:00+05:30,17.35,17.55,17.35,17.5,12831354
2014-01-23 00:00:00+05:30,17.5,17.7,17.2,17.5,30550389
2014-01-24 00:00:00+05:30,17.35,17.7,17.35,17.55,24232104
2014-01-27 00:00:00+05:30,17.35,17.5,16.9,17.15,28726983
2014-01-28 00:00:00+05:30,17.4,17.4,16.95,17.1,18024240
2014-01-29 00:00:00+05:30,17.15,17.3,16.95,17.25,26838192
2014-01-30 00:00:00+05:30,17.15,17.35,16.85,17.1,40869348
2014-01-31 00:00:00+05:30,17.15,17.55,17.0,17.5,32605188
2014-02-03 00:00:00+05:30,17.45,17.45,16.95,17.15,22575255
2014-02-04 00:00:00+05:30,16.95,17.35,16.55,16.65,28934007
2014-02-05 00:00:00+05:30,16.65,17.0,16.35,16.95,18909636
2014-02-06 00:00:00+05:30,17.0,17.4,16.85,17.3,38642310
2014-02-07 00:00:00+05:30,17.35,17.55,17.3,17.45,28171944
2014-02-10 00:00:00+05:30,17.6,18.0,17.3,17.35,16608945
2014-02-11 00:00:00+05:30,17.5,17.7,17.35,17.5,40029144
2014-02-12 00:00:00+05:30,17.6,17.75,17.35,17.45,17423853
2014-02-13 00:00:00+05:30,17.35,17.65,17.15,17.25,16471722
2014-02-14 00:00:00+05:30,17.35,17.6,17.2,17.55,9068697
2014-02-17 00:00:00+05:30,16.55,16.95,16.55,16.7,9290994
2014-02-18 00:00:00+05:30,16.7,16.8,16.55,16.65,12096441
2014-02-19 00:00:00+05:30,16.55,16.7,16.4,16.55,12561234
2014-02-20 00:00:00+05:30,16.35,16.5,16.25,16.35,8060214
2014-02-21 00:00:00+05:30,16.35,16.65,16.35,16.55,3687210
2014-02-24 00:00:00+05:30,16.5,16.6,16.3,16.3,4588518
2014-02-25 00:00:00+05:30,16.5,16.5,15.7,15.85,17543811
2014-02-26 00:00:00+05:30,15.8,15.85,15.15,15.3,42874614
2014-02-28 00:00:00+05:30,15.3,15.55,15.2,15.35,16979409
2014-03-03 00:00:00+05:30,15.35,15.65,15.15,15.6,10888848
2014-03-04 00:00:00+05:30,15.6,16.05,15.6,16.0,12448707
2014-03-05 00:00:00+05:30,16.05,16.25,15.85,15.85,13914135
2014-03-06 00:00:00+05:30,15.85,16.1,15.8,15.9,11613555
2014-03-07 00:00:00+05:30,15.9,16.2,15.7,15.85,24822537
2014-03-10 00:00:00+05:30,15.85,15.9,15.4,15.5,29836815
2014-03-11 00:00:00+05:30,15.6,15.6,15.0,15.05,26566323
2014-03-12 00:00:00+05:30,15.05,15.45,14.8,15.3,17447835
2014-03-13 00:00:00+05:30,15.4,15.65,15.05,15.15,15637065
2014-03-14 00:00:00+05:30,15.05,15.6,15.05,15.6,12892491
2014-03-18 00:00:00+05:30,15.8,15.85,15.5,15.6,15358680
2014-03-19 00:00:00+05:30,15.65,15.95,15.6,15.8,10736067
2014-03-20 00:00:00+05:30,15.7,16.05,15.7,15.9,14016828
2014-03-21 00:00:00+05:30,16.05,16.05,15.45,15.55,14379561
2014-03-24 00:00:00+05:30,15.85,16.45,15.65,16.2,20555871
2014-03-25 00:00:00+05:30,16.2,16.6,16.15,16.25,16710057
2014-03-26 00:00:00+05:30,16.45,16.55,16.2,16.25,13188474
2014-03-27 00:00:00+05:30,16.2,16.45,16.2,16.35,24305922
2014-03-28 00:00:00+05:30,16.4,16.75,16.3,16.7,12252840
2014-03-31 00:00:00+05:30,16.85,17.1,16.75,16.8,14945421
2014-04-01 00:00:00+05:30,16.95,16.95,16.55,16.65,7987095
2014-04-02 00:00:00+05:30,16.7,16.95,16.7,16.75,8492733
2014-04-03 00:00:00+05:30,16.9,17.35,16.8,16.95,31857135
2014-04-04 00:00:00+05:30,17.3,17.3,16.9,16.95,19972098
2014-04-07 00:00:00+05:30,16.95,17.4,16.95,17.35,18500967
2014-04-09 00:00:00+05:30,17.35,18.0,17.3,17.8,35015211
2014-04-10 00:00:00+05:30,17.9,18.35,17.75,18.1,23225037
2014-04-11 00:00:00+05:30,18.15,18.55,18.05,18.3,37067790
2014-04-15 00:00:00+05:30,18.3,18.35,17.95,18.15,9988188
2014-04-16 00:00:00+05:30,18.0,18.35,17.95,18.05,10900284
2014-04-17 00:00:00+05:30,17.9,18.3,17.9,18.0,14420130
2014-04-21 00:00:00+05:30,18.15,18.35,18.0,18.2,11458560
2014-04-22 00:00:00+05:30,18.2,18.3,18.2,18.25,8619195
2014-04-23 00:00:00+05:30,18.3,18.3,18.0,18.05,18802737
2014-04-25 00:00:00+05:30,18.05,18.45,18.05,18.3,22466184
2014-04-28 00:00:00+05:30,18.3,18.35,18.0,18.15,9700584
2014-04-29 00:00:00+05:30,18.15,18.3,17.9,18.2,17737788
2014-04-30 00:00:00+05:30,18.25,18.35,18.0,18.2,16086489
2014-05-02 00:00:00+05:30,18.2,18.8,18.2,18.35,23708043
2014-05-05 00:00:00+05:30,18.55,18.55,18.05,18.1,18142560
2014-05-06 00:00:00+05:30,18.15,18.3,17.8,18.15,9671808
2014-05-07 00:00:00+05:30,18.1,18.3,18.0,18.2,10410900
2014-05-08 00:00:00+05:30,18.2,18.3,18.05,18.1,12675405
2014-05-09 00:00:00+05:30,18.0,18.3,17.9,18.15,12651381
2014-05-12 00:00:00+05:30,18.05,18.45,18.05,18.3,30789987
2014-05-13 00:00:00+05:30,18.4,18.9,18.3,18.3,26651364
2014-05-14 00:00:00+05:30,18.7,19.35,18.3,19.25,32363580
2014-05-15 00:00:00+05:30,19.35,19.5,18.55,18.75,28508400
2014-05-16 00:00:00+05:30,19.15,19.85,18.9,19.65,42255093
2014-05-19 00:00:00+05:30,19.55,20.8,19.25,20.45,59084484
2014-05-20 00:00:00+05:30,20.7,22.25,20.6,21.6,66489966
2014-05-21 00:00:00+05:30,21.5,23.0,20.95,21.5,69115425
2014-05-22 00:00:00+05:30,21.7,22.4,21.55,21.8,43078545
2014-05-23 00:00:00+05:30,21.4,22.2,21.15,21.55,38004711
2014-05-26 00:00:00+05:30,22.0,22.55,20.4,21.5,45991299
2014-05-27 00:00:00+05:30,21.3,21.55,20.5,21.25,10713231
2014-05-28 00:00:00+05:30,21.3,21.9,21.05,21.35,34036128
2014-05-29 00:00:00+05:30,21.5,21.55,20.65,20.8,16509258
2014-05-30 00:00:00+05:30,20.9,21.35,20.4,20.6,19246914
2014-06-02 00:00:00+05:30,20.95,21.95,20.65,21.35,42689943
2014-06-03 00:00:00+05:30,21.5,22.15,21.0,21.9,39837324
2014-06-04 00:00:00+05:30,22.3,23.35,22.2,23.1,85043754
2014-06-05 00:00:00+05:30,23.4,23.55,22.65,23.45,54387225
2014-06-06 00:00:00+05:30,23.7,23.75,23.05,23.15,30416397
2014-06-09 00:00:00+05:30,23.4,23.55,22.9,23.2,26444700
2014-06-10 00:00:00+05:30,23.4,23.4,22.65,23.05,34272714
2014-06-11 00:00:00+05:30,23.05,23.15,21.9,22.1,28089783
2014-06-12 00:00:00+05:30,22.05,22.65,21.6,22.4,14560368
2014-06-13 00:00:00+05:30,22.55,22.55,21.25,21.35,13887057
2014-06-16 00:00:00+05:30,21.25,21.85,20.75,21.7,15181362
2014-06-17 00:00:00+05:30,21.85,21.95,21.2,21.75,18025905
2014-06-18 00:00:00+05:30,21.65,22.05,21.05,21.2,18292905
2014-06-19 00:00:00+05:30,21.15,21.5,20.85,21.5,19014690
2014-06-20 00:00:00+05:30,21.5,21.6,20.95,21.05,11916519
2014-06-23 00:00:00+05:30,21.05,21.45,21.05,21.2,10398255
2014-06-24 00:00:00+05:30,21.2,22.1,21.2,21.9,19798419
2014-06-25 00:00:00+05:30,22.05,22.15,21.85,21.95,11079453
2014-06-26 00:00:00+05:30,22.05,22.4,21.85,21.9,19463616
2014-06-27 00:00:00+05:30,22.05,22.2,21.5,21.7,10096296
2014-06-30 00:00:00+05:30,21.6,22.3,21.6,22.1,9200898
2014-07-01 00:00:00+05:30,22.1,22.5,22.0,22.2,19483134
2014-07-02 00:00:00+05:30,22.4,22.75,22.35,22.4,16180803
2014-07-03 00:00:00+05:30,22.45,22.65,22.25,22.45,18208953
2014-07-04 00:00:00+05:30,22.55,22.65,22.1,22.3,10688430
2014-07-07 00:00:00+05:30,22.4,22.55,21.95,22.1,11463897
2014-07-08 00:00:00+05:30,22.4,22.45,20.75,21.1,28607322
2014-07-09 00:00:00+05:30,21.1,21.4,20.6,21.0,21586317
2014-07-10 00:00:00+05:30,21.05,21.55,20.15,21.0,35312934
2014-07-11 00:00:00+05:30,20.85,20.85,19.2,19.5,29608356
2014-07-14 00:00:00+05:30,19.55,19.95,19.3,19.7,20692041
2014-07-15 00:00:00+05:30,19.8,20.4,19.7,20.35,34335453
2014-07-16 00:00:00+05:30,20.4,20.8,20.05,20.55,26071890
2014-07-17 00:00:00+05:30,20.6,21.0,20.6,20.85,13279365
2014-07-18 00:00:00+05:30,20.85,21.3,20.3,21.15,26380803
2014-07-21 00:00:00+05:30,21.15,21.5,20.95,21.3,10377915
2014-07-22 00:00:00+05:30,21.55,21.6,20.95,21.2,11932392
2014-07-23 00:00:00+05:30,21.3,21.35,21.05,21.25,7539342
2014-07-24 00:00:00+05:30,21.25,21.8,21.2,21.6,23177940
2014-07-25 00:00:00+05:30,21.55,21.8,21.3,21.4,10101528
2014-07-28 00:00:00+05:30,21.5,21.5,20.8,20.95,6850872
2014-07-30 00:00:00+05:30,20.95,21.1,20.45,20.85,17272182
2014-07-31 00:00:00+05:30,20.75,20.95,20.45,20.6,19670853
2014-08-01 00:00:00+05:30,20.45,20.85,20.25,20.55,26406540
2014-08-04 00:00:00+05:30,20.6,21.35,20.6,21.3,13192926
2014-08-05 00:00:00+05:30,21.4,21.5,20.95,21.15,15922569
2014-08-06 00:00:00+05:30,21.3,21.3,20.9,20.95,9987351
2014-08-07 00:00:00+05:30,20.85,21.15,20.85,21.05,7747671
2014-08-08 00:00:00+05:30,20.9,20.95,20.6,20.75,11728146
2014-08-11 00:00:00+05:30,20.85,20.95,20.65,20.85,7686294
2014-08-12 00:00:00+05:30,21.0,21.2,20.85,21.05,8314446
2014-08-13 00:00:00+05:30,21.25,21.7,20.95,21.1,23395503
2014-08-14 00:00:00+05:30,21.2,21.3,21.05,21.15,9649962
2014-08-18 00:00:00+05:30,21.15,21.5,21.05,21.3,10515888
2014-08-19 00:00:00+05:30,21.55,21.6,21.35,21.5,7167732
2014-08-20 00:00:00+05:30,21.5,21.6,21.3,21.4,12091026
2014-08-21 00:00:00+05:30,21.2,21.35,20.6,21.2,8788821
2014-08-22 00:00:00+05:30,21.1,21.3,21.05,21.1,5370225
2014-08-25 00:00:00+05:30,21.3,21.3,20.7,20.8,8476899
2014-08-26 00:00:00+05:30,20.8,20.85,20.35,20.7,10013820
2014-08-27 00:00:00+05:30,20.7,20.8,20.35,20.4,6602874
2014-08-28 00:00:00+05:30,20.45,20.9,20.25,20.5,17171343
2014-09-01 00:00:00+05:30,20.45,21.1,20.45,20.7,14401251
2014-09-02 00:00:00+05:30,20.85,21.25,20.8,21.15,12961278
2014-09-03 00:00:00+05:30,21.2,21.75,21.1,21.65,27327690
2014-09-04 00:00:00+05:30,21.85,22.05,21.2,21.4,18715962
2014-09-05 00:00:00+05:30,21.45,22.55,21.45,22.55,53954637
2014-09-08 00:00:00+05:30,22.7,22.8,22.2,22.3,15402102
2014-09-09 00:00:00+05:30,22.4,22.4,21.95,22.0,16765386
2014-09-10 00:00:00+05:30,22.05,22.3,21.85,21.9,19519521
2014-09-11 00:00:00+05:30,21.9,22.1,21.4,21.45,11350542
2014-09-12 00:00:00+05:30,21.35,21.55,21.2,21.45,9280431
2014-09-15 00:00:00+05:30,21.2,21.7,21.1,21.25,7866519
2014-09-16 00:00:00+05:30,21.1,22.05,20.75,21.05,17398245
2014-09-17 00:00:00+05:30,20.95,21.65,20.95,21.25,21675108
2014-09-18 00:00:00+05:30,21.25,21.5,21.05,21.3,8526351
2014-09-19 00:00:00+05:30,21.3,21.4,20.8,21.1,9147183
2014-09-22 00:00:00+05:30,21.05,21.1,20.65,20.95,14592312
2014-09-23 00:00:00+05:30,20.95,21.05,20.4,20.5,18750618
2014-09-24 00:00:00+05:30,20.4,20.6,20.15,20.4,17328615
2014-09-25 00:00:00+05:30,20.4,20.7,18.95,19.3,56396256
2014-09-26 00:00:00+05:30,19.35,20.4,19.25,20.2,17648421
2014-09-29 00:00:00+05:30,20.1,20.2,19.7,20.0,13020612
2014-09-30 00:00:00+05:30,19.95,20.35,19.85,20.0,22794051
2014-10-01 00:00:00+05:30,20.25,20.3,19.75,20.2,20876508
2014-10-07 00:00:00+05:30,20.1,20.3,19.05,19.4,18237114
2014-10-08 00:00:00+05:30,19.1,19.7,19.0,19.6,14368362
2014-10-09 00:00:00+05:30,19.45,19.8,19.35,19.45,10034337
2014-10-10 00:00:00+05:30,19.45,19.45,18.3,18.35,17463210
2014-10-13 00:00:00+05:30,18.35,18.9,18.1,18.85,8596275
2014-10-14 00:00:00+05:30,18.9,18.9,18.1,18.6,23167875
2014-10-16 00:00:00+05:30,18.5,19.35,18.35,19.05,34593885
2014-10-17 00:00:00+05:30,19.15,19.45,18.85,19.35,27680805
2014-10-20 00:00:00+05:30,19.65,19.75,19.2,19.35,19695978
2014-10-21 00:00:00+05:30,19.35,19.85,19.35,19.7,12974244
2014-10-22 00:00:00+05:30,19.85,19.9,19.45,19.5,7497801
2014-10-23 00:00:00+05:30,19.7,19.7,19.5,19.65,1241520
2014-10-27 00:00:00+05:30,19.7,19.85,19.45,19.8,13294629
2014-10-28 00:00:00+05:30,19.85,20.15,19.7,19.95,7254162
2014-10-29 00:00:00+05:30,20.0,20.2,19.8,20.0,9424797
2014-10-30 00:00:00+05:30,20.0,20.5,19.95,20.4,40802592
2014-10-31 00:00:00+05:30,20.55,21.05,20.45,20.7,16828356
2014-11-03 00:00:00+05:30,20.85,21.0,20.0,20.1,37977576
2014-11-05 00:00:00+05:30,20.1,20.25,19.2,19.3,34257303
2014-11-07 00:00:00+05:30,18.95,19.3,18.8,19.05,25581087
2014-11-10 00:00:00+05:30,19.3,19.45,18.85,19.3,19751295
2014-11-11 00:00:00+05:30,19.35,19.35,18.85,18.95,25149405
2014-11-12 00:00:00+05:30,18.95,19.0,18.6,18.9,27390324
2014-11-13 00:00:00+05:30,18.7,18.8,18.25,18.3,20700408
2014-11-14 00:00:00+05:30,18.3,18.9,18.3,18.7,20460834
2014-11-17 00:00:00+05:30,18.6,18.75,18.3,18.35,12641259
2014-11-18 00:00:00+05:30,18.35,18.6,18.3,18.3,19125030
2014-11-19 00:00:00+05:30,18.35,18.5,18.0,18.05,13584099
2014-11-20 00:00:00+05:30,17.95,18.2,17.35,17.45,21807669
2014-11-21 00:00:00+05:30,17.45,17.75,17.35,17.65,10648947
2014-11-24 00:00:00+05:30,17.75,18.15,17.5,17.6,17338419
2014-11-25 00:00:00+05:30,17.6,17.6,16.95,16.95,24636210
2014-11-26 00:00:00+05:30,16.95,17.1,16.8,16.95,18110010
2014-11-27 00:00:00+05:30,17.0,17.1,16.85,16.95,21078402
2014-11-28 00:00:00+05:30,17.0,17.2,16.85,16.9,19683342
2014-12-01 00:00:00+05:30,16.85,16.95,16.05,16.2,23981442
2014-12-02 00:00:00+05:30,16.3,16.7,16.25,16.6,26545779
2014-12-03 00:00:00+05:30,16.7,16.95,16.6,16.7,29000448
2014-12-04 00:00:00+05:30,16.75,16.95,16.6,16.9,17316033
2014-12-05 00:00:00+05:30,16.95,17.0,16.8,16.9,18403275
2014-12-08 00:00:00+05:30,16.9,17.05,16.75,16.9,13774728
2014-12-09 00:00:00+05:30,16.75,16.95,16.65,16.9,20864625
2014-12-10 00:00:00+05:30,16.8,16.95,16.45,16.5,23340912
2014-12-11 00:00:00+05:30,16.4,16.7,16.15,16.65,12315888
2014-12-12 00:00:00+05:30,16.7,16.95,16.7,16.8,21437130
2014-12-15 00:00:00+05:30,16.65,16.7,16.5,16.6,15343752
2014-12-16 00:00:00+05:30,16.45,16.6,15.9,16.2,16570626
2014-12-17 00:00:00+05:30,16.05,16.8,16.05,16.6,21271848
2014-12-18 00:00:00+05:30,16.7,16.9,16.45,16.8,20143086
2014-12-19 00:00:00+05:30,16.9,17.25,16.8,16.95,30749985
2014-12-22 00:00:00+05:30,17.0,17.7,17.0,17.55,26786025
2014-12-23 00:00:00+05:30,17.7,17.85,17.45,17.5,11603475
2014-12-24 00:00:00+05:30,17.7,17.7,17.35,17.45,21414183
2014-12-26 00:00:00+05:30,17.5,17.6,17.15,17.4,6700635
2014-12-29 00:00:00+05:30,17.6,17.65,17.15,17.35,10536906
2014-12-30 00:00:00+05:30,17.35,17.6,17.25,17.55,11195583
2014-12-31 00:00:00+05:30,17.55,17.6,17.4,17.5,8662935
2015-01-01 00:00:00+05:30,17.5,18.0,17.4,17.95,8194425
2015-01-02 00:00:00+05:30,18.0,18.0,17.65,17.75,6572415
2015-01-05 00:00:00+05:30,17.8,18.0,17.5,17.65,8476491
2015-01-06 00:00:00+05:30,17.6,17.6,16.8,16.9,15869157
2015-01-07 00:00:00+05:30,16.95,16.95,16.35,16.4,15504402
2015-01-08 00:00:00+05:30,16.6,16.7,16.45,16.65,22058583
2015-01-09 00:00:00+05:30,16.7,16.8,16.2,16.35,17488911
2015-01-12 00:00:00+05:30,16.55,16.55,16.1,16.1,12841968
2015-01-13 00:00:00+05:30,16.15,16.5,16.0,16.3,18092697
2015-01-14 00:00:00+05:30,16.35,16.4,15.9,15.95,13968129
2015-01-15 00:00:00+05:30,16.05,16.3,15.95,16.1,16815882
2015-01-16 00:00:00+05:30,16.05,16.45,15.95,16.35,21703185
2015-01-19 00:00:00+05:30,16.4,16.65,16.3,16.55,8157177
2015-01-20 00:00:00+05:30,16.65,17.0,16.6,16.95,19996758
2015-01-21 00:00:00+05:30,17.05,17.1,16.6,16.7,18027147
2015-01-22 00:00:00+05:30,16.55,16.7,16.4,16.55,21598266
2015-01-23 00:00:00+05:30,16.7,16.9,16.3,16.8,14192127
2015-01-27 00:00:00+05:30,16.85,17.2,16.6,17.0,19778646
2015-01-28 00:00:00+05:30,17.0,17.05,16.7,17.0,17865144
2015-01-29 00:00:00+05:30,16.95,17.1,16.8,16.95,29986071
2015-01-30 00:00:00+05:30,16.9,17.4,16.85,17.05,27208404
2015-02-02 00:00:00+05:30,16.9,17.25,16.85,17.05,10634787
2015-02-03 00:00:00+05:30,17.15,17.3,16.95,17.05,9192546
2015-02-04 00:00:00+05:30,17.0,17.25,16.85,16.9,16144377
2015-02-05 00:00:00+05:30,16.9,16.95,16.6,16.7,19396140
2015-02-06 00:00:00+05:30,16.7,17.05,16.35,17.0,32951133
2015-02-09 00:00:00+05:30,17.0,17.0,16.7,16.95,15515970
2015-02-10 00:00:00+05:30,16.85,17.0,16.8,16.9,15031749
2015-02-11 00:00:00+05:30,16.9,17.0,16.7,16.8,7823328
2015-02-12 00:00:00+05:30,16.9,16.95,16.75,16.95,10086237
2015-02-13 00:00:00+05:30,16.9,17.25,16.7,17.2,13839546
2015-02-16 00:00:00+05:30,17.2,17.7,17.1,17.6,19671459
2015-02-18 00:00:00+05:30,17.4,17.4,16.8,16.85,17574618
2015-02-19 00:00:00+05:30,16.9,17.35,16.7,17.05,13069638
2015-02-20 00:00:00+05:30,17.15,17.35,16.95,17.2,10741665
2015-02-23 00:00:00+05:30,17.2,17.25,16.5,16.65,12053700
2015-02-24 00:00:00+05:30,16.7,16.7,16.45,16.65,6421110
2015-02-25 00:00:00+05:30,16.7,16.75,16.35,16.4,7036851
2015-02-26 00:00:00+05:30,16.55,16.7,16.35,16.6,9035274
2015-02-27 00:00:00+05:30,16.6,17.4,16.6,17.25,19449996
2015-03-02 00:00:00+05:30,16.95,16.95,16.65,16.7,10477704
2015-03-03 00:00:00+05:30,16.75,16.8,16.45,16.7,12731793
2015-03-04 00:00:00+05:30,16.85,16.85,15.85,15.95,21100227
2015-03-05 00:00:00+05:30,16.0,16.05,15.3,15.35,30286056
2015-03-09 00:00:00+05:30,15.35,15.6,14.95,15.4,26629470
2015-03-10 00:00:00+05:30,15.4,15.7,15.3,15.6,21268440
2015-03-11 00:00:00+05:30,15.6,15.7,15.35,15.55,16181532
2015-03-12 00:00:00+05:30,15.5,15.85,15.5,15.85,8785272
2015-03-13 00:00:00+05:30,15.85,16.0,15.65,15.8,19632243
2015-03-16 00:00:00+05:30,15.75,15.75,15.2,15.5,17011461
2015-03-17 00:00:00+05:30,15.5,15.7,15.35,15.6,14709666
2015-03-18 00:00:00+05:30,15.6,15.9,15.6,15.9,20289882
2015-03-19 00:00:00+05:30,15.9,16.2,15.85,16.0,16369563
2015-03-20 00:00:00+05:30,16.0,16.0,15.6,15.85,17652075
2015-03-23 00:00:00+05:30,15.8,15.85,15.15,15.45,17024652
2015-03-24 00:00:00+05:30,15.45,15.45,15.2,15.35,15237183
2015-03-25 00:00:00+05:30,15.35,15.4,14.85,15.0,21594444
2015-03-26 00:00:00+05:30,14.95,15.2,14.8,15.1,22367889
2015-03-27 00:00:00+05:30,15.1,15.3,14.85,15.1,12947568
2015-03-30 00:00:00+05:30,15.1,15.85,15.05,15.6,14731356
2015-03-31 00:00:00+05:30,16.0,16.0,15.2,15.55,22757679
2015-04-01 00:00:00+05:30,15.35,15.65,15.25,15.55,8342697
2015-04-06 00:00:00+05:30,15.5,15.6,15.3,15.45,18797730
2015-04-07 00:00:00+05:30,15.5,15.85,15.25,15.65,11744904
2015-04-08 00:00:00+05:30,15.65,15.8,15.35,15.7,11139096
2015-04-09 00:00:00+05:30,15.7,15.95,15.6,15.9,12059907
2015-04-10 00:00:00+05:30,15.85,16.35,15.7,16.3,15634284
2015-04-13 00:00:00+05:30,16.65,16.8,16.2,16.25,15842886
2015-04-15 00:00:00+05:30,16.3,16.55,16.15,16.3,12208146
2015-04-16 00:00:00+05:30,16.3,16.35,16.0,16.25,11340759
2015-04-17 00:00:00+05:30,16.3,16.4,16.0,16.1,8667732
2015-04-20 00:00:00+05:30,15.6,15.65,15.2,15.25,21827946
2015-04-21 00:00:00+05:30,15.25,15.5,15.2,15.35,6930639
2015-04-22 00:00:00+05:30,15.2,15.45,15.1,15.3,7207221
2015-04-23 00:00:00+05:30,15.45,15.45,14.95,15.05,10222821
2015-04-24 00:00:00+05:30,15.1,15.6,15.05,15.55,25331040
2015-04-27 00:00:00+05:30,15.55,15.6,15.2,15.3,11301429
2015-04-28 00:00:00+05:30,15.3,15.6,15.2,15.5,6205644
2015-04-29 00:00:00+05:30,15.45,15.5,15.25,15.4,7408743
2015-04-30 00:00:00+05:30,15.3,15.7,15.1,15.45,16500591
2015-05-04 00:00:00+05:30,15.6,15.8,15.5,15.65,8217345
2015-05-05 00:00:00+05:30,15.6,16.5,15.55,16.3,21363969
2015-05-06 00:00:00+05:30,16.35,16.4,15.6,15.75,11022468
2015-05-07 00:00:00+05:30,15.75,15.75,15.3,15.4,8847303
2015-05-08 00:00:00+05:30,15.55,15.85,15.4,15.8,12363441
2015-05-11 00:00:00+05:30,16.1,16.1,15.65,15.85,13128024
2015-05-12 00:00:00+05:30,15.85,16.0,15.35,15.65,21426405
2015-05-13 00:00:00+05:30,15.7,16.0,15.5,15.85,19745676
2015-05-14 00:00:00+05:30,15.85,16.05,15.65,16.0,13716693
2015-05-15 00:00:00+05:30,16.05,16.2,15.7,15.85,9938589
2015-05-18 00:00:00+05:30,15.85,16.15,15.85,16.1,13132365
2015-05-19 00:00:00+05:30,16.05,16.15,15.8,15.95,10467816
2015-05-20 00:00:00+05:30,16.0,16.05,15.8,15.9,7899792
2015-05-21 00:00:00+05:30,15.9,16.0,15.65,15.75,16092306
2015-05-22 00:00:00+05:30,15.7,15.8,15.6,15.6,16365888
2015-05-25 00:00:00+05:30,15.6,15.75,15.55,15.7,7171236
2015-05-26 00:00:00+05:30,15.75,15.75,15.55,15.6,6572703
2015-05-27 00:00:00+05:30,15.6,15.95,15.6,15.95,18495594
2015-05-28 00:00:00+05:30,15.95,16.1,15.65,15.85,18022413
2015-05-29 00:00:00+05:30,15.6,15.65,15.15,15.6,15036954
2015-06-01 00:00:00+05:30,15.55,15.6,15.45,15.55,3541047
2015-06-02 00:00:00+05:30,15.45,15.6,15.15,15.25,9114627
2015-06-03 00:00:00+05:30,15.2,15.25,14.6,14.8,8248215
2015-06-04 00:00:00+05:30,14.75,14.8,13.85,14.15,15539796
2015-06-05 00:00:00+05:30,14.1,14.6,13.95,14.4,11880942
2015-06-08 00:00:00+05:30,14.6,14.75,14.2,14.6,14074761
2015-06-09 00:00:00+05:30,14.6,14.8,14.35,14.65,10725600
2015-06-10 00:00:00+05:30,14.65,14.75,14.4,14.45,8533395
2015-06-11 00:00:00+05:30,14.55,14.65,14.15,14.25,7590591
2015-06-12 00:00:00+05:30,14.1,14.25,13.75,13.85,10031997
2015-06-15 00:00:00+05:30,13.85,14.0,13.55,13.95,7991436
2015-06-16 00:00:00+05:30,13.95,14.35,13.8,14.3,7310601
2015-06-17 00:00:00+05:30,14.3,14.35,14.05,14.2,16156140
2015-06-18 00:00:00+05:30,14.2,14.3,13.95,14.2,13450902
2015-06-19 00:00:00+05:30,14.3,14.55,14.1,14.35,11557053
2015-06-22 00:00:00+05:30,14.35,14.4,14.25,14.35,14503887
2015-06-23 00:00:00+05:30,14.4,14.5,14.25,14.3,14953065
2015-06-24 00:00:00+05:30,14.35,14.5,14.1,14.2,16770639
2015-06-25 00:00:00+05:30,14.2,14.3,14.0,14.2,22102239
2015-06-26 00:00:00+05:30,14.2,14.3,14.0,14.25,13955436
2015-06-29 00:00:00+05:30,14.15,14.25,13.75,14.15,9703113
2015-06-30 00:00:00+05:30,14.15,14.35,14.1,14.3,9363672
2015-07-01 00:00:00+05:30,14.3,14.3,14.15,14.25,7536723
2015-07-02 00:00:00+05:30,14.25,14.35,14.1,14.2,9782037
2015-07-03 00:00:00+05:30,14.15,14.3,14.05,14.2,17220717
2015-07-06 00:00:00+05:30,14.0,14.0,13.7,13.9,14969790
2015-07-07 00:00:00+05:30,13.9,14.0,13.85,13.9,5858619
2015-07-08 00:00:00+05:30,13.8,13.8,13.4,13.55,19272024
2015-07-09 00:00:00+05:30,13.55,13.8,13.45,13.7,7788579
2015-07-10 00:00:00+05:30,13.75,13.9,13.5,13.7,11254011
2015-07-13 00:00:00+05:30,13.65,13.9,13.55,13.8,5519628
2015-07-14 00:00:00+05:30,13.9,14.0,13.75,13.8,4207734
2015-07-15 00:00:00+05:30,13.8,13.95,13.75,13.8,3190437
2015-07-16 00:00:00+05:30,13.95,13.95,13.55,13.6,6056754
2015-07-17 00:00:00+05:30,13.6,13.75,13.6,13.65,3467313
2015-07-20 00:00:00+05:30,13.7,13.8,13.55,13.65,4483794
2015-07-21 00:00:00+05:30,13.7,13.8,13.55,13.65,5552754
2015-07-22 00:00:00+05:30,13.6,13.9,13.55,13.75,7462443
2015-07-23 00:00:00+05:30,13.8,13.85,13.65,13.75,5879025
2015-07-24 00:00:00+05:30,13.65,13.75,13.55,13.6,4153725
2015-07-27 00:00:00+05:30,13.55,13.55,13.2,13.25,8147463
2015-07-28 00:00:00+05:30,13.2,13.2,12.6,12.65,16664097
2015-07-29 00:00:00+05:30,12.65,12.7,12.4,12.55,14662197
2015-07-30 00:00:00+05:30,12.55,12.7,12.05,12.25,28130223
2015-07-31 00:00:00+05:30,12.25,12.3,12.05,12.2,37497198
2015-08-03 00:00:00+05:30,12.25,12.35,12.05,12.1,11706399
2015-08-04 00:00:00+05:30,12.1,12.25,12.0,12.15,15095892
2015-08-05 00:00:00+05:30,12.25,12.45,12.1,12.15,17359035
2015-08-06 00:00:00+05:30,12.15,12.45,12.1,12.3,14894133
2015-08-07 00:00:00+05:30,12.35,12.55,12.25,12.5,17546313
2015-08-10 00:00:00+05:30,12.55,12.6,12.45,12.5,15145371
2015-08-11 00:00:00+05:30,12.5,12.55,12.15,12.35,14950647
2015-08-12 00:00:00+05:30,12.0,12.15,11.75,11.95,28559817
2015-08-13 00:00:00+05:30,11.95,11.95,11.45,11.6,27263880
2015-08-14 00:00:00+05:30,11.6,11.75,11.25,11.6,13399857
2015-08-17 00:00:00+05:30,11.6,11.9,11.3,11.85,10677261
2015-08-18 00:00:00+05:30,11.9,11.9,11.35,11.4,13437219
2015-08-19 00:00:00+05:30,11.4,11.55,11.2,11.5,12222663
2015-08-20 00:00:00+05:30,11.35,11.4,11.15,11.25,18673878
2015-08-21 00:00:00+05:30,11.15,11.35,11.0,11.15,14313216
2015-08-24 00:00:00+05:30,10.8,11.35,10.7,11.2,27225297
2015-08-25 00:00:00+05:30,11.35,11.4,10.75,11.15,20553960
2015-08-26 00:00:00+05:30,11.2,11.3,10.9,11.05,15595377
2015-08-27 00:00:00+05:30,11.2,11.95,10.8,11.55,35630340
2015-08-28 00:00:00+05:30,11.8,12.1,11.5,11.95,15060378
2015-08-31 00:00:00+05:30,11.95,12.55,11.65,12.05,26963910
2015-09-01 00:00:00+05:30,11.95,12.0,11.8,11.95,12788331
2015-09-02 00:00:00+05:30,11.95,12.1,11.7,11.95,13479861
2015-09-03 00:00:00+05:30,11.95,12.45,11.95,12.3,7279968
2015-09-04 00:00:00+05:30,12.3,12.3,11.55,11.75,13762743
2015-09-07 00:00:00+05:30,11.7,11.7,11.2,11.25,12080376
2015-09-08 00:00:00+05:30,11.35,11.75,11.25,11.45,9597372
2015-09-09 00:00:00+05:30,11.7,12.6,11.6,12.5,24913248
2015-09-10 00:00:00+05:30,12.1,12.25,11.85,12.1,14230521
2015-09-11 00:00:00+05:30,12.1,12.4,11.95,11.95,10488390
2015-09-14 00:00:00+05:30,12.0,12.45,11.95,12.35,6680229
2015-09-15 00:00:00+05:30,12.3,12.35,12.1,12.2,5755314
2015-09-16 00:00:00+05:30,12.3,12.45,11.95,12.0,9835560
2015-09-18 00:00:00+05:30,12.1,12.65,12.05,12.35,22205997
2015-09-21 00:00:00+05:30,12.2,12.6,12.05,12.45,10246836
2015-09-22 00:00:00+05:30,12.5,12.6,12.1,12.25,7201560
2015-09-23 00:00:00+05:30,12.05,12.1,11.7,11.75,23966424
2015-09-24 00:00:00+05:30,11.7,11.75,11.3,11.35,63930702
2015-09-28 00:00:00+05:30,11.4,11.45,11.2,11.2,11511675
2015-09-29 00:00:00+05:30,11.0,11.15,10.6,10.9,12583971
2015-09-30 00:00:00+05:30,11.0,11.25,11.0,11.15,7172781
2015-10-01 00:00:00+05:30,11.3,11.3,11.15,11.25,5231556
2015-10-05 00:00:00+05:30,11.25,11.45,11.1,11.4,8513799
2015-10-06 00:00:00+05:30,11.45,11.5,11.25,11.35,9973626
2015-10-07 00:00:00+05:30,11.4,11.6,11.25,11.45,21727536
2015-10-08 00:00:00+05:30,11.55,11.55,11.35,11.45,17138625
2015-10-09 00:00:00+05:30,11.5,11.6,11.45,11.5,10490349
2015-10-12 00:00:00+05:30,11.55,12.05,11.55,11.85,22902594
2015-10-13 00:00:00+05:30,11.85,12.05,11.8,11.85,14891892
2015-10-14 00:00:00+05:30,11.85,12.05,11.7,11.8,7290498
2015-10-15 00:00:00+05:30,11.85,12.05,11.85,12.0,13929315
2015-10-16 00:00:00+05:30,12.0,12.7,11.95,12.6,20588934
2015-10-19 00:00:00+05:30,12.6,12.65,12.35,12.45,8417187
2015-10-20 00:00:00+05:30,12.35,12.45,12.05,12.15,7250046
2015-10-21 00:00:00+05:30,12.15,12.3,12.0,12.1,5214108
2015-10-23 00:00:00+05:30,12.25,12.3,11.95,12.0,5680437
2015-10-26 00:00:00+05:30,11.95,12.1,11.6,11.65,8816895
2015-10-27 00:00:00+05:30,11.6,11.85,11.55,11.75,9401568
2015-10-28 00:00:00+05:30,11.85,12.1,11.65,12.0,10151175
2015-10-29 00:00:00+05:30,11.95,12.3,11.95,12.15,14368602
2015-10-30 00:00:00+05:30,12.15,12.25,11.95,11.95,5992449
2015-11-02 00:00:00+05:30,12.05,12.05,11.4,11.5,11771232
2015-11-03 00:00:00+05:30,11.55,11.6,11.35,11.35,9693231
2015-11-04 00:00:00+05:30,11.45,11.55,11.35,11.35,8170065
2015-11-05 00:00:00+05:30,11.35,11.5,11.2,11.25,6480759
2015-11-06 00:00:00+05:30,11.2,11.35,11.0,11.1,8421705
2015-11-09 00:00:00+05:30,10.9,11.2,10.85,11.15,7471257
2015-11-10 00:00:00+05:30,11.1,11.1,10.75,10.85,138107805
2015-11-11 00:00:00+05:30,10.95,11.1,10.85,11.0,1539819
2015-11-13 00:00:00+05:30,10.85,11.1,10.8,10.9,10402422
2015-11-16 00:00:00+05:30,10.95,11.05,10.8,10.9,6565035
2015-11-17 00:00:00+05:30,10.95,11.25,10.95,11.2,6033288
2015-11-18 00:00:00+05:30,11.25,11.25,10.9,10.95,4984860
2015-11-19 00:00:00+05:30,11.0,11.05,10.85,11.0,4455636
2015-11-20 00:00:00+05:30,11.0,11.1,10.9,10.95,6673809
2015-11-23 00:00:00+05:30,11.05,11.15,10.95,11.05,5083389
2015-11-24 00:00:00+05:30,11.05,11.15,10.9,10.95,9529491
2015-11-26 00:00:00+05:30,11.05,11.1,10.8,10.9,15144438
2015-11-27 00:00:00+05:30,11.0,11.2,10.95,11.1,5237046
2015-11-30 00:00:00+05:30,11.15,11.4,11.1,11.35,9064347
2015-12-01 00:00:00+05:30,11.35,11.55,11.35,11.4,5715726
2015-12-02 00:00:00+05:30,11.5,11.55,11.25,11.3,7993038
2015-12-03 00:00:00+05:30,11.25,11.4,11.0,11.05,7054803
2015-12-04 00:00:00+05:30,11.0,11.1,10.9,10.95,4620561
2015-12-07 00:00:00+05:30,11.1,11.1,10.7,10.75,11559474
2015-12-08 00:00:00+05:30,10.7,10.75,10.45,10.5,9653994
2015-12-09 00:00:00+05:30,10.45,10.5,10.3,10.35,5547393
2015-12-10 00:00:00+05:30,10.35,10.55,10.3,10.55,7119363
2015-12-11 00:00:00+05:30,10.65,10.65,10.4,10.45,6573822
2015-12-14 00:00:00+05:30,10.45,10.55,10.3,10.45,5273862
2015-12-15 00:00:00+05:30,10.45,10.7,10.4,10.6,3960708
2015-12-16 00:00:00+05:30,10.6,10.7,10.5,10.55,5527461
2015-12-17 00:00:00+05:30,10.7,11.15,10.6,11.05,11999367
2015-12-18 00:00:00+05:30,10.95,10.95,10.7,10.75,7851045
2015-12-21 00:00:00+05:30,10.95,10.95,10.75,10.9,2953986
2015-12-22 00:00:00+05:30,11.0,11.0,10.5,10.55,9027738
2015-12-23 00:00:00+05:30,10.6,10.8,10.6,10.7,6396954
2015-12-24 00:00:00+05:30,10.75,10.9,10.75,10.85,5799651
2015-12-28 00:00:00+05:30,10.9,10.95,10.8,10.9,6690582
2015-12-29 00:00:00+05:30,10.9,11.05,10.8,10.85,13094337
2015-12-30 00:00:00+05:30,10.9,11.0,10.65,10.75,10622457
2015-12-31 00:00:00+05:30,10.8,10.8,10.65,10.7,9565125
2015-12-31 09:15:00+05:30,10.8,10.8,10.65,10.7,9565125
2016-01-01 09:15:00+05:30,10.7,11.0,10.7,10.9,3777963
2016-01-04 09:15:00+05:30,10.9,10.9,10.65,10.7,4478724
2016-01-05 09:15:00+05:30,10.8,11.25,10.7,11.15,14996685
2016-01-06 09:15:00+05:30,11.25,11.35,10.75,10.8,9531423
2016-01-07 09:15:00+05:30,10.7,10.9,10.4,10.45,7809849
2016-01-08 09:15:00+05:30,10.65,10.75,10.45,10.6,8155329
2016-01-11 09:15:00+05:30,10.5,10.6,10.35,10.45,8969565
2016-01-12 09:15:00+05:30,10.5,10.7,10.45,10.7,6715035
2016-01-13 09:15:00+05:30,10.75,10.75,10.35,10.5,9967383
2016-01-14 09:15:00+05:30,10.4,10.5,10.35,10.35,6888177
2016-01-15 09:15:00+05:30,10.4,10.55,10.2,10.25,6630057
2016-01-18 09:15:00+05:30,10.25,10.25,10.0,10.1,9784032
2016-01-19 09:15:00+05:30,10.15,10.2,9.9,9.95,9046779
2016-01-20 09:15:00+05:30,9.9,9.9,9.35,9.65,12353853
2016-01-21 09:15:00+05:30,9.8,9.85,9.0,9.05,21373872
2016-01-22 09:15:00+05:30,9.25,9.6,9.2,9.55,9530961
2016-01-25 09:15:00+05:30,9.7,9.8,9.55,9.6,7186737
2016-01-27 09:15:00+05:30,9.6,9.65,9.4,9.55,6968760
2016-01-28 09:15:00+05:30,9.5,9.55,9.3,9.3,18602712
2016-01-29 09:15:00+05:30,9.3,9.7,9.3,9.6,8478165
2016-02-01 09:15:00+05:30,9.8,9.8,9.55,9.55,4817976
2016-02-02 09:15:00+05:30,9.6,9.65,9.3,9.35,11096832
2016-02-03 09:15:00+05:30,9.3,9.5,9.15,9.2,12138837
2016-02-04 09:15:00+05:30,9.45,9.75,9.3,9.7,11913204
2016-02-05 09:15:00+05:30,9.8,10.15,9.8,10.1,17836563
2016-02-08 09:15:00+05:30,10.2,10.2,9.85,9.9,6042342
2016-02-09 09:15:00+05:30,9.8,10.25,9.8,10.1,10152735
2016-02-10 09:15:00+05:30,10.0,10.2,9.8,10.0,7133937
2016-02-11 09:15:00+05:30,10.0,10.1,9.2,9.4,10500921
2016-02-12 09:15:00+05:30,9.5,9.5,8.85,9.3,14129418
2016-02-15 09:15:00+05:30,10.2,11.1,9.8,10.7,73119453
2016-02-16 09:15:00+05:30,10.85,10.95,10.5,10.65,36199113
2016-02-17 09:15:00+05:30,10.7,10.85,10.45,10.6,54602325
2016-02-18 09:15:00+05:30,10.8,10.85,10.5,10.55,38155407
2016-02-19 09:15:00+05:30,10.6,11.1,10.55,11.0,51226458
2016-02-22 09:15:00+05:30,11.15,11.25,11.05,11.1,49598532
2016-02-23 09:15:00+05:30,11.1,11.35,11.0,11.15,45752112
2016-02-24 09:15:00+05:30,9.8,10.15,9.5,9.6,88565568
2016-02-25 09:15:00+05:30,9.6,9.75,9.3,9.65,37864755
2016-02-26 09:15:00+05:30,9.75,9.8,9.45,9.5,16149273
2016-02-29 09:15:00+05:30,9.55,9.85,9.45,9.7,24182754
2016-03-01 09:15:00+05:30,9.8,9.85,9.6,9.8,17394162
2016-03-02 09:15:00+05:30,9.9,10.05,9.85,10.0,20719830
2016-03-03 09:15:00+05:30,10.05,10.55,10.0,10.5,27042117
2016-03-04 09:15:00+05:30,10.6,10.75,10.35,10.6,26672970
2016-03-08 09:15:00+05:30,11.1,11.85,11.1,11.35,51793773
2016-03-09 09:15:00+05:30,11.1,11.25,10.85,11.15,18425844
2016-03-10 09:15:00+05:30,11.15,11.35,11.1,11.15,14537862
2016-03-11 09:15:00+05:30,11.05,11.25,10.9,11.15,12896994
2016-03-14 09:15:00+05:30,11.45,11.5,11.25,11.35,22037496
2016-03-15 09:15:00+05:30,11.25,11.35,11.2,11.25,8131635
2016-03-16 09:15:00+05:30,11.25,11.25,11.05,11.15,8052321
2016-03-17 09:15:00+05:30,11.35,11.65,11.25,11.5,36904023
2016-03-18 09:15:00+05:30,11.55,11.75,11.55,11.75,31565163
2016-03-21 09:15:00+05:30,11.6,11.8,11.55,11.75,14988249
2016-03-22 09:15:00+05:30,11.75,12.1,11.65,12.05,23981253
2016-03-23 09:15:00+05:30,12.0,12.2,12.0,12.15,16386807
2016-03-28 09:15:00+05:30,12.15,12.2,11.75,11.75,9356124
2016-03-29 09:15:00+05:30,11.8,11.9,11.65,11.85,11741259
2016-03-30 09:15:00+05:30,11.8,12.1,11.7,11.95,11335470
2016-03-31 09:15:00+05:30,12.05,12.15,11.65,11.7,28982205
2016-04-01 09:15:00+05:30,11.85,11.85,11.6,11.7,11977629
2016-04-04 09:15:00+05:30,11.8,11.95,11.6,11.75,23374095
2016-04-05 09:15:00+05:30,11.75,11.95,11.6,11.7,14856048
2016-04-06 09:15:00+05:30,11.75,12.2,11.7,12.15,18790113
2016-04-07 09:15:00+05:30,12.35,12.4,12.15,12.2,25975377
2016-04-08 09:15:00+05:30,12.2,12.55,11.95,12.2,16053393
2016-04-11 09:15:00+05:30,12.25,12.35,12.15,12.3,5934618
2016-04-12 09:15:00+05:30,12.3,12.3,11.95,12.05,5658102
2016-04-13 09:15:00+05:30,12.15,12.35,12.0,12.05,17454822
2016-04-18 09:15:00+05:30,12.05,12.1,11.9,11.95,10569876
2016-04-20 09:15:00+05:30,11.95,12.3,11.95,12.2,29234625
2016-04-21 09:15:00+05:30,12.35,12.45,12.15,12.2,7711665
2016-04-22 09:15:00+05:30,12.0,12.05,11.85,11.95,14596254
2016-04-25 09:15:00+05:30,11.95,12.0,11.75,11.8,7034877
2016-04-26 09:15:00+05:30,11.8,11.8,11.65,11.7,20849922
2016-04-27 09:15:00+05:30,11.9,11.9,11.75,11.8,9842190
2016-04-28 09:15:00+05:30,11.85,11.85,11.35,11.4,23411766
2016-04-29 09:15:00+05:30,11.35,11.45,11.2,11.35,19442823
2016-05-02 09:15:00+05:30,11.35,11.7,11.35,11.65,11686668
2016-05-03 09:15:00+05:30,11.85,11.85,11.55,11.6,16503357
2016-05-04 09:15:00+05:30,11.55,11.7,11.0,11.15,18463050
2016-05-05 09:15:00+05:30,11.15,11.3,11.05,11.2,13463136
2016-05-06 09:15:00+05:30,11.15,11.35,11.05,11.15,9954171
2016-05-09 09:15:00+05:30,11.25,11.35,11.15,11.3,9566628
2016-05-10 09:15:00+05:30,11.25,11.25,11.05,11.1,8534007
2016-05-11 09:15:00+05:30,11.0,11.1,10.65,10.7,14616384
2016-05-12 09:15:00+05:30,10.7,11.0,10.7,10.8,5632815
2016-05-13 09:15:00+05:30,10.75,10.85,10.6,10.6,9976914
2016-05-16 09:15:00+05:30,10.6,10.8,10.45,10.65,12928257
2016-05-17 09:15:00+05:30,10.75,10.75,10.5,10.55,7175760
2016-05-18 09:15:00+05:30,10.5,11.1,10.45,11.05,18497433
2016-05-19 09:15:00+05:30,11.05,11.2,10.6,10.7,11571705
2016-05-20 09:15:00+05:30,10.7,11.0,10.65,10.95,14320515
2016-05-23 09:15:00+05:30,10.95,11.05,10.55,10.55,9540231
2016-05-24 09:15:00+05:30,10.55,10.75,10.4,10.7,12828198
2016-05-25 09:15:00+05:30,10.8,10.9,10.7,10.85,14065293
2016-05-26 09:15:00+05:30,10.85,11.0,10.75,10.9,6579468
2016-05-27 09:15:00+05:30,10.95,11.15,10.9,11.1,9789792
2016-05-30 09:15:00+05:30,11.15,11.15,10.45,10.7,20304690
2016-05-31 09:15:00+05:30,10.7,10.7,10.45,10.5,18396315
2016-06-01 09:15:00+05:30,10.55,10.55,10.25,10.3,16251501
2016-06-02 09:15:00+05:30,10.3,10.35,10.15,10.3,12920994
2016-06-03 09:15:00+05:30,10.85,10.85,10.55,10.75,41887050
2016-06-06 09:15:00+05:30,10.8,10.85,10.6,10.75,9430500
2016-06-07 09:15:00+05:30,10.85,11.0,10.8,10.9,17059554
2016-06-08 09:15:00+05:30,11.0,11.05,10.75,10.8,19041978
2016-06-09 09:15:00+05:30,10.85,10.95,10.75,10.9,10895598
2016-06-10 09:15:00+05:30,10.9,11.0,10.9,10.95,7292523
2016-06-13 09:15:00+05:30,10.85,10.9,10.7,10.75,6268539
2016-06-14 09:15:00+05:30,10.85,10.95,10.7,10.85,8191848
2016-06-15 09:15:00+05:30,10.85,11.0,10.85,10.9,8249052
2016-06-16 09:15:00+05:30,11.0,11.2,10.95,11.15,17343363
2016-06-17 09:15:00+05:30,11.25,11.3,11.05,11.15,9283485
2016-06-20 09:15:00+05:30,11.0,11.15,11.0,11.05,5134524
2016-06-21 09:15:00+05:30,11.1,11.15,10.95,11.0,8126100
2016-06-22 09:15:00+05:30,11.05,11.05,10.9,10.95,5208243
2016-06-23 09:15:00+05:30,11.0,11.0,10.8,10.9,9701949
2016-06-24 09:15:00+05:30,10.8,10.85,10.55,10.8,8364099
2016-06-27 09:15:00+05:30,10.8,10.95,10.7,10.8,9811278
2016-06-28 09:15:00+05:30,10.8,11.05,10.75,10.95,17546010
2016-06-29 09:15:00+05:30,11.15,11.3,11.1,11.25,29482167
2016-06-30 09:15:00+05:30,11.25,11.4,11.2,11.25,25598688
2016-07-01 09:15:00+05:30,11.4,11.4,11.25,11.3,10474986
2016-07-04 09:15:00+05:30,11.3,11.4,11.3,11.35,17037528
2016-07-05 09:15:00+05:30,11.4,11.65,11.35,11.35,22558659
2016-07-07 09:15:00+05:30,11.4,11.55,11.4,11.45,10007778
2016-07-08 09:15:00+05:30,11.45,11.5,11.3,11.35,7826178
2016-07-11 09:15:00+05:30,11.45,11.55,11.4,11.5,19466163
2016-07-12 09:15:00+05:30,11.55,11.6,11.45,11.55,20617587
2016-07-13 09:15:00+05:30,11.55,11.85,11.55,11.65,33765726
2016-07-14 09:15:00+05:30,11.6,11.65,11.5,11.55,12696714
2016-07-15 09:15:00+05:30,11.7,11.7,11.35,11.4,15030330
2016-07-18 09:15:00+05:30,11.55,11.55,11.35,11.35,10145760
2016-07-19 09:15:00+05:30,11.35,11.4,11.25,11.3,24247452
2016-07-20 09:15:00+05:30,11.25,11.45,11.25,11.3,36001917
2016-07-21 09:15:00+05:30,11.35,11.55,11.3,11.5,18129249
2016-07-22 09:15:00+05:30,11.55,11.8,11.55,11.75,16309092
2016-07-25 09:15:00+05:30,11.7,11.95,11.65,11.95,17748648
2016-07-26 09:15:00+05:30,11.95,12.05,11.85,11.95,28819569
2016-07-27 09:15:00+05:30,11.95,12.05,11.95,11.95,9128106
2016-07-28 09:15:00+05:30,12.05,12.85,12.05,12.4,53674038
2016-07-29 09:15:00+05:30,12.35,12.45,11.95,11.95,22785234
2016-08-01 09:15:00+05:30,12.0,12.45,11.9,12.25,23789943
2016-08-02 09:15:00+05:30,12.3,12.4,12.0,12.05,19578129
2016-08-03 09:15:00+05:30,12.05,12.15,11.9,11.95,8284629
2016-08-04 09:15:00+05:30,11.95,12.3,11.95,12.2,13120410
2016-08-05 09:15:00+05:30,12.35,12.45,12.15,12.25,13515516
2016-08-08 09:15:00+05:30,12.35,12.45,12.0,12.15,14130786
2016-08-09 09:15:00+05:30,12.1,12.2,11.95,12.1,8459598
2016-08-10 09:15:00+05:30,12.05,12.15,11.9,11.95,13292520
2016-08-11 09:15:00+05:30,12.05,12.05,11.8,11.95,9581568
2016-08-12 09:15:00+05:30,11.95,12.25,11.9,12.1,11967582
2016-08-16 09:15:00+05:30,12.05,12.1,11.9,11.95,10709514
2016-08-17 09:15:00+05:30,11.95,12.5,11.95,12.45,24594990
2016-08-18 09:15:00+05:30,12.5,12.95,12.5,12.85,53512428
2016-08-19 09:15:00+05:30,12.9,13.1,12.85,13.05,31900752
2016-08-22 09:15:00+05:30,13.05,13.3,12.95,13.1,22384299
2016-08-23 09:15:00+05:30,13.05,13.15,12.85,13.05,11709603
2016-08-24 09:15:00+05:30,13.05,13.15,12.95,13.0,6750288
2016-08-25 09:15:00+05:30,12.9,13.0,12.85,12.9,11224089
2016-08-26 09:15:00+05:30,12.9,12.9,12.65,12.7,10744824
2016-08-29 09:15:00+05:30,12.65,13.0,12.55,12.95,13438371
2016-08-30 09:15:00+05:30,13.05,13.2,12.9,12.95,17989617
2016-08-31 09:15:00+05:30,12.9,13.15,12.9,12.9,8284356
2016-09-01 09:15:00+05:30,12.9,13.05,12.7,12.8,7732857
2016-09-02 09:15:00+05:30,12.85,12.95,12.75,12.9,10808547
2016-09-06 09:15:00+05:30,12.9,12.95,12.85,12.85,6656943
2016-09-07 09:15:00+05:30,12.9,13.85,12.85,13.75,44459277
2016-09-08 09:15:00+05:30,13.9,14.05,13.4,13.5,30271059
2016-09-09 09:15:00+05:30,13.5,13.6,13.25,13.3,14401476
2016-09-12 09:15:00+05:30,13.15,13.15,12.5,12.55,16633632
2016-09-14 09:15:00+05:30,12.55,12.7,12.4,12.5,19543899
2016-09-15 09:15:00+05:30,12.55,12.65,12.15,12.3,20757759
2016-09-16 09:15:00+05:30,12.35,12.6,11.95,12.05,61514673
2016-09-19 09:15:00+05:30,12.15,12.45,12.05,12.4,22324362
2016-09-20 09:15:00+05:30,12.4,12.5,12.2,12.35,12232611
2016-09-21 09:15:00+05:30,12.3,12.45,12.2,12.25,7641354
2016-09-22 09:15:00+05:30,12.4,12.5,12.25,12.35,10475907
2016-09-23 09:15:00+05:30,12.4,12.85,12.35,12.65,24861387
2016-09-26 09:15:00+05:30,12.75,12.85,12.6,12.7,18930771
2016-09-27 09:15:00+05:30,12.7,12.9,12.7,12.8,13605138
2016-09-28 09:15:00+05:30,12.9,13.25,12.8,13.15,25021932
2016-09-29 09:15:00+05:30,13.2,13.25,12.15,12.25,39911217
2016-09-30 09:15:00+05:30,12.2,12.8,12.1,12.7,28211019
2016-10-03 09:15:00+05:30,12.85,13.1,12.8,12.95,11796462
2016-10-04 09:15:00+05:30,13.1,13.4,12.9,13.3,24383994
2016-10-05 09:15:00+05:30,13.5,13.55,13.3,13.4,24717885
2016-10-06 09:15:00+05:30,13.6,14.05,13.6,13.9,63563565
2016-10-07 09:15:00+05:30,14.1,14.3,13.9,14.2,38036184
2016-10-10 09:15:00+05:30,14.3,14.4,14.25,14.3,31687332
2016-10-13 09:15:00+05:30,14.35,14.35,13.7,14.1,31666668
2016-10-14 09:15:00+05:30,14.0,14.25,13.85,14.15,14493864
2016-10-17 09:15:00+05:30,14.25,14.25,13.75,13.85,14290908
2016-10-18 09:15:00+05:30,13.95,14.15,13.9,14.05,15381768
2016-10-19 09:15:00+05:30,14.2,14.8,13.95,14.65,45960864
2016-10-20 09:15:00+05:30,14.85,15.2,14.7,15.1,40068387
2016-10-21 09:15:00+05:30,15.05,15.05,14.65,14.9,21046641
2016-10-24 09:15:00+05:30,14.9,14.95,14.6,14.7,21014160
2016-10-25 09:15:00+05:30,14.65,14.95,14.5,14.8,18735102
2016-10-26 09:15:00+05:30,14.55,14.9,14.35,14.45,14357742
2016-10-27 09:15:00+05:30,14.35,15.05,14.35,14.8,37180578
2016-10-28 09:15:00+05:30,14.9,16.1,14.85,15.8,76659966
2016-11-01 09:15:00+05:30,15.95,16.9,15.9,16.7,68126979
2016-11-02 09:15:00+05:30,16.65,17.2,16.35,16.7,61417185
2016-11-03 09:15:00+05:30,16.4,16.85,15.9,16.1,41701587
2016-11-04 09:15:00+05:30,16.05,16.3,15.15,15.25,39602775
2016-11-07 09:15:00+05:30,15.6,15.7,15.25,15.35,19982859
2016-11-08 09:15:00+05:30,15.55,15.6,15.1,15.35,23023740
2016-11-09 09:15:00+05:30,14.3,15.1,13.8,14.95,43307589
2016-11-10 09:15:00+05:30,15.3,16.35,15.3,15.7,53032251
2016-11-11 09:15:00+05:30,15.6,15.85,15.1,15.15,34933740
2016-11-15 09:15:00+05:30,14.95,15.15,14.1,14.2,39309846
2016-11-16 09:15:00+05:30,14.4,14.45,13.1,13.8,55809012
2016-11-17 09:15:00+05:30,13.8,14.35,13.7,14.05,33685743
2016-11-18 09:15:00+05:30,14.2,14.25,13.55,13.65,25811457
2016-11-21 09:15:00+05:30,13.8,13.85,12.9,13.0,30337320
2016-11-22 09:15:00+05:30,13.05,13.7,13.05,13.65,29681631
2016-11-23 09:15:00+05:30,13.95,14.0,13.7,13.8,50824458
2016-11-24 09:15:00+05:30,13.8,14.5,13.8,14.35,66868539
2016-11-25 09:15:00+05:30,14.45,15.15,14.45,14.7,66666750
2016-11-28 09:15:00+05:30,14.9,15.1,14.6,14.75,31470078
2016-11-29 09:15:00+05:30,14.85,15.05,14.45,14.55,26568837
2016-11-30 09:15:00+05:30,14.65,14.8,14.35,14.7,34894461
2016-12-01 09:15:00+05:30,14.75,14.75,14.1,14.2,22346073
2016-12-02 09:15:00+05:30,13.85,14.4,13.85,14.0,27978324
2016-12-05 09:15:00+05:30,14.4,14.8,14.25,14.75,44548167
2016-12-06 09:15:00+05:30,14.9,15.05,14.8,14.9,29998839
2016-12-07 09:15:00+05:30,15.05,15.15,14.5,14.9,28647528
2016-12-08 09:15:00+05:30,15.05,15.6,15.05,15.5,35469453
2016-12-09 09:15:00+05:30,15.6,15.6,15.15,15.25,24352344
2016-12-12 09:15:00+05:30,15.3,15.8,15.15,15.6,53743941
2016-12-13 09:15:00+05:30,15.7,15.7,15.4,15.5,22971003
2016-12-14 09:15:00+05:30,15.6,15.85,15.35,15.4,41759073
2016-12-15 09:15:00+05:30,15.15,15.75,15.15,15.65,25370412
2016-12-16 09:15:00+05:30,15.7,15.85,15.3,15.4,31697172
2016-12-19 09:15:00+05:30,15.5,15.6,15.3,15.4,12918774
2016-12-20 09:15:00+05:30,15.45,15.55,15.05,15.15,14092380
2016-12-21 09:15:00+05:30,15.2,15.3,15.1,15.15,8229924
2016-12-22 09:15:00+05:30,15.15,15.15,14.7,14.85,13493889
2016-12-23 09:15:00+05:30,14.8,15.15,14.65,14.8,15213033
2016-12-26 09:15:00+05:30,14.75,14.8,14.2,14.3,16996731
2016-12-27 09:15:00+05:30,14.3,14.7,14.25,14.65,14231223
2016-12-28 09:15:00+05:30,14.7,14.95,14.45,14.55,14763897
2016-12-29 09:15:00+05:30,14.7,15.0,14.5,14.8,42095163
2016-12-30 09:15:00+05:30,14.95,15.0,14.8,14.85,8844387
2017-01-02 09:15:00+05:30,14.95,15.6,14.75,15.45,17185695
2017-01-03 09:15:00+05:30,15.6,15.75,15.45,15.7,27127326
2017-01-04 09:15:00+05:30,15.85,16.65,15.8,16.2,57726504
2017-01-05 09:15:00+05:30,16.3,16.45,16.0,16.25,23235339
2017-01-06 09:15:00+05:30,16.4,16.7,16.3,16.4,26990967
2017-01-09 09:15:00+05:30,16.55,16.7,16.2,16.4,21928230
2017-01-10 09:15:00+05:30,16.3,16.8,16.3,16.7,23229924
2017-01-11 09:56:00+05:30,16.7,17.25,16.7,16.95,30571398
2017-01-12 09:15:00+05:30,17.0,17.1,16.65,16.8,25676073
2017-01-13 09:15:00+05:30,16.9,17.4,16.7,17.35,38946720
2017-01-16 09:15:00+05:30,17.45,17.6,17.3,17.4,29320641
2017-01-17 09:15:00+05:30,17.4,17.55,17.2,17.3,18872430
2017-01-18 09:15:00+05:30,17.15,17.75,17.1,17.6,27489453
2017-01-19 09:15:00+05:30,17.7,17.75,17.4,17.65,17505276
2017-01-20 09:15:00+05:30,17.6,17.7,16.95,17.05,23140305
2017-01-23 09:15:00+05:30,17.1,17.6,17.05,17.55,22946811
2017-01-24 09:15:00+05:30,17.55,17.85,17.4,17.75,24087492
2017-01-25 09:15:00+05:30,17.9,17.9,17.4,17.5,72412749
2017-01-27 09:15:00+05:30,17.6,18.05,17.5,17.65,19961070
2017-01-30 09:15:00+05:30,17.6,17.8,17.5,17.6,13560975
2017-01-31 09:15:00+05:30,17.6,17.8,17.35,17.35,17163744
2017-02-01 09:15:00+05:30,17.35,18.15,17.3,18.05,21295974
2017-02-02 09:15:00+05:30,18.05,18.15,17.6,17.9,29688432
2017-02-03 09:15:00+05:30,17.9,18.05,17.65,17.95,19309455
2017-02-06 09:15:00+05:30,17.9,18.05,17.65,17.8,14298837
2017-02-07 09:15:00+05:30,17.8,18.1,17.65,17.75,12760164
2017-02-08 09:15:00+05:30,17.75,17.95,17.35,17.55,18369285
2017-02-09 09:15:00+05:30,17.6,17.95,17.55,17.85,16416918
2017-02-10 09:15:00+05:30,17.95,18.0,17.45,17.6,18028938
2017-02-13 09:15:00+05:30,17.75,17.9,17.4,17.45,18997929
2017-02-14 09:15:00+05:30,17.65,17.7,16.7,16.8,41725680
2017-02-15 09:15:00+05:30,16.75,16.95,16.3,16.4,23952882
2017-02-16 09:15:00+05:30,16.3,16.6,15.9,16.5,40101402
2017-02-17 09:15:00+05:30,16.6,16.7,16.25,16.45,17685789
2017-02-20 09:15:00+05:30,16.5,17.0,16.3,16.9,26666958
2017-02-21 09:15:00+05:30,17.05,17.35,17.0,17.3,23107086
2017-02-22 09:15:00+05:30,17.25,17.5,16.95,17.15,31507986
2017-02-23 09:15:00+05:30,17.15,17.35,17.05,17.15,66811137
2017-02-27 09:15:00+05:30,17.25,17.5,17.2,17.4,18873504
2017-02-28 09:15:00+05:30,17.3,18.3,17.3,18.2,61857450
2017-03-01 09:15:00+05:30,18.3,18.35,18.0,18.2,38777214
2017-03-02 09:15:00+05:30,18.3,18.4,17.35,17.5,31835850
2017-03-03 09:15:00+05:30,17.55,17.9,17.35,17.65,40222638
2017-03-06 09:15:00+05:30,17.6,17.8,17.4,17.7,18518604
2017-03-07 09:15:00+05:30,17.85,17.95,17.45,17.8,38258196
2017-03-08 09:15:00+05:30,17.75,17.9,16.9,17.0,72963441
2017-03-09 09:15:00+05:30,17.0,17.1,16.8,16.95,17578566
2017-03-10 09:15:00+05:30,16.95,17.1,16.8,16.9,24888621
2017-03-14 09:15:00+05:30,17.05,17.2,16.7,16.8,47103252
2017-03-15 09:15:00+05:30,16.9,17.05,16.9,16.95,23379933
2017-03-16 09:15:00+05:30,16.55,16.8,16.5,16.7,29694507
2017-03-17 09:15:00+05:30,16.75,16.95,16.7,16.7,28093788
2017-03-20 09:15:00+05:30,16.7,16.85,16.5,16.6,15875745
2017-03-21 09:15:00+05:30,16.65,16.7,16.35,16.55,11439777
2017-03-22 09:15:00+05:30,16.4,16.4,16.05,16.1,17357736
2017-03-23 09:15:00+05:30,16.2,16.4,16.1,16.35,26813769
2017-03-24 09:15:00+05:30,16.45,16.85,16.45,16.55,60201984
2017-03-27 09:15:00+05:30,16.5,16.5,16.05,16.1,16728444
2017-03-28 09:15:00+05:30,16.1,16.25,16.05,16.15,13158615
2017-03-29 09:15:00+05:30,16.2,16.2,16.05,16.15,12589308
2017-03-30 09:15:00+05:30,16.15,16.2,15.85,15.9,20108415
2017-03-31 09:15:00+05:30,15.95,16.2,15.95,16.05,12209247
2017-04-03 09:15:00+05:30,16.05,16.25,16.05,16.1,8683092
2017-04-05 09:15:00+05:30,16.25,16.5,16.2,16.4,18144057
2017-04-06 09:15:00+05:30,16.4,16.6,16.3,16.55,14176449
2017-04-07 09:15:00+05:30,16.5,16.55,16.25,16.3,11733519
2017-04-10 09:15:00+05:30,16.3,16.45,16.15,16.25,15111396
2017-04-11 09:15:00+05:30,16.2,16.5,16.15,16.35,20224656
2017-04-12 09:15:00+05:30,16.3,16.35,16.05,16.1,9162993
2017-04-13 09:15:00+05:30,16.05,16.1,15.6,15.6,18236208
2017-04-17 09:15:00+05:30,15.6,15.6,15.35,15.45,15619464
2017-04-18 09:15:00+05:30,15.45,15.85,15.15,15.25,15673374
2017-04-19 09:15:00+05:30,15.15,15.25,15.05,15.2,15402573
2017-04-20 09:15:00+05:30,15.2,15.5,15.2,15.3,13519014
2017-04-21 09:15:00+05:30,15.5,15.75,15.4,15.6,18341640
2017-04-24 09:15:00+05:30,15.65,15.85,15.6,15.7,14833668
2017-04-25 09:15:00+05:30,15.75,15.85,15.6,15.75,10376655
2017-04-26 09:15:00+05:30,15.75,15.8,15.5,15.6,14357406
2017-04-27 09:15:00+05:30,15.6,15.6,15.15,15.2,22404822
2017-04-28 09:15:00+05:30,15.15,15.55,15.15,15.35,9866565
2017-05-02 09:15:00+05:30,15.35,15.6,15.25,15.4,13589121
2017-05-03 09:15:00+05:30,15.4,15.7,15.4,15.5,18857595
2017-05-04 09:15:00+05:30,15.45,15.5,15.15,15.45,18749325
2017-05-05 09:15:00+05:30,15.3,15.3,14.9,15.0,32101257
2017-05-08 09:15:00+05:30,15.1,15.15,14.8,15.0,20493363
2017-05-09 09:15:00+05:30,14.95,15.25,14.95,15.15,10365573
2017-05-10 09:15:00+05:30,15.3,15.5,15.1,15.15,14793012
2017-05-11 09:15:00+05:30,15.2,15.3,14.9,15.0,17358381
2017-05-12 09:15:00+05:30,15.1,15.15,14.95,15.15,14976813
2017-05-15 09:15:00+05:30,15.2,15.55,15.15,15.5,20105463
2017-05-16 09:15:00+05:30,15.55,15.55,15.35,15.45,10933212
2017-05-17 09:15:00+05:30,15.45,15.6,15.3,15.45,19869384
2017-05-18 09:15:00+05:30,15.3,15.35,14.9,15.0,11607528
2017-05-19 09:15:00+05:30,15.05,15.15,14.5,14.8,17129571
2017-05-22 09:15:00+05:30,14.8,15.1,14.6,14.65,12823338
2017-05-23 09:15:00+05:30,14.7,14.7,14.2,14.35,19662840
2017-05-24 09:15:00+05:30,14.4,14.4,13.7,13.85,21309153
2017-05-25 09:15:00+05:30,14.1,14.3,13.8,14.1,32913510
2017-05-26 09:15:00+05:30,13.8,14.35,13.5,14.0,47211297
2017-05-29 09:15:00+05:30,14.15,14.3,13.5,13.55,18079638
2017-05-30 09:15:00+05:30,13.5,13.55,13.1,13.5,28793439
2017-05-31 09:15:00+05:30,13.25,13.65,13.2,13.25,42504252
2017-06-01 09:15:00+05:30,13.3,13.65,13.3,13.55,22676607
2017-06-02 09:15:00+05:30,13.6,13.8,13.55,13.6,17274639
2017-06-05 09:15:00+05:30,13.65,13.75,13.45,13.5,11697885
2017-06-06 09:15:00+05:30,13.55,13.7,13.5,13.6,23051223
2017-06-07 09:15:00+05:30,13.6,14.0,13.55,13.9,19322085
2017-06-08 09:15:00+05:30,14.1,14.25,13.8,13.85,25637364
2017-06-09 09:15:00+05:30,13.95,14.0,13.75,13.85,14057835
2017-06-12 09:15:00+05:30,13.85,14.0,13.65,13.75,10921770
2017-06-13 09:15:00+05:30,13.7,13.8,13.55,13.55,12549483
2017-06-14 09:15:00+05:30,13.6,13.6,13.3,13.4,18349041
2017-06-15 09:15:00+05:30,13.4,13.7,13.35,13.5,14862630
2017-06-16 09:15:00+05:30,13.55,13.7,13.5,13.5,13872888
2017-06-19 09:15:00+05:30,13.55,13.6,13.5,13.55,6875163
2017-06-20 09:15:00+05:30,13.6,13.65,13.55,13.55,5920044
2017-06-21 09:15:00+05:30,13.55,13.55,13.35,13.35,16389075
2017-06-22 09:15:00+05:30,13.4,13.45,13.05,13.1,9750294
2017-06-23 09:15:00+05:30,13.1,13.1,12.8,12.85,13496742
2017-06-27 09:15:00+05:30,12.9,12.9,12.3,12.5,16988280
2017-06-28 09:15:00+05:30,12.45,12.85,12.45,12.8,10925232
2017-06-29 09:15:00+05:30,12.8,13.05,12.8,12.9,15290250
2017-06-30 09:15:00+05:30,12.85,13.1,12.8,12.95,13804410
2017-07-03 09:15:00+05:30,13.0,13.65,13.0,13.55,31828335
2017-07-04 09:15:00+05:30,13.7,13.7,13.35,13.45,14385318
2017-07-05 09:15:00+05:30,13.35,13.4,13.2,13.35,14138928
2017-07-06 09:15:00+05:30,13.35,13.7,13.35,13.6,21000282
2017-07-07 09:15:00+05:30,13.6,14.05,13.55,13.95,29940210
2017-07-10 10:26:00+05:30,14.65,14.65,14.1,14.2,4835844
2017-07-11 09:15:00+05:30,14.25,14.3,14.1,14.15,16208724
2017-07-12 09:15:00+05:30,14.15,14.4,14.15,14.35,20725503
2017-07-13 09:15:00+05:30,14.4,14.45,14.25,14.35,14138070
2017-07-14 09:15:00+05:30,14.35,14.45,14.3,14.4,11774616
2017-07-17 09:15:00+05:30,14.4,14.5,14.3,14.4,12597837
2017-07-18 09:15:00+05:30,14.35,14.55,14.3,14.35,8617164
2017-07-19 09:15:00+05:30,14.35,14.45,14.35,14.4,5878947
2017-07-20 09:15:00+05:30,14.4,15.05,14.4,14.85,33193212
2017-07-21 09:15:00+05:30,15.0,15.05,14.45,14.75,18856479
2017-07-24 09:15:00+05:30,14.65,14.95,14.6,14.7,10197555
2017-07-25 09:15:00+05:30,14.4,14.7,14.4,14.55,10556037
2017-07-26 09:15:00+05:30,14.7,15.0,14.55,14.9,23268060
2017-07-27 09:15:00+05:30,15.05,15.1,14.65,14.75,17502306
2017-07-28 09:15:00+05:30,14.65,14.85,14.55,14.8,9135510
2017-07-31 09:15:00+05:30,14.95,15.5,14.8,15.25,31477662
2017-08-01 09:15:00+05:30,15.45,15.45,15.1,15.15,18991806
2017-08-02 09:15:00+05:30,15.2,15.2,14.8,14.95,16100658
2017-08-03 09:15:00+05:30,14.95,15.05,14.45,14.55,15226563
2017-08-04 09:15:00+05:30,14.5,15.15,14.4,15.1,19504692
2017-08-07 09:15:00+05:30,15.15,15.25,15.1,15.15,11019510
2017-08-08 09:15:00+05:30,15.25,15.5,15.05,15.4,30771423
2017-08-09 09:15:00+05:30,15.5,15.7,14.85,15.15,42161124
2017-08-10 09:15:00+05:30,15.5,15.6,14.3,14.65,73016832
2017-08-11 09:15:00+05:30,14.3,14.9,14.0,14.2,43479558
2017-08-14 09:15:00+05:30,14.35,14.65,14.3,14.5,19083309
2017-08-16 09:15:00+05:30,14.65,14.7,14.35,14.55,18363555
2017-08-17 09:15:00+05:30,14.6,15.1,14.6,14.8,19506060
2017-08-18 09:15:00+05:30,14.65,14.75,14.35,14.5,15267807
2017-08-21 09:15:00+05:30,14.7,15.15,14.45,14.55,39218085
2017-08-22 09:15:00+05:30,14.65,15.0,14.55,14.65,17954976
2017-08-23 09:15:00+05:30,14.75,14.9,14.55,14.8,15742098
2017-08-24 09:15:00+05:30,14.8,14.95,14.65,14.7,10788741
2017-08-28 09:15:00+05:30,14.5,14.9,14.5,14.7,24284112
2017-08-29 09:15:00+05:30,14.7,14.85,14.5,14.65,10845438
2017-08-30 09:15:00+05:30,14.75,15.4,14.75,15.2,43714551
2017-08-31 09:15:00+05:30,15.3,15.4,15.2,15.25,20501877
2017-09-01 09:15:00+05:30,15.3,16.05,15.3,15.95,47879079
2017-09-04 09:15:00+05:30,16.1,16.45,15.85,16.2,54823332
2017-09-05 09:15:00+05:30,16.4,16.4,16.05,16.25,22595043
2017-09-06 09:15:00+05:30,16.35,16.35,16.05,16.2,19291764
2017-09-07 09:15:00+05:30,16.4,16.7,16.1,16.65,40420170
2017-09-08 09:15:00+05:30,16.7,16.7,16.1,16.2,32736039
2017-09-11 09:15:00+05:30,16.05,16.5,16.05,16.3,27116847
2017-09-12 09:15:00+05:30,16.3,16.4,16.2,16.3,18591480
2017-09-13 09:15:00+05:30,16.35,16.65,15.9,16.05,35537172
2017-09-14 09:15:00+05:30,16.05,16.25,15.85,16.0,15110742
2017-09-15 09:15:00+05:30,15.95,16.05,15.75,15.85,28938459
2017-09-18 09:15:00+05:30,15.9,16.25,15.9,16.1,13643691
2017-09-19 09:15:00+05:30,16.15,16.2,15.9,15.95,9585798
2017-09-20 09:15:00+05:30,16.0,16.0,15.7,15.8,15859119
2017-09-21 09:15:00+05:30,15.85,15.85,15.4,15.5,21176973
2017-09-22 09:15:00+05:30,15.3,15.35,14.6,14.65,28676994
2017-09-25 09:15:00+05:30,14.65,14.7,14.2,14.45,20711364
2017-09-26 09:15:00+05:30,14.4,14.95,14.4,14.8,14949390
2017-09-27 09:15:00+05:30,14.65,14.9,14.2,14.25,19454658
2017-09-28 09:15:00+05:30,14.3,14.4,13.95,14.05,27211284
2017-09-29 09:15:00+05:30,14.1,14.3,14.1,14.2,11611539
2017-10-03 09:15:00+05:30,14.3,14.45,14.1,14.3,22947114
2017-10-04 09:15:00+05:30,14.35,14.5,14.3,14.35,16040511
2017-10-05 09:15:00+05:30,14.3,14.35,14.15,14.3,9460416
2017-10-06 09:15:00+05:30,14.35,14.75,14.35,14.7,13789737
2017-10-09 09:15:00+05:30,14.65,14.8,14.5,14.55,7933395
2017-10-10 09:15:00+05:30,14.65,14.7,14.4,14.45,9205512
2017-10-11 09:15:00+05:30,14.5,14.7,14.3,14.35,12190029
2017-10-12 09:15:00+05:30,14.4,14.4,14.2,14.35,12814452
2017-10-13 09:15:00+05:30,14.35,14.6,14.35,14.45,12661749
2017-10-16 09:15:00+05:30,14.5,14.9,14.5,14.8,18758106
2017-10-17 09:15:00+05:30,14.8,15.0,14.65,14.9,11717658
2017-10-18 09:15:00+05:30,14.9,15.05,14.65,14.7,11802621
2017-10-23 09:15:00+05:30,14.65,14.7,14.4,14.4,17102991
2017-10-24 09:15:00+05:30,14.4,14.75,14.4,14.55,15508110
2017-10-25 09:15:00+05:30,14.55,14.75,14.45,14.6,23769039
2017-10-26 09:15:00+05:30,14.55,15.6,14.5,15.35,68484645
2017-10-27 09:15:00+05:30,15.5,15.8,15.5,15.6,40077021
2017-10-30 09:15:00+05:30,15.65,15.85,15.6,15.65,25529409
2017-10-31 09:15:00+05:30,15.65,15.7,15.35,15.45,16044900
2017-11-01 09:15:00+05:30,15.45,15.6,15.45,15.5,19660149
2017-11-02 09:15:00+05:30,15.55,15.85,15.45,15.55,24767265
2017-11-03 09:15:00+05:30,15.6,15.65,15.35,15.4,13712577
2017-11-06 09:15:00+05:30,15.45,15.85,15.35,15.75,30468678
2017-11-07 09:15:00+05:30,15.85,16.2,15.5,15.65,53919981
2017-11-08 09:15:00+05:30,15.75,15.8,15.2,15.35,17721354
2017-11-09 09:15:00+05:30,15.4,15.5,15.0,15.15,13712958
2017-11-10 09:15:00+05:30,15.05,15.45,15.0,15.15,14193204
2017-11-13 09:15:00+05:30,15.25,15.35,15.15,15.15,16903632
2017-11-14 09:15:00+05:30,15.35,15.5,15.05,15.15,22224177
2017-11-15 09:15:00+05:30,15.1,15.1,14.65,14.7,24383046
2017-11-16 09:15:00+05:30,14.65,15.0,14.65,14.9,15125472
2017-11-17 09:15:00+05:30,14.95,15.15,14.9,15.05,16313256
2017-11-20 09:15:00+05:30,15.05,15.2,14.9,15.15,11584608
2017-11-21 09:15:00+05:30,15.25,15.45,15.1,15.2,12423075
2017-11-22 09:15:00+05:30,15.25,15.35,15.1,15.15,9765531
2017-11-23 09:15:00+05:30,15.15,15.55,15.05,15.25,23001759
2017-11-24 09:15:00+05:30,15.3,15.45,15.15,15.3,9360612
2017-11-27 09:15:00+05:30,15.2,15.3,15.15,15.15,10043685
2017-11-28 09:15:00+05:30,15.15,15.35,15.15,15.25,8319756
2017-11-29 09:15:00+05:30,15.2,15.45,15.05,15.35,12934236
2017-11-30 09:15:00+05:30,15.35,15.6,15.25,15.4,32862762
2017-12-01 09:15:00+05:30,15.4,15.95,15.4,15.6,44233227
2017-12-04 09:15:00+05:30,15.7,16.15,15.7,16.0,55327557
2017-12-05 09:15:00+05:30,16.15,16.25,15.8,15.85,25858539
2017-12-06 09:15:00+05:30,15.85,15.9,15.45,15.45,20041110
2017-12-07 09:15:00+05:30,15.45,15.7,15.45,15.6,14576796
2017-12-08 09:15:00+05:30,15.6,15.9,15.6,15.85,15234795
2017-12-11 09:15:00+05:30,15.85,16.0,15.7,15.75,12180822
2017-12-12 09:15:00+05:30,15.75,15.9,15.6,15.65,12689466
2017-12-13 09:15:00+05:30,15.7,15.8,15.4,15.5,9374076
2017-12-14 09:15:00+05:30,15.55,15.6,15.15,15.45,10819056
2017-12-15 09:15:00+05:30,15.55,15.8,15.55,15.7,12519897
2017-12-18 09:15:00+05:30,15.65,16.15,14.95,16.05,26067570
2017-12-19 09:15:00+05:30,16.25,16.5,16.2,16.35,33980931
2017-12-20 09:15:00+05:30,16.4,16.45,16.15,16.3,18612768
2017-12-21 09:15:00+05:30,16.35,16.4,16.15,16.2,10192092
2017-12-22 09:15:00+05:30,16.25,16.4,16.2,16.3,8187507
2017-12-26 09:15:00+05:30,16.25,16.95,16.2,16.95,42056115
2017-12-27 09:15:00+05:30,16.85,17.0,16.45,16.6,26964036
2017-12-28 09:15:00+05:30,16.55,16.85,16.5,16.7,21537183
2017-12-29 09:15:00+05:30,16.8,16.95,16.55,16.65,17860992
2018-01-01 09:15:00+05:30,16.7,17.35,16.6,17.0,39128070
2018-01-02 09:15:00+05:30,17.05,18.05,17.05,18.0,122394639
2018-01-03 09:15:00+05:30,18.05,18.45,17.9,18.05,64761978
2018-01-04 09:15:00+05:30,18.1,18.8,18.05,18.7,50962833
2018-01-05 09:15:00+05:30,18.7,19.35,18.65,19.15,45016104
2018-01-08 09:15:00+05:30,19.15,19.7,19.15,19.6,36171354
2018-01-09 09:15:00+05:30,18.9,18.9,18.65,18.7,107485833
2018-01-10 09:15:00+05:30,18.6,19.1,18.6,18.8,91376949
2018-01-11 09:15:00+05:30,19.15,19.15,18.7,18.8,120787506
2018-01-12 09:15:00+05:30,18.9,18.9,18.65,18.75,31790805
2018-01-15 09:15:00+05:30,18.8,18.9,18.55,18.65,28785402
2018-01-16 09:15:00+05:30,18.6,18.75,17.75,17.95,35874036
2018-01-17 09:15:00+05:30,17.75,18.15,17.35,18.1,33251778
2018-01-18 09:15:00+05:30,18.2,18.3,17.05,17.35,43534866
2018-01-19 09:15:00+05:30,17.5,17.75,17.3,17.65,19297908
2018-01-22 09:15:00+05:30,17.8,17.85,17.3,17.35,18899838
2018-01-23 09:15:00+05:30,17.5,18.4,17.4,18.1,52107162
2018-01-24 09:15:00+05:30,18.1,18.2,17.35,17.5,38371137
2018-01-25 09:15:00+05:30,17.6,17.8,17.2,17.35,102402453
2018-01-29 09:15:00+05:30,17.45,17.85,17.2,17.3,22662123
2018-01-30 09:15:00+05:30,17.25,17.5,17.15,17.35,15975693
2018-01-31 09:15:00+05:30,17.35,17.45,16.75,16.95,36987822
2018-02-01 09:15:00+05:30,16.9,17.35,16.55,17.1,30478509
2018-02-02 09:15:00+05:30,16.9,16.9,15.7,16.0,35613597
2018-02-05 09:15:00+05:30,15.7,16.2,15.4,16.0,40753302
2018-02-06 09:15:00+05:30,15.15,15.6,14.95,15.4,46825236
2018-02-07 09:15:00+05:30,15.65,15.85,15.6,15.65,18376056
2018-02-08 09:15:00+05:30,15.85,16.35,15.7,16.1,20850036
2018-02-09 09:15:00+05:30,15.65,16.5,15.65,16.4,29006994
2018-02-12 09:15:00+05:30,16.6,16.9,16.5,16.6,23521368
2018-02-14 09:15:00+05:30,16.85,16.85,16.05,16.1,28835808
2018-02-15 09:15:00+05:30,16.35,16.45,16.1,16.25,18143235
2018-02-16 09:15:00+05:30,16.4,16.55,15.7,15.8,27547395
2018-02-19 09:15:00+05:30,15.85,15.85,15.25,15.5,32971734
2018-02-20 09:15:00+05:30,15.6,16.0,15.55,15.75,31459674
2018-02-21 09:15:00+05:30,15.85,15.85,15.4,15.55,26710500
2018-02-22 09:15:00+05:30,15.6,15.6,15.15,15.25,78833628
2018-02-23 09:15:00+05:30,15.4,15.85,15.3,15.65,23719737
2018-02-26 09:15:00+05:30,15.85,16.0,15.75,15.85,19540227
2018-02-27 09:15:00+05:30,15.9,16.0,15.7,15.8,14954166
2018-02-28 09:15:00+05:30,15.75,15.75,15.6,15.6,19883208
2018-03-01 09:15:00+05:30,15.6,16.0,15.6,15.75,25845678
2018-03-05 09:15:00+05:30,15.65,15.65,14.65,14.8,59272350
2018-03-06 09:15:00+05:30,14.95,15.15,14.75,14.8,24330780
2018-03-07 09:15:00+05:30,14.7,15.05,14.4,14.95,51621183
2018-03-08 09:15:00+05:30,15.05,15.1,14.6,14.95,18968505
2018-03-09 09:15:00+05:30,14.95,15.05,14.6,14.65,14625312
2018-03-12 09:15:00+05:30,14.8,15.0,14.65,14.9,25499052
2018-03-13 09:15:00+05:30,14.8,15.05,14.75,15.0,18523740
2018-03-14 09:15:00+05:30,15.0,15.15,14.7,15.05,23774850
2018-03-15 09:15:00+05:30,15.05,15.15,14.9,15.0,20491911
2018-03-16 09:15:00+05:30,15.05,15.35,14.95,15.2,37135947
2018-03-19 09:15:00+05:30,14.8,14.8,14.1,14.2,68212842
2018-03-20 09:15:00+05:30,13.95,14.4,13.9,14.3,19765131
2018-03-21 09:15:00+05:30,14.3,14.6,14.3,14.5,66266022
2018-03-22 09:15:00+05:30,14.5,14.75,14.35,14.5,26462388
2018-03-23 09:15:00+05:30,14.2,14.5,14.05,14.4,33564099
2018-03-26 09:15:00+05:30,14.65,15.0,14.4,14.7,67728417
2018-03-27 09:15:00+05:30,14.7,14.7,14.4,14.6,30854814
2018-03-28 09:15:00+05:30,14.4,14.55,14.25,14.3,51571122
2018-04-02 09:15:00+05:30,14.3,14.3,14.15,14.2,12553521
2018-04-03 09:15:00+05:30,14.1,14.3,14.1,14.3,8685798
2018-04-04 09:15:00+05:30,14.35,14.4,13.9,13.95,22109058
2018-04-05 09:15:00+05:30,14.15,14.25,14.1,14.2,17272842
2018-04-06 09:15:00+05:30,14.2,14.35,14.1,14.3,17056113
2018-04-09 09:15:00+05:30,14.35,14.45,14.3,14.35,9991608
2018-04-10 09:15:00+05:30,14.45,14.9,14.4,14.85,37500954
2018-04-11 09:15:00+05:30,14.9,14.95,14.55,14.65,17429676
2018-04-12 09:15:00+05:30,14.5,14.75,14.4,14.55,15062022
2018-04-13 09:15:00+05:30,14.55,15.0,14.55,14.9,19064805
2018-04-16 09:15:00+05:30,14.95,15.1,14.8,15.0,24014742
2018-04-17 09:15:00+05:30,15.05,15.1,14.9,15.05,14739741
2018-04-18 09:15:00+05:30,15.1,15.15,14.7,14.8,17638467
2018-04-19 09:15:00+05:30,14.75,15.2,14.65,15.1,23667633
2018-04-20 09:15:00+05:30,15.05,15.05,14.7,14.8,20301057
2018-04-23 09:15:00+05:30,14.85,15.1,14.65,15.0,19970145
2018-04-24 09:15:00+05:30,14.9,15.05,14.55,14.95,15598701
2018-04-25 09:15:00+05:30,15.1,15.1,14.9,15.05,24784305
2018-04-26 09:15:00+05:30,15.05,15.15,14.75,14.85,38898066
2018-04-27 09:15:00+05:30,14.9,15.05,14.85,14.95,6380364
2018-04-30 09:15:00+05:30,14.9,15.1,14.9,15.05,7393134
2018-05-02 09:15:00+05:30,15.05,15.15,14.85,14.95,13034484
2018-05-03 09:15:00+05:30,14.9,14.95,14.6,14.7,11171682
2018-05-04 09:15:00+05:30,14.6,14.65,14.45,14.45,9999960
2018-05-07 09:15:00+05:30,14.4,14.7,14.4,14.55,10063227
2018-05-08 09:15:00+05:30,14.55,14.7,14.3,14.35,17097093
2018-05-09 09:15:00+05:30,14.35,14.5,14.35,14.35,11797290
2018-05-10 09:15:00+05:30,14.35,14.4,13.9,14.0,27329451
2018-05-11 09:15:00+05:30,13.95,14.2,13.85,13.95,18300078
2018-05-14 09:15:00+05:30,13.95,14.1,13.7,13.8,12630807
2018-05-15 09:15:00+05:30,13.85,14.2,13.75,13.8,11248554
2018-05-16 09:15:00+05:30,13.8,14.05,13.7,13.9,9056088
2018-05-17 09:15:00+05:30,13.9,14.05,13.75,13.8,6569334
2018-05-18 09:15:00+05:30,13.75,14.15,13.7,13.8,19369836
2018-05-21 09:15:00+05:30,13.75,13.95,13.45,13.6,15227322
2018-05-22 09:15:00+05:30,13.6,13.8,13.5,13.65,10134297
2018-05-23 09:15:00+05:30,13.6,13.8,13.45,13.55,12534873
2018-05-24 09:15:00+05:30,13.7,14.0,13.4,13.9,19873977
2018-05-25 09:15:00+05:30,13.95,14.15,13.8,14.05,8027757
2018-05-28 09:15:00+05:30,14.15,14.55,14.15,14.35,17491356
2018-05-29 09:15:00+05:30,14.8,14.8,14.35,14.4,34297782
2018-05-30 09:15:00+05:30,14.35,14.6,14.3,14.4,10160664
2018-05-31 09:15:00+05:30,14.4,14.55,13.85,14.15,11832630
2018-06-01 09:15:00+05:30,14.1,14.3,13.75,13.85,12267387
2018-06-04 09:15:00+05:30,13.95,14.0,13.65,13.8,9251892
2018-06-05 09:15:00+05:30,13.75,13.8,13.45,13.55,9202476
2018-06-06 09:15:00+05:30,13.4,13.8,13.3,13.75,11042493
2018-06-07 09:15:00+05:30,13.8,14.05,13.8,13.95,7464204
2018-06-08 09:15:00+05:30,13.85,14.35,13.8,14.25,11592495
2018-06-11 09:15:00+05:30,14.25,14.35,13.8,13.95,20739777
2018-06-12 09:15:00+05:30,13.95,14.2,13.8,14.1,11979180
2018-06-13 09:15:00+05:30,14.05,14.15,13.85,13.9,8535075
2018-06-14 09:15:00+05:30,13.85,14.1,13.8,13.85,6384639
2018-06-15 09:15:00+05:30,13.8,13.9,13.55,13.55,15740868
2018-06-18 09:15:00+05:30,13.55,13.55,13.3,13.45,13279035
2018-06-19 09:15:00+05:30,13.4,13.55,12.85,12.9,26299758
2018-06-20 09:15:00+05:30,12.95,13.1,12.8,13.1,13309212
2018-06-21 09:15:00+05:30,13.15,13.2,12.85,12.85,8232039
2018-06-22 09:15:00+05:30,12.85,13.25,12.75,13.15,16410921
2018-06-25 09:15:00+05:30,13.15,13.15,12.9,12.95,8321970
2018-06-26 09:15:00+05:30,12.85,13.0,12.8,12.9,13930860
2018-06-27 09:15:00+05:30,12.85,12.9,12.65,12.7,27461055
2018-06-28 09:15:00+05:30,12.7,12.7,12.25,12.4,24831738
2018-06-29 09:15:00+05:30,12.4,13.0,12.4,12.95,16366416
2018-07-02 09:15:00+05:30,13.05,13.05,12.5,12.7,10963914
2018-07-03 09:15:00+05:30,12.6,12.7,12.5,12.55,6129876
2018-07-04 09:15:00+05:30,12.7,12.7,12.35,12.5,11878806
2018-07-05 09:15:00+05:30,12.5,12.5,12.15,12.35,13186353
2018-07-06 09:15:00+05:30,12.35,12.5,12.2,12.35,9158238
2018-07-09 09:15:00+05:30,12.55,12.6,12.4,12.45,7774635
2018-07-10 09:15:00+05:30,12.55,12.65,12.3,12.55,10935369
2018-07-11 09:15:00+05:30,12.5,12.55,12.25,12.35,8028459
2018-07-12 09:15:00+05:30,12.5,12.5,12.2,12.25,8613885
2018-07-13 09:15:00+05:30,12.25,12.5,11.8,11.95,28541049
2018-07-16 09:15:00+05:30,11.95,11.95,11.4,11.5,11801013
2018-07-17 09:15:00+05:30,11.5,11.7,11.35,11.6,12322905
2018-07-18 09:15:00+05:30,11.7,11.75,11.25,11.35,10573845
2018-07-19 09:15:00+05:30,11.5,11.55,11.2,11.5,18149718
2018-07-20 09:15:00+05:30,11.4,11.6,11.25,11.5,13944423
2018-07-23 09:51:00+05:30,11.5,11.6,11.2,11.4,16864431
2018-07-24 09:15:00+05:30,11.5,11.7,11.35,11.65,13474320
2018-07-25 09:15:00+05:30,11.8,12.25,11.75,12.2,53854635
2018-07-26 09:15:00+05:30,12.25,12.45,12.05,12.2,24024570
2018-07-27 09:15:00+05:30,12.3,12.55,12.2,12.45,11932335
2018-07-30 09:15:00+05:30,12.55,12.75,12.4,12.6,12920940
2018-07-31 09:15:00+05:30,12.6,12.75,12.5,12.65,14424171
2018-08-01 09:15:00+05:30,12.7,13.1,12.65,12.85,145643436
2018-08-02 09:15:00+05:30,12.85,12.9,12.5,12.85,21056409
2018-08-03 09:15:00+05:30,12.8,12.9,12.7,12.85,21635766
2018-08-06 09:15:00+05:30,12.9,12.95,12.7,12.9,22737078
2018-08-07 09:15:00+05:30,12.9,13.85,12.85,13.75,59337519
2018-08-08 09:15:00+05:30,13.75,13.8,13.35,13.65,52420023
2018-08-09 09:15:00+05:30,13.2,13.55,12.5,12.85,81158028
2018-08-10 09:15:00+05:30,12.85,13.1,12.55,12.7,38593971
2018-08-13 09:15:00+05:30,12.6,12.8,12.3,12.45,26629584
2018-08-14 09:15:00+05:30,12.5,12.6,12.15,12.2,15749121
2018-08-16 09:15:00+05:30,12.15,12.4,11.95,12.15,21211587
2018-08-17 09:15:00+05:30,12.2,12.75,12.15,12.55,29886924
2018-08-20 09:15:00+05:30,12.65,12.75,12.45,12.7,16649832
2018-08-21 09:15:00+05:30,12.75,12.8,12.4,12.45,12652800
2018-08-23 09:15:00+05:30,12.45,12.55,12.35,12.4,9395865
2018-08-24 09:15:00+05:30,12.45,12.5,12.3,12.4,15138987
2018-08-27 09:15:00+05:30,12.5,13.0,12.5,12.9,27413946
2018-08-28 09:15:00+05:30,12.9,13.1,12.7,13.05,22821669
2018-08-29 09:15:00+05:30,12.9,13.35,12.9,13.0,31165947
2018-08-30 09:15:00+05:30,12.9,13.2,12.9,13.15,34950000
2018-08-31 09:15:00+05:30,13.1,13.75,13.05,13.4,35806638
2018-09-03 09:15:00+05:30,13.45,13.85,13.25,13.55,39489075
2018-09-04 09:15:00+05:30,13.7,13.7,13.45,13.55,30049443
2018-09-05 09:15:00+05:30,13.45,13.55,13.05,13.4,20964906
2018-09-06 09:15:00+05:30,13.7,14.0,13.45,13.9,35081253
2018-09-07 09:15:00+05:30,13.95,14.7,13.85,14.3,67398114
2018-09-10 09:15:00+05:30,14.4,14.65,14.25,14.4,35598699
2018-09-11 09:15:00+05:30,14.4,14.7,14.2,14.3,22124238
2018-09-12 09:15:00+05:30,14.25,14.8,14.1,14.65,43118373
2018-09-14 09:15:00+05:30,14.9,15.0,14.65,14.95,25668648
2018-09-17 09:15:00+05:30,14.7,14.85,14.35,14.4,24914301
2018-09-18 09:15:00+05:30,14.4,14.6,14.2,14.35,17148039
2018-09-19 09:15:00+05:30,14.35,14.5,14.1,14.25,17774595
2018-09-21 09:15:00+05:30,14.35,14.4,13.3,13.9,53722350
2018-09-24 09:15:00+05:30,13.9,13.95,13.45,13.55,20995644
2018-09-25 09:15:00+05:30,13.5,13.65,13.3,13.6,19005600
2018-09-26 09:15:00+05:30,13.7,14.2,13.55,14.1,25682289
2018-09-27 09:15:00+05:30,14.3,14.35,13.85,14.25,72833031
2018-09-28 09:15:00+05:30,14.25,14.3,13.55,13.6,30459186
2018-10-01 09:15:00+05:30,13.6,13.7,12.95,13.35,30438678
2018-10-03 09:15:00+05:30,13.3,14.15,13.25,13.8,22636773
2018-10-04 09:15:00+05:30,13.65,14.1,13.55,13.85,18103893
2018-10-05 09:15:00+05:30,13.75,13.8,12.9,13.1,33888783
2018-10-08 09:15:00+05:30,12.85,13.2,12.5,12.95,24352293
2018-10-09 09:15:00+05:30,12.95,13.2,12.8,12.85,21625587
2018-10-10 09:15:00+05:30,12.9,13.25,12.85,13.2,23037978
2018-10-11 09:15:00+05:30,12.75,13.2,12.55,13.0,17163588
2018-10-12 09:15:00+05:30,13.15,13.5,13.15,13.35,15221907
2018-10-15 09:15:00+05:30,13.35,13.6,13.15,13.55,13292886
2018-10-16 09:15:00+05:30,13.55,13.75,13.55,13.6,8139060
2018-10-17 09:15:00+05:30,13.7,13.8,12.95,13.25,11501766
2018-10-19 09:15:00+05:30,12.95,13.6,12.9,13.15,20057643
2018-10-22 09:15:00+05:30,13.25,13.3,13.0,13.1,10000248
2018-10-23 09:15:00+05:30,13.0,13.4,12.85,13.25,13920675
2018-10-24 09:15:00+05:30,13.3,13.35,12.95,13.2,13668423
2018-10-25 09:15:00+05:30,13.05,13.15,12.55,12.7,70483203
2018-10-26 09:15:00+05:30,12.5,13.1,12.5,12.8,20053641
2018-10-29 09:15:00+05:30,12.85,13.25,12.8,13.15,12499701
2018-10-30 09:15:00+05:30,13.2,13.35,12.95,13.1,18594171
2018-10-31 09:15:00+05:30,13.05,13.25,12.85,13.1,12236994
2018-11-01 09:15:00+05:30,13.1,13.85,13.0,13.75,26575722
2018-11-02 09:15:00+05:30,13.85,14.25,13.65,13.8,21607002
2018-11-05 09:15:00+05:30,13.85,14.15,13.6,13.85,11411118
2018-11-06 09:15:00+05:30,13.95,14.0,12.9,13.45,63252213
2018-11-09 09:15:00+05:30,13.55,13.8,13.15,13.2,17138652
2018-11-12 09:15:00+05:30,13.3,13.35,12.75,12.8,26148324
2018-11-13 09:15:00+05:30,12.8,12.95,12.6,12.9,13521591
2018-11-14 09:15:00+05:30,12.85,13.15,12.75,12.95,36348585
2018-11-15 09:15:00+05:30,12.9,13.0,12.75,12.85,13848093
2018-11-16 09:15:00+05:30,12.9,12.95,11.85,12.05,66406857
2018-11-19 09:15:00+05:30,12.25,12.3,12.0,12.05,27146136
2018-11-20 09:15:00+05:30,12.05,12.1,11.8,11.9,19918224
2018-11-21 09:15:00+05:30,11.85,11.85,11.6,11.75,14096853
2018-11-22 09:15:00+05:30,11.65,11.7,11.4,11.45,23706552
2018-11-26 09:15:00+05:30,11.5,11.6,11.35,11.55,22513677
2018-11-27 09:15:00+05:30,11.55,11.55,11.25,11.35,21877578
2018-11-28 09:15:00+05:30,11.4,11.4,11.15,11.25,17109378
2018-11-29 09:15:00+05:30,11.3,11.4,11.1,11.3,46780902
2018-11-30 09:15:00+05:30,11.35,11.5,11.3,11.45,17962329
2018-12-03 00:00:00+05:30,11.55,11.65,11.45,11.55,15604938
2018-12-04 00:00:00+05:30,11.5,11.65,11.35,11.4,23729388
2018-12-05 00:00:00+05:30,11.35,11.35,10.85,10.95,22129203
2018-12-06 00:00:00+05:30,10.9,11.2,10.7,11.05,17723277
2018-12-07 00:00:00+05:30,11.15,11.2,10.75,11.0,15665154
2018-12-10 00:00:00+05:30,10.75,10.95,10.75,10.95,11374269
2018-12-11 00:00:00+05:30,10.75,10.95,10.55,10.9,20346153
2018-12-12 00:00:00+05:30,10.95,11.3,10.9,11.25,10939014
2018-12-13 00:00:00+05:30,11.25,11.35,11.05,11.15,14883117
2018-12-14 00:00:00+05:30,11.1,11.3,10.95,11.25,9663603
2018-12-17 00:00:00+05:30,11.35,11.4,11.2,11.35,13289367
2018-12-18 00:00:00+05:30,11.25,11.5,11.25,11.4,11317236
2018-12-19 00:00:00+05:30,11.5,11.65,11.4,11.6,14014593
2018-12-20 00:00:00+05:30,11.55,11.75,11.45,11.7,10053054
2018-12-21 00:00:00+05:30,11.6,11.7,11.3,11.35,18583218
2018-12-24 00:00:00+05:30,11.35,11.5,11.15,11.35,15269073
2018-12-26 00:00:00+05:30,11.35,11.45,11.1,11.35,18753189
2018-12-27 00:00:00+05:30,11.45,11.45,10.95,11.05,109383630
2018-12-28 00:00:00+05:30,11.05,11.5,11.05,11.4,17997744
2018-12-31 00:00:00+05:30,11.45,11.75,11.4,11.55,14841114
2019-01-01 00:00:00+05:30,11.55,11.65,11.4,11.45,8887170
2019-01-02 00:00:00+05:30,11.7,11.9,11.55,11.55,92035194
2019-01-03 00:00:00+05:30,11.6,11.65,11.25,11.25,44188686
2019-01-04 00:00:00+05:30,11.25,11.35,11.15,11.25,33242094
2019-01-07 00:00:00+05:30,11.35,11.45,11.25,11.35,23836521
2019-01-08 00:00:00+05:30,11.35,11.45,11.3,11.35,33504324
2019-01-09 00:00:00+05:30,11.1,11.2,10.8,10.9,83214801
2019-01-10 00:00:00+05:30,10.9,10.95,10.85,10.9,43031406
2019-01-11 00:00:00+05:30,10.9,11.1,10.9,11.0,29003277
2019-01-14 00:00:00+05:30,11.1,11.1,10.95,11.0,29061312
2019-01-15 00:00:00+05:30,11.25,11.25,11.0,11.25,34949142
2019-01-16 00:00:00+05:30,11.25,11.35,11.15,11.2,58482552
2019-01-17 00:00:00+05:30,11.1,11.1,10.95,10.95,47448303
2019-01-18 00:00:00+05:30,11.0,11.0,10.8,10.8,27661749
2019-01-21 00:00:00+05:30,10.85,10.9,10.65,10.75,16365867
2019-01-22 00:00:00+05:30,10.75,10.85,10.6,10.8,10559964
2019-01-23 00:00:00+05:30,10.8,10.9,10.65,10.7,11848905
2019-01-24 00:00:00+05:30,10.7,10.8,10.65,10.75,6839445
2019-01-25 00:00:00+05:30,10.75,11.05,10.7,10.8,20623893
2019-01-28 00:00:00+05:30,10.8,10.95,10.7,10.9,16949010
2019-01-29 00:00:00+05:30,10.9,11.05,10.8,11.0,13701684
2019-01-30 00:00:00+05:30,11.05,11.55,11.05,11.5,54569745
2019-01-31 00:00:00+05:30,11.55,11.6,11.35,11.55,61851366
2019-02-01 00:00:00+05:30,11.65,11.65,11.25,11.4,37453782
2019-02-04 00:00:00+05:30,11.35,11.45,10.9,11.4,37391967
2019-02-05 00:00:00+05:30,11.35,11.45,11.15,11.25,10547757
2019-02-06 00:00:00+05:30,11.25,11.4,10.95,11.35,14533599
2019-02-07 00:00:00+05:30,11.4,11.55,11.35,11.4,17553033
2019-02-08 00:00:00+05:30,11.35,11.45,11.2,11.25,10868604
2019-02-11 00:00:00+05:30,11.25,11.35,11.1,11.3,32161251
2019-02-12 00:00:00+05:30,11.3,11.55,11.25,11.4,25658253
2019-02-13 00:00:00+05:30,11.4,11.45,11.15,11.2,14942157
2019-02-14 00:00:00+05:30,11.25,11.25,11.0,11.15,17322609
2019-02-15 00:00:00+05:30,11.15,11.15,10.9,10.95,19952718
2019-02-18 00:00:00+05:30,10.95,11.2,10.95,11.0,20734488
2019-02-19 00:00:00+05:30,11.0,11.2,10.95,11.1,18367080
2019-02-20 00:00:00+05:30,11.1,11.3,11.1,11.25,20299245
2019-02-21 00:00:00+05:30,11.25,11.45,11.25,11.4,29642823
2019-02-22 00:00:00+05:30,11.4,11.6,11.35,11.55,33393597
2019-02-25 00:00:00+05:30,11.6,11.65,11.55,11.6,28250952
2019-02-26 00:00:00+05:30,11.55,11.65,11.5,11.6,26449083
2019-02-27 00:00:00+05:30,11.65,11.7,11.55,11.6,29026212
2019-02-28 00:00:00+05:30,11.65,12.15,11.55,12.05,106388925
2019-03-01 00:00:00+05:30,12.2,12.35,12.1,12.3,33357006
2019-03-05 00:00:00+05:30,12.35,12.75,12.3,12.7,31722918
2019-03-06 00:00:00+05:30,12.75,12.95,12.65,12.85,49779468
2019-03-07 00:00:00+05:30,12.9,13.1,12.85,13.05,36576123
2019-03-08 00:00:00+05:30,12.9,13.3,12.85,13.2,62293800
2019-03-11 00:00:00+05:30,13.15,13.35,12.95,13.3,24412857
2019-03-12 00:00:00+05:30,13.35,13.55,13.25,13.45,45569556
2019-03-13 00:00:00+05:30,13.7,13.8,13.55,13.65,56221248
2019-03-14 00:00:00+05:30,13.7,13.8,13.55,13.75,28376859
2019-03-15 00:00:00+05:30,13.85,13.85,13.65,13.8,27172722
2019-03-18 00:00:00+05:30,13.8,14.05,13.8,13.9,29123754
2019-03-19 00:00:00+05:30,13.9,14.25,13.85,14.2,27154404
2019-03-20 00:00:00+05:30,14.3,14.3,13.55,13.65,67103325
2019-03-22 00:00:00+05:30,12.85,13.15,12.35,12.85,53790708
2019-03-25 00:00:00+05:30,12.7,12.7,12.4,12.6,33032865
2019-03-26 00:00:00+05:30,12.6,12.8,12.4,12.55,44533107
2019-03-27 00:00:00+05:30,12.7,12.7,12.1,12.15,42419781
2019-03-28 00:00:00+05:30,12.15,12.5,12.0,12.1,51911976
2019-03-29 00:00:00+05:30,12.25,12.7,12.25,12.55,50771976
2019-04-01 00:00:00+05:30,12.75,12.9,12.6,12.65,23269350
2019-04-02 00:00:00+05:30,12.7,13.0,12.5,12.6,41932035
2019-04-03 00:00:00+05:30,12.7,12.85,12.5,12.55,27118905
2019-04-04 00:00:00+05:30,12.6,12.75,12.5,12.6,17618451
2019-04-05 00:00:00+05:30,12.65,12.85,12.6,12.65,25510008
2019-04-08 00:00:00+05:30,12.85,12.9,12.6,12.7,23659695
2019-04-09 00:00:00+05:30,12.7,12.7,12.45,12.5,23563050
2019-04-10 00:00:00+05:30,12.5,12.7,12.5,12.5,18122535
2019-04-11 00:00:00+05:30,12.5,12.55,12.35,12.45,22404564
2019-04-12 00:00:00+05:30,12.45,12.65,12.4,12.5,17823681
2019-04-15 00:00:00+05:30,12.6,12.7,12.5,12.55,18148377
2019-04-16 00:00:00+05:30,12.6,12.7,12.45,12.5,24180204
2019-04-18 00:00:00+05:30,12.5,12.65,12.35,12.55,26549697
2019-04-22 00:00:00+05:30,12.55,12.55,12.2,12.25,11206983
2019-04-23 00:00:00+05:30,12.25,12.45,12.2,12.35,16471299
2019-04-24 00:00:00+05:30,12.35,12.4,12.2,12.25,19725348
2019-04-25 00:00:00+05:30,12.25,12.35,11.95,12.0,15548295
2019-04-26 00:00:00+05:30,12.0,12.35,11.9,11.95,25102800
2019-04-30 00:00:00+05:30,11.95,12.1,11.85,12.0,38050881
2019-05-02 00:00:00+05:30,11.95,12.15,11.95,12.1,17592489
2019-05-03 00:00:00+05:30,12.05,12.25,11.95,11.95,29558514
2019-05-06 00:00:00+05:30,11.7,11.9,11.5,11.55,20424906
2019-05-07 00:00:00+05:30,11.55,11.85,11.5,11.55,26163630
2019-05-08 00:00:00+05:30,11.5,11.65,11.4,11.45,14662281
2019-05-09 00:00:00+05:30,11.45,11.55,11.35,11.35,15528102
2019-05-10 00:00:00+05:30,11.4,11.5,11.1,11.2,24593292
2019-05-13 00:00:00+05:30,11.25,11.4,11.2,11.25,18892659
2019-05-14 00:00:00+05:30,11.2,11.3,11.0,11.0,19807887
2019-05-15 00:00:00+05:30,11.05,11.15,10.7,10.75,19964040
2019-05-16 00:00:00+05:30,10.8,11.0,10.7,10.8,24805434
2019-05-17 00:00:00+05:30,10.8,10.95,10.75,10.8,25089600
2019-05-20 00:00:00+05:30,11.2,11.6,11.1,11.5,25969521
2019-05-21 00:00:00+05:30,11.6,11.6,11.1,11.15,24550563
2019-05-22 00:00:00+05:30,11.15,11.4,11.15,11.35,35242203
2019-05-23 00:00:00+05:30,11.55,11.85,11.35,11.5,59414511
2019-05-24 00:00:00+05:30,11.55,11.75,11.35,11.7,25250706
2019-05-27 00:00:00+05:30,11.75,12.3,11.75,12.2,33375831
2019-05-28 00:00:00+05:30,12.35,12.45,12.0,12.2,44377410
2019-05-29 00:00:00+05:30,12.5,12.8,12.15,12.3,153791712
2019-05-30 00:00:00+05:30,12.25,12.4,12.15,12.35,36229344
2019-05-31 00:00:00+05:30,12.4,12.4,11.95,12.1,36482913
2019-06-03 00:00:00+05:30,12.0,12.5,11.95,12.45,36447942
2019-06-04 00:00:00+05:30,12.45,12.65,12.3,12.45,31467330
2019-06-06 00:00:00+05:30,12.45,12.65,12.3,12.45,25232703
2019-06-07 00:00:00+05:30,12.35,12.6,12.3,12.55,16643742
2019-06-10 00:00:00+05:30,12.6,12.7,12.35,12.5,17072352
2019-06-11 00:00:00+05:30,12.55,12.9,12.45,12.9,37469766
2019-06-12 00:00:00+05:30,12.9,13.05,12.75,12.9,42886041
2019-06-13 00:00:00+05:30,12.7,12.8,11.95,12.7,81090990
2019-06-14 00:00:00+05:30,12.75,13.1,12.7,12.85,34168884
2019-06-17 00:00:00+05:30,12.85,12.9,12.65,12.75,18199905
2019-06-18 00:00:00+05:30,12.75,12.85,12.5,12.65,17664105
2019-06-19 00:00:00+05:30,12.9,13.1,12.85,12.95,41421501
2019-06-20 00:00:00+05:30,12.8,13.05,12.8,13.0,15544812
2019-06-21 00:00:00+05:30,13.0,13.45,12.9,13.35,44184141
2019-06-24 00:00:00+05:30,13.3,13.45,13.1,13.15,15815463
2019-06-25 00:00:00+05:30,13.05,13.35,13.05,13.3,14431110
2019-06-26 00:00:00+05:30,13.35,13.55,13.25,13.5,25408953
2019-06-27 00:00:00+05:30,13.5,13.75,13.45,13.55,23551425
2019-06-28 00:00:00+05:30,13.6,13.65,13.4,13.55,35348127
2019-07-01 00:00:00+05:30,13.7,13.85,13.55,13.8,28185966
2019-07-02 00:00:00+05:30,13.85,13.95,13.7,13.9,18759117
2019-07-03 00:00:00+05:30,13.9,14.45,13.85,14.3,73971414
2019-07-04 00:00:00+05:30,14.25,14.25,13.95,14.0,15260187
2019-07-05 00:00:00+05:30,13.95,14.0,13.15,13.25,19265499
2019-07-08 00:00:00+05:30,13.25,13.45,12.65,12.85,41140023
2019-07-09 00:00:00+05:30,12.85,13.15,12.8,13.1,18383952
2019-07-10 00:00:00+05:30,13.2,14.0,13.15,13.65,71918223
2019-07-11 00:00:00+05:30,13.8,14.0,12.95,13.2,69371778
2019-07-12 00:00:00+05:30,13.3,13.65,13.25,13.5,32744658
2019-07-15 00:00:00+05:30,13.45,13.75,13.25,13.55,27460698
2019-07-16 00:00:00+05:30,13.55,13.85,13.5,13.8,21862644
2019-07-17 00:00:00+05:30,13.75,14.0,13.6,13.7,29062497
2019-07-18 00:00:00+05:30,13.85,13.95,13.6,13.8,51319182
2019-07-19 00:00:00+05:30,13.85,14.15,13.75,13.85,33813618
2019-07-22 00:00:00+05:30,13.85,13.85,13.4,13.65,15561984
2019-07-23 00:00:00+05:30,13.65,13.85,13.45,13.75,15914913
2019-07-24 00:00:00+05:30,13.8,13.8,13.35,13.4,19835415
2019-07-25 00:00:00+05:30,13.4,13.55,12.9,13.0,27454221
2019-07-26 00:00:00+05:30,12.95,13.45,12.9,13.35,18767547
2019-07-29 00:00:00+05:30,13.45,13.45,13.0,13.1,20129661
2019-07-30 00:00:00+05:30,13.1,13.35,12.85,12.85,36068289
2019-07-31 00:00:00+05:30,12.85,13.15,12.8,13.0,20663685
2019-08-01 00:00:00+05:30,13.0,13.25,12.9,13.0,29225049
2019-08-02 00:00:00+05:30,12.9,12.95,12.5,12.7,26256033
2019-08-05 00:00:00+05:30,12.6,12.6,12.1,12.2,24888768
2019-08-06 00:00:00+05:30,11.95,12.65,11.85,12.55,18197511
2019-08-07 00:00:00+05:30,12.55,12.55,12.05,12.15,22600530
2019-08-08 00:00:00+05:30,12.2,12.3,11.95,12.2,17856693
2019-08-09 00:00:00+05:30,12.25,12.35,12.05,12.2,16200126
2019-08-13 00:00:00+05:30,12.2,12.6,12.0,12.1,29717856
2019-08-14 00:00:00+05:30,12.4,12.65,12.2,12.55,37182489
2019-08-16 00:00:00+05:30,12.55,12.55,12.15,12.3,32707290
2019-08-19 00:00:00+05:30,12.35,12.45,12.15,12.2,17610189
2019-08-20 00:00:00+05:30,12.2,12.2,10.65,10.75,132878418
2019-08-21 00:00:00+05:30,10.7,11.3,10.25,10.3,155874561
2019-08-22 00:00:00+05:30,10.65,10.75,9.2,9.35,158491338
2019-08-23 00:00:00+05:30,9.25,9.75,8.8,9.5,88257063
2019-08-26 00:00:00+05:30,9.7,9.8,9.15,9.45,53562438
2019-08-27 00:00:00+05:30,9.5,10.1,9.3,9.95,75071940
2019-08-28 00:00:00+05:30,9.95,9.95,9.55,9.65,32393727
2019-08-29 00:00:00+05:30,9.6,9.7,9.15,9.45,36753330
2019-08-30 00:00:00+05:30,9.6,9.95,9.45,9.9,37421850
2019-09-03 00:00:00+05:30,9.8,9.8,9.55,9.6,26376636
2019-09-04 00:00:00+05:30,9.55,9.6,9.3,9.45,20980143
2019-09-05 00:00:00+05:30,9.45,9.85,9.45,9.65,30526428
2019-09-06 00:00:00+05:30,9.65,10.05,9.6,9.95,24641625
2019-09-09 00:00:00+05:30,9.95,10.0,9.8,9.85,18835209
2019-09-11 00:00:00+05:30,9.9,10.15,9.9,10.05,18621738
2019-09-12 00:00:00+05:30,10.15,10.2,9.95,10.05,26163153
2019-09-13 00:00:00+05:30,10.1,10.3,10.0,10.25,34388118
2019-09-16 00:00:00+05:30,10.1,10.4,10.1,10.25,26158335
2019-09-17 00:00:00+05:30,10.15,10.35,9.8,9.8,45133563
2019-09-18 00:00:00+05:30,9.8,10.4,9.75,10.35,58264980
2019-09-19 00:00:00+05:30,10.3,10.3,9.8,10.0,32411808
2019-09-20 00:00:00+05:30,10.05,10.45,9.5,10.35,96359556
2019-09-23 00:00:00+05:30,10.45,11.0,10.35,10.9,39577431
2019-09-24 00:00:00+05:30,10.95,11.0,10.55,10.65,17973357
2019-09-25 00:00:00+05:30,10.6,10.6,10.15,10.2,26528682
2019-09-26 00:00:00+05:30,10.2,10.9,10.2,10.85,43455009
2019-09-27 00:00:00+05:30,11.25,11.55,10.85,10.9,185907537
2019-09-30 00:00:00+05:30,10.7,10.85,10.3,10.55,58701585
2019-10-01 00:00:00+05:30,10.55,11.6,10.35,11.55,157351326
2019-10-03 00:00:00+05:30,11.35,11.7,11.25,11.65,91746939
2019-10-04 00:00:00+05:30,11.75,11.75,11.35,11.4,51608553
2019-10-07 00:00:00+05:30,11.4,11.45,10.9,10.95,48719895
2019-10-09 00:00:00+05:30,10.7,11.6,10.7,11.55,59086668
2019-10-10 00:00:00+05:30,11.5,11.7,11.3,11.45,40747845
2019-10-11 00:00:00+05:30,11.45,11.65,11.35,11.55,57546243
2019-10-14 00:00:00+05:30,11.6,12.05,11.5,11.75,57662745
2019-10-15 00:00:00+05:30,11.7,12.2,11.55,12.1,54266388
2019-10-16 00:00:00+05:30,12.15,12.4,12.1,12.3,42852495
2019-10-17 00:00:00+05:30,12.2,12.35,12.0,12.25,35334099
2019-10-18 00:00:00+05:30,12.85,13.25,12.3,13.05,152075835
2019-10-22 00:00:00+05:30,13.2,13.25,12.9,13.15,45542367
2019-10-23 00:00:00+05:30,12.95,13.25,12.8,12.85,32782197
2019-10-24 00:00:00+05:30,12.9,12.9,12.6,12.65,19662882
2019-10-25 00:00:00+05:30,12.5,12.95,12.5,12.85,39043914
2019-10-27 00:00:00+05:30,12.9,13.05,12.85,12.9,2361564
2019-10-29 00:00:00+05:30,13.3,13.55,13.0,13.5,37990803
2019-10-30 00:00:00+05:30,13.5,13.65,13.2,13.25,28663170
2019-10-31 00:00:00+05:30,13.35,13.75,13.2,13.55,47673933
2019-11-01 00:00:00+05:30,13.55,13.55,13.05,13.25,26419773
2019-11-04 00:00:00+05:30,13.2,13.55,13.15,13.2,30295011
2019-11-05 00:00:00+05:30,13.2,13.5,13.15,13.4,21674145
2019-11-06 00:00:00+05:30,13.5,13.8,13.25,13.6,34134606
2019-11-07 00:00:00+05:30,13.55,13.6,12.75,12.9,61405884
2019-11-08 00:00:00+05:30,12.8,13.05,12.4,12.45,44843859
2019-11-11 00:00:00+05:30,12.5,12.8,12.35,12.45,59310624
2019-11-13 00:00:00+05:30,12.45,12.9,11.95,12.05,77236785
2019-11-14 00:00:00+05:30,12.1,12.3,11.7,11.8,33951297
2019-11-15 00:00:00+05:30,11.85,12.0,11.65,11.95,20737704
2019-11-18 00:00:00+05:30,12.0,12.05,11.85,11.95,26137191
2019-11-19 00:00:00+05:30,12.0,12.2,11.9,11.95,22502823
2019-11-20 00:00:00+05:30,12.0,12.5,12.0,12.15,29175783
2019-11-21 00:00:00+05:30,12.25,12.25,11.85,11.95,21969264
2019-11-22 00:00:00+05:30,11.9,12.05,11.8,11.95,17588064
2019-11-25 00:00:00+05:30,12.05,12.5,12.0,12.4,27254364
2019-11-26 00:00:00+05:30,12.4,12.5,12.0,12.05,24843174
2019-11-27 00:00:00+05:30,12.1,12.25,12.05,12.15,10540824
2019-11-28 00:00:00+05:30,12.25,12.7,12.15,12.6,32408064
2019-11-29 00:00:00+05:30,12.55,12.55,12.1,12.3,27139899
2019-12-02 00:00:00+05:30,12.25,12.8,12.15,12.7,31077786
2019-12-03 00:00:00+05:30,12.7,13.1,12.15,12.95,77106060
2019-12-04 00:00:00+05:30,12.85,13.7,12.8,13.6,89931969
2019-12-05 00:00:00+05:30,13.6,13.7,13.0,13.15,38819346
2019-12-06 00:00:00+05:30,13.25,13.4,13.1,13.25,30928293
2019-12-09 00:00:00+05:30,13.3,13.5,12.95,13.1,36179970
2019-12-10 00:00:00+05:30,13.15,13.35,13.1,13.2,16479441
2019-12-11 00:00:00+05:30,13.2,13.5,13.2,13.4,23779092
2019-12-12 00:00:00+05:30,13.4,13.7,13.4,13.65,28019235
2019-12-13 00:00:00+05:30,13.75,13.95,13.55,13.75,48588558
2019-12-16 00:00:00+05:30,13.85,14.2,13.7,13.8,52013397
2019-12-17 00:00:00+05:30,13.8,14.2,13.75,14.1,28939218
2019-12-18 00:00:00+05:30,14.25,14.45,14.15,14.4,85260798
2019-12-19 00:00:00+05:30,14.45,15.0,14.45,14.85,122421006
2019-12-20 00:00:00+05:30,15.0,15.05,14.75,15.0,64322829
2019-12-23 00:00:00+05:30,14.95,15.15,14.8,14.9,37369371
2019-12-24 00:00:00+05:30,14.9,15.1,14.9,15.05,29815455
2019-12-26 00:00:00+05:30,15.05,15.3,15.0,15.2,41031444
2019-12-27 00:00:00+05:30,15.2,15.2,14.9,15.15,35895489
2019-12-30 00:00:00+05:30,15.15,15.45,15.15,15.3,31370151
2019-12-31 00:00:00+05:30,15.4,15.75,15.15,15.55,51500412
2020-01-01 00:00:00+05:30,15.6,15.6,15.3,15.5,18406149
2020-01-02 00:00:00+05:30,15.6,15.85,15.55,15.8,43265976
2020-01-03 00:00:00+05:30,15.85,15.85,15.5,15.6,32935350
2020-01-06 00:00:00+05:30,15.5,15.65,15.35,15.6,37626321
2020-01-07 00:00:00+05:30,15.65,15.75,15.0,15.45,99882921
2020-01-08 00:00:00+05:30,15.35,15.35,14.25,14.65,94040580
2020-01-09 00:00:00+05:30,14.9,14.95,14.35,14.5,71775879
2020-01-10 00:00:00+05:30,14.6,14.8,14.35,14.55,50797038
2020-01-13 00:00:00+05:30,14.6,15.05,14.6,14.85,37923252
2020-01-14 00:00:00+05:30,14.95,15.15,14.9,15.15,38418135
2020-01-15 00:00:00+05:30,15.15,15.85,15.15,15.8,69824910
2020-01-16 00:00:00+05:30,15.85,16.0,15.6,15.7,42102678
2020-01-17 00:00:00+05:30,15.65,15.85,15.6,15.6,16309203
2020-01-20 00:00:00+05:30,16.2,16.8,16.05,16.75,154013682
2020-01-21 00:00:00+05:30,16.7,16.7,16.15,16.2,41086212
2020-01-22 00:00:00+05:30,16.3,16.3,15.55,15.9,120388875
2020-01-23 00:00:00+05:30,15.85,16.85,15.3,16.0,428060973
2020-01-24 00:00:00+05:30,15.5,15.8,15.2,15.55,66745875
2020-01-27 00:00:00+05:30,15.45,15.45,14.85,15.0,31001730
2020-01-28 00:00:00+05:30,14.95,15.2,14.75,14.95,40616544
2020-01-29 00:00:00+05:30,15.0,15.15,14.6,14.75,26285571
2020-01-30 00:00:00+05:30,14.75,14.85,14.3,14.45,48223197
2020-01-31 00:00:00+05:30,14.5,14.7,13.95,14.1,81160668
2020-02-01 00:00:00+05:30,14.05,14.05,12.15,12.6,64904412
2020-02-03 00:00:00+05:30,12.7,13.0,12.25,12.35,59522331
2020-02-04 00:00:00+05:30,12.5,13.15,12.45,13.05,48891030
2020-02-05 00:00:00+05:30,13.1,13.75,12.9,13.7,49522251
2020-02-06 00:00:00+05:30,13.75,14.15,13.5,14.0,63186453
2020-02-07 00:00:00+05:30,13.9,13.9,13.3,13.65,80930124
2020-02-10 00:00:00+05:30,13.55,13.75,13.3,13.55,72152484
2020-02-11 00:00:00+05:30,13.65,13.8,13.45,13.55,48014820
2020-02-12 00:00:00+05:30,13.55,13.85,13.55,13.8,34257156
2020-02-13 00:00:00+05:30,13.8,13.8,13.1,13.2,65160660
2020-02-14 00:00:00+05:30,13.2,13.35,12.7,12.8,54666546
2020-02-17 00:00:00+05:30,12.85,12.9,12.7,12.75,40324143
2020-02-18 00:00:00+05:30,11.95,12.05,11.55,11.9,82703214
2020-02-19 00:00:00+05:30,12.0,12.65,11.95,12.6,64239075
2020-02-20 00:00:00+05:30,12.6,12.8,12.45,12.6,53702472
2020-02-24 00:00:00+05:30,12.5,12.6,12.05,12.15,37872060
2020-02-25 00:00:00+05:30,12.25,12.45,12.0,12.1,31150002
2020-02-26 00:00:00+05:30,11.95,12.1,11.6,11.65,41963994
2020-02-27 00:00:00+05:30,11.65,11.7,11.35,11.5,47319693
2020-02-28 00:00:00+05:30,11.25,11.25,10.5,10.9,80149659
2020-03-02 00:00:00+05:30,11.1,11.45,10.55,10.65,50228070
2020-03-03 00:00:00+05:30,10.85,11.3,10.6,11.2,40488984
2020-03-04 00:00:00+05:30,11.15,11.35,10.9,11.3,51145812
2020-03-05 00:00:00+05:30,11.35,11.65,11.2,11.3,71961297
2020-03-06 00:00:00+05:30,10.7,11.3,10.55,11.25,47196708
2020-03-09 00:00:00+05:30,10.5,10.9,9.85,9.95,100843836
2020-03-11 00:00:00+05:30,9.95,10.2,9.5,9.7,86007576
2020-03-12 00:00:00+05:30,9.1,9.35,8.4,8.55,93224397
2020-03-13 00:00:00+05:30,8.0,9.1,7.2,8.9,100092009
2020-03-16 00:00:00+05:30,8.75,9.3,8.35,8.75,86910849
2020-03-17 00:00:00+05:30,8.75,9.3,8.65,8.7,63094416
2020-03-18 00:00:00+05:30,9.0,10.05,7.5,8.95,212868777
2020-03-19 00:00:00+05:30,8.05,8.6,7.65,7.85,76782903
2020-03-20 00:00:00+05:30,7.9,8.8,7.8,8.55,123189606
2020-03-23 00:00:00+05:30,7.65,8.15,7.3,7.4,53576361
2020-03-24 00:00:00+05:30,7.85,8.0,7.35,7.45,32976285
2020-03-25 00:00:00+05:30,7.4,7.95,7.35,7.75,31452342
2020-03-26 00:00:00+05:30,7.95,8.45,7.75,8.3,72956613
2020-03-27 00:00:00+05:30,8.55,8.8,8.3,8.75,51923565
2020-03-30 00:00:00+05:30,8.4,9.2,8.15,9.1,52133409
2020-03-31 00:00:00+05:30,9.25,9.8,9.1,9.5,59958387
2020-04-01 00:00:00+05:30,9.35,9.75,9.0,9.3,35432409
2020-04-03 00:00:00+05:30,9.4,9.6,8.95,9.4,32293254
2020-04-07 00:00:00+05:30,9.5,9.75,9.2,9.35,40405383
2020-04-08 00:00:00+05:30,9.35,9.6,8.8,8.9,56678055
2020-04-09 00:00:00+05:30,9.05,9.5,9.0,9.5,30569472
2020-04-13 00:00:00+05:30,9.5,10.2,9.2,9.85,42504261
2020-04-15 00:00:00+05:30,10.0,10.3,9.75,9.8,42328320
2020-04-16 00:00:00+05:30,9.85,9.9,9.5,9.6,28181385
2020-04-17 00:00:00+05:30,9.85,9.95,9.5,9.6,40014675
2020-04-20 00:00:00+05:30,9.75,9.8,9.05,9.1,96979791
2020-04-21 00:00:00+05:30,9.0,9.0,8.75,8.75,48095394
2020-04-22 00:00:00+05:30,8.75,8.85,8.55,8.8,61199649
2020-04-23 00:00:00+05:30,8.85,9.3,8.8,9.1,50498316
2020-04-24 00:00:00+05:30,9.1,9.25,8.7,8.75,47340807
2020-04-27 00:00:00+05:30,8.75,9.0,8.75,8.75,15549825
2020-04-28 00:00:00+05:30,8.8,8.9,8.5,8.7,43997301
2020-04-29 00:00:00+05:30,8.75,9.0,8.7,8.9,20465352
2020-04-30 00:00:00+05:30,9.1,9.75,8.95,9.6,45739050
2020-05-04 00:00:00+05:30,8.95,9.25,8.75,8.8,45006420
2020-05-05 00:00:00+05:30,9.0,9.05,8.6,8.65,50392974
2020-05-06 00:00:00+05:30,8.7,8.8,8.45,8.7,35903502
2020-05-07 00:00:00+05:30,8.65,8.75,8.55,8.65,22988007
2020-05-08 00:00:00+05:30,8.75,8.8,8.6,8.7,20435289
2020-05-11 00:00:00+05:30,8.75,8.85,8.55,8.6,18177555
2020-05-12 00:00:00+05:30,8.55,8.65,8.3,8.4,26263824
2020-05-13 00:00:00+05:30,8.75,9.05,8.6,8.85,33942966
2020-05-14 00:00:00+05:30,8.8,8.8,8.5,8.55,26996004
2020-05-15 00:00:00+05:30,8.6,8.9,8.55,8.75,22627170
2020-05-18 00:00:00+05:30,8.8,8.8,8.35,8.4,41508858
2020-05-19 00:00:00+05:30,8.6,8.7,8.4,8.45,18756615
2020-05-20 00:00:00+05:30,8.45,8.6,8.35,8.4,13944759
2020-05-21 00:00:00+05:30,8.45,8.95,8.4,8.8,62821137
2020-05-22 00:00:00+05:30,8.8,8.8,8.5,8.6,32482506
2020-05-26 00:00:00+05:30,8.65,9.05,8.65,8.95,44295390
2020-05-27 00:00:00+05:30,8.9,8.9,8.7,8.85,24309306
2020-05-28 00:00:00+05:30,8.9,9.55,8.8,9.35,54032070
2020-05-29 00:00:00+05:30,9.25,9.8,9.15,9.7,50579859
2020-06-01 00:00:00+05:30,9.9,10.35,9.8,10.05,42234009
2020-06-02 00:00:00+05:30,10.15,10.25,9.9,10.2,54867303
2020-06-03 00:00:00+05:30,10.25,10.35,10.05,10.1,27654114
2020-06-04 00:00:00+05:30,10.05,10.25,9.9,10.2,43973847
2020-06-05 00:00:00+05:30,10.3,10.75,10.25,10.55,54466548
2020-06-08 00:00:00+05:30,10.8,11.35,10.75,10.9,52990071
2020-06-09 00:00:00+05:30,11.05,11.35,10.8,10.95,88317891
2020-06-10 00:00:00+05:30,11.0,11.05,10.55,10.7,24358617
2020-06-11 00:00:00+05:30,10.85,10.9,10.35,10.35,29373117
2020-06-12 00:00:00+05:30,9.9,10.5,9.7,10.4,41244597
2020-06-15 00:00:00+05:30,10.35,10.65,10.05,10.2,37064406
2020-06-16 00:00:00+05:30,10.35,10.45,9.85,10.1,49785453
2020-06-17 00:00:00+05:30,9.8,10.35,9.8,10.2,77095356
2020-06-18 00:00:00+05:30,10.2,10.2,9.75,9.8,66586947
2020-06-19 00:00:00+05:30,9.95,10.05,9.8,9.8,42979464
2020-06-22 00:00:00+05:30,10.0,10.6,9.8,10.4,79034748
2020-06-23 00:00:00+05:30,10.45,10.55,10.3,10.35,40617021
2020-06-24 00:00:00+05:30,10.45,10.7,10.2,10.35,93340245
2020-06-25 00:00:00+05:30,10.2,10.35,9.9,10.05,95017998
2020-06-26 00:00:00+05:30,10.25,10.3,9.95,10.0,41308692
2020-06-29 00:00:00+05:30,9.95,10.0,9.45,9.65,56125383
2020-06-30 00:00:00+05:30,9.75,10.05,9.6,9.7,53449659
2020-07-01 00:00:00+05:30,9.65,9.8,9.5,9.65,34381707
2020-07-02 00:00:00+05:30,9.8,9.8,9.7,9.75,33168234
2020-07-03 00:00:00+05:30,9.8,9.9,9.7,9.8,31663836
2020-07-06 00:00:00+05:30,9.9,10.2,9.9,10.15,43179525
2020-07-07 00:00:00+05:30,10.2,10.2,9.8,9.85,44607927
2020-07-08 00:00:00+05:30,9.95,10.4,9.8,10.1,119417733
2020-07-09 00:00:00+05:30,10.15,10.4,10.15,10.2,48864372
2020-07-10 00:00:00+05:30,10.15,10.2,9.9,10.05,29183973
2020-07-13 00:00:00+05:30,10.05,10.3,10.0,10.2,43362342
2020-07-14 00:00:00+05:30,10.2,10.2,9.8,9.8,31602333
2020-07-15 00:00:00+05:30,9.95,10.0,9.75,9.75,23624946
2020-07-16 00:00:00+05:30,9.8,9.8,9.55,9.8,29412384
2020-07-17 00:00:00+05:30,9.9,10.35,9.9,10.25,89942217
2020-07-20 00:00:00+05:30,10.35,10.35,10.15,10.2,22715619
2020-07-21 00:00:00+05:30,10.2,10.25,9.95,9.95,36467181
2020-07-22 00:00:00+05:30,10.0,10.2,9.8,10.15,69572865
2020-07-23 00:00:00+05:30,10.15,10.35,10.1,10.3,75737103
2020-07-24 00:00:00+05:30,10.25,10.35,10.1,10.15,51966165
2020-07-27 00:00:00+05:30,10.15,10.15,9.8,9.8,44301690
2020-07-28 00:00:00+05:30,9.8,10.2,9.8,10.15,55305474
2020-07-29 00:00:00+05:30,10.15,10.55,10.1,10.35,92712753
2020-07-30 00:00:00+05:30,10.4,10.5,10.2,10.35,53033355
2020-07-31 00:00:00+05:30,10.45,10.5,9.95,9.95,71060250
2020-08-03 00:00:00+05:30,9.95,10.25,9.95,10.05,37239882
2020-08-04 00:00:00+05:30,10.15,10.2,10.05,10.15,24737097
2020-08-05 00:00:00+05:30,10.25,10.45,10.2,10.3,54610380
2020-08-06 00:00:00+05:30,10.35,10.5,10.3,10.4,44717160
2020-08-07 00:00:00+05:30,10.45,10.65,10.45,10.6,64320735
2020-08-10 00:00:00+05:30,10.7,11.05,10.5,10.95,64349850
2020-08-11 00:00:00+05:30,11.15,11.3,11.0,11.15,82632699
2020-08-12 00:00:00+05:30,11.25,11.35,11.05,11.3,65498631
2020-08-13 00:00:00+05:30,11.35,11.4,11.1,11.15,58343094
2020-08-14 00:00:00+05:30,11.25,11.3,10.9,11.15,46900824
2020-08-17 00:00:00+05:30,11.3,11.5,11.2,11.35,44490210
2020-08-18 00:00:00+05:30,11.35,11.45,11.3,11.35,27122424
2020-08-19 00:00:00+05:30,11.4,11.8,11.4,11.65,66597048
2020-08-20 00:00:00+05:30,11.55,11.85,11.45,11.6,47182953
2020-08-21 00:00:00+05:30,11.75,11.8,11.45,11.5,31429764
2020-08-24 00:00:00+05:30,11.55,11.55,11.3,11.45,29384919
2020-08-25 00:00:00+05:30,11.5,11.55,11.25,11.3,27449514
2020-08-26 00:00:00+05:30,11.35,11.8,11.25,11.5,74697294
2020-08-27 00:00:00+05:30,11.5,11.65,11.4,11.5,34789329
2020-08-28 00:00:00+05:30,11.95,13.1,11.95,12.9,472348152
2020-08-31 00:00:00+05:30,12.5,12.55,11.5,11.6,200405784
2020-09-01 00:00:00+05:30,11.75,11.9,11.15,11.55,78046773
2020-09-02 00:00:00+05:30,11.8,11.85,11.5,11.75,70657845
2020-09-03 00:00:00+05:30,11.8,11.85,11.55,11.55,44217429
2020-09-04 00:00:00+05:30,11.35,11.45,11.2,11.25,48560292
2020-09-07 00:00:00+05:30,11.3,11.55,11.15,11.25,56397891
2020-09-08 00:00:00+05:30,11.25,11.25,10.6,10.7,64854591
2020-09-09 00:00:00+05:30,10.55,11.1,10.25,10.95,94602249
2020-09-10 00:00:00+05:30,11.0,11.1,10.5,10.65,52487082
2020-09-11 00:00:00+05:30,10.65,10.8,10.55,10.7,29965173
2020-09-14 00:00:00+05:30,10.85,10.95,10.6,10.65,40530033
2020-09-15 00:00:00+05:30,10.8,10.8,10.55,10.65,25165686
2020-09-16 00:00:00+05:30,10.8,11.35,10.7,10.85,212898435
2020-09-17 00:00:00+05:30,10.7,10.95,10.4,10.5,93996861
2020-09-18 00:00:00+05:30,10.55,10.6,10.3,10.35,53096226
2020-09-21 00:00:00+05:30,10.35,10.35,9.8,9.9,66728961
2020-09-22 00:00:00+05:30,9.9,9.95,9.5,9.65,70659033
2020-09-23 00:00:00+05:30,9.75,9.8,9.4,9.55,50878482
2020-09-24 00:00:00+05:30,9.35,9.4,8.9,8.95,69545781
2020-09-25 00:00:00+05:30,9.1,9.45,8.95,9.4,53334738
2020-09-28 00:00:00+05:30,9.5,9.8,9.5,9.75,42825810
2020-09-29 00:00:00+05:30,9.8,9.95,9.7,9.85,60636714
2020-09-30 00:00:00+05:30,9.85,9.85,9.65,9.8,42238209
2020-10-01 00:00:00+05:30,9.9,10.0,9.8,9.8,24118356
2020-10-05 00:00:00+05:30,9.95,10.0,9.85,9.95,33652842
2020-10-06 00:00:00+05:30,10.0,10.0,9.8,9.9,20430942
2020-10-07 00:00:00+05:30,9.9,9.95,9.75,9.8,22476033
2020-10-08 00:00:00+05:30,9.8,10.2,9.8,9.8,83750100
2020-10-09 00:00:00+05:30,9.9,10.0,9.7,9.75,31541877
2020-10-12 00:00:00+05:30,9.75,9.8,9.55,9.6,24638217
2020-10-13 00:00:00+05:30,9.55,9.6,9.35,9.4,34713033
2020-10-14 00:00:00+05:30,9.3,9.75,9.25,9.5,90693264
2020-10-15 00:00:00+05:30,9.5,9.8,9.5,9.6,48290910
2020-10-16 00:00:00+05:30,9.7,9.95,9.65,9.9,39524646
2020-10-19 00:00:00+05:30,9.95,10.1,9.85,10.1,32130294
2020-10-20 00:00:00+05:30,10.05,10.15,9.85,9.95,31659432
2020-10-21 00:00:00+05:30,9.95,10.2,9.95,10.2,38334963
2020-10-22 00:00:00+05:30,10.1,10.35,9.95,10.3,34444776
2020-10-23 00:00:00+05:30,10.35,10.35,10.05,10.1,61275816
2020-10-26 00:00:00+05:30,10.1,10.15,9.8,9.95,26976159
2020-10-27 00:00:00+05:30,9.9,9.9,9.75,9.8,32846073
2020-10-28 00:00:00+05:30,9.8,9.9,9.55,9.65,24518112
2020-10-29 00:00:00+05:30,9.55,9.7,9.45,9.65,22595598
2020-10-30 00:00:00+05:30,9.7,10.0,9.65,9.8,47592270
2020-11-02 00:00:00+05:30,9.85,10.2,9.75,10.0,58036029
2020-11-03 00:00:00+05:30,10.15,10.35,10.15,10.2,53492220
2020-11-04 00:00:00+05:30,10.3,10.3,10.05,10.2,24881862
2020-11-05 00:00:00+05:30,10.2,10.85,10.2,10.8,100592961
2020-11-06 00:00:00+05:30,10.8,10.85,10.55,10.8,41437065
2020-11-09 00:00:00+05:30,10.9,11.2,10.75,11.2,74842728
2020-11-10 00:00:00+05:30,11.25,11.4,11.05,11.25,60451578
2020-11-11 00:00:00+05:30,11.05,11.05,10.5,10.85,160875555
2020-11-12 00:00:00+05:30,10.9,11.0,10.7,10.85,59186691
2020-11-13 00:00:00+05:30,10.85,11.15,10.7,11.1,52110723
2020-11-14 00:00:00+05:30,11.15,11.3,11.05,11.25,20114673
2020-11-17 00:00:00+05:30,11.35,11.6,11.2,11.5,117564492
2020-11-18 00:00:00+05:30,11.5,11.7,11.35,11.65,100153647
2020-11-19 00:00:00+05:30,11.65,11.85,11.45,11.5,108407334
2020-11-20 00:00:00+05:30,11.45,11.55,11.1,11.2,73633386
2020-11-23 00:00:00+05:30,11.25,11.3,11.0,11.2,41368650
2020-11-24 00:00:00+05:30,11.2,11.25,11.0,11.2,112552146
2020-11-25 00:00:00+05:30,11.2,11.4,11.1,11.15,67633191
2020-11-26 00:00:00+05:30,11.2,11.55,11.1,11.55,65929428
2020-11-27 00:00:00+05:30,11.55,11.8,11.45,11.55,89061240
2020-12-01 00:00:00+05:30,11.55,11.95,11.5,11.85,72537624
2020-12-02 00:00:00+05:30,12.05,12.55,11.95,12.35,181589850
2020-12-03 00:00:00+05:30,12.6,12.85,12.5,12.7,103792884
2020-12-04 00:00:00+05:30,12.75,12.9,12.4,12.85,85153245
2020-12-07 00:00:00+05:30,12.9,13.3,12.85,13.1,104407920
2020-12-08 00:00:00+05:30,13.1,13.2,12.75,12.9,53875224
2020-12-09 00:00:00+05:30,13.0,13.1,12.85,12.85,37653990
2020-12-10 00:00:00+05:30,12.85,12.95,12.5,12.9,39249012
2020-12-11 00:00:00+05:30,12.95,13.65,12.95,13.3,115652667
2020-12-14 00:00:00+05:30,13.55,14.2,13.55,14.05,190906173
2020-12-15 00:00:00+05:30,14.1,14.2,13.55,13.8,75355425
2020-12-16 00:00:00+05:30,14.15,14.5,13.7,13.8,192637350
2020-12-17 00:00:00+05:30,13.8,14.2,13.75,13.9,76263153
2020-12-18 00:00:00+05:30,13.9,13.95,13.6,13.9,62641698
2020-12-21 00:00:00+05:30,13.9,14.25,12.85,13.05,91923939
2020-12-22 00:00:00+05:30,13.15,13.55,12.9,13.35,99051738
2020-12-23 00:00:00+05:30,13.5,13.55,13.05,13.4,76493376
2020-12-24 00:00:00+05:30,13.5,13.85,13.15,13.6,102445272
2020-12-28 00:00:00+05:30,13.7,14.1,13.6,13.95,39603954
2020-12-29 00:00:00+05:30,14.1,14.15,13.6,13.65,51371124
2020-12-30 00:00:00+05:30,13.8,14.05,13.55,13.95,55220712
2020-12-31 00:00:00+05:30,14.1,14.2,13.7,13.75,115298097
2021-01-01 00:00:00+05:30,13.8,14.1,13.8,14.0,44645415
2021-01-04 00:00:00+05:30,14.25,14.85,14.15,14.7,141176598
2021-01-05 00:00:00+05:30,14.7,14.7,14.35,14.5,66136287
2021-01-06 00:00:00+05:30,14.65,15.2,14.55,14.85,140474784
2021-01-07 00:00:00+05:30,15.15,15.55,15.1,15.45,133258101
2021-01-08 00:00:00+05:30,15.6,15.6,15.05,15.15,80090910
2021-01-11 00:00:00+05:30,15.2,15.7,14.9,15.55,92831082
2021-01-12 00:00:00+05:30,15.5,15.7,15.25,15.35,59820990
2021-01-13 00:00:00+05:30,15.5,15.55,14.95,15.15,59302089
2021-01-14 00:00:00+05:30,15.15,15.25,15.05,15.1,35789373
2021-01-15 00:00:00+05:30,15.1,15.25,14.55,14.65,62237742
2021-01-18 00:00:00+05:30,14.65,14.7,13.85,14.0,76324740
2021-01-19 00:00:00+05:30,14.05,14.6,14.05,14.5,52654551
2021-01-20 00:00:00+05:30,14.5,14.7,14.35,14.55,51937437
2021-01-21 00:00:00+05:30,14.55,14.65,14.0,14.1,57110670
2021-01-22 00:00:00+05:30,14.1,14.2,13.35,13.45,63763914
2021-01-25 00:00:00+05:30,13.55,13.55,12.9,13.2,65950851
2021-01-27 00:00:00+05:30,13.1,13.35,12.75,12.85,43003269
2021-01-28 00:00:00+05:30,12.6,12.95,12.5,12.85,49049529
2021-01-29 00:00:00+05:30,12.9,13.0,12.55,12.65,47974227
2021-02-01 00:00:00+05:30,12.75,13.25,12.45,13.05,96117300
2021-02-02 00:00:00+05:30,13.25,13.55,12.95,13.3,75752520
2021-02-03 00:00:00+05:30,13.35,13.55,13.2,13.25,65934582
2021-02-04 00:00:00+05:30,13.3,14.15,13.2,14.0,96865917
2021-02-05 00:00:00+05:30,14.1,14.25,13.7,13.95,63690954
2021-02-08 00:00:00+05:30,13.95,14.4,13.8,14.2,87021135
2021-02-09 00:00:00+05:30,14.9,14.9,13.9,14.05,205700121
2021-02-10 00:00:00+05:30,14.2,14.3,13.9,14.1,49783182
2021-02-11 00:00:00+05:30,13.95,13.95,13.3,13.6,95564715
2021-02-12 00:00:00+05:30,13.7,13.75,13.45,13.5,38328297
2021-02-15 00:00:00+05:30,13.55,13.6,13.4,13.45,34770225
2021-02-16 00:00:00+05:30,13.6,14.15,13.6,13.85,111170346
2021-02-17 00:00:00+05:30,13.9,14.1,13.75,14.0,49147284
2021-02-18 00:00:00+05:30,14.0,14.5,13.95,14.4,87898410
2021-02-19 00:00:00+05:30,14.75,14.85,13.95,14.2,195922053
2021-02-22 00:00:00+05:30,14.3,14.6,14.15,14.4,108091431
2021-02-23 00:00:00+05:30,14.5,15.15,14.4,14.8,150848559
2021-02-24 00:00:00+05:30,14.95,15.15,14.8,14.9,51740025
2021-02-25 00:00:00+05:30,15.0,15.6,15.0,15.45,124267800
2021-02-26 00:00:00+05:30,15.3,15.85,15.0,15.3,131881965
2021-03-01 00:00:00+05:30,15.6,15.9,15.4,15.85,128108307
2021-03-02 00:00:00+05:30,16.2,16.25,15.85,16.15,117174666
2021-03-03 00:00:00+05:30,16.2,16.6,16.2,16.5,85232730
2021-03-04 00:00:00+05:30,16.3,16.85,16.1,16.65,121281162
2021-03-05 00:00:00+05:30,16.6,16.6,15.75,16.0,85579686
2021-03-08 00:00:00+05:30,16.65,16.9,16.45,16.7,93397719
2021-03-09 00:00:00+05:30,16.8,16.85,15.5,15.85,102786285
2021-03-10 00:00:00+05:30,16.05,16.1,15.65,15.95,70776279
2021-03-12 00:00:00+05:30,16.7,16.75,15.9,16.15,163821996
2021-03-15 00:00:00+05:30,16.3,16.45,15.85,16.4,98098833
2021-03-16 00:00:00+05:30,16.45,16.6,16.2,16.45,56568444
2021-03-17 00:00:00+05:30,16.5,16.5,15.95,16.0,65005680
2021-03-18 00:00:00+05:30,16.2,16.4,15.7,15.9,58866411
2021-03-19 00:00:00+05:30,15.85,16.15,15.25,16.05,115981107
2021-03-22 00:00:00+05:30,15.4,15.6,15.2,15.45,86849718
2021-03-23 00:00:00+05:30,15.55,16.0,15.45,15.85,83717382
2021-03-24 00:00:00+05:30,15.8,15.9,15.2,15.3,65851446
2021-03-25 00:00:00+05:30,15.3,15.5,14.65,14.95,77421303
2021-03-26 00:00:00+05:30,15.1,15.55,15.1,15.25,74986806
2021-03-30 00:00:00+05:30,15.5,16.15,15.4,15.95,140387664
2021-03-31 00:00:00+05:30,16.0,16.6,15.9,16.35,97564359
2021-04-01 00:00:00+05:30,16.4,16.8,16.35,16.7,67619394
2021-04-05 00:00:00+05:30,16.8,17.35,16.4,17.0,126037929
2021-04-06 00:00:00+05:30,17.15,17.25,16.7,16.8,50517759
2021-04-07 00:00:00+05:30,16.8,17.1,16.8,16.85,45489672
2021-04-08 00:00:00+05:30,16.9,17.6,16.9,17.35,142152015
2021-04-09 00:00:00+05:30,17.5,17.65,17.2,17.5,70940355
2021-04-12 00:00:00+05:30,17.15,17.15,16.05,16.2,79667895
2021-04-13 00:00:00+05:30,16.3,16.8,16.05,16.7,59025129
2021-04-15 00:00:00+05:30,16.9,17.25,16.7,17.05,85766970
2021-04-16 00:00:00+05:30,17.2,17.55,17.15,17.2,65158137
2021-04-19 00:00:00+05:30,16.7,16.95,16.45,16.7,43790250
2021-04-20 00:00:00+05:30,16.8,16.95,16.5,16.65,47097048
2021-04-22 00:00:00+05:30,16.55,17.05,16.55,17.0,46700649
2021-04-23 00:00:00+05:30,16.9,17.3,16.65,16.75,37416357
2021-04-26 00:00:00+05:30,16.95,17.35,16.8,17.2,62860683
2021-04-27 00:00:00+05:30,17.35,17.85,17.2,17.7,76218282
2021-04-28 00:00:00+05:30,17.85,18.0,17.55,17.85,55831389
2021-04-29 00:00:00+05:30,18.1,18.7,17.95,18.6,127288938
2021-04-30 00:00:00+05:30,18.6,19.2,18.45,18.85,117122919
2021-05-03 00:00:00+05:30,18.35,19.3,18.3,19.25,101378055
2021-05-04 00:00:00+05:30,19.45,19.9,19.0,19.05,91554954
2021-05-05 00:00:00+05:30,19.5,20.35,19.4,20.25,165746856
2021-05-06 00:00:00+05:30,20.55,20.85,20.3,20.65,107573556
2021-05-07 00:00:00+05:30,20.9,23.4,20.8,22.4,317802834
2021-05-10 00:00:00+05:30,23.1,24.65,22.95,24.3,388554780
2021-05-11 00:00:00+05:30,23.65,24.15,22.85,23.9,208077741
2021-05-12 00:00:00+05:30,24.45,25.95,24.0,24.7,459230697
2021-05-14 00:00:00+05:30,24.75,24.75,22.15,22.5,372290055
2021-05-17 00:00:00+05:30,22.6,22.85,21.7,22.65,224161308
2021-05-18 00:00:00+05:30,23.3,23.6,22.4,22.75,199605000
2021-05-19 00:00:00+05:30,22.4,23.3,22.2,22.35,163198887
2021-05-20 00:00:00+05:30,21.85,22.3,21.45,21.65,136798713
2021-05-21 00:00:00+05:30,21.85,21.9,21.2,21.4,95146155
2021-05-24 00:00:00+05:30,20.95,22.3,20.8,22.15,163044336
2021-05-25 00:00:00+05:30,22.3,22.5,21.9,22.0,97794195
2021-05-26 00:00:00+05:30,21.9,21.95,21.4,21.5,74804931
2021-05-27 00:00:00+05:30,21.5,22.05,21.35,21.65,93126768
2021-05-28 00:00:00+05:30,22.1,22.65,21.6,21.75,104820123
2021-05-31 00:00:00+05:30,21.85,22.15,21.5,22.1,60641946
2021-06-01 00:00:00+05:30,22.2,22.25,21.65,22.0,50867223
2021-06-02 00:00:00+05:30,22.1,22.45,22.0,22.2,80139825
2021-06-03 00:00:00+05:30,22.4,22.8,22.3,22.5,73924107
2021-06-04 00:00:00+05:30,22.35,23.5,22.15,23.45,145141845
2021-06-07 00:00:00+05:30,23.7,23.7,22.0,22.1,204796806
2021-06-08 00:00:00+05:30,22.25,22.35,21.5,21.6,149820840
2021-06-09 00:00:00+05:30,21.75,22.1,21.4,21.75,125485665
2021-06-10 00:00:00+05:30,21.95,22.45,21.55,21.75,166415814
2021-06-11 00:00:00+05:30,22.0,22.4,21.7,22.3,135760317
2021-06-14 00:00:00+05:30,22.3,22.7,21.9,22.55,123563043
2021-06-15 00:00:00+05:30,22.55,22.7,21.85,21.9,142131288
2021-06-16 00:00:00+05:30,21.9,22.35,21.6,21.65,97938648
2021-06-17 00:00:00+05:30,21.5,21.9,21.4,21.8,82508427
2021-06-18 00:00:00+05:30,21.9,22.0,20.8,21.6,89354343
2021-06-21 00:00:00+05:30,21.2,22.5,21.05,22.4,102308847
2021-06-22 00:00:00+05:30,22.7,22.75,22.4,22.45,105860790
2021-06-23 00:00:00+05:30,22.9,22.95,21.55,21.65,270313557
2021-06-24 00:00:00+05:30,21.8,21.8,21.1,21.3,127084887
2021-06-25 00:00:00+05:30,21.5,21.85,21.45,21.5,78829821
2021-06-28 00:00:00+05:30,21.75,22.4,21.65,22.1,182707251
2021-06-29 00:00:00+05:30,22.1,22.4,21.9,22.0,142068168
2021-06-30 00:00:00+05:30,22.2,22.7,22.1,22.35,129384771
2021-07-01 00:00:00+05:30,22.4,22.5,22.15,22.4,66979779
2021-07-02 00:00:00+05:30,22.65,22.65,22.0,22.15,70399632
2021-07-05 00:00:00+05:30,22.3,22.35,21.2,21.25,178091691
2021-07-06 00:00:00+05:30,20.75,21.3,20.4,20.5,466445883
2021-07-07 00:00:00+05:30,20.1,20.4,20.1,20.4,384332211
2021-07-08 00:00:00+05:30,20.35,20.55,20.1,20.25,224605668
2021-07-09 00:00:00+05:30,20.3,20.35,20.05,20.3,127675389
2021-07-12 00:00:00+05:30,20.35,20.4,20.0,20.05,119019615
2021-07-13 00:00:00+05:30,20.2,21.15,20.05,20.85,253201542
2021-07-14 00:00:00+05:30,21.35,21.5,20.75,20.85,270457947
2021-07-15 00:00:00+05:30,20.95,21.05,20.8,20.95,73491978
2021-07-16 00:00:00+05:30,21.0,21.8,20.85,21.65,309425241
2021-07-19 00:00:00+05:30,21.5,21.75,20.9,21.2,114998778
2021-07-20 00:00:00+05:30,21.25,21.25,20.6,20.8,72046401
2021-07-22 00:00:00+05:30,21.15,21.4,20.75,21.3,105634683
2021-07-23 00:00:00+05:30,21.5,21.7,20.95,21.05,337517175
2021-07-26 00:00:00+05:30,21.05,21.4,20.95,21.2,101206680
2021-07-27 00:00:00+05:30,21.25,21.5,21.05,21.15,105110754
2021-07-28 00:00:00+05:30,21.2,21.35,20.75,21.1,96164004
2021-07-29 00:00:00+05:30,21.25,22.4,21.1,22.15,298130757
2021-07-30 00:00:00+05:30,22.15,22.65,21.9,21.95,164351370
2021-08-02 00:00:00+05:30,22.1,22.25,21.5,21.85,114703605
2021-08-03 00:00:00+05:30,21.85,22.15,21.55,21.95,76085823
2021-08-04 00:00:00+05:30,22.0,22.35,21.6,21.7,78529932
2021-08-05 00:00:00+05:30,21.6,21.95,21.15,21.85,100224378
2021-08-06 00:00:00+05:30,21.9,22.05,21.55,21.6,68946342
2021-08-09 00:00:00+05:30,21.75,21.75,21.05,21.15,68891307
2021-08-10 00:00:00+05:30,21.15,21.25,20.25,20.4,70315335
2021-08-11 00:00:00+05:30,20.5,20.95,20.2,20.85,95778093
2021-08-12 00:00:00+05:30,20.95,21.2,20.6,21.05,65016537
2021-08-13 00:00:00+05:30,21.2,21.2,20.45,20.85,130397475
2021-08-16 00:00:00+05:30,20.7,21.25,20.6,20.9,71543247
2021-08-17 00:00:00+05:30,20.85,21.0,20.1,20.3,95457603
2021-08-18 00:00:00+05:30,20.35,20.4,20.05,20.2,59308503
2021-08-20 00:00:00+05:30,19.6,19.6,18.2,18.3,204629295
2021-08-23 00:00:00+05:30,18.4,18.7,17.5,17.75,105242463
2021-08-24 00:00:00+05:30,18.0,18.8,17.95,18.7,102619587
2021-08-25 00:00:00+05:30,18.95,19.1,18.55,18.9,84215133
2021-08-26 00:00:00+05:30,18.8,19.05,17.9,18.0,307357293
2021-08-27 00:00:00+05:30,18.25,18.75,18.2,18.35,213728103
2021-08-30 00:00:00+05:30,18.6,18.9,18.55,18.8,102532404
2021-08-31 00:00:00+05:30,18.9,18.95,18.5,18.6,89309676
2021-09-01 00:00:00+05:30,18.6,18.6,18.15,18.35,91469739
2021-09-02 00:00:00+05:30,18.3,18.65,18.3,18.5,56462085
2021-09-03 00:00:00+05:30,18.45,18.95,18.45,18.7,65409918
2021-09-06 00:00:00+05:30,18.6,18.85,18.3,18.55,78173931
2021-09-07 00:00:00+05:30,18.55,18.7,18.3,18.3,52186083
2021-09-08 00:00:00+05:30,18.4,18.45,18.3,18.35,38855613
2021-09-09 00:00:00+05:30,18.35,18.5,18.3,18.35,39540561
2021-09-13 00:00:00+05:30,18.35,18.45,18.2,18.3,38643336
2021-09-14 00:00:00+05:30,18.35,18.55,18.3,18.3,55194492
2021-09-15 00:00:00+05:30,18.35,18.65,18.3,18.65,55498362
2021-09-16 00:00:00+05:30,18.6,18.7,18.3,18.35,48454959
2021-09-17 00:00:00+05:30,18.35,18.35,17.6,17.8,145607193
2021-09-20 00:00:00+05:30,17.3,17.3,16.3,16.4,160694475
2021-09-21 00:00:00+05:30,16.4,16.75,16.1,16.7,107478183
2021-09-22 00:00:00+05:30,16.8,17.6,16.6,17.45,141684420
2021-09-23 00:00:00+05:30,17.7,17.7,17.15,17.25,75337794
2021-09-24 00:00:00+05:30,17.35,17.5,16.8,16.9,72169224
2021-09-27 00:00:00+05:30,17.0,17.05,16.75,16.9,55009197
2021-09-28 00:00:00+05:30,16.9,17.25,16.8,16.95,68525196
2021-09-29 00:00:00+05:30,16.8,17.45,16.8,17.25,93685686
2021-09-30 00:00:00+05:30,17.5,17.95,17.2,17.25,130881429
2021-10-01 00:00:00+05:30,17.15,17.55,17.0,17.35,80232459
2021-10-04 00:00:00+05:30,17.45,18.0,17.3,17.95,110913867
2021-10-05 00:00:00+05:30,17.9,18.1,17.65,17.7,114725520
2021-10-06 00:00:00+05:30,17.85,18.0,17.25,17.3,71693235
2021-10-07 00:00:00+05:30,17.45,17.65,17.35,17.4,50710416
2021-10-08 00:00:00+05:30,17.55,18.05,17.4,17.55,66650742
2021-10-11 00:00:00+05:30,17.65,18.6,17.6,18.5,193423398
2021-10-12 00:00:00+05:30,18.7,18.7,18.05,18.3,119488284
2021-10-13 00:00:00+05:30,18.3,18.75,18.2,18.3,106404099
2021-10-14 00:00:00+05:30,18.45,18.65,18.4,18.55,69063048
2021-10-18 00:00:00+05:30,18.85,19.3,18.8,19.05,167180157
2021-10-19 00:00:00+05:30,19.2,19.2,18.3,18.4,104846388
2021-10-20 00:00:00+05:30,18.4,18.45,17.9,18.05,85193493
2021-10-21 00:00:00+05:30,18.15,18.2,17.35,17.6,103557597
2021-10-22 00:00:00+05:30,17.7,17.75,17.0,17.2,69899892
2021-10-25 00:00:00+05:30,17.25,17.35,16.75,16.95,58664631
2021-10-26 00:00:00+05:30,16.95,17.3,16.85,17.2,70767195
2021-10-27 00:00:00+05:30,17.25,17.35,16.9,16.95,66016533
2021-10-28 00:00:00+05:30,16.95,17.15,16.05,16.2,192558288
2021-10-29 00:00:00+05:30,16.1,17.45,16.1,17.3,273599853
2021-11-01 00:00:00+05:30,17.35,17.7,17.35,17.6,96861702
2021-11-02 00:00:00+05:30,17.55,17.55,17.05,17.1,77809653
2021-11-03 00:00:00+05:30,17.2,17.3,17.0,17.1,55976466
2021-11-04 00:00:00+05:30,17.25,17.25,17.15,17.2,9558762
2021-11-08 00:00:00+05:30,17.35,17.65,17.1,17.5,53113269
2021-11-09 00:00:00+05:30,17.6,17.95,17.45,17.85,74979573
2021-11-10 00:00:00+05:30,17.7,17.75,17.35,17.4,55456161
2021-11-11 00:00:00+05:30,17.5,17.6,17.25,17.45,52975215
2021-11-12 00:00:00+05:30,17.75,17.85,17.15,17.3,79974702
2021-11-15 00:00:00+05:30,17.35,17.35,16.9,16.95,41933433
2021-11-16 00:00:00+05:30,17.0,17.1,16.7,16.85,38884473
2021-11-17 00:00:00+05:30,16.8,16.95,16.6,16.7,57079209
2021-11-18 00:00:00+05:30,16.7,16.8,16.3,16.4,57054471
2021-11-22 00:00:00+05:30,16.45,16.6,16.05,16.35,57286710
2021-11-23 00:00:00+05:30,16.45,17.35,16.45,17.15,179487954
2021-11-24 00:00:00+05:30,17.3,17.45,17.05,17.25,73308894
2021-11-25 00:00:00+05:30,17.25,17.35,17.05,17.25,46814700
2021-11-26 00:00:00+05:30,16.95,17.25,16.35,16.4,70929543
2021-11-29 00:00:00+05:30,16.4,16.7,15.75,16.25,69485541
2021-11-30 00:00:00+05:30,16.35,16.65,15.95,16.0,52830012
2021-12-01 00:00:00+05:30,16.0,16.7,16.0,16.65,80525436
2021-12-02 00:00:00+05:30,16.65,17.15,16.4,17.05,177632175
2021-12-03 00:00:00+05:30,17.35,17.85,17.2,17.6,210167661
2021-12-06 00:00:00+05:30,17.5,17.5,17.05,17.25,168497193
2021-12-07 00:00:00+05:30,17.45,17.65,17.35,17.55,92525703
2021-12-08 00:00:00+05:30,17.6,17.85,17.6,17.75,73796394
2021-12-09 00:00:00+05:30,17.8,17.95,17.65,17.75,79969203
2021-12-10 00:00:00+05:30,17.75,17.95,17.7,17.9,73594521
2021-12-13 00:00:00+05:30,18.1,18.2,17.7,17.85,105228978
2021-12-14 00:00:00+05:30,16.75,16.95,16.6,16.75,117115614
2021-12-15 00:00:00+05:30,16.8,17.05,16.65,16.65,63530637
2021-12-16 00:00:00+05:30,16.75,16.8,16.3,16.45,43111194
2021-12-17 00:00:00+05:30,16.5,16.55,16.2,16.25,42879306
2021-12-20 00:00:00+05:30,16.1,16.1,15.4,15.7,80541366
2021-12-21 00:00:00+05:30,15.05,16.25,15.05,16.05,63634788
2021-12-22 00:00:00+05:30,16.2,16.25,16.0,16.15,32055129
2021-12-23 00:00:00+05:30,16.25,16.55,16.2,16.25,33579102
2021-12-24 00:00:00+05:30,16.4,16.4,15.85,15.95,24798690
2021-12-27 00:00:00+05:30,15.95,16.15,15.7,15.95,31395255
2021-12-28 00:00:00+05:30,16.05,16.1,15.95,15.95,21464688
2021-12-29 00:00:00+05:30,15.85,16.1,15.75,15.85,33075123
2021-12-30 00:00:00+05:30,15.85,15.9,15.6,15.85,85473870
2021-12-31 00:00:00+05:30,15.85,16.2,15.8,16.05,30176493
2022-01-03 00:00:00+05:30,16.2,16.35,16.1,16.3,27331080
2022-01-04 00:00:00+05:30,16.4,16.5,16.2,16.4,27749628
2022-01-05 00:00:00+05:30,16.4,16.75,16.3,16.75,35026857
2022-01-06 00:00:00+05:30,16.7,16.85,16.65,16.75,38923674
2022-01-07 00:00:00+05:30,16.85,16.85,16.55,16.75,23577162
2022-01-10 00:00:00+05:30,16.9,17.0,16.8,16.9,36959148
2022-01-11 00:00:00+05:30,16.9,16.95,16.4,16.45,38155863
2022-01-12 00:00:00+05:30,16.8,17.15,16.7,17.05,79056186
2022-01-13 00:00:00+05:30,17.15,17.7,17.0,17.6,85688898
2022-01-14 00:00:00+05:30,17.5,17.75,17.4,17.6,36607551
2022-01-17 00:00:00+05:30,17.65,17.65,17.35,17.45,32057799
2022-01-18 00:00:00+05:30,17.55,17.6,16.85,16.9,43107057
2022-01-19 00:00:00+05:30,16.95,17.3,16.9,17.05,32140149
2022-01-20 00:00:00+05:30,17.15,17.5,17.05,17.3,43776714
2022-01-21 00:00:00+05:30,17.25,17.3,16.7,16.85,33607212
2022-01-24 00:00:00+05:30,16.85,16.85,16.0,16.15,47924793
2022-01-25 00:00:00+05:30,16.1,16.6,16.0,16.35,33451671
2022-01-27 00:00:00+05:30,16.3,16.5,16.0,16.2,73081938
2022-01-28 00:00:00+05:30,16.45,17.0,16.3,16.7,69206577
2022-01-31 00:00:00+05:30,16.95,17.05,16.7,16.8,46463262
2022-02-01 00:00:00+05:30,16.95,17.6,16.75,17.55,82496136
2022-02-02 00:00:00+05:30,17.7,18.3,17.55,18.25,138111744
2022-02-03 00:00:00+05:30,18.25,18.75,18.15,18.6,187999530
2022-02-04 00:00:00+05:30,18.65,18.8,18.4,18.55,91013418
2022-02-07 00:00:00+05:30,18.6,18.9,18.4,18.6,84200313
2022-02-08 00:00:00+05:30,18.65,18.8,18.2,18.55,86584410
2022-02-09 00:00:00+05:30,18.5,19.05,18.45,18.85,123070218
2022-02-10 00:00:00+05:30,18.9,19.45,18.9,19.25,129476262
2022-02-11 00:00:00+05:30,19.2,19.55,19.0,19.15,105391860
2022-02-14 00:00:00+05:30,18.9,19.0,18.35,18.45,93524496
2022-02-15 00:00:00+05:30,18.5,18.5,17.35,18.05,124044462
2022-02-16 00:00:00+05:30,18.35,18.65,18.05,18.45,95005881
2022-02-17 00:00:00+05:30,17.9,17.9,17.35,17.45,87484887
2022-02-18 00:00:00+05:30,17.45,17.6,17.05,17.15,43793922
2022-02-21 00:00:00+05:30,17.0,17.35,16.85,16.9,34411860
2022-02-22 00:00:00+05:30,16.55,16.95,16.4,16.9,80820714
2022-02-23 00:00:00+05:30,17.05,17.45,16.95,17.25,70548045
2022-02-24 00:00:00+05:30,16.8,16.95,16.15,16.2,86108688
2022-02-25 00:00:00+05:30,16.8,17.15,16.7,17.0,75662367
2022-02-28 00:00:00+05:30,16.95,17.35,16.8,17.3,48487647
2022-03-02 00:00:00+05:30,17.35,18.3,17.25,18.3,132240687
2022-03-03 00:00:00+05:30,18.75,18.9,18.3,18.4,82769316
2022-03-04 00:00:00+05:30,18.3,18.55,17.85,17.9,63201471
2022-03-07 00:00:00+05:30,17.7,18.6,17.7,18.5,85880277
2022-03-08 00:00:00+05:30,18.75,18.75,18.0,18.5,104939295
2022-03-09 00:00:00+05:30,18.75,18.75,18.35,18.45,50964429
2022-03-10 00:00:00+05:30,18.5,18.6,18.2,18.5,61550040
2022-03-11 00:00:00+05:30,18.5,19.1,18.45,19.0,115835673
2022-03-14 00:00:00+05:30,19.0,19.3,18.55,18.9,91018761
2022-03-15 00:00:00+05:30,18.55,18.7,17.7,17.85,90617445
2022-03-16 00:00:00+05:30,18.0,18.5,18.0,18.25,46636443
2022-03-17 00:00:00+05:30,18.35,18.45,18.2,18.3,91905423
2022-03-21 00:00:00+05:30,18.35,18.55,18.3,18.3,38849502
2022-03-22 00:00:00+05:30,18.45,18.7,18.25,18.3,52344246
2022-03-23 00:00:00+05:30,18.5,18.55,18.0,18.3,59137380
2022-03-24 00:00:00+05:30,18.3,19.1,18.3,19.0,126272265
2022-03-25 00:00:00+05:30,19.1,19.5,18.9,19.0,96067647
2022-03-28 00:00:00+05:30,19.1,19.75,18.9,19.55,114744078
2022-03-29 00:00:00+05:30,19.7,19.7,19.15,19.2,57267099
2022-03-30 00:00:00+05:30,19.35,19.6,18.9,19.25,74405148
2022-03-31 00:00:00+05:30,19.0,19.8,19.0,19.7,87274719
2022-04-01 00:00:00+05:30,19.8,20.2,19.75,20.15,84668265
2022-04-04 00:00:00+05:30,20.35,20.75,20.2,20.6,98743443
2022-04-05 00:00:00+05:30,20.75,20.8,20.35,20.4,64865247
2022-04-06 00:00:00+05:30,20.3,21.1,20.25,20.85,106034397
2022-04-07 00:00:00+05:30,20.95,21.05,20.5,20.65,77284017
2022-04-08 00:00:00+05:30,20.8,21.2,20.75,21.15,65562909
2022-04-11 00:00:00+05:30,21.15,21.25,20.95,21.05,60898074
2022-04-12 00:00:00+05:30,21.0,21.05,20.3,20.55,51467616
2022-04-13 00:00:00+05:30,20.55,20.85,20.25,20.3,53625291
2022-04-18 00:00:00+05:30,20.35,20.55,20.05,20.4,38671749
2022-04-19 00:00:00+05:30,20.5,21.05,20.3,20.45,85147809
2022-04-20 00:00:00+05:30,20.7,20.8,20.4,20.6,67882188
2022-04-21 00:00:00+05:30,20.55,20.65,20.2,20.55,46114713
2022-04-22 00:00:00+05:30,20.35,20.7,20.15,20.2,27346620
2022-04-25 00:00:00+05:30,19.75,19.8,19.0,19.2,79783329
2022-04-26 00:00:00+05:30,19.35,19.6,19.25,19.45,36293952
2022-04-27 00:00:00+05:30,19.35,19.75,19.15,19.4,45609777
2022-04-28 00:00:00+05:30,19.6,19.8,19.35,19.7,41588448
2022-04-29 00:00:00+05:30,19.75,19.9,19.35,19.45,23363418
2022-05-02 00:00:00+05:30,19.25,19.55,19.05,19.4,29520012
2022-05-04 00:00:00+05:30,19.65,19.65,18.8,18.9,34932495
2022-05-05 00:00:00+05:30,19.15,19.5,18.9,18.95,37551387
2022-05-06 00:00:00+05:30,18.75,18.9,18.3,18.4,51461604
2022-05-09 00:00:00+05:30,18.25,18.3,17.7,17.95,47452350
2022-05-10 00:00:00+05:30,17.75,18.0,16.9,16.95,55720605
2022-05-11 00:00:00+05:30,17.2,17.5,16.9,17.25,58820298
2022-05-12 00:00:00+05:30,17.1,17.2,16.4,16.65,58080540
2022-05-13 00:00:00+05:30,16.95,17.05,16.35,16.4,43092909
2022-05-16 00:00:00+05:30,16.7,16.8,16.4,16.65,29108448
2022-05-17 00:00:00+05:30,16.8,17.4,16.8,17.35,47807040
2022-05-18 00:00:00+05:30,17.4,17.4,17.05,17.2,38386998
2022-05-19 00:00:00+05:30,16.8,17.0,16.65,16.9,37516647
2022-05-20 00:00:00+05:30,17.35,17.75,17.25,17.7,41459184
2022-05-23 00:00:00+05:30,16.5,16.5,15.0,15.45,196190346
2022-05-24 00:00:00+05:30,15.65,15.8,15.15,15.2,63452838
2022-05-25 00:00:00+05:30,15.4,15.4,14.4,14.55,76019541
2022-05-26 00:00:00+05:30,14.8,15.25,14.35,15.15,102948408
2022-05-27 00:00:00+05:30,14.95,15.25,14.75,15.05,68320641
2022-05-30 00:00:00+05:30,15.15,15.2,14.8,14.95,61646790
2022-05-31 00:00:00+05:30,14.95,15.4,14.8,15.15,49980252
2022-06-01 00:00:00+05:30,15.35,15.4,15.1,15.2,49308675
2022-06-02 00:00:00+05:30,15.3,15.6,15.1,15.4,56269239
2022-06-03 00:00:00+05:30,15.6,15.6,15.2,15.25,40281036
2022-06-06 00:00:00+05:30,14.95,15.1,14.55,15.05,86011551
2022-06-07 00:00:00+05:30,15.0,15.15,14.55,14.75,75117519
2022-06-08 00:00:00+05:30,14.9,15.05,14.7,14.9,46558497
2022-06-09 00:00:00+05:30,14.9,14.95,14.5,14.65,48569283
2022-06-10 00:00:00+05:30,14.5,14.5,14.25,14.35,68889609
2022-06-13 00:00:00+05:30,14.25,14.25,13.55,13.7,57843348
2022-06-14 00:00:00+05:30,13.7,14.0,13.55,13.65,52382037
2022-06-15 00:00:00+05:30,13.8,13.85,13.6,13.7,30604332
2022-06-16 00:00:00+05:30,13.85,13.85,12.9,12.9,63155919
2022-06-17 00:00:00+05:30,12.9,13.25,12.75,13.0,48247023
2022-06-20 00:00:00+05:30,13.05,13.05,12.15,12.55,74337876
2022-06-21 00:00:00+05:30,12.7,13.05,12.55,13.0,45430254
2022-06-22 00:00:00+05:30,12.9,12.9,12.25,12.3,70033920
2022-06-23 00:00:00+05:30,12.3,12.7,12.15,12.6,55587498
2022-06-24 00:00:00+05:30,12.7,12.95,12.55,12.9,46011684
2022-06-27 00:00:00+05:30,13.1,13.45,12.95,13.35,61766607
2022-06-28 00:00:00+05:30,13.4,13.45,13.1,13.35,72674799
2022-06-29 00:00:00+05:30,13.2,13.35,13.05,13.1,61159239
2022-06-30 00:00:00+05:30,13.1,13.25,12.85,12.95,34123632
2022-07-01 00:00:00+05:30,12.85,13.2,12.8,13.15,39138270
2022-07-04 00:00:00+05:30,12.85,13.1,12.85,13.0,46548528
2022-07-05 00:00:00+05:30,13.1,13.35,12.95,13.0,41601627
2022-07-06 00:00:00+05:30,12.9,12.9,12.4,12.75,104109318
2022-07-07 00:00:00+05:30,12.9,13.3,12.75,13.15,83453748
2022-07-08 00:00:00+05:30,13.25,13.3,12.95,13.05,67173300
2022-07-11 00:00:00+05:30,12.9,13.25,12.9,13.05,79553502
2022-07-12 00:00:00+05:30,12.9,12.9,12.15,12.35,190335702
2022-07-13 00:00:00+05:30,12.45,12.75,12.3,12.7,101058465
2022-07-14 00:00:00+05:30,12.7,12.7,12.05,12.15,106535919
2022-07-15 00:00:00+05:30,12.05,12.25,11.9,11.95,97637292
2022-07-18 00:00:00+05:30,12.0,12.4,12.0,12.4,68341122
2022-07-19 00:00:00+05:30,12.35,12.55,12.3,12.45,57251013
2022-07-20 00:00:00+05:30,12.55,12.7,12.45,12.5,62149434
2022-07-21 00:00:00+05:30,12.45,12.55,12.4,12.5,36539865
2022-07-22 00:00:00+05:30,12.6,12.65,12.4,12.5,42389937
2022-07-25 00:00:00+05:30,12.55,12.75,12.4,12.7,52274820
2022-07-26 00:00:00+05:30,12.7,12.8,12.45,12.5,54737355
2022-07-27 00:00:00+05:30,12.55,12.6,12.35,12.55,35600256
2022-07-28 00:00:00+05:30,12.7,12.85,12.55,12.7,54776445
2022-07-29 00:00:00+05:30,12.85,13.1,12.75,12.9,82218177
2022-08-01 00:00:00+05:30,13.05,13.05,12.85,12.9,48438570
2022-08-02 00:00:00+05:30,12.85,12.9,12.7,12.9,71931444
2022-08-03 00:00:00+05:30,12.85,12.95,12.5,12.75,80845587
2022-08-04 00:00:00+05:30,12.8,13.05,12.65,12.9,143888946
2022-08-05 00:00:00+05:30,12.9,13.5,12.9,13.3,1035285807
2022-08-08 00:00:00+05:30,13.5,13.7,13.45,13.55,162588624
2022-08-10 00:00:00+05:30,13.6,14.1,13.45,13.95,185637678
2022-08-11 00:00:00+05:30,14.25,14.25,13.85,13.9,131297397
2022-08-12 00:00:00+05:30,13.9,14.25,13.85,14.05,111789972
2022-08-16 00:00:00+05:30,14.0,14.25,13.8,14.1,95873100
2022-08-17 00:00:00+05:30,14.05,14.1,13.85,13.95,104753052
2022-08-18 00:00:00+05:30,13.85,14.1,13.85,14.05,94183722
2022-08-19 00:00:00+05:30,13.9,14.15,13.9,13.95,103079211
2022-08-22 00:00:00+05:30,13.75,13.85,13.45,13.55,141185055
2022-08-23 00:00:00+05:30,13.45,14.4,13.4,14.35,204373917
2022-08-24 00:00:00+05:30,14.4,14.85,14.25,14.45,155187609
2022-08-25 00:00:00+05:30,14.65,15.05,14.55,14.65,131850708
2022-08-26 00:00:00+05:30,14.9,15.05,14.75,14.8,96379911
2022-08-29 00:00:00+05:30,14.35,14.95,14.35,14.95,74265312
2022-08-30 00:00:00+05:30,14.95,15.1,14.65,14.7,66786186
2022-09-01 00:00:00+05:30,14.65,14.8,14.55,14.7,43459920
2022-09-02 00:00:00+05:30,14.6,14.7,14.4,14.65,64435581
2022-09-05 00:00:00+05:30,14.65,14.95,14.6,14.75,30344883
2022-09-06 00:00:00+05:30,14.8,14.85,14.6,14.65,66437607
2022-09-07 00:00:00+05:30,14.65,14.95,14.55,14.95,40289859
2022-09-08 00:00:00+05:30,15.05,15.1,14.7,14.7,43248207
2022-09-09 00:00:00+05:30,14.9,15.1,14.8,14.95,44778825
2022-09-12 00:00:00+05:30,15.05,15.25,15.0,15.2,60338919
2022-09-13 00:00:00+05:30,15.35,15.35,15.1,15.15,57442512
2022-09-14 00:00:00+05:30,15.0,15.6,14.9,15.3,85428063
2022-09-15 00:00:00+05:30,15.4,15.4,15.05,15.15,39049680
2022-09-16 00:00:00+05:30,15.15,15.5,15.05,15.1,175311813
2022-09-19 00:00:00+05:30,15.15,15.3,15.0,15.15,41483880
2022-09-20 00:00:00+05:30,15.25,15.6,15.2,15.35,55559745
2022-09-21 00:00:00+05:30,15.4,15.7,15.35,15.55,67142697
2022-09-22 00:00:00+05:30,15.5,15.85,15.45,15.85,77251347
2022-09-23 00:00:00+05:30,15.85,15.95,15.3,15.4,49584879
2022-09-26 00:00:00+05:30,15.15,15.15,14.45,14.75,80090811
2022-09-27 00:00:00+05:30,14.7,15.05,14.65,15.0,36883416
2022-09-28 00:00:00+05:30,14.8,15.0,14.65,14.7,26221509
2022-09-29 00:00:00+05:30,14.9,15.15,14.8,15.1,50439663
2022-09-30 00:00:00+05:30,15.1,15.55,15.05,15.4,47795472
2022-10-03 00:00:00+05:30,15.4,15.45,15.1,15.15,21422262
2022-10-04 00:00:00+05:30,15.6,15.7,15.3,15.6,32310534
2022-10-06 00:00:00+05:30,15.7,16.05,15.65,16.0,55686081
2022-10-07 00:00:00+05:30,16.1,16.35,15.85,16.25,50560803
2022-10-10 00:00:00+05:30,16.1,16.5,16.0,16.45,47686470
2022-10-11 00:00:00+05:30,16.6,16.6,15.7,15.75,55181301
2022-10-12 00:00:00+05:30,15.9,16.25,15.6,15.7,56325081
2022-10-13 00:00:00+05:30,15.75,15.85,15.15,15.6,105110100
2022-10-14 00:00:00+05:30,16.0,16.15,15.75,15.9,66780027
2022-10-17 00:00:00+05:30,15.95,16.15,15.7,16.05,53832354
2022-10-18 00:00:00+05:30,16.25,16.25,15.8,15.85,47410668
2022-10-19 00:00:00+05:30,15.85,16.0,15.7,15.8,34520925
2022-10-20 00:00:00+05:30,15.7,16.0,15.65,15.95,40052676
2022-10-21 00:00:00+05:30,15.95,16.5,15.6,15.7,136121790
2022-10-24 00:00:00+05:30,15.95,15.95,15.7,15.75,17640069
2022-10-25 00:00:00+05:30,15.75,15.95,15.45,15.75,160777899
2022-10-27 00:00:00+05:30,25.8,30.65,25.8,29.25,115809552
2022-10-28 00:00:00+05:30,29.35,29.35,28.1,28.25,69383232
2022-10-31 00:00:00+05:30,28.55,28.55,27.65,27.95,38082327
2022-11-01 00:00:00+05:30,27.95,29.45,27.75,29.35,61324554
2022-11-02 00:00:00+05:30,29.45,30.95,29.35,30.7,80535165
2022-11-03 00:00:00+05:30,30.5,31.75,30.4,31.05,55097916
2022-11-04 00:00:00+05:30,31.2,31.6,31.0,31.4,26132019
2022-11-07 00:00:00+05:30,31.75,32.25,31.4,32.15,24094959
2022-11-09 00:00:00+05:30,32.35,32.35,31.65,32.0,18079125
2022-11-10 00:00:00+05:30,31.8,32.2,31.5,31.7,10644291
2022-11-11 00:00:00+05:30,31.95,32.3,31.75,31.95,16384632
2022-11-14 00:00:00+05:30,32.1,32.4,31.75,31.9,16521360
2022-11-15 00:00:00+05:30,30.95,31.45,30.3,30.6,42081900
2022-11-16 00:00:00+05:30,30.35,30.95,29.75,30.2,22439886
2022-11-17 00:00:00+05:30,30.0,30.05,29.35,29.6,26602647
2022-11-18 00:00:00+05:30,30.0,31.3,29.85,31.2,60364377
2022-11-21 00:00:00+05:30,31.9,32.6,31.5,32.45,62002191
2022-11-22 00:00:00+05:30,32.5,33.1,32.25,32.9,33068442
2022-11-23 00:00:00+05:30,32.85,33.4,32.65,33.3,21837234
2022-11-24 00:00:00+05:30,33.35,33.7,32.6,32.95,21172407
2022-11-25 00:00:00+05:30,33.0,33.4,33.0,33.25,12061560
2022-11-28 00:00:00+05:30,33.2,33.35,32.75,32.95,12407901
2022-11-29 00:00:00+05:30,33.05,33.55,32.75,32.95,25054119
2022-11-30 00:00:00+05:30,33.15,33.45,32.95,33.15,18436314
2022-12-01 00:00:00+05:30,33.6,34.2,33.3,33.8,33601533
2022-12-02 00:00:00+05:30,34.0,34.2,33.65,33.8,16619019
2022-12-05 00:00:00+05:30,34.05,34.65,33.95,34.6,23193456
2022-12-06 00:00:00+05:30,34.6,34.6,33.6,34.05,16704270
2022-12-07 00:00:00+05:30,34.0,34.15,33.65,33.8,9249081
2022-12-08 00:00:00+05:30,33.8,35.15,33.8,35.05,29772171
2022-12-09 00:00:00+05:30,35.25,35.5,34.05,34.4,23000934
2022-12-12 00:00:00+05:30,34.3,35.15,33.8,35.05,15670410
2022-12-13 00:00:00+05:30,35.05,35.15,34.55,34.9,11267010
2022-12-14 00:00:00+05:30,34.9,35.5,34.7,35.35,17641347
2022-12-15 00:00:00+05:30,35.5,35.75,35.1,35.2,17012298
2022-12-16 00:00:00+05:30,34.95,35.25,34.4,34.8,15421467
2022-12-19 00:00:00+05:30,34.9,35.05,34.6,34.9,12667752
2022-12-20 00:00:00+05:30,34.85,34.9,33.9,34.2,14772834
2022-12-21 00:00:00+05:30,34.25,34.6,33.3,33.5,18682920
2022-12-22 00:00:00+05:30,33.7,33.95,32.75,32.9,17775162
2022-12-23 00:00:00+05:30,32.5,32.85,31.2,31.35,31038057
2022-12-26 00:00:00+05:30,31.4,32.7,31.35,32.6,25795998
2022-12-27 00:00:00+05:30,33.05,34.0,32.95,33.65,36207897
2022-12-28 00:00:00+05:30,33.65,33.95,33.35,33.7,21487641
2022-12-29 00:00:00+05:30,33.45,33.8,33.25,33.75,20515932
2022-12-30 00:00:00+05:30,33.9,34.85,33.85,34.65,25305777
2023-01-02 00:00:00+05:30,35.0,35.65,34.95,35.55,31022844
2023-01-03 00:00:00+05:30,35.65,35.95,35.25,35.45,22818873
2023-01-04 00:00:00+05:30,35.15,35.45,34.1,34.25,21700581
2023-01-05 00:00:00+05:30,34.45,34.5,33.9,34.3,22999401
2023-01-06 00:00:00+05:30,34.35,35.05,34.15,34.3,22712784
2023-01-09 00:00:00+05:30,34.6,35.05,34.5,34.85,11318070
2023-01-10 00:00:00+05:30,34.9,35.25,34.55,34.65,16783131
2023-01-11 00:00:00+05:30,34.85,36.35,34.75,36.2,53624364
2023-01-12 00:00:00+05:30,36.45,36.45,35.75,36.2,27810552
2023-01-13 00:00:00+05:30,36.4,37.2,36.25,37.0,30806244
2023-01-16 00:00:00+05:30,36.65,36.95,35.7,35.95,27673113
2023-01-17 00:00:00+05:30,36.1,36.1,35.3,35.5,13825260
2023-01-18 00:00:00+05:30,35.5,36.3,35.5,36.2,23815269
2023-01-19 00:00:00+05:30,36.05,36.55,35.85,36.4,20211168
2023-01-20 00:00:00+05:30,36.35,36.75,35.8,35.95,16840650
2023-01-23 00:00:00+05:30,36.0,36.45,35.3,35.4,15854322
2023-01-24 00:00:00+05:30,35.55,35.55,34.75,35.05,15138303
2023-01-25 00:00:00+05:30,35.05,35.4,34.65,34.9,21135546
2023-01-27 00:00:00+05:30,35.0,35.25,34.0,34.6,13331811
2023-01-30 00:00:00+05:30,34.8,35.5,34.2,34.45,25619268
2023-01-31 00:00:00+05:30,34.75,35.4,34.55,34.65,19118064
2023-02-01 00:00:00+05:30,35.2,35.25,33.45,34.05,21145560
2023-02-02 00:00:00+05:30,34.0,34.4,33.25,33.7,14346432
2023-02-03 00:00:00+05:30,34.0,34.1,32.75,33.4,14350224
2023-02-06 00:00:00+05:30,33.4,33.85,33.25,33.5,9293625
2023-02-07 00:00:00+05:30,33.7,33.7,32.55,33.15,16621209
2023-02-08 00:00:00+05:30,33.25,34.1,33.05,33.95,11202993
2023-02-09 00:00:00+05:30,34.05,34.35,33.6,33.8,8108844
2023-02-10 00:00:00+05:30,33.8,33.8,33.25,33.45,6569625
2023-02-13 00:00:00+05:30,33.5,33.8,33.2,33.25,12069636
2023-02-14 00:00:00+05:30,33.45,33.55,32.1,32.6,24105294
2023-02-15 00:00:00+05:30,32.6,34.0,32.6,33.25,37758987
2023-02-16 00:00:00+05:30,33.45,34.3,33.35,34.2,23567544
2023-02-17 00:00:00+05:30,34.25,34.85,33.95,34.15,23923602
2023-02-20 00:00:00+05:30,34.4,34.4,33.25,33.4,24609405
2023-02-21 00:00:00+05:30,33.7,34.6,33.5,33.6,39832896
2023-02-22 00:00:00+05:30,33.55,33.65,32.45,32.55,35399832
2023-02-23 00:00:00+05:30,32.65,33.15,32.15,32.95,44899794
2023-02-24 00:00:00+05:30,33.4,33.45,32.4,32.55,40512774
2023-02-27 00:00:00+05:30,32.65,32.7,32.0,32.55,38749404
2023-02-28 00:00:00+05:30,32.65,32.85,31.95,32.25,53584392
2023-03-01 00:00:00+05:30,32.5,33.4,32.35,33.3,28806156
2023-03-02 00:00:00+05:30,33.1,33.6,33.0,33.1,16966575
2023-03-03 00:00:00+05:30,33.25,33.4,32.85,32.95,24626685
2023-03-06 00:00:00+05:30,33.05,33.25,32.35,33.15,38639100
2023-03-08 00:00:00+05:30,32.95,33.4,32.85,33.25,26469408
2023-03-09 00:00:00+05:30,33.45,33.65,33.1,33.15,22927740
2023-03-10 00:00:00+05:30,32.95,33.35,32.55,33.25,18451227
2023-03-13 00:00:00+05:30,33.45,33.75,33.05,33.25,29443683
2023-03-14 00:00:00+05:30,33.35,34.35,33.3,33.8,44665284
2023-03-15 00:00:00+05:30,34.2,34.3,33.8,34.0,17172915
2023-03-16 00:00:00+05:30,33.7,33.7,32.7,32.9,23606655
2023-03-17 00:00:00+05:30,33.15,33.6,33.1,33.45,27882996
2023-03-20 00:00:00+05:30,32.85,33.4,32.2,32.75,23530101
2023-03-21 00:00:00+05:30,33.1,33.1,32.15,32.3,28696569
2023-03-22 00:00:00+05:30,32.5,32.9,32.25,32.5,27842871
2023-03-23 00:00:00+05:30,32.25,32.5,32.1,32.2,12315540
2023-03-24 00:00:00+05:30,32.4,32.4,31.35,31.45,24074802
2023-03-27 00:00:00+05:30,31.5,31.85,31.05,31.15,19313448
2023-03-28 00:00:00+05:30,31.4,31.5,30.8,30.95,19206693
2023-03-29 00:00:00+05:30,31.05,32.2,30.6,32.0,27047847
2023-03-31 00:00:00+05:30,32.1,32.6,32.1,32.4,18831666
2023-04-03 00:00:00+05:30,32.55,32.9,32.1,32.35,31653174
2023-04-05 00:00:00+05:30,32.4,32.6,31.6,32.4,16862199
2023-04-06 00:00:00+05:30,32.25,32.5,32.05,32.2,15253470
2023-04-10 00:00:00+05:30,32.2,32.45,32.0,32.15,8696949
2023-04-11 00:00:00+05:30,32.2,32.95,32.1,32.95,15023736
2023-04-12 00:00:00+05:30,33.1,33.3,32.8,32.9,23043357
2023-04-13 00:00:00+05:30,32.9,32.95,32.25,32.3,12561819
2023-04-17 00:00:00+05:30,32.25,32.55,32.1,32.35,11367030
2023-04-18 00:00:00+05:30,32.5,32.7,32.35,32.6,8192847
2023-04-19 00:00:00+05:30,32.7,33.3,32.6,32.95,24082242
2023-04-20 00:00:00+05:30,33.05,33.05,32.5,32.6,18516147
2023-04-21 00:00:00+05:30,32.5,32.55,31.25,31.9,37897173
2023-04-24 00:00:00+05:30,31.9,32.05,31.35,31.9,14583957
2023-04-25 00:00:00+05:30,31.85,32.0,31.55,31.55,16862151
2023-04-26 00:00:00+05:30,31.6,31.65,31.4,31.5,12696786
2023-04-27 00:00:00+05:30,31.6,31.6,31.4,31.55,9155694
2023-04-28 00:00:00+05:30,31.6,31.75,31.45,31.5,16229469
2023-05-02 00:00:00+05:30,31.6,32.05,31.55,31.9,21749457
2023-05-03 00:00:00+05:30,31.9,32.05,31.5,32.0,16190301
2023-05-04 00:00:00+05:30,32.2,32.45,32.1,32.3,24692295
2023-05-05 00:00:00+05:30,32.3,32.3,31.35,31.45,28774668
2023-05-08 00:00:00+05:30,31.6,31.75,31.2,31.5,18469329
2023-05-09 00:00:00+05:30,31.6,31.95,31.55,31.8,28499433
2023-05-10 00:00:00+05:30,31.8,32.0,31.4,31.55,12301296
2023-05-11 00:00:00+05:30,31.7,31.7,31.3,31.35,20594904
2023-05-12 00:00:00+05:30,31.4,31.45,30.9,30.95,18096606
2023-05-15 00:00:00+05:30,31.05,31.35,30.5,30.95,29037108
2023-05-16 00:00:00+05:30,31.2,31.35,30.95,31.05,17503110
2023-05-17 00:00:00+05:30,31.1,31.25,30.6,30.75,23747334
2023-05-18 00:00:00+05:30,31.0,31.0,30.25,30.4,27078084
2023-05-19 00:00:00+05:30,30.45,30.65,30.1,30.6,15998397
2023-05-22 00:00:00+05:30,30.6,31.0,30.4,30.45,23122488
2023-05-23 00:00:00+05:30,30.55,30.95,30.55,30.65,23384316
2023-05-24 00:00:00+05:30,31.05,31.1,30.4,30.45,25211427
2023-05-25 00:00:00+05:30,30.45,30.55,30.15,30.2,30598308
2023-05-26 00:00:00+05:30,30.3,31.0,30.25,30.85,30198756
2023-05-29 00:00:00+05:30,31.05,31.3,30.8,31.0,31013829
2023-05-30 00:00:00+05:30,31.0,31.3,30.85,31.1,19373547
2023-05-31 00:00:00+05:30,31.0,31.05,30.5,30.95,20217204
2023-06-01 00:00:00+05:30,30.85,31.2,30.85,31.0,30453648
2023-06-02 00:00:00+05:30,31.05,31.7,31.0,31.6,28289133
2023-06-05 00:00:00+05:30,31.95,32.05,31.6,31.6,21289977
2023-06-06 00:00:00+05:30,31.65,31.8,31.55,31.7,19609332
2023-06-07 00:00:00+05:30,31.7,31.9,31.65,31.8,19445415
2023-06-08 00:00:00+05:30,31.9,32.05,31.5,31.55,20243424
2023-06-09 00:00:00+05:30,31.55,31.55,30.9,31.2,16209312
2023-06-12 00:00:00+05:30,31.35,31.55,31.05,31.35,10038291
2023-06-13 00:00:00+05:30,31.45,31.85,31.45,31.55,24222471
2023-06-14 00:00:00+05:30,31.75,32.05,31.55,31.6,18559068
2023-06-15 00:00:00+05:30,31.65,31.75,31.2,31.3,16487712
2023-06-16 00:00:00+05:30,31.35,31.5,30.95,31.05,33459642
2023-06-19 00:00:00+05:30,31.1,31.25,30.75,30.75,30205554
2023-06-20 00:00:00+05:30,30.8,31.4,30.75,31.1,23502837
2023-06-21 00:00:00+05:30,31.3,31.3,30.75,30.95,18051489
2023-06-22 00:00:00+05:30,30.8,31.05,30.5,30.65,18585441
2023-06-23 00:00:00+05:30,30.65,30.65,30.25,30.35,17722992
2023-06-26 00:00:00+05:30,30.4,30.45,30.15,30.4,18136608
2023-06-27 00:00:00+05:30,30.45,30.7,30.2,30.3,25019214
2023-06-28 00:00:00+05:30,30.4,30.6,30.2,30.3,27346866
2023-06-30 00:00:00+05:30,30.45,30.55,30.2,30.35,36123750
2023-07-03 00:00:00+05:30,30.75,31.25,30.65,31.2,33593049
2023-07-04 00:00:00+05:30,31.35,31.4,30.85,31.05,19178832
2023-07-05 00:00:00+05:30,31.05,31.3,30.95,31.2,11852043
2023-07-06 00:00:00+05:30,31.2,31.2,30.85,31.05,19326843
2023-07-07 00:00:00+05:30,31.0,31.35,30.9,31.0,14706429
2023-07-10 00:00:00+05:30,31.1,31.55,30.85,31.3,29074305
2023-07-11 00:00:00+05:30,31.35,31.5,31.2,31.35,19516980
2023-07-12 00:00:00+05:30,31.5,32.6,31.4,32.4,69666234
2023-07-13 00:00:00+05:30,32.75,32.95,32.0,32.35,45652857
2023-07-14 00:00:00+05:30,32.6,32.9,32.25,32.85,28832772
2023-07-17 00:00:00+05:30,33.1,33.3,32.9,32.95,29927676
2023-07-18 00:00:00+05:30,33.05,33.1,32.15,32.35,24999231
2023-07-19 00:00:00+05:30,32.6,32.65,32.2,32.45,14934303
2023-07-20 00:00:00+05:30,32.7,32.7,32.15,32.2,17351133
2023-07-21 00:00:00+05:30,32.15,32.45,32.0,32.2,13179366
2023-07-24 00:00:00+05:30,32.2,32.35,32.05,32.2,13097697
2023-07-25 00:00:00+05:30,32.5,32.75,32.2,32.6,25133688
2023-07-26 00:00:00+05:30,32.8,32.85,32.55,32.65,15745113
2023-07-27 00:00:00+05:30,32.85,32.95,32.55,32.6,15366816
2023-07-28 00:00:00+05:30,32.55,32.75,32.15,32.7,23798820
2023-07-31 00:00:00+05:30,32.85,34.2,32.8,34.1,72673929
2023-08-01 00:00:00+05:30,34.35,34.5,33.85,33.95,38733261
2023-08-02 00:00:00+05:30,34.0,34.0,32.6,33.05,35771037
2023-08-03 00:00:00+05:30,33.15,33.35,32.65,32.9,28073898
2023-08-04 00:00:00+05:30,33.0,33.25,32.85,32.9,16674615
2023-08-07 00:00:00+05:30,33.05,33.1,32.5,32.7,27601896
2023-08-08 00:00:00+05:30,32.75,32.9,32.15,32.3,20388915
2023-08-09 00:00:00+05:30,32.45,32.8,32.25,32.75,17782167
2023-08-10 00:00:00+05:30,32.75,33.3,32.7,33.0,29851533
2023-08-11 00:00:00+05:30,33.15,33.2,32.6,33.05,28179768
2023-08-14 00:00:00+05:30,33.45,34.65,32.8,34.5,104715831
2023-08-16 00:00:00+05:30,34.5,34.65,33.75,34.1,43805040
2023-08-17 00:00:00+05:30,34.0,34.3,33.6,33.9,31428702
2023-08-18 00:00:00+05:30,34.0,34.15,33.25,33.5,27623061
2023-08-21 00:00:00+05:30,33.7,34.55,33.55,34.45,38809569
2023-08-22 00:00:00+05:30,34.5,35.3,34.35,35.2,54345357
2023-08-23 00:00:00+05:30,35.5,36.1,35.4,35.6,60900111
2023-08-24 00:00:00+05:30,35.9,35.9,35.1,35.25,30969618
2023-08-25 00:00:00+05:30,35.2,35.35,34.6,34.75,20067108
2023-08-28 00:00:00+05:30,35.15,35.7,34.8,35.6,35623839
2023-08-29 00:00:00+05:30,35.85,36.15,35.65,35.75,37489161
2023-08-30 00:00:00+05:30,36.2,36.2,35.75,35.95,36415587
2023-08-31 00:00:00+05:30,37.0,37.7,36.95,37.5,31771695
2023-09-01 00:00:00+05:30,37.5,39.95,37.35,39.85,118169760
2023-09-04 00:00:00+05:30,40.6,42.8,40.55,42.05,140126880
2023-09-05 00:00:00+05:30,42.35,43.95,41.65,43.7,86687829
2023-09-06 00:00:00+05:30,43.65,43.9,42.4,43.35,52729332
2023-09-07 00:00:00+05:30,43.3,43.85,43.05,43.6,30561720
2023-09-08 00:00:00+05:30,43.6,44.4,43.25,43.45,40717227
2023-09-11 00:00:00+05:30,43.6,44.75,43.15,44.1,54092700
2023-09-12 00:00:00+05:30,44.35,44.55,41.4,41.65,57860838
2023-09-13 00:00:00+05:30,41.8,43.6,41.4,43.4,44137557
2023-09-14 00:00:00+05:30,43.6,46.0,43.6,45.8,116522718
2023-09-15 00:00:00+05:30,46.65,47.0,45.4,45.7,81095100
2023-09-18 00:00:00+05:30,45.7,45.7,45.0,45.4,30096213
2023-09-20 00:00:00+05:30,45.2,46.25,44.6,45.2,41281590
2023-09-21 00:00:00+05:30,44.85,45.0,43.6,43.9,36568677
2023-09-22 00:00:00+05:30,43.95,44.2,43.05,43.65,30363030
2023-09-25 00:00:00+05:30,43.65,44.0,43.25,43.65,28517037
2023-09-26 00:00:00+05:30,43.6,44.8,43.4,43.6,41440311
2023-09-27 00:00:00+05:30,43.7,43.85,43.15,43.45,27581574
2023-09-28 00:00:00+05:30,43.6,44.05,43.15,43.3,23996295
2023-09-29 00:00:00+05:30,43.7,45.45,43.7,45.15,43218834
2023-10-03 00:00:00+05:30,45.6,45.7,44.95,45.2,38584362
2023-10-04 00:00:00+05:30,45.2,45.55,43.8,44.45,44544651
2023-10-05 00:00:00+05:30,44.8,45.3,44.45,44.6,27332367
2023-10-06 00:00:00+05:30,44.9,45.1,44.4,44.45,15230532
2023-10-09 00:00:00+05:30,43.95,43.95,42.9,43.65,27540597
2023-10-10 00:00:00+05:30,43.7,46.1,43.7,45.8,49325799
2023-10-11 00:00:00+05:30,46.45,46.9,45.65,45.8,69607749
2023-10-12 00:00:00+05:30,46.2,48.75,46.05,48.5,175951353
2023-10-13 00:00:00+05:30,48.25,50.05,47.85,48.75,107727240
2023-10-16 00:00:00+05:30,49.25,50.55,48.85,50.4,90752613
2023-10-17 00:00:00+05:30,50.7,51.15,50.05,50.35,57844365
2023-10-18 00:00:00+05:30,50.35,50.8,48.85,49.3,42484908
2023-10-19 00:00:00+05:30,48.85,50.05,48.45,49.85,33544575
2023-10-20 00:00:00+05:30,49.55,49.6,47.6,48.25,40050501
2023-10-23 00:00:00+05:30,48.25,48.45,45.85,46.1,51812334
2023-10-25 00:00:00+05:30,46.65,47.15,45.9,46.7,54703158
2023-10-26 00:00:00+05:30,46.05,46.65,45.5,46.4,28422876
2023-10-27 00:00:00+05:30,46.7,47.55,46.5,47.05,29616945
2023-10-30 00:00:00+05:30,47.05,47.65,46.55,47.55,18802833
2023-10-31 00:00:00+05:30,47.9,48.1,46.9,47.0,25804383
2023-11-01 00:00:00+05:30,47.0,47.35,46.6,46.9,13740702
2023-11-02 00:00:00+05:30,47.1,48.95,46.95,48.75,33625743
2023-11-03 00:00:00+05:30,49.2,49.2,48.35,48.6,25067283
2023-11-06 00:00:00+05:30,49.0,49.5,48.6,48.9,22768914
2023-11-07 00:00:00+05:30,48.95,50.15,48.9,49.75,48076854
2023-11-08 00:00:00+05:30,50.15,50.3,49.4,49.55,19033761
2023-11-09 00:00:00+05:30,49.6,50.25,49.35,49.75,19959702
2023-11-10 00:00:00+05:30,49.55,51.75,49.25,51.45,73074960
2023-11-12 00:00:00+05:30,52.65,52.75,51.95,52.6,18775641
2023-11-13 00:00:00+05:30,52.75,54.2,51.85,53.45,78027435
2023-11-15 00:00:00+05:30,53.3,53.4,50.85,51.8,89859765
2023-11-16 00:00:00+05:30,52.15,52.45,51.25,51.5,33888945
2023-11-17 00:00:00+05:30,51.5,52.0,51.25,51.5,20917053
2023-11-20 00:00:00+05:30,52.1,52.75,51.6,52.05,39013038
2023-11-21 00:00:00+05:30,52.45,52.55,51.0,51.8,36456999
2023-11-22 00:00:00+05:30,51.85,52.4,51.35,52.3,33752805
2023-11-23 00:00:00+05:30,52.75,53.1,52.1,52.6,34383183
2023-11-24 00:00:00+05:30,53.2,54.05,52.6,52.8,70943223
2023-11-28 00:00:00+05:30,53.25,55.6,53.0,55.4,66480168
2023-11-29 00:00:00+05:30,55.8,55.95,54.45,55.1,45844743
2023-11-30 00:00:00+05:30,55.05,55.65,53.9,55.35,52592415
2023-12-01 00:00:00+05:30,55.8,56.35,55.25,55.5,32549223
2023-12-04 00:00:00+05:30,56.55,56.75,55.9,56.15,31693020
2023-12-05 00:00:00+05:30,56.45,56.8,55.1,55.8,26717388
2023-12-06 00:00:00+05:30,55.8,57.0,55.4,56.25,28795671
2023-12-07 00:00:00+05:30,56.25,56.6,55.8,56.15,17617320
2023-12-08 00:00:00+05:30,56.45,57.65,55.15,56.0,36814326
2023-12-11 00:00:00+05:30,56.15,56.55,55.35,56.4,15838959
2023-12-12 00:00:00+05:30,56.6,57.0,55.6,55.8,16766730
2023-12-13 00:00:00+05:30,56.35,58.5,56.25,58.4,65798970
2023-12-14 00:00:00+05:30,59.35,59.65,58.3,58.5,58425753
2023-12-15 00:00:00+05:30,59.45,60.3,59.15,59.5,39687279
2023-12-18 00:00:00+05:30,59.5,60.15,58.35,59.65,28694427
2023-12-19 00:00:00+05:30,59.65,60.05,58.55,59.05,21005178
2023-12-20 00:00:00+05:30,59.45,60.6,55.45,55.95,48951585
2023-12-21 00:00:00+05:30,55.2,59.4,54.9,59.05,73561743
2023-12-22 00:00:00+05:30,59.95,60.15,58.45,59.65,41088369
2023-12-26 00:00:00+05:30,59.7,62.5,59.45,61.6,93768723
2023-12-27 00:00:00+05:30,62.1,62.2,60.5,61.45,33151062
2023-12-28 00:00:00+05:30,61.8,63.3,61.4,63.2,78062277
2023-12-29 00:00:00+05:30,63.65,64.9,62.15,63.9,68433558
2024-01-01 00:00:00+05:30,64.35,65.55,63.8,64.5,51615849
2024-01-02 00:00:00+05:30,65.0,67.1,64.2,66.45,106314534
2024-01-03 00:00:00+05:30,66.4,66.95,64.95,66.35,45354606
2024-01-04 00:00:00+05:30,66.8,68.45,66.8,68.2,59333100
2024-01-05 00:00:00+05:30,68.05,69.35,67.1,67.95,45965283
2024-01-08 00:00:00+05:30,68.25,68.25,65.4,65.65,45995325
2024-01-09 00:00:00+05:30,66.75,67.3,66.05,66.4,30473721
2024-01-10 00:00:00+05:30,66.05,66.05,63.9,64.3,55437963
2024-01-11 00:00:00+05:30,64.85,65.1,63.8,63.9,25756722
2024-01-12 00:00:00+05:30,64.35,65.05,63.6,64.5,27971124
2024-01-15 00:00:00+05:30,65.4,65.55,63.55,63.85,40496259
2024-01-16 00:00:00+05:30,63.95,65.25,62.65,64.95,53173383
2024-01-17 00:00:00+05:30,64.0,64.45,62.55,62.95,45128694
2024-01-18 00:00:00+05:30,62.95,63.7,60.0,62.1,56021649
2024-01-19 00:00:00+05:30,63.0,64.5,62.4,64.3,38519142
2024-01-20 00:00:00+05:30,64.9,66.45,64.2,64.95,47345232
2024-01-23 00:00:00+05:30,65.5,65.85,61.45,61.75,59548896
2024-01-24 00:00:00+05:30,62.5,64.85,62.05,64.6,53581488
2024-01-25 00:00:00+05:30,65.2,66.45,64.75,66.25,54609993
2024-01-29 00:00:00+05:30,66.95,67.75,66.35,67.4,50979381
2024-01-30 00:00:00+05:30,67.7,68.15,66.8,67.0,26510319
2024-01-31 00:00:00+05:30,67.25,67.7,66.6,67.05,21678369
2024-02-01 00:00:00+05:30,67.75,69.15,66.65,68.75,46716180
2024-02-02 00:00:00+05:30,69.9,72.45,69.45,71.85,116794920
2024-02-05 00:00:00+05:30,73.2,75.3,72.35,73.65,94601658
2024-02-06 00:00:00+05:30,73.85,74.6,71.65,74.3,59841120
2024-02-07 00:00:00+05:30,75.1,75.35,73.2,74.25,52172340
2024-02-08 00:00:00+05:30,74.7,75.1,73.35,74.55,27368601
2024-02-09 00:00:00+05:30,74.55,74.8,71.3,73.65,38488728
2024-02-12 00:00:00+05:30,73.45,74.65,69.6,70.15,47138400
2024-02-13 00:00:00+05:30,71.55,71.55,68.35,69.2,48703704
2024-02-14 00:00:00+05:30,68.75,72.35,68.1,71.85,45496641
2024-02-15 00:00:00+05:30,75.9,76.95,74.1,75.3,187542936
2024-02-16 00:00:00+05:30,75.65,75.65,73.55,74.55,59836356
2024-02-19 00:00:00+05:30,75.0,76.4,74.65,75.1,39536532
2024-02-20 00:00:00+05:30,75.7,75.85,73.0,73.5,56029344
2024-02-21 00:00:00+05:30,74.7,74.7,70.55,70.95,63622833
2024-02-22 00:00:00+05:30,71.65,73.1,70.55,72.9,53701776
2024-02-23 00:00:00+05:30,73.45,73.45,72.0,72.7,48621681
2024-02-26 00:00:00+05:30,72.65,73.0,71.15,71.65,45095202
2024-02-27 00:00:00+05:30,71.76,72.32,69.54,70.37,62647536
2024-02-28 00:00:00+05:30,70.98,71.73,69.42,69.74,57629769
2024-02-29 00:00:00+05:30,70.04,71.79,69.18,70.63,491520069
2024-03-01 00:00:00+05:30,71.11,73.34,71.01,72.24,46149936
2024-03-02 00:00:00+05:30,72.54,73.47,72.49,73.38,4003563
2024-03-04 00:00:00+05:30,73.94,75.63,73.12,75.06,49682751
2024-03-05 00:00:00+05:30,75.02,76.15,74.75,75.87,41868192
2024-03-06 00:00:00+05:30,75.96,76.67,73.66,75.34,39410871
2024-03-07 00:00:00+05:30,74.57,76.23,74.18,74.67,45042561
2024-03-11 00:00:00+05:30,73.48,74.26,71.39,71.55,44313108
2024-03-12 00:00:00+05:30,71.6,72.21,69.12,69.89,47253039
2024-03-13 00:00:00+05:30,69.72,70.09,63.6,64.24,66596313
2024-03-14 00:00:00+05:30,63.63,65.2,61.65,63.15,87923217
2024-03-15 00:00:00+05:30,63.44,63.95,59.52,62.02,75762474
2024-03-18 00:00:00+05:30,62.03,63.93,61.0,63.38,58324524
2024-03-19 00:00:00+05:30,63.38,65.24,62.44,62.64,71376654
2024-03-20 00:00:00+05:30,63.29,64.56,63.0,64.35,69987957
2024-03-21 00:00:00+05:30,64.32,65.38,64.04,64.97,48410466
2024-03-22 00:00:00+05:30,64.41,64.64,63.16,63.69,53612352
2024-03-26 00:00:00+05:30,63.32,64.47,63.15,63.62,36748233
2024-03-27 00:00:00+05:30,63.85,64.14,62.07,62.22,28450188
2024-03-28 00:00:00+05:30,62.8,63.67,62.55,63.08,35871051
2024-04-01 00:00:00+05:30,64.04,66.66,63.57,66.48,59846145
2024-04-02 00:00:00+05:30,66.29,67.73,65.66,67.45,58434363
2024-04-03 00:00:00+05:30,67.45,69.02,66.94,68.07,50070930
2024-04-04 00:00:00+05:30,68.92,69.01,66.59,67.79,31888464
2024-04-05 00:00:00+05:30,67.75,68.69,66.94,68.13,19133949
2024-04-08 00:00:00+05:30,68.68,70.42,67.9,70.07,55396662
2024-04-09 00:00:00+05:30,70.1,71.65,69.81,71.29,45282690
2024-04-10 00:00:00+05:30,71.92,76.44,71.53,75.39,142738023
2024-04-12 00:00:00+05:30,75.26,76.08,74.46,74.7,47515149
2024-04-15 00:00:00+05:30,73.03,77.14,72.42,75.33,75937155
2024-04-16 00:00:00+05:30,75.02,76.78,73.85,75.18,40394247
2024-04-18 00:00:00+05:30,75.51,77.18,73.05,73.54,55739916
2024-04-19 00:00:00+05:30,72.54,74.26,71.71,73.68,35154534
2024-04-22 00:00:00+05:30,74.42,75.28,73.94,74.36,17859648
2024-04-23 00:00:00+05:30,74.74,74.78,73.15,73.37,21895293
2024-04-24 00:00:00+05:30,73.8,77.9,73.7,77.57,96506550
2024-04-25 00:00:00+05:30,78.13,79.11,77.14,78.87,70101912
2024-04-26 00:00:00+05:30,79.43,81.14,79.22,80.66,54712098
2024-04-29 00:00:00+05:30,81.53,81.77,79.29,79.71,29066490
2024-04-30 00:00:00+05:30,81.3,81.5,79.44,79.54,31582803
2024-05-02 00:00:00+05:30,79.43,81.42,78.86,80.83,43262532
2024-05-03 00:00:00+05:30,80.83,84.39,80.72,84.09,116924001
2024-05-06 00:00:00+05:30,84.96,85.43,80.67,84.24,79577118
2024-05-07 00:00:00+05:30,84.59,84.59,80.75,81.54,60243729
2024-05-08 00:00:00+05:30,80.75,83.93,80.75,83.42,34629336
2024-05-09 00:00:00+05:30,83.48,83.83,78.75,79.11,32960373
2024-05-10 00:00:00+05:30,79.11,80.37,77.69,79.85,28341060
2024-05-13 00:00:00+05:30,79.85,80.39,76.99,79.97,25894860
2024-05-14 00:00:00+05:30,80.22,83.27,80.22,82.88,33347736
2024-05-15 00:00:00+05:30,83.02,84.26,82.92,83.58,25732044
2024-05-16 00:00:00+05:30,84.24,84.94,81.74,82.86,33029949
2024-05-17 00:00:00+05:30,83.18,86.83,82.88,86.51,50378568
2024-05-18 00:00:00+05:30,86.93,88.0,86.93,87.6,9387120
2024-05-21 00:00:00+05:30,87.88,89.54,87.29,88.24,40420551
2024-05-22 00:00:00+05:30,89.05,89.11,84.63,85.43,57357078
2024-05-23 00:00:00+05:30,85.63,85.71,82.43,83.18,40769301
2024-05-24 00:00:00+05:30,83.48,84.82,83.35,83.76,23062833
2024-05-27 00:00:00+05:30,84.47,84.47,81.82,82.1,30147801
2024-05-28 00:00:00+05:30,80.67,83.06,80.58,80.94,53815368
2024-05-29 00:00:00+05:30,80.37,81.35,79.53,80.72,33252177
2024-05-30 00:00:00+05:30,80.67,80.72,77.6,78.0,30370719
2024-05-31 00:00:00+05:30,79.05,81.87,78.23,81.35,73790568
2024-06-03 00:00:00+05:30,85.36,85.39,82.17,83.76,46031172
2024-06-04 00:00:00+05:30,83.76,83.76,66.02,74.2,96043173
2024-06-05 00:00:00+05:30,75.05,77.23,70.0,76.54,52977693
2024-06-06 00:00:00+05:30,78.08,80.51,77.23,78.86,28757364
2024-06-07 00:00:00+05:30,79.89,81.23,79.17,80.83,24951177
2024-06-10 00:00:00+05:30,80.98,80.98,79.38,79.64,15575433
2024-06-11 00:00:00+05:30,79.71,81.75,78.96,79.81,19927716
2024-06-12 00:00:00+05:30,80.2,82.53,79.84,82.27,28480617
2024-06-13 00:00:00+05:30,83.61,83.83,82.12,82.97,25016742
2024-06-14 00:00:00+05:30,82.97,84.03,82.27,83.61,19120215
2024-06-18 00:00:00+05:30,83.99,84.69,82.97,83.16,22399191
2024-06-19 00:00:00+05:30,83.5,83.83,81.47,81.96,16411611
2024-06-20 00:00:00+05:30,81.92,86.18,81.07,85.43,67604979
2024-06-21 00:00:00+05:30,85.99,86.04,83.81,84.33,28691421
2024-06-24 00:00:00+05:30,83.63,83.71,81.96,82.55,19733784
2024-06-25 00:00:00+05:30,83.35,83.58,79.92,80.69,29378100
2024-06-26 00:00:00+05:30,80.02,80.05,77.62,77.93,58485729
2024-06-27 00:00:00+05:30,78.16,79.24,75.44,76.76,59956431
2024-06-28 00:00:00+05:30,77.18,78.45,76.75,76.94,38809188
2024-07-01 00:00:00+05:30,76.61,78.87,76.49,78.68,73200099
2024-07-02 00:00:00+05:30,78.68,78.84,75.8,76.41,71762511
2024-07-03 00:00:00+05:30,77.2,78.89,76.96,78.55,34674402
2024-07-04 00:00:00+05:30,79.26,79.85,78.43,78.68,39878085
2024-07-05 00:00:00+05:30,78.16,79.43,77.85,78.88,42363861
2024-07-08 00:00:00+05:30,79.17,79.24,78.02,78.21,26695356
2024-07-09 00:00:00+05:30,78.48,79.48,78.17,78.58,31229676
2024-07-10 00:00:00+05:30,78.64,78.98,74.91,76.58,37216932
2024-07-11 00:00:00+05:30,76.94,77.32,76.38,76.98,21017598
2024-07-12 00:00:00+05:30,77.29,77.82,76.36,77.01,14538876
2024-07-15 00:00:00+05:30,77.23,77.62,76.17,77.27,17760150
2024-07-16 00:00:00+05:30,77.55,78.4,76.97,77.14,20174739
2024-07-18 00:00:00+05:30,77.04,77.04,75.27,75.63,18943977
2024-07-19 00:00:00+05:30,75.62,75.62,71.29,71.53,34677240
2024-07-22 00:00:00+05:30,71.29,73.66,70.35,73.13,20965680
2024-07-23 00:00:00+05:30,73.45,73.85,69.07,73.37,39099774
2024-07-24 00:00:00+05:30,73.29,74.24,72.48,72.78,17058228
2024-07-25 00:00:00+05:30,71.91,73.47,71.15,71.88,32279262
2024-07-26 00:00:00+05:30,72.68,74.83,72.55,74.59,25187640
2024-07-29 00:00:00+05:30,75.07,76.91,74.81,76.36,30854370
2024-07-30 00:00:00+05:30,75.91,76.56,75.17,75.99,15006963
2024-07-31 00:00:00+05:30,76.46,76.9,75.33,75.55,19700181
2024-08-01 00:00:00+05:30,75.89,77.9,75.49,75.89,38141133
2024-08-02 00:00:00+05:30,74.98,75.12,73.34,73.77,16851843
2024-08-05 00:00:00+05:30,72.22,72.35,69.29,70.13,25596654
2024-08-06 00:00:00+05:30,70.28,72.38,69.37,69.65,18329937
2024-08-07 00:00:00+05:30,70.66,71.81,70.08,71.47,21138498
2024-08-08 00:00:00+05:30,71.67,71.84,69.39,69.57,18491904
2024-08-09 00:00:00+05:30,70.35,70.73,68.32,69.26,22589694
2024-08-12 00:00:00+05:30,68.48,72.14,67.89,71.8,28976304
2024-08-13 00:00:00+05:30,73.47,73.47,69.76,70.19,42773148
2024-08-14 00:00:00+05:30,70.35,70.58,65.68,65.96,70788720
2024-08-16 00:00:00+05:30,67.23,68.17,65.71,67.99,45608541
2024-08-19 00:00:00+05:30,68.69,69.17,67.92,68.75,20968632
2024-08-20 00:00:00+05:30,69.06,70.47,68.68,70.23,29725110
2024-08-21 00:00:00+05:30,70.35,71.11,69.44,69.62,30325380
2024-08-22 00:00:00+05:30,70.2,71.25,69.97,70.78,23108352
2024-08-23 00:00:00+05:30,70.94,70.94,69.23,69.34,14065443
2024-08-26 00:00:00+05:30,69.72,71.97,69.34,71.68,25270356
2024-08-27 00:00:00+05:30,71.93,72.88,71.55,71.81,22519920
2024-08-28 00:00:00+05:30,71.92,72.21,70.6,70.74,15852960
2024-08-29 00:00:00+05:30,70.59,70.89,68.96,70.01,16571922
2024-08-30 00:00:00+05:30,70.2,70.72,69.44,69.62,18513903
2024-09-02 00:00:00+05:30,69.11,69.35,67.07,67.67,34795296
2024-09-03 00:00:00+05:30,67.23,67.98,66.87,67.22,25014414
2024-09-04 00:00:00+05:30,66.6,67.22,65.39,66.0,31024059
2024-09-05 00:00:00+05:30,66.28,66.78,65.9,66.51,18993435
2024-09-06 00:00:00+05:30,66.51,66.51,64.85,65.97,26006859
2024-09-09 00:00:00+05:30,65.97,66.1,64.07,64.94,24391737
2024-09-10 00:00:00+05:30,64.97,66.35,64.97,65.96,20925657
2024-09-11 00:00:00+05:30,65.82,66.29,64.32,64.66,17829423
2024-09-12 00:00:00+05:30,65.35,67.79,65.2,67.38,38040009
2024-09-13 00:00:00+05:30,67.8,69.39,67.54,69.0,42725088
2024-09-16 00:00:00+05:30,69.32,69.89,68.33,68.51,24643884
2024-09-17 00:00:00+05:30,68.37,68.6,66.8,67.12,14344563
2024-09-18 00:00:00+05:30,66.94,67.0,65.5,66.33,20855862
2024-09-19 00:00:00+05:30,66.5,67.23,64.31,66.4,28288293
2024-09-20 00:00:00+05:30,66.92,68.26,66.24,66.46,42949458
2024-09-23 00:00:00+05:30,66.65,67.54,66.34,67.35,17708706
2024-09-24 00:00:00+05:30,68.45,70.56,68.18,70.01,70821039
2024-09-25 00:00:00+05:30,70.6,71.67,70.28,70.6,44226318
2024-09-26 00:00:00+05:30,70.58,73.56,69.38,73.26,81666573
2024-09-27 00:00:00+05:30,74.17,74.98,73.26,73.53,53403048
2024-09-30 00:00:00+05:30,75.98,77.29,75.07,76.58,134889675
2024-10-01 00:00:00+05:30,76.52,77.36,74.85,76.46,48932499
2024-10-03 00:00:00+05:30,74.47,76.73,74.02,74.85,45073830
2024-10-04 00:00:00+05:30,74.42,75.67,73.19,73.96,26794155
2024-10-07 00:00:00+05:30,74.5,75.58,70.4,71.53,39737070
2024-10-08 00:00:00+05:30,70.04,70.11,65.97,68.48,93521157
2024-10-09 00:00:00+05:30,69.31,71.4,66.99,70.1,72717858
2024-10-10 00:00:00+05:30,70.52,72.28,70.47,70.78,27971820
2024-10-11 00:00:00+05:30,70.78,73.64,70.78,73.07,47584797
2024-10-14 00:00:00+05:30,73.17,74.74,73.12,74.13,31763556
2024-10-15 00:00:00+05:30,74.42,74.47,72.28,72.56,21701715
2024-10-16 00:00:00+05:30,72.54,73.19,71.85,72.35,28947474
2024-10-17 00:00:00+05:30,72.84,72.84,69.43,70.04,31497708
2024-10-18 00:00:00+05:30,69.62,72.67,68.68,72.37,31355718
2024-10-21 00:00:00+05:30,72.39,73.1,70.2,70.55,17979288
2024-10-22 00:00:00+05:30,70.35,70.75,66.94,67.35,20126418
2024-10-23 00:00:00+05:30,68.79,70.45,67.98,68.26,48592896
2024-10-24 00:00:00+05:30,67.85,68.92,67.24,67.49,17078295
2024-10-25 00:00:00+05:30,67.69,68.54,65.66,68.11,51228402
2024-10-28 00:00:00+05:30,68.45,71.65,67.24,71.28,41540253
2024-10-29 00:00:00+05:30,71.04,71.53,67.73,70.71,33370899
2024-10-30 00:00:00+05:30,70.23,71.34,69.9,70.12,11504781
2024-10-31 00:00:00+05:30,70.15,70.38,68.36,69.38,32381775
2024-11-01 00:00:00+05:30,69.89,70.31,69.32,69.68,2838057
2024-11-04 00:00:00+05:30,70.25,71.13,69.46,70.83,45335373
2024-11-05 00:00:00+05:30,70.82,73.94,70.76,73.39,67111656
2024-11-06 00:00:00+05:30,74.34,75.61,72.01,75.37,51877836
2024-11-07 00:00:00+05:30,75.67,76.38,74.34,74.71,36177126
2024-11-08 00:00:00+05:30,75.04,77.0,72.36,73.79,69222918
2024-11-11 00:00:00+05:30,73.29,73.41,70.99,72.83,38684466
2024-11-12 00:00:00+05:30,72.54,72.62,69.67,70.28,94780671
2024-11-13 00:00:00+05:30,70.26,70.89,68.94,69.79,46414905
2024-11-14 00:00:00+05:30,69.95,71.45,68.2,68.41,29963523
2024-11-18 00:00:00+05:30,68.81,71.73,68.53,69.64,47659770
2024-11-19 00:00:00+05:30,69.96,70.45,68.63,69.17,34126065
2024-11-21 00:00:00+05:30,69.72,69.72,67.29,68.04,26724375
2024-11-22 00:00:00+05:30,68.48,69.51,68.26,69.03,25378566
2024-11-25 00:00:00+05:30,70.35,71.34,69.98,70.91,44506926
2024-11-26 00:00:00+05:30,70.98,71.55,70.49,70.89,22968969
2024-11-27 00:00:00+05:30,70.85,71.71,70.56,71.21,17865060
2024-11-28 00:00:00+05:30,71.59,72.17,70.93,71.21,18007374
2024-11-29 00:00:00+05:30,71.45,72.6,71.05,71.94,27932256
2024-12-02 00:00:00+05:30,72.53,72.7,71.77,72.47,13526058
2024-12-03 00:00:00+05:30,72.68,73.84,72.54,73.69,17718759
2024-12-04 00:00:00+05:30,73.96,74.11,72.78,73.19,14661744
2024-12-05 00:00:00+05:30,73.65,73.94,73.08,73.53,12102192
2024-12-06 00:00:00+05:30,73.78,74.88,73.31,74.62,23250720
2024-12-09 00:00:00+05:30,74.87,75.78,73.7,75.52,39372222
2024-12-10 00:00:00+05:30,75.72,77.7,75.72,76.28,55704825
2024-12-11 00:00:00+05:30,76.29,76.97,75.06,75.4,37007970
2024-12-12 00:00:00+05:30,75.54,75.67,74.32,75.29,19115433
2024-12-13 00:00:00+05:30,74.11,74.57,71.67,73.09,51242721
2024-12-16 00:00:00+05:30,73.09,73.38,72.07,72.75,17309907
2024-12-17 00:00:00+05:30,72.68,73.15,70.98,71.14,16910646
2024-12-18 00:00:00+05:30,71.13,71.53,66.07,66.8,106766601
2024-12-19 00:00:00+05:30,66.44,67.51,65.57,66.94,39105261
2024-12-20 00:00:00+05:30,67.07,68.56,66.01,66.64,57495276
2024-12-23 00:00:00+05:30,67.38,68.08,65.06,66.93,60663189
2024-12-24 00:00:00+05:30,67.07,67.28,65.68,66.42,40001385
2024-12-26 00:00:00+05:30,67.2,67.66,66.67,67.05,28683231
2024-12-27 00:00:00+05:30,67.39,67.63,64.85,65.02,33184338
2024-12-30 00:00:00+05:30,65.15,65.33,62.39,62.73,39389278
2024-12-31 00:00:00+05:30,62.7,63.62,61.49,61.84,38155586
2025-01-01 00:00:00+05:30,62.17,62.17,60.98,61.89,21999690
2025-01-02 00:00:00+05:30,61.89,63.68,61.84,63.5,30423550
2025-01-03 00:00:00+05:30,63.73,64.34,63.27,63.47,19978769
2025-01-06 00:00:00+05:30,63.68,63.68,60.7,60.88,22191351
2025-01-07 00:00:00+05:30,60.98,62.34,60.04,61.88,38761765
2025-01-08 00:00:00+05:30,61.88,62.44,60.79,61.91,31517108
2025-01-09 00:00:00+05:30,61.91,62.0,60.55,60.75,14824626
2025-01-10 00:00:00+05:30,60.75,61.37,58.96,59.13,16248992
2025-01-13 00:00:00+05:30,58.27,58.7,56.0,56.28,27510117
2025-01-14 00:00:00+05:30,56.28,59.67,56.28,59.43,40674327
2025-01-15 00:00:00+05:30,60.03,61.02,59.05,59.3,22377655
2025-01-16 00:00:00+05:30,60.14,61.9,60.03,61.61,30305626
2025-01-17 00:00:00+05:30,61.53,62.97,60.74,62.5,26506821
2025-01-20 00:00:00+05:30,63.02,63.87,61.65,62.96,27802226
2025-01-21 00:00:00+05:30,63.08,63.92,61.87,62.19,32761209
2025-01-22 00:00:00+05:30,62.29,62.86,59.87,61.62,28101558
2025-01-23 00:00:00+05:30,61.44,64.78,60.9,63.87,36174380
2025-01-24 00:00:00+05:30,63.87,64.21,62.29,62.64,20736866
2025-01-27 00:00:00+05:30,61.86,61.9,60.03,60.44,13695938
2025-01-28 00:00:00+05:30,60.6,61.42,59.02,59.93,17269379
2025-01-29 00:00:00+05:30,60.22,61.91,60.18,61.68,14177669
2025-01-30 00:00:00+05:30,61.73,62.27,60.25,61.02,16385610
2025-01-31 00:00:00+05:30,60.98,62.19,59.94,62.01,15982195
2025-02-01 00:00:00+05:30,61.72,62.66,60.08,60.39,14471957
2025-02-03 00:00:00+05:30,59.3,59.52,56.86,58.43,22975253
2025-02-04 00:00:00+05:30,59.01,60.46,58.96,60.03,10065010
2025-02-05 00:00:00+05:30,60.47,61.58,60.22,61.1,15215384
2025-02-06 00:00:00+05:30,61.88,61.88,59.95,61.09,28483272
2025-02-07 00:00:00+05:30,61.39,63.03,61.3,62.53,36994940
2025-02-10 00:00:00+05:30,62.7,62.75,59.88,60.15,17442057
2025-02-11 00:00:00+05:30,60.46,60.46,57.24,57.69,19356222
2025-02-12 00:00:00+05:30,57.73,59.49,56.42,59.02,26450865
2025-02-13 00:00:00+05:30,59.09,60.41,58.64,59.27,13322870
2025-02-14 00:00:00+05:30,59.86,60.69,57.5,58.09,16824284
2025-02-17 00:00:00+05:30,57.7,58.86,56.64,58.69,15735076
2025-02-18 00:00:00+05:30,58.72,59.35,57.14,59.16,19156564
2025-02-19 00:00:00+05:30,58.81,61.13,58.26,60.93,17999735
2025-02-20 00:00:00+05:30,60.98,63.23,60.6,62.97,22692394
2025-02-21 00:00:00+05:30,62.95,63.92,62.19,63.54,21758577
2025-02-24 00:00:00+05:30,62.85,62.9,61.45,61.97,14696915
2025-02-25 00:00:00+05:30,61.97,62.67,60.71,60.79,11145339
2025-02-27 00:00:00+05:30,61.06,61.35,60.13,61.15,13567524
2025-02-28 00:00:00+05:30,60.32,60.4,58.01,58.61,29187533
2025-03-03 00:00:00+05:30,58.82,59.42,57.31,59.15,15912361
2025-03-04 00:00:00+05:30,58.72,59.69,57.36,58.41,23007590
2025-03-05 00:00:00+05:30,58.58,61.54,58.39,61.38,35187796
2025-03-06 00:00:00+05:30,61.93,63.45,61.49,62.75,23440671
2025-03-07 00:00:00+05:30,62.7,63.96,62.22,62.98,20227573
2025-03-10 00:00:00+05:30,63.6,64.26,61.35,61.85,27188563
2025-03-11 00:00:00+05:30,60.69,61.58,59.76,61.14,20081328
2025-03-12 00:00:00+05:30,61.54,62.19,59.34,60.77,26201008
2025-03-13 00:00:00+05:30,61.21,61.3,59.7,59.85,14456872
2025-03-17 00:00:00+05:30,60.56,61.42,60.14,60.89,19708095
2025-03-18 00:00:00+05:30,61.97,62.75,61.59,62.64,30965779
2025-03-19 00:00:00+05:30,63.45,64.91,62.62,64.52,40126978
2025-03-20 00:00:00+05:30,65.73,65.95,63.72,64.53,38783316
2025-03-21 00:00:00+05:30,64.67,65.61,64.21,65.52,31798886
2025-03-24 00:00:00+05:30,66.19,68.41,65.67,67.48,37067380
2025-03-25 00:00:00+05:30,67.64,67.82,65.99,66.18,25114038
2025-03-26 00:00:00+05:30,66.19,66.67,65.36,65.75,23133011
2025-03-27 00:00:00+05:30,65.02,66.71,65.02,66.53,16130834
2025-03-28 00:00:00+05:30,66.48,67.44,66.24,66.86,20124046
2025-04-01 00:00:00+05:30,66.0,68.39,65.63,67.71,28098477
2025-04-02 00:00:00+05:30,67.93,68.25,65.91,68.14,19242568
2025-04-03 00:00:00+05:30,67.06,68.89,66.96,68.35,23258770
2025-04-04 00:00:00+05:30,67.93,67.96,62.75,63.1,37205154
2025-04-07 00:00:00+05:30,58.22,60.61,57.84,59.49,40391466
2025-04-08 00:00:00+05:30,61.14,61.84,59.02,59.75,30791131
2025-04-09 00:00:00+05:30,59.75,59.96,57.77,59.5,40534055
2025-04-11 00:00:00+05:30,61.14,61.41,60.39,61.05,19971049
2025-04-15 00:00:00+05:30,62.15,63.4,61.68,63.22,19668115
2025-04-16 00:00:00+05:30,63.57,64.15,62.79,63.8,19304641
2025-04-17 00:00:00+05:30,63.8,64.43,63.28,63.93,13062706
2025-04-21 00:00:00+05:30,64.49,66.13,63.97,65.83,14029930
2025-04-22 00:00:00+05:30,66.33,66.62,65.61,65.96,11733604
2025-04-23 00:00:00+05:30,66.09,66.61,64.39,66.1,33095946
2025-04-24 00:00:00+05:30,65.96,67.06,65.63,66.01,22714754
2025-04-25 00:00:00+05:30,66.33,66.61,62.4,63.03,53680926
2025-04-28 00:00:00+05:30,63.03,64.39,62.73,63.77,13627031
2025-04-29 00:00:00+05:30,63.78,64.92,63.47,63.64,13822971
2025-04-30 00:00:00+05:30,63.22,64.02,62.42,62.88,13726917
2025-05-02 00:00:00+05:30,63.5,65.26,62.99,63.32,29491097
2025-05-05 00:00:00+05:30,63.86,64.49,62.92,64.0,12558361
2025-05-06 00:00:00+05:30,64.06,64.25,62.21,62.46,11560536
2025-05-07 00:00:00+05:30,61.21,64.05,61.14,63.8,16952789
2025-05-08 00:00:00+05:30,64.03,64.33,61.43,61.91,19370506
2025-05-09 00:00:00+05:30,60.17,62.76,60.17,62.39,22840112
2025-05-12 00:00:00+05:30,65.07,66.19,64.22,66.07,26920155
2025-05-13 00:00:00+05:30,65.99,66.42,65.08,65.23,16900869
2025-05-14 00:00:00+05:30,65.51,68.37,65.46,67.97,36683674
2025-05-15 00:00:00+05:30,67.97,68.71,67.35,67.99,24328812
2025-05-16 00:00:00+05:30,67.99,68.76,67.66,68.2,12156913
2025-05-19 00:00:00+05:30,68.2,69.22,67.5,68.19,19353220
2025-05-20 00:00:00+05:30,68.71,69.1,67.08,67.24,17798697
2025-05-21 00:00:00+05:30,67.45,68.22,67.02,68.08,11838095
2025-05-22 00:00:00+05:30,67.93,69.78,67.3,69.09,45935782
2025-05-23 00:00:00+05:30,70.02,70.94,69.13,70.35,25709758
2025-05-26 00:00:00+05:30,70.81,71.36,70.43,71.08,16139243
2025-05-27 00:00:00+05:30,71.09,71.52,69.97,70.59,15514993
2025-05-28 00:00:00+05:30,69.68,70.12,68.43,68.77,32551122
2025-05-29 00:00:00+05:30,69.29,70.75,69.12,70.16,18027840
2025-05-30 00:00:00+05:30,70.34,70.58,68.04,69.07,34601014
2025-06-02 00:00:00+05:30,69.0,69.66,67.97,68.68,17803152
2025-06-03 00:00:00+05:30,68.89,70.05,68.51,68.6,22429626
2025-06-04 00:00:00+05:30,67.93,68.58,67.01,68.27,25238482
2025-06-05 00:00:00+05:30,68.67,69.37,68.42,68.71,17431886
2025-06-06 00:00:00+05:30,68.99,70.7,68.84,70.35,25941860
2025-06-09 00:00:00+05:30,70.85,72.51,70.53,71.82,28416839
2025-06-10 00:00:00+05:30,72.34,72.95,71.78,72.14,26573478
2025-06-11 00:00:00+05:30,72.59,72.86,71.66,71.77,18264283
2025-06-12 00:00:00+05:30,71.82,72.21,70.08,70.28,14014646
2025-06-13 00:00:00+05:30,68.91,69.54,67.93,68.29,29308480
2025-06-16 00:00:00+05:30,68.13,68.58,66.22,68.43,17980333
2025-06-17 00:00:00+05:30,68.42,68.43,66.48,66.61,15918691
2025-06-18 00:00:00+05:30,67.35,67.35,66.08,66.48,16361735
2025-06-19 00:00:00+05:30,66.48,66.65,64.83,65.06,19333109
2025-06-20 00:00:00+05:30,65.35,66.28,65.16,65.94,19902519
2025-06-23 00:00:00+05:30,65.7,66.57,65.35,65.99,9544020
2025-06-24 00:00:00+05:30,67.21,68.18,66.88,67.42,15172857
2025-06-25 00:00:00+05:30,67.86,67.89,66.82,66.98,10400058
2025-06-26 00:00:00+05:30,67.16,68.64,67.07,68.47,31206909
2025-06-27 00:00:00+05:30,68.91,70.29,67.6,67.85,26727126
2025-06-30 00:00:00+05:30,68.46,68.51,67.69,67.93,10582703
2025-07-01 00:00:00+05:30,67.82,67.82,65.58,65.95,50233525
2025-07-02 00:00:00+05:30,65.99,66.33,65.02,66.01,27279877
2025-07-03 00:00:00+05:30,66.24,67.6,66.15,67.02,36535369
2025-07-04 00:00:00+05:30,67.2,67.43,66.29,66.75,11370389
2025-07-07 00:00:00+05:30,66.92,66.92,65.93,66.28,12318954
2025-07-08 00:00:00+05:30,66.48,66.81,65.76,66.28,12636004
2025-07-09 00:00:00+05:30,66.31,66.43,65.17,65.9,17220015
2025-07-10 00:00:00+05:30,66.27,66.95,66.08,66.66,14475951
2025-07-11 00:00:00+05:30,66.96,68.57,66.77,67.01,35517748
2025-07-14 00:00:00+05:30,66.96,68.0,66.54,67.03,25588770
2025-07-15 00:00:00+05:30,67.19,67.48,65.81,65.97,34113955
2025-07-16 00:00:00+05:30,66.4,66.92,65.75,66.61,28137527
2025-07-17 00:00:00+05:30,67.05,67.69,66.75,67.51,23708702
2025-07-18 00:00:00+05:30,67.76,69.53,67.64,69.33,58872250
2025-07-21 00:00:00+05:30,69.78,70.46,69.52,69.79,28351406
2025-07-22 00:00:00+05:30,69.88,70.74,69.39,70.01,25688403
2025-07-23 00:00:00+05:30,70.12,71.04,69.59,70.83,35372242
2025-07-24 00:00:00+05:30,70.94,71.43,70.36,70.6,16880176
2025-07-25 00:00:00+05:30,70.75,70.75,69.15,69.54,24279155
2025-07-28 00:00:00+05:30,69.57,69.65,68.49,68.92,15276433
2025-07-29 00:00:00+05:30,68.39,69.83,68.29,69.68,10501708
2025-07-30 00:00:00+05:30,69.68,70.16,69.22,69.93,10931756
2025-07-31 00:00:00+05:30,68.91,69.46,68.42,68.7,17526771
2025-08-01 00:00:00+05:30,69.03,70.64,68.23,68.38,13011037
2025-08-04 00:00:00+05:30,68.8,70.83,68.45,69.7,25992461
2025-08-05 00:00:00+05:30,69.63,70.6,69.32,69.8,13259948
2025-08-06 00:00:00+05:30,69.88,70.27,68.99,69.74,8319031
2025-08-07 00:00:00+05:30,69.15,69.66,67.97,69.39,11539382
2025-08-08 00:00:00+05:30,69.5,69.69,68.61,68.97,10081656
2025-08-11 00:00:00+05:30,69.1,69.65,68.27,68.57,7423594
2025-08-12 00:00:00+05:30,68.65,69.41,68.11,68.85,10403379
2025-08-13 00:00:00+05:30,69.88,70.85,69.04,70.44,33410015
2025-08-14 00:00:00+05:30,70.16,70.16,66.96,67.35,34242659
2025-08-18 00:00:00+05:30,68.15,68.32,67.26,67.53,13221295
2025-08-19 00:00:00+05:30,67.69,68.71,67.43,68.63,20465260
2025-08-20 00:00:00+05:30,68.62,70.24,68.42,69.7,29770419
2025-08-21 00:00:00+05:30,70.25,70.57,69.09,69.25,14855972
2025-08-22 00:00:00+05:30,69.19,69.39,67.98,68.09,8184283
2025-08-25 00:00:00+05:30,68.71,69.2,68.22,68.59,7985002
2025-08-26 00:00:00+05:30,68.51,68.6,67.42,67.82,19958636
2025-08-28 00:00:00+05:30,67.5,67.69,66.54,66.7,15165740
2025-08-29 00:00:00+05:30,66.9,67.45,66.18,66.77,19089863
2025-09-01 00:00:00+05:30,66.96,67.67,66.8,67.57,11003546
2025-09-02 00:00:00+05:30,68.11,70.98,67.73,70.65,46543595
2025-09-03 00:00:00+05:30,71.0,72.3,71.0,72.1,34305181
2025-09-04 00:00:00+05:30,72.69,72.69,70.86,71.26,17518719
2025-09-05 00:00:00+05:30,71.38,72.49,70.67,72.33,16821803
2025-09-08 00:00:00+05:30,72.88,73.28,72.16,72.31,15940641
2025-09-09 00:00:00+05:30,72.79,72.87,71.44,72.46,39250424
2025-09-10 00:00:00+05:30,73.03,73.22,72.12,73.06,19334369
2025-09-11 00:00:00+05:30,73.28,74.22,72.79,73.63,19643352
2025-09-12 00:00:00+05:30,73.76,74.51,73.17,74.21,29848592
2025-09-15 00:00:00+05:30,74.53,74.67,73.08,73.28,15014701
2025-09-16 00:00:00+05:30,73.47,73.56,72.81,73.21,11888159
2025-09-17 00:00:00+05:30,73.35,74.18,73.04,73.46,11497372
2025-09-18 00:00:00+05:30,73.46,74.83,73.25,74.47,16353475
2025-09-19 00:00:00+05:30,74.61,75.44,74.15,74.27,29974960
2025-09-22 00:00:00+05:30,74.42,75.28,74.0,74.59,21600325
2025-09-23 00:00:00+05:30,74.61,76.07,74.25,75.8,32011480
2025-09-24 00:00:00+05:30,76.04,76.14,74.49,74.92,26152793
2025-09-25 00:00:00+05:30,75.12,75.7,73.98,74.13,20472893
2025-09-26 00:00:00+05:30,73.99,74.19,72.61,72.78,24363080
2025-09-29 00:00:00+05:30,73.02,73.95,72.34,72.82,15751009
2025-09-30 00:00:00+05:30,73.22,74.34,73.03,74.1,32158354
2025-10-01 00:00:00+05:30,74.32,75.02,73.28,73.91,16301242
2025-10-03 00:00:00+05:30,74.35,75.68,73.85,74.83,31195027
2025-10-06 00:00:00+05:30,75.3,75.41,73.41,73.82,12328968
2025-10-07 00:00:00+05:30,73.85,74.62,73.41,73.85,12906646
2025-10-08 00:00:00+05:30,74.24,75.12,73.6,73.98,21657726
2025-10-09 00:00:00+05:30,74.23,76.9,74.23,76.48,33869311
2025-10-10 00:00:00+05:30,76.61,76.78,74.37,74.85,24502958
2025-10-13 00:00:00+05:30,74.73,75.07,74.1,74.87,10600238
2025-10-14 00:00:00+05:30,75.06,75.48,73.51,73.88,17196512
2025-10-15 00:00:00+05:30,73.77,74.85,73.58,74.45,16267362
2025-10-16 00:00:00+05:30,74.54,74.58,73.43,73.64,7993203
2025-10-17 00:00:00+05:30,73.66,73.93,72.42,72.7,10435903
2025-10-20 00:00:00+05:30,73.21,73.52,72.23,73.02,10515886
2025-10-21 00:00:00+05:30,73.56,73.94,73.09,73.38,3318059
2025-10-23 00:00:00+05:30,73.26,73.26,70.73,72.0,20156523
2025-10-24 00:00:00+05:30,72.54,73.03,71.88,72.0,16392360
2025-10-27 00:00:00+05:30,72.3,73.01,71.71,72.18,13500697
2025-10-28 00:00:00+05:30,72.03,72.79,72.01,72.43,9718669
2025-10-29 00:00:00+05:30,73.03,75.36,72.47,74.44,39446606
2025-10-30 00:00:00+05:30,74.2,74.83,73.38,73.65,11611890
2025-10-31 00:00:00+05:30,73.32,73.99,72.91,73.55,12203341
2025-11-03 00:00:00+05:30,73.56,74.53,73.08,73.68,17607267
2025-11-04 00:00:00+05:30,73.56,73.56,71.91,72.08,15769204
2025-11-06 00:00:00+05:30,72.01,72.14,70.46,70.96,11864374
2025-11-07 00:00:00+05:30,70.37,72.19,70.27,72.05,12084844
2025-11-10 00:00:00+05:30,72.06,74.24,72.05,72.86,34560732
2025-11-11 00:00:00+05:30,72.98,73.76,72.11,73.55,19958566
2025-11-12 00:00:00+05:30,73.95,75.14,73.76,74.9,38795708
2025-11-13 00:00:00+05:30,75.21,76.32,74.81,75.11,42475486
2025-11-14 00:00:00+05:30,75.12,75.12,73.54,74.29,14182276
2025-11-17 00:00:00+05:30,74.24,75.07,74.1,74.28,15567147
2025-11-18 00:00:00+05:30,74.22,74.22,72.72,73.49,15218821
2025-11-19 00:00:00+05:30,73.27,73.71,72.79,73.04,9109693
2025-11-20 00:00:00+05:30,73.01,73.12,71.73,72.26,24164668
2025-11-21 00:00:00+05:30,71.82,72.01,71.05,71.34,23896675
2025-11-24 00:00:00+05:30,71.34,71.63,70.13,70.4,21985740
2025-11-25 00:00:00+05:30,70.43,70.94,70.11,70.56,12512694
2025-11-26 00:00:00+05:30,71.43,72.25,70.74,72.1,13223415
2025-11-27 00:00:00+05:30,72.69,72.93,71.53,72.02,10707179
2025-11-28 00:00:00+05:30,72.21,72.82,71.33,71.74,16024318
2025-12-01 00:00:00+05:30,72.01,73.52,71.69,73.17,24997800
2025-12-02 00:00:00+05:30,73.46,74.78,73.22,73.85,31583291
2025-12-03 00:00:00+05:30,74.18,74.63,73.37,73.81,11892197
2025-12-04 00:00:00+05:30,73.93,74.86,73.57,73.73,11526558
2025-12-05 00:00:00+05:30,73.73,74.33,72.59,74.2,17203665
2025-12-08 00:00:00+05:30,74.1,74.23,71.96,72.46,14039842
2025-12-09 00:00:00+05:30,72.25,72.99,71.06,72.62,10618027
2025-12-10 00:00:00+05:30,72.62,73.24,71.99,72.21,6555698
2025-12-11 00:00:00+05:30,72.21,73.32,72.21,73.09,7313230
2025-12-12 00:00:00+05:30,73.75,75.75,73.27,75.64,22392662
2025-12-15 00:00:00+05:30,75.7,76.57,75.24,76.23,20700200
2025-12-16 00:00:00+05:30,76.09,76.27,74.4,74.87,11468902
2025-12-17 00:00:00+05:30,74.73,75.52,74.55,75.0,8628268
2025-12-18 00:00:00+05:30,74.84,75.17,74.0,74.25,8848338
2025-12-19 00:00:00+05:30,74.25,74.49,73.49,74.05,9994984
2025-12-22 00:00:00+05:30,74.39,76.38,74.24,76.2,17008841
2025-12-23 00:00:00+05:30,76.79,79.87,76.52,79.12,77610652
2025-12-24 00:00:00+05:30,79.97,80.06,78.68,79.03,27923038
2025-12-26 00:00:00+05:30,79.29,80.79,78.97,80.17,26105816
2025-12-29 00:00:00+05:30,81.04,81.67,77.96,78.46,50793078
2025-12-30 00:00:00+05:30,78.51,81.32,78.22,80.95,40418456
2025-12-31 00:00:00+05:30,81.52,82.14,80.45,80.72,31290373
2026-01-01 00:00:00+05:30,80.72,81.52,79.78,81.19,17474087
2026-01-02 00:00:00+05:30,81.63,82.45,81.36,82.04,27683548
2026-01-05 00:00:00+05:30,82.49,82.73,80.76,81.43,27034891
2026-01-06 00:00:00+05:30,81.47,82.35,80.65,81.4,19631972
2026-01-07 00:00:00+05:30,81.38,83.85,81.28,83.62,41093776
2026-01-08 00:00:00+05:30,83.75,84.16,78.9,79.18,50811580
2026-01-09 00:00:00+05:30,79.18,80.1,76.45,78.11,59337663
2026-01-12 00:00:00+05:30,78.44,79.63,76.81,79.35,21694778
2026-01-13 00:00:00+05:30,79.74,80.04,78.71,79.7,14953959
2026-01-14 00:00:00+05:30,79.68,81.66,79.4,81.38,28795078
2026-01-16 00:00:00+05:30,81.38,81.57,79.88,80.3,20585800
2026-01-19 00:00:00+05:30,80.3,80.3,78.35,78.99,18976405
2026-01-20 00:00:00+05:30,78.99,79.53,76.01,76.51,18241676
2026-01-21 00:00:00+05:30,76.1,77.18,74.76,76.32,20666906
2026-01-22 00:00:00+05:30,76.7,78.08,75.54,75.92,18249016
2026-01-23 00:00:00+05:30,75.7,76.33,73.81,74.11,19489454
2026-01-27 00:00:00+05:30,75.08,77.03,74.17,76.51,28155161
2026-01-28 00:00:00+05:30,77.03,79.44,76.3,79.11,32245504
2026-01-29 00:00:00+05:30,79.39,82.54,79.36,82.1,71597178
2026-01-30 00:00:00+05:30,81.04,81.04,77.51,78.81,44472018
2026-02-01 00:00:00+05:30,77.64,80.94,76.33,78.01,33762048
2026-02-02 00:00:00+05:30,78.36,79.48,76.11,79.04,18052520
2026-02-03 00:00:00+05:30,81.42,82.01,78.43,79.24,35389808
2026-02-04 00:00:00+05:30,79.28,83.84,79.24,83.35,73789115
2026-02-05 00:00:00+05:30,83.59,83.6,80.95,82.1,36179651
2026-02-06 00:00:00+05:30,82.01,82.85,80.68,81.6,28578193
2026-02-09 00:00:00+05:30,82.49,83.09,81.33,81.98,26901417
2026-02-10 00:00:00+05:30,82.59,83.11,80.8,82.56,46795269
2026-02-11 00:00:00+05:30,82.98,83.53,81.92,82.94,36201965
2026-02-12 00:00:00+05:30,83.37,83.54,81.92,82.24,28926197
2026-02-13 00:00:00+05:30,81.5,81.9,79.16,79.43,31361483
2026-02-16 00:00:00+05:30,79.32,80.64,78.45,80.46,15298184
2026-02-17 00:00:00+05:30,80.39,80.39,78.55,79.03,14967133
2026-02-18 00:00:00+05:30,79.39,80.3,78.86,80.09,12495946
2026-02-19 00:00:00+05:30,80.5,81.05,78.73,79.22,17807737
2026-02-20 00:00:00+05:30,79.0,80.35,78.47,80.13,31810356
2026-02-23 00:00:00+05:30,81.0,81.0,78.1,78.91,17173430
2026-02-24 00:00:00+05:30,79.0,81.05,78.51,80.8,28891427
2026-02-25 00:00:00+05:30,81.0,82.14,80.4,81.86,26680650
2026-02-26 00:00:00+05:30,82.31,83.56,81.73,82.56,29910648
2026-02-27 00:00:00+05:30,82.31,83.26,80.75,81.74,16829779
2026-03-02 00:00:00+05:30,78.98,82.2,78.85,81.26,22982057
2026-03-04 00:00:00+05:30,80.0,80.38,76.0,76.71,31337830
2026-03-05 00:00:00+05:30,77.49,79.49,77.36,78.44,20259988
2026-03-06 00:00:00+05:30,78.0,81.91,77.95,79.79,32383963
2026-03-09 00:00:00+05:30,79.0,79.37,76.49,79.13,27385520
2026-03-10 00:00:00+05:30,80.1,80.65,79.13,79.67,17656054
2026-03-11 00:00:00+05:30,80.05,81.09,79.45,79.73,13889368
2026-03-12 00:00:00+05:30,79.3,81.6,77.54,80.87,20967907
2026-03-13 00:00:00+05:30,80.4,81.25,78.25,78.59,21709925
2026-03-16 00:00:00+05:30,78.59,78.96,76.61,77.56,17446342
2026-03-17 00:00:00+05:30,78.2,79.5,76.91,79.22,22084741
2026-03-18 00:00:00+05:30,79.22,79.98,78.26,79.49,15877573
2026-03-19 00:00:00+05:30,78.2,78.9,77.5,77.94,22414516
2026-03-20 00:00:00+05:30,78.01,81.32,78.01,79.78,39390638
2026-03-23 00:00:00+05:30,78.75,78.76,74.55,75.09,35184834
2026-03-24 00:00:00+05:30,77.45,77.45,74.92,76.77,22852797
2026-03-25 00:00:00+05:30,77.32,78.74,77.25,77.85,21760094
2026-03-27 00:00:00+05:30,77.59,78.29,76.55,77.2,25794674
2026-03-30 00:00:00+05:30,76.5,78.42,76.09,76.27,20168817
2026-04-01 00:00:00+05:30,78.56,79.48,77.74,78.17,27161656
2026-04-02 00:00:00+05:30,78.0,78.5,75.61,78.08,27259464
2026-04-06 00:00:00+05:30,78.68,82.29,78.02,81.4,52439160
2026-04-07 00:00:00+05:30,80.98,81.91,80.62,81.74,13939494
2026-04-08 00:00:00+05:30,83.25,84.3,82.6,82.91,23422589
2026-04-09 00:00:00+05:30,83.0,85.0,82.51,84.44,25196614
2026-04-10 00:00:00+05:30,85.0,86.3,83.91,85.07,23342535
2026-04-13 00:00:00+05:30,83.75,86.4,83.12,85.81,29197819
2026-04-15 00:00:00+05:30,87.0,87.97,86.63,87.17,21574292
2026-04-16 00:00:00+05:30,87.6,88.66,85.85,87.16,40443893
2026-04-17 00:00:00+05:30,87.5,90.15,87.26,89.78,41324296
2026-04-20 00:00:00+05:30,89.9,90.17,88.13,88.9,30415217
2026-04-21 00:00:00+05:30,89.83,89.94,87.42,88.47,24339172
2026-04-22 00:00:00+05:30,88.43,89.95,88.05,88.59,18410428
2026-04-23 00:00:00+05:30,88.41,88.54,86.63,87.31,25119407
2026-04-24 00:00:00+05:30,87.5,89.99,86.7,89.29,34794839
2026-04-27 00:00:00+05:30,90.25,91.2,89.81,90.42,37668047
2026-04-28 00:00:00+05:30,90.84,91.86,90.55,90.9,29317759
2026-04-29 00:00:00+05:30,91.5,92.77,89.93,91.73,27064617
2026-04-30 00:00:00+05:30,92.04,92.07,89.75,90.37,23931554
2026-05-04 00:00:00+05:30,91.0,91.71,88.3,89.09,19723503
