date,open,high,low,close,volume
2003-01-01 00:00:00+05:30,35.25,35.4,35.05,35.2,314198
2003-01-02 00:00:00+05:30,35.45,36.95,34.95,36.4,6221549
2003-01-03 00:00:00+05:30,37.05,37.55,36.15,36.4,3943238
2003-01-06 00:00:00+05:30,36.15,37.15,36.1,36.95,1401334
2003-01-07 00:00:00+05:30,37.15,37.45,36.7,37.25,1442950
2003-01-08 00:00:00+05:30,37.3,37.35,35.75,36.3,2259888
2003-01-09 00:00:00+05:30,36.55,39.05,36.35,38.05,3386165
2003-01-10 00:00:00+05:30,38.95,38.95,37.15,37.35,2860728
2003-01-13 00:00:00+05:30,37.35,37.7,36.75,37.1,817190
2003-01-14 00:00:00+05:30,37.2,37.65,36.95,37.2,410165
2003-01-15 00:00:00+05:30,37.35,37.4,37.05,37.15,424043
2003-01-16 00:00:00+05:30,37.2,37.55,36.95,37.2,599453
2003-01-17 00:00:00+05:30,37.45,38.05,37.35,37.7,1024378
2003-01-20 00:00:00+05:30,37.55,38.35,37.55,37.7,1484224
2003-01-21 00:00:00+05:30,37.95,38.15,37.7,37.85,559214
2003-01-22 00:00:00+05:30,37.85,37.95,37.35,37.45,608165
2003-01-23 00:00:00+05:30,37.85,38.45,37.55,37.9,1318174
2003-01-24 00:00:00+05:30,38.15,38.25,37.05,37.8,1155778
2003-01-27 00:00:00+05:30,37.5,37.55,36.6,36.8,536984
2003-01-28 00:00:00+05:30,36.7,37.15,36.5,36.95,423008
2003-01-29 00:00:00+05:30,36.95,38.7,36.85,37.95,2027274
2003-01-30 00:00:00+05:30,38.05,38.35,37.55,37.65,1213468
2003-01-31 00:00:00+05:30,37.95,38.25,36.9,37.2,2348259
2003-02-03 00:00:00+05:30,37.65,37.9,36.45,36.65,2227704
2003-02-04 00:00:00+05:30,36.85,36.95,36.15,36.45,1585186
2003-02-05 00:00:00+05:30,36.75,37.05,36.05,36.35,1146553
2003-02-06 00:00:00+05:30,36.35,37.05,36.35,36.9,769616
2003-02-07 00:00:00+05:30,37.05,37.2,36.45,36.8,751679
2003-02-10 00:00:00+05:30,36.15,37.05,36.15,36.5,496466
2003-02-11 00:00:00+05:30,36.9,36.9,36.25,36.35,474245
2003-02-12 00:00:00+05:30,36.55,36.55,36.1,36.15,404657
2003-02-14 00:00:00+05:30,36.35,36.55,36.1,36.2,695672
2003-02-17 00:00:00+05:30,37.2,37.2,36.45,36.65,497006
2003-02-18 00:00:00+05:30,36.85,36.9,36.6,36.7,450512
2003-02-19 00:00:00+05:30,34.25,37.05,34.15,36.9,1247398
2003-02-20 00:00:00+05:30,36.7,37.15,36.35,37.05,875672
2003-02-21 00:00:00+05:30,37.15,37.45,36.8,37.2,1735684
2003-02-24 00:00:00+05:30,36.9,37.4,36.9,37.2,467945
2003-02-25 00:00:00+05:30,37.15,37.2,36.9,37.05,1465288
2003-02-26 00:00:00+05:30,37.2,37.2,36.95,37.15,431180
2003-02-27 00:00:00+05:30,37.05,38.05,36.9,37.55,1621546
2003-02-28 00:00:00+05:30,37.95,38.45,37.55,37.75,1889422
2003-03-03 00:00:00+05:30,38.1,39.2,38.1,38.75,4868833
2003-03-04 00:00:00+05:30,38.9,38.95,38.35,38.45,1853845
2003-03-05 00:00:00+05:30,38.45,38.65,37.9,38.2,1227265
2003-03-06 00:00:00+05:30,38.25,38.25,37.35,37.5,845819
2003-03-07 00:00:00+05:30,37.3,37.3,36.65,36.9,683585
2003-03-10 00:00:00+05:30,37.05,37.1,36.5,37.05,455948
2003-03-11 00:00:00+05:30,37.05,37.25,36.7,37.2,469295
2003-03-12 00:00:00+05:30,37.85,37.85,37.05,37.1,464849
2003-03-13 00:00:00+05:30,37.85,37.85,36.7,37.05,307808
2003-03-17 00:00:00+05:30,36.95,37.3,36.75,36.85,301913
2003-03-19 00:00:00+05:30,36.15,36.9,35.2,36.3,568979
2003-03-20 00:00:00+05:30,34.25,36.25,33.4,35.65,875339
2003-03-21 00:00:00+05:30,35.85,36.55,35.75,36.0,612080
2003-03-24 00:00:00+05:30,36.1,36.15,35.8,35.9,437093
2003-03-25 00:00:00+05:30,35.65,35.95,35.55,35.8,258713
2003-03-26 00:00:00+05:30,35.85,35.95,35.6,35.65,252737
2003-03-27 00:00:00+05:30,35.7,36.65,35.65,35.8,830942
2003-03-28 00:00:00+05:30,35.9,36.05,35.7,35.9,321803
2003-03-31 00:00:00+05:30,36.05,36.05,35.65,35.7,212363
2003-04-01 00:00:00+05:30,35.95,35.95,35.65,35.8,142640
2003-04-02 00:00:00+05:30,35.95,35.95,35.65,35.7,113147
2003-04-03 00:00:00+05:30,35.65,36.25,35.65,36.15,474389
2003-04-04 00:00:00+05:30,36.75,37.1,35.75,35.9,991691
2003-04-07 00:00:00+05:30,36.3,36.9,36.1,36.7,1047535
2003-04-08 00:00:00+05:30,36.65,37.1,36.4,36.5,336023
2003-04-09 00:00:00+05:30,36.8,36.8,35.9,36.0,275426
2003-04-10 00:00:00+05:30,36.15,36.15,35.65,35.85,373337
2003-04-11 00:00:00+05:30,35.95,36.05,35.6,35.85,794321
2003-04-15 00:00:00+05:30,36.05,36.05,35.65,35.75,268325
2003-04-16 00:00:00+05:30,35.95,35.95,35.15,35.65,469808
2003-04-17 00:00:00+05:30,35.4,35.65,35.4,35.45,499454
2003-04-21 00:00:00+05:30,35.65,35.8,35.5,35.7,129149
2003-04-22 00:00:00+05:30,35.6,35.95,35.55,35.6,510029
2003-04-23 00:00:00+05:30,35.65,35.7,35.15,35.4,654353
2003-04-24 00:00:00+05:30,35.45,35.55,35.2,35.4,986174
2003-04-25 00:00:00+05:30,35.45,35.55,35.25,35.45,387215
2003-04-28 00:00:00+05:30,35.15,35.85,35.15,35.7,183401
2003-04-29 00:00:00+05:30,35.75,35.75,35.45,35.55,83330
2003-04-30 00:00:00+05:30,35.65,35.65,35.4,35.6,89909
2003-05-02 00:00:00+05:30,35.4,36.15,35.4,35.5,190943
2003-05-05 00:00:00+05:30,35.8,36.45,35.75,36.25,327671
2003-05-06 00:00:00+05:30,36.35,36.95,36.25,36.65,844181
2003-05-07 00:00:00+05:30,36.9,38.05,36.9,37.4,1222720
2003-05-08 00:00:00+05:30,37.45,37.5,36.7,36.75,844397
2003-05-09 00:00:00+05:30,36.9,37.45,36.55,36.65,430478
2003-05-12 00:00:00+05:30,36.9,37.7,36.7,37.2,989153
2003-05-13 00:00:00+05:30,37.45,37.65,37.05,37.3,745208
2003-05-14 00:00:00+05:30,37.6,37.85,37.15,37.3,865052
2003-05-15 00:00:00+05:30,37.85,39.65,37.65,39.05,5925090
2003-05-16 00:00:00+05:30,39.45,41.05,39.45,39.9,4680211
2003-05-19 00:00:00+05:30,39.85,40.9,39.85,40.1,2604948
2003-05-20 00:00:00+05:30,39.95,42.15,39.65,42.0,5601648
2003-05-21 00:00:00+05:30,42.25,42.85,41.8,42.45,3651764
2003-05-22 00:00:00+05:30,42.7,44.75,42.7,43.75,6476384
2003-05-23 00:00:00+05:30,43.95,45.4,43.0,45.0,3954740
2003-05-26 00:00:00+05:30,45.3,47.15,45.3,45.95,4342243
2003-05-27 00:00:00+05:30,46.6,46.6,45.35,45.7,2721777
2003-05-28 00:00:00+05:30,45.4,46.15,44.7,44.85,2066973
2003-05-29 00:00:00+05:30,44.4,46.15,43.85,44.95,3634790
2003-05-30 00:00:00+05:30,45.6,48.4,42.7,47.9,8003997
2003-06-02 00:00:00+05:30,49.2,49.8,47.8,48.2,5246904
2003-06-03 00:00:00+05:30,48.05,49.55,47.1,49.1,6411710
2003-06-04 00:00:00+05:30,49.95,50.6,49.15,49.9,6835889
2003-06-05 00:00:00+05:30,49.7,50.45,48.65,49.0,4169605
2003-06-06 00:00:00+05:30,48.9,49.6,48.4,48.75,3498107
2003-06-09 00:00:00+05:30,49.2,49.45,47.3,47.65,4749403
2003-06-10 00:00:00+05:30,47.8,48.7,46.5,46.8,3693992
2003-06-11 00:00:00+05:30,46.9,47.7,45.7,46.9,3324866
2003-06-12 00:00:00+05:30,47.7,49.2,47.2,48.35,7164883
2003-06-13 00:00:00+05:30,48.4,49.0,47.85,48.3,4726552
2003-06-16 00:00:00+05:30,48.7,49.5,47.9,48.15,6333446
2003-06-17 00:00:00+05:30,48.65,48.7,47.9,48.25,2942538
2003-06-18 00:00:00+05:30,48.6,51.1,48.5,49.95,15353912
2003-06-19 00:00:00+05:30,50.55,51.65,50.0,50.4,9715382
2003-06-20 00:00:00+05:30,50.5,51.2,49.8,51.0,7304968
2003-06-23 00:00:00+05:30,51.7,51.7,48.2,48.75,23948787
2003-06-24 00:00:00+05:30,48.85,49.6,48.4,48.8,9297206
2003-06-25 00:00:00+05:30,49.2,49.75,48.0,49.4,9204488
2003-06-26 00:00:00+05:30,50.2,50.7,48.75,49.0,15950216
2003-06-27 00:00:00+05:30,49.4,49.6,48.5,49.05,5908323
2003-06-30 00:00:00+05:30,49.3,49.35,48.2,48.55,3982379
2003-07-01 00:00:00+05:30,48.85,49.4,48.25,48.4,3788483
2003-07-02 00:00:00+05:30,48.7,48.95,47.7,47.85,3558209
2003-07-03 00:00:00+05:30,47.8,48.5,47.55,47.85,5011626
2003-07-04 00:00:00+05:30,48.4,50.1,47.85,49.25,10104919
2003-07-07 00:00:00+05:30,49.7,50.4,49.35,49.6,8325261
2003-07-08 00:00:00+05:30,50.05,50.15,48.1,48.3,5316312
2003-07-09 00:00:00+05:30,48.4,48.7,47.45,47.65,3018623
2003-07-10 00:00:00+05:30,47.8,48.0,47.05,47.25,4831204
2003-07-11 00:00:00+05:30,47.7,48.15,47.25,47.4,5248947
2003-07-14 00:00:00+05:30,47.8,47.85,47.0,47.3,2111946
2003-07-15 00:00:00+05:30,48.05,48.05,45.8,47.1,3898256
2003-07-16 00:00:00+05:30,47.05,48.6,46.5,48.2,4706329
2003-07-17 00:00:00+05:30,49.7,49.7,47.65,48.0,5859840
2003-07-18 00:00:00+05:30,48.2,48.3,46.45,47.1,3502121
2003-07-21 00:00:00+05:30,47.4,47.65,45.7,45.95,2492601
2003-07-22 00:00:00+05:30,45.75,46.05,44.2,45.35,5564730
2003-07-23 00:00:00+05:30,45.8,46.4,44.7,45.55,3179426
2003-07-24 00:00:00+05:30,46.15,47.65,46.05,46.35,3994079
2003-07-25 00:00:00+05:30,45.2,47.2,45.2,47.0,1912147
2003-07-28 00:00:00+05:30,47.4,47.4,46.4,46.85,3101045
2003-07-29 00:00:00+05:30,46.7,47.0,46.2,46.5,1697632
2003-07-30 00:00:00+05:30,47.2,47.4,46.6,47.1,1550518
2003-07-31 00:00:00+05:30,47.25,47.7,45.0,45.7,5819313
2003-08-01 00:00:00+05:30,46.7,46.7,45.4,45.75,3421319
2003-08-04 00:00:00+05:30,46.4,48.55,46.25,48.25,6269861
2003-08-05 00:00:00+05:30,49.0,49.3,47.6,47.7,5676681
2003-08-06 00:00:00+05:30,47.55,49.95,47.3,48.35,10243186
2003-08-07 00:00:00+05:30,49.1,50.7,48.9,50.15,11494464
2003-08-08 00:00:00+05:30,50.9,52.9,50.85,52.7,19604113
2003-08-11 00:00:00+05:30,52.8,55.4,52.75,54.55,15116141
2003-08-12 00:00:00+05:30,54.2,54.65,53.45,53.75,9239633
2003-08-13 00:00:00+05:30,52.8,56.3,52.8,55.8,14629080
2003-08-14 00:00:00+05:30,56.25,56.25,54.65,54.9,6094100
2003-08-18 00:00:00+05:30,55.25,55.7,54.8,55.05,3703397
2003-08-19 00:00:00+05:30,55.4,55.65,54.2,54.35,5185614
2003-08-20 00:00:00+05:30,54.75,55.5,54.2,54.5,3734321
2003-08-21 00:00:00+05:30,54.8,56.45,54.65,55.85,6051746
2003-08-22 00:00:00+05:30,56.75,57.85,56.05,56.95,9342098
2003-08-25 00:00:00+05:30,57.25,58.05,53.7,55.7,9078848
2003-08-26 00:00:00+05:30,55.75,58.55,55.35,58.1,6979052
2003-08-27 00:00:00+05:30,67.25,67.25,58.75,61.15,11235939
2003-08-28 00:00:00+05:30,61.2,62.65,59.85,60.75,12795701
2003-08-29 00:00:00+05:30,62.5,62.75,61.05,61.85,5850966
2003-09-01 00:00:00+05:30,62.5,65.75,62.5,65.45,10654990
2003-09-02 00:00:00+05:30,65.9,66.75,64.85,65.55,7192837
2003-09-03 00:00:00+05:30,65.75,66.2,63.25,63.8,4706482
2003-09-04 00:00:00+05:30,64.3,65.55,62.55,65.0,7008391
2003-09-05 00:00:00+05:30,65.75,66.3,63.2,65.55,6342203
2003-09-08 00:00:00+05:30,66.3,68.6,66.3,67.75,7065244
2003-09-09 00:00:00+05:30,69.45,69.65,66.95,67.85,8193195
2003-09-10 00:00:00+05:30,68.3,69.35,67.5,69.1,7259995
2003-09-11 00:00:00+05:30,68.1,69.0,67.45,68.2,7057720
2003-09-12 00:00:00+05:30,68.3,69.25,65.35,66.05,7801849
2003-09-15 00:00:00+05:30,66.1,66.1,59.3,59.85,10386628
2003-09-16 00:00:00+05:30,59.85,61.95,56.15,61.5,16971319
2003-09-17 00:00:00+05:30,61.15,61.85,56.35,57.4,11344749
2003-09-18 00:00:00+05:30,57.35,58.0,54.05,54.55,13473904
2003-09-19 00:00:00+05:30,55.15,55.8,51.55,54.35,18086219
2003-09-22 00:00:00+05:30,55.35,55.6,52.2,52.65,10778308
2003-09-23 00:00:00+05:30,52.2,55.95,51.45,55.7,24968936
2003-09-24 00:00:00+05:30,56.3,58.05,54.75,57.35,17908758
2003-09-25 00:00:00+05:30,58.25,59.65,57.5,57.85,16268437
2003-09-26 00:00:00+05:30,58.4,59.1,56.8,57.65,10155103
2003-09-29 00:00:00+05:30,58.05,62.05,58.05,60.95,26223795
2003-09-30 00:00:00+05:30,61.7,62.7,61.05,61.35,13491445
2003-10-01 00:00:00+05:30,62.5,62.5,60.3,60.8,7159663
2003-10-03 00:00:00+05:30,61.15,61.9,59.5,61.05,12367337
2003-10-06 00:00:00+05:30,61.75,63.95,60.3,63.35,13083331
2003-10-07 00:00:00+05:30,64.4,64.8,62.5,62.75,11513202
2003-10-08 00:00:00+05:30,63.15,63.4,61.9,62.75,6247541
2003-10-09 00:00:00+05:30,63.25,63.75,62.75,63.15,5096010
2003-10-10 00:00:00+05:30,63.65,63.65,60.95,61.75,7442155
2003-10-13 00:00:00+05:30,62.7,64.55,61.75,64.1,8520759
2003-10-14 00:00:00+05:30,65.05,65.05,61.85,62.4,7624288
2003-10-15 00:00:00+05:30,62.5,63.15,60.55,62.65,6367025
2003-10-16 00:00:00+05:30,63.2,63.45,61.75,62.25,3733961
2003-10-17 00:00:00+05:30,62.2,63.75,61.75,63.0,6200345
2003-10-20 00:00:00+05:30,63.3,63.3,61.15,61.4,7163326
2003-10-21 00:00:00+05:30,61.95,61.95,59.55,60.0,7056253
2003-10-22 00:00:00+05:30,60.5,60.95,57.8,58.15,5241810
2003-10-23 00:00:00+05:30,58.45,59.9,57.5,57.9,5577879
2003-10-24 00:00:00+05:30,58.25,58.85,57.05,58.55,5261340
2003-10-27 00:00:00+05:30,61.2,61.75,58.8,59.3,8199486
2003-10-28 00:00:00+05:30,59.85,59.95,58.3,58.85,6078764
2003-10-29 00:00:00+05:30,58.4,58.7,57.25,58.05,6286925
2003-10-30 00:00:00+05:30,58.25,59.25,57.1,57.5,9391319
2003-10-31 00:00:00+05:30,57.75,60.3,57.55,59.85,7503301
2003-11-03 00:00:00+05:30,61.05,61.5,60.0,61.2,5271960
2003-11-04 00:00:00+05:30,61.65,63.2,60.4,62.8,10482271
2003-11-05 00:00:00+05:30,63.9,65.2,63.15,64.2,11655690
2003-11-06 00:00:00+05:30,65.05,65.45,63.75,64.25,6603149
2003-11-07 00:00:00+05:30,64.55,65.2,63.6,64.3,9455300
2003-11-10 00:00:00+05:30,64.3,66.5,63.95,66.2,4453591
2003-11-11 00:00:00+05:30,66.65,67.6,66.35,66.8,6828149
2003-11-12 00:00:00+05:30,67.3,67.75,65.85,66.65,6138578
2003-11-13 00:00:00+05:30,66.8,67.05,63.85,64.5,6556673
2003-11-14 00:00:00+05:30,64.8,64.8,62.3,62.7,4962235
2003-11-17 00:00:00+05:30,63.2,63.85,62.6,63.25,3154118
2003-11-18 00:00:00+05:30,63.75,64.1,61.75,62.1,2874687
2003-11-19 00:00:00+05:30,62.2,62.2,61.05,61.45,4066150
2003-11-20 00:00:00+05:30,61.4,62.3,60.3,60.7,4265815
2003-11-21 00:00:00+05:30,60.45,60.75,59.35,60.35,3544799
2003-11-24 00:00:00+05:30,60.85,61.7,60.55,60.95,1921867
2003-11-25 00:00:00+05:30,61.2,61.55,60.8,61.0,3278336
2003-11-27 00:00:00+05:30,61.4,62.05,60.3,60.6,6384602
2003-11-28 00:00:00+05:30,61.5,62.7,61.15,62.0,6548510
2003-12-01 00:00:00+05:30,62.4,63.0,62.2,62.6,4495108
2003-12-02 00:00:00+05:30,62.7,63.05,61.35,61.75,3753023
2003-12-03 00:00:00+05:30,62.2,63.05,61.75,62.75,4053388
2003-12-04 00:00:00+05:30,63.05,63.7,61.9,62.95,4999783
2003-12-05 00:00:00+05:30,63.45,63.65,61.55,61.9,5140029
2003-12-08 00:00:00+05:30,62.05,62.2,61.05,61.85,2352921
2003-12-09 00:00:00+05:30,62.5,65.1,62.3,64.8,8945865
2003-12-10 00:00:00+05:30,65.05,69.45,64.8,68.05,16620481
2003-12-11 00:00:00+05:30,68.75,69.8,67.5,69.65,8670348
2003-12-12 00:00:00+05:30,70.3,70.8,68.8,69.6,4403785
2003-12-15 00:00:00+05:30,69.25,70.3,68.65,69.0,3051293
2003-12-16 00:00:00+05:30,68.8,69.05,67.45,67.95,2672475
2003-12-17 00:00:00+05:30,67.5,68.85,67.5,67.95,2972427
2003-12-18 00:00:00+05:30,68.4,72.05,67.75,71.3,12604937
2003-12-19 00:00:00+05:30,72.3,75.65,71.55,74.85,12031592
2003-12-22 00:00:00+05:30,75.2,77.1,73.4,76.1,9083267
2003-12-23 00:00:00+05:30,76.35,76.35,73.85,74.2,3800597
2003-12-24 00:00:00+05:30,76.35,76.35,72.85,73.7,10515004
2003-12-26 00:00:00+05:30,73.8,75.2,72.85,73.95,3873335
2003-12-29 00:00:00+05:30,75.3,76.25,74.45,75.25,4349614
2003-12-30 00:00:00+05:30,76.75,80.35,75.2,78.45,11633739
2003-12-31 00:00:00+05:30,79.3,81.65,78.35,80.15,9117161
2004-01-01 00:00:00+05:30,81.85,83.1,80.75,82.6,6466988
2004-01-02 00:00:00+05:30,83.15,94.75,82.8,92.35,25599943
2004-01-05 00:00:00+05:30,100.45,100.45,93.4,94.1,25994368
2004-01-06 00:00:00+05:30,95.4,97.25,86.7,89.3,15760775
2004-01-07 00:00:00+05:30,89.9,92.4,88.95,90.6,15907952
2004-01-08 00:00:00+05:30,91.6,96.25,90.7,95.3,18048482
2004-01-09 00:00:00+05:30,96.3,97.95,90.95,91.9,10842892
2004-01-12 00:00:00+05:30,92.55,92.55,86.4,87.25,11957865
2004-01-13 00:00:00+05:30,88.2,89.35,83.9,85.25,16321213
2004-01-14 00:00:00+05:30,87.35,87.8,84.05,84.6,11172282
2004-01-15 00:00:00+05:30,86.25,87.15,82.95,84.4,10706425
2004-01-16 00:00:00+05:30,84.6,85.55,80.45,81.75,14270430
2004-01-19 00:00:00+05:30,80.8,86.55,80.45,84.45,20984145
2004-01-20 00:00:00+05:30,85.1,86.4,81.6,82.7,13163404
2004-01-21 00:00:00+05:30,82.35,82.6,73.8,75.0,15298445
2004-01-22 00:00:00+05:30,81.85,81.85,71.65,73.25,15008267
2004-01-23 00:00:00+05:30,73.85,80.25,73.85,78.55,12318881
2004-01-27 00:00:00+05:30,79.75,81.95,78.3,81.5,11164434
2004-01-28 00:00:00+05:30,80.8,82.35,76.6,77.55,11626782
2004-01-29 00:00:00+05:30,78.15,80.8,75.4,77.0,19072735
2004-01-30 00:00:00+05:30,78.25,78.95,74.0,74.4,12442217
2004-02-03 00:00:00+05:30,74.35,74.35,68.8,69.45,12328376
2004-02-04 00:00:00+05:30,72.75,72.75,69.8,71.9,12712811
2004-02-05 00:00:00+05:30,72.65,73.7,71.1,71.5,7627276
2004-02-06 00:00:00+05:30,72.3,74.3,71.2,73.8,9753551
2004-02-09 00:00:00+05:30,74.35,75.75,73.55,74.8,6228542
2004-02-10 00:00:00+05:30,75.3,76.75,73.85,74.8,8672121
2004-02-11 00:00:00+05:30,74.9,76.2,74.5,75.3,7053256
2004-02-12 00:00:00+05:30,75.8,76.1,73.3,74.0,7083037
2004-02-13 00:00:00+05:30,73.35,74.3,72.35,74.05,6050189
2004-02-16 00:00:00+05:30,75.8,75.8,72.8,73.2,5023155
2004-02-17 00:00:00+05:30,73.1,73.3,71.7,72.2,4910836
2004-02-18 00:00:00+05:30,72.4,77.7,71.85,77.0,25179328
2004-02-19 00:00:00+05:30,77.55,78.95,75.1,75.9,21760592
2004-02-20 00:00:00+05:30,76.65,76.65,74.35,74.85,10898224
2004-02-23 00:00:00+05:30,75.3,75.8,71.8,72.3,9547910
2004-02-24 00:00:00+05:30,72.35,73.55,71.1,71.65,7007572
2004-02-25 00:00:00+05:30,70.3,71.75,66.8,67.6,10863574
2004-02-26 00:00:00+05:30,69.0,72.9,68.3,70.35,22144081
2004-02-27 00:00:00+05:30,71.0,72.8,71.0,72.3,8401689
2004-03-01 00:00:00+05:30,72.9,76.55,72.8,76.05,12885494
2004-03-03 00:00:00+05:30,76.8,77.2,74.0,75.45,15993461
2004-03-04 00:00:00+05:30,75.7,78.15,75.45,76.15,11408190
2004-03-05 00:00:00+05:30,77.2,80.75,76.35,80.45,34880059
2004-03-08 00:00:00+05:30,81.55,88.35,81.55,85.9,50180970
2004-03-09 00:00:00+05:30,86.4,87.8,83.15,84.3,30507269
2004-03-10 00:00:00+05:30,84.6,86.35,83.95,84.4,18840689
2004-03-11 00:00:00+05:30,84.05,85.1,82.65,83.15,18287954
2004-03-12 00:00:00+05:30,82.6,82.65,79.9,80.65,20027310
2004-03-15 00:00:00+05:30,81.35,82.55,78.6,79.2,20766453
2004-03-16 00:00:00+05:30,78.35,84.7,77.8,83.45,33173174
2004-03-17 00:00:00+05:30,84.35,86.3,82.3,85.7,44415036
2004-03-18 00:00:00+05:30,84.8,86.8,84.8,86.25,30407099
2004-03-19 00:00:00+05:30,86.15,86.55,84.7,86.15,18473462
2004-03-22 00:00:00+05:30,86.15,86.25,84.2,84.75,8547822
2004-03-23 00:00:00+05:30,84.25,85.3,83.35,84.35,13450504
2004-03-24 00:00:00+05:30,84.35,85.9,84.1,85.4,7683364
2004-03-25 00:00:00+05:30,85.45,85.9,84.25,85.25,9854279
2004-03-26 00:00:00+05:30,84.5,85.1,84.35,84.4,10706074
2004-03-29 00:00:00+05:30,76.35,85.9,73.3,84.65,76696933
2004-03-30 00:00:00+05:30,83.35,85.0,82.9,84.35,22690336
2004-03-31 00:00:00+05:30,82.45,84.95,81.85,84.45,28702933
2004-04-01 00:00:00+05:30,83.15,83.95,82.35,83.6,37591216
2004-04-02 00:00:00+05:30,83.6,87.35,82.3,86.35,72671399
2004-04-05 00:00:00+05:30,86.15,87.9,85.15,85.75,45128753
2004-04-06 00:00:00+05:30,85.9,86.25,84.6,85.3,26530272
2004-04-07 00:00:00+05:30,85.15,85.9,84.1,84.75,28560526
2004-04-08 00:00:00+05:30,84.9,90.3,84.75,89.2,59902032
2004-04-12 00:00:00+05:30,91.25,95.15,86.95,87.85,50814516
2004-04-13 00:00:00+05:30,88.2,88.9,85.15,88.35,32122551
2004-04-15 00:00:00+05:30,88.55,88.8,86.4,87.55,29480496
2004-04-16 00:00:00+05:30,87.8,88.25,86.5,87.2,18091070
2004-04-19 00:00:00+05:30,87.15,87.55,84.8,85.25,21064631
2004-04-20 00:00:00+05:30,85.7,86.0,84.3,84.7,18930635
2004-04-21 00:00:00+05:30,84.7,86.7,84.35,86.2,22366345
2004-04-22 00:00:00+05:30,86.65,87.0,85.7,86.6,15414095
2004-04-23 00:00:00+05:30,86.55,88.25,86.1,86.45,18622943
2004-04-27 00:00:00+05:30,84.35,85.35,81.55,84.35,31425331
2004-04-28 00:00:00+05:30,84.6,85.0,84.05,84.4,27748637
2004-04-29 00:00:00+05:30,84.8,85.35,83.95,84.9,34819768
2004-04-30 00:00:00+05:30,85.15,85.15,83.95,84.35,20219703
2004-05-03 00:00:00+05:30,83.9,84.35,81.5,82.25,28542634
2004-05-04 00:00:00+05:30,82.8,85.15,82.6,84.45,23875113
2004-05-05 00:00:00+05:30,84.8,85.7,84.25,85.2,14883501
2004-05-06 00:00:00+05:30,85.9,87.0,85.9,86.6,18044738
2004-05-07 00:00:00+05:30,86.8,86.8,84.8,85.35,10034143
2004-05-10 00:00:00+05:30,84.35,85.75,82.8,84.85,17288541
2004-05-11 00:00:00+05:30,82.8,84.25,82.6,82.9,29837103
2004-05-12 00:00:00+05:30,82.85,84.6,82.75,84.1,25094674
2004-05-13 00:00:00+05:30,80.35,85.05,77.45,82.9,30867818
2004-05-14 00:00:00+05:30,82.8,82.8,70.45,72.45,59643408
2004-05-17 00:00:00+05:30,70.3,70.3,51.2,62.95,37404313
2004-05-18 00:00:00+05:30,62.3,67.75,60.4,64.3,40634212
2004-05-19 00:00:00+05:30,66.3,71.25,66.1,70.65,32020473
2004-05-20 00:00:00+05:30,70.2,74.8,65.2,68.15,31110394
2004-05-21 00:00:00+05:30,65.55,71.45,64.8,70.85,30751907
2004-06-23 00:00:00+05:30,62.6,63.05,61.4,61.85,27955079
2004-06-24 00:00:00+05:30,62.3,64.55,61.4,63.95,37408309
2004-06-25 00:00:00+05:30,64.0,64.2,62.85,63.65,15618962
2004-06-28 00:00:00+05:30,63.75,63.95,62.6,63.25,16695874
2004-06-29 00:00:00+05:30,63.85,64.6,62.85,63.3,28306897
2004-06-30 00:00:00+05:30,63.75,64.25,62.85,63.15,16491736
2004-07-01 00:00:00+05:30,63.2,67.4,63.2,66.95,41442258
2004-07-02 00:00:00+05:30,66.3,68.4,65.25,67.85,41671740
2004-07-05 00:00:00+05:30,67.75,67.85,66.55,66.95,15302711
2004-07-06 00:00:00+05:30,66.9,69.75,66.45,69.15,19800574
2004-07-07 00:00:00+05:30,70.3,70.65,68.45,70.25,27901511
2004-07-08 00:00:00+05:30,70.55,71.1,63.9,65.0,33755447
2004-07-09 00:00:00+05:30,63.65,67.75,62.75,67.35,22047997
2004-07-12 00:00:00+05:30,66.9,68.8,65.75,68.4,17659989
2004-07-13 00:00:00+05:30,68.3,68.6,66.65,66.9,9075986
2004-07-14 00:00:00+05:30,66.8,67.1,65.2,65.4,13172836
2004-07-15 00:00:00+05:30,65.55,66.65,64.55,65.65,20673582
2004-07-16 00:00:00+05:30,65.85,67.45,65.75,67.05,18663110
2004-07-19 00:00:00+05:30,67.1,70.3,66.8,69.95,25430995
2004-07-20 00:00:00+05:30,69.25,70.2,68.45,69.7,24402530
2004-07-21 00:00:00+05:30,69.8,72.35,68.8,70.5,15285368
2004-07-22 00:00:00+05:30,72.2,72.2,70.1,70.6,20737887
2004-07-23 00:00:00+05:30,67.35,70.9,67.35,70.25,13195003
2004-07-26 00:00:00+05:30,69.9,71.4,69.35,71.2,16983289
2004-07-27 00:00:00+05:30,71.2,72.0,70.15,70.5,15385457
2004-07-28 00:00:00+05:30,71.8,72.3,68.55,68.75,26106129
2004-07-29 00:00:00+05:30,68.3,71.85,67.9,71.2,36976760
2004-07-30 00:00:00+05:30,71.2,72.4,70.65,72.0,20000256
2004-08-02 00:00:00+05:30,72.15,73.8,71.8,73.55,22905544
2004-08-03 00:00:00+05:30,73.3,73.7,71.8,72.15,25356178
2004-08-04 00:00:00+05:30,72.5,73.45,72.4,73.3,24771800
2004-08-05 00:00:00+05:30,73.3,74.4,73.3,74.25,21295382
2004-08-06 00:00:00+05:30,74.35,74.35,71.9,72.15,20332563
2004-08-09 00:00:00+05:30,72.1,72.55,71.1,71.65,19626577
2004-08-10 00:00:00+05:30,71.55,72.1,71.1,71.45,21134300
2004-08-11 00:00:00+05:30,71.8,72.35,68.55,68.9,40971361
2004-08-12 00:00:00+05:30,69.65,69.9,67.35,68.0,38636763
2004-08-13 00:00:00+05:30,65.2,70.0,65.2,69.35,30557147
2004-08-16 00:00:00+05:30,65.2,70.0,65.2,69.35,30557147
2004-08-17 00:00:00+05:30,70.0,70.25,68.65,68.95,16075936
2004-08-18 00:00:00+05:30,68.9,69.35,68.45,68.75,12352289
2004-08-19 00:00:00+05:30,70.2,70.25,68.55,69.75,24527522
2004-08-20 00:00:00+05:30,69.8,70.2,68.85,69.15,15360797
2004-08-23 00:00:00+05:30,69.25,70.25,68.85,69.8,12868754
2004-08-24 00:00:00+05:30,70.0,71.25,70.0,70.8,16283593
2004-08-25 00:00:00+05:30,70.9,70.9,69.6,70.5,10125358
2004-08-26 00:00:00+05:30,70.55,71.15,69.9,70.65,16144975
2004-08-27 00:00:00+05:30,70.8,71.75,70.35,71.55,13740268
2004-08-30 00:00:00+05:30,71.8,72.5,71.6,72.15,10526362
2004-08-31 00:00:00+05:30,72.1,72.65,71.5,71.7,11743908
2004-09-01 00:00:00+05:30,71.8,72.2,71.45,71.7,8015256
2004-09-02 00:00:00+05:30,71.05,71.5,68.8,70.85,12060383
2004-09-03 00:00:00+05:30,70.75,71.25,70.3,71.1,7514326
2004-09-06 00:00:00+05:30,71.35,71.9,71.0,71.6,7989193
2004-09-07 00:00:00+05:30,71.75,72.1,71.1,71.4,10063132
2004-09-08 00:00:00+05:30,71.1,71.8,70.45,70.75,10348909
2004-09-09 00:00:00+05:30,70.75,71.2,69.25,69.65,13821727
2004-09-10 00:00:00+05:30,71.15,71.15,68.9,70.05,9773936
2004-09-13 00:00:00+05:30,69.9,70.95,69.55,70.45,8649378
2004-09-14 00:00:00+05:30,70.9,71.55,70.15,71.2,14917782
2004-09-15 00:00:00+05:30,71.5,71.8,71.2,71.55,15697991
2004-09-16 00:00:00+05:30,71.55,73.65,71.55,73.3,20259969
2004-09-17 00:00:00+05:30,73.5,75.2,73.3,75.0,19018375
2004-09-20 00:00:00+05:30,75.25,75.8,74.65,75.5,18999935
2004-09-21 00:00:00+05:30,75.3,76.6,74.9,76.35,15263111
2004-09-22 00:00:00+05:30,76.45,76.8,75.1,76.35,14938509
2004-09-23 00:00:00+05:30,75.8,75.8,73.7,74.05,24561128
2004-09-24 00:00:00+05:30,73.8,74.8,73.7,74.15,11071887
2004-09-27 00:00:00+05:30,74.0,74.75,73.6,74.45,8629200
2004-09-28 00:00:00+05:30,71.95,74.6,71.95,73.75,10772926
2004-09-29 00:00:00+05:30,74.45,75.6,74.15,75.1,17556543
2004-09-30 00:00:00+05:30,76.0,76.0,74.45,75.25,24921227
2004-10-01 00:00:00+05:30,74.8,78.75,74.75,78.1,27377072
2004-10-04 00:00:00+05:30,78.8,81.25,78.8,80.6,24126860
2004-10-05 00:00:00+05:30,80.55,81.8,79.7,80.4,21430247
2004-10-06 00:00:00+05:30,80.15,81.5,79.1,79.4,14543481
2004-10-07 00:00:00+05:30,79.85,81.4,79.8,80.95,20811219
2004-10-08 00:00:00+05:30,81.45,81.45,79.85,80.65,15291425
2004-10-11 00:00:00+05:30,80.5,81.85,80.5,80.95,17577198
2004-10-12 00:00:00+05:30,81.1,81.55,79.25,79.45,12637733
2004-10-14 00:00:00+05:30,79.7,80.45,78.4,79.6,10811671
2004-10-15 00:00:00+05:30,79.9,81.5,79.3,80.9,19476187
2004-10-18 00:00:00+05:30,81.0,81.4,79.45,79.7,7268617
2004-10-19 00:00:00+05:30,79.8,81.8,79.55,81.35,11890968
2004-10-20 00:00:00+05:30,81.75,82.45,80.6,80.75,12890030
2004-10-21 00:00:00+05:30,81.1,81.15,79.95,80.2,7629697
2004-10-25 00:00:00+05:30,79.8,80.8,79.15,79.55,8987814
2004-10-26 00:00:00+05:30,79.8,80.65,78.75,80.35,12047819
2004-10-27 00:00:00+05:30,80.4,80.8,79.35,79.65,9795572
2004-10-28 00:00:00+05:30,80.55,80.8,79.35,79.65,19298293
2004-10-29 00:00:00+05:30,79.9,80.7,78.9,79.25,9702215
2004-11-01 00:00:00+05:30,79.1,79.55,78.45,79.25,10023181
2004-11-02 00:00:00+05:30,79.8,79.8,79.0,79.25,6558977
2004-11-03 00:00:00+05:30,79.55,80.9,79.15,80.3,16614406
2004-11-04 00:00:00+05:30,80.75,81.0,79.65,79.9,14274786
2004-11-05 00:00:00+05:30,80.7,81.5,80.7,80.85,14626695
2004-11-08 00:00:00+05:30,81.1,83.2,81.1,82.7,18655784
2004-11-09 00:00:00+05:30,83.1,83.55,81.8,82.15,11050071
2004-11-10 00:00:00+05:30,82.35,83.1,81.85,82.85,15107852
2004-11-11 00:00:00+05:30,83.15,83.3,81.6,81.85,13361152
2004-11-12 00:00:00+05:30,82.15,82.75,81.7,81.95,2504283
2004-11-16 00:00:00+05:30,82.15,82.15,79.7,79.9,18571625
2004-11-17 00:00:00+05:30,80.4,80.75,79.95,80.25,15935807
2004-11-18 00:00:00+05:30,80.65,80.65,79.55,79.8,10981528
2004-11-19 00:00:00+05:30,80.35,80.65,78.75,79.0,7931440
2004-11-22 00:00:00+05:30,79.3,79.8,77.9,79.35,5929302
2004-11-23 00:00:00+05:30,79.45,80.9,79.45,80.7,11866740
2004-11-24 00:00:00+05:30,81.15,81.55,80.8,81.35,10967020
2004-11-25 00:00:00+05:30,81.55,81.55,79.7,80.0,9869705
2004-11-29 00:00:00+05:30,80.85,81.35,80.15,81.0,7170211
2004-11-30 00:00:00+05:30,81.35,82.75,81.15,81.8,12495101
2004-12-01 00:00:00+05:30,82.35,82.75,81.35,81.65,10872628
2004-12-02 00:00:00+05:30,81.95,83.8,81.55,83.6,18418463
2004-12-03 00:00:00+05:30,84.35,84.9,83.4,84.6,25263145
2004-12-06 00:00:00+05:30,85.35,85.9,82.85,83.45,11095377
2004-12-07 00:00:00+05:30,83.45,84.05,82.85,83.8,10686778
2004-12-08 00:00:00+05:30,83.65,83.9,82.8,83.35,7117228
2004-12-09 00:00:00+05:30,83.55,83.8,82.75,83.65,5456514
2004-12-10 00:00:00+05:30,84.15,84.15,81.85,82.3,6593573
2004-12-13 00:00:00+05:30,82.05,84.25,82.05,84.1,10647205
2004-12-14 00:00:00+05:30,84.45,85.25,84.25,85.0,8625627
2004-12-15 00:00:00+05:30,85.2,85.65,85.0,85.3,7606378
2004-12-16 00:00:00+05:30,84.7,85.45,84.4,84.7,9297665
2004-12-17 00:00:00+05:30,84.6,85.8,84.4,84.7,6761630
2004-12-20 00:00:00+05:30,84.35,85.2,83.6,84.85,6068324
2004-12-21 00:00:00+05:30,84.8,85.55,84.05,85.3,7579495
2004-12-22 00:00:00+05:30,85.45,85.45,84.25,85.05,11832054
2004-12-23 00:00:00+05:30,84.8,85.45,84.4,84.85,4594306
2004-12-24 00:00:00+05:30,85.35,86.9,84.4,86.1,15064544
2004-12-27 00:00:00+05:30,85.9,86.0,84.9,85.25,10835062
2004-12-28 00:00:00+05:30,83.8,84.15,82.65,82.8,9058292
2004-12-29 00:00:00+05:30,83.35,83.45,81.6,81.8,7700824
2004-12-30 00:00:00+05:30,81.9,82.85,81.55,82.05,15043169
2004-12-31 00:00:00+05:30,82.8,82.8,81.85,82.35,4580869
2005-01-03 00:00:00+05:30,82.8,83.8,82.1,83.5,11105007
2005-01-04 00:00:00+05:30,83.9,84.15,82.9,83.1,6251771
2005-01-05 00:00:00+05:30,82.9,82.9,79.35,80.1,15491027
2005-01-06 00:00:00+05:30,80.35,80.35,78.45,78.85,11788998
2005-01-07 00:00:00+05:30,78.9,80.8,78.9,79.5,9977903
2005-01-10 00:00:00+05:30,80.0,80.55,78.35,78.75,8410311
2005-01-11 00:00:00+05:30,78.6,79.9,78.15,78.35,8546625
2005-01-12 00:00:00+05:30,78.35,79.1,77.45,78.0,12030332
2005-01-13 00:00:00+05:30,78.1,80.15,77.9,78.95,14566548
2005-01-14 00:00:00+05:30,79.35,80.8,77.8,78.3,10067479
2005-01-17 00:00:00+05:30,78.35,80.25,76.6,78.55,9482417
2005-01-18 00:00:00+05:30,79.1,79.8,77.3,77.75,8148537
2005-01-19 00:00:00+05:30,78.2,78.2,77.1,77.35,4042795
2005-01-20 00:00:00+05:30,80.55,80.55,76.8,78.65,8660502
2005-01-24 00:00:00+05:30,78.75,79.2,77.8,78.25,6733370
2005-01-25 00:00:00+05:30,77.7,79.0,77.7,78.7,14369907
2005-01-27 00:00:00+05:30,79.2,80.25,78.8,79.2,19543732
2005-01-28 00:00:00+05:30,79.35,80.7,79.1,79.95,14494287
2005-01-31 00:00:00+05:30,81.35,82.85,80.8,82.2,34809022
2005-02-01 00:00:00+05:30,82.8,83.45,81.95,82.6,22987336
2005-02-02 00:00:00+05:30,82.45,83.25,82.15,82.4,11241807
2005-02-03 00:00:00+05:30,82.6,83.95,82.45,83.75,11001336
2005-02-04 00:00:00+05:30,83.9,84.35,82.65,83.0,9357317
2005-02-07 00:00:00+05:30,83.35,83.85,82.4,82.6,7730326
2005-02-08 00:00:00+05:30,82.35,82.8,81.85,82.3,10386628
2005-02-09 00:00:00+05:30,82.4,83.5,82.4,82.75,13901080
2005-02-10 00:00:00+05:30,82.75,83.0,81.8,82.2,8723376
2005-02-11 00:00:00+05:30,82.35,82.75,82.05,82.45,12456131
2005-02-14 00:00:00+05:30,82.35,83.7,82.25,82.7,11410971
2005-02-15 00:00:00+05:30,83.2,83.2,82.05,82.35,13729846
2005-02-16 00:00:00+05:30,82.75,82.85,80.45,80.9,5671695
2005-02-17 00:00:00+05:30,80.9,81.95,80.4,81.25,11487165
2005-02-18 00:00:00+05:30,81.65,82.35,80.75,80.9,10123801
2005-02-21 00:00:00+05:30,82.7,82.7,80.85,81.35,8166654
2005-02-22 00:00:00+05:30,81.45,81.75,81.05,81.3,7632406
2005-02-23 00:00:00+05:30,81.65,82.45,81.45,81.8,16458571
2005-02-24 00:00:00+05:30,81.85,82.65,81.7,81.95,16393312
2005-02-25 00:00:00+05:30,84.25,85.1,83.35,84.6,28384927
2005-02-28 00:00:00+05:30,84.8,86.0,83.05,85.65,20793075
2005-03-01 00:00:00+05:30,85.9,87.35,84.6,87.0,22848853
2005-03-02 00:00:00+05:30,86.7,87.35,85.75,86.05,17243145
2005-03-03 00:00:00+05:30,86.4,89.6,86.4,89.35,39474725
2005-03-04 00:00:00+05:30,89.6,90.7,89.15,89.65,22066357
2005-03-07 00:00:00+05:30,90.25,91.7,90.0,90.7,18105974
2005-03-08 00:00:00+05:30,90.85,91.5,89.6,90.7,16246396
2005-03-09 00:00:00+05:30,90.95,92.4,89.95,91.7,16816852
2005-03-10 00:00:00+05:30,91.8,94.4,90.7,93.5,21191513
2005-03-11 00:00:00+05:30,92.85,93.9,91.2,91.5,12971750
2005-03-14 00:00:00+05:30,92.05,93.15,91.3,91.45,10591036
2005-03-15 00:00:00+05:30,91.35,92.4,90.95,91.7,8474733
2005-03-16 00:00:00+05:30,100.45,100.45,90.6,91.3,13098667
2005-03-17 00:00:00+05:30,91.35,92.4,90.55,91.65,16032313
2005-03-18 00:00:00+05:30,91.5,92.55,91.1,91.5,15405392
2005-03-21 00:00:00+05:30,91.9,92.4,90.4,90.85,10408462
2005-03-22 00:00:00+05:30,90.95,91.35,89.6,89.9,8614746
2005-03-23 00:00:00+05:30,89.9,89.9,86.05,86.5,17664057
2005-03-24 00:00:00+05:30,86.5,86.8,84.95,85.45,17626428
2005-03-28 00:00:00+05:30,85.45,87.35,85.45,86.55,12833834
2005-03-29 00:00:00+05:30,86.55,86.55,83.15,83.7,13853452
2005-03-30 00:00:00+05:30,83.95,87.1,83.95,86.35,21988445
2005-03-31 00:00:00+05:30,86.9,90.3,86.65,88.85,19876102
2005-04-01 00:00:00+05:30,89.2,89.2,85.45,88.45,11902110
2005-04-04 00:00:00+05:30,88.65,90.2,87.25,89.7,15940667
2005-04-05 00:00:00+05:30,89.7,91.9,89.6,91.6,23608893
2005-04-06 00:00:00+05:30,91.6,92.4,90.15,91.95,11842971
2005-04-07 00:00:00+05:30,92.0,92.65,89.5,90.0,8538201
2005-04-08 00:00:00+05:30,90.4,90.4,88.4,88.95,6271013
2005-04-11 00:00:00+05:30,89.5,89.5,87.45,88.0,4764100
2005-04-12 00:00:00+05:30,87.7,89.55,87.7,88.7,4577872
2005-04-13 00:00:00+05:30,88.75,89.25,87.75,88.25,5031984
2005-04-15 00:00:00+05:30,88.25,88.25,84.75,85.4,13416151
2005-04-18 00:00:00+05:30,87.35,87.35,82.8,83.45,8842896
2005-04-19 00:00:00+05:30,84.25,85.95,84.05,84.45,16500457
2005-04-20 00:00:00+05:30,85.35,94.25,85.0,85.95,9659438
2005-04-21 00:00:00+05:30,84.8,87.35,80.95,85.5,6364478
2005-04-22 00:00:00+05:30,87.05,87.1,85.25,86.15,8188857
2005-04-25 00:00:00+05:30,86.15,87.15,85.25,86.5,8508213
2005-04-26 00:00:00+05:30,86.55,86.55,84.6,84.85,5628990
2005-04-27 00:00:00+05:30,84.8,85.35,83.2,83.5,5354571
2005-04-28 00:00:00+05:30,83.9,85.9,82.8,84.05,14896893
2005-04-29 00:00:00+05:30,84.55,84.55,80.95,81.45,8966403
2005-05-02 00:00:00+05:30,84.35,84.35,81.95,83.05,4462168
2005-05-03 00:00:00+05:30,83.25,83.65,82.5,82.85,6217742
2005-05-04 00:00:00+05:30,83.1,84.05,82.6,83.9,4880947
2005-05-05 00:00:00+05:30,84.45,86.4,84.35,86.05,10458790
2005-05-06 00:00:00+05:30,86.2,87.15,85.7,86.55,7666129
2005-05-09 00:00:00+05:30,87.9,90.2,86.5,87.55,5323332
2005-05-10 00:00:00+05:30,87.7,89.45,86.95,88.25,13642537
2005-05-11 00:00:00+05:30,88.2,88.45,87.15,87.9,6981851
2005-05-12 00:00:00+05:30,87.9,89.2,86.95,88.8,5602035
2005-05-13 00:00:00+05:30,88.2,88.8,87.15,88.4,8192025
2005-05-16 00:00:00+05:30,88.4,89.7,88.4,89.3,6800267
2005-05-17 00:00:00+05:30,89.35,89.9,87.15,87.85,7773184
2005-05-18 00:00:00+05:30,86.8,87.15,85.55,86.55,11666274
2005-05-19 00:00:00+05:30,86.5,86.8,85.35,85.9,4750663
2005-05-20 00:00:00+05:30,85.9,86.15,84.8,85.15,4176625
2005-05-23 00:00:00+05:30,85.8,88.4,85.25,87.2,3776828
2005-05-24 00:00:00+05:30,88.2,88.4,86.5,87.65,5771388
2005-05-25 00:00:00+05:30,87.35,89.05,87.15,88.7,7302943
2005-05-26 00:00:00+05:30,88.4,91.85,87.2,90.9,20716260
2005-05-27 00:00:00+05:30,91.35,93.3,90.0,90.5,17307450
2005-05-30 00:00:00+05:30,90.4,92.4,90.4,91.55,9937565
2005-05-31 00:00:00+05:30,91.35,93.25,91.2,92.65,8061678
2005-06-01 00:00:00+05:30,92.5,93.9,90.65,93.35,11107734
2005-06-02 00:00:00+05:30,93.05,93.35,92.25,92.75,12818327
2005-06-03 00:00:00+05:30,92.7,94.35,92.7,94.2,7501933
2005-06-06 00:00:00+05:30,93.05,94.35,92.7,94.05,5956995
2005-06-07 00:00:00+05:30,92.85,94.25,92.85,93.75,5945853
2005-06-08 00:00:00+05:30,93.9,94.0,92.05,92.55,5284965
2005-06-09 00:00:00+05:30,92.15,93.9,90.9,91.45,5967336
2005-06-10 00:00:00+05:30,100.45,100.45,90.4,90.7,9254654
2005-06-13 00:00:00+05:30,90.95,92.4,90.45,92.2,8565786
2005-06-14 00:00:00+05:30,92.45,93.9,92.25,93.3,8564346
2005-06-15 00:00:00+05:30,93.9,94.35,92.7,94.05,5686005
2005-06-16 00:00:00+05:30,93.5,94.35,92.45,93.05,7422643
2005-06-17 00:00:00+05:30,94.3,94.3,91.15,92.35,8291763
2005-06-20 00:00:00+05:30,92.4,93.25,91.6,92.6,7141645
2005-06-21 00:00:00+05:30,93.9,95.4,93.25,94.9,10879702
2005-06-22 00:00:00+05:30,95.4,97.25,94.95,96.3,12205427
2005-06-23 00:00:00+05:30,96.75,96.85,95.3,96.0,8546193
2005-06-24 00:00:00+05:30,95.05,98.3,95.05,97.25,17278659
2005-06-27 00:00:00+05:30,98.4,100.15,96.95,99.3,17642970
2005-06-28 00:00:00+05:30,96.45,99.95,96.45,98.2,12095825
2005-06-29 00:00:00+05:30,97.95,100.4,96.95,99.95,12614288
2005-06-30 00:00:00+05:30,99.5,103.85,99.5,103.15,25198948
2005-07-01 00:00:00+05:30,102.95,102.95,98.2,98.7,13703935
2005-07-04 00:00:00+05:30,99.6,100.35,98.65,99.2,7386832
2005-07-05 00:00:00+05:30,99.5,100.1,97.6,98.4,9074177
2005-07-06 00:00:00+05:30,98.65,99.3,97.25,97.95,10824352
2005-07-07 00:00:00+05:30,98.45,98.7,92.85,93.55,18635174
2005-07-08 00:00:00+05:30,94.7,95.35,91.5,92.4,20222511
2005-07-11 00:00:00+05:30,92.7,93.85,92.6,92.95,10270483
2005-07-12 00:00:00+05:30,94.35,95.05,92.85,94.65,11160240
2005-07-13 00:00:00+05:30,94.5,95.4,92.5,92.7,7935445
2005-07-14 00:00:00+05:30,92.7,93.15,90.95,92.55,12299936
2005-07-15 00:00:00+05:30,98.55,98.55,90.05,93.15,18447722
2005-07-18 00:00:00+05:30,93.15,93.6,91.1,92.15,14911194
2005-07-19 00:00:00+05:30,92.55,92.85,91.85,92.25,8912259
2005-07-20 00:00:00+05:30,92.7,92.7,92.2,92.4,6191984
2005-07-21 00:00:00+05:30,92.35,93.4,91.9,92.25,7452253
2005-07-22 00:00:00+05:30,92.35,94.6,92.25,94.3,13196416
2005-07-25 00:00:00+05:30,94.6,97.4,94.6,96.9,15029642
2005-07-26 00:00:00+05:30,96.3,97.95,95.75,97.55,9752291
2005-07-27 00:00:00+05:30,97.3,97.95,96.05,97.3,7780726
2005-07-29 00:00:00+05:30,90.4,95.25,89.35,94.3,51046130
2005-08-01 00:00:00+05:30,94.45,95.05,92.4,94.55,10214764
2005-08-02 00:00:00+05:30,94.6,96.3,94.25,96.15,15709916
2005-08-03 00:00:00+05:30,96.15,97.8,95.4,97.1,18975284
2005-08-04 00:00:00+05:30,97.4,98.05,94.9,96.15,12202115
2005-08-05 00:00:00+05:30,98.05,98.05,94.85,95.45,9092213
2005-08-08 00:00:00+05:30,96.25,96.7,94.35,95.85,8996418
2005-08-09 00:00:00+05:30,94.35,96.95,89.45,96.3,9599912
2005-08-10 00:00:00+05:30,96.3,96.4,94.9,96.05,6141755
2005-08-11 00:00:00+05:30,96.4,97.15,95.3,95.8,7282567
2005-08-12 00:00:00+05:30,96.15,96.4,95.25,95.5,5343303
2005-08-16 00:00:00+05:30,95.7,96.85,94.75,96.2,9625886
2005-08-17 00:00:00+05:30,96.8,101.2,96.0,100.7,20628483
2005-08-18 00:00:00+05:30,100.9,102.05,98.7,99.15,7846192
2005-08-19 00:00:00+05:30,100.0,102.15,99.5,100.45,9016064
2005-08-22 00:00:00+05:30,100.45,101.9,98.1,99.5,5493747
2005-08-23 00:00:00+05:30,99.85,100.65,96.65,96.95,9507779
2005-08-24 00:00:00+05:30,97.4,98.55,96.45,97.6,17044731
2005-08-25 00:00:00+05:30,100.3,101.0,97.05,100.05,20337981
2005-08-26 00:00:00+05:30,100.9,100.9,98.2,98.7,5672793
2005-08-29 00:00:00+05:30,99.1,99.1,96.4,97.25,5896389
2005-08-30 00:00:00+05:30,97.4,99.2,97.05,98.1,7105969
2005-08-31 00:00:00+05:30,98.45,99.2,97.5,98.6,5882934
2005-09-01 00:00:00+05:30,97.85,98.6,96.95,98.25,8675730
2005-09-02 00:00:00+05:30,98.8,100.3,97.75,98.25,8763075
2005-09-05 00:00:00+05:30,98.55,99.9,97.95,99.6,5171367
2005-09-06 00:00:00+05:30,99.9,100.45,98.55,98.9,2462613
2005-09-08 00:00:00+05:30,99.0,100.15,98.45,99.75,9276506
2005-09-09 00:00:00+05:30,99.3,100.4,98.75,99.6,3195437
2005-09-12 00:00:00+05:30,100.3,101.4,99.0,101.0,5083167
2005-09-13 00:00:00+05:30,101.4,101.4,99.95,101.05,4827388
2005-09-14 00:00:00+05:30,100.9,100.9,99.65,100.1,10102021
2005-09-15 00:00:00+05:30,101.15,101.15,99.45,100.4,5498040
2005-09-16 00:00:00+05:30,100.4,104.0,100.4,102.75,10962403
2005-09-19 00:00:00+05:30,102.45,103.55,102.2,102.6,3461495
2005-09-20 00:00:00+05:30,102.2,104.7,101.95,103.55,7498315
2005-09-21 00:00:00+05:30,102.95,104.95,101.0,104.6,14123163
2005-09-22 00:00:00+05:30,104.95,108.65,99.5,100.1,13849816
2005-09-23 00:00:00+05:30,100.05,101.6,98.7,99.35,8875395
2005-09-26 00:00:00+05:30,99.95,102.9,99.5,102.45,6872690
2005-09-27 00:00:00+05:30,101.75,105.95,100.9,104.65,13061902
2005-09-28 00:00:00+05:30,104.95,108.35,104.65,107.45,9603170
2005-09-29 00:00:00+05:30,107.85,110.45,106.5,108.15,31259272
2005-09-30 00:00:00+05:30,107.45,108.45,104.95,106.55,6511196
2005-10-03 00:00:00+05:30,106.95,108.45,106.45,107.7,5805228
2005-10-04 00:00:00+05:30,108.35,108.6,107.15,108.35,6633515
2005-10-05 00:00:00+05:30,108.05,108.55,107.25,107.85,4388251
2005-10-06 00:00:00+05:30,107.05,107.05,102.8,104.45,13927108
2005-10-07 00:00:00+05:30,104.45,106.35,103.75,105.05,8545086
2005-10-10 00:00:00+05:30,105.2,106.05,102.95,103.35,5508939
2005-10-11 00:00:00+05:30,103.75,106.65,102.7,105.95,6840803
2005-10-13 00:00:00+05:30,103.35,105.95,102.85,103.55,6164840
2005-10-14 00:00:00+05:30,103.55,103.65,98.55,99.7,18499553
2005-10-17 00:00:00+05:30,99.95,100.7,98.45,99.35,7797907
2005-10-18 00:00:00+05:30,99.4,100.8,97.75,98.65,8356122
2005-10-19 00:00:00+05:30,97.75,97.95,81.35,95.25,24922523
2005-10-20 00:00:00+05:30,95.95,97.4,92.7,94.3,19175452
2005-10-21 00:00:00+05:30,92.9,96.4,92.9,96.15,12691976
2005-10-24 00:00:00+05:30,95.0,96.65,92.4,92.95,9044342
2005-10-25 00:00:00+05:30,94.85,95.55,92.4,93.45,14871873
2005-10-26 00:00:00+05:30,93.9,95.05,92.85,93.45,19204144
2005-10-27 00:00:00+05:30,93.7,95.95,91.9,94.0,32294631
2005-10-28 00:00:00+05:30,94.0,94.4,91.25,92.3,15561542
2005-10-31 00:00:00+05:30,92.85,93.95,92.3,93.3,9530783
2005-11-01 00:00:00+05:30,96.85,96.85,93.1,93.55,1922452
2005-11-02 00:00:00+05:30,94.35,94.35,92.4,93.4,10644721
2005-11-07 00:00:00+05:30,93.9,95.5,93.1,94.9,11663133
2005-11-08 00:00:00+05:30,95.5,98.3,95.0,96.7,17329662
2005-11-09 00:00:00+05:30,97.2,97.8,95.1,95.8,12189416
2005-11-10 00:00:00+05:30,96.15,98.3,95.35,97.8,8335638
2005-11-11 00:00:00+05:30,98.0,99.35,97.4,98.5,8935002
2005-11-14 00:00:00+05:30,99.15,100.05,98.3,99.7,6222800
2005-11-16 00:00:00+05:30,99.7,100.45,98.65,99.25,9696608
2005-11-17 00:00:00+05:30,99.2,102.05,98.05,101.2,9384119
2005-11-18 00:00:00+05:30,101.95,103.1,101.0,102.25,6390668
2005-11-21 00:00:00+05:30,102.95,103.4,101.45,102.65,9201896
2005-11-22 00:00:00+05:30,101.45,102.7,99.5,99.8,9348713
2005-11-23 00:00:00+05:30,100.0,103.05,100.0,102.5,10625434
2005-11-24 00:00:00+05:30,102.45,103.7,102.1,102.95,5032110
2005-11-25 00:00:00+05:30,103.05,103.75,101.85,102.45,4038556
2005-11-28 00:00:00+05:30,104.35,105.65,103.1,104.95,8332119
2005-11-29 00:00:00+05:30,104.95,105.75,103.05,105.35,6670352
2005-11-30 00:00:00+05:30,105.75,108.95,102.95,103.4,5553507
2005-12-01 00:00:00+05:30,104.0,105.4,101.95,104.65,9365561
2005-12-02 00:00:00+05:30,104.85,105.85,103.15,103.75,11659425
2005-12-05 00:00:00+05:30,104.15,104.4,101.95,102.65,7418791
2005-12-06 00:00:00+05:30,102.55,106.55,102.05,105.75,13262107
2005-12-07 00:00:00+05:30,105.75,109.75,105.45,108.55,19146004
2005-12-08 00:00:00+05:30,107.45,111.4,106.35,110.05,11972967
2005-12-09 00:00:00+05:30,110.6,114.15,109.05,113.25,11199084
2005-12-12 00:00:00+05:30,112.15,118.6,112.15,117.0,12236576
2005-12-13 00:00:00+05:30,116.15,119.5,114.6,118.6,12549029
2005-12-14 00:00:00+05:30,119.0,119.0,114.25,115.25,10867957
2005-12-15 00:00:00+05:30,116.15,116.5,114.7,115.2,10646818
2005-12-16 00:00:00+05:30,115.7,117.0,112.6,115.5,12530750
2005-12-19 00:00:00+05:30,115.5,116.95,115.1,115.55,6580280
2005-12-20 00:00:00+05:30,115.5,117.0,115.1,115.85,5784573
2005-12-21 00:00:00+05:30,116.85,118.25,115.3,116.6,5920239
2005-12-22 00:00:00+05:30,117.1,120.4,117.1,119.45,10849939
2005-12-23 00:00:00+05:30,119.55,120.95,118.5,119.6,13794961
2005-12-26 00:00:00+05:30,115.7,119.65,115.7,119.0,9846395
2005-12-27 00:00:00+05:30,117.9,119.6,115.25,118.6,5434644
2005-12-28 00:00:00+05:30,119.0,119.9,117.2,117.55,6404807
2005-12-29 00:00:00+05:30,117.95,121.5,116.7,119.8,12017732
2005-12-30 00:00:00+05:30,120.5,122.5,117.05,117.9,7360408
2006-01-02 00:00:00+05:30,118.75,120.25,117.1,119.65,7484509
2006-01-03 00:00:00+05:30,119.6,122.05,117.7,121.55,7469479
2006-01-04 00:00:00+05:30,121.45,122.1,118.0,119.1,7433416
2006-01-05 00:00:00+05:30,120.35,120.35,117.95,118.5,9862739
2006-01-06 00:00:00+05:30,119.2,121.3,118.2,120.8,12618455
2006-01-09 00:00:00+05:30,120.5,123.5,119.6,122.5,13599814
2006-01-10 00:00:00+05:30,122.9,122.9,120.5,121.35,9504647
2006-01-12 00:00:00+05:30,120.5,120.9,118.5,119.3,6731687
2006-01-13 00:00:00+05:30,119.35,123.45,118.6,122.2,11871204
2006-01-16 00:00:00+05:30,121.05,123.5,120.5,122.9,6379256
2006-01-17 00:00:00+05:30,122.9,124.15,121.3,122.85,8243577
2006-01-18 00:00:00+05:30,122.4,123.0,118.5,120.0,7873687
2006-01-19 00:00:00+05:30,120.3,121.75,119.6,120.65,5894013
2006-01-20 00:00:00+05:30,121.75,128.15,121.2,125.1,14088198
2006-01-23 00:00:00+05:30,125.5,127.5,124.05,125.9,12833600
2006-01-24 00:00:00+05:30,126.55,127.0,124.55,125.35,6785228
2006-01-25 00:00:00+05:30,125.5,130.4,105.45,128.3,15636980
2006-01-27 00:00:00+05:30,128.05,129.1,124.25,127.1,11666157
2006-01-30 00:00:00+05:30,129.05,129.05,123.7,124.2,12102449
2006-01-31 00:00:00+05:30,124.6,126.15,123.85,124.3,6260654
2006-02-01 00:00:00+05:30,125.45,125.45,122.3,122.9,5871963
2006-02-02 00:00:00+05:30,124.55,124.55,118.5,118.95,14390886
2006-02-03 00:00:00+05:30,119.3,119.3,115.4,116.65,15967703
2006-02-06 00:00:00+05:30,116.95,121.05,115.3,120.05,11442291
2006-02-07 00:00:00+05:30,119.55,120.0,116.5,117.6,15129569
2006-02-08 00:00:00+05:30,117.95,119.55,116.6,118.4,11465133
2006-02-10 00:00:00+05:30,118.35,118.75,117.65,118.1,8099433
2006-02-13 00:00:00+05:30,118.2,118.5,115.9,117.85,8487792
2006-02-14 00:00:00+05:30,115.9,120.2,115.9,117.7,18634850
2006-02-15 00:00:00+05:30,118.3,118.3,113.3,116.35,12813431
2006-02-16 00:00:00+05:30,116.5,117.0,114.3,115.75,8855244
2006-02-17 00:00:00+05:30,115.85,116.75,111.8,112.65,8710470
2006-02-20 00:00:00+05:30,112.7,115.5,111.55,115.0,7244920
2006-02-21 00:00:00+05:30,115.5,117.5,114.5,116.6,10744783
2006-02-22 00:00:00+05:30,117.0,118.6,116.5,117.95,9902411
2006-02-23 00:00:00+05:30,117.95,121.0,117.85,120.05,18689570
2006-02-24 00:00:00+05:30,118.6,119.0,116.8,118.45,3504290
2006-02-27 00:00:00+05:30,118.4,118.75,117.5,118.3,4807687
2006-02-28 00:00:00+05:30,118.5,119.1,113.55,114.1,17041671
2006-03-01 00:00:00+05:30,114.25,114.75,111.65,112.65,13059931
2006-03-02 00:00:00+05:30,111.65,115.95,111.55,115.4,9761354
2006-03-03 00:00:00+05:30,114.05,116.65,114.05,115.0,7303816
2006-03-06 00:00:00+05:30,115.5,118.5,114.5,117.45,7042303
2006-03-07 00:00:00+05:30,117.4,117.9,115.55,116.7,6957380
2006-03-08 00:00:00+05:30,115.95,116.95,113.0,113.85,10902598
2006-03-09 00:00:00+05:30,114.5,115.5,112.65,114.7,7279183
2006-03-10 00:00:00+05:30,115.2,116.5,114.7,115.65,4705618
2006-03-13 00:00:00+05:30,116.5,119.2,115.7,117.95,5272095
2006-03-14 00:00:00+05:30,119.2,120.25,117.95,119.15,6241907
2006-03-16 00:00:00+05:30,119.3,120.6,117.95,120.05,7760386
2006-03-17 00:00:00+05:30,120.4,124.0,120.4,122.6,15156821
2006-03-20 00:00:00+05:30,122.7,124.3,121.6,122.3,7693561
2006-03-21 00:00:00+05:30,122.6,124.05,122.55,122.95,6300866
2006-03-22 00:00:00+05:30,122.95,123.5,120.5,122.85,6529637
2006-03-23 00:00:00+05:30,123.0,124.15,121.35,122.1,5020140
2006-03-24 00:00:00+05:30,122.05,123.1,120.6,122.6,6523247
2006-03-27 00:00:00+05:30,123.7,127.5,122.6,126.5,4975213
2006-03-28 00:00:00+05:30,127.5,129.05,126.05,128.05,7031989
2006-03-29 00:00:00+05:30,128.05,130.5,127.35,130.0,7861798
2006-03-30 00:00:00+05:30,129.75,136.1,129.75,134.3,17535609
2006-03-31 00:00:00+05:30,134.3,134.3,129.55,131.7,6829949
2006-04-03 00:00:00+05:30,131.5,133.55,130.4,132.0,4595161
2006-04-04 00:00:00+05:30,133.05,133.05,129.25,129.55,5187081
2006-04-05 00:00:00+05:30,131.4,131.4,128.7,130.1,5594547
2006-04-07 00:00:00+05:30,131.05,131.85,127.7,128.5,9122552
2006-04-10 00:00:00+05:30,128.9,131.55,126.4,130.55,5483631
2006-04-12 00:00:00+05:30,131.3,132.05,127.35,128.4,10859308
2006-04-13 00:00:00+05:30,128.55,129.5,126.1,127.05,10370572
2006-04-17 00:00:00+05:30,129.5,132.05,124.05,124.85,9736154
2006-04-18 00:00:00+05:30,126.8,132.15,125.5,131.2,8714637
2006-04-19 00:00:00+05:30,132.6,135.6,131.55,133.55,8247933
2006-04-20 00:00:00+05:30,134.2,136.5,133.55,135.55,6484484
2006-04-21 00:00:00+05:30,136.1,136.6,132.6,134.95,10699765
2006-04-24 00:00:00+05:30,136.05,138.5,133.1,135.45,12784946
2006-04-25 00:00:00+05:30,135.05,135.85,132.4,133.05,15754313
2006-04-26 00:00:00+05:30,134.05,139.85,131.4,139.1,12570692
2006-04-27 00:00:00+05:30,139.65,140.6,129.15,130.85,292232173
2006-04-28 00:00:00+05:30,129.85,132.6,125.5,129.95,10505797
2006-05-02 00:00:00+05:30,131.05,133.45,130.6,132.9,6571280
2006-05-03 00:00:00+05:30,133.2,135.35,132.3,133.8,9573758
2006-05-04 00:00:00+05:30,133.85,135.0,132.35,133.4,9898811
2006-05-05 00:00:00+05:30,133.55,138.1,132.6,137.05,12434927
2006-05-08 00:00:00+05:30,137.9,140.8,137.25,138.55,14082807
2006-05-09 00:00:00+05:30,138.3,145.45,137.35,144.6,18962504
2006-05-10 00:00:00+05:30,143.4,152.0,143.2,149.0,23944881
2006-05-11 00:00:00+05:30,148.7,151.65,143.3,146.3,14419074
2006-05-12 00:00:00+05:30,143.55,146.1,140.3,142.65,12564788
2006-05-15 00:00:00+05:30,144.6,144.6,135.65,137.35,18985553
2006-05-16 00:00:00+05:30,137.85,139.55,133.15,136.7,26045244
2006-05-17 00:00:00+05:30,137.55,146.1,137.05,144.85,21443504
2006-05-18 00:00:00+05:30,142.2,143.1,132.6,135.45,21297092
2006-05-19 00:00:00+05:30,145.6,145.6,126.1,129.3,15081968
2006-05-22 00:00:00+05:30,132.85,132.85,112.95,121.2,18307331
2006-05-23 00:00:00+05:30,122.5,126.15,115.5,124.1,17598681
2006-05-24 00:00:00+05:30,126.05,126.05,115.5,116.8,21243452
2006-05-25 00:00:00+05:30,117.1,122.8,111.65,121.0,26095005
2006-05-26 00:00:00+05:30,121.5,124.25,115.95,118.45,10186009
2006-05-29 00:00:00+05:30,120.1,123.3,118.5,120.0,9261665
2006-05-30 00:00:00+05:30,120.5,121.8,117.3,118.4,10282921
2006-05-31 00:00:00+05:30,112.05,117.3,105.45,112.1,22323532
2006-06-01 00:00:00+05:30,115.3,115.3,103.95,106.9,25173280
2006-06-02 00:00:00+05:30,106.25,114.45,104.55,113.15,13059256
2006-06-05 00:00:00+05:30,114.5,116.25,108.05,109.0,11530356
2006-06-06 00:00:00+05:30,107.45,108.2,102.55,104.4,17014230
2006-06-07 00:00:00+05:30,104.45,104.45,99.0,99.8,27519263
2006-06-08 00:00:00+05:30,99.0,99.0,93.1,96.35,22306189
2006-06-09 00:00:00+05:30,94.6,101.2,94.6,99.55,12992027
2006-06-12 00:00:00+05:30,100.55,100.55,95.6,98.15,12870041
2006-06-13 00:00:00+05:30,96.3,99.25,92.4,98.15,14106873
2006-06-14 00:00:00+05:30,97.5,102.95,97.4,99.35,14324988
2006-06-15 00:00:00+05:30,101.4,105.4,97.35,103.5,14434014
2006-06-16 00:00:00+05:30,105.45,106.75,100.3,101.7,18465515
2006-06-19 00:00:00+05:30,104.8,104.8,98.75,102.3,13931743
2006-06-20 00:00:00+05:30,100.55,103.5,99.95,101.7,12439283
2006-06-21 00:00:00+05:30,100.4,104.15,100.2,103.05,10465108
2006-06-22 00:00:00+05:30,103.75,108.25,103.75,106.75,14256273
2006-06-23 00:00:00+05:30,104.65,112.95,103.45,110.5,11922693
2006-06-26 00:00:00+05:30,103.1,111.95,103.1,107.1,10776121
2006-06-27 00:00:00+05:30,107.35,108.65,102.75,106.7,17892702
2006-06-28 00:00:00+05:30,105.3,106.0,102.45,103.9,14960262
2006-06-29 00:00:00+05:30,105.2,107.45,104.7,105.95,18694556
2006-06-30 00:00:00+05:30,107.45,112.35,107.45,111.3,12301196
2006-07-03 00:00:00+05:30,111.3,114.05,108.45,113.45,17163819
2006-07-04 00:00:00+05:30,113.95,113.95,110.1,110.65,9664919
2006-07-05 00:00:00+05:30,110.95,113.7,108.55,111.35,11586219
2006-07-06 00:00:00+05:30,108.55,112.95,106.2,110.8,9450818
2006-07-07 00:00:00+05:30,112.45,113.45,107.3,109.3,11291010
2006-07-10 00:00:00+05:30,109.45,114.35,109.45,113.55,6340340
2006-07-11 00:00:00+05:30,113.95,113.95,111.3,111.9,5888325
2006-07-12 00:00:00+05:30,111.5,113.5,106.95,112.7,11433147
2006-07-13 00:00:00+05:30,111.65,115.8,110.55,112.4,12688682
2006-07-14 00:00:00+05:30,111.55,113.95,110.45,111.4,8897580
2006-07-17 00:00:00+05:30,110.55,111.15,102.5,103.25,12884486
2006-07-18 00:00:00+05:30,103.95,105.85,102.95,104.65,11253129
2006-07-19 00:00:00+05:30,104.85,107.55,104.45,106.7,9431054
2006-07-20 00:00:00+05:30,108.45,109.35,107.3,108.6,8280360
2006-07-21 00:00:00+05:30,107.45,108.45,104.65,105.55,4336726
2006-07-24 00:00:00+05:30,104.65,109.55,103.5,108.6,10605040
2006-07-25 00:00:00+05:30,109.45,110.65,108.55,109.8,9258074
2006-07-26 00:00:00+05:30,110.55,115.25,108.2,114.25,33105035
2006-07-27 00:00:00+05:30,114.15,120.5,114.15,118.5,30228701
2006-07-28 00:00:00+05:30,118.3,119.9,116.8,118.7,12022511
2006-07-31 00:00:00+05:30,118.5,119.8,111.5,117.8,10869469
2006-08-01 00:00:00+05:30,117.95,119.25,117.3,118.8,5674080
2006-08-02 00:00:00+05:30,112.65,120.4,112.65,119.7,4180720
2006-08-03 00:00:00+05:30,120.4,122.6,117.95,119.15,6459833
2006-08-04 00:00:00+05:30,119.55,121.95,118.1,118.6,9484010
2006-08-07 00:00:00+05:30,118.2,119.3,115.75,116.65,8487774
2006-08-08 00:00:00+05:30,117.9,120.0,116.65,119.6,3409475
2006-08-09 00:00:00+05:30,119.55,121.7,118.2,120.8,5857113
2006-08-10 00:00:00+05:30,121.5,121.5,118.6,119.7,6992336
2006-08-11 00:00:00+05:30,121.0,121.5,118.1,119.9,6280139
2006-08-14 00:00:00+05:30,118.6,122.95,118.6,122.05,4964746
2006-08-16 00:00:00+05:30,123.5,126.0,122.5,124.7,6439817
2006-08-17 00:00:00+05:30,124.7,125.45,120.2,121.6,11020398
2006-08-18 00:00:00+05:30,122.5,122.5,121.0,121.5,5194722
2006-08-21 00:00:00+05:30,121.9,125.4,118.1,119.6,9571157
2006-08-22 00:00:00+05:30,116.5,122.0,116.5,121.1,5921832
2006-08-23 00:00:00+05:30,118.6,121.9,118.6,120.35,6852071
2006-08-24 00:00:00+05:30,119.55,122.05,117.75,119.45,12489908
2006-08-25 00:00:00+05:30,120.5,121.5,119.15,119.85,11570406
2006-08-28 00:00:00+05:30,120.2,120.65,119.35,120.2,4304254
2006-08-29 00:00:00+05:30,120.65,123.7,120.65,122.65,9441404
2006-08-30 00:00:00+05:30,123.0,123.45,121.7,122.65,7839208
2006-08-31 00:00:00+05:30,122.9,124.45,121.2,122.25,15010031
2006-09-01 00:00:00+05:30,121.05,122.5,120.5,120.8,9062117
2006-09-04 00:00:00+05:30,122.05,123.0,121.35,121.75,8653086
2006-09-05 00:00:00+05:30,121.95,124.05,121.5,123.45,4619902
2006-09-06 00:00:00+05:30,122.5,122.5,121.0,121.25,4552852
2006-09-07 00:00:00+05:30,119.4,121.1,116.15,120.6,5067291
2006-09-08 00:00:00+05:30,120.5,121.45,119.15,120.65,7123078
2006-09-11 00:00:00+05:30,121.5,122.1,117.0,118.25,7808185
2006-09-12 00:00:00+05:30,117.65,118.5,113.65,115.5,13335934
2006-09-13 00:00:00+05:30,116.3,117.7,115.85,116.4,8576595
2006-09-14 00:00:00+05:30,117.5,117.9,116.1,116.4,4355023
2006-09-15 00:00:00+05:30,117.0,117.9,114.85,117.2,8117253
2006-09-18 00:00:00+05:30,117.5,117.7,115.85,116.15,4159678
2006-09-19 00:00:00+05:30,116.5,117.8,114.65,115.7,8891163
2006-09-20 00:00:00+05:30,115.8,118.75,114.85,117.9,6419198
2006-09-21 00:00:00+05:30,119.4,120.5,118.6,120.3,8775630
2006-09-22 00:00:00+05:30,120.0,120.5,118.3,119.05,5773611
2006-09-25 00:00:00+05:30,119.55,119.55,116.6,117.0,6079502
2006-09-26 00:00:00+05:30,119.0,119.0,115.75,118.45,11334444
2006-09-27 00:00:00+05:30,119.0,119.8,118.3,119.2,6734144
2006-09-28 00:00:00+05:30,120.5,121.0,117.7,118.45,19031902
2006-09-29 00:00:00+05:30,119.3,119.3,117.3,117.5,6729716
2006-10-03 00:00:00+05:30,117.55,117.95,116.0,116.4,9315116
2006-10-04 00:00:00+05:30,116.5,116.85,113.6,113.85,10969576
2006-10-05 00:00:00+05:30,115.5,115.8,114.3,114.6,7372846
2006-10-06 00:00:00+05:30,115.35,115.5,114.5,114.95,4529227
2006-10-09 00:00:00+05:30,114.95,116.15,114.05,115.5,6851927
2006-10-10 00:00:00+05:30,115.85,116.8,114.65,115.1,14212704
2006-10-11 00:00:00+05:30,112.65,116.25,112.65,113.45,11264379
2006-10-12 00:00:00+05:30,113.7,114.35,112.45,113.75,13327015
2006-10-13 00:00:00+05:30,114.4,116.65,114.05,115.85,7761016
2006-10-16 00:00:00+05:30,113.4,120.0,113.4,117.8,9861992
2006-10-17 00:00:00+05:30,118.5,118.85,117.0,117.3,8729865
2006-10-18 00:00:00+05:30,117.3,117.8,115.55,117.2,14838897
2006-10-19 00:00:00+05:30,117.5,118.45,115.3,115.9,10024441
2006-10-20 00:00:00+05:30,115.5,116.8,114.5,115.7,10790458
2006-10-23 00:00:00+05:30,116.45,116.45,114.75,115.35,6770468
2006-10-26 00:00:00+05:30,115.8,116.85,114.8,115.85,16200199
2006-10-27 00:00:00+05:30,115.6,120.35,115.6,118.9,10222620
2006-10-30 00:00:00+05:30,119.75,122.3,117.55,121.35,9039883
2006-10-31 00:00:00+05:30,119.55,123.4,119.55,122.85,11519280
2006-11-01 00:00:00+05:30,120.8,123.2,120.35,121.15,6828218
2006-11-02 00:00:00+05:30,121.7,126.8,121.3,126.4,11528778
2006-11-03 00:00:00+05:30,127.65,133.25,126.55,132.25,14310460
2006-11-06 00:00:00+05:30,132.3,134.85,128.6,129.65,9593767
2006-11-07 00:00:00+05:30,130.95,131.6,128.35,129.05,5621913
2006-11-08 00:00:00+05:30,130.0,130.0,126.55,128.75,9444259
2006-11-09 00:00:00+05:30,129.5,131.6,127.35,131.1,10421490
2006-11-10 00:00:00+05:30,131.3,132.7,130.05,132.35,5349375
2006-11-13 00:00:00+05:30,132.1,132.4,130.35,131.35,3473488
2006-11-14 00:00:00+05:30,131.8,133.85,131.1,132.65,5737263
2006-11-15 00:00:00+05:30,134.75,134.75,130.4,132.8,7440644
2006-11-16 00:00:00+05:30,132.3,133.15,130.65,131.1,3939214
2006-11-17 00:00:00+05:30,131.05,131.75,127.15,127.8,13776749
2006-11-20 00:00:00+05:30,126.55,128.05,126.1,126.95,14530228
2006-11-21 00:00:00+05:30,127.15,128.5,124.9,127.35,15697450
2006-11-22 00:00:00+05:30,128.05,129.95,128.05,129.05,6551156
2006-11-23 00:00:00+05:30,127.4,128.9,125.4,127.35,6033800
2006-11-24 00:00:00+05:30,129.25,130.2,127.65,129.05,7155794
2006-11-27 00:00:00+05:30,129.25,131.95,127.9,131.3,6479732
2006-11-28 00:00:00+05:30,131.3,132.5,129.5,130.6,11167344
2006-11-29 00:00:00+05:30,131.05,131.8,128.25,128.95,12362309
2006-11-30 00:00:00+05:30,130.15,131.75,127.3,129.9,20559913
2006-12-01 00:00:00+05:30,129.85,130.85,127.3,130.45,5847501
2006-12-04 00:00:00+05:30,130.35,131.05,128.45,129.05,4838205
2006-12-05 00:00:00+05:30,129.85,130.3,128.35,129.15,3635212
2006-12-06 00:00:00+05:30,129.35,130.85,128.75,130.45,5487219
2006-12-07 00:00:00+05:30,130.4,130.4,128.9,129.75,4067853
2006-12-08 00:00:00+05:30,129.35,129.5,125.95,126.55,8677981
2006-12-11 00:00:00+05:30,126.65,128.0,124.85,125.65,9724783
2006-12-12 00:00:00+05:30,125.6,125.75,120.25,121.25,14304496
2006-12-13 00:00:00+05:30,121.95,121.95,113.75,118.95,12659057
2006-12-14 00:00:00+05:30,119.3,123.45,118.7,120.8,6732584
2006-12-15 00:00:00+05:30,122.65,125.6,122.05,123.55,7809854
2006-12-18 00:00:00+05:30,125.0,133.9,125.0,128.7,15470578
2006-12-19 00:00:00+05:30,128.05,129.5,123.55,127.3,12154211
2006-12-20 00:00:00+05:30,128.2,131.55,126.55,129.25,15763972
2006-12-21 00:00:00+05:30,124.3,131.05,124.3,129.15,6482882
2006-12-22 00:00:00+05:30,130.15,131.7,127.8,130.65,6478388
2006-12-26 00:00:00+05:30,130.7,134.1,130.7,133.7,10414218
2006-12-27 00:00:00+05:30,131.8,133.65,130.65,131.7,5909787
2006-12-28 00:00:00+05:30,131.8,133.25,130.35,132.1,8571469
2006-12-29 00:00:00+05:30,131.65,133.0,129.55,131.2,5581305
2007-01-02 00:00:00+05:30,132.6,132.6,130.65,132.1,2052040
2007-01-03 00:00:00+05:30,133.55,133.55,129.5,131.4,7268150
2007-01-04 00:00:00+05:30,130.5,132.65,130.5,131.7,10562214
2007-01-05 00:00:00+05:30,130.9,136.8,130.2,134.85,12994955
2007-01-08 00:00:00+05:30,134.85,139.15,134.05,137.2,11157888
2007-01-09 00:00:00+05:30,138.55,140.95,136.65,138.05,12485285
2007-01-10 00:00:00+05:30,138.05,138.55,132.85,134.15,7867958
2007-01-11 00:00:00+05:30,133.6,138.45,132.35,137.75,5988099
2007-01-12 00:00:00+05:30,138.0,140.1,136.85,139.1,11443842
2007-01-15 00:00:00+05:30,139.0,140.95,137.35,138.0,3622432
2007-01-16 00:00:00+05:30,138.55,140.5,137.9,138.55,4209753
2007-01-17 00:00:00+05:30,138.75,138.75,134.45,134.85,10254366
2007-01-18 00:00:00+05:30,134.95,141.1,134.95,137.8,12706571
2007-01-19 00:00:00+05:30,138.9,139.3,134.4,135.0,7936934
2007-01-22 00:00:00+05:30,137.05,138.15,133.65,134.75,9040819
2007-01-23 00:00:00+05:30,134.85,135.5,133.75,134.4,6417776
2007-01-24 00:00:00+05:30,135.05,137.85,134.85,137.45,6995162
2007-01-25 00:00:00+05:30,138.3,139.7,135.95,138.75,14339146
2007-01-29 00:00:00+05:30,137.35,139.25,137.35,138.1,7187486
2007-01-31 00:00:00+05:30,139.3,139.95,135.8,137.25,10713336
2007-02-01 00:00:00+05:30,137.35,138.55,136.55,137.15,2562226
2007-02-02 00:00:00+05:30,138.55,138.55,135.7,136.45,4678785
2007-02-05 00:00:00+05:30,139.8,139.8,136.35,137.05,2850772
2007-02-06 00:00:00+05:30,138.15,138.3,136.05,136.8,3353578
2007-02-07 00:00:00+05:30,137.05,137.05,134.1,134.4,7501328
2007-02-08 00:00:00+05:30,137.05,137.05,133.9,134.65,5091537
2007-02-09 00:00:00+05:30,135.1,135.9,132.6,133.15,5350785
2007-02-12 00:00:00+05:30,133.75,134.15,130.05,130.6,4474365
2007-02-13 00:00:00+05:30,129.5,135.7,129.5,133.35,8473657
2007-02-14 00:00:00+05:30,133.25,136.75,131.1,135.65,8171533
2007-02-15 00:00:00+05:30,136.35,138.3,135.75,136.55,6731804
2007-02-19 00:00:00+05:30,136.55,137.35,135.2,136.55,4067613
2007-02-20 00:00:00+05:30,137.05,137.05,130.35,132.0,6767096
2007-02-21 00:00:00+05:30,132.6,133.45,129.95,131.45,8859679
2007-02-22 00:00:00+05:30,131.45,132.95,127.45,128.75,10035744
2007-02-23 00:00:00+05:30,129.5,130.7,123.5,125.0,10505898
2007-02-26 00:00:00+05:30,124.3,126.25,121.7,125.7,3975058
2007-02-27 00:00:00+05:30,125.8,127.15,121.85,123.2,7775780
2007-02-28 00:00:00+05:30,120.65,122.9,109.45,118.65,14759206
2007-03-01 00:00:00+05:30,118.65,124.3,113.15,119.9,12675689
2007-03-02 00:00:00+05:30,120.8,123.45,119.75,120.35,8710645
2007-03-05 00:00:00+05:30,118.25,118.9,114.25,116.45,7309892
2007-03-06 00:00:00+05:30,118.25,119.7,114.5,115.8,6799574
2007-03-07 00:00:00+05:30,116.9,117.3,113.35,115.25,6977756
2007-03-08 00:00:00+05:30,115.4,120.5,115.4,117.45,6298562
2007-03-09 00:00:00+05:30,118.5,118.95,116.3,118.0,3081058
2007-03-12 00:00:00+05:30,118.4,121.5,117.55,119.6,4916343
2007-03-13 00:00:00+05:30,120.2,122.75,118.05,121.55,3499054
2007-03-14 00:00:00+05:30,119.15,119.15,114.6,117.7,6203114
2007-03-15 00:00:00+05:30,118.95,119.7,116.15,116.95,6692096
2007-03-16 00:00:00+05:30,118.4,120.45,113.85,114.9,4269129
2007-03-19 00:00:00+05:30,115.8,120.05,115.25,119.5,2706280
2007-03-20 00:00:00+05:30,120.5,122.0,118.55,119.1,6147872
2007-03-21 00:00:00+05:30,119.15,123.8,117.85,122.25,4812945
2007-03-22 00:00:00+05:30,124.15,129.3,123.2,128.4,10139298
2007-03-23 00:00:00+05:30,131.65,131.65,125.8,127.0,6415028
2007-03-26 00:00:00+05:30,126.55,130.3,123.75,128.1,8220877
2007-03-28 00:00:00+05:30,128.05,131.35,124.3,130.25,11680920
2007-03-29 00:00:00+05:30,129.5,132.75,129.25,131.75,11217888
2007-03-30 00:00:00+05:30,131.3,133.25,131.25,132.7,7749950
2007-04-02 00:00:00+05:30,131.8,131.8,123.4,124.45,7418636
2007-04-03 00:00:00+05:30,123.9,128.05,123.7,127.1,6821984
2007-04-04 00:00:00+05:30,127.7,128.9,126.1,127.65,4956417
2007-04-05 00:00:00+05:30,127.3,128.7,125.5,127.45,4226265
2007-04-09 00:00:00+05:30,127.7,131.8,127.45,131.2,3660874
2007-04-10 00:00:00+05:30,132.6,133.25,129.3,131.7,4787187
2007-04-11 00:00:00+05:30,131.7,133.9,131.25,132.65,6643874
2007-04-12 00:00:00+05:30,128.95,132.45,127.35,128.2,5799003
2007-04-13 00:00:00+05:30,128.4,131.7,128.4,131.35,5038245
2007-04-16 00:00:00+05:30,131.8,136.15,131.8,135.55,5180985
2007-04-17 00:00:00+05:30,135.85,136.5,133.6,134.6,5303001
2007-04-18 00:00:00+05:30,132.65,137.5,132.65,136.4,6829742
2007-04-19 00:00:00+05:30,134.4,136.9,132.05,134.9,7304738
2007-04-20 00:00:00+05:30,138.55,139.3,135.55,138.85,5181315
2007-04-23 00:00:00+05:30,139.3,141.5,139.3,141.0,6654140
2007-04-24 00:00:00+05:30,140.1,144.0,139.35,142.9,8683963
2007-04-25 00:00:00+05:30,142.8,147.65,142.55,146.5,10068540
2007-04-26 00:00:00+05:30,147.65,149.1,141.65,144.4,17515053
2007-04-27 00:00:00+05:30,137.25,143.8,137.25,139.55,2694688
2007-04-30 00:00:00+05:30,136.5,139.15,135.9,137.65,6196520
2007-05-03 00:00:00+05:30,139.15,141.15,137.45,138.55,6981650
2007-05-04 00:00:00+05:30,139.75,141.85,138.75,139.85,4710723
2007-05-07 00:00:00+05:30,137.8,142.35,137.8,139.3,4934565
2007-05-08 00:00:00+05:30,138.6,141.25,137.05,138.4,4809537
2007-05-09 00:00:00+05:30,139.1,141.55,135.15,137.0,9619393
2007-05-10 00:00:00+05:30,138.45,140.0,132.75,133.85,6452432
2007-05-11 00:00:00+05:30,133.15,134.05,130.7,133.0,6797810
2007-05-14 00:00:00+05:30,135.35,138.0,133.25,136.55,2260534
2007-05-15 00:00:00+05:30,136.65,137.55,132.6,134.0,5589777
2007-05-16 00:00:00+05:30,136.75,136.75,132.6,135.55,5754915
2007-05-17 00:00:00+05:30,136.65,139.25,135.8,137.0,9493519
2007-05-18 00:00:00+05:30,136.95,138.55,134.45,136.9,3648238
2007-05-21 00:00:00+05:30,137.8,141.1,137.65,140.5,6169004
2007-05-22 00:00:00+05:30,140.15,142.15,138.55,139.65,5886333
2007-05-23 00:00:00+05:30,139.15,140.1,136.95,137.75,5537859
2007-05-24 00:00:00+05:30,137.65,137.8,134.9,135.55,4444263
2007-05-25 00:00:00+05:30,135.4,137.5,133.75,136.7,5912565
2007-05-28 00:00:00+05:30,137.5,138.5,136.05,137.3,4775265
2007-05-29 00:00:00+05:30,137.35,139.25,136.5,138.45,6622178
2007-05-30 00:00:00+05:30,137.15,138.15,136.65,137.6,7351400
2007-05-31 00:00:00+05:30,138.55,139.75,137.05,138.95,8787145
2007-06-01 00:00:00+05:30,138.9,139.1,136.95,137.25,2974654
2007-06-04 00:00:00+05:30,142.3,142.3,133.15,136.0,5161821
2007-06-05 00:00:00+05:30,135.8,137.5,134.5,134.75,3582106
2007-06-06 00:00:00+05:30,138.8,138.8,127.35,130.2,8386249
2007-06-07 00:00:00+05:30,124.55,131.2,124.55,128.6,5508747
2007-06-08 00:00:00+05:30,128.75,132.45,126.8,130.3,9623521
2007-06-11 00:00:00+05:30,132.6,133.35,127.3,128.5,7643570
2007-06-12 00:00:00+05:30,130.3,130.5,128.05,129.65,3277462
2007-06-13 00:00:00+05:30,130.15,131.3,129.25,129.75,5037585
2007-06-14 00:00:00+05:30,128.8,133.25,128.8,132.5,1843481
2007-06-15 00:00:00+05:30,133.25,134.35,131.35,132.9,3626392
2007-06-18 00:00:00+05:30,133.25,135.5,132.6,134.0,4330077
2007-06-19 00:00:00+05:30,133.6,138.45,133.6,137.9,3573472
2007-06-20 00:00:00+05:30,138.55,139.3,136.05,139.0,4803957
2007-06-21 00:00:00+05:30,129.35,139.05,129.35,137.75,6124820
2007-06-22 00:00:00+05:30,137.15,138.95,135.85,137.05,5078931
2007-06-25 00:00:00+05:30,136.8,139.6,136.4,138.15,7437956
2007-06-26 00:00:00+05:30,138.9,143.1,136.55,142.05,7756868
2007-06-27 00:00:00+05:30,143.0,143.1,138.3,138.85,5548929
2007-06-28 00:00:00+05:30,139.95,140.55,135.55,136.55,12122519
2007-06-29 00:00:00+05:30,136.35,138.3,135.4,136.45,6841868
2007-07-02 00:00:00+05:30,136.5,137.8,134.05,134.5,4846227
2007-07-03 00:00:00+05:30,135.15,136.2,133.3,133.7,5480793
2007-07-04 00:00:00+05:30,137.05,137.05,130.7,131.3,9707701
2007-07-05 00:00:00+05:30,132.6,133.15,131.05,132.6,4380483
2007-07-06 00:00:00+05:30,132.1,134.8,131.05,132.05,4931517
2007-07-09 00:00:00+05:30,132.05,135.1,132.05,134.15,5974869
2007-07-10 00:00:00+05:30,134.95,135.85,133.85,135.3,5355807
2007-07-11 00:00:00+05:30,134.95,136.35,132.75,135.7,4968405
2007-07-12 00:00:00+05:30,134.85,136.65,133.0,133.4,5967501
2007-07-13 00:00:00+05:30,134.1,136.2,134.1,135.7,5524743
2007-07-16 00:00:00+05:30,136.35,138.3,135.55,137.8,6594614
2007-07-17 00:00:00+05:30,138.15,139.0,137.1,137.6,5466801
2007-07-18 00:00:00+05:30,136.8,137.5,133.45,134.55,4206453
2007-07-19 00:00:00+05:30,134.65,135.7,134.15,134.9,3317566
2007-07-20 00:00:00+05:30,136.5,139.8,132.5,133.7,5500449
2007-07-23 00:00:00+05:30,135.05,138.15,134.05,137.0,4972113
2007-07-24 00:00:00+05:30,138.3,139.3,137.25,138.15,5242953
2007-07-25 00:00:00+05:30,137.05,141.55,136.4,140.7,7928858
2007-07-26 00:00:00+05:30,141.3,144.5,140.3,142.95,14797516
2007-07-27 00:00:00+05:30,140.1,141.0,135.55,136.15,4339005
2007-07-30 00:00:00+05:30,137.05,137.8,134.05,136.3,3041746
2007-07-31 00:00:00+05:30,137.05,138.45,135.15,137.75,2519878
2007-08-01 00:00:00+05:30,137.65,137.65,131.8,133.2,7418030
2007-08-02 00:00:00+05:30,133.9,133.9,131.35,132.05,3739378
2007-08-03 00:00:00+05:30,132.45,134.05,132.0,133.15,2650900
2007-08-06 00:00:00+05:30,131.05,132.45,129.5,131.15,2570824
2007-08-07 00:00:00+05:30,133.75,133.9,130.1,130.9,3601822
2007-08-08 00:00:00+05:30,132.55,134.3,131.2,133.75,2518564
2007-08-09 00:00:00+05:30,135.15,136.35,129.6,130.45,4137735
2007-08-10 00:00:00+05:30,128.35,129.7,125.05,126.85,14000716
2007-08-13 00:00:00+05:30,128.35,129.5,126.4,127.0,3736468
2007-08-14 00:00:00+05:30,125.35,129.35,125.0,128.55,3147748
2007-08-16 00:00:00+05:30,126.4,126.4,122.05,123.35,7830782
2007-08-17 00:00:00+05:30,123.4,125.8,115.7,118.05,14921350
2007-08-20 00:00:00+05:30,120.6,124.55,120.5,123.3,6725612
2007-08-21 00:00:00+05:30,123.8,124.3,118.05,118.95,4024239
2007-08-22 00:00:00+05:30,121.0,123.8,117.6,121.85,5341467
2007-08-23 00:00:00+05:30,123.5,126.25,117.05,118.1,5242209
2007-08-24 00:00:00+05:30,121.1,122.15,118.45,121.3,2275204
2007-08-27 00:00:00+05:30,122.05,124.3,121.7,123.25,4956105
2007-08-28 00:00:00+05:30,124.15,124.15,120.95,121.9,4287279
2007-08-29 00:00:00+05:30,118.4,125.95,118.25,125.55,6564242
2007-08-30 00:00:00+05:30,125.45,128.55,124.3,126.6,13472747
2007-08-31 00:00:00+05:30,127.3,130.5,125.7,129.45,5217231
2007-09-03 00:00:00+05:30,129.5,130.3,126.5,126.65,3385162
2007-09-04 00:00:00+05:30,128.05,128.05,124.85,125.4,4650111
2007-09-05 00:00:00+05:30,127.4,127.4,124.3,125.2,4368249
2007-09-06 00:00:00+05:30,125.45,126.55,124.7,126.1,2215792
2007-09-07 00:00:00+05:30,126.55,130.0,126.25,128.2,6652982
2007-09-10 00:00:00+05:30,126.4,126.4,124.55,125.35,3350764
2007-09-11 00:00:00+05:30,125.0,127.1,124.3,124.8,4467231
2007-09-12 00:00:00+05:30,125.35,126.1,123.85,124.65,4207689
2007-09-13 00:00:00+05:30,125.75,126.5,125.05,125.9,4700613
2007-09-14 00:00:00+05:30,126.4,128.55,125.1,125.7,8782567
2007-09-17 00:00:00+05:30,127.15,127.15,125.7,125.95,3567220
2007-09-18 00:00:00+05:30,126.1,128.55,125.8,128.15,5920647
2007-09-19 00:00:00+05:30,129.5,138.45,129.5,136.15,17349849
2007-09-20 00:00:00+05:30,136.8,140.1,136.05,136.55,8720413
2007-09-21 00:00:00+05:30,132.05,140.55,132.05,139.45,7871594
2007-09-24 00:00:00+05:30,142.35,142.35,138.55,140.0,4819677
2007-09-25 00:00:00+05:30,138.75,142.15,137.8,140.2,5801403
2007-09-26 00:00:00+05:30,141.55,141.85,138.9,141.1,7726850
2007-09-27 00:00:00+05:30,141.75,147.65,141.75,146.5,17735049
2007-09-28 00:00:00+05:30,146.45,148.25,142.7,144.35,7677860
2007-10-01 00:00:00+05:30,144.85,153.0,144.35,150.55,11099634
2007-10-03 00:00:00+05:30,152.15,158.45,149.85,154.65,12316187
2007-10-04 00:00:00+05:30,151.65,155.15,147.5,148.6,10573878
2007-10-05 00:00:00+05:30,149.85,150.5,144.45,145.5,6737636
2007-10-08 00:00:00+05:30,145.9,148.9,138.6,141.5,5718165
2007-10-09 00:00:00+05:30,141.5,149.85,139.3,148.45,8774857
2007-10-10 00:00:00+05:30,149.1,153.95,147.65,152.15,10751694
2007-10-11 00:00:00+05:30,153.7,162.5,152.2,160.45,18178280
2007-10-12 00:00:00+05:30,161.15,168.7,158.3,164.7,23342430
2007-10-15 00:00:00+05:30,164.75,180.75,164.75,179.35,16422759
2007-10-16 00:00:00+05:30,180.75,183.8,173.2,177.1,13709057
2007-10-17 00:00:00+05:30,165.7,175.2,152.45,170.15,14102710
2007-10-18 00:00:00+05:30,170.5,180.75,158.55,164.7,10299678
2007-10-19 00:00:00+05:30,162.55,168.7,154.4,166.8,7952798
2007-10-22 00:00:00+05:30,165.55,173.2,162.1,165.05,6737366
2007-10-23 00:00:00+05:30,168.4,173.55,167.05,172.3,11308434
2007-10-24 00:00:00+05:30,174.0,174.0,163.25,166.85,12050879
2007-10-25 00:00:00+05:30,165.7,172.45,160.3,168.8,14399176
2007-10-26 00:00:00+05:30,167.15,175.5,165.25,174.05,11607642
2007-10-29 00:00:00+05:30,176.25,189.05,174.7,186.15,17600481
2007-10-30 00:00:00+05:30,189.8,191.0,182.25,183.5,13978793
2007-10-31 00:00:00+05:30,183.75,190.5,183.75,187.75,14281162
2007-11-01 00:00:00+05:30,191.15,204.55,190.5,200.0,16101543
2007-11-02 00:00:00+05:30,195.8,208.65,190.15,205.8,11564562
2007-11-05 00:00:00+05:30,199.1,205.75,193.0,195.65,12465479
2007-11-06 00:00:00+05:30,196.55,201.1,193.75,196.4,9337417
2007-11-07 00:00:00+05:30,198.1,202.15,193.15,194.8,10017732
2007-11-08 00:00:00+05:30,194.2,194.2,183.95,186.3,7176788
2007-11-09 00:00:00+05:30,186.3,194.95,183.35,186.5,814073
2007-11-12 00:00:00+05:30,183.9,183.9,175.5,177.9,14464504
2007-11-13 00:00:00+05:30,179.25,183.15,174.2,177.8,9545479
2007-11-14 00:00:00+05:30,180.55,188.65,179.5,186.1,11429496
2007-11-15 00:00:00+05:30,186.75,188.95,185.35,186.6,14882476
2007-11-16 00:00:00+05:30,189.8,189.8,179.65,187.6,10797168
2007-11-19 00:00:00+05:30,189.8,196.65,186.45,190.9,13117511
2007-11-20 00:00:00+05:30,190.9,193.5,182.4,183.85,9023629
2007-11-21 00:00:00+05:30,186.75,186.75,177.9,179.8,9144331
2007-11-22 00:00:00+05:30,177.9,180.75,167.7,173.0,9275977
2007-11-23 00:00:00+05:30,177.75,179.85,170.4,172.1,6045782
2007-11-26 00:00:00+05:30,173.4,182.1,173.4,178.25,7277294
2007-11-27 00:00:00+05:30,174.7,179.65,174.7,176.6,8662951
2007-11-28 00:00:00+05:30,177.8,178.8,171.85,173.25,5001405
2007-11-29 00:00:00+05:30,176.05,177.4,168.75,171.3,11414202
2007-11-30 00:00:00+05:30,172.4,177.35,168.7,175.9,6807896
2007-12-03 00:00:00+05:30,174.7,179.7,174.7,176.3,7218320
2007-12-04 00:00:00+05:30,174.9,178.35,173.25,174.4,6217418
2007-12-05 00:00:00+05:30,176.25,183.0,174.7,181.75,10742352
2007-12-06 00:00:00+05:30,184.45,184.95,177.45,180.25,5668215
2007-12-07 00:00:00+05:30,180.75,182.1,174.5,179.55,6467720
2007-12-10 00:00:00+05:30,178.45,180.75,175.65,179.85,6844928
2007-12-11 00:00:00+05:30,180.0,188.55,179.25,186.8,8801827
2007-12-12 00:00:00+05:30,174.6,191.85,174.6,188.95,11071086
2007-12-13 00:00:00+05:30,189.8,189.8,183.75,185.35,9006367
2007-12-14 00:00:00+05:30,184.5,187.8,180.75,186.6,6858512
2007-12-17 00:00:00+05:30,185.3,185.3,173.45,175.65,11884968
2007-12-18 00:00:00+05:30,179.1,180.45,171.9,173.25,29812599
2007-12-19 00:00:00+05:30,175.5,180.0,175.5,177.85,7694978
2007-12-20 00:00:00+05:30,179.3,181.5,176.4,179.35,6800048
2007-12-24 00:00:00+05:30,191.3,191.3,180.75,188.1,7909010
2007-12-26 00:00:00+05:30,187.55,188.05,184.25,186.3,9397381
2007-12-27 00:00:00+05:30,188.3,190.5,186.25,187.95,17421933
2007-12-28 00:00:00+05:30,185.7,188.95,182.4,184.6,8964019
2007-12-31 00:00:00+05:30,185.4,187.55,185.15,186.3,6729038
2008-01-01 00:00:00+05:30,186.75,189.0,184.55,188.25,5552715
2008-01-02 00:00:00+05:30,187.55,194.2,186.7,191.2,18435872
2008-01-03 00:00:00+05:30,190.5,202.5,189.85,196.65,26169256
2008-01-04 00:00:00+05:30,199.25,204.3,197.35,202.35,21062011
2008-01-07 00:00:00+05:30,201.05,202.15,194.65,195.65,11894124
2008-01-08 00:00:00+05:30,195.8,201.2,194.4,198.95,9793537
2008-01-09 00:00:00+05:30,198.65,200.35,195.3,196.05,6039500
2008-01-10 00:00:00+05:30,195.8,200.0,192.9,194.9,9847717
2008-01-11 00:00:00+05:30,195.65,199.45,192.35,196.15,8617069
2008-01-14 00:00:00+05:30,194.35,197.6,192.6,194.2,6107804
2008-01-15 00:00:00+05:30,194.35,197.0,191.3,192.35,5997939
2008-01-16 00:00:00+05:30,188.45,195.05,183.75,188.9,6402440
2008-01-17 00:00:00+05:30,189.8,195.4,187.1,188.35,8456449
2008-01-18 00:00:00+05:30,185.95,189.75,180.4,182.5,11830050
2008-01-21 00:00:00+05:30,180.75,182.2,157.0,168.2,13236269
2008-01-22 00:00:00+05:30,162.6,165.7,125.0,144.55,24170837
2008-01-23 00:00:00+05:30,150.5,157.9,143.1,149.35,11866638
2008-01-24 00:00:00+05:30,154.4,157.4,136.35,142.7,9301075
2008-01-25 00:00:00+05:30,150.5,158.2,144.75,153.05,7466840
2008-01-28 00:00:00+05:30,150.5,153.65,141.8,150.65,6402272
2008-01-29 00:00:00+05:30,154.7,158.65,148.25,153.65,5768073
2008-01-30 00:00:00+05:30,155.15,159.7,144.5,145.85,6460250
2008-01-31 00:00:00+05:30,147.65,155.95,146.1,149.05,20851135
2008-02-01 00:00:00+05:30,149.85,159.05,148.5,157.55,7932632
2008-02-04 00:00:00+05:30,158.25,168.9,154.8,158.45,11881122
2008-02-05 00:00:00+05:30,155.0,164.05,155.0,161.9,7486454
2008-02-06 00:00:00+05:30,159.0,159.0,153.65,154.85,7879304
2008-02-07 00:00:00+05:30,156.35,156.35,147.25,148.5,5884353
2008-02-08 00:00:00+05:30,149.1,152.7,146.85,150.05,4492293
2008-02-11 00:00:00+05:30,150.65,150.65,136.35,141.85,8271115
2008-02-12 00:00:00+05:30,140.55,145.9,138.6,141.15,8533855
2008-02-13 00:00:00+05:30,143.85,146.1,141.15,142.25,5384601
2008-02-14 00:00:00+05:30,144.6,155.5,144.6,154.45,7867952
2008-02-15 00:00:00+05:30,153.65,158.85,143.1,155.55,8111533
2008-02-18 00:00:00+05:30,155.55,156.35,151.05,153.85,3149482
2008-02-19 00:00:00+05:30,155.35,158.85,151.4,152.35,3490024
2008-02-20 00:00:00+05:30,153.7,153.7,148.7,151.2,4215819
2008-02-21 00:00:00+05:30,153.65,154.2,148.45,150.85,7829846
2008-02-22 00:00:00+05:30,150.6,151.2,148.25,150.45,3530188
2008-02-25 00:00:00+05:30,152.05,154.4,151.4,152.6,5315871
2008-02-26 00:00:00+05:30,153.65,157.65,153.35,154.9,8922259
2008-02-27 00:00:00+05:30,156.6,158.7,155.5,156.45,7035866
2008-02-28 00:00:00+05:30,155.95,158.35,146.9,156.85,8565691
2008-02-29 00:00:00+05:30,158.05,158.05,147.9,153.2,8849995
2008-03-03 00:00:00+05:30,154.3,154.3,145.8,147.55,9619903
2008-03-04 00:00:00+05:30,149.1,150.5,142.85,143.6,6247616
2008-03-05 00:00:00+05:30,143.5,150.75,143.4,149.35,4942443
2008-03-07 00:00:00+05:30,147.75,150.35,140.25,143.8,12049043
2008-03-10 00:00:00+05:30,141.55,150.6,138.85,146.2,13274909
2008-03-11 00:00:00+05:30,145.8,152.7,144.75,149.8,14303506
2008-03-12 00:00:00+05:30,152.15,153.75,150.65,152.65,7383668
2008-03-13 00:00:00+05:30,150.75,151.2,145.4,148.6,8100457
2008-03-14 00:00:00+05:30,149.2,152.15,146.3,150.95,7627220
2008-03-17 00:00:00+05:30,147.15,149.75,144.6,148.3,6100406
2008-03-18 00:00:00+05:30,144.65,154.1,144.65,148.4,13956947
2008-03-19 00:00:00+05:30,150.65,153.95,147.65,149.8,11423364
2008-03-24 00:00:00+05:30,153.65,157.25,146.1,150.5,11887860
2008-03-25 00:00:00+05:30,153.65,164.5,152.15,161.8,9880015
2008-03-26 00:00:00+05:30,162.15,166.7,158.35,160.05,8777827
2008-03-27 00:00:00+05:30,158.2,165.75,158.2,161.3,19127612
2008-03-28 00:00:00+05:30,160.25,163.4,154.65,158.1,12130415
2008-03-31 00:00:00+05:30,160.0,164.2,146.85,147.7,14573074
2008-04-01 00:00:00+05:30,150.65,154.4,145.65,151.9,6352700
2008-04-02 00:00:00+05:30,155.75,158.0,150.65,152.5,5245107
2008-04-03 00:00:00+05:30,152.45,159.15,151.75,153.45,8110975
2008-04-04 00:00:00+05:30,154.9,154.9,147.85,151.4,6655130
2008-04-07 00:00:00+05:30,153.65,157.05,152.25,153.45,7176698
2008-04-08 00:00:00+05:30,153.65,154.95,149.9,152.45,8150047
2008-04-09 00:00:00+05:30,153.65,153.65,150.5,152.7,6622424
2008-04-10 00:00:00+05:30,150.9,155.75,150.05,151.1,7308650
2008-04-11 00:00:00+05:30,153.8,154.8,149.95,151.05,7132454
2008-04-15 00:00:00+05:30,150.9,157.1,147.65,154.55,6401948
2008-04-16 00:00:00+05:30,156.6,156.9,151.55,153.25,6467666
2008-04-17 00:00:00+05:30,154.55,156.45,152.3,153.2,8934739
2008-04-21 00:00:00+05:30,155.15,155.95,153.4,155.35,4803471
2008-04-22 00:00:00+05:30,154.25,160.4,153.65,158.45,6990170
2008-04-23 00:00:00+05:30,159.7,160.65,156.35,157.2,5453157
2008-04-24 00:00:00+05:30,158.85,159.5,154.15,155.5,11168976
2008-04-25 00:00:00+05:30,156.35,159.5,155.65,158.9,6492872
2008-04-28 00:00:00+05:30,161.65,161.65,156.75,157.95,3277396
2008-04-29 00:00:00+05:30,158.45,161.3,157.6,158.45,10807734
2008-04-30 00:00:00+05:30,158.85,160.3,154.85,155.65,15250216
2008-05-02 00:00:00+05:30,157.25,157.85,155.45,156.6,11644758
2008-05-05 00:00:00+05:30,155.3,157.5,154.55,156.55,15973300
2008-05-06 00:00:00+05:30,156.55,158.8,155.15,157.15,7396220
2008-05-07 00:00:00+05:30,158.35,158.35,154.3,156.45,8681905
2008-05-08 00:00:00+05:30,155.95,157.55,154.05,155.1,4213095
2008-05-09 00:00:00+05:30,153.65,156.45,152.15,155.4,9520147
2008-05-12 00:00:00+05:30,154.4,156.65,152.6,155.05,6935768
2008-05-13 00:00:00+05:30,156.3,156.3,149.25,150.65,12138617
2008-05-14 00:00:00+05:30,150.6,150.6,140.35,141.45,26953198
2008-05-15 00:00:00+05:30,141.9,144.15,141.7,143.3,8035807
2008-05-16 00:00:00+05:30,143.7,144.6,141.95,143.25,6257180
2008-05-20 00:00:00+05:30,143.1,143.4,139.95,141.1,9639223
2008-05-21 00:00:00+05:30,140.1,142.9,138.0,141.8,7054490
2008-05-22 00:00:00+05:30,140.85,141.3,138.0,139.45,7747178
2008-05-23 00:00:00+05:30,140.4,141.3,135.0,135.55,51675142
2008-05-26 00:00:00+05:30,136.35,137.3,133.35,134.8,10255488
2008-05-27 00:00:00+05:30,136.2,136.35,132.7,133.2,9355825
2008-05-28 00:00:00+05:30,133.45,134.2,129.5,131.6,29776395
2008-05-29 00:00:00+05:30,132.6,133.9,126.55,128.55,28564065
2008-05-30 00:00:00+05:30,129.1,131.65,128.9,130.35,11496060
2008-06-02 00:00:00+05:30,131.05,131.8,123.9,125.45,10827966
2008-06-03 00:00:00+05:30,124.3,127.2,123.6,126.4,7639058
2008-06-04 00:00:00+05:30,127.55,137.65,126.55,133.45,42189362
2008-06-05 00:00:00+05:30,134.05,146.8,133.6,144.2,55402214
2008-06-06 00:00:00+05:30,144.15,146.1,137.3,141.4,16979763
2008-06-09 00:00:00+05:30,135.7,138.55,130.05,132.6,22435248
2008-06-10 00:00:00+05:30,131.8,131.8,119.75,124.95,31238726
2008-06-11 00:00:00+05:30,125.15,128.9,124.0,125.25,9361411
2008-06-12 00:00:00+05:30,123.3,126.55,120.7,125.4,5904807
2008-06-13 00:00:00+05:30,125.8,129.5,122.0,126.8,7261832
2008-06-16 00:00:00+05:30,129.1,131.5,126.1,127.3,10112508
2008-06-17 00:00:00+05:30,127.4,135.1,126.3,133.05,9316201
2008-06-18 00:00:00+05:30,133.9,135.35,130.5,132.8,7446740
2008-06-19 00:00:00+05:30,130.35,132.6,126.1,128.9,10328748
2008-06-20 00:00:00+05:30,129.5,134.4,128.85,130.65,13233929
2008-06-23 00:00:00+05:30,129.35,135.55,128.95,133.25,13251563
2008-06-24 00:00:00+05:30,133.75,135.35,125.95,128.55,11685492
2008-06-25 00:00:00+05:30,126.4,132.25,125.0,130.4,12408167
2008-06-26 00:00:00+05:30,129.9,134.55,127.35,131.25,14108530
2008-06-27 00:00:00+05:30,128.85,129.5,122.75,125.4,18507284
2008-06-30 00:00:00+05:30,125.45,128.7,120.5,122.75,9746269
2008-07-01 00:00:00+05:30,125.0,125.0,117.3,119.6,12565139
2008-07-02 00:00:00+05:30,120.35,130.65,117.55,129.4,9486415
2008-07-03 00:00:00+05:30,125.8,132.6,122.75,129.4,8189575
2008-07-04 00:00:00+05:30,124.3,133.15,124.3,132.05,6517604
2008-07-07 00:00:00+05:30,129.7,137.8,129.5,132.9,12120923
2008-07-08 00:00:00+05:30,130.15,132.85,126.25,130.65,9022303
2008-07-09 00:00:00+05:30,133.25,138.45,129.3,132.15,14605888
2008-07-10 00:00:00+05:30,131.8,134.55,131.05,132.95,5538135
2008-07-11 00:00:00+05:30,139.65,139.65,127.3,127.95,8534209
2008-07-14 00:00:00+05:30,128.05,136.1,126.55,131.9,8144989
2008-07-15 00:00:00+05:30,131.8,131.8,125.6,127.35,15726370
2008-07-16 00:00:00+05:30,127.4,131.8,126.55,130.2,7558616
2008-07-17 00:00:00+05:30,131.3,138.4,131.3,135.95,12564173
2008-07-18 00:00:00+05:30,135.55,143.05,135.55,142.2,9496351
2008-07-21 00:00:00+05:30,142.35,145.35,140.4,143.9,11469576
2008-07-22 00:00:00+05:30,143.25,148.8,141.6,145.2,13755737
2008-07-23 00:00:00+05:30,147.65,153.65,147.65,149.8,19498352
2008-07-24 00:00:00+05:30,151.35,163.9,151.35,154.65,19945406
2008-07-25 00:00:00+05:30,150.65,154.95,146.75,148.15,16363557
2008-07-28 00:00:00+05:30,157.25,157.25,143.3,152.4,12364355
2008-07-29 00:00:00+05:30,146.85,153.5,144.7,148.15,10418574
2008-07-30 00:00:00+05:30,150.75,154.0,147.2,149.2,12103739
2008-07-31 00:00:00+05:30,149.1,151.6,148.8,150.05,16353177
2008-08-01 00:00:00+05:30,147.65,152.45,146.9,150.3,11740296
2008-08-04 00:00:00+05:30,150.35,151.15,146.3,147.95,10327272
2008-08-05 00:00:00+05:30,149.1,151.85,147.75,151.05,16158933
2008-08-06 00:00:00+05:30,153.4,155.15,152.15,153.15,9198979
2008-08-07 00:00:00+05:30,153.5,158.05,152.35,154.3,14711242
2008-08-08 00:00:00+05:30,154.4,161.75,153.0,160.3,14976580
2008-08-11 00:00:00+05:30,162.6,167.8,161.95,166.5,14838676
2008-08-12 00:00:00+05:30,171.75,171.75,161.55,163.95,10957656
2008-08-13 00:00:00+05:30,160.9,163.4,159.85,163.25,7239320
2008-08-14 00:00:00+05:30,161.2,163.25,158.85,160.55,6522950
2008-08-18 00:00:00+05:30,161.2,163.4,156.7,161.85,5453061
2008-08-19 00:00:00+05:30,161.0,161.85,158.9,160.2,5458101
2008-08-20 00:00:00+05:30,160.55,161.15,154.9,156.05,8839999
2008-08-21 00:00:00+05:30,155.15,158.2,150.9,152.2,6329990
2008-08-22 00:00:00+05:30,143.65,155.15,143.65,153.55,6939062
2008-08-25 00:00:00+05:30,154.0,156.45,151.9,152.8,2923894
2008-08-26 00:00:00+05:30,146.9,154.4,146.9,153.0,4807911
2008-08-27 00:00:00+05:30,154.25,155.95,150.8,151.65,4342425
2008-08-28 00:00:00+05:30,153.65,153.65,149.1,150.5,13135409
2008-08-29 00:00:00+05:30,151.65,154.75,151.65,154.15,7883168
2008-09-01 00:00:00+05:30,153.5,157.4,150.7,155.3,4654737
2008-09-02 00:00:00+05:30,156.6,168.7,156.6,166.1,15943636
2008-09-04 00:00:00+05:30,167.95,167.95,158.5,160.9,6652328
2008-09-05 00:00:00+05:30,160.9,162.5,156.6,161.45,6438230
2008-09-08 00:00:00+05:30,162.6,169.4,162.6,165.65,13196675
2008-09-09 00:00:00+05:30,160.45,170.15,158.5,166.1,7914992
2008-09-10 00:00:00+05:30,164.25,166.7,158.6,162.4,10006254
2008-09-11 00:00:00+05:30,163.9,163.9,154.15,156.1,9835921
2008-09-12 00:00:00+05:30,158.2,159.3,152.25,154.15,12421763
2008-09-15 00:00:00+05:30,158.15,158.15,142.25,144.8,20275765
2008-09-16 00:00:00+05:30,139.75,145.35,138.9,143.45,14294824
2008-09-17 00:00:00+05:30,149.75,150.3,141.75,147.45,19055702
2008-09-18 00:00:00+05:30,144.5,153.95,139.05,150.85,17017659
2008-09-19 00:00:00+05:30,157.35,163.4,151.45,161.35,13825295
2008-09-22 00:00:00+05:30,163.9,163.9,157.25,159.65,6652442
2008-09-23 00:00:00+05:30,158.7,162.1,156.6,158.85,8148613
2008-09-24 00:00:00+05:30,156.95,163.25,156.95,160.0,8443579
2008-09-25 00:00:00+05:30,160.4,163.2,155.7,161.3,19748504
2008-09-26 00:00:00+05:30,158.45,160.4,155.3,156.0,5985705
2008-09-29 00:00:00+05:30,156.6,158.2,149.5,153.9,12252521
2008-09-30 00:00:00+05:30,152.15,160.15,150.05,155.8,10597350
2008-10-01 00:00:00+05:30,160.4,160.4,153.0,156.7,5628543
2008-10-03 00:00:00+05:30,155.95,159.05,152.55,153.65,9672295
2008-10-06 00:00:00+05:30,150.75,152.85,143.85,147.8,10033998
2008-10-07 00:00:00+05:30,150.95,156.55,146.85,148.7,15340924
2008-10-08 00:00:00+05:30,147.15,147.15,141.75,145.1,17255835
2008-10-10 00:00:00+05:30,138.55,145.1,134.5,138.05,19731710
2008-10-13 00:00:00+05:30,141.5,143.85,136.2,138.15,18547526
2008-10-14 00:00:00+05:30,140.85,142.8,131.8,132.8,19829174
2008-10-15 00:00:00+05:30,131.65,132.6,125.0,126.35,14814844
2008-10-16 00:00:00+05:30,120.5,126.35,117.85,121.1,14598484
2008-10-17 00:00:00+05:30,120.5,124.9,114.5,116.9,12730883
2008-10-20 00:00:00+05:30,119.0,125.4,113.7,117.45,13785209
2008-10-21 00:00:00+05:30,120.15,120.75,113.0,118.9,17259639
2008-10-22 00:00:00+05:30,117.5,119.6,113.2,114.65,15171772
2008-10-23 00:00:00+05:30,111.5,119.0,109.4,116.95,16690317
2008-10-24 00:00:00+05:30,115.95,115.95,95.65,99.1,20064169
2008-10-27 00:00:00+05:30,99.1,99.4,81.05,92.2,26124946
2008-10-28 00:00:00+05:30,94.85,97.8,94.85,97.0,1931093
2008-10-29 00:00:00+05:30,102.7,104.65,93.45,97.65,34794756
2008-10-31 00:00:00+05:30,99.55,105.25,90.0,100.8,22901592
2008-11-03 00:00:00+05:30,105.45,107.95,102.1,107.05,9878419
2008-11-04 00:00:00+05:30,106.95,117.55,105.45,114.55,16483785
2008-11-05 00:00:00+05:30,117.5,121.8,112.35,113.7,11979996
2008-11-06 00:00:00+05:30,106.25,117.05,106.25,112.0,15459532
2008-11-07 00:00:00+05:30,111.9,118.4,108.45,111.5,19187162
2008-11-10 00:00:00+05:30,117.2,122.05,112.25,121.35,9663775
2008-11-11 00:00:00+05:30,119.9,121.95,109.05,110.85,13773359
2008-11-12 00:00:00+05:30,111.15,114.5,102.65,107.25,17562111
2008-11-14 00:00:00+05:30,111.5,111.8,102.45,104.4,13764257
2008-11-17 00:00:00+05:30,104.4,108.0,100.7,105.5,12363203
2008-11-18 00:00:00+05:30,103.15,104.65,98.4,100.6,15856522
2008-11-19 00:00:00+05:30,100.9,104.65,96.15,98.3,13830509
2008-11-20 00:00:00+05:30,97.75,100.05,92.3,98.1,10952076
2008-11-21 00:00:00+05:30,98.1,105.95,96.4,103.6,18149774
2008-11-24 00:00:00+05:30,103.45,105.05,99.8,102.2,11474544
2008-11-25 00:00:00+05:30,109.0,109.0,102.1,103.3,17393031
2008-11-26 00:00:00+05:30,105.4,106.5,103.2,105.45,17175951
2008-11-28 00:00:00+05:30,111.65,111.65,102.5,104.5,21902569
2008-12-01 00:00:00+05:30,109.2,109.95,101.7,102.6,14496868
2008-12-02 00:00:00+05:30,100.15,101.2,96.7,99.7,12932423
2008-12-03 00:00:00+05:30,100.7,101.6,96.4,98.2,13478735
2008-12-04 00:00:00+05:30,98.7,102.25,97.45,101.6,10854402
2008-12-05 00:00:00+05:30,101.7,103.05,98.0,98.7,18645296
2008-12-08 00:00:00+05:30,104.55,104.55,98.45,99.5,16945521
2008-12-10 00:00:00+05:30,100.9,105.05,99.45,102.0,13651865
2008-12-11 00:00:00+05:30,102.45,103.1,99.5,100.15,10615404
2008-12-12 00:00:00+05:30,99.4,100.65,95.75,97.35,13826849
2008-12-15 00:00:00+05:30,97.95,102.5,97.95,101.5,18726392
2008-12-16 00:00:00+05:30,102.45,109.05,101.2,107.45,17987715
2008-12-17 00:00:00+05:30,109.05,111.5,106.75,108.05,17292585
2008-12-18 00:00:00+05:30,107.7,111.6,104.0,110.3,18667130
2008-12-19 00:00:00+05:30,110.15,110.15,104.9,107.1,14538442
2008-12-22 00:00:00+05:30,105.8,111.75,105.65,107.05,11278566
2008-12-23 00:00:00+05:30,103.3,106.1,102.2,103.75,12664523
2008-12-24 00:00:00+05:30,103.8,104.65,99.0,101.0,24642587
2008-12-26 00:00:00+05:30,105.4,105.4,96.0,96.8,13044725
2008-12-29 00:00:00+05:30,96.4,100.7,94.45,98.8,9373531
2008-12-30 00:00:00+05:30,98.1,101.7,96.2,101.2,11821626
2008-12-31 00:00:00+05:30,101.7,102.1,98.8,100.5,7961138
2009-01-01 00:00:00+05:30,100.5,103.95,100.5,103.1,6966710
2009-01-02 00:00:00+05:30,103.4,104.25,101.2,102.5,8696131
2009-01-05 00:00:00+05:30,103.15,110.95,102.45,109.25,14517988
2009-01-06 00:00:00+05:30,108.7,110.25,105.9,108.3,10691232
2009-01-07 00:00:00+05:30,109.85,109.85,102.45,104.0,11618058
2009-01-09 00:00:00+05:30,103.95,120.1,99.5,100.8,13266977
2009-01-12 00:00:00+05:30,101.7,102.1,97.6,98.45,12386681
2009-01-13 00:00:00+05:30,98.1,98.7,93.4,94.95,10910868
2009-01-14 00:00:00+05:30,96.4,99.7,95.4,97.7,10523454
2009-01-15 00:00:00+05:30,95.85,96.65,93.15,94.25,12688667
2009-01-16 00:00:00+05:30,88.5,97.95,88.5,97.75,9415603
2009-01-19 00:00:00+05:30,96.4,102.2,96.4,100.95,8541943
2009-01-20 00:00:00+05:30,99.25,100.65,97.35,100.05,9519337
2009-01-21 00:00:00+05:30,100.15,101.85,96.45,97.95,7505456
2009-01-22 00:00:00+05:30,101.7,101.7,96.9,97.85,7794014
2009-01-23 00:00:00+05:30,96.0,99.7,96.0,97.35,7589000
2009-01-27 00:00:00+05:30,97.95,98.2,92.45,93.55,19384832
2009-01-28 00:00:00+05:30,91.45,97.5,91.45,96.6,8743777
2009-01-29 00:00:00+05:30,96.6,99.7,94.75,96.25,16103283
2009-01-30 00:00:00+05:30,97.75,100.15,94.95,98.7,9625039
2009-02-02 00:00:00+05:30,98.0,100.0,94.85,96.35,9317665
2009-02-03 00:00:00+05:30,99.3,100.15,95.25,98.15,11187162
2009-02-04 00:00:00+05:30,99.4,101.2,98.55,100.25,10361910
2009-02-05 00:00:00+05:30,102.25,102.25,98.75,100.0,7151936
2009-02-06 00:00:00+05:30,100.2,103.65,100.2,102.9,6752942
2009-02-09 00:00:00+05:30,103.15,109.8,101.5,109.1,14402782
2009-02-10 00:00:00+05:30,109.1,109.8,105.95,108.05,10419138
2009-02-11 00:00:00+05:30,102.6,108.35,102.6,106.45,10072152
2009-02-12 00:00:00+05:30,111.25,111.25,102.95,104.5,7227002
2009-02-13 00:00:00+05:30,105.25,107.65,98.3,106.15,8474377
2009-02-16 00:00:00+05:30,106.2,106.2,102.2,103.55,8688433
2009-02-17 00:00:00+05:30,101.7,103.85,100.9,102.05,10888932
2009-02-18 00:00:00+05:30,95.3,103.95,95.3,101.0,7136906
2009-02-19 00:00:00+05:30,101.7,103.15,100.9,102.4,5848101
2009-02-20 00:00:00+05:30,100.95,102.4,99.6,101.35,6564128
2009-02-24 00:00:00+05:30,98.8,103.25,98.8,102.4,4882389
2009-02-25 00:00:00+05:30,102.85,106.15,102.3,105.5,6486638
2009-02-26 00:00:00+05:30,105.35,109.9,104.25,108.4,14814382
2009-02-27 00:00:00+05:30,107.6,107.85,102.6,104.05,10838316
2009-03-02 00:00:00+05:30,100.05,104.65,98.2,100.1,9475213
2009-03-03 00:00:00+05:30,99.7,101.7,96.6,97.7,13514273
2009-03-04 00:00:00+05:30,98.1,100.75,97.35,100.0,10213464
2009-03-05 00:00:00+05:30,100.15,101.5,96.05,97.95,25542281
2009-03-06 00:00:00+05:30,96.7,101.95,96.4,101.4,9458017
2009-03-09 00:00:00+05:30,100.6,101.7,98.95,100.4,5310699
2009-03-12 00:00:00+05:30,102.45,103.85,101.2,102.8,9545209
2009-03-13 00:00:00+05:30,102.7,106.95,102.7,106.4,6449750
2009-03-16 00:00:00+05:30,105.9,108.15,104.7,107.8,6957692
2009-03-17 00:00:00+05:30,107.7,109.45,106.45,107.85,9021817
2009-03-18 00:00:00+05:30,108.05,111.2,108.0,109.05,9400033
2009-03-19 00:00:00+05:30,109.9,110.8,108.8,110.15,7769390
2009-03-20 00:00:00+05:30,109.85,114.55,109.35,113.7,11170500
2009-03-23 00:00:00+05:30,113.7,120.5,113.7,119.6,10342692
2009-03-24 00:00:00+05:30,112.6,122.0,112.6,117.4,14446264
2009-03-25 00:00:00+05:30,117.2,118.2,112.4,115.05,17949291
2009-03-26 00:00:00+05:30,115.3,122.75,114.6,121.65,26586244
2009-03-27 00:00:00+05:30,127.05,127.05,119.4,121.75,10201458
2009-03-30 00:00:00+05:30,122.0,122.0,115.8,117.85,8487355
2009-03-31 00:00:00+05:30,112.3,120.2,112.3,117.55,11644218
2009-04-01 00:00:00+05:30,117.5,122.0,113.15,121.15,12291935
2009-04-02 00:00:00+05:30,122.1,132.8,122.1,131.2,13250555
2009-04-06 00:00:00+05:30,131.9,137.7,131.8,133.55,12621149
2009-04-08 00:00:00+05:30,131.45,139.0,125.6,136.4,21660307
2009-04-09 00:00:00+05:30,138.3,138.3,131.85,133.2,14791408
2009-04-13 00:00:00+05:30,134.4,137.05,130.5,134.9,8012221
2009-04-15 00:00:00+05:30,133.25,136.05,132.0,134.85,14845852
2009-04-16 00:00:00+05:30,134.9,136.35,127.35,128.25,16400757
2009-04-17 00:00:00+05:30,129.15,133.45,127.65,130.2,15919708
2009-04-20 00:00:00+05:30,131.05,131.75,128.15,130.2,10592754
2009-04-21 00:00:00+05:30,129.5,133.65,126.7,130.05,8834209
2009-04-22 00:00:00+05:30,130.5,132.4,125.05,126.4,8139595
2009-04-23 00:00:00+05:30,130.55,130.65,126.1,128.75,7314482
2009-04-24 00:00:00+05:30,129.05,130.6,126.65,129.05,6997610
2009-04-27 00:00:00+05:30,122.45,130.3,122.45,127.7,12482459
2009-04-28 00:00:00+05:30,128.2,128.2,124.3,125.4,9555337
2009-04-29 00:00:00+05:30,126.55,131.05,125.55,130.3,16376055
2009-05-04 00:00:00+05:30,135.35,138.75,132.45,134.25,11329620
2009-05-05 00:00:00+05:30,135.55,135.55,130.6,133.6,10426704
2009-05-06 00:00:00+05:30,133.9,138.55,131.45,133.55,14874178
2009-05-07 00:00:00+05:30,135.4,136.35,132.6,134.3,9877069
2009-05-08 00:00:00+05:30,134.35,137.15,132.3,133.0,9109561
2009-05-11 00:00:00+05:30,131.8,136.15,131.4,132.55,8601427
2009-05-12 00:00:00+05:30,132.6,134.5,132.0,132.9,14524654
2009-05-13 00:00:00+05:30,133.3,134.05,126.05,128.7,15287440
2009-05-14 00:00:00+05:30,126.55,128.6,124.3,125.1,10778082
2009-05-15 00:00:00+05:30,125.8,128.55,120.85,122.5,25716521
2009-05-18 00:00:00+05:30,134.15,146.95,129.85,142.7,736403
2009-05-19 00:00:00+05:30,146.15,159.7,133.25,150.0,33132595
2009-05-20 00:00:00+05:30,144.6,158.05,143.85,149.8,18802496
2009-05-21 00:00:00+05:30,147.05,166.25,147.05,162.0,25747241
2009-05-22 00:00:00+05:30,169.75,169.75,153.9,157.55,23501556
2009-05-25 00:00:00+05:30,153.9,159.35,150.75,156.7,10069452
2009-05-26 00:00:00+05:30,156.6,159.45,151.15,152.85,12492869
2009-05-27 00:00:00+05:30,156.6,168.4,154.4,166.5,19488206
2009-05-28 00:00:00+05:30,159.3,172.85,159.3,170.15,25214213
2009-05-29 00:00:00+05:30,171.75,183.75,168.2,176.1,31131476
2009-06-01 00:00:00+05:30,176.4,181.4,175.5,177.25,10082460
2009-06-02 00:00:00+05:30,182.25,183.75,173.1,175.3,11878890
2009-06-03 00:00:00+05:30,177.0,177.0,173.6,175.95,7672754
2009-06-04 00:00:00+05:30,174.0,177.4,169.45,176.15,9766195
2009-06-05 00:00:00+05:30,178.4,179.85,174.7,178.0,8391565
2009-06-08 00:00:00+05:30,176.25,179.8,165.7,167.75,9192571
2009-06-09 00:00:00+05:30,165.9,171.65,161.15,170.5,10586550
2009-06-10 00:00:00+05:30,170.95,178.95,169.7,175.65,11427732
2009-06-11 00:00:00+05:30,175.2,177.55,167.5,168.8,7709846
2009-06-12 00:00:00+05:30,168.85,170.8,162.7,169.8,10271346
2009-06-15 00:00:00+05:30,163.15,176.0,163.15,169.55,12043673
2009-06-16 00:00:00+05:30,172.35,172.35,162.05,169.75,6246992
2009-06-17 00:00:00+05:30,169.6,170.15,157.8,159.9,10568016
2009-06-18 00:00:00+05:30,159.7,161.95,149.95,151.8,16708053
2009-06-19 00:00:00+05:30,152.7,154.4,146.2,152.05,20451415
2009-06-22 00:00:00+05:30,147.95,153.35,146.3,149.75,20050525
2009-06-23 00:00:00+05:30,145.2,156.9,145.2,154.6,24861959
2009-06-24 00:00:00+05:30,154.65,159.15,153.9,158.3,15287872
2009-06-25 00:00:00+05:30,151.8,159.6,151.05,153.6,33041203
2009-06-26 00:00:00+05:30,155.15,158.7,151.8,157.35,11765208
2009-06-29 00:00:00+05:30,158.2,164.35,156.45,160.5,8052109
2009-06-30 00:00:00+05:30,160.95,164.0,159.8,160.7,8311255
2009-07-01 00:00:00+05:30,160.4,163.8,157.35,158.45,7426166
2009-07-02 00:00:00+05:30,162.8,174.45,162.35,169.7,50191846
2009-07-03 00:00:00+05:30,166.45,171.85,164.35,171.1,20142133
2009-07-06 00:00:00+05:30,169.95,171.55,158.85,161.1,16139691
2009-07-07 00:00:00+05:30,157.05,162.4,155.15,158.15,12134357
2009-07-08 00:00:00+05:30,158.15,158.15,150.2,152.25,8704321
2009-07-09 00:00:00+05:30,153.0,153.0,149.15,150.4,7067636
2009-07-10 00:00:00+05:30,150.65,151.35,147.1,148.6,7623494
2009-07-13 00:00:00+05:30,145.05,151.5,145.05,149.3,6988040
2009-07-14 00:00:00+05:30,153.35,153.35,148.5,150.6,6858800
2009-07-15 00:00:00+05:30,149.95,156.7,149.95,156.5,8782357
2009-07-16 00:00:00+05:30,156.6,158.7,152.85,154.1,12752309
2009-07-17 00:00:00+05:30,154.8,158.1,152.6,157.1,12291617
2009-07-20 00:00:00+05:30,158.75,160.75,154.55,159.8,9854545
2009-07-21 00:00:00+05:30,158.9,160.4,155.95,157.4,10447374
2009-07-22 00:00:00+05:30,165.6,167.55,157.75,164.55,17090895
2009-07-23 00:00:00+05:30,164.9,168.35,163.4,164.65,11049582
2009-07-24 00:00:00+05:30,162.6,172.85,161.65,169.45,15149674
2009-07-27 00:00:00+05:30,171.75,174.45,161.5,165.1,11062014
2009-07-28 00:00:00+05:30,165.15,168.2,162.95,166.0,10534668
2009-07-29 00:00:00+05:30,164.9,171.4,163.4,165.45,16583751
2009-07-30 00:00:00+05:30,165.55,169.6,162.95,165.9,19147994
2009-07-31 00:00:00+05:30,168.7,177.4,167.5,175.3,16783551
2009-08-03 00:00:00+05:30,175.5,178.45,173.55,177.65,9008179
2009-08-04 00:00:00+05:30,177.6,179.15,169.05,172.0,8507137
2009-08-05 00:00:00+05:30,173.2,180.55,170.65,179.85,13761155
2009-08-06 00:00:00+05:30,180.0,182.1,172.35,173.7,10998024
2009-08-07 00:00:00+05:30,171.95,177.3,169.6,171.6,10500012
2009-08-10 00:00:00+05:30,172.45,176.25,171.8,174.85,10481226
2009-08-11 00:00:00+05:30,175.1,176.4,169.9,173.6,11959572
2009-08-12 00:00:00+05:30,174.0,174.0,166.85,169.8,10881708
2009-08-13 00:00:00+05:30,171.75,176.25,171.75,175.5,9547189
2009-08-14 00:00:00+05:30,173.65,185.3,173.65,183.8,27101098
2009-08-17 00:00:00+05:30,177.4,183.1,174.5,175.45,9426409
2009-08-18 00:00:00+05:30,175.5,180.55,175.1,178.05,8452753
2009-08-19 00:00:00+05:30,175.0,180.25,173.5,174.7,7585394
2009-08-20 00:00:00+05:30,177.75,180.7,176.25,177.65,6349100
2009-08-21 00:00:00+05:30,177.6,180.35,174.9,179.5,5877381
2009-08-24 00:00:00+05:30,182.6,183.45,176.0,180.1,8223505
2009-08-25 00:00:00+05:30,177.1,179.55,176.3,178.3,6305906
2009-08-26 00:00:00+05:30,178.8,178.8,176.05,176.85,8744785
2009-08-27 00:00:00+05:30,175.5,179.25,175.05,176.7,10470606
2009-08-28 00:00:00+05:30,177.55,178.85,175.95,177.55,7760498
2009-08-31 00:00:00+05:30,177.4,181.05,175.05,178.55,7391252
2009-09-01 00:00:00+05:30,177.1,180.2,174.1,175.2,7305644
2009-09-02 00:00:00+05:30,174.7,177.4,173.35,174.05,6059000
2009-09-03 00:00:00+05:30,174.7,175.75,170.95,171.75,5493183
2009-09-04 00:00:00+05:30,173.2,178.65,171.5,177.45,8013061
2009-09-07 00:00:00+05:30,173.65,180.3,173.65,179.0,5627415
2009-09-08 00:00:00+05:30,180.0,180.4,177.9,178.6,9733519
2009-09-09 00:00:00+05:30,178.95,180.3,174.85,177.75,7642286
2009-09-10 00:00:00+05:30,179.85,179.85,176.25,177.85,10591656
2009-09-11 00:00:00+05:30,177.0,178.9,175.95,177.3,4227417
2009-09-14 00:00:00+05:30,176.85,177.0,173.85,174.95,4436535
2009-09-15 00:00:00+05:30,175.65,176.65,171.1,172.5,9374083
2009-09-16 00:00:00+05:30,180.3,180.3,170.95,173.1,8892973
2009-09-17 00:00:00+05:30,173.2,176.5,173.2,174.55,7274054
2009-09-18 00:00:00+05:30,173.2,176.55,173.2,175.3,10963308
2009-09-22 00:00:00+05:30,173.7,177.0,172.55,174.0,9022321
2009-09-23 00:00:00+05:30,174.0,176.95,174.0,175.0,6396854
2009-09-24 00:00:00+05:30,175.65,176.2,171.0,173.2,21345163
2009-09-25 00:00:00+05:30,166.15,175.2,140.75,174.3,5919255
2009-09-29 00:00:00+05:30,175.0,180.15,174.0,179.2,7798562
2009-09-30 00:00:00+05:30,179.55,182.9,175.25,176.5,15531346
2009-10-01 00:00:00+05:30,177.05,179.05,175.95,178.05,9375193
2009-10-05 00:00:00+05:30,176.25,177.4,174.45,176.2,4344225
2009-10-06 00:00:00+05:30,174.8,179.25,174.8,178.45,6601076
2009-10-07 00:00:00+05:30,179.25,181.5,177.4,178.2,4545615
2009-10-08 00:00:00+05:30,178.45,184.4,177.8,181.1,10103616
2009-10-09 00:00:00+05:30,180.75,185.1,180.75,183.8,8953087
2009-10-12 00:00:00+05:30,184.2,188.9,183.45,187.75,9024361
2009-10-14 00:00:00+05:30,190.15,191.9,188.35,190.15,5584815
2009-10-15 00:00:00+05:30,192.2,192.4,187.8,189.45,2741254
2009-10-16 00:00:00+05:30,188.3,190.95,186.2,187.65,2960626
2009-10-20 00:00:00+05:30,187.1,188.5,182.0,182.4,6951950
2009-10-21 00:00:00+05:30,182.4,183.0,177.0,177.55,6259004
2009-10-22 00:00:00+05:30,177.75,179.15,175.55,176.5,6566624
2009-10-23 00:00:00+05:30,178.0,178.55,175.95,177.15,5984649
2009-10-26 00:00:00+05:30,178.45,178.45,174.9,175.75,6497300
2009-10-27 00:00:00+05:30,174.7,178.4,174.2,175.4,5820711
2009-10-28 00:00:00+05:30,175.3,176.5,169.95,170.8,5293137
2009-10-29 00:00:00+05:30,170.2,177.15,169.95,175.3,7411916
2009-10-30 00:00:00+05:30,175.45,176.95,169.65,170.45,7565564
2009-11-03 00:00:00+05:30,172.45,173.5,167.15,168.45,5010789
2009-11-04 00:00:00+05:30,171.25,172.1,166.45,170.7,3638800
2009-11-05 00:00:00+05:30,169.0,175.3,167.05,173.65,5323797
2009-11-06 00:00:00+05:30,173.65,175.95,172.05,174.45,4812213
2009-11-09 00:00:00+05:30,172.35,176.4,172.35,175.75,3180112
2009-11-10 00:00:00+05:30,176.5,178.35,169.55,170.75,11239836
2009-11-11 00:00:00+05:30,170.75,174.45,169.85,173.25,4596243
2009-11-12 00:00:00+05:30,174.3,175.0,172.1,172.9,6229976
2009-11-13 00:00:00+05:30,173.35,181.4,171.4,178.35,13084289
2009-11-16 00:00:00+05:30,180.4,182.5,177.45,180.65,7458638
2009-11-17 00:00:00+05:30,180.75,181.5,174.8,176.7,5213439
2009-11-18 00:00:00+05:30,177.75,179.05,175.65,177.75,5616093
2009-11-19 00:00:00+05:30,178.4,178.4,174.45,175.3,3944458
2009-11-20 00:00:00+05:30,173.7,177.0,173.7,176.05,4840305
2009-11-23 00:00:00+05:30,177.9,179.85,176.05,178.7,3197374
2009-11-24 00:00:00+05:30,179.25,179.85,175.3,176.7,3696250
2009-11-25 00:00:00+05:30,176.65,178.8,176.25,177.75,3796408
2009-11-26 00:00:00+05:30,178.0,178.45,175.7,176.85,8156641
2009-11-27 00:00:00+05:30,171.1,181.4,168.7,175.5,6146474
2009-11-30 00:00:00+05:30,176.55,181.75,176.55,180.7,6747050
2009-12-01 00:00:00+05:30,181.4,182.95,179.6,180.4,4433295
2009-12-02 00:00:00+05:30,181.75,182.05,177.4,178.45,6027362
2009-12-03 00:00:00+05:30,178.8,183.0,178.4,180.75,5418471
2009-12-04 00:00:00+05:30,179.25,180.3,176.25,177.6,4503705
2009-12-07 00:00:00+05:30,178.2,178.4,176.05,177.6,3642724
2009-12-08 00:00:00+05:30,177.3,178.55,176.25,177.7,4071795
2009-12-09 00:00:00+05:30,177.75,179.1,176.65,177.75,3079828
2009-12-10 00:00:00+05:30,177.4,180.4,176.5,180.05,3300214
2009-12-11 00:00:00+05:30,180.0,181.6,177.85,179.2,5447907
2009-12-14 00:00:00+05:30,179.55,183.35,179.25,181.25,3939694
2009-12-15 00:00:00+05:30,182.05,182.05,178.95,179.85,2588830
2009-12-16 00:00:00+05:30,179.85,180.3,177.9,179.1,2450212
2009-12-17 00:00:00+05:30,179.25,182.85,177.75,180.85,3492112
2009-12-18 00:00:00+05:30,181.65,181.65,177.75,178.5,1731023
2009-12-21 00:00:00+05:30,180.1,180.1,176.65,177.4,2443918
2009-12-22 00:00:00+05:30,177.05,177.05,173.65,174.9,3786334
2009-12-23 00:00:00+05:30,175.6,179.2,174.45,177.6,3519268
2009-12-24 00:00:00+05:30,178.2,180.95,177.6,180.4,4212099
2009-12-29 00:00:00+05:30,180.4,181.55,177.0,177.95,6547934
2009-12-30 00:00:00+05:30,179.1,179.1,176.5,176.9,2315992
2009-12-31 00:00:00+05:30,177.4,178.35,176.7,177.4,4365291
2010-01-04 00:00:00+05:30,177.3,179.7,177.15,178.85,1905761
2010-01-05 00:00:00+05:30,179.55,183.0,179.15,182.0,4657389
2010-01-06 00:00:00+05:30,182.55,184.8,181.8,184.3,4203687
2010-01-07 00:00:00+05:30,183.9,186.0,182.25,184.45,6394532
2010-01-08 00:00:00+05:30,184.5,186.55,182.25,183.15,5678649
2010-01-11 00:00:00+05:30,185.35,185.7,182.7,183.25,5078043
2010-01-12 00:00:00+05:30,181.65,183.35,178.8,179.4,3932950
2010-01-13 00:00:00+05:30,179.1,181.75,177.75,180.05,3194176
2010-01-14 00:00:00+05:30,181.05,187.8,180.3,185.55,8584279
2010-01-15 00:00:00+05:30,185.55,186.4,181.1,182.2,8546695
2010-01-18 00:00:00+05:30,182.05,184.2,180.9,182.6,3182248
2010-01-19 00:00:00+05:30,182.55,183.35,178.95,180.25,5830437
2010-01-20 00:00:00+05:30,181.05,183.0,174.45,174.9,8113309
2010-01-21 00:00:00+05:30,175.5,177.25,170.4,171.7,5594187
2010-01-22 00:00:00+05:30,170.15,170.15,165.7,167.9,10479756
2010-01-25 00:00:00+05:30,168.85,169.75,165.8,168.85,3368644
2010-01-27 00:00:00+05:30,167.9,168.4,166.15,167.0,3637744
2010-01-28 00:00:00+05:30,168.55,170.75,161.95,166.1,9457555
2010-01-29 00:00:00+05:30,165.9,168.7,164.25,165.1,4827711
2010-02-01 00:00:00+05:30,163.6,166.95,163.6,165.95,2698372
2010-02-02 00:00:00+05:30,167.15,168.7,164.5,166.45,4362105
2010-02-03 00:00:00+05:30,167.25,171.9,166.75,170.8,3031384
2010-02-04 00:00:00+05:30,171.7,174.0,169.5,171.65,12828689
2010-02-05 00:00:00+05:30,168.3,169.75,162.8,163.85,6177248
2010-02-08 00:00:00+05:30,163.4,169.4,161.8,168.45,4135305
2010-02-09 00:00:00+05:30,168.45,170.05,165.95,166.6,2701570
2010-02-10 00:00:00+05:30,167.35,168.55,163.4,163.75,5141853
2010-02-11 00:00:00+05:30,171.25,171.25,164.35,165.75,3333346
2010-02-15 00:00:00+05:30,165.85,166.5,162.4,163.95,2329150
2010-02-16 00:00:00+05:30,165.65,167.15,162.95,166.2,2439058
2010-02-17 00:00:00+05:30,167.8,168.55,164.95,165.65,3398440
2010-02-18 00:00:00+05:30,160.4,167.0,160.4,166.25,3234784
2010-02-19 00:00:00+05:30,164.9,168.0,163.85,167.15,3820996
2010-02-22 00:00:00+05:30,167.15,168.7,166.0,166.8,3981496
2010-02-23 00:00:00+05:30,166.2,166.75,164.5,165.95,3667072
2010-02-24 00:00:00+05:30,166.45,166.8,163.6,165.9,2067652
2010-02-25 00:00:00+05:30,165.9,168.05,164.25,167.15,2657374
2010-02-26 00:00:00+05:30,168.0,170.75,164.9,168.35,5019591
2010-03-02 00:00:00+05:30,168.7,171.5,166.15,167.0,5567301
2010-03-03 00:00:00+05:30,167.65,168.2,164.0,165.85,5705271
2010-03-04 00:00:00+05:30,164.5,167.0,164.25,164.9,6390644
2010-03-05 00:00:00+05:30,167.15,167.15,164.35,164.8,8786617
2010-03-08 00:00:00+05:30,166.45,166.8,165.45,165.8,6550688
2010-03-09 00:00:00+05:30,166.1,166.45,164.35,165.1,3563194
2010-03-10 00:00:00+05:30,164.35,165.5,163.1,164.0,7231274
2010-03-11 00:00:00+05:30,164.65,164.65,162.25,163.25,4789887
2010-03-12 00:00:00+05:30,163.45,164.5,162.8,163.4,6732836
2010-03-15 00:00:00+05:30,163.4,163.8,160.45,161.1,2579188
2010-03-16 00:00:00+05:30,162.3,163.75,160.7,161.35,5840631
2010-03-17 00:00:00+05:30,162.5,163.25,161.15,161.7,4512117
2010-03-18 00:00:00+05:30,162.35,162.35,158.2,158.75,7020338
2010-03-19 00:00:00+05:30,159.35,160.15,157.45,159.15,4986021
2010-03-22 00:00:00+05:30,158.7,161.0,157.65,159.55,4146249
2010-03-23 00:00:00+05:30,160.05,161.8,159.4,161.05,5168451
2010-03-25 00:00:00+05:30,161.0,161.15,158.3,159.15,6617798
2010-03-26 00:00:00+05:30,159.7,163.25,159.7,162.6,7182116
2010-03-29 00:00:00+05:30,163.3,165.55,162.15,164.65,2926798
2010-03-30 00:00:00+05:30,165.15,167.5,164.5,165.25,3564892
2010-03-31 00:00:00+05:30,165.4,167.35,163.95,165.5,6004676
2010-04-01 00:00:00+05:30,165.85,166.75,162.6,163.35,3007354
2010-04-05 00:00:00+05:30,164.65,167.15,163.2,165.2,2521852
2010-04-06 00:00:00+05:30,165.2,165.2,162.4,163.4,3079732
2010-04-07 00:00:00+05:30,164.75,165.05,162.4,163.1,2997646
2010-04-08 00:00:00+05:30,163.7,163.7,159.2,159.95,5050779
2010-04-09 00:00:00+05:30,159.85,161.55,159.75,160.3,2996086
2010-04-12 00:00:00+05:30,161.9,161.95,157.4,158.55,2432764
2010-04-13 00:00:00+05:30,158.25,159.7,156.3,156.65,4208103
2010-04-15 00:00:00+05:30,157.45,159.5,156.3,156.55,4682463
2010-04-16 00:00:00+05:30,156.75,156.9,154.9,155.35,2813410
2010-04-19 00:00:00+05:30,154.4,154.95,150.5,151.2,6449714
2010-04-20 00:00:00+05:30,152.7,153.65,150.7,150.95,5451657
2010-04-21 00:00:00+05:30,151.4,152.65,150.6,152.1,4207665
2010-04-22 00:00:00+05:30,151.55,154.85,150.05,152.85,6750656
2010-04-23 00:00:00+05:30,152.7,154.35,151.85,153.3,4125789
2010-04-26 00:00:00+05:30,151.4,154.95,150.9,153.3,2957920
2010-04-27 00:00:00+05:30,154.65,158.05,153.0,157.4,4901769
2010-04-28 00:00:00+05:30,156.6,157.9,154.55,156.6,3393616
2010-04-29 00:00:00+05:30,156.9,158.45,155.65,157.7,4176483
2010-04-30 00:00:00+05:30,158.2,159.9,155.75,158.85,12740567
2010-05-03 00:00:00+05:30,158.2,159.45,157.2,157.85,3243478
2010-05-04 00:00:00+05:30,157.95,159.3,156.55,157.2,2261566
2010-05-05 00:00:00+05:30,155.95,157.2,153.5,155.3,2686312
2010-05-06 00:00:00+05:30,155.15,158.15,153.85,157.05,4716897
2010-05-07 00:00:00+05:30,154.45,159.95,154.45,157.35,6830804
2010-05-10 00:00:00+05:30,158.7,158.8,156.1,158.3,3745858
2010-05-11 00:00:00+05:30,158.15,158.15,153.8,155.1,6134342
2010-05-12 00:00:00+05:30,155.9,156.1,154.05,154.8,4782963
2010-05-13 00:00:00+05:30,155.15,158.4,154.8,157.55,7500008
2010-05-14 00:00:00+05:30,157.55,158.95,156.6,157.35,5117967
2010-05-17 00:00:00+05:30,155.2,156.45,153.65,154.65,3254050
2010-05-18 00:00:00+05:30,156.2,159.2,153.7,158.4,2941516
2010-05-19 00:00:00+05:30,159.2,159.2,152.45,154.45,9495067
2010-05-20 00:00:00+05:30,160.4,172.05,160.4,168.45,31212800
2010-05-21 00:00:00+05:30,155.75,169.75,155.75,164.85,14380690
2010-05-24 00:00:00+05:30,166.45,170.2,162.0,162.95,4973865
2010-05-25 00:00:00+05:30,162.95,164.0,159.7,162.65,8610919
2010-05-26 00:00:00+05:30,164.9,167.15,159.7,161.15,22784370
2010-05-27 00:00:00+05:30,161.0,171.75,161.0,169.15,15848716
2010-05-28 00:00:00+05:30,170.8,172.45,168.85,170.5,6260426
2010-05-31 00:00:00+05:30,171.75,177.4,170.9,175.9,10406514
2010-06-01 00:00:00+05:30,176.25,177.9,171.75,172.55,3918934
2010-06-02 00:00:00+05:30,172.9,179.0,172.8,178.1,13053221
2010-06-03 00:00:00+05:30,178.95,183.0,178.95,182.4,7253072
2010-06-04 00:00:00+05:30,184.05,185.3,178.45,179.2,15500752
2010-06-07 00:00:00+05:30,177.75,181.9,175.75,177.6,8072341
2010-06-08 00:00:00+05:30,175.95,176.95,174.1,175.35,6225386
2010-06-09 00:00:00+05:30,176.85,181.95,175.95,179.3,9912217
2010-06-10 00:00:00+05:30,180.75,181.5,177.55,179.05,4463199
2010-06-11 00:00:00+05:30,180.75,181.4,176.7,177.75,10551024
2010-06-14 00:00:00+05:30,181.55,181.55,176.85,180.3,4780389
2010-06-15 00:00:00+05:30,180.5,181.4,174.8,175.7,7128746
2010-06-16 00:00:00+05:30,175.95,177.6,173.7,175.4,6838250
2010-06-17 00:00:00+05:30,175.2,179.25,174.9,178.65,3829252
2010-06-18 00:00:00+05:30,172.15,180.15,172.15,179.7,4833087
2010-06-21 00:00:00+05:30,180.75,182.8,179.25,181.45,6540284
2010-06-22 00:00:00+05:30,180.75,182.4,178.95,180.3,5033895
2010-06-23 00:00:00+05:30,179.25,181.65,179.2,179.85,3253840
2010-06-24 00:00:00+05:30,180.9,182.35,177.1,179.15,7286666
2010-06-25 00:00:00+05:30,179.55,194.4,178.65,190.3,23538072
2010-06-28 00:00:00+05:30,190.1,200.55,190.1,196.55,23743488
2010-06-29 00:00:00+05:30,195.8,198.1,192.8,196.7,11901840
2010-06-30 00:00:00+05:30,194.35,199.9,194.35,198.95,13854455
2010-07-01 00:00:00+05:30,198.95,202.9,195.35,196.2,13328375
2010-07-02 00:00:00+05:30,195.9,199.65,195.9,196.75,5945949
2010-07-05 00:00:00+05:30,195.4,197.35,193.15,193.6,3951622
2010-07-06 00:00:00+05:30,192.45,195.65,192.45,194.8,4904103
2010-07-07 00:00:00+05:30,195.6,195.6,190.5,190.65,5186913
2010-07-08 00:00:00+05:30,192.45,195.5,191.8,193.65,5412177
2010-07-09 00:00:00+05:30,193.65,196.4,193.0,194.9,6772952
2010-07-12 00:00:00+05:30,196.4,196.4,192.05,192.5,6248858
2010-07-13 00:00:00+05:30,193.45,194.4,191.45,192.35,5065209
2010-07-14 00:00:00+05:30,193.5,194.1,189.05,189.6,8188921
2010-07-15 00:00:00+05:30,190.25,191.45,185.6,186.3,8100373
2010-07-16 00:00:00+05:30,184.25,190.1,183.8,189.6,8592055
2010-07-19 00:00:00+05:30,189.0,190.5,187.7,189.65,3253018
2010-07-20 00:00:00+05:30,189.65,191.2,188.65,189.65,4290429
2010-07-21 00:00:00+05:30,190.5,192.2,188.9,191.6,4300059
2010-07-22 00:00:00+05:30,191.6,193.05,189.5,192.45,3270118
2010-07-23 00:00:00+05:30,192.45,193.25,189.1,189.8,3512860
2010-07-26 00:00:00+05:30,190.5,190.65,188.1,189.1,3239188
2010-07-27 00:00:00+05:30,189.8,191.65,189.6,190.2,2750626
2010-07-28 00:00:00+05:30,189.8,192.75,189.05,189.75,5236173
2010-07-29 00:00:00+05:30,187.65,190.7,183.75,187.75,15344008
2010-07-30 00:00:00+05:30,186.75,188.2,183.85,186.85,7286048
2010-08-02 00:00:00+05:30,186.75,193.45,186.75,192.45,4191711
2010-08-03 00:00:00+05:30,194.35,194.35,190.75,191.55,5408685
2010-08-04 00:00:00+05:30,192.05,192.45,189.5,190.25,4071339
2010-08-05 00:00:00+05:30,184.95,191.2,184.95,187.15,5340495
2010-08-06 00:00:00+05:30,184.4,187.8,181.95,185.45,5066001
2010-08-09 00:00:00+05:30,186.75,190.5,184.3,185.7,5460753
2010-08-10 00:00:00+05:30,186.7,187.05,184.15,186.05,4457451
2010-08-11 00:00:00+05:30,186.75,188.15,184.95,186.4,6289718
2010-08-12 00:00:00+05:30,186.0,192.0,185.15,190.75,7668092
2010-08-13 00:00:00+05:30,190.85,194.05,190.85,192.4,5054385
2010-08-16 00:00:00+05:30,192.05,193.2,189.95,191.4,2064040
2010-08-17 00:00:00+05:30,190.1,192.15,187.8,189.65,2001424
2010-08-18 00:00:00+05:30,189.9,196.3,187.65,193.45,8320981
2010-08-19 00:00:00+05:30,194.05,195.2,190.1,190.8,2795224
2010-08-20 00:00:00+05:30,190.25,192.8,188.5,189.65,2250118
2010-08-23 00:00:00+05:30,188.9,195.4,188.55,193.3,4469313
2010-08-24 00:00:00+05:30,193.7,194.5,190.5,191.7,5260749
2010-08-25 00:00:00+05:30,192.05,194.2,190.55,192.3,4110339
2010-08-26 00:00:00+05:30,192.45,195.55,192.15,194.35,7195538
2010-08-27 00:00:00+05:30,195.15,200.9,193.1,198.55,9813781
2010-08-30 00:00:00+05:30,200.5,204.85,199.6,202.45,11828832
2010-08-31 00:00:00+05:30,201.85,203.3,200.2,201.45,6250040
2010-09-01 00:00:00+05:30,203.25,204.05,200.7,201.65,4029261
2010-09-02 00:00:00+05:30,202.6,204.7,198.8,199.05,5363229
2010-09-03 00:00:00+05:30,200.8,202.4,199.4,201.7,4640757
2010-09-06 00:00:00+05:30,200.65,206.65,198.8,203.45,6508814
2010-09-07 00:00:00+05:30,204.45,205.55,202.35,203.9,7104698
2010-09-08 00:00:00+05:30,202.65,205.55,201.85,204.2,6399512
2010-09-09 00:00:00+05:30,202.6,204.7,200.75,204.25,4766205
2010-09-13 00:00:00+05:30,207.85,209.2,205.8,208.25,6572402
2010-09-14 00:00:00+05:30,208.6,212.9,205.8,210.3,8322997
2010-09-15 00:00:00+05:30,210.9,218.9,210.2,211.95,15575146
2010-09-16 00:00:00+05:30,212.35,215.7,210.0,210.85,5001771
2010-09-17 00:00:00+05:30,212.35,214.3,209.2,210.45,7716152
2010-09-20 00:00:00+05:30,211.6,214.05,210.9,211.5,6851876
2010-09-21 00:00:00+05:30,211.75,213.3,210.45,211.45,5398809
2010-09-22 00:00:00+05:30,212.35,213.7,210.15,211.3,5038275
2010-09-23 00:00:00+05:30,212.35,215.95,211.6,214.6,9012415
2010-09-24 00:00:00+05:30,215.7,218.05,213.0,216.45,6950906
2010-09-27 00:00:00+05:30,217.7,220.95,216.8,219.6,6416924
2010-09-28 00:00:00+05:30,217.4,221.85,217.4,219.65,6123836
2010-09-29 00:00:00+05:30,220.95,220.95,213.3,214.1,4641459
2010-09-30 00:00:00+05:30,214.65,214.9,208.25,211.45,10107276
2010-10-01 00:00:00+05:30,211.85,214.75,210.6,211.6,10126596
2010-10-04 00:00:00+05:30,212.25,217.6,209.35,210.05,7828394
2010-10-05 00:00:00+05:30,203.95,212.05,203.95,209.45,4812789
2010-10-06 00:00:00+05:30,212.2,212.2,208.25,208.65,6158258
2010-10-07 00:00:00+05:30,208.65,210.95,206.85,208.5,6203234
2010-10-08 00:00:00+05:30,209.35,210.15,204.1,205.2,4711791
2010-10-11 00:00:00+05:30,208.55,208.55,203.85,205.05,4175913
2010-10-12 00:00:00+05:30,206.6,206.6,202.75,204.85,4837329
2010-10-13 00:00:00+05:30,205.9,209.3,204.95,207.9,7617494
2010-10-14 00:00:00+05:30,208.3,209.0,203.3,204.15,3243052
2010-10-15 00:00:00+05:30,206.35,206.35,200.6,201.9,4364955
2010-10-18 00:00:00+05:30,201.9,206.95,198.9,205.5,6438482
2010-10-19 00:00:00+05:30,206.5,207.05,201.7,203.4,5381235
2010-10-20 00:00:00+05:30,203.05,205.7,201.85,203.4,1889987
2010-10-21 00:00:00+05:30,204.55,206.5,202.2,204.9,5013063
2010-10-22 00:00:00+05:30,205.9,206.15,201.55,202.4,2689534
2010-10-25 00:00:00+05:30,204.9,205.1,202.4,202.9,5148699
2010-10-26 00:00:00+05:30,204.1,204.1,198.8,199.45,5765181
2010-10-27 00:00:00+05:30,199.25,199.35,194.4,195.6,5111037
2010-10-28 00:00:00+05:30,197.0,200.15,194.55,196.4,13989647
2010-10-29 00:00:00+05:30,199.95,199.95,194.35,196.4,4452243
2010-11-01 00:00:00+05:30,199.4,200.8,197.35,198.7,2571856
2010-11-02 00:00:00+05:30,198.85,201.05,197.8,200.4,2180068
2010-11-03 00:00:00+05:30,201.5,202.9,200.05,200.4,4693917
2010-11-04 00:00:00+05:30,202.3,208.3,200.2,206.15,5213733
2010-11-05 00:00:00+05:30,207.85,209.35,206.5,207.8,1009889
2010-11-08 00:00:00+05:30,210.3,210.3,202.35,203.4,7205396
2010-11-09 00:00:00+05:30,204.4,205.85,200.4,201.45,5196573
2010-11-10 00:00:00+05:30,201.85,203.75,201.85,203.05,2055862
2010-11-11 00:00:00+05:30,203.3,203.95,197.45,198.5,5053791
2010-11-12 00:00:00+05:30,199.25,199.9,195.05,196.55,6405992
2010-11-15 00:00:00+05:30,196.55,200.05,194.4,198.0,2820922
2010-11-16 00:00:00+05:30,199.85,199.85,192.25,194.8,3510382
2010-11-18 00:00:00+05:30,199.55,199.55,188.55,193.15,5800599
2010-11-19 00:00:00+05:30,194.2,194.2,188.45,190.35,2874442
2010-11-22 00:00:00+05:30,189.8,196.55,187.6,195.35,4750707
2010-11-23 00:00:00+05:30,194.35,195.05,188.05,191.7,5386167
2010-11-24 00:00:00+05:30,192.8,193.2,186.0,187.9,3377416
2010-11-25 00:00:00+05:30,187.95,190.65,181.65,184.8,8742103
2010-11-26 00:00:00+05:30,186.0,188.2,179.55,186.9,5960673
2010-11-29 00:00:00+05:30,188.7,188.7,184.7,187.25,2647792
2010-11-30 00:00:00+05:30,187.4,188.25,184.7,187.6,4231425
2010-12-01 00:00:00+05:30,188.3,196.4,187.75,193.75,5444127
2010-12-02 00:00:00+05:30,201.2,204.05,196.55,197.95,11644158
2010-12-03 00:00:00+05:30,198.8,200.8,197.35,198.75,7572446
2010-12-06 00:00:00+05:30,201.05,201.2,198.55,198.9,3349336
2010-12-07 00:00:00+05:30,200.35,202.75,199.55,201.5,8844919
2010-12-08 00:00:00+05:30,202.6,205.4,201.85,202.65,11054442
2010-12-09 00:00:00+05:30,203.6,204.25,195.0,199.05,7655114
2010-12-10 00:00:00+05:30,200.2,200.3,198.15,199.15,5738211
2010-12-13 00:00:00+05:30,200.2,200.95,198.55,200.05,5770617
2010-12-14 00:00:00+05:30,201.2,202.1,199.75,200.65,3887494
2010-12-15 00:00:00+05:30,202.15,202.4,197.25,199.35,4209093
2010-12-16 00:00:00+05:30,200.9,201.5,196.4,200.35,11786370
2010-12-20 00:00:00+05:30,198.8,199.4,195.2,196.5,8097565
2010-12-21 00:00:00+05:30,197.0,197.35,195.2,196.0,3671032
2010-12-22 00:00:00+05:30,197.0,198.55,196.25,196.55,3879688
2010-12-23 00:00:00+05:30,197.6,197.6,194.6,195.85,3540874
2010-12-24 00:00:00+05:30,193.1,195.8,193.1,195.0,2734642
2010-12-27 00:00:00+05:30,195.5,196.55,195.05,195.75,2787532
2010-12-28 00:00:00+05:30,195.8,195.8,193.8,194.35,2639920
2010-12-29 00:00:00+05:30,195.65,196.7,194.4,196.35,3858490
2010-12-30 00:00:00+05:30,196.55,196.55,193.55,195.0,5010015
2010-12-31 00:00:00+05:30,194.35,196.2,193.45,194.05,4598451
2011-01-03 00:00:00+05:30,196.4,196.4,194.4,194.7,3086236
2011-01-04 00:00:00+05:30,195.1,195.4,193.45,193.9,4576773
2011-01-05 00:00:00+05:30,194.2,194.2,189.55,190.7,5421075
2011-01-06 00:00:00+05:30,191.2,191.4,183.25,184.85,9529837
2011-01-07 00:00:00+05:30,184.5,185.9,180.75,181.65,5663577
2011-01-10 00:00:00+05:30,181.05,182.2,175.9,176.9,7110404
2011-01-11 00:00:00+05:30,177.3,182.15,176.25,178.45,6439046
2011-01-12 00:00:00+05:30,179.25,182.4,172.95,178.75,14537032
2011-01-13 00:00:00+05:30,178.45,182.05,176.25,181.0,6794282
2011-01-14 00:00:00+05:30,181.75,183.0,176.5,177.6,4032969
2011-01-17 00:00:00+05:30,177.0,178.8,174.45,176.25,4277547
2011-01-18 00:00:00+05:30,176.3,177.15,174.25,176.3,5204787
2011-01-19 00:00:00+05:30,176.4,178.4,174.0,174.55,4172199
2011-01-20 00:00:00+05:30,172.45,174.35,169.0,170.85,9200101
2011-01-21 00:00:00+05:30,170.5,171.55,166.15,166.5,8752771
2011-01-24 00:00:00+05:30,168.4,172.35,167.0,171.45,4333935
2011-01-25 00:00:00+05:30,172.05,173.15,167.15,170.3,5506869
2011-01-27 00:00:00+05:30,171.55,172.45,167.15,167.8,6659534
2011-01-28 00:00:00+05:30,169.45,172.45,168.15,170.65,6497324
2011-01-31 00:00:00+05:30,172.2,183.3,172.15,177.4,17166897
2011-02-01 00:00:00+05:30,179.45,180.5,176.45,177.3,8898523
2011-02-02 00:00:00+05:30,178.4,182.25,177.3,177.95,11149224
2011-02-03 00:00:00+05:30,178.2,180.65,176.7,180.05,8452225
2011-02-04 00:00:00+05:30,180.05,185.75,178.8,179.55,14437492
2011-02-07 00:00:00+05:30,180.75,183.5,179.25,179.9,12533957
2011-02-08 00:00:00+05:30,180.75,181.4,167.7,169.95,6873974
2011-02-09 00:00:00+05:30,170.85,173.15,163.9,165.25,4901859
2011-02-10 00:00:00+05:30,165.05,170.45,163.9,164.8,5458603
2011-02-11 00:00:00+05:30,164.0,168.15,159.7,166.9,4595265
2011-02-14 00:00:00+05:30,169.4,171.05,166.5,168.4,4115780
2011-02-15 00:00:00+05:30,168.45,172.25,165.7,170.25,3585196
2011-02-16 00:00:00+05:30,169.3,171.1,167.55,168.45,3972223
2011-02-17 00:00:00+05:30,169.75,169.75,166.45,167.4,2999697
2011-02-18 00:00:00+05:30,167.75,168.35,160.85,161.75,5878114
2011-02-21 00:00:00+05:30,162.4,167.1,159.05,166.35,6438173
2011-02-22 00:00:00+05:30,166.85,166.85,161.2,163.9,6039481
2011-02-23 00:00:00+05:30,164.3,165.7,162.7,163.6,4505486
2011-02-24 00:00:00+05:30,162.3,163.25,157.45,159.65,12898316
2011-02-25 00:00:00+05:30,160.8,161.9,156.65,157.95,3928432
2011-02-28 00:00:00+05:30,158.85,165.7,158.45,162.85,10273334
2011-03-01 00:00:00+05:30,164.5,166.05,162.25,165.05,4917807
2011-03-03 00:00:00+05:30,164.75,166.1,160.95,162.55,4893672
2011-03-04 00:00:00+05:30,162.1,163.35,160.85,162.0,4100436
2011-03-07 00:00:00+05:30,160.35,160.75,157.9,158.95,3115480
2011-03-08 00:00:00+05:30,158.75,164.5,158.75,164.1,5202172
2011-03-09 00:00:00+05:30,164.5,165.65,160.4,163.45,6751718
2011-03-10 00:00:00+05:30,163.25,167.75,160.9,166.35,4974464
2011-03-11 00:00:00+05:30,166.3,172.0,165.2,169.75,8258838
2011-03-14 00:00:00+05:30,170.6,172.35,168.45,169.1,4226472
2011-03-15 00:00:00+05:30,166.65,168.9,162.7,163.35,5363731
2011-03-16 00:00:00+05:30,164.95,166.75,162.95,163.8,4696910
2011-03-17 00:00:00+05:30,162.55,166.25,161.8,164.15,2309041
2011-03-18 00:00:00+05:30,166.15,166.25,161.55,162.7,2932276
2011-03-21 00:00:00+05:30,164.5,164.65,160.95,162.6,1839323
2011-03-22 00:00:00+05:30,163.35,164.65,161.0,163.6,2535306
2011-03-23 00:00:00+05:30,163.55,165.0,162.4,164.3,2107995
2011-03-24 00:00:00+05:30,164.9,165.15,163.9,164.5,3487643
2011-03-25 00:00:00+05:30,166.8,167.25,163.9,166.25,6411238
2011-03-28 00:00:00+05:30,166.05,169.6,165.1,168.2,7339992
2011-03-29 00:00:00+05:30,168.65,172.1,168.4,171.05,5875003
2011-03-30 00:00:00+05:30,171.75,174.7,169.0,170.15,5266099
2011-03-31 00:00:00+05:30,170.45,177.3,170.45,175.5,9499859
2011-04-01 00:00:00+05:30,176.25,178.1,174.7,176.55,4220571
2011-04-04 00:00:00+05:30,177.15,180.15,175.5,179.55,3014998
2011-04-05 00:00:00+05:30,180.55,182.8,176.65,178.65,4413612
2011-04-06 00:00:00+05:30,178.35,182.55,178.2,179.6,8120818
2011-04-07 00:00:00+05:30,180.65,181.4,174.9,175.7,7120733
2011-04-08 00:00:00+05:30,176.2,176.5,171.95,173.15,4940471
2011-04-11 00:00:00+05:30,174.05,174.1,168.2,170.45,4788317
2011-04-13 00:00:00+05:30,168.45,175.05,167.85,174.1,5266887
2011-04-15 00:00:00+05:30,173.9,174.1,169.75,172.35,4361025
2011-04-18 00:00:00+05:30,173.9,176.35,172.45,173.15,4304642
2011-04-19 00:00:00+05:30,172.35,175.65,170.6,174.45,3437047
2011-04-20 00:00:00+05:30,175.1,178.95,175.1,177.9,4385250
2011-04-21 00:00:00+05:30,178.3,184.2,178.3,183.3,5906077
2011-04-25 00:00:00+05:30,184.3,185.95,182.0,182.8,3177346
2011-04-26 00:00:00+05:30,183.2,183.9,179.05,183.1,3934585
2011-04-27 00:00:00+05:30,184.35,188.0,183.75,187.65,7441950
2011-04-28 00:00:00+05:30,189.8,192.35,188.05,191.45,13472031
2011-04-29 00:00:00+05:30,191.25,196.25,183.55,185.5,9647053
2011-05-02 00:00:00+05:30,186.15,187.95,181.75,182.8,5406624
2011-05-03 00:00:00+05:30,182.5,184.65,176.25,177.1,4491450
2011-05-04 00:00:00+05:30,177.95,188.55,175.95,186.55,9973844
2011-05-05 00:00:00+05:30,187.4,190.25,185.05,186.7,9541871
2011-05-06 00:00:00+05:30,188.0,189.75,183.0,183.9,8068261
2011-05-09 00:00:00+05:30,184.95,185.5,179.7,183.3,6130358
2011-05-10 00:00:00+05:30,184.0,188.15,183.0,183.35,5807151
2011-05-11 00:00:00+05:30,181.95,184.6,179.65,180.95,4694636
2011-05-12 00:00:00+05:30,180.45,183.7,179.35,181.9,3684308
2011-05-13 00:00:00+05:30,182.75,187.1,182.75,183.6,4778637
2011-05-16 00:00:00+05:30,184.85,185.8,178.1,178.9,11482771
2011-05-17 00:00:00+05:30,178.95,179.4,166.05,167.1,22836236
2011-05-18 00:00:00+05:30,168.5,170.15,164.3,165.05,9724793
2011-05-19 00:00:00+05:30,166.85,168.0,164.0,167.3,4509182
2011-05-20 00:00:00+05:30,168.7,171.25,161.15,165.0,15459449
2011-05-23 00:00:00+05:30,166.15,166.15,159.15,161.1,8455617
2011-05-24 00:00:00+05:30,161.9,162.35,158.45,160.1,6349111
2011-05-25 00:00:00+05:30,160.4,160.4,157.5,158.15,3169967
2011-05-26 00:00:00+05:30,159.2,166.5,158.1,165.35,13454903
2011-05-27 00:00:00+05:30,165.5,171.65,165.5,170.45,7671545
2011-05-30 00:00:00+05:30,171.7,172.5,165.85,167.2,4577289
2011-05-31 00:00:00+05:30,165.05,170.6,162.9,169.3,8772267
2011-06-01 00:00:00+05:30,170.5,171.25,167.65,169.65,2953698
2011-06-02 00:00:00+05:30,168.4,172.1,167.75,169.35,4074741
2011-06-03 00:00:00+05:30,169.45,171.05,167.9,168.7,2435161
2011-06-06 00:00:00+05:30,167.55,168.55,165.9,166.25,2154444
2011-06-07 00:00:00+05:30,165.7,167.15,164.5,166.5,4568360
2011-06-08 00:00:00+05:30,165.05,165.5,162.1,162.65,8586991
2011-06-09 00:00:00+05:30,162.6,163.25,159.4,159.8,6987823
2011-06-10 00:00:00+05:30,160.25,161.3,159.1,160.75,4565843
2011-06-13 00:00:00+05:30,160.35,162.9,159.15,162.1,4547258
2011-06-14 00:00:00+05:30,162.6,165.05,162.4,162.6,4987097
2011-06-15 00:00:00+05:30,163.25,163.4,160.15,161.7,3563632
2011-06-16 00:00:00+05:30,161.5,163.15,160.4,162.2,2627770
2011-06-17 00:00:00+05:30,160.85,161.3,158.45,160.2,2922288
2011-06-20 00:00:00+05:30,158.45,162.3,153.95,154.4,5156965
2011-06-21 00:00:00+05:30,155.95,157.65,149.45,154.3,9843877
2011-06-22 00:00:00+05:30,155.6,159.3,151.95,157.1,5804274
2011-06-23 00:00:00+05:30,156.6,162.2,155.6,159.45,5468868
2011-06-24 00:00:00+05:30,162.1,165.95,162.1,164.4,9431788
2011-06-27 00:00:00+05:30,173.85,179.25,170.8,171.2,28569885
2011-06-28 00:00:00+05:30,173.25,174.2,169.6,171.6,8229480
2011-06-29 00:00:00+05:30,173.05,173.6,166.7,168.3,7492190
2011-06-30 00:00:00+05:30,167.5,167.9,164.65,165.2,10160771
2011-07-01 00:00:00+05:30,175.3,175.3,165.7,166.5,11798130
2011-07-04 00:00:00+05:30,167.25,168.35,165.45,167.0,5513422
2011-07-05 00:00:00+05:30,167.5,168.9,165.7,166.55,5814304
2011-07-06 00:00:00+05:30,165.7,167.3,163.5,164.35,5576220
2011-07-07 00:00:00+05:30,164.65,166.55,164.3,165.65,6020822
2011-07-08 00:00:00+05:30,166.7,169.05,166.25,166.95,4215762
2011-07-11 00:00:00+05:30,166.85,169.95,165.85,169.3,4722701
2011-07-12 00:00:00+05:30,168.65,171.1,167.5,169.7,3991450
2011-07-13 00:00:00+05:30,170.25,174.0,170.25,172.9,8344690
2011-07-14 00:00:00+05:30,172.6,173.85,169.6,170.7,4133052
2011-07-15 00:00:00+05:30,169.6,171.55,167.15,168.1,2715805
2011-07-18 00:00:00+05:30,168.7,168.7,166.25,166.8,2526733
2011-07-19 00:00:00+05:30,167.9,167.9,165.9,166.65,2738166
2011-07-20 00:00:00+05:30,167.15,168.65,165.25,165.8,2011542
2011-07-21 00:00:00+05:30,165.95,168.0,165.6,166.85,2821684
2011-07-22 00:00:00+05:30,168.55,169.85,167.15,168.45,3529582
2011-07-25 00:00:00+05:30,168.15,170.1,166.95,168.65,5466027
2011-07-26 00:00:00+05:30,170.15,170.15,166.15,166.75,4196825
2011-07-27 00:00:00+05:30,168.7,168.95,165.7,166.45,2811826
2011-07-28 00:00:00+05:30,164.6,168.65,164.6,167.0,5818950
2011-07-29 00:00:00+05:30,166.3,166.3,161.75,162.3,7263626
2011-08-01 00:00:00+05:30,163.35,165.7,161.8,164.65,4697511
2011-08-02 00:00:00+05:30,164.95,167.15,163.65,166.55,5526288
2011-08-03 00:00:00+05:30,165.2,169.0,164.55,166.85,4537235
2011-08-04 00:00:00+05:30,167.75,168.6,163.95,164.6,2597491
2011-08-05 00:00:00+05:30,160.85,168.65,160.85,166.9,8423602
2011-08-08 00:00:00+05:30,162.7,172.15,162.2,170.55,9839998
2011-08-09 00:00:00+05:30,169.95,174.8,168.15,172.0,9296128
2011-08-10 00:00:00+05:30,174.35,174.35,167.2,168.4,4869501
2011-08-11 00:00:00+05:30,166.35,168.65,166.0,167.2,2319922
2011-08-12 00:00:00+05:30,168.7,171.55,166.8,168.2,6378677
2011-08-16 00:00:00+05:30,167.85,172.25,163.7,164.65,2287384
2011-08-17 00:00:00+05:30,164.5,170.05,164.5,166.95,3672016
2011-08-18 00:00:00+05:30,168.65,169.0,165.05,166.45,5046468
2011-08-19 00:00:00+05:30,164.65,169.25,163.9,166.3,7088444
2011-08-22 00:00:00+05:30,166.05,174.0,165.35,172.55,5935702
2011-08-23 00:00:00+05:30,172.9,173.5,167.35,167.8,4570299
2011-08-24 00:00:00+05:30,168.35,170.2,167.1,168.1,4186497
2011-08-25 00:00:00+05:30,169.6,173.3,168.45,170.15,9978674
2011-08-26 00:00:00+05:30,169.6,172.0,166.45,167.45,4341851
2011-08-29 00:00:00+05:30,168.7,170.05,164.8,165.65,5656909
2011-08-30 00:00:00+05:30,165.1,165.65,156.6,158.6,10830630
2011-09-02 00:00:00+05:30,163.9,164.7,157.0,158.95,7815431
2011-09-05 00:00:00+05:30,158.45,159.1,153.45,154.75,10391600
2011-09-06 00:00:00+05:30,153.8,157.9,153.65,157.2,14100793
2011-09-07 00:00:00+05:30,157.25,159.1,156.9,158.2,8604583
2011-09-08 00:00:00+05:30,158.45,158.65,155.85,157.35,6144644
2011-09-09 00:00:00+05:30,157.9,158.9,157.25,158.0,6416303
2011-09-12 00:00:00+05:30,156.2,160.3,156.1,157.3,8182087
2011-09-13 00:00:00+05:30,157.4,158.35,154.55,155.5,5936707
2011-09-14 00:00:00+05:30,156.05,157.6,154.4,157.1,7956021
2011-09-15 00:00:00+05:30,158.2,158.2,155.25,157.0,6970264
2011-09-16 00:00:00+05:30,162.6,169.0,162.6,165.5,20314465
2011-09-19 00:00:00+05:30,165.65,168.25,161.6,162.4,7946804
2011-09-20 00:00:00+05:30,162.55,162.55,156.45,157.55,17563534
2011-09-21 00:00:00+05:30,159.3,160.0,156.6,157.25,9434332
2011-09-22 00:00:00+05:30,156.2,158.35,154.85,155.35,7829690
2011-09-23 00:00:00+05:30,154.4,157.15,153.8,155.35,7303808
2011-09-26 00:00:00+05:30,155.45,156.05,152.55,153.5,5279824
2011-09-27 00:00:00+05:30,156.1,156.85,154.05,156.15,4711932
2011-09-28 00:00:00+05:30,157.7,158.55,156.15,158.25,8717383
2011-09-29 00:00:00+05:30,157.85,163.75,157.25,161.85,7264509
2011-09-30 00:00:00+05:30,161.3,161.4,157.6,160.4,6946054
2011-10-03 00:00:00+05:30,158.45,162.8,158.2,161.5,6750091
2011-10-04 00:00:00+05:30,161.45,162.5,157.9,159.05,5362314
2011-10-05 00:00:00+05:30,158.6,162.1,158.45,159.0,3037216
2011-10-07 00:00:00+05:30,162.05,163.5,156.45,159.35,6302098
2011-10-10 00:00:00+05:30,158.75,165.65,158.7,165.25,3719902
2011-10-11 00:00:00+05:30,163.35,165.0,160.95,161.65,4777620
2011-10-12 00:00:00+05:30,162.2,163.8,160.75,163.0,2783821
2011-10-13 00:00:00+05:30,164.5,165.65,159.1,159.55,4512489
2011-10-14 00:00:00+05:30,159.15,161.75,158.45,160.65,4292900
2011-10-17 00:00:00+05:30,161.3,163.6,160.7,162.4,2907057
2011-10-18 00:00:00+05:30,160.9,163.5,158.45,158.85,4357544
2011-10-19 00:00:00+05:30,159.45,162.55,158.45,161.55,3116780
2011-10-20 00:00:00+05:30,160.55,161.55,158.7,160.55,2939842
2011-10-21 00:00:00+05:30,161.1,161.45,158.75,159.95,2319717
2011-10-24 00:00:00+05:30,162.55,167.1,160.9,166.5,4961166
2011-10-25 00:00:00+05:30,167.45,167.75,164.95,166.8,9242165
2011-10-28 00:00:00+05:30,169.3,177.6,168.85,171.6,5957503
2011-10-31 00:00:00+05:30,171.75,171.8,166.45,167.25,3269257
2011-11-01 00:00:00+05:30,166.05,169.25,166.05,167.35,1883078
2011-11-02 00:00:00+05:30,166.8,170.35,166.35,168.05,2398771
2011-11-03 00:00:00+05:30,166.85,168.55,163.4,167.45,3250444
2011-11-04 00:00:00+05:30,169.8,170.85,166.1,166.75,6048176
2011-11-08 00:00:00+05:30,172.35,173.55,166.85,167.35,6170596
2011-11-09 00:00:00+05:30,168.55,168.55,163.0,163.35,3595070
2011-11-11 00:00:00+05:30,162.6,163.9,159.25,160.1,5486424
2011-11-14 00:00:00+05:30,160.5,162.15,156.6,157.35,3114602
2011-11-15 00:00:00+05:30,157.9,159.85,155.05,155.95,3469478
2011-11-16 00:00:00+05:30,155.45,159.6,154.6,158.45,3574466
2011-11-17 00:00:00+05:30,159.35,159.6,153.85,155.0,2699469
2011-11-18 00:00:00+05:30,154.05,160.0,151.45,156.45,4369076
2011-11-21 00:00:00+05:30,157.25,157.9,150.95,151.9,2441679
2011-11-22 00:00:00+05:30,152.5,154.75,150.45,151.75,3698252
2011-11-23 00:00:00+05:30,150.65,151.85,145.65,148.55,5790333
2011-11-24 00:00:00+05:30,148.4,155.45,147.0,153.65,6572176
2011-11-25 00:00:00+05:30,152.95,152.95,149.5,151.8,3995671
2011-11-28 00:00:00+05:30,152.5,158.2,152.1,157.7,1929722
2011-11-29 00:00:00+05:30,158.45,158.8,154.1,156.05,4400391
2011-11-30 00:00:00+05:30,153.7,162.55,153.7,160.65,3802979
2011-12-01 00:00:00+05:30,164.55,167.35,159.2,160.45,3726115
2011-12-02 00:00:00+05:30,160.45,162.5,157.5,161.55,6333305
2011-12-05 00:00:00+05:30,161.5,162.6,158.7,162.3,2532786
2011-12-07 00:00:00+05:30,161.95,165.05,160.95,164.65,2970328
2011-12-08 00:00:00+05:30,164.1,164.95,159.8,160.65,2320758
2011-12-09 00:00:00+05:30,158.15,160.4,156.75,157.5,2231758
2011-12-12 00:00:00+05:30,158.0,160.25,154.0,155.05,3607637
2011-12-13 00:00:00+05:30,154.45,155.65,152.2,153.9,3822890
2011-12-14 00:00:00+05:30,153.35,154.8,151.2,151.9,3553433
2011-12-15 00:00:00+05:30,150.65,152.85,149.45,151.3,7229760
2011-12-16 00:00:00+05:30,151.3,156.35,148.35,150.75,3192583
2011-12-19 00:00:00+05:30,150.75,150.75,147.5,148.85,3580654
2011-12-20 00:00:00+05:30,151.5,153.65,149.85,152.4,3812734
2011-12-21 00:00:00+05:30,154.25,158.25,152.8,157.35,2322898
2011-12-22 00:00:00+05:30,154.25,159.9,154.25,159.4,1895196
2011-12-23 00:00:00+05:30,160.85,160.85,156.45,157.9,1876217
2011-12-26 00:00:00+05:30,156.9,158.65,156.65,158.2,1216526
2011-12-27 00:00:00+05:30,158.3,159.05,156.75,158.3,1222835
2011-12-28 00:00:00+05:30,158.35,158.65,156.45,157.35,1055051
2011-12-29 00:00:00+05:30,157.5,158.4,154.4,155.35,4003431
2011-12-30 00:00:00+05:30,154.6,158.35,153.65,154.55,2755953
2012-01-02 00:00:00+05:30,155.15,158.4,154.5,155.65,1790126
2012-01-03 00:00:00+05:30,157.3,159.35,156.45,158.5,2231455
2012-01-04 00:00:00+05:30,159.05,161.2,157.3,160.65,3473707
2012-01-05 00:00:00+05:30,161.75,162.6,157.25,157.75,4615844
2012-01-06 00:00:00+05:30,154.5,155.7,152.8,154.05,3933238
2012-01-09 00:00:00+05:30,156.1,156.1,152.55,154.95,2710368
2012-01-10 00:00:00+05:30,158.45,158.45,155.55,157.35,4653021
2012-01-11 00:00:00+05:30,157.85,157.85,155.65,156.45,1858989
2012-01-12 00:00:00+05:30,157.5,157.9,154.55,155.35,2859685
2012-01-13 00:00:00+05:30,156.55,157.25,154.75,156.45,1984115
2012-01-16 00:00:00+05:30,156.6,157.2,154.1,154.4,2694249
2012-01-17 00:00:00+05:30,154.8,158.7,153.75,157.95,5307018
2012-01-18 00:00:00+05:30,158.7,162.5,157.3,161.65,4757963
2012-01-19 00:00:00+05:30,162.6,165.2,159.7,163.8,3625943
2012-01-20 00:00:00+05:30,163.65,167.45,162.4,166.25,4354356
2012-01-23 00:00:00+05:30,166.85,167.75,164.5,165.95,2255710
2012-01-24 00:00:00+05:30,165.95,167.35,163.8,165.2,2776473
2012-01-25 00:00:00+05:30,166.55,166.75,163.05,164.25,5481358
2012-01-27 00:00:00+05:30,167.5,168.75,153.15,167.7,4544760
2012-01-30 00:00:00+05:30,165.7,170.4,165.1,166.25,3695224
2012-01-31 00:00:00+05:30,167.5,169.5,165.5,166.35,4007270
2012-02-01 00:00:00+05:30,164.6,165.85,162.1,164.2,5360697
2012-02-02 00:00:00+05:30,164.85,168.4,164.85,166.4,8067523
2012-02-03 00:00:00+05:30,167.5,170.8,164.75,169.7,4541210
2012-02-06 00:00:00+05:30,169.95,171.7,167.85,170.7,7470978
2012-02-07 00:00:00+05:30,170.0,173.25,168.35,172.45,6976949
2012-02-08 00:00:00+05:30,172.25,172.35,168.0,170.6,9903749
2012-02-09 00:00:00+05:30,167.8,170.9,166.15,169.5,6999554
2012-02-10 00:00:00+05:30,169.95,173.85,168.2,169.75,5784487
2012-02-13 00:00:00+05:30,171.4,172.45,168.45,169.2,4227966
2012-02-14 00:00:00+05:30,168.15,168.95,166.05,166.35,5943187
2012-02-15 00:00:00+05:30,167.8,171.6,166.45,168.2,8879649
2012-02-16 00:00:00+05:30,168.4,170.95,166.9,169.5,3467698
2012-02-17 00:00:00+05:30,170.5,175.05,168.55,169.45,7068093
2012-02-21 00:00:00+05:30,170.5,177.4,170.5,175.85,9868655
2012-02-22 00:00:00+05:30,177.55,183.35,174.15,176.35,10356899
2012-02-23 00:00:00+05:30,177.95,178.8,173.1,174.95,13679709
2012-02-24 00:00:00+05:30,177.05,177.15,169.4,171.45,6790396
2012-02-27 00:00:00+05:30,171.45,173.5,167.05,169.3,6020465
2012-02-28 00:00:00+05:30,170.5,172.35,167.5,170.75,8681097
2012-02-29 00:00:00+05:30,178.35,179.85,175.75,176.65,13358153
2012-03-01 00:00:00+05:30,177.65,178.6,171.75,173.65,14292915
2012-03-02 00:00:00+05:30,171.4,172.0,166.45,169.55,9254024
2012-03-05 00:00:00+05:30,168.65,172.35,166.55,170.95,3603701
2012-03-06 00:00:00+05:30,171.45,174.1,169.3,170.25,4164815
2012-03-07 00:00:00+05:30,170.4,170.95,167.15,168.1,4510304
2012-03-09 00:00:00+05:30,170.5,171.2,168.6,170.45,10807695
2012-03-12 00:00:00+05:30,171.7,171.7,166.75,167.25,4181399
2012-03-13 00:00:00+05:30,168.4,173.9,167.9,173.25,4701792
2012-03-14 00:00:00+05:30,174.8,177.75,172.65,177.0,5296918
2012-03-15 00:00:00+05:30,176.85,176.9,171.55,172.65,3735043
2012-03-16 00:00:00+05:30,171.35,174.3,161.9,164.5,14344728
2012-03-19 00:00:00+05:30,162.6,165.95,160.85,164.3,5588509
2012-03-20 00:00:00+05:30,163.9,165.1,162.95,164.1,3659444
2012-03-21 00:00:00+05:30,164.1,165.0,162.1,163.6,4656890
2012-03-22 00:00:00+05:30,164.15,166.25,162.6,163.0,4109699
2012-03-23 00:00:00+05:30,163.9,164.15,160.05,161.1,3314035
2012-03-26 00:00:00+05:30,162.1,162.6,157.1,157.8,3494353
2012-03-27 00:00:00+05:30,158.5,161.15,156.1,160.0,4504238
2012-03-28 00:00:00+05:30,160.35,160.35,154.5,155.3,5274933
2012-03-29 00:00:00+05:30,154.8,159.55,153.0,156.85,10555802
2012-03-30 00:00:00+05:30,157.25,162.75,156.45,161.7,6058573
2012-04-02 00:00:00+05:30,162.05,163.8,159.7,162.55,3339431
2012-04-03 00:00:00+05:30,163.8,165.9,162.75,164.65,3705961
2012-04-04 00:00:00+05:30,165.25,166.25,164.15,165.25,2692072
2012-04-09 00:00:00+05:30,163.6,165.0,160.9,162.0,2381142
2012-04-10 00:00:00+05:30,162.45,162.8,158.1,159.45,2732761
2012-04-11 00:00:00+05:30,158.45,161.15,157.6,159.1,5059570
2012-04-12 00:00:00+05:30,160.55,160.65,157.1,157.3,5794957
2012-04-13 00:00:00+05:30,157.9,159.55,155.2,157.1,4120116
2012-04-16 00:00:00+05:30,156.75,157.9,155.65,156.15,1646175
2012-04-17 00:00:00+05:30,156.6,162.9,154.85,162.15,4822518
2012-04-18 00:00:00+05:30,162.3,164.65,162.2,163.45,2334999
2012-04-19 00:00:00+05:30,163.35,164.75,162.1,164.1,2013235
2012-04-20 00:00:00+05:30,163.9,166.0,159.35,160.85,2865480
2012-04-23 00:00:00+05:30,159.9,163.2,159.5,161.4,3069479
2012-04-24 00:00:00+05:30,160.4,162.6,159.4,161.7,2985907
2012-04-25 00:00:00+05:30,161.9,162.55,158.55,159.45,2160859
2012-04-26 00:00:00+05:30,160.7,160.7,158.1,159.15,2775768
2012-04-27 00:00:00+05:30,159.7,160.75,157.05,158.3,1441832
2012-04-30 00:00:00+05:30,158.3,163.25,158.3,162.65,2271093
2012-05-02 00:00:00+05:30,161.85,162.85,159.8,161.15,5296042
2012-05-03 00:00:00+05:30,159.8,160.9,158.35,159.8,2309151
2012-05-04 00:00:00+05:30,160.05,161.65,155.75,156.3,2926039
2012-05-07 00:00:00+05:30,155.35,158.35,154.4,157.0,4735959
2012-05-08 00:00:00+05:30,157.9,158.45,154.95,155.6,3643523
2012-05-09 00:00:00+05:30,154.55,155.9,152.7,154.3,4255532
2012-05-10 00:00:00+05:30,154.8,157.6,154.3,156.3,4436628
2012-05-11 00:00:00+05:30,154.75,155.4,151.85,153.05,2214801
2012-05-14 00:00:00+05:30,151.85,152.95,149.1,151.65,3508934
2012-05-15 00:00:00+05:30,150.05,152.35,149.1,150.15,2627301
2012-05-16 00:00:00+05:30,148.8,151.9,148.55,149.4,2910474
2012-05-17 00:00:00+05:30,149.2,150.85,146.1,148.25,4082327
2012-05-18 00:00:00+05:30,146.75,150.5,146.25,149.8,3729127
2012-05-21 00:00:00+05:30,148.45,150.85,148.05,148.55,2508546
2012-05-22 00:00:00+05:30,149.8,151.2,147.0,147.6,3288986
2012-05-23 00:00:00+05:30,147.65,148.15,144.65,146.7,2918629
2012-05-24 00:00:00+05:30,151.95,156.3,149.55,155.25,7995110
2012-05-25 00:00:00+05:30,153.15,156.45,152.0,154.85,2975521
2012-05-28 00:00:00+05:30,155.15,155.4,152.15,152.9,1300307
2012-05-29 00:00:00+05:30,153.6,155.2,152.9,154.5,2367384
2012-05-30 00:00:00+05:30,157.0,157.6,150.65,151.9,4065233
2012-05-31 00:00:00+05:30,150.65,153.35,149.6,152.55,5782890
2012-06-01 00:00:00+05:30,151.2,153.35,147.85,148.35,2703040
2012-06-04 00:00:00+05:30,148.7,153.55,147.15,153.05,3503624
2012-06-05 00:00:00+05:30,153.65,153.9,151.95,152.85,2225629
2012-06-06 00:00:00+05:30,153.0,158.45,153.0,156.8,4158419
2012-06-07 00:00:00+05:30,157.85,159.65,155.75,158.6,4262672
2012-06-08 00:00:00+05:30,157.45,157.8,153.7,155.75,5749851
2012-06-11 00:00:00+05:30,157.5,157.75,153.15,154.1,6389864
2012-06-12 00:00:00+05:30,154.25,158.45,153.25,157.55,4089722
2012-06-13 00:00:00+05:30,157.9,162.55,156.2,161.9,4906319
2012-06-14 00:00:00+05:30,162.1,162.5,159.15,161.4,2468806
2012-06-15 00:00:00+05:30,162.1,165.0,159.6,160.35,10850634
2012-06-18 00:00:00+05:30,161.2,161.8,157.65,158.5,3166175
2012-06-19 00:00:00+05:30,157.65,162.6,157.65,161.2,3794587
2012-06-20 00:00:00+05:30,162.3,165.3,161.5,164.25,4561329
2012-06-21 00:00:00+05:30,163.9,167.8,163.1,165.85,5356638
2012-06-22 00:00:00+05:30,164.35,168.75,163.65,168.4,3351488
2012-06-25 00:00:00+05:30,168.55,169.95,162.8,164.3,2616394
2012-06-26 00:00:00+05:30,163.7,168.7,163.7,167.05,3435772
2012-06-27 00:00:00+05:30,167.8,168.15,164.55,167.0,3733009
2012-06-28 00:00:00+05:30,166.45,168.3,166.05,167.45,2382909
2012-06-29 00:00:00+05:30,168.15,172.2,167.8,171.65,6152276
2012-07-02 00:00:00+05:30,171.7,174.7,168.35,172.45,2355031
2012-07-03 00:00:00+05:30,173.2,176.65,173.0,175.0,4687562
2012-07-04 00:00:00+05:30,175.05,175.3,169.55,171.45,5453659
2012-07-05 00:00:00+05:30,171.1,171.65,166.7,167.8,7983914
2012-07-06 00:00:00+05:30,168.7,168.7,164.85,167.9,6506711
2012-07-09 00:00:00+05:30,166.9,168.9,166.45,167.45,2614330
2012-07-10 00:00:00+05:30,168.15,169.95,166.15,168.4,4286915
2012-07-11 00:00:00+05:30,166.75,168.65,165.85,167.45,3025792
2012-07-12 00:00:00+05:30,166.05,170.75,166.05,170.2,5442226
2012-07-13 00:00:00+05:30,169.05,172.35,169.05,171.8,3576155
2012-07-16 00:00:00+05:30,171.15,173.7,170.25,172.95,2892850
2012-07-17 00:00:00+05:30,173.65,174.7,170.6,171.05,3456319
2012-07-18 00:00:00+05:30,172.35,174.0,171.1,172.0,4647660
2012-07-19 00:00:00+05:30,171.75,173.15,170.5,171.5,4340810
2012-07-20 00:00:00+05:30,171.6,171.9,168.55,169.85,2221776
2012-07-23 00:00:00+05:30,168.55,171.45,166.3,169.6,2401993
2012-07-24 00:00:00+05:30,171.05,173.35,169.25,171.3,3326158
2012-07-25 00:00:00+05:30,171.1,171.3,168.4,171.0,1782914
2012-07-26 00:00:00+05:30,172.1,172.1,164.85,166.55,3598486
2012-07-27 00:00:00+05:30,169.85,170.15,164.6,167.2,3386366
2012-07-30 00:00:00+05:30,167.5,168.7,165.2,166.75,3062429
2012-07-31 00:00:00+05:30,167.0,174.35,167.0,172.35,4127381
2012-08-01 00:00:00+05:30,173.25,173.4,168.3,168.8,3051277
2012-08-02 00:00:00+05:30,168.45,169.25,166.05,166.8,2898220
2012-08-03 00:00:00+05:30,166.3,169.6,166.05,169.05,2567272
2012-08-06 00:00:00+05:30,169.05,170.5,167.95,169.6,2847769
2012-08-07 00:00:00+05:30,168.85,171.35,168.7,170.45,4368753
2012-08-08 00:00:00+05:30,170.0,170.75,166.85,169.8,3154739
2012-08-09 00:00:00+05:30,169.95,170.95,167.95,168.55,1835667
2012-08-10 00:00:00+05:30,168.7,170.75,167.55,168.1,3693128
2012-08-13 00:00:00+05:30,171.7,175.15,168.3,169.0,7386936
2012-08-14 00:00:00+05:30,169.3,173.35,168.7,172.15,3885199
2012-08-16 00:00:00+05:30,172.75,173.3,170.35,171.25,3767726
2012-08-17 00:00:00+05:30,170.65,172.45,168.85,169.95,1854546
2012-08-21 00:00:00+05:30,169.35,173.6,169.35,172.95,1744493
2012-08-22 00:00:00+05:30,171.9,174.3,171.45,172.45,2342107
2012-08-23 00:00:00+05:30,171.75,172.85,168.95,169.75,2383512
2012-08-24 00:00:00+05:30,170.5,174.0,169.4,172.8,3207065
2012-08-27 00:00:00+05:30,172.4,174.5,171.8,173.15,1903850
2012-08-28 00:00:00+05:30,172.6,174.4,168.2,169.4,3751129
2012-08-29 00:00:00+05:30,168.75,169.5,164.45,166.0,3020321
2012-08-30 00:00:00+05:30,166.3,168.2,164.65,166.25,7728909
2012-08-31 00:00:00+05:30,166.9,168.15,162.75,166.25,6537503
2012-09-03 00:00:00+05:30,166.65,168.4,163.4,164.15,2459878
2012-09-04 00:00:00+05:30,163.9,165.0,161.95,163.7,2158198
2012-09-05 00:00:00+05:30,162.1,165.95,161.8,164.65,3372589
2012-09-06 00:00:00+05:30,163.75,167.45,163.5,165.45,4292330
2012-09-07 00:00:00+05:30,167.85,170.2,165.1,166.15,4208307
2012-09-10 00:00:00+05:30,166.85,168.35,166.55,167.75,3044461
2012-09-11 00:00:00+05:30,166.4,169.6,166.4,167.2,5004064
2012-09-12 00:00:00+05:30,166.7,169.65,166.7,168.8,2514355
2012-09-13 00:00:00+05:30,168.15,172.35,168.15,170.45,3670436
2012-09-14 00:00:00+05:30,176.05,177.15,168.7,169.95,9040153
2012-09-17 00:00:00+05:30,171.1,172.5,168.4,169.2,5910118
2012-09-18 00:00:00+05:30,168.75,170.7,168.25,169.15,7126628
2012-09-20 00:00:00+05:30,168.25,172.55,168.25,171.8,3706687
2012-09-21 00:00:00+05:30,172.35,178.95,170.85,177.4,12622553
2012-09-24 00:00:00+05:30,176.75,177.75,172.35,173.0,7173137
2012-09-25 00:00:00+05:30,173.6,174.5,170.05,171.0,7418618
2012-09-26 00:00:00+05:30,170.05,171.05,168.9,169.8,5126392
2012-09-27 00:00:00+05:30,170.25,170.9,165.3,165.85,11353864
2012-09-28 00:00:00+05:30,167.8,169.6,166.9,169.2,6105502
2012-10-01 00:00:00+05:30,168.7,169.15,166.3,167.45,3235646
2012-10-03 00:00:00+05:30,168.7,169.95,167.8,169.3,6397045
2012-10-04 00:00:00+05:30,170.5,173.05,170.25,171.2,3715247
2012-10-05 00:00:00+05:30,170.7,173.8,137.05,173.05,6982774
2012-10-08 00:00:00+05:30,174.1,174.1,168.95,170.0,3809554
2012-10-09 00:00:00+05:30,170.1,171.3,168.15,169.2,2937591
2012-10-10 00:00:00+05:30,168.15,168.35,165.75,166.15,3002408
2012-10-11 00:00:00+05:30,166.45,169.6,166.3,168.65,3442097
2012-10-12 00:00:00+05:30,168.25,169.85,166.35,166.95,3150340
2012-10-15 00:00:00+05:30,168.0,168.85,166.2,168.6,1523153
2012-10-16 00:00:00+05:30,169.55,171.65,167.15,168.25,2133756
2012-10-17 00:00:00+05:30,168.95,169.45,167.5,168.65,1823931
2012-10-18 00:00:00+05:30,168.7,169.75,167.65,168.0,2988934
2012-10-19 00:00:00+05:30,167.8,168.9,165.4,168.4,4932201
2012-10-22 00:00:00+05:30,166.9,168.7,166.9,167.75,1799552
2012-10-23 00:00:00+05:30,166.9,167.75,165.75,166.35,2040088
2012-10-25 00:00:00+05:30,167.9,169.05,166.1,166.65,5292403
2012-10-26 00:00:00+05:30,165.8,166.65,164.5,165.45,1343496
2012-10-29 00:00:00+05:30,165.05,166.8,164.7,165.0,1254857
2012-10-30 00:00:00+05:30,164.1,165.5,162.6,164.5,4266372
2012-10-31 00:00:00+05:30,163.7,164.5,160.0,161.8,7336293
2012-11-01 00:00:00+05:30,160.5,161.5,158.65,159.6,8134573
2012-11-02 00:00:00+05:30,161.65,161.65,159.35,160.15,6702130
2012-11-05 00:00:00+05:30,159.4,161.15,159.05,160.65,3195182
2012-11-06 00:00:00+05:30,160.85,162.45,159.55,161.1,4004513
2012-11-07 00:00:00+05:30,160.4,161.5,160.25,160.7,3732079
2012-11-08 00:00:00+05:30,159.05,161.05,159.05,159.85,3269297
2012-11-09 00:00:00+05:30,158.45,159.6,153.9,154.9,6739991
2012-11-12 00:00:00+05:30,154.3,155.75,153.1,154.0,2519184
2012-11-13 00:00:00+05:30,154.3,154.95,153.7,154.6,448139
2012-11-15 00:00:00+05:30,153.65,154.55,151.65,152.7,4830798
2012-11-16 00:00:00+05:30,151.9,156.3,151.9,155.4,6014195
2012-11-19 00:00:00+05:30,154.45,155.85,152.55,153.05,3759862
2012-11-20 00:00:00+05:30,153.1,154.2,151.1,151.85,3113813
2012-11-21 00:00:00+05:30,151.25,152.7,150.95,152.25,2301132
2012-11-22 00:00:00+05:30,152.0,152.7,150.95,151.3,2795169
2012-11-23 00:00:00+05:30,150.95,152.1,149.95,151.35,2070081
2012-11-26 00:00:00+05:30,152.9,152.9,150.4,150.65,2834974
2012-11-27 00:00:00+05:30,152.2,153.1,149.75,150.5,6580568
2012-11-29 00:00:00+05:30,150.95,153.35,150.65,152.9,8961087
2012-11-30 00:00:00+05:30,153.1,160.65,153.1,159.65,6604561
2012-12-03 00:00:00+05:30,159.7,160.0,157.45,158.0,3357209
2012-12-04 00:00:00+05:30,158.2,161.2,157.4,159.85,6459134
2012-12-05 00:00:00+05:30,160.4,162.1,159.4,161.3,2539425
2012-12-06 00:00:00+05:30,161.35,162.45,158.6,161.9,2067571
2012-12-07 00:00:00+05:30,161.5,162.35,159.05,161.35,2786070
2012-12-10 00:00:00+05:30,163.25,163.25,160.15,160.45,2110074
2012-12-11 00:00:00+05:30,161.15,161.5,157.35,158.85,3814498
2012-12-12 00:00:00+05:30,158.85,159.05,156.1,156.45,4510454
2012-12-13 00:00:00+05:30,156.9,157.45,155.05,156.45,4682774
2012-12-14 00:00:00+05:30,157.2,157.2,154.4,156.35,3715772
2012-12-17 00:00:00+05:30,154.95,159.0,154.95,155.35,4979418
2012-12-18 00:00:00+05:30,156.1,157.0,153.75,154.4,4984817
2012-12-19 00:00:00+05:30,156.45,159.95,155.6,159.45,7883171
2012-12-20 00:00:00+05:30,160.45,160.45,158.45,159.75,4762571
2012-12-21 00:00:00+05:30,159.6,159.6,156.6,157.35,7102173
2012-12-24 00:00:00+05:30,156.05,156.05,153.8,154.35,2247705
2012-12-26 00:00:00+05:30,155.45,156.45,154.0,155.2,5100049
2012-12-27 00:00:00+05:30,156.35,158.6,154.6,156.1,11673082
2012-12-28 00:00:00+05:30,156.65,160.85,156.65,160.2,7232948
2012-12-31 00:00:00+05:30,160.2,162.05,160.2,161.5,4193339
2013-01-01 00:00:00+05:30,162.2,162.5,160.35,161.25,1273254
2013-01-02 00:00:00+05:30,161.8,166.1,161.65,165.45,4745685
2013-01-03 00:00:00+05:30,166.25,169.1,165.7,168.55,6323066
2013-01-04 00:00:00+05:30,168.4,173.7,167.9,171.6,11615383
2013-01-07 00:00:00+05:30,173.5,174.7,172.45,173.5,5731456
2013-01-08 00:00:00+05:30,173.0,175.75,170.8,174.8,5334006
2013-01-09 00:00:00+05:30,175.75,177.75,172.9,176.05,5295289
2013-01-10 00:00:00+05:30,177.75,182.55,177.75,182.1,14714931
2013-01-11 00:00:00+05:30,181.45,182.4,175.5,176.15,7226699
2013-01-14 00:00:00+05:30,175.65,185.15,174.6,183.9,8775495
2013-01-15 00:00:00+05:30,183.7,186.25,182.3,185.3,8116138
2013-01-16 00:00:00+05:30,184.35,186.7,182.3,183.05,5203339
2013-01-17 00:00:00+05:30,181.85,193.75,180.85,189.5,18682255
2013-01-18 00:00:00+05:30,192.5,213.9,192.25,203.45,35608680
2013-01-21 00:00:00+05:30,204.0,205.2,200.9,202.8,10597022
2013-01-22 00:00:00+05:30,201.5,205.0,200.5,203.25,7449494
2013-01-23 00:00:00+05:30,203.3,204.9,198.95,200.75,6934616
2013-01-24 00:00:00+05:30,207.55,212.95,199.75,202.65,17003904
2013-01-25 00:00:00+05:30,202.35,207.55,200.7,205.5,6570557
2013-01-28 00:00:00+05:30,206.2,207.1,200.45,201.8,7518869
2013-01-29 00:00:00+05:30,200.25,202.4,198.9,200.8,6089566
2013-01-30 00:00:00+05:30,201.85,204.5,199.2,203.95,7244558
2013-01-31 00:00:00+05:30,203.95,207.75,202.6,204.7,10061687
2013-02-01 00:00:00+05:30,204.0,206.35,198.5,200.2,7265514
2013-02-04 00:00:00+05:30,200.35,202.45,195.55,196.3,5835799
2013-02-05 00:00:00+05:30,195.75,197.75,194.95,196.25,4727840
2013-02-06 00:00:00+05:30,197.1,198.8,192.6,193.85,4024814
2013-02-07 00:00:00+05:30,192.95,195.1,191.4,192.7,2445646
2013-02-08 00:00:00+05:30,191.9,193.65,187.2,188.95,5349813
2013-02-11 00:00:00+05:30,189.2,189.2,184.95,185.8,3636707
2013-02-12 00:00:00+05:30,188.55,194.55,188.55,192.8,7503537
2013-02-13 00:00:00+05:30,192.85,196.55,192.8,194.9,7145207
2013-02-14 00:00:00+05:30,195.5,198.55,191.8,194.25,6058829
2013-02-15 00:00:00+05:30,192.6,196.25,191.65,194.4,4893420
2013-02-18 00:00:00+05:30,195.8,196.7,190.75,191.5,4731998
2013-02-19 00:00:00+05:30,192.25,200.05,190.35,198.65,4187426
2013-02-20 00:00:00+05:30,201.0,201.05,197.3,198.3,5831703
2013-02-21 00:00:00+05:30,197.6,198.35,192.45,194.1,5796037
2013-02-22 00:00:00+05:30,193.15,197.85,193.15,195.15,4370853
2013-02-25 00:00:00+05:30,194.5,195.45,189.9,191.5,4939100
2013-02-26 00:00:00+05:30,190.85,190.85,183.05,184.55,4364192
2013-02-27 00:00:00+05:30,185.7,191.55,180.9,189.95,6807170
2013-02-28 00:00:00+05:30,191.6,195.7,183.9,188.85,12032714
2013-03-01 00:00:00+05:30,188.5,192.45,184.35,189.75,6200782
2013-03-04 00:00:00+05:30,189.2,191.4,186.25,188.05,5542630
2013-03-05 00:00:00+05:30,188.25,192.25,186.6,190.75,6615422
2013-03-06 00:00:00+05:30,190.75,194.3,190.1,192.2,5749957
2013-03-07 00:00:00+05:30,190.65,194.05,189.55,192.95,4138905
2013-03-08 00:00:00+05:30,193.65,197.4,193.45,196.3,5992359
2013-03-11 00:00:00+05:30,196.9,198.8,194.75,195.8,5585454
2013-03-12 00:00:00+05:30,195.55,197.9,193.75,195.8,3865817
2013-03-13 00:00:00+05:30,193.85,195.25,190.25,190.85,4247681
2013-03-14 00:00:00+05:30,190.35,194.45,187.65,192.7,5512870
2013-03-15 00:00:00+05:30,194.05,196.3,191.65,192.3,4593179
2013-03-18 00:00:00+05:30,190.25,193.35,189.2,191.4,2937024
2013-03-19 00:00:00+05:30,190.5,192.15,180.75,186.65,7838367
2013-03-20 00:00:00+05:30,185.3,186.6,180.75,181.25,6270434
2013-03-21 00:00:00+05:30,181.7,183.5,177.15,179.6,5150026
2013-03-22 00:00:00+05:30,178.45,180.5,174.3,178.1,7219497
2013-03-25 00:00:00+05:30,182.25,187.4,181.25,183.15,7836983
2013-03-26 00:00:00+05:30,181.4,184.85,180.15,182.7,4286048
2013-03-28 00:00:00+05:30,182.8,189.2,181.6,187.65,6609541
2013-04-01 00:00:00+05:30,188.1,190.35,184.65,186.05,2230648
2013-04-02 00:00:00+05:30,185.05,191.9,184.65,191.1,3857276
2013-04-03 00:00:00+05:30,189.8,190.95,184.7,187.1,3372872
2013-04-04 00:00:00+05:30,186.75,189.65,183.9,185.4,4230932
2013-04-05 00:00:00+05:30,185.4,190.05,185.05,189.4,4302747
2013-04-08 00:00:00+05:30,189.8,191.85,187.65,188.45,3928150
2013-04-09 00:00:00+05:30,188.9,190.35,181.45,183.05,4350920
2013-04-10 00:00:00+05:30,183.45,183.75,178.1,182.45,6168239
2013-04-11 00:00:00+05:30,183.3,186.35,179.6,185.15,6457172
2013-04-12 00:00:00+05:30,183.75,187.0,183.15,186.05,2212933
2013-04-15 00:00:00+05:30,185.6,197.15,184.5,192.25,8500035
2013-04-16 00:00:00+05:30,193.1,200.55,192.8,200.0,7145601
2013-04-17 00:00:00+05:30,201.5,202.75,196.05,198.15,6483206
2013-04-18 00:00:00+05:30,196.45,202.7,195.9,201.4,4619808
2013-04-22 00:00:00+05:30,200.95,201.7,197.1,197.65,5141529
2013-04-23 00:00:00+05:30,199.95,199.95,193.15,196.65,4650719
2013-04-25 00:00:00+05:30,196.5,202.7,194.0,196.7,10452440
2013-04-26 00:00:00+05:30,196.4,199.25,194.5,195.3,3283456
2013-04-29 00:00:00+05:30,196.7,200.4,195.8,198.15,4057421
2013-04-30 00:00:00+05:30,198.25,198.65,190.55,196.8,5604574
2013-05-02 00:00:00+05:30,194.55,200.05,194.55,198.2,4491690
2013-05-03 00:00:00+05:30,197.0,199.25,194.35,195.05,2813605
2013-05-06 00:00:00+05:30,196.4,196.9,191.4,192.1,3397762
2013-05-07 00:00:00+05:30,194.0,194.05,191.9,192.75,3689245
2013-05-08 00:00:00+05:30,193.45,195.75,191.6,192.9,5236372
2013-05-09 00:00:00+05:30,192.85,194.9,192.35,193.75,2809545
2013-05-10 00:00:00+05:30,194.45,198.45,194.4,196.65,6119710
2013-05-13 00:00:00+05:30,198.3,198.8,192.9,193.35,3017264
2013-05-14 00:00:00+05:30,194.35,198.25,194.05,196.85,4032671
2013-05-15 00:00:00+05:30,197.6,202.85,197.0,201.9,7499607
2013-05-16 00:00:00+05:30,200.9,208.0,200.7,203.55,9114035
2013-05-17 00:00:00+05:30,204.25,206.35,203.4,205.25,5398693
2013-05-20 00:00:00+05:30,206.05,206.65,199.4,200.45,3948700
2013-05-21 00:00:00+05:30,201.85,203.65,196.4,196.85,5165008
2013-05-22 00:00:00+05:30,197.65,199.85,191.3,198.35,7879788
2013-05-23 00:00:00+05:30,196.15,201.1,196.15,197.7,7861272
2013-05-24 00:00:00+05:30,198.8,199.95,194.55,195.8,4442004
2013-05-27 00:00:00+05:30,196.55,198.05,193.1,197.0,4854212
2013-05-28 00:00:00+05:30,197.2,202.4,197.2,201.2,6193010
2013-05-29 00:00:00+05:30,202.75,203.05,200.3,201.8,5535036
2013-05-30 00:00:00+05:30,197.0,203.4,196.5,201.2,8016427
2013-05-31 00:00:00+05:30,199.45,201.5,195.45,197.55,6435487
2013-06-03 00:00:00+05:30,197.2,198.55,190.15,191.0,4447593
2013-06-04 00:00:00+05:30,191.6,194.5,190.1,191.7,4068077
2013-06-05 00:00:00+05:30,192.15,196.0,191.0,195.55,2240908
2013-06-06 00:00:00+05:30,195.2,195.9,192.95,195.15,3733229
2013-06-07 00:00:00+05:30,194.55,197.0,191.8,192.35,3237137
2013-06-10 00:00:00+05:30,194.0,195.4,191.5,193.45,2259280
2013-06-11 00:00:00+05:30,191.95,194.4,184.5,185.7,6212302
2013-06-12 00:00:00+05:30,185.7,188.55,185.05,186.3,3935144
2013-06-13 00:00:00+05:30,184.95,187.85,184.0,186.25,3903293
2013-06-14 00:00:00+05:30,187.8,189.9,185.75,187.55,5390377
2013-06-17 00:00:00+05:30,188.0,188.95,185.7,188.45,2341329
2013-06-18 00:00:00+05:30,188.05,188.4,184.4,185.45,2561841
2013-06-19 00:00:00+05:30,184.95,187.4,182.05,186.05,4459562
2013-06-20 00:00:00+05:30,184.05,184.35,179.35,180.4,5046342
2013-06-21 00:00:00+05:30,180.15,186.15,179.2,185.45,6561482
2013-06-24 00:00:00+05:30,184.95,185.8,178.4,180.0,5450644
2013-06-25 00:00:00+05:30,181.95,189.45,180.85,187.65,6400576
2013-06-26 00:00:00+05:30,189.55,189.8,184.4,185.85,5003163
2013-06-27 00:00:00+05:30,188.3,194.05,187.65,192.95,8777739
2013-06-28 00:00:00+05:30,207.85,212.75,194.8,199.45,32426827
2013-07-01 00:00:00+05:30,200.35,204.4,196.75,197.6,7180169
2013-07-02 00:00:00+05:30,197.8,200.3,193.5,193.95,6067715
2013-07-03 00:00:00+05:30,190.4,192.55,186.8,187.45,4606923
2013-07-04 00:00:00+05:30,187.55,189.8,183.8,186.25,4697210
2013-07-05 00:00:00+05:30,189.25,191.15,187.3,190.4,3267569
2013-07-08 00:00:00+05:30,189.8,190.3,182.15,183.1,5437600
2013-07-09 00:00:00+05:30,183.8,184.95,181.4,182.05,5228586
2013-07-10 00:00:00+05:30,181.25,183.35,177.4,178.4,5353510
2013-07-11 00:00:00+05:30,181.6,185.15,180.75,183.65,4641896
2013-07-12 00:00:00+05:30,185.95,186.05,176.45,178.65,8317906
2013-07-15 00:00:00+05:30,178.65,179.9,177.4,178.4,3200077
2013-07-16 00:00:00+05:30,177.1,183.0,176.5,180.55,6210575
2013-07-17 00:00:00+05:30,180.75,182.35,177.9,181.25,5967007
2013-07-18 00:00:00+05:30,181.7,190.9,181.7,189.6,7946757
2013-07-19 00:00:00+05:30,190.35,192.65,188.1,190.95,5671731
2013-07-22 00:00:00+05:30,189.55,190.9,184.4,185.2,3306268
2013-07-23 00:00:00+05:30,186.35,190.1,185.9,188.05,3292265
2013-07-24 00:00:00+05:30,186.9,190.65,184.5,185.8,3727102
2013-07-25 00:00:00+05:30,186.15,189.5,182.5,184.0,5676027
2013-07-26 00:00:00+05:30,187.4,187.4,181.85,182.9,2812408
2013-07-29 00:00:00+05:30,183.75,184.95,178.35,179.35,3360607
2013-07-30 00:00:00+05:30,180.6,181.2,168.2,169.1,5525134
2013-07-31 00:00:00+05:30,168.7,176.45,160.0,175.15,11224549
2013-08-01 00:00:00+05:30,176.55,178.8,165.75,168.05,7641030
2013-08-02 00:00:00+05:30,169.95,170.75,163.4,167.45,6141559
2013-08-05 00:00:00+05:30,167.0,169.6,164.3,166.5,3811124
2013-08-06 00:00:00+05:30,165.55,168.6,160.35,161.05,3710167
2013-08-07 00:00:00+05:30,162.3,164.95,161.55,164.35,7624055
2013-08-08 00:00:00+05:30,163.65,166.05,160.4,164.55,6221426
2013-08-12 00:00:00+05:30,166.25,169.15,163.9,167.55,6307066
2013-08-13 00:00:00+05:30,163.25,168.0,162.7,165.65,7323078
2013-08-14 00:00:00+05:30,166.05,175.9,165.1,174.0,10136247
2013-08-16 00:00:00+05:30,173.45,175.55,162.6,163.8,7270547
2013-08-19 00:00:00+05:30,162.7,164.25,151.55,157.85,5570683
2013-08-20 00:00:00+05:30,156.6,157.55,149.8,154.55,8385244
2013-08-21 00:00:00+05:30,156.6,159.45,150.65,151.0,8069328
2013-08-22 00:00:00+05:30,148.25,164.3,148.25,162.5,13443234
2013-08-23 00:00:00+05:30,162.8,168.55,159.15,166.7,9287701
2013-08-26 00:00:00+05:30,168.4,168.55,160.35,161.5,6519475
2013-08-27 00:00:00+05:30,159.85,160.35,154.8,156.25,6549134
2013-08-28 00:00:00+05:30,153.5,153.65,141.1,146.8,19302492
2013-08-29 00:00:00+05:30,150.05,151.2,147.05,149.85,10872660
2013-08-30 00:00:00+05:30,151.15,153.75,145.2,150.1,9591050
2013-09-02 00:00:00+05:30,153.6,153.6,149.15,151.45,3796379
2013-09-03 00:00:00+05:30,153.0,155.0,149.25,151.3,7790832
2013-09-04 00:00:00+05:30,150.75,157.65,148.05,155.05,5838246
2013-09-05 00:00:00+05:30,157.3,163.9,156.75,162.7,7173438
2013-09-06 00:00:00+05:30,163.75,175.75,162.25,173.7,8843751
2013-09-10 00:00:00+05:30,174.75,180.15,172.4,176.35,9793220
2013-09-11 00:00:00+05:30,176.45,176.65,170.6,174.3,5722171
2013-09-12 00:00:00+05:30,176.45,176.5,167.2,168.1,4587092
2013-09-13 00:00:00+05:30,166.25,171.45,165.45,170.35,4640852
2013-09-16 00:00:00+05:30,174.1,177.35,168.7,173.05,3781699
2013-09-17 00:00:00+05:30,172.9,173.85,166.25,168.5,5367988
2013-09-18 00:00:00+05:30,170.35,171.65,167.0,170.45,2755557
2013-09-19 00:00:00+05:30,174.7,182.25,172.85,180.25,6738151
2013-09-20 00:00:00+05:30,179.05,179.35,171.0,174.45,9888607
2013-09-23 00:00:00+05:30,173.1,174.0,165.6,166.15,4111154
2013-09-24 00:00:00+05:30,166.85,169.65,164.9,165.4,6857764
2013-09-25 00:00:00+05:30,166.3,169.25,163.9,168.4,7330808
2013-09-26 00:00:00+05:30,168.7,169.15,165.05,166.8,8012655
2013-09-27 00:00:00+05:30,168.35,169.25,164.4,165.3,5232849
2013-09-30 00:00:00+05:30,165.3,165.4,158.3,161.4,5936835
2013-10-01 00:00:00+05:30,162.6,162.7,157.2,158.1,7334258
2013-10-03 00:00:00+05:30,158.55,161.7,158.55,160.5,4466351
2013-10-04 00:00:00+05:30,160.35,162.6,158.1,159.5,5454888
2013-10-07 00:00:00+05:30,159.05,160.75,157.1,160.4,2733442
2013-10-08 00:00:00+05:30,160.85,162.55,160.35,162.0,3566786
2013-10-09 00:00:00+05:30,161.8,165.3,160.4,164.85,3509893
2013-10-10 00:00:00+05:30,164.85,166.1,163.25,164.85,3322921
2013-10-11 00:00:00+05:30,166.35,167.9,164.85,166.6,4150718
2013-10-14 00:00:00+05:30,164.75,167.4,164.75,166.05,2132557
2013-10-15 00:00:00+05:30,167.5,168.35,163.5,165.85,3451378
2013-10-17 00:00:00+05:30,166.85,171.1,166.45,169.35,5994727
2013-10-18 00:00:00+05:30,170.8,172.3,169.65,170.85,4757651
2013-10-21 00:00:00+05:30,171.1,172.55,169.8,171.9,3715658
2013-10-22 00:00:00+05:30,172.35,173.15,169.95,172.35,3187952
2013-10-23 00:00:00+05:30,172.35,172.9,168.35,170.1,3179578
2013-10-24 00:00:00+05:30,170.1,174.1,169.4,171.0,3710747
2013-10-25 00:00:00+05:30,169.3,172.55,169.3,171.05,3787130
2013-10-28 00:00:00+05:30,171.1,174.0,171.05,172.8,3019204
2013-10-29 00:00:00+05:30,173.5,175.75,171.75,175.1,3882572
2013-10-30 00:00:00+05:30,175.95,176.8,172.65,173.9,2414823
2013-10-31 00:00:00+05:30,174.7,181.25,170.25,176.95,10221872
2013-11-01 00:00:00+05:30,177.35,177.35,172.35,173.4,3407953
2013-11-05 00:00:00+05:30,173.25,173.9,170.5,171.05,4972032
2013-11-06 00:00:00+05:30,171.05,172.25,169.3,169.85,2818600
2013-11-07 00:00:00+05:30,170.45,173.35,169.45,170.95,3046558
2013-11-08 00:00:00+05:30,170.25,171.1,163.75,167.1,3551560
2013-11-11 00:00:00+05:30,166.3,166.85,162.3,162.75,3882310
2013-11-12 00:00:00+05:30,163.0,164.45,159.7,160.25,4685562
2013-11-13 00:00:00+05:30,160.35,162.6,158.7,162.0,4468275
2013-11-14 00:00:00+05:30,164.8,166.25,162.4,162.7,3209236
2013-11-18 00:00:00+05:30,164.5,168.7,164.5,168.15,3972635
2013-11-19 00:00:00+05:30,167.85,169.95,164.4,167.1,2838156
2013-11-20 00:00:00+05:30,168.35,170.2,164.85,166.7,6627629
2013-11-21 00:00:00+05:30,166.55,166.9,162.5,162.9,3187031
2013-11-22 00:00:00+05:30,163.25,168.5,163.25,167.65,4349517
2013-11-25 00:00:00+05:30,171.1,174.1,168.9,173.75,4000979
2013-11-26 00:00:00+05:30,173.7,174.1,171.45,173.0,3356239
2013-11-27 00:00:00+05:30,172.0,176.95,171.95,174.65,4553975
2013-11-28 00:00:00+05:30,174.65,178.1,174.2,175.9,5615379
2013-11-29 00:00:00+05:30,176.05,180.6,176.05,180.2,4428398
2013-12-02 00:00:00+05:30,175.9,178.9,173.35,177.7,8868976
2013-12-03 00:00:00+05:30,175.6,177.75,175.05,176.15,5402734
2013-12-04 00:00:00+05:30,175.65,176.35,172.35,172.85,4140011
2013-12-05 00:00:00+05:30,175.3,176.75,173.35,175.3,2882587
2013-12-06 00:00:00+05:30,175.3,180.15,174.8,177.2,4720325
2013-12-09 00:00:00+05:30,180.75,185.25,180.5,183.8,7243476
2013-12-10 00:00:00+05:30,182.45,182.55,177.95,179.6,7227807
2013-12-11 00:00:00+05:30,178.6,179.25,173.5,175.85,3939136
2013-12-12 00:00:00+05:30,174.7,176.4,170.35,170.7,4265000
2013-12-13 00:00:00+05:30,169.95,171.35,167.7,168.7,2167464
2013-12-16 00:00:00+05:30,169.8,170.2,165.75,166.65,2401299
2013-12-17 00:00:00+05:30,166.85,168.45,164.95,165.5,2072869
2013-12-18 00:00:00+05:30,166.3,170.25,164.5,169.45,2720292
2013-12-19 00:00:00+05:30,169.65,170.5,163.6,164.85,4061348
2013-12-20 00:00:00+05:30,167.0,172.6,166.35,171.6,5963961
2013-12-23 00:00:00+05:30,171.6,174.7,171.05,174.0,2515167
2013-12-24 00:00:00+05:30,174.7,175.65,171.45,172.15,2232474
2013-12-26 00:00:00+05:30,173.15,177.4,173.05,176.1,6470405
2013-12-27 00:00:00+05:30,176.15,176.45,174.75,175.95,2556570
2013-12-30 00:00:00+05:30,176.65,176.7,173.5,174.45,4264727
2013-12-31 00:00:00+05:30,175.55,176.1,173.25,174.05,4184541
2014-01-01 00:00:00+05:30,174.7,175.3,173.15,173.6,984392
2014-01-02 00:00:00+05:30,174.7,176.45,168.8,169.75,2977996
2014-01-03 00:00:00+05:30,170.5,172.15,165.75,166.25,5739324
2014-01-06 00:00:00+05:30,167.5,171.6,166.95,169.25,3474244
2014-01-07 00:00:00+05:30,169.3,170.45,165.75,166.45,3450484
2014-01-08 00:00:00+05:30,166.95,167.95,164.0,164.6,3326021
2014-01-09 00:00:00+05:30,165.05,169.6,163.25,168.9,3859129
2014-01-10 00:00:00+05:30,169.25,173.35,166.3,171.1,6543388
2014-01-13 00:00:00+05:30,174.7,177.1,173.85,176.45,5393953
2014-01-14 00:00:00+05:30,176.45,176.45,172.6,174.9,4029161
2014-01-15 00:00:00+05:30,175.95,177.6,173.5,175.85,3274844
2014-01-16 00:00:00+05:30,177.15,177.15,170.9,172.9,4287566
2014-01-17 00:00:00+05:30,171.1,175.65,170.85,173.2,6041315
2014-01-20 00:00:00+05:30,172.9,175.65,171.45,173.0,5956987
2014-01-21 00:00:00+05:30,173.25,174.1,171.35,172.9,4932863
2014-01-22 00:00:00+05:30,172.9,175.3,171.75,174.6,3596489
2014-01-23 00:00:00+05:30,174.15,174.45,170.95,171.8,4896039
2014-01-24 00:00:00+05:30,171.25,172.1,169.6,170.6,3413024
2014-01-27 00:00:00+05:30,166.35,169.55,166.2,166.85,4015428
2014-01-28 00:00:00+05:30,165.75,168.95,165.4,165.85,3089975
2014-01-29 00:00:00+05:30,166.2,168.0,165.05,166.85,3441986
2014-01-30 00:00:00+05:30,165.05,168.2,163.35,164.05,9096277
2014-01-31 00:00:00+05:30,164.65,166.5,162.7,166.05,4630929
2014-02-03 00:00:00+05:30,164.5,165.9,160.35,161.35,5791560
2014-02-04 00:00:00+05:30,160.05,162.25,159.15,161.5,4656090
2014-02-05 00:00:00+05:30,161.4,163.6,159.95,162.8,4204676
2014-02-06 00:00:00+05:30,163.2,164.5,160.35,161.4,3090259
2014-02-07 00:00:00+05:30,162.9,163.8,161.3,162.3,2612395
2014-02-10 00:00:00+05:30,162.1,165.2,162.1,164.1,3487867
2014-02-11 00:00:00+05:30,164.75,166.45,163.15,166.25,7517376
2014-02-12 00:00:00+05:30,166.9,171.0,166.3,170.55,4983081
2014-02-13 00:00:00+05:30,170.5,171.1,164.25,164.75,3188416
2014-02-14 00:00:00+05:30,165.7,167.1,163.35,166.5,3763400
2014-02-17 00:00:00+05:30,166.85,168.7,164.3,167.35,2211292
2014-02-18 00:00:00+05:30,166.9,168.1,163.25,166.75,3885425
2014-02-19 00:00:00+05:30,166.85,168.65,166.15,168.35,2483550
2014-02-20 00:00:00+05:30,166.9,168.15,166.05,166.45,1881968
2014-02-21 00:00:00+05:30,166.8,168.05,166.15,166.8,1780106
2014-02-24 00:00:00+05:30,166.35,171.1,166.35,170.05,2267128
2014-02-25 00:00:00+05:30,171.05,171.35,168.3,169.75,2520847
2014-02-26 00:00:00+05:30,169.3,172.15,167.4,170.8,9585437
2014-02-28 00:00:00+05:30,170.15,176.4,170.15,175.55,6271642
2014-03-03 00:00:00+05:30,174.45,177.15,172.9,175.1,3276277
2014-03-04 00:00:00+05:30,175.1,179.4,174.3,178.25,3145471
2014-03-05 00:00:00+05:30,178.95,182.55,178.95,181.05,5290737
2014-03-06 00:00:00+05:30,181.3,186.75,181.05,186.05,3676195
2014-03-07 00:00:00+05:30,186.1,191.7,184.05,190.4,5233303
2014-03-10 00:00:00+05:30,188.9,196.85,187.1,192.7,7879049
2014-03-11 00:00:00+05:30,191.3,195.8,190.7,194.65,8420445
2014-03-12 00:00:00+05:30,193.25,193.9,189.9,190.95,5924994
2014-03-13 00:00:00+05:30,191.0,197.0,190.6,195.3,7489338
2014-03-14 00:00:00+05:30,194.1,197.95,193.6,194.4,4721474
2014-03-18 00:00:00+05:30,194.55,200.05,193.75,195.8,10533419
2014-03-19 00:00:00+05:30,196.65,197.9,188.15,189.05,6549430
2014-03-20 00:00:00+05:30,189.2,191.3,186.15,190.25,7422486
2014-03-21 00:00:00+05:30,191.1,192.15,183.95,184.6,13362842
2014-03-24 00:00:00+05:30,187.0,194.05,187.0,193.45,10079607
2014-03-25 00:00:00+05:30,186.15,193.65,184.5,192.7,10734693
2014-03-26 00:00:00+05:30,193.1,197.5,192.8,196.0,5695683
2014-03-27 00:00:00+05:30,193.65,201.2,191.6,199.4,14993073
2014-03-28 00:00:00+05:30,200.05,201.2,197.3,198.45,3774824
2014-03-31 00:00:00+05:30,197.95,202.1,190.45,192.05,6561025
2014-04-01 00:00:00+05:30,193.45,196.9,193.15,195.1,3708560
2014-04-02 00:00:00+05:30,195.8,199.35,194.25,198.8,3885139
2014-04-03 00:00:00+05:30,200.0,200.05,194.25,196.55,3753626
2014-04-04 00:00:00+05:30,196.1,198.8,191.3,196.25,18229054
2014-04-07 00:00:00+05:30,196.65,198.75,195.25,196.2,5333109
2014-04-09 00:00:00+05:30,196.2,197.6,192.3,194.3,10705377
2014-04-10 00:00:00+05:30,194.55,194.85,190.05,194.0,11309745
2014-04-11 00:00:00+05:30,192.8,195.8,191.95,192.8,12173264
2014-04-15 00:00:00+05:30,192.8,193.55,190.35,192.35,9429667
2014-04-16 00:00:00+05:30,193.0,194.05,189.9,190.7,6708395
2014-04-17 00:00:00+05:30,190.65,194.85,188.9,194.25,7918706
2014-04-21 00:00:00+05:30,194.55,196.3,194.25,194.65,4246371
2014-04-22 00:00:00+05:30,194.7,199.6,194.05,196.6,7023371
2014-04-23 00:00:00+05:30,196.8,200.35,194.15,196.4,9030347
2014-04-25 00:00:00+05:30,198.15,198.25,192.85,193.4,5190369
2014-04-28 00:00:00+05:30,192.8,194.55,192.25,193.6,3444430
2014-04-29 00:00:00+05:30,194.15,194.9,192.05,192.95,2737182
2014-04-30 00:00:00+05:30,192.45,198.7,191.75,195.9,10052060
2014-05-02 00:00:00+05:30,197.0,200.2,194.4,198.4,5110095
2014-05-05 00:00:00+05:30,198.3,206.95,197.45,202.1,7234149
2014-05-06 00:00:00+05:30,202.45,205.7,202.1,203.15,5298775
2014-05-07 00:00:00+05:30,204.9,206.05,201.2,201.95,5042041
2014-05-08 00:00:00+05:30,202.45,204.8,200.65,201.2,5767281
2014-05-09 00:00:00+05:30,200.9,210.9,198.25,209.65,8914512
2014-05-12 00:00:00+05:30,209.15,217.75,209.15,216.05,8032881
2014-05-13 00:00:00+05:30,224.7,229.3,220.7,224.5,10452618
2014-05-14 00:00:00+05:30,225.35,227.75,219.8,221.8,7067420
2014-05-15 00:00:00+05:30,221.35,229.5,219.05,228.15,8127175
2014-05-16 00:00:00+05:30,236.25,250.85,224.5,231.45,20039520
2014-05-19 00:00:00+05:30,237.35,253.05,234.6,251.1,12196558
2014-05-20 00:00:00+05:30,252.05,253.05,238.75,241.1,10548419
2014-05-21 00:00:00+05:30,238.65,242.65,235.45,240.1,8455846
2014-05-22 00:00:00+05:30,241.0,243.0,236.25,236.65,6734159
2014-05-23 00:00:00+05:30,240.1,247.6,236.4,245.8,12213401
2014-05-26 00:00:00+05:30,248.2,256.05,238.15,244.2,8401278
2014-05-27 00:00:00+05:30,244.25,244.85,234.95,238.05,5129256
2014-05-28 00:00:00+05:30,238.25,238.35,230.05,231.55,5545650
2014-05-29 00:00:00+05:30,232.0,234.4,222.05,225.45,11462802
2014-05-30 00:00:00+05:30,226.1,234.35,221.75,227.85,8421583
2014-06-02 00:00:00+05:30,229.3,242.2,227.95,240.75,6657527
2014-06-03 00:00:00+05:30,241.9,255.1,240.45,251.1,10868423
2014-06-04 00:00:00+05:30,250.7,252.4,246.1,247.65,6148528
2014-06-05 00:00:00+05:30,246.4,258.15,242.4,252.5,17072932
2014-06-06 00:00:00+05:30,256.55,283.1,255.65,280.55,37784903
2014-06-09 00:00:00+05:30,283.15,284.3,269.95,273.05,18473584
2014-06-10 00:00:00+05:30,274.1,274.65,262.45,265.4,12297112
2014-06-11 00:00:00+05:30,266.3,269.15,256.15,257.5,12745073
2014-06-12 00:00:00+05:30,257.95,265.05,254.9,258.2,11657631
2014-06-13 00:00:00+05:30,259.45,261.0,244.65,254.65,12883996
2014-06-16 00:00:00+05:30,253.4,259.5,249.05,257.25,10625087
2014-06-17 00:00:00+05:30,257.6,269.8,256.35,268.15,12718871
2014-06-18 00:00:00+05:30,268.3,273.2,260.3,266.7,11425381
2014-06-19 00:00:00+05:30,262.25,264.1,245.95,253.55,25387185
2014-06-20 00:00:00+05:30,253.4,258.95,250.05,251.6,12596749
2014-06-23 00:00:00+05:30,253.9,266.65,252.6,263.65,12819602
2014-06-24 00:00:00+05:30,268.15,268.95,259.7,266.85,15324328
2014-06-25 00:00:00+05:30,268.15,270.1,261.8,263.2,12658540
2014-06-26 00:00:00+05:30,250.05,252.55,244.85,247.85,25686167
2014-06-27 00:00:00+05:30,250.9,252.1,245.5,247.75,9699925
2014-06-30 00:00:00+05:30,251.8,257.05,250.15,256.0,11039443
2014-07-01 00:00:00+05:30,258.45,259.1,253.85,254.9,9622058
2014-07-02 00:00:00+05:30,256.65,258.55,253.95,257.05,7481244
2014-07-03 00:00:00+05:30,258.35,258.85,251.4,251.9,7705692
2014-07-04 00:00:00+05:30,250.15,255.7,247.95,254.15,12160964
2014-07-07 00:00:00+05:30,256.45,256.45,249.45,250.35,7460147
2014-07-08 00:00:00+05:30,252.85,252.9,237.45,239.05,15089369
2014-07-09 00:00:00+05:30,240.55,246.2,235.3,244.0,10190834
2014-07-10 00:00:00+05:30,244.0,250.3,237.95,243.4,15043835
2014-07-11 00:00:00+05:30,242.85,243.9,236.25,238.65,9809551
2014-07-14 00:00:00+05:30,238.85,243.3,237.3,242.65,7419183
2014-07-15 00:00:00+05:30,243.9,249.6,243.4,248.6,8149546
2014-07-16 00:00:00+05:30,249.5,251.8,247.05,250.7,7964586
2014-07-17 00:00:00+05:30,248.25,250.6,244.05,249.0,9482176
2014-07-18 00:00:00+05:30,248.35,249.5,245.25,247.35,6602624
2014-07-21 00:00:00+05:30,246.4,248.85,244.35,245.05,2933736
2014-07-22 00:00:00+05:30,245.25,247.55,244.85,246.35,4598304
2014-07-23 00:00:00+05:30,247.05,248.15,243.5,244.2,5660785
2014-07-24 00:00:00+05:30,245.8,246.3,242.2,244.0,4114100
2014-07-25 00:00:00+05:30,244.0,245.4,240.5,241.7,4801527
2014-07-28 00:00:00+05:30,241.6,243.25,235.65,237.95,3835144
2014-07-30 00:00:00+05:30,238.25,242.05,238.05,240.35,7261673
2014-07-31 00:00:00+05:30,239.9,242.1,237.05,238.2,9600269
2014-08-01 00:00:00+05:30,237.5,238.55,231.7,232.75,6515210
2014-08-04 00:00:00+05:30,233.8,238.1,231.45,236.6,3487067
2014-08-05 00:00:00+05:30,237.45,245.15,237.45,244.15,8244937
2014-08-06 00:00:00+05:30,243.5,244.9,238.1,239.1,4674038
2014-08-07 00:00:00+05:30,237.4,243.4,237.4,241.05,4742945
2014-08-08 00:00:00+05:30,238.05,238.6,234.95,237.5,4733721
2014-08-11 00:00:00+05:30,238.4,239.45,236.35,237.2,3057230
2014-08-12 00:00:00+05:30,237.8,245.25,237.8,244.3,6757073
2014-08-13 00:00:00+05:30,247.65,249.1,241.0,242.2,8962450
2014-08-14 00:00:00+05:30,239.75,247.65,237.05,247.1,9458549
2014-08-18 00:00:00+05:30,248.2,261.6,247.1,259.85,12905983
2014-08-19 00:00:00+05:30,262.55,265.4,257.4,262.2,15688120
2014-08-20 00:00:00+05:30,262.2,262.55,254.2,255.5,8265478
2014-08-21 00:00:00+05:30,255.75,259.0,253.95,256.6,8002246
2014-08-22 00:00:00+05:30,257.9,261.75,256.35,257.35,7644314
2014-08-25 00:00:00+05:30,258.45,262.05,257.4,258.25,7537038
2014-08-26 00:00:00+05:30,259.1,260.05,248.2,251.8,9017677
2014-08-27 00:00:00+05:30,256.05,259.0,255.1,258.0,10929306
2014-08-28 00:00:00+05:30,258.45,264.5,255.5,262.1,12690821
2014-09-01 00:00:00+05:30,265.0,266.25,262.85,264.8,5520772
2014-09-02 00:00:00+05:30,264.5,268.25,261.6,267.85,6475474
2014-09-03 00:00:00+05:30,271.15,271.25,262.1,263.25,8238318
2014-09-04 00:00:00+05:30,263.3,265.0,259.75,263.6,3714916
2014-09-05 00:00:00+05:30,263.45,269.1,262.75,267.25,7008951
2014-09-08 00:00:00+05:30,269.95,275.1,269.5,274.2,9119494
2014-09-09 00:00:00+05:30,275.9,275.95,267.5,270.8,5288943
2014-09-10 00:00:00+05:30,268.15,271.6,266.65,268.35,3259465
2014-09-11 00:00:00+05:30,269.0,269.8,257.9,258.75,8591334
2014-09-12 00:00:00+05:30,259.8,262.05,256.15,258.2,3971068
2014-09-15 00:00:00+05:30,256.05,257.75,253.1,253.6,2794240
2014-09-16 00:00:00+05:30,254.15,254.85,245.4,246.25,9518063
2014-09-17 00:00:00+05:30,246.9,248.6,243.45,245.55,7635330
2014-09-18 00:00:00+05:30,246.25,250.75,243.55,249.4,6420257
2014-09-19 00:00:00+05:30,250.95,251.75,241.95,243.4,12608905
2014-09-22 00:00:00+05:30,243.35,253.2,242.65,252.5,5338717
2014-09-23 00:00:00+05:30,253.7,254.15,244.8,245.4,5380030
2014-09-24 00:00:00+05:30,245.2,250.45,242.3,249.3,6121730
2014-09-25 00:00:00+05:30,246.4,248.85,238.1,241.2,7378904
2014-09-26 00:00:00+05:30,240.15,249.1,240.15,248.2,5834842
2014-09-29 00:00:00+05:30,248.2,250.15,244.3,245.5,3521473
2014-09-30 00:00:00+05:30,243.25,250.9,243.25,246.15,4990253
2014-10-01 00:00:00+05:30,246.95,247.0,241.8,242.7,3954944
2014-10-07 00:00:00+05:30,240.7,244.25,236.95,239.05,6786437
2014-10-08 00:00:00+05:30,239.05,245.5,239.05,244.7,5644519
2014-10-09 00:00:00+05:30,245.25,249.65,245.25,247.9,4494473
2014-10-10 00:00:00+05:30,245.85,247.05,242.8,243.55,3894452
2014-10-13 00:00:00+05:30,242.7,246.1,239.7,245.1,3907355
2014-10-14 00:00:00+05:30,245.3,246.7,241.3,242.25,4934024
2014-10-16 00:00:00+05:30,239.9,246.1,238.05,239.25,9134771
2014-10-17 00:00:00+05:30,239.3,241.1,236.25,239.25,6550807
2014-10-20 00:00:00+05:30,258.45,258.45,250.05,252.4,22879892
2014-10-21 00:00:00+05:30,253.05,253.65,244.3,245.85,9797071
2014-10-22 00:00:00+05:30,247.9,248.2,238.95,240.65,11612364
2014-10-23 00:00:00+05:30,244.0,244.0,241.75,243.1,1016774
2014-10-27 00:00:00+05:30,244.1,244.6,237.1,237.8,4685406
2014-10-28 00:00:00+05:30,238.9,239.65,234.2,236.05,7865694
2014-10-29 00:00:00+05:30,238.3,238.8,235.8,236.65,6179234
2014-10-30 00:00:00+05:30,236.65,239.8,236.5,238.5,7728821
2014-10-31 00:00:00+05:30,240.45,245.0,239.6,244.1,8708928
2014-11-03 00:00:00+05:30,244.6,245.85,242.85,243.75,5799948
2014-11-05 00:00:00+05:30,244.75,245.6,241.1,243.2,7183188
2014-11-07 00:00:00+05:30,241.15,248.05,241.15,246.8,8287566
2014-11-10 00:00:00+05:30,248.15,248.5,237.1,237.5,9543425
2014-11-11 00:00:00+05:30,238.25,240.55,234.15,237.95,7751747
2014-11-12 00:00:00+05:30,238.25,240.1,236.5,237.15,4509723
2014-11-13 00:00:00+05:30,238.85,239.2,230.45,232.45,6014183
2014-11-14 00:00:00+05:30,232.6,237.85,232.05,236.9,7265801
2014-11-17 00:00:00+05:30,237.05,240.45,235.95,238.85,5573643
2014-11-18 00:00:00+05:30,239.6,239.95,234.95,235.35,4845521
2014-11-19 00:00:00+05:30,234.35,237.75,230.1,231.45,6800510
2014-11-20 00:00:00+05:30,231.35,234.95,230.2,232.4,4887419
2014-11-21 00:00:00+05:30,231.0,234.8,230.4,230.9,5210929
2014-11-24 00:00:00+05:30,230.7,233.05,228.0,229.5,4075119
2014-11-25 00:00:00+05:30,228.9,234.25,226.0,232.8,6929938
2014-11-26 00:00:00+05:30,230.85,235.3,230.25,232.5,5471628
2014-11-27 00:00:00+05:30,231.7,233.7,228.9,230.35,9604544
2014-11-28 00:00:00+05:30,229.1,234.35,227.1,228.55,7112147
2014-12-01 00:00:00+05:30,227.9,230.2,218.7,219.6,12037511
2014-12-02 00:00:00+05:30,220.05,222.9,216.25,217.2,7240515
2014-12-03 00:00:00+05:30,217.2,227.05,216.9,223.85,13800761
2014-12-04 00:00:00+05:30,226.3,228.05,222.35,223.4,6560119
2014-12-05 00:00:00+05:30,224.7,225.85,219.85,220.1,6627580
2014-12-08 00:00:00+05:30,219.6,224.15,219.0,221.95,5229217
2014-12-09 00:00:00+05:30,220.65,221.7,211.2,212.15,9107969
2014-12-10 00:00:00+05:30,210.4,218.0,210.4,217.6,6069865
2014-12-11 00:00:00+05:30,216.3,216.9,209.45,210.55,5716876
2014-12-12 00:00:00+05:30,211.2,211.95,202.45,203.1,8480644
2014-12-15 00:00:00+05:30,202.4,208.45,201.85,206.7,7292028
2014-12-16 00:00:00+05:30,203.55,204.0,198.3,202.2,7586118
2014-12-17 00:00:00+05:30,202.15,207.85,199.45,206.65,9591835
2014-12-18 00:00:00+05:30,210.95,211.45,206.65,207.85,7701513
2014-12-19 00:00:00+05:30,209.1,213.3,207.25,210.55,6072130
2014-12-22 00:00:00+05:30,210.9,215.9,210.9,215.45,4221221
2014-12-23 00:00:00+05:30,215.1,215.4,211.0,212.15,3041231
2014-12-24 00:00:00+05:30,212.65,213.3,206.0,207.2,12132424
2014-12-26 00:00:00+05:30,207.85,209.65,205.45,207.5,1946756
2014-12-29 00:00:00+05:30,208.15,211.75,208.15,209.0,2147109
2014-12-30 00:00:00+05:30,207.85,208.25,205.35,205.85,2561662
2014-12-31 00:00:00+05:30,204.9,207.75,204.55,205.65,2655873
2015-01-01 00:00:00+05:30,205.05,207.7,204.95,207.25,1849323
2015-01-02 00:00:00+05:30,207.3,212.35,207.3,210.4,3736469
2015-01-05 00:00:00+05:30,209.05,215.7,208.45,212.8,6074619
2015-01-06 00:00:00+05:30,210.0,210.25,199.2,200.75,9024998
2015-01-07 00:00:00+05:30,200.65,205.8,197.65,203.65,8937671
2015-01-08 00:00:00+05:30,206.65,207.15,202.15,205.95,6578931
2015-01-09 00:00:00+05:30,209.15,215.0,202.7,211.45,13223765
2015-01-12 00:00:00+05:30,212.15,212.3,207.5,209.45,3157550
2015-01-13 00:00:00+05:30,209.65,210.05,203.85,204.85,7395021
2015-01-14 00:00:00+05:30,204.9,208.45,204.3,207.25,6704723
2015-01-15 00:00:00+05:30,210.3,212.7,206.45,208.8,10737987
2015-01-16 00:00:00+05:30,207.85,212.1,206.9,209.15,4284924
2015-01-19 00:00:00+05:30,210.3,212.7,208.35,209.35,3049691
2015-01-20 00:00:00+05:30,211.75,211.75,209.25,211.05,4842071
2015-01-21 00:00:00+05:30,210.95,211.2,207.3,208.5,8863149
2015-01-22 00:00:00+05:30,209.05,213.8,208.3,212.65,8061764
2015-01-23 00:00:00+05:30,213.9,214.5,209.35,210.15,6424400
2015-01-27 00:00:00+05:30,210.9,211.85,208.5,211.0,4689873
2015-01-28 00:00:00+05:30,210.9,214.8,210.0,213.2,7037477
2015-01-29 00:00:00+05:30,212.1,214.2,209.35,212.05,10551230
2015-01-30 00:00:00+05:30,212.05,214.2,209.7,211.65,6162443
2015-02-02 00:00:00+05:30,213.9,215.6,210.05,210.8,3717522
2015-02-03 00:00:00+05:30,212.45,217.55,212.1,216.55,7617917
2015-02-04 00:00:00+05:30,220.6,225.2,218.2,222.05,12396305
2015-02-05 00:00:00+05:30,221.8,222.05,213.3,214.85,3953792
2015-02-06 00:00:00+05:30,216.9,217.7,209.45,211.45,5834609
2015-02-09 00:00:00+05:30,210.3,215.65,210.3,214.7,4045851
2015-02-10 00:00:00+05:30,213.9,216.35,211.45,213.65,3438390
2015-02-11 00:00:00+05:30,213.9,214.75,207.2,207.85,3754929
2015-02-12 00:00:00+05:30,208.45,211.25,204.45,208.75,6518277
2015-02-13 00:00:00+05:30,204.6,207.15,203.8,204.6,9134798
2015-02-16 00:00:00+05:30,203.3,207.65,203.05,205.1,5713142
2015-02-18 00:00:00+05:30,205.65,207.15,200.05,200.4,7747544
2015-02-19 00:00:00+05:30,201.2,202.4,199.2,200.9,5393952
2015-02-20 00:00:00+05:30,201.45,202.35,198.8,199.25,4764179
2015-02-23 00:00:00+05:30,199.85,200.95,195.05,195.75,4667715
2015-02-24 00:00:00+05:30,196.5,196.9,188.35,189.85,11394413
2015-02-25 00:00:00+05:30,191.5,194.8,189.9,191.1,7747527
2015-02-26 00:00:00+05:30,192.8,194.15,190.15,192.35,8330061
2015-02-27 00:00:00+05:30,192.25,196.4,192.25,195.65,10424124
2015-03-02 00:00:00+05:30,198.15,198.6,191.25,192.8,9150905
2015-03-03 00:00:00+05:30,192.8,196.4,191.0,193.1,9377276
2015-03-04 00:00:00+05:30,194.3,196.85,192.1,193.15,12393369
2015-03-05 00:00:00+05:30,193.45,193.65,191.25,192.75,5311247
2015-03-09 00:00:00+05:30,191.5,191.9,189.25,190.35,8394542
2015-03-10 00:00:00+05:30,191.6,192.2,185.7,189.45,10846847
2015-03-11 00:00:00+05:30,189.8,190.9,186.15,186.45,7587335
2015-03-12 00:00:00+05:30,187.4,189.15,186.1,188.1,5494895
2015-03-13 00:00:00+05:30,188.6,190.85,187.6,189.15,5558430
2015-03-16 00:00:00+05:30,189.1,189.6,187.45,188.0,3707103
2015-03-17 00:00:00+05:30,188.05,190.1,186.8,189.35,3799833
2015-03-18 00:00:00+05:30,189.8,190.1,185.6,186.3,4852031
2015-03-19 00:00:00+05:30,186.7,189.15,186.3,187.95,5367530
2015-03-20 00:00:00+05:30,188.1,188.55,185.8,187.65,4793802
2015-03-23 00:00:00+05:30,187.4,190.0,187.3,189.45,4589813
2015-03-24 00:00:00+05:30,187.15,189.8,186.15,188.8,3764555
2015-03-25 00:00:00+05:30,190.15,190.65,185.95,186.55,4139606
2015-03-26 00:00:00+05:30,187.4,187.65,180.0,181.75,11858042
2015-03-27 00:00:00+05:30,182.5,185.8,181.65,183.75,5891945
2015-03-30 00:00:00+05:30,183.75,191.25,183.1,189.9,6601769
2015-03-31 00:00:00+05:30,190.35,192.55,183.5,184.55,6853343
2015-04-01 00:00:00+05:30,184.95,186.35,184.05,184.6,3321566
2015-04-06 00:00:00+05:30,185.7,191.75,185.6,191.15,5556453
2015-04-07 00:00:00+05:30,192.8,193.1,189.8,192.25,3490815
2015-04-08 00:00:00+05:30,192.25,192.25,187.95,188.55,5976249
2015-04-09 00:00:00+05:30,189.55,190.25,185.9,186.85,5713269
2015-04-10 00:00:00+05:30,186.9,190.25,186.25,186.6,8693394
2015-04-13 00:00:00+05:30,188.9,188.9,186.8,187.9,2797115
2015-04-15 00:00:00+05:30,188.4,194.4,187.7,191.1,9083739
2015-04-16 00:00:00+05:30,192.0,198.1,191.9,197.4,9836786
2015-04-17 00:00:00+05:30,198.55,200.55,197.6,198.8,6401871
2015-04-20 00:00:00+05:30,198.7,200.6,190.45,193.9,4536203
2015-04-21 00:00:00+05:30,194.4,197.25,191.8,193.0,4822604
2015-04-22 00:00:00+05:30,193.45,195.15,186.45,188.15,7356647
2015-04-23 00:00:00+05:30,189.8,190.05,184.85,185.6,5199051
2015-04-24 00:00:00+05:30,186.75,192.15,185.4,190.9,7401441
2015-04-27 00:00:00+05:30,191.55,191.55,185.7,186.4,3309372
2015-04-28 00:00:00+05:30,186.15,188.95,183.2,185.3,5021300
2015-04-29 00:00:00+05:30,185.3,186.45,183.25,184.5,4445741
2015-04-30 00:00:00+05:30,184.85,186.05,182.6,183.2,9699341
2015-05-04 00:00:00+05:30,184.4,199.15,184.4,197.85,16873109
2015-05-05 00:00:00+05:30,199.4,206.8,197.95,206.15,24530453
2015-05-06 00:00:00+05:30,204.6,205.3,195.9,197.55,10301064
2015-05-07 00:00:00+05:30,198.8,199.6,190.65,192.8,5843114
2015-05-08 00:00:00+05:30,193.4,195.45,189.1,190.1,6429162
2015-05-11 00:00:00+05:30,190.9,193.3,189.85,192.25,5431556
2015-05-12 00:00:00+05:30,192.85,193.05,185.1,186.55,4464551
2015-05-13 00:00:00+05:30,188.05,191.45,185.9,187.45,5646845
2015-05-14 00:00:00+05:30,188.05,191.0,186.25,190.45,4257053
2015-05-15 00:00:00+05:30,190.3,192.6,188.3,192.15,3325148
2015-05-18 00:00:00+05:30,192.95,195.55,192.55,193.85,4586018
2015-05-19 00:00:00+05:30,192.35,193.55,190.15,191.4,4366932
2015-05-20 00:00:00+05:30,191.0,192.35,189.2,189.55,3059541
2015-05-21 00:00:00+05:30,190.6,192.2,189.45,191.8,3139373
2015-05-22 00:00:00+05:30,194.9,195.8,192.3,194.6,3893322
2015-05-25 00:00:00+05:30,195.2,199.25,194.7,198.55,5574003
2015-05-26 00:00:00+05:30,198.8,199.3,193.7,194.35,2979945
2015-05-27 00:00:00+05:30,195.2,200.8,193.2,200.05,3477921
2015-05-28 00:00:00+05:30,201.85,203.15,195.4,197.55,8512187
2015-05-29 00:00:00+05:30,191.6,199.9,188.7,198.7,13023642
2015-06-01 00:00:00+05:30,198.25,198.75,194.3,195.3,2889510
2015-06-02 00:00:00+05:30,198.1,198.1,191.8,192.95,4511451
2015-06-03 00:00:00+05:30,192.95,194.75,184.65,185.5,5149029
2015-06-04 00:00:00+05:30,186.65,186.65,180.9,181.6,7210409
2015-06-05 00:00:00+05:30,182.2,188.25,179.15,185.7,8311553
2015-06-08 00:00:00+05:30,186.75,186.75,183.8,184.55,3424895
2015-06-09 00:00:00+05:30,183.8,184.85,180.95,181.65,3158753
2015-06-10 00:00:00+05:30,181.95,185.6,181.95,183.95,4509800
2015-06-11 00:00:00+05:30,184.4,185.85,181.0,181.4,3997859
2015-06-12 00:00:00+05:30,181.4,182.5,180.4,181.0,2924445
2015-06-15 00:00:00+05:30,181.4,184.9,179.85,183.15,4211762
2015-06-16 00:00:00+05:30,183.15,183.9,180.75,183.45,3878483
2015-06-17 00:00:00+05:30,183.75,185.15,182.75,184.35,7374735
2015-06-18 00:00:00+05:30,184.55,189.9,183.9,188.45,6067755
2015-06-19 00:00:00+05:30,189.65,193.45,189.25,192.3,5823981
2015-06-22 00:00:00+05:30,192.8,192.8,189.2,191.85,4448204
2015-06-23 00:00:00+05:30,192.25,194.8,191.5,192.15,3509531
2015-06-24 00:00:00+05:30,192.75,194.55,190.45,191.5,3734516
2015-06-25 00:00:00+05:30,190.8,192.95,187.8,188.5,7207431
2015-06-26 00:00:00+05:30,188.55,190.1,187.15,188.7,1821207
2015-06-29 00:00:00+05:30,186.25,187.3,184.35,186.2,2261232
2015-06-30 00:00:00+05:30,185.7,187.65,185.3,186.5,3225894
2015-07-01 00:00:00+05:30,186.15,191.05,185.95,189.15,4331775
2015-07-02 00:00:00+05:30,189.2,189.85,186.4,186.75,3314205
2015-07-03 00:00:00+05:30,188.0,188.4,185.8,186.3,4952577
2015-07-06 00:00:00+05:30,184.1,186.15,183.3,185.75,3164748
2015-07-07 00:00:00+05:30,185.9,186.2,183.55,183.75,3602246
2015-07-08 00:00:00+05:30,182.55,185.45,181.8,182.5,3476700
2015-07-09 00:00:00+05:30,182.7,183.75,179.2,179.95,5336426
2015-07-10 00:00:00+05:30,181.8,181.8,175.55,177.1,10773608
2015-07-13 00:00:00+05:30,177.9,178.3,173.3,175.1,7725929
2015-07-14 00:00:00+05:30,174.7,176.45,173.35,174.5,4437270
2015-07-15 00:00:00+05:30,175.5,177.9,175.15,175.45,4577783
2015-07-16 00:00:00+05:30,175.65,177.6,174.8,175.7,3341661
2015-07-17 00:00:00+05:30,176.35,177.4,175.25,176.45,2702261
2015-07-20 00:00:00+05:30,176.5,177.2,175.05,175.85,1863026
2015-07-21 00:00:00+05:30,175.85,175.9,168.8,169.45,4128989
2015-07-22 00:00:00+05:30,169.6,173.5,169.6,171.65,3767243
2015-07-23 00:00:00+05:30,171.75,172.0,168.45,171.05,5707322
2015-07-24 00:00:00+05:30,170.8,172.25,169.7,170.45,3961647
2015-07-27 00:00:00+05:30,169.95,170.45,162.6,163.6,10950876
2015-07-28 00:00:00+05:30,164.0,164.25,158.7,162.55,8345237
2015-07-29 00:00:00+05:30,163.25,163.65,159.7,162.5,10220165
2015-07-30 00:00:00+05:30,164.45,165.3,162.7,163.2,5602353
2015-07-31 00:00:00+05:30,163.6,166.55,163.4,164.3,3895097
2015-08-03 00:00:00+05:30,164.45,167.15,161.5,164.85,4666620
2015-08-04 00:00:00+05:30,164.9,164.9,159.5,160.45,7648746
2015-08-05 00:00:00+05:30,162.1,163.9,161.4,162.6,3759065
2015-08-06 00:00:00+05:30,163.25,164.75,162.4,163.25,3982427
2015-08-07 00:00:00+05:30,162.6,171.05,162.45,170.45,14143718
2015-08-10 00:00:00+05:30,171.1,171.55,165.05,165.75,4017831
2015-08-11 00:00:00+05:30,166.65,166.65,162.15,162.65,2668082
2015-08-12 00:00:00+05:30,162.6,164.25,160.05,162.35,6082658
2015-08-13 00:00:00+05:30,163.25,165.05,160.1,162.5,6835679
2015-08-14 00:00:00+05:30,163.95,164.75,161.5,162.85,3797375
2015-08-17 00:00:00+05:30,162.7,162.7,157.55,159.05,7815285
2015-08-18 00:00:00+05:30,160.35,160.55,156.6,157.1,4157310
2015-08-19 00:00:00+05:30,156.6,158.35,154.85,157.0,5711535
2015-08-20 00:00:00+05:30,155.45,155.9,153.1,154.1,7178769
2015-08-21 00:00:00+05:30,153.05,155.05,151.3,154.2,6613182
2015-08-24 00:00:00+05:30,150.65,151.1,136.3,137.15,19008639
2015-08-25 00:00:00+05:30,139.0,141.85,135.1,139.0,10863165
2015-08-26 00:00:00+05:30,139.15,142.55,134.4,135.45,7245827
2015-08-27 00:00:00+05:30,139.75,140.65,136.2,138.75,11633060
2015-08-28 00:00:00+05:30,143.95,148.5,143.35,146.75,10958609
2015-08-31 00:00:00+05:30,149.25,149.7,143.2,144.2,9689886
2015-09-01 00:00:00+05:30,146.3,146.6,140.2,141.05,10033095
2015-09-02 00:00:00+05:30,141.05,141.9,135.1,135.65,9458159
2015-09-03 00:00:00+05:30,137.8,139.65,136.5,138.1,3640380
2015-09-04 00:00:00+05:30,140.2,140.2,133.25,135.9,7345293
2015-09-07 00:00:00+05:30,136.8,137.55,134.7,136.2,5324036
2015-09-08 00:00:00+05:30,137.3,138.9,135.0,138.55,6841088
2015-09-09 00:00:00+05:30,140.45,140.75,138.15,138.85,11075231
2015-09-10 00:00:00+05:30,137.65,138.55,134.8,136.7,6478407
2015-09-11 00:00:00+05:30,137.75,139.7,136.9,137.55,5834528
2015-09-14 00:00:00+05:30,138.55,138.85,136.2,138.4,3143678
2015-09-15 00:00:00+05:30,138.55,139.7,136.05,138.2,3661400
2015-09-16 00:00:00+05:30,140.3,140.3,137.5,138.9,4234244
2015-09-18 00:00:00+05:30,139.2,145.35,138.55,144.15,9682538
2015-09-21 00:00:00+05:30,142.1,144.55,141.55,143.95,2754552
2015-09-22 00:00:00+05:30,145.65,145.65,140.5,141.3,5576616
2015-09-23 00:00:00+05:30,138.65,143.35,138.45,142.55,3247758
2015-09-24 00:00:00+05:30,142.55,142.55,136.25,137.05,8968652
2015-09-28 00:00:00+05:30,137.5,137.6,135.0,135.6,4326612
2015-09-29 00:00:00+05:30,134.85,137.05,131.15,136.45,7599779
2015-09-30 00:00:00+05:30,137.65,139.05,133.8,138.2,7694696
2015-10-01 00:00:00+05:30,138.2,140.95,137.35,140.0,4161731
2015-10-05 00:00:00+05:30,140.95,145.35,138.0,144.85,5283105
2015-10-06 00:00:00+05:30,145.2,149.8,144.4,149.0,7663977
2015-10-07 00:00:00+05:30,151.2,157.15,151.2,155.3,9901197
2015-10-08 00:00:00+05:30,156.85,156.85,152.0,155.2,5335415
2015-10-09 00:00:00+05:30,157.25,159.7,156.75,158.8,8515356
2015-10-12 00:00:00+05:30,158.85,161.3,158.1,158.65,4243085
2015-10-13 00:00:00+05:30,156.4,157.4,152.0,152.95,4640856
2015-10-14 00:00:00+05:30,153.0,158.6,152.6,153.65,4440332
2015-10-15 00:00:00+05:30,154.85,157.25,153.1,156.7,3456408
2015-10-16 00:00:00+05:30,157.25,159.9,154.8,159.1,3212586
2015-10-19 00:00:00+05:30,159.1,159.25,154.25,155.35,2694020
2015-10-20 00:00:00+05:30,154.05,154.95,151.85,152.5,3579359
2015-10-21 00:00:00+05:30,151.85,155.4,151.55,152.65,2408055
2015-10-23 00:00:00+05:30,153.65,157.25,153.65,155.0,3416214
2015-10-26 00:00:00+05:30,154.8,157.1,153.25,154.5,3776111
2015-10-27 00:00:00+05:30,152.65,153.15,148.95,149.35,7387659
2015-10-28 00:00:00+05:30,147.95,152.15,146.6,151.75,8681943
2015-10-29 00:00:00+05:30,153.65,153.8,150.65,151.1,11317211
2015-10-30 00:00:00+05:30,150.55,150.9,147.05,148.75,5076524
2015-11-02 00:00:00+05:30,148.75,149.9,145.9,149.05,2028092
2015-11-03 00:00:00+05:30,148.9,151.55,147.8,151.0,2764398
2015-11-04 00:00:00+05:30,152.7,153.15,150.5,151.9,3672546
2015-11-05 00:00:00+05:30,150.65,152.9,150.45,151.0,4845284
2015-11-06 00:00:00+05:30,149.85,154.55,149.45,151.5,6014388
2015-11-09 00:00:00+05:30,148.35,151.2,147.65,150.2,4072977
2015-11-10 00:00:00+05:30,147.65,149.3,141.95,142.6,5841890
2015-11-11 00:00:00+05:30,143.95,144.25,142.55,142.8,364488
2015-11-13 00:00:00+05:30,140.45,140.7,137.35,137.9,6878205
2015-11-16 00:00:00+05:30,137.6,139.1,133.25,138.65,6538865
2015-11-17 00:00:00+05:30,139.15,140.55,136.6,140.0,9435519
2015-11-18 00:00:00+05:30,139.15,140.25,137.95,139.0,3862232
2015-11-19 00:00:00+05:30,140.25,140.8,138.15,140.4,2849844
2015-11-20 00:00:00+05:30,140.9,142.05,139.35,141.0,2601569
2015-11-23 00:00:00+05:30,141.55,142.15,139.15,139.6,2296134
2015-11-24 00:00:00+05:30,139.75,143.6,138.45,140.3,5179724
2015-11-26 00:00:00+05:30,140.5,142.75,139.65,141.45,8200904
2015-11-27 00:00:00+05:30,142.55,143.85,141.2,141.8,2854025
2015-11-30 00:00:00+05:30,140.95,142.15,138.7,141.05,5898440
2015-12-01 00:00:00+05:30,141.3,143.65,140.45,141.95,3545681
2015-12-02 00:00:00+05:30,142.9,143.4,140.55,142.1,3121284
2015-12-03 00:00:00+05:30,140.5,140.95,137.4,138.45,7426181
2015-12-04 00:00:00+05:30,137.15,139.2,136.2,136.9,5123204
2015-12-07 00:00:00+05:30,137.35,137.65,134.25,134.9,3621074
2015-12-08 00:00:00+05:30,133.75,133.9,128.95,130.0,8794703
2015-12-09 00:00:00+05:30,129.5,131.3,128.3,130.75,6323690
2015-12-10 00:00:00+05:30,131.25,133.1,129.4,132.45,6848703
2015-12-11 00:00:00+05:30,132.3,133.0,129.2,129.75,6528896
2015-12-14 00:00:00+05:30,128.05,129.3,127.3,128.55,4778763
2015-12-15 00:00:00+05:30,129.5,131.7,128.55,131.2,4919511
2015-12-16 00:00:00+05:30,132.4,137.05,130.95,136.55,8363693
2015-12-17 00:00:00+05:30,136.2,136.4,132.6,135.4,9229494
2015-12-18 00:00:00+05:30,134.4,135.4,133.25,134.55,7201577
2015-12-21 00:00:00+05:30,134.4,139.15,133.55,138.85,4999317
2015-12-22 00:00:00+05:30,138.85,140.1,137.55,138.95,4596822
2015-12-23 00:00:00+05:30,140.35,142.45,139.3,141.9,6021353
2015-12-24 00:00:00+05:30,143.4,144.5,140.55,140.9,4388543
2015-12-28 00:00:00+05:30,140.95,145.4,140.95,144.75,5296623
2015-12-29 00:00:00+05:30,144.6,145.7,143.05,144.5,3552854
2015-12-30 00:00:00+05:30,144.6,146.3,144.25,144.55,3927882
2015-12-31 00:00:00+05:30,144.35,146.85,141.65,145.65,6598665
2015-12-31 09:15:00+05:30,144.35,146.85,141.65,145.65,6598665
2016-01-01 09:15:00+05:30,144.55,146.65,143.4,146.1,2771978
2016-01-04 09:15:00+05:30,145.2,147.5,142.0,143.4,3125132
2016-01-05 09:15:00+05:30,144.6,147.15,144.05,145.7,3646313
2016-01-06 09:15:00+05:30,145.8,146.0,141.35,143.1,3007211
2016-01-07 09:15:00+05:30,139.15,140.95,135.0,136.55,7609386
2016-01-08 09:15:00+05:30,137.35,139.65,135.95,138.65,6898319
2016-01-11 09:15:00+05:30,136.2,136.95,133.85,135.85,6413396
2016-01-12 09:15:00+05:30,134.95,135.1,132.6,133.35,5543673
2016-01-13 09:15:00+05:30,134.4,134.9,131.05,134.55,5384576
2016-01-14 09:15:00+05:30,133.1,135.85,130.55,134.55,6523577
2016-01-15 09:15:00+05:30,135.15,135.15,131.2,132.25,4512582
2016-01-18 09:15:00+05:30,130.7,131.3,127.3,129.2,5734035
2016-01-19 09:15:00+05:30,129.9,132.2,127.4,131.3,3797909
2016-01-20 09:15:00+05:30,129.0,129.6,126.05,128.55,6518909
2016-01-21 09:15:00+05:30,128.7,129.35,124.1,124.9,8879594
2016-01-22 09:15:00+05:30,127.7,130.7,126.4,130.35,7253738
2016-01-25 09:15:00+05:30,132.8,133.25,130.5,132.35,4864044
2016-01-27 09:15:00+05:30,132.4,133.6,130.7,131.55,6744065
2016-01-28 09:15:00+05:30,131.3,133.0,129.7,132.55,8761007
2016-01-29 09:15:00+05:30,133.3,137.25,133.15,136.35,12759740
2016-02-01 09:15:00+05:30,137.2,137.2,133.45,135.55,3822741
2016-02-02 09:15:00+05:30,133.9,135.15,129.8,130.5,6900480
2016-02-03 09:15:00+05:30,128.75,130.7,126.7,128.4,4843967
2016-02-04 09:15:00+05:30,131.25,132.85,130.35,132.6,6016541
2016-02-05 09:15:00+05:30,132.75,133.65,131.05,132.55,5710670
2016-02-08 09:15:00+05:30,132.6,132.7,127.5,128.95,2764110
2016-02-09 09:15:00+05:30,127.05,132.3,126.8,131.4,3651746
2016-02-10 09:15:00+05:30,128.85,130.15,127.0,128.6,4066760
2016-02-11 09:15:00+05:30,128.8,128.85,120.55,122.4,8787048
2016-02-12 09:15:00+05:30,120.5,120.5,113.15,116.45,10102655
2016-02-15 09:15:00+05:30,119.65,121.25,117.3,120.7,7157805
2016-02-16 09:15:00+05:30,122.65,124.2,119.4,120.5,10491014
2016-02-17 09:15:00+05:30,120.5,121.7,118.8,120.7,7290020
2016-02-18 09:15:00+05:30,122.65,126.85,122.3,126.0,7799663
2016-02-19 09:15:00+05:30,124.65,127.8,124.15,127.25,5419070
2016-02-22 09:15:00+05:30,127.7,129.6,126.95,129.2,3601842
2016-02-23 09:15:00+05:30,129.95,131.2,127.65,129.3,3593367
2016-02-24 09:15:00+05:30,128.25,128.25,125.4,126.2,2618156
2016-02-25 09:15:00+05:30,128.0,131.2,126.3,130.35,5778485
2016-02-26 09:15:00+05:30,130.95,131.65,129.0,130.2,4205825
2016-02-29 09:15:00+05:30,130.85,133.15,115.95,116.95,23809857
2016-03-01 09:15:00+05:30,116.8,116.8,113.65,115.4,23118147
2016-03-02 09:15:00+05:30,117.15,118.85,115.75,117.5,15524957
2016-03-03 09:15:00+05:30,118.4,121.0,116.7,118.8,16866746
2016-03-04 09:15:00+05:30,120.45,123.15,119.9,120.9,22523046
2016-03-08 09:15:00+05:30,122.15,124.3,121.1,121.6,12258797
2016-03-09 09:15:00+05:30,121.7,124.15,121.3,123.65,7688816
2016-03-10 09:15:00+05:30,125.9,125.9,123.1,123.95,13467873
2016-03-11 09:15:00+05:30,125.1,125.1,121.85,123.55,14262116
2016-03-14 09:15:00+05:30,125.0,125.95,124.0,125.45,7498647
2016-03-15 09:15:00+05:30,124.15,125.25,123.55,124.95,5504456
2016-03-16 09:15:00+05:30,124.9,125.8,123.45,124.4,5188655
2016-03-17 09:15:00+05:30,125.65,129.45,125.6,127.9,8394324
2016-03-18 09:15:00+05:30,128.75,129.5,128.05,129.3,6776231
2016-03-21 09:15:00+05:30,128.9,131.05,128.35,130.6,5801745
2016-03-22 09:15:00+05:30,130.6,132.05,129.5,130.25,6610557
2016-03-23 09:15:00+05:30,130.45,131.2,127.65,129.3,5978228
2016-03-28 09:15:00+05:30,130.5,131.75,128.0,128.9,7205975
2016-03-29 09:15:00+05:30,130.15,130.15,126.95,127.9,5003186
2016-03-30 09:15:00+05:30,128.35,131.95,127.9,131.25,5849823
2016-03-31 09:15:00+05:30,129.3,131.05,127.8,129.0,18261630
2016-04-01 09:15:00+05:30,129.25,129.5,125.4,125.8,10266195
2016-04-04 09:15:00+05:30,125.6,125.7,123.25,124.9,5494028
2016-04-05 09:15:00+05:30,124.15,125.6,122.95,123.8,4906772
2016-04-06 09:15:00+05:30,124.55,125.35,122.9,124.2,4317509
2016-04-07 09:15:00+05:30,125.95,126.25,124.55,125.15,5045078
2016-04-08 09:15:00+05:30,125.2,126.2,123.9,124.25,2418254
2016-04-11 09:15:00+05:30,125.7,126.1,123.6,125.1,5192645
2016-04-12 09:15:00+05:30,125.25,128.15,124.8,127.35,6343280
2016-04-13 09:15:00+05:30,129.5,129.8,128.25,128.55,6437622
2016-04-18 09:15:00+05:30,127.55,127.55,124.2,125.05,4950201
2016-04-20 09:15:00+05:30,125.85,126.95,125.35,126.45,4820409
2016-04-21 09:15:00+05:30,127.8,129.2,127.55,128.35,7037139
2016-04-22 09:15:00+05:30,130.1,130.95,128.15,130.25,4497203
2016-04-25 09:15:00+05:30,130.45,130.45,127.55,127.9,2813826
2016-04-26 09:15:00+05:30,127.85,129.9,127.1,129.1,4140095
2016-04-27 09:15:00+05:30,130.15,134.85,130.1,133.6,10536443
2016-04-28 09:15:00+05:30,133.95,135.8,129.7,130.65,11597841
2016-04-29 09:15:00+05:30,131.35,133.0,129.9,130.85,6088467
2016-05-02 09:15:00+05:30,131.3,133.1,130.15,131.2,4911861
2016-05-03 09:15:00+05:30,132.0,132.4,128.35,129.7,5806392
2016-05-04 09:15:00+05:30,129.4,129.7,126.55,126.9,4247747
2016-05-05 09:15:00+05:30,127.7,128.55,126.55,126.8,4590195
2016-05-06 09:15:00+05:30,126.85,126.9,124.75,125.6,3327824
2016-05-09 09:15:00+05:30,126.45,128.05,126.0,127.45,4008650
2016-05-10 09:15:00+05:30,127.7,127.7,124.3,125.25,3924152
2016-05-11 09:15:00+05:30,124.65,124.65,122.35,123.65,5481087
2016-05-12 09:15:00+05:30,125.4,125.6,123.4,124.3,7061337
2016-05-13 09:15:00+05:30,124.1,124.1,121.7,122.75,7262070
2016-05-16 09:15:00+05:30,123.15,123.45,120.5,122.1,10092506
2016-05-17 09:15:00+05:30,123.9,127.7,123.55,126.65,14657429
2016-05-18 09:15:00+05:30,126.7,129.7,126.3,129.1,8832225
2016-05-19 09:15:00+05:30,128.35,128.55,126.05,126.55,6740378
2016-05-20 09:15:00+05:30,127.6,129.3,126.75,128.45,4576983
2016-05-23 09:15:00+05:30,129.05,129.25,125.0,125.4,5845634
2016-05-24 09:15:00+05:30,125.6,125.75,123.25,124.5,4087502
2016-05-25 09:15:00+05:30,125.75,126.95,125.4,126.6,3108449
2016-05-26 09:15:00+05:30,127.15,133.2,126.95,130.2,13519851
2016-05-27 09:15:00+05:30,131.3,131.9,127.6,128.35,10044087
2016-05-30 09:15:00+05:30,128.9,129.95,128.35,128.55,4589130
2016-05-31 09:15:00+05:30,129.5,129.85,126.4,126.95,8791202
2016-06-01 09:15:00+05:30,127.35,128.55,126.55,126.9,4521807
2016-06-02 09:15:00+05:30,126.8,128.85,126.05,128.25,4079510
2016-06-03 09:15:00+05:30,128.8,129.25,127.2,127.65,4345935
2016-06-06 09:15:00+05:30,128.2,128.55,126.7,127.0,3665349
2016-06-07 09:15:00+05:30,127.7,128.9,127.55,128.35,5568473
2016-06-08 09:15:00+05:30,129.25,130.85,128.9,130.0,5491938
2016-06-09 09:15:00+05:30,130.75,133.95,130.7,132.9,10532687
2016-06-10 09:15:00+05:30,132.6,134.2,130.7,131.45,4451984
2016-06-13 09:15:00+05:30,130.15,130.45,128.05,128.55,2914853
2016-06-14 09:15:00+05:30,128.9,129.4,127.25,128.25,3050001
2016-06-15 09:15:00+05:30,128.55,129.25,128.1,128.75,2865534
2016-06-16 09:15:00+05:30,128.35,128.4,126.85,127.55,3296192
2016-06-17 09:15:00+05:30,128.15,128.2,126.6,126.95,4717605
2016-06-20 09:15:00+05:30,126.9,129.7,126.7,128.85,5253389
2016-06-21 09:15:00+05:30,130.05,131.45,129.5,131.05,4754096
2016-06-22 09:15:00+05:30,131.0,132.2,130.15,131.55,4300169
2016-06-23 09:15:00+05:30,131.3,132.3,129.05,131.65,4451147
2016-06-24 09:15:00+05:30,128.65,128.85,124.7,126.2,6098570
2016-06-27 09:15:00+05:30,125.35,127.95,125.15,126.6,3541859
2016-06-28 09:15:00+05:30,126.55,127.65,126.25,127.35,3242285
2016-06-29 09:15:00+05:30,128.2,129.6,127.8,129.35,3248850
2016-06-30 09:15:00+05:30,130.05,132.3,129.5,130.35,7536647
2016-07-01 09:15:00+05:30,130.65,138.5,130.45,135.55,8428421
2016-07-04 09:15:00+05:30,138.3,141.75,138.3,139.8,16861305
2016-07-05 09:15:00+05:30,138.95,142.45,137.7,139.0,6551591
2016-07-07 09:15:00+05:30,139.0,139.7,136.3,136.55,5971878
2016-07-08 09:15:00+05:30,135.55,135.75,133.9,134.6,3248258
2016-07-11 09:15:00+05:30,135.55,137.05,134.7,135.55,6210183
2016-07-12 09:15:00+05:30,135.6,138.25,135.6,137.25,4319643
2016-07-13 09:15:00+05:30,140.8,145.55,139.85,141.05,17397438
2016-07-14 09:15:00+05:30,141.25,141.4,138.05,138.95,9416405
2016-07-15 09:15:00+05:30,139.2,139.95,137.7,138.75,8673333
2016-07-18 09:15:00+05:30,138.0,138.0,130.75,131.7,11088225
2016-07-19 09:15:00+05:30,131.05,134.05,130.7,133.15,10601105
2016-07-20 09:15:00+05:30,133.15,135.15,132.45,134.9,9715895
2016-07-21 09:15:00+05:30,135.4,136.65,133.75,134.15,4614314
2016-07-22 09:15:00+05:30,134.35,134.75,133.0,134.05,4734197
2016-07-25 09:15:00+05:30,133.6,136.9,133.55,136.65,5161391
2016-07-26 09:15:00+05:30,136.7,138.35,134.45,135.1,6075612
2016-07-27 09:15:00+05:30,135.1,137.05,132.6,134.55,3982970
2016-07-28 09:15:00+05:30,134.55,135.75,132.9,133.35,12199317
2016-07-29 09:15:00+05:30,133.75,134.9,132.35,132.6,4943549
2016-08-01 09:15:00+05:30,133.95,134.65,131.3,131.85,4868154
2016-08-02 09:15:00+05:30,131.8,133.7,131.1,133.15,5714405
2016-08-03 09:15:00+05:30,133.75,134.35,131.3,131.8,6926822
2016-08-04 09:15:00+05:30,134.9,134.9,131.75,132.5,5368088
2016-08-05 09:15:00+05:30,133.15,136.6,132.75,136.15,4722491
2016-08-08 09:15:00+05:30,136.45,136.8,135.05,136.25,3995138
2016-08-09 09:15:00+05:30,137.85,138.55,136.85,138.0,11431887
2016-08-10 09:15:00+05:30,138.0,139.15,136.5,138.0,10287929
2016-08-11 09:15:00+05:30,137.8,139.7,136.95,139.4,9320216
2016-08-12 09:15:00+05:30,139.95,141.25,138.5,140.75,5870231
2016-08-16 09:15:00+05:30,141.55,142.45,139.95,141.7,5039550
2016-08-17 09:15:00+05:30,141.8,143.6,141.15,143.25,5430909
2016-08-18 09:15:00+05:30,143.55,145.9,143.1,145.4,5751255
2016-08-19 09:15:00+05:30,146.0,146.7,144.9,145.55,5606354
2016-08-22 09:15:00+05:30,145.55,146.9,143.55,144.25,3785411
2016-08-23 09:15:00+05:30,143.1,144.45,142.55,143.6,5012451
2016-08-24 09:15:00+05:30,144.5,146.45,144.15,145.2,3600734
2016-08-25 09:15:00+05:30,145.5,146.3,142.8,143.25,4189737
2016-08-26 09:15:00+05:30,143.4,143.9,142.2,143.6,2902112
2016-08-29 09:15:00+05:30,143.6,144.35,142.65,142.95,2465333
2016-08-30 09:15:00+05:30,143.7,146.1,142.9,145.6,4245725
2016-08-31 09:15:00+05:30,144.0,145.35,141.65,142.4,9766926
2016-09-01 09:15:00+05:30,142.8,144.1,141.65,142.55,4602483
2016-09-02 09:15:00+05:30,142.8,144.7,141.65,143.85,4273124
2016-09-06 09:15:00+05:30,144.5,145.6,143.4,143.7,3884562
2016-09-07 09:15:00+05:30,144.15,148.45,143.55,147.6,17504219
2016-09-08 09:15:00+05:30,150.65,153.6,147.05,148.45,15232856
2016-09-09 09:15:00+05:30,148.8,155.15,148.8,153.65,17437127
2016-09-12 09:15:00+05:30,150.65,152.35,149.55,151.2,7995681
2016-09-14 09:15:00+05:30,150.65,152.2,147.7,149.55,8058135
2016-09-15 09:15:00+05:30,150.65,150.75,147.65,149.75,3706280
2016-09-16 09:15:00+05:30,150.3,152.45,149.45,150.75,12910044
2016-09-19 09:15:00+05:30,151.05,154.0,150.75,153.1,6271973
2016-09-20 09:15:00+05:30,153.35,156.85,152.55,155.3,12886208
2016-09-21 09:15:00+05:30,154.8,156.35,152.8,153.9,6438341
2016-09-22 09:15:00+05:30,156.05,157.35,155.45,156.35,8053007
2016-09-23 09:15:00+05:30,156.15,158.6,155.75,156.95,7589790
2016-09-26 09:15:00+05:30,156.35,156.9,149.5,150.4,13915599
2016-09-27 09:15:00+05:30,150.55,151.75,148.45,149.15,10949967
2016-09-28 09:15:00+05:30,149.45,152.1,147.85,151.65,9666959
2016-09-29 09:15:00+05:30,154.25,155.45,149.6,150.65,14336462
2016-09-30 09:15:00+05:30,151.5,155.05,150.4,154.6,9438719
2016-10-03 09:15:00+05:30,154.8,157.85,152.1,156.75,6960221
2016-10-04 09:15:00+05:30,157.9,165.65,157.45,164.75,17825015
2016-10-05 09:15:00+05:30,165.05,165.85,160.1,160.6,9426821
2016-10-06 09:15:00+05:30,162.1,164.7,160.35,162.2,9511055
2016-10-07 09:15:00+05:30,162.9,164.85,160.65,161.05,11598678
2016-10-10 09:15:00+05:30,162.4,162.6,158.75,160.8,7032378
2016-10-13 09:15:00+05:30,161.75,165.65,159.85,164.35,14122952
2016-10-14 09:15:00+05:30,165.05,168.2,163.8,166.9,9532547
2016-10-17 09:15:00+05:30,166.9,168.7,166.05,167.8,7432578
2016-10-18 09:15:00+05:30,168.2,169.3,165.5,166.55,7430624
2016-10-19 09:15:00+05:30,166.85,168.9,166.5,167.85,7137429
2016-10-20 09:15:00+05:30,169.25,170.6,167.55,169.5,6078450
2016-10-21 09:15:00+05:30,169.3,169.3,166.35,168.55,3639473
2016-10-24 09:15:00+05:30,168.7,176.95,167.8,176.15,15753549
2016-10-25 09:15:00+05:30,176.5,176.95,173.25,174.0,11650041
2016-10-26 09:15:00+05:30,173.85,176.45,172.45,174.8,6344126
2016-10-27 09:15:00+05:30,175.95,179.2,171.15,175.25,24448257
2016-10-28 09:15:00+05:30,176.45,177.4,172.2,172.85,10070333
2016-11-01 09:15:00+05:30,174.9,174.9,169.8,174.2,11064357
2016-11-02 09:15:00+05:30,171.75,172.2,166.2,167.0,14774771
2016-11-03 09:15:00+05:30,164.85,165.05,160.85,161.2,10778124
2016-11-04 09:15:00+05:30,161.35,163.9,159.7,162.4,7203464
2016-11-07 09:15:00+05:30,164.5,165.05,160.45,160.95,4419261
2016-11-08 09:15:00+05:30,161.75,163.7,159.9,163.0,5654564
2016-11-09 09:15:00+05:30,151.95,163.25,150.65,162.55,7471796
2016-11-10 09:15:00+05:30,164.5,168.4,163.4,166.3,5849240
2016-11-11 09:15:00+05:30,164.5,168.0,162.7,164.7,6617526
2016-11-15 09:15:00+05:30,162.8,172.55,162.4,166.1,12179969
2016-11-16 09:15:00+05:30,168.15,171.45,163.35,164.15,8986997
2016-11-17 09:15:00+05:30,163.4,167.5,162.75,164.65,5879166
2016-11-18 09:15:00+05:30,164.7,167.35,164.7,165.75,6513860
2016-11-21 09:15:00+05:30,166.1,167.65,164.3,166.35,7038116
2016-11-22 09:15:00+05:30,169.25,170.8,165.75,167.45,8852828
2016-11-23 09:15:00+05:30,168.15,169.6,166.3,168.65,6432657
2016-11-24 09:15:00+05:30,168.7,169.75,165.75,167.0,7236183
2016-11-25 09:15:00+05:30,166.75,168.6,165.95,167.15,4391636
2016-11-28 09:15:00+05:30,165.9,172.05,165.4,171.1,6170169
2016-11-29 09:15:00+05:30,171.25,173.4,169.5,171.6,6467513
2016-11-30 09:15:00+05:30,171.1,175.45,170.3,174.05,10633436
2016-12-01 09:15:00+05:30,177.75,179.9,175.3,176.0,12753524
2016-12-02 09:15:00+05:30,176.95,178.2,174.95,175.5,7668509
2016-12-05 09:15:00+05:30,174.25,178.7,174.25,177.95,5358345
2016-12-06 09:15:00+05:30,179.15,180.55,178.7,180.0,6281910
2016-12-07 09:15:00+05:30,180.65,181.05,178.45,179.0,6324726
2016-12-08 09:15:00+05:30,179.6,183.45,179.6,182.7,7229705
2016-12-09 09:15:00+05:30,183.3,185.5,183.25,184.85,5012333
2016-12-12 09:15:00+05:30,186.75,189.6,186.75,187.65,7390622
2016-12-13 09:15:00+05:30,189.15,189.15,186.0,188.0,11867766
2016-12-14 09:15:00+05:30,186.85,187.65,183.25,183.9,14303529
2016-12-15 09:15:00+05:30,183.3,188.5,181.95,186.55,10011138
2016-12-16 09:15:00+05:30,187.7,187.95,181.5,182.3,6046045
2016-12-19 09:15:00+05:30,183.6,183.8,180.85,182.0,6134651
2016-12-20 09:15:00+05:30,182.0,182.05,178.45,180.6,4487663
2016-12-21 09:15:00+05:30,181.3,182.85,180.4,182.1,4699901
2016-12-22 09:15:00+05:30,181.6,181.6,175.4,176.15,5073928
2016-12-23 09:15:00+05:30,178.0,178.25,174.0,174.4,5637468
2016-12-26 09:15:00+05:30,173.5,174.2,170.1,170.8,4468708
2016-12-27 09:15:00+05:30,171.75,172.5,169.65,172.0,4972743
2016-12-28 09:15:00+05:30,171.25,173.6,171.05,171.65,4245082
2016-12-29 09:15:00+05:30,171.75,175.1,171.7,173.15,13079156
2016-12-30 09:15:00+05:30,174.15,174.75,171.95,172.95,3664012
2017-01-02 09:15:00+05:30,173.35,174.45,172.95,173.75,2690448
2017-01-03 09:15:00+05:30,174.8,175.1,172.75,174.0,4764310
2017-01-04 09:15:00+05:30,174.9,177.85,173.6,176.05,7507779
2017-01-05 09:15:00+05:30,176.45,181.0,176.45,180.4,6831388
2017-01-06 09:15:00+05:30,180.75,187.05,180.75,183.05,8399536
2017-01-09 09:15:00+05:30,184.3,185.25,178.1,178.95,4783989
2017-01-10 09:15:00+05:30,179.75,183.5,178.65,179.4,6865373
2017-01-11 09:56:00+05:30,179.55,180.75,178.3,178.6,3657809
2017-01-12 09:15:00+05:30,179.45,182.3,179.45,180.35,7180398
2017-01-13 09:15:00+05:30,183.5,184.3,180.8,181.9,7173268
2017-01-16 09:15:00+05:30,181.65,182.4,179.0,179.3,4070898
2017-01-17 09:15:00+05:30,179.85,180.4,174.45,176.05,4631529
2017-01-18 09:15:00+05:30,176.65,179.35,175.1,178.95,9444964
2017-01-19 09:15:00+05:30,178.8,182.05,177.9,181.55,11378619
2017-01-20 09:15:00+05:30,181.55,182.55,176.6,178.3,7834336
2017-01-23 09:15:00+05:30,178.3,182.4,178.3,180.65,5350419
2017-01-24 09:15:00+05:30,181.75,182.7,180.15,182.2,3600754
2017-01-25 09:15:00+05:30,182.5,185.9,182.5,185.2,11413512
2017-01-27 09:15:00+05:30,186.15,188.0,183.65,184.8,5089894
2017-01-30 09:15:00+05:30,184.8,185.7,181.5,182.4,4594038
2017-01-31 09:15:00+05:30,189.8,191.45,181.65,183.05,39669868
2017-02-01 09:15:00+05:30,183.5,185.3,180.3,180.95,11271144
2017-02-02 09:15:00+05:30,181.65,184.8,181.15,181.55,8549969
2017-02-03 09:15:00+05:30,182.3,183.7,181.25,181.65,4940894
2017-02-06 09:15:00+05:30,183.3,183.35,179.6,179.85,5926274
2017-02-07 09:15:00+05:30,178.95,180.3,174.1,174.7,10805646
2017-02-08 09:15:00+05:30,175.3,177.15,174.0,175.7,7106853
2017-02-09 09:15:00+05:30,176.6,177.35,173.95,174.35,6092204
2017-02-10 09:15:00+05:30,175.3,176.6,174.5,175.0,6287846
2017-02-13 09:15:00+05:30,175.6,175.8,172.45,173.75,4083916
2017-02-14 09:15:00+05:30,174.45,177.35,173.35,176.85,7785934
2017-02-15 09:15:00+05:30,177.05,178.75,175.45,176.2,5793110
2017-02-16 09:15:00+05:30,177.2,177.4,175.1,175.4,3343438
2017-02-17 09:15:00+05:30,176.25,176.45,174.9,175.7,3230898
2017-02-20 09:15:00+05:30,175.95,177.35,173.75,176.45,8954741
2017-02-21 09:15:00+05:30,176.9,177.85,175.8,177.4,3280290
2017-02-22 09:15:00+05:30,178.95,179.45,176.35,176.75,5671343
2017-02-23 09:15:00+05:30,177.05,178.55,175.65,177.15,20504597
2017-02-27 09:15:00+05:30,178.0,178.95,175.15,175.95,7881156
2017-02-28 09:15:00+05:30,178.1,178.3,174.1,174.95,10367585
2017-03-01 09:15:00+05:30,177.8,177.8,174.8,175.2,11243767
2017-03-02 09:15:00+05:30,176.05,176.15,173.65,174.15,6978509
2017-03-03 09:15:00+05:30,173.85,174.9,173.15,174.45,4294857
2017-03-06 09:15:00+05:30,174.9,176.0,174.45,175.15,3847930
2017-03-07 09:15:00+05:30,175.3,178.0,174.9,177.5,7768654
2017-03-08 09:15:00+05:30,178.0,178.2,173.8,174.4,6553289
2017-03-09 09:15:00+05:30,173.1,173.25,170.9,171.4,6323875
2017-03-10 09:15:00+05:30,171.45,173.95,170.2,173.15,7822853
2017-03-14 09:15:00+05:30,175.9,175.9,173.1,173.4,8850096
2017-03-15 09:15:00+05:30,172.9,174.4,172.15,172.35,4219974
2017-03-16 09:15:00+05:30,174.45,174.95,172.85,173.35,6732778
2017-03-17 09:15:00+05:30,173.5,173.9,171.2,171.75,7462534
2017-03-20 09:15:00+05:30,171.8,173.25,171.45,172.45,5070076
2017-03-21 09:15:00+05:30,172.6,175.75,172.6,175.35,6715278
2017-03-22 09:15:00+05:30,174.0,175.25,172.6,174.0,4960436
2017-03-23 09:15:00+05:30,174.95,175.8,174.2,174.95,4208188
2017-03-24 09:15:00+05:30,174.75,174.8,172.95,173.4,9289757
2017-03-27 09:15:00+05:30,173.35,173.5,170.35,170.7,4780041
2017-03-28 09:15:00+05:30,171.45,171.75,168.4,168.9,9790503
2017-03-29 09:15:00+05:30,169.85,170.05,168.45,168.9,9676087
2017-03-30 09:15:00+05:30,169.0,170.15,165.4,166.25,14882692
2017-03-31 09:15:00+05:30,167.1,168.4,166.45,167.15,8217678
2017-04-03 09:15:00+05:30,167.35,168.45,167.0,167.95,4802523
2017-04-05 09:15:00+05:30,168.45,168.7,166.95,168.35,6772865
2017-04-06 09:15:00+05:30,168.15,170.05,167.35,169.5,7216198
2017-04-07 09:15:00+05:30,169.7,170.3,167.8,168.45,8049423
2017-04-10 09:15:00+05:30,169.25,169.7,168.3,168.5,3953031
2017-04-11 09:15:00+05:30,169.55,170.25,168.85,169.8,7982429
2017-04-12 09:15:00+05:30,170.0,170.5,167.9,168.7,4050669
2017-04-13 09:15:00+05:30,168.95,169.25,166.6,167.0,3338347
2017-04-17 09:15:00+05:30,167.55,167.55,164.9,165.5,3070001
2017-04-18 09:15:00+05:30,165.7,166.65,163.1,163.55,3358340
2017-04-19 09:15:00+05:30,163.6,164.45,162.0,162.5,4198156
2017-04-20 09:15:00+05:30,163.75,165.75,161.3,161.9,9102962
2017-04-21 09:15:00+05:30,162.7,164.5,162.45,162.85,4117134
2017-04-24 09:15:00+05:30,163.1,164.65,163.1,164.05,4311732
2017-04-25 09:15:00+05:30,164.8,164.85,163.05,164.1,5784684
2017-04-26 09:15:00+05:30,164.15,164.3,162.5,162.7,4850265
2017-04-27 09:15:00+05:30,163.3,163.4,161.1,161.9,7471812
2017-04-28 09:15:00+05:30,162.6,169.1,162.2,168.6,10789077
2017-05-02 09:15:00+05:30,169.95,175.25,169.6,173.9,17143827
2017-05-03 09:15:00+05:30,175.3,176.0,172.3,172.7,6245067
2017-05-04 09:15:00+05:30,173.5,173.95,170.25,170.7,4432281
2017-05-05 09:15:00+05:30,170.35,170.45,164.65,166.15,8117137
2017-05-08 09:15:00+05:30,166.8,170.15,166.3,168.1,5592129
2017-05-09 09:15:00+05:30,168.9,169.7,167.65,168.2,4713977
2017-05-10 09:15:00+05:30,168.9,170.3,167.75,169.9,4038348
2017-05-11 09:15:00+05:30,170.9,171.95,165.5,165.95,10796830
2017-05-12 09:15:00+05:30,166.95,168.45,166.3,167.05,6242350
2017-05-15 09:15:00+05:30,169.25,170.2,168.25,168.75,5766195
2017-05-16 09:15:00+05:30,169.4,169.45,166.8,167.3,6960470
2017-05-17 09:15:00+05:30,167.35,168.7,166.25,166.75,6074714
2017-05-18 09:15:00+05:30,166.65,166.65,163.1,163.5,4628258
2017-05-19 09:15:00+05:30,164.4,165.05,161.95,162.65,5853904
2017-05-22 09:15:00+05:30,163.65,164.15,159.6,160.15,5558525
2017-05-23 09:15:00+05:30,160.75,160.75,156.95,157.85,5162996
2017-05-24 09:15:00+05:30,157.55,159.3,156.3,156.95,6540417
2017-05-25 09:15:00+05:30,158.0,158.7,156.75,157.4,8230189
2017-05-26 09:15:00+05:30,157.9,160.4,157.55,158.8,6460263
2017-05-29 09:15:00+05:30,157.75,160.3,154.65,158.8,6629243
2017-05-30 09:15:00+05:30,158.3,162.15,156.45,161.45,6532975
2017-05-31 09:15:00+05:30,161.35,161.35,158.4,160.0,10715866
2017-06-01 09:15:00+05:30,159.9,159.9,156.05,157.25,8676208
2017-06-02 09:15:00+05:30,158.1,158.5,156.45,157.25,4039371
2017-06-05 09:15:00+05:30,157.6,161.3,157.35,158.8,5836542
2017-06-06 09:15:00+05:30,159.05,159.05,154.6,154.9,6437174
2017-06-07 09:15:00+05:30,154.95,157.25,154.95,155.5,7404338
2017-06-08 09:15:00+05:30,154.7,155.15,152.7,154.15,5798852
2017-06-09 09:15:00+05:30,154.55,154.7,151.65,152.9,6859186
2017-06-12 09:15:00+05:30,153.15,154.1,151.95,152.3,4382264
2017-06-13 09:15:00+05:30,152.8,153.4,151.7,152.8,5988071
2017-06-14 09:15:00+05:30,152.9,153.7,151.95,153.15,5698882
2017-06-15 09:15:00+05:30,153.7,154.5,150.7,151.05,8396153
2017-06-16 09:15:00+05:30,150.5,151.75,149.9,151.05,9457498
2017-06-19 09:15:00+05:30,151.4,151.65,148.7,150.05,5175569
2017-06-20 09:15:00+05:30,150.9,154.0,149.85,152.8,6212122
2017-06-21 09:15:00+05:30,152.0,152.25,148.5,148.9,8411843
2017-06-22 09:15:00+05:30,148.9,149.25,144.65,145.0,8856235
2017-06-23 09:15:00+05:30,145.65,145.8,142.2,142.9,4803636
2017-06-27 09:15:00+05:30,143.65,145.4,140.3,144.55,7105195
2017-06-28 09:15:00+05:30,145.55,145.9,142.35,142.9,7419236
2017-06-29 09:15:00+05:30,144.45,145.45,142.15,142.65,8800016
2017-06-30 09:15:00+05:30,142.6,143.5,141.25,142.2,5746101
2017-07-03 09:15:00+05:30,142.3,144.15,140.9,143.8,6622621
2017-07-04 09:15:00+05:30,144.15,146.2,143.7,144.55,5371351
2017-07-05 09:15:00+05:30,144.95,147.75,144.55,147.1,5605189
2017-07-06 09:15:00+05:30,147.1,147.65,144.7,146.15,7115526
2017-07-07 09:15:00+05:30,145.95,146.45,143.8,144.25,5247930
2017-07-10 09:15:00+05:30,149.1,149.1,143.7,146.75,1405663
2017-07-11 09:15:00+05:30,146.9,147.65,144.6,144.85,7988251
2017-07-12 09:15:00+05:30,145.55,149.95,145.55,147.15,12966188
2017-07-13 09:15:00+05:30,148.35,148.35,143.35,143.6,9072801
2017-07-14 09:15:00+05:30,144.15,144.65,142.5,143.1,7114944
2017-07-17 09:15:00+05:30,144.6,145.4,143.5,144.65,6649645
2017-07-18 09:15:00+05:30,145.05,146.45,144.05,146.15,5319994
2017-07-19 09:15:00+05:30,146.5,147.75,144.45,147.3,9814913
2017-07-20 09:15:00+05:30,146.6,151.7,146.5,149.9,16154989
2017-07-21 09:15:00+05:30,150.45,150.55,147.85,148.5,7090770
2017-07-24 09:15:00+05:30,149.1,149.1,146.15,147.55,10394896
2017-07-25 09:15:00+05:30,147.75,148.05,146.2,147.6,6521103
2017-07-26 09:15:00+05:30,148.5,148.7,147.65,148.25,9143178
2017-07-27 09:15:00+05:30,149.1,149.1,146.45,147.2,12361923
2017-07-28 09:15:00+05:30,146.05,149.6,144.85,148.85,10303502
2017-07-31 09:15:00+05:30,149.1,153.65,149.1,153.1,13899095
2017-08-01 09:15:00+05:30,153.9,153.95,150.7,151.3,6705176
2017-08-02 09:15:00+05:30,151.4,151.4,148.35,149.5,7743355
2017-08-03 09:15:00+05:30,149.1,150.65,147.45,149.8,6902925
2017-08-04 09:15:00+05:30,149.6,151.2,147.85,150.4,6316753
2017-08-07 09:15:00+05:30,150.05,150.95,149.2,149.95,3289743
2017-08-08 09:15:00+05:30,150.0,150.3,146.85,148.25,5981069
2017-08-09 09:15:00+05:30,148.05,150.2,146.85,149.8,5908883
2017-08-10 09:15:00+05:30,148.65,149.7,146.55,147.95,8412268
2017-08-11 09:15:00+05:30,146.0,146.45,143.25,144.3,5471462
2017-08-14 09:15:00+05:30,144.85,146.7,144.6,146.15,3892174
2017-08-16 09:15:00+05:30,146.15,146.2,144.15,145.45,6213088
2017-08-17 09:15:00+05:30,145.4,146.1,144.6,145.15,5184915
2017-08-18 09:15:00+05:30,144.7,146.1,144.15,145.4,5559512
2017-08-21 09:15:00+05:30,145.9,148.7,141.3,142.05,11137965
2017-08-22 09:15:00+05:30,142.8,144.95,142.35,144.1,5611720
2017-08-23 09:15:00+05:30,144.95,145.3,143.9,144.35,2344934
2017-08-24 09:15:00+05:30,144.95,144.95,143.75,144.1,3724532
2017-08-28 09:15:00+05:30,144.95,145.85,144.25,145.15,3680139
2017-08-29 09:15:00+05:30,144.6,144.6,141.9,142.15,7756416
2017-08-30 09:15:00+05:30,143.15,143.8,142.5,143.15,5219322
2017-08-31 09:15:00+05:30,145.15,145.2,141.0,141.85,16715886
2017-09-01 09:15:00+05:30,142.8,144.95,142.2,144.55,6511029
2017-09-04 09:15:00+05:30,144.95,146.7,143.8,146.25,4859269
2017-09-05 09:15:00+05:30,147.3,147.9,145.85,147.1,5823055
2017-09-06 09:15:00+05:30,146.75,148.05,146.35,146.7,3791076
2017-09-07 09:15:00+05:30,147.5,147.5,146.05,146.7,9101357
2017-09-08 09:15:00+05:30,146.75,147.6,144.0,146.3,10505052
2017-09-11 09:15:00+05:30,146.7,148.15,145.5,147.35,9449161
2017-09-12 09:15:00+05:30,147.4,147.75,145.95,146.7,10536298
2017-09-13 09:15:00+05:30,146.5,147.1,145.4,145.55,7006941
2017-09-14 09:15:00+05:30,145.95,146.85,143.0,144.0,15371676
2017-09-15 09:15:00+05:30,144.15,151.7,143.7,150.65,25453536
2017-09-18 09:15:00+05:30,150.95,151.8,148.9,149.3,8383548
2017-09-19 09:15:00+05:30,148.05,150.5,148.0,149.95,7052113
2017-09-20 09:15:00+05:30,150.9,154.5,148.65,151.6,12062311
2017-09-21 09:15:00+05:30,151.6,152.0,148.0,149.95,7198883
2017-09-22 09:15:00+05:30,149.4,149.4,147.6,148.6,10308999
2017-09-25 09:15:00+05:30,148.15,149.4,145.55,148.9,8935570
2017-09-26 09:15:00+05:30,150.1,155.95,150.1,154.85,19866213
2017-09-27 09:15:00+05:30,155.5,156.4,153.3,153.85,7437060
2017-09-28 09:15:00+05:30,152.95,156.6,150.65,155.0,14120709
2017-09-29 09:15:00+05:30,155.25,157.6,153.65,154.5,6418518
2017-10-03 09:15:00+05:30,157.25,157.3,153.65,154.25,5604933
2017-10-04 09:15:00+05:30,154.35,156.2,153.75,155.55,5087199
2017-10-05 09:15:00+05:30,156.15,156.15,154.4,154.65,3767993
2017-10-06 09:15:00+05:30,155.25,157.9,154.95,157.1,6144349
2017-10-09 09:15:00+05:30,156.65,156.7,154.05,154.3,2981922
2017-10-10 09:15:00+05:30,154.55,155.6,152.8,154.0,3112910
2017-10-11 09:15:00+05:30,154.85,155.6,151.85,152.85,4202871
2017-10-12 09:15:00+05:30,153.35,154.2,151.6,153.35,4877955
2017-10-13 09:15:00+05:30,152.85,154.0,152.1,153.3,5190805
2017-10-16 09:15:00+05:30,154.05,156.3,153.7,155.5,5054731
2017-10-17 09:15:00+05:30,154.65,155.45,153.65,154.65,6819547
2017-10-18 09:15:00+05:30,154.55,158.15,154.1,157.7,7869107
2017-10-23 09:15:00+05:30,156.3,156.65,154.15,155.15,4126469
2017-10-24 09:15:00+05:30,154.95,160.25,154.55,159.05,10817861
2017-10-25 09:15:00+05:30,160.8,161.1,158.6,159.85,6103342
2017-10-26 09:15:00+05:30,159.45,162.6,158.95,160.35,15326252
2017-10-27 09:15:00+05:30,160.75,167.1,160.2,166.3,9866477
2017-10-30 09:15:00+05:30,169.95,172.95,168.15,168.65,16606395
2017-10-31 09:15:00+05:30,168.45,173.5,166.8,172.7,10698129
2017-11-01 09:15:00+05:30,173.5,174.6,171.85,172.6,5341109
2017-11-02 09:15:00+05:30,172.6,173.7,169.5,169.95,4024181
2017-11-03 09:15:00+05:30,169.1,173.9,168.15,173.35,7942915
2017-11-06 09:15:00+05:30,174.3,181.15,172.7,180.05,16363370
2017-11-07 09:15:00+05:30,183.0,185.75,174.35,175.15,20559837
2017-11-08 09:15:00+05:30,176.25,176.85,172.6,174.0,6275377
2017-11-09 09:15:00+05:30,175.3,176.25,168.0,171.35,7527346
2017-11-10 09:15:00+05:30,171.75,174.1,170.25,172.7,6035746
2017-11-13 09:15:00+05:30,171.7,172.0,165.9,166.45,6894203
2017-11-14 09:15:00+05:30,167.1,167.25,163.95,164.5,4663077
2017-11-15 09:15:00+05:30,163.2,164.0,158.85,160.45,7701984
2017-11-16 09:15:00+05:30,164.9,165.05,160.1,161.95,7245718
2017-11-17 09:15:00+05:30,164.8,165.85,160.2,160.45,6851616
2017-11-20 09:15:00+05:30,161.5,163.05,160.55,162.6,4004561
2017-11-21 09:15:00+05:30,163.5,164.5,161.0,163.5,5170506
2017-11-22 09:15:00+05:30,163.8,165.15,162.6,163.9,3217008
2017-11-23 09:15:00+05:30,164.4,165.15,163.1,164.25,3511238
2017-11-24 09:15:00+05:30,164.9,165.0,163.0,163.6,2358579
2017-11-27 09:15:00+05:30,164.75,166.7,164.1,166.35,6930971
2017-11-28 09:15:00+05:30,165.65,166.05,162.6,163.85,10710188
2017-11-29 09:15:00+05:30,163.6,166.5,163.6,164.85,5407391
2017-11-30 09:15:00+05:30,163.6,164.5,162.25,163.25,9645385
2017-12-01 09:15:00+05:30,164.5,165.5,161.8,162.4,3451636
2017-12-04 09:15:00+05:30,163.85,166.15,163.45,164.15,6347567
2017-12-05 09:15:00+05:30,162.7,163.3,160.3,161.2,4550575
2017-12-06 09:15:00+05:30,161.2,162.0,158.45,158.9,4194219
2017-12-07 09:15:00+05:30,158.6,160.35,158.45,160.05,4373514
2017-12-08 09:15:00+05:30,160.4,164.0,160.4,162.85,4832733
2017-12-11 09:15:00+05:30,164.45,164.45,160.55,161.7,2310668
2017-12-12 09:15:00+05:30,163.0,166.45,162.8,165.65,6983526
2017-12-13 09:15:00+05:30,166.05,168.95,165.5,166.25,11488267
2017-12-14 09:15:00+05:30,168.1,168.7,164.8,166.6,5885128
2017-12-15 09:15:00+05:30,167.3,168.2,164.7,165.4,7297568
2017-12-18 09:15:00+05:30,165.4,166.25,160.0,165.45,4785160
2017-12-19 09:15:00+05:30,165.45,168.15,165.4,167.35,4240135
2017-12-20 09:15:00+05:30,172.35,172.7,169.45,169.95,8877376
2017-12-21 09:15:00+05:30,170.7,171.35,169.05,169.95,3893100
2017-12-22 09:15:00+05:30,170.5,175.15,169.7,174.8,8914713
2017-12-26 09:15:00+05:30,176.1,178.15,174.15,175.05,11345494
2017-12-27 09:15:00+05:30,176.45,177.15,172.95,174.05,7260402
2017-12-28 09:15:00+05:30,174.55,175.7,173.55,174.45,12772109
2017-12-29 09:15:00+05:30,175.3,177.05,174.0,176.45,5899591
2018-01-01 09:15:00+05:30,176.45,176.85,173.5,173.85,5899565
2018-01-02 09:15:00+05:30,176.9,178.45,176.25,177.9,12878378
2018-01-03 09:15:00+05:30,178.4,178.4,174.45,174.85,8032715
2018-01-04 09:15:00+05:30,176.45,180.75,176.45,180.3,12740860
2018-01-05 09:15:00+05:30,181.65,181.65,177.4,179.4,6812787
2018-01-08 09:15:00+05:30,178.95,180.65,177.8,178.4,4858711
2018-01-09 09:15:00+05:30,179.45,179.85,177.6,178.0,4598757
2018-01-10 09:15:00+05:30,179.25,180.75,178.25,178.85,7673209
2018-01-11 09:15:00+05:30,178.95,180.45,178.0,178.85,5701402
2018-01-12 09:15:00+05:30,179.75,182.5,178.6,181.45,9291346
2018-01-15 09:15:00+05:30,180.3,181.1,177.15,177.7,4500523
2018-01-16 09:15:00+05:30,178.55,179.2,176.25,178.2,5778244
2018-01-17 09:15:00+05:30,177.4,179.55,175.4,176.85,6306388
2018-01-18 09:15:00+05:30,177.5,178.45,174.65,175.4,6247782
2018-01-19 09:15:00+05:30,175.45,177.3,173.5,175.05,5046015
2018-01-22 09:15:00+05:30,178.95,186.1,178.95,181.4,23165754
2018-01-23 09:15:00+05:30,182.55,188.6,181.15,187.4,15755015
2018-01-24 09:15:00+05:30,189.05,191.6,188.0,190.5,16132441
2018-01-25 09:15:00+05:30,192.0,192.35,187.2,188.4,10247173
2018-01-29 09:15:00+05:30,188.0,188.35,184.55,185.45,7620080
2018-01-30 09:15:00+05:30,184.25,188.0,183.9,185.1,7323876
2018-01-31 09:15:00+05:30,183.5,184.9,179.65,183.85,11990243
2018-02-01 09:15:00+05:30,184.4,187.15,175.3,176.15,10015459
2018-02-02 09:15:00+05:30,175.3,178.7,169.95,174.15,12239774
2018-02-05 09:15:00+05:30,173.9,173.95,169.95,170.55,7607002
2018-02-06 09:15:00+05:30,164.5,168.95,162.7,167.6,5935676
2018-02-07 09:15:00+05:30,170.0,173.1,168.95,171.75,8644010
2018-02-08 09:15:00+05:30,171.75,173.15,169.95,170.5,4540513
2018-02-09 09:15:00+05:30,169.35,171.9,166.8,169.3,7314145
2018-02-12 09:15:00+05:30,173.5,175.8,172.05,172.6,14960914
2018-02-14 09:15:00+05:30,172.6,173.5,166.55,167.9,4960527
2018-02-15 09:15:00+05:30,169.05,170.8,167.15,170.2,5046557
2018-02-16 09:15:00+05:30,169.55,171.05,168.55,168.9,4167034
2018-02-19 09:15:00+05:30,169.35,169.35,164.35,167.45,4265576
2018-02-20 09:15:00+05:30,167.95,170.35,167.0,168.95,5328584
2018-02-21 09:15:00+05:30,169.95,172.45,166.9,171.85,4651807
2018-02-22 09:15:00+05:30,169.45,170.25,167.4,168.2,8629189
2018-02-23 09:15:00+05:30,169.0,172.45,168.55,171.55,4880302
2018-02-26 09:15:00+05:30,172.05,173.45,171.25,172.05,2721955
2018-02-27 09:15:00+05:30,172.6,175.65,168.2,170.35,6611097
2018-02-28 09:15:00+05:30,169.65,171.9,168.4,170.2,6147245
2018-03-01 09:15:00+05:30,169.85,171.9,169.3,171.45,3450224
2018-03-05 09:15:00+05:30,170.8,171.15,166.45,167.7,5082390
2018-03-06 09:15:00+05:30,168.55,168.9,166.75,167.55,2906142
2018-03-07 09:15:00+05:30,167.15,167.4,161.6,164.1,4482279
2018-03-08 09:15:00+05:30,164.5,165.1,162.2,162.75,3288627
2018-03-09 09:15:00+05:30,162.9,165.35,162.3,162.55,2053847
2018-03-12 09:15:00+05:30,163.5,166.55,161.8,166.2,4161129
2018-03-13 09:15:00+05:30,164.8,166.45,164.1,165.95,2457755
2018-03-14 09:15:00+05:30,165.2,166.4,162.5,163.2,4846612
2018-03-15 09:15:00+05:30,163.7,164.0,161.55,162.9,5145739
2018-03-16 09:15:00+05:30,162.9,163.05,159.15,160.15,8194541
2018-03-19 09:15:00+05:30,160.55,161.2,159.2,159.85,5782668
2018-03-20 09:15:00+05:30,159.4,160.6,156.85,157.35,3020586
2018-03-21 09:15:00+05:30,158.75,160.3,156.9,158.6,4055822
2018-03-22 09:15:00+05:30,160.0,164.25,159.55,161.7,8348549
2018-03-23 09:15:00+05:30,159.25,162.35,159.2,160.4,6884971
2018-03-26 09:15:00+05:30,162.25,162.25,159.05,161.7,4169998
2018-03-27 09:15:00+05:30,163.15,163.7,160.25,162.4,3823981
2018-03-28 09:15:00+05:30,161.3,161.8,159.15,160.65,6229049
2018-04-02 09:15:00+05:30,161.9,163.5,161.2,162.55,2235832
2018-04-03 09:15:00+05:30,160.55,162.0,159.4,160.4,3552271
2018-04-04 09:15:00+05:30,161.3,161.3,157.9,158.45,3353172
2018-04-05 09:15:00+05:30,159.5,160.75,158.5,160.4,5375271
2018-04-06 09:15:00+05:30,162.15,162.15,159.4,159.95,3633964
2018-04-09 09:15:00+05:30,160.1,161.95,159.35,161.2,4046065
2018-04-10 09:15:00+05:30,162.2,163.2,161.0,162.8,5180326
2018-04-11 09:15:00+05:30,164.1,167.55,162.95,164.6,11607043
2018-04-12 09:15:00+05:30,165.55,166.3,163.6,164.3,4277125
2018-04-13 09:15:00+05:30,164.3,165.85,163.7,164.9,3050131
2018-04-16 09:15:00+05:30,164.65,164.75,162.5,164.1,2308502
2018-04-17 09:15:00+05:30,164.3,164.55,162.1,163.4,2721706
2018-04-18 09:15:00+05:30,163.65,165.35,163.6,164.55,3279393
2018-04-19 09:15:00+05:30,165.6,168.35,164.3,166.25,5004280
2018-04-20 09:15:00+05:30,167.15,167.15,163.7,164.75,1618027
2018-04-23 09:15:00+05:30,165.75,166.1,162.2,163.65,3930421
2018-04-24 09:15:00+05:30,164.55,165.45,164.1,165.05,4080212
2018-04-25 09:15:00+05:30,164.15,164.85,161.5,162.25,3629856
2018-04-26 09:15:00+05:30,162.25,164.3,160.3,163.4,6742459
2018-04-27 09:15:00+05:30,163.55,165.4,162.35,163.3,4687951
2018-04-30 09:15:00+05:30,161.3,164.45,161.1,163.15,3335191
2018-05-02 09:15:00+05:30,164.1,164.1,162.05,162.65,4157973
2018-05-03 09:15:00+05:30,162.55,164.75,162.45,163.7,2796713
2018-05-04 09:15:00+05:30,164.3,167.3,162.35,162.85,5325720
2018-05-07 09:15:00+05:30,163.85,166.75,163.4,166.25,4799480
2018-05-08 09:15:00+05:30,167.05,168.25,162.25,165.5,5730645
2018-05-09 09:15:00+05:30,166.65,167.9,164.65,165.25,3075560
2018-05-10 09:15:00+05:30,166.7,171.1,165.85,170.15,10328901
2018-05-11 09:15:00+05:30,170.4,170.8,168.4,169.45,4926216
2018-05-14 09:15:00+05:30,169.45,170.35,167.05,169.2,3255344
2018-05-15 09:15:00+05:30,170.8,173.5,166.45,170.8,5877427
2018-05-16 09:15:00+05:30,170.75,170.75,158.85,168.3,8348946
2018-05-17 09:15:00+05:30,168.1,171.15,167.1,170.45,4519306
2018-05-18 09:15:00+05:30,170.8,173.3,166.8,167.2,4488003
2018-05-21 09:15:00+05:30,168.5,170.45,167.35,167.9,3380355
2018-05-22 09:15:00+05:30,168.3,170.35,166.3,167.35,3796268
2018-05-23 09:15:00+05:30,166.25,167.5,157.55,158.45,5590802
2018-05-24 09:15:00+05:30,158.65,159.15,140.25,151.6,34819270
2018-05-25 09:15:00+05:30,150.05,159.25,147.15,158.5,12361678
2018-05-28 09:15:00+05:30,158.2,161.6,156.95,158.65,8087040
2018-05-29 09:15:00+05:30,159.25,160.4,156.5,158.6,11015160
2018-05-30 09:15:00+05:30,158.45,161.3,156.15,157.25,12554659
2018-05-31 09:15:00+05:30,160.55,162.95,158.25,160.75,23822373
2018-06-01 09:15:00+05:30,159.05,159.05,154.2,156.45,9847581
2018-06-04 09:15:00+05:30,158.45,158.45,154.05,154.6,5294603
2018-06-05 09:15:00+05:30,154.1,155.75,152.9,154.65,5918946
2018-06-06 09:15:00+05:30,154.7,155.7,153.45,153.95,3331408
2018-06-07 09:15:00+05:30,153.75,157.0,153.75,156.1,5086661
2018-06-08 09:15:00+05:30,157.25,158.1,155.55,156.95,4323567
2018-06-11 09:15:00+05:30,157.3,157.55,155.95,156.55,3192749
2018-06-12 09:15:00+05:30,156.25,158.65,154.4,154.85,4564556
2018-06-13 09:15:00+05:30,154.4,155.45,152.4,153.65,5321172
2018-06-14 09:15:00+05:30,153.15,154.4,150.9,152.3,4188442
2018-06-15 09:15:00+05:30,150.4,152.1,148.7,149.55,7589493
2018-06-18 09:15:00+05:30,149.0,151.3,147.55,148.7,4390244
2018-06-19 09:15:00+05:30,149.5,150.7,147.75,148.9,4413184
2018-06-20 09:15:00+05:30,149.1,149.1,146.55,147.05,5768211
2018-06-21 09:15:00+05:30,147.95,147.95,143.0,144.35,12638114
2018-06-22 09:15:00+05:30,145.2,145.2,143.4,144.2,5371207
2018-06-25 09:15:00+05:30,144.9,145.25,141.05,141.55,5899032
2018-06-26 09:15:00+05:30,141.3,143.6,141.0,143.05,5960446
2018-06-27 09:15:00+05:30,143.1,143.55,139.55,141.2,7034207
2018-06-28 09:15:00+05:30,141.25,143.35,137.15,138.75,17670403
2018-06-29 09:15:00+05:30,140.25,144.0,139.25,143.15,7079407
2018-07-02 09:15:00+05:30,142.65,142.8,138.75,140.55,9196529
2018-07-03 09:15:00+05:30,140.15,146.05,139.8,142.55,12087830
2018-07-04 09:15:00+05:30,142.6,142.8,140.15,140.95,5194030
2018-07-05 09:15:00+05:30,140.95,142.45,139.3,141.3,6807718
2018-07-06 09:15:00+05:30,141.8,142.25,140.35,140.55,3633191
2018-07-09 09:15:00+05:30,140.95,143.15,140.3,142.3,4379183
2018-07-10 09:15:00+05:30,143.25,144.45,142.25,142.75,5276248
2018-07-11 09:15:00+05:30,142.8,143.45,141.4,142.9,6653936
2018-07-12 09:15:00+05:30,144.25,144.8,139.85,143.65,8165181
2018-07-13 09:15:00+05:30,143.75,143.75,138.85,139.2,3523600
2018-07-16 09:15:00+05:30,140.75,141.1,138.35,139.0,3680440
2018-07-17 09:15:00+05:30,138.55,141.75,137.75,141.1,3952416
2018-07-18 09:15:00+05:30,141.8,148.9,141.75,144.85,16571981
2018-07-19 09:15:00+05:30,147.0,149.3,145.35,146.2,8472466
2018-07-20 09:15:00+05:30,146.2,146.45,141.5,142.75,5475594
2018-07-23 09:51:00+05:30,142.85,143.45,139.9,141.45,4553137
2018-07-24 09:15:00+05:30,142.1,142.95,140.85,142.1,3943002
2018-07-25 09:15:00+05:30,142.55,145.3,142.15,143.75,4063454
2018-07-26 09:15:00+05:30,143.85,148.25,142.95,146.9,8778489
2018-07-27 09:15:00+05:30,146.85,147.1,144.75,145.75,3542015
2018-07-30 09:15:00+05:30,145.9,150.45,145.6,148.35,9599714
2018-07-31 09:15:00+05:30,149.85,150.65,147.3,149.8,6815180
2018-08-01 09:15:00+05:30,149.35,152.5,149.25,151.1,4618179
2018-08-02 09:15:00+05:30,153.1,154.4,149.35,150.4,7825776
2018-08-03 09:15:00+05:30,154.05,154.55,150.2,150.7,12172870
2018-08-06 09:15:00+05:30,151.0,153.35,150.7,152.95,5159560
2018-08-07 09:15:00+05:30,153.65,153.65,150.5,151.45,4300164
2018-08-08 09:15:00+05:30,151.5,156.3,151.5,155.95,7991348
2018-08-09 09:15:00+05:30,156.0,156.3,152.15,152.6,4437178
2018-08-10 09:15:00+05:30,153.1,154.5,151.95,152.95,4341382
2018-08-13 09:15:00+05:30,152.6,152.6,149.6,150.05,3731211
2018-08-14 09:15:00+05:30,150.35,150.9,148.95,150.25,3791016
2018-08-16 09:15:00+05:30,149.95,150.55,148.1,148.6,4184404
2018-08-17 09:15:00+05:30,148.65,149.1,146.85,147.35,4754545
2018-08-20 09:15:00+05:30,148.25,153.55,148.25,152.5,9674107
2018-08-21 09:15:00+05:30,153.45,154.7,150.7,153.85,5181397
2018-08-23 09:15:00+05:30,154.55,155.95,152.6,155.35,6635245
2018-08-24 09:15:00+05:30,154.55,159.5,154.4,157.95,9867693
2018-08-27 09:15:00+05:30,158.5,159.9,158.2,159.1,3612496
2018-08-28 09:15:00+05:30,159.25,161.3,156.5,157.85,5439278
2018-08-29 09:15:00+05:30,158.2,161.5,157.35,160.0,6288920
2018-08-30 09:15:00+05:30,159.9,164.4,159.2,160.4,11296260
2018-08-31 09:15:00+05:30,161.55,163.85,160.6,162.65,8916222
2018-09-03 09:15:00+05:30,163.35,163.35,159.65,160.3,3168480
2018-09-04 09:15:00+05:30,160.6,160.95,156.85,157.6,2874936
2018-09-05 09:15:00+05:30,157.4,158.2,154.35,156.95,3735722
2018-09-06 09:15:00+05:30,157.25,159.2,154.2,157.75,6809374
2018-09-07 09:15:00+05:30,158.2,158.2,154.6,155.35,5309239
2018-09-10 09:15:00+05:30,154.1,154.75,151.9,152.45,5569685
2018-09-11 09:15:00+05:30,152.5,153.65,151.3,151.65,8750333
2018-09-12 09:15:00+05:30,150.2,154.4,150.2,152.3,5610743
2018-09-14 09:15:00+05:30,153.15,156.55,152.2,156.0,4720460
2018-09-17 09:15:00+05:30,154.6,156.8,154.25,155.15,4012086
2018-09-18 09:15:00+05:30,155.8,157.85,155.2,157.15,6426239
2018-09-19 09:15:00+05:30,156.5,161.5,156.5,160.0,10038603
2018-09-21 09:15:00+05:30,160.3,164.1,159.7,163.0,9298030
2018-09-24 09:15:00+05:30,163.6,167.55,162.1,163.2,13799885
2018-09-25 09:15:00+05:30,164.45,166.85,162.2,164.7,8363857
2018-09-26 09:15:00+05:30,167.0,167.0,161.75,163.2,6680285
2018-09-27 09:15:00+05:30,163.7,164.3,158.25,158.85,7853039
2018-09-28 09:15:00+05:30,160.0,163.6,155.8,160.2,8598293
2018-10-01 09:15:00+05:30,162.1,163.7,157.85,161.8,4582462
2018-10-03 09:15:00+05:30,160.75,165.85,160.75,164.05,8893914
2018-10-04 09:15:00+05:30,163.1,164.95,147.65,155.85,7866152
2018-10-05 09:15:00+05:30,144.65,144.65,131.55,132.9,35255036
2018-10-08 09:15:00+05:30,134.65,136.35,130.75,135.35,11709162
2018-10-09 09:15:00+05:30,136.05,137.25,131.4,132.6,6818577
2018-10-10 09:15:00+05:30,132.05,136.9,132.05,134.35,10873198
2018-10-11 09:15:00+05:30,132.05,144.25,132.05,138.25,15633772
2018-10-12 09:15:00+05:30,139.8,143.1,139.15,142.3,6089606
2018-10-15 09:15:00+05:30,143.65,145.4,141.55,144.75,4679911
2018-10-16 09:15:00+05:30,146.4,151.1,145.55,149.7,8912396
2018-10-17 09:15:00+05:30,150.55,151.2,145.1,146.5,5347724
2018-10-19 09:15:00+05:30,146.85,148.0,141.9,145.0,7258192
2018-10-22 09:15:00+05:30,145.5,146.25,140.35,140.95,5476435
2018-10-23 09:15:00+05:30,140.45,142.3,136.4,140.5,8239765
2018-10-24 09:15:00+05:30,142.75,144.35,138.85,142.55,8342857
2018-10-25 09:15:00+05:30,141.9,147.1,138.35,140.45,32100452
2018-10-26 09:15:00+05:30,140.95,141.7,135.2,137.15,9427229
2018-10-29 09:15:00+05:30,137.8,140.75,136.1,140.0,5954637
2018-10-30 09:15:00+05:30,140.1,140.1,137.45,138.25,4156028
2018-10-31 09:15:00+05:30,139.15,140.1,136.85,138.55,7562821
2018-11-01 09:15:00+05:30,140.55,140.8,138.6,139.35,5220182
2018-11-02 09:15:00+05:30,140.55,143.2,140.2,142.25,7789972
2018-11-05 09:15:00+05:30,149.1,149.1,139.3,140.05,15261029
2018-11-06 09:15:00+05:30,140.95,142.95,139.0,141.0,7749980
2018-11-09 09:15:00+05:30,142.8,142.8,140.25,141.3,6478458
2018-11-12 09:15:00+05:30,141.85,143.15,140.45,141.0,4686739
2018-11-13 09:15:00+05:30,141.0,142.8,140.75,141.4,5499454
2018-11-14 09:15:00+05:30,142.55,148.15,142.15,145.5,15008061
2018-11-15 09:15:00+05:30,145.85,146.45,142.9,143.55,3468318
2018-11-16 09:15:00+05:30,142.8,142.8,138.1,141.3,7515249
2018-11-19 09:15:00+05:30,140.95,141.4,138.4,139.65,4614296
2018-11-20 09:15:00+05:30,139.65,140.8,137.95,138.4,5480470
2018-11-21 09:15:00+05:30,140.1,140.55,136.75,137.1,4573137
2018-11-22 09:15:00+05:30,137.8,139.4,137.05,137.6,4477092
2018-11-26 09:15:00+05:30,138.3,138.85,131.15,132.55,8093330
2018-11-27 09:15:00+05:30,133.15,133.6,130.4,132.05,9231112
2018-11-28 09:15:00+05:30,132.7,133.95,128.4,129.05,14201939
2018-11-29 09:15:00+05:30,130.05,130.05,124.4,127.05,28991042
2018-11-30 09:15:00+05:30,128.0,129.85,125.15,126.75,23675557
2018-12-03 00:00:00+05:30,127.35,129.25,126.7,128.75,8371191
2018-12-04 00:00:00+05:30,128.85,133.7,128.65,132.1,9753442
2018-12-05 00:00:00+05:30,131.9,133.85,128.65,129.85,9774733
2018-12-06 00:00:00+05:30,128.85,128.85,125.15,126.65,5771659
2018-12-07 00:00:00+05:30,126.7,127.85,124.75,126.0,10571838
2018-12-10 00:00:00+05:30,125.15,127.65,122.15,123.9,33096556
2018-12-11 00:00:00+05:30,122.9,125.55,121.8,124.8,14884397
2018-12-12 00:00:00+05:30,126.1,128.75,125.45,128.1,14020937
2018-12-13 00:00:00+05:30,129.25,130.35,127.9,129.5,11251819
2018-12-14 00:00:00+05:30,129.25,135.95,127.05,132.75,23355616
2018-12-17 00:00:00+05:30,133.75,135.45,132.05,134.0,12767531
2018-12-18 00:00:00+05:30,133.65,134.6,132.25,133.35,10474177
2018-12-19 00:00:00+05:30,133.25,134.55,133.1,134.0,7008346
2018-12-20 00:00:00+05:30,133.7,136.25,133.15,134.35,21204077
2018-12-21 00:00:00+05:30,134.65,134.9,133.35,134.25,17767999
2018-12-24 00:00:00+05:30,134.25,135.25,133.1,133.65,8200455
2018-12-26 00:00:00+05:30,133.85,135.05,131.7,132.55,9247671
2018-12-27 00:00:00+05:30,133.15,136.85,131.95,135.25,44356763
2018-12-28 00:00:00+05:30,133.95,136.95,133.75,136.05,10732729
2018-12-31 00:00:00+05:30,135.7,136.3,134.75,135.45,5778308
2019-01-01 00:00:00+05:30,135.55,135.65,133.75,134.25,4496586
2019-01-02 00:00:00+05:30,133.75,134.1,131.7,132.9,17436694
2019-01-03 00:00:00+05:30,131.05,131.6,128.0,128.65,26599483
2019-01-04 00:00:00+05:30,128.4,132.15,128.4,131.65,7395898
2019-01-07 00:00:00+05:30,133.3,134.15,131.7,133.6,12700566
2019-01-08 00:00:00+05:30,134.75,134.75,132.25,133.2,6163846
2019-01-09 00:00:00+05:30,133.65,133.95,130.9,131.3,4951441
2019-01-10 00:00:00+05:30,131.85,132.85,129.25,129.45,7131028
2019-01-11 00:00:00+05:30,130.15,131.45,129.85,130.7,7665486
2019-01-14 00:00:00+05:30,131.05,131.2,128.75,129.65,6028078
2019-01-15 00:00:00+05:30,130.75,131.45,130.2,131.2,3680774
2019-01-16 00:00:00+05:30,131.2,133.05,131.2,132.3,3667241
2019-01-17 00:00:00+05:30,132.45,133.2,130.6,131.05,5142302
2019-01-18 00:00:00+05:30,131.15,133.45,131.15,132.65,4904282
2019-01-21 00:00:00+05:30,132.85,133.0,130.25,130.75,4087312
2019-01-22 00:00:00+05:30,131.45,131.95,130.2,130.5,4113351
2019-01-23 00:00:00+05:30,130.75,131.5,129.25,129.5,4946218
2019-01-24 00:00:00+05:30,129.6,130.1,127.45,128.1,3820645
2019-01-25 00:00:00+05:30,128.45,130.6,128.05,128.35,3871762
2019-01-28 00:00:00+05:30,128.75,129.2,126.25,128.05,2910523
2019-01-29 00:00:00+05:30,128.55,129.85,126.6,127.45,7282910
2019-01-30 00:00:00+05:30,127.85,127.9,125.15,126.3,8511453
2019-01-31 00:00:00+05:30,126.7,129.05,125.85,127.65,28107358
2019-02-01 00:00:00+05:30,127.4,129.5,126.4,128.2,5260578
2019-02-04 00:00:00+05:30,128.75,133.2,128.7,132.2,9532350
2019-02-05 00:00:00+05:30,131.95,133.95,128.55,129.2,5413425
2019-02-06 00:00:00+05:30,129.6,133.5,128.75,132.6,5075180
2019-02-07 00:00:00+05:30,132.8,134.05,131.45,133.65,6080631
2019-02-08 00:00:00+05:30,132.25,134.05,129.35,130.3,4510762
2019-02-11 00:00:00+05:30,129.45,129.85,123.9,124.9,6424512
2019-02-12 00:00:00+05:30,125.15,127.35,123.45,124.25,6816203
2019-02-13 00:00:00+05:30,125.4,126.1,120.3,120.55,8709694
2019-02-14 00:00:00+05:30,120.6,121.3,115.35,119.45,25346334
2019-02-15 00:00:00+05:30,124.7,127.35,120.55,122.05,37975666
2019-02-18 00:00:00+05:30,123.6,125.5,122.7,123.9,10614715
2019-02-19 00:00:00+05:30,124.0,126.8,124.0,125.75,9077045
2019-02-20 00:00:00+05:30,128.0,131.35,126.55,130.2,14236359
2019-02-21 00:00:00+05:30,131.05,134.35,130.35,132.8,13876243
2019-02-22 00:00:00+05:30,134.35,136.05,132.9,134.35,18273813
2019-02-25 00:00:00+05:30,134.65,134.95,131.65,133.5,20216077
2019-02-26 00:00:00+05:30,133.25,134.85,131.95,133.25,12458860
2019-02-27 00:00:00+05:30,134.5,135.3,132.45,133.75,11868751
2019-02-28 00:00:00+05:30,130.55,136.25,129.3,134.4,48854712
2019-03-01 00:00:00+05:30,135.45,135.75,133.6,134.75,9764801
2019-03-05 00:00:00+05:30,134.5,140.7,133.6,140.1,11194669
2019-03-06 00:00:00+05:30,140.2,141.9,138.1,139.9,15648948
2019-03-07 00:00:00+05:30,139.9,140.55,136.95,137.4,30210637
2019-03-08 00:00:00+05:30,137.45,137.9,132.85,135.95,17986042
2019-03-11 00:00:00+05:30,137.0,139.4,136.55,138.3,15880368
2019-03-12 00:00:00+05:30,139.15,140.65,136.55,137.2,10818012
2019-03-13 00:00:00+05:30,136.7,136.7,131.65,135.3,21001041
2019-03-14 00:00:00+05:30,135.55,137.8,135.1,136.55,6328309
2019-03-15 00:00:00+05:30,137.25,142.3,136.65,140.95,15483879
2019-03-18 00:00:00+05:30,140.1,142.2,138.85,139.75,7575127
2019-03-19 00:00:00+05:30,140.95,147.5,139.9,141.9,18289779
2019-03-20 00:00:00+05:30,141.55,141.95,136.1,137.2,28675956
2019-03-22 00:00:00+05:30,138.25,138.7,134.2,137.65,26751005
2019-03-25 00:00:00+05:30,137.35,145.1,136.2,143.4,22638399
2019-03-26 00:00:00+05:30,143.7,147.35,143.4,144.65,16694599
2019-03-27 00:00:00+05:30,144.75,145.85,142.35,144.7,10063152
2019-03-28 00:00:00+05:30,144.6,144.85,140.3,140.9,25492224
2019-03-29 00:00:00+05:30,141.9,146.7,140.55,144.4,28968721
2019-04-01 00:00:00+05:30,145.05,145.45,140.8,142.15,20605152
2019-04-02 00:00:00+05:30,143.85,144.35,141.3,142.35,10435568
2019-04-03 00:00:00+05:30,143.3,143.8,139.7,140.55,8283863
2019-04-04 00:00:00+05:30,140.35,141.3,138.55,140.35,10752094
2019-04-05 00:00:00+05:30,140.95,142.05,139.15,141.45,6797106
2019-04-08 00:00:00+05:30,142.6,144.85,141.45,142.9,13120469
2019-04-09 00:00:00+05:30,143.35,143.6,141.95,142.4,8487177
2019-04-10 00:00:00+05:30,141.85,144.55,141.7,142.8,9363447
2019-04-11 00:00:00+05:30,142.8,144.05,140.9,143.35,5279154
2019-04-12 00:00:00+05:30,143.7,144.3,142.15,142.45,5631030
2019-04-15 00:00:00+05:30,143.05,143.05,141.05,141.35,3902646
2019-04-16 00:00:00+05:30,141.4,145.5,140.85,145.0,8394765
2019-04-18 00:00:00+05:30,145.4,146.6,143.75,145.15,9606055
2019-04-22 00:00:00+05:30,145.25,145.95,141.8,142.7,5543020
2019-04-23 00:00:00+05:30,142.8,149.1,142.45,148.0,10137024
2019-04-24 00:00:00+05:30,149.8,154.05,149.8,152.45,33596281
2019-04-25 00:00:00+05:30,152.15,153.65,150.5,152.6,134264338
2019-04-26 00:00:00+05:30,153.15,153.6,151.75,152.2,8708111
2019-04-30 00:00:00+05:30,151.85,154.65,150.15,152.9,9844317
2019-05-02 00:00:00+05:30,153.0,155.45,152.2,152.6,22056708
2019-05-03 00:00:00+05:30,152.6,155.35,152.5,153.9,12720120
2019-05-06 00:00:00+05:30,153.65,155.15,151.95,153.8,18962836
2019-05-07 00:00:00+05:30,154.05,155.95,152.4,155.15,9042790
2019-05-08 00:00:00+05:30,154.85,154.85,151.6,152.6,8603091
2019-05-09 00:00:00+05:30,151.3,153.75,151.3,153.1,6869953
2019-05-10 00:00:00+05:30,152.2,153.1,149.8,150.3,6195094
2019-05-13 00:00:00+05:30,151.1,151.75,147.3,148.35,7792358
2019-05-14 00:00:00+05:30,146.45,149.5,145.4,148.4,7268915
2019-05-15 00:00:00+05:30,148.7,149.3,146.25,147.05,5412275
2019-05-16 00:00:00+05:30,147.65,150.8,146.45,150.0,5197438
2019-05-17 00:00:00+05:30,150.5,151.85,146.5,151.25,5532072
2019-05-20 00:00:00+05:30,153.65,159.6,152.8,159.05,7103649
2019-05-21 00:00:00+05:30,158.3,159.5,157.05,157.95,7135887
2019-05-22 00:00:00+05:30,158.05,160.85,157.4,160.0,10347293
2019-05-23 00:00:00+05:30,161.3,161.7,156.35,157.4,9247879
2019-05-24 00:00:00+05:30,157.25,158.95,152.55,157.65,9263195
2019-05-27 00:00:00+05:30,157.25,158.35,156.0,156.9,7461458
2019-05-28 00:00:00+05:30,156.45,159.4,155.05,158.45,16628505
2019-05-29 00:00:00+05:30,157.15,157.85,154.0,155.0,7205487
2019-05-30 00:00:00+05:30,155.45,155.45,151.45,153.15,21945960
2019-05-31 00:00:00+05:30,151.85,157.2,150.5,155.4,17113729
2019-06-03 00:00:00+05:30,156.35,156.45,151.4,155.6,17756361
2019-06-04 00:00:00+05:30,156.3,156.75,153.7,154.2,8578302
2019-06-06 00:00:00+05:30,154.1,155.55,152.6,153.1,14152285
2019-06-07 00:00:00+05:30,153.25,153.75,150.5,151.4,5052519
2019-06-10 00:00:00+05:30,151.9,152.7,147.5,148.75,10866149
2019-06-11 00:00:00+05:30,148.95,154.0,148.95,152.95,11282418
2019-06-12 00:00:00+05:30,151.9,154.9,150.05,154.45,9478876
2019-06-13 00:00:00+05:30,152.55,153.85,150.9,152.65,6678516
2019-06-14 00:00:00+05:30,152.65,154.55,152.25,153.0,7153585
2019-06-17 00:00:00+05:30,153.15,153.6,147.25,148.55,4603627
2019-06-18 00:00:00+05:30,148.25,150.85,147.55,150.15,5808715
2019-06-19 00:00:00+05:30,150.7,152.8,148.7,151.25,4625698
2019-06-20 00:00:00+05:30,150.3,156.15,150.3,155.45,5793816
2019-06-21 00:00:00+05:30,155.2,156.7,153.45,154.5,11402911
2019-06-24 00:00:00+05:30,154.65,155.3,148.95,149.3,6585159
2019-06-25 00:00:00+05:30,149.6,152.25,149.6,150.2,6697367
2019-06-26 00:00:00+05:30,150.1,152.85,150.1,151.45,5978575
2019-06-27 00:00:00+05:30,151.45,155.25,151.15,154.2,36738164
2019-06-28 00:00:00+05:30,153.95,154.75,150.6,151.6,5325984
2019-07-01 00:00:00+05:30,152.0,154.05,143.9,145.5,15160240
2019-07-02 00:00:00+05:30,147.3,150.25,145.95,149.75,10975678
2019-07-03 00:00:00+05:30,149.85,151.8,147.75,150.3,8253849
2019-07-04 00:00:00+05:30,150.4,152.6,150.1,151.0,8827834
2019-07-05 00:00:00+05:30,151.0,151.9,144.6,145.95,14509056
2019-07-08 00:00:00+05:30,145.9,145.95,136.55,137.7,10273814
2019-07-09 00:00:00+05:30,137.7,140.55,136.15,138.65,15033604
2019-07-10 00:00:00+05:30,138.35,139.5,135.2,137.05,5310646
2019-07-11 00:00:00+05:30,138.3,139.2,137.35,138.4,6576542
2019-07-12 00:00:00+05:30,138.3,138.6,133.75,135.25,13015538
2019-07-15 00:00:00+05:30,135.55,137.05,134.55,136.2,8465078
2019-07-16 00:00:00+05:30,136.5,139.5,136.2,137.6,12865346
2019-07-17 00:00:00+05:30,137.7,138.9,134.65,135.45,8046201
2019-07-18 00:00:00+05:30,135.5,136.3,129.3,129.6,15971004
2019-07-19 00:00:00+05:30,130.6,131.75,126.85,130.05,25660025
2019-07-22 00:00:00+05:30,130.15,133.15,127.1,132.6,12077069
2019-07-23 00:00:00+05:30,132.45,133.5,130.3,130.65,5519598
2019-07-24 00:00:00+05:30,131.35,131.8,129.15,129.8,9202665
2019-07-25 00:00:00+05:30,130.45,130.85,127.8,130.0,28004780
2019-07-26 00:00:00+05:30,130.55,130.55,127.8,128.3,10055490
2019-07-29 00:00:00+05:30,128.35,128.65,125.05,126.8,19155260
2019-07-30 00:00:00+05:30,127.8,128.2,124.8,125.4,11943745
2019-07-31 00:00:00+05:30,124.45,126.3,123.15,125.45,9857785
2019-08-01 00:00:00+05:30,125.15,126.35,122.1,123.7,9105690
2019-08-02 00:00:00+05:30,122.9,123.25,120.0,121.45,9912972
2019-08-05 00:00:00+05:30,120.05,120.1,117.6,118.65,9551686
2019-08-06 00:00:00+05:30,118.25,119.75,116.9,118.8,11765339
2019-08-07 00:00:00+05:30,118.8,119.15,116.0,117.9,13083927
2019-08-08 00:00:00+05:30,117.9,119.95,115.65,118.25,10164125
2019-08-09 00:00:00+05:30,118.95,119.65,117.2,118.35,8847432
2019-08-13 00:00:00+05:30,118.35,120.6,113.45,115.5,12944927
2019-08-14 00:00:00+05:30,116.6,117.35,113.65,114.6,14449993
2019-08-16 00:00:00+05:30,115.45,116.65,114.25,115.65,12017531
2019-08-19 00:00:00+05:30,115.7,116.1,113.9,114.15,5695238
2019-08-20 00:00:00+05:30,114.4,114.6,112.4,113.0,6214250
2019-08-21 00:00:00+05:30,112.95,113.5,108.1,109.55,9765538
2019-08-22 00:00:00+05:30,109.55,109.8,105.0,105.7,8867462
2019-08-23 00:00:00+05:30,105.15,111.55,104.65,110.5,10008179
2019-08-26 00:00:00+05:30,112.05,113.0,108.05,111.8,11056410
2019-08-27 00:00:00+05:30,112.15,114.25,111.3,113.55,18829260
2019-08-28 00:00:00+05:30,113.0,113.8,108.8,109.55,11763326
2019-08-29 00:00:00+05:30,108.45,112.3,108.0,111.4,30777971
2019-08-30 00:00:00+05:30,111.6,113.65,108.0,109.55,9910931
2019-09-03 00:00:00+05:30,108.9,108.9,105.25,105.9,8243808
2019-09-04 00:00:00+05:30,106.2,107.9,104.45,107.55,8873226
2019-09-05 00:00:00+05:30,107.95,117.4,107.95,113.1,32226347
2019-09-06 00:00:00+05:30,114.25,116.15,112.55,115.7,15759526
2019-09-09 00:00:00+05:30,115.05,117.45,113.85,116.95,9454697
2019-09-11 00:00:00+05:30,116.75,118.3,113.1,113.65,11398745
2019-09-12 00:00:00+05:30,114.1,115.95,113.2,113.75,8659474
2019-09-13 00:00:00+05:30,114.1,116.85,113.3,116.45,13251256
2019-09-16 00:00:00+05:30,118.35,120.45,116.1,118.1,18224041
2019-09-17 00:00:00+05:30,118.15,119.3,116.6,117.25,11879210
2019-09-18 00:00:00+05:30,117.25,117.45,113.8,114.75,12238136
2019-09-19 00:00:00+05:30,114.75,115.0,111.75,112.35,8680319
2019-09-20 00:00:00+05:30,112.45,122.0,109.85,120.7,30270009
2019-09-23 00:00:00+05:30,124.25,127.3,122.0,123.2,17685955
2019-09-24 00:00:00+05:30,123.15,126.4,120.05,120.6,16012272
2019-09-25 00:00:00+05:30,119.3,120.75,118.1,118.8,5824582
2019-09-26 00:00:00+05:30,119.1,124.75,118.6,123.85,19764328
2019-09-27 00:00:00+05:30,122.8,123.0,117.9,118.85,11359611
2019-09-30 00:00:00+05:30,118.5,120.1,116.15,119.1,11625597
2019-10-01 00:00:00+05:30,118.85,120.5,114.55,115.8,10259184
2019-10-03 00:00:00+05:30,115.8,117.4,113.35,115.8,7082143
2019-10-04 00:00:00+05:30,117.45,120.0,115.05,117.1,20137433
2019-10-07 00:00:00+05:30,117.1,117.3,113.35,114.35,9194007
2019-10-09 00:00:00+05:30,114.3,114.9,112.0,113.7,15309757
2019-10-10 00:00:00+05:30,113.7,114.85,113.05,113.45,6169256
2019-10-11 00:00:00+05:30,114.15,117.4,113.95,116.6,11840486
2019-10-14 00:00:00+05:30,117.0,123.35,116.6,122.2,19460416
2019-10-15 00:00:00+05:30,123.8,125.75,122.3,125.3,17145941
2019-10-16 00:00:00+05:30,126.55,129.4,125.0,128.05,15149481
2019-10-17 00:00:00+05:30,127.5,128.3,125.75,127.8,9372042
2019-10-18 00:00:00+05:30,126.6,130.6,126.45,129.7,17597233
2019-10-22 00:00:00+05:30,129.7,132.1,128.55,130.4,11582273
2019-10-23 00:00:00+05:30,130.4,131.0,127.65,128.3,7500868
2019-10-24 00:00:00+05:30,128.3,128.55,125.65,127.15,6919238
2019-10-25 00:00:00+05:30,128.0,128.0,124.8,126.15,6636201
2019-10-27 00:00:00+05:30,126.8,127.3,125.6,126.4,698557
2019-10-29 00:00:00+05:30,127.0,130.0,124.9,128.5,8236221
2019-10-30 00:00:00+05:30,130.15,130.15,126.4,127.0,7064774
2019-10-31 00:00:00+05:30,127.05,128.55,126.25,128.1,22281969
2019-11-01 00:00:00+05:30,127.0,130.8,126.6,130.3,8049866
2019-11-04 00:00:00+05:30,130.3,135.2,130.3,133.15,11733406
2019-11-05 00:00:00+05:30,133.95,134.5,131.05,132.3,7883507
2019-11-06 00:00:00+05:30,132.3,133.75,130.0,130.7,6207456
2019-11-07 00:00:00+05:30,131.0,131.1,126.85,128.4,7332352
2019-11-08 00:00:00+05:30,128.3,129.7,124.35,125.0,8252930
2019-11-11 00:00:00+05:30,125.1,126.35,123.5,125.7,7032172
2019-11-13 00:00:00+05:30,125.7,126.85,124.3,124.9,7969923
2019-11-14 00:00:00+05:30,124.9,125.85,122.6,123.1,8178628
2019-11-15 00:00:00+05:30,124.1,125.4,122.15,122.5,8390855
2019-11-18 00:00:00+05:30,122.4,123.0,120.4,121.0,6851414
2019-11-19 00:00:00+05:30,122.05,122.1,120.05,120.45,5821375
2019-11-20 00:00:00+05:30,120.05,122.2,119.55,120.8,7657346
2019-11-21 00:00:00+05:30,120.8,121.55,118.0,118.55,7946555
2019-11-22 00:00:00+05:30,118.4,121.7,118.2,120.95,6323556
2019-11-25 00:00:00+05:30,120.95,121.6,117.9,118.35,11930938
2019-11-26 00:00:00+05:30,119.15,120.55,116.8,117.7,16115025
2019-11-27 00:00:00+05:30,117.85,120.25,117.1,119.9,5343104
2019-11-28 00:00:00+05:30,119.65,120.65,118.5,120.35,6663638
2019-11-29 00:00:00+05:30,120.25,120.6,117.9,119.05,9434148
2019-12-02 00:00:00+05:30,118.45,118.8,115.3,115.8,15010167
2019-12-03 00:00:00+05:30,115.8,116.0,113.85,115.4,7809967
2019-12-04 00:00:00+05:30,114.65,118.05,114.6,117.55,5821599
2019-12-05 00:00:00+05:30,116.85,117.85,116.05,116.5,4185400
2019-12-06 00:00:00+05:30,117.05,117.05,114.15,114.35,5097809
2019-12-09 00:00:00+05:30,114.65,115.55,113.55,114.15,3841176
2019-12-10 00:00:00+05:30,114.25,115.9,112.85,113.15,6125011
2019-12-11 00:00:00+05:30,113.95,116.1,112.95,115.7,6878932
2019-12-12 00:00:00+05:30,115.8,115.9,113.3,113.75,9804404
2019-12-13 00:00:00+05:30,114.3,115.2,113.85,114.3,6663052
2019-12-16 00:00:00+05:30,114.3,114.7,112.95,113.55,6241723
2019-12-17 00:00:00+05:30,113.1,113.85,112.35,113.25,8062616
2019-12-18 00:00:00+05:30,113.55,113.6,112.2,113.05,6687482
2019-12-19 00:00:00+05:30,113.05,114.6,112.25,113.65,6223102
2019-12-20 00:00:00+05:30,113.85,114.6,112.8,113.1,8515990
2019-12-23 00:00:00+05:30,112.85,114.15,112.1,112.65,10466423
2019-12-24 00:00:00+05:30,112.85,114.4,112.7,113.85,9979742
2019-12-26 00:00:00+05:30,113.85,117.1,112.55,115.7,23164167
2019-12-27 00:00:00+05:30,117.05,117.4,114.95,116.0,8435235
2019-12-30 00:00:00+05:30,116.0,116.8,114.85,115.7,4023932
2019-12-31 00:00:00+05:30,114.95,116.8,114.95,116.4,5102473
2020-01-01 00:00:00+05:30,116.35,116.5,114.6,115.2,2574894
2020-01-02 00:00:00+05:30,115.4,116.25,114.85,115.75,4759843
2020-01-03 00:00:00+05:30,118.4,120.55,115.75,116.05,31381588
2020-01-06 00:00:00+05:30,117.25,117.35,113.05,114.1,14611204
2020-01-07 00:00:00+05:30,113.55,115.45,113.35,113.65,7193304
2020-01-08 00:00:00+05:30,112.95,113.4,111.35,111.55,6236192
2020-01-09 00:00:00+05:30,112.9,113.05,111.0,111.8,10135017
2020-01-10 00:00:00+05:30,112.5,113.15,111.8,112.2,6550218
2020-01-13 00:00:00+05:30,112.3,113.65,112.3,113.4,5737187
2020-01-14 00:00:00+05:30,113.4,113.6,111.85,113.0,12432511
2020-01-15 00:00:00+05:30,113.0,113.45,112.3,112.65,5714614
2020-01-16 00:00:00+05:30,112.95,113.15,112.1,112.55,7322878
2020-01-17 00:00:00+05:30,112.6,113.5,112.05,113.35,8561603
2020-01-20 00:00:00+05:30,113.85,114.55,108.45,111.1,16106541
2020-01-21 00:00:00+05:30,111.2,112.55,110.65,110.95,6497799
2020-01-22 00:00:00+05:30,110.25,110.25,104.85,105.2,23639592
2020-01-23 00:00:00+05:30,105.95,107.5,105.2,106.5,21105999
2020-01-24 00:00:00+05:30,106.65,108.25,106.0,106.95,11172364
2020-01-27 00:00:00+05:30,106.95,107.1,105.55,105.95,12078165
2020-01-28 00:00:00+05:30,106.25,106.4,104.5,105.35,11611352
2020-01-29 00:00:00+05:30,106.05,106.75,105.2,106.35,15562740
2020-01-30 00:00:00+05:30,106.25,106.25,103.95,104.5,21142714
2020-01-31 00:00:00+05:30,104.65,104.85,96.5,98.5,83360147
2020-02-01 00:00:00+05:30,98.55,98.95,92.75,94.35,31282518
2020-02-03 00:00:00+05:30,94.35,94.8,91.8,93.5,18445537
2020-02-04 00:00:00+05:30,94.1,96.65,93.85,95.95,16896688
2020-02-05 00:00:00+05:30,96.2,97.05,94.95,96.55,11348275
2020-02-06 00:00:00+05:30,96.55,97.4,96.1,96.9,10750236
2020-02-07 00:00:00+05:30,96.95,99.15,96.3,98.7,21415595
2020-02-10 00:00:00+05:30,98.7,98.7,95.6,96.0,32081049
2020-02-11 00:00:00+05:30,96.8,97.25,96.1,96.55,20946852
2020-02-12 00:00:00+05:30,96.7,97.4,96.25,96.45,13053367
2020-02-13 00:00:00+05:30,96.7,97.8,94.25,95.2,17702073
2020-02-14 00:00:00+05:30,95.4,96.1,93.05,93.35,26644685
2020-02-17 00:00:00+05:30,91.75,92.95,89.3,90.35,36666416
2020-02-18 00:00:00+05:30,90.35,90.6,87.25,89.75,35575369
2020-02-19 00:00:00+05:30,90.65,92.4,89.3,91.95,21806183
2020-02-20 00:00:00+05:30,92.25,94.1,91.95,92.85,28378025
2020-02-24 00:00:00+05:30,92.6,92.6,87.9,88.6,20167769
2020-02-25 00:00:00+05:30,89.2,90.6,87.9,88.2,18255196
2020-02-26 00:00:00+05:30,88.05,89.0,86.3,86.55,16192058
2020-02-27 00:00:00+05:30,86.5,86.9,83.15,84.4,29616674
2020-02-28 00:00:00+05:30,81.65,83.8,80.85,83.1,30416954
2020-03-02 00:00:00+05:30,84.9,85.9,79.75,80.55,24442896
2020-03-03 00:00:00+05:30,82.15,84.9,81.0,84.4,24098468
2020-03-04 00:00:00+05:30,85.1,85.8,81.95,83.9,22998427
2020-03-05 00:00:00+05:30,84.4,85.3,83.15,83.7,16357817
2020-03-06 00:00:00+05:30,80.85,82.7,79.2,80.0,17823038
2020-03-09 00:00:00+05:30,74.25,74.6,66.9,67.35,86674325
2020-03-11 00:00:00+05:30,69.3,69.95,64.25,64.8,63570122
2020-03-12 00:00:00+05:30,60.2,61.8,56.05,56.5,76138489
2020-03-13 00:00:00+05:30,53.65,60.55,45.2,59.55,73052306
2020-03-16 00:00:00+05:30,57.35,58.9,54.2,54.35,49834392
2020-03-17 00:00:00+05:30,55.2,56.9,53.9,54.2,46722526
2020-03-18 00:00:00+05:30,55.65,78.5,52.0,61.55,178593486
2020-03-19 00:00:00+05:30,56.2,57.85,52.5,55.2,61261160
2020-03-20 00:00:00+05:30,56.95,67.2,56.75,65.35,128784781
2020-03-23 00:00:00+05:30,54.8,59.2,54.2,54.6,36059063
2020-03-24 00:00:00+05:30,57.35,58.45,54.3,56.5,38810910
2020-03-25 00:00:00+05:30,55.3,56.9,54.2,55.6,28639667
2020-03-26 00:00:00+05:30,55.9,59.3,53.9,58.5,46474998
2020-03-27 00:00:00+05:30,59.65,59.65,56.75,58.3,33298960
2020-03-30 00:00:00+05:30,55.2,59.3,54.3,57.25,32935523
2020-03-31 00:00:00+05:30,58.75,62.95,57.4,61.7,45892788
2020-04-01 00:00:00+05:30,60.55,60.8,58.8,59.4,21883464
2020-04-03 00:00:00+05:30,62.4,64.2,60.1,63.1,39761221
2020-04-07 00:00:00+05:30,64.4,67.2,63.4,65.9,30983247
2020-04-08 00:00:00+05:30,65.4,69.05,64.2,67.25,30556746
2020-04-09 00:00:00+05:30,68.75,70.2,68.75,69.85,19210693
2020-04-13 00:00:00+05:30,71.2,71.2,65.65,67.8,22316547
2020-04-15 00:00:00+05:30,67.85,69.05,66.45,67.15,22311692
2020-04-16 00:00:00+05:30,66.9,69.1,66.35,68.2,24473642
2020-04-17 00:00:00+05:30,70.35,70.35,67.9,69.0,14565447
2020-04-20 00:00:00+05:30,68.1,68.4,66.75,66.9,15699082
2020-04-21 00:00:00+05:30,62.95,63.95,60.75,62.7,27607651
2020-04-22 00:00:00+05:30,59.55,59.95,54.95,59.05,73847573
2020-04-23 00:00:00+05:30,61.0,62.45,60.15,60.85,38208748
2020-04-24 00:00:00+05:30,60.7,62.8,60.2,61.1,31588406
2020-04-27 00:00:00+05:30,61.4,62.8,61.15,61.85,16723890
2020-04-28 00:00:00+05:30,61.25,62.95,60.65,62.6,20423140
2020-04-29 00:00:00+05:30,62.75,64.15,62.1,63.7,18028576
2020-04-30 00:00:00+05:30,65.6,73.25,64.65,72.25,54295139
2020-05-04 00:00:00+05:30,68.75,70.4,66.95,69.15,28642245
2020-05-05 00:00:00+05:30,71.25,74.0,70.7,70.9,61865518
2020-05-06 00:00:00+05:30,73.5,73.5,70.0,71.6,38948341
2020-05-07 00:00:00+05:30,70.8,70.8,67.85,68.35,20806305
2020-05-08 00:00:00+05:30,69.05,69.75,67.55,68.75,18523906
2020-05-11 00:00:00+05:30,68.75,70.7,67.3,69.6,15701778
2020-05-12 00:00:00+05:30,69.5,69.9,67.3,69.0,14186808
2020-05-13 00:00:00+05:30,71.35,71.4,68.95,70.75,20494837
2020-05-14 00:00:00+05:30,69.55,69.9,67.95,68.85,13346163
2020-05-15 00:00:00+05:30,69.8,70.95,68.65,68.85,16836413
2020-05-18 00:00:00+05:30,69.5,69.5,65.4,65.9,13015452
2020-05-19 00:00:00+05:30,67.2,71.1,66.95,69.7,42316096
2020-05-20 00:00:00+05:30,69.75,70.95,69.0,70.55,12969876
2020-05-21 00:00:00+05:30,71.15,71.35,69.05,69.55,17999916
2020-05-22 00:00:00+05:30,69.5,69.5,68.15,68.85,12443833
2020-05-26 00:00:00+05:30,69.55,70.75,69.15,69.55,11840048
2020-05-27 00:00:00+05:30,69.75,70.75,68.65,70.5,11656180
2020-05-28 00:00:00+05:30,70.05,73.15,69.95,71.2,18646208
2020-05-29 00:00:00+05:30,70.6,75.65,69.95,75.2,40559737
2020-06-01 00:00:00+05:30,76.8,78.2,75.55,75.85,25048603
2020-06-02 00:00:00+05:30,76.35,76.75,74.7,76.2,15368224
2020-06-03 00:00:00+05:30,77.75,79.0,77.05,78.0,23937209
2020-06-04 00:00:00+05:30,76.8,77.75,75.9,76.75,15121039
2020-06-05 00:00:00+05:30,76.9,80.25,76.8,78.6,18203733
2020-06-08 00:00:00+05:30,81.35,84.15,80.65,82.2,32511412
2020-06-09 00:00:00+05:30,83.1,83.5,80.75,81.35,16702416
2020-06-10 00:00:00+05:30,81.85,82.7,79.25,79.75,17382524
2020-06-11 00:00:00+05:30,79.8,80.9,78.2,78.55,14276814
2020-06-12 00:00:00+05:30,73.7,76.1,73.7,75.8,20601082
2020-06-15 00:00:00+05:30,75.9,77.6,75.0,76.0,17275091
2020-06-16 00:00:00+05:30,77.25,77.5,74.45,75.8,13467650
2020-06-17 00:00:00+05:30,75.5,76.65,75.2,76.1,15440386
2020-06-18 00:00:00+05:30,75.0,75.85,73.9,75.5,18460702
2020-06-19 00:00:00+05:30,77.25,78.0,76.2,77.5,21920952
2020-06-22 00:00:00+05:30,77.8,77.9,76.0,76.75,19229487
2020-06-23 00:00:00+05:30,77.25,78.2,76.3,77.4,23442659
2020-06-24 00:00:00+05:30,77.95,78.35,74.65,75.1,33082696
2020-06-25 00:00:00+05:30,74.35,75.9,72.35,73.75,121278403
2020-06-26 00:00:00+05:30,75.1,76.7,74.6,76.05,23684918
2020-06-29 00:00:00+05:30,75.85,76.0,73.75,74.5,14299404
2020-06-30 00:00:00+05:30,75.45,75.45,72.9,73.5,25762628
2020-07-01 00:00:00+05:30,71.35,73.15,70.8,72.75,35344809
2020-07-02 00:00:00+05:30,73.5,76.05,73.3,73.95,35154233
2020-07-03 00:00:00+05:30,74.55,75.35,73.75,74.5,16793161
2020-07-06 00:00:00+05:30,75.05,76.75,74.85,75.65,17511379
2020-07-07 00:00:00+05:30,75.65,75.7,73.9,74.05,20124675
2020-07-08 00:00:00+05:30,74.1,74.9,73.2,73.45,18626982
2020-07-09 00:00:00+05:30,73.75,74.35,72.25,72.5,17348338
2020-07-10 00:00:00+05:30,72.35,72.45,70.25,70.95,17773267
2020-07-13 00:00:00+05:30,71.55,71.9,70.85,71.25,9361006
2020-07-14 00:00:00+05:30,70.95,71.3,69.7,69.9,9303884
2020-07-15 00:00:00+05:30,70.55,70.75,68.6,68.95,14377120
2020-07-16 00:00:00+05:30,69.05,69.25,67.75,68.85,10605125
2020-07-17 00:00:00+05:30,69.0,72.9,69.0,72.65,24934073
2020-07-20 00:00:00+05:30,73.2,73.4,71.55,72.6,15570377
2020-07-21 00:00:00+05:30,72.85,74.9,72.65,74.55,20976714
2020-07-22 00:00:00+05:30,74.8,75.45,73.85,74.7,17884327
2020-07-23 00:00:00+05:30,74.6,75.75,74.15,74.75,14674735
2020-07-24 00:00:00+05:30,74.2,74.5,72.55,73.2,10000517
2020-07-27 00:00:00+05:30,73.55,74.1,72.4,73.0,8511120
2020-07-28 00:00:00+05:30,73.2,73.4,71.65,72.25,10618186
2020-07-29 00:00:00+05:30,72.15,72.9,71.65,71.85,9906214
2020-07-30 00:00:00+05:30,72.35,72.7,70.05,70.25,9671441
2020-07-31 00:00:00+05:30,70.5,71.2,69.7,70.8,10965340
2020-08-03 00:00:00+05:30,70.8,70.95,68.3,68.65,11874519
2020-08-04 00:00:00+05:30,69.0,70.25,68.65,68.8,13370396
2020-08-05 00:00:00+05:30,69.1,70.05,69.0,69.5,9078922
2020-08-06 00:00:00+05:30,70.4,72.3,69.6,70.6,26386804
2020-08-07 00:00:00+05:30,70.7,71.75,70.65,71.05,11787233
2020-08-10 00:00:00+05:30,71.85,72.1,71.25,71.4,7067873
2020-08-11 00:00:00+05:30,71.9,72.35,70.75,70.9,10835770
2020-08-12 00:00:00+05:30,70.9,71.45,70.25,70.65,10482298
2020-08-13 00:00:00+05:30,70.95,71.8,70.85,71.0,7316685
2020-08-14 00:00:00+05:30,71.1,71.3,69.5,69.65,11637195
2020-08-17 00:00:00+05:30,70.05,72.15,69.95,71.65,13612342
2020-08-18 00:00:00+05:30,72.1,74.0,71.5,72.9,28330266
2020-08-19 00:00:00+05:30,73.05,73.85,71.45,71.9,12081506
2020-08-20 00:00:00+05:30,71.35,75.25,70.45,74.25,37457741
2020-08-21 00:00:00+05:30,74.95,75.4,72.9,73.25,17027759
2020-08-24 00:00:00+05:30,73.45,73.95,72.85,73.4,9798867
2020-08-25 00:00:00+05:30,73.55,74.6,72.5,72.75,22481154
2020-08-26 00:00:00+05:30,73.35,74.2,72.95,73.55,15968479
2020-08-27 00:00:00+05:30,73.9,74.05,72.35,72.45,16309200
2020-08-28 00:00:00+05:30,72.65,73.9,72.35,72.65,14667141
2020-08-31 00:00:00+05:30,73.2,77.25,73.1,74.05,93193563
2020-09-01 00:00:00+05:30,74.8,74.85,70.55,71.7,38005572
2020-09-02 00:00:00+05:30,73.3,73.85,71.85,72.6,31155170
2020-09-03 00:00:00+05:30,72.75,73.45,71.2,71.4,19976183
2020-09-04 00:00:00+05:30,70.95,71.45,69.9,70.45,12855872
2020-09-07 00:00:00+05:30,70.75,70.8,68.7,69.05,16574103
2020-09-08 00:00:00+05:30,69.15,69.2,66.9,67.25,17905760
2020-09-09 00:00:00+05:30,66.85,66.85,64.1,65.7,28166431
2020-09-10 00:00:00+05:30,66.45,67.2,65.65,66.6,18646453
2020-09-11 00:00:00+05:30,66.4,66.65,65.6,66.25,11511957
2020-09-14 00:00:00+05:30,66.8,67.55,66.2,66.6,11990117
2020-09-15 00:00:00+05:30,66.7,67.15,66.2,66.75,8883209
2020-09-16 00:00:00+05:30,67.05,67.25,65.55,66.05,10285753
2020-09-17 00:00:00+05:30,66.05,67.1,65.85,66.1,16070908
2020-09-18 00:00:00+05:30,66.75,67.6,65.95,67.1,25692290
2020-09-21 00:00:00+05:30,66.9,66.95,64.1,64.35,13686791
2020-09-22 00:00:00+05:30,64.2,64.5,62.15,62.8,18043170
2020-09-23 00:00:00+05:30,62.95,63.35,60.9,61.15,17014241
2020-09-24 00:00:00+05:30,59.7,60.85,59.2,60.25,32950980
2020-09-25 00:00:00+05:30,61.4,62.65,59.8,62.3,20235948
2020-09-28 00:00:00+05:30,62.75,66.65,62.65,64.9,28336618
2020-09-29 00:00:00+05:30,65.5,65.7,62.3,62.55,20798564
2020-09-30 00:00:00+05:30,62.75,63.65,61.1,62.65,20069463
2020-10-01 00:00:00+05:30,61.0,62.75,60.25,62.55,20869336
2020-10-05 00:00:00+05:30,62.4,62.95,61.8,62.6,12608190
2020-10-06 00:00:00+05:30,63.2,63.4,62.4,62.7,10028722
2020-10-07 00:00:00+05:30,62.7,66.3,62.5,63.7,50074521
2020-10-08 00:00:00+05:30,64.1,64.2,61.65,61.85,21348290
2020-10-09 00:00:00+05:30,62.4,63.8,61.65,63.5,25747434
2020-10-12 00:00:00+05:30,63.5,63.8,62.2,62.55,10564969
2020-10-13 00:00:00+05:30,62.5,63.0,62.2,62.5,9070869
2020-10-14 00:00:00+05:30,61.9,62.2,60.25,60.55,24828155
2020-10-15 00:00:00+05:30,60.55,61.9,59.35,59.7,17334497
2020-10-16 00:00:00+05:30,60.25,61.05,59.65,60.8,18591533
2020-10-19 00:00:00+05:30,60.85,63.65,60.85,62.7,25987839
2020-10-20 00:00:00+05:30,62.8,63.0,60.8,60.9,18530440
2020-10-21 00:00:00+05:30,61.4,62.0,60.55,61.25,19590729
2020-10-22 00:00:00+05:30,60.9,62.5,60.8,62.25,26356513
2020-10-23 00:00:00+05:30,62.6,62.9,62.0,62.4,13180165
2020-10-26 00:00:00+05:30,62.8,62.8,61.15,61.6,14225064
2020-10-27 00:00:00+05:30,61.5,61.85,60.1,60.45,17088935
2020-10-28 00:00:00+05:30,60.8,60.9,59.75,59.95,15025734
2020-10-29 00:00:00+05:30,59.7,59.95,57.95,58.25,29901827
2020-10-30 00:00:00+05:30,58.75,59.55,58.05,58.65,25857851
2020-11-02 00:00:00+05:30,59.1,59.7,58.05,59.35,12847852
2020-11-03 00:00:00+05:30,59.65,60.35,59.35,59.9,10809489
2020-11-04 00:00:00+05:30,59.9,60.5,59.3,60.05,12479581
2020-11-05 00:00:00+05:30,60.5,61.5,59.85,61.1,17947631
2020-11-06 00:00:00+05:30,61.2,61.6,60.75,61.4,10496588
2020-11-09 00:00:00+05:30,62.05,62.05,61.25,61.85,8473527
2020-11-10 00:00:00+05:30,62.45,64.2,61.9,63.95,33795453
2020-11-11 00:00:00+05:30,64.6,65.7,63.75,65.35,23531793
2020-11-12 00:00:00+05:30,65.5,65.9,63.95,64.7,16446681
2020-11-13 00:00:00+05:30,64.4,65.5,63.25,65.15,16264536
2020-11-14 00:00:00+05:30,66.9,66.9,65.5,65.65,5387569
2020-11-17 00:00:00+05:30,65.7,66.25,64.2,64.5,18852045
2020-11-18 00:00:00+05:30,64.8,65.1,64.1,65.0,14032869
2020-11-19 00:00:00+05:30,64.65,67.05,64.6,65.15,27903903
2020-11-20 00:00:00+05:30,65.45,65.7,63.9,64.8,14790440
2020-11-23 00:00:00+05:30,65.05,70.35,64.85,69.1,44111534
2020-11-24 00:00:00+05:30,69.3,70.6,68.15,68.8,31379070
2020-11-25 00:00:00+05:30,69.75,73.9,69.7,73.0,87040163
2020-11-26 00:00:00+05:30,73.3,73.65,71.8,72.5,30469713
2020-11-27 00:00:00+05:30,73.0,73.3,70.55,70.95,44245938
2020-12-01 00:00:00+05:30,70.95,74.1,69.6,73.7,42923229
2020-12-02 00:00:00+05:30,73.65,76.85,73.15,76.75,52652362
2020-12-03 00:00:00+05:30,77.15,80.45,76.8,80.15,53618786
2020-12-04 00:00:00+05:30,81.1,82.25,78.8,81.2,44126894
2020-12-07 00:00:00+05:30,82.4,84.9,82.0,82.75,46638129
2020-12-08 00:00:00+05:30,84.05,84.5,81.4,82.0,34326971
2020-12-09 00:00:00+05:30,82.7,83.95,82.15,82.45,25763702
2020-12-10 00:00:00+05:30,82.25,83.3,80.15,82.8,25329334
2020-12-11 00:00:00+05:30,83.7,94.35,83.7,87.5,146821189
2020-12-14 00:00:00+05:30,88.75,92.65,88.1,91.75,75021883
2020-12-15 00:00:00+05:30,92.6,92.6,89.65,90.75,33553433
2020-12-16 00:00:00+05:30,92.15,93.65,90.9,92.95,34618175
2020-12-17 00:00:00+05:30,94.95,95.45,90.95,91.75,41881430
2020-12-18 00:00:00+05:30,91.75,92.45,88.7,89.45,36480527
2020-12-21 00:00:00+05:30,89.4,89.4,80.4,81.2,58724337
2020-12-22 00:00:00+05:30,80.5,83.4,78.3,81.8,58602960
2020-12-23 00:00:00+05:30,81.8,82.55,79.8,82.05,29216106
2020-12-24 00:00:00+05:30,83.6,86.3,83.25,84.2,46351620
2020-12-28 00:00:00+05:30,84.9,86.05,84.35,84.7,17759262
2020-12-29 00:00:00+05:30,85.1,85.55,83.15,84.2,17678810
2020-12-30 00:00:00+05:30,84.55,85.4,83.85,84.3,15960705
2020-12-31 00:00:00+05:30,84.35,86.35,83.65,84.1,43701316
2021-01-01 00:00:00+05:30,84.7,85.35,84.05,84.25,15130377
2021-01-04 00:00:00+05:30,84.95,87.95,84.7,87.65,39545073
2021-01-05 00:00:00+05:30,87.2,87.2,85.25,85.85,26998014
2021-01-06 00:00:00+05:30,89.4,89.75,86.95,87.65,50306161
2021-01-07 00:00:00+05:30,88.55,89.5,87.8,88.45,25285200
2021-01-08 00:00:00+05:30,89.4,91.55,89.05,90.9,36022114
2021-01-11 00:00:00+05:30,91.75,92.95,88.6,92.65,36301647
2021-01-12 00:00:00+05:30,92.25,94.45,91.0,93.5,28353142
2021-01-13 00:00:00+05:30,94.8,97.5,94.1,95.1,42401579
2021-01-14 00:00:00+05:30,96.7,97.1,94.2,94.9,24455634
2021-01-15 00:00:00+05:30,95.1,95.9,90.9,91.65,28185982
2021-01-18 00:00:00+05:30,91.65,92.1,86.75,87.35,33623461
2021-01-19 00:00:00+05:30,88.35,89.45,88.15,88.65,26085121
2021-01-20 00:00:00+05:30,89.45,90.25,88.45,89.35,18486566
2021-01-21 00:00:00+05:30,89.5,90.55,84.8,85.6,26939349
2021-01-22 00:00:00+05:30,85.5,86.3,83.6,83.85,27311961
2021-01-25 00:00:00+05:30,84.1,84.7,81.35,82.6,28522112
2021-01-27 00:00:00+05:30,82.65,82.9,80.35,81.05,34022621
2021-01-28 00:00:00+05:30,80.45,82.65,80.25,81.9,26810222
2021-01-29 00:00:00+05:30,82.0,84.0,79.3,79.8,33858273
2021-02-01 00:00:00+05:30,80.45,82.45,79.95,82.1,24228098
2021-02-02 00:00:00+05:30,83.6,84.85,82.45,83.95,22141489
2021-02-03 00:00:00+05:30,85.5,86.15,84.05,84.4,25912911
2021-02-04 00:00:00+05:30,85.15,89.1,84.9,88.25,49670027
2021-02-05 00:00:00+05:30,89.4,90.35,87.5,88.25,30514219
2021-02-08 00:00:00+05:30,89.95,91.05,89.55,90.1,29096831
2021-02-09 00:00:00+05:30,90.25,93.4,90.25,91.25,39638657
2021-02-10 00:00:00+05:30,92.25,92.6,89.1,90.4,21467230
2021-02-11 00:00:00+05:30,90.4,90.7,89.4,89.9,11287104
2021-02-12 00:00:00+05:30,89.4,89.85,87.25,87.7,18187705
2021-02-15 00:00:00+05:30,87.7,89.7,86.4,88.95,26118576
2021-02-16 00:00:00+05:30,89.7,94.7,89.7,93.8,76236798
2021-02-17 00:00:00+05:30,92.25,93.55,91.05,92.45,21014091
2021-02-18 00:00:00+05:30,93.75,104.4,93.4,100.1,110000964
2021-02-19 00:00:00+05:30,100.1,101.4,93.9,94.95,48225988
2021-02-22 00:00:00+05:30,95.7,98.15,95.15,96.1,36592043
2021-02-23 00:00:00+05:30,99.15,103.4,98.85,101.4,90860972
2021-02-24 00:00:00+05:30,103.05,104.25,100.3,102.7,26071364
2021-02-25 00:00:00+05:30,104.85,108.9,104.25,107.6,62038881
2021-02-26 00:00:00+05:30,104.4,107.0,99.45,100.3,55154985
2021-03-01 00:00:00+05:30,103.3,106.35,102.6,105.8,41672980
2021-03-02 00:00:00+05:30,104.75,105.4,101.9,102.6,36303917
2021-03-03 00:00:00+05:30,103.05,104.65,102.3,103.05,19434630
2021-03-04 00:00:00+05:30,103.0,105.75,101.5,101.85,38272786
2021-03-05 00:00:00+05:30,105.05,106.85,102.6,103.9,57756103
2021-03-08 00:00:00+05:30,107.5,110.6,105.95,106.85,63866178
2021-03-09 00:00:00+05:30,107.9,108.05,103.2,105.5,26817643
2021-03-10 00:00:00+05:30,105.65,105.75,102.7,103.4,23841269
2021-03-12 00:00:00+05:30,105.5,106.1,103.05,104.0,20691698
2021-03-15 00:00:00+05:30,104.85,105.6,101.95,103.35,19679958
2021-03-16 00:00:00+05:30,102.85,105.1,102.55,104.0,20680669
2021-03-17 00:00:00+05:30,103.75,103.8,98.3,98.8,31017863
2021-03-18 00:00:00+05:30,99.4,101.4,97.15,99.6,26710696
2021-03-19 00:00:00+05:30,96.05,102.35,94.4,99.9,50386785
2021-03-22 00:00:00+05:30,99.9,100.55,98.15,99.0,15825065
2021-03-23 00:00:00+05:30,99.0,99.7,96.35,96.8,15815643
2021-03-24 00:00:00+05:30,94.85,95.8,92.9,94.65,31083656
2021-03-25 00:00:00+05:30,95.8,97.3,91.55,92.25,37295495
2021-03-26 00:00:00+05:30,93.05,94.05,90.6,92.5,26637085
2021-03-30 00:00:00+05:30,94.1,96.1,92.7,93.55,31843605
2021-03-31 00:00:00+05:30,92.85,94.2,92.15,92.4,19587582
2021-04-01 00:00:00+05:30,93.05,95.1,91.4,94.35,22299747
2021-04-05 00:00:00+05:30,92.4,94.45,89.85,93.5,24878516
2021-04-06 00:00:00+05:30,92.7,94.35,91.55,94.0,15156974
2021-04-07 00:00:00+05:30,93.95,95.2,93.5,94.55,10330347
2021-04-08 00:00:00+05:30,93.85,95.55,93.35,93.65,26105970
2021-04-09 00:00:00+05:30,93.05,94.75,93.05,93.85,17645822
2021-04-12 00:00:00+05:30,91.1,92.45,88.1,88.6,27005598
2021-04-13 00:00:00+05:30,88.6,92.6,88.6,92.3,25505623
2021-04-15 00:00:00+05:30,94.25,96.5,93.85,94.95,28659714
2021-04-16 00:00:00+05:30,94.55,97.45,94.2,96.95,21627285
2021-04-19 00:00:00+05:30,94.0,95.75,92.15,93.1,19166492
2021-04-20 00:00:00+05:30,93.35,94.85,92.4,92.9,23082015
2021-04-22 00:00:00+05:30,92.5,94.4,91.9,93.15,14844968
2021-04-23 00:00:00+05:30,92.25,93.7,91.85,92.5,12790334
2021-04-26 00:00:00+05:30,95.1,95.55,92.6,92.85,11797791
2021-04-27 00:00:00+05:30,92.85,94.05,92.85,93.25,8886250
2021-04-28 00:00:00+05:30,93.8,94.35,93.35,93.95,6887787
2021-04-29 00:00:00+05:30,94.75,95.7,93.6,94.1,14990087
2021-04-30 00:00:00+05:30,94.15,101.85,93.35,97.75,81358264
2021-05-03 00:00:00+05:30,97.75,100.1,95.8,97.3,33975507
2021-05-04 00:00:00+05:30,97.6,99.7,97.3,99.05,30811922
2021-05-05 00:00:00+05:30,101.6,103.05,99.9,100.4,47588366
2021-05-06 00:00:00+05:30,101.5,102.0,98.85,99.65,26083818
2021-05-07 00:00:00+05:30,100.2,101.55,99.05,100.7,28016564
2021-05-10 00:00:00+05:30,102.9,103.9,101.7,102.95,33477142
2021-05-11 00:00:00+05:30,101.75,107.3,100.15,106.7,48355326
2021-05-12 00:00:00+05:30,107.3,109.5,102.75,104.0,49718697
2021-05-14 00:00:00+05:30,104.85,104.85,100.8,102.1,23626454
2021-05-17 00:00:00+05:30,103.0,104.3,101.45,103.25,19960145
2021-05-18 00:00:00+05:30,103.95,106.2,103.3,104.95,29395737
2021-05-19 00:00:00+05:30,103.45,104.65,102.5,103.85,25295575
2021-05-20 00:00:00+05:30,102.55,103.65,100.5,101.0,21131045
2021-05-21 00:00:00+05:30,100.35,103.05,100.35,101.9,20562816
2021-05-24 00:00:00+05:30,102.35,103.0,100.2,102.15,24785960
2021-05-25 00:00:00+05:30,103.4,105.85,102.75,103.55,25820379
2021-05-26 00:00:00+05:30,104.3,104.3,102.1,102.45,12045621
2021-05-27 00:00:00+05:30,102.1,102.7,100.6,101.05,22821449
2021-05-28 00:00:00+05:30,102.3,104.45,101.05,101.55,19331994
2021-05-31 00:00:00+05:30,101.7,103.35,100.7,102.7,16430926
2021-06-01 00:00:00+05:30,103.35,107.05,103.2,106.3,51620011
2021-06-02 00:00:00+05:30,106.65,107.9,104.85,106.45,27162991
2021-06-03 00:00:00+05:30,107.35,111.85,107.05,110.7,64241347
2021-06-04 00:00:00+05:30,112.65,114.5,111.5,113.4,72354379
2021-06-07 00:00:00+05:30,114.7,115.25,112.85,113.1,28709907
2021-06-08 00:00:00+05:30,113.65,113.75,110.85,112.75,15261479
2021-06-09 00:00:00+05:30,114.75,115.7,111.2,112.1,29718157
2021-06-10 00:00:00+05:30,111.8,112.75,110.65,112.0,12245640
2021-06-11 00:00:00+05:30,112.0,114.4,110.7,111.65,18360366
2021-06-14 00:00:00+05:30,112.45,113.7,109.6,112.75,19547491
2021-06-15 00:00:00+05:30,113.55,116.1,112.8,113.3,32779493
2021-06-16 00:00:00+05:30,114.75,115.85,113.95,114.5,31654780
2021-06-17 00:00:00+05:30,113.55,114.75,111.6,113.05,18124616
2021-06-18 00:00:00+05:30,112.6,112.6,107.45,108.65,87912730
2021-06-21 00:00:00+05:30,107.9,110.25,107.5,109.35,15669821
2021-06-22 00:00:00+05:30,110.9,112.25,109.8,110.3,23629008
2021-06-23 00:00:00+05:30,111.6,112.45,110.0,111.5,21978870
2021-06-24 00:00:00+05:30,112.5,112.5,109.65,110.25,24358397
2021-06-25 00:00:00+05:30,111.15,112.9,108.75,109.3,34557609
2021-06-28 00:00:00+05:30,110.75,112.55,110.05,110.6,23728169
2021-06-29 00:00:00+05:30,110.05,110.65,107.65,107.9,20857415
2021-06-30 00:00:00+05:30,108.75,109.35,105.8,106.4,19094044
2021-07-01 00:00:00+05:30,106.45,108.2,106.0,107.4,16012542
2021-07-02 00:00:00+05:30,108.45,109.25,106.65,107.05,20014124
2021-07-05 00:00:00+05:30,107.7,109.75,107.45,109.35,12050022
2021-07-06 00:00:00+05:30,111.2,112.95,109.45,109.8,30193164
2021-07-07 00:00:00+05:30,108.35,108.8,106.5,108.35,18479814
2021-07-08 00:00:00+05:30,107.9,107.9,105.6,105.8,17151883
2021-07-09 00:00:00+05:30,105.85,107.25,105.35,106.55,11240925
2021-07-12 00:00:00+05:30,107.55,107.9,106.65,107.15,8420962
2021-07-13 00:00:00+05:30,107.55,109.2,107.2,108.8,8580799
2021-07-14 00:00:00+05:30,108.7,110.0,108.55,109.2,12709481
2021-07-15 00:00:00+05:30,107.75,107.9,105.0,105.65,28589465
2021-07-16 00:00:00+05:30,105.95,106.1,104.65,105.55,19691248
2021-07-19 00:00:00+05:30,103.75,105.3,103.2,103.55,14395883
2021-07-20 00:00:00+05:30,101.25,102.35,100.85,101.8,18634406
2021-07-22 00:00:00+05:30,103.4,104.65,103.0,104.4,11710140
2021-07-23 00:00:00+05:30,104.4,105.5,103.7,104.2,7841690
2021-07-26 00:00:00+05:30,103.8,104.5,103.1,103.5,8149770
2021-07-27 00:00:00+05:30,104.25,104.75,103.05,103.6,9704729
2021-07-28 00:00:00+05:30,103.85,104.1,102.55,103.35,11020097
2021-07-29 00:00:00+05:30,103.3,104.65,102.4,103.7,14142749
2021-07-30 00:00:00+05:30,103.3,105.5,102.85,104.2,12236156
2021-08-02 00:00:00+05:30,103.9,106.2,103.75,105.85,10895726
2021-08-03 00:00:00+05:30,104.95,106.8,104.05,106.55,15163353
2021-08-04 00:00:00+05:30,106.4,107.1,105.35,106.05,14304543
2021-08-05 00:00:00+05:30,105.0,105.95,103.65,105.6,11033147
2021-08-06 00:00:00+05:30,104.95,106.8,104.95,105.4,6606584
2021-08-09 00:00:00+05:30,104.85,105.75,103.3,103.95,8294214
2021-08-10 00:00:00+05:30,104.0,104.6,102.95,103.8,14300982
2021-08-11 00:00:00+05:30,104.4,106.0,103.8,105.75,11308648
2021-08-12 00:00:00+05:30,104.95,106.55,104.2,105.05,13519139
2021-08-13 00:00:00+05:30,105.55,105.7,104.25,104.95,10342014
2021-08-16 00:00:00+05:30,105.65,106.95,103.65,104.4,14771886
2021-08-17 00:00:00+05:30,104.85,104.85,101.85,102.9,16025745
2021-08-18 00:00:00+05:30,102.95,104.15,102.05,102.3,10074307
2021-08-20 00:00:00+05:30,100.05,100.95,98.1,99.6,23878081
2021-08-23 00:00:00+05:30,99.75,101.2,98.1,100.95,16886027
2021-08-24 00:00:00+05:30,102.25,104.1,101.3,102.3,17368602
2021-08-25 00:00:00+05:30,102.6,105.95,102.4,104.55,18637317
2021-08-26 00:00:00+05:30,104.5,105.05,103.4,104.45,8779246
2021-08-27 00:00:00+05:30,104.4,105.75,103.9,105.4,9706825
2021-08-30 00:00:00+05:30,105.5,108.8,105.5,108.6,15933414
2021-08-31 00:00:00+05:30,108.45,109.4,107.6,108.95,13376290
2021-09-01 00:00:00+05:30,110.05,110.5,107.9,108.15,10964080
2021-09-02 00:00:00+05:30,107.45,108.6,106.65,107.25,13031666
2021-09-03 00:00:00+05:30,108.4,111.6,107.35,111.25,21326802
2021-09-06 00:00:00+05:30,111.85,112.4,109.5,109.9,12505630
2021-09-07 00:00:00+05:30,110.7,110.95,108.05,108.4,8530847
2021-09-08 00:00:00+05:30,107.55,108.0,106.2,107.5,7801721
2021-09-09 00:00:00+05:30,107.65,111.85,106.8,110.4,27242637
2021-09-13 00:00:00+05:30,110.45,111.55,109.45,111.2,9921031
2021-09-14 00:00:00+05:30,111.45,113.35,111.0,112.0,16593684
2021-09-15 00:00:00+05:30,112.3,118.1,112.3,116.05,42437332
2021-09-16 00:00:00+05:30,117.2,118.6,115.15,116.3,22431820
2021-09-17 00:00:00+05:30,116.3,117.25,112.7,115.5,25968166
2021-09-20 00:00:00+05:30,113.0,116.95,113.0,116.1,29857432
2021-09-21 00:00:00+05:30,117.15,122.9,116.65,122.15,51537119
2021-09-22 00:00:00+05:30,121.55,122.2,119.7,120.75,16424387
2021-09-23 00:00:00+05:30,121.85,125.05,121.5,124.5,18688982
2021-09-24 00:00:00+05:30,125.5,126.45,121.55,123.0,33667173
2021-09-27 00:00:00+05:30,124.75,127.2,124.3,126.55,34196564
2021-09-28 00:00:00+05:30,128.2,129.8,127.4,128.55,46109879
2021-09-29 00:00:00+05:30,127.3,134.55,125.95,130.8,68003697
2021-09-30 00:00:00+05:30,130.8,132.0,127.75,130.6,26714630
2021-10-01 00:00:00+05:30,131.2,135.2,130.25,132.2,42893182
2021-10-04 00:00:00+05:30,133.55,134.25,132.85,133.35,16099471
2021-10-05 00:00:00+05:30,135.55,148.7,134.65,147.9,131238378
2021-10-06 00:00:00+05:30,150.05,156.15,149.85,151.9,101221817
2021-10-07 00:00:00+05:30,153.8,153.8,144.15,144.95,59769140
2021-10-08 00:00:00+05:30,148.15,150.55,145.05,145.45,30561341
2021-10-11 00:00:00+05:30,148.0,150.2,147.0,149.1,18143592
2021-10-12 00:00:00+05:30,149.2,149.9,147.05,147.8,11619888
2021-10-13 00:00:00+05:30,147.9,148.05,144.35,144.6,16690451
2021-10-14 00:00:00+05:30,145.5,146.2,143.4,143.75,14821875
2021-10-18 00:00:00+05:30,148.0,149.6,145.65,146.5,22899876
2021-10-19 00:00:00+05:30,147.75,147.75,142.8,143.35,10331930
2021-10-20 00:00:00+05:30,143.9,144.0,138.9,140.0,17118996
2021-10-21 00:00:00+05:30,142.45,144.85,139.65,140.1,31555789
2021-10-22 00:00:00+05:30,141.9,143.1,139.6,141.95,27317028
2021-10-25 00:00:00+05:30,143.7,147.25,143.6,145.85,34568006
2021-10-26 00:00:00+05:30,147.8,148.2,144.85,147.4,33022684
2021-10-27 00:00:00+05:30,147.4,147.85,141.9,142.7,21652522
2021-10-28 00:00:00+05:30,135.55,141.75,134.45,135.75,24815027
2021-10-29 00:00:00+05:30,135.45,137.2,131.95,134.7,18736450
2021-11-01 00:00:00+05:30,135.55,138.85,134.15,138.45,11444653
2021-11-02 00:00:00+05:30,139.15,139.9,136.8,138.25,20609479
2021-11-03 00:00:00+05:30,136.65,139.3,135.35,137.35,11591857
2021-11-04 00:00:00+05:30,137.35,138.15,136.7,137.4,1114216
2021-11-08 00:00:00+05:30,138.25,140.6,137.05,140.0,16568525
2021-11-09 00:00:00+05:30,141.4,142.9,140.1,141.55,13601954
2021-11-10 00:00:00+05:30,141.6,143.4,141.35,142.55,13900618
2021-11-11 00:00:00+05:30,141.5,141.75,138.35,138.75,14158749
2021-11-12 00:00:00+05:30,139.15,140.65,138.55,139.75,10552485
2021-11-15 00:00:00+05:30,141.35,146.65,140.95,142.6,45750584
2021-11-16 00:00:00+05:30,144.05,144.35,141.7,142.05,12956283
2021-11-17 00:00:00+05:30,141.9,143.9,141.5,142.3,11420415
2021-11-18 00:00:00+05:30,141.9,141.9,138.95,139.4,18351511
2021-11-22 00:00:00+05:30,136.7,138.95,131.95,132.5,21558590
2021-11-23 00:00:00+05:30,131.75,133.45,129.6,132.6,21216047
2021-11-24 00:00:00+05:30,134.65,140.85,134.65,138.7,36294271
2021-11-25 00:00:00+05:30,139.15,140.95,137.85,140.2,11554142
2021-11-26 00:00:00+05:30,137.6,137.6,132.2,132.9,23135841
2021-11-29 00:00:00+05:30,131.05,132.0,128.3,130.25,18736522
2021-11-30 00:00:00+05:30,129.55,133.5,127.5,128.45,22980651
2021-12-01 00:00:00+05:30,128.65,129.85,126.25,128.55,14278744
2021-12-02 00:00:00+05:30,126.95,130.7,126.85,130.15,8561767
2021-12-03 00:00:00+05:30,130.15,132.75,129.35,131.85,10690334
2021-12-06 00:00:00+05:30,131.75,131.8,129.0,129.55,7749262
2021-12-07 00:00:00+05:30,131.05,132.2,130.6,131.85,10253663
2021-12-08 00:00:00+05:30,132.85,135.9,132.7,134.15,12266948
2021-12-09 00:00:00+05:30,135.1,135.45,132.3,133.15,7989291
2021-12-10 00:00:00+05:30,132.2,133.75,131.5,133.3,10324085
2021-12-13 00:00:00+05:30,134.6,136.05,131.35,131.9,13595587
2021-12-14 00:00:00+05:30,130.4,133.2,130.1,132.8,12331999
2021-12-15 00:00:00+05:30,132.25,133.45,129.8,130.1,10361033
2021-12-16 00:00:00+05:30,131.3,132.2,130.65,131.35,12156709
2021-12-17 00:00:00+05:30,130.35,131.15,125.15,126.0,17667617
2021-12-20 00:00:00+05:30,124.3,124.4,118.95,121.1,17238729
2021-12-21 00:00:00+05:30,122.1,123.65,120.9,122.95,8615570
2021-12-22 00:00:00+05:30,124.2,124.65,122.25,123.6,4968143
2021-12-23 00:00:00+05:30,125.15,127.4,123.95,126.95,6324169
2021-12-24 00:00:00+05:30,127.95,128.0,124.0,125.15,5657495
2021-12-27 00:00:00+05:30,123.45,124.75,122.9,124.15,4404298
2021-12-28 00:00:00+05:30,125.75,126.95,125.15,126.1,8738089
2021-12-29 00:00:00+05:30,126.7,127.3,124.25,125.5,6571286
2021-12-30 00:00:00+05:30,125.4,127.6,125.15,126.95,11556524
2021-12-31 00:00:00+05:30,126.9,129.2,126.05,128.65,6393760
2022-01-03 00:00:00+05:30,128.6,129.65,127.6,129.3,3765911
2022-01-04 00:00:00+05:30,129.3,134.35,129.3,133.55,16351836
2022-01-05 00:00:00+05:30,134.25,136.55,133.15,135.9,12977680
2022-01-06 00:00:00+05:30,136.1,136.85,134.1,136.3,9012777
2022-01-07 00:00:00+05:30,136.95,142.35,136.8,141.95,30889365
2022-01-10 00:00:00+05:30,143.0,144.05,141.3,143.1,16418985
2022-01-11 00:00:00+05:30,143.5,146.1,142.45,145.45,14457548
2022-01-12 00:00:00+05:30,147.0,149.8,145.85,149.05,21220614
2022-01-13 00:00:00+05:30,149.05,149.6,147.35,148.2,7445346
2022-01-14 00:00:00+05:30,147.25,147.6,144.8,145.55,11646259
2022-01-17 00:00:00+05:30,146.85,152.0,146.7,149.9,32577835
2022-01-18 00:00:00+05:30,152.1,152.2,147.65,148.1,11175409
2022-01-19 00:00:00+05:30,149.4,154.55,149.0,153.9,36648534
2022-01-20 00:00:00+05:30,154.5,154.5,150.5,150.75,14474454
2022-01-21 00:00:00+05:30,149.4,150.4,146.7,147.9,8625926
2022-01-24 00:00:00+05:30,149.3,152.1,148.0,149.8,28783449
2022-01-25 00:00:00+05:30,147.3,150.65,147.3,149.25,14249846
2022-01-27 00:00:00+05:30,149.2,152.5,148.65,149.8,25936832
2022-01-28 00:00:00+05:30,151.45,157.9,150.25,152.55,32790065
2022-01-31 00:00:00+05:30,155.05,158.05,153.2,156.05,24031034
2022-02-01 00:00:00+05:30,157.25,158.1,152.3,154.5,14220953
2022-02-02 00:00:00+05:30,154.15,157.3,154.1,154.75,12478192
2022-02-03 00:00:00+05:30,153.65,154.7,150.05,151.4,12529302
2022-02-04 00:00:00+05:30,153.65,156.15,152.75,153.25,17434362
2022-02-07 00:00:00+05:30,154.3,156.55,152.9,155.55,11723574
2022-02-08 00:00:00+05:30,155.45,156.35,150.5,150.85,13231599
2022-02-09 00:00:00+05:30,151.75,153.25,147.4,148.2,17938632
2022-02-10 00:00:00+05:30,149.9,154.05,149.25,152.8,26763203
2022-02-11 00:00:00+05:30,151.8,154.1,151.0,151.95,12884995
2022-02-14 00:00:00+05:30,152.6,159.35,149.3,150.2,44604164
2022-02-15 00:00:00+05:30,153.65,153.65,141.3,148.4,31146458
2022-02-16 00:00:00+05:30,148.65,152.6,148.65,152.35,15960268
2022-02-17 00:00:00+05:30,152.35,155.85,152.3,155.2,24640791
2022-02-18 00:00:00+05:30,154.65,155.2,150.65,151.75,11829998
2022-02-21 00:00:00+05:30,151.3,151.45,147.35,147.65,14222260
2022-02-22 00:00:00+05:30,150.5,150.5,147.55,149.05,29399172
2022-02-23 00:00:00+05:30,150.25,150.4,144.3,145.3,21301826
2022-02-24 00:00:00+05:30,145.3,146.75,140.95,141.55,28766189
2022-02-25 00:00:00+05:30,144.05,144.95,141.7,144.15,20225258
2022-02-28 00:00:00+05:30,145.05,146.3,140.8,145.2,20210070
2022-03-02 00:00:00+05:30,149.75,152.15,146.35,147.25,41103406
2022-03-03 00:00:00+05:30,152.1,155.25,147.2,153.95,42345653
2022-03-04 00:00:00+05:30,153.75,154.55,148.1,149.35,32658756
2022-03-07 00:00:00+05:30,151.0,171.55,151.0,168.9,132538155
2022-03-08 00:00:00+05:30,171.75,176.2,160.65,161.9,73127816
2022-03-09 00:00:00+05:30,165.4,166.15,157.1,158.45,51977091
2022-03-10 00:00:00+05:30,152.05,159.9,149.1,157.6,62112814
2022-03-11 00:00:00+05:30,155.95,159.4,155.15,158.75,26187452
2022-03-14 00:00:00+05:30,157.25,158.55,154.2,155.25,20214021
2022-03-15 00:00:00+05:30,152.1,153.15,146.1,148.0,42333127
2022-03-16 00:00:00+05:30,150.05,151.7,146.3,151.2,25545119
2022-03-17 00:00:00+05:30,150.55,154.95,148.7,153.95,66314748
2022-03-21 00:00:00+05:30,155.15,158.2,153.95,156.0,20614652
2022-03-22 00:00:00+05:30,159.25,163.85,157.05,158.5,39742745
2022-03-23 00:00:00+05:30,159.5,160.55,158.05,158.65,10994784
2022-03-24 00:00:00+05:30,161.7,163.0,159.5,160.4,20332589
2022-03-25 00:00:00+05:30,161.3,162.05,158.3,158.85,13608989
2022-03-28 00:00:00+05:30,158.55,160.75,157.85,159.35,15253027
2022-03-29 00:00:00+05:30,158.15,158.35,154.15,154.55,14210783
2022-03-30 00:00:00+05:30,147.3,148.95,145.6,146.45,95239532
2022-03-31 00:00:00+05:30,146.3,149.35,145.6,148.15,33523683
2022-04-01 00:00:00+05:30,148.15,152.05,147.8,151.8,28335224
2022-04-04 00:00:00+05:30,150.85,152.75,149.45,151.9,17745513
2022-04-05 00:00:00+05:30,153.9,156.15,153.0,155.3,20054934
2022-04-06 00:00:00+05:30,154.2,156.75,153.95,156.2,12969222
2022-04-07 00:00:00+05:30,154.2,157.05,152.0,152.6,24550313
2022-04-08 00:00:00+05:30,152.7,154.75,152.5,154.5,9529874
2022-04-11 00:00:00+05:30,154.55,156.15,153.2,154.65,9724979
2022-04-12 00:00:00+05:30,154.55,155.65,152.0,152.6,13184429
2022-04-13 00:00:00+05:30,154.85,158.05,154.3,157.5,23458303
2022-04-18 00:00:00+05:30,159.05,161.8,158.3,158.85,23916912
2022-04-19 00:00:00+05:30,160.3,162.5,159.05,160.15,17880666
2022-04-20 00:00:00+05:30,159.9,160.35,158.0,158.55,10076403
2022-04-21 00:00:00+05:30,158.75,159.7,157.15,157.4,12246720
2022-04-22 00:00:00+05:30,157.4,159.35,156.95,157.25,10267952
2022-04-25 00:00:00+05:30,154.55,156.35,152.1,153.3,12583497
2022-04-26 00:00:00+05:30,154.6,155.15,149.8,150.85,20086229
2022-04-27 00:00:00+05:30,151.8,152.6,147.65,148.95,13981957
2022-04-28 00:00:00+05:30,150.05,150.05,146.8,148.9,13030499
2022-04-29 00:00:00+05:30,150.5,151.35,144.15,145.0,15964743
2022-05-02 00:00:00+05:30,142.9,143.9,140.9,141.3,23405519
2022-05-04 00:00:00+05:30,143.7,147.1,142.75,146.65,23661920
2022-05-05 00:00:00+05:30,148.45,152.2,147.65,148.95,26878516
2022-05-06 00:00:00+05:30,148.15,151.3,145.55,150.85,16768573
2022-05-09 00:00:00+05:30,149.35,151.2,147.05,148.85,9952775
2022-05-10 00:00:00+05:30,145.0,146.1,138.2,139.55,22602956
2022-05-11 00:00:00+05:30,139.15,144.6,139.0,143.35,15084514
2022-05-12 00:00:00+05:30,143.7,145.5,139.15,141.4,21459069
2022-05-13 00:00:00+05:30,144.6,144.85,138.25,138.8,12934346
2022-05-16 00:00:00+05:30,139.3,141.2,137.15,138.75,13205775
2022-05-17 00:00:00+05:30,140.95,147.95,140.6,147.45,17843200
2022-05-18 00:00:00+05:30,146.45,148.65,144.8,147.5,12616832
2022-05-19 00:00:00+05:30,143.3,146.5,142.6,144.6,8932407
2022-05-20 00:00:00+05:30,146.1,148.05,144.7,146.35,7235654
2022-05-23 00:00:00+05:30,146.2,148.45,139.75,140.2,18029557
2022-05-24 00:00:00+05:30,142.3,142.55,135.7,136.15,19141394
2022-05-25 00:00:00+05:30,138.2,138.55,133.35,137.9,19366472
2022-05-26 00:00:00+05:30,138.1,138.55,133.85,137.25,12824105
2022-05-27 00:00:00+05:30,140.1,140.55,127.5,129.95,52469252
2022-05-30 00:00:00+05:30,131.6,133.1,127.55,130.2,40261336
2022-05-31 00:00:00+05:30,131.35,138.3,131.35,136.7,57675204
2022-06-01 00:00:00+05:30,136.65,138.2,134.5,135.3,22780094
2022-06-02 00:00:00+05:30,133.55,138.2,131.95,137.75,25429955
2022-06-03 00:00:00+05:30,139.15,139.3,136.6,137.05,16747177
2022-06-06 00:00:00+05:30,138.4,140.95,138.1,139.15,30327268
2022-06-07 00:00:00+05:30,139.9,147.25,139.3,146.3,61411715
2022-06-08 00:00:00+05:30,147.75,150.4,146.5,147.65,45994327
2022-06-09 00:00:00+05:30,150.05,151.25,148.65,149.65,31122996
2022-06-10 00:00:00+05:30,148.25,150.6,147.65,148.75,17812698
2022-06-13 00:00:00+05:30,146.45,148.2,143.2,144.2,12237777
2022-06-14 00:00:00+05:30,144.2,145.1,140.4,140.95,12844437
2022-06-15 00:00:00+05:30,141.85,142.15,136.3,136.85,16223385
2022-06-16 00:00:00+05:30,134.8,137.0,128.85,129.75,25130676
2022-06-17 00:00:00+05:30,128.7,131.2,127.1,127.85,22922034
2022-06-20 00:00:00+05:30,125.25,125.5,117.5,121.5,28656582
2022-06-21 00:00:00+05:30,123.0,126.7,122.05,125.7,20581784
2022-06-22 00:00:00+05:30,123.75,123.75,118.4,121.9,31824106
2022-06-23 00:00:00+05:30,121.1,123.3,119.5,121.85,26829020
2022-06-24 00:00:00+05:30,123.8,127.4,122.15,124.15,25461812
2022-06-27 00:00:00+05:30,126.55,128.85,124.05,127.9,24188349
2022-06-28 00:00:00+05:30,129.05,137.1,128.5,134.95,54387675
2022-06-29 00:00:00+05:30,134.95,142.3,132.15,139.25,165860322
2022-06-30 00:00:00+05:30,138.3,139.55,134.9,137.0,38725546
2022-07-01 00:00:00+05:30,134.6,136.6,117.5,118.45,125788305
2022-07-04 00:00:00+05:30,117.45,117.45,112.15,113.85,85993413
2022-07-05 00:00:00+05:30,114.75,116.2,113.85,115.15,44595740
2022-07-06 00:00:00+05:30,111.2,111.6,108.3,109.35,59092334
2022-07-07 00:00:00+05:30,109.6,112.2,109.6,111.6,36229792
2022-07-08 00:00:00+05:30,114.2,114.2,109.4,109.8,42778692
2022-07-11 00:00:00+05:30,109.8,113.75,109.45,113.45,31522017
2022-07-12 00:00:00+05:30,112.85,114.55,111.6,112.15,25216226
2022-07-13 00:00:00+05:30,110.65,112.85,109.7,112.5,27166975
2022-07-14 00:00:00+05:30,112.45,119.85,111.85,114.9,38464081
2022-07-15 00:00:00+05:30,115.35,116.0,112.65,114.35,18088858
2022-07-18 00:00:00+05:30,114.8,118.1,114.7,117.4,21010247
2022-07-19 00:00:00+05:30,117.9,120.4,112.5,115.65,33778758
2022-07-20 00:00:00+05:30,122.05,123.45,119.5,119.8,60317150
2022-07-21 00:00:00+05:30,120.2,120.6,119.1,120.3,20853780
2022-07-22 00:00:00+05:30,120.9,120.9,118.9,119.7,11630255
2022-07-25 00:00:00+05:30,119.3,119.7,116.0,117.35,21705935
2022-07-26 00:00:00+05:30,118.25,118.95,115.5,115.8,22172845
2022-07-27 00:00:00+05:30,116.65,117.65,115.55,116.2,20187969
2022-07-28 00:00:00+05:30,117.85,117.9,115.85,117.7,25736737
2022-07-29 00:00:00+05:30,117.9,121.55,117.4,121.25,19738642
2022-08-01 00:00:00+05:30,121.2,125.6,120.4,125.1,20592826
2022-08-02 00:00:00+05:30,123.55,123.85,121.65,123.55,15037928
2022-08-03 00:00:00+05:30,122.9,125.15,120.9,122.6,15853543
2022-08-04 00:00:00+05:30,121.45,123.95,121.1,123.15,14311959
2022-08-05 00:00:00+05:30,122.1,125.15,120.7,123.4,66480753
2022-08-08 00:00:00+05:30,123.2,124.3,122.1,123.4,12451233
2022-08-10 00:00:00+05:30,123.3,123.6,120.6,120.9,15829467
2022-08-11 00:00:00+05:30,121.55,122.9,119.35,120.05,19479706
2022-08-12 00:00:00+05:30,121.0,126.3,120.6,125.8,40876891
2022-08-16 00:00:00+05:30,126.1,128.3,123.0,126.5,31230003
2022-08-17 00:00:00+05:30,126.5,127.25,125.35,126.25,15694770
2022-08-18 00:00:00+05:30,124.95,125.0,121.75,122.5,42597708
2022-08-19 00:00:00+05:30,124.3,125.15,121.15,121.65,35382493
2022-08-22 00:00:00+05:30,121.55,121.55,117.35,119.2,31231393
2022-08-23 00:00:00+05:30,119.2,121.3,117.6,120.85,24268146
2022-08-24 00:00:00+05:30,121.75,124.2,121.55,122.9,22730039
2022-08-25 00:00:00+05:30,123.8,124.85,123.05,123.45,14620592
2022-08-26 00:00:00+05:30,123.4,124.95,123.0,123.5,12105053
2022-08-29 00:00:00+05:30,121.3,123.45,120.85,122.8,9198908
2022-08-30 00:00:00+05:30,124.6,126.4,124.3,125.25,21720398
2022-09-01 00:00:00+05:30,122.05,123.15,121.25,121.75,20349294
2022-09-02 00:00:00+05:30,121.75,122.65,119.6,120.0,17495310
2022-09-05 00:00:00+05:30,120.1,121.0,119.9,120.55,14865879
2022-09-06 00:00:00+05:30,121.2,121.25,119.0,119.4,10870488
2022-09-07 00:00:00+05:30,118.4,120.15,117.55,119.75,12042788
2022-09-08 00:00:00+05:30,118.95,121.25,118.85,119.15,14629497
2022-09-09 00:00:00+05:30,119.75,121.3,119.25,121.1,12327341
2022-09-12 00:00:00+05:30,122.05,122.35,120.7,121.1,13500202
2022-09-13 00:00:00+05:30,121.3,122.15,120.6,121.0,10846178
2022-09-14 00:00:00+05:30,119.7,121.2,119.3,120.4,8597956
2022-09-15 00:00:00+05:30,120.7,121.5,119.3,119.85,10810473
2022-09-16 00:00:00+05:30,118.5,119.3,117.5,118.6,20909579
2022-09-19 00:00:00+05:30,119.4,121.45,117.25,117.95,19411428
2022-09-20 00:00:00+05:30,118.75,120.7,118.65,120.4,13080582
2022-09-21 00:00:00+05:30,119.5,120.4,117.55,118.3,11156865
2022-09-22 00:00:00+05:30,117.85,118.25,115.8,116.25,11366882
2022-09-23 00:00:00+05:30,115.85,116.65,115.25,116.2,10407849
2022-09-26 00:00:00+05:30,115.05,116.4,110.85,111.55,12848954
2022-09-27 00:00:00+05:30,112.4,115.65,111.9,112.5,14465123
2022-09-28 00:00:00+05:30,112.0,112.0,109.8,110.75,15267018
2022-09-29 00:00:00+05:30,111.6,115.8,111.6,114.45,20597761
2022-09-30 00:00:00+05:30,113.45,119.65,113.45,114.6,33530494
2022-10-03 00:00:00+05:30,119.0,122.05,118.0,119.65,50966493
2022-10-04 00:00:00+05:30,121.95,122.05,119.1,121.0,14137567
2022-10-06 00:00:00+05:30,123.4,123.45,119.65,119.9,14570735
2022-10-07 00:00:00+05:30,119.35,121.35,118.6,121.15,13532236
2022-10-10 00:00:00+05:30,120.2,121.1,119.5,120.45,10183057
2022-10-11 00:00:00+05:30,120.45,120.6,117.7,118.5,13176461
2022-10-12 00:00:00+05:30,118.5,119.3,116.65,118.7,9401804
2022-10-13 00:00:00+05:30,118.6,119.15,115.4,117.4,13320136
2022-10-14 00:00:00+05:30,119.3,120.05,114.8,115.35,13205955
2022-10-17 00:00:00+05:30,114.75,115.8,113.85,115.55,9320940
2022-10-18 00:00:00+05:30,116.05,116.65,115.35,116.3,6490293
2022-10-19 00:00:00+05:30,116.3,116.3,115.15,115.55,7381712
2022-10-20 00:00:00+05:30,114.75,118.4,113.7,117.15,18748363
2022-10-21 00:00:00+05:30,116.9,120.55,116.35,118.9,11945173
2022-10-24 00:00:00+05:30,120.2,121.1,119.65,120.05,2154912
2022-10-25 00:00:00+05:30,119.7,120.1,117.4,118.15,10232002
2022-10-27 00:00:00+05:30,118.15,119.5,117.75,119.1,13865026
2022-10-28 00:00:00+05:30,119.4,122.55,119.1,120.8,22918037
2022-10-31 00:00:00+05:30,121.5,122.15,120.05,121.15,8753855
2022-11-01 00:00:00+05:30,121.2,122.6,121.2,122.15,11630848
2022-11-02 00:00:00+05:30,122.75,125.8,122.3,123.35,21117499
2022-11-03 00:00:00+05:30,123.3,123.55,122.2,123.3,7561534
2022-11-04 00:00:00+05:30,123.3,125.1,122.95,124.55,7498344
2022-11-07 00:00:00+05:30,125.2,125.6,123.6,125.2,9987481
2022-11-09 00:00:00+05:30,125.55,125.6,123.8,125.3,12033732
2022-11-10 00:00:00+05:30,124.3,127.3,124.2,126.4,15908521
2022-11-11 00:00:00+05:30,127.05,127.7,125.8,126.9,18492513
2022-11-14 00:00:00+05:30,127.05,127.4,125.25,125.85,12743505
2022-11-15 00:00:00+05:30,126.55,129.55,126.55,128.6,24636519
2022-11-16 00:00:00+05:30,129.05,129.5,127.6,129.15,11460200
2022-11-17 00:00:00+05:30,128.3,129.95,128.1,129.4,13368536
2022-11-18 00:00:00+05:30,129.35,129.45,126.7,128.15,19958908
2022-11-21 00:00:00+05:30,122.9,123.25,121.5,122.4,16348881
2022-11-22 00:00:00+05:30,122.0,122.8,120.1,122.15,11198874
2022-11-23 00:00:00+05:30,122.5,123.5,121.6,123.4,9010911
2022-11-24 00:00:00+05:30,123.4,126.55,122.45,126.05,11803087
2022-11-25 00:00:00+05:30,125.6,127.7,124.5,127.0,9789098
2022-11-28 00:00:00+05:30,126.1,127.6,125.65,126.2,8925344
2022-11-29 00:00:00+05:30,126.55,127.5,126.1,126.7,13558920
2022-11-30 00:00:00+05:30,126.2,128.2,126.2,127.5,17720938
2022-12-01 00:00:00+05:30,127.85,128.35,126.4,126.55,27727625
2022-12-02 00:00:00+05:30,128.25,130.85,127.0,127.35,24518337
2022-12-05 00:00:00+05:30,127.9,130.1,127.05,129.9,18440387
2022-12-06 00:00:00+05:30,129.1,129.35,127.55,128.7,10977472
2022-12-07 00:00:00+05:30,127.25,128.15,126.6,127.1,9731670
2022-12-08 00:00:00+05:30,127.65,129.25,126.8,128.9,10150945
2022-12-09 00:00:00+05:30,128.75,129.2,126.75,127.15,9438307
2022-12-12 00:00:00+05:30,126.55,128.75,125.8,128.6,8946335
2022-12-13 00:00:00+05:30,129.3,130.7,128.8,130.5,12593054
2022-12-14 00:00:00+05:30,130.5,134.35,130.25,133.35,17692988
2022-12-15 00:00:00+05:30,133.4,134.55,132.6,133.2,11426194
2022-12-16 00:00:00+05:30,134.1,136.05,132.85,133.0,20540447
2022-12-19 00:00:00+05:30,132.9,133.3,131.05,131.75,10635055
2022-12-20 00:00:00+05:30,131.45,132.15,129.3,131.8,6714207
2022-12-21 00:00:00+05:30,132.45,132.7,128.95,129.7,10011408
2022-12-22 00:00:00+05:30,131.05,131.2,127.95,128.55,9123323
2022-12-23 00:00:00+05:30,127.05,129.7,125.9,126.4,8007752
2022-12-26 00:00:00+05:30,126.95,129.1,126.1,127.7,7150680
2022-12-27 00:00:00+05:30,128.45,131.35,128.45,130.85,8765357
2022-12-28 00:00:00+05:30,129.65,130.7,128.95,130.05,9534858
2022-12-29 00:00:00+05:30,129.0,131.95,128.75,130.7,36752195
2022-12-30 00:00:00+05:30,131.4,134.5,130.65,132.65,9644998
2023-01-02 00:00:00+05:30,133.1,136.3,133.05,136.0,9631496
2023-01-03 00:00:00+05:30,135.25,136.1,133.75,135.1,14991139
2023-01-04 00:00:00+05:30,134.55,134.55,131.05,132.2,13535874
2023-01-05 00:00:00+05:30,131.8,132.85,130.3,132.45,16320559
2023-01-06 00:00:00+05:30,132.6,133.85,132.25,133.15,16804116
2023-01-09 00:00:00+05:30,134.9,135.75,133.55,133.9,18660445
2023-01-10 00:00:00+05:30,134.35,135.85,134.35,134.95,18490715
2023-01-11 00:00:00+05:30,135.1,135.55,132.2,132.7,12538238
2023-01-12 00:00:00+05:30,133.45,134.0,131.7,132.1,13270422
2023-01-13 00:00:00+05:30,132.35,133.25,131.85,132.8,8854484
2023-01-16 00:00:00+05:30,133.45,133.55,131.95,133.35,9696320
2023-01-17 00:00:00+05:30,134.05,134.65,132.6,133.6,18484595
2023-01-18 00:00:00+05:30,134.0,135.3,133.95,134.9,12139643
2023-01-19 00:00:00+05:30,133.8,137.45,133.8,137.1,18437610
2023-01-20 00:00:00+05:30,137.35,137.8,136.05,137.05,17512691
2023-01-23 00:00:00+05:30,137.85,138.4,136.8,137.65,16742252
2023-01-24 00:00:00+05:30,137.65,138.5,137.05,137.5,8276792
2023-01-25 00:00:00+05:30,136.7,138.65,136.6,137.75,9827342
2023-01-27 00:00:00+05:30,137.75,139.25,132.55,133.4,13052535
2023-01-30 00:00:00+05:30,133.25,134.55,129.45,130.95,12688399
2023-01-31 00:00:00+05:30,131.2,133.65,130.4,130.95,19050398
2023-02-01 00:00:00+05:30,131.75,131.95,128.6,130.4,11526089
2023-02-02 00:00:00+05:30,129.25,131.05,127.1,129.65,11886667
2023-02-03 00:00:00+05:30,129.7,131.35,126.6,130.45,9250428
2023-02-06 00:00:00+05:30,128.1,130.35,128.0,129.7,6436143
2023-02-07 00:00:00+05:30,130.05,131.0,128.55,130.7,8681511
2023-02-08 00:00:00+05:30,131.35,131.85,129.35,130.05,10325869
2023-02-09 00:00:00+05:30,130.7,132.35,129.4,132.15,8078404
2023-02-10 00:00:00+05:30,132.1,132.85,130.85,132.6,6396208
2023-02-13 00:00:00+05:30,133.2,134.55,132.55,133.9,6563018
2023-02-14 00:00:00+05:30,134.4,134.85,132.85,134.2,6991500
2023-02-15 00:00:00+05:30,134.65,135.0,131.45,133.25,12631259
2023-02-16 00:00:00+05:30,135.55,141.35,134.15,140.9,30949761
2023-02-17 00:00:00+05:30,140.55,143.5,139.5,141.5,19874561
2023-02-20 00:00:00+05:30,142.1,142.6,139.5,139.95,8348393
2023-02-21 00:00:00+05:30,140.0,140.9,138.7,139.2,7599927
2023-02-22 00:00:00+05:30,139.35,139.6,137.05,138.85,9599697
2023-02-23 00:00:00+05:30,138.95,141.15,138.55,139.75,18675946
2023-02-24 00:00:00+05:30,137.1,140.45,135.3,140.1,14648507
2023-02-27 00:00:00+05:30,139.15,141.0,138.3,140.35,11904749
2023-02-28 00:00:00+05:30,139.25,140.55,136.65,137.4,17607584
2023-03-01 00:00:00+05:30,137.35,140.2,137.2,139.9,7707977
2023-03-02 00:00:00+05:30,139.6,140.15,137.95,139.15,8219892
2023-03-03 00:00:00+05:30,139.15,140.75,138.7,139.35,8260104
2023-03-06 00:00:00+05:30,139.8,144.35,138.8,142.95,14491522
2023-03-08 00:00:00+05:30,141.45,143.55,141.3,143.0,7339476
2023-03-09 00:00:00+05:30,143.75,143.8,141.0,141.25,5314022
2023-03-10 00:00:00+05:30,140.65,141.6,139.3,140.8,4689681
2023-03-13 00:00:00+05:30,141.15,142.8,140.3,140.8,8785721
2023-03-14 00:00:00+05:30,140.8,141.75,138.35,138.55,7177342
2023-03-15 00:00:00+05:30,139.15,139.55,137.15,137.85,9832270
2023-03-16 00:00:00+05:30,136.65,138.65,133.75,137.55,18551936
2023-03-17 00:00:00+05:30,138.75,140.0,137.3,138.45,16593429
2023-03-20 00:00:00+05:30,138.3,139.25,137.05,137.6,8749355
2023-03-21 00:00:00+05:30,138.45,139.0,136.45,137.0,6148489
2023-03-22 00:00:00+05:30,137.7,138.1,136.35,137.0,4329409
2023-03-23 00:00:00+05:30,136.55,138.45,135.85,138.1,4484564
2023-03-24 00:00:00+05:30,138.0,138.5,134.55,135.0,8301726
2023-03-27 00:00:00+05:30,135.1,137.75,134.9,135.8,7437261
2023-03-28 00:00:00+05:30,135.8,135.8,132.6,133.0,8964539
2023-03-29 00:00:00+05:30,133.05,136.35,132.45,134.95,24012834
2023-03-31 00:00:00+05:30,135.65,138.3,135.6,136.55,7998472
2023-04-03 00:00:00+05:30,139.6,142.65,138.4,138.9,20016785
2023-04-05 00:00:00+05:30,141.65,142.25,137.85,138.2,15880397
2023-04-06 00:00:00+05:30,138.5,138.7,135.95,136.1,10670936
2023-04-10 00:00:00+05:30,136.2,142.35,135.55,142.05,17431401
2023-04-11 00:00:00+05:30,142.0,143.95,141.3,143.75,13305621
2023-04-12 00:00:00+05:30,143.7,143.75,141.5,142.5,7333339
2023-04-13 00:00:00+05:30,142.9,145.05,142.8,143.45,11610851
2023-04-17 00:00:00+05:30,143.8,145.0,142.8,144.75,9358885
2023-04-18 00:00:00+05:30,144.75,145.1,144.05,144.7,8008560
2023-04-19 00:00:00+05:30,143.05,145.0,142.85,144.7,11374283
2023-04-20 00:00:00+05:30,144.25,144.7,143.25,143.8,5733670
2023-04-21 00:00:00+05:30,143.6,144.5,143.4,144.25,3512214
2023-04-24 00:00:00+05:30,144.25,145.3,143.95,144.85,7028440
2023-04-25 00:00:00+05:30,144.8,146.25,144.6,145.2,10169778
2023-04-26 00:00:00+05:30,144.6,146.05,144.4,145.6,9177783
2023-04-27 00:00:00+05:30,144.8,145.4,144.25,144.65,6456825
2023-04-28 00:00:00+05:30,144.45,144.45,139.95,143.65,12656744
2023-05-02 00:00:00+05:30,144.15,148.9,144.0,148.5,16612560
2023-05-03 00:00:00+05:30,147.2,147.65,145.4,145.6,8029435
2023-05-04 00:00:00+05:30,145.35,145.65,143.85,145.5,9929482
2023-05-05 00:00:00+05:30,145.55,146.4,144.35,144.85,5488707
2023-05-08 00:00:00+05:30,144.85,149.45,144.6,149.1,9699470
2023-05-09 00:00:00+05:30,149.1,150.5,148.55,149.35,7600834
2023-05-10 00:00:00+05:30,149.35,151.55,149.1,150.85,10901429
2023-05-11 00:00:00+05:30,150.1,152.45,150.1,150.95,7877677
2023-05-12 00:00:00+05:30,151.95,152.7,149.1,149.6,16373574
2023-05-15 00:00:00+05:30,149.6,150.55,148.55,149.7,8559162
2023-05-16 00:00:00+05:30,152.1,152.3,150.65,151.85,12249266
2023-05-17 00:00:00+05:30,151.85,151.85,150.1,151.15,7360259
2023-05-18 00:00:00+05:30,151.4,152.25,150.05,150.35,7433090
2023-05-19 00:00:00+05:30,150.2,150.65,148.25,149.0,5969632
2023-05-22 00:00:00+05:30,148.35,150.4,148.35,149.7,7331865
2023-05-23 00:00:00+05:30,149.7,150.95,148.6,149.1,10119254
2023-05-24 00:00:00+05:30,149.1,150.45,148.75,150.25,6107980
2023-05-25 00:00:00+05:30,150.25,151.3,149.35,150.05,8077606
2023-05-26 00:00:00+05:30,150.05,151.3,146.7,148.0,14873707
2023-05-29 00:00:00+05:30,144.6,144.85,141.4,143.7,43253971
2023-05-30 00:00:00+05:30,144.35,146.15,142.15,143.55,16117505
2023-05-31 00:00:00+05:30,143.7,144.05,135.6,140.0,83741017
2023-06-01 00:00:00+05:30,139.8,140.95,138.5,138.9,13982606
2023-06-02 00:00:00+05:30,140.1,140.1,138.65,139.8,9851058
2023-06-05 00:00:00+05:30,140.55,140.95,139.55,140.5,11850547
2023-06-06 00:00:00+05:30,140.55,140.9,138.5,138.9,8118800
2023-06-07 00:00:00+05:30,138.85,139.6,137.85,139.05,12180164
2023-06-08 00:00:00+05:30,139.6,141.55,139.3,141.05,13850599
2023-06-09 00:00:00+05:30,141.6,141.8,139.0,139.35,11764248
2023-06-12 00:00:00+05:30,139.95,140.35,137.9,140.15,11017643
2023-06-13 00:00:00+05:30,140.3,141.15,139.35,140.7,10073644
2023-06-14 00:00:00+05:30,141.05,143.15,140.85,142.65,9695952
2023-06-15 00:00:00+05:30,142.35,142.7,141.15,142.5,7426254
2023-06-16 00:00:00+05:30,143.0,143.4,141.3,141.9,11466647
2023-06-19 00:00:00+05:30,142.7,143.2,141.4,142.6,4718221
2023-06-20 00:00:00+05:30,142.4,142.6,141.45,142.15,6059738
2023-06-21 00:00:00+05:30,141.9,145.1,141.5,144.8,8284206
2023-06-22 00:00:00+05:30,144.8,145.45,142.35,143.65,10629027
2023-06-23 00:00:00+05:30,143.7,143.7,140.5,141.8,8722650
2023-06-26 00:00:00+05:30,141.9,143.0,140.85,141.8,4273205
2023-06-27 00:00:00+05:30,143.55,143.55,142.25,142.65,9730174
2023-06-28 00:00:00+05:30,142.65,144.75,141.45,143.3,40243993
2023-06-30 00:00:00+05:30,145.5,145.5,143.65,144.85,7840112
2023-07-03 00:00:00+05:30,144.85,147.55,144.6,147.2,9548822
2023-07-04 00:00:00+05:30,146.85,147.2,144.6,145.65,5394282
2023-07-05 00:00:00+05:30,146.45,148.55,145.8,147.1,8795342
2023-07-06 00:00:00+05:30,147.1,149.85,146.9,149.5,9845699
2023-07-07 00:00:00+05:30,149.6,150.05,147.1,147.75,7597171
2023-07-10 00:00:00+05:30,148.15,149.5,146.85,147.05,5437687
2023-07-11 00:00:00+05:30,147.55,149.2,147.2,148.7,6343183
2023-07-12 00:00:00+05:30,150.0,152.7,149.35,151.55,15614026
2023-07-13 00:00:00+05:30,152.45,153.0,151.1,151.65,11350009
2023-07-14 00:00:00+05:30,152.7,153.4,152.0,152.95,9448062
2023-07-17 00:00:00+05:30,151.65,152.2,150.15,150.4,4968847
2023-07-18 00:00:00+05:30,150.4,151.95,150.05,150.8,4322257
2023-07-19 00:00:00+05:30,151.1,151.8,150.1,150.65,5968174
2023-07-20 00:00:00+05:30,150.9,151.9,150.05,151.1,5217131
2023-07-21 00:00:00+05:30,151.25,154.55,150.5,154.15,7842863
2023-07-24 00:00:00+05:30,155.1,155.7,153.9,154.55,8451631
2023-07-25 00:00:00+05:30,155.45,156.6,154.75,156.35,10480578
2023-07-26 00:00:00+05:30,157.1,157.55,155.45,156.3,9103949
2023-07-27 00:00:00+05:30,156.7,156.9,154.3,154.55,7731146
2023-07-28 00:00:00+05:30,154.3,158.15,152.6,155.25,9004252
2023-07-31 00:00:00+05:30,156.2,160.4,154.85,160.05,9277749
2023-08-01 00:00:00+05:30,158.45,160.0,157.55,159.7,5584773
2023-08-02 00:00:00+05:30,160.0,161.45,157.25,159.0,8975495
2023-08-03 00:00:00+05:30,158.4,158.85,154.95,155.55,6152393
2023-08-04 00:00:00+05:30,156.6,157.7,155.55,156.6,4605271
2023-08-07 00:00:00+05:30,157.55,157.75,155.55,156.3,2240015
2023-08-08 00:00:00+05:30,156.3,157.05,156.05,156.6,3631238
2023-08-09 00:00:00+05:30,156.6,160.25,156.55,159.9,4852294
2023-08-10 00:00:00+05:30,160.9,162.5,159.9,161.45,10430692
2023-08-11 00:00:00+05:30,161.7,162.45,159.7,160.2,4112277
2023-08-14 00:00:00+05:30,162.6,163.05,160.35,160.85,12876956
2023-08-16 00:00:00+05:30,159.35,162.25,158.85,161.85,8371665
2023-08-17 00:00:00+05:30,161.5,161.9,160.1,160.6,5199363
2023-08-18 00:00:00+05:30,160.5,160.5,157.4,158.45,6734650
2023-08-21 00:00:00+05:30,158.45,159.35,157.55,159.1,3599820
2023-08-22 00:00:00+05:30,159.1,160.75,158.65,159.2,5348036
2023-08-23 00:00:00+05:30,160.0,160.2,158.2,158.55,6379611
2023-08-24 00:00:00+05:30,158.55,159.7,156.2,156.45,7976333
2023-08-25 00:00:00+05:30,156.45,158.4,156.25,157.9,4757915
2023-08-28 00:00:00+05:30,158.3,158.85,157.8,158.35,4354221
2023-08-29 00:00:00+05:30,158.65,159.15,158.15,158.75,4596468
2023-08-30 00:00:00+05:30,158.75,159.9,158.2,158.8,5937955
2023-08-31 00:00:00+05:30,158.85,159.05,156.4,157.4,15823452
2023-09-01 00:00:00+05:30,157.65,166.95,157.65,164.3,22460960
2023-09-04 00:00:00+05:30,166.2,166.7,164.3,165.35,10998180
2023-09-05 00:00:00+05:30,165.85,168.15,164.8,165.5,13506519
2023-09-06 00:00:00+05:30,167.1,168.75,164.75,165.45,11954407
2023-09-07 00:00:00+05:30,167.15,167.35,163.6,164.3,11137801
2023-09-08 00:00:00+05:30,164.9,167.1,164.5,166.7,9737214
2023-09-11 00:00:00+05:30,167.6,168.1,164.7,165.75,10845871
2023-09-12 00:00:00+05:30,167.05,167.1,162.8,163.5,15524470
2023-09-13 00:00:00+05:30,164.4,166.9,163.5,166.25,10578786
2023-09-14 00:00:00+05:30,166.95,170.7,166.45,169.85,17746404
2023-09-15 00:00:00+05:30,173.25,173.25,167.75,168.7,19924829
2023-09-18 00:00:00+05:30,167.95,169.45,167.25,168.75,5022956
2023-09-20 00:00:00+05:30,168.5,171.25,168.3,170.15,12687099
2023-09-21 00:00:00+05:30,170.25,170.3,168.2,168.7,7814108
2023-09-22 00:00:00+05:30,168.65,169.65,167.15,167.25,7814821
2023-09-25 00:00:00+05:30,168.15,168.7,167.4,167.65,5540062
2023-09-26 00:00:00+05:30,168.15,170.1,167.4,169.7,12446655
2023-09-27 00:00:00+05:30,171.05,171.05,168.4,169.2,5630907
2023-09-28 00:00:00+05:30,170.7,171.25,168.55,169.4,14890642
2023-09-29 00:00:00+05:30,170.35,173.75,170.1,173.35,10085766
2023-10-03 00:00:00+05:30,171.05,171.05,166.0,166.8,22118500
2023-10-04 00:00:00+05:30,166.7,166.8,164.55,165.15,9360058
2023-10-05 00:00:00+05:30,163.85,166.3,163.6,164.65,11128340
2023-10-06 00:00:00+05:30,165.85,165.85,163.2,164.05,5759904
2023-10-09 00:00:00+05:30,165.3,166.9,163.85,164.25,14622727
2023-10-10 00:00:00+05:30,164.7,166.75,164.5,165.85,11819690
2023-10-11 00:00:00+05:30,166.65,166.9,165.15,165.6,8499601
2023-10-12 00:00:00+05:30,165.6,167.05,165.4,166.7,8677885
2023-10-13 00:00:00+05:30,166.75,168.35,166.35,167.1,7435899
2023-10-16 00:00:00+05:30,169.9,170.15,168.35,168.6,12376549
2023-10-17 00:00:00+05:30,168.95,169.0,167.7,168.35,4381065
2023-10-18 00:00:00+05:30,169.95,170.0,168.2,168.9,10181113
2023-10-19 00:00:00+05:30,168.15,168.7,167.2,168.4,9148124
2023-10-20 00:00:00+05:30,168.95,169.25,167.3,168.3,7912216
2023-10-23 00:00:00+05:30,168.1,168.1,166.45,167.05,4723090
2023-10-25 00:00:00+05:30,167.05,168.0,165.4,166.6,6812004
2023-10-26 00:00:00+05:30,165.85,166.45,162.55,163.5,8474867
2023-10-27 00:00:00+05:30,163.6,167.95,162.9,166.95,6422123
2023-10-30 00:00:00+05:30,167.15,171.0,166.8,170.6,7352638
2023-10-31 00:00:00+05:30,171.0,171.55,166.45,168.25,9404675
2023-11-01 00:00:00+05:30,168.25,170.6,167.2,168.7,9167869
2023-11-02 00:00:00+05:30,168.95,169.6,167.9,168.3,11471209
2023-11-03 00:00:00+05:30,168.7,172.3,167.95,171.75,7464912
2023-11-06 00:00:00+05:30,171.9,175.5,171.3,174.7,8962124
2023-11-07 00:00:00+05:30,174.8,178.95,173.85,174.6,13921916
2023-11-08 00:00:00+05:30,175.05,177.65,173.8,176.5,10186886
2023-11-09 00:00:00+05:30,177.6,177.8,173.7,174.15,5303833
2023-11-10 00:00:00+05:30,174.15,177.6,174.15,177.05,6025889
2023-11-12 00:00:00+05:30,179.65,179.65,177.05,177.85,2988611
2023-11-13 00:00:00+05:30,177.05,178.3,175.4,176.95,11181086
2023-11-15 00:00:00+05:30,179.45,183.5,178.6,180.3,19769385
2023-11-16 00:00:00+05:30,183.0,183.8,181.65,182.4,18629240
2023-11-17 00:00:00+05:30,181.55,181.85,176.7,177.45,13199928
2023-11-20 00:00:00+05:30,178.95,179.45,178.0,178.8,6423265
2023-11-21 00:00:00+05:30,179.65,180.5,177.8,177.95,10720353
2023-11-22 00:00:00+05:30,177.95,178.55,176.6,177.8,7538825
2023-11-23 00:00:00+05:30,177.8,178.45,176.45,177.45,6541617
2023-11-24 00:00:00+05:30,177.65,178.55,175.15,175.8,5751331
2023-11-28 00:00:00+05:30,175.8,181.0,175.35,180.5,9277764
2023-11-29 00:00:00+05:30,181.95,181.95,178.4,178.7,8791333
2023-11-30 00:00:00+05:30,179.35,182.1,178.75,181.5,14965403
2023-12-01 00:00:00+05:30,181.75,184.5,180.8,181.1,9935740
2023-12-04 00:00:00+05:30,182.9,191.65,182.45,188.05,28615290
2023-12-05 00:00:00+05:30,188.2,189.85,185.4,188.05,14557746
2023-12-06 00:00:00+05:30,189.65,189.65,185.35,188.0,12662213
2023-12-07 00:00:00+05:30,187.0,187.0,182.45,185.15,16425880
2023-12-08 00:00:00+05:30,186.0,186.4,180.65,182.4,10414387
2023-12-11 00:00:00+05:30,183.45,186.95,180.8,184.1,10108266
2023-12-12 00:00:00+05:30,183.35,184.1,181.1,181.85,10719911
2023-12-13 00:00:00+05:30,181.85,181.85,178.75,179.8,10892122
2023-12-14 00:00:00+05:30,182.35,182.7,179.85,182.4,15257294
2023-12-15 00:00:00+05:30,183.65,188.0,183.25,187.15,22863981
2023-12-18 00:00:00+05:30,187.15,187.7,183.75,185.25,8061011
2023-12-19 00:00:00+05:30,188.05,189.5,185.55,186.4,16739742
2023-12-20 00:00:00+05:30,187.8,197.35,187.05,189.15,57762576
2023-12-21 00:00:00+05:30,189.85,192.4,187.3,188.6,22823936
2023-12-22 00:00:00+05:30,189.9,190.35,187.85,189.85,9910694
2023-12-26 00:00:00+05:30,190.35,194.1,189.6,193.0,17052969
2023-12-27 00:00:00+05:30,195.0,195.4,190.35,191.35,20361303
2023-12-28 00:00:00+05:30,192.25,194.4,191.15,193.9,22010872
2023-12-29 00:00:00+05:30,193.6,193.6,190.15,190.85,12171663
2024-01-01 00:00:00+05:30,191.75,192.75,190.55,191.15,4820168
2024-01-02 00:00:00+05:30,191.15,196.2,189.6,192.7,21141219
2024-01-03 00:00:00+05:30,191.3,195.9,190.35,193.85,11650902
2024-01-04 00:00:00+05:30,195.95,200.5,194.8,199.8,31054419
2024-01-05 00:00:00+05:30,200.55,202.45,198.35,201.45,20743811
2024-01-08 00:00:00+05:30,202.9,205.5,202.1,202.9,19310595
2024-01-09 00:00:00+05:30,205.7,206.15,201.0,201.65,11951525
2024-01-10 00:00:00+05:30,200.15,200.15,195.2,197.4,16500666
2024-01-11 00:00:00+05:30,199.2,199.2,196.3,197.2,12586419
2024-01-12 00:00:00+05:30,199.0,209.2,197.65,207.95,39228118
2024-01-15 00:00:00+05:30,212.7,219.15,209.1,217.35,57884916
2024-01-16 00:00:00+05:30,218.7,222.4,215.1,218.8,34505065
2024-01-17 00:00:00+05:30,216.15,220.8,214.75,216.0,26010955
2024-01-18 00:00:00+05:30,214.15,218.25,209.1,217.4,19232183
2024-01-19 00:00:00+05:30,219.7,225.8,218.7,225.3,26391844
2024-01-20 00:00:00+05:30,226.25,228.4,223.85,225.3,15133785
2024-01-23 00:00:00+05:30,228.1,228.6,212.25,214.0,20282617
2024-01-24 00:00:00+05:30,215.0,218.7,212.3,218.15,14458601
2024-01-25 00:00:00+05:30,218.7,221.05,216.7,217.85,18291957
2024-01-29 00:00:00+05:30,224.3,237.3,222.55,235.0,54127939
2024-01-30 00:00:00+05:30,238.75,245.1,231.45,232.0,51491099
2024-01-31 00:00:00+05:30,233.1,236.75,229.25,234.8,33293192
2024-02-01 00:00:00+05:30,237.0,237.0,228.4,230.5,29758133
2024-02-02 00:00:00+05:30,232.65,242.05,231.8,239.45,30482663
2024-02-05 00:00:00+05:30,242.05,249.55,237.45,244.75,34001868
2024-02-06 00:00:00+05:30,247.0,254.45,242.2,253.5,36708949
2024-02-07 00:00:00+05:30,256.0,256.55,249.05,253.1,23756939
2024-02-08 00:00:00+05:30,254.15,256.55,250.45,254.2,25252940
2024-02-09 00:00:00+05:30,256.0,256.55,241.2,249.05,26743792
2024-02-12 00:00:00+05:30,243.85,248.15,239.05,240.1,30906374
2024-02-13 00:00:00+05:30,240.15,244.2,237.05,241.55,20711842
2024-02-14 00:00:00+05:30,240.15,251.0,238.25,250.2,36168962
2024-02-15 00:00:00+05:30,252.85,260.45,250.35,258.15,32831246
2024-02-16 00:00:00+05:30,256.1,258.75,251.7,255.7,27044984
2024-02-19 00:00:00+05:30,255.7,259.75,253.6,255.7,15322964
2024-02-20 00:00:00+05:30,255.8,261.7,255.1,257.5,18968785
2024-02-21 00:00:00+05:30,256.9,261.65,252.8,254.05,16340579
2024-02-22 00:00:00+05:30,254.9,256.9,249.9,255.7,16791453
2024-02-23 00:00:00+05:30,255.9,256.9,252.3,253.4,9464646
2024-02-26 00:00:00+05:30,253.1,253.1,249.3,251.2,8661999
2024-02-27 00:00:00+05:30,249.55,251.55,246.6,250.7,19582774
2024-02-28 00:00:00+05:30,251.35,251.65,246.25,247.4,9118196
2024-02-29 00:00:00+05:30,246.65,247.9,243.4,246.25,17179832
2024-03-01 00:00:00+05:30,248.05,254.05,248.05,251.8,12930057
2024-03-02 00:00:00+05:30,253.2,254.0,252.55,253.1,864693
2024-03-04 00:00:00+05:30,253.9,261.15,253.7,259.9,22280353
2024-03-05 00:00:00+05:30,260.6,265.25,257.55,264.15,18544484
2024-03-06 00:00:00+05:30,264.6,264.6,254.6,260.85,16807149
2024-03-07 00:00:00+05:30,260.85,264.65,258.1,258.85,11386963
2024-03-11 00:00:00+05:30,258.85,261.1,254.25,255.05,10684598
2024-03-12 00:00:00+05:30,255.05,256.5,250.4,251.75,13780189
2024-03-13 00:00:00+05:30,252.05,252.2,235.25,237.7,20079496
2024-03-14 00:00:00+05:30,235.0,246.05,233.85,245.05,21404057
2024-03-15 00:00:00+05:30,245.7,247.95,231.7,240.85,34961065
2024-03-18 00:00:00+05:30,241.05,244.85,239.75,243.5,9246173
2024-03-19 00:00:00+05:30,243.9,245.7,238.9,241.3,8758348
2024-03-20 00:00:00+05:30,241.5,246.25,239.4,245.6,10484778
2024-03-21 00:00:00+05:30,246.35,248.45,244.2,244.75,12163200
2024-03-22 00:00:00+05:30,244.75,246.9,240.55,245.05,13025089
2024-03-26 00:00:00+05:30,243.55,249.4,241.35,247.15,10830926
2024-03-27 00:00:00+05:30,246.65,249.65,241.7,243.65,28563001
2024-03-28 00:00:00+05:30,244.25,252.2,243.85,249.55,18888942
2024-04-01 00:00:00+05:30,249.55,252.7,249.3,251.25,6440401
2024-04-02 00:00:00+05:30,251.45,255.1,250.8,253.7,14439120
2024-04-03 00:00:00+05:30,256.05,259.7,254.9,256.25,22600929
2024-04-04 00:00:00+05:30,259.4,259.4,247.0,250.35,24624383
2024-04-05 00:00:00+05:30,249.35,253.1,248.05,249.45,13029904
2024-04-08 00:00:00+05:30,249.05,253.2,248.15,251.75,13011300
2024-04-09 00:00:00+05:30,251.35,253.8,249.5,250.3,13173933
2024-04-10 00:00:00+05:30,251.3,254.25,250.5,253.2,11137195
2024-04-12 00:00:00+05:30,253.1,253.7,246.65,247.35,21894584
2024-04-15 00:00:00+05:30,250.45,263.4,248.6,260.45,75063828
2024-04-16 00:00:00+05:30,257.85,272.3,256.15,263.55,79082544
2024-04-18 00:00:00+05:30,266.2,267.8,254.4,255.2,34136482
2024-04-19 00:00:00+05:30,257.65,261.4,255.15,256.15,32658724
2024-04-22 00:00:00+05:30,258.15,258.75,254.8,257.65,14184019
2024-04-23 00:00:00+05:30,257.7,259.5,256.45,257.65,8799147
2024-04-24 00:00:00+05:30,258.35,261.0,257.2,260.05,9253985
2024-04-25 00:00:00+05:30,260.05,263.05,258.75,262.4,17050557
2024-04-26 00:00:00+05:30,263.45,266.35,262.65,263.35,11070290
2024-04-29 00:00:00+05:30,264.3,265.5,262.6,263.6,8952420
2024-04-30 00:00:00+05:30,264.8,266.55,262.0,263.3,10658906
2024-05-02 00:00:00+05:30,261.55,264.9,259.75,263.25,15677336
2024-05-03 00:00:00+05:30,264.35,272.7,264.35,266.3,28913016
2024-05-06 00:00:00+05:30,268.75,268.8,256.15,262.6,15491865
2024-05-07 00:00:00+05:30,264.25,265.3,253.2,254.65,13179001
2024-05-08 00:00:00+05:30,254.55,260.85,253.55,257.7,12797721
2024-05-09 00:00:00+05:30,258.1,259.3,245.0,246.9,14869187
2024-05-10 00:00:00+05:30,248.5,252.4,246.15,251.6,9530738
2024-05-13 00:00:00+05:30,253.1,253.1,243.95,248.4,7163239
2024-05-14 00:00:00+05:30,249.45,255.7,248.0,254.0,9123849
2024-05-15 00:00:00+05:30,255.55,256.9,253.7,254.5,6368662
2024-05-16 00:00:00+05:30,256.9,260.05,254.85,258.4,23757779
2024-05-17 00:00:00+05:30,259.55,263.8,257.5,258.2,11529157
2024-05-18 00:00:00+05:30,260.9,262.2,259.2,259.7,2010993
2024-05-21 00:00:00+05:30,261.65,264.35,259.1,260.7,17559555
2024-05-22 00:00:00+05:30,264.35,264.35,257.75,258.75,17935064
2024-05-23 00:00:00+05:30,260.55,264.85,259.8,263.85,17719819
2024-05-24 00:00:00+05:30,264.35,266.15,262.35,263.65,11041667
2024-05-27 00:00:00+05:30,264.35,264.55,256.6,258.4,13719808
2024-05-28 00:00:00+05:30,260.0,260.0,254.15,255.35,6927361
2024-05-29 00:00:00+05:30,254.85,254.85,251.6,253.05,8327205
2024-05-30 00:00:00+05:30,254.1,256.05,246.65,248.2,15390964
2024-05-31 00:00:00+05:30,249.85,249.85,244.8,246.05,24167379
2024-06-03 00:00:00+05:30,258.7,266.7,254.25,264.45,30195397
2024-06-04 00:00:00+05:30,265.3,265.3,207.55,219.95,72779900
2024-06-05 00:00:00+05:30,229.95,232.45,214.5,230.4,37078551
2024-06-06 00:00:00+05:30,236.4,241.55,232.05,234.8,30881233
2024-06-07 00:00:00+05:30,236.0,242.75,234.35,242.35,22010688
2024-06-10 00:00:00+05:30,245.75,245.75,240.2,241.2,14138524
2024-06-11 00:00:00+05:30,248.35,256.0,246.9,254.6,47270206
2024-06-12 00:00:00+05:30,258.75,259.8,255.65,256.4,20560662
2024-06-13 00:00:00+05:30,258.75,258.75,253.7,257.45,16013386
2024-06-14 00:00:00+05:30,257.85,258.95,255.65,256.3,10642648
2024-06-18 00:00:00+05:30,259.65,259.7,255.05,256.7,17044769
2024-06-19 00:00:00+05:30,256.8,257.5,252.3,252.75,13361607
2024-06-20 00:00:00+05:30,253.0,255.05,250.45,253.05,12826509
2024-06-21 00:00:00+05:30,252.65,255.75,250.25,251.0,17406416
2024-06-24 00:00:00+05:30,251.0,252.45,248.15,251.25,7282347
2024-06-25 00:00:00+05:30,251.45,252.05,246.65,248.5,14425434
2024-06-26 00:00:00+05:30,248.4,250.5,245.85,249.25,10650910
2024-06-27 00:00:00+05:30,248.9,249.6,245.3,249.0,22830930
2024-06-28 00:00:00+05:30,250.35,256.35,249.8,255.25,19532912
2024-07-01 00:00:00+05:30,256.0,256.7,252.8,254.05,11750972
2024-07-02 00:00:00+05:30,254.25,260.4,252.7,255.85,24470518
2024-07-03 00:00:00+05:30,256.9,258.45,255.05,255.7,9125400
2024-07-04 00:00:00+05:30,256.0,259.6,254.15,257.9,13444669
2024-07-05 00:00:00+05:30,258.1,269.25,257.4,268.25,39781962
2024-07-08 00:00:00+05:30,269.95,282.05,267.45,278.45,53136198
2024-07-09 00:00:00+05:30,280.0,280.95,273.05,276.9,18686252
2024-07-10 00:00:00+05:30,279.0,279.05,268.85,277.5,19278800
2024-07-11 00:00:00+05:30,279.25,285.95,274.75,283.65,36020507
2024-07-12 00:00:00+05:30,285.6,290.15,283.15,285.85,31788101
2024-07-15 00:00:00+05:30,290.2,301.25,287.3,300.2,51435537
2024-07-16 00:00:00+05:30,301.2,304.9,297.65,300.35,37468292
2024-07-18 00:00:00+05:30,302.6,310.2,299.4,308.75,48189915
2024-07-19 00:00:00+05:30,310.0,310.1,296.05,297.55,26579496
2024-07-22 00:00:00+05:30,297.9,300.95,292.7,298.55,22234557
2024-07-23 00:00:00+05:30,297.95,299.15,276.85,292.4,37871058
2024-07-24 00:00:00+05:30,291.4,303.2,290.5,297.45,28259305
2024-07-25 00:00:00+05:30,296.05,314.15,294.25,312.55,42054664
2024-07-26 00:00:00+05:30,313.25,315.1,307.25,308.65,25703985
2024-07-29 00:00:00+05:30,310.7,316.0,307.9,309.9,26721790
2024-07-30 00:00:00+05:30,309.05,314.85,308.1,308.95,19792253
2024-07-31 00:00:00+05:30,309.1,314.05,306.95,311.1,21393361
2024-08-01 00:00:00+05:30,314.4,320.85,313.85,318.05,36044960
2024-08-02 00:00:00+05:30,314.6,314.6,305.95,307.25,22939377
2024-08-05 00:00:00+05:30,298.2,300.9,284.8,288.75,37986023
2024-08-06 00:00:00+05:30,293.0,300.15,284.05,284.9,28386636
2024-08-07 00:00:00+05:30,290.75,308.05,290.4,306.3,66110716
2024-08-08 00:00:00+05:30,306.2,306.2,299.45,300.4,23478224
2024-08-09 00:00:00+05:30,310.85,312.6,305.5,309.55,29814474
2024-08-12 00:00:00+05:30,309.75,320.85,307.05,317.7,34754596
2024-08-13 00:00:00+05:30,320.25,321.15,309.95,312.65,28943385
2024-08-14 00:00:00+05:30,312.6,313.25,304.2,305.45,17812763
2024-08-16 00:00:00+05:30,309.55,312.5,305.95,306.8,16584396
2024-08-19 00:00:00+05:30,311.85,315.35,310.45,312.05,19636518
2024-08-20 00:00:00+05:30,312.6,312.75,305.35,307.25,14972714
2024-08-21 00:00:00+05:30,307.8,308.55,303.95,305.0,11835143
2024-08-22 00:00:00+05:30,305.85,307.65,301.2,301.95,13387819
2024-08-23 00:00:00+05:30,302.0,302.3,295.6,296.8,13229612
2024-08-26 00:00:00+05:30,301.1,306.3,300.45,305.15,21346682
2024-08-27 00:00:00+05:30,306.6,309.55,303.45,306.1,20165503
2024-08-28 00:00:00+05:30,305.95,307.45,302.2,305.1,12446738
2024-08-29 00:00:00+05:30,303.55,307.3,302.45,306.8,13799961
2024-08-30 00:00:00+05:30,307.6,311.3,306.75,307.9,19666466
2024-09-02 00:00:00+05:30,307.15,309.0,303.25,303.65,8975511
2024-09-03 00:00:00+05:30,304.35,305.3,299.4,299.95,10321111
2024-09-04 00:00:00+05:30,293.2,294.3,287.05,292.6,25397204
2024-09-05 00:00:00+05:30,295.0,295.0,288.7,289.9,15571640
2024-09-06 00:00:00+05:30,290.0,291.5,282.7,287.45,27946491
2024-09-09 00:00:00+05:30,287.35,287.35,274.25,278.2,30369085
2024-09-10 00:00:00+05:30,279.35,280.65,274.6,275.15,15618589
2024-09-11 00:00:00+05:30,272.15,272.15,263.65,265.55,44826300
2024-09-12 00:00:00+05:30,268.1,274.35,266.65,273.7,21964895
2024-09-13 00:00:00+05:30,275.2,276.7,270.9,271.25,13672371
2024-09-16 00:00:00+05:30,274.4,275.0,271.2,272.25,10971110
2024-09-17 00:00:00+05:30,273.35,276.1,271.95,274.25,11873436
2024-09-18 00:00:00+05:30,277.05,277.2,268.0,270.3,13421760
2024-09-19 00:00:00+05:30,267.5,269.2,262.95,265.5,17067311
2024-09-20 00:00:00+05:30,267.15,269.05,265.45,266.45,16585530
2024-09-23 00:00:00+05:30,268.45,275.9,267.65,275.05,14621229
2024-09-24 00:00:00+05:30,275.8,281.1,274.3,278.75,16986759
2024-09-25 00:00:00+05:30,278.75,280.35,276.15,278.05,10609614
2024-09-26 00:00:00+05:30,276.5,278.05,271.3,274.8,27812412
2024-09-27 00:00:00+05:30,272.45,277.8,269.65,276.65,35706130
2024-09-30 00:00:00+05:30,276.45,280.95,273.4,277.05,16294341
2024-10-01 00:00:00+05:30,276.45,278.45,270.6,271.75,10919818
2024-10-03 00:00:00+05:30,274.6,277.35,270.45,271.85,28124665
2024-10-04 00:00:00+05:30,276.45,279.0,272.95,274.85,23104209
2024-10-07 00:00:00+05:30,275.5,275.8,262.05,269.4,20917962
2024-10-08 00:00:00+05:30,268.2,273.55,261.15,273.15,10572360
2024-10-09 00:00:00+05:30,271.1,271.7,267.0,268.55,13147475
2024-10-10 00:00:00+05:30,268.75,271.95,267.65,268.8,7237212
2024-10-11 00:00:00+05:30,271.15,273.3,269.45,272.3,7011704
2024-10-14 00:00:00+05:30,272.45,272.65,265.4,266.65,12690951
2024-10-15 00:00:00+05:30,266.6,266.6,261.45,264.1,15087155
2024-10-16 00:00:00+05:30,263.45,267.35,261.25,265.65,18188885
2024-10-17 00:00:00+05:30,265.3,267.7,261.5,262.15,13343303
2024-10-18 00:00:00+05:30,262.45,264.8,259.9,263.7,14028398
2024-10-21 00:00:00+05:30,261.7,264.35,255.6,257.5,10299773
2024-10-22 00:00:00+05:30,258.75,258.9,251.35,252.05,10028511
2024-10-23 00:00:00+05:30,251.35,255.45,246.7,252.1,18823321
2024-10-24 00:00:00+05:30,253.1,253.65,249.8,250.45,7488521
2024-10-25 00:00:00+05:30,251.35,251.65,243.5,245.8,12961181
2024-10-28 00:00:00+05:30,242.6,246.7,237.65,245.15,13835091
2024-10-29 00:00:00+05:30,245.15,247.2,241.45,246.65,9122757
2024-10-30 00:00:00+05:30,246.65,247.8,243.0,243.55,11166643
2024-10-31 00:00:00+05:30,245.2,249.75,243.1,247.75,16173656
2024-11-01 00:00:00+05:30,251.15,255.05,250.05,252.95,2955757
2024-11-04 00:00:00+05:30,255.05,255.4,242.15,246.95,14355959
2024-11-05 00:00:00+05:30,246.85,250.0,245.4,248.9,11676017
2024-11-06 00:00:00+05:30,249.2,251.85,246.1,250.4,19244545
2024-11-07 00:00:00+05:30,251.8,251.8,246.45,246.85,6766663
2024-11-08 00:00:00+05:30,247.55,248.05,241.7,244.35,7836093
2024-11-11 00:00:00+05:30,244.2,244.2,238.25,239.1,8450657
2024-11-12 00:00:00+05:30,242.8,245.0,237.75,238.4,22445400
2024-11-13 00:00:00+05:30,238.4,239.15,231.8,235.05,17483332
2024-11-14 00:00:00+05:30,235.05,236.7,231.8,233.45,12454540
2024-11-18 00:00:00+05:30,233.75,234.65,230.05,233.3,14636541
2024-11-19 00:00:00+05:30,238.4,243.55,235.65,236.5,17397559
2024-11-21 00:00:00+05:30,236.5,236.5,229.65,230.9,16189440
2024-11-22 00:00:00+05:30,233.45,235.5,232.25,234.25,9637581
2024-11-25 00:00:00+05:30,236.95,248.4,236.45,245.95,31973671
2024-11-26 00:00:00+05:30,245.05,246.25,240.85,242.45,9242451
2024-11-27 00:00:00+05:30,243.2,243.65,238.95,242.5,11689970
2024-11-28 00:00:00+05:30,243.2,245.45,239.55,240.5,14202863
2024-11-29 00:00:00+05:30,242.05,246.65,240.55,244.8,11476347
2024-12-02 00:00:00+05:30,243.65,246.3,241.0,245.6,13677959
2024-12-03 00:00:00+05:30,248.3,252.4,246.85,250.15,15345326
2024-12-04 00:00:00+05:30,251.65,252.05,247.95,248.6,10713838
2024-12-05 00:00:00+05:30,248.6,251.05,245.0,249.2,12896743
2024-12-06 00:00:00+05:30,248.7,250.8,247.55,248.0,8783386
2024-12-09 00:00:00+05:30,248.0,249.25,245.75,246.9,6800856
2024-12-10 00:00:00+05:30,245.7,246.75,242.7,245.0,11318782
2024-12-11 00:00:00+05:30,245.55,246.7,243.8,244.7,5353032
2024-12-12 00:00:00+05:30,246.05,246.6,241.85,242.25,7123877
2024-12-13 00:00:00+05:30,241.25,244.9,237.95,242.45,11143128
2024-12-16 00:00:00+05:30,242.2,244.4,239.55,240.15,7283872
2024-12-17 00:00:00+05:30,240.1,240.75,235.05,235.95,10066884
2024-12-18 00:00:00+05:30,235.95,236.05,232.15,232.8,8430930
2024-12-19 00:00:00+05:30,228.85,232.65,227.5,230.6,9518542
2024-12-20 00:00:00+05:30,230.3,232.8,224.35,226.15,15556528
2024-12-23 00:00:00+05:30,227.2,231.05,225.9,229.7,7722901
2024-12-24 00:00:00+05:30,229.85,232.0,227.55,227.9,3577400
2024-12-26 00:00:00+05:30,228.85,230.75,227.95,229.1,6330006
2024-12-27 00:00:00+05:30,228.85,229.85,225.35,225.95,6487888
2024-12-30 00:00:00+05:30,225.1,226.05,220.4,221.9,19401112
2024-12-31 00:00:00+05:30,221.9,228.75,221.6,228.2,12004845
2025-01-01 00:00:00+05:30,226.75,228.15,225.4,226.0,9418453
2025-01-02 00:00:00+05:30,226.1,235.35,226.05,234.7,19745810
2025-01-03 00:00:00+05:30,236.9,250.55,236.5,246.9,49760410
2025-01-06 00:00:00+05:30,247.1,247.5,239.8,242.6,19265884
2025-01-07 00:00:00+05:30,247.15,255.0,246.1,251.3,52956766
2025-01-08 00:00:00+05:30,254.1,260.8,253.45,258.75,42237794
2025-01-09 00:00:00+05:30,259.4,259.95,249.6,251.0,14706472
2025-01-10 00:00:00+05:30,251.8,254.15,246.5,250.85,13053552
2025-01-13 00:00:00+05:30,253.7,256.15,242.8,243.85,20416370
2025-01-14 00:00:00+05:30,245.55,249.85,244.95,248.3,8470150
2025-01-15 00:00:00+05:30,248.8,252.2,245.75,246.2,9344731
2025-01-16 00:00:00+05:30,247.95,253.35,247.95,251.0,14195450
2025-01-17 00:00:00+05:30,249.85,254.6,249.2,254.2,12148143
2025-01-20 00:00:00+05:30,255.7,257.95,252.7,256.85,9676264
2025-01-21 00:00:00+05:30,255.65,256.85,252.55,253.5,8989218
2025-01-22 00:00:00+05:30,253.7,254.0,249.6,251.8,7919682
2025-01-23 00:00:00+05:30,250.8,251.6,249.05,250.85,5026675
2025-01-24 00:00:00+05:30,250.8,253.35,243.9,244.6,6306281
2025-01-27 00:00:00+05:30,243.2,244.55,237.95,239.15,6944911
2025-01-28 00:00:00+05:30,238.4,240.7,235.25,237.15,8029472
2025-01-29 00:00:00+05:30,237.35,240.3,235.55,239.75,5651586
2025-01-30 00:00:00+05:30,240.3,247.4,239.3,244.85,12588155
2025-01-31 00:00:00+05:30,245.1,251.3,243.35,250.45,8850307
2025-02-01 00:00:00+05:30,247.55,250.3,242.0,245.6,10921673
2025-02-03 00:00:00+05:30,243.75,244.45,233.5,237.45,25719512
2025-02-04 00:00:00+05:30,240.7,245.55,240.3,242.3,8402532
2025-02-05 00:00:00+05:30,247.0,250.8,245.8,249.55,11590755
2025-02-06 00:00:00+05:30,250.45,250.75,242.5,244.25,12327998
2025-02-07 00:00:00+05:30,241.2,242.1,236.05,237.35,10098454
2025-02-10 00:00:00+05:30,237.4,238.05,230.55,231.2,7582536
2025-02-11 00:00:00+05:30,231.2,231.2,225.85,227.9,6711630
2025-02-12 00:00:00+05:30,227.95,230.1,223.3,226.35,5985956
2025-02-13 00:00:00+05:30,227.45,228.35,223.35,224.1,10079210
2025-02-14 00:00:00+05:30,224.15,226.9,216.25,219.85,8065352
2025-02-17 00:00:00+05:30,219.55,223.45,214.6,222.8,6692422
2025-02-18 00:00:00+05:30,221.45,226.2,218.9,225.65,6170974
2025-02-19 00:00:00+05:30,225.05,227.75,223.65,227.25,6168581
2025-02-20 00:00:00+05:30,225.85,231.4,225.55,230.65,8929816
2025-02-21 00:00:00+05:30,230.65,231.8,227.05,228.75,5697387
2025-02-24 00:00:00+05:30,225.35,226.9,223.15,223.5,6883143
2025-02-25 00:00:00+05:30,224.15,225.75,221.8,222.2,5519036
2025-02-27 00:00:00+05:30,222.65,223.0,217.9,220.25,9664032
2025-02-28 00:00:00+05:30,219.35,219.85,212.8,214.8,17237276
2025-03-03 00:00:00+05:30,214.3,215.55,208.25,214.7,11928529
2025-03-04 00:00:00+05:30,209.9,217.2,205.5,216.25,12428265
2025-03-05 00:00:00+05:30,216.6,220.5,216.25,218.3,7466729
2025-03-06 00:00:00+05:30,220.75,222.75,216.2,221.85,10439208
2025-03-07 00:00:00+05:30,221.85,225.5,220.45,222.05,9079049
2025-03-10 00:00:00+05:30,222.05,224.15,212.15,212.85,16489167
2025-03-11 00:00:00+05:30,210.65,216.7,209.9,216.2,10941588
2025-03-12 00:00:00+05:30,216.55,218.2,212.05,214.0,6994310
2025-03-13 00:00:00+05:30,217.6,219.75,214.45,215.0,16105085
2025-03-17 00:00:00+05:30,216.0,219.8,215.75,219.1,8789001
2025-03-18 00:00:00+05:30,220.1,221.75,217.9,221.35,9647391
2025-03-19 00:00:00+05:30,221.75,224.2,220.85,221.8,8626593
2025-03-20 00:00:00+05:30,222.65,226.05,221.25,224.65,18955995
2025-03-21 00:00:00+05:30,224.85,236.5,224.85,231.15,29285333
2025-03-24 00:00:00+05:30,232.85,234.95,231.5,232.55,10566066
2025-03-25 00:00:00+05:30,232.65,234.0,229.4,231.0,8915800
2025-03-26 00:00:00+05:30,232.1,233.15,228.3,228.6,7543985
2025-03-27 00:00:00+05:30,227.8,232.15,227.6,230.95,9935664
2025-03-28 00:00:00+05:30,232.15,243.1,232.0,234.95,32905564
2025-04-01 00:00:00+05:30,235.55,240.5,235.25,236.6,11258957
2025-04-02 00:00:00+05:30,238.45,239.85,236.5,239.05,15337906
2025-04-03 00:00:00+05:30,236.5,238.05,231.25,232.05,11141370
2025-04-04 00:00:00+05:30,229.4,230.05,213.8,215.55,38336194
2025-04-07 00:00:00+05:30,198.35,210.55,195.5,209.65,27024128
2025-04-08 00:00:00+05:30,212.65,216.7,209.05,216.15,11309092
2025-04-09 00:00:00+05:30,211.7,213.65,210.05,211.65,16889575
2025-04-11 00:00:00+05:30,217.75,220.65,214.8,219.7,13886447
2025-04-15 00:00:00+05:30,223.15,223.15,219.45,221.9,12102239
2025-04-16 00:00:00+05:30,221.9,230.75,221.0,230.05,18748952
2025-04-17 00:00:00+05:30,229.85,233.25,228.2,232.2,12891813
2025-04-21 00:00:00+05:30,232.65,238.95,230.55,238.2,11698653
2025-04-22 00:00:00+05:30,237.4,239.0,235.8,236.3,9896443
2025-04-23 00:00:00+05:30,237.2,241.05,233.55,240.5,16555874
2025-04-24 00:00:00+05:30,238.4,239.7,236.5,237.8,6538518
2025-04-25 00:00:00+05:30,237.45,239.05,233.05,234.9,15616265
2025-04-28 00:00:00+05:30,234.6,240.25,233.05,239.0,7669983
2025-04-29 00:00:00+05:30,239.6,240.4,233.75,234.3,8030552
2025-04-30 00:00:00+05:30,234.15,235.95,231.0,233.1,9822483
2025-05-02 00:00:00+05:30,229.85,234.85,227.95,232.15,12347590
2025-05-05 00:00:00+05:30,228.85,230.0,223.65,228.15,20086323
2025-05-06 00:00:00+05:30,229.95,231.75,225.05,226.05,11350559
2025-05-07 00:00:00+05:30,221.55,228.95,221.3,227.6,16689539
2025-05-08 00:00:00+05:30,226.65,228.25,220.65,222.4,15026122
2025-05-09 00:00:00+05:30,218.45,224.35,217.85,224.1,11184507
2025-05-12 00:00:00+05:30,227.95,233.25,227.05,232.7,11374237
2025-05-13 00:00:00+05:30,232.8,233.9,229.15,230.0,9336026
2025-05-14 00:00:00+05:30,230.0,235.45,230.0,234.65,8234859
2025-05-15 00:00:00+05:30,233.6,237.35,231.05,236.15,16812750
2025-05-16 00:00:00+05:30,235.6,237.8,234.8,235.8,8030229
2025-05-19 00:00:00+05:30,236.5,237.9,233.55,235.15,8043270
2025-05-20 00:00:00+05:30,235.35,241.0,235.35,237.7,13183059
2025-05-21 00:00:00+05:30,239.85,240.25,236.3,237.15,7158307
2025-05-22 00:00:00+05:30,237.15,238.9,228.5,230.5,18502235
2025-05-23 00:00:00+05:30,231.25,233.35,229.0,232.9,8725218
2025-05-26 00:00:00+05:30,233.95,235.65,233.45,234.55,7159571
2025-05-27 00:00:00+05:30,235.4,235.4,231.65,233.2,9712093
2025-05-28 00:00:00+05:30,233.3,233.95,230.15,231.4,7385958
2025-05-29 00:00:00+05:30,232.3,233.25,230.2,231.8,12938112
2025-05-30 00:00:00+05:30,231.8,233.85,227.85,228.3,10108840
2025-06-02 00:00:00+05:30,227.95,228.95,226.65,227.25,6278145
2025-06-03 00:00:00+05:30,229.35,229.9,225.65,226.3,9515918
2025-06-04 00:00:00+05:30,226.95,227.45,224.55,227.0,6733580
2025-06-05 00:00:00+05:30,227.0,228.5,225.25,226.75,8941808
2025-06-06 00:00:00+05:30,226.75,229.3,226.5,228.9,5985346
2025-06-09 00:00:00+05:30,230.55,232.8,229.35,231.55,7719525
2025-06-10 00:00:00+05:30,232.9,233.65,231.35,233.35,7659657
2025-06-11 00:00:00+05:30,233.15,238.8,232.25,235.85,20842417
2025-06-12 00:00:00+05:30,239.85,243.35,235.3,236.4,35613271
2025-06-13 00:00:00+05:30,243.7,244.1,237.55,239.85,39320377
2025-06-16 00:00:00+05:30,242.2,245.55,240.5,244.9,41444122
2025-06-17 00:00:00+05:30,245.05,245.2,239.9,240.65,18781097
2025-06-18 00:00:00+05:30,242.25,244.0,238.2,238.75,12691905
2025-06-19 00:00:00+05:30,238.9,241.25,236.7,239.9,10790997
2025-06-20 00:00:00+05:30,240.6,241.5,237.8,240.2,15907673
2025-06-23 00:00:00+05:30,241.25,243.65,238.75,239.7,16776881
2025-06-24 00:00:00+05:30,236.05,236.5,232.2,232.65,22215004
2025-06-25 00:00:00+05:30,232.65,233.95,230.3,230.65,13056178
2025-06-26 00:00:00+05:30,230.75,234.0,230.35,233.4,15769123
2025-06-27 00:00:00+05:30,233.65,234.8,230.75,231.55,21691960
2025-06-30 00:00:00+05:30,232.65,234.3,231.75,232.85,8783448
2025-07-01 00:00:00+05:30,233.95,233.95,230.15,232.1,8470489
2025-07-02 00:00:00+05:30,231.65,232.45,229.05,229.9,10419419
2025-07-03 00:00:00+05:30,230.75,234.8,230.55,232.7,13891239
2025-07-04 00:00:00+05:30,233.85,234.1,231.25,233.85,7717259
2025-07-07 00:00:00+05:30,234.15,234.15,229.65,230.35,9222263
2025-07-08 00:00:00+05:30,231.15,232.4,229.5,231.95,7537067
2025-07-09 00:00:00+05:30,232.1,233.25,231.05,232.1,9590680
2025-07-10 00:00:00+05:30,232.25,233.35,231.1,231.85,8012201
2025-07-11 00:00:00+05:30,231.8,231.85,229.65,230.55,5608382
2025-07-14 00:00:00+05:30,231.65,233.55,229.95,232.9,7568906
2025-07-15 00:00:00+05:30,233.15,234.0,231.45,232.4,7843083
2025-07-16 00:00:00+05:30,232.65,232.8,231.05,231.6,5656962
2025-07-17 00:00:00+05:30,231.75,233.2,231.55,232.6,7006298
2025-07-18 00:00:00+05:30,233.4,235.9,232.2,234.85,10293817
2025-07-21 00:00:00+05:30,234.6,234.85,233.1,233.7,5424455
2025-07-22 00:00:00+05:30,233.7,235.4,232.75,234.95,5869862
2025-07-23 00:00:00+05:30,234.6,235.75,232.9,234.2,7357753
2025-07-24 00:00:00+05:30,234.2,234.8,232.5,233.45,4590999
2025-07-25 00:00:00+05:30,232.65,233.45,228.2,229.15,7427827
2025-07-28 00:00:00+05:30,229.15,230.4,226.75,228.9,6865890
2025-07-29 00:00:00+05:30,228.9,231.25,228.7,230.25,6157824
2025-07-30 00:00:00+05:30,231.3,232.45,228.95,230.6,8767763
2025-07-31 00:00:00+05:30,229.05,231.55,228.55,229.85,10254214
2025-08-01 00:00:00+05:30,228.95,229.55,223.2,225.85,12629251
2025-08-04 00:00:00+05:30,225.55,227.35,223.15,223.95,16174972
2025-08-05 00:00:00+05:30,224.55,225.05,222.25,223.6,9562689
2025-08-06 00:00:00+05:30,223.7,224.45,222.1,222.95,7568954
2025-08-07 00:00:00+05:30,222.3,223.35,220.6,223.1,5560413
2025-08-08 00:00:00+05:30,223.05,224.2,221.9,222.6,5249568
2025-08-11 00:00:00+05:30,222.6,224.15,220.85,222.95,4699743
2025-08-12 00:00:00+05:30,222.95,225.4,222.75,224.6,7036778
2025-08-13 00:00:00+05:30,226.7,228.8,225.35,227.6,8501906
2025-08-14 00:00:00+05:30,227.45,227.6,223.55,225.95,7258450
2025-08-18 00:00:00+05:30,226.3,227.55,224.55,227.1,8501972
2025-08-19 00:00:00+05:30,226.45,227.5,225.7,226.9,5538059
2025-08-20 00:00:00+05:30,226.05,228.0,226.05,226.9,7438061
2025-08-21 00:00:00+05:30,226.95,229.85,226.25,227.25,8111371
2025-08-22 00:00:00+05:30,226.95,227.55,224.95,225.35,5423818
2025-08-25 00:00:00+05:30,225.35,226.45,224.7,225.8,8854258
2025-08-26 00:00:00+05:30,225.7,226.3,222.95,223.35,14671897
2025-08-28 00:00:00+05:30,223.45,224.35,221.6,222.55,13870643
2025-08-29 00:00:00+05:30,222.55,224.45,220.6,222.85,9928988
2025-09-01 00:00:00+05:30,223.15,228.1,222.25,227.65,4366396
2025-09-02 00:00:00+05:30,227.7,231.25,226.35,228.4,5921193
2025-09-03 00:00:00+05:30,228.4,230.7,227.4,228.0,4364007
2025-09-04 00:00:00+05:30,228.0,228.3,224.5,224.8,8778730
2025-09-05 00:00:00+05:30,224.8,226.2,222.2,223.3,7210683
2025-09-08 00:00:00+05:30,223.3,224.1,221.3,221.75,8418326
2025-09-09 00:00:00+05:30,221.75,223.75,220.05,220.6,11665314
2025-09-10 00:00:00+05:30,222.2,222.2,220.25,221.0,11775053
2025-09-11 00:00:00+05:30,221.35,224.3,221.35,222.9,11047708
2025-09-12 00:00:00+05:30,223.65,224.5,221.95,222.4,6073522
2025-09-15 00:00:00+05:30,222.3,223.35,221.25,221.5,6153784
2025-09-16 00:00:00+05:30,221.7,224.35,221.65,224.15,7319921
2025-09-17 00:00:00+05:30,225.05,226.9,224.25,225.9,7628371
2025-09-18 00:00:00+05:30,226.65,226.65,223.65,224.65,6497852
2025-09-19 00:00:00+05:30,224.2,226.35,223.9,225.75,16484017
2025-09-22 00:00:00+05:30,225.05,227.4,224.7,226.45,9962796
2025-09-23 00:00:00+05:30,226.3,226.55,224.25,225.7,7014239
2025-09-24 00:00:00+05:30,225.7,229.0,225.3,227.45,8299331
2025-09-25 00:00:00+05:30,227.85,230.9,227.45,228.55,10150654
2025-09-26 00:00:00+05:30,228.85,229.1,225.9,227.0,6349466
2025-09-29 00:00:00+05:30,227.95,230.0,227.1,228.85,10631271
2025-09-30 00:00:00+05:30,228.85,229.75,227.45,228.4,7167687
2025-10-01 00:00:00+05:30,227.55,234.85,227.4,231.8,10375310
2025-10-03 00:00:00+05:30,231.25,232.85,228.55,232.4,10702610
2025-10-06 00:00:00+05:30,231.45,236.05,231.45,234.5,9465503
2025-10-07 00:00:00+05:30,234.5,237.95,233.3,233.95,12498420
2025-10-08 00:00:00+05:30,235.1,235.35,229.95,230.6,5073558
2025-10-09 00:00:00+05:30,230.6,233.15,229.4,232.1,9292031
2025-10-10 00:00:00+05:30,232.7,235.6,232.3,234.9,9050771
2025-10-13 00:00:00+05:30,233.65,234.3,230.2,232.75,12607116
2025-10-14 00:00:00+05:30,233.95,237.2,232.6,233.35,13865005
2025-10-15 00:00:00+05:30,233.35,236.7,232.95,236.25,8520238
2025-10-16 00:00:00+05:30,236.5,237.15,234.6,236.85,6083826
2025-10-17 00:00:00+05:30,237.0,237.0,233.4,236.2,14250215
2025-10-20 00:00:00+05:30,236.2,237.65,233.65,237.2,10920554
2025-10-21 00:00:00+05:30,237.2,237.75,235.9,236.65,569979
2025-10-23 00:00:00+05:30,238.4,241.5,237.5,240.65,13879042
2025-10-24 00:00:00+05:30,242.2,245.45,241.15,243.15,17882209
2025-10-27 00:00:00+05:30,243.55,244.2,240.25,241.5,7889080
2025-10-28 00:00:00+05:30,241.35,242.0,238.3,238.95,8529692
2025-10-29 00:00:00+05:30,239.3,245.4,238.95,243.8,8806213
2025-10-30 00:00:00+05:30,244.6,244.6,241.65,242.75,5266883
2025-10-31 00:00:00+05:30,242.9,245.95,241.55,243.5,7199008
2025-11-03 00:00:00+05:30,243.2,246.5,242.5,245.6,5450040
2025-11-04 00:00:00+05:30,244.2,245.55,240.3,240.65,6006851
2025-11-06 00:00:00+05:30,241.8,243.65,238.85,239.85,6987258
2025-11-07 00:00:00+05:30,238.4,241.85,238.4,240.5,4449104
2025-11-10 00:00:00+05:30,240.3,243.65,237.95,239.75,7418162
2025-11-11 00:00:00+05:30,242.4,242.4,234.6,237.9,16183880
2025-11-12 00:00:00+05:30,240.9,243.75,238.3,242.1,11917811
2025-11-13 00:00:00+05:30,241.95,241.95,235.85,239.2,13057927
2025-11-14 00:00:00+05:30,239.85,243.9,239.45,241.9,9185042
2025-11-17 00:00:00+05:30,241.9,243.95,241.75,242.35,6281588
2025-11-18 00:00:00+05:30,241.3,243.7,240.65,241.25,7708871
2025-11-19 00:00:00+05:30,241.25,244.55,239.75,243.3,7075882
2025-11-20 00:00:00+05:30,243.3,245.35,241.9,242.35,6918642
2025-11-21 00:00:00+05:30,241.35,242.6,240.55,241.25,7589240
2025-11-24 00:00:00+05:30,241.25,241.75,238.7,240.1,15875282
2025-11-25 00:00:00+05:30,240.1,241.8,239.0,239.7,8983620
2025-11-26 00:00:00+05:30,239.7,242.3,239.4,242.0,7232643
2025-11-27 00:00:00+05:30,242.3,243.1,237.2,238.4,5600832
2025-11-28 00:00:00+05:30,239.35,239.7,236.95,237.65,3804191
2025-12-01 00:00:00+05:30,238.45,240.2,237.4,239.2,6307936
2025-12-02 00:00:00+05:30,237.9,240.6,236.9,237.95,5413988
2025-12-03 00:00:00+05:30,238.45,238.75,234.05,234.5,11829802
2025-12-04 00:00:00+05:30,234.95,237.1,234.2,236.65,10825420
2025-12-05 00:00:00+05:30,237.1,237.6,235.35,235.7,7645591
2025-12-08 00:00:00+05:30,235.7,236.45,232.25,233.05,5285903
2025-12-09 00:00:00+05:30,232.25,234.7,231.4,234.35,9026401
2025-12-10 00:00:00+05:30,233.8,234.8,232.95,233.8,3492031
2025-12-11 00:00:00+05:30,233.8,235.75,232.65,232.95,8868641
2025-12-12 00:00:00+05:30,233.0,233.9,231.55,232.55,4252781
2025-12-15 00:00:00+05:30,232.55,233.3,224.65,229.95,12334408
2025-12-16 00:00:00+05:30,228.8,229.9,225.45,226.85,7238404
2025-12-17 00:00:00+05:30,226.4,228.05,223.35,227.55,5848233
2025-12-18 00:00:00+05:30,227.65,228.75,225.9,226.65,3964839
2025-12-19 00:00:00+05:30,226.65,228.15,226.2,227.55,5070902
2025-12-22 00:00:00+05:30,228.4,229.85,227.4,228.8,4614185
2025-12-23 00:00:00+05:30,229.2,232.45,229.2,230.1,5810236
2025-12-24 00:00:00+05:30,230.1,231.15,227.8,228.4,4114036
2025-12-26 00:00:00+05:30,228.45,229.85,227.7,229.15,3710774
2025-12-29 00:00:00+05:30,229.15,233.5,228.6,229.4,12621499
2025-12-30 00:00:00+05:30,229.55,230.2,227.95,229.3,6236729
2025-12-31 00:00:00+05:30,229.3,235.45,229.2,234.85,11514802
2026-01-01 00:00:00+05:30,235.35,235.55,231.95,232.45,5840586
2026-01-02 00:00:00+05:30,232.45,236.95,232.45,235.9,5925943
2026-01-05 00:00:00+05:30,241.15,241.15,230.3,232.6,21201434
2026-01-06 00:00:00+05:30,232.6,236.8,232.6,236.35,10840459
2026-01-07 00:00:00+05:30,234.7,236.1,232.7,233.55,8253161
2026-01-08 00:00:00+05:30,232.7,233.4,225.7,226.1,9218488
2026-01-09 00:00:00+05:30,226.95,232.75,226.65,228.7,12706408
2026-01-12 00:00:00+05:30,228.7,230.75,226.35,230.3,9807980
2026-01-13 00:00:00+05:30,232.55,238.55,230.4,238.2,22527192
2026-01-14 00:00:00+05:30,238.4,245.25,238.0,242.5,33094088
2026-01-16 00:00:00+05:30,241.2,242.1,236.85,241.5,12287680
2026-01-19 00:00:00+05:30,239.35,242.3,236.75,237.5,6459249
2026-01-20 00:00:00+05:30,237.5,239.7,234.2,234.85,6496057
2026-01-21 00:00:00+05:30,234.5,238.85,234.0,236.8,9610477
2026-01-22 00:00:00+05:30,239.0,240.8,237.0,238.4,10746306
2026-01-23 00:00:00+05:30,239.65,240.65,236.0,239.85,8080247
2026-01-27 00:00:00+05:30,240.95,243.25,240.25,242.25,15915509
2026-01-28 00:00:00+05:30,243.45,263.45,243.45,262.4,73427983
2026-01-29 00:00:00+05:30,263.8,271.4,262.85,269.05,48267023
2026-01-30 00:00:00+05:30,267.6,270.15,261.85,262.8,24420043
2026-02-01 00:00:00+05:30,262.8,269.5,247.2,248.45,17179276
2026-02-02 00:00:00+05:30,245.8,251.1,241.9,248.1,17015974
2026-02-03 00:00:00+05:30,253.75,256.0,243.6,251.1,19213406
2026-02-04 00:00:00+05:30,252.1,263.8,252.1,260.8,26628393
2026-02-05 00:00:00+05:30,261.85,264.25,259.9,263.0,15268335
2026-02-06 00:00:00+05:30,261.85,263.75,258.6,262.75,10013728
2026-02-09 00:00:00+05:30,263.25,264.65,259.65,260.45,10824044
2026-02-10 00:00:00+05:30,261.1,266.75,260.85,265.9,13459684
2026-02-11 00:00:00+05:30,266.05,268.8,260.25,268.3,18388416
2026-02-12 00:00:00+05:30,269.65,273.85,267.15,270.0,22753270
2026-02-13 00:00:00+05:30,263.8,265.1,259.9,261.25,20748628
2026-02-16 00:00:00+05:30,261.5,265.95,259.55,265.3,13247757
2026-02-17 00:00:00+05:30,266.7,266.7,261.95,265.6,21292868
2026-02-18 00:00:00+05:30,265.0,266.1,262.55,264.6,11621040
2026-02-19 00:00:00+05:30,270.3,276.45,267.85,274.65,37728943
2026-02-20 00:00:00+05:30,277.4,280.8,274.35,278.65,31971956
2026-02-23 00:00:00+05:30,279.9,279.9,272.2,275.65,13113050
2026-02-24 00:00:00+05:30,275.65,278.15,273.3,276.5,16311581
2026-02-25 00:00:00+05:30,276.5,278.95,274.0,277.45,7573116
2026-02-26 00:00:00+05:30,277.4,281.05,275.6,280.1,13301761
2026-02-27 00:00:00+05:30,278.5,282.5,277.0,279.7,18554482
2026-03-02 00:00:00+05:30,288.0,293.0,277.65,282.2,65843426
2026-03-04 00:00:00+05:30,287.0,288.35,275.1,276.95,53722773
2026-03-05 00:00:00+05:30,278.0,287.65,275.35,276.35,40569479
2026-03-06 00:00:00+05:30,279.95,280.95,271.15,278.95,30725344
2026-03-09 00:00:00+05:30,289.0,289.0,267.6,270.8,56512457
2026-03-10 00:00:00+05:30,270.85,270.9,265.35,269.2,18476370
2026-03-11 00:00:00+05:30,268.0,272.4,268.0,270.75,16130216
2026-03-12 00:00:00+05:30,271.6,273.0,267.75,270.55,20059801
2026-03-13 00:00:00+05:30,270.55,271.3,263.45,264.1,18411729
2026-03-16 00:00:00+05:30,264.05,266.0,258.35,260.45,21725887
2026-03-17 00:00:00+05:30,260.65,265.4,259.15,264.75,15662659
2026-03-18 00:00:00+05:30,265.15,266.65,263.0,265.0,8780857
2026-03-19 00:00:00+05:30,265.0,271.5,262.5,269.1,28685305
2026-03-20 00:00:00+05:30,269.0,273.05,264.0,265.4,19436124
2026-03-23 00:00:00+05:30,267.3,269.7,263.9,265.45,23991581
2026-03-24 00:00:00+05:30,268.55,273.3,266.85,268.05,18567283
2026-03-25 00:00:00+05:30,267.35,271.5,266.4,270.2,13380625
2026-03-27 00:00:00+05:30,270.5,285.0,269.7,281.95,60048871
2026-03-30 00:00:00+05:30,282.75,288.35,281.95,284.65,44866906
2026-04-01 00:00:00+05:30,290.0,293.0,282.8,288.05,31626297
2026-04-02 00:00:00+05:30,288.5,288.8,283.5,287.2,20935809
2026-04-06 00:00:00+05:30,287.3,288.5,280.45,281.85,24449779
2026-04-07 00:00:00+05:30,281.85,287.55,280.0,286.65,22891122
2026-04-08 00:00:00+05:30,280.0,287.85,274.75,285.5,42071040
2026-04-09 00:00:00+05:30,284.9,289.8,284.9,288.6,13585661
2026-04-10 00:00:00+05:30,288.6,291.85,284.55,286.5,12889209
2026-04-13 00:00:00+05:30,287.2,290.3,281.0,287.55,23986567
2026-04-15 00:00:00+05:30,284.05,289.8,283.35,287.6,16529148
2026-04-16 00:00:00+05:30,288.0,288.1,282.0,282.75,13626398
2026-04-17 00:00:00+05:30,283.4,285.5,282.2,284.05,17846605
2026-04-20 00:00:00+05:30,284.0,285.2,282.5,283.35,11057036
2026-04-21 00:00:00+05:30,283.15,284.85,282.4,283.1,13645673
2026-04-22 00:00:00+05:30,283.1,285.05,282.6,283.65,7395183
2026-04-23 00:00:00+05:30,284.85,289.8,284.05,286.25,13525025
2026-04-24 00:00:00+05:30,288.8,288.8,283.9,284.8,11789941
2026-04-27 00:00:00+05:30,286.0,286.7,284.2,285.9,6497916
2026-04-28 00:00:00+05:30,286.25,302.4,286.0,301.3,51575179
2026-04-29 00:00:00+05:30,303.9,307.5,299.75,301.4,27267649
2026-04-30 00:00:00+05:30,304.9,307.45,296.9,299.55,17490096
