date,open,high,low,close,volume
2003-01-01 00:00:00+05:30,25.85,26.3,25.8,26.2,21106540
2003-01-02 00:00:00+05:30,26.3,26.4,25.8,25.95,20714700
2003-01-03 00:00:00+05:30,26.35,26.4,25.75,25.9,16754416
2003-01-06 00:00:00+05:30,26.0,26.4,25.85,26.3,20642780
2003-01-07 00:00:00+05:30,26.5,26.6,25.9,26.1,20100980
2003-01-08 00:00:00+05:30,26.65,26.65,25.75,26.0,22355060
2003-01-09 00:00:00+05:30,25.9,26.2,25.8,26.0,19946136
2003-01-10 00:00:00+05:30,26.25,26.25,23.7,24.15,35311392
2003-01-13 00:00:00+05:30,24.15,24.6,23.6,24.25,22861100
2003-01-14 00:00:00+05:30,24.35,25.15,24.2,24.95,22399500
2003-01-15 00:00:00+05:30,25.1,25.45,24.75,25.0,25931424
2003-01-16 00:00:00+05:30,24.9,25.45,24.55,24.85,30395028
2003-01-17 00:00:00+05:30,24.05,24.45,23.55,24.2,51950568
2003-01-20 00:00:00+05:30,24.0,24.2,23.35,23.6,22987980
2003-01-21 00:00:00+05:30,23.6,23.8,23.25,23.4,15207652
2003-01-22 00:00:00+05:30,23.6,24.1,23.3,23.95,23420740
2003-01-23 00:00:00+05:30,23.7,23.7,23.05,23.2,16226816
2003-01-24 00:00:00+05:30,23.3,23.4,22.4,22.55,17208536
2003-01-27 00:00:00+05:30,22.25,22.25,21.4,21.6,20961060
2003-01-28 00:00:00+05:30,21.8,22.45,21.55,22.3,18940456
2003-01-29 00:00:00+05:30,22.6,22.65,21.8,22.2,17725296
2003-01-30 00:00:00+05:30,24.65,24.65,21.95,22.25,22909220
2003-01-31 00:00:00+05:30,22.1,22.35,21.8,22.2,15463972
2003-02-03 00:00:00+05:30,21.25,23.05,21.25,22.95,16526576
2003-02-04 00:00:00+05:30,23.15,23.3,22.45,22.85,16358856
2003-02-05 00:00:00+05:30,22.65,22.7,22.25,22.6,12803732
2003-02-06 00:00:00+05:30,22.5,23.35,22.4,23.15,12584172
2003-02-07 00:00:00+05:30,23.15,23.25,22.7,22.85,15683852
2003-02-10 00:00:00+05:30,22.75,22.8,22.35,22.5,11458128
2003-02-11 00:00:00+05:30,22.45,22.85,22.0,22.2,23680900
2003-02-12 00:00:00+05:30,22.25,22.5,22.1,22.25,17219776
2003-02-14 00:00:00+05:30,22.25,22.3,21.85,22.0,14196332
2003-02-17 00:00:00+05:30,22.55,23.05,22.4,22.85,9719888
2003-02-18 00:00:00+05:30,22.9,23.05,22.5,22.65,8328248
2003-02-19 00:00:00+05:30,22.75,22.95,22.5,22.7,8780408
2003-02-20 00:00:00+05:30,22.65,22.95,22.4,22.85,8878928
2003-02-21 00:00:00+05:30,22.65,22.95,22.55,22.7,7461444
2003-02-24 00:00:00+05:30,22.8,22.9,22.55,22.65,4643964
2003-02-25 00:00:00+05:30,22.45,22.45,22.2,22.25,6454284
2003-02-26 00:00:00+05:30,22.4,22.55,22.05,22.15,7391324
2003-02-27 00:00:00+05:30,22.1,22.35,22.0,22.1,11011688
2003-02-28 00:00:00+05:30,22.35,23.35,22.25,23.25,16578856
2003-03-03 00:00:00+05:30,23.7,23.7,22.85,22.95,12345732
2003-03-04 00:00:00+05:30,22.75,22.75,22.25,22.25,13763892
2003-03-05 00:00:00+05:30,22.15,22.55,21.95,22.45,13540092
2003-03-06 00:00:00+05:30,22.45,22.5,21.05,22.1,10643568
2003-03-07 00:00:00+05:30,21.9,21.95,21.4,21.55,12090732
2003-03-10 00:00:00+05:30,21.65,21.75,21.3,21.5,12642612
2003-03-11 00:00:00+05:30,21.2,21.55,21.0,21.3,15877812
2003-03-12 00:00:00+05:30,21.35,21.55,20.8,20.9,12306972
2003-03-13 00:00:00+05:30,20.85,21.2,20.65,20.95,13699412
2003-03-17 00:00:00+05:30,20.95,21.0,20.45,20.85,12169972
2003-03-19 00:00:00+05:30,20.9,21.3,20.9,21.1,11459688
2003-03-20 00:00:00+05:30,21.0,21.65,21.0,21.4,13708092
2003-03-21 00:00:00+05:30,21.65,22.1,21.5,21.75,23027300
2003-03-24 00:00:00+05:30,22.4,22.4,21.65,21.8,16967816
2003-03-25 00:00:00+05:30,21.4,21.6,21.15,21.4,11724448
2003-03-26 00:00:00+05:30,21.7,21.7,21.3,21.4,7359564
2003-03-27 00:00:00+05:30,21.3,21.45,20.85,20.95,9858728
2003-03-28 00:00:00+05:30,20.9,21.0,20.45,20.55,9455768
2003-03-31 00:00:00+05:30,20.3,20.3,19.1,19.5,9628968
2003-04-01 00:00:00+05:30,19.15,20.05,19.05,19.45,13496612
2003-04-02 00:00:00+05:30,19.8,20.35,19.6,20.2,10302488
2003-04-03 00:00:00+05:30,20.55,20.65,19.85,20.15,13842532
2003-04-04 00:00:00+05:30,20.15,20.5,19.75,20.4,17472456
2003-04-07 00:00:00+05:30,20.4,20.65,20.15,20.4,15071532
2003-04-08 00:00:00+05:30,20.35,20.35,19.7,19.8,12809572
2003-04-09 00:00:00+05:30,19.65,19.65,19.3,19.45,9216128
2003-04-10 00:00:00+05:30,19.0,19.1,14.55,15.95,47729604
2003-04-11 00:00:00+05:30,15.8,15.8,14.2,14.75,48668208
2003-04-15 00:00:00+05:30,14.6,17.35,14.6,15.5,35008712
2003-04-16 00:00:00+05:30,15.65,15.75,14.25,15.1,72774032
2003-04-17 00:00:00+05:30,13.9,14.1,13.15,13.9,84376724
2003-04-21 00:00:00+05:30,14.4,14.7,14.25,14.4,32397192
2003-04-22 00:00:00+05:30,14.35,14.4,13.9,14.25,30754188
2003-04-23 00:00:00+05:30,14.45,14.75,14.3,14.45,27838704
2003-04-24 00:00:00+05:30,14.45,15.0,14.35,14.45,33258032
2003-04-25 00:00:00+05:30,14.55,14.6,13.9,14.0,45587084
2003-04-28 00:00:00+05:30,14.05,14.45,13.8,13.95,22321300
2003-04-29 00:00:00+05:30,14.15,14.2,13.55,13.7,27693984
2003-04-30 00:00:00+05:30,13.7,13.95,13.55,13.65,25959424
2003-05-02 00:00:00+05:30,13.75,13.95,13.6,13.7,30723868
2003-05-05 00:00:00+05:30,14.0,14.15,13.65,13.95,42288160
2003-05-06 00:00:00+05:30,14.05,14.7,13.95,14.45,84667924
2003-05-07 00:00:00+05:30,14.55,14.85,14.5,14.5,43738560
2003-05-08 00:00:00+05:30,14.5,14.6,14.25,14.25,25576544
2003-05-09 00:00:00+05:30,14.15,14.3,13.9,14.05,24368224
2003-05-12 00:00:00+05:30,14.15,14.35,13.75,13.85,17333216
2003-05-13 00:00:00+05:30,13.9,14.35,13.8,14.25,31835388
2003-05-14 00:00:00+05:30,14.15,14.4,14.15,14.25,16208216
2003-05-15 00:00:00+05:30,14.2,14.4,14.05,14.3,15338332
2003-05-16 00:00:00+05:30,14.5,15.0,14.3,14.85,31892588
2003-05-19 00:00:00+05:30,14.85,14.95,14.15,14.25,25514544
2003-05-20 00:00:00+05:30,14.1,14.4,14.0,14.3,27873224
2003-05-21 00:00:00+05:30,14.4,14.45,13.5,13.55,39880276
2003-05-22 00:00:00+05:30,13.6,13.65,12.9,13.05,38356596
2003-05-23 00:00:00+05:30,13.2,13.35,12.75,13.0,37094316
2003-05-26 00:00:00+05:30,13.05,13.1,12.6,12.8,27867784
2003-05-27 00:00:00+05:30,12.85,13.2,12.6,12.75,28692068
2003-05-28 00:00:00+05:30,13.0,13.35,12.85,13.25,25760504
2003-05-29 00:00:00+05:30,13.35,13.4,12.95,13.05,28727228
2003-05-30 00:00:00+05:30,13.2,13.2,12.7,12.7,20451540
2003-06-02 00:00:00+05:30,12.9,13.1,12.85,12.95,24045384
2003-06-03 00:00:00+05:30,13.05,13.3,13.05,13.05,36788116
2003-06-04 00:00:00+05:30,13.15,13.35,13.1,13.2,18502216
2003-06-05 00:00:00+05:30,13.4,13.85,13.3,13.6,42101960
2003-06-06 00:00:00+05:30,13.75,13.8,13.45,13.75,23171060
2003-06-09 00:00:00+05:30,12.95,13.6,12.95,13.45,22264980
2003-06-10 00:00:00+05:30,13.05,13.35,13.0,13.1,21902220
2003-06-11 00:00:00+05:30,13.2,13.35,13.05,13.15,15789132
2003-06-12 00:00:00+05:30,13.3,13.35,13.15,13.25,12128732
2003-06-13 00:00:00+05:30,13.45,13.6,13.4,13.45,20586140
2003-06-16 00:00:00+05:30,13.4,13.55,13.2,13.5,21163380
2003-06-17 00:00:00+05:30,13.8,14.3,13.75,14.15,44983844
2003-06-18 00:00:00+05:30,14.45,14.8,14.45,14.6,36022916
2003-06-19 00:00:00+05:30,14.6,14.6,14.25,14.35,15490372
2003-06-20 00:00:00+05:30,14.3,14.75,14.05,14.65,26962384
2003-06-23 00:00:00+05:30,14.7,14.75,14.35,14.45,14725492
2003-06-24 00:00:00+05:30,14.2,14.4,13.95,14.05,27317984
2003-06-25 00:00:00+05:30,14.2,14.35,14.05,14.25,16636456
2003-06-26 00:00:00+05:30,14.25,14.5,14.25,14.45,20268500
2003-06-27 00:00:00+05:30,14.75,14.9,14.6,14.75,19679176
2003-06-30 00:00:00+05:30,14.85,15.15,14.7,14.95,19904496
2003-07-01 00:00:00+05:30,15.1,15.15,14.7,14.75,18490736
2003-07-02 00:00:00+05:30,15.0,15.05,14.3,14.45,15242572
2003-07-03 00:00:00+05:30,14.65,14.75,13.75,14.35,27722504
2003-07-04 00:00:00+05:30,14.3,14.35,14.05,14.25,11045888
2003-07-07 00:00:00+05:30,14.3,14.55,14.1,14.5,11438728
2003-07-08 00:00:00+05:30,14.65,14.9,14.6,14.8,17520216
2003-07-09 00:00:00+05:30,14.4,14.95,14.2,14.5,14028332
2003-07-10 00:00:00+05:30,15.0,16.1,15.0,15.9,44030044
2003-07-11 00:00:00+05:30,15.95,15.95,14.95,15.05,35995432
2003-07-14 00:00:00+05:30,15.65,15.7,15.2,15.3,18296896
2003-07-15 00:00:00+05:30,15.1,15.25,14.6,14.9,21499140
2003-07-16 00:00:00+05:30,15.1,15.5,14.8,15.4,22193740
2003-07-17 00:00:00+05:30,15.3,15.4,14.6,14.75,23978420
2003-07-18 00:00:00+05:30,13.3,14.7,13.3,14.5,59356776
2003-07-21 00:00:00+05:30,14.5,14.5,13.85,13.95,18797016
2003-07-22 00:00:00+05:30,13.55,14.3,13.55,14.2,23270940
2003-07-23 00:00:00+05:30,14.4,14.8,14.25,14.6,28910308
2003-07-24 00:00:00+05:30,14.6,14.65,14.4,14.5,27230904
2003-07-25 00:00:00+05:30,14.5,14.75,14.45,14.65,18602216
2003-07-28 00:00:00+05:30,14.75,15.3,14.65,15.1,30695468
2003-07-29 00:00:00+05:30,15.15,15.2,14.85,15.0,19237776
2003-07-30 00:00:00+05:30,15.1,15.2,14.75,14.85,14983732
2003-07-31 00:00:00+05:30,14.75,15.3,14.65,14.95,32110232
2003-08-01 00:00:00+05:30,15.1,15.8,15.0,15.6,30069188
2003-08-04 00:00:00+05:30,15.5,15.9,14.9,15.65,23380460
2003-08-05 00:00:00+05:30,15.7,15.8,15.05,15.15,20960500
2003-08-06 00:00:00+05:30,14.95,15.1,14.5,14.5,17544696
2003-08-07 00:00:00+05:30,14.5,14.8,14.45,14.75,18789976
2003-08-08 00:00:00+05:30,14.9,15.2,14.75,15.15,16439416
2003-08-11 00:00:00+05:30,15.0,15.1,14.85,14.9,9211928
2003-08-12 00:00:00+05:30,14.9,15.0,14.5,14.6,12095692
2003-08-13 00:00:00+05:30,14.75,14.8,14.55,14.6,10528168
2003-08-14 00:00:00+05:30,14.7,14.7,14.4,14.45,7513844
2003-08-18 00:00:00+05:30,14.6,14.65,14.25,14.4,13118732
2003-08-19 00:00:00+05:30,14.6,14.85,14.5,14.6,13594812
2003-08-20 00:00:00+05:30,14.75,15.1,14.75,15.0,20787460
2003-08-21 00:00:00+05:30,15.15,15.75,15.15,15.5,13304972
2003-08-22 00:00:00+05:30,15.95,17.4,15.25,15.4,17848096
2003-08-25 00:00:00+05:30,15.65,15.75,14.7,15.0,25609544
2003-08-26 00:00:00+05:30,15.0,15.55,15.0,15.45,18464096
2003-08-27 00:00:00+05:30,15.65,16.45,15.65,16.1,40916880
2003-08-28 00:00:00+05:30,16.4,17.0,16.25,16.9,29520108
2003-08-29 00:00:00+05:30,17.35,17.9,16.55,16.85,34274912
2003-09-01 00:00:00+05:30,17.05,17.75,16.8,17.5,20010540
2003-09-02 00:00:00+05:30,17.55,18.0,17.4,17.95,27967904
2003-09-03 00:00:00+05:30,18.35,18.5,17.35,17.55,35972752
2003-09-04 00:00:00+05:30,17.7,18.9,17.7,18.7,44209724
2003-09-05 00:00:00+05:30,18.95,19.8,18.55,19.7,45296604
2003-09-08 00:00:00+05:30,19.95,20.3,19.65,20.05,29444588
2003-09-09 00:00:00+05:30,20.3,21.0,19.95,20.35,50041968
2003-09-10 00:00:00+05:30,20.9,20.9,19.45,20.0,36320236
2003-09-11 00:00:00+05:30,19.7,19.8,19.15,19.3,37374196
2003-09-12 00:00:00+05:30,19.6,19.8,18.6,18.75,43429440
2003-09-15 00:00:00+05:30,18.9,18.9,17.4,17.5,33413072
2003-09-16 00:00:00+05:30,17.3,19.0,17.2,18.85,38429556
2003-09-17 00:00:00+05:30,19.65,19.8,18.5,18.8,41630680
2003-09-18 00:00:00+05:30,18.9,18.9,17.75,17.9,33122592
2003-09-19 00:00:00+05:30,18.15,18.4,17.3,18.2,39324156
2003-09-22 00:00:00+05:30,18.4,18.5,17.8,17.85,25489584
2003-09-23 00:00:00+05:30,17.65,18.15,17.45,18.05,24312744
2003-09-24 00:00:00+05:30,18.35,18.95,18.05,18.9,27220344
2003-09-25 00:00:00+05:30,18.4,18.9,18.4,18.6,27124224
2003-09-26 00:00:00+05:30,18.7,19.75,18.4,19.7,46918244
2003-09-29 00:00:00+05:30,19.5,20.1,19.45,19.65,34415792
2003-09-30 00:00:00+05:30,19.95,20.0,19.6,19.85,24272184
2003-10-01 00:00:00+05:30,19.7,20.2,19.4,19.7,28959548
2003-10-03 00:00:00+05:30,20.0,20.1,19.0,19.2,37646996
2003-10-06 00:00:00+05:30,19.5,19.85,19.4,19.55,23343940
2003-10-07 00:00:00+05:30,19.65,20.1,19.3,19.45,29525628
2003-10-08 00:00:00+05:30,19.6,19.6,18.6,19.1,30119908
2003-10-09 00:00:00+05:30,19.25,19.9,19.15,19.65,28399948
2003-10-10 00:00:00+05:30,20.7,21.45,19.85,21.25,51071008
2003-10-13 00:00:00+05:30,21.65,22.25,21.5,21.65,27857224
2003-10-14 00:00:00+05:30,22.15,23.3,20.85,21.05,31886148
2003-10-15 00:00:00+05:30,21.2,21.55,20.45,21.05,34278872
2003-10-16 00:00:00+05:30,21.45,22.05,21.2,21.8,32484512
2003-10-17 00:00:00+05:30,23.95,23.95,21.9,22.4,39904956
2003-10-20 00:00:00+05:30,22.5,22.5,21.5,21.65,28176588
2003-10-21 00:00:00+05:30,21.8,21.8,20.65,20.85,25752864
2003-10-22 00:00:00+05:30,20.85,21.05,19.8,20.05,32544592
2003-10-23 00:00:00+05:30,20.0,20.15,19.35,19.45,25880664
2003-10-24 00:00:00+05:30,19.45,20.45,19.35,20.3,22864780
2003-10-27 00:00:00+05:30,20.25,20.25,19.35,19.4,16446016
2003-10-28 00:00:00+05:30,19.9,20.15,19.55,19.8,22643740
2003-10-29 00:00:00+05:30,20.1,20.25,19.35,19.9,23245500
2003-10-30 00:00:00+05:30,20.05,20.05,19.65,19.8,13298252
2003-10-31 00:00:00+05:30,19.8,21.3,19.8,21.2,29201308
2003-11-03 00:00:00+05:30,21.3,22.7,21.05,22.5,31444308
2003-11-04 00:00:00+05:30,22.8,23.65,22.7,22.95,37508436
2003-11-05 00:00:00+05:30,22.9,22.9,21.9,22.4,25253144
2003-11-06 00:00:00+05:30,22.55,23.5,22.45,22.9,33608112
2003-11-07 00:00:00+05:30,23.05,23.35,22.4,22.55,16654616
2003-11-10 00:00:00+05:30,22.75,22.75,21.75,22.4,10572048
2003-11-11 00:00:00+05:30,22.15,23.1,22.0,22.7,24430544
2003-11-12 00:00:00+05:30,23.05,23.3,22.5,23.05,25273424
2003-11-13 00:00:00+05:30,23.35,23.6,22.25,22.5,28793308
2003-11-14 00:00:00+05:30,22.35,22.6,22.0,22.35,27347224
2003-11-17 00:00:00+05:30,22.55,22.95,22.15,22.8,18296296
2003-11-18 00:00:00+05:30,22.9,23.05,22.2,22.3,22151540
2003-11-19 00:00:00+05:30,22.2,22.65,21.7,22.3,29979748
2003-11-20 00:00:00+05:30,22.85,22.85,22.05,22.15,20735020
2003-11-21 00:00:00+05:30,22.15,23.15,22.0,22.8,22523140
2003-11-24 00:00:00+05:30,23.05,23.05,22.45,22.8,22063940
2003-11-25 00:00:00+05:30,23.1,23.3,22.75,22.9,22887820
2003-11-27 00:00:00+05:30,23.05,24.25,22.85,23.95,45862124
2003-11-28 00:00:00+05:30,24.1,24.4,23.8,24.25,27344264
2003-12-01 00:00:00+05:30,24.55,25.7,24.55,25.55,35191392
2003-12-02 00:00:00+05:30,25.9,26.0,24.4,24.7,30313828
2003-12-03 00:00:00+05:30,24.75,25.25,24.3,25.0,24846664
2003-12-04 00:00:00+05:30,25.1,25.1,24.4,24.8,22075460
2003-12-05 00:00:00+05:30,24.65,24.9,23.7,23.8,18167056
2003-12-08 00:00:00+05:30,23.65,24.3,23.45,24.1,25419264
2003-12-09 00:00:00+05:30,24.2,24.55,24.15,24.45,15010452
2003-12-10 00:00:00+05:30,24.3,25.45,24.1,25.15,24422264
2003-12-11 00:00:00+05:30,25.15,25.95,25.1,25.8,28152588
2003-12-12 00:00:00+05:30,25.9,26.1,25.15,25.45,29924948
2003-12-15 00:00:00+05:30,25.7,26.4,25.6,26.3,16715736
2003-12-16 00:00:00+05:30,25.75,26.9,25.75,26.6,28437028
2003-12-17 00:00:00+05:30,26.15,26.4,25.5,26.2,30658708
2003-12-18 00:00:00+05:30,26.15,26.8,26.05,26.55,19414656
2003-12-19 00:00:00+05:30,26.6,27.05,26.4,26.95,20036580
2003-12-22 00:00:00+05:30,26.85,27.0,26.3,26.5,18184176
2003-12-23 00:00:00+05:30,26.35,26.85,26.05,26.15,17658536
2003-12-24 00:00:00+05:30,26.25,27.55,26.1,27.15,22811420
2003-12-26 00:00:00+05:30,27.3,27.55,26.9,27.05,19167776
2003-12-29 00:00:00+05:30,27.25,28.05,27.25,27.7,22756100
2003-12-30 00:00:00+05:30,28.0,28.4,27.5,27.8,21100220
2003-12-31 00:00:00+05:30,27.95,28.05,22.25,27.45,17046176
2004-01-01 00:00:00+05:30,27.7,28.1,27.6,27.85,16015856
2004-01-02 00:00:00+05:30,27.85,28.1,27.7,27.85,14714052
2004-01-05 00:00:00+05:30,28.05,28.25,27.35,27.5,20817700
2004-01-06 00:00:00+05:30,28.1,28.55,26.1,26.7,40417000
2004-01-07 00:00:00+05:30,27.0,27.15,26.25,26.75,26025184
2004-01-08 00:00:00+05:30,27.65,27.65,26.65,27.45,24643464
2004-01-09 00:00:00+05:30,28.1,29.55,27.25,27.75,43260520
2004-01-12 00:00:00+05:30,27.85,27.85,27.1,27.45,13664052
2004-01-13 00:00:00+05:30,26.85,27.85,26.85,27.65,13623612
2004-01-14 00:00:00+05:30,27.75,28.2,27.65,27.8,12898332
2004-01-15 00:00:00+05:30,28.05,28.1,26.65,26.9,12920172
2004-01-16 00:00:00+05:30,26.7,27.2,26.15,26.85,19419736
2004-01-19 00:00:00+05:30,27.15,27.65,26.75,27.4,19506136
2004-01-20 00:00:00+05:30,27.95,27.95,26.7,27.15,21114780
2004-01-21 00:00:00+05:30,27.65,27.85,25.6,26.15,37352316
2004-01-22 00:00:00+05:30,26.25,27.75,25.5,25.9,42727680
2004-01-23 00:00:00+05:30,26.15,27.35,26.0,27.15,24920704
2004-01-27 00:00:00+05:30,27.65,27.65,26.45,27.35,25396704
2004-01-28 00:00:00+05:30,27.15,27.35,25.65,26.0,23971100
2004-01-29 00:00:00+05:30,26.6,26.6,24.3,24.85,43080080
2004-01-30 00:00:00+05:30,25.2,25.35,24.4,24.6,22533620
2004-02-03 00:00:00+05:30,24.1,25.1,23.9,24.1,24212904
2004-02-04 00:00:00+05:30,24.1,24.5,23.3,23.95,28840828
2004-02-05 00:00:00+05:30,24.0,24.4,23.35,23.65,27999304
2004-02-06 00:00:00+05:30,23.8,24.65,23.7,24.55,26703904
2004-02-09 00:00:00+05:30,24.75,26.05,24.65,25.7,17150536
2004-02-10 00:00:00+05:30,25.35,25.9,25.0,25.25,19890576
2004-02-11 00:00:00+05:30,25.1,25.6,25.1,25.45,13296252
2004-02-12 00:00:00+05:30,25.6,25.75,24.65,24.9,19403576
2004-02-13 00:00:00+05:30,24.95,25.75,24.95,25.7,20679340
2004-02-16 00:00:00+05:30,25.3,25.9,25.3,25.55,13525212
2004-02-17 00:00:00+05:30,25.6,25.7,25.05,25.4,13939652
2004-02-18 00:00:00+05:30,25.6,25.7,25.05,25.15,11617448
2004-02-19 00:00:00+05:30,25.25,25.25,23.65,23.85,27750704
2004-02-20 00:00:00+05:30,23.7,24.15,22.95,23.75,30651988
2004-02-23 00:00:00+05:30,23.8,24.0,23.05,23.2,14821772
2004-02-24 00:00:00+05:30,23.1,23.35,22.45,23.2,22053820
2004-02-25 00:00:00+05:30,23.3,23.3,22.55,22.75,17926736
2004-02-26 00:00:00+05:30,22.9,23.2,22.2,22.4,28409708
2004-02-27 00:00:00+05:30,22.9,23.25,22.1,22.95,28843668
2004-03-01 00:00:00+05:30,23.35,23.75,23.0,23.65,15287452
2004-03-03 00:00:00+05:30,23.45,24.1,23.2,23.8,17366176
2004-03-04 00:00:00+05:30,24.0,24.2,23.7,23.9,15902892
2004-03-05 00:00:00+05:30,24.0,24.05,23.3,23.5,18910816
2004-03-08 00:00:00+05:30,23.5,23.65,22.6,22.8,14202252
2004-03-09 00:00:00+05:30,22.7,22.7,22.05,22.55,20479940
2004-03-10 00:00:00+05:30,22.4,23.3,22.2,23.1,25571584
2004-03-11 00:00:00+05:30,22.55,23.05,22.25,22.7,15964652
2004-03-12 00:00:00+05:30,22.75,23.45,22.5,23.25,13811452
2004-03-15 00:00:00+05:30,23.6,23.65,22.25,22.5,18980216
2004-03-16 00:00:00+05:30,22.2,23.2,22.15,23.05,15589932
2004-03-17 00:00:00+05:30,23.15,23.85,22.65,23.2,15864212
2004-03-18 00:00:00+05:30,23.3,23.3,22.25,22.5,11778728
2004-03-19 00:00:00+05:30,22.75,23.05,22.35,22.7,19261336
2004-03-22 00:00:00+05:30,22.5,22.75,21.65,21.85,14474972
2004-03-23 00:00:00+05:30,21.65,22.45,21.45,22.15,16450096
2004-03-24 00:00:00+05:30,22.05,22.05,21.45,21.85,15265972
2004-03-25 00:00:00+05:30,21.95,22.35,21.65,21.85,13924932
2004-03-26 00:00:00+05:30,22.05,22.65,22.05,22.55,15970132
2004-03-29 00:00:00+05:30,22.65,22.65,22.0,22.25,8257448
2004-03-30 00:00:00+05:30,22.4,22.5,21.6,21.75,14344172
2004-03-31 00:00:00+05:30,21.9,22.05,21.3,21.5,18266656
2004-04-01 00:00:00+05:30,21.45,21.85,21.3,21.6,11369488
2004-04-02 00:00:00+05:30,21.7,21.8,21.15,21.3,15936412
2004-04-05 00:00:00+05:30,21.3,22.25,20.9,22.0,17434656
2004-04-06 00:00:00+05:30,22.25,22.75,22.0,22.25,15935692
2004-04-07 00:00:00+05:30,22.25,22.6,21.8,22.35,13122092
2004-04-08 00:00:00+05:30,23.7,24.1,22.85,23.15,29832108
2004-04-12 00:00:00+05:30,23.45,23.5,22.75,22.95,11859528
2004-04-13 00:00:00+05:30,23.45,25.55,23.35,25.4,41121640
2004-04-15 00:00:00+05:30,25.75,26.0,25.1,25.25,32234312
2004-04-16 00:00:00+05:30,25.8,26.4,25.55,25.7,42547200
2004-04-19 00:00:00+05:30,25.3,25.55,24.9,25.2,19360496
2004-04-20 00:00:00+05:30,25.45,25.5,25.2,25.4,13452012
2004-04-21 00:00:00+05:30,25.05,25.45,24.95,25.25,15502212
2004-04-22 00:00:00+05:30,25.3,25.8,25.15,25.5,13980732
2004-04-23 00:00:00+05:30,25.75,25.75,25.1,25.15,11007008
2004-04-27 00:00:00+05:30,24.95,25.25,24.1,24.2,19615536
2004-04-28 00:00:00+05:30,24.2,24.45,23.95,24.05,13947092
2004-04-29 00:00:00+05:30,24.05,24.55,23.85,24.2,14301052
2004-04-30 00:00:00+05:30,24.35,24.8,23.85,24.35,16210456
2004-05-03 00:00:00+05:30,25.3,25.3,24.15,24.55,14680492
2004-05-04 00:00:00+05:30,24.9,25.35,24.8,25.15,11796408
2004-05-05 00:00:00+05:30,24.95,25.6,24.95,25.35,12076852
2004-05-06 00:00:00+05:30,25.55,25.75,25.05,25.15,11218088
2004-05-07 00:00:00+05:30,25.1,25.1,24.35,24.45,8835248
2004-05-10 00:00:00+05:30,24.15,24.6,23.95,24.2,6423124
2004-05-11 00:00:00+05:30,23.8,24.1,23.35,23.8,7483644
2004-05-12 00:00:00+05:30,23.7,24.2,23.7,24.15,8757888
2004-05-13 00:00:00+05:30,24.0,25.7,23.25,25.2,20873220
2004-05-14 00:00:00+05:30,25.45,25.65,24.1,24.4,21199980
2004-05-17 00:00:00+05:30,24.3,24.45,18.75,19.65,15576692
2004-05-18 00:00:00+05:30,19.5,25.45,18.95,24.3,31684508
2004-05-19 00:00:00+05:30,24.55,24.9,23.35,24.05,15785092
2004-05-20 00:00:00+05:30,24.5,26.05,23.15,23.3,11937088
2004-05-21 00:00:00+05:30,23.3,24.1,22.5,23.85,13642972
2004-06-23 00:00:00+05:30,24.4,25.0,24.15,24.2,18420856
2004-06-24 00:00:00+05:30,24.3,25.25,24.2,25.1,33149592
2004-06-25 00:00:00+05:30,27.0,27.0,24.75,25.25,15717304
2004-06-28 00:00:00+05:30,25.5,26.7,25.5,26.3,26367052
2004-06-29 00:00:00+05:30,26.3,26.45,25.35,25.7,22627252
2004-06-30 00:00:00+05:30,25.6,25.9,25.1,25.2,18250332
2004-07-01 00:00:00+05:30,25.3,25.6,24.9,25.4,12525076
2004-07-02 00:00:00+05:30,25.15,25.6,23.7,25.0,12293356
2004-07-05 00:00:00+05:30,25.1,25.35,24.65,24.8,9807984
2004-07-06 00:00:00+05:30,24.75,25.35,24.65,25.2,9740212
2004-07-07 00:00:00+05:30,25.1,25.4,24.3,24.45,19422320
2004-07-08 00:00:00+05:30,24.6,25.05,23.25,23.7,21558732
2004-07-09 00:00:00+05:30,23.7,23.9,22.25,23.65,12048996
2004-07-12 00:00:00+05:30,24.0,24.2,23.45,23.6,13535904
2004-07-13 00:00:00+05:30,24.1,24.2,23.3,23.5,14833064
2004-07-14 00:00:00+05:30,23.9,24.3,23.75,24.2,18984464
2004-07-15 00:00:00+05:30,24.6,24.95,24.25,24.85,19129240
2004-07-16 00:00:00+05:30,25.15,25.3,24.45,24.9,15651704
2004-07-19 00:00:00+05:30,24.95,25.2,24.65,25.05,14818396
2004-07-20 00:00:00+05:30,25.05,25.1,24.5,24.6,9246584
2004-07-21 00:00:00+05:30,24.85,25.15,24.5,24.85,11218772
2004-07-22 00:00:00+05:30,24.85,25.25,24.55,24.8,13718052
2004-07-23 00:00:00+05:30,25.55,25.9,24.95,25.1,28372276
2004-07-26 00:00:00+05:30,24.85,24.95,24.6,24.8,12295412
2004-07-27 00:00:00+05:30,24.9,25.05,24.5,24.6,9535720
2004-07-28 00:00:00+05:30,25.15,26.0,24.65,24.95,12102356
2004-07-29 00:00:00+05:30,25.05,25.8,24.65,25.7,27375572
2004-07-30 00:00:00+05:30,25.8,26.25,25.75,25.9,23045824
2004-08-02 00:00:00+05:30,25.95,26.05,25.3,25.65,15371676
2004-08-03 00:00:00+05:30,25.7,25.85,25.25,25.5,16564064
2004-08-04 00:00:00+05:30,25.5,25.5,24.95,25.2,10768852
2004-08-05 00:00:00+05:30,25.25,26.95,25.25,26.75,39610360
2004-08-06 00:00:00+05:30,26.65,26.75,25.9,26.1,28470704
2004-08-09 00:00:00+05:30,25.95,26.55,25.55,26.4,19929440
2004-08-10 00:00:00+05:30,26.45,26.75,26.15,26.55,18534224
2004-08-11 00:00:00+05:30,26.6,27.15,26.15,26.35,30224784
2004-08-12 00:00:00+05:30,26.15,26.45,25.65,25.75,23230252
2004-08-13 00:00:00+05:30,25.75,25.9,25.15,25.35,19089960
2004-08-16 00:00:00+05:30,25.75,25.9,25.15,25.35,19089960
2004-08-17 00:00:00+05:30,25.95,26.2,25.75,25.85,14596476
2004-08-18 00:00:00+05:30,25.85,26.25,25.6,25.85,19317252
2004-08-19 00:00:00+05:30,26.0,26.65,26.0,26.5,21963356
2004-08-20 00:00:00+05:30,26.6,26.95,26.35,26.75,21131864
2004-08-23 00:00:00+05:30,27.0,27.35,26.5,26.7,19392544
2004-08-24 00:00:00+05:30,27.0,27.65,26.75,27.35,23432584
2004-08-25 00:00:00+05:30,27.65,27.75,26.65,26.75,18813880
2004-08-26 00:00:00+05:30,26.5,27.35,26.5,27.2,17056080
2004-08-27 00:00:00+05:30,27.2,27.2,26.65,26.95,8235224
2004-08-30 00:00:00+05:30,27.0,27.6,26.9,27.5,9126864
2004-08-31 00:00:00+05:30,27.4,27.7,27.1,27.4,11843504
2004-09-01 00:00:00+05:30,27.35,27.6,27.25,27.3,7187532
2004-09-02 00:00:00+05:30,27.5,27.75,27.2,27.4,10058572
2004-09-03 00:00:00+05:30,27.55,27.7,27.25,27.55,6999504
2004-09-06 00:00:00+05:30,27.75,27.95,27.45,27.7,8607064
2004-09-07 00:00:00+05:30,27.75,28.15,27.5,28.1,14056652
2004-09-08 00:00:00+05:30,28.2,28.25,27.9,28.0,9227760
2004-09-09 00:00:00+05:30,25.45,28.1,25.45,28.0,6269464
2004-09-10 00:00:00+05:30,27.95,28.1,27.85,28.05,6799412
2004-09-13 00:00:00+05:30,28.1,28.35,27.8,27.95,8996652
2004-09-14 00:00:00+05:30,28.0,28.55,27.7,28.45,15030744
2004-09-15 00:00:00+05:30,28.5,28.65,27.75,27.95,16955200
2004-09-16 00:00:00+05:30,27.95,28.1,27.55,28.0,8592320
2004-09-17 00:00:00+05:30,28.1,28.25,28.0,28.1,9134932
2004-09-20 00:00:00+05:30,28.0,28.1,27.45,27.55,16480252
2004-09-21 00:00:00+05:30,27.55,28.45,27.35,28.35,20765772
2004-09-22 00:00:00+05:30,28.5,28.95,28.0,28.7,15621156
2004-09-23 00:00:00+05:30,28.4,28.55,28.0,28.1,10038984
2004-09-24 00:00:00+05:30,28.0,28.1,27.5,27.65,12659144
2004-09-27 00:00:00+05:30,27.7,27.75,27.15,27.35,12711612
2004-09-28 00:00:00+05:30,27.15,27.3,26.9,27.05,14233132
2004-09-29 00:00:00+05:30,27.25,27.8,27.0,27.7,13038572
2004-09-30 00:00:00+05:30,28.0,28.45,27.75,28.25,17568424
2004-10-01 00:00:00+05:30,28.4,28.8,28.3,28.6,13287692
2004-10-04 00:00:00+05:30,29.0,29.95,29.0,29.75,17332544
2004-10-05 00:00:00+05:30,30.0,30.4,29.85,30.2,14616372
2004-10-06 00:00:00+05:30,30.05,30.05,29.35,29.45,8892412
2004-10-07 00:00:00+05:30,29.45,30.15,29.45,30.0,9232052
2004-10-08 00:00:00+05:30,29.9,30.35,29.75,30.2,9839920
2004-10-11 00:00:00+05:30,30.2,30.65,29.8,29.95,10840396
2004-10-12 00:00:00+05:30,30.4,30.5,29.25,29.75,18525132
2004-10-14 00:00:00+05:30,30.0,31.55,30.0,31.25,28267972
2004-10-15 00:00:00+05:30,31.25,32.05,30.6,30.75,27857652
2004-10-18 00:00:00+05:30,31.0,31.1,30.1,30.2,17483692
2004-10-19 00:00:00+05:30,30.3,30.95,30.3,30.85,13817012
2004-10-20 00:00:00+05:30,30.85,31.0,30.5,30.65,9532624
2004-10-21 00:00:00+05:30,31.0,31.0,30.2,30.35,10121732
2004-10-25 00:00:00+05:30,30.3,30.45,29.95,30.05,6205024
2004-10-26 00:00:00+05:30,29.9,30.4,28.1,30.25,12592424
2004-10-27 00:00:00+05:30,30.55,34.5,30.3,30.4,9239560
2004-10-28 00:00:00+05:30,30.65,31.5,30.65,31.2,14887596
2004-10-29 00:00:00+05:30,31.25,31.45,30.65,31.15,8267972
2004-11-01 00:00:00+05:30,31.25,31.25,30.7,31.0,5524356
2004-11-02 00:00:00+05:30,31.05,31.5,30.8,31.3,12667116
2004-11-03 00:00:00+05:30,31.4,32.35,31.25,32.0,14252956
2004-11-04 00:00:00+05:30,32.2,32.8,31.65,31.85,14228636
2004-11-05 00:00:00+05:30,32.0,32.7,31.95,32.6,15940304
2004-11-08 00:00:00+05:30,32.55,32.95,32.4,32.55,14679704
2004-11-09 00:00:00+05:30,32.7,32.9,32.5,32.65,12797704
2004-11-10 00:00:00+05:30,32.95,33.2,32.55,33.1,13519664
2004-11-11 00:00:00+05:30,32.9,33.15,32.75,32.9,6972052
2004-11-12 00:00:00+05:30,33.0,33.1,32.65,32.8,1564144
2004-11-16 00:00:00+05:30,33.1,33.65,32.95,33.5,13321344
2004-11-17 00:00:00+05:30,33.35,34.1,33.3,33.95,9134080
2004-11-18 00:00:00+05:30,33.65,34.3,33.15,34.1,5176760
2004-11-19 00:00:00+05:30,33.9,34.1,33.65,33.8,4674400
2004-11-22 00:00:00+05:30,33.45,33.85,33.25,33.6,4873464
2004-11-23 00:00:00+05:30,33.75,34.05,33.65,33.9,4123876
2004-11-24 00:00:00+05:30,33.75,34.05,33.65,33.9,4795704
2004-11-25 00:00:00+05:30,34.1,35.1,33.95,34.9,8854624
2004-11-29 00:00:00+05:30,35.05,36.35,34.95,36.05,10774996
2004-11-30 00:00:00+05:30,36.4,36.45,34.8,36.3,7971276
2004-12-01 00:00:00+05:30,36.25,36.25,35.55,35.75,12663476
2004-12-02 00:00:00+05:30,35.95,36.45,35.6,35.85,10224360
2004-12-03 00:00:00+05:30,35.85,35.9,35.0,35.55,9832320
2004-12-06 00:00:00+05:30,35.6,35.85,35.1,35.2,8495744
2004-12-07 00:00:00+05:30,34.95,35.95,34.95,35.85,9794784
2004-12-08 00:00:00+05:30,35.75,35.75,34.9,35.05,11333332
2004-12-09 00:00:00+05:30,35.35,35.45,34.7,35.0,9824624
2004-12-10 00:00:00+05:30,35.15,35.6,34.95,35.4,9800744
2004-12-13 00:00:00+05:30,35.45,35.75,35.15,35.55,5412172
2004-12-14 00:00:00+05:30,35.75,35.9,35.6,35.75,6856036
2004-12-15 00:00:00+05:30,35.8,36.7,35.8,36.15,12344532
2004-12-16 00:00:00+05:30,36.2,36.55,36.0,36.45,5412372
2004-12-17 00:00:00+05:30,36.2,36.45,35.75,35.85,6452412
2004-12-20 00:00:00+05:30,35.55,36.45,35.55,36.35,6222932
2004-12-21 00:00:00+05:30,36.35,36.65,36.1,36.55,4770732
2004-12-22 00:00:00+05:30,36.65,36.65,35.3,35.8,11631396
2004-12-23 00:00:00+05:30,36.1,36.1,35.4,35.5,5845172
2004-12-24 00:00:00+05:30,35.6,35.95,35.3,35.85,8775920
2004-12-27 00:00:00+05:30,35.75,35.95,35.5,35.6,5190852
2004-12-28 00:00:00+05:30,35.55,35.85,35.5,35.6,5053200
2004-12-29 00:00:00+05:30,35.85,36.0,35.6,35.75,6660092
2004-12-30 00:00:00+05:30,35.6,35.9,35.2,35.45,5989612
2004-12-31 00:00:00+05:30,35.55,35.7,34.95,35.5,6823596
2005-01-03 00:00:00+05:30,35.75,35.85,35.35,35.75,5721732
2005-01-04 00:00:00+05:30,35.75,35.95,34.35,35.5,5713716
2005-01-05 00:00:00+05:30,35.25,35.25,33.2,33.5,20191452
2005-01-06 00:00:00+05:30,33.5,33.9,32.45,32.65,18094800
2005-01-07 00:00:00+05:30,32.7,33.25,32.55,33.15,9873080
2005-01-10 00:00:00+05:30,33.35,33.35,31.95,32.1,6654036
2005-01-11 00:00:00+05:30,32.1,32.5,31.75,32.0,10777024
2005-01-12 00:00:00+05:30,32.2,32.8,30.6,31.05,13685104
2005-01-13 00:00:00+05:30,31.05,32.65,31.05,31.8,10807076
2005-01-14 00:00:00+05:30,30.35,31.9,30.35,31.5,8591544
2005-01-17 00:00:00+05:30,31.8,32.4,30.75,31.95,8065652
2005-01-18 00:00:00+05:30,32.2,32.65,31.75,32.3,11111932
2005-01-19 00:00:00+05:30,32.95,32.95,32.2,32.6,5601716
2005-01-20 00:00:00+05:30,32.2,32.35,31.55,31.95,5859972
2005-01-24 00:00:00+05:30,32.05,32.15,30.5,30.65,12448784
2005-01-25 00:00:00+05:30,30.55,31.25,28.9,31.1,13452796
2005-01-27 00:00:00+05:30,32.15,32.15,31.25,31.95,15931492
2005-01-28 00:00:00+05:30,32.1,33.35,31.95,33.1,16826532
2005-01-31 00:00:00+05:30,33.65,33.75,32.8,33.4,10607356
2005-02-01 00:00:00+05:30,33.65,33.85,32.8,33.0,9158304
2005-02-02 00:00:00+05:30,33.1,33.4,32.35,32.5,12220584
2005-02-03 00:00:00+05:30,32.7,33.05,32.3,32.9,7196772
2005-02-04 00:00:00+05:30,34.5,34.5,32.95,33.3,11300864
2005-02-07 00:00:00+05:30,33.55,33.55,32.5,32.6,8427784
2005-02-08 00:00:00+05:30,33.1,33.1,32.4,32.85,4217692
2005-02-09 00:00:00+05:30,33.0,33.05,32.65,32.75,4971360
2005-02-10 00:00:00+05:30,32.75,32.75,32.2,32.45,3151132
2005-02-11 00:00:00+05:30,32.7,33.1,32.4,32.95,7662092
2005-02-14 00:00:00+05:30,33.9,34.1,33.3,33.8,13320972
2005-02-15 00:00:00+05:30,33.8,33.85,33.3,33.45,6158732
2005-02-16 00:00:00+05:30,33.65,33.85,33.2,33.5,8600732
2005-02-17 00:00:00+05:30,33.3,33.3,32.7,33.1,5754932
2005-02-18 00:00:00+05:30,32.9,33.1,32.6,32.75,4369704
2005-02-21 00:00:00+05:30,32.75,32.75,32.0,32.15,3608544
2005-02-22 00:00:00+05:30,32.45,32.5,31.9,32.35,4669092
2005-02-23 00:00:00+05:30,32.15,32.35,31.95,32.15,4265160
2005-02-24 00:00:00+05:30,32.35,32.45,31.95,32.05,6117024
2005-02-25 00:00:00+05:30,32.2,32.4,31.35,31.9,11651172
2005-02-28 00:00:00+05:30,32.4,33.3,31.65,33.1,10007852
2005-03-01 00:00:00+05:30,33.15,33.15,31.9,32.0,6343492
2005-03-02 00:00:00+05:30,32.2,32.35,31.55,31.8,7127436
2005-03-03 00:00:00+05:30,31.8,33.25,31.8,33.0,9489680
2005-03-04 00:00:00+05:30,33.15,34.3,33.05,34.1,15105892
2005-03-07 00:00:00+05:30,34.15,34.4,33.75,34.2,5123212
2005-03-08 00:00:00+05:30,34.25,34.8,33.9,33.95,10818996
2005-03-09 00:00:00+05:30,34.1,34.35,33.35,33.8,7502064
2005-03-10 00:00:00+05:30,33.9,33.9,33.1,33.35,4229240
2005-03-11 00:00:00+05:30,33.45,33.8,32.95,33.05,6561172
2005-03-14 00:00:00+05:30,33.15,33.4,32.6,32.9,5902344
2005-03-15 00:00:00+05:30,32.85,33.1,32.25,32.4,4847292
2005-03-16 00:00:00+05:30,32.4,32.75,32.2,32.35,4142332
2005-03-17 00:00:00+05:30,32.2,32.65,32.0,32.2,3588132
2005-03-18 00:00:00+05:30,32.2,32.65,31.75,32.5,4567252
2005-03-21 00:00:00+05:30,32.75,32.85,32.2,32.45,2973172
2005-03-22 00:00:00+05:30,32.7,32.7,31.95,32.0,3120956
2005-03-23 00:00:00+05:30,31.8,32.0,30.8,31.05,4609372
2005-03-24 00:00:00+05:30,31.25,31.5,30.35,30.6,6113116
2005-03-28 00:00:00+05:30,30.75,31.4,30.05,30.5,8595840
2005-03-29 00:00:00+05:30,30.5,30.6,30.15,30.4,11112784
2005-03-30 00:00:00+05:30,30.3,30.6,29.6,29.9,9175572
2005-03-31 00:00:00+05:30,31.1,32.5,30.3,31.8,18151080
2005-04-01 00:00:00+05:30,31.95,32.2,30.95,31.9,7775264
2005-04-04 00:00:00+05:30,31.95,33.0,31.5,31.95,10895212
2005-04-05 00:00:00+05:30,31.75,31.95,31.15,31.3,5334452
2005-04-06 00:00:00+05:30,31.3,31.95,31.05,31.75,3982436
2005-04-07 00:00:00+05:30,31.75,32.8,31.75,32.2,17006892
2005-04-08 00:00:00+05:30,32.1,32.1,31.4,31.5,5063224
2005-04-11 00:00:00+05:30,31.75,31.75,30.65,30.9,3004772
2005-04-12 00:00:00+05:30,30.55,31.05,30.1,30.6,11221904
2005-04-13 00:00:00+05:30,30.75,30.95,30.3,30.6,6392092
2005-04-15 00:00:00+05:30,30.3,30.3,28.45,28.65,12298024
2005-04-18 00:00:00+05:30,27.5,30.4,27.5,28.2,7856624
2005-04-19 00:00:00+05:30,28.2,28.75,27.0,27.35,8595652
2005-04-20 00:00:00+05:30,27.5,28.35,27.2,28.2,9795332
2005-04-21 00:00:00+05:30,28.8,28.8,27.5,28.6,9350052
2005-04-22 00:00:00+05:30,30.3,31.95,29.65,30.5,37576144
2005-04-25 00:00:00+05:30,30.95,31.45,30.6,30.7,13561516
2005-04-26 00:00:00+05:30,30.55,30.85,30.2,30.3,7774412
2005-04-27 00:00:00+05:30,30.3,30.55,29.8,30.05,8295596
2005-04-28 00:00:00+05:30,30.05,30.7,30.05,30.5,23860436
2005-04-29 00:00:00+05:30,30.4,30.4,29.85,29.9,7697876
2005-05-02 00:00:00+05:30,30.25,30.55,29.95,30.2,3758184
2005-05-03 00:00:00+05:30,30.45,30.45,29.65,29.75,5526996
2005-05-04 00:00:00+05:30,29.85,30.05,29.75,29.9,4015092
2005-05-05 00:00:00+05:30,30.4,30.5,30.0,30.2,4377800
2005-05-06 00:00:00+05:30,25.75,30.3,25.75,30.1,4399784
2005-05-09 00:00:00+05:30,30.5,30.8,30.15,30.6,6290024
2005-05-10 00:00:00+05:30,30.7,30.8,30.4,30.65,6284864
2005-05-11 00:00:00+05:30,29.2,30.65,29.2,30.2,4521360
2005-05-12 00:00:00+05:30,30.2,30.55,30.15,30.5,2850664
2005-05-13 00:00:00+05:30,30.55,30.55,30.0,30.15,3702876
2005-05-16 00:00:00+05:30,30.35,31.45,30.15,31.2,8194876
2005-05-17 00:00:00+05:30,31.2,31.75,30.95,31.15,5484532
2005-05-18 00:00:00+05:30,31.1,31.1,30.45,30.85,5839476
2005-05-19 00:00:00+05:30,31.25,31.6,30.85,31.15,5790104
2005-05-20 00:00:00+05:30,31.0,31.7,30.9,31.4,5729116
2005-05-23 00:00:00+05:30,31.4,31.85,31.1,31.55,8261972
2005-05-24 00:00:00+05:30,32.0,32.4,31.55,32.3,8264252
2005-05-25 00:00:00+05:30,32.05,32.65,31.9,32.55,6296572
2005-05-26 00:00:00+05:30,31.3,34.1,29.65,33.9,20912280
2005-05-27 00:00:00+05:30,33.9,34.8,33.9,34.3,11965224
2005-05-30 00:00:00+05:30,34.3,34.35,33.4,33.5,6224556
2005-05-31 00:00:00+05:30,33.65,34.15,33.5,33.9,4317624
2005-06-01 00:00:00+05:30,33.95,34.15,33.35,33.7,5355452
2005-06-02 00:00:00+05:30,33.9,34.0,33.15,33.2,4622692
2005-06-03 00:00:00+05:30,33.6,34.35,33.2,34.15,8340264
2005-06-06 00:00:00+05:30,33.9,34.25,33.75,33.9,6686012
2005-06-07 00:00:00+05:30,33.9,35.05,33.9,34.65,11819892
2005-06-08 00:00:00+05:30,33.55,34.9,33.55,34.8,4983052
2005-06-09 00:00:00+05:30,34.4,34.8,34.35,34.4,4326732
2005-06-10 00:00:00+05:30,34.65,35.05,34.15,34.25,6023224
2005-06-13 00:00:00+05:30,34.3,34.45,33.9,34.2,3504356
2005-06-14 00:00:00+05:30,34.2,34.45,33.9,34.25,3495664
2005-06-15 00:00:00+05:30,34.25,34.9,34.1,34.75,6994916
2005-06-16 00:00:00+05:30,34.35,34.95,34.35,34.8,7326344
2005-06-17 00:00:00+05:30,32.3,35.35,32.3,35.25,6395332
2005-06-20 00:00:00+05:30,35.1,35.95,35.1,35.85,9110732
2005-06-21 00:00:00+05:30,35.85,36.45,35.6,35.85,10103840
2005-06-22 00:00:00+05:30,35.8,36.2,35.6,35.9,12328316
2005-06-23 00:00:00+05:30,35.75,36.05,35.6,35.85,6407172
2005-06-24 00:00:00+05:30,35.75,35.85,35.2,35.55,7879132
2005-06-27 00:00:00+05:30,35.55,36.0,35.55,35.75,8055372
2005-06-28 00:00:00+05:30,35.65,35.85,34.9,35.1,9761680
2005-06-29 00:00:00+05:30,35.05,35.85,34.4,35.7,11489556
2005-06-30 00:00:00+05:30,34.9,36.75,34.6,36.3,36322292
2005-07-01 00:00:00+05:30,35.55,35.95,34.65,35.3,8575544
2005-07-04 00:00:00+05:30,35.55,35.6,35.1,35.4,5182000
2005-07-05 00:00:00+05:30,35.75,35.85,34.8,34.9,6456356
2005-07-06 00:00:00+05:30,35.3,35.45,34.5,34.85,7339252
2005-07-07 00:00:00+05:30,35.4,36.2,33.15,33.65,12337024
2005-07-08 00:00:00+05:30,34.35,34.95,34.0,34.2,6886516
2005-07-11 00:00:00+05:30,34.9,35.1,33.9,33.9,5733452
2005-07-12 00:00:00+05:30,33.9,34.0,33.0,33.25,13862344
2005-07-13 00:00:00+05:30,33.3,33.9,33.15,33.6,9887080
2005-07-14 00:00:00+05:30,33.65,33.9,32.95,33.0,5404452
2005-07-15 00:00:00+05:30,33.55,33.55,32.8,33.35,5093160
2005-07-18 00:00:00+05:30,33.55,34.0,33.55,33.7,7871276
2005-07-19 00:00:00+05:30,34.0,34.0,33.65,33.85,5437704
2005-07-20 00:00:00+05:30,33.9,34.2,33.9,33.95,3676036
2005-07-21 00:00:00+05:30,34.2,34.25,33.45,33.7,3050864
2005-07-22 00:00:00+05:30,33.9,34.0,32.7,33.9,12646316
2005-07-25 00:00:00+05:30,34.05,34.1,33.4,33.8,8768080
2005-07-26 00:00:00+05:30,33.4,33.9,33.25,33.55,6711304
2005-07-27 00:00:00+05:30,33.65,34.6,33.4,34.45,6203864
2005-07-29 00:00:00+05:30,34.15,35.3,34.15,34.9,9596492
2005-08-01 00:00:00+05:30,34.6,34.95,33.9,34.25,5768864
2005-08-02 00:00:00+05:30,35.55,35.55,34.1,34.3,4402064
2005-08-03 00:00:00+05:30,34.7,35.0,34.5,34.65,6593464
2005-08-04 00:00:00+05:30,34.9,35.0,34.35,34.65,4365252
2005-08-05 00:00:00+05:30,34.8,34.8,34.1,34.15,4949384
2005-08-08 00:00:00+05:30,34.3,34.3,33.2,33.35,6892064
2005-08-09 00:00:00+05:30,33.85,34.1,33.15,33.9,6905504
2005-08-10 00:00:00+05:30,34.1,34.5,33.85,34.45,5806636
2005-08-11 00:00:00+05:30,34.5,34.85,34.35,34.7,5483732
2005-08-12 00:00:00+05:30,34.7,35.1,33.45,33.85,6312584
2005-08-16 00:00:00+05:30,34.3,34.55,33.9,34.1,5701492
2005-08-17 00:00:00+05:30,34.55,35.45,33.8,34.3,5631236
2005-08-18 00:00:00+05:30,34.4,34.6,34.15,34.5,5747276
2005-08-19 00:00:00+05:30,34.6,34.75,33.95,34.1,6767012
2005-08-22 00:00:00+05:30,34.9,36.0,34.1,34.35,6858380
2005-08-23 00:00:00+05:30,34.8,34.95,33.4,33.8,7558980
2005-08-24 00:00:00+05:30,34.35,34.35,33.25,33.45,4463304
2005-08-25 00:00:00+05:30,33.55,35.15,33.15,34.8,8649940
2005-08-26 00:00:00+05:30,34.75,35.05,33.65,34.05,5455952
2005-08-29 00:00:00+05:30,34.35,34.35,33.2,33.3,4842892
2005-08-30 00:00:00+05:30,33.45,34.3,33.45,34.0,4867560
2005-08-31 00:00:00+05:30,33.9,34.65,33.35,34.55,5293404
2005-09-01 00:00:00+05:30,34.95,35.55,34.85,35.3,10305812
2005-09-02 00:00:00+05:30,35.25,35.65,34.7,35.5,8555032
2005-09-05 00:00:00+05:30,35.5,35.95,35.1,35.75,8318524
2005-09-06 00:00:00+05:30,35.85,35.95,35.55,35.8,5775600
2005-09-08 00:00:00+05:30,35.95,36.05,35.25,35.4,3627232
2005-09-09 00:00:00+05:30,35.85,35.85,34.85,35.2,4321100
2005-09-12 00:00:00+05:30,35.55,35.6,35.2,35.3,3573372
2005-09-13 00:00:00+05:30,35.55,35.8,35.1,35.35,8236144
2005-09-14 00:00:00+05:30,35.45,36.15,35.35,36.0,10334052
2005-09-15 00:00:00+05:30,36.0,36.45,36.0,36.2,4578912
2005-09-16 00:00:00+05:30,36.35,36.45,35.85,36.2,4115072
2005-09-19 00:00:00+05:30,36.35,36.45,35.85,35.95,4923092
2005-09-20 00:00:00+05:30,36.05,36.2,35.45,35.65,8018860
2005-09-21 00:00:00+05:30,35.55,35.95,35.1,35.45,5615804
2005-09-22 00:00:00+05:30,35.6,35.6,33.25,33.75,5647484
2005-09-23 00:00:00+05:30,34.05,34.35,33.4,33.9,3130944
2005-09-26 00:00:00+05:30,34.1,35.5,34.05,35.45,4373432
2005-09-27 00:00:00+05:30,35.45,35.85,35.15,35.65,5657092
2005-09-28 00:00:00+05:30,35.6,35.6,33.35,35.3,9938732
2005-09-29 00:00:00+05:30,35.35,35.95,35.15,35.6,25827640
2005-09-30 00:00:00+05:30,35.55,35.8,35.1,35.2,5367404
2005-10-03 00:00:00+05:30,35.6,36.15,35.45,35.95,6115124
2005-10-04 00:00:00+05:30,36.05,38.05,35.95,38.0,19226520
2005-10-05 00:00:00+05:30,38.15,39.2,38.05,38.3,13775784
2005-10-06 00:00:00+05:30,38.15,38.25,36.6,37.0,13529360
2005-10-07 00:00:00+05:30,37.05,37.55,36.2,36.8,10231492
2005-10-10 00:00:00+05:30,36.95,37.75,36.8,37.4,7983780
2005-10-11 00:00:00+05:30,37.8,38.25,36.8,37.8,8680724
2005-10-13 00:00:00+05:30,37.9,37.9,36.65,36.9,7517620
2005-10-14 00:00:00+05:30,37.15,37.25,36.2,36.55,6421672
2005-10-17 00:00:00+05:30,36.55,36.85,35.85,36.2,3858600
2005-10-18 00:00:00+05:30,36.55,36.75,35.1,35.4,6400364
2005-10-19 00:00:00+05:30,35.4,35.7,34.5,34.9,11672160
2005-10-20 00:00:00+05:30,35.7,36.25,34.6,34.95,8768304
2005-10-21 00:00:00+05:30,35.1,36.65,34.95,36.5,9520480
2005-10-24 00:00:00+05:30,37.15,37.15,35.25,35.35,5383972
2005-10-25 00:00:00+05:30,35.3,36.4,35.3,35.75,4902924
2005-10-26 00:00:00+05:30,35.75,35.95,35.3,35.7,3786692
2005-10-27 00:00:00+05:30,35.6,36.35,34.6,35.45,13800480
2005-10-28 00:00:00+05:30,35.1,35.4,33.65,33.8,6814080
2005-10-31 00:00:00+05:30,34.95,34.95,33.7,34.55,3444520
2005-11-01 00:00:00+05:30,34.95,35.3,34.4,34.55,1238920
2005-11-02 00:00:00+05:30,34.55,35.2,33.9,35.05,5428384
2005-11-07 00:00:00+05:30,34.95,35.85,34.95,35.75,5752252
2005-11-08 00:00:00+05:30,35.95,37.45,35.6,37.05,8353312
2005-11-09 00:00:00+05:30,37.05,37.4,36.05,36.4,5690084
2005-11-10 00:00:00+05:30,36.45,36.75,36.1,36.5,5877360
2005-11-11 00:00:00+05:30,36.75,38.35,36.7,38.25,16263832
2005-11-14 00:00:00+05:30,38.95,38.95,37.6,38.3,7234644
2005-11-16 00:00:00+05:30,38.6,38.85,38.35,38.75,5261100
2005-11-17 00:00:00+05:30,38.85,39.45,38.0,39.15,6885820
2005-11-18 00:00:00+05:30,39.45,40.65,39.45,40.15,15913100
2005-11-21 00:00:00+05:30,40.6,40.6,39.45,39.9,8061940
2005-11-22 00:00:00+05:30,39.8,40.45,39.25,39.6,7810664
2005-11-23 00:00:00+05:30,39.65,41.15,39.6,40.85,9890564
2005-11-24 00:00:00+05:30,41.1,41.85,40.8,41.55,10512660
2005-11-25 00:00:00+05:30,41.65,41.95,41.25,41.65,6649920
2005-11-28 00:00:00+05:30,42.05,42.65,41.6,42.15,7566184
2005-11-29 00:00:00+05:30,42.15,42.35,41.2,42.05,5923060
2005-11-30 00:00:00+05:30,41.1,42.4,39.8,40.1,10012072
2005-12-01 00:00:00+05:30,40.25,41.2,39.7,41.0,14363072
2005-12-02 00:00:00+05:30,41.2,41.75,40.55,40.9,6396532
2005-12-05 00:00:00+05:30,41.0,41.2,39.85,40.05,5685724
2005-12-06 00:00:00+05:30,40.15,41.05,39.7,40.5,10384160
2005-12-07 00:00:00+05:30,40.55,41.65,40.45,41.35,7401044
2005-12-08 00:00:00+05:30,41.4,41.65,40.3,41.25,12508912
2005-12-09 00:00:00+05:30,41.3,41.95,41.1,41.8,5583344
2005-12-12 00:00:00+05:30,41.95,42.35,40.7,41.4,5626832
2005-12-13 00:00:00+05:30,41.4,42.65,41.1,42.55,10838072
2005-12-14 00:00:00+05:30,42.55,43.05,41.85,42.15,7129400
2005-12-15 00:00:00+05:30,42.15,42.55,41.3,41.55,9770872
2005-12-16 00:00:00+05:30,41.65,42.0,41.2,41.85,9076472
2005-12-19 00:00:00+05:30,42.0,43.35,42.0,43.2,12136312
2005-12-20 00:00:00+05:30,43.55,44.2,43.4,44.0,16920044
2005-12-21 00:00:00+05:30,44.15,44.35,42.95,43.45,7314300
2005-12-22 00:00:00+05:30,43.75,44.35,43.25,43.8,5335820
2005-12-23 00:00:00+05:30,43.95,44.55,36.45,44.1,9803864
2005-12-26 00:00:00+05:30,44.25,44.25,42.9,43.0,6136624
2005-12-27 00:00:00+05:30,42.9,43.95,42.5,43.75,4438672
2005-12-28 00:00:00+05:30,43.95,44.25,42.85,43.25,4594424
2005-12-29 00:00:00+05:30,43.5,44.05,42.75,43.85,9738284
2005-12-30 00:00:00+05:30,43.85,44.25,43.3,43.85,7298272
2006-01-02 00:00:00+05:30,43.75,44.0,43.15,43.7,4304540
2006-01-03 00:00:00+05:30,43.65,45.15,43.45,44.85,7669640
2006-01-04 00:00:00+05:30,45.1,45.9,45.1,45.55,7677764
2006-01-05 00:00:00+05:30,45.65,45.8,44.75,44.95,5597572
2006-01-06 00:00:00+05:30,45.05,45.05,42.75,44.8,6629072
2006-01-09 00:00:00+05:30,45.05,45.3,42.85,43.65,5789712
2006-01-10 00:00:00+05:30,43.7,44.15,43.2,43.55,7672252
2006-01-12 00:00:00+05:30,43.0,44.05,42.45,43.65,6388260
2006-01-13 00:00:00+05:30,43.55,44.0,43.3,43.55,6063824
2006-01-16 00:00:00+05:30,44.05,44.4,43.4,43.55,3261820
2006-01-17 00:00:00+05:30,43.4,44.3,42.2,42.5,5786780
2006-01-18 00:00:00+05:30,36.45,45.4,36.45,43.65,11812084
2006-01-19 00:00:00+05:30,44.05,48.0,44.05,47.2,21117564
2006-01-20 00:00:00+05:30,47.2,51.9,46.95,47.3,13907944
2006-01-23 00:00:00+05:30,46.95,47.0,45.7,46.65,7229232
2006-01-24 00:00:00+05:30,46.7,47.45,46.55,46.8,5038212
2006-01-25 00:00:00+05:30,46.9,48.85,46.9,48.1,13510372
2006-01-27 00:00:00+05:30,48.5,49.25,47.45,47.8,5073752
2006-01-30 00:00:00+05:30,47.9,49.9,47.4,49.5,8149800
2006-01-31 00:00:00+05:30,49.45,50.55,49.4,50.2,8977232
2006-02-01 00:00:00+05:30,50.25,50.45,49.1,49.45,4061160
2006-02-02 00:00:00+05:30,49.45,50.9,48.95,50.0,11821872
2006-02-03 00:00:00+05:30,51.3,51.65,48.65,48.9,15770164
2006-02-06 00:00:00+05:30,48.8,49.25,47.95,48.75,7156284
2006-02-07 00:00:00+05:30,49.0,49.75,48.9,49.35,7474100
2006-02-08 00:00:00+05:30,49.3,49.3,47.8,48.05,7791912
2006-02-10 00:00:00+05:30,49.05,49.65,47.95,48.55,8587132
2006-02-13 00:00:00+05:30,48.6,48.75,47.75,47.85,4787512
2006-02-14 00:00:00+05:30,47.8,48.4,46.4,46.55,8541492
2006-02-15 00:00:00+05:30,47.75,47.8,46.45,46.95,5165624
2006-02-16 00:00:00+05:30,47.0,47.45,46.25,46.45,6031780
2006-02-17 00:00:00+05:30,46.9,47.9,46.6,47.3,8341484
2006-02-20 00:00:00+05:30,47.4,48.6,46.85,48.4,8693612
2006-02-21 00:00:00+05:30,49.25,49.7,48.4,48.6,7835232
2006-02-22 00:00:00+05:30,48.8,49.25,47.45,48.95,5201860
2006-02-23 00:00:00+05:30,48.55,49.7,48.55,49.5,13355092
2006-02-24 00:00:00+05:30,49.45,49.45,48.7,48.95,4155720
2006-02-27 00:00:00+05:30,49.25,49.4,48.8,49.3,4071640
2006-02-28 00:00:00+05:30,49.4,49.7,48.7,49.35,9947104
2006-03-01 00:00:00+05:30,49.3,50.75,48.45,50.05,13629480
2006-03-02 00:00:00+05:30,50.35,51.3,49.95,50.3,8626752
2006-03-03 00:00:00+05:30,50.4,50.4,49.45,50.2,6284760
2006-03-06 00:00:00+05:30,50.3,50.65,49.75,50.1,3265664
2006-03-07 00:00:00+05:30,50.25,50.25,49.3,49.5,6051804
2006-03-08 00:00:00+05:30,49.55,49.55,47.8,48.05,9148444
2006-03-09 00:00:00+05:30,48.3,48.7,47.15,48.45,7915832
2006-03-10 00:00:00+05:30,48.6,49.5,48.15,49.35,7235312
2006-03-13 00:00:00+05:30,49.4,50.55,45.8,50.4,9898040
2006-03-14 00:00:00+05:30,51.15,51.15,49.15,49.4,5234780
2006-03-16 00:00:00+05:30,49.7,49.7,48.85,49.05,5887184
2006-03-17 00:00:00+05:30,49.7,49.7,49.2,49.35,3910300
2006-03-20 00:00:00+05:30,49.65,51.8,49.45,51.55,12282952
2006-03-21 00:00:00+05:30,51.25,52.1,50.05,50.4,5505024
2006-03-22 00:00:00+05:30,50.25,51.3,49.15,49.5,6848112
2006-03-23 00:00:00+05:30,50.0,50.1,49.3,49.5,5270980
2006-03-24 00:00:00+05:30,50.05,50.65,49.45,50.3,3442300
2006-03-27 00:00:00+05:30,50.65,50.65,49.1,49.3,6155144
2006-03-28 00:00:00+05:30,49.85,50.45,49.45,50.15,5332192
2006-03-29 00:00:00+05:30,50.25,51.6,50.25,51.4,6033044
2006-03-30 00:00:00+05:30,51.8,55.45,51.8,54.0,20773084
2006-03-31 00:00:00+05:30,54.5,54.5,52.35,53.05,5050640
2006-04-03 00:00:00+05:30,53.5,53.9,52.65,53.05,4670044
2006-04-04 00:00:00+05:30,53.5,53.95,52.8,53.05,4686540
2006-04-05 00:00:00+05:30,53.85,53.85,52.7,52.85,3542092
2006-04-07 00:00:00+05:30,53.6,53.95,51.0,51.25,8957000
2006-04-10 00:00:00+05:30,52.1,52.1,50.05,50.85,8254284
2006-04-12 00:00:00+05:30,50.85,50.85,48.65,49.0,12470432
2006-04-13 00:00:00+05:30,49.4,49.65,48.2,48.85,8440004
2006-04-17 00:00:00+05:30,49.15,51.6,48.7,51.25,9789232
2006-04-18 00:00:00+05:30,51.6,54.45,51.3,54.1,15836952
2006-04-19 00:00:00+05:30,55.8,56.75,52.65,53.05,27105872
2006-04-20 00:00:00+05:30,53.5,53.5,52.15,52.5,13181840
2006-04-21 00:00:00+05:30,52.75,53.2,50.7,52.0,7694260
2006-04-24 00:00:00+05:30,52.5,52.5,49.85,50.4,9292272
2006-04-25 00:00:00+05:30,50.25,50.95,49.5,49.95,5957184
2006-04-26 00:00:00+05:30,49.95,52.25,49.5,52.0,9577152
2006-04-27 00:00:00+05:30,52.25,53.3,50.65,51.85,11348304
2006-04-28 00:00:00+05:30,51.15,51.55,43.65,50.9,4579260
2006-05-02 00:00:00+05:30,50.8,52.1,50.8,51.1,3030032
2006-05-03 00:00:00+05:30,51.6,51.6,50.65,51.1,3027840
2006-05-04 00:00:00+05:30,51.6,52.0,50.65,51.25,3899312
2006-05-05 00:00:00+05:30,52.1,52.6,50.95,51.1,4380560
2006-05-08 00:00:00+05:30,51.65,51.7,50.55,51.0,4695272
2006-05-09 00:00:00+05:30,51.15,51.15,49.75,51.05,3364220
2006-05-10 00:00:00+05:30,50.95,51.85,50.95,51.4,5140252
2006-05-11 00:00:00+05:30,51.6,52.1,51.1,51.6,6175024
2006-05-12 00:00:00+05:30,51.1,52.0,50.55,51.6,7412884
2006-05-15 00:00:00+05:30,51.6,51.6,49.75,50.65,12292832
2006-05-16 00:00:00+05:30,51.15,51.3,49.2,50.6,10368460
2006-05-17 00:00:00+05:30,50.65,51.6,50.65,51.5,3066640
2006-05-18 00:00:00+05:30,50.95,51.05,46.8,48.05,5569120
2006-05-19 00:00:00+05:30,49.3,50.0,44.65,46.2,11068124
2006-05-22 00:00:00+05:30,46.5,47.4,40.5,41.85,11281952
2006-05-23 00:00:00+05:30,37.9,45.9,37.9,44.95,11188140
2006-05-24 00:00:00+05:30,46.4,46.4,42.65,43.05,8820960
2006-05-25 00:00:00+05:30,42.65,46.9,41.2,46.05,19601184
2006-05-26 00:00:00+05:30,45.4,47.0,43.55,45.05,10538440
2006-05-29 00:00:00+05:30,45.9,46.2,44.35,44.6,5178932
2006-05-30 00:00:00+05:30,44.75,45.8,44.05,44.65,7133364
2006-05-31 00:00:00+05:30,44.15,44.15,41.3,42.6,8164540
2006-06-01 00:00:00+05:30,42.85,44.25,41.0,42.15,12026800
2006-06-02 00:00:00+05:30,42.35,44.95,41.65,44.55,7795284
2006-06-05 00:00:00+05:30,44.75,45.45,42.85,43.35,6711052
2006-06-06 00:00:00+05:30,43.1,44.5,41.35,42.15,12693164
2006-06-07 00:00:00+05:30,41.9,43.0,41.1,42.2,7375664
2006-06-08 00:00:00+05:30,41.75,41.85,39.15,39.75,7312104
2006-06-09 00:00:00+05:30,39.8,41.7,38.85,41.2,6406272
2006-06-12 00:00:00+05:30,40.9,41.4,39.7,40.0,6585040
2006-06-13 00:00:00+05:30,39.8,39.8,37.05,37.5,6572960
2006-06-14 00:00:00+05:30,37.05,39.85,36.1,36.9,14890160
2006-06-15 00:00:00+05:30,38.55,40.2,37.9,39.8,5990792
2006-06-16 00:00:00+05:30,40.25,43.35,40.25,41.7,9577244
2006-06-19 00:00:00+05:30,41.25,42.65,39.85,41.3,8460664
2006-06-20 00:00:00+05:30,40.9,41.1,39.65,39.95,5859824
2006-06-21 00:00:00+05:30,40.35,42.15,40.25,41.6,8912532
2006-06-22 00:00:00+05:30,42.15,43.55,42.15,42.7,5437320
2006-06-23 00:00:00+05:30,42.55,45.9,40.75,44.5,6370364
2006-06-26 00:00:00+05:30,45.5,45.55,43.55,43.95,5539720
2006-06-27 00:00:00+05:30,44.05,45.8,43.0,44.9,10103944
2006-06-28 00:00:00+05:30,44.35,46.4,43.3,45.85,10788740
2006-06-29 00:00:00+05:30,45.85,47.4,45.65,47.1,17573240
2006-06-30 00:00:00+05:30,47.4,49.2,47.4,48.65,9062264
2006-07-03 00:00:00+05:30,49.05,49.05,47.05,47.6,8140532
2006-07-04 00:00:00+05:30,47.9,48.75,47.3,47.45,4859164
2006-07-05 00:00:00+05:30,48.3,48.3,46.35,47.1,19432084
2006-07-06 00:00:00+05:30,46.8,47.2,45.95,46.55,11410044
2006-07-07 00:00:00+05:30,46.75,47.35,44.05,44.4,9456052
2006-07-10 00:00:00+05:30,44.65,47.25,44.05,46.8,7826844
2006-07-11 00:00:00+05:30,47.8,47.9,45.55,46.95,8608592
2006-07-12 00:00:00+05:30,46.9,49.05,45.55,48.95,15104772
2006-07-13 00:00:00+05:30,49.0,49.2,47.4,47.6,8183304
2006-07-14 00:00:00+05:30,47.2,47.4,45.5,46.35,9200084
2006-07-17 00:00:00+05:30,46.2,46.6,45.05,45.4,8374272
2006-07-18 00:00:00+05:30,45.15,46.2,44.65,45.95,7085544
2006-07-19 00:00:00+05:30,46.55,47.3,42.85,43.45,20259912
2006-07-20 00:00:00+05:30,44.55,45.35,44.05,44.55,15020420
2006-07-21 00:00:00+05:30,44.05,44.55,42.05,42.55,13564404
2006-07-24 00:00:00+05:30,42.45,44.8,41.9,44.45,15175132
2006-07-25 00:00:00+05:30,45.45,46.4,44.15,44.5,8040824
2006-07-26 00:00:00+05:30,44.65,45.35,44.1,45.15,15299284
2006-07-27 00:00:00+05:30,45.65,47.3,45.25,46.8,16874764
2006-07-28 00:00:00+05:30,46.4,46.8,45.5,45.75,5075420
2006-07-31 00:00:00+05:30,46.3,47.4,45.85,46.5,7745712
2006-08-01 00:00:00+05:30,46.4,47.2,45.85,46.95,4653184
2006-08-02 00:00:00+05:30,46.9,47.75,46.25,47.6,5544504
2006-08-03 00:00:00+05:30,47.9,48.55,47.6,48.15,12173764
2006-08-04 00:00:00+05:30,47.9,48.75,47.6,48.1,8220140
2006-08-07 00:00:00+05:30,47.4,48.1,46.6,46.8,6081600
2006-08-08 00:00:00+05:30,47.8,47.8,46.9,47.55,3029680
2006-08-09 00:00:00+05:30,47.4,48.5,46.45,47.9,6166384
2006-08-10 00:00:00+05:30,48.3,49.15,47.8,48.85,6044260
2006-08-11 00:00:00+05:30,48.9,49.05,47.4,47.8,7720684
2006-08-14 00:00:00+05:30,47.8,48.5,47.65,48.3,3717532
2006-08-16 00:00:00+05:30,49.0,49.7,48.45,48.75,8607504
2006-08-17 00:00:00+05:30,48.8,49.25,48.2,48.45,4506680
2006-08-18 00:00:00+05:30,48.8,48.8,48.15,48.5,3584600
2006-08-21 00:00:00+05:30,48.4,48.65,47.75,48.35,6734704
2006-08-22 00:00:00+05:30,47.95,49.1,47.95,48.5,9138132
2006-08-23 00:00:00+05:30,48.75,48.75,48.0,48.4,5577812
2006-08-24 00:00:00+05:30,47.8,49.3,47.8,48.85,9940304
2006-08-25 00:00:00+05:30,48.9,49.2,48.2,48.35,5180292
2006-08-28 00:00:00+05:30,48.3,49.0,48.15,48.6,4413320
2006-08-29 00:00:00+05:30,49.0,50.05,48.8,49.8,6173004
2006-08-30 00:00:00+05:30,50.0,50.55,49.55,49.85,10456624
2006-08-31 00:00:00+05:30,49.9,50.3,48.8,49.15,9749312
2006-09-01 00:00:00+05:30,49.2,49.35,48.55,49.1,5101652
2006-09-04 00:00:00+05:30,49.15,49.75,49.15,49.5,3062520
2006-09-05 00:00:00+05:30,49.5,49.75,48.75,48.85,4235844
2006-09-06 00:00:00+05:30,49.0,49.75,48.5,49.5,4267800
2006-09-07 00:00:00+05:30,49.4,49.4,48.3,48.5,3879364
2006-09-08 00:00:00+05:30,48.6,48.65,47.8,48.2,4066712
2006-09-11 00:00:00+05:30,48.3,48.5,46.9,47.35,6817600
2006-09-12 00:00:00+05:30,47.45,47.9,46.3,47.7,7488400
2006-09-13 00:00:00+05:30,48.4,48.9,47.8,48.65,3769564
2006-09-14 00:00:00+05:30,48.8,49.15,48.2,48.55,3997100
2006-09-15 00:00:00+05:30,48.5,48.65,47.9,48.2,5418084
2006-09-18 00:00:00+05:30,48.2,49.0,48.2,48.65,4353692
2006-09-19 00:00:00+05:30,48.65,49.3,48.25,48.55,5659400
2006-09-20 00:00:00+05:30,48.35,49.25,47.85,49.05,3250344
2006-09-21 00:00:00+05:30,48.8,49.75,48.8,49.6,7814312
2006-09-22 00:00:00+05:30,49.75,49.75,49.05,49.2,5907572
2006-09-25 00:00:00+05:30,49.2,49.4,47.85,48.3,4377524
2006-09-26 00:00:00+05:30,48.7,49.95,48.35,49.85,9317060
2006-09-27 00:00:00+05:30,50.05,50.2,49.15,49.35,5910324
2006-09-28 00:00:00+05:30,49.5,49.9,49.3,49.4,4954732
2006-09-29 00:00:00+05:30,49.7,50.2,49.4,49.7,4646560
2006-10-03 00:00:00+05:30,49.7,49.7,48.85,49.25,2442204
2006-10-04 00:00:00+05:30,49.45,49.45,47.8,48.0,6085440
2006-10-05 00:00:00+05:30,48.8,49.55,48.4,49.35,4968964
2006-10-06 00:00:00+05:30,49.45,49.75,48.5,48.75,4632424
2006-10-09 00:00:00+05:30,48.7,49.05,48.3,48.85,3757320
2006-10-10 00:00:00+05:30,49.7,49.7,48.9,49.25,3749184
2006-10-11 00:00:00+05:30,49.75,50.75,49.75,50.1,12152752
2006-10-12 00:00:00+05:30,50.3,51.8,49.75,51.65,7507392
2006-10-13 00:00:00+05:30,52.1,53.05,51.8,52.8,9773524
2006-10-16 00:00:00+05:30,53.05,54.3,53.05,54.05,8798552
2006-10-17 00:00:00+05:30,56.35,56.35,53.85,54.5,9382424
2006-10-18 00:00:00+05:30,55.2,55.7,52.6,52.8,18910824
2006-10-19 00:00:00+05:30,54.4,54.4,51.8,52.15,21088160
2006-10-20 00:00:00+05:30,52.3,53.45,52.2,52.75,5296132
2006-10-23 00:00:00+05:30,52.75,52.85,51.5,51.85,4877200
2006-10-26 00:00:00+05:30,51.9,52.9,51.9,52.75,12830964
2006-10-27 00:00:00+05:30,52.85,53.5,52.55,53.3,5710844
2006-10-30 00:00:00+05:30,53.15,53.15,52.1,52.55,5965004
2006-10-31 00:00:00+05:30,52.7,52.85,50.8,51.0,8211240
2006-11-01 00:00:00+05:30,51.25,51.5,50.45,50.95,6196844
2006-11-02 00:00:00+05:30,50.75,51.4,50.3,50.5,8239120
2006-11-03 00:00:00+05:30,50.95,50.95,49.6,50.15,8835900
2006-11-06 00:00:00+05:30,51.05,51.05,50.25,50.4,3835000
2006-11-07 00:00:00+05:30,50.75,51.05,50.15,50.3,4246504
2006-11-08 00:00:00+05:30,50.3,50.85,46.85,50.7,3862904
2006-11-09 00:00:00+05:30,50.95,51.1,50.15,50.55,4634140
2006-11-10 00:00:00+05:30,50.85,50.95,50.05,50.85,3680332
2006-11-13 00:00:00+05:30,50.95,51.5,50.55,51.3,3246024
2006-11-14 00:00:00+05:30,51.7,52.15,51.3,51.65,4420164
2006-11-15 00:00:00+05:30,42.6,53.5,42.6,51.9,4952940
2006-11-16 00:00:00+05:30,51.9,52.6,51.75,52.45,8772320
2006-11-17 00:00:00+05:30,52.6,52.6,51.7,52.15,4001412
2006-11-20 00:00:00+05:30,52.1,52.85,51.3,52.55,4241632
2006-11-21 00:00:00+05:30,53.8,54.1,52.6,53.9,6684100
2006-11-22 00:00:00+05:30,53.5,56.1,53.5,55.4,11286772
2006-11-23 00:00:00+05:30,55.9,56.35,54.5,55.2,7060404
2006-11-24 00:00:00+05:30,55.4,56.15,53.2,55.9,5321624
2006-11-27 00:00:00+05:30,55.85,57.3,55.1,57.0,6979920
2006-11-28 00:00:00+05:30,56.5,56.5,55.15,55.4,7169200
2006-11-29 00:00:00+05:30,55.9,56.05,55.1,55.2,3469532
2006-11-30 00:00:00+05:30,56.85,63.45,55.2,56.85,11195224
2006-12-01 00:00:00+05:30,57.3,57.75,56.75,56.95,6231544
2006-12-04 00:00:00+05:30,56.95,57.05,55.7,55.95,3776992
2006-12-05 00:00:00+05:30,56.85,56.95,56.0,56.2,3060032
2006-12-06 00:00:00+05:30,56.25,56.95,55.6,55.85,3477044
2006-12-07 00:00:00+05:30,55.8,56.0,55.0,55.3,5837640
2006-12-08 00:00:00+05:30,55.3,55.3,54.3,54.7,5684420
2006-12-11 00:00:00+05:30,55.3,55.3,52.85,53.7,4925464
2006-12-12 00:00:00+05:30,54.0,54.45,52.3,52.9,5982600
2006-12-13 00:00:00+05:30,52.9,53.7,51.25,52.65,6938232
2006-12-14 00:00:00+05:30,53.15,54.5,51.5,53.95,4749352
2006-12-15 00:00:00+05:30,54.2,55.1,53.4,53.65,8195120
2006-12-18 00:00:00+05:30,49.4,55.5,49.4,55.2,5024692
2006-12-19 00:00:00+05:30,55.3,55.4,52.65,53.7,7038060
2006-12-20 00:00:00+05:30,54.05,54.85,51.75,52.65,9030040
2006-12-21 00:00:00+05:30,52.75,53.5,51.6,52.9,5758800
2006-12-22 00:00:00+05:30,53.05,55.0,52.55,54.45,6948304
2006-12-26 00:00:00+05:30,54.5,56.85,54.1,56.6,5682580
2006-12-27 00:00:00+05:30,56.8,57.75,56.0,57.55,7298892
2006-12-28 00:00:00+05:30,57.65,58.05,56.95,57.65,7552820
2006-12-29 00:00:00+05:30,57.85,58.15,56.95,57.4,3168492
2007-01-02 00:00:00+05:30,57.15,58.25,57.1,57.9,3202792
2007-01-03 00:00:00+05:30,57.95,58.95,57.55,58.75,7241032
2007-01-04 00:00:00+05:30,58.95,58.95,57.3,57.45,5756280
2007-01-05 00:00:00+05:30,57.65,57.75,56.4,56.7,4157680
2007-01-08 00:00:00+05:30,56.45,56.7,54.6,54.85,5563332
2007-01-09 00:00:00+05:30,55.3,55.55,54.0,55.0,4471372
2007-01-10 00:00:00+05:30,55.4,56.45,53.2,55.9,9162860
2007-01-11 00:00:00+05:30,55.9,58.95,55.0,58.7,11468904
2007-01-12 00:00:00+05:30,58.75,59.65,58.75,59.35,5818944
2007-01-15 00:00:00+05:30,59.85,60.05,58.95,59.4,3772760
2007-01-16 00:00:00+05:30,59.7,60.5,59.2,60.3,5680792
2007-01-17 00:00:00+05:30,61.8,61.8,59.85,60.05,11893172
2007-01-18 00:00:00+05:30,60.35,61.35,60.15,60.8,6281180
2007-01-19 00:00:00+05:30,60.35,60.95,58.2,58.8,5489584
2007-01-22 00:00:00+05:30,57.95,59.6,57.95,58.9,4607724
2007-01-23 00:00:00+05:30,59.2,59.2,58.3,58.8,2815100
2007-01-24 00:00:00+05:30,58.55,60.15,58.45,60.0,2673944
2007-01-25 00:00:00+05:30,60.55,63.95,59.8,61.7,8816060
2007-01-29 00:00:00+05:30,61.7,61.85,59.05,59.7,4330160
2007-01-31 00:00:00+05:30,59.8,60.5,57.75,58.1,4651292
2007-02-01 00:00:00+05:30,59.15,59.45,58.55,59.0,5209240
2007-02-02 00:00:00+05:30,59.7,61.55,59.3,60.95,10007300
2007-02-05 00:00:00+05:30,61.1,61.25,59.8,60.05,2916560
2007-02-06 00:00:00+05:30,60.1,60.65,59.3,60.1,2664712
2007-02-07 00:00:00+05:30,60.25,61.15,59.8,60.9,3872800
2007-02-08 00:00:00+05:30,60.9,61.05,60.0,60.2,2070612
2007-02-09 00:00:00+05:30,60.55,61.35,60.15,60.95,3428000
2007-02-12 00:00:00+05:30,60.05,61.35,59.3,59.75,3456952
2007-02-13 00:00:00+05:30,59.6,61.45,59.1,60.4,4628364
2007-02-14 00:00:00+05:30,60.4,61.95,59.25,61.6,4668144
2007-02-15 00:00:00+05:30,61.55,64.75,61.55,64.15,7481380
2007-02-19 00:00:00+05:30,64.55,65.45,64.1,64.55,4992632
2007-02-20 00:00:00+05:30,63.45,64.75,62.65,62.95,2627144
2007-02-21 00:00:00+05:30,62.7,64.2,62.15,63.3,6080892
2007-02-22 00:00:00+05:30,63.3,64.65,60.75,61.55,9666620
2007-02-23 00:00:00+05:30,63.15,63.15,58.75,59.05,6356344
2007-02-26 00:00:00+05:30,59.2,59.5,56.2,58.1,8681320
2007-02-27 00:00:00+05:30,58.25,58.75,53.75,57.25,6956180
2007-02-28 00:00:00+05:30,55.6,56.45,52.1,53.25,15250720
2007-03-01 00:00:00+05:30,54.75,56.75,51.15,56.0,15059712
2007-03-02 00:00:00+05:30,55.4,56.15,53.7,54.4,7438500
2007-03-05 00:00:00+05:30,54.0,54.0,49.95,50.85,9546064
2007-03-06 00:00:00+05:30,51.15,55.2,51.15,54.8,10106140
2007-03-07 00:00:00+05:30,55.7,56.05,51.45,52.5,15116552
2007-03-08 00:00:00+05:30,52.6,55.1,52.6,54.25,9706140
2007-03-09 00:00:00+05:30,54.8,55.35,53.2,53.55,5373872
2007-03-12 00:00:00+05:30,54.0,55.9,53.85,54.2,7724164
2007-03-13 00:00:00+05:30,54.7,55.5,54.15,55.25,3776792
2007-03-14 00:00:00+05:30,54.5,54.5,52.1,52.65,9891940
2007-03-15 00:00:00+05:30,54.2,56.65,52.9,53.25,5525072
2007-03-16 00:00:00+05:30,53.5,56.65,52.7,53.5,4308632
2007-03-19 00:00:00+05:30,54.0,55.1,53.5,54.8,3117444
2007-03-20 00:00:00+05:30,54.95,55.6,54.05,54.35,4336444
2007-03-21 00:00:00+05:30,52.15,55.9,52.15,55.15,3059944
2007-03-22 00:00:00+05:30,55.7,56.85,55.7,56.35,3743420
2007-03-23 00:00:00+05:30,56.4,57.7,56.0,56.6,6238224
2007-03-26 00:00:00+05:30,56.85,57.3,51.2,55.15,4733000
2007-03-28 00:00:00+05:30,55.25,55.25,52.6,52.95,9473080
2007-03-29 00:00:00+05:30,54.0,55.15,52.6,53.6,15174944
2007-03-30 00:00:00+05:30,54.0,54.95,52.75,53.0,4769232
2007-04-02 00:00:00+05:30,53.0,53.4,48.8,49.15,9337632
2007-04-03 00:00:00+05:30,49.2,50.95,49.15,50.6,7418112
2007-04-04 00:00:00+05:30,50.95,52.35,50.8,52.05,10598960
2007-04-05 00:00:00+05:30,52.3,52.75,51.2,52.35,5879472
2007-04-09 00:00:00+05:30,52.1,53.7,50.4,53.15,3820652
2007-04-10 00:00:00+05:30,53.5,53.5,51.7,51.9,4488304
2007-04-11 00:00:00+05:30,53.5,53.5,51.35,51.85,6091172
2007-04-12 00:00:00+05:30,51.6,51.6,50.8,51.2,4892220
2007-04-13 00:00:00+05:30,51.7,54.05,50.85,53.75,14384000
2007-04-16 00:00:00+05:30,54.0,55.8,54.0,55.45,7407764
2007-04-17 00:00:00+05:30,56.4,56.4,54.0,54.4,6628172
2007-04-18 00:00:00+05:30,54.1,55.7,54.1,55.45,5146432
2007-04-19 00:00:00+05:30,54.6,55.35,54.2,54.6,6599724
2007-04-20 00:00:00+05:30,55.4,57.3,53.15,54.1,21965820
2007-04-23 00:00:00+05:30,55.9,55.9,53.6,53.75,7236800
2007-04-24 00:00:00+05:30,53.5,54.1,52.25,52.55,12164904
2007-04-25 00:00:00+05:30,51.6,52.9,51.6,52.7,8481160
2007-04-26 00:00:00+05:30,53.05,53.9,52.6,53.35,14706600
2007-04-27 00:00:00+05:30,53.9,54.0,52.75,53.55,6204940
2007-04-30 00:00:00+05:30,53.5,54.45,53.15,54.15,3981692
2007-05-03 00:00:00+05:30,54.7,55.4,53.65,54.1,8289704
2007-05-04 00:00:00+05:30,60.15,60.15,53.15,53.7,5836072
2007-05-07 00:00:00+05:30,54.2,54.2,52.25,52.35,4094952
2007-05-08 00:00:00+05:30,52.1,52.85,51.65,51.85,7408884
2007-05-09 00:00:00+05:30,51.6,52.35,51.3,52.15,6887024
2007-05-10 00:00:00+05:30,52.6,53.55,51.3,52.4,12926000
2007-05-11 00:00:00+05:30,53.5,53.5,50.85,51.7,9518692
2007-05-14 00:00:00+05:30,52.25,52.95,51.35,51.5,5394852
2007-05-15 00:00:00+05:30,51.5,52.05,50.3,50.7,10384584
2007-05-16 00:00:00+05:30,50.75,51.5,50.25,51.25,8578652
2007-05-17 00:00:00+05:30,51.9,51.95,51.2,51.8,4281200
2007-05-18 00:00:00+05:30,51.6,52.3,51.3,51.45,5409712
2007-05-21 00:00:00+05:30,51.5,51.9,50.45,50.6,9371560
2007-05-22 00:00:00+05:30,50.65,51.3,50.15,50.4,6914984
2007-05-23 00:00:00+05:30,50.4,50.95,50.3,50.65,3772544
2007-05-24 00:00:00+05:30,50.3,51.15,50.05,50.4,4217552
2007-05-25 00:00:00+05:30,50.25,51.6,49.65,51.45,7316572
2007-05-28 00:00:00+05:30,52.6,53.35,50.75,51.15,6799372
2007-05-29 00:00:00+05:30,51.3,51.4,50.7,51.25,6831364
2007-05-30 00:00:00+05:30,51.15,51.15,50.45,50.85,6059820
2007-05-31 00:00:00+05:30,51.4,51.9,50.7,51.5,12577272
2007-06-01 00:00:00+05:30,51.95,51.95,51.3,51.55,5618772
2007-06-04 00:00:00+05:30,52.1,52.1,50.4,50.55,2901160
2007-06-05 00:00:00+05:30,50.65,51.3,50.25,50.7,5623784
2007-06-06 00:00:00+05:30,51.6,51.6,50.3,50.4,7723752
2007-06-07 00:00:00+05:30,48.2,52.05,48.2,51.65,9954592
2007-06-08 00:00:00+05:30,51.15,52.55,50.75,51.9,11881052
2007-06-11 00:00:00+05:30,52.6,52.75,51.15,51.4,4229092
2007-06-12 00:00:00+05:30,51.4,51.7,50.5,51.05,2156692
2007-06-13 00:00:00+05:30,50.4,51.05,49.9,50.3,7956680
2007-06-14 00:00:00+05:30,51.25,59.45,50.35,50.4,2545880
2007-06-15 00:00:00+05:30,50.65,51.1,50.25,50.3,3993400
2007-06-18 00:00:00+05:30,52.1,52.1,49.4,49.55,2829452
2007-06-19 00:00:00+05:30,48.4,49.8,48.4,49.4,4419032
2007-06-20 00:00:00+05:30,49.55,50.1,49.3,49.5,6159952
2007-06-21 00:00:00+05:30,49.75,50.25,49.0,49.7,2841820
2007-06-22 00:00:00+05:30,49.7,50.05,48.8,49.0,5051252
2007-06-25 00:00:00+05:30,49.0,49.2,48.3,48.85,5143004
2007-06-26 00:00:00+05:30,48.5,49.2,47.8,48.15,3196352
2007-06-27 00:00:00+05:30,48.15,48.7,48.05,48.3,4615100
2007-06-28 00:00:00+05:30,48.7,49.15,48.0,48.75,9061560
2007-06-29 00:00:00+05:30,49.0,49.3,48.6,49.15,5602680
2007-07-02 00:00:00+05:30,48.8,49.45,48.15,48.55,3229000
2007-07-03 00:00:00+05:30,49.15,49.15,48.65,48.8,1806980
2007-07-04 00:00:00+05:30,48.3,49.0,47.95,48.15,5971484
2007-07-05 00:00:00+05:30,46.7,48.5,46.7,47.8,3461120
2007-07-06 00:00:00+05:30,47.95,49.4,47.8,49.25,11701704
2007-07-09 00:00:00+05:30,49.75,50.15,49.3,49.75,7930664
2007-07-10 00:00:00+05:30,49.85,50.3,49.0,49.2,6369372
2007-07-11 00:00:00+05:30,49.7,49.7,48.1,48.4,6634464
2007-07-12 00:00:00+05:30,48.55,48.75,48.2,48.45,3851872
2007-07-13 00:00:00+05:30,48.8,48.9,47.95,48.55,7551652
2007-07-16 00:00:00+05:30,48.6,48.6,47.25,47.6,6067252
2007-07-17 00:00:00+05:30,48.0,48.1,47.6,47.85,4407592
2007-07-18 00:00:00+05:30,48.0,48.15,47.65,47.95,3281472
2007-07-19 00:00:00+05:30,46.75,48.2,46.75,47.8,9052260
2007-07-20 00:00:00+05:30,47.9,48.5,47.75,47.8,9132052
2007-07-23 00:00:00+05:30,47.8,48.5,47.6,48.2,4483864
2007-07-24 00:00:00+05:30,48.25,48.3,47.65,47.85,3107392
2007-07-25 00:00:00+05:30,47.8,47.9,47.0,47.3,9792332
2007-07-26 00:00:00+05:30,47.45,50.4,46.9,48.7,12680872
2007-07-27 00:00:00+05:30,48.45,48.45,46.4,46.7,7849412
2007-07-30 00:00:00+05:30,46.7,46.9,46.05,46.75,3268432
2007-07-31 00:00:00+05:30,46.55,47.35,46.15,47.15,3719220
2007-08-01 00:00:00+05:30,46.55,46.85,44.65,45.2,9059084
2007-08-02 00:00:00+05:30,45.9,45.9,43.55,43.75,7503024
2007-08-03 00:00:00+05:30,43.85,48.3,43.85,44.55,9552432
2007-08-06 00:00:00+05:30,43.55,44.55,42.95,43.35,4896800
2007-08-07 00:00:00+05:30,44.5,45.9,43.3,43.55,8577420
2007-08-08 00:00:00+05:30,44.1,45.8,44.1,45.2,13426140
2007-08-09 00:00:00+05:30,45.5,45.85,45.15,45.3,8511584
2007-08-10 00:00:00+05:30,45.0,45.7,43.4,45.5,8037204
2007-08-13 00:00:00+05:30,45.55,45.7,45.05,45.5,4202252
2007-08-14 00:00:00+05:30,45.8,45.85,45.25,45.55,2821644
2007-08-16 00:00:00+05:30,43.75,45.05,43.35,44.5,5483520
2007-08-17 00:00:00+05:30,44.25,45.65,42.15,44.95,9921112
2007-08-20 00:00:00+05:30,45.4,47.15,43.9,44.45,8591524
2007-08-21 00:00:00+05:30,45.7,45.7,41.65,42.35,9095172
2007-08-22 00:00:00+05:30,42.85,43.3,41.2,42.95,8093092
2007-08-23 00:00:00+05:30,44.5,44.5,41.6,42.55,3033744
2007-08-24 00:00:00+05:30,44.05,44.05,42.15,43.35,4858560
2007-08-27 00:00:00+05:30,43.55,44.25,42.9,44.0,3537072
2007-08-28 00:00:00+05:30,43.55,44.55,43.45,44.2,4971992
2007-08-29 00:00:00+05:30,43.8,44.75,42.95,44.55,5628864
2007-08-30 00:00:00+05:30,45.25,45.9,44.35,45.3,11017840
2007-08-31 00:00:00+05:30,45.4,46.25,45.05,45.65,4901944
2007-09-03 00:00:00+05:30,46.0,46.0,44.85,45.0,5322600
2007-09-04 00:00:00+05:30,45.65,46.2,43.75,44.15,5410292
2007-09-05 00:00:00+05:30,44.5,45.2,44.35,44.8,8770212
2007-09-06 00:00:00+05:30,44.15,45.45,44.15,45.35,4785404
2007-09-07 00:00:00+05:30,45.35,45.5,44.55,45.35,5326252
2007-09-10 00:00:00+05:30,44.65,44.95,43.95,44.05,4527592
2007-09-11 00:00:00+05:30,44.55,44.55,43.0,43.15,3776044
2007-09-12 00:00:00+05:30,43.55,43.6,42.65,42.9,2412100
2007-09-13 00:00:00+05:30,43.3,43.5,42.65,43.25,4093032
2007-09-14 00:00:00+05:30,43.75,43.75,42.25,42.65,2930652
2007-09-17 00:00:00+05:30,42.9,43.0,42.35,42.6,2798544
2007-09-18 00:00:00+05:30,42.85,42.85,41.95,42.05,8131564
2007-09-19 00:00:00+05:30,42.9,43.55,42.3,42.5,10079904
2007-09-20 00:00:00+05:30,42.25,42.65,41.0,41.2,5288880
2007-09-21 00:00:00+05:30,40.9,41.95,40.25,41.6,13404744
2007-09-24 00:00:00+05:30,41.95,42.4,40.95,42.0,13645264
2007-09-25 00:00:00+05:30,42.25,42.35,41.15,41.3,7532532
2007-09-26 00:00:00+05:30,41.65,45.05,41.65,43.05,13113972
2007-09-27 00:00:00+05:30,43.4,44.05,43.1,43.6,13864964
2007-09-28 00:00:00+05:30,44.25,44.45,43.3,43.55,8127004
2007-10-01 00:00:00+05:30,43.75,44.4,42.2,43.0,8140900
2007-10-03 00:00:00+05:30,43.2,45.05,43.2,44.55,13483004
2007-10-04 00:00:00+05:30,44.25,44.4,43.4,43.75,9915432
2007-10-05 00:00:00+05:30,44.05,44.05,42.95,43.55,7003932
2007-10-08 00:00:00+05:30,44.05,44.65,43.1,44.5,9888552
2007-10-09 00:00:00+05:30,44.45,46.6,43.6,46.3,14943844
2007-10-10 00:00:00+05:30,46.6,47.95,45.85,47.7,12061960
2007-10-11 00:00:00+05:30,47.75,47.8,45.15,46.2,13760204
2007-10-12 00:00:00+05:30,45.5,46.4,44.65,46.1,7931500
2007-10-15 00:00:00+05:30,46.1,47.4,44.95,46.65,10097024
2007-10-16 00:00:00+05:30,46.7,46.9,45.55,46.0,9366800
2007-10-17 00:00:00+05:30,44.55,46.4,43.85,46.25,5858720
2007-10-18 00:00:00+05:30,46.9,48.0,45.4,46.8,14578232
2007-10-19 00:00:00+05:30,47.55,48.3,45.35,47.4,11225472
2007-10-22 00:00:00+05:30,43.4,47.4,43.4,46.95,4954424
2007-10-23 00:00:00+05:30,47.4,47.75,45.9,46.65,5647420
2007-10-24 00:00:00+05:30,47.3,47.3,45.25,46.05,6532784
2007-10-25 00:00:00+05:30,46.4,47.4,45.25,47.1,9823424
2007-10-26 00:00:00+05:30,47.2,47.55,46.55,47.4,5516740
2007-10-29 00:00:00+05:30,45.95,48.65,45.95,48.3,6739544
2007-10-30 00:00:00+05:30,48.8,48.95,47.25,48.35,5562684
2007-10-31 00:00:00+05:30,48.3,48.35,47.2,48.0,2894324
2007-11-01 00:00:00+05:30,48.3,48.6,46.7,47.35,3983124
2007-11-02 00:00:00+05:30,45.65,47.2,45.65,46.6,2878152
2007-11-05 00:00:00+05:30,46.6,48.0,45.65,45.9,2870840
2007-11-06 00:00:00+05:30,45.8,46.4,45.65,46.1,3098260
2007-11-07 00:00:00+05:30,45.7,46.2,44.45,45.25,3670292
2007-11-08 00:00:00+05:30,42.65,44.95,42.65,44.7,2964792
2007-11-09 00:00:00+05:30,44.35,44.75,43.4,43.55,508272
2007-11-12 00:00:00+05:30,44.05,44.05,41.85,43.25,5915544
2007-11-13 00:00:00+05:30,42.65,43.2,41.6,41.85,7093152
2007-11-14 00:00:00+05:30,42.85,45.3,42.15,44.85,7050804
2007-11-15 00:00:00+05:30,45.05,45.05,43.05,43.3,5148132
2007-11-16 00:00:00+05:30,43.15,44.05,42.45,43.65,3708924
2007-11-19 00:00:00+05:30,43.65,44.3,43.2,43.45,3541692
2007-11-20 00:00:00+05:30,43.35,43.35,42.3,42.5,7246732
2007-11-21 00:00:00+05:30,42.65,42.7,41.2,41.4,6771940
2007-11-22 00:00:00+05:30,41.4,41.65,40.6,41.5,5768184
2007-11-23 00:00:00+05:30,42.15,42.15,41.2,41.8,3509424
2007-11-26 00:00:00+05:30,42.15,43.1,42.15,42.95,3267980
2007-11-27 00:00:00+05:30,40.45,43.55,40.4,43.4,2821540
2007-11-28 00:00:00+05:30,43.55,43.75,42.25,42.65,2058960
2007-11-29 00:00:00+05:30,43.3,44.05,41.85,42.45,6117484
2007-11-30 00:00:00+05:30,43.2,43.9,42.7,43.6,3763660
2007-12-03 00:00:00+05:30,44.05,47.3,43.65,46.65,11770792
2007-12-04 00:00:00+05:30,46.7,47.8,45.9,47.25,6572740
2007-12-05 00:00:00+05:30,47.55,47.55,46.6,47.3,2336692
2007-12-06 00:00:00+05:30,47.45,47.65,46.6,46.9,2368324
2007-12-07 00:00:00+05:30,47.4,47.8,42.65,47.65,3246684
2007-12-10 00:00:00+05:30,47.65,48.2,47.2,47.5,3740884
2007-12-11 00:00:00+05:30,47.55,48.1,47.3,47.85,3094040
2007-12-12 00:00:00+05:30,47.4,48.3,46.3,48.05,4314012
2007-12-13 00:00:00+05:30,47.8,47.8,46.85,47.45,3901172
2007-12-14 00:00:00+05:30,47.45,47.55,46.65,47.15,2387524
2007-12-17 00:00:00+05:30,47.4,47.4,45.9,46.25,4160232
2007-12-18 00:00:00+05:30,46.25,46.8,44.95,45.8,5316512
2007-12-19 00:00:00+05:30,46.9,46.9,45.25,45.8,1856104
2007-12-20 00:00:00+05:30,45.9,46.9,45.65,46.75,2593000
2007-12-24 00:00:00+05:30,47.05,51.15,47.05,50.65,16170432
2007-12-26 00:00:00+05:30,51.1,51.6,49.2,50.75,10017752
2007-12-27 00:00:00+05:30,51.15,52.3,50.15,52.05,9087084
2007-12-28 00:00:00+05:30,50.95,51.3,47.85,50.0,4601224
2007-12-31 00:00:00+05:30,50.95,51.6,49.4,49.8,5655092
2008-01-01 00:00:00+05:30,50.15,50.15,48.8,48.9,2237072
2008-01-02 00:00:00+05:30,49.1,49.15,47.55,48.45,3739880
2008-01-03 00:00:00+05:30,48.45,48.45,46.8,47.05,5476344
2008-01-04 00:00:00+05:30,46.4,47.55,45.9,47.05,6076400
2008-01-07 00:00:00+05:30,46.5,46.8,45.5,45.65,4691212
2008-01-08 00:00:00+05:30,46.2,46.9,45.25,46.35,5668684
2008-01-09 00:00:00+05:30,47.0,47.6,45.9,46.5,4521300
2008-01-10 00:00:00+05:30,47.05,47.55,45.9,46.2,4802160
2008-01-11 00:00:00+05:30,47.15,47.15,45.5,46.3,4100000
2008-01-14 00:00:00+05:30,46.1,46.1,43.2,43.65,17876812
2008-01-15 00:00:00+05:30,45.4,45.4,43.1,43.55,5190960
2008-01-16 00:00:00+05:30,43.55,43.75,42.0,43.2,5755552
2008-01-17 00:00:00+05:30,43.3,44.55,42.15,43.8,1639512
2008-01-18 00:00:00+05:30,43.55,43.95,41.85,43.05,5227260
2008-01-21 00:00:00+05:30,42.95,43.4,40.55,41.65,6670720
2008-01-22 00:00:00+05:30,38.85,49.75,30.65,40.9,11733492
2008-01-23 00:00:00+05:30,41.2,43.0,37.9,40.85,6066512
2008-01-24 00:00:00+05:30,43.5,43.5,38.25,38.95,4650432
2008-01-25 00:00:00+05:30,39.8,41.75,39.35,40.9,3100420
2008-01-28 00:00:00+05:30,40.7,41.15,37.8,38.7,3887940
2008-01-29 00:00:00+05:30,39.7,40.15,38.85,39.1,1805040
2008-01-30 00:00:00+05:30,39.45,39.85,38.7,39.2,4570592
2008-01-31 00:00:00+05:30,39.25,42.25,37.45,40.05,8038400
2008-02-01 00:00:00+05:30,40.7,42.65,38.35,41.65,7071720
2008-02-04 00:00:00+05:30,42.65,44.95,42.55,44.0,5742624
2008-02-05 00:00:00+05:30,44.15,44.15,35.55,43.15,2095884
2008-02-06 00:00:00+05:30,41.65,42.15,39.7,40.25,4916484
2008-02-07 00:00:00+05:30,40.35,40.7,38.4,38.9,3251952
2008-02-08 00:00:00+05:30,38.95,40.25,38.55,40.0,3323660
2008-02-11 00:00:00+05:30,40.05,40.5,37.75,40.05,4511480
2008-02-12 00:00:00+05:30,40.5,40.9,39.55,40.1,4900300
2008-02-13 00:00:00+05:30,38.85,40.5,38.15,38.85,3726644
2008-02-14 00:00:00+05:30,39.65,39.95,38.75,39.45,3177072
2008-02-15 00:00:00+05:30,39.55,40.05,38.85,39.85,2587212
2008-02-18 00:00:00+05:30,40.25,40.75,38.85,39.35,2368452
2008-02-19 00:00:00+05:30,38.95,40.25,38.85,39.05,3184504
2008-02-20 00:00:00+05:30,39.75,39.8,38.65,38.95,2262952
2008-02-21 00:00:00+05:30,40.25,41.3,39.25,40.9,7946892
2008-02-22 00:00:00+05:30,41.6,41.6,39.85,40.45,2921812
2008-02-25 00:00:00+05:30,40.4,41.9,40.15,41.65,2853272
2008-02-26 00:00:00+05:30,42.15,42.4,40.9,42.2,2982924
2008-02-27 00:00:00+05:30,42.55,42.6,41.35,41.75,2359444
2008-02-28 00:00:00+05:30,41.65,42.7,41.1,42.4,5254400
2008-02-29 00:00:00+05:30,41.95,42.15,39.85,41.4,4737672
2008-03-03 00:00:00+05:30,40.7,40.7,39.45,39.9,4600624
2008-03-04 00:00:00+05:30,39.85,40.25,39.05,39.75,2029332
2008-03-05 00:00:00+05:30,40.7,41.65,39.55,41.4,2896352
2008-03-07 00:00:00+05:30,40.4,40.6,38.65,39.5,3946944
2008-03-10 00:00:00+05:30,38.55,41.45,37.75,38.1,3767920
2008-03-11 00:00:00+05:30,38.0,38.05,36.9,37.25,7076500
2008-03-12 00:00:00+05:30,39.7,39.7,36.75,36.95,4645340
2008-03-13 00:00:00+05:30,36.05,36.45,34.1,34.65,5750864
2008-03-14 00:00:00+05:30,34.65,35.95,34.3,35.0,6526832
2008-03-17 00:00:00+05:30,34.9,35.55,33.0,33.55,8173024
2008-03-18 00:00:00+05:30,33.65,35.35,33.45,34.0,10221640
2008-03-19 00:00:00+05:30,35.1,36.9,35.1,35.85,8059012
2008-03-24 00:00:00+05:30,35.55,38.25,35.25,37.75,5576432
2008-03-25 00:00:00+05:30,38.45,41.6,38.45,41.3,6627172
2008-03-26 00:00:00+05:30,41.3,42.05,39.85,40.6,7127000
2008-03-27 00:00:00+05:30,40.25,41.2,39.95,40.65,9144732
2008-03-28 00:00:00+05:30,40.8,43.55,40.45,42.95,6504684
2008-03-31 00:00:00+05:30,42.6,42.6,38.95,40.9,6074160
2008-04-01 00:00:00+05:30,40.7,41.65,38.0,38.8,11454680
2008-04-02 00:00:00+05:30,39.7,41.2,38.9,39.35,4878120
2008-04-03 00:00:00+05:30,39.5,41.85,39.5,41.35,7046464
2008-04-04 00:00:00+05:30,41.3,41.5,39.05,39.3,4285244
2008-04-07 00:00:00+05:30,39.55,41.75,39.55,41.2,6411672
2008-04-08 00:00:00+05:30,40.7,41.1,38.95,39.2,5251180
2008-04-09 00:00:00+05:30,39.35,39.5,38.45,38.95,3776280
2008-04-10 00:00:00+05:30,39.7,39.7,38.35,38.55,4562064
2008-04-11 00:00:00+05:30,38.85,39.3,38.05,38.4,5507384
2008-04-15 00:00:00+05:30,38.85,41.6,38.15,40.15,13352752
2008-04-16 00:00:00+05:30,41.0,42.85,40.7,42.4,9005612
2008-04-17 00:00:00+05:30,43.1,44.05,41.5,43.5,13023180
2008-04-21 00:00:00+05:30,45.05,45.5,42.85,43.1,10995484
2008-04-22 00:00:00+05:30,42.65,42.85,40.2,40.85,10122060
2008-04-23 00:00:00+05:30,40.7,42.25,40.3,41.95,6451684
2008-04-24 00:00:00+05:30,43.5,43.5,41.85,42.6,7761340
2008-04-25 00:00:00+05:30,42.55,44.55,42.15,44.15,7633880
2008-04-28 00:00:00+05:30,43.75,44.55,42.65,43.4,3419664
2008-04-29 00:00:00+05:30,43.45,45.55,43.3,45.4,9377100
2008-04-30 00:00:00+05:30,45.4,46.65,44.75,46.3,7736880
2008-05-02 00:00:00+05:30,46.4,48.15,46.4,47.6,13035000
2008-05-05 00:00:00+05:30,47.9,47.9,46.15,46.45,6731472
2008-05-06 00:00:00+05:30,46.45,47.8,45.05,47.15,7340764
2008-05-07 00:00:00+05:30,47.3,48.3,46.9,47.25,11731064
2008-05-08 00:00:00+05:30,46.9,47.35,45.35,47.1,14107484
2008-05-09 00:00:00+05:30,47.4,47.8,46.05,47.45,13141224
2008-05-12 00:00:00+05:30,47.8,48.3,46.0,47.8,18135724
2008-05-13 00:00:00+05:30,48.3,48.3,46.45,46.7,7200252
2008-05-14 00:00:00+05:30,46.5,48.0,46.5,47.65,10229412
2008-05-15 00:00:00+05:30,47.1,48.9,47.1,48.35,10246412
2008-05-16 00:00:00+05:30,48.4,48.8,47.8,47.9,5801772
2008-05-20 00:00:00+05:30,47.4,47.8,46.65,47.1,5135560
2008-05-21 00:00:00+05:30,46.9,47.55,46.45,46.95,3553704
2008-05-22 00:00:00+05:30,46.4,47.1,46.05,46.3,4743200
2008-05-23 00:00:00+05:30,46.8,46.8,45.4,45.55,3215260
2008-05-26 00:00:00+05:30,45.15,46.2,44.55,45.4,5789764
2008-05-27 00:00:00+05:30,45.65,47.15,45.35,46.5,9062440
2008-05-28 00:00:00+05:30,46.8,48.55,46.45,48.05,16663192
2008-05-29 00:00:00+05:30,48.0,49.3,47.65,48.45,13613672
2008-05-30 00:00:00+05:30,48.4,48.75,47.45,48.25,5604200
2008-06-02 00:00:00+05:30,48.25,49.3,46.6,47.3,6508020
2008-06-03 00:00:00+05:30,46.65,48.1,45.55,47.8,5209752
2008-06-04 00:00:00+05:30,46.55,48.05,46.4,47.1,5041620
2008-06-05 00:00:00+05:30,46.9,50.35,46.25,50.15,9942812
2008-06-06 00:00:00+05:30,50.4,50.65,47.4,47.85,5594132
2008-06-09 00:00:00+05:30,47.3,47.3,45.0,45.5,7069024
2008-06-10 00:00:00+05:30,45.55,45.9,43.85,45.15,5993700
2008-06-11 00:00:00+05:30,45.5,45.65,44.6,45.15,5941560
2008-06-12 00:00:00+05:30,44.85,46.15,43.95,45.65,5016960
2008-06-13 00:00:00+05:30,45.35,46.3,44.75,45.35,7014740
2008-06-16 00:00:00+05:30,46.05,46.5,45.55,46.15,2323984
2008-06-17 00:00:00+05:30,46.1,47.3,45.5,46.85,4465472
2008-06-18 00:00:00+05:30,47.2,47.2,45.65,46.0,3154880
2008-06-19 00:00:00+05:30,44.55,46.9,44.55,46.5,4000432
2008-06-20 00:00:00+05:30,46.4,46.9,44.55,44.9,2304324
2008-06-23 00:00:00+05:30,44.55,46.05,43.9,45.4,3900064
2008-06-24 00:00:00+05:30,45.5,46.1,44.55,44.55,4470044
2008-06-25 00:00:00+05:30,43.65,44.15,42.55,43.0,5269612
2008-06-26 00:00:00+05:30,43.85,46.85,42.95,45.7,10965692
2008-06-27 00:00:00+05:30,43.5,43.5,40.8,41.75,6550480
2008-06-30 00:00:00+05:30,42.25,43.0,41.0,41.65,3229132
2008-07-01 00:00:00+05:30,41.5,42.55,38.85,39.3,4505172
2008-07-02 00:00:00+05:30,39.65,42.55,39.3,41.5,6767504
2008-07-03 00:00:00+05:30,41.1,41.4,40.15,40.75,5397612
2008-07-04 00:00:00+05:30,40.7,41.55,40.3,40.5,2784772
2008-07-07 00:00:00+05:30,40.8,42.3,40.8,41.95,2393832
2008-07-08 00:00:00+05:30,40.75,41.3,39.25,39.85,4654644
2008-07-09 00:00:00+05:30,40.7,41.6,39.65,41.15,11044020
2008-07-10 00:00:00+05:30,41.1,42.05,40.35,40.85,8617132
2008-07-11 00:00:00+05:30,41.25,42.05,38.75,39.05,9264152
2008-07-14 00:00:00+05:30,39.05,39.35,37.65,38.15,5455184
2008-07-15 00:00:00+05:30,37.9,38.85,35.25,35.85,10222104
2008-07-16 00:00:00+05:30,36.0,36.5,34.65,35.1,6008772
2008-07-17 00:00:00+05:30,35.8,36.95,35.15,36.0,9963712
2008-07-18 00:00:00+05:30,36.15,36.95,33.75,34.7,15943820
2008-07-21 00:00:00+05:30,34.7,36.05,31.8,35.4,12384720
2008-07-22 00:00:00+05:30,35.55,37.75,35.25,37.45,8530292
2008-07-23 00:00:00+05:30,37.45,39.25,37.05,38.6,10312500
2008-07-24 00:00:00+05:30,38.85,39.15,36.2,38.6,9792392
2008-07-25 00:00:00+05:30,38.35,39.8,37.55,38.55,7044620
2008-07-28 00:00:00+05:30,38.35,39.25,38.05,38.6,4337660
2008-07-29 00:00:00+05:30,31.5,38.45,31.5,38.1,2824140
2008-07-30 00:00:00+05:30,37.45,40.25,36.65,40.05,4756444
2008-07-31 00:00:00+05:30,40.15,42.0,38.65,39.4,17263772
2008-08-01 00:00:00+05:30,38.85,41.25,38.55,41.1,6075024
2008-08-04 00:00:00+05:30,41.1,42.05,40.25,40.85,4259424
2008-08-05 00:00:00+05:30,40.7,42.65,40.0,42.4,9796852
2008-08-06 00:00:00+05:30,42.05,44.05,42.05,42.95,8845500
2008-08-07 00:00:00+05:30,43.15,43.65,42.25,42.6,8041864
2008-08-08 00:00:00+05:30,42.15,43.1,41.2,41.5,3396992
2008-08-11 00:00:00+05:30,42.65,42.65,40.85,41.95,4483452
2008-08-12 00:00:00+05:30,41.95,42.75,40.65,41.05,4512044
2008-08-13 00:00:00+05:30,40.25,41.5,40.25,41.0,4111820
2008-08-14 00:00:00+05:30,41.2,41.95,40.4,40.65,7757244
2008-08-18 00:00:00+05:30,40.35,41.65,40.3,40.9,4618112
2008-08-19 00:00:00+05:30,40.8,41.2,39.7,40.95,2936904
2008-08-20 00:00:00+05:30,40.95,41.5,40.6,41.1,3522780
2008-08-21 00:00:00+05:30,40.7,41.3,39.65,39.9,5982272
2008-08-22 00:00:00+05:30,39.35,40.45,38.95,39.7,3973680
2008-08-25 00:00:00+05:30,40.15,41.65,39.65,39.8,1949292
2008-08-26 00:00:00+05:30,39.8,40.7,39.65,40.65,2430144
2008-08-27 00:00:00+05:30,40.7,41.1,40.2,40.4,2711452
2008-08-28 00:00:00+05:30,40.45,40.9,38.7,39.25,12525672
2008-08-29 00:00:00+05:30,39.35,41.1,39.35,40.95,2437312
2008-09-01 00:00:00+05:30,40.7,41.65,40.15,41.1,3543392
2008-09-02 00:00:00+05:30,41.1,43.4,41.1,42.75,5788712
2008-09-04 00:00:00+05:30,42.2,42.65,41.7,42.45,4095992
2008-09-05 00:00:00+05:30,42.15,42.15,40.05,40.25,4798700
2008-09-08 00:00:00+05:30,41.05,42.45,40.85,41.1,9315420
2008-09-09 00:00:00+05:30,41.1,41.75,40.45,41.25,4267740
2008-09-10 00:00:00+05:30,41.2,41.95,40.6,40.9,6796152
2008-09-11 00:00:00+05:30,40.9,40.9,40.15,40.45,4819600
2008-09-12 00:00:00+05:30,40.5,40.55,39.3,39.75,8001204
2008-09-15 00:00:00+05:30,38.0,39.75,36.15,38.25,7320844
2008-09-16 00:00:00+05:30,35.1,37.8,35.1,37.1,7072264
2008-09-17 00:00:00+05:30,37.9,38.15,36.7,37.9,5866520
2008-09-18 00:00:00+05:30,37.05,38.95,35.9,37.7,9168340
2008-09-19 00:00:00+05:30,38.35,40.6,38.35,39.5,13441204
2008-09-22 00:00:00+05:30,42.4,42.4,38.85,39.3,6022344
2008-09-23 00:00:00+05:30,37.9,38.35,36.65,36.9,8259540
2008-09-24 00:00:00+05:30,35.35,37.35,34.6,35.1,17085404
2008-09-25 00:00:00+05:30,35.6,35.6,33.0,33.35,31410792
2008-09-26 00:00:00+05:30,33.1,33.9,32.3,32.6,11264880
2008-09-29 00:00:00+05:30,34.6,34.6,31.25,32.5,10181644
2008-09-30 00:00:00+05:30,32.1,33.55,30.3,32.2,9669640
2008-10-01 00:00:00+05:30,30.5,33.3,30.5,33.1,5023112
2008-10-03 00:00:00+05:30,34.5,34.5,31.95,32.35,3076764
2008-10-06 00:00:00+05:30,33.1,33.1,29.7,30.15,8659192
2008-10-07 00:00:00+05:30,31.25,31.3,28.0,29.2,16001360
2008-10-08 00:00:00+05:30,28.8,28.8,25.2,26.75,23773040
2008-10-10 00:00:00+05:30,26.1,26.4,22.95,24.95,20786652
2008-10-13 00:00:00+05:30,25.4,27.2,25.0,26.9,15390140
2008-10-14 00:00:00+05:30,29.0,30.4,27.3,27.65,15991460
2008-10-15 00:00:00+05:30,26.5,27.95,25.7,26.15,10823360
2008-10-16 00:00:00+05:30,25.5,26.95,22.65,26.35,8607660
2008-10-17 00:00:00+05:30,26.5,27.5,24.1,24.35,6865320
2008-10-20 00:00:00+05:30,24.6,27.5,24.6,26.7,13100792
2008-10-21 00:00:00+05:30,27.5,28.4,26.75,28.1,12588212
2008-10-22 00:00:00+05:30,27.5,28.1,25.9,26.45,9194140
2008-10-23 00:00:00+05:30,25.5,28.4,24.5,25.8,14170944
2008-10-24 00:00:00+05:30,25.2,25.85,20.9,22.25,10397820
2008-10-27 00:00:00+05:30,21.55,22.2,17.1,20.8,23907600
2008-10-28 00:00:00+05:30,21.5,23.0,20.85,22.65,1444144
2008-10-29 00:00:00+05:30,23.9,25.1,21.55,24.35,28782832
2008-10-31 00:00:00+05:30,24.75,27.8,24.75,25.8,19682064
2008-11-03 00:00:00+05:30,26.9,27.1,25.15,26.15,8813184
2008-11-04 00:00:00+05:30,26.3,26.5,23.7,24.9,21293152
2008-11-05 00:00:00+05:30,25.05,26.25,24.35,25.75,15318624
2008-11-06 00:00:00+05:30,25.1,26.0,22.95,24.0,12047884
2008-11-07 00:00:00+05:30,24.15,25.1,22.75,24.6,11307440
2008-11-10 00:00:00+05:30,25.4,25.95,24.85,25.55,7060004
2008-11-11 00:00:00+05:30,24.9,26.15,23.1,23.5,10788520
2008-11-12 00:00:00+05:30,23.4,24.8,22.65,23.45,12611364
2008-11-14 00:00:00+05:30,24.2,24.55,22.0,22.85,14195004
2008-11-17 00:00:00+05:30,23.2,24.15,21.8,23.9,10947380
2008-11-18 00:00:00+05:30,23.3,23.6,21.6,21.8,12804192
2008-11-19 00:00:00+05:30,22.55,22.55,20.85,21.05,9756020
2008-11-20 00:00:00+05:30,20.75,21.15,19.6,20.75,9416580
2008-11-21 00:00:00+05:30,20.4,22.25,20.2,21.75,12894220
2008-11-24 00:00:00+05:30,21.8,22.45,21.0,22.2,11249092
2008-11-25 00:00:00+05:30,22.75,24.15,21.3,21.65,11915680
2008-11-26 00:00:00+05:30,21.6,23.2,21.6,22.8,12899032
2008-11-28 00:00:00+05:30,21.3,23.95,21.3,23.0,21362440
2008-12-01 00:00:00+05:30,22.3,23.7,21.7,22.15,12540020
2008-12-02 00:00:00+05:30,20.85,22.25,20.4,22.1,9590880
2008-12-03 00:00:00+05:30,22.15,22.5,20.6,21.05,13204560
2008-12-04 00:00:00+05:30,21.3,22.25,21.0,22.05,7565592
2008-12-05 00:00:00+05:30,22.05,22.15,21.2,21.55,8087724
2008-12-08 00:00:00+05:30,22.25,23.25,22.05,22.6,11287904
2008-12-10 00:00:00+05:30,23.05,25.0,22.65,24.75,11355580
2008-12-11 00:00:00+05:30,25.1,25.1,23.2,23.65,8263412
2008-12-12 00:00:00+05:30,23.15,23.15,21.9,22.55,9357812
2008-12-15 00:00:00+05:30,22.95,24.4,21.95,22.2,12465792
2008-12-16 00:00:00+05:30,22.1,22.8,21.8,22.7,6764072
2008-12-17 00:00:00+05:30,23.25,23.6,22.2,23.15,9092980
2008-12-18 00:00:00+05:30,23.4,24.45,23.05,23.65,13285960
2008-12-19 00:00:00+05:30,23.7,24.35,23.25,23.6,12509884
2008-12-22 00:00:00+05:30,23.7,24.0,22.95,23.35,7353044
2008-12-23 00:00:00+05:30,23.25,23.45,22.8,23.05,7726440
2008-12-24 00:00:00+05:30,23.3,24.15,21.55,22.05,23717400
2008-12-26 00:00:00+05:30,22.05,22.35,21.3,21.45,8171904
2008-12-29 00:00:00+05:30,21.7,21.8,20.3,21.5,8455392
2008-12-30 00:00:00+05:30,21.85,22.5,21.3,22.35,7717660
2008-12-31 00:00:00+05:30,22.55,22.7,21.9,22.15,6251064
2009-01-01 00:00:00+05:30,22.15,23.8,22.15,23.5,5560600
2009-01-02 00:00:00+05:30,23.5,24.05,22.8,23.1,8675792
2009-01-05 00:00:00+05:30,23.4,23.75,22.9,23.3,8738212
2009-01-06 00:00:00+05:30,23.6,23.6,22.45,23.0,8550192
2009-01-07 00:00:00+05:30,23.4,23.7,21.65,23.2,14263704
2009-01-09 00:00:00+05:30,23.0,24.2,21.8,23.75,16269324
2009-01-12 00:00:00+05:30,23.25,23.25,21.0,21.55,26791712
2009-01-13 00:00:00+05:30,21.0,23.2,19.0,22.75,76035264
2009-01-14 00:00:00+05:30,23.25,24.05,22.55,23.1,27067184
2009-01-15 00:00:00+05:30,22.25,22.7,20.55,22.25,23101620
2009-01-16 00:00:00+05:30,22.65,23.05,21.7,22.55,11121300
2009-01-19 00:00:00+05:30,22.8,22.8,21.65,21.95,12345984
2009-01-20 00:00:00+05:30,21.7,22.1,21.2,21.6,8026812
2009-01-21 00:00:00+05:30,21.3,21.3,20.2,20.85,20850860
2009-01-22 00:00:00+05:30,21.0,21.65,20.25,20.65,12556412
2009-01-23 00:00:00+05:30,20.35,20.65,19.75,20.25,8003124
2009-01-27 00:00:00+05:30,20.45,21.65,20.4,21.4,9867472
2009-01-28 00:00:00+05:30,21.6,22.6,21.6,22.2,9084172
2009-01-29 00:00:00+05:30,22.25,22.25,20.9,21.5,13244520
2009-01-30 00:00:00+05:30,21.5,22.25,20.9,21.95,11646904
2009-02-02 00:00:00+05:30,21.7,21.7,20.55,20.85,6226052
2009-02-03 00:00:00+05:30,21.8,21.8,20.7,21.25,7268380
2009-02-04 00:00:00+05:30,21.45,22.0,21.0,21.2,5409320
2009-02-05 00:00:00+05:30,21.4,21.5,20.5,20.85,4904452
2009-02-06 00:00:00+05:30,20.9,21.55,20.9,21.2,7016524
2009-02-09 00:00:00+05:30,21.35,21.75,20.7,21.4,9372180
2009-02-10 00:00:00+05:30,21.5,21.8,21.05,21.4,6889040
2009-02-11 00:00:00+05:30,21.0,21.3,20.9,21.0,5520000
2009-02-12 00:00:00+05:30,21.0,21.2,20.7,21.05,4062224
2009-02-13 00:00:00+05:30,21.05,21.5,20.9,21.2,6635604
2009-02-16 00:00:00+05:30,21.0,21.25,20.35,20.45,4159652
2009-02-17 00:00:00+05:30,20.3,20.35,19.6,19.9,5391272
2009-02-18 00:00:00+05:30,19.65,20.2,19.5,19.85,3810260
2009-02-19 00:00:00+05:30,19.8,21.0,19.5,20.85,14007684
2009-02-20 00:00:00+05:30,20.6,20.8,19.9,20.4,7956280
2009-02-24 00:00:00+05:30,20.2,20.35,19.85,20.2,4870120
2009-02-25 00:00:00+05:30,20.35,20.75,20.1,20.6,7189252
2009-02-26 00:00:00+05:30,20.35,20.85,20.1,20.35,11762352
2009-02-27 00:00:00+05:30,20.35,20.45,19.3,19.65,14443332
2009-03-02 00:00:00+05:30,19.35,19.4,18.6,19.25,9222400
2009-03-03 00:00:00+05:30,19.05,19.5,18.85,19.0,8227944
2009-03-04 00:00:00+05:30,19.1,19.6,18.95,19.5,5398204
2009-03-05 00:00:00+05:30,19.7,19.7,19.35,19.6,6905760
2009-03-06 00:00:00+05:30,19.4,20.4,19.2,20.25,8510012
2009-03-09 00:00:00+05:30,19.9,20.1,19.35,19.55,4077624
2009-03-12 00:00:00+05:30,20.45,20.45,19.65,20.1,8900100
2009-03-13 00:00:00+05:30,20.35,21.4,20.3,21.3,15803472
2009-03-16 00:00:00+05:30,21.3,21.7,20.85,21.65,9058804
2009-03-17 00:00:00+05:30,21.65,21.75,20.9,21.6,8041064
2009-03-18 00:00:00+05:30,21.9,22.55,21.55,21.85,7474064
2009-03-19 00:00:00+05:30,22.05,22.3,21.65,22.05,8098520
2009-03-20 00:00:00+05:30,21.9,22.2,21.55,21.9,8166720
2009-03-23 00:00:00+05:30,22.1,22.85,22.05,22.65,8104760
2009-03-24 00:00:00+05:30,23.0,23.6,22.65,23.05,13196272
2009-03-25 00:00:00+05:30,22.9,23.6,22.7,23.0,9917020
2009-03-26 00:00:00+05:30,23.0,25.0,22.95,24.2,17779260
2009-03-27 00:00:00+05:30,24.2,24.6,23.3,24.0,8791860
2009-03-30 00:00:00+05:30,23.5,23.65,22.45,22.85,8568340
2009-03-31 00:00:00+05:30,22.35,23.4,22.35,23.3,5260392
2009-04-01 00:00:00+05:30,23.3,24.15,22.75,23.9,5126684
2009-04-02 00:00:00+05:30,24.2,25.8,24.2,25.6,9498712
2009-04-06 00:00:00+05:30,25.75,26.4,24.85,25.55,10143840
2009-04-08 00:00:00+05:30,24.75,27.45,24.4,26.75,20678332
2009-04-09 00:00:00+05:30,27.0,27.35,25.75,26.0,13228664
2009-04-13 00:00:00+05:30,26.3,26.5,24.65,25.5,13754904
2009-04-15 00:00:00+05:30,24.6,25.75,23.7,25.5,20577212
2009-04-16 00:00:00+05:30,25.6,26.9,24.9,26.25,15461112
2009-04-17 00:00:00+05:30,26.5,27.7,25.65,26.05,17290872
2009-04-20 00:00:00+05:30,26.05,26.8,25.45,25.95,7492112
2009-04-21 00:00:00+05:30,25.6,26.7,25.2,26.0,5895084
2009-04-22 00:00:00+05:30,28.5,28.5,25.85,26.6,24542380
2009-04-23 00:00:00+05:30,26.7,30.25,26.7,29.65,32593152
2009-04-24 00:00:00+05:30,29.85,30.05,28.5,29.6,15833640
2009-04-27 00:00:00+05:30,29.35,31.15,28.85,30.85,14776824
2009-04-28 00:00:00+05:30,31.25,31.25,29.65,29.9,10609752
2009-04-29 00:00:00+05:30,30.0,31.6,30.0,31.35,12659112
2009-05-04 00:00:00+05:30,31.3,34.95,31.3,34.65,14960784
2009-05-05 00:00:00+05:30,35.45,35.45,33.5,35.0,13185212
2009-05-06 00:00:00+05:30,35.1,35.45,33.55,34.0,19571840
2009-05-07 00:00:00+05:30,34.1,36.45,33.45,36.1,18676200
2009-05-08 00:00:00+05:30,36.15,36.3,33.4,33.65,18394020
2009-05-11 00:00:00+05:30,33.85,34.1,32.2,33.1,8218132
2009-05-12 00:00:00+05:30,33.0,35.85,32.7,35.5,15416052
2009-05-13 00:00:00+05:30,35.35,37.15,34.6,35.5,15129440
2009-05-14 00:00:00+05:30,34.1,35.25,33.75,34.4,9762820
2009-05-15 00:00:00+05:30,35.1,36.35,34.7,35.75,9514504
2009-05-18 00:00:00+05:30,37.9,43.55,37.9,39.5,266924
2009-05-19 00:00:00+05:30,39.9,41.6,36.0,36.5,32217772
2009-05-20 00:00:00+05:30,36.95,37.95,35.6,37.6,16462280
2009-05-21 00:00:00+05:30,37.25,37.5,35.4,35.6,7023400
2009-05-22 00:00:00+05:30,35.6,35.6,34.4,35.0,7153184
2009-05-25 00:00:00+05:30,35.1,35.5,33.7,34.75,6987592
2009-05-26 00:00:00+05:30,34.85,35.95,34.8,35.45,7918844
2009-05-27 00:00:00+05:30,36.7,36.7,35.15,35.9,9068092
2009-05-28 00:00:00+05:30,35.85,36.65,34.3,35.0,23473372
2009-05-29 00:00:00+05:30,35.65,36.45,35.15,36.2,8563080
2009-06-01 00:00:00+05:30,36.45,37.9,36.35,37.8,8400160
2009-06-02 00:00:00+05:30,38.35,38.75,36.8,37.1,10143484
2009-06-03 00:00:00+05:30,37.45,37.8,36.8,37.55,5438540
2009-06-04 00:00:00+05:30,37.35,37.7,36.6,37.0,6097792
2009-06-05 00:00:00+05:30,37.4,38.0,36.6,37.3,9049204
2009-06-08 00:00:00+05:30,37.7,39.0,37.35,38.4,11674660
2009-06-09 00:00:00+05:30,38.0,41.2,37.65,40.15,14868740
2009-06-10 00:00:00+05:30,40.25,43.1,40.15,40.95,20685792
2009-06-11 00:00:00+05:30,40.7,40.9,39.5,40.15,8109932
2009-06-12 00:00:00+05:30,40.25,40.6,38.35,38.85,5930040
2009-06-15 00:00:00+05:30,39.05,39.75,37.25,38.05,10844740
2009-06-16 00:00:00+05:30,36.95,38.0,36.7,37.6,10276144
2009-06-17 00:00:00+05:30,37.65,37.65,35.6,36.0,11029292
2009-06-18 00:00:00+05:30,34.75,37.05,34.75,35.7,11095340
2009-06-19 00:00:00+05:30,35.95,36.4,35.55,36.0,9301244
2009-06-22 00:00:00+05:30,36.15,36.95,35.5,35.9,11933892
2009-06-23 00:00:00+05:30,35.2,36.15,35.2,35.75,12225564
2009-06-24 00:00:00+05:30,36.0,37.25,35.1,36.1,10976560
2009-06-25 00:00:00+05:30,36.45,36.7,34.8,35.5,28858424
2009-06-26 00:00:00+05:30,35.95,36.65,35.45,36.4,8095272
2009-06-29 00:00:00+05:30,36.45,36.45,35.65,35.9,6171772
2009-06-30 00:00:00+05:30,35.95,36.5,35.5,35.8,5747832
2009-07-01 00:00:00+05:30,35.8,36.4,35.2,35.9,9298784
2009-07-02 00:00:00+05:30,36.0,36.45,35.4,36.15,6709152
2009-07-03 00:00:00+05:30,36.15,36.65,35.65,36.5,8394604
2009-07-06 00:00:00+05:30,36.65,37.35,34.9,35.3,6732332
2009-07-07 00:00:00+05:30,35.1,36.4,35.1,35.85,6862272
2009-07-08 00:00:00+05:30,35.55,36.05,34.6,35.6,6339964
2009-07-09 00:00:00+05:30,35.6,36.15,34.7,35.4,4475764
2009-07-10 00:00:00+05:30,35.6,37.25,35.6,36.45,18069564
2009-07-13 00:00:00+05:30,36.45,37.4,36.0,36.85,7623072
2009-07-14 00:00:00+05:30,37.15,38.5,36.9,37.95,7125592
2009-07-15 00:00:00+05:30,38.55,39.3,38.15,39.15,7823912
2009-07-16 00:00:00+05:30,39.5,40.35,39.35,39.5,8729312
2009-07-17 00:00:00+05:30,39.7,41.4,39.7,40.65,9148224
2009-07-20 00:00:00+05:30,40.85,45.9,40.85,43.55,27613324
2009-07-21 00:00:00+05:30,44.05,44.6,43.1,43.45,13063424
2009-07-22 00:00:00+05:30,43.6,45.4,42.3,42.75,24016864
2009-07-23 00:00:00+05:30,43.3,43.7,42.7,43.25,8555160
2009-07-24 00:00:00+05:30,43.1,43.8,42.35,43.6,4436592
2009-07-27 00:00:00+05:30,43.85,44.4,43.3,43.55,4108540
2009-07-28 00:00:00+05:30,43.65,44.4,42.75,43.95,8190552
2009-07-29 00:00:00+05:30,43.3,44.65,43.1,44.25,6187852
2009-07-30 00:00:00+05:30,43.75,47.0,43.75,46.15,18666720
2009-07-31 00:00:00+05:30,46.45,47.0,45.55,46.45,6888780
2009-08-03 00:00:00+05:30,46.9,46.9,45.85,46.5,4809792
2009-08-04 00:00:00+05:30,47.15,47.35,45.2,45.65,5058912
2009-08-05 00:00:00+05:30,45.65,47.8,45.55,47.2,8884952
2009-08-06 00:00:00+05:30,47.4,48.4,46.65,47.25,15978720
2009-08-07 00:00:00+05:30,46.9,48.3,46.55,47.4,12900884
2009-08-10 00:00:00+05:30,47.65,49.5,47.2,48.6,15460772
2009-08-11 00:00:00+05:30,48.3,49.45,47.45,48.2,8592100
2009-08-12 00:00:00+05:30,47.8,48.1,46.05,47.9,6308484
2009-08-13 00:00:00+05:30,48.1,49.15,48.0,48.95,5821072
2009-08-14 00:00:00+05:30,48.8,49.0,47.45,48.45,4134464
2009-08-17 00:00:00+05:30,47.8,48.45,46.75,47.1,5735484
2009-08-18 00:00:00+05:30,46.6,48.3,46.6,47.45,4992820
2009-08-19 00:00:00+05:30,47.3,47.95,46.05,46.9,5866104
2009-08-20 00:00:00+05:30,47.4,48.35,47.1,47.8,4220004
2009-08-21 00:00:00+05:30,47.65,48.9,47.15,48.6,5582384
2009-08-24 00:00:00+05:30,49.1,49.95,48.8,49.65,5159080
2009-08-25 00:00:00+05:30,49.45,52.0,49.4,51.5,13614244
2009-08-26 00:00:00+05:30,51.3,53.6,51.3,52.75,11524592
2009-08-27 00:00:00+05:30,53.05,54.3,52.25,53.85,20073792
2009-08-28 00:00:00+05:30,54.0,54.55,52.7,53.5,4996944
2009-08-31 00:00:00+05:30,52.85,52.85,51.9,52.1,3972272
2009-09-01 00:00:00+05:30,52.2,53.35,52.1,52.95,6962884
2009-09-02 00:00:00+05:30,52.6,53.5,52.35,52.55,5412704
2009-09-03 00:00:00+05:30,52.6,53.05,51.55,52.25,6488664
2009-09-04 00:00:00+05:30,52.35,52.7,51.8,52.35,5867820
2009-09-07 00:00:00+05:30,52.7,53.3,52.3,52.55,11540180
2009-09-08 00:00:00+05:30,52.75,53.05,52.05,52.2,5305024
2009-09-09 00:00:00+05:30,52.25,52.6,51.0,51.4,6658080
2009-09-10 00:00:00+05:30,51.7,52.3,51.1,51.45,6248232
2009-09-11 00:00:00+05:30,51.65,52.85,51.65,52.2,9402432
2009-09-14 00:00:00+05:30,52.1,53.3,51.9,52.8,6858964
2009-09-15 00:00:00+05:30,53.05,53.85,52.75,53.0,5790240
2009-09-16 00:00:00+05:30,53.45,53.45,52.3,52.6,5943884
2009-09-17 00:00:00+05:30,52.75,54.55,52.75,53.6,11721724
2009-09-18 00:00:00+05:30,53.35,54.25,53.25,53.9,7770960
2009-09-22 00:00:00+05:30,54.2,54.95,53.55,54.7,4979060
2009-09-23 00:00:00+05:30,54.55,55.2,53.25,53.7,6976100
2009-09-24 00:00:00+05:30,53.05,55.4,52.35,55.05,11603460
2009-09-25 00:00:00+05:30,55.05,55.3,53.35,53.65,6249584
2009-09-29 00:00:00+05:30,54.2,55.8,53.95,55.2,9606272
2009-09-30 00:00:00+05:30,55.2,57.4,55.2,57.1,17857680
2009-10-01 00:00:00+05:30,57.2,58.25,56.1,57.6,12111520
2009-10-05 00:00:00+05:30,56.85,58.35,56.85,57.65,8266104
2009-10-06 00:00:00+05:30,57.95,58.7,55.95,56.8,9973360
2009-10-07 00:00:00+05:30,56.85,57.3,54.1,54.2,9981292
2009-10-08 00:00:00+05:30,54.8,55.0,53.15,53.5,9698544
2009-10-09 00:00:00+05:30,54.3,54.65,51.9,52.25,18293940
2009-10-12 00:00:00+05:30,52.7,54.6,52.45,54.35,7251124
2009-10-14 00:00:00+05:30,54.5,55.7,54.5,55.15,6506492
2009-10-15 00:00:00+05:30,55.4,55.7,53.6,54.5,5099512
2009-10-16 00:00:00+05:30,54.7,55.35,54.0,54.25,7019624
2009-10-20 00:00:00+05:30,55.05,56.6,54.7,55.3,7365932
2009-10-21 00:00:00+05:30,55.4,56.8,55.4,55.55,7612364
2009-10-22 00:00:00+05:30,55.7,56.35,54.2,54.7,6791772
2009-10-23 00:00:00+05:30,55.6,56.3,55.0,55.75,6127984
2009-10-26 00:00:00+05:30,55.9,56.95,55.8,56.0,7192304
2009-10-27 00:00:00+05:30,57.55,58.55,56.4,57.35,20335204
2009-10-28 00:00:00+05:30,58.0,59.65,57.15,59.25,14114540
2009-10-29 00:00:00+05:30,58.5,59.9,58.15,59.15,13244392
2009-10-30 00:00:00+05:30,59.9,60.55,56.4,57.4,17148580
2009-11-03 00:00:00+05:30,57.15,57.75,54.5,55.1,10244304
2009-11-04 00:00:00+05:30,55.2,57.4,55.15,56.65,6838004
2009-11-05 00:00:00+05:30,56.55,57.2,54.8,56.85,5983980
2009-11-06 00:00:00+05:30,57.3,57.95,56.4,56.7,6866564
2009-11-09 00:00:00+05:30,56.85,57.35,56.4,57.15,4460184
2009-11-10 00:00:00+05:30,57.65,57.9,55.9,56.25,7196692
2009-11-11 00:00:00+05:30,56.65,58.7,56.5,58.4,7938800
2009-11-12 00:00:00+05:30,58.45,59.75,58.3,59.15,12854544
2009-11-13 00:00:00+05:30,59.4,60.2,58.85,60.0,5347352
2009-11-16 00:00:00+05:30,59.7,60.85,59.3,60.4,4806224
2009-11-17 00:00:00+05:30,60.4,61.55,60.15,60.9,8054784
2009-11-18 00:00:00+05:30,60.75,62.5,60.75,61.05,9120804
2009-11-19 00:00:00+05:30,61.0,62.0,60.65,61.2,7249964
2009-11-20 00:00:00+05:30,60.75,61.85,59.7,61.5,7713664
2009-11-23 00:00:00+05:30,61.2,62.95,61.0,61.05,5363484
2009-11-24 00:00:00+05:30,61.3,62.05,60.95,61.3,4535840
2009-11-25 00:00:00+05:30,60.95,62.05,60.95,61.15,6459772
2009-11-26 00:00:00+05:30,61.3,62.1,59.2,59.6,9183404
2009-11-27 00:00:00+05:30,59.9,60.85,57.75,59.0,8486440
2009-11-30 00:00:00+05:30,59.85,60.55,59.3,59.6,7630140
2009-12-01 00:00:00+05:30,59.8,60.7,59.8,60.45,5697452
2009-12-02 00:00:00+05:30,60.85,60.85,59.7,60.0,5207860
2009-12-03 00:00:00+05:30,60.25,61.55,60.25,60.7,4101584
2009-12-04 00:00:00+05:30,60.6,62.15,60.25,60.4,8563044
2009-12-07 00:00:00+05:30,60.65,61.3,60.1,60.4,4084184
2009-12-08 00:00:00+05:30,60.6,61.65,60.15,61.35,5446492
2009-12-09 00:00:00+05:30,60.95,62.45,60.95,62.05,9075924
2009-12-10 00:00:00+05:30,62.05,62.5,61.15,61.4,4486080
2009-12-11 00:00:00+05:30,61.85,62.4,60.85,61.0,6370724
2009-12-14 00:00:00+05:30,61.15,62.65,61.05,62.4,6912360
2009-12-15 00:00:00+05:30,62.45,62.9,61.95,62.45,8112032
2009-12-16 00:00:00+05:30,62.45,63.95,62.35,63.55,10284464
2009-12-17 00:00:00+05:30,64.05,65.0,63.3,63.6,10754004
2009-12-18 00:00:00+05:30,63.85,65.8,63.55,63.9,19725060
2009-12-21 00:00:00+05:30,64.45,65.55,63.95,64.2,14271052
2009-12-22 00:00:00+05:30,64.45,65.3,63.35,64.3,7346092
2009-12-23 00:00:00+05:30,64.9,65.85,64.35,65.7,9801304
2009-12-24 00:00:00+05:30,65.85,66.3,65.35,65.75,6809320
2009-12-29 00:00:00+05:30,65.85,66.05,64.2,64.55,8652320
2009-12-30 00:00:00+05:30,64.15,65.25,64.15,64.6,5756624
2009-12-31 00:00:00+05:30,64.45,65.2,64.1,64.45,9407520
2010-01-04 00:00:00+05:30,64.9,66.05,64.05,65.7,5114440
2010-01-05 00:00:00+05:30,65.95,67.1,65.7,66.8,7469552
2010-01-06 00:00:00+05:30,66.9,67.25,65.05,65.4,6862544
2010-01-07 00:00:00+05:30,65.85,65.9,63.95,64.25,6873972
2010-01-08 00:00:00+05:30,64.35,64.45,63.05,63.25,4285260
2010-01-11 00:00:00+05:30,63.15,64.55,62.2,62.65,8516832
2010-01-12 00:00:00+05:30,63.65,66.7,63.65,65.7,15592360
2010-01-13 00:00:00+05:30,66.05,68.2,65.2,67.75,16925384
2010-01-14 00:00:00+05:30,68.2,71.3,67.1,70.2,29220292
2010-01-15 00:00:00+05:30,68.5,70.7,68.4,69.75,22016632
2010-01-18 00:00:00+05:30,69.65,71.15,69.15,70.8,11999004
2010-01-19 00:00:00+05:30,71.6,71.6,69.15,70.0,6147840
2010-01-20 00:00:00+05:30,71.05,71.05,68.35,68.8,15629260
2010-01-21 00:00:00+05:30,68.95,70.0,66.9,67.2,12857720
2010-01-22 00:00:00+05:30,66.35,67.7,65.9,66.35,11451240
2010-01-25 00:00:00+05:30,65.85,66.75,64.95,65.85,5989884
2010-01-27 00:00:00+05:30,65.35,65.35,61.6,62.1,12322812
2010-01-28 00:00:00+05:30,63.85,65.2,62.1,63.8,10210592
2010-01-29 00:00:00+05:30,62.95,63.05,59.85,61.35,14736760
2010-02-01 00:00:00+05:30,61.0,63.9,60.0,63.3,8161300
2010-02-02 00:00:00+05:30,65.15,65.75,61.65,61.9,6241464
2010-02-03 00:00:00+05:30,62.1,63.85,61.85,63.6,5131752
2010-02-04 00:00:00+05:30,63.05,63.6,61.65,62.1,4928760
2010-02-05 00:00:00+05:30,60.15,61.95,60.15,61.0,9468792
2010-02-08 00:00:00+05:30,61.0,61.55,59.7,60.25,7112324
2010-02-09 00:00:00+05:30,59.9,62.4,59.9,62.0,6666160
2010-02-10 00:00:00+05:30,62.55,62.9,61.0,61.35,5127592
2010-02-11 00:00:00+05:30,61.9,62.75,61.55,62.15,3193624
2010-02-15 00:00:00+05:30,61.95,63.05,61.95,62.55,4186072
2010-02-16 00:00:00+05:30,62.6,63.5,62.0,63.45,4268380
2010-02-17 00:00:00+05:30,64.45,64.45,62.7,63.6,5543504
2010-02-18 00:00:00+05:30,63.95,64.15,62.9,63.25,3242824
2010-02-19 00:00:00+05:30,62.7,63.7,62.35,63.05,9606004
2010-02-22 00:00:00+05:30,63.15,64.5,63.0,63.25,2959540
2010-02-23 00:00:00+05:30,63.15,64.35,62.6,64.1,3689984
2010-02-24 00:00:00+05:30,64.25,64.55,63.35,63.65,5446240
2010-02-25 00:00:00+05:30,64.15,64.65,62.95,63.4,6404240
2010-02-26 00:00:00+05:30,63.55,65.15,62.95,64.2,4871780
2010-03-02 00:00:00+05:30,63.95,66.65,63.95,66.45,7142940
2010-03-03 00:00:00+05:30,66.8,67.1,65.55,66.2,5647272
2010-03-04 00:00:00+05:30,66.1,66.4,65.3,65.7,6253380
2010-03-05 00:00:00+05:30,65.85,66.45,64.75,65.0,4315340
2010-03-08 00:00:00+05:30,65.05,66.8,65.0,66.1,5522712
2010-03-09 00:00:00+05:30,66.55,67.45,66.35,66.55,4947924
2010-03-10 00:00:00+05:30,66.55,67.05,65.7,65.95,3507244
2010-03-11 00:00:00+05:30,66.55,67.6,66.25,67.2,7513100
2010-03-12 00:00:00+05:30,67.7,67.9,67.0,67.3,6386644
2010-03-15 00:00:00+05:30,67.7,69.25,67.1,69.0,8933424
2010-03-16 00:00:00+05:30,69.25,69.65,68.45,68.9,5180184
2010-03-17 00:00:00+05:30,69.55,70.3,69.15,70.0,4520680
2010-03-18 00:00:00+05:30,70.6,71.05,68.65,69.05,3644224
2010-03-19 00:00:00+05:30,69.35,69.75,68.6,68.8,3548292
2010-03-22 00:00:00+05:30,68.2,69.6,67.7,68.95,3354640
2010-03-23 00:00:00+05:30,68.2,69.65,68.05,68.25,3986920
2010-03-25 00:00:00+05:30,67.7,68.7,67.25,68.15,7034824
2010-03-26 00:00:00+05:30,68.75,69.05,67.45,67.95,4016852
2010-03-29 00:00:00+05:30,68.0,68.5,67.2,67.75,4387100
2010-03-30 00:00:00+05:30,67.25,68.1,65.85,66.5,11053100
2010-03-31 00:00:00+05:30,66.55,67.25,66.25,66.95,11872340
2010-04-01 00:00:00+05:30,67.35,68.75,67.1,68.35,4285932
2010-04-05 00:00:00+05:30,68.5,68.85,67.55,68.45,2601600
2010-04-06 00:00:00+05:30,68.7,68.75,67.3,67.75,3079980
2010-04-07 00:00:00+05:30,68.2,68.2,66.95,67.7,5333780
2010-04-08 00:00:00+05:30,67.7,68.7,67.25,67.9,4185624
2010-04-09 00:00:00+05:30,68.0,68.4,67.1,67.3,6829404
2010-04-12 00:00:00+05:30,67.7,67.7,65.9,66.5,4081800
2010-04-13 00:00:00+05:30,66.55,68.55,66.35,68.2,9647452
2010-04-15 00:00:00+05:30,68.4,69.6,68.05,68.45,8706184
2010-04-16 00:00:00+05:30,68.45,68.75,68.0,68.4,3106900
2010-04-19 00:00:00+05:30,67.9,68.2,66.45,66.75,3113200
2010-04-20 00:00:00+05:30,66.95,67.65,65.55,65.9,6534844
2010-04-21 00:00:00+05:30,66.3,67.05,65.15,66.8,4840772
2010-04-22 00:00:00+05:30,66.6,67.7,66.1,66.75,4122784
2010-04-23 00:00:00+05:30,67.75,69.1,65.35,65.55,32287700
2010-04-26 00:00:00+05:30,65.85,66.75,65.65,66.25,6198624
2010-04-27 00:00:00+05:30,66.8,66.8,65.8,66.15,5897984
2010-04-28 00:00:00+05:30,65.75,65.85,65.05,65.4,11619712
2010-04-29 00:00:00+05:30,65.65,65.65,64.65,65.3,8655752
2010-04-30 00:00:00+05:30,65.85,65.9,63.45,63.6,12402312
2010-05-03 00:00:00+05:30,63.35,64.35,62.55,63.9,6631880
2010-05-04 00:00:00+05:30,64.6,64.6,62.3,62.55,3419060
2010-05-05 00:00:00+05:30,62.05,63.95,61.3,63.6,4610560
2010-05-06 00:00:00+05:30,63.55,64.9,62.05,62.5,4155664
2010-05-07 00:00:00+05:30,61.55,62.05,59.8,60.4,7075232
2010-05-10 00:00:00+05:30,61.45,64.2,60.65,63.7,9167184
2010-05-11 00:00:00+05:30,64.05,64.05,62.3,63.25,4194084
2010-05-12 00:00:00+05:30,63.75,64.8,63.1,64.55,7407020
2010-05-13 00:00:00+05:30,65.15,65.6,63.4,63.8,7422012
2010-05-14 00:00:00+05:30,64.35,64.45,62.45,63.1,4687764
2010-05-17 00:00:00+05:30,61.75,62.55,60.35,61.15,9577180
2010-05-18 00:00:00+05:30,61.15,63.05,60.75,62.55,6773752
2010-05-19 00:00:00+05:30,61.95,62.05,60.55,61.55,7194572
2010-05-20 00:00:00+05:30,61.6,62.8,61.0,62.0,11303132
2010-05-21 00:00:00+05:30,60.8,61.4,59.35,60.8,9145360
2010-05-24 00:00:00+05:30,61.75,62.1,60.3,61.35,4382704
2010-05-25 00:00:00+05:30,61.15,61.15,59.5,60.05,3656424
2010-05-26 00:00:00+05:30,60.45,61.85,60.3,61.6,5008192
2010-05-27 00:00:00+05:30,61.6,62.95,61.0,62.3,8897764
2010-05-28 00:00:00+05:30,62.95,63.05,62.1,62.9,3735412
2010-05-31 00:00:00+05:30,63.05,64.05,62.3,63.4,3758672
2010-06-01 00:00:00+05:30,63.85,63.9,62.05,62.4,2750460
2010-06-02 00:00:00+05:30,62.55,63.0,61.3,61.55,4822344
2010-06-03 00:00:00+05:30,62.15,62.9,61.9,62.15,4044872
2010-06-04 00:00:00+05:30,62.1,62.45,61.7,62.1,1849524
2010-06-07 00:00:00+05:30,58.95,62.55,58.95,61.85,9922400
2010-06-08 00:00:00+05:30,62.05,62.45,60.7,60.85,6185040
2010-06-09 00:00:00+05:30,61.05,61.15,59.4,59.6,8877292
2010-06-10 00:00:00+05:30,59.5,61.1,59.2,60.9,5675220
2010-06-11 00:00:00+05:30,61.55,61.95,61.1,61.3,5809644
2010-06-14 00:00:00+05:30,61.6,64.05,61.3,63.85,9194980
2010-06-15 00:00:00+05:30,66.75,66.75,63.8,64.5,5505340
2010-06-16 00:00:00+05:30,64.85,65.45,63.95,64.6,3125488
2010-06-17 00:00:00+05:30,64.7,65.65,63.65,65.25,3803780
2010-06-18 00:00:00+05:30,65.5,66.65,64.3,64.7,4368580
2010-06-21 00:00:00+05:30,65.0,66.0,64.8,65.6,3312356
2010-06-22 00:00:00+05:30,65.6,65.6,63.05,64.2,3575340
2010-06-23 00:00:00+05:30,64.1,64.6,63.2,63.95,4937436
2010-06-24 00:00:00+05:30,64.0,64.35,62.95,63.5,9972180
2010-06-25 00:00:00+05:30,63.95,63.95,61.1,61.45,7041840
2010-06-28 00:00:00+05:30,61.55,62.7,61.55,62.35,3661744
2010-06-29 00:00:00+05:30,62.4,62.85,61.05,61.5,4103236
2010-06-30 00:00:00+05:30,60.0,61.2,60.0,60.7,5945908
2010-07-01 00:00:00+05:30,60.65,60.65,58.75,59.2,5159812
2010-07-02 00:00:00+05:30,59.4,61.25,58.85,60.9,8206400
2010-07-05 00:00:00+05:30,60.95,61.8,60.6,61.6,2991624
2010-07-06 00:00:00+05:30,61.55,62.9,60.65,62.75,5716768
2010-07-07 00:00:00+05:30,62.85,62.95,61.55,62.1,2807584
2010-07-08 00:00:00+05:30,62.85,63.45,62.25,62.45,3766940
2010-07-09 00:00:00+05:30,62.85,63.55,62.6,63.35,3865952
2010-07-12 00:00:00+05:30,63.6,65.0,63.4,64.75,5006336
2010-07-13 00:00:00+05:30,64.9,65.75,63.15,63.8,8200284
2010-07-14 00:00:00+05:30,63.95,64.6,62.4,63.0,4044460
2010-07-15 00:00:00+05:30,62.85,63.75,62.7,63.45,3244940
2010-07-16 00:00:00+05:30,63.6,64.75,62.85,63.5,4854012
2010-07-19 00:00:00+05:30,63.55,64.1,62.6,63.85,4437936
2010-07-20 00:00:00+05:30,63.95,64.7,63.65,64.45,4302660
2010-07-21 00:00:00+05:30,64.75,65.8,64.5,65.5,4428060
2010-07-22 00:00:00+05:30,65.85,66.3,64.9,65.55,4486324
2010-07-23 00:00:00+05:30,65.85,67.95,64.85,65.1,18174256
2010-07-26 00:00:00+05:30,65.5,66.0,65.0,65.25,4548784
2010-07-27 00:00:00+05:30,65.5,66.25,65.45,66.0,4097804
2010-07-28 00:00:00+05:30,66.15,66.45,65.15,65.45,2052044
2010-07-29 00:00:00+05:30,65.5,66.1,65.05,65.75,3378496
2010-07-30 00:00:00+05:30,65.5,65.85,64.55,65.05,3159184
2010-08-02 00:00:00+05:30,65.5,66.15,64.65,65.3,4168656
2010-08-03 00:00:00+05:30,65.85,66.05,64.9,65.0,1847872
2010-08-04 00:00:00+05:30,65.15,67.95,65.05,67.7,9169404
2010-08-05 00:00:00+05:30,67.65,68.7,67.2,68.1,6661532
2010-08-06 00:00:00+05:30,67.85,69.4,67.8,68.35,7955312
2010-08-09 00:00:00+05:30,68.35,69.25,67.55,69.0,5527860
2010-08-10 00:00:00+05:30,68.75,68.9,67.35,67.5,5472676
2010-08-11 00:00:00+05:30,68.35,68.35,65.85,66.15,3143552
2010-08-12 00:00:00+05:30,65.95,65.95,64.35,65.0,4553540
2010-08-13 00:00:00+05:30,65.2,66.65,65.1,65.5,2926956
2010-08-16 00:00:00+05:30,65.2,66.15,64.75,65.35,3118244
2010-08-17 00:00:00+05:30,65.35,66.1,64.8,65.0,4922164
2010-08-18 00:00:00+05:30,65.2,66.85,65.1,66.45,3225896
2010-08-19 00:00:00+05:30,66.65,67.0,65.65,66.25,2883492
2010-08-20 00:00:00+05:30,66.3,66.3,64.9,65.0,2250208
2010-08-23 00:00:00+05:30,65.35,65.6,65.0,65.15,1968828
2010-08-24 00:00:00+05:30,65.15,65.55,64.3,64.45,2865908
2010-08-25 00:00:00+05:30,64.45,64.45,62.75,63.05,3367080
2010-08-26 00:00:00+05:30,63.3,63.9,62.75,63.1,5312468
2010-08-27 00:00:00+05:30,63.15,63.15,62.2,62.65,2518592
2010-08-30 00:00:00+05:30,62.85,64.25,62.1,62.85,3989208
2010-08-31 00:00:00+05:30,62.8,63.45,62.15,63.15,4098168
2010-09-01 00:00:00+05:30,63.15,63.85,62.95,63.7,7778452
2010-09-02 00:00:00+05:30,64.3,64.4,63.35,63.7,2629816
2010-09-03 00:00:00+05:30,64.3,64.3,62.9,63.35,2784568
2010-09-06 00:00:00+05:30,63.45,64.4,63.35,64.0,4478628
2010-09-07 00:00:00+05:30,64.25,64.7,63.65,64.5,6326912
2010-09-08 00:00:00+05:30,64.4,65.6,63.7,64.85,5423436
2010-09-09 00:00:00+05:30,64.9,65.25,64.05,64.45,4156196
2010-09-13 00:00:00+05:30,64.75,65.0,63.25,63.65,5996376
2010-09-14 00:00:00+05:30,63.95,66.3,63.75,66.0,6311420
2010-09-15 00:00:00+05:30,66.15,67.8,66.1,67.55,7816484
2010-09-16 00:00:00+05:30,67.7,68.2,66.6,66.85,6148776
2010-09-17 00:00:00+05:30,67.1,68.0,66.0,66.35,3724812
2010-09-20 00:00:00+05:30,66.65,67.25,65.95,66.4,3889488
2010-09-21 00:00:00+05:30,66.65,69.05,66.65,68.75,9998356
2010-09-22 00:00:00+05:30,68.8,70.25,67.95,69.4,10070712
2010-09-23 00:00:00+05:30,69.4,70.25,68.35,69.95,6804736
2010-09-24 00:00:00+05:30,70.1,71.05,69.2,70.6,5863700
2010-09-27 00:00:00+05:30,70.75,71.35,69.9,70.2,4073020
2010-09-28 00:00:00+05:30,70.2,71.05,69.15,69.75,3885444
2010-09-29 00:00:00+05:30,69.75,71.05,69.05,69.85,4463272
2010-09-30 00:00:00+05:30,70.25,71.75,69.2,70.95,6566780
2010-10-01 00:00:00+05:30,70.7,73.1,70.45,72.85,8040952
2010-10-04 00:00:00+05:30,73.25,74.55,72.75,73.3,5980712
2010-10-05 00:00:00+05:30,73.15,73.8,72.55,72.75,3122180
2010-10-06 00:00:00+05:30,73.25,74.25,72.8,73.4,2033632
2010-10-07 00:00:00+05:30,73.4,73.6,72.1,72.3,3222912
2010-10-08 00:00:00+05:30,72.5,73.9,71.7,73.0,4009952
2010-10-11 00:00:00+05:30,72.7,74.0,72.55,73.2,1944776
2010-10-12 00:00:00+05:30,73.6,74.55,72.6,73.15,5613628
2010-10-13 00:00:00+05:30,72.9,76.9,72.9,76.35,10527760
2010-10-14 00:00:00+05:30,77.05,78.95,76.35,77.4,9661856
2010-10-15 00:00:00+05:30,77.65,78.9,74.25,74.75,8137108
2010-10-18 00:00:00+05:30,74.7,74.95,72.8,73.9,10367816
2010-10-19 00:00:00+05:30,74.4,75.3,72.75,73.35,3829524
2010-10-20 00:00:00+05:30,72.75,74.6,72.6,73.25,3047992
2010-10-21 00:00:00+05:30,73.9,74.55,72.6,74.25,3805536
2010-10-22 00:00:00+05:30,73.2,73.2,70.1,70.85,15455440
2010-10-25 00:00:00+05:30,70.5,71.05,67.2,67.95,18497184
2010-10-26 00:00:00+05:30,67.3,69.3,67.2,67.95,19464040
2010-10-27 00:00:00+05:30,68.35,69.05,67.35,68.0,4909080
2010-10-28 00:00:00+05:30,68.7,68.8,66.6,67.45,13465952
2010-10-29 00:00:00+05:30,67.8,67.9,65.5,66.3,3880680
2010-11-01 00:00:00+05:30,67.55,67.55,66.65,66.9,3939860
2010-11-02 00:00:00+05:30,67.1,68.9,66.75,68.5,5768276
2010-11-03 00:00:00+05:30,68.85,69.2,68.15,68.65,4126472
2010-11-04 00:00:00+05:30,69.3,69.5,68.7,68.95,2772972
2010-11-05 00:00:00+05:30,69.3,69.8,69.0,69.15,550440
2010-11-08 00:00:00+05:30,69.75,69.75,67.9,68.1,2739352
2010-11-09 00:00:00+05:30,68.35,68.95,67.3,68.15,3676020
2010-11-10 00:00:00+05:30,68.7,69.3,68.2,68.9,3928352
2010-11-11 00:00:00+05:30,68.8,69.3,67.5,67.65,1346548
2010-11-12 00:00:00+05:30,68.2,68.2,66.65,67.15,2419420
2010-11-15 00:00:00+05:30,66.75,69.0,66.15,68.4,4068536
2010-11-16 00:00:00+05:30,68.8,68.8,65.85,66.6,4193536
2010-11-18 00:00:00+05:30,67.55,67.55,65.55,66.05,4568472
2010-11-19 00:00:00+05:30,66.5,66.5,62.75,63.25,4457964
2010-11-22 00:00:00+05:30,63.95,66.35,63.25,66.05,8479780
2010-11-23 00:00:00+05:30,65.85,66.65,64.35,65.85,6550220
2010-11-24 00:00:00+05:30,66.0,66.0,64.15,64.75,2621696
2010-11-25 00:00:00+05:30,64.85,66.5,62.95,64.15,7875296
2010-11-26 00:00:00+05:30,64.3,65.0,62.9,64.35,4645520
2010-11-29 00:00:00+05:30,64.9,66.5,64.45,65.95,4514752
2010-11-30 00:00:00+05:30,65.85,67.05,65.05,66.25,8246352
2010-12-01 00:00:00+05:30,66.5,66.6,65.05,65.45,7027840
2010-12-02 00:00:00+05:30,66.5,68.1,65.95,67.3,12066548
2010-12-03 00:00:00+05:30,67.1,68.5,66.95,67.5,6524944
2010-12-06 00:00:00+05:30,67.9,68.9,67.7,68.0,5450520
2010-12-07 00:00:00+05:30,68.2,69.0,68.2,68.7,3404492
2010-12-08 00:00:00+05:30,68.95,69.5,68.2,68.75,5800420
2010-12-09 00:00:00+05:30,68.7,69.8,68.05,69.0,6131832
2010-12-10 00:00:00+05:30,69.0,71.7,68.4,71.2,8844656
2010-12-13 00:00:00+05:30,71.55,71.55,69.15,70.75,6784248
2010-12-14 00:00:00+05:30,71.0,72.15,70.25,71.75,6813152
2010-12-15 00:00:00+05:30,71.4,72.55,71.2,72.4,5995508
2010-12-16 00:00:00+05:30,72.4,75.05,72.2,74.25,12921144
2010-12-20 00:00:00+05:30,73.4,75.8,73.05,75.4,9492708
2010-12-21 00:00:00+05:30,75.8,78.15,75.65,76.65,15966964
2010-12-22 00:00:00+05:30,76.1,76.55,74.8,75.35,4344616
2010-12-23 00:00:00+05:30,76.1,76.85,75.25,75.7,5242432
2010-12-24 00:00:00+05:30,74.25,76.8,74.25,76.35,4916468
2010-12-27 00:00:00+05:30,75.8,76.85,75.8,76.6,3728272
2010-12-28 00:00:00+05:30,76.55,78.4,76.55,77.55,6395924
2010-12-29 00:00:00+05:30,77.5,77.7,76.75,77.15,2589948
2010-12-30 00:00:00+05:30,77.35,78.15,76.65,77.35,10968640
2010-12-31 00:00:00+05:30,77.05,77.95,76.75,77.55,3166580
2011-01-03 00:00:00+05:30,78.45,78.45,76.15,76.3,3915940
2011-01-04 00:00:00+05:30,76.45,77.3,76.3,76.5,5818484
2011-01-05 00:00:00+05:30,76.2,77.5,75.95,76.65,5576768
2011-01-06 00:00:00+05:30,76.5,77.35,75.3,76.8,4718724
2011-01-07 00:00:00+05:30,76.75,77.7,74.75,75.3,5314300
2011-01-10 00:00:00+05:30,74.95,75.1,72.7,73.35,6597136
2011-01-11 00:00:00+05:30,72.8,74.95,71.9,73.8,6607604
2011-01-12 00:00:00+05:30,74.65,74.65,72.2,73.85,4891048
2011-01-13 00:00:00+05:30,72.85,74.85,70.65,71.6,9160272
2011-01-14 00:00:00+05:30,71.25,73.9,71.25,73.1,7913792
2011-01-17 00:00:00+05:30,72.6,74.7,72.1,73.7,4697056
2011-01-18 00:00:00+05:30,74.45,76.45,74.45,75.55,6078872
2011-01-19 00:00:00+05:30,75.3,76.1,74.55,75.15,5811724
2011-01-20 00:00:00+05:30,74.95,76.15,73.5,75.4,6989480
2011-01-21 00:00:00+05:30,73.6,73.6,71.8,72.0,15640168
2011-01-24 00:00:00+05:30,71.55,71.7,68.75,70.05,9557268
2011-01-25 00:00:00+05:30,70.7,71.3,68.4,70.55,8740612
2011-01-27 00:00:00+05:30,71.05,71.05,68.55,69.25,11846104
2011-01-28 00:00:00+05:30,70.05,70.25,68.75,69.1,6488764
2011-01-31 00:00:00+05:30,67.1,70.55,67.05,69.15,6779736
2011-02-01 00:00:00+05:30,69.25,70.1,66.8,67.75,6125680
2011-02-02 00:00:00+05:30,68.15,69.85,67.9,69.1,5113708
2011-02-03 00:00:00+05:30,69.0,70.25,68.15,69.8,6801084
2011-02-04 00:00:00+05:30,69.75,70.1,67.9,68.95,6753176
2011-02-07 00:00:00+05:30,68.8,69.65,67.1,67.4,5636904
2011-02-08 00:00:00+05:30,67.55,68.1,66.5,67.2,5693500
2011-02-09 00:00:00+05:30,67.15,68.05,66.0,66.95,5078904
2011-02-10 00:00:00+05:30,66.95,67.1,65.5,66.0,4652420
2011-02-11 00:00:00+05:30,65.35,66.85,64.35,66.35,6763640
2011-02-14 00:00:00+05:30,66.6,67.5,65.7,67.0,5724740
2011-02-15 00:00:00+05:30,67.1,67.45,65.85,67.2,4343792
2011-02-16 00:00:00+05:30,66.6,69.45,66.5,69.0,6109688
2011-02-17 00:00:00+05:30,69.5,69.5,67.65,68.2,4540444
2011-02-18 00:00:00+05:30,68.35,69.75,67.9,68.35,4022108
2011-02-21 00:00:00+05:30,68.4,71.65,68.4,71.2,7386760
2011-02-22 00:00:00+05:30,71.05,72.6,68.75,70.25,7047240
2011-02-23 00:00:00+05:30,70.3,70.4,68.45,68.95,4438572
2011-02-24 00:00:00+05:30,68.05,69.6,66.65,67.45,8972820
2011-02-25 00:00:00+05:30,68.35,68.8,66.8,68.4,6418776
2011-02-28 00:00:00+05:30,68.55,71.15,68.3,69.2,7272628
2011-03-01 00:00:00+05:30,69.5,70.25,68.35,70.0,5171224
2011-03-03 00:00:00+05:30,68.7,70.4,68.7,70.15,6491536
2011-03-04 00:00:00+05:30,70.7,71.45,69.5,69.7,2949320
2011-03-07 00:00:00+05:30,69.1,70.95,68.85,70.65,3424884
2011-03-08 00:00:00+05:30,70.95,71.35,70.3,70.85,4217224
2011-03-09 00:00:00+05:30,70.7,71.55,70.0,71.2,2846092
2011-03-10 00:00:00+05:30,70.85,72.0,70.35,71.85,4549724
2011-03-11 00:00:00+05:30,71.1,72.15,70.45,70.9,5825024
2011-03-14 00:00:00+05:30,70.25,72.3,70.25,72.05,5212240
2011-03-15 00:00:00+05:30,70.25,72.2,69.5,69.9,4215068
2011-03-16 00:00:00+05:30,70.25,70.85,69.7,70.35,4105712
2011-03-17 00:00:00+05:30,69.35,70.5,69.35,70.0,2344048
2011-03-18 00:00:00+05:30,70.1,70.45,68.6,69.45,3640988
2011-03-21 00:00:00+05:30,69.65,70.25,68.1,68.55,4302060
2011-03-22 00:00:00+05:30,68.9,69.3,68.35,68.6,1049720
2011-03-23 00:00:00+05:30,68.6,69.45,68.2,68.9,1900968
2011-03-24 00:00:00+05:30,69.1,70.35,69.1,69.4,3707660
2011-03-25 00:00:00+05:30,70.65,72.4,70.05,72.0,9187172
2011-03-28 00:00:00+05:30,71.6,73.3,71.6,72.9,7059248
2011-03-29 00:00:00+05:30,72.85,73.8,72.75,73.15,5780144
2011-03-30 00:00:00+05:30,73.0,74.95,73.0,74.65,3743708
2011-03-31 00:00:00+05:30,74.4,76.5,73.75,75.8,12705296
2011-04-01 00:00:00+05:30,75.3,75.7,74.25,75.15,2814552
2011-04-04 00:00:00+05:30,75.8,77.35,75.65,75.95,8733756
2011-04-05 00:00:00+05:30,76.15,76.55,74.55,75.95,5819248
2011-04-06 00:00:00+05:30,75.7,76.35,72.85,73.55,6770488
2011-04-07 00:00:00+05:30,73.4,74.8,72.4,74.6,4407252
2011-04-08 00:00:00+05:30,74.4,74.55,72.6,73.5,3755540
2011-04-11 00:00:00+05:30,73.4,73.4,72.1,72.6,3952844
2011-04-13 00:00:00+05:30,71.85,74.9,71.85,74.6,7249268
2011-04-15 00:00:00+05:30,73.9,74.55,70.7,71.0,8252880
2011-04-18 00:00:00+05:30,71.05,71.85,70.1,70.35,4926016
2011-04-19 00:00:00+05:30,70.1,71.35,69.4,70.95,2557808
2011-04-20 00:00:00+05:30,71.35,73.55,71.35,73.2,5754440
2011-04-21 00:00:00+05:30,73.0,74.5,72.6,73.1,7153536
2011-04-25 00:00:00+05:30,73.25,73.95,72.7,73.6,1801332
2011-04-26 00:00:00+05:30,73.4,73.9,71.7,73.35,2898020
2011-04-27 00:00:00+05:30,70.85,71.8,70.15,71.2,18276792
2011-04-28 00:00:00+05:30,71.7,71.85,70.25,70.55,6234320
2011-04-29 00:00:00+05:30,70.45,71.3,70.1,71.1,3454080
2011-05-02 00:00:00+05:30,71.05,71.7,69.95,70.7,2157604
2011-05-03 00:00:00+05:30,70.25,71.0,68.35,68.95,3269972
2011-05-04 00:00:00+05:30,69.2,69.6,67.55,69.0,3758280
2011-05-05 00:00:00+05:30,68.8,69.25,67.55,68.3,5360048
2011-05-06 00:00:00+05:30,69.0,71.5,68.75,69.9,4915016
2011-05-09 00:00:00+05:30,69.6,69.9,68.75,68.85,1151340
2011-05-10 00:00:00+05:30,68.7,69.9,68.25,68.85,1446444
2011-05-11 00:00:00+05:30,69.45,69.9,68.75,69.35,2808876
2011-05-12 00:00:00+05:30,68.55,69.45,68.15,68.45,2099320
2011-05-13 00:00:00+05:30,68.35,70.3,68.3,69.9,4730652
2011-05-16 00:00:00+05:30,70.2,70.2,68.75,69.5,2994732
2011-05-17 00:00:00+05:30,69.0,70.05,68.6,69.05,3144220
2011-05-18 00:00:00+05:30,69.15,71.05,69.15,70.45,3492976
2011-05-19 00:00:00+05:30,70.8,70.8,69.5,69.9,1139588
2011-05-20 00:00:00+05:30,70.55,70.85,69.55,70.65,1491524
2011-05-23 00:00:00+05:30,69.5,69.8,68.7,69.5,1345224
2011-05-24 00:00:00+05:30,69.25,70.25,69.25,69.45,2827384
2011-05-25 00:00:00+05:30,69.8,69.8,67.95,68.75,3803496
2011-05-26 00:00:00+05:30,69.0,69.45,68.35,68.7,6827076
2011-05-27 00:00:00+05:30,68.4,70.2,68.4,69.8,2388228
2011-05-30 00:00:00+05:30,69.75,70.55,69.4,69.8,2467856
2011-05-31 00:00:00+05:30,69.55,71.1,69.55,70.5,7637700
2011-06-01 00:00:00+05:30,70.25,71.2,70.25,70.75,1786332
2011-06-02 00:00:00+05:30,70.25,70.65,69.7,69.9,2477396
2011-06-03 00:00:00+05:30,69.3,71.0,69.3,69.95,2180916
2011-06-06 00:00:00+05:30,69.8,70.6,69.15,70.25,1560600
2011-06-07 00:00:00+05:30,69.9,70.15,69.4,69.6,3765668
2011-06-08 00:00:00+05:30,69.8,70.0,69.1,69.7,1763472
2011-06-09 00:00:00+05:30,69.55,69.9,68.75,69.3,3688160
2011-06-10 00:00:00+05:30,69.1,69.8,68.55,69.05,2873916
2011-06-13 00:00:00+05:30,68.6,69.25,68.3,68.75,2756104
2011-06-14 00:00:00+05:30,68.75,69.5,68.75,68.95,1827340
2011-06-15 00:00:00+05:30,69.0,69.2,66.7,67.0,8296684
2011-06-16 00:00:00+05:30,66.75,66.8,65.45,65.65,4516196
2011-06-17 00:00:00+05:30,65.25,66.15,64.45,64.6,2990028
2011-06-20 00:00:00+05:30,64.75,65.1,60.2,63.5,7317824
2011-06-21 00:00:00+05:30,63.55,64.05,62.5,63.5,4023808
2011-06-22 00:00:00+05:30,63.55,64.6,63.35,63.75,3346280
2011-06-23 00:00:00+05:30,63.5,65.0,63.5,64.75,3235828
2011-06-24 00:00:00+05:30,64.7,67.25,64.45,66.95,4478764
2011-06-27 00:00:00+05:30,66.75,67.6,66.05,66.75,3570984
2011-06-28 00:00:00+05:30,66.5,66.95,65.15,66.2,5247420
2011-06-29 00:00:00+05:30,66.1,66.75,65.95,66.4,3141840
2011-06-30 00:00:00+05:30,66.75,66.95,65.0,65.95,6221288
2011-07-01 00:00:00+05:30,66.9,67.1,66.0,66.8,4243132
2011-07-04 00:00:00+05:30,67.5,67.5,66.7,67.0,6521744
2011-07-05 00:00:00+05:30,66.75,67.95,66.75,67.55,4071804
2011-07-06 00:00:00+05:30,67.5,67.85,66.75,67.1,10032508
2011-07-07 00:00:00+05:30,66.95,68.3,66.35,68.05,3575152
2011-07-08 00:00:00+05:30,68.05,68.7,55.2,68.15,4619284
2011-07-11 00:00:00+05:30,67.45,67.7,65.9,66.45,1858944
2011-07-12 00:00:00+05:30,65.1,65.95,64.4,65.45,6784724
2011-07-13 00:00:00+05:30,64.85,65.55,64.85,65.25,2668836
2011-07-14 00:00:00+05:30,64.9,65.5,64.8,65.0,2253200
2011-07-15 00:00:00+05:30,65.35,65.85,64.85,65.45,2280640
2011-07-18 00:00:00+05:30,65.05,65.7,64.85,65.3,2073704
2011-07-19 00:00:00+05:30,65.45,65.85,64.9,65.55,3650568
2011-07-20 00:00:00+05:30,65.85,65.85,62.4,62.95,18762500
2011-07-21 00:00:00+05:30,62.85,63.6,62.05,63.3,3316992
2011-07-22 00:00:00+05:30,63.95,64.3,63.45,64.1,5053216
2011-07-25 00:00:00+05:30,64.1,65.0,63.4,64.8,2731220
2011-07-26 00:00:00+05:30,64.75,65.05,63.95,64.85,4592400
2011-07-27 00:00:00+05:30,64.45,64.75,63.35,63.55,4593376
2011-07-28 00:00:00+05:30,62.55,63.1,61.8,62.4,4827164
2011-07-29 00:00:00+05:30,61.85,63.15,61.25,61.45,4391856
2011-08-01 00:00:00+05:30,61.85,62.7,61.1,61.9,1992632
2011-08-02 00:00:00+05:30,61.75,61.9,60.3,60.55,3450612
2011-08-03 00:00:00+05:30,59.85,60.8,59.35,60.15,5060472
2011-08-04 00:00:00+05:30,59.95,60.6,59.2,59.3,4308548
2011-08-05 00:00:00+05:30,57.15,58.55,56.7,58.0,5372256
2011-08-08 00:00:00+05:30,56.05,56.95,53.2,56.5,11381344
2011-08-09 00:00:00+05:30,53.7,55.55,53.4,54.8,13987748
2011-08-10 00:00:00+05:30,55.7,56.6,55.2,56.0,8590568
2011-08-11 00:00:00+05:30,55.15,56.3,54.9,55.7,4960756
2011-08-12 00:00:00+05:30,56.2,56.5,53.2,54.15,7487232
2011-08-16 00:00:00+05:30,54.5,55.1,53.15,53.75,3828908
2011-08-17 00:00:00+05:30,53.35,55.6,53.35,54.4,6577264
2011-08-18 00:00:00+05:30,54.5,54.55,51.15,51.8,9584428
2011-08-19 00:00:00+05:30,50.5,51.8,49.05,50.55,6247928
2011-08-22 00:00:00+05:30,50.15,53.25,49.75,52.5,4179484
2011-08-23 00:00:00+05:30,52.9,53.35,50.65,52.6,4514040
2011-08-24 00:00:00+05:30,52.6,52.9,51.5,52.1,5109220
2011-08-25 00:00:00+05:30,52.4,52.6,51.35,51.8,7444808
2011-08-26 00:00:00+05:30,51.55,52.25,49.95,50.45,4022104
2011-08-29 00:00:00+05:30,51.05,53.0,51.05,51.95,5002428
2011-08-30 00:00:00+05:30,52.8,53.4,51.4,52.95,5529264
2011-09-02 00:00:00+05:30,54.5,55.7,51.9,52.8,6123592
2011-09-05 00:00:00+05:30,52.1,52.65,50.5,50.8,10929276
2011-09-06 00:00:00+05:30,50.5,52.1,49.35,51.0,8165340
2011-09-07 00:00:00+05:30,51.55,52.25,51.45,52.05,6119548
2011-09-08 00:00:00+05:30,52.1,54.3,52.1,53.35,8853260
2011-09-09 00:00:00+05:30,53.4,54.0,52.5,53.4,7220008
2011-09-12 00:00:00+05:30,51.95,52.5,51.0,51.3,7034364
2011-09-13 00:00:00+05:30,51.75,52.7,51.05,51.95,4449244
2011-09-14 00:00:00+05:30,52.15,54.7,51.5,54.05,8923916
2011-09-15 00:00:00+05:30,54.7,55.2,53.5,55.0,7438872
2011-09-16 00:00:00+05:30,55.2,55.95,53.3,53.45,6000332
2011-09-19 00:00:00+05:30,53.5,54.45,53.2,53.85,3834980
2011-09-20 00:00:00+05:30,54.0,56.05,53.7,55.4,8320068
2011-09-21 00:00:00+05:30,55.55,56.85,55.4,56.3,6833636
2011-09-22 00:00:00+05:30,55.35,55.65,53.25,53.7,6272724
2011-09-23 00:00:00+05:30,53.35,55.15,52.75,53.6,7856352
2011-09-26 00:00:00+05:30,53.7,54.75,53.25,53.7,6604540
2011-09-27 00:00:00+05:30,54.2,55.85,54.15,55.0,7391536
2011-09-28 00:00:00+05:30,55.45,56.6,54.5,54.9,7412196
2011-09-29 00:00:00+05:30,54.65,55.2,54.05,54.9,5193548
2011-09-30 00:00:00+05:30,55.05,55.7,52.9,53.8,4832312
2011-10-03 00:00:00+05:30,52.9,53.2,51.1,52.15,5111972
2011-10-04 00:00:00+05:30,51.55,53.35,51.35,52.7,4822160
2011-10-05 00:00:00+05:30,53.05,53.95,51.45,51.8,5383404
2011-10-07 00:00:00+05:30,53.35,54.5,52.1,52.75,7488536
2011-10-10 00:00:00+05:30,52.9,55.2,52.75,55.15,3052336
2011-10-11 00:00:00+05:30,55.6,55.85,53.45,53.95,4272444
2011-10-12 00:00:00+05:30,54.8,56.65,54.8,55.3,9991632
2011-10-13 00:00:00+05:30,55.7,56.05,55.05,55.2,3887628
2011-10-14 00:00:00+05:30,54.75,57.65,54.75,57.35,6637576
2011-10-17 00:00:00+05:30,57.5,57.8,56.0,56.35,4041892
2011-10-18 00:00:00+05:30,55.1,55.5,54.1,54.65,2162044
2011-10-19 00:00:00+05:30,54.8,56.7,54.8,56.45,3782880
2011-10-20 00:00:00+05:30,55.6,56.2,54.8,55.95,1947036
2011-10-21 00:00:00+05:30,56.25,56.55,55.25,55.9,2460808
2011-10-24 00:00:00+05:30,56.4,57.65,56.15,56.55,2608576
2011-10-25 00:00:00+05:30,56.95,60.3,55.9,58.8,10544920
2011-10-28 00:00:00+05:30,59.45,61.55,57.7,59.05,6795044
2011-10-31 00:00:00+05:30,59.2,60.8,57.4,57.85,14021796
2011-11-01 00:00:00+05:30,58.05,59.2,57.65,58.75,7957928
2011-11-02 00:00:00+05:30,58.4,59.55,57.55,59.05,5776896
2011-11-03 00:00:00+05:30,59.05,59.05,57.9,58.55,4119796
2011-11-04 00:00:00+05:30,58.95,59.55,58.15,58.7,3929600
2011-11-08 00:00:00+05:30,58.15,59.0,57.95,58.3,1499480
2011-11-09 00:00:00+05:30,58.3,60.1,58.3,59.45,4676752
2011-11-11 00:00:00+05:30,59.05,61.15,58.5,60.3,14983680
2011-11-14 00:00:00+05:30,60.35,61.5,60.35,61.15,6574344
2011-11-15 00:00:00+05:30,60.8,61.05,60.35,60.6,3539924
2011-11-16 00:00:00+05:30,60.3,60.65,58.15,59.05,5620920
2011-11-17 00:00:00+05:30,58.7,59.7,57.35,58.05,5911540
2011-11-18 00:00:00+05:30,57.65,59.55,56.9,59.05,8172016
2011-11-21 00:00:00+05:30,58.4,59.1,57.7,58.45,5116240
2011-11-22 00:00:00+05:30,58.45,60.0,58.15,59.65,5631460
2011-11-23 00:00:00+05:30,59.05,59.15,57.1,57.75,4739760
2011-11-24 00:00:00+05:30,57.35,59.1,57.15,58.5,6299216
2011-11-25 00:00:00+05:30,57.9,58.9,57.65,58.4,13798824
2011-11-28 00:00:00+05:30,59.15,59.5,58.3,58.75,8490672
2011-11-29 00:00:00+05:30,59.05,59.35,58.5,59.05,10224468
2011-11-30 00:00:00+05:30,59.05,60.3,58.7,59.55,12409060
2011-12-01 00:00:00+05:30,60.65,62.25,60.25,61.0,5664504
2011-12-02 00:00:00+05:30,60.75,63.15,59.85,61.85,19762200
2011-12-05 00:00:00+05:30,61.6,62.7,61.0,61.6,6295120
2011-12-07 00:00:00+05:30,61.55,64.05,61.25,63.8,12984592
2011-12-08 00:00:00+05:30,63.15,65.55,62.95,65.15,12803876
2011-12-09 00:00:00+05:30,64.55,65.15,63.4,63.95,5888064
2011-12-12 00:00:00+05:30,64.0,66.3,63.55,65.45,8158592
2011-12-13 00:00:00+05:30,65.3,66.45,64.0,65.1,7600508
2011-12-14 00:00:00+05:30,64.8,65.95,64.7,65.6,6810512
2011-12-15 00:00:00+05:30,65.5,66.0,63.55,64.2,17413752
2011-12-16 00:00:00+05:30,63.5,64.7,62.6,63.75,7050724
2011-12-19 00:00:00+05:30,62.95,63.95,61.95,63.8,4204144
2011-12-20 00:00:00+05:30,63.5,64.3,61.9,62.55,5532788
2011-12-21 00:00:00+05:30,63.6,65.0,62.15,64.3,8895560
2011-12-22 00:00:00+05:30,62.55,63.65,62.15,62.75,7386564
2011-12-23 00:00:00+05:30,63.3,64.6,62.5,64.1,4603400
2011-12-26 00:00:00+05:30,63.65,65.0,63.65,64.15,3661268
2011-12-27 00:00:00+05:30,64.45,65.0,63.8,64.25,2431256
2011-12-28 00:00:00+05:30,64.0,64.9,62.25,62.7,6630876
2011-12-29 00:00:00+05:30,62.55,63.2,62.3,62.9,5940736
2011-12-30 00:00:00+05:30,62.45,63.55,62.45,62.95,4801324
2012-01-02 00:00:00+05:30,62.95,63.45,62.45,62.95,2562688
2012-01-03 00:00:00+05:30,63.5,66.0,63.35,65.75,8647348
2012-01-04 00:00:00+05:30,66.1,67.1,65.55,66.05,7613668
2012-01-05 00:00:00+05:30,65.6,66.8,64.9,65.5,4547188
2012-01-06 00:00:00+05:30,65.15,65.15,63.65,64.05,4991456
2012-01-09 00:00:00+05:30,64.3,64.55,63.15,63.3,3388096
2012-01-10 00:00:00+05:30,63.8,64.4,63.45,63.7,4761708
2012-01-11 00:00:00+05:30,63.75,64.25,63.05,63.35,4058888
2012-01-12 00:00:00+05:30,61.55,62.75,60.4,61.8,11683588
2012-01-13 00:00:00+05:30,62.3,63.95,61.7,63.3,4377748
2012-01-16 00:00:00+05:30,62.9,64.6,62.75,64.35,3072388
2012-01-17 00:00:00+05:30,64.1,66.15,64.1,65.55,7056852
2012-01-18 00:00:00+05:30,64.8,65.3,63.55,63.8,3325356
2012-01-19 00:00:00+05:30,64.1,64.7,63.0,63.8,5346768
2012-01-20 00:00:00+05:30,65.5,67.1,64.8,65.3,17225444
2012-01-23 00:00:00+05:30,64.9,66.4,64.9,65.65,5916988
2012-01-24 00:00:00+05:30,65.65,66.65,65.5,66.15,4757732
2012-01-25 00:00:00+05:30,66.15,66.8,65.65,66.25,4672360
2012-01-27 00:00:00+05:30,66.5,66.65,65.6,66.0,3177892
2012-01-30 00:00:00+05:30,65.5,66.65,64.45,64.75,4835832
2012-01-31 00:00:00+05:30,64.85,65.6,64.8,65.3,5032092
2012-02-01 00:00:00+05:30,65.15,65.45,64.75,65.0,4236056
2012-02-02 00:00:00+05:30,65.15,67.7,65.15,67.3,13182500
2012-02-03 00:00:00+05:30,67.25,67.7,66.6,67.45,7436520
2012-02-06 00:00:00+05:30,67.85,68.25,66.75,67.45,3115900
2012-02-07 00:00:00+05:30,67.45,68.1,67.25,67.55,3767356
2012-02-08 00:00:00+05:30,67.6,69.3,67.6,68.65,6493724
2012-02-09 00:00:00+05:30,67.95,70.75,67.6,70.35,7355012
2012-02-10 00:00:00+05:30,70.25,71.1,69.65,70.9,3945004
2012-02-13 00:00:00+05:30,70.45,70.7,68.75,68.9,3069248
2012-02-14 00:00:00+05:30,68.7,69.45,68.2,68.7,2472668
2012-02-15 00:00:00+05:30,68.85,69.6,68.45,68.85,4264740
2012-02-16 00:00:00+05:30,68.7,69.55,68.4,69.4,3139576
2012-02-17 00:00:00+05:30,70.25,71.55,69.2,70.85,5957124
2012-02-21 00:00:00+05:30,70.6,71.15,69.7,70.05,5621528
2012-02-22 00:00:00+05:30,70.05,71.2,69.5,69.9,5658488
2012-02-23 00:00:00+05:30,69.35,70.4,68.9,69.7,5255748
2012-02-24 00:00:00+05:30,69.5,70.7,68.75,69.15,2794520
2012-02-27 00:00:00+05:30,69.5,69.6,66.7,67.1,3123200
2012-02-28 00:00:00+05:30,67.1,68.05,66.1,66.35,5140392
2012-02-29 00:00:00+05:30,67.05,68.85,66.55,68.25,4625296
2012-03-01 00:00:00+05:30,68.35,68.35,66.15,67.1,4115828
2012-03-02 00:00:00+05:30,67.3,69.95,66.4,67.7,4574440
2012-03-05 00:00:00+05:30,67.1,68.6,66.65,68.1,2025560
2012-03-06 00:00:00+05:30,67.55,69.3,67.35,68.25,3622352
2012-03-07 00:00:00+05:30,67.7,70.1,67.65,69.5,8329168
2012-03-09 00:00:00+05:30,70.0,70.7,67.75,68.25,6326928
2012-03-12 00:00:00+05:30,68.7,69.5,67.8,69.1,6941780
2012-03-13 00:00:00+05:30,68.25,68.55,67.5,68.05,4218636
2012-03-14 00:00:00+05:30,68.15,68.2,66.55,67.3,4795720
2012-03-15 00:00:00+05:30,66.65,68.15,66.4,67.45,5354080
2012-03-16 00:00:00+05:30,67.9,68.8,67.35,67.65,2828072
2012-03-19 00:00:00+05:30,67.15,67.7,66.3,67.55,4094240
2012-03-20 00:00:00+05:30,67.15,67.95,67.15,67.8,4833928
2012-03-21 00:00:00+05:30,67.65,68.55,66.8,67.5,3569560
2012-03-22 00:00:00+05:30,67.7,68.35,66.2,66.55,4298132
2012-03-23 00:00:00+05:30,66.35,67.5,66.35,67.15,6796564
2012-03-26 00:00:00+05:30,67.1,67.85,66.5,66.8,4987896
2012-03-27 00:00:00+05:30,66.95,67.85,65.7,67.6,6149764
2012-03-28 00:00:00+05:30,67.45,68.05,66.65,67.85,6267480
2012-03-29 00:00:00+05:30,67.7,69.3,66.6,68.95,12189988
2012-03-30 00:00:00+05:30,68.75,69.75,68.05,69.5,6068852
2012-04-02 00:00:00+05:30,69.1,70.1,68.85,69.95,4971908
2012-04-03 00:00:00+05:30,70.3,70.85,69.65,70.5,3057004
2012-04-04 00:00:00+05:30,69.95,71.3,69.5,70.05,4203404
2012-04-09 00:00:00+05:30,69.25,70.25,69.0,69.3,2438272
2012-04-10 00:00:00+05:30,69.35,70.9,69.35,70.35,5333248
2012-04-11 00:00:00+05:30,69.6,70.7,69.5,70.4,4000164
2012-04-12 00:00:00+05:30,70.0,70.45,69.05,69.35,1424904
2012-04-13 00:00:00+05:30,66.8,69.15,65.2,66.2,14316760
2012-04-16 00:00:00+05:30,66.15,67.5,65.2,66.5,9353272
2012-04-17 00:00:00+05:30,66.35,67.1,66.3,66.55,8110556
2012-04-18 00:00:00+05:30,67.15,67.8,67.05,67.45,2976352
2012-04-19 00:00:00+05:30,67.7,67.7,66.2,66.45,6407232
2012-04-20 00:00:00+05:30,66.45,67.55,66.45,67.1,3795568
2012-04-23 00:00:00+05:30,66.5,67.35,66.5,66.95,3227596
2012-04-24 00:00:00+05:30,67.4,70.1,67.4,69.8,7381128
2012-04-25 00:00:00+05:30,66.8,66.8,64.1,64.85,24105660
2012-04-26 00:00:00+05:30,65.0,65.1,62.9,63.55,18195532
2012-04-27 00:00:00+05:30,63.45,64.6,63.45,64.1,3664044
2012-04-30 00:00:00+05:30,63.95,64.6,63.45,63.95,3441956
2012-05-02 00:00:00+05:30,64.15,64.75,63.5,63.8,4614084
2012-05-03 00:00:00+05:30,63.75,65.3,63.55,65.05,7113384
2012-05-04 00:00:00+05:30,65.05,66.3,64.95,65.5,7968660
2012-05-07 00:00:00+05:30,64.75,66.4,64.3,65.3,4451180
2012-05-08 00:00:00+05:30,64.65,64.65,62.4,63.8,7265424
2012-05-09 00:00:00+05:30,63.35,64.75,63.0,64.15,5114728
2012-05-10 00:00:00+05:30,64.2,65.6,64.15,64.55,3925364
2012-05-11 00:00:00+05:30,63.95,65.0,62.7,63.25,3061212
2012-05-14 00:00:00+05:30,62.9,64.15,62.9,63.7,3267292
2012-05-15 00:00:00+05:30,62.9,64.75,62.9,63.85,3849348
2012-05-16 00:00:00+05:30,63.15,64.45,61.35,61.65,6130584
2012-05-17 00:00:00+05:30,61.75,62.55,60.95,61.7,6122588
2012-05-18 00:00:00+05:30,60.4,62.1,60.35,61.8,3495756
2012-05-21 00:00:00+05:30,61.25,62.2,60.0,60.5,4301640
2012-05-22 00:00:00+05:30,60.75,61.15,60.05,60.2,3386020
2012-05-23 00:00:00+05:30,60.4,61.05,59.8,60.8,2651964
2012-05-24 00:00:00+05:30,60.8,62.2,60.05,61.95,3418040
2012-05-25 00:00:00+05:30,61.9,62.55,61.3,62.25,1974824
2012-05-28 00:00:00+05:30,62.4,63.45,62.3,63.1,2492860
2012-05-29 00:00:00+05:30,62.95,64.95,62.7,64.75,2933292
2012-05-30 00:00:00+05:30,64.0,65.5,64.0,65.05,3300132
2012-05-31 00:00:00+05:30,64.05,65.65,63.8,64.75,6583228
2012-06-01 00:00:00+05:30,63.85,63.95,62.85,63.35,4731284
2012-06-04 00:00:00+05:30,62.4,63.6,62.25,62.55,2039596
2012-06-05 00:00:00+05:30,62.55,63.85,62.3,62.95,3124736
2012-06-06 00:00:00+05:30,63.15,65.1,63.15,64.85,5165236
2012-06-07 00:00:00+05:30,64.8,65.5,62.95,63.25,4592064
2012-06-08 00:00:00+05:30,63.05,63.95,62.7,63.7,4216872
2012-06-11 00:00:00+05:30,63.8,64.35,62.7,63.15,2923436
2012-06-12 00:00:00+05:30,62.55,62.75,61.1,62.1,8920300
2012-06-13 00:00:00+05:30,62.25,62.9,62.1,62.6,3649464
2012-06-14 00:00:00+05:30,62.95,62.95,61.9,62.3,3409444
2012-06-15 00:00:00+05:30,62.7,63.3,62.5,62.85,3029596
2012-06-18 00:00:00+05:30,62.9,63.55,61.1,62.45,4352108
2012-06-19 00:00:00+05:30,62.25,63.3,62.25,63.05,2902128
2012-06-20 00:00:00+05:30,63.05,63.45,62.75,63.15,5113480
2012-06-21 00:00:00+05:30,62.7,63.7,62.55,63.4,4800768
2012-06-22 00:00:00+05:30,62.05,63.85,62.05,63.15,4497344
2012-06-25 00:00:00+05:30,63.0,63.5,62.75,63.15,2374860
2012-06-26 00:00:00+05:30,62.85,63.55,62.7,63.3,2079616
2012-06-27 00:00:00+05:30,63.5,63.9,62.85,63.0,1695484
2012-06-28 00:00:00+05:30,62.75,63.1,62.55,62.95,3185428
2012-06-29 00:00:00+05:30,63.35,64.75,62.9,63.1,7377068
2012-07-02 00:00:00+05:30,63.35,63.6,62.9,63.15,3564608
2012-07-03 00:00:00+05:30,63.3,63.85,62.9,63.2,4155440
2012-07-04 00:00:00+05:30,63.3,63.75,61.9,62.35,5438952
2012-07-05 00:00:00+05:30,62.35,62.65,61.75,62.5,5499484
2012-07-06 00:00:00+05:30,62.35,62.4,61.4,61.95,5614156
2012-07-09 00:00:00+05:30,61.4,61.85,60.65,60.95,4933564
2012-07-10 00:00:00+05:30,61.2,61.75,60.55,60.7,5968952
2012-07-11 00:00:00+05:30,60.65,60.8,58.65,59.1,18130692
2012-07-12 00:00:00+05:30,58.1,58.25,56.15,56.75,19043444
2012-07-13 00:00:00+05:30,57.1,57.6,56.4,56.7,7145544
2012-07-16 00:00:00+05:30,56.55,57.1,55.9,56.15,4246888
2012-07-17 00:00:00+05:30,56.4,57.55,55.75,57.25,6087336
2012-07-18 00:00:00+05:30,57.65,57.9,57.3,57.55,7382980
2012-07-19 00:00:00+05:30,57.8,58.35,57.65,58.2,3911724
2012-07-20 00:00:00+05:30,58.25,58.75,57.2,57.35,2516408
2012-07-23 00:00:00+05:30,56.95,57.15,55.7,56.3,3038264
2012-07-24 00:00:00+05:30,55.7,55.7,53.75,54.65,14463552
2012-07-25 00:00:00+05:30,54.65,55.2,52.75,53.45,12887532
2012-07-26 00:00:00+05:30,53.6,53.9,51.7,52.1,7717208
2012-07-27 00:00:00+05:30,52.6,53.25,52.4,52.8,6044276
2012-07-30 00:00:00+05:30,52.9,53.35,51.35,52.55,10460072
2012-07-31 00:00:00+05:30,53.1,54.2,53.1,53.7,7008156
2012-08-01 00:00:00+05:30,53.7,53.9,53.0,53.6,2687044
2012-08-02 00:00:00+05:30,53.35,53.9,53.25,53.7,2136608
2012-08-03 00:00:00+05:30,53.4,55.0,53.05,54.85,4466020
2012-08-06 00:00:00+05:30,55.2,55.7,54.25,54.6,4584172
2012-08-07 00:00:00+05:30,54.9,55.35,54.5,55.05,6809564
2012-08-08 00:00:00+05:30,55.2,55.65,54.9,55.3,3414492
2012-08-09 00:00:00+05:30,55.4,56.05,54.4,54.6,3179404
2012-08-10 00:00:00+05:30,54.35,55.55,54.2,55.2,2415212
2012-08-13 00:00:00+05:30,55.0,56.3,54.9,56.15,2674656
2012-08-14 00:00:00+05:30,56.2,56.45,55.6,56.1,2199476
2012-08-16 00:00:00+05:30,55.9,56.0,54.8,55.2,4438244
2012-08-17 00:00:00+05:30,55.2,55.95,54.75,55.8,4289788
2012-08-21 00:00:00+05:30,55.3,56.6,55.3,56.15,4522272
2012-08-22 00:00:00+05:30,56.05,56.45,55.25,55.95,6501452
2012-08-23 00:00:00+05:30,56.15,57.9,56.15,57.35,7279436
2012-08-24 00:00:00+05:30,57.3,57.85,56.9,57.65,4497408
2012-08-27 00:00:00+05:30,57.85,57.9,56.9,57.1,2414592
2012-08-28 00:00:00+05:30,56.95,57.65,56.7,57.4,3117632
2012-08-29 00:00:00+05:30,57.5,58.25,57.1,57.5,4644124
2012-08-30 00:00:00+05:30,57.5,58.4,57.15,58.25,6234524
2012-08-31 00:00:00+05:30,58.25,58.85,56.95,57.25,6611480
2012-09-03 00:00:00+05:30,57.3,58.85,57.15,57.5,4006708
2012-09-04 00:00:00+05:30,57.3,57.75,56.95,57.3,2237720
2012-09-05 00:00:00+05:30,57.05,57.5,56.5,57.15,2763092
2012-09-06 00:00:00+05:30,57.25,59.85,57.0,59.6,7782508
2012-09-07 00:00:00+05:30,60.2,60.75,59.5,59.65,4598492
2012-09-10 00:00:00+05:30,60.0,60.35,59.2,59.45,2826292
2012-09-11 00:00:00+05:30,59.0,59.55,58.75,59.15,2233176
2012-09-12 00:00:00+05:30,59.55,60.95,59.25,60.7,4016184
2012-09-13 00:00:00+05:30,61.1,61.45,60.9,61.25,2718032
2012-09-14 00:00:00+05:30,62.55,62.55,61.15,61.85,8404600
2012-09-17 00:00:00+05:30,62.15,62.4,60.1,60.75,4302724
2012-09-18 00:00:00+05:30,60.65,60.8,58.2,58.35,9058080
2012-09-20 00:00:00+05:30,58.4,59.2,58.1,58.9,8062176
2012-09-21 00:00:00+05:30,59.1,60.4,58.75,59.7,6241248
2012-09-24 00:00:00+05:30,59.25,60.6,58.6,60.1,8463052
2012-09-25 00:00:00+05:30,60.05,60.45,59.3,59.55,4971856
2012-09-26 00:00:00+05:30,59.4,60.2,59.4,60.0,2152380
2012-09-27 00:00:00+05:30,60.0,60.05,58.1,59.3,8160804
2012-09-28 00:00:00+05:30,59.7,60.6,59.7,60.15,8450656
2012-10-01 00:00:00+05:30,59.85,61.0,59.6,60.4,5435732
2012-10-03 00:00:00+05:30,60.7,61.1,59.9,60.05,8530516
2012-10-04 00:00:00+05:30,60.3,60.8,59.8,60.45,5709452
2012-10-05 00:00:00+05:30,60.55,60.75,50.6,58.95,7739852
2012-10-08 00:00:00+05:30,58.75,58.9,57.45,57.65,3846256
2012-10-09 00:00:00+05:30,57.9,58.15,56.95,57.95,4365344
2012-10-10 00:00:00+05:30,57.6,57.75,56.85,57.0,6135416
2012-10-11 00:00:00+05:30,57.15,57.55,56.45,56.6,11843184
2012-10-12 00:00:00+05:30,56.05,56.2,55.15,55.55,10351016
2012-10-15 00:00:00+05:30,55.4,55.8,55.35,55.55,2385440
2012-10-16 00:00:00+05:30,55.7,56.45,55.4,55.6,2963080
2012-10-17 00:00:00+05:30,55.8,56.1,55.2,55.55,4237708
2012-10-18 00:00:00+05:30,55.6,55.65,54.4,54.7,8744832
2012-10-19 00:00:00+05:30,54.9,55.2,54.15,54.4,5743692
2012-10-22 00:00:00+05:30,54.8,54.9,53.95,54.25,4185540
2012-10-23 00:00:00+05:30,54.0,54.5,53.85,54.15,4470100
2012-10-25 00:00:00+05:30,54.4,55.0,53.55,53.7,15224732
2012-10-26 00:00:00+05:30,53.65,53.7,52.8,53.05,6425480
2012-10-29 00:00:00+05:30,53.65,54.65,53.35,54.45,7154604
2012-10-30 00:00:00+05:30,54.55,55.15,53.9,54.9,11141668
2012-10-31 00:00:00+05:30,55.0,56.1,55.0,55.3,7862760
2012-11-01 00:00:00+05:30,55.0,57.75,55.0,57.1,27212548
2012-11-02 00:00:00+05:30,58.4,58.9,56.6,57.6,20417752
2012-11-05 00:00:00+05:30,57.65,58.0,56.95,57.25,3452524
2012-11-06 00:00:00+05:30,57.25,58.0,56.85,57.75,4980056
2012-11-07 00:00:00+05:30,57.75,58.6,57.7,58.05,4448404
2012-11-08 00:00:00+05:30,57.65,59.45,46.6,59.25,9413908
2012-11-09 00:00:00+05:30,59.25,59.7,58.3,58.55,3738968
2012-11-12 00:00:00+05:30,58.45,58.95,57.95,58.2,2875628
2012-11-13 00:00:00+05:30,58.4,58.85,57.95,58.3,507068
2012-11-15 00:00:00+05:30,58.1,58.3,56.9,57.15,2259884
2012-11-16 00:00:00+05:30,57.05,57.7,56.55,56.7,2305036
2012-11-19 00:00:00+05:30,56.6,57.2,56.05,56.55,2501188
2012-11-20 00:00:00+05:30,57.05,57.45,56.25,57.15,2665412
2012-11-21 00:00:00+05:30,57.15,58.1,57.0,57.9,2655460
2012-11-22 00:00:00+05:30,58.1,58.85,57.8,58.55,2857668
2012-11-23 00:00:00+05:30,58.75,59.3,57.65,57.9,2862848
2012-11-26 00:00:00+05:30,58.1,59.45,57.9,59.25,5576820
2012-11-27 00:00:00+05:30,59.35,60.1,59.3,59.85,7405816
2012-11-29 00:00:00+05:30,59.6,61.55,59.55,61.0,11518728
2012-11-30 00:00:00+05:30,60.85,62.55,60.75,62.1,7818684
2012-12-03 00:00:00+05:30,62.1,62.75,62.05,62.35,4769328
2012-12-04 00:00:00+05:30,62.4,63.1,60.9,61.25,4232888
2012-12-05 00:00:00+05:30,61.35,61.75,59.85,60.15,5570592
2012-12-06 00:00:00+05:30,60.4,60.45,59.25,60.0,4106820
2012-12-07 00:00:00+05:30,60.4,60.4,59.75,60.05,3379224
2012-12-10 00:00:00+05:30,61.55,61.55,60.15,60.3,4848356
2012-12-11 00:00:00+05:30,60.7,61.25,59.1,59.95,4823820
2012-12-12 00:00:00+05:30,60.2,60.9,58.7,59.15,6387184
2012-12-13 00:00:00+05:30,59.15,59.95,58.9,59.0,4142788
2012-12-14 00:00:00+05:30,58.8,59.65,58.8,59.35,3088364
2012-12-17 00:00:00+05:30,59.55,59.7,57.8,58.45,4582940
2012-12-18 00:00:00+05:30,58.55,59.95,58.1,59.35,4877760
2012-12-19 00:00:00+05:30,59.55,61.1,59.1,61.0,3743636
2012-12-20 00:00:00+05:30,61.15,61.75,59.9,60.3,4751964
2012-12-21 00:00:00+05:30,59.75,60.6,59.55,59.95,3273536
2012-12-24 00:00:00+05:30,60.05,61.05,60.05,60.95,2289776
2012-12-26 00:00:00+05:30,60.65,60.95,60.2,60.8,2864420
2012-12-27 00:00:00+05:30,61.15,61.25,60.35,60.9,5397200
2012-12-28 00:00:00+05:30,61.0,62.05,61.0,61.9,3126004
2012-12-31 00:00:00+05:30,62.2,62.9,62.0,62.3,9312416
2013-01-01 00:00:00+05:30,62.55,62.95,61.75,62.65,3185616
2013-01-02 00:00:00+05:30,62.9,63.0,61.85,62.2,3424784
2013-01-03 00:00:00+05:30,62.5,62.95,62.2,62.8,6969752
2013-01-04 00:00:00+05:30,62.95,63.95,62.8,63.75,6797112
2013-01-07 00:00:00+05:30,63.75,64.55,63.65,63.95,4998532
2013-01-08 00:00:00+05:30,63.6,63.9,62.5,62.85,4378908
2013-01-09 00:00:00+05:30,62.9,63.25,62.15,62.7,5754392
2013-01-10 00:00:00+05:30,62.95,64.1,62.15,62.5,7429688
2013-01-11 00:00:00+05:30,64.1,66.8,63.85,66.3,18030204
2013-01-14 00:00:00+05:30,66.8,67.1,65.9,66.2,6323840
2013-01-15 00:00:00+05:30,66.6,66.9,65.85,66.5,3907760
2013-01-16 00:00:00+05:30,66.5,67.1,65.7,66.3,6169292
2013-01-17 00:00:00+05:30,66.95,68.9,66.75,68.0,15619908
2013-01-18 00:00:00+05:30,69.15,69.4,62.45,62.75,32054084
2013-01-21 00:00:00+05:30,63.3,63.4,62.1,62.75,11511656
2013-01-22 00:00:00+05:30,62.85,63.65,62.55,62.95,8905348
2013-01-23 00:00:00+05:30,62.7,63.6,62.65,63.4,6191508
2013-01-24 00:00:00+05:30,63.45,64.45,63.4,63.95,5912956
2013-01-25 00:00:00+05:30,63.8,64.5,63.25,64.4,5091556
2013-01-28 00:00:00+05:30,64.45,65.85,64.05,65.25,5735640
2013-01-29 00:00:00+05:30,64.8,65.15,64.05,64.55,4906428
2013-01-30 00:00:00+05:30,64.4,65.8,63.95,65.45,4116808
2013-01-31 00:00:00+05:30,65.05,65.6,64.2,65.0,5429612
2013-02-01 00:00:00+05:30,64.75,65.25,64.3,64.4,4437504
2013-02-04 00:00:00+05:30,64.5,64.85,64.1,64.45,4082988
2013-02-05 00:00:00+05:30,64.1,64.45,63.55,64.3,3203304
2013-02-06 00:00:00+05:30,64.55,64.75,63.45,64.05,3331160
2013-02-07 00:00:00+05:30,63.6,64.4,63.3,64.05,1914548
2013-02-08 00:00:00+05:30,64.45,65.6,63.65,65.05,4258832
2013-02-11 00:00:00+05:30,65.35,66.45,64.45,64.7,5911652
2013-02-12 00:00:00+05:30,64.75,65.3,64.0,65.0,3381076
2013-02-13 00:00:00+05:30,65.05,65.65,64.2,64.7,4393216
2013-02-14 00:00:00+05:30,64.0,64.1,62.25,62.55,11680132
2013-02-15 00:00:00+05:30,62.4,63.5,60.8,63.0,6175808
2013-02-18 00:00:00+05:30,62.8,63.8,62.15,63.6,4579944
2013-02-19 00:00:00+05:30,63.8,65.05,63.25,64.9,3786824
2013-02-20 00:00:00+05:30,64.9,65.55,64.6,65.05,4103768
2013-02-21 00:00:00+05:30,64.8,65.75,63.75,64.1,5344396
2013-02-22 00:00:00+05:30,63.85,66.05,63.65,65.65,8687044
2013-02-25 00:00:00+05:30,65.7,67.25,65.7,66.2,7408316
2013-02-26 00:00:00+05:30,65.85,66.4,65.15,65.65,5785840
2013-02-27 00:00:00+05:30,66.0,66.75,65.2,66.1,6190040
2013-02-28 00:00:00+05:30,66.35,67.2,65.0,65.75,11509500
2013-03-01 00:00:00+05:30,66.35,67.2,66.05,66.6,5255436
2013-03-04 00:00:00+05:30,66.35,67.1,66.0,66.25,5322320
2013-03-05 00:00:00+05:30,66.35,68.65,66.15,68.4,10214500
2013-03-06 00:00:00+05:30,68.45,70.45,68.45,69.8,7974232
2013-03-07 00:00:00+05:30,69.95,71.5,69.95,70.9,10960912
2013-03-08 00:00:00+05:30,70.85,72.0,70.15,70.3,10306776
2013-03-11 00:00:00+05:30,69.9,70.95,69.1,69.4,6281620
2013-03-12 00:00:00+05:30,69.5,70.05,68.6,69.25,4495040
2013-03-13 00:00:00+05:30,69.15,70.3,68.75,69.35,5085580
2013-03-14 00:00:00+05:30,69.35,70.05,68.6,69.25,4140884
2013-03-15 00:00:00+05:30,69.3,69.9,68.85,69.65,3231528
2013-03-18 00:00:00+05:30,69.2,69.6,68.2,68.5,2033320
2013-03-19 00:00:00+05:30,68.7,69.3,67.85,68.5,2909000
2013-03-20 00:00:00+05:30,68.45,68.8,67.35,67.85,6040344
2013-03-21 00:00:00+05:30,67.95,69.05,67.45,68.65,4033656
2013-03-22 00:00:00+05:30,68.75,69.4,67.75,68.8,4735588
2013-03-25 00:00:00+05:30,69.35,69.55,67.8,68.1,6375744
2013-03-26 00:00:00+05:30,68.15,69.65,67.35,69.15,4806256
2013-03-28 00:00:00+05:30,68.55,69.8,68.1,69.0,13432900
2013-04-01 00:00:00+05:30,69.05,69.75,67.55,68.05,3502116
2013-04-02 00:00:00+05:30,68.05,71.25,67.5,71.0,7613068
2013-04-03 00:00:00+05:30,70.6,71.8,70.45,70.8,7846976
2013-04-04 00:00:00+05:30,70.6,71.3,69.75,70.25,6528200
2013-04-05 00:00:00+05:30,69.75,73.1,69.3,71.8,7230136
2013-04-08 00:00:00+05:30,71.3,72.0,67.8,70.85,24542624
2013-04-09 00:00:00+05:30,73.1,75.05,70.1,70.7,28343284
2013-04-10 00:00:00+05:30,70.95,72.7,70.95,72.3,9751748
2013-04-11 00:00:00+05:30,73.2,73.3,71.7,72.4,5122268
2013-04-12 00:00:00+05:30,70.05,70.05,68.1,68.95,15505300
2013-04-15 00:00:00+05:30,68.95,70.55,67.6,68.1,6306320
2013-04-16 00:00:00+05:30,68.0,68.8,67.65,68.55,2748036
2013-04-17 00:00:00+05:30,69.15,69.25,66.75,67.3,4545984
2013-04-18 00:00:00+05:30,67.05,67.9,65.05,66.3,10185488
2013-04-22 00:00:00+05:30,62.25,62.55,58.85,61.0,35798332
2013-04-23 00:00:00+05:30,61.5,62.55,61.1,61.6,6941232
2013-04-25 00:00:00+05:30,61.65,62.0,59.8,60.25,9697012
2013-04-26 00:00:00+05:30,60.4,60.9,58.9,59.3,5919820
2013-04-29 00:00:00+05:30,59.45,61.6,58.8,61.45,6917540
2013-04-30 00:00:00+05:30,61.85,62.9,60.95,62.6,6138756
2013-05-02 00:00:00+05:30,62.55,63.85,61.7,63.25,6191244
2013-05-03 00:00:00+05:30,62.95,64.3,62.75,63.85,5088500
2013-05-06 00:00:00+05:30,64.15,64.95,63.55,64.25,4592784
2013-05-07 00:00:00+05:30,64.35,64.7,62.7,63.0,9359216
2013-05-08 00:00:00+05:30,63.2,63.65,62.45,63.05,4203576
2013-05-09 00:00:00+05:30,63.3,64.15,63.2,63.75,5047124
2013-05-10 00:00:00+05:30,64.05,64.2,63.35,63.8,6027684
2013-05-13 00:00:00+05:30,63.8,63.9,62.25,62.55,5360348
2013-05-14 00:00:00+05:30,62.55,62.95,61.95,62.5,2089572
2013-05-15 00:00:00+05:30,62.45,63.1,61.35,62.2,6152380
2013-05-16 00:00:00+05:30,62.3,62.45,61.55,62.25,7688060
2013-05-17 00:00:00+05:30,62.2,62.8,60.85,61.8,4391088
2013-05-20 00:00:00+05:30,61.3,61.4,60.05,60.7,18371472
2013-05-21 00:00:00+05:30,60.75,61.75,60.35,60.9,6069268
2013-05-22 00:00:00+05:30,61.0,61.75,60.95,61.45,5766632
2013-05-23 00:00:00+05:30,61.25,61.55,59.6,60.55,8623412
2013-05-24 00:00:00+05:30,60.85,61.5,59.8,60.4,2679400
2013-05-27 00:00:00+05:30,60.55,61.45,59.85,61.1,4931344
2013-05-28 00:00:00+05:30,60.85,61.7,60.35,61.1,5304536
2013-05-29 00:00:00+05:30,60.9,61.85,60.35,61.0,6849632
2013-05-30 00:00:00+05:30,60.65,61.5,60.1,60.4,4680852
2013-05-31 00:00:00+05:30,60.7,61.05,56.6,58.9,10896764
2013-06-03 00:00:00+05:30,59.3,60.05,58.05,58.4,5895724
2013-06-04 00:00:00+05:30,58.65,60.0,58.65,59.45,3838464
2013-06-05 00:00:00+05:30,59.65,59.8,58.2,58.4,4026680
2013-06-06 00:00:00+05:30,58.2,59.5,58.05,59.3,5439144
2013-06-07 00:00:00+05:30,58.95,60.9,58.95,60.15,3268636
2013-06-10 00:00:00+05:30,60.55,62.0,60.5,61.65,4177576
2013-06-11 00:00:00+05:30,61.85,62.35,57.5,62.0,9322384
2013-06-12 00:00:00+05:30,62.15,62.2,61.25,61.9,4452136
2013-06-13 00:00:00+05:30,61.05,61.25,59.65,61.05,2716328
2013-06-14 00:00:00+05:30,59.35,61.6,59.35,60.65,4838852
2013-06-17 00:00:00+05:30,60.65,61.05,59.65,60.75,2155564
2013-06-18 00:00:00+05:30,60.75,61.45,60.6,61.3,1761948
2013-06-19 00:00:00+05:30,61.45,61.95,60.65,61.7,3769404
2013-06-20 00:00:00+05:30,61.8,62.8,61.35,62.45,16019944
2013-06-21 00:00:00+05:30,62.15,63.05,62.0,62.6,14575688
2013-06-24 00:00:00+05:30,62.55,62.85,59.45,62.3,5202464
2013-06-25 00:00:00+05:30,62.2,62.2,60.35,61.75,5495912
2013-06-26 00:00:00+05:30,61.7,62.8,61.05,62.55,4957624
2013-06-27 00:00:00+05:30,62.55,63.15,61.65,62.4,7602432
2013-06-28 00:00:00+05:30,63.2,63.2,61.25,62.7,7621496
2013-07-01 00:00:00+05:30,62.7,63.2,62.1,63.05,3337088
2013-07-02 00:00:00+05:30,63.2,63.75,62.75,63.4,7498620
2013-07-03 00:00:00+05:30,63.2,63.55,61.35,61.7,3891808
2013-07-04 00:00:00+05:30,62.2,63.0,62.0,62.8,4269668
2013-07-05 00:00:00+05:30,63.05,63.2,62.55,63.0,6434112
2013-07-08 00:00:00+05:30,62.25,64.3,62.25,63.85,6348064
2013-07-09 00:00:00+05:30,63.8,64.9,63.8,64.75,4582812
2013-07-10 00:00:00+05:30,64.7,65.65,64.7,65.55,6476752
2013-07-11 00:00:00+05:30,65.9,66.25,65.1,65.35,4988192
2013-07-12 00:00:00+05:30,66.5,68.3,66.1,67.45,8310452
2013-07-15 00:00:00+05:30,67.35,68.85,67.35,68.65,4800780
2013-07-16 00:00:00+05:30,67.45,69.15,66.7,67.45,4564080
2013-07-17 00:00:00+05:30,67.55,70.15,67.4,69.55,5300488
2013-07-18 00:00:00+05:30,69.4,70.75,68.75,69.35,4427264
2013-07-19 00:00:00+05:30,70.05,70.6,69.55,70.3,5109972
2013-07-22 00:00:00+05:30,70.25,70.85,69.3,70.6,4014820
2013-07-23 00:00:00+05:30,70.55,71.4,68.65,69.0,5639336
2013-07-24 00:00:00+05:30,68.65,70.85,68.3,70.5,6318084
2013-07-25 00:00:00+05:30,70.45,70.75,66.35,67.55,10447308
2013-07-26 00:00:00+05:30,68.3,69.65,66.15,68.65,10138104
2013-07-29 00:00:00+05:30,72.1,75.05,70.35,73.3,25553176
2013-07-30 00:00:00+05:30,73.65,76.0,73.3,75.2,12807848
2013-07-31 00:00:00+05:30,75.45,79.25,75.45,78.7,14450272
2013-08-01 00:00:00+05:30,78.7,79.75,76.8,78.45,7866912
2013-08-02 00:00:00+05:30,78.4,81.15,78.05,78.8,8149216
2013-08-05 00:00:00+05:30,78.7,81.05,78.1,80.7,10010300
2013-08-06 00:00:00+05:30,80.35,83.3,80.35,81.1,13481620
2013-08-07 00:00:00+05:30,80.85,83.15,80.1,81.05,13112292
2013-08-08 00:00:00+05:30,80.45,80.85,77.75,80.35,8059344
2013-08-12 00:00:00+05:30,79.6,81.8,79.6,81.7,6613920
2013-08-13 00:00:00+05:30,81.6,84.35,81.6,84.05,7955104
2013-08-14 00:00:00+05:30,83.8,84.95,81.6,82.65,5658272
2013-08-16 00:00:00+05:30,82.1,84.1,81.45,82.05,10529012
2013-08-19 00:00:00+05:30,81.85,83.35,81.15,82.05,5338240
2013-08-20 00:00:00+05:30,81.45,82.6,79.4,80.5,8233708
2013-08-21 00:00:00+05:30,80.4,81.35,78.65,79.45,6253608
2013-08-22 00:00:00+05:30,79.05,80.6,78.25,79.9,5894392
2013-08-23 00:00:00+05:30,79.8,81.05,78.6,80.5,10479696
2013-08-26 00:00:00+05:30,80.75,83.75,80.75,82.45,10603880
2013-08-27 00:00:00+05:30,82.55,83.65,81.15,81.75,9418688
2013-08-28 00:00:00+05:30,82.35,85.15,82.3,84.65,19051868
2013-08-29 00:00:00+05:30,84.75,86.2,83.05,85.05,18424456
2013-08-30 00:00:00+05:30,85.4,88.95,84.25,86.9,43386188
2013-09-02 00:00:00+05:30,86.8,88.0,86.35,87.05,9108412
2013-09-03 00:00:00+05:30,87.15,89.95,85.05,86.15,10942880
2013-09-04 00:00:00+05:30,86.45,88.5,85.6,86.45,13948976
2013-09-05 00:00:00+05:30,86.55,87.0,83.35,84.25,12265444
2013-09-06 00:00:00+05:30,84.15,86.95,83.55,84.2,17322864
2013-09-10 00:00:00+05:30,85.1,87.0,83.8,84.8,16543520
2013-09-11 00:00:00+05:30,84.85,86.75,84.5,85.35,17863352
2013-09-12 00:00:00+05:30,85.15,86.2,84.15,84.75,17982288
2013-09-13 00:00:00+05:30,85.15,85.15,81.0,81.85,13612132
2013-09-16 00:00:00+05:30,82.0,82.3,80.3,81.15,10262828
2013-09-17 00:00:00+05:30,81.55,86.2,81.45,85.35,11011656
2013-09-18 00:00:00+05:30,85.35,87.1,84.9,86.35,10100684
2013-09-19 00:00:00+05:30,85.9,86.9,84.25,84.75,6347272
2013-09-20 00:00:00+05:30,84.6,86.45,84.6,85.3,6581660
2013-09-23 00:00:00+05:30,85.55,88.05,85.15,86.9,10342924
2013-09-24 00:00:00+05:30,87.3,88.1,85.0,85.85,6808864
2013-09-25 00:00:00+05:30,86.2,87.2,85.15,85.45,7630708
2013-09-26 00:00:00+05:30,85.2,88.05,85.15,85.95,20736952
2013-09-27 00:00:00+05:30,86.6,87.1,84.85,85.5,8646968
2013-09-30 00:00:00+05:30,85.55,87.1,84.45,84.95,6085840
2013-10-01 00:00:00+05:30,85.5,86.2,84.45,84.75,4640380
2013-10-03 00:00:00+05:30,85.15,87.85,85.15,87.15,12587788
2013-10-04 00:00:00+05:30,87.0,88.2,86.15,86.8,5209304
2013-10-07 00:00:00+05:30,87.05,87.4,86.4,86.6,4188868
2013-10-08 00:00:00+05:30,87.1,88.55,86.25,86.9,7881764
2013-10-09 00:00:00+05:30,86.25,87.3,85.5,85.75,10741804
2013-10-10 00:00:00+05:30,86.2,87.1,85.9,86.25,9405168
2013-10-11 00:00:00+05:30,88.2,89.65,87.0,87.75,14133916
2013-10-14 00:00:00+05:30,88.15,91.3,88.1,90.05,14795980
2013-10-15 00:00:00+05:30,90.7,93.4,90.55,91.8,21658732
2013-10-17 00:00:00+05:30,92.0,92.8,88.3,88.95,14305584
2013-10-18 00:00:00+05:30,90.05,92.0,88.85,91.0,12319420
2013-10-21 00:00:00+05:30,91.65,92.45,90.05,90.9,16319820
2013-10-22 00:00:00+05:30,92.5,93.0,91.5,92.45,16813660
2013-10-23 00:00:00+05:30,91.8,91.85,86.65,88.45,27418536
2013-10-24 00:00:00+05:30,88.45,88.8,84.3,84.6,18959940
2013-10-25 00:00:00+05:30,84.45,86.9,84.05,86.45,14831052
2013-10-28 00:00:00+05:30,86.9,87.25,85.65,86.95,7797516
2013-10-29 00:00:00+05:30,87.25,87.7,86.4,87.4,9165644
2013-10-30 00:00:00+05:30,87.65,87.65,85.0,85.65,9895744
2013-10-31 00:00:00+05:30,85.35,87.25,85.35,85.85,15098688
2013-11-01 00:00:00+05:30,85.75,87.1,85.75,86.7,5213728
2013-11-05 00:00:00+05:30,86.65,86.95,85.35,86.25,5446416
2013-11-06 00:00:00+05:30,86.8,87.65,86.15,86.7,7065396
2013-11-07 00:00:00+05:30,87.1,87.85,85.9,86.6,9968228
2013-11-08 00:00:00+05:30,87.1,87.45,85.9,86.5,4172008
2013-11-11 00:00:00+05:30,86.25,87.5,86.1,86.5,9029592
2013-11-12 00:00:00+05:30,87.1,88.0,85.85,86.7,17851524
2013-11-13 00:00:00+05:30,86.8,87.5,86.2,86.65,6306676
2013-11-14 00:00:00+05:30,87.1,88.15,86.35,87.35,9270824
2013-11-18 00:00:00+05:30,87.85,89.45,87.85,88.4,9324052
2013-11-19 00:00:00+05:30,88.6,88.75,87.55,87.7,6608360
2013-11-20 00:00:00+05:30,87.15,88.65,86.3,86.8,5903392
2013-11-21 00:00:00+05:30,86.6,87.5,85.5,85.95,8889376
2013-11-22 00:00:00+05:30,86.3,86.75,85.75,85.9,3742388
2013-11-25 00:00:00+05:30,86.1,86.9,85.85,86.05,6336144
2013-11-26 00:00:00+05:30,85.75,86.2,84.65,85.3,8792112
2013-11-27 00:00:00+05:30,85.0,85.4,84.2,84.4,6253848
2013-11-28 00:00:00+05:30,84.6,85.35,84.55,84.9,8009128
2013-11-29 00:00:00+05:30,85.65,85.65,84.4,84.6,7000032
2013-12-02 00:00:00+05:30,85.15,87.0,83.85,86.45,8827748
2013-12-03 00:00:00+05:30,87.0,87.35,86.4,86.7,6132472
2013-12-04 00:00:00+05:30,86.35,88.9,86.1,88.25,8686232
2013-12-05 00:00:00+05:30,89.15,89.6,87.3,88.55,7945432
2013-12-06 00:00:00+05:30,88.0,89.5,87.3,88.7,5256140
2013-12-09 00:00:00+05:30,89.5,91.5,88.1,91.15,6253788
2013-12-10 00:00:00+05:30,91.1,93.95,90.3,92.8,14245292
2013-12-11 00:00:00+05:30,92.15,93.7,91.65,93.2,7180752
2013-12-12 00:00:00+05:30,92.5,92.8,91.35,91.8,3602084
2013-12-13 00:00:00+05:30,91.65,93.5,91.2,93.2,4202424
2013-12-16 00:00:00+05:30,93.45,94.5,92.55,94.15,9077228
2013-12-17 00:00:00+05:30,94.4,95.2,92.55,93.05,5077244
2013-12-18 00:00:00+05:30,93.05,94.15,92.1,93.75,4078360
2013-12-19 00:00:00+05:30,93.85,96.7,93.1,95.05,9346228
2013-12-20 00:00:00+05:30,96.0,99.35,95.3,98.65,10614060
2013-12-23 00:00:00+05:30,98.75,100.05,97.8,99.2,6653796
2013-12-24 00:00:00+05:30,98.95,99.55,96.85,97.0,2934028
2013-12-26 00:00:00+05:30,97.25,99.2,96.45,98.55,8531584
2013-12-27 00:00:00+05:30,98.85,100.15,98.25,99.75,4641364
2013-12-30 00:00:00+05:30,99.75,100.25,98.1,99.15,3504480
2013-12-31 00:00:00+05:30,99.7,100.9,98.7,100.45,2817216
2014-01-01 00:00:00+05:30,101.35,101.35,99.05,99.35,1772028
2014-01-02 00:00:00+05:30,99.35,100.0,98.1,99.35,3661944
2014-01-03 00:00:00+05:30,98.25,100.3,98.15,99.95,4430652
2014-01-06 00:00:00+05:30,100.6,101.5,99.7,100.25,7422312
2014-01-07 00:00:00+05:30,100.25,100.35,97.9,98.85,4929168
2014-01-08 00:00:00+05:30,98.65,99.0,97.65,98.3,4310372
2014-01-09 00:00:00+05:30,98.25,99.5,96.6,97.2,6548612
2014-01-10 00:00:00+05:30,97.6,100.05,95.5,99.4,10631568
2014-01-13 00:00:00+05:30,99.7,102.0,99.7,100.9,7564884
2014-01-14 00:00:00+05:30,101.1,101.15,98.75,99.45,5841884
2014-01-15 00:00:00+05:30,100.1,101.35,99.15,100.75,5212044
2014-01-16 00:00:00+05:30,99.7,103.1,99.7,102.7,6868336
2014-01-17 00:00:00+05:30,103.35,103.5,98.7,99.35,10070612
2014-01-20 00:00:00+05:30,99.3,103.8,99.25,102.95,18848364
2014-01-21 00:00:00+05:30,103.3,103.85,102.1,102.7,8856480
2014-01-22 00:00:00+05:30,102.4,104.7,102.05,103.85,8386864
2014-01-23 00:00:00+05:30,103.5,104.25,101.55,103.95,8159308
2014-01-24 00:00:00+05:30,103.45,105.5,102.5,102.95,8606508
2014-01-27 00:00:00+05:30,102.4,104.05,101.65,102.5,7796872
2014-01-28 00:00:00+05:30,102.15,102.95,101.4,101.95,4611624
2014-01-29 00:00:00+05:30,101.55,103.5,101.55,102.65,4563404
2014-01-30 00:00:00+05:30,102.0,103.3,100.95,102.6,7772312
2014-01-31 00:00:00+05:30,102.75,104.15,102.35,103.35,4186740
2014-02-03 00:00:00+05:30,101.2,103.15,101.0,101.7,4526596
2014-02-04 00:00:00+05:30,100.95,100.95,97.75,99.8,8435488
2014-02-05 00:00:00+05:30,100.25,101.65,99.0,100.7,6340020
2014-02-06 00:00:00+05:30,100.45,102.7,99.7,102.1,10676260
2014-02-07 00:00:00+05:30,102.4,103.1,99.95,100.95,5520176
2014-02-10 00:00:00+05:30,101.15,102.3,100.8,101.2,4180160
2014-02-11 00:00:00+05:30,101.7,102.65,100.65,101.2,5458288
2014-02-12 00:00:00+05:30,101.45,102.6,100.25,101.05,5674188
2014-02-13 00:00:00+05:30,101.55,101.7,98.8,99.75,4357904
2014-02-14 00:00:00+05:30,99.95,101.75,99.35,101.35,4776516
2014-02-17 00:00:00+05:30,101.55,102.3,100.05,100.8,3426184
2014-02-18 00:00:00+05:30,100.45,101.55,99.6,100.05,3689764
2014-02-19 00:00:00+05:30,99.85,102.0,99.85,101.65,2986452
2014-02-20 00:00:00+05:30,101.55,102.5,100.8,101.6,4382748
2014-02-21 00:00:00+05:30,101.65,103.35,101.65,102.7,5413916
2014-02-24 00:00:00+05:30,102.95,104.55,102.4,103.8,4164948
2014-02-25 00:00:00+05:30,104.2,107.45,104.2,107.15,6606296
2014-02-26 00:00:00+05:30,107.1,109.75,106.7,108.35,10958720
2014-02-28 00:00:00+05:30,108.35,108.7,105.9,107.3,7282708
2014-03-03 00:00:00+05:30,107.8,107.8,104.75,105.3,3737928
2014-03-04 00:00:00+05:30,105.3,106.85,105.15,105.65,5612492
2014-03-05 00:00:00+05:30,106.6,107.1,105.4,106.1,6719444
2014-03-06 00:00:00+05:30,106.4,106.85,104.85,105.1,4979768
2014-03-07 00:00:00+05:30,105.6,105.6,100.6,101.6,7926592
2014-03-10 00:00:00+05:30,101.4,102.75,99.75,100.1,8293248
2014-03-11 00:00:00+05:30,100.05,101.75,99.4,100.6,7187520
2014-03-12 00:00:00+05:30,100.6,102.4,100.45,101.8,4847628
2014-03-13 00:00:00+05:30,101.0,103.3,98.95,101.3,7877156
2014-03-14 00:00:00+05:30,101.35,101.35,97.8,98.4,8937440
2014-03-18 00:00:00+05:30,98.85,99.0,96.55,97.1,7283140
2014-03-19 00:00:00+05:30,97.1,98.85,95.0,97.9,8555648
2014-03-20 00:00:00+05:30,98.25,100.55,98.1,99.25,6765076
2014-03-21 00:00:00+05:30,100.35,103.75,99.55,102.05,13648608
2014-03-24 00:00:00+05:30,102.6,103.35,100.85,101.15,4183108
2014-03-25 00:00:00+05:30,100.1,100.6,98.1,98.55,9203584
2014-03-26 00:00:00+05:30,99.0,100.2,97.75,98.0,5378960
2014-03-27 00:00:00+05:30,98.1,100.6,97.0,99.4,8829344
2014-03-28 00:00:00+05:30,99.55,100.5,98.9,99.2,4532904
2014-03-31 00:00:00+05:30,99.2,99.55,96.75,97.6,10664940
2014-04-01 00:00:00+05:30,98.25,101.15,98.25,100.8,7546776
2014-04-02 00:00:00+05:30,101.45,102.85,100.45,101.65,7184800
2014-04-03 00:00:00+05:30,101.55,102.05,100.15,100.8,3695084
2014-04-04 00:00:00+05:30,101.55,102.2,99.1,99.4,4114248
2014-04-07 00:00:00+05:30,99.35,100.75,99.1,100.05,4556072
2014-04-09 00:00:00+05:30,100.45,101.05,98.75,99.6,5779404
2014-04-10 00:00:00+05:30,99.7,101.55,98.95,100.85,5780276
2014-04-11 00:00:00+05:30,99.8,102.55,99.0,102.05,7064452
2014-04-15 00:00:00+05:30,101.55,106.25,101.55,105.75,9421664
2014-04-16 00:00:00+05:30,106.85,106.85,102.05,102.8,7919232
2014-04-17 00:00:00+05:30,103.65,105.9,103.05,105.25,7593688
2014-04-21 00:00:00+05:30,101.7,102.05,97.75,98.1,22835920
2014-04-22 00:00:00+05:30,98.65,99.7,94.45,95.35,17009228
2014-04-23 00:00:00+05:30,95.8,96.8,93.65,94.3,18020144
2014-04-25 00:00:00+05:30,94.75,94.95,92.9,93.3,12285164
2014-04-28 00:00:00+05:30,93.45,95.5,93.05,95.15,12751408
2014-04-29 00:00:00+05:30,95.4,96.4,93.95,94.3,9106532
2014-04-30 00:00:00+05:30,95.05,95.2,93.0,93.9,9699940
2014-05-02 00:00:00+05:30,93.1,95.4,93.1,94.95,8554504
2014-05-05 00:00:00+05:30,94.15,95.05,93.25,93.6,6993120
2014-05-06 00:00:00+05:30,93.25,94.35,92.25,92.5,5148164
2014-05-07 00:00:00+05:30,91.7,92.45,89.85,90.95,14814772
2014-05-08 00:00:00+05:30,90.85,92.65,90.1,91.85,6183788
2014-05-09 00:00:00+05:30,91.3,93.05,91.3,92.3,5903192
2014-05-12 00:00:00+05:30,92.2,92.7,90.1,92.0,11841784
2014-05-13 00:00:00+05:30,92.5,95.3,92.05,95.1,7710004
2014-05-14 00:00:00+05:30,95.4,95.6,93.85,94.25,5572760
2014-05-15 00:00:00+05:30,94.4,94.65,92.15,92.8,5844608
2014-05-16 00:00:00+05:30,93.65,95.4,89.4,90.3,19307244
2014-05-19 00:00:00+05:30,90.4,90.7,85.3,86.6,14449344
2014-05-20 00:00:00+05:30,87.3,89.6,86.85,88.9,12274316
2014-05-21 00:00:00+05:30,89.15,89.55,87.35,88.6,9147432
2014-05-22 00:00:00+05:30,88.9,89.3,86.6,86.9,9021912
2014-05-23 00:00:00+05:30,86.9,88.65,86.3,88.05,10722036
2014-05-26 00:00:00+05:30,88.55,91.65,88.05,90.9,10711844
2014-05-27 00:00:00+05:30,92.0,93.2,90.4,91.3,8311592
2014-05-28 00:00:00+05:30,92.0,92.65,90.4,92.35,7737176
2014-05-29 00:00:00+05:30,92.3,92.4,88.95,89.8,10402656
2014-05-30 00:00:00+05:30,89.85,91.55,87.1,90.95,9402864
2014-06-02 00:00:00+05:30,91.05,91.1,89.5,89.65,4758104
2014-06-03 00:00:00+05:30,90.5,90.5,88.4,88.8,7393120
2014-06-04 00:00:00+05:30,89.15,89.35,87.15,88.4,6983836
2014-06-05 00:00:00+05:30,88.65,90.25,88.1,90.0,8272792
2014-06-06 00:00:00+05:30,90.55,91.8,88.95,91.5,8972112
2014-06-09 00:00:00+05:30,91.65,92.7,90.75,92.0,6391132
2014-06-10 00:00:00+05:30,92.0,94.55,92.0,94.35,12681280
2014-06-11 00:00:00+05:30,94.55,96.6,94.1,94.8,11521992
2014-06-12 00:00:00+05:30,95.6,95.9,93.95,95.65,8054156
2014-06-13 00:00:00+05:30,95.65,96.25,94.35,95.3,6585908
2014-06-16 00:00:00+05:30,95.5,96.7,95.05,96.3,7856824
2014-06-17 00:00:00+05:30,96.85,97.4,95.85,96.3,6680996
2014-06-18 00:00:00+05:30,96.65,96.9,94.9,95.3,5627756
2014-06-19 00:00:00+05:30,94.85,97.0,94.8,96.55,7210664
2014-06-20 00:00:00+05:30,97.1,97.6,95.45,96.45,4822892
2014-06-23 00:00:00+05:30,95.95,96.5,95.05,95.5,3920904
2014-06-24 00:00:00+05:30,95.95,95.95,94.7,95.45,4262292
2014-06-25 00:00:00+05:30,95.45,95.95,94.45,95.05,4745384
2014-06-26 00:00:00+05:30,95.4,97.0,95.05,96.2,11525256
2014-06-27 00:00:00+05:30,97.0,98.65,96.35,98.05,7481820
2014-06-30 00:00:00+05:30,98.65,99.35,97.7,98.15,5727944
2014-07-01 00:00:00+05:30,98.45,98.45,96.3,96.7,5633704
2014-07-02 00:00:00+05:30,97.4,98.6,96.75,97.15,6451292
2014-07-03 00:00:00+05:30,98.25,100.25,97.8,99.75,8965868
2014-07-04 00:00:00+05:30,100.5,100.55,97.75,98.25,4552248
2014-07-07 00:00:00+05:30,98.65,100.45,98.65,100.15,7830196
2014-07-08 00:00:00+05:30,100.25,100.4,98.45,98.8,5174852
2014-07-09 00:00:00+05:30,98.7,99.7,97.25,97.95,3923124
2014-07-10 00:00:00+05:30,98.1,100.25,97.0,97.85,6622832
2014-07-11 00:00:00+05:30,98.9,100.0,98.3,99.35,6123316
2014-07-14 00:00:00+05:30,99.2,99.7,96.5,96.85,5652088
2014-07-15 00:00:00+05:30,96.7,97.45,95.95,96.25,3751716
2014-07-16 00:00:00+05:30,96.95,96.95,95.75,96.15,3531892
2014-07-17 00:00:00+05:30,96.25,97.85,95.95,96.55,6629084
2014-07-18 00:00:00+05:30,97.9,99.7,97.8,98.3,14160984
2014-07-21 00:00:00+05:30,98.85,99.4,97.5,97.9,8068916
2014-07-22 00:00:00+05:30,97.8,100.8,97.5,100.4,7464384
2014-07-23 00:00:00+05:30,100.5,102.9,99.6,102.55,8929520
2014-07-24 00:00:00+05:30,103.15,104.2,100.9,103.65,12007596
2014-07-25 00:00:00+05:30,95.2,99.7,95.2,99.05,28370028
2014-07-28 00:00:00+05:30,99.25,100.4,97.9,100.05,6730876
2014-07-30 00:00:00+05:30,100.05,100.05,98.65,98.95,7833152
2014-07-31 00:00:00+05:30,98.85,99.0,97.2,97.8,14274484
2014-08-01 00:00:00+05:30,97.75,98.1,96.1,96.3,6870092
2014-08-04 00:00:00+05:30,96.35,98.85,96.3,98.6,10275896
2014-08-05 00:00:00+05:30,98.8,99.15,97.7,98.75,4204676
2014-08-06 00:00:00+05:30,98.05,99.3,98.05,99.1,7605868
2014-08-07 00:00:00+05:30,98.25,99.65,96.1,99.35,8766132
2014-08-08 00:00:00+05:30,99.0,99.15,97.2,98.45,3971876
2014-08-11 00:00:00+05:30,98.85,98.95,97.05,97.55,5277172
2014-08-12 00:00:00+05:30,97.9,98.0,97.2,97.7,4705064
2014-08-13 00:00:00+05:30,97.6,99.15,97.5,98.9,5337736
2014-08-14 00:00:00+05:30,99.15,99.25,97.65,98.05,4397256
2014-08-18 00:00:00+05:30,97.9,98.6,97.2,98.4,4806948
2014-08-19 00:00:00+05:30,98.25,99.3,97.75,98.35,4716292
2014-08-20 00:00:00+05:30,98.35,99.7,98.35,99.25,4465072
2014-08-21 00:00:00+05:30,99.1,99.5,98.4,99.05,4932196
2014-08-22 00:00:00+05:30,99.05,100.25,98.5,100.05,5766684
2014-08-25 00:00:00+05:30,100.1,100.85,99.55,99.75,6296064
2014-08-26 00:00:00+05:30,100.35,100.65,98.1,99.0,4981964
2014-08-27 00:00:00+05:30,98.45,100.75,98.45,100.35,5796220
2014-08-28 00:00:00+05:30,100.35,102.05,100.35,101.6,12279332
2014-09-01 00:00:00+05:30,101.7,102.95,101.3,101.65,4332240
2014-09-02 00:00:00+05:30,101.85,101.95,100.45,100.8,5455008
2014-09-03 00:00:00+05:30,101.35,104.2,100.65,103.7,11333572
2014-09-04 00:00:00+05:30,104.2,104.6,102.8,103.7,5203632
2014-09-05 00:00:00+05:30,104.35,104.9,103.45,104.55,4580572
2014-09-08 00:00:00+05:30,104.7,106.9,103.85,106.5,4944104
2014-09-09 00:00:00+05:30,106.6,106.7,104.55,105.6,3292824
2014-09-10 00:00:00+05:30,105.6,106.0,104.25,104.5,3976648
2014-09-11 00:00:00+05:30,105.1,105.45,102.7,103.15,5387880
2014-09-12 00:00:00+05:30,103.45,104.0,102.25,103.35,4757376
2014-09-15 00:00:00+05:30,103.35,103.5,101.1,102.05,5109888
2014-09-16 00:00:00+05:30,102.4,103.35,99.85,100.5,6472408
2014-09-17 00:00:00+05:30,101.0,102.7,100.35,101.9,5550356
2014-09-18 00:00:00+05:30,101.6,105.1,101.45,104.5,6419164
2014-09-19 00:00:00+05:30,104.55,106.55,103.65,105.7,6864432
2014-09-22 00:00:00+05:30,105.2,105.2,103.7,104.45,3426760
2014-09-23 00:00:00+05:30,104.1,106.65,103.5,104.7,7998820
2014-09-24 00:00:00+05:30,105.6,107.1,105.3,106.5,8261784
2014-09-25 00:00:00+05:30,106.4,107.4,103.6,104.65,6786756
2014-09-26 00:00:00+05:30,104.95,106.2,103.65,105.75,4253228
2014-09-29 00:00:00+05:30,105.65,107.6,105.0,106.55,4257476
2014-09-30 00:00:00+05:30,107.6,107.6,105.65,107.25,9873344
2014-10-01 00:00:00+05:30,107.45,111.0,107.45,110.65,11200216
2014-10-07 00:00:00+05:30,110.3,111.7,109.75,111.15,8352892
2014-10-08 00:00:00+05:30,110.9,111.2,105.85,106.65,9306996
2014-10-09 00:00:00+05:30,107.25,108.15,104.75,105.55,10708276
2014-10-10 00:00:00+05:30,104.25,107.65,104.25,105.05,15806536
2014-10-13 00:00:00+05:30,104.9,105.3,101.7,105.05,9382304
2014-10-14 00:00:00+05:30,106.0,106.55,103.9,104.25,8077856
2014-10-16 00:00:00+05:30,104.2,105.05,101.65,103.0,8806496
2014-10-17 00:00:00+05:30,103.4,104.45,100.65,101.65,13064248
2014-10-20 00:00:00+05:30,101.85,103.35,99.4,99.95,6443776
2014-10-21 00:00:00+05:30,100.45,103.35,100.2,103.0,6009892
2014-10-22 00:00:00+05:30,104.7,105.45,103.5,104.85,5026148
2014-10-23 00:00:00+05:30,100.6,101.4,99.6,100.65,4702692
2014-10-27 00:00:00+05:30,98.85,100.35,98.3,99.7,11902456
2014-10-28 00:00:00+05:30,99.75,101.45,98.85,99.5,9228456
2014-10-29 00:00:00+05:30,99.8,100.65,99.65,100.0,6535520
2014-10-30 00:00:00+05:30,100.25,101.2,100.2,100.65,12076968
2014-10-31 00:00:00+05:30,101.55,101.85,100.55,101.3,11655940
2014-11-03 00:00:00+05:30,102.4,102.4,100.85,101.55,12916176
2014-11-05 00:00:00+05:30,102.2,102.2,100.0,100.45,15274484
2014-11-07 00:00:00+05:30,101.1,101.15,98.55,99.45,12136584
2014-11-10 00:00:00+05:30,99.55,100.6,99.2,100.4,7223652
2014-11-11 00:00:00+05:30,100.7,100.8,99.7,100.1,5085724
2014-11-12 00:00:00+05:30,99.55,100.8,99.35,99.85,7393084
2014-11-13 00:00:00+05:30,100.45,101.45,99.55,100.4,7679112
2014-11-14 00:00:00+05:30,100.95,102.0,100.75,101.35,8740512
2014-11-17 00:00:00+05:30,101.4,101.7,100.45,101.4,6017876
2014-11-18 00:00:00+05:30,101.55,102.0,101.05,101.75,7891944
2014-11-19 00:00:00+05:30,102.2,102.6,100.65,101.55,6587080
2014-11-20 00:00:00+05:30,102.2,103.35,101.2,102.75,5292304
2014-11-21 00:00:00+05:30,102.95,103.6,101.85,102.8,7378064
2014-11-24 00:00:00+05:30,102.9,104.65,102.8,104.1,5800768
2014-11-25 00:00:00+05:30,104.95,105.55,103.7,104.45,16043824
2014-11-26 00:00:00+05:30,104.95,104.95,103.05,104.2,5648016
2014-11-27 00:00:00+05:30,104.2,105.1,104.05,104.55,8016952
2014-11-28 00:00:00+05:30,105.2,106.0,104.25,105.25,7853100
2014-12-01 00:00:00+05:30,105.6,107.95,105.5,106.5,12064956
2014-12-02 00:00:00+05:30,106.9,106.9,104.85,106.2,3660592
2014-12-03 00:00:00+05:30,106.3,107.1,105.15,106.7,4520608
2014-12-04 00:00:00+05:30,106.7,107.05,105.95,106.5,3755488
2014-12-05 00:00:00+05:30,106.2,106.2,103.6,104.0,4150544
2014-12-08 00:00:00+05:30,103.85,104.25,101.65,102.1,3877136
2014-12-09 00:00:00+05:30,102.2,103.45,99.8,100.05,6132512
2014-12-10 00:00:00+05:30,99.85,100.45,99.1,99.25,5198092
2014-12-11 00:00:00+05:30,99.2,99.55,97.85,98.15,5269784
2014-12-12 00:00:00+05:30,98.15,99.5,96.85,97.6,4312436
2014-12-15 00:00:00+05:30,96.55,98.05,94.3,97.3,5941140
2014-12-16 00:00:00+05:30,96.85,98.75,96.1,96.45,7444376
2014-12-17 00:00:00+05:30,96.1,97.55,94.8,96.15,8759696
2014-12-18 00:00:00+05:30,96.65,97.0,95.4,96.65,5430204
2014-12-19 00:00:00+05:30,97.8,99.65,97.75,98.95,6810480
2014-12-22 00:00:00+05:30,99.85,100.05,98.6,99.75,6202604
2014-12-23 00:00:00+05:30,99.95,99.95,98.65,99.3,5424808
2014-12-24 00:00:00+05:30,99.3,99.7,97.0,98.0,7997916
2014-12-26 00:00:00+05:30,98.2,98.55,97.2,98.35,2908912
2014-12-29 00:00:00+05:30,98.45,99.3,98.35,98.85,3780284
2014-12-30 00:00:00+05:30,98.85,99.7,98.45,99.3,3249848
2014-12-31 00:00:00+05:30,99.2,99.95,98.85,99.75,2682180
2015-01-01 00:00:00+05:30,99.3,99.6,98.95,99.3,811912
2015-01-02 00:00:00+05:30,99.4,100.65,99.35,100.1,3149216
2015-01-05 00:00:00+05:30,100.05,101.55,99.75,100.3,2878952
2015-01-06 00:00:00+05:30,99.7,99.95,97.4,97.95,9297524
2015-01-07 00:00:00+05:30,97.6,97.9,96.75,97.2,6229188
2015-01-08 00:00:00+05:30,99.9,100.4,97.6,97.9,5844100
2015-01-09 00:00:00+05:30,98.7,100.6,97.6,99.45,10190340
2015-01-12 00:00:00+05:30,98.85,100.45,98.4,99.85,3316344
2015-01-13 00:00:00+05:30,100.05,101.75,99.7,101.25,4734508
2015-01-14 00:00:00+05:30,101.7,102.3,98.85,99.2,7292896
2015-01-15 00:00:00+05:30,100.6,101.35,99.05,100.5,5245068
2015-01-16 00:00:00+05:30,100.75,101.25,99.35,99.75,6228512
2015-01-19 00:00:00+05:30,106.2,107.5,104.6,104.95,24250660
2015-01-20 00:00:00+05:30,105.3,106.7,104.7,106.1,10042948
2015-01-21 00:00:00+05:30,105.9,106.9,103.6,105.75,13276060
2015-01-22 00:00:00+05:30,106.0,107.4,105.05,106.8,14593992
2015-01-23 00:00:00+05:30,107.65,108.55,106.05,108.1,14458380
2015-01-27 00:00:00+05:30,108.25,108.85,106.9,107.5,11823416
2015-01-28 00:00:00+05:30,107.1,109.95,107.05,109.15,12577480
2015-01-29 00:00:00+05:30,109.25,110.4,107.75,108.3,10116244
2015-01-30 00:00:00+05:30,109.1,109.55,107.3,109.0,7044896
2015-02-02 00:00:00+05:30,109.95,112.8,109.4,112.3,11961496
2015-02-03 00:00:00+05:30,112.1,112.85,111.0,111.65,6349156
2015-02-04 00:00:00+05:30,111.95,113.2,110.75,111.3,6692448
2015-02-05 00:00:00+05:30,111.55,115.55,111.55,114.7,9197708
2015-02-06 00:00:00+05:30,114.6,117.6,114.25,115.55,8305736
2015-02-09 00:00:00+05:30,115.0,116.8,114.2,116.4,5095932
2015-02-10 00:00:00+05:30,115.2,117.15,114.5,115.45,8355436
2015-02-11 00:00:00+05:30,116.1,116.6,113.75,114.7,10624880
2015-02-12 00:00:00+05:30,115.6,117.3,115.25,116.25,7229820
2015-02-13 00:00:00+05:30,116.45,119.25,116.25,118.75,6929376
2015-02-16 00:00:00+05:30,118.8,119.85,118.6,118.9,3838100
2015-02-18 00:00:00+05:30,119.0,120.6,117.75,120.2,4534180
2015-02-19 00:00:00+05:30,120.2,120.2,117.65,118.5,5536532
2015-02-20 00:00:00+05:30,118.5,118.8,116.35,116.8,3637332
2015-02-23 00:00:00+05:30,116.8,118.25,115.6,116.75,4267400
2015-02-24 00:00:00+05:30,117.2,118.55,116.7,117.3,6325204
2015-02-25 00:00:00+05:30,117.4,119.55,117.15,119.25,7371804
2015-02-26 00:00:00+05:30,119.25,120.2,117.05,118.2,7858808
2015-02-27 00:00:00+05:30,118.05,118.35,116.55,117.55,9198468
2015-03-02 00:00:00+05:30,118.65,121.15,117.5,119.35,7394732
2015-03-03 00:00:00+05:30,119.45,121.6,119.1,120.85,7207356
2015-03-04 00:00:00+05:30,120.8,121.05,117.9,118.5,6520040
2015-03-05 00:00:00+05:30,118.6,120.35,117.7,119.95,5409960
2015-03-09 00:00:00+05:30,119.85,119.85,117.85,118.65,5695316
2015-03-10 00:00:00+05:30,116.95,118.95,115.9,117.55,6996300
2015-03-11 00:00:00+05:30,118.15,121.7,116.9,117.65,9143064
2015-03-12 00:00:00+05:30,117.8,118.05,116.15,117.75,4706768
2015-03-13 00:00:00+05:30,118.3,118.3,113.55,114.85,7505728
2015-03-16 00:00:00+05:30,115.2,116.95,114.35,116.15,6615428
2015-03-17 00:00:00+05:30,116.8,117.05,114.85,115.6,5912132
2015-03-18 00:00:00+05:30,116.25,116.45,113.0,113.45,6694220
2015-03-19 00:00:00+05:30,114.55,115.45,113.65,114.05,5886304
2015-03-20 00:00:00+05:30,114.75,118.0,114.4,117.25,9028292
2015-03-23 00:00:00+05:30,117.25,118.7,115.2,115.9,4599956
2015-03-24 00:00:00+05:30,115.9,118.35,115.55,117.15,5258252
2015-03-25 00:00:00+05:30,116.95,119.25,116.2,118.8,4394608
2015-03-26 00:00:00+05:30,118.2,118.2,112.3,113.55,9170464
2015-03-27 00:00:00+05:30,114.95,115.25,109.35,109.95,10239716
2015-03-30 00:00:00+05:30,111.4,112.3,110.7,112.0,5110852
2015-03-31 00:00:00+05:30,111.9,114.05,111.1,113.0,6758132
2015-04-01 00:00:00+05:30,112.0,114.35,111.45,113.75,4766168
2015-04-06 00:00:00+05:30,113.0,113.0,110.95,111.6,5904120
2015-04-07 00:00:00+05:30,112.0,112.8,109.4,110.5,7418164
2015-04-08 00:00:00+05:30,110.3,111.9,110.15,110.75,7155772
2015-04-09 00:00:00+05:30,111.6,112.15,109.95,110.9,5287440
2015-04-10 00:00:00+05:30,111.45,111.7,110.4,111.0,4303896
2015-04-13 00:00:00+05:30,111.25,112.4,110.5,112.15,3464600
2015-04-15 00:00:00+05:30,111.9,111.9,107.9,109.05,5486940
2015-04-16 00:00:00+05:30,109.1,109.25,106.0,108.15,9807648
2015-04-17 00:00:00+05:30,107.1,107.2,105.1,105.45,6256968
2015-04-20 00:00:00+05:30,105.45,106.2,102.5,103.4,5941612
2015-04-21 00:00:00+05:30,102.0,105.7,98.95,103.9,15786724
2015-04-22 00:00:00+05:30,101.0,101.25,97.4,97.8,25080724
2015-04-23 00:00:00+05:30,98.65,98.65,95.7,95.95,12175256
2015-04-24 00:00:00+05:30,96.2,96.8,92.05,94.0,14263196
2015-04-27 00:00:00+05:30,94.95,96.25,93.1,95.9,7362172
2015-04-28 00:00:00+05:30,95.8,96.6,94.35,95.65,12284672
2015-04-29 00:00:00+05:30,95.8,98.2,95.25,97.3,11268812
2015-04-30 00:00:00+05:30,96.5,97.4,95.9,96.8,12712668
2015-05-04 00:00:00+05:30,96.9,97.8,96.05,97.2,3948344
2015-05-05 00:00:00+05:30,97.9,98.55,97.25,97.85,6469996
2015-05-06 00:00:00+05:30,97.7,97.7,95.1,95.65,11118608
2015-05-07 00:00:00+05:30,95.4,97.5,94.35,96.7,9098288
2015-05-08 00:00:00+05:30,97.2,97.8,96.3,97.1,6227820
2015-05-11 00:00:00+05:30,97.55,97.8,96.5,97.3,8404368
2015-05-12 00:00:00+05:30,97.5,97.8,95.35,95.9,5728440
2015-05-13 00:00:00+05:30,96.1,97.65,95.15,97.45,6017252
2015-05-14 00:00:00+05:30,97.55,97.55,95.8,96.4,4102432
2015-05-15 00:00:00+05:30,96.3,97.3,96.1,96.75,4043456
2015-05-18 00:00:00+05:30,96.85,97.9,96.2,97.8,4259500
2015-05-19 00:00:00+05:30,97.9,99.7,97.7,99.3,9267172
2015-05-20 00:00:00+05:30,99.7,101.55,99.35,101.35,5885836
2015-05-21 00:00:00+05:30,101.7,101.7,100.35,101.4,5839368
2015-05-22 00:00:00+05:30,100.7,101.15,99.65,100.7,7935092
2015-05-25 00:00:00+05:30,100.8,101.65,100.15,101.2,6209732
2015-05-26 00:00:00+05:30,100.7,101.35,99.9,100.3,4818996
2015-05-27 00:00:00+05:30,99.9,100.2,98.1,99.25,6709508
2015-05-28 00:00:00+05:30,99.45,100.2,97.25,99.65,9271308
2015-05-29 00:00:00+05:30,99.65,101.55,99.65,100.95,13241236
2015-06-01 00:00:00+05:30,100.6,102.0,100.4,101.3,3345872
2015-06-02 00:00:00+05:30,101.0,101.0,98.1,98.6,4071276
2015-06-03 00:00:00+05:30,98.9,100.3,97.75,98.0,7453804
2015-06-04 00:00:00+05:30,98.25,100.8,98.25,99.35,9313624
2015-06-05 00:00:00+05:30,99.6,101.55,98.95,99.85,6786732
2015-06-08 00:00:00+05:30,99.85,100.95,98.95,99.7,4553824
2015-06-09 00:00:00+05:30,99.4,100.1,97.1,97.65,4770356
2015-06-10 00:00:00+05:30,97.5,101.8,97.3,101.15,7137376
2015-06-11 00:00:00+05:30,101.55,101.7,97.6,98.1,7990904
2015-06-12 00:00:00+05:30,98.1,99.6,95.05,96.55,8861660
2015-06-15 00:00:00+05:30,96.3,98.45,95.6,97.2,4131384
2015-06-16 00:00:00+05:30,97.55,98.15,96.1,97.05,4515156
2015-06-17 00:00:00+05:30,97.4,99.55,97.2,98.2,5460588
2015-06-18 00:00:00+05:30,98.35,100.7,97.85,99.9,7146260
2015-06-19 00:00:00+05:30,100.35,103.8,100.0,100.9,20666512
2015-06-22 00:00:00+05:30,100.6,101.3,99.35,100.65,6060796
2015-06-23 00:00:00+05:30,101.35,101.35,99.7,100.15,4271088
2015-06-24 00:00:00+05:30,100.25,102.0,100.05,101.65,5694124
2015-06-25 00:00:00+05:30,101.25,101.35,98.8,99.25,8799928
2015-06-26 00:00:00+05:30,99.55,100.85,99.55,100.35,3128436
2015-06-29 00:00:00+05:30,99.35,99.7,97.45,99.3,3357912
2015-06-30 00:00:00+05:30,99.2,99.65,97.9,98.2,6280416
2015-07-01 00:00:00+05:30,97.75,99.85,97.25,99.35,4818544
2015-07-02 00:00:00+05:30,99.85,100.7,98.65,99.8,4021916
2015-07-03 00:00:00+05:30,99.4,99.6,98.45,98.75,3434244
2015-07-06 00:00:00+05:30,97.8,99.15,97.7,98.85,2900732
2015-07-07 00:00:00+05:30,99.45,101.05,99.35,99.5,3123840
2015-07-08 00:00:00+05:30,99.05,100.4,98.65,99.35,3896988
2015-07-09 00:00:00+05:30,99.35,99.95,97.6,97.85,2748324
2015-07-10 00:00:00+05:30,98.85,99.6,98.0,98.6,4454608
2015-07-13 00:00:00+05:30,98.65,101.0,98.65,100.55,3623364
2015-07-14 00:00:00+05:30,100.15,101.9,99.85,101.65,2470436
2015-07-15 00:00:00+05:30,102.0,104.2,101.75,103.8,6537216
2015-07-16 00:00:00+05:30,104.0,104.55,102.8,103.4,3478300
2015-07-17 00:00:00+05:30,103.65,104.2,101.6,102.1,3775632
2015-07-20 00:00:00+05:30,101.35,102.9,101.0,102.15,2993448
2015-07-21 00:00:00+05:30,101.95,105.15,101.9,103.6,6257900
2015-07-22 00:00:00+05:30,104.2,105.75,103.5,105.05,4106196
2015-07-23 00:00:00+05:30,105.55,106.7,103.25,105.8,8917652
2015-07-24 00:00:00+05:30,104.75,105.3,101.6,101.8,9034044
2015-07-27 00:00:00+05:30,101.55,102.35,100.55,100.95,3950628
2015-07-28 00:00:00+05:30,100.9,101.05,99.45,100.0,6199396
2015-07-29 00:00:00+05:30,100.05,102.0,100.05,101.55,4506220
2015-07-30 00:00:00+05:30,102.0,102.35,99.8,101.0,4183548
2015-07-31 00:00:00+05:30,101.15,102.75,101.15,102.35,5285328
2015-08-03 00:00:00+05:30,102.6,103.5,102.2,102.45,2591464
2015-08-04 00:00:00+05:30,102.55,102.55,100.15,100.6,5839948
2015-08-05 00:00:00+05:30,100.85,103.85,100.6,103.4,4272324
2015-08-06 00:00:00+05:30,104.05,104.2,102.2,102.7,3767228
2015-08-07 00:00:00+05:30,102.7,103.5,101.7,102.25,3164948
2015-08-10 00:00:00+05:30,102.05,103.05,100.65,101.25,2890924
2015-08-11 00:00:00+05:30,101.7,101.9,99.75,101.7,5004700
2015-08-12 00:00:00+05:30,101.05,104.4,101.05,103.8,5492980
2015-08-13 00:00:00+05:30,103.75,104.15,101.65,102.6,4133192
2015-08-14 00:00:00+05:30,102.6,103.8,101.75,103.4,3426168
2015-08-17 00:00:00+05:30,103.5,104.05,102.2,103.5,1659648
2015-08-18 00:00:00+05:30,103.8,105.55,102.1,102.6,5609940
2015-08-19 00:00:00+05:30,103.1,105.45,102.75,105.05,4361236
2015-08-20 00:00:00+05:30,105.1,105.35,103.1,103.6,4817968
2015-08-21 00:00:00+05:30,103.3,103.65,101.3,103.5,5538952
2015-08-24 00:00:00+05:30,102.2,103.15,96.3,97.8,8913648
2015-08-25 00:00:00+05:30,98.7,99.1,94.9,97.25,11472960
2015-08-26 00:00:00+05:30,97.85,99.95,97.6,99.0,8283008
2015-08-27 00:00:00+05:30,100.15,100.15,98.2,99.1,9643160
2015-08-28 00:00:00+05:30,99.6,101.65,99.25,101.3,4286188
2015-08-31 00:00:00+05:30,101.3,103.35,100.75,102.75,6715796
2015-09-01 00:00:00+05:30,102.65,102.75,100.6,101.4,5327284
2015-09-02 00:00:00+05:30,101.7,102.25,98.7,99.6,4929156
2015-09-03 00:00:00+05:30,100.45,102.0,100.35,101.85,2464088
2015-09-04 00:00:00+05:30,102.0,102.7,98.3,99.55,5946268
2015-09-07 00:00:00+05:30,99.5,100.0,97.8,99.25,4281912
2015-09-08 00:00:00+05:30,98.9,101.7,98.85,101.3,3070616
2015-09-09 00:00:00+05:30,101.8,103.05,100.25,100.8,3074352
2015-09-10 00:00:00+05:30,99.7,100.55,98.9,99.25,6581904
2015-09-11 00:00:00+05:30,99.7,101.15,99.7,100.45,3063496
2015-09-14 00:00:00+05:30,100.8,103.1,100.45,102.7,8013724
2015-09-15 00:00:00+05:30,102.2,103.15,101.7,102.35,3703276
2015-09-16 00:00:00+05:30,103.15,104.55,102.65,104.25,7456284
2015-09-18 00:00:00+05:30,104.3,106.9,104.2,106.4,7424184
2015-09-21 00:00:00+05:30,105.95,107.25,105.0,106.4,8880552
2015-09-22 00:00:00+05:30,106.4,108.6,106.0,107.05,13521032
2015-09-23 00:00:00+05:30,105.85,107.15,104.6,106.15,5646876
2015-09-24 00:00:00+05:30,106.7,108.7,105.5,108.35,8321056
2015-09-28 00:00:00+05:30,108.15,108.15,106.0,106.55,3991984
2015-09-29 00:00:00+05:30,105.25,107.45,105.1,105.7,6088724
2015-09-30 00:00:00+05:30,106.75,107.6,106.4,107.45,7192824
2015-10-01 00:00:00+05:30,107.45,110.2,107.35,107.75,14000748
2015-10-05 00:00:00+05:30,107.85,109.55,107.3,107.85,6825204
2015-10-06 00:00:00+05:30,108.25,109.55,107.5,107.65,6079588
2015-10-07 00:00:00+05:30,107.75,107.75,105.1,105.8,3739276
2015-10-08 00:00:00+05:30,106.3,107.25,105.25,105.95,4408908
2015-10-09 00:00:00+05:30,107.05,107.2,105.15,106.45,5397632
2015-10-12 00:00:00+05:30,107.8,107.8,104.55,104.9,4242748
2015-10-13 00:00:00+05:30,105.1,106.7,104.85,105.2,3896608
2015-10-14 00:00:00+05:30,104.55,106.8,104.35,104.7,4200684
2015-10-15 00:00:00+05:30,105.6,105.6,103.55,103.7,3364560
2015-10-16 00:00:00+05:30,104.05,104.6,101.65,103.7,3666052
2015-10-19 00:00:00+05:30,104.55,104.95,102.6,103.75,3998000
2015-10-20 00:00:00+05:30,104.05,104.2,102.4,102.75,5367616
2015-10-21 00:00:00+05:30,103.3,104.15,102.6,103.8,4053604
2015-10-23 00:00:00+05:30,103.1,103.1,101.5,101.95,7437144
2015-10-26 00:00:00+05:30,102.5,103.2,101.65,102.2,4261476
2015-10-27 00:00:00+05:30,102.45,103.75,101.7,103.35,11755676
2015-10-28 00:00:00+05:30,103.3,104.4,102.35,103.85,5622724
2015-10-29 00:00:00+05:30,104.05,104.2,102.6,103.25,6112620
2015-10-30 00:00:00+05:30,102.85,104.05,102.25,102.95,4537248
2015-11-02 00:00:00+05:30,103.05,103.7,102.1,103.35,7271288
2015-11-03 00:00:00+05:30,103.35,104.15,102.65,103.2,4227944
2015-11-04 00:00:00+05:30,103.7,104.0,102.65,102.95,3263140
2015-11-05 00:00:00+05:30,103.0,103.3,102.25,102.55,2458484
2015-11-06 00:00:00+05:30,102.05,102.9,101.75,102.4,2744816
2015-11-09 00:00:00+05:30,101.25,101.85,99.9,100.65,5311904
2015-11-10 00:00:00+05:30,100.8,100.95,99.1,99.85,5722860
2015-11-11 00:00:00+05:30,100.25,100.8,99.85,99.95,335536
2015-11-13 00:00:00+05:30,99.55,99.75,98.9,99.1,2494964
2015-11-16 00:00:00+05:30,98.8,100.25,97.45,99.45,4443304
2015-11-17 00:00:00+05:30,100.05,100.05,99.0,99.85,5862148
2015-11-18 00:00:00+05:30,99.45,100.05,99.05,99.6,4921352
2015-11-19 00:00:00+05:30,99.75,101.0,99.35,100.0,4025348
2015-11-20 00:00:00+05:30,100.95,103.35,100.25,102.35,7415832
2015-11-23 00:00:00+05:30,103.15,103.55,101.95,102.4,4447176
2015-11-24 00:00:00+05:30,103.0,103.75,101.1,101.35,4081432
2015-11-26 00:00:00+05:30,100.45,102.95,100.45,102.3,7704836
2015-11-27 00:00:00+05:30,102.3,102.45,101.55,102.4,5353440
2015-11-30 00:00:00+05:30,102.2,103.45,101.85,103.0,16675952
2015-12-01 00:00:00+05:30,104.05,105.55,104.05,104.55,6900292
2015-12-02 00:00:00+05:30,105.05,105.2,103.55,103.8,2840704
2015-12-03 00:00:00+05:30,105.1,105.1,102.25,102.85,5230816
2015-12-04 00:00:00+05:30,102.85,102.85,101.05,102.25,4135000
2015-12-07 00:00:00+05:30,102.75,103.75,102.0,103.55,4660060
2015-12-08 00:00:00+05:30,103.2,104.0,101.45,101.75,2802604
2015-12-09 00:00:00+05:30,101.35,103.1,101.1,101.6,3167660
2015-12-10 00:00:00+05:30,101.85,102.4,100.55,101.55,4510792
2015-12-11 00:00:00+05:30,101.85,101.95,100.75,101.65,2768484
2015-12-14 00:00:00+05:30,101.2,102.4,100.6,101.85,2979768
2015-12-15 00:00:00+05:30,102.1,102.4,99.95,100.4,4795472
2015-12-16 00:00:00+05:30,99.25,100.4,99.25,99.7,8227552
2015-12-17 00:00:00+05:30,100.15,100.3,99.35,99.9,7622756
2015-12-18 00:00:00+05:30,99.55,100.1,98.9,99.6,11221248
2015-12-21 00:00:00+05:30,99.5,100.45,98.55,99.85,4655764
2015-12-22 00:00:00+05:30,99.7,100.15,99.35,99.75,4990408
2015-12-23 00:00:00+05:30,100.6,100.6,99.55,99.9,3166448
2015-12-24 00:00:00+05:30,99.95,100.55,99.65,100.1,1616132
2015-12-28 00:00:00+05:30,99.75,101.35,99.75,100.9,3915528
2015-12-29 00:00:00+05:30,100.95,102.05,100.4,101.35,3201428
2015-12-30 00:00:00+05:30,101.65,102.0,99.85,100.25,2008688
2015-12-31 00:00:00+05:30,100.25,101.25,100.05,100.6,5291084
2016-01-01 00:00:00+05:30,100.55,100.55,99.55,99.95,2374144
2016-01-04 00:00:00+05:30,100.05,100.6,99.85,100.2,2573728
2016-01-05 00:00:00+05:30,101.0,101.55,99.6,100.05,3515648
2016-01-06 00:00:00+05:30,100.05,100.55,99.35,99.75,4592656
2016-01-07 00:00:00+05:30,99.35,100.15,98.3,98.8,8376220
2016-01-08 00:00:00+05:30,99.25,100.2,98.75,99.85,3486228
2016-01-11 00:00:00+05:30,99.2,99.55,96.0,96.55,7465640
2016-01-12 00:00:00+05:30,96.4,99.0,95.45,98.65,5236628
2016-01-13 00:00:00+05:30,98.25,99.2,97.1,98.15,2690676
2016-01-14 00:00:00+05:30,97.9,98.8,96.3,97.95,4379000
2016-01-15 00:00:00+05:30,98.2,98.6,96.5,97.6,2500632
2016-01-18 00:00:00+05:30,96.5,99.0,95.35,98.3,6773944
2016-01-19 00:00:00+05:30,98.45,99.2,96.7,97.4,3829712
2016-01-20 00:00:00+05:30,96.85,99.2,95.8,97.5,4678584
2016-01-21 00:00:00+05:30,97.3,99.7,97.3,99.0,6975200
2016-01-22 00:00:00+05:30,99.8,99.8,98.3,98.85,3333948
2016-01-25 00:00:00+05:30,98.45,98.8,97.7,98.3,3182120
2016-01-27 00:00:00+05:30,98.85,99.7,97.7,99.3,8370392
2016-01-28 00:00:00+05:30,99.4,99.5,97.8,98.3,4844648
2016-01-29 00:00:00+05:30,98.55,101.65,98.55,101.15,5800932
2016-02-01 00:00:00+05:30,101.65,103.15,100.1,102.05,6027892
2016-02-02 00:00:00+05:30,102.4,102.7,101.4,101.9,5141372
2016-02-03 00:00:00+05:30,101.75,101.75,99.55,100.2,2410108
2016-02-04 00:00:00+05:30,100.65,100.95,99.5,100.6,4207488
2016-02-05 00:00:00+05:30,100.6,101.65,99.75,100.2,4306572
2016-02-08 00:00:00+05:30,100.25,100.65,97.6,97.9,3288564
2016-02-09 00:00:00+05:30,97.0,97.0,95.95,96.35,3200944
2016-02-10 00:00:00+05:30,96.35,96.45,94.85,95.45,3868032
2016-02-11 00:00:00+05:30,95.45,95.65,92.15,92.9,3952108
2016-02-12 00:00:00+05:30,94.3,95.1,91.35,92.95,7198968
2016-02-15 00:00:00+05:30,93.95,94.8,93.1,94.4,3910744
2016-02-16 00:00:00+05:30,94.65,95.3,93.65,94.6,2764416
2016-02-17 00:00:00+05:30,93.95,95.2,92.95,94.65,4322784
2016-02-18 00:00:00+05:30,94.85,97.7,94.85,97.25,3555280
2016-02-19 00:00:00+05:30,97.25,98.75,96.7,98.35,4326404
2016-02-22 00:00:00+05:30,98.3,98.45,96.4,97.5,3390748
2016-02-23 00:00:00+05:30,97.4,97.7,96.25,97.0,3777656
2016-02-24 00:00:00+05:30,97.0,97.45,95.3,95.9,3891992
2016-02-25 00:00:00+05:30,96.0,96.8,93.85,95.9,3839288
2016-02-26 00:00:00+05:30,97.05,97.35,94.6,95.3,3937932
2016-02-29 00:00:00+05:30,95.05,95.6,91.25,93.5,8318464
2016-03-01 00:00:00+05:30,94.35,96.85,94.05,96.2,6901088
2016-03-02 00:00:00+05:30,97.0,97.35,95.25,96.9,7161348
2016-03-03 00:00:00+05:30,97.05,98.55,96.15,97.5,4883356
2016-03-04 00:00:00+05:30,97.85,98.0,96.15,96.5,6400104
2016-03-08 00:00:00+05:30,96.6,97.65,95.95,97.3,6207996
2016-03-09 00:00:00+05:30,97.4,97.4,95.85,96.7,7947892
2016-03-10 00:00:00+05:30,96.85,97.0,95.75,96.25,4848640
2016-03-11 00:00:00+05:30,96.25,96.95,96.25,96.85,4472404
2016-03-14 00:00:00+05:30,97.55,97.55,96.4,97.15,4164456
2016-03-15 00:00:00+05:30,97.3,97.55,94.9,95.8,7788652
2016-03-16 00:00:00+05:30,96.15,97.1,95.25,96.75,7553736
2016-03-17 00:00:00+05:30,97.3,97.75,96.25,96.9,7379608
2016-03-18 00:00:00+05:30,97.1,99.5,97.1,99.05,10134440
2016-03-21 00:00:00+05:30,99.6,101.05,97.35,99.95,4418908
2016-03-22 00:00:00+05:30,99.95,99.95,99.05,99.35,5929068
2016-03-23 00:00:00+05:30,98.85,100.45,98.05,99.8,5770036
2016-03-28 00:00:00+05:30,100.35,101.3,98.7,99.9,5831984
2016-03-29 00:00:00+05:30,100.05,100.45,98.45,99.4,6013752
2016-03-30 00:00:00+05:30,99.35,101.3,99.05,101.0,5912600
2016-03-31 00:00:00+05:30,100.95,102.4,100.1,101.4,15503644
2016-04-01 00:00:00+05:30,101.85,102.85,100.1,101.0,5516564
2016-04-04 00:00:00+05:30,101.8,102.6,101.2,101.75,2789344
2016-04-05 00:00:00+05:30,101.75,101.75,100.1,100.45,3296568
2016-04-06 00:00:00+05:30,100.6,101.0,99.35,100.25,4356596
2016-04-07 00:00:00+05:30,100.25,100.6,98.9,99.15,2434876
2016-04-08 00:00:00+05:30,98.45,99.1,98.15,98.75,3762108
2016-04-11 00:00:00+05:30,98.65,102.15,97.4,101.65,4462144
2016-04-12 00:00:00+05:30,101.6,102.75,100.8,102.3,3370416
2016-04-13 00:00:00+05:30,104.75,106.35,104.3,105.1,8006248
2016-04-18 00:00:00+05:30,105.8,106.8,104.25,105.75,9828996
2016-04-20 00:00:00+05:30,107.45,109.1,105.9,108.0,18775672
2016-04-21 00:00:00+05:30,102.4,103.45,100.05,100.4,23232692
2016-04-22 00:00:00+05:30,100.6,101.1,99.75,100.25,8619516
2016-04-25 00:00:00+05:30,100.25,100.95,99.05,99.3,6863496
2016-04-26 00:00:00+05:30,99.3,100.25,98.85,99.6,7243128
2016-04-27 00:00:00+05:30,99.25,100.85,99.25,100.6,3592584
2016-04-28 00:00:00+05:30,100.5,101.35,99.0,99.35,10879372
2016-04-29 00:00:00+05:30,99.7,100.0,98.55,99.6,5122716
2016-05-02 00:00:00+05:30,99.0,99.35,97.95,98.55,3972308
2016-05-03 00:00:00+05:30,98.65,98.8,96.85,97.75,6907804
2016-05-04 00:00:00+05:30,97.5,97.65,96.5,97.0,5247836
2016-05-05 00:00:00+05:30,96.85,97.95,96.5,97.6,4368540
2016-05-06 00:00:00+05:30,98.2,98.2,95.5,95.8,5152816
2016-05-09 00:00:00+05:30,95.8,97.0,95.5,96.85,4017120
2016-05-10 00:00:00+05:30,96.8,97.4,96.0,96.8,3908636
2016-05-11 00:00:00+05:30,96.0,96.9,95.8,96.65,2894592
2016-05-12 00:00:00+05:30,96.7,97.6,96.25,97.45,3996136
2016-05-13 00:00:00+05:30,97.5,97.5,96.5,96.95,3396388
2016-05-16 00:00:00+05:30,97.15,97.65,96.35,97.15,4669248
2016-05-17 00:00:00+05:30,97.4,97.45,96.7,97.05,5106908
2016-05-18 00:00:00+05:30,96.85,97.15,96.1,96.9,5715848
2016-05-19 00:00:00+05:30,97.0,97.75,96.55,97.55,5013948
2016-05-20 00:00:00+05:30,97.65,98.45,97.5,97.65,3529884
2016-05-23 00:00:00+05:30,97.75,97.8,96.75,97.0,3656768
2016-05-24 00:00:00+05:30,97.0,97.1,96.2,96.6,3964656
2016-05-25 00:00:00+05:30,97.0,98.25,96.85,98.1,4980808
2016-05-26 00:00:00+05:30,98.1,98.6,97.55,97.9,4939924
2016-05-27 00:00:00+05:30,97.6,99.0,97.55,97.95,4845512
2016-05-30 00:00:00+05:30,98.3,99.3,97.8,98.85,4279984
2016-05-31 00:00:00+05:30,99.0,99.2,97.65,98.0,8280356
2016-06-01 00:00:00+05:30,98.0,99.85,98.0,99.65,4089744
2016-06-02 00:00:00+05:30,99.85,100.4,96.0,97.1,10322068
2016-06-03 00:00:00+05:30,97.3,97.65,96.85,97.15,5316424
2016-06-06 00:00:00+05:30,97.2,97.35,95.85,96.15,7728156
2016-06-07 00:00:00+05:30,97.0,97.2,96.55,97.0,7735396
2016-06-08 00:00:00+05:30,97.2,97.9,97.0,97.8,6096888
2016-06-09 00:00:00+05:30,98.3,98.3,97.4,97.85,7072568
2016-06-10 00:00:00+05:30,97.8,98.3,97.55,97.95,4769388
2016-06-13 00:00:00+05:30,97.1,97.85,96.85,97.25,2610284
2016-06-14 00:00:00+05:30,97.25,97.75,97.0,97.6,4201836
2016-06-15 00:00:00+05:30,98.05,98.4,97.45,98.3,1697424
2016-06-16 00:00:00+05:30,98.05,99.0,97.3,98.8,2761492
2016-06-17 00:00:00+05:30,99.1,99.55,98.65,99.2,6460356
2016-06-20 00:00:00+05:30,98.85,100.4,97.9,100.05,5556924
2016-06-21 00:00:00+05:30,100.2,101.15,99.4,100.8,3957776
2016-06-22 00:00:00+05:30,101.0,101.35,100.5,101.2,5543692
2016-06-23 00:00:00+05:30,101.15,101.55,100.5,101.3,2685004
2016-06-24 00:00:00+05:30,99.4,100.2,98.35,99.75,5407548
2016-06-27 00:00:00+05:30,99.7,99.7,98.3,98.45,4263760
2016-06-28 00:00:00+05:30,97.9,98.25,97.25,97.45,3971876
2016-06-29 00:00:00+05:30,97.8,100.05,97.4,99.65,3745392
2016-06-30 00:00:00+05:30,100.2,101.0,99.75,100.25,5838924
2016-07-01 00:00:00+05:30,100.55,101.55,100.05,100.4,2154708
2016-07-04 00:00:00+05:30,101.0,101.55,100.6,100.95,3978764
2016-07-05 00:00:00+05:30,100.95,102.2,99.85,101.55,3623604
2016-07-07 00:00:00+05:30,101.85,102.0,100.15,100.55,5710516
2016-07-08 00:00:00+05:30,100.55,101.25,99.75,100.95,3486284
2016-07-11 00:00:00+05:30,101.55,102.6,101.1,102.2,4131828
2016-07-12 00:00:00+05:30,101.75,102.75,101.55,102.55,2624176
2016-07-13 00:00:00+05:30,103.15,103.8,102.35,103.15,4228788
2016-07-14 00:00:00+05:30,102.3,103.15,101.65,102.5,2035484
2016-07-15 00:00:00+05:30,102.35,103.3,99.4,99.65,13710156
2016-07-18 00:00:00+05:30,99.45,99.55,97.85,99.2,6588592
2016-07-19 00:00:00+05:30,97.9,99.5,97.75,98.7,11158264
2016-07-20 00:00:00+05:30,93.05,97.25,93.05,96.85,38082984
2016-07-21 00:00:00+05:30,96.85,97.85,96.85,97.4,5777612
2016-07-22 00:00:00+05:30,97.0,97.2,96.1,96.65,5497520
2016-07-25 00:00:00+05:30,96.6,97.7,96.1,97.55,2931408
2016-07-26 00:00:00+05:30,97.4,98.95,97.2,98.1,6564156
2016-07-27 00:00:00+05:30,98.1,99.35,97.5,98.65,5651316
2016-07-28 00:00:00+05:30,98.35,100.0,97.75,99.5,4595600
2016-07-29 00:00:00+05:30,99.25,99.35,97.5,97.9,5576344
2016-08-01 00:00:00+05:30,97.9,100.95,97.9,100.2,9092780
2016-08-02 00:00:00+05:30,100.25,100.45,98.45,98.75,4662248
2016-08-03 00:00:00+05:30,98.45,99.75,98.25,98.45,5777940
2016-08-04 00:00:00+05:30,98.4,99.2,97.95,98.5,4599080
2016-08-05 00:00:00+05:30,98.05,99.3,98.0,98.3,2331468
2016-08-08 00:00:00+05:30,98.15,99.35,98.15,98.65,4101384
2016-08-09 00:00:00+05:30,98.4,99.3,98.15,99.1,3507688
2016-08-10 00:00:00+05:30,98.85,99.0,97.0,97.5,2527332
2016-08-11 00:00:00+05:30,97.2,98.35,97.0,97.55,1999204
2016-08-12 00:00:00+05:30,97.1,98.75,97.1,97.7,3122604
2016-08-16 00:00:00+05:30,97.7,98.1,96.05,96.4,3704300
2016-08-17 00:00:00+05:30,96.45,96.7,94.6,94.8,3975344
2016-08-18 00:00:00+05:30,95.2,95.25,94.0,94.35,3638800
2016-08-19 00:00:00+05:30,94.65,95.2,93.25,93.45,4127840
2016-08-22 00:00:00+05:30,93.05,93.45,92.4,92.6,4067144
2016-08-23 00:00:00+05:30,92.55,93.55,92.5,93.35,4617016
2016-08-24 00:00:00+05:30,93.45,93.8,92.9,93.4,4190352
2016-08-25 00:00:00+05:30,93.65,93.7,90.2,90.55,19348552
2016-08-26 00:00:00+05:30,90.55,90.9,87.7,88.05,13273932
2016-08-29 00:00:00+05:30,88.2,88.3,85.75,86.05,20382504
2016-08-30 00:00:00+05:30,86.05,88.1,85.95,87.95,18124184
2016-08-31 00:00:00+05:30,88.35,89.15,87.35,88.3,11244112
2016-09-01 00:00:00+05:30,88.0,88.0,86.5,86.95,7953656
2016-09-02 00:00:00+05:30,87.0,87.2,86.15,86.9,6458408
2016-09-06 00:00:00+05:30,87.1,87.2,86.2,86.75,6368292
2016-09-07 00:00:00+05:30,87.65,88.0,86.25,86.55,8589800
2016-09-08 00:00:00+05:30,85.7,86.2,84.5,85.15,8918896
2016-09-09 00:00:00+05:30,85.85,86.8,85.2,86.35,7584832
2016-09-12 00:00:00+05:30,85.3,86.85,84.8,86.3,7551324
2016-09-14 00:00:00+05:30,87.05,87.1,85.5,85.9,7369792
2016-09-15 00:00:00+05:30,86.2,86.2,85.2,86.0,7258488
2016-09-16 00:00:00+05:30,86.45,86.65,85.9,86.15,9243216
2016-09-19 00:00:00+05:30,86.2,86.6,85.55,86.2,8474944
2016-09-20 00:00:00+05:30,86.7,86.7,85.9,86.4,4371992
2016-09-21 00:00:00+05:30,86.8,87.05,86.3,86.95,6501464
2016-09-22 00:00:00+05:30,87.1,87.15,86.2,86.55,5724776
2016-09-23 00:00:00+05:30,86.85,86.9,86.1,86.25,9225664
2016-09-26 00:00:00+05:30,86.3,86.4,85.55,86.15,8954432
2016-09-27 00:00:00+05:30,86.3,87.1,86.1,87.0,7408716
2016-09-28 00:00:00+05:30,87.05,87.1,86.3,86.9,3183772
2016-09-29 00:00:00+05:30,86.9,86.95,84.45,84.8,19763312
2016-09-30 00:00:00+05:30,84.95,86.2,84.95,86.1,8412732
2016-10-03 00:00:00+05:30,86.2,86.25,85.2,86.1,4002516
2016-10-04 00:00:00+05:30,86.1,87.1,86.1,86.55,5321984
2016-10-05 00:00:00+05:30,86.55,86.8,85.65,86.2,5653776
2016-10-06 00:00:00+05:30,86.2,86.35,85.75,85.9,5547012
2016-10-07 00:00:00+05:30,85.9,86.2,85.45,85.7,4174724
2016-10-10 00:00:00+05:30,85.75,86.2,85.55,85.7,2653504
2016-10-13 00:00:00+05:30,85.7,86.1,85.25,85.95,5497020
2016-10-14 00:00:00+05:30,85.85,86.45,85.2,85.35,5163148
2016-10-17 00:00:00+05:30,85.35,85.45,84.7,84.8,6223796
2016-10-18 00:00:00+05:30,85.0,87.0,84.95,86.75,4351008
2016-10-19 00:00:00+05:30,87.1,89.3,86.95,88.95,9283980
2016-10-20 00:00:00+05:30,89.5,90.05,88.4,89.0,4689288
2016-10-21 00:00:00+05:30,89.8,90.05,88.6,89.7,7962872
2016-10-24 00:00:00+05:30,88.05,88.05,85.85,86.95,13934588
2016-10-25 00:00:00+05:30,87.0,87.1,86.15,86.5,13949440
2016-10-26 00:00:00+05:30,86.35,86.35,84.55,84.7,5497044
2016-10-27 00:00:00+05:30,84.65,85.1,82.6,82.95,7532124
2016-10-28 00:00:00+05:30,82.95,83.8,81.6,83.0,9240188
2016-11-01 00:00:00+05:30,83.55,83.85,82.6,82.75,2840044
2016-11-02 00:00:00+05:30,82.25,82.8,81.3,82.25,5642724
2016-11-03 00:00:00+05:30,82.3,82.6,80.15,80.4,6040484
2016-11-04 00:00:00+05:30,80.4,81.55,79.8,81.3,4910588
2016-11-07 00:00:00+05:30,81.75,81.85,80.55,80.85,5350932
2016-11-08 00:00:00+05:30,81.4,81.95,80.2,81.15,5187180
2016-11-09 00:00:00+05:30,76.4,80.95,73.3,80.3,8669056
2016-11-10 00:00:00+05:30,81.05,81.1,79.05,79.95,6237284
2016-11-11 00:00:00+05:30,79.4,79.8,78.0,79.5,7864224
2016-11-15 00:00:00+05:30,79.35,81.1,78.95,80.45,28279308
2016-11-16 00:00:00+05:30,80.65,81.7,79.45,80.0,6621832
2016-11-17 00:00:00+05:30,79.65,79.95,77.95,78.75,8307316
2016-11-18 00:00:00+05:30,79.05,79.45,77.7,78.55,4322332
2016-11-21 00:00:00+05:30,78.6,79.75,78.55,79.4,6682184
2016-11-22 00:00:00+05:30,79.45,81.4,78.9,80.9,4418656
2016-11-23 00:00:00+05:30,80.9,81.2,79.45,80.65,5067604
2016-11-24 00:00:00+05:30,80.55,81.75,80.25,81.0,5530652
2016-11-25 00:00:00+05:30,81.4,83.95,81.05,83.5,5116944
2016-11-28 00:00:00+05:30,84.1,84.1,81.9,82.75,4601640
2016-11-29 00:00:00+05:30,82.9,83.85,82.7,83.6,2500256
2016-11-30 00:00:00+05:30,83.55,84.6,83.0,83.6,8690784
2016-12-01 00:00:00+05:30,84.4,84.6,83.4,84.15,2476596
2016-12-02 00:00:00+05:30,84.55,84.6,82.35,82.7,3030952
2016-12-05 00:00:00+05:30,82.6,82.6,81.4,82.1,2382088
2016-12-06 00:00:00+05:30,81.95,83.15,81.95,82.25,2518340
2016-12-07 00:00:00+05:30,82.3,82.55,81.2,81.45,2358684
2016-12-08 00:00:00+05:30,81.75,82.5,81.6,82.35,4197324
2016-12-09 00:00:00+05:30,82.3,82.85,82.05,82.3,4072704
2016-12-12 00:00:00+05:30,81.75,81.95,81.1,81.5,2873500
2016-12-13 00:00:00+05:30,82.05,83.4,81.8,83.35,4701788
2016-12-14 00:00:00+05:30,83.4,84.2,83.25,83.8,4130932
2016-12-15 00:00:00+05:30,82.75,84.75,82.75,83.75,4133484
2016-12-16 00:00:00+05:30,83.8,84.5,82.6,83.25,6614140
2016-12-19 00:00:00+05:30,83.15,83.85,83.1,83.3,3108416
2016-12-20 00:00:00+05:30,83.9,84.4,82.95,83.85,3250736
2016-12-21 00:00:00+05:30,84.2,84.55,82.85,83.1,4114968
2016-12-22 00:00:00+05:30,83.1,83.8,82.5,82.95,3234464
2016-12-23 00:00:00+05:30,83.5,83.55,81.85,82.4,2688844
2016-12-26 00:00:00+05:30,82.3,82.7,81.45,82.0,2487608
2016-12-27 00:00:00+05:30,81.75,83.75,81.6,83.6,2214092
2016-12-28 00:00:00+05:30,83.75,85.4,83.55,84.3,4765476
2016-12-29 00:00:00+05:30,84.25,85.7,83.4,84.85,8180920
2016-12-30 00:00:00+05:30,85.1,85.6,84.6,85.25,2084724
2017-01-02 00:00:00+05:30,85.35,85.95,84.55,84.7,1845712
2017-01-03 00:00:00+05:30,84.95,85.15,83.7,83.95,2765204
2017-01-04 00:00:00+05:30,83.95,85.85,83.75,85.45,4537980
2017-01-05 00:00:00+05:30,85.75,87.3,85.75,86.3,3912748
2017-01-06 00:00:00+05:30,86.0,86.25,84.25,84.45,6286292
2017-01-09 00:00:00+05:30,84.25,85.25,82.95,84.75,2941688
2017-01-10 00:00:00+05:30,84.9,86.05,84.65,85.6,2646288
2017-01-11 00:00:00+05:30,85.9,86.5,85.35,85.55,3380272
2017-01-12 00:00:00+05:30,85.55,87.0,85.2,86.8,2806108
2017-01-13 00:00:00+05:30,87.15,87.4,86.3,87.1,3242092
2017-01-16 00:00:00+05:30,86.75,87.65,86.2,87.1,2420500
2017-01-17 00:00:00+05:30,87.2,87.65,86.3,86.7,2211708
2017-01-18 00:00:00+05:30,86.7,87.5,86.2,86.8,2147716
2017-01-19 00:00:00+05:30,86.85,87.05,85.4,86.1,3588960
2017-01-20 00:00:00+05:30,85.65,86.2,85.35,85.9,3057916
2017-01-23 00:00:00+05:30,84.85,87.05,84.75,86.2,4581356
2017-01-24 00:00:00+05:30,86.7,86.8,85.55,86.5,2940876
2017-01-25 00:00:00+05:30,86.6,87.0,84.6,85.1,8179884
2017-01-27 00:00:00+05:30,84.35,85.1,83.45,83.65,7704120
2017-01-30 00:00:00+05:30,83.35,84.1,82.2,83.7,7390452
2017-01-31 00:00:00+05:30,83.7,83.7,80.0,82.3,10971308
2017-02-01 00:00:00+05:30,82.8,82.8,80.85,81.95,6563068
2017-02-02 00:00:00+05:30,81.95,82.3,80.15,81.9,6128800
2017-02-03 00:00:00+05:30,81.95,82.55,81.6,82.25,3511840
2017-02-06 00:00:00+05:30,82.35,83.15,81.7,82.85,4949640
2017-02-07 00:00:00+05:30,83.0,83.0,81.9,82.35,3344828
2017-02-08 00:00:00+05:30,82.3,83.6,82.15,82.7,5255780
2017-02-09 00:00:00+05:30,82.3,83.9,82.2,83.75,3955604
2017-02-10 00:00:00+05:30,84.0,84.8,83.45,84.3,3070088
2017-02-13 00:00:00+05:30,84.1,85.55,84.0,85.25,3392604
2017-02-14 00:00:00+05:30,85.75,85.85,84.8,85.65,3464296
2017-02-15 00:00:00+05:30,85.65,86.15,84.25,85.3,4230368
2017-02-16 00:00:00+05:30,84.95,86.6,84.95,86.4,4250260
2017-02-17 00:00:00+05:30,86.6,86.9,85.15,85.4,3158020
2017-02-20 00:00:00+05:30,85.35,85.8,84.95,85.45,2290908
2017-02-21 00:00:00+05:30,85.35,86.35,85.2,85.5,5122060
2017-02-22 00:00:00+05:30,85.35,85.8,84.5,85.25,4169084
2017-02-23 00:00:00+05:30,85.25,87.9,84.7,87.3,6520400
2017-02-27 00:00:00+05:30,86.2,88.5,86.2,88.0,5646152
2017-02-28 00:00:00+05:30,88.05,88.4,87.5,87.85,4050856
2017-03-01 00:00:00+05:30,87.7,89.0,87.25,87.8,4069728
2017-03-02 00:00:00+05:30,88.75,89.05,87.7,88.1,4067308
2017-03-03 00:00:00+05:30,88.15,89.05,87.55,88.75,2960472
2017-03-06 00:00:00+05:30,88.25,88.5,87.8,88.35,2357476
2017-03-07 00:00:00+05:30,88.65,89.75,88.35,89.0,6600812
2017-03-08 00:00:00+05:30,88.9,89.15,87.95,88.95,2298504
2017-03-09 00:00:00+05:30,88.55,88.55,86.85,87.05,2819580
2017-03-10 00:00:00+05:30,87.15,87.85,86.9,87.5,2185804
2017-03-14 00:00:00+05:30,88.05,90.65,87.95,90.05,4914936
2017-03-15 00:00:00+05:30,90.85,90.9,88.45,88.9,7205708
2017-03-16 00:00:00+05:30,89.4,90.35,88.95,89.95,6636668
2017-03-17 00:00:00+05:30,90.55,91.1,89.65,90.6,6656864
2017-03-20 00:00:00+05:30,90.55,90.6,89.0,89.4,2813912
2017-03-21 00:00:00+05:30,88.6,90.15,88.6,89.6,4463544
2017-03-22 00:00:00+05:30,88.65,90.4,88.4,89.95,7965064
2017-03-23 00:00:00+05:30,90.35,92.0,90.0,91.65,11192156
2017-03-24 00:00:00+05:30,91.55,92.3,91.55,92.2,6046544
2017-03-27 00:00:00+05:30,91.35,92.0,90.3,90.55,3924536
2017-03-28 00:00:00+05:30,90.7,91.85,90.3,91.2,2492440
2017-03-29 00:00:00+05:30,91.4,92.3,90.2,92.0,4035532
2017-03-30 00:00:00+05:30,91.8,93.2,91.0,92.7,10717744
2017-03-31 00:00:00+05:30,92.0,93.0,91.6,92.65,6046236
2017-04-03 00:00:00+05:30,92.8,92.8,90.85,91.1,3120216
2017-04-05 00:00:00+05:30,90.9,92.0,90.2,91.8,4877112
2017-04-06 00:00:00+05:30,91.1,92.6,91.0,92.45,5985220
2017-04-07 00:00:00+05:30,92.2,92.2,91.45,92.0,9147736
2017-04-10 00:00:00+05:30,92.5,93.05,90.25,90.6,10349108
2017-04-11 00:00:00+05:30,90.5,91.95,89.85,91.7,4727996
2017-04-12 00:00:00+05:30,91.6,91.65,89.7,90.0,5443744
2017-04-13 00:00:00+05:30,90.0,90.55,88.45,89.0,7256076
2017-04-17 00:00:00+05:30,89.1,89.1,88.05,88.45,5848696
2017-04-18 00:00:00+05:30,88.2,89.45,88.1,88.75,4713984
2017-04-19 00:00:00+05:30,89.4,89.75,88.1,89.55,4907596
2017-04-20 00:00:00+05:30,89.5,90.75,89.15,89.8,3769236
2017-04-21 00:00:00+05:30,89.85,90.4,86.8,88.25,6334352
2017-04-24 00:00:00+05:30,87.55,88.95,87.1,88.3,5165516
2017-04-25 00:00:00+05:30,88.65,89.85,87.9,88.8,8828032
2017-04-26 00:00:00+05:30,90.35,92.05,87.8,88.15,45385536
2017-04-27 00:00:00+05:30,88.75,89.55,87.75,89.15,14898080
2017-04-28 00:00:00+05:30,89.3,89.45,88.05,88.8,9065000
2017-05-02 00:00:00+05:30,89.15,89.5,88.7,88.9,4176372
2017-05-03 00:00:00+05:30,89.55,89.8,88.8,89.2,3049036
2017-05-04 00:00:00+05:30,89.35,90.05,88.75,89.85,3036696
2017-05-05 00:00:00+05:30,89.8,90.05,89.2,89.7,2042180
2017-05-08 00:00:00+05:30,89.85,90.6,89.15,90.2,3751532
2017-05-09 00:00:00+05:30,90.55,91.6,89.95,91.45,5686376
2017-05-10 00:00:00+05:30,91.2,91.7,89.6,89.75,3344300
2017-05-11 00:00:00+05:30,90.3,90.85,89.9,90.65,2545348
2017-05-12 00:00:00+05:30,90.85,91.25,90.6,91.1,4523328
2017-05-15 00:00:00+05:30,91.65,91.65,90.1,90.95,2662252
2017-05-16 00:00:00+05:30,90.8,92.75,90.8,92.55,5360136
2017-05-17 00:00:00+05:30,92.9,93.0,91.3,91.75,5521972
2017-05-18 00:00:00+05:30,91.1,94.8,90.9,94.4,12842736
2017-05-19 00:00:00+05:30,94.65,94.8,93.1,93.4,3823212
2017-05-22 00:00:00+05:30,93.75,94.05,91.0,93.65,4299804
2017-05-23 00:00:00+05:30,93.8,95.05,93.5,94.55,6551508
2017-05-24 00:00:00+05:30,94.8,95.65,93.4,94.35,4977744
2017-05-25 00:00:00+05:30,94.4,96.8,94.4,96.4,15075080
2017-05-26 00:00:00+05:30,95.95,97.85,95.5,96.85,5824384
2017-05-29 00:00:00+05:30,96.85,96.85,95.2,96.05,2375208
2017-05-30 00:00:00+05:30,95.2,97.0,95.1,96.35,4978036
2017-05-31 00:00:00+05:30,96.6,97.0,95.8,96.2,11732252
2017-06-01 00:00:00+05:30,96.2,97.9,96.05,97.2,3188116
2017-06-02 00:00:00+05:30,97.6,99.5,97.15,99.15,4821056
2017-06-05 00:00:00+05:30,99.15,100.2,98.2,99.8,7225480
2017-06-06 00:00:00+05:30,99.85,102.0,99.15,100.7,8287460
2017-06-07 00:00:00+05:30,100.65,100.9,96.15,98.7,10321664
2017-06-08 00:00:00+05:30,98.8,99.35,97.3,98.05,6001348
2017-06-09 00:00:00+05:30,97.75,97.75,95.5,96.5,7038460
2017-06-12 00:00:00+05:30,96.25,96.25,93.55,94.55,9297060
2017-06-13 00:00:00+05:30,93.45,95.85,92.2,93.05,6709534
2017-06-14 00:00:00+05:30,93.95,93.95,90.65,92.0,6060390
2017-06-15 00:00:00+05:30,93.45,94.1,91.7,93.75,6238354
2017-06-16 00:00:00+05:30,93.5,94.5,90.85,91.75,6022718
2017-06-19 00:00:00+05:30,92.0,92.65,91.05,91.5,2918754
2017-06-20 00:00:00+05:30,91.65,92.05,91.1,91.4,1547594
2017-06-21 00:00:00+05:30,91.4,92.15,90.55,92.0,3671780
2017-06-22 00:00:00+05:30,92.0,93.0,91.0,91.7,2882430
2017-06-23 00:00:00+05:30,91.3,93.4,90.9,92.25,4538966
2017-06-27 00:00:00+05:30,91.85,92.7,91.1,92.15,7155374
2017-06-28 00:00:00+05:30,92.7,93.2,91.4,92.85,3336054
2017-06-29 00:00:00+05:30,93.45,93.8,92.0,93.2,9708728
2017-06-30 00:00:00+05:30,92.25,93.75,92.0,92.8,5431916
2017-07-03 00:00:00+05:30,93.45,93.6,90.55,93.3,4179536
2017-07-04 00:00:00+05:30,92.7,93.8,91.65,93.45,4401256
2017-07-05 00:00:00+05:30,93.45,93.6,92.1,92.6,3773002
2017-07-06 00:00:00+05:30,92.6,93.45,92.0,92.6,3299140
2017-07-07 00:00:00+05:30,91.7,92.8,91.65,92.6,2917356
2017-07-10 00:00:00+05:30,93.45,96.65,92.3,96.4,1334664
2017-07-11 00:00:00+05:30,95.7,98.25,94.2,94.55,8120810
2017-07-12 00:00:00+05:30,94.75,95.5,93.95,94.8,2378182
2017-07-13 00:00:00+05:30,94.8,95.55,93.95,94.85,3248632
2017-07-14 00:00:00+05:30,94.9,95.2,93.05,93.4,4909010
2017-07-17 00:00:00+05:30,95.75,98.45,95.05,95.85,15538494
2017-07-18 00:00:00+05:30,96.05,97.95,95.8,96.7,5507008
2017-07-19 00:00:00+05:30,97.0,97.8,96.05,97.4,5946116
2017-07-20 00:00:00+05:30,97.3,98.55,96.4,96.75,5353248
2017-07-21 00:00:00+05:30,102.0,104.5,100.7,102.8,32784506
2017-07-24 00:00:00+05:30,104.25,105.5,103.95,104.75,13109714
2017-07-25 00:00:00+05:30,105.25,105.3,103.85,104.05,6744954
2017-07-26 00:00:00+05:30,104.2,104.75,103.45,104.0,5941184
2017-07-27 00:00:00+05:30,104.2,105.4,103.25,104.1,11811260
2017-07-28 00:00:00+05:30,104.2,104.5,103.5,103.85,4866034
2017-07-31 00:00:00+05:30,104.2,104.35,103.3,103.65,5100812
2017-08-01 00:00:00+05:30,103.85,106.35,103.85,105.9,8070344
2017-08-02 00:00:00+05:30,105.6,106.95,105.3,105.55,4852228
2017-08-03 00:00:00+05:30,105.9,106.15,103.7,103.9,7291650
2017-08-04 00:00:00+05:30,104.15,105.35,103.85,104.0,5097044
2017-08-07 00:00:00+05:30,104.05,104.2,103.2,103.45,2940998
2017-08-08 00:00:00+05:30,104.65,104.75,102.35,103.3,5459826
2017-08-09 00:00:00+05:30,103.2,103.7,102.75,102.95,2179700
2017-08-10 00:00:00+05:30,102.75,104.0,102.65,103.55,5416688
2017-08-11 00:00:00+05:30,103.5,105.85,103.4,104.1,7099794
2017-08-14 00:00:00+05:30,104.25,104.5,103.25,103.65,3219116
2017-08-16 00:00:00+05:30,104.0,104.25,103.5,104.2,4022568
2017-08-17 00:00:00+05:30,104.5,104.55,103.5,103.6,5274688
2017-08-18 00:00:00+05:30,103.55,104.55,103.5,103.55,5961676
2017-08-21 00:00:00+05:30,104.0,104.65,103.25,103.4,5710020
2017-08-22 00:00:00+05:30,104.35,105.3,103.8,104.25,5429042
2017-08-23 00:00:00+05:30,104.6,104.85,104.05,104.2,4667558
2017-08-24 00:00:00+05:30,104.35,104.55,103.75,104.0,5560186
2017-08-28 00:00:00+05:30,104.2,104.85,104.1,104.45,4286840
2017-08-29 00:00:00+05:30,104.45,104.95,104.25,104.45,3518856
2017-08-30 00:00:00+05:30,104.7,104.95,104.4,104.65,3674764
2017-08-31 00:00:00+05:30,106.0,107.95,105.65,107.5,20689292
2017-09-01 00:00:00+05:30,107.1,107.2,106.3,106.55,6401724
2017-09-04 00:00:00+05:30,106.7,107.1,106.25,106.8,6015034
2017-09-05 00:00:00+05:30,106.85,107.25,106.55,106.8,5841762
2017-09-06 00:00:00+05:30,106.7,107.05,106.4,106.8,6182474
2017-09-07 00:00:00+05:30,107.1,107.75,106.9,107.45,6682560
2017-09-08 00:00:00+05:30,107.8,108.4,107.25,107.95,9034942
2017-09-11 00:00:00+05:30,108.3,109.05,107.9,108.2,10706696
2017-09-12 00:00:00+05:30,108.55,108.85,106.9,107.1,15683618
2017-09-13 00:00:00+05:30,107.1,107.65,106.1,106.35,13263060
2017-09-14 00:00:00+05:30,101.15,103.8,101.05,101.8,11627830
2017-09-15 00:00:00+05:30,103.15,103.25,101.25,102.65,11250962
2017-09-18 00:00:00+05:30,101.85,104.2,101.85,103.95,3645494
2017-09-19 00:00:00+05:30,103.95,104.7,103.35,103.95,3417926
2017-09-20 00:00:00+05:30,103.8,105.0,102.85,104.9,4284710
2017-09-21 00:00:00+05:30,104.4,105.25,104.1,104.9,3715828
2017-09-22 00:00:00+05:30,104.4,106.0,104.35,105.8,6072874
2017-09-25 00:00:00+05:30,105.35,105.85,104.25,104.9,2684086
2017-09-26 00:00:00+05:30,104.55,105.05,103.85,104.25,3104004
2017-09-27 00:00:00+05:30,104.4,104.45,103.25,103.6,4577142
2017-09-28 00:00:00+05:30,104.1,104.25,102.35,102.75,7983332
2017-09-29 00:00:00+05:30,103.25,103.5,100.3,100.7,3177114
2017-10-03 00:00:00+05:30,101.15,102.65,100.7,101.65,2572610
2017-10-04 00:00:00+05:30,101.65,102.85,101.2,101.65,1751196
2017-10-05 00:00:00+05:30,101.85,102.4,101.35,101.85,1160308
2017-10-06 00:00:00+05:30,102.4,103.15,101.95,103.0,2986698
2017-10-09 00:00:00+05:30,102.75,103.25,102.25,103.05,1012730
2017-10-10 00:00:00+05:30,103.05,103.6,102.4,103.15,1826546
2017-10-11 00:00:00+05:30,103.15,104.85,102.85,104.4,3835328
2017-10-12 00:00:00+05:30,104.55,106.0,104.2,105.45,3456000
2017-10-13 00:00:00+05:30,105.85,106.3,104.45,104.9,3166988
2017-10-16 00:00:00+05:30,104.9,105.1,103.25,104.45,5203836
2017-10-17 00:00:00+05:30,104.95,105.15,102.85,104.15,7380716
2017-10-18 00:00:00+05:30,104.05,107.5,104.05,105.9,10899246
2017-10-23 00:00:00+05:30,105.2,106.85,105.05,106.7,5599482
2017-10-24 00:00:00+05:30,106.55,107.4,106.05,106.7,2984016
2017-10-25 00:00:00+05:30,106.8,108.5,106.4,107.4,3452132
2017-10-26 00:00:00+05:30,107.0,109.2,106.75,108.65,7552994
2017-10-27 00:00:00+05:30,107.55,107.75,106.0,106.7,2458356
2017-10-30 00:00:00+05:30,106.5,106.5,104.95,105.4,2857440
2017-10-31 00:00:00+05:30,105.4,106.55,105.2,105.65,2164600
2017-11-01 00:00:00+05:30,106.4,106.6,105.3,105.5,1708118
2017-11-02 00:00:00+05:30,105.5,106.25,105.3,105.4,1923252
2017-11-03 00:00:00+05:30,105.55,106.3,105.55,105.85,1580644
2017-11-06 00:00:00+05:30,105.6,108.15,105.45,107.7,2907398
2017-11-07 00:00:00+05:30,107.7,110.95,107.15,108.65,11370892
2017-11-08 00:00:00+05:30,109.15,110.15,108.2,108.7,3941662
2017-11-09 00:00:00+05:30,108.9,109.4,107.65,108.7,1914778
2017-11-10 00:00:00+05:30,108.75,109.25,107.15,108.8,3160504
2017-11-13 00:00:00+05:30,107.9,109.4,107.1,107.3,1555178
2017-11-14 00:00:00+05:30,107.7,107.85,106.15,107.25,2659292
2017-11-15 00:00:00+05:30,107.25,107.7,105.65,106.55,2939014
2017-11-16 00:00:00+05:30,107.1,107.5,105.9,106.95,3634614
2017-11-17 00:00:00+05:30,107.15,107.4,105.8,106.05,3480160
2017-11-20 00:00:00+05:30,106.05,106.7,105.05,105.75,3856890
2017-11-21 00:00:00+05:30,106.75,107.1,105.35,105.6,4120788
2017-11-22 00:00:00+05:30,106.25,106.25,105.3,105.75,2543844
2017-11-23 00:00:00+05:30,106.1,106.1,105.35,105.5,1352888
2017-11-24 00:00:00+05:30,105.8,105.8,104.55,105.2,3216986
2017-11-27 00:00:00+05:30,104.65,106.15,104.55,105.9,2097678
2017-11-28 00:00:00+05:30,106.0,106.35,105.4,105.95,3007096
2017-11-29 00:00:00+05:30,106.0,107.5,105.5,107.35,5051608
2017-11-30 00:00:00+05:30,107.55,107.95,104.0,104.9,13699120
2017-12-01 00:00:00+05:30,104.95,105.55,103.55,104.0,2856560
2017-12-04 00:00:00+05:30,103.15,104.6,101.65,104.2,6592984
2017-12-05 00:00:00+05:30,103.7,103.7,101.65,101.8,3717174
2017-12-06 00:00:00+05:30,101.75,102.2,100.85,101.55,4319946
2017-12-07 00:00:00+05:30,101.85,102.3,100.6,101.05,5049000
2017-12-08 00:00:00+05:30,101.65,102.75,101.2,101.65,3632848
2017-12-11 00:00:00+05:30,102.1,104.2,102.1,104.0,3094408
2017-12-12 00:00:00+05:30,104.35,104.7,102.45,103.45,2485912
2017-12-13 00:00:00+05:30,103.6,104.0,102.5,103.2,2183564
2017-12-14 00:00:00+05:30,103.6,104.35,101.5,103.7,2531360
2017-12-15 00:00:00+05:30,103.7,104.45,103.05,104.1,3698230
2017-12-18 00:00:00+05:30,103.15,107.0,102.1,106.3,5167882
2017-12-19 00:00:00+05:30,106.0,106.7,104.4,105.05,7637878
2017-12-20 00:00:00+05:30,105.95,107.25,105.05,106.55,5311210
2017-12-21 00:00:00+05:30,106.3,107.45,105.8,107.0,2783462
2017-12-22 00:00:00+05:30,107.1,109.05,106.4,108.4,3517168
2017-12-26 00:00:00+05:30,108.25,110.3,107.15,108.85,3711072
2017-12-27 00:00:00+05:30,109.2,110.7,107.8,110.15,3631466
2017-12-28 00:00:00+05:30,109.9,111.35,108.7,110.7,10094544
2017-12-29 00:00:00+05:30,109.7,113.7,108.9,112.95,7552496
2018-01-01 00:00:00+05:30,111.9,115.0,111.25,113.75,6700794
2018-01-02 00:00:00+05:30,113.5,116.45,113.0,114.5,5749036
2018-01-03 00:00:00+05:30,115.15,115.15,110.95,111.35,4395354
2018-01-04 00:00:00+05:30,111.45,112.45,110.5,111.95,2929168
2018-01-05 00:00:00+05:30,112.45,112.8,110.6,111.25,3226410
2018-01-08 00:00:00+05:30,111.4,112.45,111.1,111.8,3570496
2018-01-09 00:00:00+05:30,112.3,115.0,110.1,114.0,9151144
2018-01-10 00:00:00+05:30,113.7,117.8,113.25,117.35,7622276
2018-01-11 00:00:00+05:30,116.3,117.15,114.6,115.35,4232924
2018-01-12 00:00:00+05:30,115.35,116.35,114.0,114.55,6325328
2018-01-15 00:00:00+05:30,114.55,116.5,112.6,113.2,2390420
2018-01-16 00:00:00+05:30,113.9,120.0,113.55,119.25,12332890
2018-01-17 00:00:00+05:30,119.65,119.85,116.8,117.05,6085012
2018-01-18 00:00:00+05:30,117.5,117.95,115.75,116.9,3541562
2018-01-19 00:00:00+05:30,117.5,118.6,115.2,118.2,3216202
2018-01-22 00:00:00+05:30,113.95,118.2,113.95,115.55,9145138
2018-01-23 00:00:00+05:30,115.75,116.05,112.6,113.3,6460054
2018-01-24 00:00:00+05:30,113.75,116.25,112.15,112.8,13156546
2018-01-25 00:00:00+05:30,113.45,114.25,110.95,112.1,16597378
2018-01-29 00:00:00+05:30,112.9,113.6,111.3,111.8,7047954
2018-01-30 00:00:00+05:30,111.25,112.2,109.45,110.4,4559996
2018-01-31 00:00:00+05:30,110.0,111.05,108.35,109.45,5647826
2018-02-01 00:00:00+05:30,109.6,111.1,107.8,108.05,4404656
2018-02-02 00:00:00+05:30,107.5,108.7,106.1,108.0,5035248
2018-02-05 00:00:00+05:30,107.1,109.75,106.35,107.35,4388292
2018-02-06 00:00:00+05:30,104.8,106.45,104.25,105.85,4866984
2018-02-07 00:00:00+05:30,107.15,107.15,103.5,104.0,4997074
2018-02-08 00:00:00+05:30,104.25,105.85,103.15,104.15,10594134
2018-02-09 00:00:00+05:30,103.85,103.85,102.0,102.4,6303954
2018-02-12 00:00:00+05:30,103.5,104.55,102.75,103.85,5041718
2018-02-14 00:00:00+05:30,104.2,106.65,104.05,105.45,6047344
2018-02-15 00:00:00+05:30,106.25,106.25,104.35,105.1,3311300
2018-02-16 00:00:00+05:30,105.3,106.35,104.25,104.55,6156786
2018-02-19 00:00:00+05:30,105.3,105.3,103.75,104.2,3315654
2018-02-20 00:00:00+05:30,104.2,105.4,103.9,104.7,6870470
2018-02-21 00:00:00+05:30,105.6,105.95,104.4,105.0,10311206
2018-02-22 00:00:00+05:30,105.25,105.7,104.55,105.15,9628878
2018-02-23 00:00:00+05:30,106.2,106.35,105.05,106.0,7334828
2018-02-26 00:00:00+05:30,105.9,106.25,104.35,104.75,10064204
2018-02-27 00:00:00+05:30,105.1,105.75,104.6,104.85,7850278
2018-02-28 00:00:00+05:30,105.3,105.55,103.85,105.25,10293434
2018-03-01 00:00:00+05:30,105.25,105.65,104.65,105.1,8171570
2018-03-05 00:00:00+05:30,105.55,105.55,104.15,104.55,7497490
2018-03-06 00:00:00+05:30,104.65,104.9,102.85,103.15,9453176
2018-03-07 00:00:00+05:30,103.65,104.5,102.15,102.55,3651256
2018-03-08 00:00:00+05:30,102.95,103.45,101.75,102.45,4040516
2018-03-09 00:00:00+05:30,102.4,103.5,102.05,102.4,2011092
2018-03-12 00:00:00+05:30,102.9,104.95,102.8,104.45,3493698
2018-03-13 00:00:00+05:30,105.1,107.55,105.1,106.6,6409684
2018-03-14 00:00:00+05:30,106.0,106.6,105.3,105.55,4160504
2018-03-15 00:00:00+05:30,106.15,108.55,104.95,105.45,9885858
2018-03-16 00:00:00+05:30,106.0,106.75,104.55,106.3,9668320
2018-03-19 00:00:00+05:30,105.5,106.55,103.0,103.7,2972454
2018-03-20 00:00:00+05:30,103.1,106.1,102.25,105.55,6048418
2018-03-21 00:00:00+05:30,105.8,106.5,104.65,106.1,6287124
2018-03-22 00:00:00+05:30,105.55,106.0,103.2,103.65,3777632
2018-03-23 00:00:00+05:30,102.05,103.35,101.7,102.25,6578782
2018-03-26 00:00:00+05:30,102.25,102.6,97.85,98.45,14058186
2018-03-27 00:00:00+05:30,100.2,100.9,98.15,98.45,10679714
2018-03-28 00:00:00+05:30,98.45,101.85,98.1,101.05,10389844
2018-04-02 00:00:00+05:30,101.85,104.45,100.15,104.1,4907866
2018-04-03 00:00:00+05:30,103.25,103.25,101.7,102.0,3225458
2018-04-04 00:00:00+05:30,102.4,102.95,100.6,101.2,3268532
2018-04-05 00:00:00+05:30,101.7,103.05,101.7,102.85,2110222
2018-04-06 00:00:00+05:30,102.75,102.75,101.75,102.0,1351706
2018-04-09 00:00:00+05:30,102.3,102.8,101.75,102.4,2239820
2018-04-10 00:00:00+05:30,100.85,103.6,99.75,102.75,8755370
2018-04-11 00:00:00+05:30,103.5,103.9,101.95,102.65,2601350
2018-04-12 00:00:00+05:30,102.9,104.35,102.45,103.1,4492416
2018-04-13 00:00:00+05:30,104.05,106.0,103.1,105.7,6368580
2018-04-16 00:00:00+05:30,103.85,105.6,103.3,104.2,4692112
2018-04-17 00:00:00+05:30,103.55,103.75,101.75,102.3,4390536
2018-04-18 00:00:00+05:30,103.6,105.55,102.95,105.15,5300008
2018-04-19 00:00:00+05:30,105.3,105.55,104.1,105.1,1914190
2018-04-20 00:00:00+05:30,105.9,107.8,105.6,107.1,6703014
2018-04-23 00:00:00+05:30,107.7,108.15,105.55,106.85,7995370
2018-04-24 00:00:00+05:30,105.8,106.25,102.85,103.15,7082570
2018-04-25 00:00:00+05:30,103.5,105.55,101.75,103.2,12896336
2018-04-26 00:00:00+05:30,98.85,101.7,98.45,101.1,19162602
2018-04-27 00:00:00+05:30,99.35,100.35,98.6,99.25,4889572
2018-04-30 00:00:00+05:30,99.25,101.5,99.25,100.15,4236578
2018-05-02 00:00:00+05:30,100.25,100.25,98.6,99.05,4766206
2018-05-03 00:00:00+05:30,98.85,99.1,96.9,97.55,6712082
2018-05-04 00:00:00+05:30,97.9,97.95,94.85,96.95,6192094
2018-05-07 00:00:00+05:30,97.0,99.1,96.0,98.75,3949410
2018-05-08 00:00:00+05:30,98.9,99.2,97.0,98.0,3915886
2018-05-09 00:00:00+05:30,98.1,98.6,96.9,97.1,3874366
2018-05-10 00:00:00+05:30,97.35,97.6,96.45,97.2,3606636
2018-05-11 00:00:00+05:30,97.55,98.3,96.4,97.95,3050140
2018-05-14 00:00:00+05:30,97.55,98.45,97.0,97.85,3078542
2018-05-15 00:00:00+05:30,98.0,98.4,96.35,97.4,3376214
2018-05-16 00:00:00+05:30,97.35,100.2,97.0,98.7,6310420
2018-05-17 00:00:00+05:30,98.85,100.9,98.6,100.0,5212288
2018-05-18 00:00:00+05:30,99.35,99.35,96.3,96.65,9633186
2018-05-21 00:00:00+05:30,96.7,96.85,94.9,95.15,6090292
2018-05-22 00:00:00+05:30,94.85,95.9,94.5,95.2,2975050
2018-05-23 00:00:00+05:30,95.45,95.5,94.35,94.65,7050894
2018-05-24 00:00:00+05:30,94.9,95.6,94.15,95.0,4700842
2018-05-25 00:00:00+05:30,95.2,95.45,94.7,95.1,4698762
2018-05-28 00:00:00+05:30,94.4,95.15,94.4,94.6,2348290
2018-05-29 00:00:00+05:30,94.0,95.05,94.0,94.45,3576448
2018-05-30 00:00:00+05:30,94.45,94.65,92.9,93.75,5849590
2018-05-31 00:00:00+05:30,94.05,95.05,92.7,94.1,10297074
2018-06-01 00:00:00+05:30,94.45,95.05,93.1,93.65,2850040
2018-06-04 00:00:00+05:30,93.95,94.3,92.7,93.5,3167492
2018-06-05 00:00:00+05:30,93.5,94.15,91.3,91.75,4929034
2018-06-06 00:00:00+05:30,92.4,93.65,91.1,93.15,3809640
2018-06-07 00:00:00+05:30,92.7,95.55,92.7,95.1,4004620
2018-06-08 00:00:00+05:30,95.1,95.2,94.35,94.85,3769600
2018-06-11 00:00:00+05:30,95.05,95.7,94.55,95.0,4155850
2018-06-12 00:00:00+05:30,95.85,96.75,95.45,95.75,4549474
2018-06-13 00:00:00+05:30,96.7,97.0,95.85,96.6,3075680
2018-06-14 00:00:00+05:30,96.0,96.7,95.1,95.75,4673358
2018-06-15 00:00:00+05:30,96.6,96.6,95.2,95.9,9670874
2018-06-18 00:00:00+05:30,96.7,96.7,94.8,95.5,6239078
2018-06-19 00:00:00+05:30,95.6,95.6,93.5,93.8,7335112
2018-06-20 00:00:00+05:30,93.95,94.35,92.8,93.35,3843910
2018-06-21 00:00:00+05:30,93.8,93.95,92.35,92.95,7630802
2018-06-22 00:00:00+05:30,93.0,93.3,91.65,92.8,5224104
2018-06-25 00:00:00+05:30,92.65,93.9,92.0,92.5,3278908
2018-06-26 00:00:00+05:30,92.5,93.4,92.0,92.55,3967246
2018-06-27 00:00:00+05:30,93.1,93.4,91.35,92.0,6397928
2018-06-28 00:00:00+05:30,92.1,93.05,91.95,92.35,7809526
2018-06-29 00:00:00+05:30,93.05,94.35,91.65,93.95,7239566
2018-07-02 00:00:00+05:30,93.7,94.25,92.75,93.65,7541712
2018-07-03 00:00:00+05:30,93.95,94.4,92.9,94.1,7868228
2018-07-04 00:00:00+05:30,94.15,94.35,92.75,94.15,7668638
2018-07-05 00:00:00+05:30,94.35,95.15,93.5,94.9,9354616
2018-07-06 00:00:00+05:30,94.45,95.0,93.95,94.4,5685446
2018-07-09 00:00:00+05:30,94.6,95.3,94.2,95.2,4374502
2018-07-10 00:00:00+05:30,95.6,97.8,94.75,97.25,9931674
2018-07-11 00:00:00+05:30,98.05,98.75,96.85,97.8,7917394
2018-07-12 00:00:00+05:30,97.85,101.15,96.95,100.4,8925212
2018-07-13 00:00:00+05:30,100.55,104.15,99.95,100.95,15468850
2018-07-16 00:00:00+05:30,100.35,103.15,100.2,101.75,9407846
2018-07-17 00:00:00+05:30,101.7,103.85,101.25,102.0,10853680
2018-07-18 00:00:00+05:30,102.75,103.25,101.9,102.3,4594438
2018-07-19 00:00:00+05:30,102.75,103.6,101.2,102.7,5575794
2018-07-20 00:00:00+05:30,103.35,104.4,100.8,101.7,10474798
2018-07-23 00:00:00+05:30,101.55,101.55,94.6,99.35,17686986
2018-07-24 00:00:00+05:30,99.95,100.05,96.75,98.05,6918210
2018-07-25 00:00:00+05:30,98.85,99.4,97.95,98.7,4972132
2018-07-26 00:00:00+05:30,98.25,98.85,96.9,97.55,8666172
2018-07-27 00:00:00+05:30,97.75,99.0,97.75,98.65,3622166
2018-07-30 00:00:00+05:30,98.4,98.45,96.85,98.15,5454694
2018-07-31 00:00:00+05:30,98.25,99.65,97.45,99.35,5577134
2018-08-01 00:00:00+05:30,99.2,100.05,98.35,99.65,3164680
2018-08-02 00:00:00+05:30,99.55,100.9,98.7,100.25,6007514
2018-08-03 00:00:00+05:30,100.8,100.8,99.6,99.85,3272132
2018-08-06 00:00:00+05:30,100.25,100.5,98.95,99.55,3405048
2018-08-07 00:00:00+05:30,99.05,100.45,99.05,99.7,3444326
2018-08-08 00:00:00+05:30,100.4,100.4,98.6,100.05,2865866
2018-08-09 00:00:00+05:30,99.9,100.75,99.05,100.15,4791392
2018-08-10 00:00:00+05:30,100.55,100.55,99.35,100.2,2698636
2018-08-13 00:00:00+05:30,99.85,102.2,99.7,101.3,4860856
2018-08-14 00:00:00+05:30,102.4,103.15,101.0,102.4,3931438
2018-08-16 00:00:00+05:30,102.4,102.4,99.9,100.4,4511460
2018-08-17 00:00:00+05:30,100.4,101.0,99.7,100.65,5457936
2018-08-20 00:00:00+05:30,100.9,102.9,100.6,102.4,3218922
2018-08-21 00:00:00+05:30,102.35,105.8,102.0,103.85,12142218
2018-08-23 00:00:00+05:30,104.2,105.35,103.6,104.15,5458472
2018-08-24 00:00:00+05:30,103.75,105.95,103.1,105.0,8450276
2018-08-27 00:00:00+05:30,104.95,106.8,104.55,106.3,5108544
2018-08-28 00:00:00+05:30,106.65,107.1,105.65,106.25,3038400
2018-08-29 00:00:00+05:30,106.6,106.9,105.35,106.65,3214098
2018-08-30 00:00:00+05:30,106.9,107.8,105.6,107.45,6800824
2018-08-31 00:00:00+05:30,107.8,110.1,107.6,108.25,13565492
2018-09-03 00:00:00+05:30,117.5,117.5,110.05,110.8,51469340
2018-09-04 00:00:00+05:30,111.55,113.2,111.2,112.6,16371464
2018-09-05 00:00:00+05:30,113.05,115.0,113.05,114.55,0
2018-09-06 00:00:00+05:30,115.0,115.9,114.25,115.4,20193250
2018-09-07 00:00:00+05:30,115.65,117.95,114.65,116.65,17205552
2018-09-10 00:00:00+05:30,116.55,117.85,116.15,116.8,12725224
2018-09-11 00:00:00+05:30,117.45,117.85,116.15,116.45,9533138
2018-09-12 00:00:00+05:30,116.8,118.8,116.8,118.15,12528130
2018-09-14 00:00:00+05:30,118.15,119.65,116.5,118.7,8553558
2018-09-17 00:00:00+05:30,119.35,120.75,117.9,118.55,9264706
2018-09-18 00:00:00+05:30,118.4,119.85,116.8,119.45,5436510
2018-09-19 00:00:00+05:30,119.8,119.85,117.5,119.55,5848150
2018-09-21 00:00:00+05:30,119.25,121.4,117.85,120.45,13275442
2018-09-24 00:00:00+05:30,118.7,121.4,118.7,119.55,7481736
2018-09-25 00:00:00+05:30,119.65,120.35,117.2,117.95,6778262
2018-09-26 00:00:00+05:30,117.95,118.2,113.7,114.7,15729650
2018-09-27 00:00:00+05:30,115.65,116.35,113.8,114.6,35994578
2018-09-28 00:00:00+05:30,114.6,117.35,113.3,116.45,13824888
2018-10-01 00:00:00+05:30,116.45,119.45,116.1,118.65,8159452
2018-10-03 00:00:00+05:30,118.35,118.6,115.9,117.65,7162944
2018-10-04 00:00:00+05:30,116.8,118.75,115.55,117.0,9222374
2018-10-05 00:00:00+05:30,116.7,117.85,115.4,116.9,6703262
2018-10-08 00:00:00+05:30,115.45,116.25,112.35,114.05,7099044
2018-10-09 00:00:00+05:30,113.95,116.0,112.0,115.55,7449070
2018-10-10 00:00:00+05:30,115.15,115.25,111.45,113.55,7323210
2018-10-11 00:00:00+05:30,110.7,113.35,109.5,112.5,5353544
2018-10-12 00:00:00+05:30,113.6,115.0,111.25,113.65,6720552
2018-10-15 00:00:00+05:30,114.05,115.7,112.9,115.0,6257106
2018-10-16 00:00:00+05:30,115.0,115.25,113.6,114.65,6240686
2018-10-17 00:00:00+05:30,115.95,118.25,113.75,116.15,9481474
2018-10-19 00:00:00+05:30,116.2,117.15,114.05,116.15,5288738
2018-10-22 00:00:00+05:30,116.65,117.55,115.0,115.8,3631604
2018-10-23 00:00:00+05:30,114.6,115.1,109.6,111.1,7632506
2018-10-24 00:00:00+05:30,111.15,111.95,107.8,111.0,9359914
2018-10-25 00:00:00+05:30,106.4,116.15,106.4,114.45,28353132
2018-10-26 00:00:00+05:30,114.55,115.9,113.55,115.2,8854274
2018-10-29 00:00:00+05:30,114.6,119.35,113.8,118.4,4950278
2018-10-30 00:00:00+05:30,118.25,120.25,117.0,117.65,7410264
2018-10-31 00:00:00+05:30,117.95,119.9,115.75,119.0,6009936
2018-11-01 00:00:00+05:30,119.6,119.6,115.9,118.5,5011400
2018-11-02 00:00:00+05:30,118.25,119.1,113.95,114.4,7321450
2018-11-05 00:00:00+05:30,113.25,116.95,112.9,116.5,5108142
2018-11-06 00:00:00+05:30,116.7,117.45,115.35,116.75,4581866
2018-11-09 00:00:00+05:30,117.85,117.85,114.1,116.7,9246958
2018-11-12 00:00:00+05:30,116.7,117.3,115.65,116.2,5173158
2018-11-13 00:00:00+05:30,116.25,117.75,115.35,117.15,4576300
2018-11-14 00:00:00+05:30,116.8,117.15,114.5,116.6,3662834
2018-11-15 00:00:00+05:30,116.5,118.8,115.55,116.15,6707100
2018-11-16 00:00:00+05:30,116.25,118.75,116.25,117.2,5456886
2018-11-19 00:00:00+05:30,116.95,120.55,115.5,119.6,5635010
2018-11-20 00:00:00+05:30,118.95,118.95,115.05,115.45,5180488
2018-11-21 00:00:00+05:30,115.0,115.0,112.55,112.9,5207864
2018-11-22 00:00:00+05:30,113.2,114.55,109.95,110.35,6179618
2018-11-26 00:00:00+05:30,109.05,114.95,108.8,114.4,13992840
2018-11-27 00:00:00+05:30,113.85,115.8,111.7,112.1,8593678
2018-11-28 00:00:00+05:30,112.8,113.4,111.15,111.5,12695032
2018-11-29 00:00:00+05:30,112.85,113.8,111.3,113.2,5845040
2018-11-30 00:00:00+05:30,113.25,117.25,112.75,116.65,12743442
2018-12-03 00:00:00+05:30,116.8,118.4,116.1,117.95,5336448
2018-12-04 00:00:00+05:30,117.95,122.65,117.05,120.35,11943826
2018-12-05 00:00:00+05:30,119.65,121.7,117.9,120.95,7698160
2018-12-06 00:00:00+05:30,119.75,120.95,118.25,119.15,4674200
2018-12-07 00:00:00+05:30,119.55,120.9,116.6,119.75,6948204
2018-12-10 00:00:00+05:30,117.95,120.95,116.8,117.35,6396222
2018-12-11 00:00:00+05:30,116.95,119.95,116.7,117.85,8846430
2018-12-12 00:00:00+05:30,118.55,119.25,117.85,118.65,5271338
2018-12-13 00:00:00+05:30,119.0,123.6,118.25,121.65,10296186
2018-12-14 00:00:00+05:30,121.8,123.25,119.35,119.65,9594064
2018-12-17 00:00:00+05:30,120.75,122.85,120.15,122.0,6871504
2018-12-18 00:00:00+05:30,120.5,121.55,119.45,120.4,7398306
2018-12-19 00:00:00+05:30,120.4,123.0,119.1,122.45,7483508
2018-12-20 00:00:00+05:30,120.85,122.15,119.4,119.75,4816306
2018-12-21 00:00:00+05:30,119.7,120.3,115.25,115.75,19657026
2018-12-24 00:00:00+05:30,115.95,118.8,115.45,117.35,8463776
2018-12-26 00:00:00+05:30,117.05,117.6,114.75,117.15,4711040
2018-12-27 00:00:00+05:30,117.8,119.05,116.45,117.65,10145302
2018-12-28 00:00:00+05:30,117.2,119.6,117.1,118.65,4458906
2018-12-31 00:00:00+05:30,119.0,119.95,118.25,118.95,4272242
2019-01-01 00:00:00+05:30,118.9,119.55,116.95,117.35,3027408
2019-01-02 00:00:00+05:30,118.15,119.05,116.1,117.0,6616606
2019-01-03 00:00:00+05:30,117.5,117.85,116.1,116.95,7084562
2019-01-04 00:00:00+05:30,116.6,117.45,114.85,116.6,4810556
2019-01-07 00:00:00+05:30,117.15,117.4,115.8,116.5,3807208
2019-01-08 00:00:00+05:30,116.8,117.65,115.95,117.0,4169318
2019-01-09 00:00:00+05:30,116.6,119.5,116.6,118.25,7855762
2019-01-10 00:00:00+05:30,118.9,119.0,116.1,117.05,6198784
2019-01-11 00:00:00+05:30,117.0,118.55,116.25,118.1,3197878
2019-01-14 00:00:00+05:30,118.65,119.0,111.85,112.3,13826646
2019-01-15 00:00:00+05:30,114.6,119.35,113.25,118.55,30141590
2019-01-16 00:00:00+05:30,119.2,122.1,118.25,120.95,19792580
2019-01-17 00:00:00+05:30,121.1,121.65,119.1,120.55,10578368
2019-01-18 00:00:00+05:30,120.75,124.9,119.8,124.4,20183932
2019-01-21 00:00:00+05:30,122.15,123.9,119.7,121.4,31243696
2019-01-22 00:00:00+05:30,121.05,125.65,120.75,124.5,13363448
2019-01-23 00:00:00+05:30,125.25,127.85,125.0,126.35,19874852
2019-01-24 00:00:00+05:30,125.85,126.85,124.5,126.4,8461092
2019-01-25 00:00:00+05:30,125.1,128.8,125.0,127.0,10473106
2019-01-28 00:00:00+05:30,127.3,130.35,127.3,127.6,13799914
2019-01-29 00:00:00+05:30,127.95,129.65,126.85,129.1,9240198
2019-01-30 00:00:00+05:30,128.95,132.1,128.7,130.55,14817874
2019-01-31 00:00:00+05:30,131.5,133.45,130.6,132.65,15388142
2019-02-01 00:00:00+05:30,133.0,133.8,130.65,133.55,6733208
2019-02-04 00:00:00+05:30,132.95,134.6,132.3,133.4,6287444
2019-02-05 00:00:00+05:30,132.95,133.7,131.4,132.4,4912802
2019-02-06 00:00:00+05:30,132.65,134.7,132.55,133.7,4358522
2019-02-07 00:00:00+05:30,133.7,134.6,132.8,134.25,4486862
2019-02-08 00:00:00+05:30,133.5,134.7,132.5,133.9,2801858
2019-02-11 00:00:00+05:30,133.3,135.65,132.85,134.05,5945556
2019-02-12 00:00:00+05:30,134.45,135.2,132.4,134.75,5954492
2019-02-13 00:00:00+05:30,134.65,136.45,134.1,135.65,6594548
2019-02-14 00:00:00+05:30,135.25,136.0,134.4,134.75,6149704
2019-02-15 00:00:00+05:30,134.8,135.6,133.0,135.15,7045346
2019-02-18 00:00:00+05:30,136.15,136.15,133.25,134.95,6960150
2019-02-19 00:00:00+05:30,133.85,134.9,130.15,130.65,6128716
2019-02-20 00:00:00+05:30,130.55,134.4,129.8,133.7,8820968
2019-02-21 00:00:00+05:30,133.95,135.4,133.25,134.6,5146170
2019-02-22 00:00:00+05:30,134.75,136.55,134.2,136.15,6389328
2019-02-25 00:00:00+05:30,136.8,138.95,136.3,138.5,9356940
2019-02-26 00:00:00+05:30,138.2,139.75,136.95,139.3,7605074
2019-02-27 00:00:00+05:30,136.6,137.95,133.8,134.55,16018034
2019-02-28 00:00:00+05:30,134.7,135.35,131.7,132.6,18856530
2019-03-01 00:00:00+05:30,133.3,136.0,131.3,135.0,14072834
2019-03-05 00:00:00+05:30,134.4,134.6,130.1,130.7,27031980
2019-03-06 00:00:00+05:30,131.15,136.6,130.55,132.6,43014120
2019-03-07 00:00:00+05:30,133.8,133.95,127.85,128.5,16200268
2019-03-08 00:00:00+05:30,124.8,125.3,122.65,123.15,54689738
2019-03-11 00:00:00+05:30,123.8,124.7,123.0,124.15,14708454
2019-03-12 00:00:00+05:30,124.75,125.9,124.35,124.9,12580708
2019-03-13 00:00:00+05:30,125.45,126.9,122.45,123.25,14439446
2019-03-14 00:00:00+05:30,123.95,124.1,121.85,122.75,8978946
2019-03-15 00:00:00+05:30,123.3,126.3,122.95,125.9,17440194
2019-03-18 00:00:00+05:30,126.55,126.55,122.35,123.1,11497228
2019-03-19 00:00:00+05:30,123.2,123.75,121.9,123.0,10103694
2019-03-20 00:00:00+05:30,123.5,125.7,123.5,125.0,12229124
2019-03-22 00:00:00+05:30,125.4,126.1,123.55,124.55,6396058
2019-03-25 00:00:00+05:30,125.2,125.2,122.35,122.6,6747924
2019-03-26 00:00:00+05:30,122.9,123.6,121.1,121.85,7701032
2019-03-27 00:00:00+05:30,121.95,122.55,121.3,121.65,6715462
2019-03-28 00:00:00+05:30,122.3,123.25,121.4,121.75,14209672
2019-03-29 00:00:00+05:30,122.9,124.05,121.55,121.75,10482432
2019-04-01 00:00:00+05:30,122.35,126.15,122.35,125.0,14133132
2019-04-02 00:00:00+05:30,125.9,126.15,123.85,125.0,7413134
2019-04-03 00:00:00+05:30,125.4,125.75,123.4,125.0,7538708
2019-04-04 00:00:00+05:30,124.75,125.3,121.85,123.8,12838396
2019-04-05 00:00:00+05:30,124.75,126.1,124.0,125.25,7229104
2019-04-08 00:00:00+05:30,126.05,126.85,124.65,126.05,7274928
2019-04-09 00:00:00+05:30,125.95,131.4,125.9,130.85,27982768
2019-04-10 00:00:00+05:30,132.85,134.65,131.4,134.3,37061332
2019-04-11 00:00:00+05:30,135.5,136.05,133.9,134.45,18883256
2019-04-12 00:00:00+05:30,134.95,136.1,134.5,135.45,11578108
2019-04-15 00:00:00+05:30,136.2,138.4,135.85,137.5,14134384
2019-04-16 00:00:00+05:30,139.25,139.25,132.85,134.25,40734118
2019-04-18 00:00:00+05:30,138.15,138.45,133.9,136.15,54851156
2019-04-22 00:00:00+05:30,136.45,138.15,136.25,137.75,16824108
2019-04-23 00:00:00+05:30,138.45,139.45,137.0,139.1,12355568
2019-04-24 00:00:00+05:30,139.55,140.65,138.65,140.05,18298138
2019-04-25 00:00:00+05:30,140.05,141.45,139.95,141.05,20781632
2019-04-26 00:00:00+05:30,141.65,141.75,140.3,140.9,12393102
2019-04-30 00:00:00+05:30,141.0,143.1,141.0,142.7,14679834
2019-05-02 00:00:00+05:30,142.7,142.8,139.85,140.35,9078250
2019-05-03 00:00:00+05:30,140.3,140.4,137.95,139.0,14816616
2019-05-06 00:00:00+05:30,138.55,140.4,138.25,138.95,8608690
2019-05-07 00:00:00+05:30,139.85,141.0,138.7,140.4,8707688
2019-05-08 00:00:00+05:30,140.6,140.6,138.55,138.95,7904232
2019-05-09 00:00:00+05:30,139.45,140.1,138.7,139.05,7497994
2019-05-10 00:00:00+05:30,139.3,139.75,138.55,138.75,6133344
2019-05-13 00:00:00+05:30,138.8,140.3,137.75,138.2,8563900
2019-05-14 00:00:00+05:30,138.15,138.15,135.3,136.05,16740848
2019-05-15 00:00:00+05:30,136.45,136.65,134.9,135.25,8631244
2019-05-16 00:00:00+05:30,135.65,137.15,135.65,136.4,7191096
2019-05-17 00:00:00+05:30,136.9,138.55,136.35,136.85,6713562
2019-05-20 00:00:00+05:30,138.4,139.3,137.35,138.65,8366922
2019-05-21 00:00:00+05:30,138.85,139.05,136.65,137.1,5029334
2019-05-22 00:00:00+05:30,137.15,137.4,134.3,135.3,15300108
2019-05-23 00:00:00+05:30,136.5,136.6,134.55,134.85,9712568
2019-05-24 00:00:00+05:30,135.7,135.85,133.8,135.2,9855298
2019-05-27 00:00:00+05:30,135.75,135.8,133.9,134.05,10900622
2019-05-28 00:00:00+05:30,134.3,136.55,133.65,135.25,88274856
2019-05-29 00:00:00+05:30,136.0,137.9,135.5,136.55,11011746
2019-05-30 00:00:00+05:30,136.65,138.55,136.45,137.65,23151914
2019-05-31 00:00:00+05:30,137.75,138.55,136.2,136.85,14648962
2019-06-03 00:00:00+05:30,137.9,139.55,137.25,139.2,11706676
2019-06-04 00:00:00+05:30,140.5,141.45,138.95,140.4,22163334
2019-06-06 00:00:00+05:30,140.5,140.8,139.05,139.3,17201760
2019-06-07 00:00:00+05:30,139.8,141.4,139.55,141.0,13569768
2019-06-10 00:00:00+05:30,141.35,142.4,141.2,142.0,14963786
2019-06-11 00:00:00+05:30,141.95,143.15,141.5,142.3,14468168
2019-06-12 00:00:00+05:30,142.2,142.8,141.85,142.4,12445080
2019-06-13 00:00:00+05:30,142.4,142.85,142.05,142.6,10004562
2019-06-14 00:00:00+05:30,142.8,144.15,142.4,142.8,15931606
2019-06-17 00:00:00+05:30,143.4,143.75,142.8,143.0,12357208
2019-06-18 00:00:00+05:30,143.15,143.6,141.45,142.4,16803584
2019-06-19 00:00:00+05:30,142.9,143.0,139.65,140.5,23805922
2019-06-20 00:00:00+05:30,135.75,137.55,134.95,137.15,19120844
2019-06-21 00:00:00+05:30,137.15,138.55,135.85,136.55,12954516
2019-06-24 00:00:00+05:30,136.45,137.45,135.35,135.7,6343478
2019-06-25 00:00:00+05:30,135.75,136.8,134.65,136.35,5619496
2019-06-26 00:00:00+05:30,136.3,137.65,136.05,136.75,4663538
2019-06-27 00:00:00+05:30,137.35,137.55,134.15,134.8,10178400
2019-06-28 00:00:00+05:30,135.65,135.65,133.8,134.05,6298778
2019-07-01 00:00:00+05:30,134.6,135.45,134.3,134.75,3471842
2019-07-02 00:00:00+05:30,134.95,136.2,134.6,135.85,5218738
2019-07-03 00:00:00+05:30,136.15,136.5,134.75,135.15,2516552
2019-07-04 00:00:00+05:30,135.25,136.15,134.75,135.65,3256662
2019-07-05 00:00:00+05:30,135.75,136.05,129.5,129.9,9170926
2019-07-08 00:00:00+05:30,128.0,129.6,127.1,127.55,7149570
2019-07-09 00:00:00+05:30,127.85,129.4,126.3,126.85,5240124
2019-07-10 00:00:00+05:30,126.5,128.8,125.85,127.6,5561126
2019-07-11 00:00:00+05:30,127.85,129.0,127.15,128.0,5383786
2019-07-12 00:00:00+05:30,128.1,128.4,123.3,123.8,15190556
2019-07-15 00:00:00+05:30,124.25,125.2,122.3,124.2,9494898
2019-07-16 00:00:00+05:30,123.8,125.55,122.45,124.25,9723314
2019-07-17 00:00:00+05:30,125.2,125.6,123.35,124.05,11637538
2019-07-18 00:00:00+05:30,124.75,131.05,124.05,128.65,42054706
2019-07-19 00:00:00+05:30,128.65,128.8,125.95,126.5,8459390
2019-07-22 00:00:00+05:30,126.9,127.25,125.4,126.55,8839780
2019-07-23 00:00:00+05:30,126.6,129.0,126.1,126.4,9361236
2019-07-24 00:00:00+05:30,126.4,127.0,125.2,126.3,4498944
2019-07-25 00:00:00+05:30,126.85,126.85,124.95,125.3,9982362
2019-07-26 00:00:00+05:30,125.3,126.55,124.65,126.0,5438744
2019-07-29 00:00:00+05:30,125.7,127.7,124.35,125.4,5764526
2019-07-30 00:00:00+05:30,125.65,126.55,124.75,125.35,4830174
2019-07-31 00:00:00+05:30,125.45,127.25,124.55,126.8,5698432
2019-08-01 00:00:00+05:30,129.75,132.0,128.4,129.2,35302414
2019-08-02 00:00:00+05:30,128.95,129.45,125.05,126.0,9957332
2019-08-05 00:00:00+05:30,124.85,126.85,124.4,125.2,7665468
2019-08-06 00:00:00+05:30,125.2,125.55,123.2,123.75,7906452
2019-08-07 00:00:00+05:30,123.8,126.3,123.8,125.5,7992066
2019-08-08 00:00:00+05:30,125.7,127.6,124.9,127.0,7250870
2019-08-09 00:00:00+05:30,127.1,128.45,125.6,125.95,7060998
2019-08-13 00:00:00+05:30,126.6,126.6,123.3,123.55,4380900
2019-08-14 00:00:00+05:30,124.15,124.3,119.55,119.95,8706726
2019-08-16 00:00:00+05:30,119.45,119.95,117.1,119.1,9944870
2019-08-19 00:00:00+05:30,119.6,121.05,119.45,120.5,5540152
2019-08-20 00:00:00+05:30,121.05,123.85,120.55,121.05,15930242
2019-08-21 00:00:00+05:30,121.15,121.8,120.0,120.65,6826530
2019-08-22 00:00:00+05:30,120.45,121.15,118.8,120.45,6739804
2019-08-23 00:00:00+05:30,120.95,122.9,119.25,120.15,9793938
2019-08-26 00:00:00+05:30,120.65,120.95,118.45,119.05,6529420
2019-08-27 00:00:00+05:30,118.9,120.25,118.1,119.5,8045102
2019-08-28 00:00:00+05:30,119.5,121.05,118.6,119.1,5363314
2019-08-29 00:00:00+05:30,118.05,119.55,118.05,118.95,5438102
2019-08-30 00:00:00+05:30,119.5,121.95,119.1,121.55,8368026
2019-09-03 00:00:00+05:30,121.4,122.05,120.75,121.2,4411118
2019-09-04 00:00:00+05:30,120.2,122.75,120.1,122.35,6606662
2019-09-05 00:00:00+05:30,123.75,123.75,121.6,122.15,8811234
2019-09-06 00:00:00+05:30,122.05,123.0,118.95,120.45,22872104
2019-09-09 00:00:00+05:30,120.15,122.4,119.65,122.15,11581912
2019-09-11 00:00:00+05:30,121.4,121.85,118.25,118.65,19598224
2019-09-12 00:00:00+05:30,117.4,118.8,116.6,116.9,9329514
2019-09-13 00:00:00+05:30,117.1,118.25,116.25,117.25,7620240
2019-09-16 00:00:00+05:30,117.15,118.45,116.65,118.1,7950382
2019-09-17 00:00:00+05:30,118.05,118.25,116.5,116.7,6329530
2019-09-18 00:00:00+05:30,117.25,117.55,116.3,116.75,5052560
2019-09-19 00:00:00+05:30,117.15,117.45,114.8,115.4,5137674
2019-09-20 00:00:00+05:30,115.6,118.9,114.95,117.55,12392500
2019-09-23 00:00:00+05:30,118.4,118.55,113.05,114.4,13553962
2019-09-24 00:00:00+05:30,115.15,116.15,114.45,115.05,11536662
2019-09-25 00:00:00+05:30,114.95,115.35,113.75,114.1,7209996
2019-09-26 00:00:00+05:30,114.3,114.9,113.1,113.3,10777480
2019-09-27 00:00:00+05:30,113.45,114.2,112.7,113.1,6383350
2019-09-30 00:00:00+05:30,113.3,115.0,112.7,114.6,6597906
2019-10-01 00:00:00+05:30,114.7,114.9,111.0,111.6,8754660
2019-10-03 00:00:00+05:30,111.9,114.5,111.2,112.7,9570460
2019-10-04 00:00:00+05:30,113.75,115.15,112.9,113.6,5951042
2019-10-07 00:00:00+05:30,113.75,115.85,112.9,113.3,4447336
2019-10-09 00:00:00+05:30,114.3,114.5,113.0,113.65,4556276
2019-10-10 00:00:00+05:30,113.65,114.5,112.7,114.3,4135724
2019-10-11 00:00:00+05:30,113.3,114.9,113.05,114.4,5316578
2019-10-14 00:00:00+05:30,114.6,117.0,113.75,116.35,7184274
2019-10-15 00:00:00+05:30,117.1,117.3,114.3,116.45,17103786
2019-10-16 00:00:00+05:30,117.5,120.3,116.6,119.0,32571658
2019-10-17 00:00:00+05:30,119.0,119.55,117.85,118.45,10324480
2019-10-18 00:00:00+05:30,118.45,119.8,118.45,119.0,5528778
2019-10-22 00:00:00+05:30,119.0,121.55,118.1,121.2,12546576
2019-10-23 00:00:00+05:30,120.85,122.15,119.45,121.55,5348508
2019-10-24 00:00:00+05:30,121.35,121.45,119.1,119.25,7834196
2019-10-25 00:00:00+05:30,120.45,121.15,118.95,120.95,6530578
2019-10-27 00:00:00+05:30,121.65,121.95,120.95,121.2,630752
2019-10-29 00:00:00+05:30,121.2,122.3,120.55,121.95,6382884
2019-10-30 00:00:00+05:30,123.3,124.7,121.1,121.75,8119090
2019-10-31 00:00:00+05:30,121.4,124.25,121.3,123.9,6992524
2019-11-01 00:00:00+05:30,124.35,124.75,122.75,123.6,5061842
2019-11-04 00:00:00+05:30,123.9,124.6,122.25,122.65,3841070
2019-11-05 00:00:00+05:30,123.0,123.95,121.7,123.55,3169448
2019-11-06 00:00:00+05:30,123.8,123.95,122.35,122.75,3255238
2019-11-07 00:00:00+05:30,122.85,124.5,122.65,124.05,4253934
2019-11-08 00:00:00+05:30,124.35,124.65,122.25,122.55,3079708
2019-11-11 00:00:00+05:30,122.95,123.05,121.1,122.55,3804758
2019-11-13 00:00:00+05:30,123.0,123.8,120.55,121.0,3722946
2019-11-14 00:00:00+05:30,121.4,121.75,120.15,120.85,5796412
2019-11-15 00:00:00+05:30,121.4,121.45,120.25,120.75,2425834
2019-11-18 00:00:00+05:30,120.7,120.7,118.7,119.15,5756874
2019-11-19 00:00:00+05:30,118.65,120.05,118.4,119.65,4061312
2019-11-20 00:00:00+05:30,120.35,120.35,118.75,119.0,2988298
2019-11-21 00:00:00+05:30,118.75,119.2,118.05,118.35,3488196
2019-11-22 00:00:00+05:30,116.3,117.35,115.7,116.2,8183112
2019-11-25 00:00:00+05:30,116.15,116.5,115.3,116.15,3782394
2019-11-26 00:00:00+05:30,116.7,116.9,113.05,113.55,15380804
2019-11-27 00:00:00+05:30,114.2,115.15,113.75,114.7,3894494
2019-11-28 00:00:00+05:30,114.7,114.95,113.85,114.6,3198740
2019-11-29 00:00:00+05:30,114.7,115.25,113.2,113.6,5333922
2019-12-02 00:00:00+05:30,113.85,114.55,112.6,114.05,7259920
2019-12-03 00:00:00+05:30,114.0,114.0,112.5,113.2,5730370
2019-12-04 00:00:00+05:30,113.1,116.05,113.05,115.75,6671932
2019-12-05 00:00:00+05:30,116.0,117.05,115.25,116.5,5226290
2019-12-06 00:00:00+05:30,116.5,116.85,114.9,115.2,2735116
2019-12-09 00:00:00+05:30,115.1,115.45,114.05,114.9,2414590
2019-12-10 00:00:00+05:30,114.9,114.9,113.3,113.85,4411226
2019-12-11 00:00:00+05:30,113.55,115.1,113.0,114.7,4775320
2019-12-12 00:00:00+05:30,114.9,115.25,114.05,114.4,2811896
2019-12-13 00:00:00+05:30,115.65,117.0,114.7,116.5,8623666
2019-12-16 00:00:00+05:30,116.55,117.75,115.95,116.25,5685154
2019-12-17 00:00:00+05:30,116.7,117.55,116.45,117.0,4422758
2019-12-18 00:00:00+05:30,117.45,119.4,117.3,118.7,10598214
2019-12-19 00:00:00+05:30,118.85,119.75,118.35,119.1,4968422
2019-12-20 00:00:00+05:30,118.55,121.3,118.2,120.35,10423252
2019-12-23 00:00:00+05:30,120.85,121.7,120.25,121.3,3701304
2019-12-24 00:00:00+05:30,120.95,121.4,120.0,120.55,3088960
2019-12-26 00:00:00+05:30,120.45,120.65,119.25,119.6,4052868
2019-12-27 00:00:00+05:30,119.45,119.85,117.75,118.35,5022240
2019-12-30 00:00:00+05:30,118.75,119.25,117.85,119.0,4333614
2019-12-31 00:00:00+05:30,118.4,118.85,117.2,117.45,4329828
2020-01-01 00:00:00+05:30,117.8,118.85,117.65,118.4,2827732
2020-01-02 00:00:00+05:30,117.85,119.4,117.75,118.7,2887932
2020-01-03 00:00:00+05:30,119.2,120.8,118.25,120.0,6762808
2020-01-06 00:00:00+05:30,119.95,121.55,119.55,120.55,9133390
2020-01-07 00:00:00+05:30,121.05,122.55,119.55,121.95,8805574
2020-01-08 00:00:00+05:30,121.4,122.45,120.75,121.75,5588820
2020-01-09 00:00:00+05:30,121.45,122.6,120.75,121.2,4990046
2020-01-10 00:00:00+05:30,121.4,121.95,119.95,120.35,4113154
2020-01-13 00:00:00+05:30,121.4,123.25,120.85,121.75,13927198
2020-01-14 00:00:00+05:30,122.75,123.5,121.65,122.95,14593554
2020-01-15 00:00:00+05:30,121.4,122.35,117.85,118.65,20280902
2020-01-16 00:00:00+05:30,118.55,120.75,118.05,119.65,17623672
2020-01-17 00:00:00+05:30,120.45,121.35,119.25,120.0,8281636
2020-01-20 00:00:00+05:30,119.85,119.85,118.15,118.55,3817166
2020-01-21 00:00:00+05:30,118.5,118.65,117.55,118.1,3015884
2020-01-22 00:00:00+05:30,118.85,120.45,117.25,117.45,6800848
2020-01-23 00:00:00+05:30,117.75,119.05,117.25,118.9,3393088
2020-01-24 00:00:00+05:30,118.85,119.15,117.65,118.35,3421554
2020-01-27 00:00:00+05:30,118.5,118.5,117.0,117.25,3306994
2020-01-28 00:00:00+05:30,117.5,117.6,115.55,116.6,4272362
2020-01-29 00:00:00+05:30,116.9,118.25,116.25,117.95,4009378
2020-01-30 00:00:00+05:30,118.35,118.35,114.8,115.05,4294930
2020-01-31 00:00:00+05:30,113.75,114.3,112.3,113.2,11107276
2020-02-01 00:00:00+05:30,113.05,114.4,111.95,113.2,4201126
2020-02-03 00:00:00+05:30,113.6,114.8,112.4,113.45,8463660
2020-02-04 00:00:00+05:30,114.2,115.25,113.7,114.8,6329512
2020-02-05 00:00:00+05:30,115.45,116.15,113.4,115.75,7751206
2020-02-06 00:00:00+05:30,116.05,117.55,115.45,116.45,6112396
2020-02-07 00:00:00+05:30,118.05,118.05,116.15,116.6,5519024
2020-02-10 00:00:00+05:30,117.25,117.35,114.4,115.15,4517992
2020-02-11 00:00:00+05:30,115.0,116.1,114.6,115.25,5460620
2020-02-12 00:00:00+05:30,115.5,118.15,115.5,116.8,6838800
2020-02-13 00:00:00+05:30,117.45,117.45,115.9,116.5,4829910
2020-02-14 00:00:00+05:30,116.5,117.25,115.65,116.1,3619586
2020-02-17 00:00:00+05:30,116.1,117.1,115.65,116.5,2035556
2020-02-18 00:00:00+05:30,116.5,117.0,115.25,116.6,2505274
2020-02-19 00:00:00+05:30,116.85,118.75,116.85,118.35,3570768
2020-02-20 00:00:00+05:30,118.55,118.85,117.15,117.4,4241614
2020-02-24 00:00:00+05:30,117.1,118.45,115.85,116.7,7043950
2020-02-25 00:00:00+05:30,116.7,117.85,115.85,116.65,5059572
2020-02-26 00:00:00+05:30,116.15,116.35,113.95,114.65,7988388
2020-02-27 00:00:00+05:30,114.2,114.2,110.15,110.7,9733628
2020-02-28 00:00:00+05:30,109.2,109.65,105.0,105.8,11274618
2020-03-02 00:00:00+05:30,107.9,108.5,104.35,105.55,11532350
2020-03-03 00:00:00+05:30,107.05,107.9,105.45,106.9,10346226
2020-03-04 00:00:00+05:30,107.5,109.8,106.3,109.35,9036356
2020-03-05 00:00:00+05:30,109.4,111.75,109.25,109.75,5941556
2020-03-06 00:00:00+05:30,107.5,108.0,106.4,106.85,5868566
2020-03-09 00:00:00+05:30,105.25,105.6,101.75,102.45,17462228
2020-03-11 00:00:00+05:30,97.35,102.45,97.35,101.8,12270332
2020-03-12 00:00:00+05:30,97.5,98.95,94.4,95.15,10764010
2020-03-13 00:00:00+05:30,95.1,97.7,80.85,94.35,13043398
2020-03-16 00:00:00+05:30,92.7,92.7,85.35,85.95,11201156
2020-03-17 00:00:00+05:30,85.35,88.7,81.65,82.7,12175772
2020-03-18 00:00:00+05:30,84.45,85.3,80.5,81.25,12734392
2020-03-19 00:00:00+05:30,78.85,81.95,76.2,77.6,11981284
2020-03-20 00:00:00+05:30,77.95,88.8,77.65,85.65,20320140
2020-03-23 00:00:00+05:30,78.85,84.6,78.85,81.35,10720786
2020-03-24 00:00:00+05:30,80.5,86.9,80.3,84.3,12075734
2020-03-25 00:00:00+05:30,84.75,89.85,81.35,83.45,13456552
2020-03-26 00:00:00+05:30,84.6,89.3,82.4,87.25,10248714
2020-03-27 00:00:00+05:30,87.55,90.55,86.75,87.7,13535120
2020-03-30 00:00:00+05:30,86.55,89.55,85.75,88.05,7335606
2020-03-31 00:00:00+05:30,89.4,95.5,88.7,94.0,10615356
2020-04-01 00:00:00+05:30,93.55,93.55,89.4,90.55,9875672
2020-04-03 00:00:00+05:30,89.85,90.6,84.95,86.05,13147474
2020-04-07 00:00:00+05:30,89.95,92.05,87.45,91.75,9562888
2020-04-08 00:00:00+05:30,91.55,95.6,90.2,92.15,10275308
2020-04-09 00:00:00+05:30,94.8,97.0,93.2,94.0,6931662
2020-04-13 00:00:00+05:30,94.6,94.6,87.4,90.4,12386446
2020-04-15 00:00:00+05:30,90.8,92.5,88.8,89.2,22653200
2020-04-16 00:00:00+05:30,86.05,90.7,86.05,89.75,43380912
2020-04-17 00:00:00+05:30,92.0,92.6,88.7,89.4,13212906
2020-04-20 00:00:00+05:30,90.3,90.3,86.15,86.55,16203326
2020-04-21 00:00:00+05:30,85.55,86.0,83.05,85.05,18086638
2020-04-22 00:00:00+05:30,84.6,85.8,83.65,85.35,10623280
2020-04-23 00:00:00+05:30,85.75,87.25,84.6,86.45,11110840
2020-04-24 00:00:00+05:30,86.05,86.4,84.65,84.95,9282280
2020-04-27 00:00:00+05:30,86.05,87.4,83.9,87.0,18283270
2020-04-28 00:00:00+05:30,87.05,87.45,85.05,85.9,13329834
2020-04-29 00:00:00+05:30,86.1,87.15,85.75,86.3,10061800
2020-04-30 00:00:00+05:30,88.4,92.0,87.75,91.3,17667864
2020-05-04 00:00:00+05:30,88.15,91.45,87.45,90.8,17140750
2020-05-05 00:00:00+05:30,91.5,92.7,87.1,88.05,13865178
2020-05-06 00:00:00+05:30,88.75,89.85,86.5,89.4,10885586
2020-05-07 00:00:00+05:30,87.95,88.6,86.6,88.0,11402188
2020-05-08 00:00:00+05:30,88.5,88.9,87.25,87.95,8227494
2020-05-11 00:00:00+05:30,88.4,90.8,88.0,88.25,8787856
2020-05-12 00:00:00+05:30,88.05,89.85,87.25,89.4,7031358
2020-05-13 00:00:00+05:30,91.55,91.55,88.5,90.65,10561096
2020-05-14 00:00:00+05:30,88.3,89.55,87.5,88.9,10324660
2020-05-15 00:00:00+05:30,88.9,88.9,87.25,87.85,6850342
2020-05-18 00:00:00+05:30,87.0,88.4,85.85,87.1,14455374
2020-05-19 00:00:00+05:30,87.1,88.9,85.05,88.1,11486688
2020-05-20 00:00:00+05:30,88.4,88.85,87.1,88.4,15415906
2020-05-21 00:00:00+05:30,87.65,91.65,87.65,90.35,14258794
2020-05-22 00:00:00+05:30,90.3,91.2,89.1,90.3,9177662
2020-05-26 00:00:00+05:30,90.3,92.3,88.75,90.2,11822288
2020-05-27 00:00:00+05:30,90.6,98.2,89.7,96.15,36166988
2020-05-28 00:00:00+05:30,97.25,97.25,93.7,95.3,24695602
2020-05-29 00:00:00+05:30,95.3,102.7,93.8,101.7,61260436
2020-06-01 00:00:00+05:30,103.0,105.6,101.95,102.75,26749538
2020-06-02 00:00:00+05:30,102.8,104.45,100.85,103.15,12814558
2020-06-03 00:00:00+05:30,103.3,103.9,100.65,101.05,16844312
2020-06-04 00:00:00+05:30,101.05,105.15,100.45,103.35,14795416
2020-06-05 00:00:00+05:30,105.15,105.25,102.75,104.55,14491668
2020-06-08 00:00:00+05:30,104.65,108.65,103.15,108.2,24427392
2020-06-09 00:00:00+05:30,107.1,108.15,103.8,104.35,15690762
2020-06-10 00:00:00+05:30,105.15,105.6,103.05,103.7,14788552
2020-06-11 00:00:00+05:30,103.7,104.0,101.55,101.75,12497910
2020-06-12 00:00:00+05:30,99.4,100.1,98.6,99.35,12418740
2020-06-15 00:00:00+05:30,101.35,104.15,99.5,102.15,28512100
2020-06-16 00:00:00+05:30,103.9,104.15,100.15,101.55,15921774
2020-06-17 00:00:00+05:30,101.35,104.55,100.85,104.1,27938908
2020-06-18 00:00:00+05:30,103.6,104.8,102.55,104.25,12408432
2020-06-19 00:00:00+05:30,104.2,107.1,102.75,106.1,22447422
2020-06-22 00:00:00+05:30,105.7,106.0,103.6,104.2,12962408
2020-06-23 00:00:00+05:30,102.75,106.25,101.75,105.45,14850304
2020-06-24 00:00:00+05:30,107.05,107.05,104.0,104.25,16492172
2020-06-25 00:00:00+05:30,103.7,106.1,102.9,104.25,10193712
2020-06-26 00:00:00+05:30,104.8,109.9,104.3,107.7,38389224
2020-06-29 00:00:00+05:30,106.1,107.95,104.5,105.0,13375922
2020-06-30 00:00:00+05:30,104.95,106.1,104.2,104.95,11002386
2020-07-01 00:00:00+05:30,105.6,106.3,104.35,104.65,7905234
2020-07-02 00:00:00+05:30,105.6,107.7,104.95,107.15,14359950
2020-07-03 00:00:00+05:30,107.15,109.2,106.4,107.45,10841726
2020-07-06 00:00:00+05:30,107.95,108.6,105.9,106.4,15176028
2020-07-07 00:00:00+05:30,106.7,109.15,106.1,107.5,18235138
2020-07-08 00:00:00+05:30,108.3,108.85,106.35,106.65,14152368
2020-07-09 00:00:00+05:30,107.15,107.35,104.95,105.9,13418096
2020-07-10 00:00:00+05:30,105.6,106.75,104.9,106.15,9097558
2020-07-13 00:00:00+05:30,107.05,109.4,106.4,108.8,24694620
2020-07-14 00:00:00+05:30,109.15,110.75,107.1,107.5,27878934
2020-07-15 00:00:00+05:30,112.8,128.45,112.3,125.6,260735386
2020-07-16 00:00:00+05:30,125.45,128.3,121.85,125.15,104555908
2020-07-17 00:00:00+05:30,123.6,126.1,122.85,124.9,37713024
2020-07-20 00:00:00+05:30,124.9,130.75,123.8,129.4,42790364
2020-07-21 00:00:00+05:30,133.1,134.6,128.8,129.7,65999190
2020-07-22 00:00:00+05:30,130.2,130.4,126.0,127.1,25167708
2020-07-23 00:00:00+05:30,128.25,128.3,125.5,127.4,20736676
2020-07-24 00:00:00+05:30,127.6,129.9,126.9,129.3,44244516
2020-07-27 00:00:00+05:30,129.3,130.6,127.7,128.5,27980774
2020-07-28 00:00:00+05:30,128.75,132.3,128.75,131.6,28087836
2020-07-29 00:00:00+05:30,130.85,132.85,130.2,132.4,21567358
2020-07-30 00:00:00+05:30,133.85,137.05,133.85,135.8,51695532
2020-07-31 00:00:00+05:30,138.45,138.95,133.15,134.3,33401810
2020-08-03 00:00:00+05:30,135.25,136.15,133.6,134.6,17817662
2020-08-04 00:00:00+05:30,134.6,135.45,132.95,134.3,16239168
2020-08-05 00:00:00+05:30,134.4,135.95,132.6,132.95,14691110
2020-08-06 00:00:00+05:30,134.15,135.85,132.75,133.65,20305210
2020-08-07 00:00:00+05:30,134.3,134.65,132.1,132.6,14642418
2020-08-10 00:00:00+05:30,133.8,134.4,132.2,132.6,12621630
2020-08-11 00:00:00+05:30,133.35,136.05,133.0,133.65,20157816
2020-08-12 00:00:00+05:30,134.0,134.15,131.2,132.0,17807334
2020-08-13 00:00:00+05:30,132.8,134.65,131.3,132.4,19307912
2020-08-14 00:00:00+05:30,133.1,134.2,131.85,132.15,13163438
2020-08-17 00:00:00+05:30,133.15,136.85,132.65,134.75,29094026
2020-08-18 00:00:00+05:30,136.15,137.35,134.6,135.1,24108546
2020-08-19 00:00:00+05:30,136.45,136.65,133.45,133.7,18746470
2020-08-20 00:00:00+05:30,133.35,133.35,130.6,131.05,19783540
2020-08-21 00:00:00+05:30,133.35,133.35,130.35,130.7,15968262
2020-08-24 00:00:00+05:30,130.7,131.15,129.95,130.35,12309628
2020-08-25 00:00:00+05:30,131.15,131.25,128.8,129.0,15592728
2020-08-26 00:00:00+05:30,129.0,131.25,128.1,130.0,19265728
2020-08-27 00:00:00+05:30,130.5,131.5,129.75,130.2,12380436
2020-08-28 00:00:00+05:30,131.25,131.4,129.65,130.0,15203090
2020-08-31 00:00:00+05:30,130.95,134.75,128.1,129.65,41143100
2020-09-01 00:00:00+05:30,129.5,133.55,128.6,129.8,24586108
2020-09-02 00:00:00+05:30,130.45,132.15,129.6,130.8,16864110
2020-09-03 00:00:00+05:30,131.65,137.55,131.2,135.15,49790332
2020-09-04 00:00:00+05:30,133.2,133.6,131.45,131.9,21415428
2020-09-07 00:00:00+05:30,132.15,133.6,129.75,133.25,16652570
2020-09-08 00:00:00+05:30,134.85,137.15,133.1,135.05,44589732
2020-09-09 00:00:00+05:30,133.7,138.35,133.1,135.15,45588874
2020-09-10 00:00:00+05:30,136.95,137.05,134.35,136.05,19035864
2020-09-11 00:00:00+05:30,135.0,142.6,135.0,140.2,83874702
2020-09-14 00:00:00+05:30,140.15,147.5,140.15,146.8,76180230
2020-09-15 00:00:00+05:30,146.8,148.7,144.7,146.9,56312678
2020-09-16 00:00:00+05:30,146.7,149.85,145.3,149.2,29988440
2020-09-17 00:00:00+05:30,146.8,151.35,146.8,148.95,53623306
2020-09-18 00:00:00+05:30,150.1,152.45,149.2,151.25,36975960
2020-09-21 00:00:00+05:30,150.95,155.1,148.15,149.05,45478094
2020-09-22 00:00:00+05:30,150.75,151.4,145.3,149.2,47020670
2020-09-23 00:00:00+05:30,150.55,153.8,148.7,150.45,44279616
2020-09-24 00:00:00+05:30,149.8,149.8,144.5,145.65,35841624
2020-09-25 00:00:00+05:30,146.35,150.65,145.4,150.05,44014190
2020-09-28 00:00:00+05:30,150.55,151.5,148.0,148.9,24921826
2020-09-29 00:00:00+05:30,150.55,152.25,148.4,148.85,29660790
2020-09-30 00:00:00+05:30,149.1,150.9,148.0,149.9,24786634
2020-10-01 00:00:00+05:30,151.2,151.9,149.1,149.6,18514662
2020-10-05 00:00:00+05:30,150.65,160.6,150.65,159.65,77812784
2020-10-06 00:00:00+05:30,160.1,160.25,154.35,157.75,55159932
2020-10-07 00:00:00+05:30,156.25,160.85,155.6,160.25,35479976
2020-10-08 00:00:00+05:30,167.75,175.75,165.6,171.75,214541140
2020-10-09 00:00:00+05:30,173.0,179.75,170.7,178.75,110862104
2020-10-12 00:00:00+05:30,180.2,181.5,176.4,180.4,105932126
2020-10-13 00:00:00+05:30,180.3,182.45,178.25,179.7,72184766
2020-10-14 00:00:00+05:30,174.45,174.45,166.45,167.5,148276550
2020-10-15 00:00:00+05:30,167.75,169.3,162.0,163.25,77923170
2020-10-16 00:00:00+05:30,163.85,166.35,161.8,162.3,50490524
2020-10-19 00:00:00+05:30,163.65,165.6,161.8,164.0,25696052
2020-10-20 00:00:00+05:30,164.8,167.05,163.35,165.7,33993548
2020-10-21 00:00:00+05:30,167.1,167.35,162.05,164.1,19935442
2020-10-22 00:00:00+05:30,163.0,166.4,162.9,164.6,19082568
2020-10-23 00:00:00+05:30,165.75,165.85,163.15,163.65,17347028
2020-10-26 00:00:00+05:30,164.25,164.85,160.9,162.4,17390412
2020-10-27 00:00:00+05:30,161.7,162.4,158.2,159.65,19821884
2020-10-28 00:00:00+05:30,160.5,162.4,159.8,160.4,17969212
2020-10-29 00:00:00+05:30,159.45,162.5,158.25,161.25,14479922
2020-10-30 00:00:00+05:30,162.1,164.9,161.7,162.85,22992246
2020-11-02 00:00:00+05:30,163.35,163.35,159.5,160.0,9662266
2020-11-03 00:00:00+05:30,160.35,162.2,158.95,160.4,9515596
2020-11-04 00:00:00+05:30,161.55,168.0,161.3,163.9,30763800
2020-11-05 00:00:00+05:30,166.3,166.8,164.4,165.1,11204872
2020-11-06 00:00:00+05:30,165.5,166.8,164.1,165.3,10915586
2020-11-09 00:00:00+05:30,167.3,168.6,165.8,168.2,14214570
2020-11-10 00:00:00+05:30,167.65,167.65,163.1,163.6,18099240
2020-11-11 00:00:00+05:30,164.65,166.2,163.2,165.7,15275758
2020-11-12 00:00:00+05:30,166.3,167.6,164.55,165.2,10228848
2020-11-13 00:00:00+05:30,164.65,165.5,163.75,164.5,9455776
2020-11-14 00:00:00+05:30,165.9,166.1,163.95,165.1,1498484
2020-11-17 00:00:00+05:30,165.8,167.5,164.25,166.65,13307668
2020-11-18 00:00:00+05:30,167.2,168.4,163.35,165.05,14815616
2020-11-19 00:00:00+05:30,166.15,167.05,163.25,163.7,22113702
2020-11-20 00:00:00+05:30,164.3,166.55,163.45,165.55,12362786
2020-11-23 00:00:00+05:30,166.3,170.8,165.4,170.05,20666694
2020-11-24 00:00:00+05:30,171.55,172.75,169.65,169.9,20184882
2020-11-25 00:00:00+05:30,171.05,171.45,167.1,167.3,13624676
2020-11-26 00:00:00+05:30,167.75,170.35,165.9,169.55,14732740
2020-11-27 00:00:00+05:30,169.55,170.85,166.2,167.5,24804168
2020-12-01 00:00:00+05:30,168.55,169.15,165.5,168.6,21387134
2020-12-02 00:00:00+05:30,169.4,172.2,169.3,171.5,18868154
2020-12-03 00:00:00+05:30,173.95,173.95,171.1,172.2,21394090
2020-12-04 00:00:00+05:30,172.6,173.2,171.55,172.45,14854786
2020-12-07 00:00:00+05:30,173.0,173.35,170.85,171.3,16784766
2020-12-08 00:00:00+05:30,172.2,174.45,171.3,173.8,23626602
2020-12-09 00:00:00+05:30,175.75,175.75,170.85,171.8,36275376
2020-12-10 00:00:00+05:30,170.25,171.1,168.6,170.1,13794794
2020-12-11 00:00:00+05:30,170.8,172.05,168.5,168.95,11727232
2020-12-14 00:00:00+05:30,168.95,169.45,165.85,167.0,23003678
2020-12-15 00:00:00+05:30,166.95,169.15,166.05,168.55,14463562
2020-12-16 00:00:00+05:30,169.15,171.55,168.8,171.3,13332544
2020-12-17 00:00:00+05:30,171.3,171.65,169.9,170.55,8330742
2020-12-18 00:00:00+05:30,171.55,174.85,170.85,173.75,34796162
2020-12-21 00:00:00+05:30,173.25,175.55,166.5,169.2,19330126
2020-12-22 00:00:00+05:30,169.2,174.8,167.0,174.05,16372078
2020-12-23 00:00:00+05:30,178.75,185.2,177.65,184.3,89748866
2020-12-24 00:00:00+05:30,184.7,184.85,180.95,182.7,24480344
2020-12-28 00:00:00+05:30,183.2,184.7,182.6,183.0,9451758
2020-12-29 00:00:00+05:30,183.5,186.65,183.05,184.0,22918252
2020-12-30 00:00:00+05:30,184.0,184.8,182.95,183.7,14376870
2020-12-31 00:00:00+05:30,182.2,185.2,182.2,184.6,12789210
2021-01-01 00:00:00+05:30,184.0,186.8,184.0,185.45,10084672
2021-01-04 00:00:00+05:30,186.4,190.2,185.3,189.45,19511442
2021-01-05 00:00:00+05:30,188.35,195.85,188.05,194.2,50313494
2021-01-06 00:00:00+05:30,193.55,199.5,192.7,194.25,44972600
2021-01-07 00:00:00+05:30,197.0,197.4,192.95,194.45,24689510
2021-01-08 00:00:00+05:30,194.75,206.75,194.65,205.6,81986460
2021-01-11 00:00:00+05:30,208.35,215.55,207.9,213.55,94668036
2021-01-12 00:00:00+05:30,214.1,220.2,211.45,218.75,44268930
2021-01-13 00:00:00+05:30,220.3,223.4,216.4,219.4,58380386
2021-01-14 00:00:00+05:30,216.0,222.7,205.5,217.15,143103614
2021-01-15 00:00:00+05:30,217.35,219.55,208.65,209.65,50615558
2021-01-18 00:00:00+05:30,210.75,212.65,205.05,206.25,43021174
2021-01-19 00:00:00+05:30,206.95,210.1,204.4,205.6,31355580
2021-01-20 00:00:00+05:30,207.4,214.0,206.95,212.65,48839358
2021-01-21 00:00:00+05:30,215.85,216.7,211.4,213.05,31822754
2021-01-22 00:00:00+05:30,213.85,216.0,210.45,212.55,22797624
2021-01-25 00:00:00+05:30,212.75,215.55,208.0,208.95,14760338
2021-01-27 00:00:00+05:30,209.35,217.35,208.95,213.35,59180420
2021-01-28 00:00:00+05:30,211.85,214.4,204.25,206.4,29624870
2021-01-29 00:00:00+05:30,209.05,209.2,198.6,199.75,31264842
2021-02-01 00:00:00+05:30,198.85,202.5,195.05,201.45,30163704
2021-02-02 00:00:00+05:30,204.55,208.2,202.4,204.75,26620996
2021-02-03 00:00:00+05:30,205.6,210.25,205.6,207.2,19795332
2021-02-04 00:00:00+05:30,207.2,208.8,204.65,205.45,14386598
2021-02-05 00:00:00+05:30,206.45,207.15,201.0,203.4,17358052
2021-02-08 00:00:00+05:30,205.7,209.2,203.75,208.05,25032680
2021-02-09 00:00:00+05:30,210.35,215.95,208.0,210.0,58949660
2021-02-10 00:00:00+05:30,211.25,212.25,207.9,209.8,21215470
2021-02-11 00:00:00+05:30,209.8,210.5,207.15,208.85,18474052
2021-02-12 00:00:00+05:30,210.25,214.65,210.1,211.25,38561668
2021-02-15 00:00:00+05:30,212.45,212.6,208.75,210.1,15689754
2021-02-16 00:00:00+05:30,213.15,214.0,207.3,209.15,24907596
2021-02-17 00:00:00+05:30,208.3,209.8,204.8,205.6,14780384
2021-02-18 00:00:00+05:30,205.65,208.65,205.2,206.95,16771472
2021-02-19 00:00:00+05:30,207.05,208.25,203.65,205.5,16957332
2021-02-22 00:00:00+05:30,205.85,206.85,198.8,200.1,21332174
2021-02-23 00:00:00+05:30,200.55,203.6,198.0,198.55,17984706
2021-02-24 00:00:00+05:30,199.65,203.5,198.25,202.25,10120594
2021-02-25 00:00:00+05:30,202.25,205.0,200.9,201.35,18220784
2021-02-26 00:00:00+05:30,199.8,200.6,195.0,196.1,23463882
2021-03-01 00:00:00+05:30,196.45,200.1,195.55,198.05,12843392
2021-03-02 00:00:00+05:30,200.55,207.0,199.9,205.7,29750468
2021-03-03 00:00:00+05:30,206.95,208.65,204.65,208.15,17564904
2021-03-04 00:00:00+05:30,204.95,212.3,204.3,209.75,25927594
2021-03-05 00:00:00+05:30,210.25,210.25,199.3,201.1,87862344
2021-03-08 00:00:00+05:30,203.15,203.2,198.6,199.25,24709676
2021-03-09 00:00:00+05:30,200.6,202.1,195.95,200.35,23811258
2021-03-10 00:00:00+05:30,203.65,205.85,202.2,203.95,34582736
2021-03-12 00:00:00+05:30,206.25,206.85,201.75,203.2,17920252
2021-03-15 00:00:00+05:30,203.0,204.8,199.7,203.8,15034248
2021-03-16 00:00:00+05:30,204.2,207.9,203.4,205.15,21347294
2021-03-17 00:00:00+05:30,205.0,208.15,199.65,200.5,24269624
2021-03-18 00:00:00+05:30,202.3,202.7,193.2,196.05,20165862
2021-03-19 00:00:00+05:30,195.45,197.65,190.85,196.2,33750804
2021-03-22 00:00:00+05:30,196.45,198.9,196.05,198.05,13245968
2021-03-23 00:00:00+05:30,199.65,202.4,197.25,198.55,23150388
2021-03-24 00:00:00+05:30,196.6,198.5,195.55,196.45,10280694
2021-03-25 00:00:00+05:30,196.3,196.75,190.1,190.95,25474258
2021-03-26 00:00:00+05:30,193.45,194.85,191.45,193.0,18066738
2021-03-30 00:00:00+05:30,193.55,200.9,193.55,199.85,26342780
2021-03-31 00:00:00+05:30,200.6,200.6,197.55,197.95,14890268
2021-04-01 00:00:00+05:30,200.15,202.1,198.05,199.0,15193886
2021-04-05 00:00:00+05:30,199.0,204.5,198.9,203.3,42432790
2021-04-06 00:00:00+05:30,204.55,204.95,201.9,204.2,16641040
2021-04-07 00:00:00+05:30,203.1,209.8,202.4,209.35,27735300
2021-04-08 00:00:00+05:30,211.25,213.15,210.25,211.3,25833228
2021-04-09 00:00:00+05:30,211.7,215.75,210.25,215.1,23398770
2021-04-12 00:00:00+05:30,215.05,215.1,205.2,206.75,30172534
2021-04-13 00:00:00+05:30,206.45,209.15,197.2,200.25,40840640
2021-04-15 00:00:00+05:30,200.2,207.6,198.35,205.85,53517782
2021-04-16 00:00:00+05:30,211.1,226.35,208.35,224.25,218723272
2021-04-19 00:00:00+05:30,221.3,228.45,220.35,225.95,87619710
2021-04-20 00:00:00+05:30,227.5,228.25,223.6,224.65,35461382
2021-04-22 00:00:00+05:30,225.4,236.35,225.4,232.55,85241858
2021-04-23 00:00:00+05:30,231.15,232.95,226.75,227.35,27192006
2021-04-26 00:00:00+05:30,229.15,231.25,227.95,229.5,18629288
2021-04-27 00:00:00+05:30,230.05,232.75,229.85,231.8,14418934
2021-04-28 00:00:00+05:30,232.15,235.7,229.95,233.85,19231068
2021-04-29 00:00:00+05:30,235.45,235.5,232.1,234.1,15282266
2021-04-30 00:00:00+05:30,234.9,244.6,233.85,235.5,58231142
2021-05-03 00:00:00+05:30,233.25,237.05,230.95,232.95,17199462
2021-05-04 00:00:00+05:30,232.9,233.35,228.35,230.35,16204858
2021-05-05 00:00:00+05:30,231.7,237.05,231.0,234.45,23713182
2021-05-06 00:00:00+05:30,235.95,246.05,232.85,244.85,48827088
2021-05-07 00:00:00+05:30,245.65,246.9,242.55,246.25,29333162
2021-05-10 00:00:00+05:30,247.35,252.6,245.25,251.4,25088944
2021-05-11 00:00:00+05:30,247.55,250.1,245.65,247.75,15298998
2021-05-12 00:00:00+05:30,248.55,249.75,241.25,242.6,15742214
2021-05-14 00:00:00+05:30,242.55,243.0,235.5,238.2,13599758
2021-05-17 00:00:00+05:30,238.2,240.75,236.6,238.9,11505300
2021-05-18 00:00:00+05:30,239.9,246.05,239.35,242.8,18761492
2021-05-19 00:00:00+05:30,242.95,247.45,241.45,244.5,14980792
2021-05-20 00:00:00+05:30,246.6,247.05,240.7,242.9,12584608
2021-05-21 00:00:00+05:30,243.75,246.55,243.35,245.0,10395006
2021-05-24 00:00:00+05:30,244.65,247.8,243.55,246.1,14873624
2021-05-25 00:00:00+05:30,247.25,250.8,246.5,247.35,15909128
2021-05-26 00:00:00+05:30,246.1,253.5,246.05,251.95,17646380
2021-05-27 00:00:00+05:30,251.95,260.5,250.9,258.55,58822252
2021-05-28 00:00:00+05:30,257.6,258.25,254.55,257.45,11757252
2021-05-31 00:00:00+05:30,257.45,258.4,253.8,257.6,10772410
2021-06-01 00:00:00+05:30,258.95,261.4,257.9,259.4,11930088
2021-06-02 00:00:00+05:30,259.0,260.5,254.7,259.5,9427136
2021-06-03 00:00:00+05:30,260.8,262.8,257.25,257.6,11275982
2021-06-04 00:00:00+05:30,259.75,260.7,258.3,258.65,9543432
2021-06-07 00:00:00+05:30,260.35,263.45,259.35,262.0,8696866
2021-06-08 00:00:00+05:30,262.85,265.5,262.45,263.15,10859468
2021-06-09 00:00:00+05:30,264.3,264.35,259.1,260.1,12413798
2021-06-10 00:00:00+05:30,260.75,265.5,260.75,264.85,11441488
2021-06-11 00:00:00+05:30,265.25,267.15,263.6,264.9,11224718
2021-06-14 00:00:00+05:30,264.7,268.95,264.3,268.4,11904318
2021-06-15 00:00:00+05:30,268.35,269.55,266.2,266.6,7674490
2021-06-16 00:00:00+05:30,267.6,268.85,264.5,265.35,10994538
2021-06-17 00:00:00+05:30,264.05,268.35,262.65,267.0,8798696
2021-06-18 00:00:00+05:30,267.65,268.6,260.95,262.75,20014232
2021-06-21 00:00:00+05:30,260.4,260.4,255.8,259.1,10781642
2021-06-22 00:00:00+05:30,260.55,267.65,259.15,266.05,11505842
2021-06-23 00:00:00+05:30,267.65,268.05,257.3,258.2,22485404
2021-06-24 00:00:00+05:30,258.95,263.15,257.7,262.4,17337360
2021-06-25 00:00:00+05:30,262.75,263.35,258.35,261.65,10079644
2021-06-28 00:00:00+05:30,262.75,263.25,260.1,261.6,6519660
2021-06-29 00:00:00+05:30,261.8,264.65,258.55,259.3,15855760
2021-06-30 00:00:00+05:30,260.4,261.9,259.0,260.75,8586644
2021-07-01 00:00:00+05:30,260.5,260.9,257.1,257.8,8658748
2021-07-02 00:00:00+05:30,258.15,259.15,255.0,257.4,8314614
2021-07-05 00:00:00+05:30,259.45,259.45,256.0,256.35,6878338
2021-07-06 00:00:00+05:30,256.45,257.25,254.15,254.55,8386882
2021-07-07 00:00:00+05:30,255.2,256.35,250.95,254.35,10755374
2021-07-08 00:00:00+05:30,255.15,256.6,252.35,253.8,9131020
2021-07-09 00:00:00+05:30,252.05,253.8,250.05,251.3,11449216
2021-07-12 00:00:00+05:30,253.7,254.35,250.05,251.3,7731112
2021-07-13 00:00:00+05:30,252.35,253.05,249.75,250.8,8344716
2021-07-14 00:00:00+05:30,251.45,269.2,251.2,268.45,58696166
2021-07-15 00:00:00+05:30,268.15,277.0,267.15,275.25,62132402
2021-07-16 00:00:00+05:30,277.2,281.6,271.6,276.1,73815654
2021-07-19 00:00:00+05:30,273.65,279.1,272.4,274.2,21715702
2021-07-20 00:00:00+05:30,275.15,276.3,268.4,271.5,21047054
2021-07-22 00:00:00+05:30,275.85,279.6,272.9,279.2,24086770
2021-07-23 00:00:00+05:30,280.3,287.6,278.95,286.35,28114910
2021-07-26 00:00:00+05:30,286.8,287.0,281.1,282.15,12199806
2021-07-27 00:00:00+05:30,281.45,284.15,279.2,282.65,7966274
2021-07-28 00:00:00+05:30,282.45,283.6,278.6,282.95,9147860
2021-07-29 00:00:00+05:30,283.7,285.75,280.95,282.15,11668940
2021-07-30 00:00:00+05:30,281.4,283.4,279.6,280.65,6356412
2021-08-02 00:00:00+05:30,281.1,284.55,278.25,283.05,9247796
2021-08-03 00:00:00+05:30,288.65,288.65,283.95,286.45,10331214
2021-08-04 00:00:00+05:30,288.4,288.65,284.0,285.25,9018712
2021-08-05 00:00:00+05:30,285.6,293.65,285.6,287.2,22588728
2021-08-06 00:00:00+05:30,288.55,289.8,285.0,285.75,10540400
2021-08-09 00:00:00+05:30,286.75,289.6,284.6,285.25,9293502
2021-08-10 00:00:00+05:30,285.95,291.05,283.45,288.55,14055564
2021-08-11 00:00:00+05:30,287.65,289.85,285.95,287.35,8565026
2021-08-12 00:00:00+05:30,287.7,291.0,287.05,289.55,7905016
2021-08-13 00:00:00+05:30,289.6,296.5,289.6,294.15,16729368
2021-08-16 00:00:00+05:30,294.45,296.75,291.75,293.4,7144852
2021-08-17 00:00:00+05:30,293.35,304.45,292.1,303.4,23645544
2021-08-18 00:00:00+05:30,303.85,305.45,298.5,300.8,13847154
2021-08-20 00:00:00+05:30,297.5,302.05,295.35,296.3,12341386
2021-08-23 00:00:00+05:30,299.2,304.45,298.0,300.5,14072750
2021-08-24 00:00:00+05:30,303.95,303.95,298.25,302.85,8967436
2021-08-25 00:00:00+05:30,303.45,307.2,300.9,301.85,12815436
2021-08-26 00:00:00+05:30,302.15,305.15,299.2,300.6,8416702
2021-08-27 00:00:00+05:30,300.85,303.95,298.85,303.45,8743108
2021-08-30 00:00:00+05:30,303.95,305.6,301.35,302.25,8743710
2021-08-31 00:00:00+05:30,303.25,307.1,300.55,306.35,15591816
2021-09-01 00:00:00+05:30,307.7,309.4,303.55,306.85,9450444
2021-09-02 00:00:00+05:30,308.25,314.0,306.25,311.3,9077556
2021-09-03 00:00:00+05:30,312.1,313.85,310.4,313.05,7549940
2021-09-06 00:00:00+05:30,313.8,329.15,313.8,328.05,24676832
2021-09-07 00:00:00+05:30,329.8,329.8,321.55,322.25,12812218
2021-09-08 00:00:00+05:30,322.75,322.75,315.4,316.5,13432462
2021-09-09 00:00:00+05:30,315.85,317.65,312.6,316.6,11611460
2021-09-13 00:00:00+05:30,316.6,321.05,314.4,320.55,11177578
2021-09-14 00:00:00+05:30,320.65,322.9,320.2,321.85,7322676
2021-09-15 00:00:00+05:30,322.15,325.25,320.2,322.15,8290832
2021-09-16 00:00:00+05:30,324.9,325.35,317.8,319.15,9315692
2021-09-17 00:00:00+05:30,320.85,322.35,316.75,317.9,10815562
2021-09-20 00:00:00+05:30,314.4,320.45,312.3,316.65,9092860
2021-09-21 00:00:00+05:30,315.65,319.75,314.05,319.05,7367102
2021-09-22 00:00:00+05:30,319.75,322.4,316.85,319.35,9583304
2021-09-23 00:00:00+05:30,321.6,323.55,320.85,322.3,6462586
2021-09-24 00:00:00+05:30,325.2,334.15,322.55,323.3,24253176
2021-09-27 00:00:00+05:30,324.05,324.25,311.1,312.55,16798164
2021-09-28 00:00:00+05:30,312.55,312.55,303.55,305.65,16224924
2021-09-29 00:00:00+05:30,301.1,308.95,299.85,306.25,17679132
2021-09-30 00:00:00+05:30,305.3,309.1,302.35,303.05,12027918
2021-10-01 00:00:00+05:30,303.35,305.75,301.15,304.05,8417708
2021-10-04 00:00:00+05:30,305.8,307.6,303.95,306.35,10494244
2021-10-05 00:00:00+05:30,304.15,310.4,303.0,309.1,10912148
2021-10-06 00:00:00+05:30,310.85,310.85,303.15,303.85,9673198
2021-10-07 00:00:00+05:30,305.35,310.0,304.4,307.3,7448686
2021-10-08 00:00:00+05:30,308.85,319.05,308.25,316.0,22091966
2021-10-11 00:00:00+05:30,310.2,318.45,303.45,312.0,20422932
2021-10-12 00:00:00+05:30,311.6,316.6,307.1,315.0,18680432
2021-10-13 00:00:00+05:30,317.8,322.45,313.5,321.45,18925882
2021-10-14 00:00:00+05:30,333.1,353.55,332.15,338.45,118377606
2021-10-18 00:00:00+05:30,343.65,344.5,335.7,339.25,21198892
2021-10-19 00:00:00+05:30,342.7,348.9,338.35,340.05,21865148
2021-10-20 00:00:00+05:30,341.05,345.45,332.5,335.5,16108782
2021-10-21 00:00:00+05:30,338.85,338.85,325.8,332.75,15916912
2021-10-22 00:00:00+05:30,335.4,337.2,324.15,326.15,10758302
2021-10-25 00:00:00+05:30,326.3,327.0,315.8,319.1,17621916
2021-10-26 00:00:00+05:30,320.65,324.4,317.8,319.35,12193966
2021-10-27 00:00:00+05:30,319.35,322.45,317.05,320.7,12631178
2021-10-28 00:00:00+05:30,320.65,320.95,313.0,313.95,10357542
2021-10-29 00:00:00+05:30,314.6,315.15,307.85,309.1,13522634
2021-11-01 00:00:00+05:30,311.15,314.0,309.45,313.2,8802466
2021-11-02 00:00:00+05:30,314.0,315.9,311.15,312.5,8079378
2021-11-03 00:00:00+05:30,315.15,316.3,310.75,311.85,6871182
2021-11-04 00:00:00+05:30,313.0,314.3,309.4,312.45,1565810
2021-11-08 00:00:00+05:30,312.1,315.9,309.45,314.7,9504460
2021-11-09 00:00:00+05:30,316.9,318.4,313.85,314.7,8284130
2021-11-10 00:00:00+05:30,313.45,314.95,311.4,311.9,8091390
2021-11-11 00:00:00+05:30,310.55,310.55,304.35,306.75,12067796
2021-11-12 00:00:00+05:30,309.7,316.65,308.65,315.4,12126506
2021-11-15 00:00:00+05:30,316.2,318.3,314.1,314.9,9435996
2021-11-16 00:00:00+05:30,314.7,319.65,312.8,316.1,11327094
2021-11-17 00:00:00+05:30,316.1,319.25,314.5,316.3,8854994
2021-11-18 00:00:00+05:30,317.05,318.3,308.35,311.3,7842498
2021-11-22 00:00:00+05:30,314.5,315.6,304.95,307.8,11582434
2021-11-23 00:00:00+05:30,307.15,310.2,299.2,307.2,9134924
2021-11-24 00:00:00+05:30,307.9,309.5,302.6,304.2,7985552
2021-11-25 00:00:00+05:30,304.45,306.75,302.55,304.3,6661362
2021-11-26 00:00:00+05:30,302.05,303.15,296.1,297.0,8277074
2021-11-29 00:00:00+05:30,294.7,302.45,288.65,301.35,10376060
2021-11-30 00:00:00+05:30,301.35,308.5,301.3,304.55,26850200
2021-12-01 00:00:00+05:30,307.1,308.75,302.65,303.35,9453644
2021-12-02 00:00:00+05:30,304.4,309.75,300.6,309.1,10210456
2021-12-03 00:00:00+05:30,308.15,312.6,305.8,306.25,13405010
2021-12-06 00:00:00+05:30,304.55,307.85,297.85,298.45,9409906
2021-12-07 00:00:00+05:30,300.15,303.25,297.75,302.25,8557090
2021-12-08 00:00:00+05:30,305.35,312.1,305.0,306.7,15360658
2021-12-09 00:00:00+05:30,306.75,309.5,304.85,307.4,6865604
2021-12-10 00:00:00+05:30,306.95,308.7,303.5,305.0,8525212
2021-12-13 00:00:00+05:30,307.55,313.8,305.95,308.45,13123680
2021-12-14 00:00:00+05:30,308.75,311.55,305.45,309.15,8609412
2021-12-15 00:00:00+05:30,309.05,309.05,303.65,304.15,7123544
2021-12-16 00:00:00+05:30,307.8,310.6,305.55,307.9,12437240
2021-12-17 00:00:00+05:30,315.4,323.45,310.7,320.55,104600018
2021-12-20 00:00:00+05:30,319.05,323.8,316.85,318.3,26298202
2021-12-21 00:00:00+05:30,323.05,333.15,320.65,330.15,27362096
2021-12-22 00:00:00+05:30,332.55,332.55,325.55,327.65,12327754
2021-12-23 00:00:00+05:30,329.85,335.5,329.35,332.0,12944908
2021-12-24 00:00:00+05:30,333.5,335.7,329.9,333.8,13182426
2021-12-27 00:00:00+05:30,334.45,335.0,330.3,334.35,10188656
2021-12-28 00:00:00+05:30,336.0,338.1,335.3,337.15,10158044
2021-12-29 00:00:00+05:30,337.05,339.35,334.55,336.3,7898416
2021-12-30 00:00:00+05:30,337.0,344.05,336.45,341.3,18087350
2021-12-31 00:00:00+05:30,342.1,343.55,338.9,341.9,8549558
2022-01-03 00:00:00+05:30,343.15,347.35,342.15,343.5,9280810
2022-01-04 00:00:00+05:30,345.45,345.6,340.05,344.8,10228800
2022-01-05 00:00:00+05:30,344.1,344.5,336.0,341.0,14711264
2022-01-06 00:00:00+05:30,337.3,340.35,334.55,337.3,12883220
2022-01-07 00:00:00+05:30,338.35,344.8,338.15,340.0,13120326
2022-01-10 00:00:00+05:30,338.85,338.85,329.8,331.45,27537820
2022-01-11 00:00:00+05:30,332.15,333.8,329.3,331.8,15487458
2022-01-12 00:00:00+05:30,334.55,335.4,326.5,330.4,23460682
2022-01-13 00:00:00+05:30,316.95,318.3,309.7,310.55,61505934
2022-01-14 00:00:00+05:30,310.3,310.3,304.2,305.75,26514548
2022-01-17 00:00:00+05:30,305.6,311.4,302.55,309.0,20457876
2022-01-18 00:00:00+05:30,310.15,310.65,301.65,302.7,14329980
2022-01-19 00:00:00+05:30,301.55,301.85,295.8,296.9,17382766
2022-01-20 00:00:00+05:30,296.6,297.45,291.75,294.0,16827124
2022-01-21 00:00:00+05:30,291.5,292.0,287.15,289.15,19646694
2022-01-24 00:00:00+05:30,289.4,289.4,271.65,273.75,26150716
2022-01-25 00:00:00+05:30,268.8,273.4,263.2,268.9,34712370
2022-01-27 00:00:00+05:30,265.25,266.15,256.7,260.4,31351744
2022-01-28 00:00:00+05:30,262.9,270.05,261.25,263.9,29899780
2022-01-31 00:00:00+05:30,271.95,274.5,268.85,273.65,26252174
2022-02-01 00:00:00+05:30,277.15,278.35,270.7,275.6,20920202
2022-02-02 00:00:00+05:30,278.15,281.95,274.8,281.0,16368826
2022-02-03 00:00:00+05:30,279.45,281.4,275.4,276.3,14082780
2022-02-04 00:00:00+05:30,275.8,276.1,271.45,273.3,13633558
2022-02-07 00:00:00+05:30,273.35,274.2,265.55,266.2,15091358
2022-02-08 00:00:00+05:30,268.3,270.4,264.95,267.75,13953814
2022-02-09 00:00:00+05:30,269.75,272.8,269.2,271.95,10207476
2022-02-10 00:00:00+05:30,273.55,274.7,270.6,274.1,11603824
2022-02-11 00:00:00+05:30,270.5,270.5,266.25,268.3,15442458
2022-02-14 00:00:00+05:30,262.85,266.3,258.1,258.85,16241546
2022-02-15 00:00:00+05:30,260.75,270.15,259.6,269.25,13676992
2022-02-16 00:00:00+05:30,270.15,272.55,266.45,269.5,14607822
2022-02-17 00:00:00+05:30,273.4,273.55,268.2,270.0,14228840
2022-02-18 00:00:00+05:30,267.15,270.35,265.45,268.75,13411838
2022-02-21 00:00:00+05:30,265.65,273.7,265.45,272.8,17534002
2022-02-22 00:00:00+05:30,265.85,271.95,265.8,269.65,21490124
2022-02-23 00:00:00+05:30,272.05,272.85,268.85,271.05,14408512
2022-02-24 00:00:00+05:30,261.9,266.15,253.9,256.7,26953888
2022-02-25 00:00:00+05:30,261.9,267.05,261.65,265.35,15922624
2022-02-28 00:00:00+05:30,263.35,267.7,260.05,265.65,18316874
2022-03-02 00:00:00+05:30,265.25,266.8,263.05,265.35,16354110
2022-03-03 00:00:00+05:30,269.05,275.3,267.85,272.2,25911326
2022-03-04 00:00:00+05:30,268.15,277.2,264.75,274.95,26948372
2022-03-07 00:00:00+05:30,269.05,277.0,268.65,273.3,21112334
2022-03-08 00:00:00+05:30,273.4,282.35,273.4,280.75,22039998
2022-03-09 00:00:00+05:30,281.0,285.05,278.25,279.85,23527232
2022-03-10 00:00:00+05:30,284.35,285.1,279.4,281.1,16161966
2022-03-11 00:00:00+05:30,280.55,281.95,278.35,280.15,9927188
2022-03-14 00:00:00+05:30,280.25,287.15,280.05,285.85,15006442
2022-03-15 00:00:00+05:30,288.5,288.5,279.25,280.85,13853244
2022-03-16 00:00:00+05:30,284.45,286.45,283.2,285.85,11150296
2022-03-17 00:00:00+05:30,289.15,292.0,286.25,287.35,16881290
2022-03-21 00:00:00+05:30,289.2,294.4,285.75,286.75,15592952
2022-03-22 00:00:00+05:30,288.35,292.0,284.95,291.5,15580500
2022-03-23 00:00:00+05:30,293.4,293.9,290.45,292.1,11393836
2022-03-24 00:00:00+05:30,290.1,293.35,289.55,291.8,7751490
2022-03-25 00:00:00+05:30,292.0,293.4,285.45,288.35,11986194
2022-03-28 00:00:00+05:30,290.6,291.05,285.4,286.85,11476810
2022-03-29 00:00:00+05:30,288.2,289.35,286.35,287.95,9402006
2022-03-30 00:00:00+05:30,289.2,291.2,286.5,287.15,15488764
2022-03-31 00:00:00+05:30,286.75,288.3,282.05,282.9,14476178
2022-04-01 00:00:00+05:30,282.8,288.35,281.65,287.6,8567994
2022-04-04 00:00:00+05:30,289.15,289.85,286.25,289.45,8855948
2022-04-05 00:00:00+05:30,289.35,291.3,285.75,286.35,12862488
2022-04-06 00:00:00+05:30,285.75,285.75,282.45,283.7,8235902
2022-04-07 00:00:00+05:30,282.95,282.95,275.95,277.6,15721530
2022-04-08 00:00:00+05:30,280.05,280.55,277.45,278.9,8636632
2022-04-11 00:00:00+05:30,279.1,279.2,271.5,272.95,17164216
2022-04-12 00:00:00+05:30,271.45,271.45,265.85,267.0,16338532
2022-04-13 00:00:00+05:30,267.65,270.25,265.05,267.25,11204576
2022-04-18 00:00:00+05:30,262.75,262.75,256.2,257.4,18930062
2022-04-19 00:00:00+05:30,260.0,260.75,251.4,253.5,13286008
2022-04-20 00:00:00+05:30,256.2,258.4,253.95,256.4,8660976
2022-04-21 00:00:00+05:30,258.55,259.25,256.8,257.7,13388782
2022-04-22 00:00:00+05:30,255.7,258.5,253.6,256.95,9782424
2022-04-25 00:00:00+05:30,253.3,253.9,250.1,253.0,9473768
2022-04-26 00:00:00+05:30,256.6,257.0,251.9,252.9,8718740
2022-04-27 00:00:00+05:30,251.85,251.85,245.9,248.05,16275078
2022-04-28 00:00:00+05:30,250.45,251.65,246.6,249.75,13241338
2022-04-29 00:00:00+05:30,252.6,252.6,242.3,243.15,24151260
2022-05-02 00:00:00+05:30,246.4,248.05,235.4,236.6,43822854
2022-05-04 00:00:00+05:30,239.0,240.8,233.8,235.05,17267854
2022-05-05 00:00:00+05:30,239.4,240.75,237.2,239.5,10869532
2022-05-06 00:00:00+05:30,234.2,234.6,229.85,231.8,18441782
2022-05-09 00:00:00+05:30,230.35,233.9,226.85,230.95,16675250
2022-05-10 00:00:00+05:30,230.85,231.25,227.55,228.25,14969534
2022-05-11 00:00:00+05:30,229.4,230.35,221.1,225.55,21029342
2022-05-12 00:00:00+05:30,223.7,227.5,220.9,226.45,14573000
2022-05-13 00:00:00+05:30,229.2,229.2,223.2,223.95,16775318
2022-05-16 00:00:00+05:30,226.55,226.75,222.2,223.7,7314066
2022-05-17 00:00:00+05:30,225.1,233.7,223.8,232.55,11321450
2022-05-18 00:00:00+05:30,234.6,236.7,229.65,229.95,15390968
2022-05-19 00:00:00+05:30,222.8,226.45,215.05,215.65,22945978
2022-05-20 00:00:00+05:30,220.8,220.9,217.45,219.65,12731912
2022-05-23 00:00:00+05:30,221.7,223.6,218.65,222.7,14111568
2022-05-24 00:00:00+05:30,223.85,224.45,218.9,219.8,13779460
2022-05-25 00:00:00+05:30,219.9,220.2,211.85,212.55,15481506
2022-05-26 00:00:00+05:30,213.15,217.3,212.15,216.7,11583082
2022-05-27 00:00:00+05:30,219.8,223.7,218.0,223.2,11414472
2022-05-30 00:00:00+05:30,226.15,230.1,226.15,227.55,12291148
2022-05-31 00:00:00+05:30,227.45,229.75,224.8,228.45,31587004
2022-06-01 00:00:00+05:30,228.95,228.95,223.9,225.0,10514566
2022-06-02 00:00:00+05:30,225.5,227.65,223.7,226.65,10535040
2022-06-03 00:00:00+05:30,229.25,233.25,226.8,227.25,23269778
2022-06-06 00:00:00+05:30,225.6,227.25,221.85,226.15,13791156
2022-06-07 00:00:00+05:30,224.6,225.0,222.3,223.5,4701342
2022-06-08 00:00:00+05:30,225.1,225.6,221.9,224.8,5627652
2022-06-09 00:00:00+05:30,223.2,227.55,221.85,227.0,7402238
2022-06-10 00:00:00+05:30,223.3,223.3,218.05,220.3,17453098
2022-06-13 00:00:00+05:30,215.05,216.5,212.65,213.2,14130822
2022-06-14 00:00:00+05:30,210.25,216.85,209.35,213.1,13056384
2022-06-15 00:00:00+05:30,214.3,215.35,209.95,210.3,11391596
2022-06-16 00:00:00+05:30,213.15,213.55,200.6,201.85,17944686
2022-06-17 00:00:00+05:30,198.8,200.15,192.15,193.65,41550546
2022-06-20 00:00:00+05:30,195.45,199.75,193.15,198.15,20750838
2022-06-21 00:00:00+05:30,200.7,204.0,199.1,203.2,12187804
2022-06-22 00:00:00+05:30,202.05,202.05,196.1,196.55,16202862
2022-06-23 00:00:00+05:30,197.15,201.1,196.55,200.25,19655010
2022-06-24 00:00:00+05:30,201.2,203.6,198.7,200.15,15362102
2022-06-27 00:00:00+05:30,204.1,205.9,202.6,203.05,12447870
2022-06-28 00:00:00+05:30,201.7,205.05,198.65,204.2,12091828
2022-06-29 00:00:00+05:30,200.7,203.0,199.5,201.1,16684176
2022-06-30 00:00:00+05:30,201.65,202.2,198.35,198.8,12123284
2022-07-01 00:00:00+05:30,198.35,202.3,196.6,201.7,8907248
2022-07-04 00:00:00+05:30,201.2,201.6,198.8,200.85,6372716
2022-07-05 00:00:00+05:30,201.25,202.2,197.4,197.65,11513210
2022-07-06 00:00:00+05:30,200.05,200.05,197.45,198.8,10522910
2022-07-07 00:00:00+05:30,200.7,202.6,199.4,201.1,10706024
2022-07-08 00:00:00+05:30,202.6,202.95,199.1,200.3,9535432
2022-07-11 00:00:00+05:30,198.25,198.35,193.85,196.55,16689574
2022-07-12 00:00:00+05:30,195.45,198.25,195.0,195.55,9777472
2022-07-13 00:00:00+05:30,196.9,196.9,193.75,194.4,11956780
2022-07-14 00:00:00+05:30,196.25,196.25,191.4,191.85,13161242
2022-07-15 00:00:00+05:30,191.65,193.1,186.9,188.2,22328354
2022-07-18 00:00:00+05:30,190.7,193.9,189.55,193.45,13632394
2022-07-19 00:00:00+05:30,192.6,194.9,191.75,193.85,12897178
2022-07-20 00:00:00+05:30,196.35,199.55,194.6,196.95,25237412
2022-07-21 00:00:00+05:30,195.35,199.55,192.45,197.85,45382342
2022-07-22 00:00:00+05:30,198.7,199.5,195.45,196.35,15468542
2022-07-25 00:00:00+05:30,196.2,198.6,195.25,198.25,12535662
2022-07-26 00:00:00+05:30,198.25,198.5,193.2,193.65,15186298
2022-07-27 00:00:00+05:30,193.55,194.7,192.15,194.35,14084158
2022-07-28 00:00:00+05:30,196.8,199.3,196.4,198.8,15898464
2022-07-29 00:00:00+05:30,201.0,202.75,199.7,202.45,15919784
2022-08-01 00:00:00+05:30,203.7,205.95,202.0,205.0,10365748
2022-08-02 00:00:00+05:30,205.0,206.25,202.9,205.3,16912426
2022-08-03 00:00:00+05:30,205.0,206.95,204.3,206.65,12034938
2022-08-04 00:00:00+05:30,208.85,210.4,204.15,208.15,17789134
2022-08-05 00:00:00+05:30,208.45,211.25,208.45,210.25,12967586
2022-08-08 00:00:00+05:30,211.65,211.65,208.0,208.25,9557496
2022-08-10 00:00:00+05:30,207.9,208.35,203.75,205.6,11329742
2022-08-11 00:00:00+05:30,209.35,211.25,208.5,209.55,9154644
2022-08-12 00:00:00+05:30,208.9,209.6,207.9,208.4,7092398
2022-08-16 00:00:00+05:30,209.6,210.15,208.65,208.9,4774208
2022-08-17 00:00:00+05:30,208.95,212.6,208.65,211.75,10401476
2022-08-18 00:00:00+05:30,211.15,211.15,207.4,207.9,16888260
2022-08-19 00:00:00+05:30,209.8,211.5,206.0,206.65,17253908
2022-08-22 00:00:00+05:30,205.95,205.95,200.25,200.7,12900580
2022-08-23 00:00:00+05:30,198.35,200.0,195.95,199.1,17028776
2022-08-24 00:00:00+05:30,199.7,200.45,198.05,198.9,7429170
2022-08-25 00:00:00+05:30,200.4,200.75,198.35,198.45,8753902
2022-08-26 00:00:00+05:30,200.0,201.95,198.95,199.4,7904194
2022-08-29 00:00:00+05:30,193.55,194.25,190.7,193.25,23519514
2022-08-30 00:00:00+05:30,195.55,198.8,194.15,197.65,19750992
2022-09-01 00:00:00+05:30,195.9,196.7,193.45,196.15,11778706
2022-09-02 00:00:00+05:30,197.2,197.3,194.6,194.85,9815080
2022-09-05 00:00:00+05:30,194.55,195.0,193.05,193.8,18018508
2022-09-06 00:00:00+05:30,194.55,194.7,191.75,193.25,18226162
2022-09-07 00:00:00+05:30,192.2,195.35,191.65,194.7,12248532
2022-09-08 00:00:00+05:30,195.95,198.05,195.75,197.3,14064948
2022-09-09 00:00:00+05:30,199.3,200.45,196.6,199.4,14671342
2022-09-12 00:00:00+05:30,200.6,202.8,199.8,201.7,11678424
2022-09-13 00:00:00+05:30,203.05,203.6,201.45,202.0,9408334
2022-09-14 00:00:00+05:30,195.45,202.05,195.45,198.95,17583964
2022-09-15 00:00:00+05:30,200.55,201.15,197.45,198.35,10640314
2022-09-16 00:00:00+05:30,197.3,197.3,191.25,191.95,20192486
2022-09-19 00:00:00+05:30,193.55,194.15,189.75,192.15,13584188
2022-09-20 00:00:00+05:30,194.05,195.65,193.25,193.5,8989822
2022-09-21 00:00:00+05:30,194.0,194.0,190.9,191.55,19290112
2022-09-22 00:00:00+05:30,190.2,191.35,188.8,190.2,16500324
2022-09-23 00:00:00+05:30,190.25,190.85,188.1,188.5,13966710
2022-09-26 00:00:00+05:30,187.35,190.75,183.8,188.7,18994144
2022-09-27 00:00:00+05:30,189.65,191.85,187.35,190.4,12454694
2022-09-28 00:00:00+05:30,189.25,191.4,188.95,190.2,8921590
2022-09-29 00:00:00+05:30,191.65,192.1,187.15,187.7,11883068
2022-09-30 00:00:00+05:30,187.55,189.6,185.2,188.4,13570530
2022-10-03 00:00:00+05:30,188.25,190.2,186.7,188.55,8140834
2022-10-04 00:00:00+05:30,191.15,194.05,190.7,193.8,12591696
2022-10-06 00:00:00+05:30,195.65,197.4,194.7,196.05,11203878
2022-10-07 00:00:00+05:30,195.85,196.8,194.15,195.0,7580186
2022-10-10 00:00:00+05:30,191.3,197.6,191.05,196.55,18714926
2022-10-11 00:00:00+05:30,198.3,199.75,192.3,193.25,22723292
2022-10-12 00:00:00+05:30,193.15,195.75,191.95,195.0,12610118
2022-10-13 00:00:00+05:30,184.95,187.55,180.7,181.15,84896212
2022-10-14 00:00:00+05:30,184.95,185.2,179.8,180.3,27864794
2022-10-17 00:00:00+05:30,180.3,181.1,177.95,179.25,16909538
2022-10-18 00:00:00+05:30,183.35,183.6,180.85,181.25,22328480
2022-10-19 00:00:00+05:30,182.2,182.2,180.2,180.65,10198278
2022-10-20 00:00:00+05:30,180.2,182.85,179.7,182.35,11868814
2022-10-21 00:00:00+05:30,182.8,183.15,181.7,182.85,8931540
2022-10-24 00:00:00+05:30,184.7,184.7,183.5,183.85,3472470
2022-10-25 00:00:00+05:30,184.7,184.7,183.3,183.8,5783256
2022-10-27 00:00:00+05:30,184.5,184.95,182.15,182.85,11723118
2022-10-28 00:00:00+05:30,182.95,184.4,182.6,183.1,7609676
2022-10-31 00:00:00+05:30,184.8,185.6,183.9,184.8,6638382
2022-11-01 00:00:00+05:30,185.4,187.8,184.8,187.55,11540196
2022-11-02 00:00:00+05:30,187.7,188.7,186.7,188.3,6716614
2022-11-03 00:00:00+05:30,186.3,188.2,184.3,185.65,10312476
2022-11-04 00:00:00+05:30,185.65,187.55,184.3,186.7,9023630
2022-11-07 00:00:00+05:30,187.8,188.7,185.2,187.1,8252598
2022-11-09 00:00:00+05:30,188.3,188.5,186.0,186.9,6862546
2022-11-10 00:00:00+05:30,185.8,186.9,184.95,185.85,5494908
2022-11-11 00:00:00+05:30,190.45,193.95,189.85,191.0,28417046
2022-11-14 00:00:00+05:30,192.45,192.45,189.05,189.55,17623428
2022-11-15 00:00:00+05:30,190.2,190.95,188.3,189.85,12462712
2022-11-16 00:00:00+05:30,190.7,192.0,189.35,190.3,11039528
2022-11-17 00:00:00+05:30,190.15,190.2,188.8,189.65,6057616
2022-11-18 00:00:00+05:30,190.1,190.65,187.7,188.2,9546202
2022-11-21 00:00:00+05:30,188.2,188.5,185.2,185.7,7904612
2022-11-22 00:00:00+05:30,185.9,186.1,183.75,185.8,8410828
2022-11-23 00:00:00+05:30,186.8,187.35,185.4,185.8,6717760
2022-11-24 00:00:00+05:30,186.35,191.05,186.0,190.3,13370266
2022-11-25 00:00:00+05:30,190.7,193.25,189.2,192.55,13648550
2022-11-28 00:00:00+05:30,192.55,195.65,192.15,193.85,13679200
2022-11-29 00:00:00+05:30,192.6,195.4,192.55,193.65,9102602
2022-11-30 00:00:00+05:30,194.5,195.0,192.45,194.5,13892346
2022-12-01 00:00:00+05:30,197.3,199.0,196.7,197.7,15852984
2022-12-02 00:00:00+05:30,197.75,197.8,195.45,197.1,11726622
2022-12-05 00:00:00+05:30,197.45,198.35,196.25,197.1,9947062
2022-12-06 00:00:00+05:30,196.2,197.2,194.9,196.6,8832518
2022-12-07 00:00:00+05:30,195.45,195.7,193.7,194.2,6568616
2022-12-08 00:00:00+05:30,194.65,195.0,192.7,192.9,8940712
2022-12-09 00:00:00+05:30,194.05,194.05,186.95,188.3,15423336
2022-12-12 00:00:00+05:30,187.75,190.0,185.4,189.45,10365880
2022-12-13 00:00:00+05:30,190.4,190.85,189.25,190.1,6813842
2022-12-14 00:00:00+05:30,191.55,193.3,190.75,191.15,9995152
2022-12-15 00:00:00+05:30,191.05,191.05,188.3,188.85,7766926
2022-12-16 00:00:00+05:30,187.05,188.7,185.4,186.3,18012634
2022-12-19 00:00:00+05:30,185.6,186.65,184.35,185.9,8838046
2022-12-20 00:00:00+05:30,185.8,186.35,183.0,185.9,8778558
2022-12-21 00:00:00+05:30,186.85,187.9,185.3,186.15,10215214
2022-12-22 00:00:00+05:30,186.45,187.35,184.5,185.8,9093800
2022-12-23 00:00:00+05:30,183.5,184.4,180.2,180.45,12120710
2022-12-26 00:00:00+05:30,180.65,182.4,179.85,181.85,7261148
2022-12-27 00:00:00+05:30,182.8,185.15,181.7,184.8,7685840
2022-12-28 00:00:00+05:30,184.0,186.2,183.1,185.3,7676002
2022-12-29 00:00:00+05:30,184.6,187.4,183.9,186.8,9485398
2022-12-30 00:00:00+05:30,187.8,189.4,187.15,187.7,8256556
2023-01-02 00:00:00+05:30,187.8,188.25,186.65,187.8,5559512
2023-01-03 00:00:00+05:30,187.8,190.1,187.2,189.75,5994422
2023-01-04 00:00:00+05:30,190.0,190.0,185.7,186.25,8926522
2023-01-05 00:00:00+05:30,186.4,187.45,183.4,184.95,9568980
2023-01-06 00:00:00+05:30,184.95,185.8,182.3,182.6,8484754
2023-01-09 00:00:00+05:30,184.5,187.8,184.05,187.25,7347432
2023-01-10 00:00:00+05:30,187.35,188.25,185.15,187.8,7879496
2023-01-11 00:00:00+05:30,187.8,189.25,187.1,188.2,7656600
2023-01-12 00:00:00+05:30,189.15,190.15,186.65,188.55,9510500
2023-01-13 00:00:00+05:30,189.25,189.55,184.75,188.25,13621860
2023-01-16 00:00:00+05:30,186.4,191.65,185.9,190.5,23867444
2023-01-17 00:00:00+05:30,191.15,192.15,188.2,189.45,14310032
2023-01-18 00:00:00+05:30,190.45,192.95,190.2,192.7,16080426
2023-01-19 00:00:00+05:30,192.2,193.05,190.6,192.75,9447456
2023-01-20 00:00:00+05:30,192.85,193.75,191.8,192.7,9265614
2023-01-23 00:00:00+05:30,193.65,194.9,192.4,194.55,8815290
2023-01-24 00:00:00+05:30,195.15,196.05,193.65,194.35,9552640
2023-01-25 00:00:00+05:30,193.55,194.0,191.15,191.95,6355554
2023-01-27 00:00:00+05:30,191.95,192.85,188.4,190.2,7410134
2023-01-30 00:00:00+05:30,190.2,193.45,188.8,192.25,7261256
2023-01-31 00:00:00+05:30,192.3,192.45,190.1,190.6,9566846
2023-02-01 00:00:00+05:30,191.9,193.0,190.4,192.35,7029896
2023-02-02 00:00:00+05:30,192.35,195.95,192.35,195.65,10835460
2023-02-03 00:00:00+05:30,197.2,197.4,194.15,194.95,8850236
2023-02-06 00:00:00+05:30,193.75,194.15,191.95,193.35,5958022
2023-02-07 00:00:00+05:30,193.8,193.8,190.7,191.4,6683580
2023-02-08 00:00:00+05:30,191.65,194.8,191.65,194.45,8300976
2023-02-09 00:00:00+05:30,194.45,195.45,192.85,195.1,5277374
2023-02-10 00:00:00+05:30,194.55,194.55,192.55,193.95,5160140
2023-02-13 00:00:00+05:30,193.85,193.85,190.75,191.45,4825356
2023-02-14 00:00:00+05:30,192.6,194.25,191.9,193.6,4638822
2023-02-15 00:00:00+05:30,192.5,194.9,191.35,194.7,5227672
2023-02-16 00:00:00+05:30,195.35,197.45,195.25,195.9,11189362
2023-02-17 00:00:00+05:30,194.45,195.0,193.05,194.2,5616244
2023-02-20 00:00:00+05:30,193.7,194.9,192.25,194.55,6497188
2023-02-21 00:00:00+05:30,194.7,195.0,192.2,192.55,5761172
2023-02-22 00:00:00+05:30,190.9,191.35,188.5,188.85,6883372
2023-02-23 00:00:00+05:30,189.15,190.55,188.0,188.3,6078322
2023-02-24 00:00:00+05:30,189.25,189.5,187.65,187.95,5106634
2023-02-27 00:00:00+05:30,187.7,187.95,184.2,186.6,5554710
2023-02-28 00:00:00+05:30,187.25,187.9,184.35,184.95,10061602
2023-03-01 00:00:00+05:30,185.45,187.25,185.1,186.9,4542612
2023-03-02 00:00:00+05:30,185.75,186.6,185.1,185.4,4438972
2023-03-03 00:00:00+05:30,186.7,187.05,185.95,186.6,4393936
2023-03-06 00:00:00+05:30,187.55,189.55,187.4,188.2,6727722
2023-03-08 00:00:00+05:30,187.15,187.8,185.8,187.65,4908842
2023-03-09 00:00:00+05:30,187.7,188.2,186.2,186.45,4157054
2023-03-10 00:00:00+05:30,185.35,186.35,184.8,185.95,4567396
2023-03-13 00:00:00+05:30,185.9,187.65,183.4,184.2,5982520
2023-03-14 00:00:00+05:30,184.8,185.05,180.35,181.3,8094852
2023-03-15 00:00:00+05:30,183.35,183.35,179.15,179.6,7687926
2023-03-16 00:00:00+05:30,179.4,180.05,176.85,178.15,7686620
2023-03-17 00:00:00+05:30,180.3,180.85,178.65,179.95,9044282
2023-03-20 00:00:00+05:30,179.2,179.7,174.55,175.45,8184754
2023-03-21 00:00:00+05:30,176.35,176.95,174.65,175.15,7211152
2023-03-22 00:00:00+05:30,175.75,176.85,174.85,175.15,5374846
2023-03-23 00:00:00+05:30,174.4,174.4,172.25,172.8,9485192
2023-03-24 00:00:00+05:30,173.65,175.3,172.55,172.95,7906696
2023-03-27 00:00:00+05:30,172.95,173.95,171.65,172.65,6227714
2023-03-28 00:00:00+05:30,173.45,173.95,169.85,170.25,7813096
2023-03-29 00:00:00+05:30,171.1,172.45,169.65,171.55,8823840
2023-03-31 00:00:00+05:30,173.65,174.85,172.7,174.55,7914212
2023-04-03 00:00:00+05:30,175.85,176.05,174.55,175.85,4053500
2023-04-05 00:00:00+05:30,176.7,177.75,175.45,176.75,6443110
2023-04-06 00:00:00+05:30,176.35,177.05,174.85,175.25,6429614
2023-04-10 00:00:00+05:30,175.85,178.95,175.65,178.4,5624940
2023-04-11 00:00:00+05:30,178.5,179.15,176.15,176.95,6784354
2023-04-12 00:00:00+05:30,177.15,178.45,176.55,177.85,5578210
2023-04-13 00:00:00+05:30,176.8,176.8,174.95,176.0,6724634
2023-04-17 00:00:00+05:30,172.05,173.0,168.2,172.75,13603290
2023-04-18 00:00:00+05:30,173.65,176.3,171.65,175.8,8024898
2023-04-19 00:00:00+05:30,175.8,175.8,172.25,172.45,7475944
2023-04-20 00:00:00+05:30,172.3,173.8,171.55,173.35,4423266
2023-04-21 00:00:00+05:30,174.0,176.2,173.75,175.85,5299988
2023-04-24 00:00:00+05:30,179.2,180.95,177.15,180.65,17779044
2023-04-25 00:00:00+05:30,180.75,181.1,178.8,179.5,7528552
2023-04-26 00:00:00+05:30,180.45,180.45,178.45,179.05,7008146
2023-04-27 00:00:00+05:30,179.9,180.0,177.8,178.95,8491700
2023-04-28 00:00:00+05:30,181.6,185.4,181.6,184.0,27709406
2023-05-02 00:00:00+05:30,185.9,187.45,185.15,185.6,9746608
2023-05-03 00:00:00+05:30,185.6,185.6,182.6,184.05,4828488
2023-05-04 00:00:00+05:30,183.9,184.6,183.0,183.35,6253358
2023-05-05 00:00:00+05:30,182.95,183.7,181.1,181.3,7902194
2023-05-08 00:00:00+05:30,182.1,183.0,181.4,181.8,9613544
2023-05-09 00:00:00+05:30,182.8,183.2,181.6,182.75,5716698
2023-05-10 00:00:00+05:30,183.5,183.8,182.6,183.4,3670402
2023-05-11 00:00:00+05:30,184.35,184.9,183.05,183.8,4049964
2023-05-12 00:00:00+05:30,183.8,184.1,182.4,183.1,4580358
2023-05-15 00:00:00+05:30,183.1,184.95,182.8,184.4,5089694
2023-05-16 00:00:00+05:30,185.2,185.8,184.75,184.95,4059352
2023-05-17 00:00:00+05:30,184.6,185.15,182.3,182.75,5376102
2023-05-18 00:00:00+05:30,184.1,184.2,182.7,182.85,4237016
2023-05-19 00:00:00+05:30,183.9,185.5,183.25,184.6,7281582
2023-05-22 00:00:00+05:30,184.75,189.55,184.2,189.15,12197390
2023-05-23 00:00:00+05:30,189.75,192.2,189.25,190.05,12725634
2023-05-24 00:00:00+05:30,188.55,191.35,188.0,191.0,8256974
2023-05-25 00:00:00+05:30,190.7,190.7,187.65,188.35,13605054
2023-05-26 00:00:00+05:30,188.85,192.45,188.8,192.0,7926180
2023-05-29 00:00:00+05:30,193.05,194.05,190.85,191.05,7959308
2023-05-30 00:00:00+05:30,191.15,192.95,190.85,192.4,7378972
2023-05-31 00:00:00+05:30,192.05,193.45,191.4,192.85,11783582
2023-06-01 00:00:00+05:30,193.55,195.0,193.05,194.65,7065484
2023-06-02 00:00:00+05:30,195.3,195.85,193.05,193.55,6320754
2023-06-05 00:00:00+05:30,195.4,195.85,192.9,193.15,7252860
2023-06-06 00:00:00+05:30,192.75,192.75,189.05,191.15,13707400
2023-06-07 00:00:00+05:30,192.35,192.85,191.65,192.55,8215860
2023-06-08 00:00:00+05:30,193.1,193.45,190.6,190.95,10615052
2023-06-09 00:00:00+05:30,190.85,191.35,189.25,189.9,12018232
2023-06-12 00:00:00+05:30,191.05,191.05,188.6,189.05,11973622
2023-06-13 00:00:00+05:30,190.2,190.45,188.55,189.05,13016186
2023-06-14 00:00:00+05:30,189.4,189.85,187.65,189.45,18512564
2023-06-15 00:00:00+05:30,189.8,189.95,185.5,185.9,28702320
2023-06-16 00:00:00+05:30,184.3,185.7,181.2,182.25,41110648
2023-06-19 00:00:00+05:30,182.6,182.6,180.25,181.7,10629440
2023-06-20 00:00:00+05:30,182.5,184.0,181.9,182.8,11802658
2023-06-21 00:00:00+05:30,183.6,185.05,183.05,184.25,8829264
2023-06-22 00:00:00+05:30,184.5,184.5,182.4,182.75,9356174
2023-06-23 00:00:00+05:30,182.75,183.0,180.7,181.6,6470406
2023-06-26 00:00:00+05:30,181.6,182.55,181.1,182.05,4100400
2023-06-27 00:00:00+05:30,183.6,183.6,182.35,182.85,5880750
2023-06-28 00:00:00+05:30,183.4,183.4,182.0,182.45,7140112
2023-06-30 00:00:00+05:30,184.0,186.3,183.0,186.0,9070810
2023-07-03 00:00:00+05:30,188.25,188.25,186.15,187.15,9036924
2023-07-04 00:00:00+05:30,188.2,189.95,187.8,189.25,12617234
2023-07-05 00:00:00+05:30,188.35,188.95,187.25,188.25,12366958
2023-07-06 00:00:00+05:30,188.55,189.75,187.9,189.35,9037242
2023-07-07 00:00:00+05:30,188.8,189.95,187.9,189.15,9065220
2023-07-10 00:00:00+05:30,189.15,189.15,186.2,186.4,5630400
2023-07-11 00:00:00+05:30,186.4,187.7,185.3,187.35,9634838
2023-07-12 00:00:00+05:30,188.25,188.3,186.6,187.25,6848220
2023-07-13 00:00:00+05:30,187.25,190.5,186.95,188.45,13595726
2023-07-14 00:00:00+05:30,188.7,193.8,187.55,193.55,31366784
2023-07-17 00:00:00+05:30,194.55,203.1,193.95,198.45,45759860
2023-07-18 00:00:00+05:30,199.8,200.85,197.0,199.4,17769026
2023-07-19 00:00:00+05:30,200.7,201.2,197.95,199.8,10830990
2023-07-20 00:00:00+05:30,200.0,200.7,198.15,199.6,8255710
2023-07-21 00:00:00+05:30,193.55,198.05,191.65,193.4,23514212
2023-07-24 00:00:00+05:30,194.2,195.0,192.8,193.05,6808460
2023-07-25 00:00:00+05:30,193.8,193.8,191.15,191.35,6458200
2023-07-26 00:00:00+05:30,192.8,192.85,191.85,192.55,5329662
2023-07-27 00:00:00+05:30,193.05,194.35,190.7,191.15,8948358
2023-07-28 00:00:00+05:30,191.65,192.55,189.55,190.6,6760060
2023-07-31 00:00:00+05:30,191.05,194.05,190.7,193.55,6762180
2023-08-01 00:00:00+05:30,193.8,195.0,193.05,194.55,7181804
2023-08-02 00:00:00+05:30,194.0,194.0,190.7,192.55,5399618
2023-08-03 00:00:00+05:30,192.15,192.15,189.75,190.95,6821698
2023-08-04 00:00:00+05:30,191.55,195.95,191.3,195.35,12481540
2023-08-07 00:00:00+05:30,195.95,197.4,195.0,196.55,8822866
2023-08-08 00:00:00+05:30,197.1,199.55,195.95,199.0,15724284
2023-08-09 00:00:00+05:30,198.55,200.0,197.2,199.7,9309388
2023-08-10 00:00:00+05:30,199.35,201.1,198.6,200.05,9901644
2023-08-11 00:00:00+05:30,200.05,201.8,197.1,197.4,7571468
2023-08-14 00:00:00+05:30,197.45,198.9,195.7,198.45,5792180
2023-08-16 00:00:00+05:30,197.95,200.8,197.85,200.05,8131780
2023-08-17 00:00:00+05:30,200.05,200.9,198.1,199.6,6340960
2023-08-18 00:00:00+05:30,198.35,199.0,195.0,196.75,10602392
2023-08-21 00:00:00+05:30,196.8,199.5,196.7,198.15,7334260
2023-08-22 00:00:00+05:30,198.35,199.85,197.3,199.35,6350240
2023-08-23 00:00:00+05:30,199.4,199.8,198.15,198.45,6134234
2023-08-24 00:00:00+05:30,200.15,200.7,196.9,197.25,5776956
2023-08-25 00:00:00+05:30,195.95,196.55,194.6,195.8,6598510
2023-08-28 00:00:00+05:30,196.6,197.1,194.8,195.0,3401974
2023-08-29 00:00:00+05:30,195.75,196.85,194.6,195.0,3998562
2023-08-30 00:00:00+05:30,195.95,196.05,194.35,194.65,4018182
2023-08-31 00:00:00+05:30,195.0,195.95,194.25,195.15,22061952
2023-09-01 00:00:00+05:30,195.0,199.7,194.75,199.0,8476130
2023-09-04 00:00:00+05:30,199.8,208.6,198.8,207.45,27634648
2023-09-05 00:00:00+05:30,208.25,209.1,205.65,206.35,17973426
2023-09-06 00:00:00+05:30,207.3,208.2,203.55,205.15,13531912
2023-09-07 00:00:00+05:30,205.5,207.25,204.0,206.85,9322650
2023-09-08 00:00:00+05:30,207.15,207.15,205.15,205.5,5748410
2023-09-11 00:00:00+05:30,206.95,209.1,205.55,207.8,8253314
2023-09-12 00:00:00+05:30,208.9,211.0,204.05,207.9,14545328
2023-09-13 00:00:00+05:30,207.9,209.35,206.25,208.2,7445670
2023-09-14 00:00:00+05:30,209.55,211.85,208.05,208.55,14895010
2023-09-15 00:00:00+05:30,210.15,212.1,209.45,210.75,19835876
2023-09-18 00:00:00+05:30,210.75,210.75,208.0,208.4,6025196
2023-09-20 00:00:00+05:30,207.5,208.75,205.0,205.55,9102700
2023-09-21 00:00:00+05:30,205.45,206.1,202.2,205.0,8893070
2023-09-22 00:00:00+05:30,202.8,204.0,199.1,200.0,19818260
2023-09-25 00:00:00+05:30,200.0,200.6,196.9,197.9,9301132
2023-09-26 00:00:00+05:30,199.2,199.2,196.75,197.35,6480566
2023-09-27 00:00:00+05:30,197.0,199.1,196.1,198.6,7773994
2023-09-28 00:00:00+05:30,199.05,199.05,193.05,193.75,16876116
2023-09-29 00:00:00+05:30,193.55,195.55,191.9,194.05,12780272
2023-10-03 00:00:00+05:30,194.25,195.0,192.85,193.75,5728104
2023-10-04 00:00:00+05:30,192.5,193.75,191.45,193.5,6905870
2023-10-05 00:00:00+05:30,195.0,196.15,193.55,194.45,8125304
2023-10-06 00:00:00+05:30,195.0,195.85,194.55,194.9,6365004
2023-10-09 00:00:00+05:30,193.15,196.45,192.75,193.85,6030450
2023-10-10 00:00:00+05:30,194.25,195.35,194.15,194.9,5128014
2023-10-11 00:00:00+05:30,195.45,202.6,195.45,201.3,19092228
2023-10-12 00:00:00+05:30,201.6,201.65,198.2,199.35,10234398
2023-10-13 00:00:00+05:30,196.85,198.05,195.45,196.45,10914054
2023-10-16 00:00:00+05:30,196.45,196.85,195.05,196.05,5277652
2023-10-17 00:00:00+05:30,196.75,197.75,196.45,196.6,5979388
2023-10-18 00:00:00+05:30,195.45,197.65,194.55,194.7,4881066
2023-10-19 00:00:00+05:30,187.35,189.65,186.45,188.9,25629102
2023-10-20 00:00:00+05:30,188.8,189.25,186.9,187.25,8429336
2023-10-23 00:00:00+05:30,186.8,187.8,182.7,183.1,8837826
2023-10-25 00:00:00+05:30,183.7,185.25,182.15,182.5,6678294
2023-10-26 00:00:00+05:30,181.05,181.9,179.2,180.75,10995582
2023-10-27 00:00:00+05:30,181.1,183.7,181.1,182.75,6202812
2023-10-30 00:00:00+05:30,183.5,183.7,181.8,182.6,4688744
2023-10-31 00:00:00+05:30,183.1,183.55,181.2,182.5,6153536
2023-11-01 00:00:00+05:30,183.4,184.3,181.7,182.1,4241952
2023-11-02 00:00:00+05:30,183.4,184.1,182.65,183.3,4742730
2023-11-03 00:00:00+05:30,184.5,184.85,182.85,183.3,5291528
2023-11-06 00:00:00+05:30,184.5,184.7,183.0,183.8,4939936
2023-11-07 00:00:00+05:30,183.95,184.95,182.95,183.15,5692178
2023-11-08 00:00:00+05:30,183.8,184.4,182.35,182.7,7102052
2023-11-09 00:00:00+05:30,183.0,183.5,181.45,182.0,9231126
2023-11-10 00:00:00+05:30,181.75,182.5,180.2,181.25,10710700
2023-11-12 00:00:00+05:30,183.2,183.2,182.3,182.75,2023324
2023-11-13 00:00:00+05:30,182.85,183.0,181.6,182.4,3585902
2023-11-15 00:00:00+05:30,184.3,187.45,183.6,187.15,10792518
2023-11-16 00:00:00+05:30,187.15,190.9,186.05,189.8,13843576
2023-11-17 00:00:00+05:30,190.2,190.7,188.55,188.95,7886928
2023-11-20 00:00:00+05:30,187.9,191.7,187.9,191.25,8610496
2023-11-21 00:00:00+05:30,192.45,192.45,191.15,191.45,5440248
2023-11-22 00:00:00+05:30,192.4,192.45,190.75,191.25,5318582
2023-11-23 00:00:00+05:30,191.4,193.55,191.4,192.4,9677360
2023-11-24 00:00:00+05:30,192.4,192.8,189.05,189.25,6250566
2023-11-28 00:00:00+05:30,189.75,190.6,187.85,189.65,8145314
2023-11-29 00:00:00+05:30,190.2,195.25,190.2,194.15,15544086
2023-11-30 00:00:00+05:30,194.55,198.1,193.05,197.4,19825958
2023-12-01 00:00:00+05:30,197.75,197.75,194.3,194.8,9830426
2023-12-04 00:00:00+05:30,197.25,197.4,194.45,194.7,10662472
2023-12-05 00:00:00+05:30,194.7,195.45,192.2,193.25,11165368
2023-12-06 00:00:00+05:30,194.45,200.9,194.05,200.15,22082070
2023-12-07 00:00:00+05:30,200.7,201.45,199.1,199.9,11250552
2023-12-08 00:00:00+05:30,200.15,202.85,198.35,202.0,15479122
2023-12-11 00:00:00+05:30,200.7,201.8,199.4,201.0,10084242
2023-12-12 00:00:00+05:30,201.05,204.5,200.8,201.8,11903364
2023-12-13 00:00:00+05:30,202.4,202.75,198.35,200.5,9696816
2023-12-14 00:00:00+05:30,202.4,208.35,202.3,207.6,24681376
2023-12-15 00:00:00+05:30,208.35,214.8,207.2,213.45,41567234
2023-12-18 00:00:00+05:30,213.15,216.75,211.25,212.75,20182072
2023-12-19 00:00:00+05:30,212.95,213.85,207.9,209.7,16064694
2023-12-20 00:00:00+05:30,211.25,214.8,205.2,206.45,26449942
2023-12-21 00:00:00+05:30,204.95,208.6,204.2,207.4,10663008
2023-12-22 00:00:00+05:30,208.05,222.85,207.4,221.1,46080814
2023-12-26 00:00:00+05:30,217.0,227.4,214.3,224.65,54628644
2023-12-27 00:00:00+05:30,223.9,227.2,221.8,225.1,25262992
2023-12-28 00:00:00+05:30,225.85,228.15,223.5,224.35,16839956
2023-12-29 00:00:00+05:30,225.1,227.2,222.75,225.25,15961140
2024-01-01 00:00:00+05:30,226.05,231.1,223.8,228.05,20347278
2024-01-02 00:00:00+05:30,228.45,228.45,221.9,224.25,14282514
2024-01-03 00:00:00+05:30,221.75,221.75,217.45,217.85,19534364
2024-01-04 00:00:00+05:30,218.4,219.75,215.75,216.2,15170336
2024-01-05 00:00:00+05:30,217.45,221.3,216.75,218.2,16889130
2024-01-08 00:00:00+05:30,218.65,219.8,214.6,215.25,10082886
2024-01-09 00:00:00+05:30,218.9,221.05,215.05,215.45,14465048
2024-01-10 00:00:00+05:30,215.75,217.9,214.6,216.8,8874676
2024-01-11 00:00:00+05:30,217.45,218.35,213.5,214.2,8638818
2024-01-12 00:00:00+05:30,217.45,224.15,217.45,222.4,36086734
2024-01-15 00:00:00+05:30,244.7,252.8,233.8,236.4,127844264
2024-01-16 00:00:00+05:30,236.6,236.6,229.6,231.8,25912492
2024-01-17 00:00:00+05:30,227.1,234.9,225.6,230.55,28668932
2024-01-18 00:00:00+05:30,230.55,233.7,223.85,230.65,26144924
2024-01-19 00:00:00+05:30,233.25,235.8,231.15,231.8,15498620
2024-01-20 00:00:00+05:30,232.45,233.65,224.15,228.45,12091602
2024-01-23 00:00:00+05:30,228.45,232.25,223.2,224.55,19972336
2024-01-24 00:00:00+05:30,225.1,228.95,223.7,228.45,11708750
2024-01-25 00:00:00+05:30,228.45,229.15,223.95,224.6,12852980
2024-01-29 00:00:00+05:30,224.6,227.95,224.6,226.05,10051300
2024-01-30 00:00:00+05:30,226.75,230.8,225.35,225.8,11828014
2024-01-31 00:00:00+05:30,225.8,229.35,224.15,228.55,10584480
2024-02-01 00:00:00+05:30,228.25,228.3,224.9,225.3,7828120
2024-02-02 00:00:00+05:30,227.0,232.5,227.0,230.95,16296222
2024-02-05 00:00:00+05:30,230.85,233.95,229.05,230.55,11566604
2024-02-06 00:00:00+05:30,231.65,239.8,230.9,238.8,29024038
2024-02-07 00:00:00+05:30,239.4,239.75,235.4,236.7,9103534
2024-02-08 00:00:00+05:30,237.0,239.05,231.8,233.6,11303840
2024-02-09 00:00:00+05:30,234.6,236.5,230.75,234.35,7893788
2024-02-12 00:00:00+05:30,234.65,244.1,234.65,239.6,48873500
2024-02-13 00:00:00+05:30,240.45,245.15,235.0,244.5,22373576
2024-02-14 00:00:00+05:30,240.9,247.05,237.5,245.9,22594656
2024-02-15 00:00:00+05:30,247.05,249.85,245.15,247.8,14570776
2024-02-16 00:00:00+05:30,249.7,260.5,248.95,259.5,34942644
2024-02-19 00:00:00+05:30,260.9,260.9,253.95,256.2,18602758
2024-02-20 00:00:00+05:30,256.1,257.2,251.45,254.25,10374126
2024-02-21 00:00:00+05:30,256.15,256.35,248.3,249.15,13115574
2024-02-22 00:00:00+05:30,249.85,254.7,249.15,253.8,14596482
2024-02-23 00:00:00+05:30,255.7,258.65,254.85,256.3,19860994
2024-02-26 00:00:00+05:30,256.3,256.4,251.4,254.65,8820636
2024-02-27 00:00:00+05:30,255.2,256.8,252.15,253.95,10399260
2024-02-28 00:00:00+05:30,253.3,253.8,246.15,247.4,12789056
2024-02-29 00:00:00+05:30,247.2,250.55,245.25,247.85,14462764
2024-03-01 00:00:00+05:30,249.65,251.0,247.35,248.1,9420630
2024-03-02 00:00:00+05:30,250.15,250.8,249.45,249.85,680268
2024-03-04 00:00:00+05:30,249.95,251.55,247.85,248.8,5662370
2024-03-05 00:00:00+05:30,247.45,248.8,244.05,245.3,10521548
2024-03-06 00:00:00+05:30,245.5,246.05,239.0,245.25,11091922
2024-03-07 00:00:00+05:30,245.55,248.75,244.0,246.4,9707982
2024-03-11 00:00:00+05:30,247.25,248.05,244.85,245.95,11131512
2024-03-12 00:00:00+05:30,245.05,249.7,242.7,244.1,11652760
2024-03-13 00:00:00+05:30,245.55,247.9,237.4,241.1,13580480
2024-03-14 00:00:00+05:30,239.5,248.0,236.7,247.55,12825472
2024-03-15 00:00:00+05:30,246.05,247.65,242.0,247.05,13649086
2024-03-18 00:00:00+05:30,247.55,247.85,243.25,243.85,6393960
2024-03-19 00:00:00+05:30,243.25,243.25,235.7,236.5,9617386
2024-03-20 00:00:00+05:30,237.05,239.5,233.8,235.85,8385344
2024-03-21 00:00:00+05:30,238.8,241.5,238.2,239.15,11644580
2024-03-22 00:00:00+05:30,233.8,234.55,229.25,232.8,28646502
2024-03-26 00:00:00+05:30,232.25,234.65,228.95,229.35,18273346
2024-03-27 00:00:00+05:30,229.3,229.85,225.2,225.7,14320668
2024-03-28 00:00:00+05:30,227.8,230.85,227.15,229.45,15455150
2024-04-01 00:00:00+05:30,231.2,232.45,230.15,231.8,6041008
2024-04-02 00:00:00+05:30,230.35,230.7,229.25,229.95,6932654
2024-04-03 00:00:00+05:30,229.4,233.1,227.5,230.95,13794516
2024-04-04 00:00:00+05:30,232.15,235.15,229.25,232.95,16004046
2024-04-05 00:00:00+05:30,232.5,232.85,230.65,231.8,6414344
2024-04-08 00:00:00+05:30,234.2,234.95,228.55,229.35,26640770
2024-04-09 00:00:00+05:30,231.35,231.85,227.1,227.4,15801250
2024-04-10 00:00:00+05:30,228.2,229.15,226.1,228.1,10771534
2024-04-12 00:00:00+05:30,227.0,229.4,224.6,225.0,13170046
2024-04-15 00:00:00+05:30,222.9,223.85,219.0,219.55,12176472
2024-04-16 00:00:00+05:30,216.5,219.15,212.55,214.3,21439424
2024-04-18 00:00:00+05:30,216.25,217.65,211.65,212.35,21986258
2024-04-19 00:00:00+05:30,210.25,216.95,208.85,216.4,20470106
2024-04-22 00:00:00+05:30,216.4,222.8,215.05,220.8,18881740
2024-04-23 00:00:00+05:30,223.1,223.1,219.9,220.85,10322712
2024-04-24 00:00:00+05:30,221.75,222.0,219.2,219.8,5915168
2024-04-25 00:00:00+05:30,219.35,221.1,217.85,220.3,11805090
2024-04-26 00:00:00+05:30,220.75,227.4,220.6,222.0,21478294
2024-04-29 00:00:00+05:30,223.5,223.7,220.6,221.3,7249940
2024-04-30 00:00:00+05:30,221.3,223.1,220.55,221.0,8902956
2024-05-02 00:00:00+05:30,221.0,221.3,217.65,218.6,14937276
2024-05-03 00:00:00+05:30,220.0,220.8,216.6,218.6,9730626
2024-05-06 00:00:00+05:30,219.3,221.1,217.9,219.2,6918126
2024-05-07 00:00:00+05:30,220.7,222.4,217.0,221.75,9278528
2024-05-08 00:00:00+05:30,222.2,222.9,220.45,221.4,8205680
2024-05-09 00:00:00+05:30,220.7,221.95,217.0,217.85,9233484
2024-05-10 00:00:00+05:30,217.9,218.65,215.2,215.95,6654714
2024-05-13 00:00:00+05:30,215.95,216.6,212.65,216.0,7111608
2024-05-14 00:00:00+05:30,216.35,219.8,216.1,218.1,4909420
2024-05-15 00:00:00+05:30,218.1,219.75,217.25,219.05,4793424
2024-05-16 00:00:00+05:30,220.8,223.45,217.95,221.95,14621472
2024-05-17 00:00:00+05:30,221.95,221.95,219.8,220.3,6876820
2024-05-18 00:00:00+05:30,220.15,221.4,219.5,221.1,879612
2024-05-21 00:00:00+05:30,221.3,222.1,219.7,220.25,8467448
2024-05-22 00:00:00+05:30,221.25,221.5,219.3,220.45,7765884
2024-05-23 00:00:00+05:30,221.05,223.7,220.7,222.6,13171332
2024-05-24 00:00:00+05:30,223.2,224.85,220.8,221.6,8205526
2024-05-27 00:00:00+05:30,220.8,220.9,215.85,216.2,40983758
2024-05-28 00:00:00+05:30,217.0,218.5,216.55,217.9,15778126
2024-05-29 00:00:00+05:30,217.0,217.7,214.8,215.45,9756036
2024-05-30 00:00:00+05:30,214.6,214.8,207.95,208.85,20724568
2024-05-31 00:00:00+05:30,209.15,211.35,208.15,209.45,21438004
2024-06-03 00:00:00+05:30,215.15,215.35,211.05,212.2,8964424
2024-06-04 00:00:00+05:30,213.1,213.1,199.3,209.45,17730732
2024-06-05 00:00:00+05:30,210.1,217.45,209.8,215.8,12267428
2024-06-06 00:00:00+05:30,217.45,220.8,216.3,220.3,15425568
2024-06-07 00:00:00+05:30,224.6,232.45,223.8,231.6,72672440
2024-06-10 00:00:00+05:30,233.4,233.4,226.25,227.1,18311752
2024-06-11 00:00:00+05:30,229.05,229.05,226.75,227.5,9371714
2024-06-12 00:00:00+05:30,228.45,231.5,227.3,227.9,13875116
2024-06-13 00:00:00+05:30,229.4,231.95,228.55,230.65,12995932
2024-06-14 00:00:00+05:30,231.8,232.05,227.55,228.2,11322596
2024-06-18 00:00:00+05:30,229.85,235.6,229.4,235.05,31870984
2024-06-19 00:00:00+05:30,235.25,237.6,232.65,236.95,20880284
2024-06-20 00:00:00+05:30,237.75,237.75,233.35,234.35,12571126
2024-06-21 00:00:00+05:30,238.0,239.4,233.75,234.45,95171176
2024-06-24 00:00:00+05:30,234.25,236.55,233.9,234.45,9934518
2024-06-25 00:00:00+05:30,234.45,238.0,233.85,237.4,9258210
2024-06-26 00:00:00+05:30,237.4,238.95,236.0,236.7,12812090
2024-06-27 00:00:00+05:30,235.25,244.7,233.8,244.1,42137138
2024-06-28 00:00:00+05:30,244.7,246.75,241.7,246.05,16405832
2024-07-01 00:00:00+05:30,247.5,256.1,245.7,252.05,30757528
2024-07-02 00:00:00+05:30,252.95,260.5,252.5,257.2,36276968
2024-07-03 00:00:00+05:30,258.95,260.65,255.95,257.6,16049384
2024-07-04 00:00:00+05:30,258.75,262.3,252.85,253.65,19524632
2024-07-05 00:00:00+05:30,253.95,256.4,253.0,255.75,10376090
2024-07-08 00:00:00+05:30,256.2,259.5,255.7,258.65,12176360
2024-07-09 00:00:00+05:30,260.0,260.5,256.9,258.55,8681444
2024-07-10 00:00:00+05:30,258.55,259.7,254.15,256.0,9233748
2024-07-11 00:00:00+05:30,256.5,257.9,253.3,255.25,8807618
2024-07-12 00:00:00+05:30,260.5,269.95,258.8,267.75,54186042
2024-07-15 00:00:00+05:30,270.95,270.95,265.85,267.5,16099478
2024-07-16 00:00:00+05:30,268.5,268.85,265.95,267.5,11239062
2024-07-18 00:00:00+05:30,266.05,274.5,265.95,273.95,25019786
2024-07-19 00:00:00+05:30,277.15,277.15,265.1,266.3,26523490
2024-07-22 00:00:00+05:30,248.95,251.75,239.7,241.7,76014568
2024-07-23 00:00:00+05:30,242.8,242.8,232.45,239.2,25847632
2024-07-24 00:00:00+05:30,240.15,242.0,238.9,239.05,12240276
2024-07-25 00:00:00+05:30,237.05,242.55,235.75,242.2,21887890
2024-07-26 00:00:00+05:30,243.75,252.65,243.05,250.8,26153996
2024-07-29 00:00:00+05:30,252.35,253.6,249.85,250.65,12011554
2024-07-30 00:00:00+05:30,250.65,251.85,248.45,249.2,10816526
2024-07-31 00:00:00+05:30,249.35,250.85,248.25,249.45,7758508
2024-08-01 00:00:00+05:30,249.95,251.75,247.3,249.25,10759752
2024-08-02 00:00:00+05:30,246.15,248.15,239.4,240.0,15652228
2024-08-05 00:00:00+05:30,234.2,236.95,229.5,231.8,21938080
2024-08-06 00:00:00+05:30,234.1,238.7,232.55,233.95,11271584
2024-08-07 00:00:00+05:30,238.35,239.05,235.4,237.7,7079826
2024-08-08 00:00:00+05:30,236.1,236.1,232.45,232.9,13160570
2024-08-09 00:00:00+05:30,236.75,237.25,234.0,234.8,6065948
2024-08-12 00:00:00+05:30,234.95,236.1,232.95,233.7,7338468
2024-08-13 00:00:00+05:30,233.7,235.45,232.85,234.4,6289418
2024-08-14 00:00:00+05:30,235.6,237.4,234.35,236.7,11121756
2024-08-16 00:00:00+05:30,239.4,247.25,238.0,246.7,25931140
2024-08-19 00:00:00+05:30,246.6,250.05,245.5,248.45,11466562
2024-08-20 00:00:00+05:30,248.5,252.15,248.35,250.75,9543812
2024-08-21 00:00:00+05:30,250.15,252.4,248.95,251.55,6454402
2024-08-22 00:00:00+05:30,252.25,253.6,247.55,248.05,11496506
2024-08-23 00:00:00+05:30,248.5,249.15,244.4,244.9,11277706
2024-08-26 00:00:00+05:30,246.6,250.8,246.6,248.55,17351380
2024-08-27 00:00:00+05:30,248.55,250.05,246.6,247.15,7965796
2024-08-28 00:00:00+05:30,248.55,257.15,247.45,255.5,34375566
2024-08-29 00:00:00+05:30,255.7,259.0,255.2,257.45,25685318
2024-08-30 00:00:00+05:30,258.85,259.0,256.05,257.3,19434804
2024-09-02 00:00:00+05:30,257.3,259.0,254.15,254.45,15735982
2024-09-03 00:00:00+05:30,254.7,258.5,253.05,256.2,15056686
2024-09-04 00:00:00+05:30,252.35,252.45,246.95,248.15,20402128
2024-09-05 00:00:00+05:30,249.05,251.4,248.3,250.8,12069118
2024-09-06 00:00:00+05:30,250.8,253.25,247.75,248.85,14579954
2024-09-09 00:00:00+05:30,247.1,249.35,245.35,246.05,11919540
2024-09-10 00:00:00+05:30,246.95,252.35,245.65,251.3,10287272
2024-09-11 00:00:00+05:30,250.9,251.45,245.25,245.85,8261524
2024-09-12 00:00:00+05:30,248.75,254.25,247.45,253.3,15779474
2024-09-13 00:00:00+05:30,255.1,264.05,253.7,263.15,35919706
2024-09-16 00:00:00+05:30,264.3,266.15,262.4,263.75,11088578
2024-09-17 00:00:00+05:30,262.4,265.2,261.4,263.75,8728238
2024-09-18 00:00:00+05:30,262.4,262.4,254.55,257.2,16665520
2024-09-19 00:00:00+05:30,260.1,263.55,252.9,254.9,20969182
2024-09-20 00:00:00+05:30,257.05,258.5,253.8,257.65,16664232
2024-09-23 00:00:00+05:30,257.65,258.3,254.25,255.65,8544290
2024-09-24 00:00:00+05:30,254.35,258.95,253.0,257.9,12355694
2024-09-25 00:00:00+05:30,257.5,257.8,253.7,256.3,8065196
2024-09-26 00:00:00+05:30,257.45,259.55,256.05,258.95,11403400
2024-09-27 00:00:00+05:30,262.35,267.1,258.45,258.9,26462384
2024-09-30 00:00:00+05:30,257.1,260.25,255.2,258.75,8199446
2024-10-01 00:00:00+05:30,258.2,262.65,258.2,261.3,9411274
2024-10-03 00:00:00+05:30,258.15,259.2,251.45,253.4,14035368
2024-10-04 00:00:00+05:30,252.35,259.0,252.35,255.0,11922754
2024-10-07 00:00:00+05:30,257.1,258.85,251.4,253.95,9878074
2024-10-08 00:00:00+05:30,254.05,255.1,248.7,251.85,11502804
2024-10-09 00:00:00+05:30,253.2,257.45,252.6,253.9,8841688
2024-10-10 00:00:00+05:30,255.7,256.9,250.15,250.9,12620244
2024-10-11 00:00:00+05:30,248.75,255.4,248.75,252.5,8436982
2024-10-14 00:00:00+05:30,257.45,263.7,256.35,262.65,33136266
2024-10-15 00:00:00+05:30,264.2,264.2,253.7,254.7,21601252
2024-10-16 00:00:00+05:30,254.7,257.5,252.8,254.35,12553622
2024-10-17 00:00:00+05:30,255.7,257.1,250.9,252.75,23755278
2024-10-18 00:00:00+05:30,254.25,266.85,250.8,262.2,74653054
2024-10-21 00:00:00+05:30,263.65,268.55,261.4,261.95,23966964
2024-10-22 00:00:00+05:30,262.75,265.5,259.9,260.65,18478300
2024-10-23 00:00:00+05:30,261.65,265.0,259.1,261.5,12698576
2024-10-24 00:00:00+05:30,261.5,263.1,260.55,261.35,9576604
2024-10-25 00:00:00+05:30,262.75,263.8,258.35,259.7,10124540
2024-10-28 00:00:00+05:30,259.7,267.55,259.35,266.95,11185858
2024-10-29 00:00:00+05:30,267.55,269.25,264.35,268.65,12055630
2024-10-30 00:00:00+05:30,268.8,276.6,268.2,270.15,20755492
2024-10-31 00:00:00+05:30,269.95,270.65,262.05,263.7,15680094
2024-11-01 00:00:00+05:30,263.7,265.2,262.85,263.55,1962810
2024-11-04 00:00:00+05:30,263.35,264.0,255.3,258.5,9855560
2024-11-05 00:00:00+05:30,259.5,260.65,258.3,259.85,6862260
2024-11-06 00:00:00+05:30,261.6,270.4,258.55,269.5,19554884
2024-11-07 00:00:00+05:30,270.5,272.25,264.95,269.25,11997142
2024-11-08 00:00:00+05:30,270.05,276.6,270.05,271.95,20852658
2024-11-11 00:00:00+05:30,271.95,278.7,270.5,274.05,16139444
2024-11-12 00:00:00+05:30,274.8,277.05,271.95,272.7,11260890
2024-11-13 00:00:00+05:30,272.4,274.1,270.3,271.95,11391200
2024-11-14 00:00:00+05:30,271.95,274.6,269.65,270.85,9783520
2024-11-18 00:00:00+05:30,270.85,270.85,258.25,264.2,15289764
2024-11-19 00:00:00+05:30,265.75,272.3,265.1,268.6,12919778
2024-11-21 00:00:00+05:30,268.6,271.25,265.4,266.3,11672608
2024-11-22 00:00:00+05:30,268.6,274.1,266.6,273.2,14733232
2024-11-25 00:00:00+05:30,275.05,280.85,274.25,278.35,23297474
2024-11-26 00:00:00+05:30,279.6,282.15,276.85,281.5,15771340
2024-11-27 00:00:00+05:30,282.7,284.85,278.1,278.55,13659676
2024-11-28 00:00:00+05:30,279.95,280.05,272.7,273.5,11896556
2024-11-29 00:00:00+05:30,274.8,277.6,273.2,276.1,8540112
2024-12-02 00:00:00+05:30,278.35,279.85,276.3,279.4,11194000
2024-12-03 00:00:00+05:30,282.3,283.15,276.5,278.75,15445286
2024-12-04 00:00:00+05:30,281.65,283.85,278.9,281.0,14036431
2024-12-05 00:00:00+05:30,281.95,287.6,280.9,286.05,13487264
2024-12-06 00:00:00+05:30,285.9,285.9,283.15,284.2,7894350
2024-12-09 00:00:00+05:30,281.95,292.2,280.8,290.35,9285213
2024-12-10 00:00:00+05:30,292.5,297.25,290.05,294.5,17028502
2024-12-11 00:00:00+05:30,294.55,296.2,292.05,295.35,8608406
2024-12-12 00:00:00+05:30,294.4,299.95,293.85,295.45,12958440
2024-12-13 00:00:00+05:30,295.45,297.3,290.75,296.25,7382211
2024-12-16 00:00:00+05:30,296.3,297.65,293.5,295.55,7221189
2024-12-17 00:00:00+05:30,297.25,298.45,293.7,295.25,10568517
2024-12-18 00:00:00+05:30,295.35,299.4,294.95,298.8,10965226
2024-12-19 00:00:00+05:30,292.85,299.55,287.85,298.95,12405595
2024-12-20 00:00:00+05:30,301.55,305.85,290.95,291.7,22214824
2024-12-23 00:00:00+05:30,293.1,296.95,291.5,294.3,6693583
2024-12-24 00:00:00+05:30,293.9,295.55,289.45,291.8,8837902
2024-12-26 00:00:00+05:30,291.9,293.4,290.6,291.55,6516148
2024-12-27 00:00:00+05:30,291.7,297.2,291.25,295.45,8063921
2024-12-30 00:00:00+05:30,295.45,295.7,289.3,290.3,13709891
2024-12-31 00:00:00+05:30,287.65,289.6,282.2,288.5,9337030
2025-01-01 00:00:00+05:30,286.75,289.95,285.75,287.05,7878201
2025-01-02 00:00:00+05:30,284.85,291.0,284.0,290.4,8800435
2025-01-03 00:00:00+05:30,289.9,290.4,281.0,281.45,12535720
2025-01-06 00:00:00+05:30,281.95,284.65,277.75,281.3,9173687
2025-01-07 00:00:00+05:30,281.3,284.35,278.4,281.05,7381943
2025-01-08 00:00:00+05:30,280.05,285.3,276.5,284.4,7937785
2025-01-09 00:00:00+05:30,283.85,284.85,278.45,279.4,7964702
2025-01-10 00:00:00+05:30,281.3,289.85,281.3,287.3,19505556
2025-01-13 00:00:00+05:30,285.75,286.0,277.45,278.95,9541248
2025-01-14 00:00:00+05:30,278.9,281.55,273.9,279.9,7670070
2025-01-15 00:00:00+05:30,280.05,281.7,276.9,279.75,4662694
2025-01-16 00:00:00+05:30,282.85,283.4,274.05,275.35,10345666
2025-01-17 00:00:00+05:30,275.1,275.1,268.15,269.5,9358955
2025-01-20 00:00:00+05:30,288.65,291.9,283.8,287.0,39380165
2025-01-21 00:00:00+05:30,289.05,292.35,284.65,285.2,15619474
2025-01-22 00:00:00+05:30,286.1,296.3,286.1,295.45,30859317
2025-01-23 00:00:00+05:30,297.35,310.3,296.95,303.65,39904371
2025-01-24 00:00:00+05:30,304.95,308.25,302.65,305.95,17479586
2025-01-27 00:00:00+05:30,303.75,305.05,293.2,294.35,12372895
2025-01-28 00:00:00+05:30,296.35,299.85,293.95,295.95,12077491
2025-01-29 00:00:00+05:30,297.35,306.8,297.35,304.6,16338112
2025-01-30 00:00:00+05:30,303.15,305.8,298.25,301.2,9984186
2025-01-31 00:00:00+05:30,303.85,307.75,301.75,304.05,15597644
2025-02-01 00:00:00+05:30,304.7,305.35,295.7,297.15,6046117
2025-02-03 00:00:00+05:30,295.35,306.1,292.75,305.7,14877076
2025-02-04 00:00:00+05:30,310.0,310.85,305.45,308.3,15366864
2025-02-05 00:00:00+05:30,309.8,313.35,306.95,309.1,9628027
2025-02-06 00:00:00+05:30,311.95,315.45,306.65,309.95,15062390
2025-02-07 00:00:00+05:30,310.95,310.95,306.1,310.0,8589587
2025-02-10 00:00:00+05:30,310.8,312.9,307.9,311.0,12304840
2025-02-11 00:00:00+05:30,311.45,312.35,303.75,305.1,10627890
2025-02-12 00:00:00+05:30,305.55,307.8,301.55,302.4,9668342
2025-02-13 00:00:00+05:30,302.5,305.75,299.2,300.8,8832731
2025-02-14 00:00:00+05:30,302.25,304.55,296.9,300.35,7371341
2025-02-17 00:00:00+05:30,300.35,302.5,294.4,297.65,7507772
2025-02-18 00:00:00+05:30,297.65,304.9,297.65,304.35,10368789
2025-02-19 00:00:00+05:30,303.4,308.55,300.55,306.2,7835672
2025-02-20 00:00:00+05:30,303.35,306.4,302.45,305.4,7697134
2025-02-21 00:00:00+05:30,304.95,304.95,297.35,298.65,8722925
2025-02-24 00:00:00+05:30,295.35,295.65,285.95,287.6,12600963
2025-02-25 00:00:00+05:30,286.95,288.85,282.8,283.95,10810040
2025-02-27 00:00:00+05:30,286.6,288.35,284.0,287.1,15555649
2025-02-28 00:00:00+05:30,286.6,286.6,270.05,270.65,17458839
2025-03-03 00:00:00+05:30,272.4,279.15,272.25,276.4,11471554
2025-03-04 00:00:00+05:30,272.0,275.95,269.35,272.95,9331785
2025-03-05 00:00:00+05:30,274.3,279.75,271.65,277.9,10285712
2025-03-06 00:00:00+05:30,281.2,284.65,276.35,278.7,9782051
2025-03-07 00:00:00+05:30,280.15,280.45,275.8,277.65,8097300
2025-03-10 00:00:00+05:30,277.3,278.45,270.95,273.85,8165123
2025-03-11 00:00:00+05:30,270.05,272.25,266.3,270.75,8602609
2025-03-12 00:00:00+05:30,270.7,270.7,255.6,261.8,18584311
2025-03-13 00:00:00+05:30,261.8,264.3,256.7,257.35,8683943
2025-03-17 00:00:00+05:30,257.35,258.55,252.4,253.3,12697930
2025-03-18 00:00:00+05:30,255.15,256.45,252.85,254.65,11450247
2025-03-19 00:00:00+05:30,255.4,259.8,249.8,259.0,14044300
2025-03-20 00:00:00+05:30,262.4,267.05,260.75,261.25,17038774
2025-03-21 00:00:00+05:30,257.35,262.75,253.65,257.65,22659168
2025-03-24 00:00:00+05:30,260.35,264.8,258.7,262.6,9269617
2025-03-25 00:00:00+05:30,265.15,267.8,262.55,264.2,12563930
2025-03-26 00:00:00+05:30,265.15,265.4,260.05,260.65,7308412
2025-03-27 00:00:00+05:30,263.2,266.65,262.8,265.35,14783522
2025-03-28 00:00:00+05:30,264.2,265.0,255.0,255.65,14283389
2025-04-01 00:00:00+05:30,253.8,256.4,252.0,256.0,8388635
2025-04-02 00:00:00+05:30,256.2,258.85,254.55,256.95,7136992
2025-04-03 00:00:00+05:30,253.35,253.95,248.85,249.9,12262561
2025-04-04 00:00:00+05:30,246.65,247.55,238.7,240.1,14639785
2025-04-07 00:00:00+05:30,225.25,237.7,222.25,236.8,13011904
2025-04-08 00:00:00+05:30,238.6,243.2,237.7,241.05,13806651
2025-04-09 00:00:00+05:30,234.65,236.2,228.1,230.7,19063559
2025-04-11 00:00:00+05:30,238.85,238.85,232.35,233.7,11205821
2025-04-15 00:00:00+05:30,238.9,238.9,235.3,237.85,10694621
2025-04-16 00:00:00+05:30,237.85,242.2,235.15,241.4,16203319
2025-04-17 00:00:00+05:30,229.1,231.8,226.3,230.95,54875421
2025-04-21 00:00:00+05:30,231.45,234.75,231.45,232.45,16298364
2025-04-22 00:00:00+05:30,232.45,233.0,227.6,228.25,18367713
2025-04-23 00:00:00+05:30,231.25,239.15,230.15,237.45,31898042
2025-04-24 00:00:00+05:30,238.65,239.0,235.4,236.65,23000820
2025-04-25 00:00:00+05:30,237.8,239.95,232.05,234.85,16620430
2025-04-28 00:00:00+05:30,234.45,235.85,232.75,234.45,14218414
2025-04-29 00:00:00+05:30,235.5,237.45,233.8,235.3,16647246
2025-04-30 00:00:00+05:30,235.45,237.25,233.2,235.4,14206640
2025-05-02 00:00:00+05:30,235.95,239.6,234.7,236.75,14411726
2025-05-05 00:00:00+05:30,237.85,240.65,236.6,237.45,12170446
2025-05-06 00:00:00+05:30,238.35,239.7,234.55,235.1,8869045
2025-05-07 00:00:00+05:30,230.05,238.3,230.05,237.9,9130056
2025-05-08 00:00:00+05:30,237.0,239.65,233.3,235.5,11434833
2025-05-09 00:00:00+05:30,230.65,236.85,230.55,235.9,10582438
2025-05-12 00:00:00+05:30,238.9,251.45,238.7,250.8,19791711
2025-05-13 00:00:00+05:30,250.5,250.5,244.3,245.25,11714159
2025-05-14 00:00:00+05:30,245.25,247.3,244.45,246.55,8839105
2025-05-15 00:00:00+05:30,246.85,250.65,244.3,250.1,12083645
2025-05-16 00:00:00+05:30,250.55,250.55,247.15,247.9,6640387
2025-05-19 00:00:00+05:30,247.9,248.35,244.95,245.4,6788784
2025-05-20 00:00:00+05:30,246.65,248.2,243.05,243.45,9366429
2025-05-21 00:00:00+05:30,243.45,245.75,241.85,244.6,5313593
2025-05-22 00:00:00+05:30,242.75,243.6,238.85,239.75,11469037
2025-05-23 00:00:00+05:30,239.9,244.2,239.4,241.15,7437642
2025-05-26 00:00:00+05:30,242.25,244.55,241.95,243.95,3690751
2025-05-27 00:00:00+05:30,244.65,244.65,241.75,242.0,6861143
2025-05-28 00:00:00+05:30,243.3,243.85,240.75,241.2,6205160
2025-05-29 00:00:00+05:30,243.35,245.4,241.85,243.85,11785042
2025-05-30 00:00:00+05:30,243.7,244.8,242.25,243.4,13858429
2025-06-02 00:00:00+05:30,241.35,242.15,240.0,241.45,5846259
2025-06-03 00:00:00+05:30,241.75,243.2,239.55,240.0,8573438
2025-06-04 00:00:00+05:30,240.3,243.5,240.3,240.65,6698150
2025-06-05 00:00:00+05:30,240.7,243.2,240.65,241.7,6468060
2025-06-06 00:00:00+05:30,240.9,243.7,240.9,242.35,4445411
2025-06-09 00:00:00+05:30,243.3,247.0,242.95,244.95,9193904
2025-06-10 00:00:00+05:30,246.55,249.35,245.5,248.45,10739851
2025-06-11 00:00:00+05:30,249.6,255.0,247.7,252.4,17268454
2025-06-12 00:00:00+05:30,253.45,256.4,249.85,253.1,14528657
2025-06-13 00:00:00+05:30,248.6,255.65,247.6,253.65,8692116
2025-06-16 00:00:00+05:30,253.45,258.65,251.5,256.25,10935361
2025-06-17 00:00:00+05:30,256.25,258.75,255.05,256.3,7528454
2025-06-18 00:00:00+05:30,256.3,258.9,254.45,255.0,5016660
2025-06-19 00:00:00+05:30,256.25,259.75,255.2,258.9,14184486
2025-06-20 00:00:00+05:30,259.3,260.5,256.25,259.85,12904674
2025-06-23 00:00:00+05:30,257.35,258.55,255.2,256.6,6214062
2025-06-24 00:00:00+05:30,258.8,261.9,258.05,258.3,6319428
2025-06-25 00:00:00+05:30,259.2,263.15,259.15,262.65,5331739
2025-06-26 00:00:00+05:30,262.35,264.45,260.45,261.75,8564099
2025-06-27 00:00:00+05:30,262.25,263.2,257.85,258.4,8906108
2025-06-30 00:00:00+05:30,259.4,260.05,256.3,259.3,7119563
2025-07-01 00:00:00+05:30,258.8,261.6,257.05,257.9,3886095
2025-07-02 00:00:00+05:30,258.35,261.95,257.8,260.3,8750887
2025-07-03 00:00:00+05:30,261.65,264.05,259.75,260.35,9357962
2025-07-04 00:00:00+05:30,261.55,264.55,260.75,263.25,7141779
2025-07-07 00:00:00+05:30,263.25,263.75,260.55,261.0,4849218
2025-07-08 00:00:00+05:30,261.05,263.5,260.6,262.85,5519016
2025-07-09 00:00:00+05:30,261.25,262.6,258.2,261.05,11564433
2025-07-10 00:00:00+05:30,260.8,260.8,256.55,258.4,6911031
2025-07-11 00:00:00+05:30,254.45,255.45,251.25,251.8,13109857
2025-07-14 00:00:00+05:30,251.8,253.0,245.3,247.85,10388421
2025-07-15 00:00:00+05:30,247.6,253.3,246.45,250.9,8750149
2025-07-16 00:00:00+05:30,250.9,257.35,249.6,256.2,12179338
2025-07-17 00:00:00+05:30,257.2,257.7,251.5,254.05,7484171
2025-07-18 00:00:00+05:30,261.85,265.05,258.9,260.25,30319126
2025-07-21 00:00:00+05:30,260.25,260.45,252.7,253.8,12190000
2025-07-22 00:00:00+05:30,255.1,255.55,252.25,253.15,6724044
2025-07-23 00:00:00+05:30,253.7,255.15,251.65,254.8,6510321
2025-07-24 00:00:00+05:30,255.4,256.75,253.7,255.25,8139900
2025-07-25 00:00:00+05:30,255.2,255.45,249.6,252.7,8427780
2025-07-28 00:00:00+05:30,247.6,247.6,242.75,243.75,8998911
2025-07-29 00:00:00+05:30,242.95,246.35,241.05,245.45,12923128
2025-07-30 00:00:00+05:30,245.1,246.15,242.95,243.9,6057152
2025-07-31 00:00:00+05:30,241.85,243.85,239.85,242.05,7338764
2025-08-01 00:00:00+05:30,240.3,240.7,236.1,236.65,7436999
2025-08-04 00:00:00+05:30,236.65,240.2,235.05,239.85,5234393
2025-08-05 00:00:00+05:30,239.85,240.75,238.4,239.7,7383968
2025-08-06 00:00:00+05:30,239.8,239.8,233.3,233.9,7700190
2025-08-07 00:00:00+05:30,233.1,237.05,232.6,236.2,6190830
2025-08-08 00:00:00+05:30,236.3,237.15,232.4,233.05,8922847
2025-08-11 00:00:00+05:30,233.05,238.6,232.6,235.55,3047287
2025-08-12 00:00:00+05:30,236.6,240.1,235.05,235.65,8101435
2025-08-13 00:00:00+05:30,236.8,236.8,234.1,235.55,5820844
2025-08-14 00:00:00+05:30,237.0,242.2,236.3,240.6,12857225
2025-08-18 00:00:00+05:30,242.4,242.75,238.6,239.05,5789317
2025-08-19 00:00:00+05:30,239.3,241.25,238.6,240.75,4090961
2025-08-20 00:00:00+05:30,239.15,246.55,239.15,244.55,10099384
2025-08-21 00:00:00+05:30,246.4,246.4,243.35,243.6,7607486
2025-08-22 00:00:00+05:30,245.65,246.65,241.4,242.4,13572686
2025-08-25 00:00:00+05:30,244.3,250.8,244.3,247.45,16391069
2025-08-26 00:00:00+05:30,246.65,248.4,245.0,245.7,15797327
2025-08-28 00:00:00+05:30,245.7,246.0,242.8,244.35,5851451
2025-08-29 00:00:00+05:30,244.2,246.75,242.4,243.15,10117017
2025-09-01 00:00:00+05:30,243.15,246.6,243.1,244.05,3198345
2025-09-02 00:00:00+05:30,244.05,246.8,243.3,244.6,5046939
2025-09-03 00:00:00+05:30,245.55,246.05,242.85,243.3,3862765
2025-09-04 00:00:00+05:30,243.2,244.05,238.3,238.8,5021036
2025-09-05 00:00:00+05:30,239.9,241.1,235.2,237.55,6233782
2025-09-08 00:00:00+05:30,238.2,240.75,236.1,236.4,6596932
2025-09-09 00:00:00+05:30,238.85,243.55,238.85,242.9,12836972
2025-09-10 00:00:00+05:30,243.05,250.7,243.0,249.3,15261331
2025-09-11 00:00:00+05:30,249.25,249.25,245.8,247.5,5865301
2025-09-12 00:00:00+05:30,248.45,249.45,244.5,245.6,5345794
2025-09-15 00:00:00+05:30,245.15,245.45,243.3,244.95,3700703
2025-09-16 00:00:00+05:30,245.65,248.1,243.9,247.6,7316998
2025-09-17 00:00:00+05:30,246.9,249.05,246.5,247.75,7339871
2025-09-18 00:00:00+05:30,250.55,253.25,249.55,250.45,10498239
2025-09-19 00:00:00+05:30,250.55,251.2,248.3,249.45,10741757
2025-09-22 00:00:00+05:30,242.3,245.45,241.0,244.05,15784007
2025-09-23 00:00:00+05:30,243.9,245.65,242.5,243.35,8674114
2025-09-24 00:00:00+05:30,242.1,242.85,238.1,238.45,7888797
2025-09-25 00:00:00+05:30,239.25,239.45,235.2,235.9,7957740
2025-09-26 00:00:00+05:30,235.35,235.45,229.1,229.8,16999628
2025-09-29 00:00:00+05:30,230.9,234.75,230.35,233.6,8894412
2025-09-30 00:00:00+05:30,233.9,235.4,233.0,233.35,5590909
2025-10-01 00:00:00+05:30,233.95,237.45,231.85,235.0,9479378
2025-10-03 00:00:00+05:30,234.9,235.3,232.05,234.9,10968346
2025-10-06 00:00:00+05:30,233.95,236.85,233.3,236.05,6064946
2025-10-07 00:00:00+05:30,236.8,238.85,236.05,237.4,6587728
2025-10-08 00:00:00+05:30,237.15,240.15,236.45,238.1,7360563
2025-10-09 00:00:00+05:30,237.85,240.6,237.05,240.2,4629760
2025-10-10 00:00:00+05:30,241.75,244.95,240.05,242.45,7070200
2025-10-13 00:00:00+05:30,239.85,241.45,238.35,238.95,6717589
2025-10-14 00:00:00+05:30,239.6,243.85,238.95,242.15,7888607
2025-10-15 00:00:00+05:30,243.7,245.8,242.3,243.9,13278925
2025-10-16 00:00:00+05:30,244.1,247.7,242.55,247.4,10661302
2025-10-17 00:00:00+05:30,243.7,243.7,233.1,234.85,43802251
2025-10-20 00:00:00+05:30,234.85,235.85,233.25,235.15,9871824
2025-10-21 00:00:00+05:30,234.95,236.05,234.3,235.3,2082336
2025-10-23 00:00:00+05:30,238.65,241.55,237.25,238.15,18964626
2025-10-24 00:00:00+05:30,238.85,239.7,236.05,236.85,6803979
2025-10-27 00:00:00+05:30,237.15,239.55,236.95,237.75,9550336
2025-10-28 00:00:00+05:30,237.55,238.55,235.3,236.3,8780789
2025-10-29 00:00:00+05:30,237.45,237.45,235.55,236.2,8776917
2025-10-30 00:00:00+05:30,236.8,238.6,234.45,235.85,8344622
2025-10-31 00:00:00+05:30,236.0,237.05,234.45,234.6,5659566
2025-11-03 00:00:00+05:30,234.6,235.2,233.45,234.45,4902693
2025-11-04 00:00:00+05:30,234.45,234.8,231.55,231.95,6848284
2025-11-06 00:00:00+05:30,233.95,234.55,232.35,234.0,7141517
2025-11-07 00:00:00+05:30,232.7,233.25,230.05,230.55,5520619
2025-11-10 00:00:00+05:30,231.45,235.45,231.05,233.8,8566758
2025-11-11 00:00:00+05:30,235.05,235.95,232.8,235.6,8831094
2025-11-12 00:00:00+05:30,236.65,240.1,236.0,239.05,13152546
2025-11-13 00:00:00+05:30,239.8,239.8,237.85,239.15,6211124
2025-11-14 00:00:00+05:30,237.8,239.7,236.05,238.2,6841554
2025-11-17 00:00:00+05:30,237.85,238.6,236.6,237.9,6559062
2025-11-18 00:00:00+05:30,236.8,237.85,234.25,234.85,4730012
2025-11-19 00:00:00+05:30,235.15,240.65,234.5,239.9,13298452
2025-11-20 00:00:00+05:30,241.25,241.55,239.55,240.05,6705862
2025-11-21 00:00:00+05:30,238.85,241.05,237.5,238.35,5516450
2025-11-24 00:00:00+05:30,238.85,243.1,238.85,241.05,19711070
2025-11-25 00:00:00+05:30,241.75,241.75,237.85,239.45,8188793
2025-11-26 00:00:00+05:30,239.8,244.25,239.45,243.9,8202096
2025-11-27 00:00:00+05:30,244.1,245.6,241.45,243.3,5268129
2025-11-28 00:00:00+05:30,244.7,245.65,242.35,243.25,7049965
2025-12-01 00:00:00+05:30,243.8,244.45,242.6,244.0,3865446
2025-12-02 00:00:00+05:30,243.7,245.1,242.6,243.85,8535708
2025-12-03 00:00:00+05:30,244.3,250.65,244.25,248.3,17215454
2025-12-04 00:00:00+05:30,249.55,252.3,249.05,250.45,10687381
2025-12-05 00:00:00+05:30,251.7,254.55,251.2,253.35,7886562
2025-12-08 00:00:00+05:30,253.45,256.45,253.15,254.8,9684253
2025-12-09 00:00:00+05:30,254.8,255.25,250.6,250.95,8560580
2025-12-10 00:00:00+05:30,251.5,253.8,250.8,251.5,7944200
2025-12-11 00:00:00+05:30,251.8,253.45,251.25,252.75,6473376
2025-12-12 00:00:00+05:30,252.95,254.25,250.9,254.05,4008271
2025-12-15 00:00:00+05:30,253.45,255.9,252.05,255.15,4023911
2025-12-16 00:00:00+05:30,255.15,255.15,252.3,252.7,2982041
2025-12-17 00:00:00+05:30,252.5,255.55,251.8,254.55,4923276
2025-12-18 00:00:00+05:30,254.6,258.3,254.45,257.2,9008412
2025-12-19 00:00:00+05:30,260.3,260.3,256.65,257.8,12750745
2025-12-22 00:00:00+05:30,260.8,266.25,260.1,265.8,14651313
2025-12-23 00:00:00+05:30,265.15,265.6,263.4,264.55,7572420
2025-12-24 00:00:00+05:30,264.1,264.15,260.5,261.3,4694861
2025-12-26 00:00:00+05:30,260.5,262.1,259.05,259.6,2899112
2025-12-29 00:00:00+05:30,259.3,260.65,256.95,257.6,3755074
2025-12-30 00:00:00+05:30,257.35,258.05,256.4,257.0,5117699
2025-12-31 00:00:00+05:30,257.35,257.95,254.7,256.65,5705044
2026-01-01 00:00:00+05:30,257.85,261.3,257.1,260.6,3639755
2026-01-02 00:00:00+05:30,260.6,265.55,259.45,262.25,8286204
2026-01-05 00:00:00+05:30,262.65,262.85,255.1,256.65,7006599
2026-01-06 00:00:00+05:30,256.65,259.4,256.35,258.9,4083654
2026-01-07 00:00:00+05:30,258.35,265.65,257.85,264.0,10242615
2026-01-08 00:00:00+05:30,264.1,264.1,254.75,255.6,9269522
2026-01-09 00:00:00+05:30,254.75,257.3,253.9,255.35,4735387
2026-01-12 00:00:00+05:30,254.15,257.85,252.55,256.5,3802164
2026-01-13 00:00:00+05:30,256.8,258.2,254.7,257.55,6931244
2026-01-14 00:00:00+05:30,257.35,257.35,253.05,253.65,5625861
2026-01-16 00:00:00+05:30,256.6,263.0,256.4,260.7,12028289
2026-01-19 00:00:00+05:30,245.65,245.65,235.45,239.75,65833247
2026-01-20 00:00:00+05:30,239.75,239.8,233.35,233.85,16796201
2026-01-21 00:00:00+05:30,233.85,236.5,231.6,233.5,14397792
2026-01-22 00:00:00+05:30,235.9,236.8,233.2,234.6,8537915
2026-01-23 00:00:00+05:30,236.2,237.4,231.85,232.4,13546802
2026-01-27 00:00:00+05:30,235.2,236.4,231.75,234.8,15677537
2026-01-28 00:00:00+05:30,235.5,238.1,234.95,237.35,10155128
2026-01-29 00:00:00+05:30,236.2,240.9,235.45,239.8,12201949
2026-01-30 00:00:00+05:30,238.0,238.0,235.3,236.9,11362317
2026-02-01 00:00:00+05:30,236.8,247.23,235.44,241.8,21033580
2026-02-02 00:00:00+05:30,244.0,244.08,239.29,242.3,12335721
2026-02-03 00:00:00+05:30,259.21,259.89,242.28,242.69,25915412
2026-02-04 00:00:00+05:30,235.91,235.92,226.26,233.34,25995324
2026-02-05 00:00:00+05:30,233.34,235.57,231.7,233.39,10102736
2026-02-06 00:00:00+05:30,232.93,232.93,228.6,230.72,12279085
2026-02-09 00:00:00+05:30,231.85,232.93,229.61,230.08,9112474
2026-02-10 00:00:00+05:30,229.98,232.86,227.2,231.47,12435622
2026-02-11 00:00:00+05:30,231.47,233.0,229.5,229.81,7874912
2026-02-12 00:00:00+05:30,226.2,226.26,218.5,219.08,40899346
2026-02-13 00:00:00+05:30,210.65,216.48,209.01,214.09,23721186
2026-02-16 00:00:00+05:30,214.62,216.91,210.11,213.26,20754327
2026-02-17 00:00:00+05:30,213.26,219.39,212.26,215.69,26941553
2026-02-18 00:00:00+05:30,216.2,216.4,210.26,211.95,22679760
2026-02-19 00:00:00+05:30,214.0,215.44,210.4,211.21,14151588
2026-02-20 00:00:00+05:30,209.7,211.96,208.25,209.86,17690420
2026-02-23 00:00:00+05:30,210.36,211.74,204.28,205.89,20946229
2026-02-24 00:00:00+05:30,203.0,203.29,199.36,200.14,25036686
2026-02-25 00:00:00+05:30,201.31,205.48,201.31,201.92,13979068
2026-02-26 00:00:00+05:30,203.71,204.63,199.12,201.08,14378069
2026-02-27 00:00:00+05:30,204.0,204.0,200.05,200.96,13288519
2026-03-02 00:00:00+05:30,195.0,200.36,194.7,198.57,10486866
2026-03-04 00:00:00+05:30,196.01,197.12,194.51,195.55,19562075
2026-03-05 00:00:00+05:30,196.4,196.97,193.22,195.68,13149281
2026-03-06 00:00:00+05:30,195.6,198.93,195.0,195.4,9022914
2026-03-09 00:00:00+05:30,194.0,199.5,193.03,198.75,25862728
2026-03-10 00:00:00+05:30,200.5,201.31,197.42,200.93,12982340
2026-03-11 00:00:00+05:30,202.69,205.95,201.58,202.23,29199002
2026-03-12 00:00:00+05:30,201.06,203.8,199.7,202.51,19042475
2026-03-13 00:00:00+05:30,200.6,202.07,196.04,197.58,12629652
2026-03-16 00:00:00+05:30,196.24,198.29,192.77,195.11,12631649
2026-03-17 00:00:00+05:30,195.0,195.11,188.25,191.32,21778468
2026-03-18 00:00:00+05:30,193.0,198.0,192.69,194.3,24529164
2026-03-19 00:00:00+05:30,191.98,192.79,187.68,188.41,13685195
2026-03-20 00:00:00+05:30,191.19,192.3,188.41,190.9,24395304
2026-03-23 00:00:00+05:30,189.41,190.62,187.0,187.54,12014988
2026-03-24 00:00:00+05:30,191.5,191.5,187.8,188.74,11843191
2026-03-25 00:00:00+05:30,189.0,190.62,187.9,189.05,13862888
2026-03-27 00:00:00+05:30,189.05,192.29,187.9,191.6,26269256
2026-03-30 00:00:00+05:30,189.99,191.63,186.5,187.64,27946986
2026-04-01 00:00:00+05:30,191.51,194.49,190.41,191.18,11769673
2026-04-02 00:00:00+05:30,190.5,195.34,188.58,194.91,16623045
2026-04-06 00:00:00+05:30,197.0,201.18,196.11,197.29,23282287
2026-04-07 00:00:00+05:30,197.01,205.27,197.01,204.72,24771466
2026-04-08 00:00:00+05:30,207.7,209.0,202.8,203.42,22084158
2026-04-09 00:00:00+05:30,203.71,204.16,201.63,202.87,14540807
2026-04-10 00:00:00+05:30,208.7,208.7,200.62,204.88,51219565
2026-04-13 00:00:00+05:30,203.01,203.4,200.31,202.97,21930624
2026-04-15 00:00:00+05:30,206.5,210.49,205.1,209.75,27890080
2026-04-16 00:00:00+05:30,212.98,212.98,208.21,210.26,36305074
2026-04-17 00:00:00+05:30,205.0,206.45,202.5,204.32,80542603
2026-04-20 00:00:00+05:30,204.5,205.2,202.0,202.48,27927164
2026-04-21 00:00:00+05:30,203.0,205.7,202.48,205.01,21530723
2026-04-22 00:00:00+05:30,203.5,205.38,202.2,204.0,21790433
2026-04-23 00:00:00+05:30,204.0,204.9,202.3,202.76,20307250
2026-04-24 00:00:00+05:30,202.75,202.75,197.88,199.36,39363394
2026-04-27 00:00:00+05:30,199.36,205.25,199.36,205.05,42632215
2026-04-28 00:00:00+05:30,204.56,205.68,201.02,201.58,23455983
2026-04-29 00:00:00+05:30,201.58,203.6,200.3,200.68,15667662
2026-04-30 00:00:00+05:30,200.89,202.15,200.0,200.65,15300274
